--------------------------------------
Running config: /home/druijsch/LPJmL5/dev15oct2025/config_files/2026_04_08_run_for_10_locations/temperate_broadleaved_evergreen_tree/spinup/configs/temperate_broadleaved_evergreen_tree_patch9_config_spinup.cjson
SLURM task ID: 8
Node: tcn366.local.snellius.surf.nl
--------------------------------------
******************************************************************************
****        _     ____     _           _       ____        _  ___         ****
****       | |   |  _ \   | |_ __ ___ | |     | ___|      / |/ _ \        ****
****       | |   | |_) |  | | '_ ` _ \| |     |___ \      | | | | |       ****
****       | |___|  __/ |_| | | | | | | |___   ___) |  _  | | |_| |       ****
****       |_____|_|   \___/|_| |_| |_|_____| |____/  (_) |_|\___/        ****
****                                                                      ****
****                 lpjml C Version 5.10.1 (Apr 14 2026)                 ****
****    Dynamic global vegetation model with natural and managed land     ****
****                     Compiled for Linux with MPI                      ****
****       (C) Potsdam Institute for Climate Impact Research (PIK),       ****
****                          see COPYRIGHT file                          ****
****              Authors, and contributors see AUTHORS file              ****
**** This version of LPJmL is licensed under GNU AGPL Version 3 or later  ****
****        See LICENSE file or go to http://www.gnu.org/licenses/        ****
****                 or invoke lpjml -l to print license                  ****
****      https://gitlab.pik-potsdam.de/lpjml/wur_team/lpjml-wur.git      ****
****          GIT hash: 5e6f8e1bb5c5d5f3357da68b6c43e9517864f3c2          ****
****                                                                      ****
******************************************************************************

Running for user druijsch on tcn366.local.snellius.surf.nl at Tue Apr 14 16:29:50 2026
Reading configuration from '/home/druijsch/LPJmL5/dev15oct2025/config_files/2026_04_08_run_for_10_locations/temperate_broadleaved_evergreen_tree/spinup/configs/temperate_broadleaved_evergreen_tree_patch9_config_spinup.cjson'.
==============================================================================
/----------------------------------------------------------\
|institution: Potsdam Institute for Climate Impact Research|
|contact:                                                  |
|comment:                                                  |
\----------------------------------------------------------/
Simulation "LPJmL Run" running on 50 tasks
Simulation with shuffle spinup climate, equilsoil is called, 
nitrogen limitation, permafrost, Johansen conductivity, 
percolation heattransfer, GSI phenology, NPP controlled BNF.
Cultivation types: none, biomass, annual crop
Working directory: /gpfs/home5/druijsch/LPJmL5/dev15oct2025
cpp processed configuration file written to `/projects/prjs2023/chapter3/lpjml_output/2026_04_08_run_for_10_locations/temperate_broadleaved_evergreen_tree/patch_9/output/lpjml_config_spinup.json`.
Starting from scratch.
Input files:
Variable     Fmt  Varname  Filename
------------ ---- -------- ---------------------------------------------------
soil         cdf  soilcode /projects/prjs2023/chapter3/lpjml_input/run_for_10_locations/temperate_broadleaved_evergreen_tree/patch_9/soil.nc
temp         cdf  tas      /projects/prjs2023/chapter3/lpjml_input/run_for_10_locations/temperate_broadleaved_evergreen_tree/patch_9/temp.nc
prec         cdf  pr       /projects/prjs2023/chapter3/lpjml_input/run_for_10_locations/temperate_broadleaved_evergreen_tree/patch_9/prec.nc
lwdown       cdf  rlds     /projects/prjs2023/chapter3/lpjml_input/run_for_10_locations/temperate_broadleaved_evergreen_tree/patch_9/lwdown.nc
swdown       cdf  rsds     /projects/prjs2023/chapter3/lpjml_input/run_for_10_locations/temperate_broadleaved_evergreen_tree/patch_9/swdown.nc
no3_depo     cdf  noy      /projects/prjs2023/chapter3/lpjml_input/ndep-noy_histsoc_monthly_1901_2021_units.nc
nh4_depo     cdf  nhx      /projects/prjs2023/chapter3/lpjml_input/ndep-nhx_histsoc_monthly_1901_2021_units.nc
soilpH       cdf  soil_ph  /projects/prjs2023/chapter3/lpjml_input/hwsd_soil_data_all_land_oceanfilled.nc
co2          txt           /projects/prjs2023/chapter3/lpjml_input/co2_1832-2023.dat
windspeed    cdf  sfcwind  /projects/prjs2023/chapter3/lpjml_input/run_for_10_locations/temperate_broadleaved_evergreen_tree/patch_9/wind.nc
------------ ---- -------- ---------------------------------------------------
Writing restart file '/home/druijsch/LPJmL5/dev15oct2025/restart/2026_04_08_run_for_10_locations/temperate_broadleaved_evergreen_tree/patch_9/restart_1901_nv_stdfire.lpj' after year 1901.
Random seed: 2
Number of output files:       1
Output written in year:       -1020
Byte order in output files:   little endian

Variable   Fmt  Unit Type   tstep nbd Filename
---------- ---- ---- ------ ----- --- -----------------------------------------
globalflux txt  -    float  year    1 /projects/prjs2023/chapter3/lpjml_output/2026_04_08_run_for_10_locations/temperate_broadleaved_evergreen_tree/patch_9/output/globalflux_spinup.csv + .json
---------- ---- ---- ------ ----- --- -----------------------------------------
Spinup years:                  3000
Cycle length during spinup:      30
First year:                    1901
Last year:                     1901
Number of grid cells:            63
==============================================================================
Memory allocated for output: 344 bytes/cell
Simulation begins...
Spinup using climate starting from year 1901

         Carbon flux (ktC/yr)        Water (dam3/yr)                Nitrogen (MgN/yr)
       ----------------------- -------------------------- --------------------------------
Spinup NEP     estab   NBP     transp     evap    interc  nuptake ndemand  nlosses ninflux
------ ------- ------- ------- ---------- ------- ------- ------- -------- ------- -------
 -1099 -2527.323   0.477 -2526.846        0.0 2857348.4     0.0     0.0      0.0 253172.4  1395.2
 -1098 -2448.262   0.224 -2448.038        5.4 3654676.7     4.2   108.0      0.2 258362.5  1395.3
 -1097 -2292.974   0.140 -2292.834      588.4 4483774.1    30.7  1836.6      5.0 339133.0  1398.0
 -1096 -1067.627  -0.144 -1067.772    99094.3 4348765.6  1027.1 27946.0    214.8 584151.2  1496.3
 -1095 3287.470  -0.056 3287.413  2652129.1 1634399.0 106624.9 96529.8  11722.2 255292.9  4727.2
 -1094 5149.376  -0.000 5149.376  4161764.4 494749.4 290315.4 94445.3  11788.6 80211.8  7685.6
 -1093 3095.727  -0.000 3095.727  3428768.7 728515.6 483311.5 66373.6   9897.6 45736.6  6410.1
 -1092 1296.928  -0.000 1296.928  3320953.9 689404.9 269868.2 53464.5   9703.3 31811.9  8407.3
 -1091 963.223  -0.008 963.225  2938225.5 763013.9 242978.4 58144.3   6813.1 21419.0  6105.7
 -1090 1537.164  -0.001 1537.163  3304271.8 804137.7 322201.0 68411.6   7038.5 20276.2  6561.6
 -1089 794.205  -0.041 794.164  3204421.4 768541.0 263661.9 60879.9   7952.5 19988.3  5541.2
 -1088 1572.018   0.000 1572.019  3667433.6 788815.1 505808.6 68445.9   8777.3 18649.0  8467.4
 -1087 -40.921  -0.004 -40.925  3379238.8 677926.8 384271.1 43844.3   9040.4 22292.6 10122.5
 -1086 1725.098   0.001 1725.099  4189903.7 643539.4 421606.2 74725.4   8271.4 24417.1 11587.7
 -1085 -830.245   0.007 -830.238  3156357.2 753714.7 386630.8 36932.0   6783.8 18471.3  9348.9
 -1084 -91.268  -0.022 -91.290  3368689.2 685110.9 355940.3 50885.6   5765.9 21034.2  8678.6
 -1083 1513.551   0.008 1513.558  4164910.1 613827.3 411464.1 70652.5   7270.9 18886.7 11355.9
 -1082 649.161   0.008 649.169  4068412.8 604927.7 425778.7 56709.5   6692.5 16402.3 11187.2
 -1081 312.692   0.006 312.698  3973724.3 628938.0 446075.2 52696.4   7771.5 14935.9 12287.0
 -1080 -354.340   0.012 -354.328  3598358.1 649745.6 371562.6 46643.3   6747.2 13921.9 11000.0
 -1079 895.982   0.006 895.987  4141778.2 641965.6 537814.1 61315.2   7735.1 13570.0 12828.7
 -1078 370.716  -0.001 370.714  4203428.0 564353.5 443250.3 51115.3   9177.2 13528.2 14670.0
 -1077  66.101   0.006  66.106  4087444.5 536551.9 455728.5 51234.2   7665.1 12048.2 13874.6
 -1076 -2289.729   0.000 -2289.729  2762578.7 535209.9 245675.8 19182.4   5556.6 11691.6  9481.4
 -1075 2034.071  -0.017 2034.054  4290762.3 643170.4 404273.1 82023.6   8048.5 13186.8 11696.5

         Carbon flux (ktC/yr)        Water (dam3/yr)                Nitrogen (MgN/yr)
       ----------------------- -------------------------- --------------------------------
Spinup NEP     estab   NBP     transp     evap    interc  nuptake ndemand  nlosses ninflux
------ ------- ------- ------- ---------- ------- ------- ------- -------- ------- -------
 -1074 793.794  -0.003 793.791  4121512.5 594299.4 510554.5 53581.0   9277.6 10663.2 12880.5
 -1073 -1391.283   0.016 -1391.267  3176162.6 619957.2 298114.1 28981.6   7413.1 10160.3 11005.6
 -1072 -237.388   0.017 -237.370  3163336.9 716342.2 244689.9 52066.2   4597.4 10910.3  6516.3
 -1071 -375.705   0.015 -375.690  2863690.7 718535.6 328874.7 39863.7   5188.7 10676.8  7066.1
 -1070 1963.808  -0.001 1963.806  4611556.6 625063.5 619907.3 72466.1  11524.1 35620.7 14824.7
 -1069 640.367  -0.014 640.353  4220781.8 522447.4 530163.2 50844.5  11836.7 49146.3 15364.2
 -1068 -267.615  -0.014 -267.629  3941927.7 583488.4 296838.7 45869.9  10172.1 19816.5 14111.9
 -1067 -385.264  -0.017 -385.281  3772300.9 584125.9 377316.0 48822.2  11233.0 16600.5 13451.2
 -1066 313.083   0.001 313.083  3891493.6 592437.1 367485.1 55163.6   9371.7 14433.7 13569.7
 -1065 -453.008  -0.005 -453.012  3857314.2 538182.9 368397.4 48808.6  11553.3 17244.6 14475.7
 -1064 315.568  -0.029 315.539  4059802.7 522175.1 529901.5 56377.1  12038.5 33958.0 16285.8
 -1063 -493.548  -0.001 -493.549  3822316.0 522875.0 319584.8 49896.5  11348.3  8566.3 15206.0
 -1062 -121.986  -0.000 -121.986  3919060.1 454083.9 297255.2 54194.2  12085.2 10336.6 15553.8
 -1061 -416.744   0.000 -416.744  3599398.4 514525.3 279749.8 52623.9  11245.4 11829.8 14385.3
 -1060 -255.697  -0.001 -255.698  3653395.0 464131.0 297707.6 55742.0  12411.5 12894.0 14613.3
 -1059 240.534   0.001 240.535  3605885.5 514105.5 287357.6 58576.8  11099.4  9515.2 14160.2
 -1058 -1332.676   0.005 -1332.671  2928214.0 420166.7 229544.4 40648.0   9410.3 16679.7 11374.2
 -1057 495.936   0.007 495.964  3279546.5 559422.2 239269.4 66406.5   7276.9 10568.6  9556.7
 -1056 -462.018   0.016 -462.002  3085208.5 502363.3 212368.9 53429.3   8198.4 11506.2 10413.4
 -1055  36.524  -0.029  36.496  3185113.0 593400.0 213428.2 55741.5   7253.6 11189.7  9273.1
 -1054 918.008   0.003 918.011  3648486.4 557930.9 392824.7 64497.7  10508.8 21284.6 12764.9
 -1053 295.323   0.005 295.328  3671135.6 529875.5 412912.7 56842.7  11230.0  9507.1 14089.3
 -1052 352.470  -0.001 352.469  3853633.2 462209.4 333189.4 58145.1  11734.7 12808.3 15258.9
 -1051 378.636  -0.018 378.618  4018079.1 431174.8 407756.4 58958.7  14416.3 12519.0 16896.5
 -1050 -1470.350   0.002 -1470.348  2795519.6 415094.2 219125.2 45166.8   9456.0 10903.0 10056.7

         Carbon flux (ktC/yr)        Water (dam3/yr)                Nitrogen (MgN/yr)
       ----------------------- -------------------------- --------------------------------
Spinup NEP     estab   NBP     transp     evap    interc  nuptake ndemand  nlosses ninflux
------ ------- ------- ------- ---------- ------- ------- ------- -------- ------- -------
 -1049 1458.235  -0.107 1458.128  3967142.2 494639.8 433158.6 73146.1  13275.3 11491.9 15284.3
 -1048 262.467  -0.006 262.461  3765850.5 408242.1 363136.6 60618.5  12729.2 10629.9 14653.1
 -1047 -1325.358   0.002 -1325.356  2857583.1 397831.2 274461.0 43494.9  10555.1 10359.5 10584.8
 -1046 1011.095   0.003 1011.098  3466938.7 519669.1 371988.3 74697.1   9333.8  8375.1 10848.0
 -1045  24.920   0.001  24.921  3463137.8 463226.1 244446.3 60158.9  12838.0  8643.4 12952.5
 -1044 384.156   0.002 384.157  3425841.6 484176.5 411691.4 62305.8  12223.8  8695.0 12163.5
 -1043 -503.297   0.003 -503.295  3102465.0 450719.5 343735.0 50659.5  11841.9  9964.5 10566.6
 -1042 1097.502  -0.007 1097.495  4008554.8 429952.7 406772.4 73665.8  15090.9  9347.5 15530.8
 -1041 208.675  -0.003 208.672  3467926.4 438060.9 375096.5 59275.1  13601.8  8617.4 12394.7
 -1040 228.295  -0.002 228.293  3587802.2 394922.5 392969.1 65078.4  14188.4  7653.7 12631.0
 -1039 -838.299   0.004 -838.295  3026456.6 422236.6 294066.3 53849.9  11945.6  7061.7  9557.6
 -1038 800.064  -0.002 800.062  3522585.0 465839.0 448236.3 70898.1  12790.9 12404.1 10940.4
 -1037 -269.537   0.007 -269.400  3178740.5 486987.6 264518.9 60662.5  11906.3  6062.5  9907.9
 -1036 -273.065   0.007 -273.059  3066225.0 402874.2 259516.3 61926.9  13526.0  6734.7  9349.4
 -1035  97.025   0.009  97.034  2913573.5 509802.7 254251.7 66154.4  12178.3  6739.0  7729.5
 -1034 812.525   0.001 812.526  3325963.5 498379.7 396405.0 71395.7  13999.8  8342.9  9206.9
 -1033 306.399   0.001 306.400  3402225.4 418629.0 280477.0 66126.2  16211.1  5923.3 10419.4
 -1032 264.904  -0.003 264.901  3420394.2 473463.9 455367.3 66745.3  15379.6  6282.6  9633.7
 -1031 -137.027  -0.014 -137.041  3489111.9 407401.1 408405.3 67452.7  18221.5 16383.4 10891.5
 -1030 742.763  -0.014 742.749  3820002.5 413097.4 434980.5 72440.4  19088.1  6336.4 12618.3
 -1029 -1402.990  -0.002 -1402.993  2893412.3 334546.8 338843.3 45514.6  13539.1 13162.9  7874.4
 -1028 1238.989  -0.059 1238.929  3427270.3 498225.4 429115.2 81880.1  11716.5 10018.7  8852.2
 -1027 -146.606  -0.007 -146.613  3553758.3 330612.2 271206.7 65535.6  15905.0  9567.2 10795.5
 -1026 -759.122   0.003 -759.120  2954707.6 461473.9 358425.7 55005.8  10911.0  9175.4  6574.3
 -1025 1149.699  -0.003 1149.696  3795449.6 405799.7 387497.0 84096.7  14718.1  8956.9 10743.5

         Carbon flux (ktC/yr)        Water (dam3/yr)                Nitrogen (MgN/yr)
       ----------------------- -------------------------- --------------------------------
Spinup NEP     estab   NBP     transp     evap    interc  nuptake ndemand  nlosses ninflux
------ ------- ------- ------- ---------- ------- ------- ------- -------- ------- -------
 -1024 811.793  -0.005 811.788  3920397.1 376590.4 412038.8 70434.5  16073.0 10546.1 11731.4
 -1023 191.457  -0.002 191.455  3666713.6 351351.5 418821.2 66318.5  15247.1  8526.5 10053.9
 -1022 748.548  -0.002 748.545  3895513.4 426214.2 645144.6 72333.9  20792.9 12617.6 11731.6
 -1021 -274.437  -0.000 -274.437  3457212.7 346289.9 311643.2 63950.7  15862.6  3873.0  8028.3
 -1020 -88.872   0.001 -88.871  3337474.4 375663.5 389347.8 65153.0  14972.6  5574.8  7971.5
 -1019 890.105  -0.007 890.099  3868286.5 367803.1 529318.0 76459.3  19428.7 10207.5 11297.5
 -1018 -1468.866   0.001 -1468.865  2974281.5 314337.4 351737.9 46205.6  14181.3  8299.5  7129.4
 -1017 1025.036  -0.003 1025.033  3562117.3 411528.2 427015.3 82396.9  11936.5 11852.6  8160.6
 -1016 -311.503  -0.000 -311.503  3430235.5 356256.9 275830.9 64739.5  12160.4  7057.1  8594.5
 -1015 -532.520   0.002 -532.518  3146338.0 352467.3 296321.6 65811.5  13187.7  8254.8  7090.4
 -1014 1047.056  -0.002 1047.054  3646880.6 374665.7 351746.6 81853.5  16555.2  7711.3  9407.6
 -1013 560.044  -0.001 560.043  3608102.8 366455.9 404064.0 66685.1  15573.6  9914.3  8650.1
 -1012 513.316  -0.001 513.315  3880981.1 352848.1 391581.0 73566.3  15246.6  7533.5  8795.7
 -1011 -807.314   0.002 -807.313  3454198.0 324569.8 394541.3 63943.6  17224.1 12201.9  7968.0
 -1010 1104.070  -0.004 1104.066  3784817.1 367001.4 560361.1 80482.4  17728.2 13332.2  9419.7
 -1009 388.689  -0.002 388.686  3831924.4 349332.4 492950.9 67860.6  15413.4  5251.2  8036.1
 -1008 516.088  -0.001 516.088  3825471.8 351591.8 428167.6 75739.2  18979.7  8090.7  8653.9
 -1007 -1625.171   0.004 -1625.168  3054084.2 298893.1 371007.2 45118.4  14907.3  8532.9  6277.5
 -1006 -1426.682   0.012 -1426.656  2791056.2 390402.7 249100.7 57221.6   5698.5 20280.2  3057.2
 -1005 1839.512  -0.009 1839.503  3699486.2 369183.2 292835.7 91680.9  12763.3  9287.9  7434.9
 -1004 -73.587   0.000 -73.586  3549862.2 349381.2 314781.7 61093.5  13351.9  8707.1  7314.3
 -1003 -1085.995   0.003 -1085.992  3080720.9 297105.5 289702.3 54561.2  12367.4 19588.7  6654.3
 -1002 -367.541   0.002 -367.539  3066965.4 309029.9 259070.5 67165.5  10977.1 15806.4  6132.4
 -1001 -695.599   0.013 -695.529  2964033.1 376097.8 234654.8 65410.5   8191.8 16565.9  4409.2
 -1000 815.559   0.005 815.564  3412412.6 370072.9 203279.0 81958.4   8317.6 12354.1  5742.9

         Carbon flux (ktC/yr)        Water (dam3/yr)                Nitrogen (MgN/yr)
       ----------------------- -------------------------- --------------------------------
Spinup NEP     estab   NBP     transp     evap    interc  nuptake ndemand  nlosses ninflux
------ ------- ------- ------- ---------- ------- ------- ------- -------- ------- -------
  -999 904.725  -0.004 904.721  3431837.8 415175.9 386666.8 70634.5   9736.0 16875.3  6827.0
  -998 277.317  -0.003 277.314  3706724.7 357232.6 303897.7 69223.3  13833.7 17726.2  9020.1
  -997 -614.168   0.000 -614.167  3376288.7 347125.6 265596.5 63856.3  12484.0 10028.6  7521.6
  -996 906.875  -0.004 906.871  3693678.0 387466.0 323317.5 78545.8  16360.1  9153.5  9081.1
  -995 944.530  -0.006 944.523  4031780.0 374398.0 423760.4 71317.2  15612.6  7301.5  8395.9
  -994 1042.467  -0.010 1042.458  4142912.4 358488.9 546342.6 69348.9  18491.8 12837.6  9581.4
  -993 -764.574   0.001 -764.574  3603008.9 334441.2 386692.7 54403.5  15755.6  8354.8  6992.4
  -992 805.872  -0.003 805.870  3859423.4 340941.6 550899.6 76321.9  18390.7 14403.7  8970.0
  -991 -49.522  -0.001 -49.523  3808053.0 333395.5 429670.3 64135.5  18701.1  5660.8  7664.8
  -990 230.437  -0.001 230.436  3743934.8 319751.8 434264.4 71411.1  15579.9  6900.3  6577.7
  -989 267.927  -0.001 267.926  3822829.0 318476.8 442568.3 70714.4  17225.8  8562.9  6885.9
  -988 -935.844   0.002 -935.842  3513415.1 307267.1 347486.6 57030.1  14819.3 10900.0  5685.7
  -987 -96.702  -0.000 -96.703  3464857.9 297255.4 270276.1 73591.7  15943.0  7707.4  6842.8
  -986 887.857  -0.001 887.855  3847245.3 321923.6 423065.0 78553.4  13468.8  9395.1  5981.6
  -985 687.954  -0.001 687.953  3869314.2 363481.4 529966.8 68740.4  15845.0 10435.1  6849.9
  -984 622.760  -0.001 622.759  3955326.4 355385.4 567010.9 68756.1  17104.2 15259.3  6792.5
  -983 -837.543   0.002 -837.541  3718807.1 319186.3 427685.2 54336.4  16500.3 10013.4  5745.5
  -982 321.825  -0.001 321.824  3656696.2 316897.9 292456.2 77731.0  15365.0  7194.8  6498.9
  -981 1519.905  -0.003 1519.902  4154109.2 395993.0 672933.4 75570.3  20466.7 14040.2  8276.8
  -980 627.578  -0.000 627.578  4089905.2 345675.2 468426.1 64866.9  18746.6  6456.2  6190.8
  -979 -333.237   0.001 -333.236  3813500.1 327758.7 601374.4 60785.6  17936.4  7090.4  5738.6
  -978 -129.632   0.001 -129.631  3797941.1 324347.9 546429.1 69078.4  18318.5  7342.2  6206.8
  -977 874.601  -0.002 874.599  4067013.0 343507.8 595156.6 73452.6  23689.3  5127.3  8497.0
  -976 -847.798   0.002 -847.797  3708786.2 314552.3 441174.1 48538.3  16634.6  7699.8  5561.4
  -975 731.439  -0.002 731.437  3806127.3 345339.8 525019.5 71836.4  16071.2  9272.2  6844.3

         Carbon flux (ktC/yr)        Water (dam3/yr)                Nitrogen (MgN/yr)
       ----------------------- -------------------------- --------------------------------
Spinup NEP     estab   NBP     transp     evap    interc  nuptake ndemand  nlosses ninflux
------ ------- ------- ------- ---------- ------- ------- ------- -------- ------- -------
  -974  -4.691   0.000  -4.691  3766728.1 321016.4 553444.9 62446.0  17153.6 12395.9  6155.2
  -973 1085.895  -0.002 1085.892  4291165.0 342781.2 484704.1 78978.3  23016.7  3941.5  8589.0
  -972 870.765  -0.001 870.764  4267436.8 330357.7 469605.6 64112.2  20780.9  3471.3  6600.4
  -971 -2606.023   0.020 -2606.003  3235555.6 310674.0 395440.5 28351.1  13066.9 10912.9  4285.6
  -970 -712.243   0.000 -712.243  3064846.0 345766.1 236539.1 65001.9   8824.5 17731.6  3858.1
  -969 2696.311  -0.010 2696.301  4271035.5 343640.6 344604.5 97212.5  16135.9  8566.6  8479.5
  -968 1216.075  -0.003 1216.071  4175299.0 334831.2 428720.9 68341.3  16020.9  8520.2  6974.8
  -967 -30.221  -0.000 -30.221  3872222.2 330770.3 458578.6 57842.4  16083.5 13580.9  5875.1
  -966  33.705  -0.000  33.705  3834259.4 326125.7 442815.9 67271.0  16969.8 10284.3  5948.0
  -965 -693.414   0.001 -693.413  3674870.3 281109.3 300160.5 61139.9  17888.4  7048.4  5927.2
  -964 499.717  -0.002 499.715  3893501.5 299673.6 424658.8 77841.2  13582.2 10733.6  5427.5
  -963 162.346  -0.001 162.345  3888736.7 318937.1 502934.0 68475.7  17289.4 13187.6  5931.4
  -962 -790.036   0.002 -790.034  3570397.5 284233.0 292748.3 61410.9  17297.3  6735.7  5691.2
  -961 -2141.547   0.016 -2141.532  3097076.7 310779.3 300586.1 36438.5   9738.2 15937.7  3947.3
  -960 107.351   0.006 107.357  3278895.9 335048.1 272541.1 62293.5   8532.3 23576.9  4104.0
  -959 2767.339  -0.009 2767.331  4344304.6 395208.7 456721.6 102734.1  16142.3 19500.2  9859.3
  -958 1703.453  -0.005 1703.448  4427431.6 398576.7 574445.6 64513.9  17789.4 11366.8  9579.7
  -957 -2007.812   0.008 -2007.804  3268534.6 286783.9 343286.2 33117.2  13623.1  7719.8  5508.2
  -956 1203.264  -0.010 1203.254  3916505.1 357770.2 314024.3 84391.1  12410.1 14183.1  6696.3
  -955 1560.344  -0.004 1560.340  4269715.8 340178.5 495768.6 70290.8  16825.9  9176.7  7504.9
  -954 -896.690   0.002 -896.688  3820051.3 295433.4 347088.7 52528.2  15093.9 12814.4  5282.9
  -953 666.676  -0.003 666.673  3982607.4 323315.4 449065.9 79519.0  19443.1  9114.6  6794.9
  -952 -105.863  -0.001 -105.864  4058434.1 321491.3 435874.5 62446.5  19186.4  6658.0  5777.8
  -951 -550.142   0.003 -550.140  3685247.0 298089.6 413406.0 58329.8  13508.4 11966.8  4151.7
  -950 -1200.564   0.006 -1200.558  3418505.4 296452.5 307448.5 54002.0  12182.9 15650.8  4444.1

         Carbon flux (ktC/yr)        Water (dam3/yr)                Nitrogen (MgN/yr)
       ----------------------- -------------------------- --------------------------------
Spinup NEP     estab   NBP     transp     evap    interc  nuptake ndemand  nlosses ninflux
------ ------- ------- ------- ---------- ------- ------- ------- -------- ------- -------
  -949 1305.195  -0.004 1305.191  3890842.2 344743.4 415927.3 82920.9  14833.0 10856.7  6376.9
  -948 -1229.111   0.005 -1229.106  3615522.7 300055.8 295920.5 37335.6  13737.8 14528.7  5338.3
  -947 -479.046   0.003 -479.043  3344218.7 326360.0 322982.7 53067.8   9492.3 21682.3  4337.7
  -946 2275.523  -0.007 2275.516  4323232.6 385010.0 485117.3 94841.2  17835.1 19399.4  9519.0
  -945 319.988  -0.001 319.986  4037131.2 321949.8 469754.2 55116.4  15122.4  9869.9  5948.2
  -944 327.041  -0.002 327.040  4124660.2 325302.9 572463.1 72059.0  20029.7  7399.1  7128.6
  -943 -111.494   0.000 -111.493  4001783.0 313676.3 501633.6 62230.5  17259.1  6249.0  5689.8
  -942 1107.928  -0.003 1107.925  4402129.3 380445.2 631757.3 74491.0  25076.3  6270.7  8465.3
  -941 -200.832   0.001 -200.831  4100288.7 294494.6 330858.6 51037.2  14947.5  5497.9  4520.0
  -940 -340.030   0.002 -340.028  3866489.3 306036.2 442966.7 61266.8  14436.7 12709.6  4450.8
  -939 -341.008   0.000 -341.008  4007778.0 323722.8 420812.5 67435.3  21763.2  9333.2  6486.3
  -938 479.951  -0.001 479.950  3885093.4 320579.4 417433.7 70591.4  17133.1  6919.2  5662.1
  -937 -1282.837   0.008 -1282.829  3492295.9 300432.3 347279.2 42930.4  15208.2 13152.4  4764.3
  -936 1457.671  -0.002 1457.669  4154295.0 298586.4 379082.7 87373.2  15074.0  9832.7  6028.8
  -935 -1084.348   0.003 -1084.345  3682014.8 331451.9 343511.6 47791.0  14028.7 10725.7  5620.0
  -934 755.068  -0.002 755.066  3922022.0 337144.0 336775.8 79668.7  16837.9  8512.8  7242.7
  -933 -863.422   0.006 -863.416  3437811.0 309429.0 310988.1 45566.6  13059.1 14097.8  5054.7
  -932 1277.211  -0.002 1277.208  4059755.8 316229.5 329026.0 81714.9  12856.0 11643.7  6158.0
  -931  96.972  -0.003  96.969  3958694.3 323164.3 450272.8 62304.4  16069.4 13736.5  7069.9
  -930 -1832.074   0.005 -1832.069  3229271.3 281922.3 302510.2 40792.8  14944.2  9558.1  5927.2
  -929 -1100.419   0.015 -1100.405  3037458.4 327915.2 222565.0 55981.1   8370.1 18986.2  3878.0
  -928 -167.115  -0.000 -167.115  3283116.2 277578.4 212080.0 60139.9  10626.2 16489.1  7263.2
  -927 1686.179  -0.000 1686.179  3848471.7 404858.8 264267.6 87144.5  12497.5 11994.4  6522.2
  -926 -11.319   0.008 -11.311  3615122.6 391618.9 288686.7 56019.3   8658.5 13025.0  6256.9
  -925 -589.763   0.011 -589.753  3255860.4 380239.6 317013.1 47679.8   9347.6 15762.0  6174.8

         Carbon flux (ktC/yr)        Water (dam3/yr)                Nitrogen (MgN/yr)
       ----------------------- -------------------------- --------------------------------
Spinup NEP     estab   NBP     transp     evap    interc  nuptake ndemand  nlosses ninflux
------ ------- ------- ------- ---------- ------- ------- ------- -------- ------- -------
  -924 866.475   0.011 866.486  3580309.1 359233.5 315832.5 73525.3  11045.9 14815.3  6731.0
  -923 872.692   0.009 872.701  3804412.7 393760.6 411144.1 58912.1  13267.8 10336.0  8040.0
  -922 -1137.128   0.021 -1137.107  3138877.2 422641.7 313409.1 39210.0  11465.0 11469.0  5109.1
  -921 -744.387   0.019 -744.368  3109448.7 398951.0 278713.5 52025.8   8365.3 16720.1  4365.3
  -920 -451.076   0.021 -451.055  3056970.0 415061.6 335827.5 47857.6  10196.8 14452.6  5431.8
  -919 1826.423   0.004 1826.427  4397367.0 385103.0 543984.6 73915.8  16014.3 10876.7 12082.3
  -918 -1754.084   0.020 -1754.064  3114204.2 352611.8 330284.3 22623.5   9548.8 10320.9  6388.5
  -917 -140.688   0.018 -140.670  3120393.6 437957.3 272759.2 54571.2   6635.8 17061.7  4248.2
  -916 1676.642  -0.004 1676.638  4418856.7 391231.7 541030.4 69059.7  14809.4  8038.1 11793.1
  -915 -1269.542   0.014 -1269.528  3266554.0 332039.0 410947.6 24521.3  11932.8 10173.2  7819.7
  -914 1216.565  -0.006 1216.560  4014719.5 427595.0 505298.4 72193.9  11354.2 11499.3  7901.1
  -913 555.448  -0.008 555.439  3935510.8 432205.5 585265.7 49438.9  15610.6  4992.7  9350.6
  -912 -31.274   0.007 -31.266  3610242.0 427176.1 442008.3 44730.1  12449.0  7202.3  6349.2
  -911 205.184   0.006 205.190  3673679.1 458688.4 590764.5 51112.3  12590.1 10385.1  7073.1
  -910 575.059   0.000 575.059  4444693.1 370543.6 473348.8 55141.7  18743.7  3482.0 10603.3
  -909 -1114.908   0.009 -1114.899  3470117.3 444500.4 476967.2 34770.8  12420.9  5938.9  6425.3
  -908 -403.349   0.004 -403.345  3609188.8 391354.5 391404.7 53360.4  14166.8  7945.7  8186.8
  -907 964.712   0.006 964.717  3848302.5 481659.5 391163.7 66921.4  15756.4  3480.8  7262.7
  -906 594.977   0.000 594.977  3894991.4 441971.9 533339.5 50099.1  16465.1  4912.5  8136.3
  -905 416.546   0.001 416.547  4029395.1 408430.3 514702.9 56689.9  14428.7  5478.2  7536.5
  -904 764.059  -0.010 764.049  4425245.4 411970.5 542739.1 60401.0  20650.4  2718.6 10548.9
  -903 -401.593   0.005 -401.587  3960164.5 380160.3 504788.1 48637.8  18602.7  3806.0  8149.4
  -902  97.297   0.005  97.302  3764320.0 426147.2 474665.3 56336.3  16155.8  4501.1  8090.1
  -901 -23.720   0.005 -23.714  3790061.6 414029.8 461287.5 54550.2  17910.0  5159.4  8687.3
  -900 233.765   0.004 233.769  4111921.3 383186.7 425658.0 60669.8  21267.0  2877.9 10244.1

         Carbon flux (ktC/yr)        Water (dam3/yr)                Nitrogen (MgN/yr)
       ----------------------- -------------------------- --------------------------------
Spinup NEP     estab   NBP     transp     evap    interc  nuptake ndemand  nlosses ninflux
------ ------- ------- ------- ---------- ------- ------- ------- -------- ------- -------
  -899 273.280   0.004 273.284  4060824.8 379178.2 428451.7 58768.7  19238.1  1478.0  9169.8
  -898 -2982.715   0.019 -2982.697  2860819.0 344930.7 288813.9 25003.1  10374.4  9944.6  5222.2
  -897 1960.556  -0.002 1960.554  3898617.7 456071.3 430559.8 82229.0  14790.7 16659.5  9618.0
  -896 500.977   0.003 500.980  3753817.5 406395.0 357406.8 53245.6  13723.4  6261.8  8468.5
  -895 377.528   0.003 377.531  3936165.9 388933.5 537478.9 65547.2  17828.5  8599.1  9927.3
  -894 -957.114   0.012 -957.103  3195364.9 415268.7 261230.0 53756.4  11377.2  6560.5  4584.1
  -893 859.196   0.003 859.199  3853306.0 415418.5 363408.7 73927.0  14333.1  6672.5  7635.0
  -892 -1316.151   0.008 -1316.142  3363906.2 409228.7 277769.4 44236.8  12716.6  7466.4  6777.5
  -891 1244.239   0.003 1244.242  3767678.4 456087.7 419755.2 78806.7  13513.2  9294.4  8357.8
  -890 937.211  -0.001 937.210  4304017.9 369499.8 358073.9 65441.2  17080.3  7463.9 10183.5
  -889 -619.388   0.003 -619.385  3560315.5 375919.7 280315.2 57269.6  13107.0  6588.1  6848.4
  -888 428.871   0.001 428.872  3849195.5 393693.1 384080.3 69561.9  13374.7  7326.3  7381.4
  -887 -2374.717   0.008 -2374.710  3016934.4 343909.5 247239.1 38100.7  10105.5 13109.9  5787.5
  -886 -237.292   0.012 -237.279  2960001.0 430069.9 185263.3 65962.1   6150.7 15576.8  3237.9
  -885 1560.853   0.003 1560.856  3652334.6 416976.1 279774.5 77565.2  10426.7  9955.0  6865.7
  -884 851.569  -0.000 851.568  4086270.0 381575.6 308834.3 68012.6  16526.2 10347.8 10726.2
  -883 660.103   0.001 660.104  3886455.9 419912.8 361655.4 67278.4  14936.1  6043.2  8216.8
  -882 253.184  -0.012 253.171  3886130.7 382138.1 420534.4 60624.6  16424.8 11347.0  8805.4
  -881 409.597  -0.013 409.584  3865066.0 413169.5 461748.1 68699.2  15564.9  8102.3  8400.0
  -880 290.118  -0.011 290.107  3988283.8 369160.5 378755.4 67678.8  18361.0  7743.7  8950.5
  -879  13.656  -0.005  13.651  3722471.9 353324.8 485019.3 61178.0  15976.5  9275.7  8233.7
  -878 -906.804   0.005 -906.799  3506545.4 349898.6 293040.2 58040.4  16097.5  5923.6  6989.5
  -877 368.938   0.002 368.940  3724423.8 362297.6 344703.2 74600.7  15071.2  5816.4  9083.3
  -876 1096.032   0.001 1096.033  4279637.4 367145.5 397450.5 71924.8  18811.7  6406.2 10775.6
  -875  -2.347   0.003  -2.345  3892319.1 320081.1 288588.5 62477.8  14041.6  5766.8  8051.1

         Carbon flux (ktC/yr)        Water (dam3/yr)                Nitrogen (MgN/yr)
       ----------------------- -------------------------- --------------------------------
Spinup NEP     estab   NBP     transp     evap    interc  nuptake ndemand  nlosses ninflux
------ ------- ------- ------- ---------- ------- ------- ------- -------- ------- -------
  -874 -1308.698   0.006 -1308.692  3194915.8 337820.2 299990.9 51462.7  11814.6 12994.1  5994.5
  -873 1115.328  -0.001 1115.326  3890099.4 430569.3 500400.2 76964.1  18678.6 13502.5 10854.2
  -872 748.410  -0.001 748.408  3759430.0 373206.7 447155.9 61884.0  16310.0  5925.3  8550.7
  -871 -637.903  -0.001 -637.903  3496596.9 316350.3 298940.1 57972.9  14607.3  6991.8  6958.2
  -870 -753.937   0.001 -753.936  3259097.4 341212.8 267408.2 63097.7  11907.9  9331.1  6422.5
  -869 522.699  -0.006 522.693  3452460.0 373493.4 396634.8 73720.0  13731.2 11841.2  7922.7
  -868 691.189  -0.006 691.184  3888088.5 314669.6 360002.6 70956.3  16687.1  7591.1  9345.1
  -867 402.070  -0.007 402.063  3726776.9 351230.9 424493.6 65836.2  18220.4  5883.5  8989.0
  -866 889.993  -0.019 889.974  4060752.5 340726.9 372053.2 73704.8  18801.5  3885.6  8868.8
  -865 735.091  -0.013 735.078  4050662.5 340467.4 402906.9 70762.9  18769.1  3448.0  7953.2
  -864 130.939  -0.001 130.938  3733397.2 344467.1 512204.4 64857.8  18915.6  6745.8  7238.3
  -863 985.456  -0.006 985.450  4055326.1 402855.3 694389.3 74491.4  22321.9  7183.5  8318.2
  -862 254.525  -0.013 254.512  3794373.4 321513.0 588446.9 60766.8  18622.5  7281.0  6766.3
  -861 -1468.306  -0.009 -1468.315  3356937.7 343746.7 445064.6 43366.8  17656.3  7308.7  5620.3
  -860 338.580  -0.015 338.565  3717699.7 341394.8 376500.6 81724.2  19847.1  9005.6  8529.7
  -859 -490.114  -0.005 -490.119  3458479.6 319524.2 363956.7 57046.5  15650.7  4581.2  6434.8
  -858 528.093  -0.013 528.081  3686202.1 312158.7 370946.8 74876.0  15893.4  7166.5  7716.1
  -857 613.555  -0.011 613.544  3723998.5 352882.0 490482.8 67502.8  17660.0  9826.0  7724.3
  -856 -986.540  -0.002 -986.542  3486998.5 306232.2 322271.0 50654.6  15784.5  8447.7  5911.0
  -855 1207.273  -0.013 1207.261  3883339.1 330986.6 389947.9 82504.9  15885.7  6383.9  7834.7
  -854 -1581.375  -0.005 -1581.380  3167190.5 284603.0 332394.4 35674.2  14001.9 12772.8  5426.3
  -853 -268.936  -0.003 -268.939  3348113.4 345779.0 300472.4 67436.3   8542.2 17065.5  4518.6
  -852 1324.261  -0.013 1324.249  3852329.2 331071.5 326822.8 80437.9  14435.6  7672.9  8630.0
  -851 1421.534  -0.005 1421.529  4079968.0 341020.1 501066.2 63026.0  17140.4 12074.3  8259.7
  -850  35.849   0.000  35.849  3831674.7 308311.6 422055.4 61385.3  16007.6  9793.8  6323.6

         Carbon flux (ktC/yr)        Water (dam3/yr)                Nitrogen (MgN/yr)
       ----------------------- -------------------------- --------------------------------
Spinup NEP     estab   NBP     transp     evap    interc  nuptake ndemand  nlosses ninflux
------ ------- ------- ------- ---------- ------- ------- ------- -------- ------- -------
  -849 -517.039   0.001 -517.038  3769750.9 279913.0 291306.7 68758.9  20322.4  5318.5  6937.3
  -848 -75.348   0.001 -75.348  3460542.7 323522.0 509793.5 63772.8  13022.3 12947.1  5217.9
  -847 820.125  -0.002 820.122  4120460.8 328430.1 376481.4 73346.3  22963.5  6352.8  8345.6
  -846 454.157  -0.000 454.156  4060750.1 319954.1 418567.5 62898.9  14683.7  6639.5  5537.7
  -845 -1266.418   0.004 -1266.415  3676926.2 302512.3 415034.6 54516.0  18261.2  7133.8  5612.4
  -844 599.425  -0.001 599.424  3885432.3 331900.5 426600.7 77267.4  13877.2  8458.8  5219.9
  -843 1080.931  -0.003 1080.928  4223423.4 327994.9 379020.4 72477.7  21743.0  6060.1  7722.8
  -842 -741.831   0.002 -741.829  3621687.1 314059.6 320354.9 54783.8  13271.2  7019.4  4252.5
  -841 417.522  -0.001 417.520  3812808.8 343081.4 397138.5 71739.2  15189.7  7429.9  5125.0
  -840 1488.802  -0.005 1488.796  4481107.2 338841.7 469313.4 76681.6  21174.5  5641.2  7572.7
  -839 -1155.009   0.000 -1155.008  3742149.2 296416.5 387395.1 39930.5  15163.8 13262.3  4499.3
  -838 -499.839  -0.005 -499.844  3702578.9 310796.5 366879.8 64297.4  12995.3 11198.0  4585.7
  -837 585.321  -0.010 585.311  3887397.6 335614.1 370093.4 75750.8  17006.4  9087.8  6296.6
  -836 -2029.361   0.013 -2029.348  3291337.1 301726.6 311953.2 26619.9  12586.8 14645.5  4510.1
  -835 1682.124  -0.006 1682.118  3863508.0 351093.8 369622.1 85214.2  12575.8 17150.4  5816.0
  -834 -444.933  -0.000 -444.933  3724844.1 296119.9 278441.9 55124.5  14929.1 12805.4  6414.3
  -833 -1028.199   0.009 -1028.190  3317312.9 310968.6 246095.6 60408.7  12231.9 11994.3  4812.8
  -832 -1918.422   0.012 -1918.410  2944109.9 284990.6 204710.3 41074.3   9088.2 14105.5  4735.6
  -831 2658.290  -0.011 2658.279  4244597.5 332023.9 343448.8 95058.7  14238.2 30596.3  9007.6
  -830 909.100  -0.003 909.097  3898855.2 372066.9 355263.3 59246.6  13523.5  7889.6  8041.8
  -829 994.113  -0.004 994.110  4233446.5 393087.3 514480.6 67260.4  17864.6 12105.9  9661.0
  -828 136.203  -0.001 136.202  3930580.8 309559.8 262940.4 63577.3  17842.1  3950.9  7023.3
  -827 1013.161  -0.002 1013.159  4317972.7 384407.2 594340.6 70960.4  21679.0  7199.3  8022.4
  -826 -1261.578   0.003 -1261.575  3827186.2 294450.9 383986.3 45273.2  18542.5  4610.8  5598.0
  -825 1096.315  -0.003 1096.313  4064873.3 324217.3 342617.8 75709.6  16126.9  6964.7  5670.5

         Carbon flux (ktC/yr)        Water (dam3/yr)                Nitrogen (MgN/yr)
       ----------------------- -------------------------- --------------------------------
Spinup NEP     estab   NBP     transp     evap    interc  nuptake ndemand  nlosses ninflux
------ ------- ------- ------- ---------- ------- ------- ------- -------- ------- -------
  -824 650.404  -0.001 650.402  4199936.0 329512.6 589288.5 63953.6  17349.4 11348.0  5698.3
  -823 -490.186   0.002 -490.184  4049828.2 318180.9 409023.6 55776.3  13517.3 13093.4  4417.9
  -822 963.707  -0.001 963.705  4386886.5 332206.5 556711.7 71698.7  22414.1  7295.8  6521.6
  -821 -2123.464   0.021 -2123.443  3689997.1 289305.9 339122.4 29068.3  15789.5 10682.5  4409.2
  -820 291.558  -0.006 291.551  3674545.2 333094.6 300681.0 76375.5  13936.2 12618.7  5347.1
  -819 -1347.057   0.005 -1347.052  3212592.8 277455.2 274134.1 41463.7  13631.5 11809.3  5107.9
  -818 -378.003   0.002 -378.001  3437976.1 334106.3 260140.6 68223.3   8374.3 22242.6  3923.8
  -817 1717.459  -0.006 1717.453  4215570.2 335482.3 360612.1 80969.6  18076.5 11354.4  9416.6
  -816 -1958.892   0.008 -1958.884  3263432.4 283741.1 222788.6 29795.7  10887.3 14136.7  4684.2
  -815 -248.485   0.008 -248.478  3215775.9 307693.8 194430.5 59725.8   6595.6 24096.3  3920.7
  -814 886.640  -0.009 886.632  3858949.5 340285.2 240634.0 78047.2  15029.0 10927.4  8532.3
  -813 738.096  -0.002 738.094  3675059.8 332663.0 354004.3 61668.1  11748.4 16567.3  5987.8
  -812 401.363  -0.002 401.361  4046356.8 324862.9 449299.4 64965.8  18467.9  9857.4  8428.5
  -811 312.174  -0.001 312.174  3882431.7 320001.6 337249.6 62079.1  16753.3  6114.9  6489.4
  -810 563.591  -0.002 563.588  4210130.9 319733.3 330230.3 68284.6  20817.5  4916.9  7363.0
  -809 -1172.305   0.003 -1172.302  3752591.1 292652.0 353288.4 46339.3  16721.8  5222.6  5284.6
  -808 -787.021   0.002 -787.019  3547092.9 319922.2 295829.1 58366.6  11002.4 16671.1  4467.4
  -807 -1135.376   0.005 -1135.371  3247338.8 270182.1 239872.0 46673.4  14279.2 14410.5  5828.7
  -806 374.854   0.003 374.857  3397343.8 323946.9 251798.0 73830.1  11291.6 21232.3  4705.1
  -805 1716.679  -0.009 1716.670  4313011.3 385967.8 442096.3 74282.0  19344.2 13396.8 10505.9
  -804  56.739  -0.004  56.735  3970292.7 277558.0 237465.4 51407.6  16915.9  7500.8  6756.2
  -803 436.940  -0.006 436.934  3938178.0 340074.5 347434.2 74860.5  14530.5  7096.7  5289.0
  -802 422.696  -0.006 422.690  4191641.8 324463.2 404494.0 59638.3  16186.1  8977.2  5611.0
  -801 1168.030  -0.026 1168.005  4539737.5 329634.0 519705.5 65072.6  19534.0  7695.7  6669.1
  -800 -241.518  -0.009 -241.527  4182135.5 323599.6 484221.9 52780.2  19864.5  9377.9  5798.4

         Carbon flux (ktC/yr)        Water (dam3/yr)                Nitrogen (MgN/yr)
       ----------------------- -------------------------- --------------------------------
Spinup NEP     estab   NBP     transp     evap    interc  nuptake ndemand  nlosses ninflux
------ ------- ------- ------- ---------- ------- ------- ------- -------- ------- -------
  -799 -1917.598   0.033 -1917.566  3429375.6 291180.3 297376.7 44452.7  12812.6 11229.3  3766.2
  -798 -2108.212   0.001 -2108.211  2796899.4 320306.5 206836.6 34569.4  12210.2  5445.4  4968.0
  -797 1995.826  -0.011 1995.815  3950247.1 324261.0 257189.9 85575.6  16568.9 12944.0  9583.0
  -796 754.487  -0.011 754.476  3925741.3 313988.4 274323.7 56646.9  12993.9  8227.1  7370.0
  -795 -417.484   0.004 -417.480  3513319.8 307990.4 217653.2 59128.2  13465.3  7832.2  6033.5
  -794 1395.036  -0.005 1395.031  4293946.0 331452.0 396363.6 69883.7  18626.7  9602.4  9815.3
  -793 -976.007   0.004 -976.004  3646908.2 311380.8 333215.2 33112.1  14160.0 13760.0  5739.9
  -792 1043.252  -0.003 1043.249  3988486.9 337228.1 374772.9 77569.5  15174.0 12039.5  7749.2
  -791 -1072.874   0.004 -1072.870  3591270.1 308469.2 327356.5 35076.1  15182.8 12033.3  5841.0
  -790 -1325.906   0.005 -1325.901  3184645.5 274955.5 196449.0 54203.7  10168.6 10765.8  5381.7
  -789 824.656  -0.002 824.654  3548938.8 334713.5 311297.5 70110.7  10545.1 18565.9  6244.9
  -788 1037.345  -0.006 1037.340  4311807.7 341613.8 296724.5 66747.2  19439.3 10825.2 11238.4
  -787 -820.011   0.003 -820.008  3536216.3 307451.3 303334.6 36962.4  14573.1  7526.3  6257.7
  -786 592.328  -0.003 592.325  3878274.3 315138.3 349500.1 74471.6  16031.9 11606.7  8176.9
  -785 396.248  -0.003 396.245  4026878.7 295792.1 324096.5 63390.5  17634.8  4500.0  8039.2
  -784  99.208  -0.002  99.205  3820653.3 310297.2 410520.7 55424.5  16343.3 11603.5  7196.2
  -783 168.076  -0.004 168.073  3963023.4 317988.2 397627.2 58240.6  21652.0  6209.2  7584.4
  -782 -1599.950   0.005 -1599.945  3327918.1 258295.0 294169.8 36544.4  15858.7  6418.1  5128.8
  -781 1267.827  -0.005 1267.822  3888922.8 304592.9 304355.1 79775.9  11089.8  7712.4  5679.6
  -780 -878.236   0.002 -878.234  3507080.1 296603.7 256413.9 45616.6  14861.1  7077.6  5988.8
  -779 754.965  -0.003 754.962  3857630.9 318422.3 308564.3 72375.4  15973.3  7395.2  7104.7
  -778 129.478  -0.003 129.475  3924714.7 313826.9 398911.6 56669.4  17366.6 11072.8  6778.4
  -777 -2289.521   0.008 -2289.513  3131283.0 272004.1 221567.9 37634.2  12929.9  6443.4  4837.8
  -776 -340.310   0.004 -340.305  3164008.6 302416.6 182268.6 60624.8   8289.9 13884.0  5148.2
  -775 -418.451   0.006 -418.446  3185212.8 319843.8 166712.4 59527.4   9579.5 10850.6  6293.6

         Carbon flux (ktC/yr)        Water (dam3/yr)                Nitrogen (MgN/yr)
       ----------------------- -------------------------- --------------------------------
Spinup NEP     estab   NBP     transp     evap    interc  nuptake ndemand  nlosses ninflux
------ ------- ------- ------- ---------- ------- ------- ------- -------- ------- -------
  -774 -685.104  -0.000 -685.105  3139981.5 282165.4 179511.0 51297.6  12918.2 13494.7  7670.4
  -773 1948.088  -0.006 1948.082  4099670.8 365150.7 249457.4 83648.2  14851.4  9622.8 10416.6
  -772 449.194  -0.003 449.191  3976978.6 337868.1 267903.7 54719.9  16640.3 10992.0  8986.5
  -771 665.046  -0.004 665.042  3962136.1 331172.0 348772.0 57498.8  17273.4  7570.5  8155.8
  -770 858.637  -0.002 858.635  4180973.8 326610.3 356297.9 63285.8  16885.3  5296.9  7551.8
  -769 -2305.794   0.013 -2305.781  3252305.4 271399.0 238698.5 32799.4  12825.9  9374.2  4745.8
  -768 2358.427  -0.008 2358.419  4232853.4 353424.5 276346.5 79898.2  15093.9  9273.9  9236.1
  -767 1444.291  -0.005 1444.286  4324243.8 381824.5 505848.8 55277.1  19011.1 15122.5  8360.4
  -766 -259.620  -0.002 -259.621  3985299.2 300200.6 373476.2 49492.5  18617.4  5132.6  6078.9
  -765 689.940  -0.003 689.937  4483560.8 331175.5 398441.5 66874.6  24923.1  4595.8  8277.7
  -764 -327.280   0.001 -327.279  3939263.3 293515.9 369445.9 47922.9  19638.1  3940.6  5579.1
  -763 -963.280   0.001 -963.278  3716067.9 301694.5 332792.5 53568.6  18940.0  4670.6  5462.5
  -762 -1468.732   0.007 -1468.725  3392352.1 286064.9 251372.6 45128.6  16014.2  6711.5  5539.6
  -761 -644.328   0.002 -644.326  3215883.4 261498.0 223026.0 54083.5  15721.1 12310.4  6267.6
  -760 -1071.836   0.009 -1071.827  2965954.9 319184.3 196897.8 52588.6   7245.8 17217.7  4021.9
  -759 1552.175  -0.009 1552.166  4088641.8 345518.3 233864.9 74836.5  20375.4  7574.0 11874.3
  -758 1147.048  -0.004 1147.044  3972775.1 332479.1 270977.8 56239.3  16643.6  9003.5  7936.8
  -757 314.667  -0.002 314.665  3805229.2 315965.5 396510.0 51649.7  16444.5 13201.0  6865.0
  -756 145.664  -0.004 145.660  3941238.7 318499.3 387494.7 57378.3  21210.8  6589.6  7388.4
  -755 197.538  -0.002 197.535  4094804.0 306448.4 337072.9 58994.8  16724.7  4800.3  6068.4
  -754 238.680  -0.001 238.679  4190533.7 314668.0 541232.6 58969.4  23323.3  7603.2  6774.8
  -753 -1853.873   0.012 -1853.861  3359403.4 280765.9 292288.6 33103.8  12838.3  8157.1  4001.1
  -752 930.158  -0.003 930.155  3767743.9 316296.2 279239.5 68879.1  13453.0  6958.2  6243.3
  -751 552.832  -0.002 552.830  4165464.6 320336.5 345024.5 58398.2  17953.3  6734.7  7281.8
  -750 -535.264   0.000 -535.263  3828998.2 301083.0 291803.9 50204.9  17557.8  8715.9  6023.5

         Carbon flux (ktC/yr)        Water (dam3/yr)                Nitrogen (MgN/yr)
       ----------------------- -------------------------- --------------------------------
Spinup NEP     estab   NBP     transp     evap    interc  nuptake ndemand  nlosses ninflux
------ ------- ------- ------- ---------- ------- ------- ------- -------- ------- -------
  -749 996.329  -0.004 996.325  4233491.3 326225.8 416015.6 65557.5  21997.0  7345.7  8638.3
  -748 527.008  -0.002 527.006  4246240.2 315007.8 520524.9 52654.9  21192.6  6795.6  6937.0
  -747 -1103.834   0.004 -1103.830  3812391.1 281656.1 350385.7 49193.8  19569.8  4271.9  5462.1
  -746 -386.051   0.000 -386.051  3665076.9 286056.9 305171.9 60893.2  18152.6  4770.1  6185.1
  -745 -763.075   0.001 -763.073  3492896.8 311259.3 276934.9 51266.4  14576.2  6060.6  5431.7
  -744 294.595  -0.000 294.595  3554405.8 309895.9 204367.1 66694.8  16762.1  5930.2  7066.1
  -743 -1461.878   0.014 -1461.864  3142184.6 309772.1 228772.7 32002.2  11409.0  8810.5  4788.3
  -742 -308.765   0.014 -308.751  3082714.3 322910.5 180198.3 58369.8   8777.1 11094.5  4241.3
  -741 1445.789  -0.005 1445.784  3846924.3 337489.9 253553.7 69776.8  10597.3  9367.6  7204.5
  -740 -707.162   0.010 -707.153  3210081.3 383618.7 284122.6 39491.4  11462.1 12317.7  6491.4
  -739 1855.073  -0.011 1855.062  4417524.3 362892.4 440441.6 73920.5  16816.3 10836.1 12036.3
  -738 -176.054   0.015 -176.039  3622244.5 381897.4 243866.3 44994.5  12645.6  4642.9  6865.1
  -737 -1233.691   0.013 -1233.678  3211196.1 314645.5 301181.5 33167.4  12449.9  5685.4  7188.1
  -736 1721.847  -0.017 1721.829  4345120.6 396584.8 467513.4 70622.3  14974.8  5107.0 10713.2
  -735 -259.765   0.011 -259.754  3726007.1 354290.7 354768.2 37836.7  13500.2  5208.3  7491.5
  -734 -84.064   0.004 -84.060  4024314.0 393236.2 421875.0 53758.2  17136.0  3380.8  9093.0
  -733 -1417.168   0.022 -1417.146  3135595.4 424000.4 304064.3 30297.6  11604.7  5476.1  4670.6
  -732 891.277   0.008 891.286  3899214.1 432290.7 368322.2 61642.1  12948.3  5032.7  8052.3
  -731 270.516   0.012 270.528  3987119.7 345915.3 436637.5 41076.6  12891.8  5997.0  8877.0
  -730 107.969   0.007 107.975  4085550.0 372745.4 560214.6 46745.1  15432.6  6032.1  9137.0
  -729 332.207   0.005 332.212  3953053.4 409965.5 581770.0 48775.2  17064.9  2989.6  8961.2
  -728 -2116.377   0.020 -2116.357  3275703.8 328095.9 294099.8 23127.0  11785.8  4225.0  6286.9
  -727 1146.417  -0.000 1146.417  4043268.0 404006.8 385783.3 61138.8  14687.7  9029.9 10179.1
  -726 336.832   0.010 336.842  3718493.1 379269.3 369474.3 40128.5  12598.8  5243.8  7224.3
  -725 -2031.180   0.024 -2031.157  2973661.0 340019.9 258277.0 29290.6  10002.2  6274.1  5492.9

         Carbon flux (ktC/yr)        Water (dam3/yr)                Nitrogen (MgN/yr)
       ----------------------- -------------------------- --------------------------------
Spinup NEP     estab   NBP     transp     evap    interc  nuptake ndemand  nlosses ninflux
------ ------- ------- ------- ---------- ------- ------- ------- -------- ------- -------
  -724  25.611   0.009  25.620  3420555.9 420028.4 267889.9 53627.8   9658.2  6624.9  7394.9
  -723 985.500  -0.002 985.499  3936733.5 399325.5 399212.6 59745.5  15797.5 10772.3 10698.0
  -722 1210.937  -0.003 1210.935  4134739.1 404770.9 375092.8 50538.0  15639.1  3438.4  9207.6
  -721 285.673   0.005 285.678  3842201.0 429380.3 391642.5 46825.2  12291.7  4781.3  7017.0
  -720 128.187   0.006 128.194  3808380.9 419145.8 421075.7 49355.7  16558.1  5000.6  7924.0
  -719 -2289.295   0.016 -2289.279  3009762.0 360632.3 272263.6 27123.8  12021.7  4628.2  5694.5
  -718 -674.341   0.015 -674.326  2977044.5 453328.6 209675.3 48902.4   9096.4  7271.5  4764.0
  -717 877.753   0.005 877.758  3751838.3 446966.0 328776.2 66001.2  13041.9  5882.1  8991.5
  -716 -1255.734   0.012 -1255.722  3121943.5 360194.8 224696.1 35241.4  11226.5  9140.6  6727.2
  -715 1783.145   0.002 1783.146  4149307.1 434189.5 350939.7 68996.6  16989.5  5226.8 11675.6
  -714 616.518   0.005 616.523  3758163.1 396060.6 273446.5 46903.6  15774.7  4564.4  8101.0
  -713 985.790   0.002 985.792  4161646.5 422987.4 558375.1 50886.8  18912.8  5319.7 10015.9
  -712 107.173   0.003 107.176  3971113.2 398748.9 496286.2 45901.1  18968.7  5427.0  8589.2
  -711 -146.409   0.006 -146.403  3859715.5 406885.3 428685.9 48803.3  16459.9  3235.4  8150.0
  -710 295.666   0.005 295.670  4299025.5 372971.0 401588.0 55696.9  22661.2  2602.6 10035.9
  -709 -152.676   0.006 -152.670  3787366.6 400748.9 427697.9 43846.3  16434.7  2933.3  7796.3
  -708 260.653   0.005 260.658  4209320.1 371372.5 391583.5 58951.3  22379.9  1711.8  9820.9
  -707 -176.148   0.006 -176.143  3865953.7 412357.6 399446.6 50548.2  17354.1  1465.4  7696.7
  -706 -232.228   0.007 -232.221  3973233.5 421544.9 459442.0 53593.9  18889.4  2336.0  8147.9
  -705  43.504   0.005  43.508  4059314.2 387769.7 583191.6 56071.9  23334.5  3105.7 10080.5
  -704 -1115.739   0.008 -1115.731  3503457.6 402706.7 283203.3 45331.5  12577.1  2773.3  7020.4
  -703 -120.539   0.005 -120.534  3837394.5 391962.7 341533.5 60506.1  19488.8  2538.4  9475.9
  -702 -1296.965   0.010 -1296.954  3163490.4 338015.0 273815.3 40158.5  14925.1  4299.9  7107.7
  -701 1604.048   0.001 1604.049  4118828.7 474622.5 500164.8 74476.0  17568.2  6407.0 10013.5
  -700   4.657   0.005   4.661  3961670.5 341046.3 254659.7 50967.7  15191.0  2989.6  9475.2

         Carbon flux (ktC/yr)        Water (dam3/yr)                Nitrogen (MgN/yr)
       ----------------------- -------------------------- --------------------------------
Spinup NEP     estab   NBP     transp     evap    interc  nuptake ndemand  nlosses ninflux
------ ------- ------- ------- ---------- ------- ------- ------- -------- ------- -------
  -699 129.498   0.005 129.503  3963211.5 377827.1 521350.4 58532.6  20004.4  4845.1 10109.4
  -698 -65.513   0.005 -65.507  3804416.3 372986.0 358713.8 55107.5  17338.7  3346.6  9050.7
  -697 -44.929   0.005 -44.924  4074727.6 372782.5 395161.3 60710.3  19662.0  2957.0 10175.1
  -696 -51.635   0.003 -51.632  3911982.3 370337.3 406484.5 57469.0  20969.4  5259.2 10140.1
  -695 -98.396   0.004 -98.392  3815505.1 366466.1 428364.7 56898.6  17348.1  4350.4  9114.0
  -694 -118.307   0.002 -118.305  3931898.2 362888.5 339236.9 60686.1  19723.0  2569.2 10327.5
  -693 -539.887   0.003 -539.884  3672255.4 305976.9 240405.2 59371.9  17655.9  2996.6  8812.8
  -692 883.182  -0.004 883.178  4156957.2 373593.3 447987.7 72033.4  20530.3  4129.0 11275.4
  -691 919.411   0.004 919.415  4494559.6 358019.3 394208.6 63859.9  20005.1  5145.2 11215.5
  -690 -226.206   0.007 -226.200  3937351.3 340832.2 362015.3 55195.1  17064.3  3711.1  8544.0
  -689   0.633   0.006   0.640  4095264.1 360274.0 350395.1 66756.1  16340.7  4307.4  9610.3
  -688 -1773.848   0.009 -1773.838  3272577.0 302906.3 297499.0 42110.7  15554.3  6272.9  7244.3
  -687 1063.852   0.002 1063.854  3962746.5 395439.0 354717.1 80432.7  15793.2  7814.8  9312.1
  -686 -1329.691   0.010 -1329.681  3468046.3 362325.8 251318.5 43834.0  12606.2  6871.5  7538.2
  -685 -145.242   0.006 -145.235  3501483.6 324176.6 203897.1 68514.6  12592.8  7717.5  7992.8
  -684 -65.873   0.005 -65.868  3614054.4 398236.1 278021.4 64199.0  11032.0 10203.0  8327.7
  -683 370.869   0.006 370.875  3854407.2 395546.2 371727.5 67680.0  16235.2  8553.1 10356.6
  -682 -260.843   0.007 -260.836  3801402.0 322967.2 259242.4 59172.8  14382.9  6951.7  8450.2
  -681 679.982   0.004 679.986  3985118.2 393580.9 403783.3 71616.8  15655.1  6391.2  9646.5
  -680 -882.116   0.008 -882.108  3643370.3 356017.8 329827.3 46410.3  14132.0  8997.2  7606.1
  -679 323.445   0.005 323.450  3803509.9 369460.3 232012.1 73350.8  12654.1  7966.6  7970.1
  -678 124.467   0.004 124.471  3911086.4 381444.8 311552.6 63088.2  12676.7  7795.6  8416.3
  -677 222.457   0.004 222.461  4101051.8 371463.1 386031.1 66242.0  15958.4  6263.6  9127.3
  -676 -567.213   0.005 -567.208  3833491.2 353958.9 310475.5 57312.0  14460.7  7316.1  8264.3
  -675 989.204   0.001 989.205  4352319.5 346571.9 434480.8 72703.8  17852.7  8706.6 11824.7

         Carbon flux (ktC/yr)        Water (dam3/yr)                Nitrogen (MgN/yr)
       ----------------------- -------------------------- --------------------------------
Spinup NEP     estab   NBP     transp     evap    interc  nuptake ndemand  nlosses ninflux
------ ------- ------- ------- ---------- ------- ------- ------- -------- ------- -------
  -674 407.063   0.001 407.064  4076407.5 370740.3 433154.9 60052.7  16119.6  8424.2  9615.1
  -673 -749.639   0.002 -749.637  3804946.3 340738.8 325169.7 55606.3  15932.0  6536.9  8164.5
  -672 -1115.034   0.001 -1115.033  3431155.7 329069.8 250936.8 56376.7  11936.0  7471.5  7262.7
  -671 425.600  -0.001 425.599  3948324.2 365434.1 300981.7 75400.1  17172.9  6939.3  9561.5
  -670 490.650   0.004 490.654  4001006.9 369611.7 366006.2 66159.0  13877.4  5942.0  8264.6
  -669 -461.055   0.007 -461.049  3792072.6 314776.7 270939.7 61620.2  15769.6  5706.5  8114.8
  -668 -308.056   0.007 -308.048  3668286.6 302573.5 231474.6 68034.1  15877.7  5370.7  8166.3
  -667 677.350   0.005 677.355  3819089.0 400392.5 413165.6 72576.1  14427.6  5656.4  7806.7
  -666 142.517   0.007 142.524  3997772.7 333769.9 332080.3 60466.2  15593.1  7016.9  8324.4
  -665 -789.276   0.008 -789.268  3802817.5 317888.3 333778.6 62794.3  16032.7  7464.0  8100.0
  -664 759.331   0.006 759.337  3923769.8 395378.9 360347.0 74246.2  14538.3  6046.0  7021.7
  -663 -183.926   0.009 -183.916  3943777.8 346128.5 262367.6 60221.7  12588.4  5811.1  7610.8
  -662 -402.097   0.011 -402.086  3542203.0 368810.3 328968.9 58490.6  13465.7  7602.3  6210.3
  -661 1407.408   0.003 1407.412  4499724.2 404303.5 545910.5 74622.0  19989.8  9872.2 11476.8
  -660 -922.431   0.008 -922.423  3695960.4 348815.3 352659.2 41127.1  14101.6 11637.8  7082.1
  -659 291.406   0.002 291.409  4081252.3 346361.7 330245.0 69535.8  14963.3 10846.8  9191.7
  -658  79.217   0.003  79.220  3982139.5 361686.2 383763.2 66162.4  14730.0  6485.4  8628.9
  -657 -901.952   0.006 -901.946  3738762.3 315833.0 317046.1 62955.9  18655.1 10071.8  8830.0
  -656 -73.924   0.006 -73.917  3492327.2 380731.3 403406.5 62642.5  11960.6  9955.8  7023.3
  -655 -332.854   0.006 -332.848  3699589.8 329283.4 219151.7 65027.4  16766.5  6675.5  8649.7
  -654 634.377   0.006 634.383  4038721.7 336332.2 333167.9 68506.6  14960.9  5375.2  8825.4
  -653 345.635   0.004 345.639  3947633.6 347515.2 344918.6 64473.8  15723.9  6365.8  8909.8
  -652 292.945   0.003 292.948  3964125.7 346016.1 355369.3 64026.4  16299.5  6764.7  8649.1
  -651 -658.642   0.005 -658.637  3739777.7 297844.3 249434.4 61468.1  16936.4  5068.1  8032.4
  -650 1323.310  -0.005 1323.305  4339753.4 405116.7 550318.7 77162.7  20710.4  8371.4 10701.7

         Carbon flux (ktC/yr)        Water (dam3/yr)                Nitrogen (MgN/yr)
       ----------------------- -------------------------- --------------------------------
Spinup NEP     estab   NBP     transp     evap    interc  nuptake ndemand  nlosses ninflux
------ ------- ------- ------- ---------- ------- ------- ------- -------- ------- -------
  -649 931.878  -0.005 931.873  4468552.4 334234.3 374816.2 63850.4  19446.0  5773.6  9388.6
  -648 -626.547  -0.010 -626.557  3646493.9 340335.4 520429.9 51407.2  12572.4 12723.9  6399.6
  -647 -122.977  -0.006 -122.983  3897766.9 340179.9 427425.2 64311.6  19242.5  8942.0  9058.8
  -646 -155.664  -0.006 -155.671  3818037.4 316348.3 353012.5 60824.0  16964.8  4512.5  7714.5
  -645 -27.261  -0.013 -27.273  3916427.9 319783.1 368516.3 66934.9  17432.7  5183.3  8498.9
  -644 -88.590  -0.025 -88.615  3919796.6 326493.6 441424.5 63051.8  17934.6  9956.8  8519.5
  -643 -1184.675  -0.007 -1184.682  3439052.6 314718.5 288465.3 55695.5  15489.7  5238.5  6945.6
  -642 -532.964   0.006 -532.958  3458181.0 316961.0 258910.1 64339.0  13717.8  6469.3  6787.4
  -641 631.665  -0.007 631.658  4061326.4 343971.4 322183.5 76921.5  18089.9  5066.9  9087.9
  -640 168.620  -0.005 168.615  3662921.5 381703.8 424916.6 58806.0  11133.0 12277.2  6255.9
  -639 726.920  -0.038 726.882  4339443.5 397757.8 525955.1 68293.3  20550.6 12791.0 11870.2
  -638 -1537.143  -0.016 -1537.159  3291913.0 284944.1 290483.4 39288.8  14258.3  5332.8  6709.3
  -637 1000.710  -0.014 1000.696  3893633.1 339567.7 315944.2 79174.8  10397.8  8235.0  6630.4
  -636 299.879  -0.023 299.856  3934871.0 361647.3 402885.5 65194.2  16054.4  6868.1  9185.3
  -635 878.284  -0.048 878.237  4396552.7 389565.7 553294.8 65372.6  20201.4 11620.9 10738.5
  -634 -377.377  -0.040 -377.416  3938236.0 280638.3 269159.8 56643.5  18464.3  3818.8  8099.3
  -633 -93.731  -0.027 -93.758  3894592.7 337248.6 421665.1 70854.4  15507.2  5092.1  7184.9
  -632 130.807  -0.012 130.795  4196795.5 325093.1 415128.9 68643.0  20679.8  6317.5  9180.0
  -631 814.659  -0.019 814.640  4299393.9 327035.8 409427.1 68974.6  19870.7  5298.2  9547.9
  -630 -27.995  -0.021 -28.016  3997952.3 305781.2 391804.9 54674.7  16621.6  5798.2  6660.4
  -629 -108.800  -0.009 -108.809  3980016.0 314184.4 401010.6 66708.0  16042.2  6900.4  7231.3
  -628 -661.725  -0.003 -661.729  3821676.8 284363.2 268529.1 63384.5  18528.1  5619.2  7940.6
  -627 1180.990  -0.004 1180.986  4379202.4 340745.0 408578.1 79251.7  19391.4  5376.1  9837.7
  -626 265.717   0.001 265.718  4202528.9 325478.7 391956.5 60548.9  13625.7  7171.6  6824.5
  -625 346.530  -0.001 346.529  4287911.4 328576.2 393388.2 72827.0  20984.2  4813.6  8655.4

         Carbon flux (ktC/yr)        Water (dam3/yr)                Nitrogen (MgN/yr)
       ----------------------- -------------------------- --------------------------------
Spinup NEP     estab   NBP     transp     evap    interc  nuptake ndemand  nlosses ninflux
------ ------- ------- ------- ---------- ------- ------- ------- -------- ------- -------
  -624 -925.013   0.004 -925.009  3664832.3 314751.1 405220.5 49190.0  14163.1  7260.0  5354.0
  -623 1080.679  -0.007 1080.672  4352770.9 332716.4 489168.9 78055.8  20584.3  9039.9  9451.2
  -622 -126.657  -0.006 -126.663  4001709.0 322583.0 497317.7 56534.5  17065.3 12334.1  6991.2
  -621 -117.215  -0.008 -117.223  4104557.1 301159.9 420371.5 70712.6  18760.2  4397.5  7760.0
  -620 120.995  -0.023 120.973  4125751.4 328263.9 567662.8 66506.5  23327.8  7073.8  9146.2
  -619 -1441.449  -0.002 -1441.450  3416766.6 299884.7 331956.8 44840.5  13759.3  6962.9  5498.4
  -618 -790.534   0.003 -790.531  3453628.2 324353.3 321649.5 52242.1  11786.9  8981.5  5736.8
  -617 -384.842   0.004 -384.839  3503194.4 311802.0 235428.9 75166.6  10825.3  9374.7  6345.6
  -616 1173.339  -0.006 1173.333  4193145.9 339425.3 446311.2 78702.6  19251.9 14229.5 10172.7
  -615 152.904  -0.001 152.903  3964866.3 318414.8 350534.9 58924.0  13449.2  5719.2  7496.8
  -614  36.014  -0.005  36.009  3962973.7 323094.7 437175.5 65773.7  16564.4  9576.6  8162.9
  -613 208.485  -0.007 208.479  4099037.2 306331.8 381421.3 70727.3  17594.6  4104.9  8433.1
  -612 289.179  -0.008 289.171  4163019.6 304987.8 398207.5 67973.2  16949.9  4272.8  7835.0
  -611 -111.941  -0.009 -111.950  3968064.5 321607.0 475030.5 62701.4  17091.5  8844.7  7369.8
  -610 331.864  -0.010 331.854  4117898.6 328150.9 565394.2 69060.2  22443.3  7115.0  8854.4
  -609 227.983  -0.014 227.969  4014133.8 336893.6 397504.5 63737.5  17242.2  3087.6  6777.8
  -608 1102.916  -0.009 1102.907  4446331.4 382918.9 657721.7 69512.6  23080.5  6801.2  8944.8
  -607 -2675.669   0.009 -2675.659  3331366.8 279803.5 303951.1 29463.6  13261.7  6222.7  4573.9
  -606 -480.491   0.006 -480.486  3265989.6 303961.0 236720.9 57934.2   7177.5 13022.0  4051.2
  -605 -374.761   0.001 -374.760  3362632.3 315693.5 207343.7 66474.6   8447.3 12444.9  5612.8
  -604  -8.041   0.004  -8.038  3447197.9 337538.9 193903.2 71551.5   9521.9  9448.5  5686.6
  -603 730.294  -0.003 730.290  3783855.1 371366.4 330094.5 69373.0  14259.8  8678.4  8843.9
  -602 -328.492  -0.001 -328.493  3785337.8 303894.9 287847.1 59677.2  15397.7 17814.1  8337.3
  -601 1493.387  -0.005 1493.382  4305105.8 343989.5 414426.2 78667.2  18657.7  7067.4 10319.7
  -600 848.968  -0.003 848.965  4252153.1 339138.0 352278.8 63397.9  17021.5  7201.7  7658.0

         Carbon flux (ktC/yr)        Water (dam3/yr)                Nitrogen (MgN/yr)
       ----------------------- -------------------------- --------------------------------
Spinup NEP     estab   NBP     transp     evap    interc  nuptake ndemand  nlosses ninflux
------ ------- ------- ------- ---------- ------- ------- ------- -------- ------- -------
  -599 891.686  -0.005 891.681  4420613.4 336946.1 521392.3 63580.8  20100.4  5904.5  8267.3
  -598 -554.749  -0.003 -554.752  4112519.9 328015.6 417114.3 58727.9  19512.3  7490.7  6813.8
  -597 361.548  -0.006 361.542  4029817.3 344799.2 499441.3 70304.8  18211.0  4286.2  6588.8
  -596 -546.077  -0.011 -546.088  3956906.3 278405.0 293362.9 57769.9  19547.1  5692.1  6535.0
  -595 -1848.909  -0.007 -1848.916  3503894.2 321630.7 366961.7 44552.4  11580.6  7833.0  4369.6
  -594 1130.373  -0.008 1130.364  4075528.0 297154.2 319637.9 86260.5  14348.9  9982.0  7284.6
  -593 -2432.868   0.010 -2432.859  3109219.9 293095.2 227469.3 29017.5  10037.1 11830.0  4737.0
  -592 -44.337   0.002 -44.335  3244279.4 274422.7 192096.6 57336.2   8946.2 22244.4  5847.6
  -591 1033.547  -0.001 1033.546  3643774.5 341112.8 243095.5 83534.1   9041.9 14936.0  5425.9
  -590 -1130.992   0.004 -1130.988  3212957.3 288685.9 216800.1 45561.5  13017.4 15118.5  7159.0
  -589 -168.653   0.005 -168.647  3194632.0 364544.0 187926.6 71194.2   8097.9 11206.5  4160.9
  -588 681.354  -0.003 681.351  3828465.6 362889.2 261622.0 72099.6  17058.1  8458.8  9183.9
  -587 1489.631  -0.002 1489.629  4052814.1 361023.0 326513.8 66693.1  13944.7  6786.1  7212.7
  -586 522.273   0.001 522.274  4261230.1 343636.1 398819.8 59744.1  15251.4  8041.9  8187.5
  -585 396.052   0.001 396.053  4342246.7 334381.7 421942.5 63411.6  17051.4 10287.3  8231.1
  -584 1315.101  -0.002 1315.099  4730013.4 343724.3 424182.9 69038.7  20730.8  7208.5  9732.7
  -583 138.568  -0.000 138.568  4232280.4 331519.0 391096.9 54457.7  14345.7  5705.3  6600.6
  -582 533.307  -0.003 533.304  4337812.4 342254.3 555080.9 63353.2  21732.0  6212.5  8534.4
  -581 -248.325   0.001 -248.324  3940424.7 323802.3 304608.6 56556.2  18544.9  5019.1  6461.7
  -580 -1700.466   0.008 -1700.458  3227754.6 321240.2 332831.3 42844.6  13300.1  6906.8  4478.2
  -579 -64.699   0.002 -64.697  3582672.0 325841.4 244618.7 66860.6  11755.4  7153.0  5897.8
  -578 1134.423  -0.003 1134.421  4146662.7 397336.4 527734.5 67476.8  21449.6 11490.0  9842.6
  -577 690.976  -0.001 690.975  4032565.3 346427.3 490171.1 53875.4  18033.8  6290.9  7351.1
  -576 -703.719   0.004 -703.714  3701512.2 309338.8 288807.6 55396.6  16381.7  5030.3  5612.2
  -575 122.900   0.001 122.900  3953455.3 341179.0 425628.6 63896.7  17394.6  4815.1  6694.5

         Carbon flux (ktC/yr)        Water (dam3/yr)                Nitrogen (MgN/yr)
       ----------------------- -------------------------- --------------------------------
Spinup NEP     estab   NBP     transp     evap    interc  nuptake ndemand  nlosses ninflux
------ ------- ------- ------- ---------- ------- ------- ------- -------- ------- -------
  -574 375.129  -0.002 375.127  3981115.0 317059.7 478268.4 62130.8  19975.4  9973.8  7807.2
  -573 -781.975  -0.000 -781.975  3794223.1 315096.3 364095.1 49291.1  17733.7  4957.6  6170.4
  -572 -1443.714   0.008 -1443.705  3395369.6 311104.5 273337.6 47333.9  14723.8  6408.9  5743.0
  -571 1804.356  -0.005 1804.351  4268756.3 345220.9 339657.6 85913.3  20191.8  6002.2  9974.9
  -570 273.240  -0.001 273.240  4044975.3 328589.8 388561.5 53020.0  17673.7  7086.9  6822.0
  -569 -1773.312   0.007 -1773.305  3236615.8 317561.7 305993.5 40868.6  10039.0 12154.3  4254.2
  -568 -1065.405   0.012 -1065.393  3097483.4 341199.4 207154.4 53416.2   8647.2  9792.2  4326.7
  -567 367.252   0.007 367.259  3368232.4 351354.8 191500.2 66701.5  10443.1  8035.9  4923.5
  -566 1066.510  -0.008 1066.502  3813674.8 394384.6 295969.6 71454.2  13300.5  6297.0  7307.0
  -565 814.550  -0.003 814.548  4019690.0 375708.8 392322.5 63539.0  14562.1 10671.8  9146.2
  -564 394.231  -0.005 394.226  4269232.1 344410.6 383356.6 63036.9  16614.4  8903.6  9639.8
  -563 -272.781  -0.001 -272.782  3803267.5 321565.7 255165.6 61706.3  15246.8  6061.3  7048.4
  -562 387.131  -0.003 387.128  4001248.7 355424.6 350575.3 65576.5  16106.4  5183.8  8203.2
  -561 761.013  -0.002 761.011  4256228.4 338936.2 354362.2 66768.9  18972.9  4020.6  8579.9
  -560 -531.317   0.002 -531.315  3803142.0 337313.9 385855.4 52088.2  13190.3  6633.0  5993.1
  -559  40.755   0.001  40.755  3941777.9 326787.0 366994.7 63646.6  15298.9  7400.6  7348.6
  -558 -1266.218   0.005 -1266.214  3464639.6 336618.2 355757.7 40146.4  14281.2  8783.4  6110.8
  -557 621.177   0.002 621.178  3712326.6 346492.1 230006.0 76908.0  14122.9  6585.2  7142.8
  -556 -1835.031   0.015 -1835.016  3112103.8 365244.3 259992.3 33050.3  11070.5  8012.2  4981.0
  -555 2467.079  -0.006 2467.072  4441661.9 408783.9 473956.7 83815.0  14370.2 14459.7 10212.1
  -554 388.071   0.001 388.072  4089130.1 335455.7 373116.3 52132.9  14164.9  9400.1  8440.6
  -553 -784.953   0.004 -784.949  3670976.5 330552.9 301079.7 53437.5  15156.1  5875.6  6761.7
  -552 -866.492   0.006 -866.486  3419565.7 362664.6 338035.2 51041.7  13458.4  6719.8  5976.6
  -551 1059.114  -0.002 1059.112  3866976.0 371929.1 432424.2 75824.3  14562.2  8256.5  7427.0
  -550 670.639  -0.004 670.636  4353642.6 343331.2 367945.6 58911.1  14245.1  7095.5  8789.4

         Carbon flux (ktC/yr)        Water (dam3/yr)                Nitrogen (MgN/yr)
       ----------------------- -------------------------- --------------------------------
Spinup NEP     estab   NBP     transp     evap    interc  nuptake ndemand  nlosses ninflux
------ ------- ------- ------- ---------- ------- ------- ------- -------- ------- -------
  -549 -622.618   0.004 -622.614  3749064.8 319121.9 278639.2 52759.4  16174.9  3950.4  6983.8
  -548 858.231  -0.005 858.225  4221790.5 365317.5 590836.9 71096.0  19106.0  7226.9  9078.8
  -547 -1304.027   0.005 -1304.022  3624340.2 371612.1 389691.6 38251.1  12981.4  4285.6  6112.8
  -546 809.307  -0.006 809.301  3998995.5 381893.6 350384.9 69781.6  14360.7  6430.2  7849.3
  -545 798.659  -0.010 798.649  4241168.3 358939.3 604904.1 57438.4  18160.4  8730.2  9061.9
  -544 -741.142   0.008 -741.134  3495808.5 392067.0 300862.0 49272.8  13295.6  4668.4  5354.6
  -543 649.466  -0.003 649.463  4166476.3 368866.8 590522.5 65403.0  20104.2  8769.9  9200.9
  -542 -875.546   0.006 -875.540  3754140.1 343731.5 398609.1 47850.0  17304.0  2924.3  7220.5
  -541 206.242   0.007 206.248  3733405.0 376096.2 393814.8 63477.5  13267.5  5272.7  5950.5
  -540 -135.559   0.002 -135.558  3966760.0 370268.3 415719.9 58027.3  19834.3  5802.1  8493.9
  -539 543.114   0.004 543.118  4032138.5 361112.1 435139.9 63871.1  15049.6  4104.3  6637.8
  -538 612.370   0.004 612.374  4180615.1 396292.9 405617.9 63954.8  19934.0  2892.8  7739.7
  -537 -38.131   0.001 -38.129  4014632.6 379009.4 559473.4 51776.0  15632.9  4749.9  6695.8
  -536 -1382.408   0.010 -1382.398  3316999.7 367812.7 347190.6 48043.2  13964.8  5733.3  5238.2
  -535 -2172.937   0.013 -2172.924  2993023.8 330820.6 242820.5 40037.6   9886.6  6609.3  5117.5
  -534 -1594.833   0.016 -1594.818  2774854.1 354494.7 177725.3 46412.2   6845.3 10813.0  4734.7
  -533 738.920   0.004 738.925  3282123.1 357295.3 153181.1 79939.7  10048.0  9344.2  6058.3
  -532 1952.079  -0.003 1952.076  4057934.5 404111.1 403444.8 73311.7  15017.6 18352.9 10243.6
  -531 1050.085   0.001 1050.085  3963986.6 397206.7 488675.1 55886.5  16374.2  5430.9 10001.5
  -530 -414.747   0.003 -414.744  3534543.1 405557.6 322563.3 49864.8  14271.1  3719.3  7501.0
  -529 242.926   0.001 242.927  3714782.2 390592.9 336657.8 62388.9  15755.9  5846.0  8711.7
  -528 651.569  -0.002 651.567  3898637.1 415974.6 452068.2 58336.7  16951.2  6510.1  8430.2
  -527 -1998.669   0.008 -1998.661  3242961.5 322540.8 253564.8 35126.0  12326.3  6428.0  5638.3
  -526 -536.273   0.007 -536.266  3116982.1 389845.5 219463.0 55768.0   7537.7 12154.0  4895.1
  -525 1089.288  -0.001 1089.287  3764913.3 408950.9 262675.3 72486.4  10775.5  7504.0  7556.5

         Carbon flux (ktC/yr)        Water (dam3/yr)                Nitrogen (MgN/yr)
       ----------------------- -------------------------- --------------------------------
Spinup NEP     estab   NBP     transp     evap    interc  nuptake ndemand  nlosses ninflux
------ ------- ------- ------- ---------- ------- ------- ------- -------- ------- -------
  -524 402.935  -0.000 402.935  3906025.9 372359.9 330841.2 58796.8  16496.7  9169.4  8568.6
  -523 1118.383   0.001 1118.385  3985659.4 404969.5 382027.7 64259.5  14897.8  4837.7  7128.1
  -522 294.492   0.003 294.495  4236717.9 382684.2 445980.1 57151.0  16573.8  6312.6  7290.3
  -521 -54.975   0.001 -54.975  3943622.2 380351.5 491009.9 57284.7  16780.9  8731.7  6905.0
  -520 -1697.289   0.005 -1697.285  3286162.5 316903.9 312843.6 41002.5  15471.3  6193.0  5945.4
  -519 1794.906  -0.008 1794.898  4205529.9 396294.6 453745.1 82341.9  17081.5  5797.9  8958.6
  -518 -937.485  -0.004 -937.488  3673378.8 364682.3 363327.2 31865.2  13800.8  9561.3  6024.3
  -517 -243.963   0.003 -243.960  3604385.7 354259.2 277846.9 67658.6  12237.3  7283.1  6078.1
  -516 461.010  -0.003 461.007  3760715.4 395049.9 443198.5 62802.7  13341.0 11952.8  6584.5
  -515 -757.223  -0.005 -757.228  3685334.9 339476.4 276298.7 52786.4  13957.4  7896.0  6702.3
  -514 1490.475  -0.024 1490.451  4463002.1 380363.8 381329.0 76717.1  19511.7  4080.9 10592.7
  -513 -53.235  -0.010 -53.245  3947358.4 351240.2 272213.0 56648.5  15494.9  4625.4  7178.8
  -512 -67.517  -0.009 -67.526  3961791.8 369917.8 398688.2 64792.5  15734.1  5150.7  6791.9
  -511 -1509.686  -0.000 -1509.686  3415643.8 381800.9 350094.3 41560.9  14227.6  6653.9  5891.8
  -510 1013.302  -0.007 1013.295  3843747.8 389336.0 407823.5 77635.6  13317.9  9505.8  6997.5
  -509 307.921  -0.011 307.910  4016797.9 365772.5 408878.4 57511.3  19105.7  7530.9  8860.2
  -508 -567.549   0.001 -567.548  3748085.1 299956.2 255556.5 58048.5  15861.4  4162.5  7484.0
  -507 472.442  -0.001 472.442  3841004.0 390746.8 375209.4 73134.6  15375.6  4143.0  6894.8
  -506 897.142  -0.001 897.141  4365239.9 350859.2 506022.8 63254.4  20342.5  5406.1  9114.4
  -505 -301.071   0.002 -301.070  4009732.0 332420.6 370083.0 55034.6  17229.1  6348.6  7068.6
  -504 -993.444   0.002 -993.442  3797848.9 317790.1 351295.1 63906.6  18433.9  5146.1  7242.6
  -503 1129.359  -0.002 1129.357  4309936.0 366422.7 386821.3 75062.5  21067.3  3735.8 10112.7
  -502 -292.602   0.002 -292.600  3975464.8 317153.8 281927.2 55690.7  13992.8  4853.2  6942.8
  -501 -725.005   0.005 -725.000  3584736.8 339714.3 344459.7 55608.8  15084.3  6830.4  6298.5
  -500 184.308   0.000 184.308  3908391.0 339700.8 410141.0 67360.0  16499.5 11905.1  8209.1

         Carbon flux (ktC/yr)        Water (dam3/yr)                Nitrogen (MgN/yr)
       ----------------------- -------------------------- --------------------------------
Spinup NEP     estab   NBP     transp     evap    interc  nuptake ndemand  nlosses ninflux
------ ------- ------- ------- ---------- ------- ------- ------- -------- ------- -------
  -499 461.041  -0.002 461.038  4041346.9 354401.5 360997.3 66798.1  18175.5  4107.3  9162.1
  -498 -688.156   0.002 -688.154  3692445.0 331407.7 255708.8 57302.2  14034.5  5873.1  6257.9
  -497 1392.560  -0.004 1392.556  4415293.9 400083.9 549530.7 74365.2  20356.1  7747.0 10220.8
  -496 422.951  -0.001 422.950  4120346.1 362365.8 474933.4 59795.1  17741.9  5971.3  8014.8
  -495 -1986.603   0.005 -1986.598  3322284.8 290788.0 316970.8 40726.9  16467.7  7444.4  6180.5
  -494 838.531  -0.002 838.528  3786919.7 360325.9 297072.2 82412.3  12583.1  6208.5  6484.4
  -493 -247.136   0.002 -247.134  3710722.7 329347.4 309884.3 57117.3  15035.7  6062.7  7000.2
  -492 -462.444   0.001 -462.444  3679624.5 291605.3 228244.9 66193.2  16714.2  5027.1  7764.4
  -491 1003.304  -0.003 1003.301  4132004.1 349195.5 477798.8 75622.7  19287.9 12581.8  9004.9
  -490 148.087  -0.000 148.087  3989664.8 330804.1 438303.8 59878.7  16071.2  5576.4  7186.2
  -489 -1242.214   0.004 -1242.210  3458655.4 310179.0 292122.5 55382.6  14522.1  6400.1  5979.0
  -488 -1212.219   0.010 -1212.209  3376617.0 320441.3 243741.3 52599.0  12413.4  7516.3  6048.5
  -487 -978.380   0.012 -978.368  3126759.4 352722.9 201380.8 61002.3   8868.8 11491.8  4205.5
  -486 1465.488  -0.010 1465.478  3828862.4 388193.1 359979.8 77707.2  13737.0  8515.6  7323.3
  -485 993.475  -0.001 993.474  4054967.1 369508.0 384451.3 64447.0  16942.4 14941.4  9166.6
  -484 -615.623   0.001 -615.622  3750131.9 336626.2 327489.2 56810.9  15279.7  7385.9  7738.3
  -483 -844.025   0.004 -844.021  3445957.0 389682.3 300256.6 54964.1  12000.1  6423.5  6077.9
  -482 1733.204  -0.008 1733.196  4350798.6 363651.3 344073.7 83027.0  18329.9  5068.2 11193.1
  -481 779.411  -0.005 779.406  4182730.4 336765.9 384635.9 56751.8  13744.6  6890.9  7311.5
  -480 963.103  -0.018 963.085  4336840.9 362513.4 522651.9 65341.3  18756.6  6471.1  9074.5
  -479 -1043.185  -0.000 -1043.186  3772287.1 345702.9 370409.4 45269.1  15455.7  7307.1  6406.4
  -478 1325.096  -0.005 1325.091  4310015.5 402501.7 562320.1 72267.6  18666.5 10815.6  9602.9
  -477 344.026  -0.002 344.024  4293177.3 341480.1 466143.9 55010.6  17642.6  3997.4  7405.6
  -476 -105.957  -0.001 -105.957  4014164.5 314948.0 305901.0 63124.8  17940.8  3962.2  7243.9
  -475 -1912.704   0.010 -1912.694  3219150.0 344909.4 284183.9 45561.7  11626.5  6069.4  3977.9

         Carbon flux (ktC/yr)        Water (dam3/yr)                Nitrogen (MgN/yr)
       ----------------------- -------------------------- --------------------------------
Spinup NEP     estab   NBP     transp     evap    interc  nuptake ndemand  nlosses ninflux
------ ------- ------- ------- ---------- ------- ------- ------- -------- ------- -------
  -474 667.036  -0.001 667.035  3877578.8 341198.4 328039.1 75272.6  15681.2  5240.2  7215.0
  -473  59.919   0.000  59.919  3905455.8 346658.7 360981.7 67033.6  20944.4  7511.1  8351.7
  -472 488.576   0.000 488.576  4007388.8 325916.1 405212.1 65962.8  16006.0  4478.1  6802.2
  -471 -69.807  -0.001 -69.808  3940098.9 346973.0 397703.7 67521.7  21048.0  6336.3  7558.9
  -470 -2849.121   0.012 -2849.110  2984063.6 304142.7 262091.9 28389.1  10458.6  8698.7  4467.9
  -469 1481.943  -0.001 1481.942  3767822.1 355707.2 235552.4 83215.0   9084.9 12401.3  6018.7
  -468 852.524  -0.006 852.518  3807780.4 356094.8 330486.2 63782.4  16662.4 13214.0  9188.0
  -467 918.447  -0.004 918.442  4087794.7 315470.6 353737.7 65466.1  14341.3  6996.1  7105.7
  -466  57.489  -0.001  57.488  3867972.7 334260.6 359542.6 61993.9  15958.6  6582.2  6851.7
  -465 1125.035  -0.003 1125.032  4292862.8 343214.2 505211.5 68487.5  21494.5  9243.2  8313.5
  -464 -1241.094   0.004 -1241.090  3703281.1 319187.3 381703.3 35143.4  15174.7  7848.5  5296.4
  -463 1495.313  -0.003 1495.310  4192120.5 341178.2 372392.9 84875.8  16054.3  5301.2  7207.1
  -462 937.619  -0.002 937.617  4456939.6 331836.0 378957.2 63484.9  19809.5  4017.8  7367.9
  -461 -309.270   0.001 -309.269  3978490.2 331299.8 521368.5 56159.3  16741.5  8686.3  5787.0
  -460 -1193.552   0.003 -1193.549  3760422.7 305764.8 374339.8 64239.4  19834.1  4506.9  6285.2
  -459 -1251.285   0.004 -1251.282  3445349.2 338368.6 322174.8 51115.8  13518.9  5700.7  5475.5
  -458 572.775  -0.002 572.772  3837101.4 332891.4 279880.7 75103.0  14100.8  7081.0  7962.5
  -457 779.797  -0.002 779.795  3886531.8 358306.6 410235.0 62512.2  16301.5  9006.1  7629.3
  -456 1295.227  -0.002 1295.225  4309886.9 338355.1 496097.7 65892.7  20178.5 10853.3  8341.5
  -455 415.775  -0.001 415.774  4154740.5 308948.7 511513.3 58234.9  17751.0 10252.4  6685.0
  -454 -174.822   0.000 -174.822  4039651.4 296337.7 307708.0 63266.3  18006.9  4703.1  6266.9
  -453 -1079.656   0.002 -1079.653  3550691.0 317594.0 295252.4 55766.0  15653.0  4466.0  5093.6
  -452 -1462.984   0.006 -1462.978  3152706.4 317449.6 289172.7 49117.4  12778.7  8004.6  4614.9
  -451 443.274   0.001 443.275  3544268.4 329172.9 225342.6 77667.5  14228.8  6292.9  6224.3
  -450 -1181.470   0.007 -1181.462  3106272.9 337796.8 260957.8 45039.8  11028.3  9179.4  4811.4

         Carbon flux (ktC/yr)        Water (dam3/yr)                Nitrogen (MgN/yr)
       ----------------------- -------------------------- --------------------------------
Spinup NEP     estab   NBP     transp     evap    interc  nuptake ndemand  nlosses ninflux
------ ------- ------- ------- ---------- ------- ------- ------- -------- ------- -------
  -449 1160.385   0.000 1160.386  3974987.3 344781.5 342576.6 81265.8  13892.7  6640.8  7191.5
  -448 670.593  -0.003 670.590  3926267.9 369109.9 415542.4 63694.2  17275.1 12354.5  8483.6
  -447 291.189  -0.001 291.189  3982614.4 319051.0 266698.9 62051.5  15153.8  7190.9  7376.6
  -446 -65.105   0.001 -65.104  3817756.3 329328.3 378563.0 61017.5  16096.2  5768.7  6310.4
  -445 986.401  -0.007 986.394  4260259.5 341467.1 515939.2 70344.2  22578.0  8210.5  8454.0
  -444  -3.854  -0.003  -3.857  3978962.3 320877.2 296840.3 59634.7  18407.0  4023.4  6264.9
  -443 -1732.997   0.006 -1732.990  3260726.6 322872.5 332952.6 44143.0  12930.4  7671.8  4214.8
  -442 -710.754   0.004 -710.750  3379871.4 334822.3 320102.5 53054.0  12567.0  8826.6  5168.7
  -441 1219.162  -0.003 1219.159  3839223.1 366353.1 388797.1 83773.6  17032.1  9538.7  7881.5
  -440 -1294.158   0.003 -1294.155  3290732.1 284505.2 289482.0 36235.3  14141.8 10217.6  5767.1
  -439 1423.728  -0.004 1423.723  4029174.6 353472.7 469017.9 77461.3  15976.6 13955.9  7657.9
  -438 -694.062   0.002 -694.060  3579841.5 324428.4 264568.1 51597.0  12041.1  5369.9  5530.7
  -437 274.819  -0.001 274.818  3817451.9 334632.1 314400.2 63371.4  13663.8  6049.9  7013.1
  -436 -46.689   0.001 -46.688  3709612.1 315172.9 327128.1 58881.5  16790.3  6966.7  6734.9
  -435 514.068  -0.001 514.067  3878882.2 358635.0 440026.9 67710.1  18201.0  7294.6  7379.3
  -434 1291.114  -0.005 1291.109  4420224.8 384007.2 602701.0 66619.3  22408.1  9153.8  8753.4
  -433 -218.869  -0.002 -218.871  3990876.1 321300.8 513236.0 51656.2  18395.3  3824.3  6127.4
  -432 -2675.979   0.008 -2675.971  3113572.5 279870.8 262512.3 40652.6  13566.7  5377.6  4641.8
  -431 728.431  -0.003 728.429  3493793.7 341289.4 337152.4 74874.7  10919.8 13254.1  5917.3
  -430 560.623  -0.008 560.615  3878582.2 306118.0 211976.6 67161.4  16061.0  8028.1  9063.2
  -429 1545.034  -0.015 1545.019  4286989.3 383931.4 513002.1 66092.6  20274.5  8400.5  9173.6
  -428 447.640  -0.023 447.618  4306123.3 323163.4 431011.9 58907.6  18572.4  4110.8  6773.6
  -427  37.269   0.000  37.269  3992086.5 317003.8 397271.1 61402.5  19588.6  6336.3  6492.6
  -426 -1116.590   0.002 -1116.588  3818905.6 293439.0 364723.0 59290.6  20238.4  4753.6  6103.5
  -425 -1883.364   0.007 -1883.356  3108539.9 310969.8 264110.7 45640.5   9900.4 12082.5  4377.0

         Carbon flux (ktC/yr)        Water (dam3/yr)                Nitrogen (MgN/yr)
       ----------------------- -------------------------- --------------------------------
Spinup NEP     estab   NBP     transp     evap    interc  nuptake ndemand  nlosses ninflux
------ ------- ------- ------- ---------- ------- ------- ------- -------- ------- -------
  -424 -1664.397   0.008 -1664.389  2947290.5 293152.7 168245.1 51925.7   9591.4  8515.0  5510.7
  -423 1563.620  -0.009 1563.611  3865344.7 338251.0 210655.8 87785.8  18070.8 11315.5  9557.6
  -422 322.558   0.002 322.560  3559632.5 333580.5 194475.2 57071.9   9513.6  9199.5  5104.0
  -421 217.569  -0.001 217.567  3615935.3 331308.0 258755.6 64156.3  13892.4  8042.1  8128.9
  -420 831.015  -0.002 831.012  3890316.3 340936.3 276843.0 68002.3  16748.0 10916.2  8455.2
  -419 1140.831  -0.003 1140.828  4181786.2 332926.5 298821.6 65980.1  18337.9  5942.8  8156.6
  -418 -1565.028   0.006 -1565.022  3323473.2 312655.6 271615.4 43646.4  11246.0 10371.6  4476.4
  -417 1523.456  -0.004 1523.453  4097305.1 334782.9 434452.0 75332.3  16610.4 15038.6  7924.1
  -416 -1707.844   0.006 -1707.838  3402698.4 308451.3 254926.4 34986.4  13645.6  7652.6  5246.9
  -415 741.177  -0.000 741.177  3647701.2 309909.5 259296.0 70254.0  11935.4  8914.1  5902.0
  -414 -468.899   0.003 -468.896  3521549.0 312219.6 239086.7 57340.7  13405.1  7591.5  6060.6
  -413  30.929   0.001  30.930  3611196.4 291118.7 212968.5 70017.5  16066.5  6385.4  6747.4
  -412 -1278.390   0.007 -1278.383  3191942.3 351579.3 296921.9 38376.7   9812.1 11054.1  4196.5
  -411 2017.685  -0.003 2017.682  4083940.7 349391.3 297168.9 87386.6  13820.4  8649.9  7366.2
  -410 1746.900  -0.004 1746.896  4482031.3 389602.4 539249.4 61538.6  18439.8 15557.5  8758.6
  -409 -33.371  -0.004 -33.375  4095691.2 304448.8 283714.5 55568.0  16454.4  4969.2  6280.0
  -408 -772.053   0.003 -772.051  3680358.8 320547.3 359227.1 50948.7  16672.5  4801.6  5550.4
  -407 -939.386   0.004 -939.382  3490658.8 307579.8 282370.9 57948.1  16647.4  4706.2  5825.6
  -406  47.663   0.002  47.665  3556216.9 335501.2 238668.1 68121.7  17219.5  4277.2  6579.3
  -405  62.610   0.002  62.612  3794557.0 352396.4 391289.5 60499.2  16092.6  4434.8  6434.2
  -404 283.580  -0.002 283.578  4134141.8 333342.0 399144.3 64687.8  21088.0  6133.4  8106.9
  -403 -2112.384   0.005 -2112.378  3262490.5 277006.9 240501.1 39706.7  13519.2  7371.1  5179.2
  -402 1780.575  -0.005 1780.571  4008734.5 347423.7 257194.5 80990.6  15950.8  4822.4  8328.0
  -401 -877.091   0.006 -877.085  3323296.4 325530.3 263640.0 37553.9  10817.3  9049.4  4824.5
  -400 857.601   0.000 857.601  3886104.2 334569.5 295712.7 74926.3  13006.7  7448.2  6696.0

         Carbon flux (ktC/yr)        Water (dam3/yr)                Nitrogen (MgN/yr)
       ----------------------- -------------------------- --------------------------------
Spinup NEP     estab   NBP     transp     evap    interc  nuptake ndemand  nlosses ninflux
------ ------- ------- ------- ---------- ------- ------- ------- -------- ------- -------
  -399 878.585  -0.002 878.583  4177080.6 337692.0 322706.1 66360.0  20051.1  4935.3  8169.4
  -398 -913.174   0.001 -913.173  3722367.4 308618.1 349414.5 50873.6  16542.1  5507.9  5894.5
  -397 486.246  -0.002 486.244  3872784.4 336111.5 417763.3 66084.3  16000.5  9555.1  6650.6
  -396   2.167  -0.004   2.163  3979371.8 326887.8 360654.5 64301.5  21061.4  5077.1  7520.3
  -395 -190.709   0.001 -190.708  3638481.7 322789.5 468322.0 52016.4  14041.3 11012.6  5678.7
  -394 -776.241   0.002 -776.238  3741659.6 292556.4 337165.0 59453.4  20167.6  7527.1  7053.4
  -393 -1729.199   0.012 -1729.187  3051482.8 323891.6 233930.0 47572.9   9667.1  7034.3  4034.3
  -392 113.836  -0.001 113.835  3518457.5 323420.5 231495.0 66418.3  14180.8  5506.1  6972.4
  -391 -189.684   0.001 -189.683  3495518.8 327024.6 231187.2 63067.6  15645.2  5732.7  8283.7
  -390 -320.637   0.003 -320.634  3402119.0 312517.2 223138.6 60308.6  16103.1  5659.5  7471.6
  -389 1303.613  -0.002 1303.611  3996656.9 334233.6 439206.7 70551.6  20080.4 12525.0  9770.3
  -388 -87.726   0.002 -87.724  3589702.4 332154.3 247948.6 54383.6  12784.3  4162.7  6089.4
  -387 -258.183   0.002 -258.181  3397267.8 347557.2 241286.9 60460.9  15357.1  4440.1  6239.6
  -386  98.778   0.002  98.779  3625104.2 328324.5 338160.6 61447.4  15682.9  5236.7  6714.7
  -385 279.263   0.001 279.263  3802908.9 319120.1 350711.7 62476.9  17984.0  6677.2  7404.1
  -384 -478.883   0.002 -478.881  3648568.1 328910.0 329103.0 53327.3  17270.9  6826.7  6225.7
  -383 533.692  -0.001 533.691  3783819.3 341756.8 356370.7 65691.2  17677.5  7560.7  6878.4
  -382 909.964  -0.001 909.963  4195101.0 338248.2 355196.7 67036.2  21047.2  4493.5  7492.9
  -381 -136.050   0.001 -136.049  3980366.1 353388.8 459226.0 54376.2  15471.6  4509.7  5363.9
  -380 -779.788   0.000 -779.788  3754900.1 299721.8 322234.9 59250.3  18840.9  4424.5  5827.6
  -379 1227.043  -0.007 1227.036  4200920.7 344205.0 506399.3 74477.6  24621.5  4458.9  8563.4
  -378 502.083  -0.004 502.079  4213861.1 333150.1 609014.3 55967.5  21800.9  3841.7  7151.5
  -377 -134.524   0.001 -134.523  3976866.2 336372.2 412658.4 59566.0  19202.5  2600.7  6312.2
  -376 -1637.715   0.005 -1637.710  3436080.3 298950.6 318555.1 45951.9  15123.0  5128.7  5033.5
  -375 -239.194   0.000 -239.193  3468036.6 290843.9 228015.3 66552.3  16561.5  4136.1  6911.2

         Carbon flux (ktC/yr)        Water (dam3/yr)                Nitrogen (MgN/yr)
       ----------------------- -------------------------- --------------------------------
Spinup NEP     estab   NBP     transp     evap    interc  nuptake ndemand  nlosses ninflux
------ ------- ------- ------- ---------- ------- ------- ------- -------- ------- -------
  -374 1467.700  -0.003 1467.696  4070545.0 389818.1 526319.0 71699.2  21056.9  7704.5  9162.4
  -373 1217.248  -0.001 1217.247  4285227.3 334423.3 519603.2 56228.5  20702.5  4007.4  7757.4
  -372  29.198   0.000  29.199  4191987.8 317646.9 398503.4 58913.5  17319.5  4754.4  6337.9
  -371 -1494.101   0.004 -1494.097  3565103.2 289988.3 320643.1 49103.5  16746.1  4069.5  5302.9
  -370 -341.921  -0.000 -341.922  3521395.5 282820.3 236004.9 67717.4  17299.6  4081.1  6980.9
  -369 -1311.472   0.003 -1311.469  3160975.1 273547.4 272795.1 45438.3  14777.5  6799.6  5776.3
  -368 -1719.701   0.011 -1719.657  2839332.1 341866.8 206663.7 50961.1   6171.3 12184.2  3102.7
  -367 358.978   0.003 358.982  3316132.7 331596.8 174093.2 69974.2  12124.6  7353.6  6220.0
  -366 -1075.473   0.011 -1075.381  3037366.3 351534.2 187677.1 46112.9  11015.2  8893.6  6077.2
  -365 713.847   0.004 713.851  3512209.0 346890.6 227445.0 70408.9  11702.4 10206.6  7477.2
  -364 762.728   0.002 762.730  3970341.7 359238.2 273478.7 63129.1  12170.4  9530.3  9485.1
  -363 667.484  -0.000 667.484  3939131.7 386396.8 321515.0 61265.7  14322.1  8243.6  8865.6
  -362 -101.858   0.007 -101.851  3575136.4 399422.9 251983.8 52503.8  11470.9  5419.2  6168.7
  -361 306.303   0.000 306.303  3947290.2 386581.0 435653.0 58651.3  15163.0  9325.0  8775.7
  -360 549.731   0.001 549.731  4165654.1 381470.5 352281.5 62955.6  18905.2  3596.0  9595.3
  -359 -1618.825   0.016 -1618.810  3154170.0 381689.2 289445.9 34335.1   9318.2  9884.5  5222.9
  -358 -269.155   0.015 -269.140  3228693.3 386520.7 239477.3 54018.6   8934.5  7217.3  5592.5
  -357 1153.242   0.007 1153.249  4054784.3 372876.8 349968.4 69230.2  12453.1  6499.3  8561.0
  -356 -1300.920   0.019 -1300.901  3232873.6 412423.1 274258.9 34149.7  11671.7  6798.9  6311.1
  -355 -857.398   0.023 -857.375  2973806.9 433562.0 213620.2 48041.0   8114.6  9280.2  3882.6
  -354 -50.461   0.016 -50.445  3399844.6 436860.1 293539.7 56840.0   9827.3  6833.2  6407.8
  -353 -483.939   0.021 -483.918  2986991.2 440589.7 221487.8 46511.8   9365.6  8303.4  4897.6
  -352 1457.764   0.003 1457.768  4252952.8 409186.2 516187.9 65454.7  15583.1 17227.6 10792.0
  -351 1051.925  -0.001 1051.924  4221572.7 392568.9 712829.2 49898.0  17078.7  4124.3 10292.3
  -350 1057.090  -0.019 1057.071  4525849.0 464147.1 771876.0 49093.9  18985.5  2962.3 11387.0

         Carbon flux (ktC/yr)        Water (dam3/yr)                Nitrogen (MgN/yr)
       ----------------------- -------------------------- --------------------------------
Spinup NEP     estab   NBP     transp     evap    interc  nuptake ndemand  nlosses ninflux
------ ------- ------- ------- ---------- ------- ------- ------- -------- ------- -------
  -349 -1406.135   0.013 -1406.122  3605506.1 423292.3 368841.6 25317.8  14413.8  4214.6  7034.9
  -348 -738.270   0.015 -738.255  3257240.2 428937.4 304675.7 46452.3   9946.5  5876.9  5608.8
  -347 551.231   0.006 551.236  4025213.0 424868.7 460272.1 60339.1  17427.9  6468.5 10345.6
  -346 -426.017   0.012 -426.005  3580538.6 446709.5 314552.4 42238.7  11490.4  4107.2  6510.2
  -345 -1363.383   0.024 -1363.343  2882697.9 476124.2 247120.1 36532.9   9598.3  5525.1  4082.0
  -344 -1051.182   0.018 -1051.164  3106557.2 366862.2 271098.6 42409.0  12084.0  7220.3  7096.2
  -343 -1867.323   0.023 -1867.300  2599395.7 405300.7 201674.7 37223.1   5529.7  9839.8  3760.3
  -342 1018.643   0.007 1018.650  3402081.5 471757.9 237122.8 71818.9   7779.0  7662.8  6254.2
  -341 -53.152   0.011 -53.141  3153337.6 443575.0 223835.8 49818.9  10691.9  6611.1  7829.3
  -340 1182.809   0.001 1182.810  3822862.4 446588.1 313973.0 62103.5  12076.1  8425.4  9559.0
  -339 -782.244   0.013 -782.232  3093622.9 464715.5 247854.0 37333.8  11986.5  7032.6  7685.3
  -338 301.800   0.002 301.802  3772646.7 451048.5 324906.9 63259.0  16125.6  6587.1  9629.7
  -337 116.997   0.008 117.005  3290695.3 487216.7 248922.6 50378.6  12083.2  4182.1  6215.3
  -336 526.865   0.002 526.867  3603869.0 480426.0 358827.0 52352.1  14056.7  5407.6  7753.5
  -335 654.611   0.000 654.611  3950507.0 455321.8 415455.4 54876.2  16473.3  4914.3  8880.7
  -334 -679.348   0.006 -679.342  3612477.7 384515.3 320459.3 39675.4  13877.5  4905.9  7203.7
  -333 -715.401   0.007 -715.393  3532693.9 468494.0 352219.9 48998.4  13007.2  3934.1  6932.7
  -332 -1969.518   0.015 -1969.503  2864808.8 382871.6 230798.9 35700.1   9503.3  5974.1  5905.9
  -331 941.946   0.007 941.953  3328326.2 467363.2 244158.0 69962.8  10332.7  7732.1  6110.6
  -330   4.266   0.005   4.271  3490498.8 460180.5 307037.1 48201.1  12599.2  6666.9  7784.9
  -329 288.458   0.002 288.460  3786061.7 426372.1 351435.1 62317.2  17984.6  8253.1  9559.1
  -328 1015.968   0.000 1015.968  4075387.9 411140.5 347812.0 57872.1  18388.1  2946.0  9783.1
  -327 -165.619   0.007 -165.612  3700369.5 441366.2 387786.7 47135.0  13104.3  4014.1  6975.8
  -326 -1035.078   0.008 -1035.070  3397101.9 444194.0 357510.8 39827.7  13574.7  6355.2  6268.1
  -325 788.694   0.002 788.696  3743905.4 472219.7 446777.1 69275.1  14257.9  7971.5  7640.3

         Carbon flux (ktC/yr)        Water (dam3/yr)                Nitrogen (MgN/yr)
       ----------------------- -------------------------- --------------------------------
Spinup NEP     estab   NBP     transp     evap    interc  nuptake ndemand  nlosses ninflux
------ ------- ------- ------- ---------- ------- ------- ------- -------- ------- -------
  -324 281.181  -0.007 281.174  3961722.1 403359.2 387686.0 50947.9  16719.0  8211.9  8990.9
  -323 -2186.433   0.010 -2186.423  3177185.6 354445.8 248617.7 34517.4  11537.9  5144.2  6200.9
  -322 -611.093   0.015 -611.069  2953428.6 461261.5 192647.5 52976.6   7587.8  9074.4  3910.5
  -321 -739.467   0.017 -739.450  2893468.0 457212.2 191267.0 48309.7   8712.0  8803.0  4189.8
  -320 1228.165   0.005 1228.170  3879688.4 447731.6 295092.8 74677.8  16247.6  7464.3  8515.1
  -319 -703.220   0.014 -703.205  2991938.9 477368.1 234425.7 39694.6   9447.6  8826.6  3494.7
  -318 1333.976   0.003 1333.979  3790893.4 506232.4 349424.2 70774.4  13465.3  5703.5  6567.3
  -317 -630.774   0.008 -630.766  3457364.2 408158.8 290720.1 41293.3  12173.0  7213.5  6912.3
  -316 -1712.549   0.014 -1712.535  2774138.4 441980.3 216472.8 32460.5   7943.4  6760.7  5132.8
  -315 1981.707   0.001 1981.708  3828381.9 502112.7 258855.8 76564.4  11748.8  6127.7  7610.8
  -314 656.275   0.002 656.277  3659633.3 474068.9 327869.5 51818.7  13549.9  7280.4  7656.2
  -313 580.032  -0.004 580.028  3979130.4 434245.9 538122.5 55254.0  18561.4 11059.4  9606.0
  -312 249.183  -0.007 249.176  4019251.3 415918.7 566587.8 52481.5  19309.0  3097.0  9486.2
  -311 -320.713   0.004 -320.710  3667981.4 420540.0 347025.5 48785.0  15997.1  2789.2  7470.5
  -310 301.728  -0.000 301.728  4084162.3 402142.9 390405.0 62682.8  17488.8  3322.7  8776.0
  -309 -2391.687   0.012 -2391.675  3089946.4 368827.9 243321.0 31060.1  11447.4  4580.0  6091.8
  -308 1513.820  -0.008 1513.813  3875448.6 470886.8 359005.5 73643.3  12318.2  8884.4  8578.9
  -307 -74.818   0.003 -74.815  3499036.4 454245.5 227592.7 53406.5  13548.1  4481.0  7706.8
  -306 -1289.907   0.015 -1289.833  3033204.6 460768.3 232484.2 40184.9  11685.4  6226.6  5558.7
  -305 348.194   0.009 348.203  3276200.6 459243.6 211963.6 65665.5  11246.2  7486.8  5961.4
  -304 -1174.012   0.016 -1173.996  2805150.6 480109.6 206654.5 40259.4   9284.4  8448.5  3963.2
  -303  80.231   0.009  80.240  3162726.3 488523.7 204813.0 62415.0  10976.0  6362.0  4593.2
  -302 1206.172   0.007 1206.179  3651261.9 471091.9 318163.8 68770.7  14842.0  5136.0  6055.8
  -301 -816.297   0.016 -816.282  3075897.7 496758.3 236236.5 41833.2  11250.7  7198.3  3695.2
  -300  30.625   0.008  30.632  3559109.3 435159.0 315289.9 62248.3  14416.7  7308.5  6356.1

         Carbon flux (ktC/yr)        Water (dam3/yr)                Nitrogen (MgN/yr)
       ----------------------- -------------------------- --------------------------------
Spinup NEP     estab   NBP     transp     evap    interc  nuptake ndemand  nlosses ninflux
------ ------- ------- ------- ---------- ------- ------- ------- -------- ------- -------
  -299 918.732   0.006 918.738  3690076.2 516907.3 424891.6 68133.4  12547.9  6788.7  5882.3
  -298 582.773  -0.001 582.773  3919566.4 453428.5 457430.2 57622.9  20499.5 12199.9  8848.4
  -297  70.507  -0.004  70.503  4035809.2 440017.5 453917.3 53877.3  15622.8  3843.7  8558.0
  -296  76.418   0.001  76.419  4028821.9 378384.2 488957.5 54198.9  17418.4  6025.0  9466.2
  -295  42.244   0.005  42.249  4188057.8 393446.6 357828.6 57069.5  15862.6  3524.8  9427.5
  -294 159.912   0.005 159.916  4017268.8 425216.5 475378.5 57772.1  17842.0  3129.6  9259.9
  -293 -1067.486   0.008 -1067.478  3631345.6 388120.0 363799.9 41107.3  15369.8  5033.1  7360.7
  -292 529.025   0.006 529.030  4041036.7 409760.1 324502.7 68327.4  14331.8  6067.8  9483.6
  -291 -725.838   0.009 -725.815  3383454.1 420633.2 245116.4 53819.0  13557.3  4784.6  5844.5
  -290 -1295.085   0.019 -1295.011  2987594.3 448120.9 243050.9 45980.5  10430.4  7668.8  3522.6
  -289 1214.307   0.009 1214.316  3835872.2 423897.9 341239.5 75329.2  14506.2  6553.8  7329.5
  -288 123.655   0.009 123.664  3912678.3 422389.8 403025.8 59727.3  19065.2  3922.1  8850.1
  -287 1316.644   0.002 1316.646  4266389.5 438968.0 531681.9 68154.5  19271.5  4432.3 10009.0
  -286 -708.231   0.004 -708.226  3771631.6 371979.9 321920.2 49456.4  15578.0  4484.0  7647.1
  -285 -1365.596   0.012 -1365.584  3303533.0 433128.0 277162.9 50045.7  13586.2  5696.2  6605.5
  -284 1574.720   0.002 1574.721  4308410.2 408367.1 386931.7 79327.6  19787.6  4399.8 11165.8
  -283 584.767   0.005 584.771  4325677.9 360218.2 359222.1 59166.0  18024.3  3029.7 10389.7
  -282 -1852.904   0.010 -1852.894  3196039.2 333895.0 308798.4 35892.9  13373.7  5709.7  6645.9
  -281 319.883   0.008 319.891  3569638.5 452446.1 299861.5 68833.8   8549.3 10853.0  5545.1
  -280  -8.421   0.005  -8.416  3737752.4 406269.5 398111.7 63089.2  15705.5 10785.6  9413.7
  -279 113.919   0.005 113.924  3961429.7 399409.8 315380.4 62040.7  14516.1  4247.1  9991.5
  -278 -492.181   0.006 -492.175  3687950.6 385820.6 309213.4 55355.4  14284.6  4136.6  8130.1
  -277 890.138   0.001 890.140  4409261.4 373840.6 367456.4 71766.0  18273.7  4416.6 12554.7
  -276 746.968   0.003 746.971  4294230.7 353190.7 479187.5 58104.0  18013.7  5725.8 11074.8
  -275 -691.695   0.006 -691.689  3804707.2 331385.8 300203.5 57617.0  15365.2  5975.7  7950.4

         Carbon flux (ktC/yr)        Water (dam3/yr)                Nitrogen (MgN/yr)
       ----------------------- -------------------------- --------------------------------
Spinup NEP     estab   NBP     transp     evap    interc  nuptake ndemand  nlosses ninflux
------ ------- ------- ------- ---------- ------- ------- ------- -------- ------- -------
  -274 -1223.913   0.009 -1223.904  3376232.5 363179.3 266286.3 58691.2  12982.1  6511.7  7145.6
  -273 -361.376   0.008 -361.368  3523006.5 418694.5 273001.2 67424.9  12898.2  5596.7  7589.1
  -272 -817.432   0.012 -817.194  3118406.5 432580.6 202600.6 61092.1  12291.7  7912.1  5663.1
  -271 867.283   0.010 867.293  3545919.9 444840.8 399059.7 67147.2  10275.8 12802.8  5492.2
  -270 -113.077   0.007 -113.069  3826198.9 395693.9 299600.0 65152.6  14307.6 12945.2  8689.9
  -269 -538.804   0.006 -538.798  3638135.5 338446.7 222224.5 67608.5  16212.0  5023.6  9053.6
  -268 -1269.125   0.013 -1269.112  3147970.5 348897.8 254479.7 48321.7  12718.2  7719.8  7392.1
  -267 893.379   0.012 893.391  3611051.5 423022.0 302201.8 80495.7   9553.0 11144.1  5473.4
  -266 -2093.379   0.015 -2093.364  3031480.5 351255.8 205824.9 41846.4   9961.0  8458.3  6750.8
  -265 2166.284   0.000 2166.285  4149776.8 413193.7 428633.2 88484.1  14872.0 20907.6  9743.3
  -264 315.566  -0.000 315.566  3852213.4 423704.2 310470.4 61086.0  13659.5  5532.8  9322.8
  -263 676.043   0.002 676.044  4308066.7 364948.6 437894.2 66161.7  17624.8  6498.5 12047.8
  -262 -2085.943   0.012 -2085.931  3228815.2 317778.6 220000.3 44584.6  11569.3  7452.5  6796.2
  -261 441.942   0.005 441.947  3688848.4 359352.5 256669.9 73643.6  12130.2  8193.2  8607.8
  -260 939.873   0.002 939.876  3866019.5 436232.5 310582.7 74368.3  12629.2  6408.8  7948.1
  -259 449.175   0.007 449.182  4219792.5 344979.8 338738.5 66579.9  14334.2  8220.0  9461.4
  -258 292.989   0.006 292.995  4080841.6 391919.8 423155.2 66722.6  15692.4  6137.7  9523.8
  -257 261.318   0.006 261.323  4337308.8 351137.0 336593.7 66542.5  14789.4  7972.8  9692.9
  -256 -1406.081   0.009 -1406.072  3548952.1 334189.1 276236.6 51972.4  12149.9  7942.0  6801.4
  -255 -549.215   0.011 -549.203  3289919.3 378577.6 247486.8 60980.3  10445.7  8186.4  5719.8
  -254 -706.526   0.009 -706.517  3293695.2 315273.9 262490.9 52370.4  11583.5 10842.6  7034.8
  -253 -1398.599   0.015 -1398.469  2883785.3 441064.5 227872.5 47415.3   7936.9 15240.6  3618.2
  -252 3038.214   0.007 3038.220  4403763.8 417513.0 323788.4 102764.0  14003.8  9033.6  8716.4
  -251 -748.466   0.014 -748.452  3296736.9 434293.2 279915.4 32306.4  11649.3 10442.3  6760.6
  -250 -796.654   0.012 -796.642  3117358.8 391970.2 270779.7 52398.6  11147.7 14624.4  5873.9

         Carbon flux (ktC/yr)        Water (dam3/yr)                Nitrogen (MgN/yr)
       ----------------------- -------------------------- --------------------------------
Spinup NEP     estab   NBP     transp     evap    interc  nuptake ndemand  nlosses ninflux
------ ------- ------- ------- ---------- ------- ------- ------- -------- ------- -------
  -249 -712.811   0.014 -712.798  2902696.7 524120.2 288559.2 46620.3   7709.5 16401.5  3795.8
  -248 598.411   0.005 598.416  3536004.7 406034.7 209268.0 76348.9  13077.7  7384.4  6656.0
  -247 -705.437   0.014 -705.424  3001081.6 478888.9 256962.6 41443.4   8707.0 11154.1  4985.7
  -246 2075.990  -0.000 2075.989  4261852.9 469716.0 444768.0 80259.8  16147.9  9730.3  9988.4
  -245 711.874  -0.001 711.874  3937143.7 440330.8 405072.6 53916.2  14095.0 10007.6  8390.7
  -244 1097.073  -0.011 1097.062  4487274.8 416390.0 472660.7 62799.0  19884.9  4588.3 10760.1
  -243 -22.911  -0.000 -22.912  3923317.6 423971.0 442034.8 47631.8  15820.6  3716.2  7943.6
  -242 516.998  -0.009 516.989  4476429.2 408536.2 483277.4 60725.5  22199.8  2812.5 10858.2
  -241 -265.382  -0.010 -265.391  3947263.6 406300.9 442789.4 49092.6  16869.5  2842.5  8057.6
  -240 -81.047  -0.029 -81.076  4029613.1 421180.0 418193.5 59300.3  20971.1  2606.7  9266.8
  -239 -25.594  -0.031 -25.625  4005111.3 424184.3 394068.0 56572.0  16413.5  2416.8  8287.2
  -238 193.417  -0.027 193.390  4238397.0 378758.8 398764.5 61388.9  22188.0  1530.5  9993.9
  -237 -1120.737  -0.002 -1120.737  3352579.3 444578.1 287968.4 50529.8  13709.3  2778.4  5762.2
  -236 -773.366  -0.012 -773.378  3464103.4 415087.6 334922.4 57236.8  15973.2  3597.2  7468.5
  -235 -2287.027   0.011 -2287.017  2724525.8 413960.2 220385.2 36831.9   9171.4  6709.7  5218.7
  -234 654.299   0.001 654.300  3239330.5 402240.1 172933.0 78192.9  10995.4  6549.9  6025.8
  -233 -880.479   0.015 -880.464  2820420.1 468786.8 198374.9 48187.9   7060.5 13993.0  4777.2
  -232 277.705   0.005 277.710  3227828.4 419370.2 164880.2 69043.9  11953.8  6183.6  7730.4
  -231 -766.889   0.013 -766.875  2829144.7 469205.5 185387.3 50933.0   7779.5 12313.3  5656.2
  -230 1814.793  -0.007 1814.785  4129900.0 451602.6 280897.8 77646.4  15421.0  6795.0 12062.9
  -229 1045.376  -0.022 1045.354  4166916.1 438141.8 469154.9 60130.7  16286.2 22524.2 11889.1
  -228 225.916  -0.041 225.875  3975345.5 373046.1 474149.1 56050.5  17231.4  5893.3 10465.6
  -227 -1316.747  -0.014 -1316.761  3252355.2 436797.1 298737.8 42232.5  12729.8  5159.4  6615.4
  -226 939.685  -0.023 939.661  3843082.5 410049.3 298490.2 71797.3  14441.9  8488.4  9191.3
  -225 -1078.004  -0.008 -1078.012  3339638.3 437797.2 290589.5 41850.8  13322.1  7596.2  7110.5

         Carbon flux (ktC/yr)        Water (dam3/yr)                Nitrogen (MgN/yr)
       ----------------------- -------------------------- --------------------------------
Spinup NEP     estab   NBP     transp     evap    interc  nuptake ndemand  nlosses ninflux
------ ------- ------- ------- ---------- ------- ------- ------- -------- ------- -------
  -224 478.818  -0.041 478.777  3949921.7 402475.1 305085.9 75049.8  17215.9  8195.7  9650.5
  -223 -404.936  -0.034 -404.970  3502710.2 358867.4 212998.1 59997.8  14753.4  4084.0  8053.5
  -222 -980.107  -0.013 -980.120  3101248.1 463915.3 274662.0 48479.9  10348.7  7714.2  5538.5
  -221 -75.515   0.001 -75.514  3372264.2 387342.9 212862.2 68956.4  11163.1  8271.7  6966.9
  -220 665.917  -0.017 665.900  3909401.5 439266.9 297750.5 73306.1  17293.4  6797.2  9014.2
  -219 -1203.154   0.018 -1203.137  3062881.5 461444.7 213470.8 47440.7   9097.7  8609.3  3709.4
  -218 -55.551   0.009 -55.542  3229223.9 464086.1 212528.5 64356.9  10656.2  7396.6  4454.7
  -217 799.500   0.000 799.500  3604618.9 450254.4 314084.7 71208.4  12301.2  7129.0  6319.8
  -216 1531.777  -0.008 1531.769  4515283.5 394173.8 397288.2 74137.6  19586.6  5557.8 11378.0
  -215  53.987  -0.009  53.979  3980249.9 400210.6 455997.0 55469.2  14523.7 17184.7  8139.3
  -214 -1354.633  -0.001 -1354.634  3370987.1 450193.7 340834.1 45229.4  12444.7  7167.4  6131.4
  -213 521.998   0.003 522.001  3662725.3 442209.2 241997.5 73165.0  12862.7  6005.1  6821.0
  -212 -1010.880   0.013 -1010.867  3142830.0 440265.0 277231.0 45989.8  11750.0  6752.3  5601.9
  -211 1361.946  -0.004 1361.943  3848669.3 474006.9 434152.7 75574.9  14770.9  5451.1  7980.9
  -210 343.072  -0.008 343.064  3981101.5 410415.3 379984.7 57257.0  16144.2  7820.9  8817.0
  -209 -867.899  -0.007 -867.906  3700738.0 417575.0 335311.7 51673.8  14666.2  4433.4  7689.7
  -208 112.172  -0.005 112.168  3671532.9 431820.3 428745.9 61611.1  13873.1  9159.6  8549.8
  -207 102.403  -0.011 102.392  3901030.5 371704.2 320014.5 58511.2  16562.2  6902.1  9221.5
  -206 -490.799  -0.007 -490.807  3732295.6 328293.1 242680.6 60488.3  16999.2  3711.9  8789.2
  -205 -1450.496   0.009 -1450.487  2970241.4 416500.8 250850.7 48453.5   9209.5  9870.6  5595.3
  -204 1196.557  -0.006 1196.551  3698371.7 445022.5 281939.0 74346.7  14056.5  6300.3  8512.4
  -203 586.148  -0.005 586.144  3975771.7 420675.3 299504.3 60943.0  12723.9  6867.3  9168.7
  -202 149.733  -0.006 149.727  3872077.5 384831.8 341556.1 60044.6  14141.5  6406.7  8770.2
  -201 497.178  -0.026 497.152  4164395.5 377182.7 524508.9 64930.6  18868.5 12584.3 10344.0
  -200 -68.811  -0.023 -68.834  3996009.0 394173.1 338078.4 59517.2  13691.8  4946.1  8609.6

         Carbon flux (ktC/yr)        Water (dam3/yr)                Nitrogen (MgN/yr)
       ----------------------- -------------------------- --------------------------------
Spinup NEP     estab   NBP     transp     evap    interc  nuptake ndemand  nlosses ninflux
------ ------- ------- ------- ---------- ------- ------- ------- -------- ------- -------
  -199 -875.947  -0.015 -875.962  3554228.5 353637.1 286481.5 56652.4  15362.6  4413.2  7254.1
  -198 700.258  -0.035 700.222  4005722.1 402825.3 417540.6 74614.2  16258.8  7457.0  8289.6
  -197   0.425  -0.024   0.401  4060128.7 404617.2 396418.5 64036.7  16324.8  4300.9  8937.9
  -196 305.608  -0.019 305.589  4045140.4 367649.2 359391.5 63866.6  16914.1  7096.6  9255.9
  -195 -369.756  -0.005 -369.762  3773022.8 385267.7 259094.0 60940.6  13806.4  4818.2  7421.1
  -194  65.319  -0.006  65.313  3854923.8 396946.8 328492.9 64919.6  13094.7  6626.9  8036.5
  -193 -186.663  -0.015 -186.677  3992575.4 355818.9 353678.3 67285.1  19206.8  5633.8  9315.9
  -192 -1089.701   0.003 -1089.698  3311719.7 416288.4 329999.6 45811.7  12078.1  7230.4  5845.6
  -191 687.655  -0.004 687.651  4012868.6 378201.4 312740.8 78505.5  16117.3 10295.2  9393.8
  -190 -548.558   0.002 -548.555  3465277.4 406884.7 237208.3 57954.5   9776.9  7473.0  6425.3
  -189 823.246  -0.006 823.240  3973974.8 376555.3 286051.6 72031.2  15864.2  5395.7 10180.4
  -188 -578.602  -0.003 -578.605  3417528.8 342363.5 223400.8 57864.0  14134.8  5845.2  7702.8
  -187 -124.489  -0.006 -124.495  3271299.8 438090.7 387976.8 65493.0  10401.2 14073.3  6429.2
  -186 133.613  -0.028 133.585  3726933.3 348245.9 280586.6 67418.4  16735.5 14165.7  9574.4
  -185 572.270  -0.011 572.259  3983274.5 351425.5 466042.3 66450.6  18989.7 10160.1 10789.7
  -184 -72.337  -0.000 -72.337  3867653.2 338071.3 340723.2 63761.1  18295.4  4013.0  9610.1
  -183 323.552  -0.002 323.550  3800586.5 355507.7 399054.8 67397.2  19315.4  6157.2  9516.1
  -182 331.620  -0.003 331.616  3757426.1 340600.8 363927.2 65144.8  16684.3  7024.7  8692.6
  -181  21.508  -0.004  21.504  3708341.1 328868.6 262399.3 67768.6  17704.9  4223.0  8653.3
  -180 1049.605  -0.017 1049.588  4170473.3 362621.2 410467.0 74831.7  19777.1  6157.9  9880.3
  -179 844.052  -0.048 844.004  4119505.6 339243.0 440059.7 67357.9  17843.6  5375.9  8618.0
  -178 -90.989  -0.038 -91.027  3776824.1 322927.5 308290.1 64303.7  17800.2  5476.5  7756.7
  -177 251.138  -0.051 251.087  3856175.4 351015.4 617887.8 69339.1  22222.8  8338.6  8471.7
  -176 -1438.205   0.007 -1438.198  3233488.1 329427.8 304170.1 52958.9  13153.7  5469.0  4855.7
  -175 569.039  -0.011 569.029  3849479.9 324731.1 371623.4 75225.3  17103.4  5570.6  7728.2

         Carbon flux (ktC/yr)        Water (dam3/yr)                Nitrogen (MgN/yr)
       ----------------------- -------------------------- --------------------------------
Spinup NEP     estab   NBP     transp     evap    interc  nuptake ndemand  nlosses ninflux
------ ------- ------- ------- ---------- ------- ------- ------- -------- ------- -------
  -174 267.167  -0.019 267.148  3962468.6 313979.9 399511.4 69672.3  18473.4  5965.0  8437.0
  -173 653.600  -0.041 653.559  4121272.1 334834.6 378585.4 71029.4  21216.0  4295.5  9287.0
  -172 208.197  -0.032 208.165  3940186.2 311459.7 458015.3 64463.5  16177.5  5489.1  6770.7
  -171  48.364  -0.018  48.346  3968964.1 307153.2 458270.9 70360.2  18650.6  6561.4  7418.0
  -170  29.565  -0.000  29.565  3772744.8 331587.1 432557.0 65435.1  18496.9  8209.0  7434.8
  -169 224.929  -0.001 224.928  3833431.3 350402.6 537457.7 67459.1  19520.0  6905.7  7737.0
  -168 1013.212  -0.002 1013.209  4261945.3 384655.1 694491.5 70085.7  23395.3  9127.5  9000.3
  -167 -19.995   0.000 -19.995  3979413.2 302867.4 355966.1 61521.2  17085.6  2979.7  6279.6
  -166 -680.760   0.001 -680.758  3727758.4 310298.0 472352.4 58331.3  17875.8  4840.0  6372.7
  -165  83.918  -0.001  83.917  3816363.7 330024.7 497481.8 69136.4  22804.9  8537.1  7656.4
  -164 1159.778  -0.002 1159.776  4346950.1 338674.7 497038.9 72940.2  22529.2  4493.0  8371.2
  -163 -716.684   0.001 -716.683  3816014.5 283927.4 340575.0 54505.9  19527.6  3704.9  6226.0
  -162 -1659.645   0.005 -1659.640  3293535.1 312929.1 330074.1 51646.2   8681.8  7568.6  3919.2
  -161 825.938  -0.003 825.936  3841646.2 327589.7 325894.5 77566.6  18517.6  4925.1  8434.0
  -160 -1508.797   0.004 -1508.793  3152976.2 274572.3 320128.4 36587.6  13242.3  9140.9  5399.0
  -159 -771.038   0.007 -771.032  3148802.1 336897.0 237748.1 61700.1   5624.8 12887.1  2989.0
  -158 1055.973  -0.005 1055.967  3635753.5 336315.3 272402.8 77993.0  13118.9  8233.8  7627.4
  -157 -46.887  -0.001 -46.888  3582479.1 314478.5 280522.4 61632.1  14424.1  9869.5  7257.5
  -156 571.074  -0.003 571.071  3745267.1 343860.1 408994.2 72015.7  16626.7 10667.0  8170.7
  -155 -1018.243   0.002 -1018.240  3467985.3 309624.7 336176.8 39394.0  14852.2 16321.1  6048.6
  -154 -1249.577   0.004 -1249.573  3155920.2 278823.5 207630.8 62567.0  10149.8 11167.2  5218.6
  -153 -502.148   0.002 -502.146  3178353.7 273012.7 220445.4 62136.3  12491.2 14834.3  6364.0
  -152 1409.450  -0.005 1409.445  3814115.2 336408.5 334433.4 87062.0  13923.1 16614.3  7242.9
  -151 1101.093  -0.004 1101.090  4033315.7 331014.3 484745.1 65188.6  18370.6 11156.9  8638.6
  -150 -504.274   0.000 -504.274  3620655.4 282877.8 257690.7 53661.8  15103.4  5295.3  6008.1

         Carbon flux (ktC/yr)        Water (dam3/yr)                Nitrogen (MgN/yr)
       ----------------------- -------------------------- --------------------------------
Spinup NEP     estab   NBP     transp     evap    interc  nuptake ndemand  nlosses ninflux
------ ------- ------- ------- ---------- ------- ------- ------- -------- ------- -------
  -149 -860.643   0.004 -860.639  3305393.0 317514.2 261326.1 61311.2  10582.0  8167.6  4426.5
  -148 258.432   0.001 258.433  3655421.9 314835.7 324203.2 69460.1  13436.8  8427.9  6526.8
  -147 -288.483  -0.001 -288.484  3692698.4 299288.6 316614.4 64965.2  17065.5 13052.2  7215.4
  -146 1144.953  -0.002 1144.951  3895892.1 336866.1 358670.9 76993.5  14038.9  6652.7  6293.6
  -145 242.779  -0.003 242.776  4019870.3 326267.1 379664.3 61953.8  18139.6 10466.7  7320.9
  -144 -1527.756   0.005 -1527.751  3264098.6 276268.4 320186.7 38711.2  13559.9  9562.3  4997.7
  -143 1389.615  -0.002 1389.613  3871205.7 341055.5 338373.9 83227.0   9058.6 10841.5  4205.9
  -142 -2090.712   0.006 -2090.706  3165010.4 286951.4 233716.7 38082.0  10880.9 10427.9  4985.9
  -141 2323.894  -0.005 2323.889  4062061.6 326575.2 253315.3 88624.3  12534.0  9536.6  7205.4
  -140 692.986  -0.004 692.983  3932585.3 336796.8 389514.7 57177.7  15586.8 14801.1  7044.4
  -139 -1364.685   0.004 -1364.680  3455564.0 298166.5 286497.3 47549.8  11243.8 11775.5  4631.0
  -138 2067.620  -0.005 2067.615  4322654.6 332650.9 335975.7 83619.8  16709.7  8133.9  8498.7
  -137 386.720  -0.001 386.719  4170748.4 317459.2 356429.4 57191.5  14201.6  9703.2  5891.7
  -136 -675.896   0.001 -675.895  3787038.5 273436.5 272102.4 59728.5  18846.2  5613.7  5943.1
  -135 224.808  -0.001 224.807  3748782.6 319584.3 379267.1 68687.5  15827.3  6957.6  5617.0
  -134 -887.477   0.002 -887.475  3755503.4 290493.4 358133.9 57662.2  18885.0  8969.1  5849.2
  -133 713.844  -0.001 713.843  3882168.9 322730.5 378289.3 71141.3  15050.4  6499.8  5597.4
  -132 700.911  -0.001 700.910  4226686.2 289895.3 407741.3 66608.6  16752.7  6848.9  6049.1
  -131 -573.296   0.002 -573.294  3723444.7 310767.5 290898.6 59133.3  16073.7  6806.9  4911.6
  -130 -26.158  -0.001 -26.159  3955033.4 322792.5 390737.0 70490.1  21216.5  6539.1  6201.0
  -129 1665.976  -0.002 1665.974  4501619.7 329810.5 443962.8 74936.6  21538.9  5715.8  7208.1
  -128 140.347   0.000 140.347  4020345.7 307652.9 569585.2 46841.5  15400.0 15991.8  4883.6
  -127 -1061.865   0.009 -1061.856  3752669.2 289282.1 309874.4 57910.4  16912.1 10198.7  4824.1
  -126 -516.351  -0.001 -516.352  3440051.1 290764.8 265388.3 61286.5  16727.8  5419.5  5526.1
  -125 891.438  -0.003 891.435  3910423.2 321943.4 419975.8 70402.0  18731.2  7312.8  6944.9

         Carbon flux (ktC/yr)        Water (dam3/yr)                Nitrogen (MgN/yr)
       ----------------------- -------------------------- --------------------------------
Spinup NEP     estab   NBP     transp     evap    interc  nuptake ndemand  nlosses ninflux
------ ------- ------- ------- ---------- ------- ------- ------- -------- ------- -------
  -124 -657.223   0.002 -657.221  3734880.3 295586.7 302205.2 48149.0  12054.2  7809.3  4467.2
  -123 -489.524   0.004 -489.520  3515573.5 299193.2 340944.7 53426.7  12928.0  9299.3  5171.5
  -122 1129.621  -0.004 1129.617  4076283.1 316732.6 481314.0 71340.4  19393.8 18047.3  8352.2
  -121 869.379  -0.002 869.377  4166723.5 318696.2 350344.3 60868.3  19524.8  3447.3  7379.4
  -120 386.667  -0.001 386.666  4115775.2 322274.2 587951.1 59284.0  19902.3  7303.5  6711.9
  -119 -327.207   0.001 -327.206  3934046.0 305619.7 503606.7 56902.6  18997.8  5241.4  5886.6
  -118  19.913  -0.001  19.912  3927787.0 314440.1 452900.6 65013.9  25195.9  4265.6  7193.9
  -117  48.714  -0.000  48.714  4122262.4 309873.5 462824.4 59270.5  19601.2  3756.3  6178.6
  -116 134.555  -0.001 134.554  3969529.8 314218.2 473104.1 61254.2  24382.5  5918.8  6859.7
  -115 -1588.927   0.005 -1588.921  3477441.6 284818.1 319184.7 40739.2  13897.6  7203.7  4611.8
  -114 555.785  -0.001 555.784  3780371.6 293891.1 318694.2 68987.0  13727.9  6378.8  6482.4
  -113 1099.231  -0.003 1099.228  4064471.6 316245.5 363067.6 66119.8  18759.9  6447.2  7938.9
  -112 -997.719   0.003 -997.716  3657521.8 283019.7 296584.9 43259.4  14417.6  7720.3  5070.5
  -111 953.669  -0.002 953.667  3849392.4 332496.3 415873.6 67032.9  14339.6  8803.8  6249.7
  -110 459.885  -0.001 459.883  4053735.4 319862.2 540989.9 60951.2  20610.4 13642.8  7642.0
  -109 -787.309   0.001 -787.308  3611505.9 269490.7 269688.6 54709.8  18727.4  3689.0  5997.9
  -108 -752.170   0.002 -752.167  3626320.8 283321.5 336920.3 64107.2  18037.8  5020.5  6104.0
  -107 -496.914   0.001 -496.913  3356838.8 274013.0 234310.0 63363.1  16284.1  5253.4  6062.1
  -106 -797.848   0.006 -797.842  3281005.9 312109.3 238919.3 54935.3  10196.2  7658.9  4314.1
  -105 1098.977  -0.005 1098.973  3861546.1 326432.0 277057.4 74811.5  18985.6  5304.6  8338.8
  -104 905.037  -0.003 905.034  3953261.1 325204.7 391053.0 58761.6  17030.0  9593.4  7465.6
  -103 242.091  -0.000 242.091  3803731.2 307704.1 473174.9 53362.6  14089.0 16870.6  5847.6
  -102 -1749.915   0.007 -1749.908  3247007.9 263133.6 303201.9 40709.9  16374.7  9999.9  5574.8
  -101 1088.776  -0.003 1088.773  3831821.2 298567.2 299027.3 81037.6  12762.6  6670.8  6829.1
  -100 -36.940  -0.001 -36.941  3664935.5 299239.5 231667.7 57171.2  14035.7  5429.1  6936.2

         Carbon flux (ktC/yr)        Water (dam3/yr)                Nitrogen (MgN/yr)
       ----------------------- -------------------------- --------------------------------
Spinup NEP     estab   NBP     transp     evap    interc  nuptake ndemand  nlosses ninflux
------ ------- ------- ------- ---------- ------- ------- ------- -------- ------- -------
   -99 -15.989  -0.000 -15.989  3547087.7 313015.9 408414.3 57396.3  14397.9 11775.0  6308.1
   -98 -177.787  -0.001 -177.788  3805928.9 269128.0 235184.9 64396.1  20844.7  7624.8  7915.9
   -97 843.389  -0.003 843.386  4019015.9 316759.7 510114.6 65893.6  21481.3  6995.2  7856.2
   -96 -1616.350   0.024 -1616.326  3330883.7 286229.7 269291.4 39200.6  10489.4  6711.2  3831.1
   -95 1638.757  -0.011 1638.746  3783059.2 381111.3 318032.3 80312.8  15496.9  5955.2  6544.4
   -94 -1078.754   0.002 -1078.752  3537335.8 294445.2 261147.0 40194.2  14475.4  7644.3  6283.5
   -93 635.142  -0.003 635.139  3902946.2 315657.5 299022.9 71042.3  15709.9 11212.6  8181.4
   -92 -1093.757   0.008 -1093.749  3232232.6 304412.7 235955.0 48992.4  10723.2  9681.7  4317.0
   -91 559.328  -0.003 559.325  3528037.7 322584.0 361329.8 64883.2  12712.9 13848.3  6459.4
   -90 -446.023   0.001 -446.022  3618776.8 295048.0 234690.4 56825.3  15065.4  9261.3  7498.7
   -89 665.651  -0.003 665.648  3828799.5 333801.7 354818.1 68349.8  20739.9  6893.7  9316.4
   -88 750.211  -0.001 750.209  3884240.5 325736.9 348322.4 57492.7  16608.9  6265.6  7603.4
   -87 -1440.644   0.006 -1440.638  3250254.5 271446.2 293565.6 38189.8  15348.9  7590.9  5943.2
   -86 554.442   0.002 554.444  3648362.5 330301.8 283468.4 70112.3   9487.2 10346.4  5479.1
   -85 485.302  -0.004 485.298  3802418.8 340336.3 368434.9 60441.4  19816.9  8007.0  8872.5
   -84 600.940  -0.001 600.939  3922917.2 341468.1 341669.8 59257.0  17321.0  4686.0  7608.7
   -83 410.948  -0.000 410.948  4030525.7 324519.1 352610.1 60682.7  16989.8  4040.7  6932.7
   -82  17.483   0.001  17.484  3879337.1 310340.1 395267.2 56714.3  17918.2  5650.7  6371.8
   -81  30.532   0.001  30.534  3917867.0 308747.1 400484.4 60014.4  18894.3  6473.5  6428.6
   -80 -174.036   0.000 -174.036  3996292.8 326103.9 406314.1 62005.7  22710.8  5921.2  6812.2
   -79 451.157  -0.000 451.157  3924092.4 350312.6 502723.7 61630.8  19688.3  3678.7  6269.1
   -78 371.921  -0.001 371.920  4052405.1 344990.9 528386.9 56697.6  19785.0  6077.5  6357.5
   -77 886.712  -0.003 886.710  4388045.4 335829.4 591875.0 62018.6  23375.6  5228.5  7272.6
   -76 -1917.498   0.007 -1917.491  3663122.4 300806.4 343231.8 32734.4  17512.3  5339.2  4925.4
   -75 754.545  -0.001 754.544  3961730.4 326748.8 386634.1 71632.2  14608.3  6575.1  6483.2

         Carbon flux (ktC/yr)        Water (dam3/yr)                Nitrogen (MgN/yr)
       ----------------------- -------------------------- --------------------------------
Spinup NEP     estab   NBP     transp     evap    interc  nuptake ndemand  nlosses ninflux
------ ------- ------- ------- ---------- ------- ------- ------- -------- ------- -------
   -74 -477.727   0.001 -477.726  3693854.4 314697.5 336176.9 50965.1  17407.5  7021.5  6355.3
   -73 -276.680   0.002 -276.678  3647404.2 285077.6 249194.9 63039.7  18617.2  4764.8  6620.8
   -72 765.318  -0.002 765.316  3875408.5 334247.9 421737.2 66775.0  20043.0  6375.6  7191.0
   -71 857.109  -0.000 857.109  4153041.8 328032.5 598801.5 58987.5  20296.3  6762.1  7092.3
   -70 -1738.318   0.012 -1738.305  3299222.9 271044.5 340932.9 33856.3  15536.6  6295.0  4893.7
   -69 1925.313  -0.006 1925.307  4081231.6 365278.9 355163.1 80442.9  14429.2  6554.0  7344.7
   -68 632.529  -0.001 632.529  4018859.3 336949.5 380669.7 55601.4  17455.0  5962.7  6565.7
   -67 -231.236   0.002 -231.234  3723000.5 324389.1 294540.8 57681.1  18324.4  3936.3  5541.1
   -66 419.949  -0.001 419.948  3902225.4 340488.0 433371.1 64061.3  17869.7  3866.1  5770.2
   -65 413.098   0.000 413.098  4095487.8 336121.7 411506.9 60053.3  20165.9  4773.7  6278.3
   -64 -1200.121   0.006 -1200.115  3533264.6 302682.5 346386.7 46017.2  16542.7  5201.8  4709.1
   -63 -361.939   0.001 -361.939  3693371.5 300842.5 345367.2 65905.1  17407.1  6176.2  6234.0
   -62 -214.690   0.001 -214.689  3385985.4 341147.2 451565.2 54948.9  12204.0 13473.6  5102.6
   -61 -198.209   0.000 -198.209  3642980.8 314909.0 311368.2 59330.5  19488.4  6058.8  7248.4
   -60 196.513   0.000 196.513  3646874.7 321969.9 253565.1 64561.4  19586.3  4006.6  7454.8
   -59 224.446   0.001 224.447  3835832.9 331825.1 349185.8 57252.6  14219.9  5742.7  6155.1
   -58 -12.086  -0.000 -12.086  3903739.9 325434.2 379669.3 62925.8  21091.7  5626.1  7307.9
   -57 -175.083   0.003 -175.080  3625241.6 311660.1 361765.5 53548.0  15975.4  5478.3  5545.8
   -56 -1083.136   0.006 -1083.130  3377493.1 328393.2 347843.7 41624.0  14727.2  8949.3  5343.0
   -55 897.303  -0.002 897.301  3871481.9 329568.9 392462.7 74978.6  16958.7 11240.2  7692.1
   -54 881.823  -0.002 881.821  3981649.6 337790.1 374124.6 62272.7  18431.5  3222.0  8157.3
   -53 922.129  -0.002 922.127  4294852.4 326228.4 369807.4 60131.0  20283.2  3586.9  7932.7
   -52 -1354.664   0.004 -1354.660  3575571.8 320290.1 369373.2 41149.6  15439.7  5296.6  5023.3
   -51 724.300  -0.002 724.298  3884741.1 325921.6 388998.7 67647.1  18938.5 11377.4  7735.2
   -50 657.935  -0.001 657.935  4014201.9 331849.8 364148.1 60887.1  17923.0  5227.0  6751.9

         Carbon flux (ktC/yr)        Water (dam3/yr)                Nitrogen (MgN/yr)
       ----------------------- -------------------------- --------------------------------
Spinup NEP     estab   NBP     transp     evap    interc  nuptake ndemand  nlosses ninflux
------ ------- ------- ------- ---------- ------- ------- ------- -------- ------- -------
   -49 -157.229   0.001 -157.228  3998180.1 319767.5 398091.4 60442.4  21387.7  4644.7  6619.6
   -48 1086.387  -0.002 1086.385  4246578.0 333739.8 530565.7 68220.7  23816.9  3565.6  7594.5
   -47 -1000.518   0.001 -1000.517  3809443.8 308747.8 382531.0 42592.5  17691.5  4426.4  5169.7
   -46 -971.964   0.007 -971.957  3414011.0 297725.5 257966.4 55471.6  12119.4  7588.4  4498.4
   -45 -1294.610   0.014 -1294.596  3069170.9 322849.8 232640.5 48364.6   9686.5  8467.0  3723.1
   -44 2073.853  -0.010 2073.843  4193614.9 343581.8 376209.7 80892.2  19447.5  9415.5 10366.1
   -43 523.589  -0.004 523.585  4106982.4 330644.9 315607.0 58630.9  14384.2  8097.3  8326.0
   -42 698.337  -0.005 698.331  4061891.7 337037.1 377921.6 64527.8  18440.3  4296.2  8572.4
   -41 -600.937   0.001 -600.936  3677093.7 297025.4 309555.6 49236.9  15810.5  5507.9  6194.5
   -40 988.378  -0.002 988.377  4133748.1 334451.2 348351.2 74718.0  19566.4  3769.5  7990.5
   -39 -384.084   0.003 -384.081  3659614.7 313379.8 381674.5 46896.1  15712.1  4967.8  5300.7
   -38 191.603   0.000 191.604  3999128.0 330509.4 426898.1 68188.9  18217.9  4857.6  6901.4
   -37 1327.729  -0.003 1327.726  4507271.7 335334.8 429679.2 69438.9  22848.3  6060.1  8724.4
   -36 122.477  -0.000 122.477  4217807.0 319171.9 408672.3 54019.1  15254.7  4333.8  5679.7
   -35 -309.950   0.000 -309.950  4094213.9 329274.2 483844.3 61151.5  20475.6  3937.2  6422.6
   -34 -1643.883   0.005 -1643.878  3584257.7 294768.1 313883.7 43930.3  18413.8  6120.0  5725.4
   -33 -574.019   0.003 -574.017  3496584.3 315307.7 299634.4 60720.4  15450.4  6648.8  6372.8
   -32 500.934  -0.001 500.933  3869382.7 319180.9 298501.7 68346.5  14450.0  6857.7  7603.3
   -31 228.734   0.001 228.735  3836871.6 307564.6 350597.9 58201.2  15416.4  7744.0  6983.6
   -30 -642.230   0.006 -642.224  3515604.8 308352.2 246303.2 55675.8  14451.7  7190.8  5510.2
   -29 1134.353  -0.004 1134.350  4033995.7 335634.0 490402.0 70822.7  19927.1 13822.0  8308.4
   -28 -638.290   0.001 -638.289  3732762.1 295734.1 351059.9 52372.4  17319.5  4151.8  6188.6
   -27 296.636  -0.001 296.635  3855679.5 334493.8 399318.6 67855.9  14283.6  5553.0  5869.5
   -26 -969.760   0.002 -969.758  3546551.0 311344.6 344830.1 41777.9  16703.3  8719.3  5918.2
   -25 -1395.958   0.005 -1395.953  3168483.2 280900.4 214453.6 55140.3  10728.3  9038.2  5163.1

         Carbon flux (ktC/yr)        Water (dam3/yr)                Nitrogen (MgN/yr)
       ----------------------- -------------------------- --------------------------------
Spinup NEP     estab   NBP     transp     evap    interc  nuptake ndemand  nlosses ninflux
------ ------- ------- ------- ---------- ------- ------- ------- -------- ------- -------
   -24 1149.045  -0.002 1149.044  3702423.9 335023.8 275830.0 78660.7  14297.5  8726.1  7567.2
   -23 883.146  -0.003 883.143  3934922.0 343204.6 305518.5 62291.9  18045.7  8982.6  8036.0
   -22 -1048.895   0.005 -1048.889  3374206.2 325858.0 328689.9 36077.5  13829.5  9155.1  5423.5
   -21 1562.027  -0.003 1562.024  4148504.8 334537.2 296854.3 85614.0  18258.0  7250.9  8614.1
   -20 -1508.051   0.011 -1508.041  3281553.7 326804.9 255014.7 38742.7   9922.8  7603.1  3764.0
   -19 1871.996  -0.005 1871.990  4170537.4 352174.8 396822.0 77414.9  18614.9  9055.2  8746.8
   -18 262.009  -0.001 262.008  3949071.4 315474.2 268443.1 58292.5  15881.2  6052.3  7398.4
   -17 -234.086   0.001 -234.085  3563138.1 338002.3 470238.6 52283.0  15086.3 11020.5  6270.5
   -16 324.994  -0.005 324.989  4070159.1 295562.2 386205.3 65748.9  19924.6  5412.7  8059.7
   -15 -340.105  -0.002 -340.107  3736522.1 308715.6 276566.0 57018.7  16300.4  3393.5  6761.2
   -14 -630.092   0.002 -630.090  3434358.9 324882.0 261790.1 56788.5  16139.0  3743.0  6166.6
   -13 444.267  -0.005 444.261  3813537.2 334145.8 396321.3 66432.7  21488.9  5611.8  8214.6
   -12 131.624  -0.007 131.617  3880533.3 304736.8 373635.1 56451.8  16593.5  4497.0  6891.3
   -11 -1151.655  -0.005 -1151.660  3462020.4 312911.0 355128.2 43077.5  16416.7  7299.7  5815.2
   -10 833.528  -0.002 833.526  3819918.7 325676.8 333590.3 74063.2  17495.7  8909.4  7992.2
    -9 247.710   0.000 247.710  3746021.1 318979.1 258936.7 59495.7  17754.4  4138.5  7070.9
    -8 736.018  -0.001 736.017  4050155.1 333805.2 357872.9 67215.2  19540.5  3554.5  7146.7
    -7 -1781.115   0.008 -1781.107  3293280.8 323817.4 378596.9 28813.3  11471.0  7362.7  4312.6
    -6 1021.847  -0.002 1021.846  3863574.3 307174.1 306476.9 74090.7  12410.9  8511.1  7027.1
    -5 137.759  -0.000 137.758  3742675.9 312703.5 246724.6 59712.0  15530.3  6482.6  7251.9
    -4 1216.367  -0.003 1216.365  4322283.9 340852.6 384941.6 70344.0  21089.3  5552.5  8863.5
    -3 -149.285   0.001 -149.284  3890668.5 303136.7 373080.1 51221.7  17237.1  5530.7  5851.7
    -2 -151.117  -0.002 -151.118  4000014.0 322157.0 387817.9 71291.6  21705.3  5142.8  6915.5
    -1 -518.837   0.003 -518.834  3659617.5 306360.1 364617.6 52655.1  16387.2  3704.2  5312.9
     0 -642.156   0.001 -642.155  3711786.2 293579.0 331558.1 63416.6  19001.9  4782.2  6767.6

         Carbon flux (ktC/yr)        Water (dam3/yr)                Nitrogen (MgN/yr)
       ----------------------- -------------------------- --------------------------------
Spinup NEP     estab   NBP     transp     evap    interc  nuptake ndemand  nlosses ninflux
------ ------- ------- ------- ---------- ------- ------- ------- -------- ------- -------
     1 -787.383   0.003 -787.380  3311514.9 321361.2 244315.3 57626.5  13114.5  5541.0  5323.2
     2 445.554  -0.003 445.551  3750179.1 328116.9 373910.7 67170.4  17839.4 10123.5  7705.4
     3 344.870  -0.006 344.864  3845036.1 319354.7 399626.0 61274.7  17634.9  8133.5  7431.4
     4 -1210.305   0.002 -1210.302  3382919.3 301135.9 258016.3 49819.1  13870.3  6607.2  5713.7
     5 909.908  -0.006 909.902  3741564.3 325654.2 298911.0 71072.3  16046.3  6194.5  7596.7
     6 323.783  -0.000 323.783  3763092.1 310553.5 244221.4 58725.6  14595.3  5359.2  6494.1
     7 544.096  -0.002 544.094  3880241.8 329246.4 399951.1 60883.3  19043.5  8637.5  7330.0
     8 -354.428   0.001 -354.427  3719994.3 274972.5 263090.4 56660.7  16972.1  5230.2  5967.5
     9 686.542  -0.003 686.539  3927073.1 326472.5 424905.1 74345.3  20354.2  6974.4  6780.0
    10 -68.088  -0.000 -68.089  3955434.8 300514.2 398941.2 54765.4  15871.0  5490.2  5436.1
    11 -918.938  -0.000 -918.938  3757535.3 289131.4 365898.0 61090.1  20133.7  6763.0  6074.5
    12 327.494  -0.005 327.488  3817487.3 315336.6 431323.3 68815.8  19724.4  5428.7  6834.9
    13 1262.985  -0.003 1262.982  4189448.3 330086.6 496498.8 66313.4  23599.3  3579.5  8146.7
    14 1184.509  -0.001 1184.507  4351335.4 331255.3 559723.9 57245.0  21486.8  3464.5  6833.8
    15 -2576.265   0.016 -2576.249  3306979.9 260651.1 290664.4 32559.2  14011.7  6367.7  4125.7
    16 1324.648  -0.007 1324.641  3768972.6 343734.9 283345.2 77384.6  13730.1  6898.8  6761.5
    17 -427.091   0.001 -427.090  3551264.7 291100.7 269381.6 47146.7  14020.9  7733.1  5693.6
    18 -247.294   0.001 -247.293  3661988.4 287689.6 308489.6 68210.1  16549.3  7665.6  6689.0
    19 -68.408   0.001 -68.407  3490806.8 299420.5 307726.5 62563.3  15559.0  6300.2  6137.4
    20 693.620  -0.002 693.617  3825212.7 321123.3 375890.4 64940.0  21036.7  8718.3  8095.3
    21 -1171.660   0.004 -1171.656  3307516.4 262061.4 293915.9 38657.7  14513.6  8112.7  5217.6
    22 -1618.716   0.010 -1618.706  3029601.4 303061.6 235398.5 44219.5   8609.3 11442.0  3976.3
    23 2291.195  -0.008 2291.187  4105042.4 336847.3 260688.6 86886.9  15480.1  8449.7  9942.4
    24 1634.242  -0.004 1634.238  4138137.7 335186.1 410740.8 54154.6  17110.4 10809.1  8459.6
    25 395.223  -0.003 395.220  4023036.4 324529.0 530280.6 55538.5  19134.2  9455.7  7328.4

         Carbon flux (ktC/yr)        Water (dam3/yr)                Nitrogen (MgN/yr)
       ----------------------- -------------------------- --------------------------------
Spinup NEP     estab   NBP     transp     evap    interc  nuptake ndemand  nlosses ninflux
------ ------- ------- ------- ---------- ------- ------- ------- -------- ------- -------
    26 -317.019  -0.000 -317.019  3614569.0 303945.9 468306.9 51678.8  16364.7 10643.6  5928.6
    27 -1966.165   0.006 -1966.159  3216912.9 253374.1 238766.7 44670.5  15785.5  5750.2  5090.4
    28 990.103  -0.004 990.099  3836408.4 314600.2 273567.1 76269.6  19015.4  6022.9  8528.3
    29 1205.640  -0.003 1205.637  4035906.6 317775.2 478264.2 59225.2  19297.4  7109.3  7733.7
    30 -2240.441   0.009 -2240.433  3151615.0 258348.5 239698.3 34765.3  12349.6  5971.1  4248.2
    31 -1293.841   0.007 -1293.834  2912852.1 277482.1 165863.8 49281.6   7578.1 10353.1  4816.6
    32 -146.864   0.008 -146.856  3061825.9 308702.1 135909.0 65967.5   6467.7 11791.7  4523.8
    33 2164.007  -0.012 2163.996  4043517.7 343151.1 241751.6 76470.8  15287.0 13423.3 11354.1
    34 -218.886  -0.000 -218.886  3466188.6 294503.8 190288.7 50198.9  14603.5 13440.4  7613.3
    35 1190.230  -0.005 1190.225  3971920.6 383226.3 414376.5 73345.3  20070.6  8384.0  9891.3
    36 756.620  -0.003 756.617  3885555.7 308955.0 320178.1 54416.7  18228.5  4273.4  7013.3
    37 589.869  -0.002 589.866  4155824.0 286021.7 361292.2 66110.9  18405.0  4077.0  6308.9
    38 -1576.256   0.004 -1576.253  3370348.9 259089.1 292218.4 39703.3  16492.8  6697.8  4709.4
    39 -61.721  -0.000 -61.721  3603820.9 286790.8 286660.6 71027.0  13869.2  6754.2  5589.0
    40 1108.910  -0.004 1108.907  4022114.9 320878.0 456753.3 71154.6  21001.7 10059.9  7775.9
    41 1029.286  -0.002 1029.285  4168715.3 317104.8 383951.1 60308.0  16756.5  3382.2  5707.0
    42 466.568  -0.000 466.567  4132697.2 334336.3 487917.5 57705.9  18385.2  6314.7  5426.5
    43 312.036   0.000 312.036  4230327.3 320979.4 395484.7 63339.1  21834.8  5179.2  5815.9
    44 -328.936   0.001 -328.935  4098828.1 310859.0 418107.3 61440.3  23904.6  2826.7  5721.7
    45 -1593.762   0.004 -1593.758  3570459.0 298970.7 366476.2 42188.6  16606.1  4266.9  4391.9
    46 477.658  -0.002 477.655  3920677.6 310302.4 325106.2 75116.4  21370.7  7890.9  7268.3
    47 -500.821   0.001 -500.821  3576537.8 267819.7 246937.0 47644.9  16317.8  5364.1  5262.6
    48 1688.359  -0.003 1688.356  4188910.7 325276.7 465963.6 77728.5  20632.0  6077.2  7202.9
    49 1146.799  -0.001 1146.798  4458115.1 317232.9 376321.1 57936.1  21107.9  5609.4  6266.5
    50 961.604  -0.000 961.604  4380543.6 330251.9 585213.7 59447.6  21231.8  4666.3  5902.4

         Carbon flux (ktC/yr)        Water (dam3/yr)                Nitrogen (MgN/yr)
       ----------------------- -------------------------- --------------------------------
Spinup NEP     estab   NBP     transp     evap    interc  nuptake ndemand  nlosses ninflux
------ ------- ------- ------- ---------- ------- ------- ------- -------- ------- -------
    51 -306.069   0.002 -306.068  3981253.8 311849.1 451142.7 51790.5  20009.7  7672.7  5490.5
    52 -170.695   0.000 -170.694  4007941.6 324187.4 407336.8 62140.1  23163.4  3127.9  6323.0
    53 -113.717   0.001 -113.716  3863505.6 306092.6 422189.8 55523.1  21089.3  3779.1  6168.6
    54 760.245  -0.001 760.243  4439348.2 326929.4 452847.4 65195.5  27349.2  2306.7  8161.5
    55 -509.426   0.002 -509.424  3910358.5 290670.8 412591.6 46651.9  20126.5  3085.0  5548.3
    56 301.253  -0.001 301.252  4166078.9 316014.4 388855.6 66033.1  24383.7  2926.1  7390.2
    57 854.664  -0.001 854.663  4303043.7 370273.8 671861.9 60676.1  24479.5  2629.9  7693.0
    58 -136.583   0.001 -136.582  4230216.2 306481.9 432445.1 54802.2  18729.8  2695.5  5822.1
    59 -1948.685   0.006 -1948.679  3509709.1 293447.8 414096.4 37545.6  18216.2  4335.0  5040.1
    60 -1120.956   0.002 -1120.954  3297636.3 259432.5 268788.2 56401.2  15754.3  8357.6  6124.0
    61 -1070.858   0.002 -1070.856  3190759.2 266322.4 240622.6 56910.4  14270.1  6415.8  6142.4
    62 116.405  -0.000 116.405  3585503.2 301106.6 275026.8 70521.0  12289.1  7094.5  6735.3
    63 483.223  -0.004 483.219  3776451.4 320249.6 334850.3 64013.1  21737.9  8499.9  9493.1
    64 1536.140  -0.003 1536.137  4228810.4 325035.2 448225.2 62213.8  19525.8  4906.9  8619.8
    65 -495.477   0.001 -495.476  3779715.0 284217.0 264101.3 54816.2  16000.3  4725.1  5864.3
    66 -1393.028   0.004 -1393.024  3263039.3 260946.4 291441.2 42728.1  14998.1  6641.2  5381.5
    67 -801.709   0.002 -801.707  3192950.7 265709.8 244860.9 56131.2  11598.4  9421.7  5437.2
    68 429.640  -0.001 429.639  3680311.8 326691.8 322217.4 77039.8  12367.1  7813.8  6115.8
    69 627.718  -0.004 627.714  3802143.3 336267.6 381922.3 62622.3  19282.8  9355.3  8408.9
    70 339.959  -0.001 339.958  3928122.6 292577.1 349401.3 57513.4  17044.2  5666.3  7001.0
    71 342.394  -0.001 342.393  4080420.0 306231.1 348923.3 64362.5  17387.5  4838.7  6935.0
    72 -765.467   0.002 -765.465  3679548.4 300985.3 350137.4 50781.5  17495.2  4560.6  5552.0
    73 382.762   0.000 382.762  3954624.7 307886.5 340162.4 67388.9  15380.5  6354.8  6361.6
    74 465.163  -0.002 465.162  3939273.4 320116.2 446778.2 61327.4  20792.5  7103.4  6705.4
    75  92.827  -0.000  92.826  3964155.0 309829.0 501293.1 57366.6  17490.3  5473.9  5502.5

         Carbon flux (ktC/yr)        Water (dam3/yr)                Nitrogen (MgN/yr)
       ----------------------- -------------------------- --------------------------------
Spinup NEP     estab   NBP     transp     evap    interc  nuptake ndemand  nlosses ninflux
------ ------- ------- ------- ---------- ------- ------- ------- -------- ------- -------
    76 -2058.426   0.008 -2058.418  3403909.1 291726.4 303222.8 38027.4  15415.0  5632.1  4675.8
    77 1394.041  -0.004 1394.037  3875113.6 322337.4 325238.1 81811.9  15659.1  5587.7  7356.4
    78 418.768  -0.002 418.766  4008498.5 319159.5 359743.7 56416.3  18224.6  7904.2  6851.8
    79 -1344.215   0.006 -1344.209  3424500.3 304870.0 360944.4 35686.7  12334.2  9039.4  4338.3
    80 611.089  -0.001 611.088  3748291.3 276170.0 218792.2 75887.1  14986.1  6199.2  6681.6
    81 -1256.750   0.004 -1256.746  3208794.5 270987.1 271494.8 42271.0  13206.8 10010.5  5207.9
    82 1454.591  -0.003 1454.588  3861590.5 335600.8 281826.5 82608.2  15549.8  6391.4  6782.7
    83 -2642.465   0.011 -2642.454  2951314.0 283206.3 230233.9 24200.4   9730.6  9723.3  4118.7
    84 1842.257  -0.002 1842.255  3891020.8 322337.7 257076.4 80500.1   8941.1  9483.6  5945.9
    85 346.607  -0.003 346.604  3784820.9 335545.8 262598.1 63437.2  17429.6 17691.0  9148.4
    86 -196.180   0.001 -196.179  3626962.4 289635.0 280423.3 58147.9  16762.8  6098.0  7152.8
    87 885.673  -0.003 885.670  3816254.4 324270.0 351565.2 69965.0  20641.4  5413.3  8000.1
    88 -415.819   0.002 -415.817  3690395.5 303558.7 311711.5 46818.9  15193.5  4648.4  5395.4
    89 761.442  -0.001 761.441  4065644.1 317280.7 369102.0 70649.8  16079.7  5320.4  6382.0
    90 1704.316  -0.002 1704.314  4430691.4 372872.7 565728.5 66862.1  22383.4  9746.2  7821.8
    91 1028.688   0.000 1028.688  4503010.1 317081.0 388479.3 57042.7  21897.4  2189.2  6236.5
    92 -531.103   0.002 -531.101  4029426.3 322087.9 492541.5 53696.4  16827.0  3803.5  4808.7
    93 -2361.842   0.008 -2361.834  3273010.7 257005.0 267664.5 40652.6  15778.0  5281.5  4383.2
    94 -1192.391   0.009 -1192.382  3093989.1 296248.1 196889.9 56943.4   8633.2  8396.8  4275.1
    95 1148.778  -0.005 1148.773  3749614.6 329935.6 238133.5 72968.2  16447.2  5780.8  8300.5
    96 -405.062   0.007 -405.056  3397748.1 312522.9 198541.2 52778.9  12375.0  6886.6  5416.9
    97 -112.791   0.002 -112.790  3647241.8 298643.2 265595.1 61007.4  15256.2  7236.5  7655.4
    98 -707.445   0.001 -707.444  3439009.0 325488.5 249005.0 53130.6  12751.6  6830.1  7241.7
    99 898.490  -0.003 898.487  3923062.7 333558.8 284475.3 72995.9  15290.3  7423.4  9771.1
   100 812.013  -0.002 812.011  4113234.5 319510.0 277985.6 59741.7  13998.3  9620.2  8752.8

         Carbon flux (ktC/yr)        Water (dam3/yr)                Nitrogen (MgN/yr)
       ----------------------- -------------------------- --------------------------------
Spinup NEP     estab   NBP     transp     evap    interc  nuptake ndemand  nlosses ninflux
------ ------- ------- ------- ---------- ------- ------- ------- -------- ------- -------
   101 -958.215   0.005 -958.210  3444925.7 308299.0 240613.5 44359.9  14745.0  6973.1  6303.7
   102 -725.721   0.006 -725.715  3268997.2 323635.7 274727.0 48621.1  12275.1  9213.9  5698.5
   103 -61.119   0.004 -61.115  3424457.4 310044.0 210845.5 68932.1  12548.6  7707.3  6489.6
   104 -802.125   0.014 -802.111  3165513.0 328270.1 201463.8 50036.4  10887.4  8532.2  4731.2
   105 341.399   0.002 341.401  3602825.3 319733.4 259119.9 65721.7  14435.9  7814.2  7168.7
   106 1010.396   0.001 1010.397  3782311.5 371655.2 388047.7 66090.5  15487.2  7547.0  7789.7
   107   3.780   0.005   3.785  3663800.7 328712.5 238943.9 53145.2  13941.3  7285.5  6088.6
   108 -1075.672   0.010 -1075.663  3285964.0 363047.7 324977.0 37899.3  11388.2  8867.8  4659.1
   109 1781.279  -0.004 1781.275  4365741.0 398717.2 498173.7 76940.7  17417.2 12329.2 10548.8
   110 687.980  -0.001 687.979  4093039.3 335367.7 465174.4 46710.5  17909.4  3452.1  7948.6
   111 -53.477   0.002 -53.475  3958275.4 336063.7 508672.4 53498.4  16464.1  5675.3  6877.7
   112 119.759   0.000 119.759  3944352.2 363229.2 497297.8 57949.1  20107.9  3725.7  7635.8
   113 240.776   0.000 240.776  4157420.7 349364.2 391420.1 55301.0  21172.6  3293.2  7367.0
   114 -219.510   0.004 -219.506  3976628.4 326385.2 418638.7 50799.3  18149.9  3099.8  6329.0
   115  90.606   0.003  90.609  4151976.7 329583.0 387997.3 60183.6  18199.0  3546.8  7075.9
   116 -1112.925   0.005 -1112.920  3704132.7 332112.5 379743.4 43162.9  17197.8  3564.1  5652.6
   117 -540.022   0.004 -540.019  3716775.4 310334.5 336586.2 61915.3  16735.9  6040.3  6660.3
   118 1043.303  -0.003 1043.300  4076492.1 352880.4 527385.0 68047.0  20796.5  6715.5  8141.7
   119 -306.270   0.004 -306.266  3720547.7 336088.7 366113.6 44095.6  14820.4  4668.0  5070.3
   120 531.105   0.000 531.105  3913770.5 349614.4 384288.7 62759.4  16625.8  6198.6  6461.7
   121 -214.849   0.004 -214.845  3780024.3 341146.4 364451.0 51897.9  16755.8  5614.8  5466.5
   122 -868.758   0.004 -868.754  3758882.7 319727.5 358157.3 58595.5  18848.6  6087.0  6347.3
   123 -218.446   0.004 -218.442  3716879.7 359873.5 343766.0 59692.6  13091.7  7381.8  6012.6
   124  64.331   0.002  64.333  3815078.8 332659.8 369005.5 60890.3  18189.5  4815.3  7485.3
   125 150.630   0.001 150.631  3931721.1 330268.2 384383.9 57581.5  17027.7  6236.9  7018.5

         Carbon flux (ktC/yr)        Water (dam3/yr)                Nitrogen (MgN/yr)
       ----------------------- -------------------------- --------------------------------
Spinup NEP     estab   NBP     transp     evap    interc  nuptake ndemand  nlosses ninflux
------ ------- ------- ------- ---------- ------- ------- ------- -------- ------- -------
   126 -694.018   0.004 -694.014  3656954.8 317257.6 311299.3 53067.7  16853.7  4977.8  6008.0
   127 1500.697  -0.002 1500.695  4442098.1 354729.1 409868.8 77908.6  22712.8  3492.9  9259.6
   128 -191.082   0.002 -191.080  3914296.5 329979.5 301208.0 52131.9  16104.0  3899.0  5628.1
   129 -471.140   0.002 -471.138  3842653.5 367204.9 470431.4 59811.2  16584.4  4651.5  5722.9
   130 -1554.309   0.006 -1554.303  3556876.5 323298.2 297483.2 46325.1  17461.5  6054.6  5962.0
   131 234.247   0.001 234.248  3725132.3 333016.1 338247.0 69158.2  15574.0  6472.5  7444.3
   132  98.952   0.002  98.954  3749631.5 336310.7 257266.2 58655.8  14475.4  5196.1  6737.1
   133 -2492.978   0.012 -2492.966  2936919.7 316244.7 234052.6 32382.4  10920.9  6648.6  4719.6
   134 1929.215  -0.004 1929.211  3857539.8 362590.1 294357.7 82104.7  14557.3 15389.7  8651.1
   135 -627.637   0.004 -627.633  3409698.7 348611.0 288471.9 35581.8  12036.6 10608.7  5952.7
   136 -366.840   0.005 -366.834  3382368.5 336914.4 219154.4 62682.2  12332.5  9986.8  6523.7
   137 1679.463  -0.003 1679.460  4266048.9 356847.4 326510.1 77201.7  17679.8  6887.1 10192.2
   138 637.296   0.001 637.297  3960649.4 366931.6 428960.5 54048.1  16014.2  8891.2  7965.6
   139 652.251  -0.001 652.250  4355311.4 333224.0 347618.6 64663.8  19993.9  4757.5  8943.5
   140 -1097.376   0.006 -1097.369  3582802.8 335798.7 279748.0 47658.1  10964.5  4383.1  5249.9
   141  40.467  -0.002  40.465  3914464.4 349895.4 327406.6 65900.7  17982.7  4348.5  8150.8
   142 -84.353   0.004 -84.349  3646744.4 335576.4 317090.1 56692.3  14846.0  4999.9  6209.9
   143 159.424   0.003 159.427  3870831.9 330487.7 336502.3 64196.2  16180.4  5330.2  7577.3
   144 347.563  -0.001 347.562  3974363.9 343952.4 405976.6 62521.9  20405.3  8666.6  8203.4
   145 435.468  -0.000 435.468  4043921.6 360086.9 460053.6 60987.5  17195.6  4544.8  7310.8
   146 -1227.186   0.003 -1227.183  3656856.3 321036.1 362431.7 40570.2  15970.0  7933.9  5841.9
   147 1861.793  -0.008 1861.785  4603933.4 344673.8 371172.7 84615.4  19264.4  4837.0  9526.7
   148 -1136.972  -0.000 -1136.972  3786516.8 331514.6 348046.0 41538.1  14925.3  4415.7  5793.2
   149 567.843  -0.012 567.831  3980594.7 337391.3 389237.6 64998.5  16763.6 10790.9  7798.3
   150 -605.219   0.001 -605.217  3708353.4 318779.4 267543.8 54535.3  13511.4  6592.9  5864.2

         Carbon flux (ktC/yr)        Water (dam3/yr)                Nitrogen (MgN/yr)
       ----------------------- -------------------------- --------------------------------
Spinup NEP     estab   NBP     transp     evap    interc  nuptake ndemand  nlosses ninflux
------ ------- ------- ------- ---------- ------- ------- ------- -------- ------- -------
   151 316.846   0.001 316.846  3888062.8 349052.0 361111.5 62967.4  14984.3  4969.8  7110.7
   152 333.294  -0.000 333.294  4141522.5 306309.8 374974.0 65324.6  17353.4  8154.5  7237.9
   153   7.866   0.002   7.868  4072522.5 331141.9 348828.1 63345.7  15793.6  4940.6  6952.0
   154 -1001.928   0.004 -1001.924  3684313.6 323576.8 337240.5 52715.2  16800.8  4819.7  5889.8
   155 -1377.236   0.005 -1377.230  3263652.2 274506.5 268283.3 49173.7  14016.9 10360.1  5966.9
   156 828.444   0.000 828.444  3663882.4 353605.5 296271.2 78523.4  12984.7  7331.5  6410.1
   157 913.743  -0.001 913.742  4137598.6 335316.2 487592.7 64266.3  20355.4 13938.2  8809.2
   158 401.737   0.001 401.738  4027372.6 345848.4 355554.9 60994.3  16684.1  3699.5  6651.7
   159 -404.712   0.003 -404.709  3707927.6 337877.4 272995.1 60399.6  16269.9  4201.5  5387.1
   160 364.614   0.001 364.614  3979564.1 344166.7 425453.0 66600.6  20882.2  6135.1  7089.3
   161 -59.607   0.002 -59.605  3838663.0 320081.1 489081.7 54604.8  14450.9 12932.7  5886.2
   162 406.611   0.001 406.612  4058008.8 306999.9 481685.5 63523.2  18459.5  9831.5  7065.4
   163 -1780.046   0.009 -1780.037  3327772.3 271893.8 318488.5 39556.8  16951.8  6171.8  5393.4
   164 1694.098  -0.003 1694.095  4163429.3 354601.7 344376.4 80891.0  15050.3  4709.3  7983.6
   165 -1285.915   0.005 -1285.910  3606271.6 306118.2 278487.1 36895.7  14896.5  5979.9  5660.8
   166 860.895   0.001 860.896  4017254.2 304479.7 336673.3 72109.1  13534.0  7059.7  6752.8
   167 377.716   0.001 377.717  3904833.5 351958.3 417756.7 61500.7  16916.4  8094.8  7677.3
   168 -580.545   0.003 -580.541  3753447.8 315489.1 317737.0 52910.2  16769.1  8534.0  6686.4
   169 612.526   0.000 612.526  4108127.0 326348.4 494697.7 67057.2  20066.0  8170.2  8924.5
   170 -806.679   0.004 -806.675  3770817.1 296420.6 334754.4 54074.0  17833.7  3307.6  7085.1
   171 -1326.477   0.007 -1326.470  3265661.7 282993.3 266754.8 48503.2  15485.5  5064.5  6303.1
   172 -408.949   0.005 -408.943  3258862.8 305943.4 198669.9 68902.6  11986.3  7136.8  5338.3
   173 323.940   0.001 323.942  3764471.8 352157.3 306427.1 69420.8  13292.8  6149.6  7518.2
   174 1144.839  -0.002 1144.837  4271245.5 386973.5 463338.1 66577.5  21877.6 12154.3 11459.0
   175 1205.434  -0.001 1205.434  4329282.7 322848.1 361693.4 60267.7  18111.1  3362.6  9004.0

         Carbon flux (ktC/yr)        Water (dam3/yr)                Nitrogen (MgN/yr)
       ----------------------- -------------------------- --------------------------------
Spinup NEP     estab   NBP     transp     evap    interc  nuptake ndemand  nlosses ninflux
------ ------- ------- ------- ---------- ------- ------- ------- -------- ------- -------
   176 -974.343   0.004 -974.340  3822572.7 298439.0 349536.7 51342.3  17993.2  4509.0  6862.6
   177 -134.523   0.002 -134.522  3734218.9 314244.1 341484.7 64097.3  14493.0  5058.7  6864.3
   178 1044.116  -0.001 1044.114  4360963.3 379889.1 532781.5 70016.7  22942.5  8128.5 10130.6
   179 344.178   0.000 344.178  4049729.2 324194.6 439479.1 54276.2  19890.9  2763.6  7515.7
   180 843.815   0.000 843.815  4341413.2 331497.5 533136.5 66948.0  21235.5  4118.2  7873.6
   181 -1421.168   0.005 -1421.162  3750904.8 292930.3 319140.4 45928.7  16463.2  4353.7  5773.1
   182 -916.537   0.005 -916.532  3414573.9 303387.5 272970.9 55950.3  12276.4  5867.3  5526.8
   183 894.937  -0.001 894.936  3932475.2 345894.4 381757.1 75710.7  16589.4  5262.0  8122.2
   184 -687.421   0.002 -687.419  3781716.4 297560.1 319972.8 55017.6  18273.0  8061.8  7452.3
   185 -47.364   0.001 -47.363  3761781.9 308246.8 332059.2 67748.6  15990.7  5108.2  7165.5
   186 -1110.573   0.005 -1110.568  3490606.0 317889.6 318329.5 46470.8  15955.0  7167.1  6357.0
   187 431.911  -0.001 431.910  3981336.8 322355.1 305687.6 78169.1  20673.7  9238.4  9019.9
   188 1039.726  -0.003 1039.723  4192308.2 325353.0 490597.2 63864.7  20256.9  7406.1  8484.8
   189 -2572.545   0.010 -2572.535  3142454.1 281035.4 240400.9 33646.2  11310.7  6264.9  4798.3
   190 1462.182  -0.003 1462.178  3848262.1 327141.8 254105.3 76752.9  10844.9  9389.8  6982.3
   191 766.821  -0.004 766.817  4100976.3 305753.0 296077.4 68534.3  14688.6  8456.8  8285.6
   192 -125.384  -0.000 -125.384  3695008.2 320662.7 227068.1 61879.8  15585.3  5804.8  7053.9
   193 -1066.208   0.005 -1066.203  3514293.7 322926.6 289501.4 52384.1  13995.4  6010.4  5715.6
   194 -293.899   0.003 -293.896  3612279.5 312763.4 258466.3 65074.1  13712.7  6832.6  6581.5
   195 -266.423   0.002 -266.421  3651155.6 297186.3 277579.4 68591.1  16664.8 10449.3  7653.6
   196  11.923   0.005  11.928  3509125.8 320361.3 277786.2 59439.8  13437.9  9207.4  5489.4
   197 1301.043  -0.004 1301.038  4168136.6 330021.0 454913.3 72899.2  19787.1 16315.0  8858.8
   198 -1622.038   0.010 -1622.028  3406475.9 322148.2 261410.6 35097.9  13169.0  7306.5  5015.3
   199 1591.470  -0.004 1591.466  4015873.3 335745.3 341858.7 74933.1  14954.1 12178.9  7728.1
   200 702.309  -0.002 702.307  4042254.1 349987.2 339830.7 61576.5  15570.0  7171.2  6750.1

         Carbon flux (ktC/yr)        Water (dam3/yr)                Nitrogen (MgN/yr)
       ----------------------- -------------------------- --------------------------------
Spinup NEP     estab   NBP     transp     evap    interc  nuptake ndemand  nlosses ninflux
------ ------- ------- ------- ---------- ------- ------- ------- -------- ------- -------
   201   1.726  -0.003   1.722  3974549.4 333594.4 451107.2 57679.1  17185.0  8189.9  6263.2
   202 -383.918   0.001 -383.917  3744335.5 322299.5 341770.2 58094.4  17251.0  4769.1  5718.6
   203 -1472.533   0.001 -1472.531  3319428.7 276075.2 289051.6 44199.9  15888.2  7070.9  5588.3
   204 -2568.801   0.018 -2568.783  2750828.2 304281.1 198170.2 36398.5   6249.2 12759.4  3505.0
   205 3219.304  -0.012 3219.292  4331958.0 354229.7 288195.3 96739.1  13867.3 12240.9 10319.4
   206 1073.114  -0.008 1073.105  4182097.2 344003.5 257927.6 56942.5  12508.2 10665.0  8796.4
   207 -1900.437   0.005 -1900.432  3153917.4 296263.1 202712.8 40518.3  11733.7  7879.2  5736.9
   208 1128.588  -0.008 1128.580  3886043.0 350643.6 257212.7 74075.7  14584.8  8193.9  8170.8
   209 719.788  -0.007 719.781  3982664.4 356021.7 359562.1 60496.5  13762.8  6482.4  6725.3
   210 -1246.131   0.001 -1246.130  3302263.3 286904.3 273039.0 42147.8  14782.5 10802.1  5897.7
   211 -670.585   0.006 -670.578  3162221.2 362084.0 215283.5 62654.1   9122.0  7846.8  4033.1
   212 -175.283   0.002 -175.281  3342492.6 310667.7 193082.9 63642.9  15592.0  5789.4  6505.2
   213 -1206.221   0.010 -1206.211  2953860.5 347777.1 221334.3 47321.7   8271.2 13293.3  4314.2
   214 1341.394  -0.004 1341.390  3688527.8 374435.3 266754.5 73217.4  14392.2  5848.2  8455.9
   215 -130.774   0.002 -130.772  3500341.4 322407.0 233451.1 48128.8  12459.3  9449.9  6341.6
   216 -912.046   0.005 -912.042  3116098.2 309097.5 243241.8 48601.4  13527.9 12795.3  5786.7
   217 -466.362   0.008 -466.353  3124689.9 384749.4 201491.0 59909.4   6478.6 12134.3  3274.7
   218 192.359   0.002 192.361  3245752.3 372915.6 184818.2 62646.7  13468.1  6216.9  7042.9
   219 1743.553  -0.005 1743.549  4027600.1 374976.8 385405.3 67889.8  18154.8  9958.9  9182.2
   220 763.294  -0.003 763.291  4118525.3 345452.2 326956.8 58313.4  14990.7  9819.9  7010.3
   221 1133.271  -0.007 1133.264  4400319.8 394929.8 585064.9 62475.3  22137.9  6573.2  8318.5
   222 878.102  -0.010 878.092  4418652.8 389158.1 623293.3 52490.7  23142.5  3951.4  8173.9
   223 -267.510  -0.019 -267.528  3906562.1 331619.8 411982.5 47281.2  20501.6  2717.7  6791.6
   224 -1304.587   0.003 -1304.584  3689090.7 309673.7 360047.4 53306.3  22019.5  2875.5  6706.6
   225 -1413.722   0.006 -1413.716  3167696.5 295996.5 269904.8 44502.1  18119.3  3370.6  6289.6

         Carbon flux (ktC/yr)        Water (dam3/yr)                Nitrogen (MgN/yr)
       ----------------------- -------------------------- --------------------------------
Spinup NEP     estab   NBP     transp     evap    interc  nuptake ndemand  nlosses ninflux
------ ------- ------- ------- ---------- ------- ------- ------- -------- ------- -------
   226 142.115   0.002 142.117  3511712.1 356874.5 276734.8 64638.2  12371.1  6328.8  6857.4
   227 477.198  -0.001 477.197  3851444.6 340077.3 463520.8 58958.3  22993.6  6996.1  9962.4
   228 463.023  -0.000 463.023  3852337.5 336651.3 398537.4 53789.1  20529.6  2799.7  8467.4
   229 -586.930   0.003 -586.928  3614287.8 322118.8 324459.1 50830.5  17095.9  3150.7  6573.5
   230 280.721   0.001 280.721  3712091.6 320408.4 422201.1 60768.7  16973.9  8384.7  7821.9
   231 272.546   0.001 272.546  4036477.0 321276.7 335387.2 59120.1  18201.5  4624.7  8072.4
   232 369.169   0.000 369.169  4033310.4 330655.3 550960.8 59432.5  23205.6  3612.0  8087.3
   233 -127.047   0.002 -127.045  3969867.8 323649.3 367097.5 56561.7  16599.7  3088.9  6719.4
   234 160.460   0.001 160.460  4072824.9 297660.8 406784.4 63408.0  20410.8  2863.0  6979.3
   235 296.695   0.000 296.695  4103253.1 333302.0 582708.4 61214.3  24367.7  3905.8  7756.2
   236 816.432   0.000 816.433  4304375.4 333034.1 551998.8 60519.2  23711.2  1833.0  7732.8
   237 -73.605   0.002 -73.604  4067959.7 302266.3 311441.9 59506.0  18577.5  2668.1  6028.8
   238 -1369.579   0.004 -1369.575  3714867.7 303801.8 390985.3 54468.7  20768.8  3172.1  5827.8
   239 -1428.548   0.006 -1428.542  3146077.6 310853.9 287753.3 49862.9  12317.2  7104.9  4732.0
   240 798.784  -0.001 798.783  3815589.4 329253.4 367086.6 73902.0  16910.4  7564.3  7858.1
   241  13.568   0.001  13.568  3579127.4 330694.8 239511.3 58906.2  16349.0  4829.3  7035.7
   242 -1694.468   0.009 -1694.459  3193547.3 319346.1 259857.8 40717.7  13587.8  7012.5  5138.1
   243 1911.847  -0.004 1911.842  4178994.8 340703.3 314975.0 83224.2  16523.2  7022.0  9818.9
   244 560.004  -0.000 560.003  4068998.7 326575.5 323490.9 57962.7  14300.8  8002.6  7272.8
   245 107.855   0.001 107.856  3818362.7 324664.0 367613.8 60006.1  17604.7  8136.5  6980.4
   246 233.576   0.001 233.576  4084869.9 300764.6 390082.7 66418.7  19266.5  4907.6  7100.9
   247 -1742.541   0.006 -1742.535  3304607.6 273774.9 306205.2 40968.1  16666.3  6518.8  5470.5
   248 -827.516   0.005 -827.511  3175206.6 330167.9 226136.3 62117.1   8822.5  9337.3  4094.3
   249 -980.392   0.006 -980.386  3124144.9 347473.7 256351.5 45124.4  11247.0 10405.2  5444.4
   250 -76.701   0.003 -76.697  3336655.0 331597.9 241035.7 62163.1  12441.1 12511.8  6500.9

         Carbon flux (ktC/yr)        Water (dam3/yr)                Nitrogen (MgN/yr)
       ----------------------- -------------------------- --------------------------------
Spinup NEP     estab   NBP     transp     evap    interc  nuptake ndemand  nlosses ninflux
------ ------- ------- ------- ---------- ------- ------- ------- -------- ------- -------
   251 1337.641  -0.003 1337.638  3989474.7 341685.5 401725.4 76513.9  18562.5 15968.6 10166.2
   252 439.792   0.000 439.792  3813871.8 320881.4 314696.5 55954.0  15505.4  3917.5  8046.9
   253 -1785.945   0.007 -1785.938  3188692.7 279972.8 220344.6 45042.3  13406.3  6180.3  5648.7
   254 1406.235  -0.003 1406.232  3855997.0 337865.2 315652.9 74100.0  16320.5  8793.9  8830.8
   255 518.419   0.000 518.419  3858530.2 331421.5 392814.4 56455.6  15007.6  8045.2  6967.3
   256 -526.437   0.002 -526.435  3625659.8 321583.4 303452.7 56644.2  16418.4  4302.3  6456.9
   257 -929.624   0.005 -929.620  3420008.9 315873.9 300217.5 46124.9  14417.7  7840.7  5920.3
   258 421.345  -0.000 421.344  3688321.9 317596.8 267914.0 73131.9  15658.4  6912.1  7185.1
   259 280.298  -0.001 280.297  3909547.7 328046.3 322662.6 64839.1  20142.5  8005.6  8022.7
   260 -303.083   0.003 -303.080  3530990.2 327377.0 251459.1 57003.2  14000.2  5620.9  5125.2
   261 -331.579   0.004 -331.575  3465926.3 323681.2 313711.6 56166.8  15467.7  6758.6  5298.7
   262 -816.408   0.005 -816.403  3378923.2 325111.0 310438.4 45186.4  14250.9  9608.4  5573.6
   263 2081.744  -0.003 2081.741  4398024.7 342495.7 341377.6 87764.0  20990.2  6840.8  9867.1
   264 753.083  -0.000 753.083  4043053.6 352341.4 467922.2 50682.6  16371.1  8488.1  6585.6
   265 187.381   0.000 187.381  4214673.6 324016.3 378679.7 61925.0  16553.1  7919.5  6342.7
   266 -528.778   0.002 -528.776  3813193.1 311236.5 293369.7 57424.3  16525.2  4689.2  5401.6
   267 1072.780  -0.004 1072.776  4402824.1 341254.4 422716.4 69916.3  22640.3  3381.9  8028.8
   268 236.815  -0.007 236.808  4068081.2 344644.5 521495.4 53621.9  18641.0  4580.0  6146.1
   269 -110.706  -0.012 -110.717  3972920.3 319221.8 427987.9 58511.2  20336.0  6284.4  6223.2
   270 -1563.517   0.008 -1563.509  3468646.4 308245.1 283269.0 48608.3  16379.8  5462.5  4648.7
   271 286.159  -0.005 286.155  3782990.6 331130.6 316551.7 65123.2  14604.9  5333.3  6932.2
   272 -1061.914  -0.006 -1061.920  3385671.0 306736.8 261339.2 50498.1  14539.5  4649.5  6230.0
   273 -323.128  -0.009 -323.136  3543631.1 305230.1 282489.5 68380.9  17621.6  5408.1  7695.8
   274 142.563  -0.014 142.549  3687750.3 334138.2 286384.1 61111.2  13773.8  6907.3  7548.4
   275 492.330  -0.032 492.298  3940681.2 320818.2 300415.3 65261.4  15960.2  5183.9  8478.0

         Carbon flux (ktC/yr)        Water (dam3/yr)                Nitrogen (MgN/yr)
       ----------------------- -------------------------- --------------------------------
Spinup NEP     estab   NBP     transp     evap    interc  nuptake ndemand  nlosses ninflux
------ ------- ------- ------- ---------- ------- ------- ------- -------- ------- -------
   276 495.093  -0.032 495.061  4078268.8 325066.5 385582.1 62074.5  18204.9  5366.4  7819.7
   277 -166.649  -0.040 -166.690  3859845.2 277102.6 253414.9 60234.4  19510.5  6153.7  7328.7
   278 -175.469  -0.053 -175.523  3758833.8 325318.7 345186.7 60318.1  13698.9  7524.1  6165.1
   279 796.390  -0.002 796.388  4154541.1 321805.2 342485.9 71741.1  22906.6  4257.3  8332.9
   280 -39.855   0.000 -39.854  3970595.6 326690.9 450852.9 54794.6  15912.3  4899.0  5764.8
   281 -1426.981   0.004 -1426.977  3580669.9 293934.5 296497.2 47574.6  17410.1  6486.5  5655.0
   282 741.086  -0.003 741.084  3817333.5 330862.4 321261.3 76083.2  18499.9  6164.8  7663.6
   283 554.789  -0.001 554.788  4102115.8 324638.2 409777.2 60945.3  17381.2  4634.4  6855.1
   284 365.845  -0.002 365.843  4200221.7 319664.8 434382.8 64097.4  19959.3  6699.7  7153.2
   285 504.831  -0.004 504.827  4121305.5 327007.4 388377.3 65289.2  21566.0  4432.6  7041.8
   286 165.375  -0.001 165.374  3948421.0 315468.7 422936.2 57867.3  18663.0  4145.6  5988.0
   287   9.896  -0.001   9.895  3893426.3 311772.3 523150.9 60125.3  17966.2  7740.7  5834.5
   288 652.292  -0.006 652.286  4254639.3 321855.8 444211.1 66626.2  22804.7  4585.3  7420.4
   289 -1212.593  -0.005 -1212.597  3844012.2 292415.4 404084.8 49153.4  20239.0  3117.1  5740.0
   290 1353.423  -0.017 1353.406  4206686.7 331798.5 506207.0 70179.9  20414.5  4445.9  7794.0
   291 1360.481  -0.002 1360.480  4629415.0 332412.3 465833.7 63930.6  21899.9  4430.3  7648.5
   292 468.548  -0.000 468.547  4423157.1 322061.4 434805.8 59464.2  22507.4  2271.7  6546.8
   293 -1287.864   0.003 -1287.860  3663997.0 302114.0 436120.5 45315.2  17541.1  3945.2  4783.3
   294 -51.342  -0.000 -51.343  3728247.8 308815.2 487816.5 60885.8  16748.6  8810.9  6239.2
   295 -370.472   0.001 -370.471  3821257.2 310851.3 475403.8 57353.4  20650.5  8017.6  6915.8
   296 -575.124   0.001 -575.123  3547445.2 304633.8 270352.8 59840.3  19992.3  2761.7  6923.7
   297 -2093.753   0.009 -2093.744  3175839.3 299152.1 276063.5 38732.7  14357.8  5977.3  5317.1
   298 1363.698  -0.004 1363.694  3831501.2 322841.7 295021.1 84239.7  15361.7  4939.3  8489.4
   299 -1133.366   0.002 -1133.364  3240858.7 273956.2 261210.9 39729.6  13663.6  9486.5  6192.3
   300 -1613.639   0.016 -1613.623  2897326.6 332945.1 208261.5 52257.5   6333.8 12260.3  3202.5

         Carbon flux (ktC/yr)        Water (dam3/yr)                Nitrogen (MgN/yr)
       ----------------------- -------------------------- --------------------------------
Spinup NEP     estab   NBP     transp     evap    interc  nuptake ndemand  nlosses ninflux
------ ------- ------- ------- ---------- ------- ------- ------- -------- ------- -------
   301 1948.395  -0.010 1948.385  4077884.1 372637.2 262856.0 82102.6  16860.6  8698.7 10171.4
   302 -219.094  -0.001 -219.095  3644469.5 302460.3 292929.5 55930.8  15826.1  9609.7  8049.6
   303 169.445  -0.001 169.444  3637462.4 313360.6 313734.8 67414.9  15311.5  5318.2  8055.6
   304 468.804  -0.002 468.802  4025043.5 325997.6 366805.6 66528.3  18523.9  5876.2  8685.5
   305 1468.469  -0.006 1468.463  4440062.9 335145.5 386915.5 69680.3  20845.5  5781.6  9107.9
   306 -267.490  -0.002 -267.492  3904233.7 275943.6 283460.5 52698.3  17779.5  3755.7  6154.9
   307 -2118.281   0.008 -2118.273  3110224.5 306961.0 300760.8 45196.7   9348.8 13217.3  3770.9
   308 -91.495   0.000 -91.495  3571759.9 291808.0 265763.7 75073.3  16241.5  7263.2  7583.3
   309 673.943  -0.003 673.940  3866900.4 329710.3 295746.9 70633.7  19742.0  7063.4  8201.8
   310 1916.159  -0.003 1916.156  4295305.3 334095.1 457665.0 66834.6  18324.8  8236.4  7484.9
   311 618.012  -0.002 618.010  4233605.4 326998.7 591080.8 57236.2  19460.1  9062.8  6413.2
   312 -368.785  -0.000 -368.786  4050515.4 317804.6 475018.4 59604.0  16960.0  4689.5  5222.8
   313 823.510  -0.002 823.508  4275441.5 318422.7 430692.5 73782.2  23286.2  4360.0  6935.3
   314 1095.613  -0.000 1095.612  4470039.2 329194.5 596628.9 59145.5  22169.6  3319.8  6159.6
   315 -676.088   0.001 -676.086  4105279.5 319963.4 468139.6 56439.6  21691.6  4963.2  5586.6
   316 -1304.229   0.003 -1304.226  3739063.0 287650.8 398287.6 59451.2  20479.4  2840.4  5484.8
   317 -2101.319   0.008 -2101.311  3083775.1 299508.3 280466.3 41459.9   9544.4 11524.7  4106.3
   318 -712.609   0.004 -712.604  3204525.0 304472.5 195798.8 63408.5  10307.2  9290.5  5803.0
   319 178.019   0.001 178.020  3372879.3 317278.3 177295.7 70032.6  14210.8  6064.4  7940.4
   320 858.381  -0.003 858.378  3837421.5 306972.8 274368.3 67136.3  13641.2  6894.3  8111.7
   321 -1938.770   0.006 -1938.763  3041420.1 290476.0 192275.7 42926.1  11253.1  8483.6  5951.2
   322 1409.781  -0.002 1409.779  3887935.9 327695.6 260028.1 80138.9  11509.8  8855.0  7598.1
   323 -92.006  -0.001 -92.007  3662790.9 299988.3 215817.6 56460.0  14948.0 10664.5  7963.8
   324 -976.388   0.002 -976.386  3196399.2 274648.7 232280.2 50627.6  13124.4 14783.9  6435.2
   325 -1150.747   0.009 -1150.738  2973047.8 324662.0 202421.6 58107.0   6805.0 16280.0  4184.1

         Carbon flux (ktC/yr)        Water (dam3/yr)                Nitrogen (MgN/yr)
       ----------------------- -------------------------- --------------------------------
Spinup NEP     estab   NBP     transp     evap    interc  nuptake ndemand  nlosses ninflux
------ ------- ------- ------- ---------- ------- ------- ------- -------- ------- -------
   326 -151.026   0.004 -151.023  3244726.5 313517.7 178611.7 66142.3  12748.2  7683.9  7141.3
   327 1436.627  -0.006 1436.621  3795613.8 356798.7 314807.7 68579.5  15156.9  8977.2  9494.5
   328 -48.125  -0.001 -48.126  3665222.8 307442.3 288580.4 54253.0  15512.8 10700.8  8163.5
   329 829.579   0.000 829.580  3750082.7 365738.2 391653.2 66902.8  16567.8  5351.0  8085.6
   330 -189.746   0.001 -189.745  3753314.0 325476.2 318507.7 49488.5  15866.1  6509.0  6898.1
   331 745.252   0.000 745.253  3896276.4 356913.7 434149.6 65379.8  17256.8  6847.9  7749.9
   332 640.046  -0.000 640.046  4239921.3 303203.7 408103.0 60187.7  17584.9  5718.1  6933.8
   333 -1746.490   0.009 -1746.481  3476356.5 320215.7 297459.8 35437.2  15391.2  5116.9  4950.2
   334 1138.550  -0.000 1138.549  3942434.0 334243.3 378140.6 71648.0  16986.2 11416.3  7930.8
   335 785.616   0.001 785.617  4057184.0 335448.0 450907.3 52151.9  17063.7  8074.1  6874.6
   336 -444.647   0.004 -444.642  3676847.0 340381.1 291570.9 55565.5  14447.0  6044.3  4808.7
   337 -1412.524   0.008 -1412.516  3443097.2 338916.7 351484.2 43120.5  14536.9  5750.6  4940.3
   338 948.012   0.001 948.013  3962752.3 309186.0 344902.1 73748.8  15393.0  7495.7  7270.7
   339 -1067.840   0.007 -1067.833  3400943.4 317989.3 271567.6 41843.1  12366.1  8070.8  5132.7
   340 1072.265  -0.001 1072.264  3864847.3 344046.5 376304.8 69893.5  17637.1 11163.5  7939.0
   341 598.167   0.001 598.168  4127654.6 338159.6 436081.9 56019.0  15435.0  6765.4  6631.1
   342 -791.017   0.002 -791.015  3801665.8 305858.1 368210.0 53480.1  18375.1  8191.7  6516.4
   343 -638.567   0.005 -638.562  3351439.0 303485.8 249422.5 59262.6  15634.0  3810.9  5451.9
   344 936.990  -0.000 936.990  3885144.5 362024.9 328153.6 71417.8  19088.4  2898.8  6962.5
   345 -161.837   0.004 -161.833  3785876.1 333450.3 392259.6 49417.9  13372.2  4924.3  5230.3
   346 -126.507   0.004 -126.503  3682728.3 338279.5 277280.7 60697.4  15495.8  4740.4  5871.8
   347 721.776  -0.000 721.776  4034748.9 350658.5 567390.8 62458.9  22262.9 11897.0  7768.7
   348 400.344  -0.000 400.344  3944706.2 367124.9 515384.6 54972.2  18499.1  3367.9  6503.3
   349 881.847  -0.000 881.846  4332742.8 343506.1 577521.5 60545.6  23678.1  4728.8  7802.5
   350 195.524   0.002 195.526  4138815.6 315789.3 557481.8 51841.6  19707.1  6462.7  6575.0

         Carbon flux (ktC/yr)        Water (dam3/yr)                Nitrogen (MgN/yr)
       ----------------------- -------------------------- --------------------------------
Spinup NEP     estab   NBP     transp     evap    interc  nuptake ndemand  nlosses ninflux
------ ------- ------- ------- ---------- ------- ------- ------- -------- ------- -------
   351 -1402.053   0.006 -1402.047  3693760.0 299976.7 336133.0 43769.9  18013.9  3864.2  5566.0
   352 803.647  -0.000 803.647  4065589.3 338490.0 343794.3 70184.4  20620.6  2415.4  8240.7
   353 -569.037   0.004 -569.033  3601511.2 329660.5 369038.7 42585.3  15469.1  3786.1  5339.1
   354 -695.878   0.004 -695.874  3680751.6 309053.6 341243.9 59912.7  17839.0  5033.9  6725.4
   355 -1620.815   0.010 -1620.805  3046069.5 335385.1 256576.3 44681.2  10673.1  9943.7  5102.4
   356 1504.421  -0.003 1504.418  4036724.5 357000.8 360457.0 74923.8  19629.4  7935.0 11121.0
   357  83.541   0.002  83.543  3740389.8 315752.7 220321.9 52592.3  14137.6  6227.5  6965.8
   358 1391.363  -0.001 1391.362  4207734.2 351210.4 443077.6 67439.9  19296.1  5694.9  9370.3
   359 545.065  -0.001 545.064  4178639.9 335454.5 544901.0 57947.7  20045.2  5216.8  8145.1
   360 377.536  -0.001 377.536  4094695.8 335620.8 417449.3 63061.8  18139.4  2116.8  7085.7
   361 -278.462   0.001 -278.461  3932976.1 316573.7 290725.2 60227.0  18824.1  2745.8  6332.3
   362 182.385   0.001 182.386  3964587.3 348459.9 424287.3 66143.4  18736.8  2646.7  6287.7
   363 -323.525   0.001 -323.524  4068470.2 326017.3 409367.6 61316.0  21631.8  4392.7  6736.5
   364 598.710  -0.000 598.710  4204871.0 327212.8 381537.2 70201.2  22330.7  2217.6  7185.2
   365 -1941.570   0.008 -1941.563  3258331.8 314846.8 333503.1 36349.0  11645.7  6415.0  4036.9
   366 875.030  -0.003 875.027  3977033.6 334389.8 321450.9 78837.1  16331.1  7507.8  7383.8
   367 -2596.553   0.011 -2596.542  3023002.8 290927.5 234158.4 28453.1   9643.9  9422.2  4286.6
   368 2474.246  -0.005 2474.241  4129274.0 337305.0 353159.9 82636.3  13348.3 20988.1  8419.0
   369 -1165.319   0.006 -1165.313  3364229.3 317253.7 217459.9 41417.2  12868.9  7326.0  6298.1
   370 293.930   0.000 293.930  3530700.0 290474.3 183188.0 72514.4  14629.9  6364.5  7597.2
   371 629.870  -0.000 629.870  3822748.3 317705.1 297069.7 67904.6  13615.2  6491.5  7020.7
   372 365.238   0.000 365.239  4024605.3 335756.9 345923.2 64851.0  16788.2  6118.3  7483.9
   373 618.551  -0.000 618.550  4188914.8 318266.9 315568.6 65201.2  15989.0  8829.6  7187.4
   374 527.609  -0.000 527.608  4118851.7 331515.1 350507.4 64508.4  18496.2  5429.3  6441.2
   375 -507.571   0.003 -507.568  3757716.2 279869.8 263255.9 54421.7  17061.7  4395.2  5487.9

         Carbon flux (ktC/yr)        Water (dam3/yr)                Nitrogen (MgN/yr)
       ----------------------- -------------------------- --------------------------------
Spinup NEP     estab   NBP     transp     evap    interc  nuptake ndemand  nlosses ninflux
------ ------- ------- ------- ---------- ------- ------- ------- -------- ------- -------
   376 1759.762  -0.002 1759.760  4396533.1 381682.0 582714.0 81366.7  22167.9  5368.1  7639.9
   377 351.542   0.000 351.542  4159607.6 327526.1 481450.2 48182.6  19442.0  4200.5  6098.9
   378 -855.865   0.003 -855.862  3747766.3 277399.8 296747.6 55830.5  16741.6  4697.3  5381.2
   379 -963.616   0.005 -963.611  3480694.6 312849.7 354879.5 51730.3  12906.4  6649.3  4730.1
   380 -1161.113   0.005 -1161.108  3249537.0 269534.5 266769.8 52355.7  15128.6  9277.4  5954.8
   381 -907.451   0.008 -907.443  3099434.1 357769.6 274348.5 50477.7   9753.4 11852.3  4337.6
   382 2068.009  -0.004 2068.004  4358154.1 339594.5 300630.9 88225.7  21043.2  7158.0 11150.6
   383 -1130.598   0.005 -1130.592  3316875.1 283464.2 268788.6 34019.3  13083.5  7456.4  6120.6
   384 205.466   0.002 205.468  3604195.0 340900.1 287220.1 69123.5  10209.4  9972.6  5993.1
   385 368.940   0.001 368.941  3886940.3 324914.3 307096.3 63662.9  16027.5  4598.3  8691.8
   386 -396.799   0.003 -396.796  3620904.1 321916.9 318368.5 53019.4  16007.8  5872.5  7105.1
   387 451.292   0.001 451.293  3716662.5 331878.6 426915.3 61952.5  15505.1 10202.8  7467.5
   388 611.174   0.000 611.174  3999789.9 309213.0 465705.3 58601.9  17737.5  9070.7  8096.2
   389 -116.765   0.002 -116.763  3887904.9 322433.3 476681.5 55176.5  18403.8  4247.5  7202.9
   390 -1461.770   0.006 -1461.764  3366929.6 308356.1 287206.9 48978.6  14536.9  4982.4  5625.5
   391 -634.363   0.005 -634.357  3316759.4 316046.3 249187.4 60097.8  13221.5  4969.8  5991.3
   392 -652.379   0.009 -652.370  3248191.9 328858.6 212923.0 57106.0  11394.8  6771.8  5214.2
   393 687.071  -0.001 687.071  3850567.4 349391.2 294016.7 69898.4  18273.8  4749.8  9258.1
   394 929.783   0.000 929.784  3950024.1 357727.3 387828.8 63362.1  14662.4  5937.6  7001.6
   395 322.990   0.002 322.991  3775331.1 335535.0 336517.8 58996.7  17375.2  8105.0  7154.5
   396 218.986   0.001 218.987  3852850.1 349667.9 456522.0 59440.9  17523.7  7123.8  7005.3
   397 -830.389   0.003 -830.386  3576816.5 344478.0 341440.0 49149.1  16475.4  3968.4  6362.5
   398 -853.054   0.005 -853.049  3376302.9 324381.2 258066.2 53587.2  12513.9  6615.6  5766.0
   399 773.047   0.001 773.048  3749036.9 367067.9 303776.0 74147.7  17629.2  5364.0  7533.9
   400 -949.948   0.007 -949.941  3362539.6 350985.7 328101.7 33126.2  13057.6  9129.5  5146.6

         Carbon flux (ktC/yr)        Water (dam3/yr)                Nitrogen (MgN/yr)
       ----------------------- -------------------------- --------------------------------
Spinup NEP     estab   NBP     transp     evap    interc  nuptake ndemand  nlosses ninflux
------ ------- ------- ------- ---------- ------- ------- ------- -------- ------- -------
   401 126.988   0.003 126.992  3551071.8 326330.3 253121.3 71179.5  12734.2  6942.6  5892.8
   402  56.281   0.003  56.284  3572857.0 352284.7 243824.2 62559.8  12721.7  6247.7  5822.7
   403 -393.741   0.004 -393.737  3335851.2 364311.8 242708.9 56115.9  13465.7  5397.5  5313.7
   404 -1711.528   0.015 -1711.513  2926452.2 351514.7 230774.0 43762.6   9736.6  8041.2  3997.9
   405 -541.639   0.003 -541.635  3097026.6 310614.8 224618.8 53007.8  12769.5  9239.4  6146.4
   406 -1038.225   0.015 -1038.210  2943358.4 372048.7 196495.9 52031.0   8053.4 10899.3  4424.8
   407 358.392  -0.002 358.390  3385447.4 326316.9 156868.3 73540.2  12185.6  6935.8  8478.0
   408 1573.466  -0.005 1573.461  4162785.0 384417.1 299505.5 68058.6  15145.5  6118.8 11616.0
   409 -1686.310   0.008 -1686.303  3087043.3 322265.0 201127.0 37088.5  10391.2 10779.5  6742.3
   410 816.644   0.002 816.646  3453115.9 409032.8 314640.3 63901.3   9622.6 18650.8  7089.1
   411 485.217  -0.003 485.214  3820418.6 341222.4 359647.5 58788.8  15749.2 15557.6 11229.5
   412 438.644  -0.004 438.640  3880634.8 330290.0 227571.7 55741.6  15441.2  4097.0  9947.8
   413 -1311.576   0.003 -1311.573  3152922.6 307593.2 259936.3 38500.1  14299.3  5742.2  6796.7
   414 864.936  -0.001 864.936  3652398.2 390034.0 308216.7 71061.8  12506.9  4844.4  7359.2
   415 278.539   0.000 278.540  3796647.8 340645.4 240198.0 55595.4  14831.6  4210.4  8352.4
   416 452.241  -0.001 452.240  3864747.3 364422.2 400781.9 58635.5  19202.7  7254.4  8364.1
   417 853.257  -0.003 853.254  4268524.5 339924.1 351344.6 65090.4  19485.0  2686.6  8297.9
   418 807.256  -0.007 807.250  4276207.6 348214.9 523829.9 58074.2  20093.9  4503.4  7816.0
   419  14.171  -0.014  14.157  4035124.8 324106.8 508483.1 54755.2  18404.0  9736.2  6954.4
   420 -1108.520  -0.003 -1108.523  3723595.5 329447.4 359046.1 50406.9  19304.9  4428.5  6191.5
   421 -1257.560   0.004 -1257.555  3444892.5 331486.3 334505.0 46357.0  15608.3  6174.9  5862.7
   422 868.553  -0.003 868.551  3837244.4 370295.0 397669.5 75684.8  19250.7  7489.0  8534.2
   423 -756.930   0.001 -756.930  3671238.9 306503.0 274706.5 47635.8  14759.7  5751.3  6151.0
   424 246.665  -0.002 246.663  3901065.4 345947.1 321502.3 67177.6  14352.9  5410.8  7272.3
   425 -154.436   0.002 -154.434  3723733.3 325670.8 328101.2 55506.6  16865.9  6045.0  6654.0

         Carbon flux (ktC/yr)        Water (dam3/yr)                Nitrogen (MgN/yr)
       ----------------------- -------------------------- --------------------------------
Spinup NEP     estab   NBP     transp     evap    interc  nuptake ndemand  nlosses ninflux
------ ------- ------- ------- ---------- ------- ------- ------- -------- ------- -------
   426 1317.709  -0.009 1317.700  4384038.5 389524.5 570999.0 70957.1  22076.2  8243.8  9482.0
   427 308.319  -0.006 308.312  4298784.7 304435.4 420765.2 56813.8  18208.7  3724.6  7109.0
   428 554.435   0.000 554.435  4345222.3 341869.9 543063.1 66091.7  23240.2  3495.2  8527.3
   429 -1057.614   0.002 -1057.612  3821947.2 300597.2 334223.0 48738.1  18363.5  3014.2  6283.5
   430  47.088  -0.001  47.086  3767630.9 329620.9 466944.5 61418.4  15568.9  8537.9  7001.2
   431 374.055  -0.008 374.046  4244955.9 328344.0 358081.2 64298.9  23579.2  4963.3  8989.2
   432 -1042.543  -0.004 -1042.547  3614850.4 307892.2 293142.0 51276.4  12680.7  3688.6  5539.1
   433 -1848.089   0.006 -1848.083  3195281.3 319925.7 254708.9 40341.9  13429.4  5443.9  5890.4
   434 217.763   0.002 217.765  3400747.3 330647.6 198342.2 71175.3  10323.8  7118.4  6452.2
   435 234.823  -0.002 234.821  3666254.9 351921.1 257347.4 64980.4  13033.7  5999.6  8555.7
   436 594.487  -0.010 594.478  3917379.2 334121.8 439601.8 64087.2  19185.7 15462.5  9894.8
   437 873.359  -0.017 873.343  4133120.6 326582.8 315928.9 65175.8  18914.9  2730.0  8900.4
   438 1218.870  -0.025 1218.844  4402263.7 339108.5 406200.5 67543.4  19165.0  3704.2  8320.4
   439  14.151  -0.001  14.151  4177921.7 321884.5 387565.2 59219.0  15803.9  5484.4  6295.4
   440 -863.555  -0.001 -863.556  3776453.5 278747.6 286772.7 61549.2  20093.7  3680.3  6464.0
   441 -759.472   0.001 -759.471  3504413.7 314901.7 357425.7 57043.5  14221.3  5631.1  5320.5
   442 -2192.908   0.005 -2192.903  3059948.3 283912.3 226873.6 47008.9  11937.0  6512.8  5295.7
   443 845.870  -0.002 845.868  3714580.8 332129.8 241847.7 78390.1  11029.6 10583.0  7454.5
   444 1383.254  -0.017 1383.238  4203472.2 342974.5 311737.2 71035.2  18793.8  9397.8 10645.0
   445 -201.310  -0.020 -201.330  3739575.0 294453.8 275529.1 53017.7  14212.8  8459.2  6311.0
   446 682.674  -0.028 682.646  3877736.4 347100.9 433051.2 74861.5  17440.3  7441.8  7415.0
   447 -756.195  -0.017 -756.212  3771354.0 294558.8 353287.4 56246.6  18061.9  8147.9  6462.3
   448 1004.497  -0.002 1004.496  4045816.7 327452.1 338544.1 74466.6  18241.4  3578.4  7395.4
   449 -899.937   0.002 -899.935  3718491.0 298352.3 368344.0 52241.8  16311.1  4770.2  5839.9
   450 445.391  -0.001 445.390  3868106.5 323724.5 441991.2 68368.9  15517.9  9201.7  6364.1

         Carbon flux (ktC/yr)        Water (dam3/yr)                Nitrogen (MgN/yr)
       ----------------------- -------------------------- --------------------------------
Spinup NEP     estab   NBP     transp     evap    interc  nuptake ndemand  nlosses ninflux
------ ------- ------- ------- ---------- ------- ------- ------- -------- ------- -------
   451 -1684.036   0.006 -1684.027  3405548.4 302010.9 279374.8 43349.7  14408.3  6427.2  5610.4
   452 638.730  -0.001 638.730  3753398.0 302023.8 301043.6 75101.5  13124.5  8047.1  7359.8
   453 -311.980   0.001 -311.980  3619106.0 313969.6 288704.1 57241.1  15409.9  8657.9  7118.2
   454 882.155  -0.002 882.153  4001500.2 325470.1 478373.2 70114.4  19153.1 13640.6  8920.2
   455 143.453  -0.001 143.452  3684220.0 314747.7 454898.4 53724.1  14415.9 10134.4  6338.8
   456 858.240  -0.004 858.236  4169398.7 331438.6 500032.5 68604.6  22864.7  5291.9  8592.8
   457 265.794  -0.000 265.793  4037592.5 294006.3 295040.1 60792.4  17750.9  3054.6  6521.1
   458 149.883  -0.000 149.883  3893745.6 341440.9 512608.2 61837.2  19116.2  3811.5  6411.3
   459 685.605  -0.001 685.604  4321874.7 321050.1 398857.5 69584.7  24247.4  3777.4  7474.1
   460 -1886.217   0.006 -1886.211  3436741.4 305251.6 417303.2 29422.5  13365.6  6797.3  4302.9
   461 1098.298  -0.004 1098.294  3892470.1 319549.0 382440.1 73992.5  17018.5 12332.6  7742.5
   462 1179.209  -0.002 1179.207  4272299.3 320015.3 361043.0 63523.9  19018.2  4175.6  7224.4
   463 1302.722  -0.001 1302.721  4402440.1 376402.6 670696.6 66413.6  21368.6  8232.8  7051.9
   464 -2076.084   0.009 -2076.074  3337802.1 268058.2 367221.4 34407.0  17004.3  4720.1  4665.2
   465 705.172  -0.003 705.169  3687297.6 340427.6 318534.9 73255.8  12285.9  6295.7  5735.3
   466 -1258.770   0.004 -1258.766  3394912.5 307799.9 336785.3 36732.5  14001.8  8521.2  5223.5
   467 1825.863  -0.004 1825.859  4211474.9 325840.0 416572.3 80462.7  17352.1 12562.3  8590.2
   468 -2034.003   0.007 -2033.997  3264309.4 269315.1 242510.6 38674.4  12972.5  9039.2  4961.4
   469 -1673.227   0.007 -1673.220  2969094.5 282961.8 183193.2 48627.4   8144.5 10130.5  5072.1
   470 922.295   0.000 922.295  3560362.5 301912.3 195561.9 72060.0   9931.3  9949.8  6942.3
   471 1093.668  -0.004 1093.664  3981441.4 301612.3 237681.2 73186.6  13117.9 10080.7  9517.4
   472 587.686  -0.003 587.683  3839920.8 334809.6 265517.8 65478.2  15941.4  8255.1  8664.4
   473 1001.517  -0.003 1001.514  4157091.3 327629.3 295480.5 67154.5  18531.9  5701.0  8239.1
   474 1499.207  -0.002 1499.204  4401374.4 378307.9 573194.7 67012.0  19722.0 11250.4  7628.2
   475 356.405  -0.002 356.404  4291546.0 325301.6 610714.3 57243.5  21409.5  4330.9  6340.3

         Carbon flux (ktC/yr)        Water (dam3/yr)                Nitrogen (MgN/yr)
       ----------------------- -------------------------- --------------------------------
Spinup NEP     estab   NBP     transp     evap    interc  nuptake ndemand  nlosses ninflux
------ ------- ------- ------- ---------- ------- ------- ------- -------- ------- -------
   476 -1366.075   0.003 -1366.072  3578183.1 305276.2 302614.9 54121.1  15854.9  4967.6  4363.0
   477 -135.147  -0.000 -135.147  3850083.5 318830.2 409453.8 65142.7  16411.1  5260.8  5625.8
   478 -571.562   0.002 -571.560  3705475.2 287089.7 254156.2 59665.9  17172.6  4828.5  5590.1
   479 -512.846   0.001 -512.845  3701541.5 287094.8 325794.9 64190.6  17631.0  6081.0  5791.5
   480 -232.739   0.003 -232.736  3534446.6 302678.2 314341.7 63159.0  14842.0  6887.3  5133.8
   481 845.384  -0.002 845.382  3916566.1 338545.6 401875.5 70952.8  18816.9  6984.3  7436.8
   482 -773.331   0.002 -773.329  3699815.2 286855.0 276412.4 48639.7  14435.4  8525.7  5528.7
   483 437.376  -0.000 437.376  3933299.8 315086.6 313867.6 69041.0  13240.3  8504.9  6283.8
   484 651.027  -0.002 651.025  4086565.4 321331.6 519777.3 65030.8  21597.4 12389.5  7856.7
   485 -2623.955   0.010 -2623.945  3141122.5 264953.1 249988.5 31935.5  11951.0  6895.3  4173.5
   486 1742.781  -0.005 1742.776  3852017.3 327713.9 244586.5 82032.4  12284.4  8173.6  6496.1
   487 662.210  -0.002 662.207  4050465.9 325534.4 336650.7 60262.4  15359.8  6568.3  7034.8
   488 -370.940   0.000 -370.939  3780355.6 284128.4 264381.5 56527.8  16207.9  9289.0  6023.5
   489 203.988   0.001 203.989  3766091.9 293778.1 310024.4 67377.1  16176.8  7064.0  5731.4
   490 -47.643   0.001 -47.642  3705658.2 311258.7 249730.8 63840.9  17052.8  6032.0  5610.2
   491  43.974   0.001  43.975  3916302.3 325052.5 402345.1 63578.4  15402.6  6687.0  5131.8
   492 600.128  -0.001 600.126  4055130.4 304353.1 452552.2 66493.9  19117.1 11508.3  6373.0
   493 -2305.054   0.009 -2305.045  3361953.4 259208.3 252704.2 35195.8  13137.7  9875.1  4164.4
   494 -802.637   0.007 -802.629  3229001.5 291971.5 197520.4 52355.8   9205.2 11133.1  4682.0
   495 1640.693  -0.006 1640.687  3795458.8 323201.4 231189.5 82375.8  12778.3  8847.6  7762.4
   496 -956.859   0.002 -956.857  3224952.8 277866.2 219549.6 40652.6  13252.2 14801.3  6284.9
   497 310.482   0.002 310.484  3397088.6 310144.1 245172.1 71544.3  12097.7  9335.4  5469.5
   498 -496.496   0.003 -496.493  3424906.5 302153.5 208367.2 56649.6  13612.9  7477.0  6462.0
   499 397.321   0.003 397.324  3534786.3 314495.5 257838.1 67546.7  15570.0  8014.3  6655.4
   500 427.106   0.003 427.109  3686624.6 316085.5 283511.7 58710.4  15394.2  8335.2  6590.4

         Carbon flux (ktC/yr)        Water (dam3/yr)                Nitrogen (MgN/yr)
       ----------------------- -------------------------- --------------------------------
Spinup NEP     estab   NBP     transp     evap    interc  nuptake ndemand  nlosses ninflux
------ ------- ------- ------- ---------- ------- ------- ------- -------- ------- -------
   501 750.603   0.001 750.604  3943653.4 353338.4 324291.4 66201.8  17559.6  6481.5  7202.0
   502 -563.090   0.006 -563.083  3556675.4 320548.3 291719.6 48369.2  14237.3  6985.5  4965.5
   503 -932.495   0.007 -932.488  3332348.9 320887.3 268637.5 54715.7  11943.6  9044.4  4612.3
   504 980.700   0.002 980.701  3787489.6 364093.0 404314.8 72814.9  16642.7  6515.8  7237.5
   505 370.038   0.001 370.039  4046696.8 340891.2 379033.9 55462.4  18988.7 10279.2  7606.3
   506  11.028   0.003  11.031  3672371.3 346830.2 495965.0 49034.2  12719.4 12401.6  5221.1
   507 331.031  -0.001 331.030  4259395.7 330441.6 447501.0 59726.4  19228.6  6355.1  7893.1
   508 -619.194  -0.000 -619.195  3820725.1 325209.4 372251.3 47623.7  17353.0  4890.9  6319.2
   509 -1324.081   0.009 -1324.072  3411147.4 319978.2 274912.8 43039.3  14450.0  5103.6  5471.0
   510 691.319   0.002 691.321  3810598.0 328405.6 303906.6 69811.9  13157.8  6883.9  7469.4
   511 312.046   0.003 312.048  3792869.2 319282.1 358869.9 55138.1  16147.8  5127.5  7450.4
   512 -441.086   0.005 -441.081  3614849.1 316564.6 292365.6 50941.2  16206.0  5372.1  6055.6
   513 1034.534   0.000 1034.534  4151541.0 335307.5 537985.6 70153.9  21196.0  8814.8  8490.7
   514 771.303   0.001 771.304  4137772.3 344807.1 440040.6 55344.4  16762.0  2335.9  6313.0
   515 -121.043   0.003 -121.040  3857843.1 339840.5 301916.2 54569.7  17609.9  3217.0  5636.5
   516 -1817.639   0.012 -1817.626  3279208.5 341963.6 386644.9 30772.7  13125.5  7215.8  4261.4
   517 1209.562  -0.004 1209.558  3907330.5 342033.8 371883.3 75014.7  18620.2 12020.0  8615.1
   518 -372.477   0.001 -372.476  3754830.4 305267.4 347351.1 47706.8  16657.3  5670.5  6598.9
   519 1297.472  -0.002 1297.470  4152891.8 354894.9 492469.8 73085.6  22422.2  4051.7  8771.6
   520  85.678   0.002  85.680  4039782.3 317776.2 410646.3 49020.7  17251.1  4069.0  6395.0
   521 -768.303   0.004 -768.299  3687496.0 309383.8 324127.1 53204.8  17964.2  3759.2  5737.8
   522 -1340.698   0.006 -1340.693  3256280.1 289505.4 298072.4 48603.0  16598.7  5631.2  5637.9
   523 647.012  -0.001 647.011  3814985.2 359690.6 322834.2 77884.3  20549.6  4864.2  7537.5
   524 378.979   0.002 378.981  3945785.3 349046.7 344192.0 53298.8  12442.5  6190.4  5786.6
   525 -420.618   0.003 -420.615  3674403.5 290823.5 257589.6 58884.1  19201.1  3348.2  6778.5

         Carbon flux (ktC/yr)        Water (dam3/yr)                Nitrogen (MgN/yr)
       ----------------------- -------------------------- --------------------------------
Spinup NEP     estab   NBP     transp     evap    interc  nuptake ndemand  nlosses ninflux
------ ------- ------- ------- ---------- ------- ------- ------- -------- ------- -------
   526 -1472.264   0.009 -1472.255  3162586.2 354984.8 332746.5 36780.0  11111.9  7182.4  4423.7
   527 1349.417  -0.003 1349.414  3846415.4 353456.9 344387.4 78631.9  18256.8 12408.0  8801.8
   528 -1907.308   0.008 -1907.299  3125398.5 292710.3 230532.1 31522.2  10552.9  7210.1  4936.7
   529 2010.488  -0.004 2010.484  4038246.3 353507.1 400506.0 72977.9  14092.9 14735.9  8541.2
   530 1140.551  -0.002 1140.549  4118096.3 347489.7 435811.0 55222.9  18235.7  5367.3  9222.0
   531 -129.705   0.001 -129.704  3816499.4 309738.3 329783.9 50426.5  17575.8  6086.5  7212.5
   532 129.190   0.001 129.191  3848830.1 326311.0 358289.5 61180.6  19184.4  5238.4  7760.9
   533 -215.259   0.001 -215.258  3961312.0 327016.0 362194.4 60484.7  22779.7  3611.0  8007.4
   534 -1533.167   0.007 -1533.160  3289523.8 311839.4 272731.7 43977.9  12946.9  5696.0  5399.9
   535 -812.715   0.007 -812.708  3211368.8 326583.4 212044.2 56123.4  10596.5  6883.6  5852.2
   536 541.047   0.002 541.049  3675952.9 331677.6 257340.5 68636.4  14666.1  4817.6  8828.4
   537 486.593  -0.002 486.591  3899431.5 336651.8 285062.0 62560.3  18686.9  9550.4  9607.0
   538 -996.469   0.006 -996.464  3242195.1 289987.1 250335.7 41709.2  13728.9  7582.5  6192.2
   539 998.763  -0.001 998.762  3793246.9 358588.5 345966.9 76201.3  14053.1  8702.7  7287.6
   540 954.801  -0.002 954.800  4148961.2 335487.7 296538.7 65480.6  19780.1  3337.9  9205.4
   541 1468.057  -0.001 1468.056  4491646.8 341041.3 389703.6 64170.7  18904.7  3229.8  8358.5
   542 -1278.997   0.005 -1278.992  3662857.5 296265.4 301426.4 42536.0  14522.7  4648.5  5369.1
   543 740.964   0.001 740.965  4041499.7 310448.4 351034.7 69034.7  13354.0  5649.8  6487.5
   544 273.100   0.001 273.101  3928576.2 354626.7 438347.5 61545.3  17969.7  5981.4  7434.3
   545 299.405   0.000 299.405  4128877.7 331960.1 364440.2 62179.0  20724.1  5520.7  7463.8
   546 604.658  -0.000 604.658  4312046.1 322725.5 368978.2 66516.2  22697.2  2117.4  7415.8
   547 -1876.642   0.006 -1876.635  3333103.4 274132.0 327812.0 34848.2  16223.6  4398.6  4980.6
   548 -320.929   0.004 -320.926  3276283.1 355103.2 395200.4 54161.3   7926.0 19340.0  4368.5
   549 -1506.821   0.005 -1506.816  3171204.6 278564.2 190268.0 52706.1  13357.6 10992.6  6400.1
   550 1191.314  -0.003 1191.312  3922644.0 333586.7 377443.9 72140.0  19752.8  9342.3 10336.6

         Carbon flux (ktC/yr)        Water (dam3/yr)                Nitrogen (MgN/yr)
       ----------------------- -------------------------- --------------------------------
Spinup NEP     estab   NBP     transp     evap    interc  nuptake ndemand  nlosses ninflux
------ ------- ------- ------- ---------- ------- ------- ------- -------- ------- -------
   551 1594.682  -0.002 1594.680  4359314.2 333598.2 334227.8 62812.3  18647.3  3560.6  9765.5
   552 -142.153   0.001 -142.152  3913904.1 274761.5 248646.5 53894.1  17896.6  4206.1  7041.6
   553 -410.611   0.002 -410.608  3489094.2 325474.2 448141.1 57823.2  12824.9 12295.7  5607.3
   554 -168.432   0.001 -168.431  3920609.1 318619.9 339081.2 65627.2  23422.2  6206.8  8142.6
   555 448.545   0.001 448.546  3921206.7 327294.1 343619.0 63003.6  19572.7  2619.8  7264.3
   556 849.036   0.000 849.036  4242281.7 318166.0 352345.8 68265.0  22486.0  2408.9  7744.3
   557 477.816   0.001 477.816  4189731.7 327309.5 593788.9 58887.5  21089.5  3711.3  6724.6
   558 -365.682   0.002 -365.680  4023847.2 319387.6 470639.7 59179.2  17556.2  3398.2  5887.6
   559 -1048.022   0.003 -1048.019  3691105.6 284996.1 303991.1 55850.7  17731.3  4164.4  5757.6
   560 -697.615   0.003 -697.613  3587914.0 309042.5 315584.7 60029.8  16385.0  4296.3  6136.4
   561 -1018.548   0.004 -1018.544  3368267.5 314560.6 301015.5 49336.9  14909.2  8530.3  6008.5
   562 623.734   0.001 623.734  3666735.9 303204.7 274661.1 72832.7  15679.8  8203.7  7361.1
   563 -375.755   0.002 -375.754  3661606.6 295253.5 300541.1 58936.3  17339.1  6559.0  7596.7
   564 1424.547  -0.002 1424.545  4230050.6 340518.9 353517.4 75868.8  21036.8  4403.8  9651.9
   565 196.614   0.000 196.614  4046837.4 323634.4 370376.7 57750.0  18728.2  5035.7  7241.0
   566 -56.775   0.002 -56.773  3947241.9 320770.7 364850.6 60507.4  13861.7  7411.7  5969.1
   567 -1315.024   0.007 -1315.017  3420250.3 303759.9 265395.2 55448.8  15334.3  6000.9  5011.0
   568 -1148.102   0.008 -1148.094  3248166.4 324499.0 315077.7 43145.7  12195.9  8987.3  4888.3
   569 386.864   0.002 386.866  3649574.2 316052.4 257906.5 73970.3  13928.9  8476.4  7363.8
   570 475.898  -0.000 475.898  3855785.3 336158.5 310129.9 69440.8  19069.7  9647.4  8840.9
   571 528.293   0.001 528.293  3941829.4 342109.1 339632.0 63745.9  18330.5  5898.3  7533.7
   572 427.568   0.001 427.569  3900179.6 339815.9 442883.1 62990.8  16339.0  6945.5  6408.1
   573 339.553   0.002 339.555  4072465.4 307307.2 390354.5 67551.4  17843.4  4145.9  6936.8
   574 -594.841   0.003 -594.838  3723342.8 285995.0 265953.5 57534.4  18544.0  3542.2  6496.6
   575 -445.468   0.003 -445.465  3680953.6 318302.4 368683.4 61623.7  13196.1  6248.8  5549.6

         Carbon flux (ktC/yr)        Water (dam3/yr)                Nitrogen (MgN/yr)
       ----------------------- -------------------------- --------------------------------
Spinup NEP     estab   NBP     transp     evap    interc  nuptake ndemand  nlosses ninflux
------ ------- ------- ------- ---------- ------- ------- ------- -------- ------- -------
   576 -1288.195   0.006 -1288.189  3439172.1 304049.9 263766.4 49387.2  15738.7  6040.4  6119.6
   577 -997.826   0.005 -997.821  3189929.8 315659.3 231696.0 58907.0  11209.0  9784.6  5684.7
   578 -1806.686   0.008 -1806.678  2874859.1 303132.6 176653.6 49060.8   9964.7  7774.1  5594.0
   579 2259.780  -0.008 2259.772  4000051.5 353675.6 246260.0 88456.8  17117.2  7894.2 10872.6
   580 2136.243  -0.012 2136.231  4181326.7 393383.7 479208.1 59389.0  16763.2 21030.3  9401.4
   581 -968.492  -0.005 -968.497  3558247.2 310236.8 276769.8 39792.7  15493.5  5272.3  6147.8
   582 555.515  -0.013 555.501  3820634.4 334250.8 306413.5 66791.9  13359.2  5891.2  7004.1
   583 224.344  -0.004 224.341  3765378.8 329728.2 351466.6 59157.4  17806.9  7607.4  7371.0
   584 350.973  -0.006 350.968  3853586.1 329105.1 364948.5 60617.3  18737.7  6116.9  7174.0
   585 -2121.655   0.006 -2121.648  3197755.0 279566.8 244533.0 39085.4  13953.5  5132.2  5010.7
   586 855.504  -0.000 855.504  3725398.3 320218.0 277776.1 72220.4  12036.5  6850.2  7018.6
   587 921.580  -0.008 921.572  4032995.1 335448.4 463579.3 63631.2  19689.1 12748.2  9003.2
   588 1029.264  -0.011 1029.253  4213449.5 324972.6 336629.0 62679.0  19175.7  2610.9  7787.1
   589   5.398  -0.010   5.388  3961988.5 327271.2 478811.4 55671.1  17151.8  5238.3  5944.9
   590 300.571  -0.000 300.570  3997678.7 353270.4 480829.9 66549.2  20173.8  3656.4  6598.5
   591 1311.362  -0.001 1311.361  4734719.6 335274.9 445062.4 67884.0  24526.7  3586.9  8018.7
   592 -465.975   0.002 -465.973  4042797.9 301695.8 320754.2 51033.9  15764.5  3468.8  5034.5
   593 -200.715   0.001 -200.715  3826045.8 327740.2 411211.9 56818.4  17206.6  5355.9  5751.9
   594 789.254  -0.004 789.250  4276424.5 337450.1 534171.8 69484.9  24822.2  6541.0  8101.3
   595 -43.078  -0.004 -43.083  4018463.5 318978.0 427556.2 52395.4  19486.2  4406.9  6269.8
   596 -1307.177  -0.001 -1307.178  3587363.0 299843.0 330804.7 52315.5  17776.3  3669.8  5495.3
   597 850.107  -0.007 850.100  4049041.9 332414.4 384975.3 76552.7  19786.0  3050.3  7597.6
   598 1161.454  -0.017 1161.437  4361080.3 334918.6 541111.4 60219.4  21209.3  4253.7  7545.6
   599 -1160.267   0.005 -1160.261  3810874.9 302255.4 303511.5 50377.9  16020.9  5535.2  4910.2
   600  58.806  -0.002  58.804  3978101.8 332305.9 382449.4 69484.4  20153.1  5097.5  6780.0

         Carbon flux (ktC/yr)        Water (dam3/yr)                Nitrogen (MgN/yr)
       ----------------------- -------------------------- --------------------------------
Spinup NEP     estab   NBP     transp     evap    interc  nuptake ndemand  nlosses ninflux
------ ------- ------- ------- ---------- ------- ------- ------- -------- ------- -------
   601 176.130  -0.000 176.130  3842521.8 324719.3 392385.3 61139.4  17571.0  5231.0  6219.8
   602 -1442.479   0.011 -1442.467  3439011.7 313045.1 273656.0 52102.7  15443.4  6798.7  4867.0
   603 -1262.475   0.006 -1262.469  3142224.4 323932.5 257239.7 51078.1  10454.1 10676.7  4711.9
   604 1008.983  -0.001 1008.982  3899595.2 314267.7 291015.5 77040.1  13496.3  7058.3  7995.8
   605 494.095  -0.001 494.095  3691160.8 342710.4 392265.7 58655.4  14131.6 12024.3  7668.5
   606 961.875  -0.002 961.873  4268723.5 332755.1 325118.9 66748.7  19884.3  7119.5  9194.2
   607 121.745   0.001 121.747  4059065.8 341527.2 429953.1 58893.8  16071.6  4152.7  6518.7
   608 271.620  -0.001 271.619  4096357.6 342068.9 377141.6 66371.2  21331.2  4300.4  7274.4
   609 -373.094   0.003 -373.091  3742991.8 332260.8 288659.4 58302.0  16868.5  3676.9  5104.7
   610 -252.465   0.002 -252.462  3858249.5 335906.2 375401.6 60420.7  13454.3  7240.7  5211.2
   611 -1525.609   0.007 -1525.602  3360791.7 324758.0 369457.7 39775.6  14775.6  8568.3  5082.6
   612 -1541.536   0.007 -1541.529  3123956.3 287327.7 215118.6 55448.8  10307.9  8504.5  5030.7
   613 667.287  -0.000 667.287  3459115.7 343493.9 345812.9 72684.0  11026.6 15558.4  6161.5
   614 -1447.752   0.003 -1447.748  3179741.0 292891.1 198174.5 47763.9  12128.7 11805.1  6336.2
   615 369.365   0.001 369.366  3335700.0 342817.4 190273.3 71043.1  12420.7  6547.2  6701.9
   616 1441.194  -0.005 1441.190  4088038.5 358426.3 315277.5 71422.5  18452.4  5202.4 10403.2
   617 -282.533  -0.001 -282.533  3713401.8 303387.1 318386.4 55016.8  16321.1  7714.1  7066.0
   618 -775.179   0.006 -775.173  3319043.3 341055.8 246956.8 56830.8   9222.5  6828.5  4468.7
   619 466.646  -0.000 466.645  3711656.7 346717.7 370972.2 67633.3  16999.0  8433.7  7866.6
   620 1110.046  -0.002 1110.044  4023035.3 341266.1 355252.9 66687.2  17944.7  4400.3  8187.0
   621 668.711  -0.003 668.708  4182200.0 305569.1 403057.1 60333.8  16390.9  5337.3  6380.7
   622 1018.045  -0.010 1018.035  4339189.8 345167.8 540277.6 66310.9  21351.4  4688.2  7429.9
   623 709.286  -0.021 709.266  4469440.8 325918.9 407045.0 62879.1  21900.4  3728.4  6878.6
   624 -1706.652  -0.005 -1706.656  3546208.8 319311.3 324730.2 41600.0  10045.6  5472.9  3723.7
   625 -136.989  -0.013 -137.002  3451496.7 339181.5 434818.1 55969.8  12695.7 11754.6  5719.8

         Carbon flux (ktC/yr)        Water (dam3/yr)                Nitrogen (MgN/yr)
       ----------------------- -------------------------- --------------------------------
Spinup NEP     estab   NBP     transp     evap    interc  nuptake ndemand  nlosses ninflux
------ ------- ------- ------- ---------- ------- ------- ------- -------- ------- -------
   626 -1838.198  -0.005 -1838.203  3149810.7 280708.4 227984.9 49502.0  14788.8  9256.2  5865.0
   627 893.642  -0.007 893.636  3680657.3 346579.4 269969.6 76263.4  17296.2  5570.9  8415.9
   628 963.716  -0.010 963.706  3832630.1 360356.9 394378.6 60620.3  17069.0  6510.8  7862.8
   629 -289.386  -0.015 -289.401  3716547.4 318949.7 319671.6 54647.3  16389.3  6328.1  6299.9
   630 -1294.508   0.000 -1294.507  3434117.0 303006.7 260745.2 53038.1  15395.4  6811.7  6049.0
   631 839.697  -0.002 839.695  3780959.3 341135.5 298268.1 77190.3  17652.1  7274.1  7823.2
   632 -1949.169   0.007 -1949.162  3138707.4 286551.9 224400.8 36754.5  11157.4  7440.1  4808.8
   633 850.159   0.002 850.160  3526930.6 317746.3 245154.2 68936.0   9880.5 10014.7  5428.1
   634 618.212  -0.002 618.210  3784920.1 340605.5 350997.3 68090.2  14651.6 15297.2  7845.3
   635 -788.798   0.007 -788.791  3335580.2 325451.4 217643.2 54959.2  12815.4  6814.3  5477.2
   636 1785.069  -0.005 1785.064  4279681.8 356304.6 330179.1 76193.2  17696.7  5824.0  9317.0
   637 1263.430  -0.004 1263.426  4247096.4 336965.8 392549.5 63221.2  16656.0  5786.8  7253.1
   638 882.553  -0.011 882.542  4342760.9 342661.6 539066.5 58303.0  19530.9  6412.2  7404.3
   639 -456.763  -0.010 -456.773  3984605.1 312201.3 419430.0 55791.7  18239.1  7197.7  6208.3
   640 562.374  -0.028 562.347  4284073.8 336721.0 545674.0 69608.7  24940.5  5323.3  8019.2
   641 -111.925   0.000 -111.924  4019089.4 319139.9 430326.1 54009.7  20034.1  3363.5  6311.4
   642 -469.094   0.001 -469.093  3950719.1 320955.7 507043.2 60195.8  20687.7  4891.5  6332.1
   643 -1287.812   0.003 -1287.810  3624447.2 315039.5 352879.7 52811.0  18948.7  3207.0  6004.1
   644 297.942  -0.001 297.941  3813158.8 321513.8 344680.0 68807.6  19428.4  5100.8  7711.5
   645 873.793  -0.002 873.791  4219202.1 322004.2 344364.6 66294.7  21243.7  3582.5  8111.9
   646 -80.827   0.000 -80.827  3828795.7 325364.1 403419.2 52469.4  15666.0  4438.0  5833.1
   647 -1610.566   0.005 -1610.562  3438313.9 315741.6 364518.3 41896.1  15327.4  7429.9  5317.0
   648 765.056  -0.002 765.054  4010243.4 318656.5 304575.7 80227.9  14969.2  6232.2  7523.2
   649 -678.686   0.001 -678.685  3668373.9 315206.9 311300.4 51648.5  15774.8  4811.9  6613.4
   650 -432.979   0.001 -432.978  3631111.1 312966.5 290885.7 58692.3  14491.2  6429.7  6626.5

         Carbon flux (ktC/yr)        Water (dam3/yr)                Nitrogen (MgN/yr)
       ----------------------- -------------------------- --------------------------------
Spinup NEP     estab   NBP     transp     evap    interc  nuptake ndemand  nlosses ninflux
------ ------- ------- ------- ---------- ------- ------- ------- -------- ------- -------
   651 -1048.910   0.004 -1048.906  3364510.4 315574.7 292658.8 48808.9  13762.7  9868.5  6144.5
   652 1306.110  -0.005 1306.106  4036418.0 326441.0 435802.9 80421.0  19314.7 16617.3  9545.8
   653 627.170  -0.002 627.168  3933017.8 327640.9 396029.0 54200.6  18026.4  3384.3  7744.8
   654  63.751   0.000  63.751  3921971.3 314993.0 457260.3 60096.8  16198.8  7106.1  6428.3
   655 -983.268   0.002 -983.266  3733501.9 291285.1 343199.1 60751.0  19233.2  4356.5  6692.2
   656 275.656  -0.001 275.654  3847002.7 319634.6 410640.7 68933.9  18864.3  5985.3  7291.4
   657 877.894  -0.002 877.891  4189021.6 318748.4 333674.2 69311.1  21882.3  2735.3  8318.0
   658 -1391.695   0.005 -1391.690  3373432.9 301557.5 311511.8 40473.9  11765.3  7104.7  4504.7
   659 2209.845  -0.005 2209.841  4453515.4 332596.7 359176.2 83135.4  16663.7  4911.3  8434.2
   660 -164.516   0.001 -164.515  3896257.2 305925.4 372194.1 47897.2  15867.8  6670.5  5680.9
   661 -2366.538   0.008 -2366.529  3191180.1 267820.7 253236.0 44349.8  11888.0  6950.0  4506.4
   662 1073.497  -0.005 1073.492  3926563.6 322784.1 274324.7 85997.0  15990.7  9543.2  8250.6
   663 909.120  -0.002 909.118  3946177.1 344704.2 395143.5 58630.8  15081.3  8268.9  6916.9
   664 -790.346   0.002 -790.344  3674051.4 291119.1 267498.4 53473.8  13858.0  8966.9  5760.0
   665 -342.874   0.001 -342.873  3701649.5 292861.5 305360.0 72427.9  15976.4  7010.4  6680.7
   666 1097.432  -0.004 1097.428  4083115.9 326063.2 478916.8 74424.7  21479.0  9368.3  8355.6
   667 -2535.218   0.009 -2535.209  3153890.5 272459.0 242010.1 31389.0  10348.1  7860.3  4259.0
   668 2309.003  -0.006 2308.998  4097076.0 321538.8 238801.6 84355.9  11943.9  8833.2  7134.5
   669 1798.370  -0.005 1798.366  4274953.3 385969.3 499607.0 64728.3  16747.0 15266.1  8340.3
   670 -25.782  -0.001 -25.783  3987077.3 311598.0 459531.3 53392.1  16813.3  7005.8  6015.2
   671 253.099  -0.001 253.098  4005663.8 334616.7 462262.0 69292.2  19565.8  4542.7  6544.4
   672 1404.439  -0.001 1404.438  4740003.4 326600.6 432388.9 69895.6  23876.0  3587.6  7582.7
   673 137.034   0.000 137.034  4133178.6 302274.2 538834.2 50981.3  17256.5  8349.6  5336.6
   674 -14.218   0.000 -14.218  4102155.7 335906.8 530106.0 64003.9  22311.0  4200.4  6147.9
   675 -58.827   0.000 -58.827  4286917.1 283647.1 459634.7 62451.8  22985.6  2084.5  6089.9

         Carbon flux (ktC/yr)        Water (dam3/yr)                Nitrogen (MgN/yr)
       ----------------------- -------------------------- --------------------------------
Spinup NEP     estab   NBP     transp     evap    interc  nuptake ndemand  nlosses ninflux
------ ------- ------- ------- ---------- ------- ------- ------- -------- ------- -------
   676 -186.101   0.001 -186.100  3953716.9 307699.6 426045.9 60179.6  21354.1  3396.3  6051.0
   677 154.811  -0.001 154.810  4000600.9 334285.3 514805.6 64479.9  22246.6  2822.5  6439.0
   678 -14.443  -0.000 -14.443  4266914.1 313860.8 485280.6 60268.8  22865.1  3320.1  6428.2
   679 -1451.987   0.004 -1451.983  3666812.7 295407.4 401471.6 41020.6  18927.0  5517.0  5269.9
   680  43.239  -0.001  43.237  3791797.2 269568.8 248211.7 74667.4  18395.4  4492.4  7014.2
   681 144.187  -0.000 144.187  3918344.4 289879.5 395718.2 63134.9  14514.9  5255.7  5756.6
   682 825.545  -0.002 825.543  4204594.4 318397.4 352798.0 75038.1  22543.2  3299.3  7827.7
   683 206.163  -0.000 206.163  3962177.9 336143.1 515715.0 54621.5  16510.3  4533.2  5478.7
   684 -233.904   0.001 -233.904  3927599.8 292346.3 391254.2 60738.8  19281.4  5907.5  5771.0
   685 -70.035   0.000 -70.035  4116144.9 314062.9 460953.8 65951.1  20976.6  4759.7  6549.2
   686 -1152.389   0.003 -1152.386  3680149.8 283813.7 313352.2 52022.8  16678.3  5491.0  5445.6
   687 -774.329   0.002 -774.328  3597331.1 302841.8 322308.0 60078.8  14531.2  5488.9  5612.9
   688 678.439  -0.003 678.436  3834544.9 334055.2 408055.5 73294.5  17237.4  7616.9  7640.3
   689 760.229  -0.002 760.227  4095665.2 322534.3 356282.2 64246.0  18680.0  6863.4  7147.1
   690 -1467.756   0.005 -1467.751  3465629.5 303616.0 372132.3 35517.7  14233.5  8663.2  4881.9
   691 1182.334  -0.003 1182.331  4197480.7 311679.4 370916.1 81848.4  15206.2  6066.4  7080.2
   692 706.730  -0.002 706.728  4163067.5 323775.7 544796.2 61446.8  20227.1  9554.2  7722.6
   693 396.092  -0.001 396.091  4152411.5 322417.5 591907.3 60838.9  20961.5  4886.4  6966.8
   694  64.111  -0.001  64.110  4006253.5 316431.6 484289.6 61281.9  21733.8  3274.3  6444.5
   695 -212.614   0.001 -212.613  3976335.2 304645.8 518651.0 61173.6  19252.1  4308.8  5772.5
   696 -2249.294   0.007 -2249.287  3404912.3 286838.1 310182.5 39503.5  16265.5  5430.1  4973.7
   697 1318.553  -0.004 1318.549  3911898.0 312878.3 326762.1 84750.4  16380.8  4841.7  7676.4
   698 302.869  -0.001 302.867  3913380.6 309607.7 429102.5 54337.3  16199.0  8738.7  6562.9
   699 436.599  -0.002 436.597  3928254.2 316001.4 426583.8 67343.1  20765.2  5953.8  7194.0
   700 1029.631  -0.002 1029.630  4227561.4 315311.0 424348.9 67433.3  18266.2  2961.6  6291.9

         Carbon flux (ktC/yr)        Water (dam3/yr)                Nitrogen (MgN/yr)
       ----------------------- -------------------------- --------------------------------
Spinup NEP     estab   NBP     transp     evap    interc  nuptake ndemand  nlosses ninflux
------ ------- ------- ------- ---------- ------- ------- ------- -------- ------- -------
   701 -1184.441   0.007 -1184.435  3766193.0 284951.7 300246.6 47112.0  14564.7  5980.3  4189.4
   702 -335.494   0.001 -335.494  3597768.3 299431.3 354846.4 61913.3  14550.9  6764.7  4777.2
   703 -1097.458   0.003 -1097.455  3417259.7 296365.4 268165.1 56226.3  12528.9  7522.3  5249.6
   704 1370.371  -0.004 1370.367  4028935.4 317424.8 291902.5 83635.7  17670.7  5162.3  7997.1
   705 -831.415   0.004 -831.412  3487209.2 314627.4 262834.9 47985.9  11588.2  6734.8  4360.4
   706 998.521  -0.003 998.518  3954243.1 325145.5 316819.4 72418.2  15958.8  6080.4  6855.4
   707 220.294  -0.000 220.294  3851722.2 334165.6 367482.4 61917.9  14208.3  6697.6  5409.2
   708 174.456   0.000 174.456  3853841.9 316963.1 388977.2 63666.3  16988.7  6783.2  6086.1
   709 -1051.572   0.004 -1051.568  3573740.1 295439.6 309976.0 54271.2  15788.6  6263.6  5194.0
   710 -1166.560   0.005 -1166.555  3356302.3 303936.0 269021.3 58568.1  11560.6  9410.6  4832.1
   711 940.396  -0.003 940.393  3870796.0 326829.9 355087.4 79298.9  19581.3  9945.0  8201.6
   712 2096.235  -0.003 2096.232  4590487.4 334695.1 400331.2 68081.1  17716.6 10493.4  7742.4
   713 -1104.952   0.003 -1104.949  3868548.8 302165.7 389467.7 47478.9  16264.2  9560.7  5454.8
   714 -1190.403   0.004 -1190.399  3320802.2 320963.1 266237.7 54286.1  10497.2  8547.6  3966.6
   715 922.125  -0.004 922.121  3866524.0 331225.5 367296.8 69588.2  17510.7  9936.5  7603.0
   716 -105.971   0.002 -105.969  3742744.3 306537.6 270924.1 54568.9  12849.9  7998.8  5374.5
   717 126.084   0.000 126.084  3798613.5 339089.9 347998.0 64270.1  16369.2  6820.9  6259.3
   718 676.792  -0.003 676.790  4115169.4 325780.4 538954.5 63847.1  20860.5 12072.2  7547.0
   719 -1134.319   0.002 -1134.317  3650441.3 308867.1 344772.5 45620.8  15629.0  4299.4  5283.5
   720 722.544  -0.002 722.542  4103522.6 292490.4 350736.8 73237.3  15075.6  5757.2  6780.9
   721  33.266  -0.001  33.265  3908414.4 318990.9 434788.0 59679.0  17339.8  8640.9  6629.5
   722 -16.392  -0.000 -16.392  3915512.8 312905.6 440623.1 62677.4  18714.4  5480.1  6709.3
   723 -1629.641   0.005 -1629.636  3311592.2 263887.2 292391.4 43464.2  16886.3  5258.3  5432.7
   724 823.888  -0.002 823.887  3900903.5 303778.1 316876.9 78903.2  11899.7  6162.9  5801.8
   725 1068.856  -0.003 1068.853  4200494.5 323848.4 311782.1 70426.0  19966.9  3596.8  8170.2

         Carbon flux (ktC/yr)        Water (dam3/yr)                Nitrogen (MgN/yr)
       ----------------------- -------------------------- --------------------------------
Spinup NEP     estab   NBP     transp     evap    interc  nuptake ndemand  nlosses ninflux
------ ------- ------- ------- ---------- ------- ------- ------- -------- ------- -------
   726 133.429   0.000 133.429  4091678.6 295354.1 400423.9 57274.0  14035.5  5582.0  5167.5
   727 1064.547  -0.002 1064.546  4343326.2 331811.7 514591.6 73714.9  22624.1  6128.8  7371.7
   728 1122.218  -0.001 1122.217  4525973.8 330325.9 567994.3 59728.0  21586.8  4134.6  6420.0
   729 -144.660   0.001 -144.660  4338798.5 313377.4 423392.1 58244.8  16743.1  5995.6  5158.1
   730 -375.257   0.000 -375.257  3933892.7 304431.8 549857.1 58708.8  18490.3  8201.0  5317.9
   731 -324.541   0.000 -324.540  3966976.7 303382.2 302954.2 65088.5  22300.0  4118.5  6051.9
   732 -735.557   0.001 -735.556  3615230.3 312792.4 528562.3 50528.3  14435.8  8866.5  4812.0
   733 -1140.016   0.002 -1140.014  3663827.7 282916.8 298460.3 54744.8  17708.2  5942.2  5822.7
   734 629.887  -0.003 629.885  4021164.3 320483.3 518522.3 71175.9  23744.4  5837.7  8309.3
   735  53.010  -0.000  53.010  4034732.6 309389.8 367879.6 55788.3  14399.2  4565.0  5978.8
   736 -236.720   0.001 -236.719  3866308.7 309389.5 475385.7 61605.8  19845.3  5455.9  6635.8
   737 136.241  -0.000 136.241  3858059.0 310727.2 385451.1 63339.9  19882.2  3971.4  6955.6
   738 -321.273   0.001 -321.272  3792836.1 295715.1 364003.8 55958.3  18207.4  4373.7  6107.8
   739 -235.995   0.001 -235.994  3703602.8 307384.9 271309.0 65585.0  18453.0  3888.3  6534.7
   740 -438.360   0.002 -438.359  3739672.0 303609.8 380526.0 58603.9  15466.4  5005.7  6033.6
   741 -31.888  -0.002 -31.889  3873096.3 298772.9 366995.0 66009.4  18611.4  5530.0  7353.5
   742 335.000  -0.001 334.999  3898393.2 315002.1 381885.8 63414.3  18827.0  8358.6  7091.3
   743 -1341.020   0.004 -1341.016  3520657.3 295573.1 298827.2 48676.5  14578.8  5421.6  5463.8
   744 1845.050  -0.005 1845.046  4416589.8 331511.8 368829.0 83126.5  18724.8  4302.2  8767.8
   745  38.709  -0.000  38.709  3901628.6 312029.9 287074.8 54704.2  15336.1  5090.2  5555.2
   746 -941.337   0.005 -941.332  3559558.5 306056.4 379631.4 54600.6  15217.2  6574.3  4960.5
   747 459.828  -0.001 459.827  3884673.7 339049.2 446381.0 72408.0  18861.1  6305.0  7383.8
   748 -835.789   0.002 -835.786  3774272.5 290614.7 357506.3 55475.2  18597.7  6818.5  6463.3
   749 -846.647   0.002 -846.645  3358191.5 282835.8 250784.8 60675.4  15246.9  4880.9  5917.4
   750 939.559  -0.002 939.557  3950119.1 326702.5 323305.7 76300.2  17500.2  4146.3  7436.0

         Carbon flux (ktC/yr)        Water (dam3/yr)                Nitrogen (MgN/yr)
       ----------------------- -------------------------- --------------------------------
Spinup NEP     estab   NBP     transp     evap    interc  nuptake ndemand  nlosses ninflux
------ ------- ------- ------- ---------- ------- ------- ------- -------- ------- -------
   751 -517.254   0.004 -517.250  3590039.7 307180.7 361277.8 47085.6  13121.6  6294.5  4927.1
   752 -562.241   0.002 -562.239  3674646.7 294462.1 333400.5 66467.8  15779.5  7816.0  6567.7
   753 -2003.678   0.020 -2003.658  3024525.1 318823.1 240545.6 46621.8   7501.6 10160.2  3442.4
   754 255.201  -0.003 255.198  3588806.0 312034.5 249390.7 75286.4  15859.8  8143.2  7704.5
   755 931.250  -0.004 931.246  4018335.0 342456.5 409329.0 69665.4  19779.4 14020.7 10471.3
   756 -426.482   0.002 -426.480  3635907.7 323304.3 283765.8 50972.6  13779.1  4630.9  7539.4
   757 739.983  -0.002 739.981  3870349.1 343818.5 295612.9 70018.2  15701.9  6319.0  8662.9
   758 726.824  -0.001 726.823  3864287.0 353200.1 422849.3 60797.2  16539.0  6978.0  8112.0
   759  46.274   0.001  46.275  3821280.8 307959.5 351153.9 55646.8  16945.0  6668.7  6859.5
   760 -1249.941   0.005 -1249.936  3459426.9 318347.3 355818.4 43752.9  14805.5  7706.0  5646.2
   761 461.937   0.002 461.939  3736722.1 310750.5 307963.3 74155.0  15453.2  7030.8  6753.3
   762 -246.118   0.002 -246.117  3709607.2 289402.5 249818.3 58106.8  17030.9  4283.9  6986.3
   763 -360.612   0.005 -360.607  3505018.8 323298.6 338216.6 57733.0  12809.6  6271.5  5127.2
   764 523.642  -0.000 523.641  4029436.3 338737.9 398266.4 69816.0  16761.6  5260.6  7491.4
   765 234.469   0.001 234.470  3864935.1 314603.2 355133.2 58255.1  16707.9  9612.4  6417.7
   766 586.153   0.000 586.153  3984190.0 356147.9 494044.4 66129.2  18017.4  7551.3  6951.0
   767 -1130.331   0.005 -1130.326  3692547.7 301623.5 325403.7 45006.5  14396.2  7377.0  5237.5
   768 623.818   0.002 623.820  4084114.0 314310.9 391667.4 71962.1  13072.8  5432.9  5732.8
   769 1524.007  -0.003 1524.004  4621475.1 339452.5 444816.9 73572.5  20617.9  3681.7  8574.9
   770 904.335  -0.000 904.335  4473810.9 340384.9 430856.8 57117.7  18881.8  3400.6  6063.9
   771 770.107  -0.005 770.102  4441906.4 350238.1 648698.2 60474.6  19478.8  4868.8  6522.9
   772 574.037  -0.001 574.036  4486018.5 342949.1 670252.3 61431.8  22189.9  6887.0  6990.5
   773 -581.763   0.003 -581.760  4108848.5 319047.1 361908.7 56007.0  17989.1  2982.9  5356.6
   774 -515.558   0.003 -515.555  3908458.9 357667.6 445782.0 59523.8  19881.0  2704.4  5828.8
   775 833.911   0.000 833.911  4391630.2 391206.9 705879.0 65386.4  26722.4  2633.4  8472.0

         Carbon flux (ktC/yr)        Water (dam3/yr)                Nitrogen (MgN/yr)
       ----------------------- -------------------------- --------------------------------
Spinup NEP     estab   NBP     transp     evap    interc  nuptake ndemand  nlosses ninflux
------ ------- ------- ------- ---------- ------- ------- ------- -------- ------- -------
   776 -196.034   0.002 -196.032  4041400.7 333668.8 555587.0 49555.2  21849.5  1520.4  6716.1
   777 -1497.066   0.005 -1497.061  3780585.5 305848.6 429848.5 57498.1  19695.6  2746.5  6113.2
   778 499.209   0.000 499.210  4004515.1 339547.6 377738.5 72882.8  21041.6  2069.0  7566.6
   779 -85.506   0.002 -85.504  3800644.4 338945.0 428182.6 53448.4  15310.2  3584.4  6010.3
   780 288.061   0.001 288.062  4082858.4 341941.4 610466.9 68184.3  22760.0  6226.5  8041.7
   781 -2240.919   0.010 -2240.909  3301356.8 317134.5 294495.5 41340.8   9667.2  5168.1  3777.2
   782 1156.877  -0.003 1156.875  4087867.3 348669.2 454856.8 71458.3  18719.6  9202.4  8939.0
   783  21.738   0.000  21.739  3643459.1 332431.0 464511.5 52710.0  13820.8  9841.5  6523.2
   784 -94.699   0.001 -94.698  3796429.7 311306.0 341299.6 59093.0  17793.3  5463.8  7582.0
   785 -877.606   0.002 -877.604  3670649.7 302657.8 341828.3 61024.8  18336.4  4334.2  7361.3
   786 303.949   0.000 303.949  3878916.6 313312.6 364763.9 74046.7  16863.2  3120.3  7643.9
   787 -1228.195   0.004 -1228.191  3452902.6 315052.8 276052.4 51315.7  13341.8  5472.2  6038.6
   788 1009.751  -0.002 1009.749  4020685.9 340981.1 480937.5 76895.3  19333.9  8715.4  8979.5
   789 447.962   0.000 447.962  3895816.6 327456.0 374486.5 56550.2  15311.8  4573.6  6851.3
   790 -250.287   0.002 -250.285  3782082.9 314944.3 357170.9 59528.5  15775.2  5666.3  6124.4
   791 -249.245   0.003 -249.242  3741563.1 315217.7 353664.0 63009.7  16002.6  5805.6  6199.2
   792 225.920  -0.000 225.920  4098587.4 336849.7 425937.3 70908.0  18161.0  4610.3  7289.4
   793 607.122  -0.001 607.121  4104786.8 317237.9 491173.2 64690.3  17898.2 10551.6  7141.7
   794 -1816.660   0.005 -1816.655  3367824.3 275846.3 332251.3 39284.6  15509.6  7024.9  5345.9
   795 -2891.737   0.016 -2891.721  2771964.8 304499.3 213082.0 36808.8   5829.0 12274.5  3749.0
   796 3277.680  -0.008 3277.671  4395171.9 350023.6 226700.0 102543.2  12580.3  8609.7  9521.2
   797 -736.108   0.003 -736.106  3506917.4 320411.1 199395.4 45555.6  12532.0  8074.7  7143.2
   798 382.962  -0.002 382.960  3751572.3 337700.3 320761.0 74714.0  14612.3 15109.0  8462.0
   799 559.079  -0.002 559.077  3876224.5 342441.3 280327.9 67085.8  17434.8  5383.9  8387.6
   800 403.375   0.000 403.375  3925356.3 311197.7 327768.8 61369.5  15278.3  6248.5  6863.9

         Carbon flux (ktC/yr)        Water (dam3/yr)                Nitrogen (MgN/yr)
       ----------------------- -------------------------- --------------------------------
Spinup NEP     estab   NBP     transp     evap    interc  nuptake ndemand  nlosses ninflux
------ ------- ------- ------- ---------- ------- ------- ------- -------- ------- -------
   801 -1144.001   0.005 -1143.996  3562461.4 313637.7 328590.6 42233.6  14437.6 10293.2  5404.0
   802 -297.494   0.005 -297.490  3545674.9 310141.0 220734.4 74033.8  11656.9  9192.3  4833.6
   803 -183.657   0.001 -183.656  3487432.6 296019.2 218628.8 62965.5  13297.0  7466.9  5703.4
   804 566.758   0.001 566.758  3691221.7 347337.1 325784.1 70410.9  12299.0  8842.8  5732.0
   805 -1095.824   0.005 -1095.819  3453905.8 338489.2 317601.0 43695.9  13400.2 10999.3  5203.8
   806 1439.072  -0.002 1439.069  4044931.5 351162.7 307265.7 88691.3  15743.4  9471.7  7008.5
   807  29.785   0.002  29.787  3806821.4 329448.6 341881.0 50408.9  14608.9  6932.4  5144.3
   808 -352.451   0.002 -352.449  3718633.2 327907.9 269501.9 65132.6  13613.1  7152.0  5127.8
   809 -1493.019   0.006 -1493.013  3217900.7 287143.6 287215.3 42162.4  13839.4 10388.7  5127.0
   810 1629.136  -0.004 1629.132  4085337.5 356260.0 457028.1 82208.4  15584.4 22901.4  7140.5
   811 -2589.534   0.009 -2589.525  3133899.0 287504.0 236486.0 29442.1  10264.1  8508.9  4374.5
   812 1742.245  -0.007 1742.238  3960836.1 342669.0 301207.6 77643.9  10974.1 17934.2  7057.6
   813 625.829  -0.009 625.820  3814421.7 339123.4 287938.0 61386.8  14792.4  8399.9  7773.1
   814 -1825.922  -0.000 -1825.923  3214776.6 281951.7 205569.0 46288.7  11956.0  8536.3  5248.0
   815 1269.090  -0.016 1269.074  3904268.4 338500.2 314589.4 74258.9  12770.1 14277.9  7384.1
   816 326.867  -0.007 326.859  3832196.2 315880.7 295848.5 60285.7  14707.4  7054.1  7566.0
   817 247.467  -0.008 247.459  4018659.2 324454.6 323207.9 67505.8  19239.7  9703.2  7479.2
   818 -541.971   0.001 -541.971  3561588.9 323691.2 250262.6 58060.6  13586.4  5974.2  4737.0
   819 -1268.813   0.005 -1268.807  3177510.2 310741.9 259040.5 49100.1  11778.5  7902.6  4467.6
   820 2290.278  -0.009 2290.268  4283310.3 385978.2 463798.7 86212.7  20379.8 13497.0  9102.3
   821 227.266  -0.012 227.253  4007750.8 275499.3 256609.8 48949.5  16303.5  5860.9  6097.4
   822 -669.051  -0.009 -669.060  3527150.7 331828.1 474393.6 50617.7  10626.0 16482.5  4230.9
   823  32.926  -0.015  32.911  3859700.6 316622.1 420377.1 64552.8  19299.0  9697.2  6784.8
   824 -545.994   0.001 -545.992  3640503.0 302838.1 256208.5 54988.6  14806.5  4090.6  5572.8
   825 -686.106   0.004 -686.101  3430178.9 316917.3 245948.8 54105.2  11351.4  5475.8  4762.4

         Carbon flux (ktC/yr)        Water (dam3/yr)                Nitrogen (MgN/yr)
       ----------------------- -------------------------- --------------------------------
Spinup NEP     estab   NBP     transp     evap    interc  nuptake ndemand  nlosses ninflux
------ ------- ------- ------- ---------- ------- ------- ------- -------- ------- -------
   826 -102.280   0.003 -102.278  3444034.1 313993.8 287930.1 58848.8  15453.8  5338.1  6192.8
   827 1124.605  -0.004 1124.602  4057873.8 328666.6 300808.4 71849.0  20492.2  5960.3  8703.0
   828 916.725  -0.002 916.723  4121568.1 336210.1 527565.6 57710.3  19533.7 10743.1  7234.9
   829 198.565  -0.001 198.564  3974197.1 348125.2 478033.7 57247.0  18119.5  3884.1  6250.7
   830 115.566  -0.000 115.566  3984578.3 314081.2 397966.7 59449.0  20061.4  6751.9  6422.1
   831 -1067.736   0.002 -1067.733  3818030.6 291976.6 361989.9 56415.4  20694.8  3953.9  6007.7
   832 758.730  -0.002 758.729  4052102.2 329058.4 513112.0 67721.7  23015.8  5759.8  7798.0
   833 -1704.775   0.006 -1704.770  3371224.9 292524.1 286596.8 38026.4  12050.9  7718.5  4587.4
   834 1472.791  -0.003 1472.788  4057637.9 324729.3 432033.1 70846.3  17120.0  9860.5  8215.0
   835 759.809  -0.001 759.808  4072762.6 323889.9 500090.0 57370.1  19766.7  6532.2  7873.6
   836 270.629  -0.000 270.629  4087990.2 287127.7 389239.5 62156.5  17526.2  3029.8  6304.4
   837 -410.800   0.001 -410.800  3728116.1 307042.4 269199.1 63024.5  18433.5  3328.0  6002.6
   838 -1896.981   0.007 -1896.974  3134053.0 303586.9 278159.2 43754.8  11121.7  8801.9  4235.1
   839 581.593  -0.001 581.593  3522311.3 319221.4 351221.4 69716.2  12353.3 10657.8  6296.6
   840 -340.332   0.000 -340.332  3593044.7 291712.3 227819.1 57606.6  15514.4  9223.7  7100.6
   841 790.229  -0.002 790.227  3790488.2 342591.5 371922.8 70105.7  18781.1  6501.7  8178.6
   842 445.009  -0.001 445.008  3918633.4 311159.5 413679.5 58145.8  17411.6  5858.2  6691.2
   843 941.414  -0.002 941.412  4240945.7 316858.0 336151.9 71831.8  21593.7  2737.3  7588.4
   844  46.361  -0.001  46.361  4028630.4 310955.6 482989.6 54431.9  17271.8  4477.1  5405.0
   845 -155.405   0.000 -155.405  4084438.1 316566.4 448250.8 66555.1  19102.6  4393.9  5751.8
   846 143.435   0.000 143.435  4070172.7 290858.3 290714.2 66676.6  18367.8  4056.4  5610.3
   847 -42.123   0.000 -42.122  3990824.8 311043.9 492556.5 59958.0  19020.9  5769.7  5588.0
   848 192.359  -0.000 192.359  4044345.1 323896.4 388820.2 66898.9  21164.4  3764.3  5995.2
   849 305.211  -0.000 305.210  4120845.5 324289.7 402928.2 63131.9  20045.6  3338.0  5497.2
   850 -1434.106   0.005 -1434.101  3503658.7 294188.8 336992.1 44023.4  15017.6  6633.1  4302.6

         Carbon flux (ktC/yr)        Water (dam3/yr)                Nitrogen (MgN/yr)
       ----------------------- -------------------------- --------------------------------
Spinup NEP     estab   NBP     transp     evap    interc  nuptake ndemand  nlosses ninflux
------ ------- ------- ------- ---------- ------- ------- ------- -------- ------- -------
   851 878.714  -0.001 878.713  4100192.3 292123.9 375359.9 77205.1  15129.1  5189.2  6038.3
   852 -1056.323   0.003 -1056.320  3481839.9 298242.7 305090.4 46353.6  14507.3  6902.9  5078.8
   853 363.581  -0.000 363.581  3787078.9 300318.8 353039.9 70098.7  14969.1  5861.9  6256.5
   854 -1011.893   0.003 -1011.891  3490552.3 296097.4 281303.9 50694.0  14598.3  6276.2  5527.4
   855 1167.893  -0.002 1167.890  4028119.7 327180.8 312757.6 77559.2  18030.8  5227.1  7561.5
   856 -1101.424   0.004 -1101.420  3530167.1 315945.5 339474.5 41975.1  13529.8  5563.0  4841.3
   857 -125.969   0.000 -125.968  3650060.6 290433.5 302823.7 67156.1  14832.9  9059.9  6510.0
   858 115.286   0.000 115.286  3627531.9 307048.9 320592.9 63085.4  14472.8  7174.6  6604.0
   859 569.434  -0.001 569.432  3796427.7 320272.1 338703.1 65424.2  18640.4 10149.5  7377.2
   860 -595.095   0.001 -595.094  3718521.1 292683.1 335216.6 58400.0  18763.5  7100.0  6414.1
   861 455.863  -0.001 455.862  3759832.1 334733.3 335295.2 70609.8  18801.3  4289.5  6562.8
   862 -588.245   0.001 -588.245  3720313.8 293376.3 344449.2 55581.5  18619.5  4384.2  6170.8
   863 497.301  -0.001 497.301  3747134.0 321906.9 356236.6 70599.7  17237.6  5836.9  6325.2
   864 564.674  -0.001 564.673  3897912.7 317638.0 467830.9 60196.8  16994.8  9024.9  6082.7
   865 -964.600   0.001 -964.598  3711844.9 287602.2 301303.0 49944.4  15469.8  7383.0  5250.2
   866 648.694  -0.002 648.692  3873282.2 342608.4 436285.0 68439.4  16766.6  5977.7  6683.4
   867 340.692  -0.002 340.691  3989480.1 298525.2 279309.6 62256.9  16689.4  5601.5  6259.1
   868 -2174.638   0.009 -2174.629  3329335.3 299446.1 295544.3 33218.0  14265.6  5976.2  4663.3
   869 1567.125  -0.003 1567.122  3908190.6 322696.0 309233.0 81715.3  13782.3  6565.5  7117.4
   870 945.260  -0.002 945.258  4095287.1 326757.8 501846.9 58620.7  18487.5 10749.9  7903.7
   871 592.042  -0.001 592.041  4123639.2 323991.4 554505.2 59742.0  20428.7  5936.6  7145.6
   872 -1649.856   0.005 -1649.851  3463802.2 301716.0 370843.0 34242.5  13827.7  7222.7  4499.7
   873 764.270  -0.001 764.269  3792284.1 299239.0 228837.8 74026.3  13369.3  5695.3  6437.3
   874 -889.341   0.002 -889.339  3501366.4 315550.8 301963.9 47179.2  14602.3  5095.7  5751.4
   875 -1872.268   0.007 -1872.261  3043426.8 277990.5 198663.9 47273.2  10405.5  8475.5  5062.3

         Carbon flux (ktC/yr)        Water (dam3/yr)                Nitrogen (MgN/yr)
       ----------------------- -------------------------- --------------------------------
Spinup NEP     estab   NBP     transp     evap    interc  nuptake ndemand  nlosses ninflux
------ ------- ------- ------- ---------- ------- ------- ------- -------- ------- -------
   876 784.335   0.001 784.336  3511464.9 304264.1 211898.6 71206.3  11066.0  9202.2  6491.7
   877 120.634  -0.000 120.634  3546984.3 318160.9 225917.2 60595.5  14223.4  8716.8  8021.1
   878 933.053  -0.005 933.048  3831728.2 328611.6 318356.4 68293.1  18264.3 15203.9  9046.8
   879 428.478  -0.001 428.477  3720576.0 317807.9 228662.9 60554.4  15383.8  5835.7  6583.8
   880 1518.757  -0.004 1518.753  4407705.3 336624.8 372384.7 73287.3  20080.9  4227.2  8064.3
   881 -849.171  -0.001 -849.171  3914327.4 293656.7 358542.5 49784.8  17123.8  5606.8  5468.6
   882 -1947.040   0.009 -1947.031  3090610.7 303417.2 264700.3 43094.8   8600.8 13642.8  3733.6
   883 -843.112   0.007 -843.105  3181871.1 301099.0 187810.9 55041.0  11739.1  8021.0  6017.7
   884 360.137   0.000 360.137  3478917.8 317682.8 202780.4 67772.4  12685.1  7257.6  7584.0
   885 634.509  -0.004 634.504  3728041.8 336356.2 236850.6 67445.6  18187.0 11137.7 10118.5
   886 1072.728  -0.003 1072.726  3755071.7 329682.7 278435.6 60049.8  15345.4  8069.0  7448.0
   887 1502.978  -0.006 1502.973  4395815.8 337109.8 340294.3 68903.4  20040.4  5903.2  9061.4
   888 -552.716   0.001 -552.715  3791018.9 289299.3 290633.3 46220.8  15469.0  5252.3  5151.2
   889  36.141   0.002  36.143  3782678.0 301737.3 330487.8 66930.8  16639.9  5213.0  5194.2
   890 -1477.892   0.004 -1477.888  3327558.3 266789.6 287868.5 43601.9  16243.0  7592.3  5013.9
   891 -169.732   0.005 -169.727  3422479.7 307772.3 281252.6 61034.0  10694.9  8181.9  4304.9
   892 -836.101   0.004 -836.098  3236371.0 271417.5 238516.1 52063.2  14864.5 10062.6  6130.5
   893 -530.784   0.005 -530.779  3312976.8 329901.9 253128.3 58157.1  11440.2  8955.7  5247.1
   894 1110.815  -0.003 1110.812  3698623.1 354420.1 317149.0 70889.7  16379.7 10303.2  9058.5
   895 922.942  -0.001 922.941  3833015.5 323209.3 220988.2 59821.7  16532.2  7848.1  7161.4
   896 631.456  -0.004 631.453  3942512.9 336666.3 396737.6 58774.3  19104.2  6210.3  6830.8
   897 181.999   0.000 181.999  3836621.3 318627.2 472034.4 52962.5  15395.9 11020.3  5440.6
   898 700.137  -0.005 700.131  4270553.7 323659.1 405275.6 65846.7  21859.4  4312.7  7248.8
   899 1239.928  -0.001 1239.927  4752174.1 329344.1 450962.1 61929.4  23031.4  2133.5  7468.6
   900 -530.408   0.003 -530.406  3918424.5 307271.6 398349.4 45775.6  19269.4  2949.4  5414.6

         Carbon flux (ktC/yr)        Water (dam3/yr)                Nitrogen (MgN/yr)
       ----------------------- -------------------------- --------------------------------
Spinup NEP     estab   NBP     transp     evap    interc  nuptake ndemand  nlosses ninflux
------ ------- ------- ------- ---------- ------- ------- ------- -------- ------- -------
   901 -1220.429   0.004 -1220.425  3539136.5 298969.1 320957.3 53774.2  17843.9  3045.3  5223.4
   902 -1266.753   0.008 -1266.745  3291874.8 308434.3 246783.5 53878.9  14635.0  5020.8  4740.9
   903 291.831   0.001 291.832  3739767.5 334251.8 349798.8 64971.1  17726.5  3804.2  7521.6
   904 307.670   0.001 307.671  3732960.3 309470.9 314840.8 58092.8  19741.9  5218.5  7738.2
   905 453.045   0.000 453.045  3986591.1 324620.5 331517.8 61160.9  17073.6  4200.2  7622.1
   906 -1420.486   0.005 -1420.481  3246086.4 274563.2 298815.8 39868.7  16556.9  6182.8  5680.4
   907 -1017.940   0.006 -1017.934  3083411.4 354115.2 293153.3 45028.8   9327.1 10165.8  4232.7
   908 639.765   0.000 639.765  3607628.1 313111.1 257127.8 73885.9  15624.5  7387.8  7770.7
   909 484.271  -0.002 484.270  3784311.3 331336.8 379567.2 57731.6  17067.5  8582.6  8008.2
   910 1105.498  -0.006 1105.492  4140612.7 339627.1 449234.4 62855.9  21596.6  4797.6  9285.5
   911 -456.354   0.002 -456.352  3741368.8 303578.9 259702.8 52230.2  16757.1  3144.6  5913.3
   912 -1695.198   0.008 -1695.190  3295022.2 310956.3 269789.5 40793.9  14802.6  4880.6  5042.4
   913 570.099  -0.000 570.099  3733943.7 327221.7 272162.5 70556.0  12540.9  7701.2  7496.3
   914 481.285  -0.001 481.284  3971231.7 333881.2 352962.7 61633.3  18131.4  4788.0  8029.4
   915 -884.183   0.003 -884.180  3572347.8 297662.5 253273.7 47518.0  16412.2  8230.9  6291.8
   916 -1133.743   0.004 -1133.739  3287284.4 304061.7 232994.3 52571.6  14484.3  6347.6  6022.3
   917 -801.159   0.006 -801.154  3110120.6 313280.0 190182.9 58676.5  11505.3  8029.8  5537.2
   918 439.381  -0.001 439.380  3380749.5 339056.4 330308.3 60400.3  13256.4 12808.5  7406.2
   919 564.352  -0.002 564.350  3691311.9 328406.1 354014.3 61089.1  17235.1 11885.0  8481.7
   920 -780.427   0.003 -780.424  3338434.7 325479.9 290169.6 42911.0  15394.3  5595.8  6296.5
   921 1265.154  -0.004 1265.150  4054124.2 335168.3 274879.4 78028.0  20747.7  4692.0  9621.8
   922 1656.388  -0.007 1656.381  4314871.9 383770.2 540961.3 58642.6  20420.9  5709.3  8583.0
   923 250.241  -0.002 250.239  4039279.2 325572.8 456758.0 50268.7  20357.8  2337.4  6460.2
   924 -212.442   0.001 -212.441  3814799.3 311638.5 509016.2 54242.8  16361.1  9246.3  5631.1
   925 -81.671   0.000 -81.671  3915069.6 305817.8 278364.8 62957.1  21631.3  4267.0  6826.3

         Carbon flux (ktC/yr)        Water (dam3/yr)                Nitrogen (MgN/yr)
       ----------------------- -------------------------- --------------------------------
Spinup NEP     estab   NBP     transp     evap    interc  nuptake ndemand  nlosses ninflux
------ ------- ------- ------- ---------- ------- ------- ------- -------- ------- -------
   926 -897.263   0.003 -897.260  3519730.0 315345.4 282386.1 53069.3  16428.7  2956.9  5111.0
   927 -1054.158   0.003 -1054.155  3406796.8 320950.6 316432.6 52314.8  16384.6  4003.0  5612.6
   928 -1052.279   0.003 -1052.276  3184981.0 267798.3 250682.6 52375.9  15788.4  8736.9  6315.2
   929 -221.709   0.002 -221.707  3225633.0 294780.2 199704.7 68921.4  13573.5  6603.4  5877.9
   930 -1589.190   0.014 -1589.176  2906392.4 326896.4 200215.6 46730.1   8059.0  9075.4  4220.5
   931 967.954  -0.003 967.951  3643792.9 343250.3 218170.1 70923.2  12285.6  7880.6  8090.6
   932 250.100  -0.003 250.098  3749464.4 334178.1 267692.2 63258.9  19231.7 10469.9 10307.3
   933 643.375  -0.002 643.373  3771712.8 329102.2 364847.5 59755.2  16218.9  7892.8  7956.5
   934 482.100  -0.004 482.096  3741384.6 323871.9 321789.3 61694.3  17838.6  5609.5  8129.8
   935 961.904  -0.006 961.898  4091566.4 328719.2 365321.2 66036.4  19818.3  3721.9  8236.0
   936 184.930  -0.005 184.924  3912652.1 309286.4 276319.8 58944.8  17481.3  4257.8  6109.6
   937 381.320  -0.007 381.313  4131547.3 330557.7 579423.9 64431.4  22756.7  6075.3  6766.6
   938 505.192  -0.000 505.192  4265120.5 317306.2 390820.1 64387.3  22558.2  1686.0  6439.7
   939 339.726   0.000 339.726  4196400.8 319976.5 405524.5 61638.9  21282.1  2092.1  6042.5
   940 -380.530   0.002 -380.528  3815542.5 318883.1 438462.7 53887.4  16829.9  4396.7  5223.6
   941 -451.649   0.001 -451.648  3883421.3 301367.2 407858.9 60833.0  19135.1  4104.5  6068.5
   942 290.573  -0.001 290.573  3931129.7 340146.1 486235.8 65828.7  21668.9  4940.4  6988.4
   943 -123.015   0.000 -123.015  3995481.6 297941.6 412138.4 56550.9  19417.9  4751.4  6361.6
   944 169.404   0.000 169.404  3918031.3 305601.2 509497.5 63136.7  19773.8  6345.8  6475.4
   945 280.543  -0.000 280.543  4033026.5 302322.1 519272.0 60582.4  20924.2  5459.0  6717.6
   946 -347.381   0.001 -347.380  3943105.9 296419.8 424556.0 55286.6  21162.5  2961.3  6662.0
   947 -1252.824   0.003 -1252.821  3588910.5 285131.2 313420.0 52447.6  17688.7  3426.8  5717.4
   948 -538.130   0.001 -538.129  3531287.7 277171.5 243967.2 64758.6  18087.4  3556.2  6988.0
   949 258.384  -0.001 258.384  3760007.0 317677.6 425111.8 67083.6  18037.2  5669.9  7319.4
   950 489.854  -0.001 489.852  3843222.7 338241.4 449593.5 63604.8  19896.5  3962.5  7704.6

         Carbon flux (ktC/yr)        Water (dam3/yr)                Nitrogen (MgN/yr)
       ----------------------- -------------------------- --------------------------------
Spinup NEP     estab   NBP     transp     evap    interc  nuptake ndemand  nlosses ninflux
------ ------- ------- ------- ---------- ------- ------- ------- -------- ------- -------
   951 -791.071   0.002 -791.069  3727222.1 287898.4 359377.6 54589.2  19610.3  4488.6  6727.7
   952 -1309.635   0.005 -1309.629  3191807.6 294797.0 285602.6 52696.8  12999.5  6123.8  5028.9
   953 1002.902  -0.003 1002.899  3975655.4 291485.3 324002.7 78943.2  17110.4  4165.5  8206.5
   954 1583.854  -0.003 1583.851  4382250.8 333907.6 383412.5 67438.2  19956.3  4585.8  9220.3
   955  28.767  -0.000  28.766  4022860.6 321249.0 407890.4 55877.3  18907.3  4364.3  6642.0
   956 -146.092   0.001 -146.092  3943447.3 321049.6 467057.3 65161.5  17174.6  4162.6  5921.9
   957 384.286  -0.001 384.285  3956780.5 336862.5 502077.8 67888.4  21929.2  4802.1  7107.3
   958 464.413  -0.000 464.413  4072410.9 301554.9 534786.8 58535.9  19461.7  6739.0  6363.2
   959 226.166  -0.000 226.166  4163908.1 324851.8 645954.4 63277.2  24340.2  3204.7  6956.0
   960 -1592.660   0.004 -1592.655  3575002.4 291448.0 324646.2 46396.6  11938.1  3710.7  4355.7
   961 -905.122   0.004 -905.118  3388440.5 299948.7 261706.8 55809.1  10440.8  5750.6  4788.8
   962 -913.562   0.003 -913.559  3192788.4 295198.9 246367.7 54395.6  12891.6  6249.0  5992.7
   963 836.021  -0.003 836.018  3794196.0 313928.1 272294.7 73393.2  13558.5  5809.3  8065.5
   964 -1143.521   0.002 -1143.519  3169398.7 270300.4 257043.1 45288.0  14597.8 12620.3  6432.2
   965 1164.023  -0.004 1164.019  3741427.7 333687.2 341338.5 79946.3  17533.9  9064.6  8396.8
   966 -289.665   0.000 -289.665  3684365.4 291154.7 322351.6 54997.4  16259.9  6716.3  6831.3
   967 -1146.909   0.004 -1146.906  3181748.1 267537.1 272887.3 51955.9  15161.8  7187.1  5790.3
   968 -545.317   0.005 -545.312  3181501.6 319476.7 219985.7 67695.0   9277.9  8427.5  4308.6
   969 504.427   0.000 504.427  3724269.7 327523.4 317610.7 70341.7  16070.6  5957.3  8012.2
   970 -423.858   0.003 -423.855  3504547.2 293120.2 236402.0 53564.1  15438.5 10562.8  7048.9
   971 -86.084   0.000 -86.084  3462980.1 285939.8 214756.2 69672.3  17337.8  6740.3  7624.3
   972 862.211  -0.000 862.211  3666884.7 333005.7 328365.8 65648.7  14577.5  6761.5  6673.1
   973 -1117.898   0.005 -1117.892  3376963.9 308841.7 263940.5 43782.3  14925.4  8365.4  5720.5
   974 -938.825   0.007 -938.818  3124609.1 313908.9 215775.2 58842.9  11496.5 10089.5  5151.0
   975 1271.804  -0.004 1271.800  3746549.6 339218.6 330863.8 73317.8  18439.4 11684.3  8878.3

         Carbon flux (ktC/yr)        Water (dam3/yr)                Nitrogen (MgN/yr)
       ----------------------- -------------------------- --------------------------------
Spinup NEP     estab   NBP     transp     evap    interc  nuptake ndemand  nlosses ninflux
------ ------- ------- ------- ---------- ------- ------- ------- -------- ------- -------
   976 -710.041   0.002 -710.039  3219199.2 278919.3 279069.2 38848.0  13296.6 11414.9  5725.0
   977 -1323.221   0.009 -1323.212  3003513.2 331034.9 234066.9 49552.1   8805.0 10554.9  4189.0
   978 447.669  -0.001 447.667  3381860.2 296282.5 173275.9 75371.5  14063.0  6648.8  8265.5
   979 1687.147  -0.004 1687.142  4002051.8 350600.8 318929.8 68095.8  16807.9  6283.4  9665.2
   980 918.273  -0.001 918.272  3987018.7 306203.2 367350.3 59112.6  15548.1 10773.5  7117.9
   981 -1094.728   0.004 -1094.725  3391300.1 313600.2 280283.3 47282.3  14000.7  6718.4  5608.7
   982 -915.080   0.004 -915.076  3217720.7 320844.4 239373.6 53472.2  11459.1  7731.0  5237.8
   983 1622.388  -0.004 1622.383  4015623.2 394568.5 462560.7 78933.6  21557.7  9154.1  9693.6
   984 1029.857  -0.003 1029.855  4218886.6 317292.9 350424.9 55339.1  15023.4  4089.9  6307.1
   985 1417.897  -0.006 1417.892  4566244.6 336117.8 441512.2 68180.8  21930.2  2834.0  7670.4
   986 -1093.345  -0.001 -1093.346  3777255.7 319603.4 397137.2 40227.4  17324.8  3595.3  4889.7
   987 1005.652  -0.006 1005.646  4082607.8 331979.0 402525.5 70737.4  17326.3  4432.3  6461.7
   988 -314.956  -0.006 -314.963  3889741.2 306268.4 388282.1 48025.5  17649.6  5764.4  5408.3
   989 -1670.746  -0.008 -1670.753  3302381.1 272109.6 322397.5 44952.0  15729.7  7834.8  4937.2
   990 1110.608  -0.005 1110.603  3894810.5 343145.7 303223.5 79658.7  15689.3  4090.1  6811.1
   991 925.957  -0.001 925.956  4118532.2 331079.7 346332.3 60712.3  17978.6  2988.7  6888.2
   992 -1842.425   0.008 -1842.417  3310637.1 324951.8 371865.7 28061.3  11084.5  8533.5  4065.2
   993 -514.338   0.001 -514.337  3290010.0 277353.3 244397.0 54761.8  10967.9 15061.1  5589.9
   994 -373.318   0.001 -373.317  3193667.6 303356.1 202820.0 68797.8  12286.1  7550.6  5678.7
   995 -87.290   0.000 -87.290  3295671.4 344798.2 362157.2 59132.9  11355.1 15016.5  5939.3
   996 467.160  -0.004 467.156  3825895.8 335603.1 281288.1 66359.2  22004.7 10535.4  9322.2
   997 880.188  -0.003 880.184  3871512.5 345594.4 405677.2 59708.8  18945.4  4102.0  7771.8
   998 -740.939   0.002 -740.937  3670580.9 290052.3 276084.8 49324.8  15955.5  5119.1  5714.1
   999 660.087  -0.002 660.085  3881578.0 329901.6 392528.1 68819.4  19866.4  6419.4  7484.2
  1000 -107.491   0.000 -107.491  3725724.4 311150.3 264420.5 58578.4  16785.8  4234.0  6035.2

         Carbon flux (ktC/yr)        Water (dam3/yr)                Nitrogen (MgN/yr)
       ----------------------- -------------------------- --------------------------------
Spinup NEP     estab   NBP     transp     evap    interc  nuptake ndemand  nlosses ninflux
------ ------- ------- ------- ---------- ------- ------- ------- -------- ------- -------
  1001 -385.198   0.001 -385.197  3709466.0 310707.3 371713.4 59229.8  16561.9  5039.8  6027.2
  1002 -1242.921   0.005 -1242.916  3496090.4 293864.2 271115.3 48255.7  16484.0  6360.3  5751.7
  1003 -1139.524   0.006 -1139.518  3252030.7 300605.9 235241.5 52445.1  13181.6  7710.5  5757.8
  1004 1109.555  -0.002 1109.553  3715851.4 337811.1 268975.7 79258.5  16400.2  6883.4  8293.1
  1005 716.952  -0.001 716.951  3796906.7 329420.3 393387.2 57119.7  15719.8 12263.7  6953.2
  1006 944.008  -0.002 944.006  4110975.2 327509.6 326168.7 68445.7  20074.3  3149.5  8129.6
  1007 -257.742   0.002 -257.740  3685196.4 312199.2 357500.8 50409.9  16054.2  4200.8  5241.6
  1008 405.412  -0.000 405.412  4008557.0 319714.7 352398.5 69087.4  16670.9  4218.4  6449.1
  1009 -1294.621   0.005 -1294.617  3495907.8 293642.4 297661.6 45401.6  14376.9  4980.1  4934.1
  1010 433.639  -0.000 433.639  3598761.4 325792.3 418186.8 65214.4  12924.4 11436.4  5621.4
  1011 443.080  -0.003 443.077  3858600.6 310323.1 250668.8 66412.7  19626.2  7796.8  7577.4
  1012 -573.478   0.002 -573.476  3563831.5 285476.4 258980.0 53732.7  16992.8  3856.7  5704.5
  1013 -471.834   0.004 -471.830  3436958.7 311779.9 333768.5 59247.8  14005.8  5773.7  5026.2
  1014 -116.299  -0.000 -116.300  3594042.4 281918.8 235434.2 68170.3  18908.4  4216.4  7129.4
  1015 -802.639   0.005 -802.634  3271280.6 325694.3 250459.3 54782.6  11372.6  6269.8  4418.4
  1016 -1658.250   0.011 -1658.239  2999691.5 314630.5 228560.5 41112.8  11260.2  8477.4  5358.5
  1017 1497.771  -0.005 1497.767  3675498.8 353889.0 299144.2 78738.5  14023.3  8303.6  8604.6
  1018 1381.623  -0.005 1381.618  4022008.1 342602.3 382507.7 60627.3  17779.2 17768.0 10086.4
  1019 466.096  -0.006 466.090  3820244.7 327543.7 388373.3 54495.1  18745.6  6581.9  8122.0
  1020 959.676  -0.006 959.669  4220893.3 320680.3 343542.2 67205.5  19976.9  3170.5  7851.2
  1021 -299.741   0.001 -299.740  3726529.7 302837.5 370338.7 49989.7  16795.6  4065.5  5399.3
  1022 189.639  -0.000 189.639  4061625.2 322151.9 422144.3 67986.2  19515.5  4130.0  6691.9
  1023 484.818  -0.001 484.817  3995037.6 339321.9 477151.8 61428.6  20847.2  6544.0  6808.8
  1024  98.632  -0.000  98.632  3960059.9 305856.0 289524.8 60502.1  20050.6  3812.1  6061.2
  1025 -1407.721   0.006 -1407.715  3502770.2 308546.2 299390.5 47365.7  11099.2  6351.1  3735.6

         Carbon flux (ktC/yr)        Water (dam3/yr)                Nitrogen (MgN/yr)
       ----------------------- -------------------------- --------------------------------
Spinup NEP     estab   NBP     transp     evap    interc  nuptake ndemand  nlosses ninflux
------ ------- ------- ------- ---------- ------- ------- ------- -------- ------- -------
  1026 -430.064   0.003 -430.061  3338313.8 316380.0 241072.5 59856.7  14378.0  5870.4  5578.5
  1027 494.880  -0.000 494.880  3767937.4 301971.1 338730.2 66808.6  16466.1  5692.9  7083.9
  1028  24.404   0.001  24.405  3615546.3 310874.5 249714.1 60159.0  15236.2  5649.7  6527.9
  1029 557.139  -0.002 557.137  3809728.6 330512.1 400939.4 64322.9  20968.5  8983.8  7612.9
  1030 -125.466   0.001 -125.465  3728237.0 302941.7 277315.3 56740.7  14584.9  6502.4  5389.1
  1031 580.263  -0.001 580.263  3888776.8 331565.6 390652.5 63151.0  16837.0  4761.4  6383.9
  1032 -50.606   0.001 -50.605  3803498.3 298447.3 368254.9 53302.2  17475.9  6387.9  5785.9
  1033 226.674   0.001 226.675  4088288.3 321596.4 433346.2 66017.8  18481.8  5172.2  6423.0
  1034 254.281   0.000 254.281  3980577.2 298932.1 282380.8 62074.0  18102.9  6203.5  6193.9
  1035 251.543   0.000 251.543  3912310.2 346125.1 489213.4 58784.9  18314.9  5052.9  6083.4
  1036 404.245  -0.001 404.244  4145137.2 326792.8 390973.4 64970.0  21579.9  5738.2  6625.8
  1037 -157.366  -0.002 -157.368  3995912.1 311500.0 503660.2 56837.7  19266.3  4981.2  5911.2
  1038 1097.381  -0.003 1097.379  4518696.3 328444.9 439790.3 71569.4  25823.4  2293.0  8260.6
  1039 -2618.750   0.011 -2618.739  3299692.1 266166.5 281649.2 27093.0  13356.5  4359.2  4243.0
  1040 257.181  -0.001 257.180  3402623.4 280865.4 194829.6 64881.6  11134.0  7226.8  5715.2
  1041 -945.937   0.004 -945.933  3158029.7 275300.4 234756.3 51426.1  12465.5  9748.4  5916.0
  1042 1920.128  -0.004 1920.124  4073460.5 342072.5 373354.7 85339.7  17557.2  9165.5  8935.8
  1043 -1864.916   0.006 -1864.910  3264802.8 276379.6 220024.2 35898.1  11665.7  9070.5  5069.7
  1044 588.291  -0.000 588.291  3659748.7 294098.2 249141.6 68701.9  12246.8  8500.1  7004.1
  1045 225.961  -0.001 225.960  3688201.6 328304.6 267875.3 63567.1  12791.8  7934.8  7601.4
  1046 976.505  -0.004 976.501  3997346.1 328750.3 323257.8 69114.4  18871.6  5676.0  8960.2
  1047 617.681  -0.004 617.677  3936108.5 314409.8 354923.0 55639.4  16726.6  7683.9  6779.8
  1048 -11.393   0.001 -11.391  3812505.0 303181.4 269660.6 62431.4  15400.6  4631.7  5583.3
  1049 1450.630  -0.008 1450.622  4371255.6 378498.0 582670.9 70403.2  22740.9  5699.2  8188.3
  1050 -104.831  -0.005 -104.836  4044287.8 297975.6 389432.3 47813.4  18439.1  4084.3  5555.2

         Carbon flux (ktC/yr)        Water (dam3/yr)                Nitrogen (MgN/yr)
       ----------------------- -------------------------- --------------------------------
Spinup NEP     estab   NBP     transp     evap    interc  nuptake ndemand  nlosses ninflux
------ ------- ------- ------- ---------- ------- ------- ------- -------- ------- -------
  1051 -114.634  -0.009 -114.644  4006315.6 313553.9 492326.1 65200.5  19159.1  5389.4  6117.3
  1052 -914.168   0.002 -914.166  3612267.2 279101.6 271902.7 57526.6  20236.2  2559.4  6170.1
  1053 691.285  -0.002 691.284  4097627.6 328527.6 544679.4 69690.8  23067.6  5298.1  7775.4
  1054 -2166.889   0.009 -2166.880  3422994.0 295060.3 299709.7 28600.2  13805.9  5235.8  4920.0
  1055 367.537  -0.000 367.537  3487567.8 279298.6 198857.4 70010.9  12420.2  6253.9  6391.1
  1056 1720.583  -0.006 1720.578  4108962.9 387592.0 476065.8 74810.3  18524.6 10171.7  9231.8
  1057 821.116  -0.001 821.115  4086115.0 303997.5 454608.7 51037.0  16930.0  9741.3  6863.2
  1058 -1041.158   0.003 -1041.155  3721019.5 286514.1 293470.1 49712.9  16374.0  4691.0  5649.4
  1059 557.328  -0.002 557.326  3916183.7 319989.3 395728.6 68613.1  20910.3  5690.3  7710.7
  1060 511.829  -0.001 511.827  4180002.8 285279.7 397745.2 61256.7  17673.6  3404.7  6527.6
  1061  12.036  -0.001  12.035  3870965.4 307677.2 486927.2 57714.4  17140.7  8005.3  6027.2
  1062 -722.122  -0.001 -722.123  3830475.0 283843.7 309689.6 57235.3  19780.6  4876.1  5991.4
  1063 -20.947  -0.002 -20.949  3769806.1 295696.4 338159.4 62914.0  17707.7  3765.9  6121.3
  1064 1486.752  -0.004 1486.748  4512244.4 327906.6 401786.9 74212.6  23522.5  2715.0  8695.7
  1065 -1704.255   0.004 -1704.250  3410736.6 265934.1 337642.7 31906.5  15108.1  4872.4  4705.8
  1066 893.074  -0.003 893.071  3972625.8 324696.0 330990.4 72213.8  13079.1  7168.2  5943.6
  1067 -198.154   0.001 -198.153  3590560.5 316960.3 462409.4 49392.7  12761.9 15711.5  5142.9
  1068 135.627  -0.000 135.627  4135319.0 313354.1 403703.5 66335.7  20748.5  7795.8  7577.0
  1069 572.812  -0.001 572.811  4050729.3 298358.7 467692.6 61135.4  20559.4  6697.5  7196.3
  1070 272.706  -0.000 272.706  4209361.6 304894.5 376471.5 60046.4  17590.0  3580.5  6374.4
  1071  32.555   0.000  32.555  3964196.4 305619.9 410559.1 59309.1  20081.9  4426.9  6172.4
  1072 -2461.483   0.008 -2461.476  3259596.3 262924.3 265132.6 39581.2  14716.2  4698.1  4479.3
  1073 590.542  -0.001 590.541  3538525.7 311139.8 348478.6 69107.7  10849.5 14020.5  5846.3
  1074 -1061.947   0.001 -1061.946  3242423.9 266757.3 230899.2 48262.8  16140.3 10363.4  6779.3
  1075  21.739   0.001  21.740  3408940.0 298013.8 252364.8 68024.0  13281.7  6010.8  6394.7

         Carbon flux (ktC/yr)        Water (dam3/yr)                Nitrogen (MgN/yr)
       ----------------------- -------------------------- --------------------------------
Spinup NEP     estab   NBP     transp     evap    interc  nuptake ndemand  nlosses ninflux
------ ------- ------- ------- ---------- ------- ------- ------- -------- ------- -------
  1076 -603.988   0.001 -603.987  3368414.1 310337.1 254043.7 48862.5  14466.3  8403.2  6715.7
  1077 1725.454  -0.005 1725.448  4134519.6 327849.9 356156.6 80626.3  19732.4  9668.5 10318.9
  1078 860.832  -0.003 860.830  3966101.7 319599.0 377267.1 53472.5  18181.8  4092.0  7628.6
  1079 1570.926  -0.002 1570.924  4414250.8 370499.3 576780.0 67567.3  19995.8  5788.7  7909.6
  1080  77.469   0.000  77.469  4333965.3 313998.4 463469.0 54244.3  20370.0  3204.7  6246.8
  1081 -1868.371   0.005 -1868.366  3364220.4 258800.7 328372.1 41922.3  18588.2  5569.9  5105.3
  1082 678.164  -0.002 678.162  3769061.3 318712.9 337271.7 73824.7  12646.0  4604.6  5960.2
  1083 551.093  -0.002 551.092  3909035.0 299777.0 428797.3 58408.1  17567.4  8267.8  7029.6
  1084 644.994  -0.001 644.993  4047322.9 296459.9 462572.8 60755.5  18693.3  8416.4  6623.9
  1085 -1234.565   0.004 -1234.561  3662345.2 288287.3 366769.4 38894.9  18047.7  5561.8  5289.2
  1086 583.435  -0.002 583.433  3921204.7 286704.8 336511.9 71264.3  16741.7  5527.6  6949.6
  1087 -1052.866   0.003 -1052.863  3566031.3 293603.5 341064.7 40157.2  16189.6  8120.7  5500.8
  1088 1028.990  -0.003 1028.987  4023504.8 318838.7 316909.3 77939.9  17829.5  6073.4  7467.9
  1089 -1361.601   0.003 -1361.598  3323403.8 262446.1 291097.2 39595.0  15707.3  6272.7  5381.9
  1090 860.866  -0.002 860.864  3860566.7 312820.3 372704.7 72057.2  13441.2  9280.3  6422.8
  1091 160.099  -0.002 160.097  3948519.8 316227.5 334473.9 64788.3  20311.0  4937.6  7665.6
  1092 -500.001   0.001 -500.000  3591442.4 267363.1 250058.9 54737.3  16874.4  3659.6  5995.1
  1093 -2249.610   0.010 -2249.600  3116510.4 289538.6 258943.9 36747.0  11389.0  7980.0  4552.6
  1094 702.723  -0.003 702.720  3649174.3 279269.3 223273.4 83617.5  13461.3  8681.3  7720.5
  1095 -1258.839   0.009 -1258.830  3175652.8 299089.4 196977.6 41570.1  11224.4  9965.3  5697.7
  1096 1152.181  -0.002 1152.179  3755043.7 303930.9 226295.4 76007.6  11764.8  9394.1  8315.9
  1097 461.407  -0.002 461.405  3679705.7 321020.3 189949.7 62355.9  15498.8  6948.3  9271.7
  1098 599.128  -0.002 599.126  3717895.1 325438.4 295004.8 60121.4  15250.8  8263.7  7813.8
  1099 640.888  -0.002 640.886  3811061.9 321460.2 317879.1 63489.3  16967.9 10287.2  7507.8
  1100 682.085  -0.002 682.083  3921520.8 346921.1 418059.3 62568.0  18584.5  7321.5  7038.4

         Carbon flux (ktC/yr)        Water (dam3/yr)                Nitrogen (MgN/yr)
       ----------------------- -------------------------- --------------------------------
Spinup NEP     estab   NBP     transp     evap    interc  nuptake ndemand  nlosses ninflux
------ ------- ------- ------- ---------- ------- ------- ------- -------- ------- -------
  1101  36.232  -0.002  36.230  4059554.1 321066.3 370198.2 60625.6  20823.2  5347.7  6511.3
  1102 -1464.368   0.005 -1464.363  3454672.4 305227.2 360533.1 35791.1  13701.3  7726.4  4210.8
  1103 2214.187  -0.006 2214.181  4505397.9 330453.8 345636.8 87557.1  19340.5  5374.0  8393.2
  1104 -607.449   0.001 -607.448  3835553.6 290146.9 314667.6 40775.5  14729.8  7155.1  4571.8
  1105 -1388.273   0.003 -1388.270  3340616.2 266663.0 297234.4 52214.3  15428.5  8287.5  4644.8
  1106 -2883.187   0.015 -2883.172  2752884.8 282084.8 205476.0 34683.6   7042.6 12122.6  3433.6
  1107 2091.276  -0.005 2091.270  3825151.8 327680.6 202227.9 89818.6  12071.2  7615.5  7987.0
  1108 1033.356  -0.004 1033.352  3970993.7 324150.3 225006.7 59936.4  13718.6  7733.6  8668.8
  1109 -690.887   0.002 -690.885  3447366.4 293978.5 207000.3 48866.8  15285.2  8490.2  6763.3
  1110 500.280  -0.003 500.277  3712230.1 319042.0 324694.0 70728.3  17377.7 11785.2  7798.7
  1111 -1649.993   0.006 -1649.987  3158111.5 266558.2 195323.4 42981.9  12796.9  5940.7  5081.0
  1112 -1339.306   0.007 -1339.299  2920495.4 282469.9 160336.2 52028.7   8806.1  8816.1  4794.8
  1113 1742.154  -0.004 1742.149  3676923.5 330516.3 208963.3 81586.3  13436.7  8164.3  7812.2
  1114 1573.597  -0.004 1573.592  4044116.9 336185.9 248860.8 61351.4  17193.6  8431.8  8500.4
  1115 -193.536   0.001 -193.534  3545244.8 324663.0 235888.0 53054.0  14382.3  5844.3  5063.6
  1116 1461.882  -0.002 1461.880  4341809.3 336203.7 366000.9 73374.5  20510.4  5127.4  7352.2
  1117 1046.929  -0.000 1046.928  4429781.5 324225.0 367202.0 58791.7  20281.5  4622.0  5811.2
  1118 -1829.250   0.006 -1829.244  3529373.5 321695.4 371996.8 35793.2  14395.2  4855.0  4031.8
  1119 -369.363   0.003 -369.361  3413493.5 295287.3 252286.8 56307.1  11485.0  6824.1  4892.0
  1120 -145.274   0.001 -145.274  3630408.3 294667.1 293059.3 65871.1  16032.7  8413.5  6432.2
  1121 -412.849   0.001 -412.847  3547018.6 297501.7 300773.5 62716.4  18229.3  7911.2  6476.8
  1122 1416.629  -0.005 1416.624  4163567.0 338047.7 356096.5 70600.4  23025.6  4509.1  8520.6
  1123 1026.610  -0.006 1026.605  4246786.4 322397.7 574971.7 54801.1  20336.0  5547.1  6498.6
  1124 -491.354   0.000 -491.354  3878983.5 306635.6 414454.3 50737.3  16916.4  4259.5  4979.8
  1125 698.740  -0.001 698.739  4178587.9 327400.5 421628.4 69375.1  23036.4  2736.6  6841.4

         Carbon flux (ktC/yr)        Water (dam3/yr)                Nitrogen (MgN/yr)
       ----------------------- -------------------------- --------------------------------
Spinup NEP     estab   NBP     transp     evap    interc  nuptake ndemand  nlosses ninflux
------ ------- ------- ------- ---------- ------- ------- ------- -------- ------- -------
  1126 1249.321  -0.001 1249.319  4532724.1 373173.8 666557.9 58995.4  24740.1  3116.3  7395.3
  1127 -492.866   0.000 -492.866  4008126.9 312701.9 549411.2 46401.9  20624.5  2156.5  5592.4
  1128  88.762  -0.002  88.760  4138634.6 319506.4 391824.5 64091.5  26374.2  1493.5  7297.6
  1129 -1123.895   0.003 -1123.891  3614594.6 305020.0 393622.8 41850.9  17883.4  2485.6  5132.8
  1130 -749.583   0.001 -749.582  3569313.7 310871.0 323672.9 55763.8  18529.9  3147.2  6348.6
  1131 517.463  -0.002 517.461  3885904.1 329458.7 358804.3 64239.1  21416.8  3396.8  8373.0
  1132 165.973  -0.001 165.972  3801118.1 309629.2 265321.3 56605.4  19278.1  2687.1  6941.6
  1133 400.167  -0.001 400.166  4028326.0 326506.4 363343.9 63740.4  21684.7  1977.1  7036.5
  1134 -1811.437   0.005 -1811.432  3242971.4 268069.6 323556.1 35632.1  16678.6  3478.6  4933.1
  1135 624.793  -0.002 624.791  3638708.2 344455.2 301501.3 70940.8  12762.8  5945.8  5832.1
  1136 -523.159   0.001 -523.159  3560612.0 315087.7 298304.9 51729.8  16739.2  4139.1  6357.7
  1137 776.369  -0.003 776.366  3994720.8 325124.4 484559.3 68532.5  20873.8 12342.2  8386.3
  1138 1408.432  -0.002 1408.430  4331373.3 373574.6 576587.7 62568.7  21726.1  3773.5  8205.0
  1139 -420.998   0.001 -420.997  3985400.1 269921.1 287048.9 50001.0  19999.5  2394.7  6019.1
  1140 1132.739  -0.001 1132.738  4419450.6 328290.6 441389.6 78354.7  23055.1  2286.4  7392.5
  1141 311.745  -0.000 311.745  4269855.8 325765.3 649125.6 54634.6  22214.2  1701.2  6329.9
  1142 190.010  -0.000 190.010  4274742.8 317663.4 422059.8 66207.4  22186.3  1742.9  6058.6
  1143 -405.377   0.001 -405.375  3973620.4 327300.1 434080.1 58795.9  18730.2  2227.9  5191.0
  1144 -1074.158   0.002 -1074.156  3656224.5 274825.2 299673.0 58225.5  20429.2  2341.7  5630.1
  1145 -1944.671   0.007 -1944.664  3175811.2 324566.7 364506.1 34539.5  10882.1  8193.9  4021.8
  1146 1344.512  -0.003 1344.508  4079746.0 296917.3 311078.5 87306.2  14848.1  5592.2  7640.7
  1147 402.911  -0.002 402.909  4070045.3 327776.4 383857.4 59796.2  16121.0  4599.7  7152.3
  1148 -2187.982   0.006 -2187.976  3223493.2 269937.5 239237.1 42482.1  12906.9  9140.5  5045.8
  1149 2134.547  -0.006 2134.542  4253643.4 332135.1 303141.2 83557.8  16170.1  6488.8  9209.0
  1150 -459.779   0.001 -459.778  3720226.6 311001.6 307581.6 46218.2  14002.0  6672.5  5828.1

         Carbon flux (ktC/yr)        Water (dam3/yr)                Nitrogen (MgN/yr)
       ----------------------- -------------------------- --------------------------------
Spinup NEP     estab   NBP     transp     evap    interc  nuptake ndemand  nlosses ninflux
------ ------- ------- ------- ---------- ------- ------- ------- -------- ------- -------
  1151 -1207.219   0.005 -1207.215  3437618.0 291218.7 246239.5 49746.8  13611.6  7547.2  5717.6
  1152 -1841.823   0.006 -1841.817  2941952.0 280355.4 189831.4 50250.1   9447.6  9403.9  4961.1
  1153 -197.804   0.003 -197.801  3206003.5 333145.0 205428.6 59760.2   8796.2 11888.0  5249.2
  1154 1778.527  -0.007 1778.520  4018975.4 340361.8 211842.0 84771.3  15502.3 11322.6 10167.3
  1155 709.684  -0.002 709.682  3650398.1 332722.6 367460.5 51591.3  12227.8 14351.2  6200.0
  1156 226.970  -0.002 226.968  3825963.9 309673.3 314516.6 63634.5  17255.9  9875.0  7876.7
  1157 434.983  -0.004 434.979  3916703.4 323767.2 391287.8 61188.8  20545.3  5311.3  7572.4
  1158 -2231.182   0.006 -2231.175  3193644.1 263713.7 238732.2 39277.9  12236.4  5951.6  4384.0
  1159 -602.233   0.005 -602.229  3165878.8 305607.3 194651.5 58675.3   7734.0 12671.0  4783.3
  1160 1223.085  -0.004 1223.082  3726253.1 332281.6 233356.3 74515.5  13432.7  7283.0  8192.3
  1161 951.782  -0.003 951.779  3821687.7 351075.1 337324.9 60705.6  16028.4 11790.1  8165.2
  1162 711.703  -0.002 711.702  4153561.0 312783.7 302845.0 63446.4  15367.8  9438.3  7033.6
  1163 -636.303   0.001 -636.301  3738857.1 306073.0 312012.2 53828.0  17141.9  5664.8  5611.5
  1164 -597.527   0.001 -597.526  3563604.5 287727.4 264145.2 59281.6  14799.7  6221.9  5249.7
  1165 171.700   0.000 171.700  3614632.5 310461.6 236680.0 70563.1  15276.4  5599.8  5618.4
  1166 230.753  -0.002 230.751  3945425.9 324850.7 345333.5 67408.7  20007.1  5384.3  6433.1
  1167 -2195.973   0.009 -2195.964  3313578.1 294947.0 275048.3 29250.9  12383.7  8095.5  4034.2
  1168 1618.610  -0.002 1618.608  3923927.3 319159.7 296389.8 82829.8  10863.6  8773.0  5773.6
  1169 1376.354  -0.003 1376.351  4114969.5 330823.1 328547.7 65717.8  17000.3  9786.9  7696.2
  1170 144.451  -0.001 144.450  4067622.7 318395.0 359593.9 56271.5  18501.5 10127.4  6156.7
  1171 340.078  -0.001 340.077  4116855.2 289216.5 396029.5 66814.2  16374.5  3787.0  5169.0
  1172  -1.592  -0.000  -1.592  4102336.9 312786.6 365545.2 60810.2  15870.8  5411.9  5127.5
  1173 -1222.176   0.003 -1222.173  3712360.1 302260.8 349698.8 47172.9  17223.9  4164.5  4600.1
  1174 166.894   0.001 166.894  3735487.7 293030.1 308507.8 65084.8  15552.4  6574.7  5568.0
  1175 1178.154  -0.002 1178.153  4120334.3 323728.1 370648.9 69976.9  17939.5  5762.5  6468.6

         Carbon flux (ktC/yr)        Water (dam3/yr)                Nitrogen (MgN/yr)
       ----------------------- -------------------------- --------------------------------
Spinup NEP     estab   NBP     transp     evap    interc  nuptake ndemand  nlosses ninflux
------ ------- ------- ------- ---------- ------- ------- ------- -------- ------- -------
  1176  63.874  -0.001  63.873  4037050.8 307641.3 479895.3 51276.3  17128.5 10114.1  5359.1
  1177 -303.856   0.000 -303.856  3958318.0 295263.9 391799.4 60967.9  16825.7  5570.8  5097.9
  1178 252.381  -0.001 252.380  4159815.3 306210.5 362308.9 65074.4  17471.8  4880.8  5900.7
  1179 219.506  -0.001 219.505  3986213.3 308477.2 396808.0 59107.9  18682.0  6527.6  5632.5
  1180 -1173.478   0.004 -1173.474  3603568.0 289947.0 314897.1 49453.1  16294.7  5860.9  4709.1
  1181 -2217.782   0.009 -2217.772  3082043.1 271604.8 226012.2 43943.1  10629.9  6872.5  4233.3
  1182 -634.211   0.007 -634.205  3083195.6 308730.4 181507.9 60232.0   7914.0 14694.8  4752.3
  1183 377.300  -0.002 377.298  3378998.3 290753.7 147559.5 73830.6  15121.6  5643.5  8820.5
  1184 1927.288  -0.006 1927.282  3973597.5 396387.2 384648.1 67238.5  17777.7 15634.1 10120.3
  1185 -844.793   0.001 -844.792  3280948.7 269584.0 240401.3 38965.4  14206.1  8920.4  5955.7
  1186 101.870  -0.001 101.870  3289629.3 342047.8 352353.2 63894.2   9584.8 13913.6  4917.1
  1187 545.191  -0.007 545.184  3739241.2 340896.6 346572.0 62626.9  20884.0  6546.8  8817.9
  1188 -1530.950   0.005 -1530.946  3248159.7 258059.0 209739.0 42586.3  14262.8  4810.5  5298.6
  1189 -1308.976   0.006 -1308.969  2966905.3 275559.6 169915.3 51191.4   9810.8  6991.9  5223.2
  1190 1067.563  -0.001 1067.562  3484780.1 302981.1 199049.6 71634.6  12085.3  7169.0  6876.9
  1191 1485.399  -0.005 1485.394  4101405.7 341039.0 270283.6 67166.1  18138.1  8711.3 10656.0
  1192 1501.195  -0.003 1501.192  4211443.7 329071.2 408857.3 57208.4  19103.7  8164.5  8330.1
  1193 -1573.925   0.004 -1573.921  3350240.3 260846.2 282769.7 38152.6  15902.1  7509.7  5011.2
  1194 -153.612   0.002 -153.610  3390074.2 298761.0 270952.1 57320.6  11128.9  6522.1  5063.0
  1195 691.662  -0.005 691.657  3833162.9 319728.1 327817.4 65383.8  18808.9  9830.1  8345.6
  1196 -907.668   0.002 -907.666  3504172.6 298790.3 305257.9 36447.9  14964.1  7474.1  5381.9
  1197 -73.333  -0.000 -73.333  3700576.1 282705.1 278789.8 72390.6  17360.1  8414.0  7062.5
  1198 -1609.629   0.009 -1609.620  3110608.3 300491.4 210690.1 46634.9   9869.1  7211.6  3961.1
  1199 -875.640   0.010 -875.630  3213361.9 294172.7 180588.2 52151.0  12930.7  7229.8  6122.1
  1200 1056.720  -0.005 1056.715  3895346.2 322022.2 276298.8 74720.0  16128.1 12522.4  9490.2

         Carbon flux (ktC/yr)        Water (dam3/yr)                Nitrogen (MgN/yr)
       ----------------------- -------------------------- --------------------------------
Spinup NEP     estab   NBP     transp     evap    interc  nuptake ndemand  nlosses ninflux
------ ------- ------- ------- ---------- ------- ------- ------- -------- ------- -------
  1201 -678.426   0.005 -678.421  3422665.8 320351.1 193181.3 48294.5  13952.1  5678.5  7497.3
  1202 -405.096   0.003 -405.093  3348530.6 311193.8 204806.3 60936.2  12731.0  6162.5  7314.5
  1203 -174.766   0.006 -174.760  3427546.3 316752.1 214671.8 59314.3  13109.5  5749.6  7162.1
  1204  50.581   0.008  50.588  3557369.5 356913.0 209162.0 58844.3  10834.9  6972.8  6615.2
  1205 -1260.660   0.017 -1260.643  3064044.8 373036.1 217958.7 41794.1  11523.3  7602.4  5533.4
  1206 1318.424   0.002 1318.426  3869001.0 384793.9 304031.8 71801.3  13293.0  6515.3  8504.2
  1207 334.954   0.009 334.963  3663136.4 393747.9 246162.7 51655.0  13409.9  5651.4  7391.4
  1208 -529.698   0.013 -529.685  3586491.4 374276.3 333634.4 50569.4  15141.1  7958.4  7210.3
  1209 -1345.239   0.014 -1345.225  2967539.2 387409.5 261070.7 41578.1   8472.4 12892.6  4155.1
  1210 534.886   0.009 534.895  3820133.8 400423.1 301476.7 64900.3  17679.9  6727.5  9624.1
  1211 939.764   0.009 939.773  3984993.0 378096.6 344812.9 53011.1  11084.5  6156.9  7481.2
  1212 1117.698   0.003 1117.700  4391114.3 376107.9 580101.5 54391.1  18395.8  5591.4 11045.1
  1213  12.635   0.009  12.644  3847684.7 404357.9 311109.7 47179.0  15788.8  4112.5  7166.3
  1214 793.321   0.001 793.322  4516070.2 453642.3 676903.8 55002.6  20685.3  2828.6 10259.2
  1215 138.856   0.005 138.861  4375797.4 340217.5 503742.7 46884.6  18422.5  1950.2  8906.6
  1216 -340.187   0.007 -340.180  4008587.1 403969.3 439779.1 49362.9  20034.1  1644.7  8035.9
  1217 -733.789   0.012 -733.777  3502077.8 424569.8 298767.4 46667.0  16812.6  1774.3  5632.7
  1218 -588.875   0.008 -588.868  3434354.6 414039.1 510902.4 45665.9  14079.0  5606.4  6675.4
  1219 568.109   0.002 568.111  4586264.8 347342.1 461866.1 54595.5  24803.4  2523.1 12488.9
  1220 -1073.789   0.011 -1073.778  3521426.0 364616.0 408426.3 28667.4  15612.9  4152.1  6489.7
  1221 399.867   0.005 399.872  3819016.8 391885.2 377043.0 57735.6  16192.7  6664.8  8653.6
  1222 453.901   0.004 453.905  4005780.8 405890.5 431690.2 52617.4  18226.9  3159.3  8752.6
  1223 325.389   0.003 325.392  4260125.6 353631.9 399621.8 50425.6  21159.0  1693.9  9571.2
  1224 -1347.993   0.008 -1347.986  3451148.5 399526.9 392349.4 36745.9  15482.9  2682.0  6269.8
  1225 869.356  -0.000 869.356  4128665.0 380712.3 500581.9 58713.5  18966.6  4478.5 10719.4

         Carbon flux (ktC/yr)        Water (dam3/yr)                Nitrogen (MgN/yr)
       ----------------------- -------------------------- --------------------------------
Spinup NEP     estab   NBP     transp     evap    interc  nuptake ndemand  nlosses ninflux
------ ------- ------- ------- ---------- ------- ------- ------- -------- ------- -------
  1226 -503.186   0.004 -503.182  3752762.5 334765.6 316379.9 43132.3  16385.7  3893.3  7341.4
  1227  45.649   0.001  45.650  3671515.8 409296.9 483844.4 58128.2  15969.1  5594.8  7795.8
  1228 -1976.030   0.009 -1976.021  3195811.7 328119.2 251522.4 38810.5  14308.5  4348.9  6138.5
  1229 -688.356   0.008 -688.348  3096222.7 399769.9 223252.5 54955.7   8876.7  9405.7  5617.8
  1230 -544.954   0.008 -544.946  3086047.2 410468.8 204850.0 56667.9  10088.8  7473.0  6482.9
  1231 604.720   0.003 604.723  3570345.6 419928.3 282970.8 64984.0  13607.4  5237.4  9007.5
  1232 1257.225   0.001 1257.226  4163191.0 432020.5 512518.9 58053.9  19102.6  9785.0 11366.4
  1233 1123.262   0.001 1123.263  4480564.3 357997.4 412811.2 55079.4  19538.7  2331.4 10545.3
  1234 600.500   0.001 600.501  4411849.2 404903.3 635089.8 52781.0  20880.9  4601.3  9716.1
  1235 -511.800   0.005 -511.795  3928610.4 342510.1 294871.4 52996.6  19710.8  2117.8  8144.0
  1236 -1791.756   0.010 -1791.745  3177356.4 372462.9 298161.9 44983.1  13335.4  5382.6  5480.1
  1237 1222.079   0.000 1222.079  4221803.8 394167.0 355778.9 73856.5  20174.8  2666.4 11018.5
  1238  29.055   0.004  29.059  3897986.0 350862.8 337666.6 50443.8  16032.2  3727.3  7716.5
  1239 -1025.048   0.009 -1025.039  3404797.5 381700.6 254608.9 55190.2  13744.5  5275.9  5259.6
  1240 511.260   0.005 511.264  3765932.6 397154.3 358607.5 64311.2  15445.3  5322.3  7308.9
  1241  80.175   0.005  80.180  3778170.4 406647.4 460019.6 57770.9  15897.6  8320.5  7495.2
  1242 183.289   0.003 183.292  4034683.2 345216.4 468252.8 60387.7  17578.7  8494.8  8703.9
  1243 -206.433   0.003 -206.430  3965789.8 342635.2 271636.2 61018.3  18749.8  3177.4  8309.8
  1244 -1865.565   0.014 -1865.551  3144635.3 394532.9 263354.6 47273.6  10426.5  6242.2  3460.7
  1245 535.090   0.004 535.094  3706493.9 386218.6 316606.7 70530.6  13560.4  5943.5  6771.6
  1246  89.909   0.004  89.913  3863165.3 368039.8 343442.2 64385.5  16882.7  5698.2  8455.4
  1247 342.246   0.004 342.249  4097845.6 351196.3 379078.5 65997.7  17176.1  6337.3  8379.8
  1248 479.582   0.003 479.585  4162475.7 381314.0 402221.8 65682.8  17478.9  3078.9  8656.1
  1249 -330.311   0.005 -330.306  3897661.3 353996.8 283899.9 59167.9  15921.8  4067.6  7040.4
  1250 -1181.708   0.007 -1181.701  3632805.1 357622.1 362668.7 60164.6  17430.8  4434.2  6558.0

         Carbon flux (ktC/yr)        Water (dam3/yr)                Nitrogen (MgN/yr)
       ----------------------- -------------------------- --------------------------------
Spinup NEP     estab   NBP     transp     evap    interc  nuptake ndemand  nlosses ninflux
------ ------- ------- ------- ---------- ------- ------- ------- -------- ------- -------
  1251 -263.293   0.008 -263.286  3464083.9 384294.3 329231.9 61734.4  13532.6  6979.9  5408.1
  1252 496.344   0.003 496.347  3910672.8 385712.2 345100.7 70590.0  18355.5  5093.7  8323.1
  1253 438.711   0.004 438.715  3969953.5 390878.9 364663.4 63335.9  16796.1  4081.9  7403.7
  1254 532.354   0.004 532.357  4201010.0 366508.0 375130.2 67173.1  19497.0  3309.1  8079.3
  1255 -2058.280   0.009 -2058.271  3208555.1 315480.9 324869.9 35456.0  14063.9  5750.3  5699.4
  1256 -37.719   0.007 -37.712  3259309.2 424388.1 401864.4 60815.7   6633.2 20815.6  3706.4
  1257 -638.741   0.005 -638.737  3518023.1 350354.9 217654.2 58146.8  14214.9 16371.3  8206.3
  1258 -1080.889   0.006 -1080.883  3195216.0 307956.3 240044.4 52546.0  14003.4  9650.4  7562.3
  1259 708.942   0.004 708.946  3679547.8 400695.5 325596.6 79051.3  12558.7  8005.1  7066.1
  1260 513.574   0.002 513.576  4086044.8 356110.7 292571.4 65319.9  14650.0  6566.7 10013.2
  1261 289.817   0.004 289.821  3961090.6 335176.8 337407.6 60548.5  14686.5  6243.7  8530.9
  1262 -714.230   0.006 -714.225  3756812.1 319724.2 333272.6 59082.2  16798.3  6919.9  7745.5
  1263 -773.839   0.008 -773.830  3485556.2 377679.1 305897.7 57683.3  12518.8  5983.1  6310.1
  1264 -168.256   0.006 -168.250  3589116.8 363052.0 275865.2 67562.7  13265.1  6471.4  7582.9
  1265 901.491   0.001 901.492  4030372.3 360457.6 476400.8 71114.3  19160.1 14463.3 10150.3
  1266 -1122.057   0.013 -1122.044  3245864.6 392024.2 235629.5 47840.9  10393.0  7079.2  4390.0
  1267 -733.031   0.009 -733.022  3143813.8 365270.0 240343.9 56612.0   9401.1 10790.9  5096.2
  1268 1300.944   0.003 1300.947  3886209.4 401734.3 377243.0 74455.4  13608.3 10883.5  8094.0
  1269 1223.093   0.000 1223.093  4267777.7 429695.2 533404.6 64890.0  18586.3  8062.9 11115.0
  1270 659.633  -0.001 659.631  4355072.3 340756.8 345067.2 59151.8  19001.6  3297.8  9679.1
  1271 -349.606   0.004 -349.602  3858183.9 348128.4 377333.3 57703.1  15722.1  4459.0  7224.7
  1272 -1787.405   0.005 -1787.400  3289308.9 298381.3 301184.4 45095.1  16360.9  8680.6  6294.5
  1273 1280.618   0.002 1280.619  3910680.9 392061.1 292284.6 85608.5  15844.0  4784.0  7251.5
  1274 -264.568   0.006 -264.562  3775707.0 365147.4 343154.3 54693.9  12927.1  5591.5  6690.2
  1275 -2174.278   0.011 -2174.267  3150901.5 299471.3 225546.2 45959.9  11810.0  7775.2  5563.2

         Carbon flux (ktC/yr)        Water (dam3/yr)                Nitrogen (MgN/yr)
       ----------------------- -------------------------- --------------------------------
Spinup NEP     estab   NBP     transp     evap    interc  nuptake ndemand  nlosses ninflux
------ ------- ------- ------- ---------- ------- ------- ------- -------- ------- -------
  1276 883.425   0.004 883.429  3488148.2 389797.8 334756.6 74846.2   9715.3 16374.8  5902.0
  1277 961.540  -0.001 961.539  4108233.9 352945.9 304934.0 70096.1  17400.5 10384.9 10663.7
  1278 1225.225  -0.000 1225.224  4309937.9 342619.1 441809.9 61669.2  17993.6  7122.5  9614.4
  1279 717.362   0.003 717.365  4307093.2 342505.8 487128.8 61669.2  19401.7  7007.6  8979.9
  1280 -123.828   0.004 -123.824  4249893.2 339839.6 432484.2 63015.3  18796.2  6240.8  7950.5
  1281 -150.020   0.004 -150.016  3962205.7 321974.4 276167.6 67659.6  20216.1  4607.0  7827.2
  1282 -1890.346   0.010 -1890.337  3214967.6 337469.4 293226.7 45119.3  11622.5  8304.4  4972.1
  1283 1240.487   0.001 1240.488  4052041.5 359440.5 427940.9 79022.0  17538.8 12132.3  9389.9
  1284 -676.398   0.005 -676.393  3675899.6 338552.0 293356.8 51800.7  13656.1  5196.6  6604.9
  1285 1286.148  -0.000 1286.148  4262134.4 390078.7 485905.7 72410.7  18124.9 12977.7 10482.7
  1286 -684.905   0.005 -684.900  3719310.1 302697.3 276225.9 49717.0  14056.7  6509.7  6170.9
  1287 -538.919   0.005 -538.914  3690802.1 312825.4 311284.2 66435.8  15912.4  6541.8  7240.1
  1288 -735.872   0.007 -735.866  3515603.2 350086.1 281605.6 59349.1  12677.1  6792.2  6352.5
  1289 763.134   0.001 763.135  3942090.1 348870.6 274753.4 77631.8  15576.0  7337.2  8919.8
  1290 1609.399   0.000 1609.399  4572616.8 343872.1 353810.9 70447.5  17794.4  6305.7 10404.7
  1291 -408.631   0.004 -408.627  3934684.6 288084.4 260467.6 54715.0  15666.9  6862.1  7221.2
  1292 -1741.533   0.010 -1741.523  3241726.0 292742.6 293414.9 48262.4  12799.8 10220.7  5728.7
  1293 1917.996  -0.001 1917.996  4286593.3 365001.7 323514.2 95362.7  14039.2  8570.0  7851.9
  1294 -1297.315   0.006 -1297.308  3631149.1 323599.4 265199.4 43560.9  11664.7  8399.9  6016.4
  1295 604.331   0.003 604.334  3882051.4 346471.3 311425.3 71231.9  12198.7 10144.4  6968.4
  1296 -2367.011   0.011 -2367.000  3158065.9 302047.0 210902.7 41170.7  10408.0  9970.1  5748.5
  1297 -1756.233   0.014 -1756.219  2888472.6 312073.7 154440.4 47942.2   6230.3 13468.3  5091.6
  1298 1720.171   0.004 1720.175  3889812.6 351930.4 183769.2 87105.3   7756.4 15880.7  6636.1
  1299 1139.087  -0.001 1139.086  4243663.5 428962.2 364791.4 69628.2  15322.0 17641.8 12835.7
  1300 -1110.434   0.006 -1110.428  3312765.9 297806.4 211290.7 39843.2  12138.9 15648.4  7563.4

         Carbon flux (ktC/yr)        Water (dam3/yr)                Nitrogen (MgN/yr)
       ----------------------- -------------------------- --------------------------------
Spinup NEP     estab   NBP     transp     evap    interc  nuptake ndemand  nlosses ninflux
------ ------- ------- ------- ---------- ------- ------- ------- -------- ------- -------
  1301 -645.343   0.007 -645.335  3086894.3 359736.7 194206.0 63126.7   7582.9 10960.2  4752.3
  1302 1088.606   0.000 1088.606  3952759.0 356420.8 300679.2 76469.5  14348.1 11015.6  9268.4
  1303 -237.586   0.003 -237.583  3702887.9 359189.8 244783.8 56217.4  13605.6  5143.1  8056.3
  1304 717.507  -0.002 717.505  4095093.6 349896.8 415332.3 68168.7  19081.8 10914.7 10335.6
  1305 734.372   0.000 734.372  4186039.2 346737.8 455854.5 60773.8  18633.3  5408.5  9061.1
  1306  11.371   0.003  11.374  4115233.1 346428.6 379032.6 60648.4  15898.1  4003.2  7278.9
  1307 -2113.760   0.009 -2113.750  3328106.2 284043.3 224926.9 43487.9  13520.8  7176.2  5560.0
  1308  57.598   0.005  57.603  3590547.6 341909.6 233681.5 66257.9  10974.6  7223.3  6444.9
  1309 -856.299   0.005 -856.294  3248599.9 290815.5 204250.6 51784.0  12660.7 14282.7  7313.6
  1310 -449.931   0.009 -449.922  3106085.3 382947.8 230876.8 53670.1   8411.7 15069.7  4283.3
  1311 -315.794   0.008 -315.786  3270842.3 287400.8 200232.6 61221.4  12393.6 13923.5  7226.5
  1312  -7.407   0.006  -7.401  3225492.6 339161.9 182520.9 66630.6  10941.9  9493.8  5016.3
  1313 -1152.482   0.013 -1152.468  2981676.7 387169.2 206633.7 43507.6   9437.7  9712.4  4709.5
  1314 1916.157   0.003 1916.159  3802036.8 400938.1 329232.7 85058.8  12653.7 10344.4  7559.4
  1315 2068.684   0.001 2068.685  4659574.7 359771.2 393312.7 64828.8  17287.0  9037.1 11299.1
  1316 -962.826   0.008 -962.819  3575985.6 354508.7 288400.2 41052.7  12615.0  8032.9  6292.5
  1317 1428.113   0.001 1428.114  4378031.7 437466.7 546551.9 68155.9  18492.4  9988.6  9905.6
  1318 -1042.853   0.006 -1042.847  3670377.1 354615.0 362899.9 32638.1  15318.0  7796.4  6509.5
  1319 1247.826   0.002 1247.828  4546987.7 356799.8 382972.9 69335.3  18145.8  5657.2 10863.8
  1320 -1137.182   0.007 -1137.174  3640476.5 322290.1 288220.7 41728.9  14447.5  5819.7  6543.3
  1321 363.667   0.004 363.671  3788320.1 374857.9 326083.0 59969.2  14423.5  6339.3  7783.8
  1322 -767.935   0.006 -767.929  3701861.8 331557.9 314420.1 54653.1  17409.0  6967.5  7866.1
  1323 667.981   0.002 667.983  4076607.2 369639.2 478865.4 65048.7  21680.5  7034.4  9708.5
  1324 -2171.323   0.011 -2171.312  3120228.3 308178.4 230328.6 34192.6  12304.4  4507.7  5677.1
  1325 1502.133   0.002 1502.135  3819798.5 392798.0 324684.2 72172.6  12615.5  7221.5  8272.1

         Carbon flux (ktC/yr)        Water (dam3/yr)                Nitrogen (MgN/yr)
       ----------------------- -------------------------- --------------------------------
Spinup NEP     estab   NBP     transp     evap    interc  nuptake ndemand  nlosses ninflux
------ ------- ------- ------- ---------- ------- ------- ------- -------- ------- -------
  1326 571.391   0.002 571.393  3966817.8 359375.5 359350.6 55889.3  17857.5  9780.8  9548.7
  1327 -43.650   0.004 -43.647  3730681.1 334865.2 237102.8 58182.4  16043.9  4312.7  7881.3
  1328 -107.346   0.003 -107.343  3944602.1 363529.0 332047.0 64444.8  20716.5  3963.4  8227.4
  1329 -1137.451   0.008 -1137.443  3370245.3 368512.3 317039.7 38183.6  13187.8  7030.4  5247.5
  1330 -658.243   0.006 -658.237  3298432.4 301788.4 234269.1 55095.7  13154.9 11067.7  6503.2
  1331 179.674   0.004 179.678  3562970.4 348526.4 265050.1 74609.5  15399.7  6596.6  7051.5
  1332 730.147   0.004 730.151  3902026.2 357373.8 310393.0 67102.9  15086.8  5915.5  7672.9
  1333 1171.426  -0.001 1171.425  4395335.0 401771.6 514871.6 63204.7  21462.6  8449.4 10793.5
  1334 208.068   0.003 208.072  4071662.7 320648.8 340092.5 51368.5  17514.9  5305.6  6864.3
  1335 -424.750   0.005 -424.745  3750881.2 345567.0 261926.7 61350.1  17550.2  3764.3  6578.3
  1336 -1445.275   0.010 -1445.265  3192602.1 346357.1 284331.9 44963.2  12690.5  6500.9  4789.3
  1337 125.594   0.007 125.601  3537912.6 359613.5 224595.4 67220.4  11407.6  6362.5  5652.1
  1338 -588.997   0.007 -588.990  3319900.1 344253.1 212650.1 58038.1  15608.7  4740.6  6603.7
  1339 450.038   0.004 450.041  3823826.4 378396.7 314341.7 69131.4  19257.6  3659.9  8510.0
  1340 -2180.438   0.014 -2180.424  2938996.8 339959.7 214059.2 34152.9   9586.0  7052.0  4892.2
  1341 1468.024   0.004 1468.029  3479742.0 408421.5 309702.2 73751.1   7892.4 14651.6  4999.5
  1342 578.935   0.001 578.937  3735197.0 365028.9 198791.7 63762.2  16475.2 12156.4 10318.3
  1343 814.420  -0.000 814.420  3858695.0 395942.4 350774.3 58777.4  17857.9  6904.6  9127.0
  1344 -465.318   0.003 -465.314  3690918.3 333533.7 310872.8 54108.2  16448.6  5512.8  7535.5
  1345 -535.483   0.006 -535.477  3455034.5 395288.6 291190.1 56936.1  14083.4  4580.4  6371.4
  1346 -231.663   0.004 -231.659  3615179.0 331982.9 287178.3 65135.6  18002.0  5968.3  8400.6
  1347 559.922   0.004 559.926  3848790.5 393942.5 356876.5 63662.3  15177.0  5051.3  7443.0
  1348 415.346   0.003 415.349  3914920.4 363374.8 415018.0 58861.0  17512.6  8800.5  7849.0
  1349 -1113.369   0.014 -1113.356  3289516.1 375759.1 238773.9 48547.9  12601.3  5788.8  4334.6
  1350 1390.905   0.002 1390.908  4189518.5 378241.2 480914.7 69757.9  19143.8  9191.1  8914.9

         Carbon flux (ktC/yr)        Water (dam3/yr)                Nitrogen (MgN/yr)
       ----------------------- -------------------------- --------------------------------
Spinup NEP     estab   NBP     transp     evap    interc  nuptake ndemand  nlosses ninflux
------ ------- ------- ------- ---------- ------- ------- ------- -------- ------- -------
  1351 100.088   0.006 100.093  3658137.7 398049.5 458509.9 48468.1  13089.7  9232.9  6182.4
  1352 -1473.189   0.008 -1473.181  3279027.7 306057.9 285203.9 42443.1  16094.6  6642.6  6469.1
  1353 -1242.432   0.013 -1242.419  2990172.8 387064.7 219253.9 47248.6   9878.3  8550.1  4475.4
  1354 1003.050   0.005 1003.055  3492693.4 374474.5 239681.8 72478.8  12895.6  7488.9  7148.2
  1355 540.930   0.006 540.936  3544662.8 417379.0 222049.1 56556.8  12344.1  5888.0  6909.2
  1356 -849.632   0.011 -849.620  3095583.3 396052.3 245023.6 45087.2  10836.4  8502.2  5317.7
  1357 1020.804   0.002 1020.805  3801852.3 425733.1 380680.8 67535.0  14616.7 10357.2  8021.4
  1358 -160.932   0.005 -160.927  3559230.8 409518.3 319393.1 51169.3  14748.7  4985.3  7455.4
  1359 480.457   0.001 480.458  3638907.1 418992.3 428501.3 60821.0  15502.5  8290.8  7745.6
  1360 589.219  -0.008 589.211  3960722.2 404264.2 449539.6 55273.8  18679.8  5754.7  8955.4
  1361 -1883.847   0.001 -1883.846  3268396.8 317550.5 245705.0 35453.0  13219.5  5012.3  5832.9
  1362 2061.466  -0.034 2061.432  4296698.5 391840.5 337423.0 76078.2  15747.7  5140.2 10261.4
  1363 1433.627  -0.043 1433.584  4580620.8 356221.2 406985.0 57805.8  18253.1  4858.5  9756.2
  1364 -585.278  -0.042 -585.320  3895676.7 302116.9 273724.4 49662.7  17561.4  4215.2  7419.8
  1365 161.104  -0.055 161.048  3777477.4 425277.6 456249.1 64668.2  17103.2  4634.9  7541.1
  1366 -35.100  -0.027 -35.127  3892511.6 353871.0 269809.4 60536.8  19191.9  3683.2  7922.7
  1367 153.536  -0.026 153.510  3942822.6 388383.1 437091.8 60387.7  21166.1  3197.3  7885.8
  1368 -1075.902  -0.020 -1075.922  3484496.0 332812.2 307940.5 49273.7  14657.6  4908.7  6004.6
  1369 416.858  -0.010 416.847  3884536.8 370568.7 323719.3 67881.5  14296.1  5883.5  7741.2
  1370 258.850  -0.027 258.823  3829253.0 355530.4 365333.3 58934.0  17151.3  6324.4  7791.1
  1371 612.210  -0.055 612.155  4211440.6 348652.2 350577.4 66442.3  21132.9  3868.9  8970.4
  1372 -10.582  -0.027 -10.609  3976591.8 340620.2 409219.3 57940.5  15749.2  4148.3  6612.7
  1373   0.534  -0.028   0.506  3933445.8 358325.6 445514.1 64165.9  22257.0  5968.5  8242.0
  1374 306.557  -0.048 306.509  3956164.9 372919.6 486238.8 61123.5  18956.3  4744.1  7755.6
  1375 861.113  -0.104 861.009  4420034.4 394193.0 634378.2 63074.1  24677.8  6331.1  9478.8

         Carbon flux (ktC/yr)        Water (dam3/yr)                Nitrogen (MgN/yr)
       ----------------------- -------------------------- --------------------------------
Spinup NEP     estab   NBP     transp     evap    interc  nuptake ndemand  nlosses ninflux
------ ------- ------- ------- ---------- ------- ------- ------- -------- ------- -------
  1376 206.032  -0.090 205.942  4123537.1 339856.9 617083.0 56140.2  22661.7  2473.3  8122.7
  1377 -437.734  -0.039 -437.773  3912691.3 341812.9 400323.1 59062.8  16692.3  3488.7  6999.8
  1378 -1261.922  -0.026 -1261.947  3681539.3 311809.2 369644.9 58594.5  21511.1  3967.1  7191.1
  1379 1041.771  -0.059 1041.712  4148056.9 403645.4 557951.9 68898.8  24748.2  5165.1 10087.4
  1380 480.930  -0.024 480.906  4057991.9 334590.5 584689.5 55987.4  20617.9  3194.0  8350.8
  1381 -1704.586   0.006 -1704.580  3330738.4 348505.7 384342.6 37407.7  14500.0  5597.9  5385.1
  1382 929.065  -0.002 929.063  3856012.0 361641.3 391251.3 74133.5  16413.0  7751.3  8450.6
  1383 184.188  -0.001 184.188  3834357.1 328881.2 353924.1 56961.0  17885.7  8686.6  8442.1
  1384 -216.481   0.001 -216.480  3789803.9 324853.6 436427.8 59540.7  18353.5  6926.2  7990.2
  1385 -691.019   0.001 -691.017  3556734.7 313882.3 252545.8 58415.2  15164.7  3902.9  7510.1
  1386 180.729  -0.000 180.728  3716719.1 335985.5 329170.8 64116.6  17685.3  4284.5  8242.4
  1387 -2070.186   0.008 -2070.178  3139116.7 289518.2 221577.4 42299.4  12868.1  6114.9  6031.8
  1388 1299.809  -0.004 1299.805  3808040.0 350435.6 253604.9 80285.4  13876.9  7106.4  8013.6
  1389 -946.754   0.005 -946.749  3298334.4 358319.0 275709.5 38580.3  12488.5 10531.9  6379.3
  1390 1154.870  -0.003 1154.866  3883230.7 337350.3 282109.3 80144.5  14596.1  9901.8  8448.6
  1391  23.715   0.002  23.718  3737902.6 343848.2 223023.7 58730.1  13797.6  6048.8  7539.7
  1392 328.699  -0.001 328.698  3849823.4 359657.4 314843.6 65225.4  16084.1  5535.9  7800.6
  1393 -1142.152   0.007 -1142.145  3366463.5 357242.6 318888.1 40956.8  13622.2  8209.8  5834.3
  1394 566.435   0.004 566.439  3697097.7 354220.3 218236.2 74444.1  13632.5  6526.3  6759.2
  1395 -600.030   0.004 -600.027  3426601.4 330446.9 228109.8 56212.2  13765.8  5967.4  6151.9
  1396 1716.937  -0.006 1716.931  4265035.0 365448.5 443298.3 82261.9  18215.4  7106.1  9539.1
  1397 -2150.313   0.007 -2150.307  3279059.9 310623.4 244726.0 33919.3  11220.4 12130.3  5553.5
  1398 2350.758  -0.008 2350.750  4379587.0 364538.6 388302.7 78776.4  13754.5 12525.6  9420.8
  1399 -960.710   0.001 -960.709  3607596.5 351364.0 317759.6 37849.9  13466.1 14212.6  6765.5
  1400 781.187  -0.002 781.185  3966068.9 381254.4 389013.0 75947.1  15920.6  9234.6  8896.2

         Carbon flux (ktC/yr)        Water (dam3/yr)                Nitrogen (MgN/yr)
       ----------------------- -------------------------- --------------------------------
Spinup NEP     estab   NBP     transp     evap    interc  nuptake ndemand  nlosses ninflux
------ ------- ------- ------- ---------- ------- ------- ------- -------- ------- -------
  1401 -318.924   0.002 -318.923  3753399.8 327864.1 238514.2 56932.5  15182.9  5921.3  6987.8
  1402 -1405.580   0.004 -1405.575  3275188.2 302560.8 272146.4 42965.3  14344.6  6852.2  6401.0
  1403 927.591  -0.000 927.590  3755845.0 381666.8 287466.8 78297.4  12243.6  7617.6  6427.3
  1404 535.369   0.001 535.370  4042327.3 357354.7 311027.4 62203.0  13603.9  5755.8  7661.8
  1405 348.036  -0.003 348.033  4127749.9 330311.6 373478.4 64007.3  16494.5  6304.3  7725.7
  1406 -888.071   0.001 -888.069  3788904.7 323732.0 340215.5 57728.3  17702.2  5667.0  7112.8
  1407 751.339  -0.003 751.336  4009733.7 363792.7 404665.5 72051.7  20291.3  5431.5  8057.2
  1408 1629.753  -0.002 1629.751  4547837.2 393425.0 611630.3 66429.0  20626.5  8283.0  9028.7
  1409 -803.940   0.004 -803.936  3836048.0 324075.7 296179.9 49264.6  15313.3  4990.3  5141.0
  1410 -1953.386   0.014 -1953.372  3156298.7 354401.8 269686.0 46769.8   9958.7  7416.2  3196.3
  1411 397.172   0.000 397.172  3507823.5 374220.2 374238.5 66868.5  11559.7 12544.6  5697.5
  1412 536.735  -0.000 536.735  4131958.1 345879.8 357037.3 67957.8  19716.9  9275.4  9772.3
  1413 976.805  -0.003 976.802  4222385.8 343095.5 375852.1 63845.7  19537.5  4354.8  9582.4
  1414 133.885  -0.001 133.885  3918291.4 328755.8 273918.3 59190.3  17581.4  3736.8  7363.6
  1415 -1045.552   0.002 -1045.550  3671035.5 325518.8 355799.7 58336.6  18478.3  4712.5  6397.9
  1416 1268.254  -0.004 1268.250  4242544.4 359601.6 386124.0 76143.9  20988.7  4117.1  9255.3
  1417 -809.521   0.003 -809.518  3830931.2 308520.2 368626.3 50166.1  17510.6  5484.3  6249.4
  1418 619.264  -0.001 619.263  3940952.4 352238.4 428706.1 70318.0  20055.6  6025.6  7368.0
  1419 -829.830   0.003 -829.827  3792489.8 309237.0 369322.3 54254.1  17548.7  6729.5  6241.2
  1420 -2094.559   0.015 -2094.544  3012732.6 341950.2 252605.1 44714.1   8235.0  9378.1  3295.4
  1421 2233.494  -0.007 2233.487  4202777.5 364770.8 362700.3 86122.5  20427.6  9161.9  9211.4
  1422 -853.181   0.003 -853.178  3568725.3 334538.0 337930.9 38967.3  15090.4  9537.5  6431.4
  1423 -1064.043   0.005 -1064.038  3245350.2 292412.8 262346.2 58562.1  14097.3 11771.7  6469.2
  1424 1022.246  -0.003 1022.243  3837081.3 363468.0 347977.3 80251.8  19032.6  7681.5  8798.9
  1425 832.309  -0.003 832.306  4024691.3 348182.1 332558.8 61875.6  17300.6  5060.1  7982.9

         Carbon flux (ktC/yr)        Water (dam3/yr)                Nitrogen (MgN/yr)
       ----------------------- -------------------------- --------------------------------
Spinup NEP     estab   NBP     transp     evap    interc  nuptake ndemand  nlosses ninflux
------ ------- ------- ------- ---------- ------- ------- ------- -------- ------- -------
  1426 -93.938   0.001 -93.937  3707200.5 338213.9 263997.7 60050.7  16214.0  4797.8  6631.6
  1427 -800.402   0.004 -800.397  3396650.6 345561.8 264498.6 58402.4  13811.3  6265.8  5271.2
  1428 -176.545   0.001 -176.544  3422883.3 362434.5 424229.1 58631.7  12452.3 13203.0  5751.4
  1429 436.313  -0.004 436.309  3976709.1 343474.1 327417.2 68940.1  21196.8 10700.8  8904.0
  1430  20.951   0.000  20.951  3757105.7 326940.2 267194.0 59061.1  14865.6  4042.6  6410.3
  1431 -1624.947   0.003 -1624.945  3202343.8 290752.2 296391.3 40436.8  15541.6  6431.0  5856.8
  1432 491.445   0.000 491.445  3631627.3 334794.7 301449.1 73420.9  10167.6  9893.9  5465.0
  1433 120.578  -0.010 120.568  3877550.3 339458.3 308285.1 67874.3  19882.7  9983.8  9308.1
  1434 1154.504  -0.012 1154.491  4159300.2 333768.3 318795.7 67573.0  18961.0  4057.6  8571.2
  1435 623.311  -0.004 623.307  4121234.7 340915.8 550189.5 61000.8  18895.4  9743.3  7510.3
  1436 1070.173  -0.002 1070.171  4514731.8 338973.4 437483.8 69874.1  20694.3  3154.0  8161.8
  1437 -2580.834   0.014 -2580.820  3296450.3 277134.4 281232.9 32020.2  13085.0  6204.7  4481.0
  1438 1556.023  -0.005 1556.018  4002560.0 321451.0 298693.1 80645.1  10570.2  7657.7  6122.7
  1439 466.857  -0.002 466.855  3939116.2 337958.2 376366.9 60484.5  17574.0 10060.0  7958.2
  1440 -340.457   0.001 -340.455  3774443.1 305214.7 265884.4 57944.0  13101.9  7355.7  5561.4
  1441 257.643  -0.000 257.642  3965367.1 303144.8 367544.2 65634.3  15316.0  6833.4  6420.1
  1442 361.174  -0.001 361.173  3984598.1 327692.8 419202.8 65476.4  20220.8  9464.2  7244.2
  1443 -520.779   0.001 -520.777  3751364.7 276109.5 270507.2 55765.6  16774.8  5485.0  5823.8
  1444 1588.551  -0.002 1588.549  4307884.4 379655.9 592532.9 81058.9  21833.9  8266.2  7901.2
  1445 212.601   0.001 212.602  4075979.6 319546.1 432048.6 49829.9  17756.7  5940.5  5745.6
  1446 1284.025  -0.000 1284.024  4724391.4 334353.7 465988.9 76583.3  23125.6  3443.8  7512.3
  1447 -457.302   0.002 -457.300  4083358.7 319230.9 557045.9 49091.6  18408.8  5583.8  5470.8
  1448 -2951.314   0.014 -2951.300  3105214.7 279467.0 274037.9 34987.2  12886.4  6761.7  4394.7
  1449 1169.389  -0.006 1169.382  3909885.8 342645.4 261998.2 87206.9  18071.7  9370.3  8594.2
  1450 1919.328  -0.004 1919.324  4441735.4 339120.7 346817.2 66798.0  17494.9  6194.3  8757.2

         Carbon flux (ktC/yr)        Water (dam3/yr)                Nitrogen (MgN/yr)
       ----------------------- -------------------------- --------------------------------
Spinup NEP     estab   NBP     transp     evap    interc  nuptake ndemand  nlosses ninflux
------ ------- ------- ------- ---------- ------- ------- ------- -------- ------- -------
  1451  13.646   0.001  13.647  4011519.6 318602.7 461857.7 53747.4  15982.4 10374.6  6074.2
  1452 993.367  -0.001 993.365  4325178.2 329416.6 507021.1 72536.7  21609.5  5182.3  7866.1
  1453 737.856  -0.001 737.855  4493012.2 320463.2 388580.5 63660.8  21930.3  3411.8  7020.9
  1454 -2712.693   0.011 -2712.682  3412659.4 295691.0 329089.8 26471.6  13445.5  6534.0  4154.9
  1455 2565.620  -0.007 2565.612  4299604.7 382949.2 448454.1 88312.2  15112.8 13768.8  8408.7
  1456 206.526  -0.000 206.526  4035659.1 313261.9 450241.5 49409.4  16066.6  5974.5  5810.8
  1457 -255.221   0.001 -255.221  3954514.4 294705.4 378538.0 64744.6  17106.5  4964.9  5880.6
  1458 237.745  -0.000 237.744  4189545.4 306062.0 354648.4 68248.8  17450.5  5058.1  6478.7
  1459 -1704.857   0.005 -1704.852  3400767.7 262211.3 312513.8 39749.9  16318.2  8080.0  4838.6
  1460 478.381  -0.001 478.380  3804737.8 324448.9 352678.0 74616.0   9437.9  9676.9  4468.3
  1461 450.436  -0.002 450.435  3869066.6 305053.0 233745.5 70522.7  18244.9  6275.3  7517.3
  1462 157.946  -0.001 157.945  4030709.3 318848.9 357620.0 63792.2  18653.8  6529.1  6492.3
  1463 186.640  -0.000 186.640  4070672.7 314346.4 378790.4 68778.5  19343.8  6304.5  6022.7
  1464 -851.661   0.002 -851.659  3816911.6 286560.8 366651.8 57153.9  16739.4  6136.5  5036.7
  1465 327.080  -0.000 327.080  3992710.1 290282.2 381150.5 71848.9  13598.4  7710.5  4920.9
  1466 226.233  -0.000 226.233  3991999.9 308661.7 443411.9 64127.2  17337.2 11381.9  5944.2
  1467 509.192  -0.001 509.191  4069549.0 314716.7 437897.7 63434.3  21378.2  6998.7  6605.4
  1468  87.758   0.001  87.759  4187760.5 307666.9 385372.0 57975.5  13560.4  8130.9  4759.0
  1469 -300.934   0.001 -300.933  4071449.8 313298.1 407399.0 66727.6  23026.1  5819.7  6085.2
  1470 -596.843   0.003 -596.840  3706639.7 293372.2 371621.4 50425.3  15252.7  6132.4  4572.0
  1471  69.610   0.002  69.612  3768428.8 294152.7 338222.2 63626.4  16465.2  6615.8  5415.6
  1472 466.806   0.000 466.806  4089329.9 309677.9 339425.8 65779.3  15093.5  6278.2  6388.5
  1473 -889.970   0.003 -889.967  3803798.7 290860.3 352221.0 54921.1  18714.4  6543.5  6153.5
  1474 724.618  -0.001 724.617  3870186.4 339918.4 429573.4 68864.3  16531.5  6011.8  6453.7
  1475 -1025.570   0.004 -1025.565  3630551.1 304507.0 353865.9 37970.9  15783.3 10109.2  5674.7

         Carbon flux (ktC/yr)        Water (dam3/yr)                Nitrogen (MgN/yr)
       ----------------------- -------------------------- --------------------------------
Spinup NEP     estab   NBP     transp     evap    interc  nuptake ndemand  nlosses ninflux
------ ------- ------- ------- ---------- ------- ------- ------- -------- ------- -------
  1476 1483.507  -0.002 1483.505  4243117.6 326022.4 312538.1 80456.7  18151.3  6754.2  8019.6
  1477 -1220.030   0.006 -1220.023  3389298.6 309351.0 299653.7 41690.6  12424.6  7642.3  4707.9
  1478 -69.071   0.002 -69.069  3722931.9 294584.6 304384.5 63967.9  14327.4  7812.3  6732.5
  1479 -425.070   0.003 -425.067  3567609.8 305999.3 307098.0 64873.7  17137.0  6685.4  6963.1
  1480 547.729  -0.000 547.728  3705099.5 334131.4 329959.5 66076.1  17186.8  6108.8  7410.3
  1481 241.681  -0.001 241.680  3963875.6 330555.5 349687.0 62244.8  20622.6  6582.1  7847.2
  1482  90.454   0.001  90.455  3652570.4 329396.2 463947.0 53029.5  13625.0 11082.4  5505.7
  1483 -477.561   0.002 -477.559  3688112.9 299434.5 254428.2 60718.1  18278.2  7463.6  6481.5
  1484 588.876   0.000 588.876  4013146.5 304855.8 375143.4 65945.5  16836.2  3868.0  6822.1
  1485 358.855  -0.001 358.854  3963707.6 331820.9 432670.1 60894.8  21415.5  5530.3  7603.9
  1486 1217.719  -0.003 1217.716  4342222.9 334102.7 534927.9 63321.1  21168.6  4673.3  7556.3
  1487 -237.721   0.001 -237.719  4056435.4 306112.1 430035.0 52935.0  18051.7  5035.6  5811.1
  1488 -1047.359   0.005 -1047.354  3615358.3 300004.3 289933.2 56376.6  16948.4  4563.7  4997.2
  1489  62.746  -0.000  62.746  3886247.5 331332.0 412680.2 64262.7  17611.8  4313.5  6655.4
  1490 -266.851  -0.002 -266.853  3820046.3 279380.4 257043.7 62505.1  21730.4  4737.1  7549.9
  1491 318.425  -0.004 318.421  3792707.6 341304.9 358307.5 63971.4  18358.7  4130.2  6592.0
  1492 -497.904  -0.005 -497.908  3663044.9 284968.5 267085.8 55751.0  18875.3  3836.4  6342.1
  1493 375.642  -0.011 375.632  3745670.7 352659.1 462558.2 68101.0  17148.6  5030.5  6520.5
  1494 517.163  -0.001 517.162  4052262.7 332653.7 379601.1 63212.5  21055.0  5472.6  7178.5
  1495 -470.320   0.003 -470.317  3738085.8 309345.8 298169.7 53650.4  14683.1  4821.0  5175.1
  1496 1186.734  -0.003 1186.732  4306639.7 339184.4 421336.2 70657.1  22627.2  4139.7  8434.8
  1497 534.500  -0.001 534.500  4205384.7 326436.5 624213.1 57075.6  20792.0  6853.1  6736.5
  1498 -2354.685   0.023 -2354.661  3251346.9 302434.3 308448.3 38789.2  10685.5  6173.0  3481.7
  1499 -341.946  -0.002 -341.948  3326487.2 360251.6 226394.3 61186.0   9817.5  7538.6  4217.3
  1500 -313.342  -0.000 -313.342  3395799.6 293913.3 198694.5 60557.2  15111.4  5180.2  7165.1

         Carbon flux (ktC/yr)        Water (dam3/yr)                Nitrogen (MgN/yr)
       ----------------------- -------------------------- --------------------------------
Spinup NEP     estab   NBP     transp     evap    interc  nuptake ndemand  nlosses ninflux
------ ------- ------- ------- ---------- ------- ------- ------- -------- ------- -------
  1501 967.377  -0.003 967.374  3957799.0 336641.9 425665.6 71516.6  19152.4 13488.5  9094.4
  1502 554.704  -0.001 554.703  3863881.6 337759.4 334212.5 60224.9  17628.7  3312.7  7925.0
  1503 367.306  -0.001 367.305  4082373.7 325407.2 404846.2 62456.3  18940.1  3784.0  7680.3
  1504 -480.960   0.001 -480.959  3784488.7 287877.2 301120.5 56991.5  18104.0  5295.1  6360.7
  1505 -710.155   0.002 -710.152  3516029.7 293091.4 288971.6 61929.9  16496.8  4413.0  5925.8
  1506 1095.470  -0.003 1095.467  4105404.9 322106.6 325909.2 76458.0  22394.4  3129.4  8623.3
  1507 -367.380   0.004 -367.376  3651176.1 308480.9 365746.2 45382.3  14068.2  6089.7  4987.4
  1508 -1132.473   0.009 -1132.464  3329260.5 310121.7 261550.1 55846.4  12762.9  7169.2  4532.5
  1509 1065.688  -0.004 1065.684  3899246.5 333947.0 375395.3 71935.9  18990.8  7785.9  8385.5
  1510 741.216  -0.001 741.215  3982619.5 341027.1 353985.0 63206.3  17034.8  6375.7  7600.3
  1511  80.168   0.000  80.169  3777397.8 326219.0 469284.0 54920.6  16066.8 11865.6  6804.3
  1512  79.403  -0.001  79.402  4153055.1 321259.8 426646.7 64000.5  20905.7  6352.4  7889.0
  1513 -757.381  -0.000 -757.381  3727638.5 307088.0 337856.5 52693.2  18836.0  4617.4  6479.9
  1514 -141.591  -0.001 -141.592  3685193.5 301004.8 258323.7 64229.2  16128.9  4974.5  6760.7
  1515 -132.101  -0.001 -132.102  3738962.4 303917.9 358720.0 59007.7  16670.2  4986.9  6660.0
  1516 133.306  -0.003 133.303  3882655.5 298835.8 362431.5 63394.8  18091.5  6682.1  7085.1
  1517 -1329.862   0.002 -1329.860  3545312.0 289296.8 282574.6 45421.5  16477.9  6952.7  5714.3
  1518 926.222  -0.009 926.213  3826188.8 339556.8 399003.0 72777.3  16434.3  8519.1  7504.4
  1519 221.761  -0.012 221.749  3881871.8 316543.2 437444.6 55534.1  16691.4 12152.7  6626.2
  1520 -2325.719   0.000 -2325.719  3128808.7 271851.3 238570.1 40874.0  12612.5  6074.4  4778.3
  1521 1346.599  -0.004 1346.595  3762868.5 333836.1 252592.1 80381.3  14405.6  7432.8  7658.0
  1522 1766.332  -0.004 1766.327  4230630.6 383782.8 483919.4 62961.3  18629.6 12878.1  9228.5
  1523 -2009.425   0.007 -2009.418  3303608.9 265159.3 240311.8 35770.6  12988.6  6213.9  4726.4
  1524 1377.190  -0.003 1377.187  3977085.7 318036.2 302779.6 73535.0  11133.4  7470.2  6342.5
  1525 -622.250   0.001 -622.249  3596326.7 295790.9 231181.3 53223.1  14150.9  8398.6  6456.9

         Carbon flux (ktC/yr)        Water (dam3/yr)                Nitrogen (MgN/yr)
       ----------------------- -------------------------- --------------------------------
Spinup NEP     estab   NBP     transp     evap    interc  nuptake ndemand  nlosses ninflux
------ ------- ------- ------- ---------- ------- ------- ------- -------- ------- -------
  1526 485.637  -0.001 485.636  3897043.4 314460.6 283886.6 72099.0  14720.2  7024.0  7433.5
  1527 1310.016  -0.003 1310.013  4255541.1 328071.8 433345.0 64210.1  20297.7 10598.9  8515.0
  1528  11.409  -0.000  11.409  4089349.0 317530.3 368259.0 56654.2  19178.7  6683.2  6582.8
  1529 635.257  -0.001 635.255  4101765.8 317445.6 402127.1 67657.4  17548.2  3559.6  6171.3
  1530 -297.164   0.000 -297.164  3992221.6 290424.3 292645.1 57060.8  15765.9  4545.7  5173.1
  1531 -1145.569   0.002 -1145.567  3736461.6 287815.6 356083.1 55543.6  17795.2  5716.9  5556.9
  1532 939.645  -0.006 939.638  4092513.2 321933.3 489614.2 71882.2  21614.0 11468.2  7845.9
  1533 -2612.720   0.007 -2612.713  3152955.9 268354.4 244764.0 27981.9  11132.6  7349.0  4198.6
  1534 545.304   0.000 545.304  3416719.7 309455.8 177293.3 71789.6   9179.5 10109.8  5056.1
  1535 -193.310   0.002 -193.308  3288988.7 330221.5 173703.7 62355.9  11454.4  6826.7  6738.1
  1536 550.669  -0.002 550.667  3776148.2 304009.1 249999.9 67721.8  14498.2  6978.1  8830.4
  1537 298.655  -0.000 298.654  3675138.7 304871.9 246883.7 60510.7  15635.4  8530.7  7939.5
  1538 1348.347  -0.004 1348.343  4265679.0 378759.6 457530.6 67599.4  19979.5 14253.9  9952.1
  1539  49.677  -0.003  49.675  3965231.8 270446.1 239130.1 52286.8  17926.1  4730.7  6969.4
  1540 -1109.416   0.005 -1109.412  3447768.0 303842.3 257275.0 52684.0   9136.6  7629.6  3944.9
  1541 276.138  -0.001 276.137  3777495.0 315962.0 274033.9 66143.1  13675.8  6907.8  7171.7
  1542 -480.613   0.002 -480.611  3551844.5 286986.9 249571.0 53569.1  15335.5  6221.6  5924.7
  1543 839.033  -0.002 839.031  3855525.8 315516.1 313010.1 70833.4  16834.4  7555.8  7144.7
  1544 -539.348   0.001 -539.347  3794200.9 290622.5 315438.3 55631.5  17490.5 10732.7  6254.4
  1545 -1647.343   0.008 -1647.335  3118946.7 302037.7 244512.9 44303.6   8795.6 14476.4  4103.1
  1546 1272.344  -0.004 1272.340  3753073.9 343530.3 300284.9 76379.1  15733.5  8463.5  8623.2
  1547 1301.315  -0.003 1301.312  4145206.5 320603.2 430835.5 58739.3  18307.1 13626.9  8614.3
  1548 -666.902   0.002 -666.900  3617967.7 299178.5 245633.0 49411.2  12247.5  5579.1  5331.6
  1549 381.804  -0.002 381.802  3946334.4 317385.2 308046.9 65482.3  18060.8  6186.9  7468.1
  1550 416.013  -0.002 416.011  3956052.5 309328.7 405882.5 58495.2  16616.9  9605.7  6361.6

         Carbon flux (ktC/yr)        Water (dam3/yr)                Nitrogen (MgN/yr)
       ----------------------- -------------------------- --------------------------------
Spinup NEP     estab   NBP     transp     evap    interc  nuptake ndemand  nlosses ninflux
------ ------- ------- ------- ---------- ------- ------- ------- -------- ------- -------
  1551 -368.189   0.001 -368.188  3646725.5 304916.6 249696.8 61217.0  16669.7  5234.0  5631.6
  1552  97.117  -0.002  97.115  3984627.9 315704.0 342608.4 67658.0  21979.2  5058.2  6855.7
  1553 1067.748  -0.002 1067.746  4268399.8 312596.3 343441.8 67390.6  20600.3  3849.7  6593.2
  1554  -7.318   0.001  -7.317  3877176.7 315576.1 394778.9 50026.1  14748.1  6088.6  4932.7
  1555 355.930  -0.000 355.930  4093507.5 324963.5 372136.1 69542.7  19909.6  5798.1  5973.0
  1556   2.040   0.000   2.040  4171566.4 314939.5 441684.3 58423.8  18519.5  4913.7  5606.6
  1557 1359.073  -0.002 1359.071  4696949.4 326183.1 431091.2 71598.9  25410.0  6538.8  7777.9
  1558 -339.476   0.001 -339.475  4113004.2 295912.7 431956.8 48630.4  17324.8  4552.6  5017.4
  1559 893.717  -0.001 893.715  4591179.0 327887.6 453056.6 70296.5  26683.5  3640.3  7865.1
  1560 -1362.261   0.004 -1362.258  3902609.9 288121.0 408928.0 45238.6  20046.6  3326.4  5217.2
  1561 -96.481   0.000 -96.481  3833968.3 315096.0 416442.3 60588.9  14040.7  5265.3  5380.5
  1562 -945.413   0.002 -945.411  3711220.5 286093.6 336283.9 58704.2  21580.7  6200.7  6913.4
  1563 359.714  -0.001 359.713  3734288.7 332311.3 419826.8 64699.6  20438.8  4125.9  7414.8
  1564 1080.094  -0.002 1080.091  4254309.2 371059.2 575543.5 60452.7  23973.4  5923.9  8863.9
  1565 -708.842   0.004 -708.838  3766706.7 280721.6 286301.7 49888.2  17468.3  3294.6  5443.7
  1566 166.753  -0.001 166.752  3894895.8 310077.0 348649.2 61810.8  15835.2  5077.0  6501.7
  1567 -112.279  -0.000 -112.279  3842637.9 294390.4 375070.6 58914.2  19753.0  4803.3  6968.8
  1568 -181.015   0.000 -181.015  3853409.8 306860.0 457837.2 58090.7  20522.4  7421.2  6946.3
  1569  93.959  -0.001  93.958  3811643.3 309235.0 372799.4 59991.3  20949.1  3964.8  7292.2
  1570 -48.440  -0.000 -48.441  3903010.2 293233.5 377805.9 58006.2  19813.3  4182.3  6980.5
  1571 331.492  -0.001 331.491  4090032.5 317874.4 562317.1 61809.9  24507.0  6196.7  7874.7
  1572 529.269  -0.001 529.268  4212950.0 313098.2 382388.4 63882.4  22154.1  1551.8  7112.8
  1573 -2123.451   0.007 -2123.444  3284832.8 292593.2 323618.6 35312.5  11517.7  7825.5  3954.9
  1574 -956.271   0.006 -956.266  3212527.7 300601.3 225839.7 55291.5   8672.7 10137.1  4800.2
  1575 751.378  -0.002 751.375  3884905.2 319655.6 290804.0 75736.9  14164.0  5659.0  8015.7

         Carbon flux (ktC/yr)        Water (dam3/yr)                Nitrogen (MgN/yr)
       ----------------------- -------------------------- --------------------------------
Spinup NEP     estab   NBP     transp     evap    interc  nuptake ndemand  nlosses ninflux
------ ------- ------- ------- ---------- ------- ------- ------- -------- ------- -------
  1576 844.307  -0.004 844.303  4047500.5 321881.1 433104.6 60743.7  19172.4 12286.7  9450.5
  1577 172.808  -0.002 172.807  3972153.9 317367.0 333921.6 59964.7  18818.7  3574.1  7653.1
  1578 1269.491  -0.003 1269.488  4281668.1 326926.9 472847.3 67302.1  21062.9  4138.3  7967.1
  1579 -175.194   0.000 -175.194  4012286.5 306507.1 480388.7 52051.7  17987.8  5457.6  5840.5
  1580 -759.777   0.001 -759.775  3629200.1 300466.0 275939.3 61337.0  17304.2  4375.2  5413.9
  1581 -2174.807   0.018 -2174.789  3097394.4 300882.6 254979.8 43778.0  10060.2  7874.4  3478.4
  1582 976.627  -0.007 976.620  3832700.1 333233.0 326856.4 75574.3  17553.6 11653.0  7376.0
  1583 231.681  -0.000 231.681  3872720.7 313683.0 382898.5 62571.7  18676.4  6870.9  7562.8
  1584 239.461  -0.001 239.460  4045599.3 316016.8 377060.1 64866.2  18735.2  4327.2  7691.2
  1585 688.810  -0.004 688.806  4147119.1 318792.6 516694.7 64026.6  22602.6  6532.2  8240.4
  1586 -733.634   0.001 -733.633  3629945.9 302317.6 275945.4 53916.9  14766.1  4408.5  5126.5
  1587 1487.981  -0.004 1487.977  4273146.7 371766.1 559041.5 71324.3  21151.2  7559.3  8258.4
  1588 -544.417   0.001 -544.416  3891436.2 280962.0 331041.1 45081.9  16098.6  5986.9  5066.1
  1589 1159.824  -0.002 1159.822  4301781.4 327374.8 514888.1 77142.4  22768.6  4529.5  7412.2
  1590 -54.797   0.000 -54.797  4023198.1 302460.7 304289.8 56321.8  19052.3  4194.0  5470.8
  1591 -2068.824   0.010 -2068.814  3352624.3 300218.5 401828.1 30085.7  13151.5  8607.5  3994.0
  1592 275.697  -0.002 275.694  3748725.5 285850.8 292155.6 79247.7  14695.4  9342.0  6814.5
  1593 -169.299   0.002 -169.297  3552319.4 297803.0 307245.4 56672.1  14294.5  7619.9  5736.5
  1594 652.774  -0.002 652.772  4043316.5 288973.1 333955.2 69966.6  17441.0  6580.5  7853.3
  1595 300.618  -0.001 300.617  4047112.5 311670.7 326017.8 61008.0  14638.3  7137.9  6707.7
  1596 -1610.317   0.006 -1610.311  3288472.5 263536.3 291744.1 41544.6  15757.2  9898.9  5379.0
  1597 813.904  -0.002 813.902  3679691.8 325512.2 307815.4 74005.7  11933.0  9339.1  6051.1
  1598 1689.641  -0.004 1689.638  4474966.1 333199.5 369872.6 72447.1  20071.4  6518.3  8722.2
  1599 438.400  -0.002 438.398  4094745.5 322719.1 457360.0 51011.2  18234.9  6625.2  6171.7
  1600 -674.208   0.002 -674.207  3728737.7 310512.6 295086.3 59368.5  15376.0  7269.5  4698.5

         Carbon flux (ktC/yr)        Water (dam3/yr)                Nitrogen (MgN/yr)
       ----------------------- -------------------------- --------------------------------
Spinup NEP     estab   NBP     transp     evap    interc  nuptake ndemand  nlosses ninflux
------ ------- ------- ------- ---------- ------- ------- ------- -------- ------- -------
  1601 1020.056  -0.002 1020.054  4249157.5 332825.7 523393.2 71530.9  22917.6  6137.1  7279.8
  1602 -89.965   0.000 -89.964  4001798.3 310124.0 300681.7 56772.8  18170.6  5110.6  5387.9
  1603 -1853.829   0.009 -1853.820  3273260.4 296210.6 336717.7 40896.6  12692.8  7646.3  3887.1
  1604  19.873   0.001  19.874  3562078.3 309389.3 243497.6 68260.5  12103.4  8084.9  5462.2
  1605 272.506  -0.000 272.506  3775974.1 320886.7 402843.7 61461.6  17342.7 11453.6  6946.2
  1606 -127.316   0.001 -127.315  3575887.6 318708.1 251628.7 60535.9  17109.1  5614.0  6376.6
  1607 -1130.889   0.006 -1130.883  3239535.4 301715.7 284220.0 48091.6  12957.6  7288.5  4797.7
  1608 647.355  -0.001 647.353  3849754.5 319863.6 300939.6 72492.1  14401.8  7073.4  7335.9
  1609 -437.749   0.001 -437.748  3602963.0 315535.8 312612.1 51753.2  15586.9  6197.5  6283.6
  1610 691.874  -0.001 691.872  3971852.0 301207.0 351567.8 68739.1  16158.9  8012.9  7119.4
  1611 -26.717   0.001 -26.716  3708297.0 310983.4 335479.4 53496.7  16740.1  6446.1  6291.8
  1612 889.650  -0.002 889.648  4068236.5 331984.1 389532.9 69428.0  18895.2  5225.1  7317.2
  1613 -73.636   0.001 -73.635  3904317.2 303580.5 378154.0 48557.9  16840.6  5889.4  5473.5
  1614 273.299  -0.003 273.296  3995718.1 327612.2 453483.0 65464.0  20479.4  7592.5  6729.7
  1615 -615.473   0.000 -615.473  3734624.6 276992.5 284298.3 52658.1  17423.2  4742.0  5637.4
  1616 -1456.562   0.006 -1456.556  3299240.3 321948.5 272876.5 51721.9  10913.4  7673.4  3886.6
  1617 -563.460   0.002 -563.458  3284102.2 289922.2 216181.4 63352.2  15982.1  6102.3  6469.9
  1618 446.866  -0.001 446.865  3752406.6 310169.9 327250.6 66336.0  14071.9  6301.1  6816.5
  1619 -1281.094   0.004 -1281.090  3195771.5 279400.8 257266.1 42417.0  14960.2 13342.2  6065.6
  1620 -1481.726   0.013 -1481.713  2881100.5 338060.1 197689.3 51233.8   5964.2 13452.6  3096.8
  1621 -232.681   0.004 -232.677  3164143.1 345929.6 222371.3 54589.5  10877.8 12054.9  5537.4
  1622 1118.941   0.000 1118.941  3861574.3 326139.6 243158.8 75445.0  13348.2 11036.9  9693.5
  1623 571.464  -0.000 571.464  4074485.2 342852.5 276501.8 58648.0  13431.3  7572.4 10311.5
  1624 140.465  -0.002 140.464  3950470.4 344042.0 330114.1 57271.3  16548.7  8994.1  9565.9
  1625 -565.138   0.007 -565.131  3487156.3 353794.9 251377.6 49857.9   9999.2  7600.7  6222.6

         Carbon flux (ktC/yr)        Water (dam3/yr)                Nitrogen (MgN/yr)
       ----------------------- -------------------------- --------------------------------
Spinup NEP     estab   NBP     transp     evap    interc  nuptake ndemand  nlosses ninflux
------ ------- ------- ------- ---------- ------- ------- ------- -------- ------- -------
  1626 1168.199  -0.004 1168.196  4179341.4 413698.5 508384.3 64313.1  18108.7  9736.4 11073.2
  1627 544.098   0.000 544.098  3968127.0 336831.4 380927.5 49301.3  16314.1  6381.4  8553.0
  1628 106.669   0.002 106.671  3889691.8 346199.4 387715.7 55775.4  17334.1  5829.8  8114.5
  1629 -214.381   0.004 -214.377  3713310.6 352372.3 268251.7 57061.8  17990.3  3282.7  7123.9
  1630 425.473   0.002 425.474  4074109.6 364415.2 359708.9 63286.1  19871.9  2602.1  7674.4
  1631 117.836   0.002 117.838  4002660.8 352185.7 460458.9 52331.7  18784.0  3873.2  7279.2
  1632 -1516.410   0.010 -1516.401  3405855.6 329246.8 285942.5 46104.4  12464.0  6840.4  4337.7
  1633 630.527  -0.001 630.525  3882982.9 350824.4 392464.3 67431.4  19039.8  8559.7  8279.2
  1634 -771.049   0.006 -771.043  3503506.8 312816.1 305285.9 44108.9  13514.0  7876.1  5458.0
  1635 -951.149   0.008 -951.142  3321482.3 324899.6 262648.3 52991.5  12018.7  9113.0  5327.6
  1636 1513.723  -0.001 1513.721  4254922.4 355680.6 351292.5 73670.7  19653.5  5244.4  9818.5
  1637 -1005.724   0.007 -1005.718  3478114.8 329105.6 359808.7 27209.9  13051.2 12000.4  5182.7
  1638 -55.774   0.003 -55.771  3704569.8 313017.5 314005.0 69686.7  14614.0 10689.8  6927.4
  1639 1380.199  -0.004 1380.196  4217401.0 405069.1 544074.8 66847.2  21128.0  7794.1  9325.6
  1640 565.897  -0.001 565.896  4293931.4 325165.2 375856.9 52570.0  15404.0  3785.2  6906.5
  1641 -18.511   0.002 -18.510  3892795.9 334183.6 511734.1 53021.7  16939.0  8812.5  6583.9
  1642 442.395   0.000 442.396  4386444.2 329099.3 383752.2 63027.8  24055.0  3681.9  8585.9
  1643 -1784.273   0.008 -1784.264  3330318.2 280713.4 335431.2 34055.6  16345.9  3769.6  5477.5
  1644 -1150.872   0.008 -1150.865  3024895.6 341004.0 253263.5 49549.0   6949.5  9127.4  3979.9
  1645 -582.406   0.005 -582.401  3298504.0 330697.2 199369.4 54569.0  11464.2  7263.4  6915.4
  1646 536.700  -0.001 536.700  3771643.4 354638.3 296923.2 69626.3  15069.1  6652.2  9552.6
  1647 -12.119   0.000 -12.119  3676308.0 308394.7 238222.2 54291.4  15592.0  9525.2  7849.8
  1648 -673.304   0.004 -673.300  3349917.9 346513.4 291796.4 44965.4  13546.5  9556.0  6191.7
  1649 -758.510   0.003 -758.507  3201065.6 288544.8 237910.7 56570.9  13870.0 14616.8  6823.5
  1650 146.509   0.002 146.511  3366488.6 343558.2 262681.6 64540.5  12191.2  7506.2  6151.4

         Carbon flux (ktC/yr)        Water (dam3/yr)                Nitrogen (MgN/yr)
       ----------------------- -------------------------- --------------------------------
Spinup NEP     estab   NBP     transp     evap    interc  nuptake ndemand  nlosses ninflux
------ ------- ------- ------- ---------- ------- ------- ------- -------- ------- -------
  1651 1115.135  -0.004 1115.132  4048165.9 349637.9 283634.2 67220.1  19280.8  5703.4  9739.2
  1652 1471.277  -0.004 1471.273  4239772.6 348623.0 469220.8 57195.6  18467.1  7331.3  8691.5
  1653 -821.551   0.000 -821.551  3754629.6 330149.6 349904.4 44910.8  16211.4  7491.9  5955.9
  1654 -837.973   0.005 -837.968  3412014.5 326463.9 246688.0 55517.4  13200.9  7665.2  5047.0
  1655 -458.629   0.003 -458.626  3384227.9 305170.1 230348.0 58011.5  16046.6  5799.2  6761.5
  1656 -149.859   0.003 -149.857  3552547.8 355475.2 306470.8 58277.9  12276.0  9652.3  6568.9
  1657 486.645   0.000 486.645  3751123.5 367936.8 406062.4 64129.4  19394.5  8953.6  8187.3
  1658 -496.685   0.003 -496.682  3731185.7 305382.6 333466.9 54229.9  18182.9  9311.1  6783.0
  1659 -1696.290   0.012 -1696.278  3044910.3 340431.8 239396.6 46230.2   8516.8  7937.9  3483.2
  1660 740.498  -0.001 740.497  3791208.4 358955.2 317697.8 70536.7  16369.1  6009.0  8104.4
  1661 1185.026  -0.003 1185.023  4122967.8 347939.8 424099.5 62564.3  21435.6 10531.2 10276.6
  1662 467.268  -0.002 467.267  3918764.4 323391.4 260231.8 57845.5  17999.2  4791.4  7903.4
  1663 -91.750   0.001 -91.749  3777692.5 333628.8 378311.3 56325.2  16456.1  5004.1  6592.2
  1664 -385.207   0.002 -385.205  3762196.1 286699.8 265758.6 61844.4  20430.9  4495.2  7099.1
  1665 772.219   0.000 772.220  4028813.1 342310.2 356169.0 71544.6  20511.9  3091.4  7283.1
  1666 -449.184   0.003 -449.180  3872397.1 342664.1 379791.0 49583.5  12379.3  7982.5  5127.3
  1667 -1140.178   0.004 -1140.174  3564603.1 326326.6 340634.4 49379.8  16549.5  4857.1  5722.2
  1668 707.588  -0.002 707.585  3868609.7 335226.8 385389.7 70524.4  19789.3 13204.0  8079.7
  1669 517.856   0.001 517.857  3912340.7 326984.6 371305.0 54833.1  16429.8  6963.9  6803.9
  1670 208.516   0.002 208.517  3873681.1 321357.3 475773.3 57850.0  16579.6 11551.8  6764.1
  1671 -105.140   0.002 -105.137  3897169.5 307496.4 358591.1 56389.2  19184.7  6669.9  6936.4
  1672 -1134.713   0.007 -1134.707  3489912.9 315471.3 263951.6 53231.8  14691.2  5968.7  5342.2
  1673 -1384.230   0.014 -1384.216  3120177.9 333630.4 239279.6 49343.1  10167.7  7764.9  3858.4
  1674 931.761  -0.002 931.759  3872227.8 349468.2 362505.4 71155.1  16910.1  9976.1  8593.8
  1675 -1126.626   0.007 -1126.618  3353517.4 336206.6 231019.6 47006.6  14568.8  6145.0  7061.1

         Carbon flux (ktC/yr)        Water (dam3/yr)                Nitrogen (MgN/yr)
       ----------------------- -------------------------- --------------------------------
Spinup NEP     estab   NBP     transp     evap    interc  nuptake ndemand  nlosses ninflux
------ ------- ------- ------- ---------- ------- ------- ------- -------- ------- -------
  1676 1373.049  -0.003 1373.047  4207701.5 356840.9 316634.3 74313.3  18734.5  7509.2 11541.7
  1677 1116.593  -0.002 1116.591  4174734.5 340248.4 353200.7 59034.3  16525.2  6272.1  9213.2
  1678 417.092  -0.001 417.092  4070269.9 340639.5 361664.2 59678.4  17959.0  5786.9  8027.2
  1679 -171.647   0.002 -171.645  3887688.7 317828.9 381201.9 57434.9  18246.9  4801.2  7302.1
  1680  92.945   0.000  92.946  3877535.9 328433.1 384587.7 60713.8  19819.6  7289.6  7437.9
  1681 -280.284   0.003 -280.281  3765639.6 316063.9 357932.9 56594.8  19022.1  4705.0  6763.3
  1682 -1276.751   0.006 -1276.745  3429534.0 328206.8 351382.6 44183.7  16176.8  6705.1  5679.8
  1683 543.849   0.001 543.850  3674566.9 334514.3 235816.0 75142.5  17446.4  4996.0  7567.0
  1684 -600.757   0.003 -600.754  3436460.2 307552.1 247457.2 50064.7  15003.9  4611.2  6060.1
  1685 804.187  -0.001 804.187  3828904.9 348745.9 394362.0 74031.4  18631.8  7494.1  7741.0
  1686 558.785  -0.000 558.784  4041415.4 340183.1 367893.2 60890.0  17641.3  5419.0  7099.9
  1687 -988.995   0.005 -988.990  3532120.4 307089.5 317689.6 49043.8  15433.4  6184.9  5316.1
  1688 1590.760  -0.002 1590.758  4382969.8 343008.2 395814.6 79873.0  21762.5  4894.9  9158.0
  1689 -58.182   0.002 -58.180  3892618.1 320787.1 294002.9 53040.6  16532.0  4481.9  5958.0
  1690 -609.441   0.004 -609.437  3725539.5 323244.9 409826.0 58068.9  16483.1  5297.9  5822.8
  1691 -90.079   0.001 -90.078  3823983.5 326017.3 471194.7 63442.0  19875.4 10979.8  7098.2
  1692 -1717.426   0.007 -1717.418  3371390.2 307510.9 286686.4 44465.9  16331.7  4919.2  5878.2
  1693  75.485   0.002  75.487  3379232.4 330723.8 226342.5 68134.9  15531.4  6737.8  7145.0
  1694 335.570   0.000 335.571  3766271.1 347768.2 329865.4 65269.4  19642.6  6036.3  8388.0
  1695 650.437   0.001 650.438  3959766.5 313614.4 375557.7 62666.9  15782.4  5854.1  7026.2
  1696 292.619   0.000 292.620  3914159.2 342798.1 363133.5 63800.3  19431.0  5874.4  7609.8
  1697 817.930   0.000 817.930  4084165.2 339277.6 417062.7 65505.7  19365.7  3645.8  7309.1
  1698 -927.338   0.007 -927.331  3667558.5 311530.4 297760.9 47513.6  14287.2  5463.1  4805.9
  1699 -836.260   0.006 -836.254  3382962.8 334935.7 277030.0 55019.7  10686.0  7586.7  4607.9
  1700 -509.484   0.003 -509.481  3342508.9 300858.7 229138.6 62046.6  16446.8  5554.8  7073.2

         Carbon flux (ktC/yr)        Water (dam3/yr)                Nitrogen (MgN/yr)
       ----------------------- -------------------------- --------------------------------
Spinup NEP     estab   NBP     transp     evap    interc  nuptake ndemand  nlosses ninflux
------ ------- ------- ------- ---------- ------- ------- ------- -------- ------- -------
  1701 466.700   0.000 466.701  3558937.3 349221.7 323990.6 65320.1  14901.7  6322.0  7386.3
  1702 -1198.147   0.006 -1198.140  3320120.6 313122.0 248960.1 45717.4  14831.6  8166.0  6605.4
  1703 740.613   0.000 740.613  3737209.6 335117.7 362978.1 70433.9  15457.9 18789.3  8228.9
  1704 376.619  -0.001 376.618  3904573.6 331253.6 301381.4 61595.3  15185.0  5897.9  8583.6
  1705 1183.384  -0.007 1183.377  4164062.0 334440.4 461920.9 63161.8  19932.3  8913.5  9259.1
  1706 421.015  -0.011 421.004  4166207.8 296291.6 403023.6 59864.4  17519.3  6341.8  7141.5
  1707 -109.624  -0.020 -109.644  3810118.0 311630.2 490379.0 57535.4  17411.5  8854.2  6819.0
  1708 516.979  -0.024 516.955  4266410.8 322778.0 369606.4 66132.5  25019.7  4357.5  8382.9
  1709 124.375  -0.034 124.340  3943386.8 325359.6 473227.8 55090.6  21322.7  2591.4  6971.5
  1710 645.928  -0.027 645.901  4278477.8 323028.5 396666.5 69595.0  22386.9  2537.4  7463.1
  1711 -268.068  -0.013 -268.081  4005462.1 296388.3 462279.8 56741.0  17466.6  3564.8  5824.6
  1712 -360.005   0.001 -360.004  3822657.0 318275.9 502666.1 59452.8  20424.4  6480.1  6785.8
  1713 -525.807   0.001 -525.807  3564766.5 309828.5 283130.9 61353.5  19517.3  3522.0  7003.2
  1714 -938.639   0.002 -938.637  3549176.6 295177.4 357250.1 59358.7  20070.8  3975.8  6922.4
  1715 -356.571   0.001 -356.569  3366479.8 326250.9 440836.5 56943.6  13596.9 11749.9  6393.8
  1716 242.285  -0.002 242.283  3736083.6 323389.8 395647.4 63761.7  24586.2  7572.3  9371.2
  1717 -1915.357   0.006 -1915.351  3141437.3 270746.9 246258.8 39916.0  12792.7  6257.4  5414.8
  1718 273.965   0.002 273.967  3382351.3 309152.6 202287.3 65078.6   9351.6  8578.7  5968.6
  1719 -296.635  -0.001 -296.636  3375285.3 320310.5 235484.3 58753.6  14212.8  6233.3  8321.1
  1720 -280.085  -0.001 -280.085  3455304.0 291383.5 260790.0 65924.9  17363.9 11849.8  9420.0
  1721 729.431  -0.003 729.428  3690111.4 335330.3 304370.3 65864.3  16877.4  5982.3  9286.2
  1722 1248.677  -0.003 1248.674  4032318.5 325702.1 348671.8 63691.9  16891.0  6926.9  8884.3
  1723 1425.384  -0.002 1425.382  4415876.7 333232.5 411864.5 64592.0  19507.6  7225.3  8702.6
  1724 -473.080   0.001 -473.079  3853542.6 275866.5 292544.8 53835.0  19090.1  4998.9  6495.0
  1725 -1649.896   0.005 -1649.891  3182995.7 268312.2 320523.5 48918.2  16243.0  8213.7  5310.2

         Carbon flux (ktC/yr)        Water (dam3/yr)                Nitrogen (MgN/yr)
       ----------------------- -------------------------- --------------------------------
Spinup NEP     estab   NBP     transp     evap    interc  nuptake ndemand  nlosses ninflux
------ ------- ------- ------- ---------- ------- ------- ------- -------- ------- -------
  1726 -510.097   0.002 -510.095  3195672.1 291778.8 222539.6 67905.0  13131.4  7728.8  5716.7
  1727 -139.629  -0.000 -139.629  3286420.1 327721.2 388654.8 57299.6  11199.0 15464.6  5935.3
  1728 959.942  -0.003 959.939  4080785.2 334980.7 338624.0 69608.9  23982.9  9633.0 10672.1
  1729 1641.785  -0.002 1641.783  4392595.2 329622.1 396632.5 62826.7  20741.7  3804.1  8986.7
  1730 339.717  -0.000 339.717  4114934.7 311021.0 393306.6 57069.7  16608.7  4569.2  6490.1
  1731   9.916  -0.000   9.916  3945432.7 325458.0 409399.8 63482.3  21833.0  4600.0  6923.8
  1732 252.807  -0.001 252.806  3891994.7 336372.3 529530.5 61849.1  21297.2  3661.9  6684.1
  1733 270.309  -0.001 270.309  3975853.9 300960.2 544334.6 59832.3  21180.3  7417.0  6633.8
  1734 128.089  -0.000 128.089  4054377.1 324824.5 646112.1 60782.0  25459.2  3424.2  7155.6
  1735 -140.395   0.000 -140.395  4002853.7 286059.1 475094.3 60784.4  20565.7  1805.0  6175.9
  1736 -722.789   0.001 -722.788  3649609.6 294070.5 315371.4 57423.5  17198.1  3708.8  5900.7
  1737 -1367.005   0.004 -1367.001  3242151.2 292441.2 318164.2 48560.5  15290.1  5475.0  5284.9
  1738 808.572  -0.004 808.567  3763083.7 318359.9 390622.8 75542.6  21610.4  7381.1  8592.5
  1739 -355.673  -0.001 -355.674  3630064.4 301177.0 343731.5 48770.5  15942.0  5359.7  6022.3
  1740 272.024  -0.004 272.020  3751794.5 295544.3 359936.9 64385.8  16467.9  7175.2  7125.5
  1741 1214.462  -0.014 1214.449  4158609.4 374537.3 595599.9 66316.2  23062.6 11499.2  8782.2
  1742 580.203  -0.016 580.187  4075871.6 321096.4 630215.0 56215.3  22070.5  2926.7  6944.7
  1743 -1031.952   0.002 -1031.950  3575166.9 272929.1 307844.2 53566.8  19343.7  3384.5  5664.3
  1744 672.621  -0.001 672.619  3958227.8 321798.9 586890.7 68401.9  20794.9  8350.3  7206.5
  1745 1280.521  -0.002 1280.519  4407456.0 327747.3 471400.9 66042.5  22162.6  2318.0  7543.8
  1746 233.392   0.000 233.392  4006544.4 302016.5 585222.4 51868.1  18458.0  8590.4  5530.7
  1747 -246.803   0.001 -246.802  3938366.5 293146.9 337785.4 62871.5  20720.9  3932.9  5907.2
  1748 -1955.222   0.006 -1955.216  3275874.5 293665.5 342235.8 42080.7  14799.9  6268.4  4602.5
  1749 240.992  -0.001 240.990  3510970.2 305967.9 414070.0 65183.2  14447.3 10296.1  6649.2
  1750 898.230  -0.003 898.227  4101417.9 318646.3 329469.4 65463.3  22789.1  6526.2  8955.2

         Carbon flux (ktC/yr)        Water (dam3/yr)                Nitrogen (MgN/yr)
       ----------------------- -------------------------- --------------------------------
Spinup NEP     estab   NBP     transp     evap    interc  nuptake ndemand  nlosses ninflux
------ ------- ------- ------- ---------- ------- ------- ------- -------- ------- -------
  1751 181.309  -0.000 181.308  3844656.0 306371.9 477123.9 54942.4  17901.5  4353.8  6265.8
  1752 -944.764   0.002 -944.762  3634498.3 285586.7 361361.2 61464.3  20911.6  4180.8  6536.8
  1753 -92.041  -0.000 -92.042  3688401.0 307082.8 336789.7 62546.4  15450.9  6021.5  6719.3
  1754 -497.468   0.001 -497.467  3572482.4 281474.0 291544.5 59078.0  17959.6  4610.4  6374.2
  1755 469.613  -0.002 469.612  3945998.6 311486.6 400016.9 71662.5  19144.0  4903.7  7551.3
  1756 -323.991   0.000 -323.990  3695314.8 298288.1 338528.3 54996.6  17635.7  8559.6  6285.8
  1757 -2048.436   0.006 -2048.429  3108092.8 266001.7 241361.9 44720.4  12345.0  9039.7  4838.0
  1758 1681.796  -0.005 1681.790  3937956.9 315023.0 408854.8 78760.0  18241.9 17840.8  9139.9
  1759 788.109  -0.002 788.107  3793420.0 312773.2 344011.3 53670.9  15420.6  6848.1  6690.4
  1760 614.840  -0.001 614.840  4051723.5 285232.9 388168.9 67666.1  17718.3  6576.2  6810.8
  1761 838.131  -0.002 838.129  4106403.1 317905.5 412161.5 67229.6  19535.9  4332.0  7063.8
  1762 1143.359  -0.001 1143.358  4341680.8 328807.1 573578.5 60270.6  21644.1  6132.7  6698.5
  1763 634.045  -0.000 634.045  4438186.9 319499.5 428280.3 64255.7  22767.6  5127.2  6366.7
  1764 -146.258   0.001 -146.257  3987016.9 337056.4 583276.4 56597.1  19102.7  3597.8  5244.6
  1765 -1453.952   0.003 -1453.949  3811430.6 289766.3 416681.7 54742.8  22088.9  5804.6  5589.4
  1766 -863.981   0.002 -863.980  3602596.4 284384.1 353047.9 61876.7  19353.6  4307.2  6287.4
  1767 600.029  -0.003 600.026  3817229.8 315207.6 407897.9 69574.6  24060.0  6066.5  7877.9
  1768 -593.576   0.001 -593.575  3737415.3 285454.3 364986.4 52317.0  18204.2  4936.9  6093.9
  1769 -2624.485   0.010 -2624.475  2908136.2 274021.1 243099.8 38377.4  10576.3  9385.7  4190.8
  1770 729.253  -0.002 729.252  3588710.4 280756.8 222805.7 81828.4  14926.3 11170.8  8088.1
  1771 857.909  -0.005 857.904  3761004.4 318303.8 317564.7 64484.1  15391.0 14123.0  8040.8
  1772 611.954  -0.003 611.952  3665682.0 307636.6 370551.5 58888.7  14963.8 13322.3  7383.3
  1773 1240.176  -0.003 1240.172  4128010.4 329194.9 438159.8 64732.8  20616.3  6785.1  8605.0
  1774 141.593  -0.001 141.592  3930890.3 291636.0 375634.9 55765.8  17840.9  6517.9  6298.1
  1775 400.319  -0.001 400.318  4101148.9 317377.3 569921.6 65635.2  23461.7  8143.6  7022.2

         Carbon flux (ktC/yr)        Water (dam3/yr)                Nitrogen (MgN/yr)
       ----------------------- -------------------------- --------------------------------
Spinup NEP     estab   NBP     transp     evap    interc  nuptake ndemand  nlosses ninflux
------ ------- ------- ------- ---------- ------- ------- ------- -------- ------- -------
  1776 -786.983   0.001 -786.982  3599167.1 297010.5 291320.3 55669.5  16697.5  4115.2  4764.2
  1777 -354.588   0.001 -354.587  3494866.7 303761.9 469207.0 53423.0  13798.7 13363.0  4960.1
  1778 -386.910   0.001 -386.909  3761131.6 275625.9 291537.0 61635.2  19441.0  8088.2  6056.1
  1779 -898.152   0.006 -898.147  3424076.9 283394.4 255248.8 57421.1  14318.6  6692.5  4921.4
  1780 1573.212  -0.006 1573.207  4108405.7 328789.5 430096.7 72514.4  21370.5  8732.7  8665.0
  1781 -241.363   0.000 -241.363  3809148.3 283482.1 307367.5 49452.8  15824.3  8802.3  5530.2
  1782 349.049  -0.001 349.048  3975842.7 305415.5 354887.8 71127.8  15895.0  6590.3  6215.9
  1783 199.669  -0.001 199.668  4090854.1 311249.7 442277.0 62723.6  19744.7  5776.5  6252.3
  1784 340.645  -0.001 340.644  4153810.8 302494.0 383508.0 63906.9  17656.8  7494.3  5976.4
  1785 -1800.386   0.005 -1800.380  3541024.1 278857.2 317806.3 36257.7  16594.9  7125.8  4666.9
  1786 2065.988  -0.005 2065.983  4221970.0 366936.9 519959.8 83929.3  19393.3 13207.4  8159.7
  1787 -1236.449   0.003 -1236.445  3668932.2 280944.4 305792.5 30720.4  15311.4  7197.8  4826.7
  1788 2020.703  -0.003 2020.700  4229795.6 367848.6 542205.6 73706.5  17603.2 16923.2  7465.0
  1789 805.263  -0.001 805.262  4337802.8 317862.3 384420.2 54687.3  21097.8  4496.3  6667.7
  1790 -266.040   0.001 -266.039  3997553.4 307451.2 408059.3 56804.9  16574.6  5783.1  5160.0
  1791 -2023.229   0.007 -2023.222  3494686.1 279139.9 313813.0 41085.5  18570.5  6292.1  5032.1
  1792 -124.357   0.001 -124.356  3404782.0 297378.3 226376.5 67909.6  15867.8  8611.4  6623.9
  1793 -1363.461   0.007 -1363.455  3151663.5 316671.2 301320.8 36561.1  12707.8 11653.3  5121.1
  1794 -95.218   0.007 -95.211  3353426.3 299136.1 193030.0 69271.7  12324.5 10660.2  5974.8
  1795 866.456  -0.001 866.455  3777130.1 339112.2 278284.3 66351.4  15162.3  8227.9  8225.8
  1796 202.947   0.003 202.950  3635700.2 313555.1 300412.1 55073.5  14869.8  8004.7  7209.5
  1797 905.769  -0.002 905.767  4061477.3 336450.0 352318.4 69149.1  17722.0  5972.4  9100.4
  1798 -573.133   0.003 -573.130  3735738.9 302335.4 342384.3 50263.9  16564.0 11777.8  7173.5
  1799 -1586.088   0.009 -1586.079  3079036.2 319224.4 259061.8 44505.9   9571.8 14175.3  4847.0
  1800 -721.921   0.013 -721.908  3083210.3 326210.0 182971.1 54398.6  10256.9  9977.4  5433.8

         Carbon flux (ktC/yr)        Water (dam3/yr)                Nitrogen (MgN/yr)
       ----------------------- -------------------------- --------------------------------
Spinup NEP     estab   NBP     transp     evap    interc  nuptake ndemand  nlosses ninflux
------ ------- ------- ------- ---------- ------- ------- ------- -------- ------- -------
  1801 1695.546  -0.009 1695.537  4156836.5 356360.3 344853.3 69884.4  17000.9 12008.1 11258.9
  1802 588.830   0.000 588.831  3897937.2 329504.3 415318.7 52855.1  14614.4 14086.8  8224.3
  1803 461.191   0.001 461.192  3988908.1 313727.4 362499.6 62783.6  16131.2  4813.3  8194.0
  1804 -697.444   0.003 -697.441  3637035.1 327141.8 328689.9 49405.8  16062.5  5169.3  7099.9
  1805 953.883  -0.000 953.882  4128711.1 351340.3 319081.1 68841.5  18928.8  4886.0  8336.3
  1806 169.678   0.001 169.679  3968648.3 332288.8 472023.4 49741.7  15408.8  7482.0  6306.0
  1807 1261.987  -0.005 1261.982  4498490.0 388099.7 628107.6 68930.5  22635.0  4875.3  8738.7
  1808 -1224.141   0.005 -1224.135  3721351.3 314371.5 407864.7 28098.3  16042.1  6587.6  5352.5
  1809 693.422   0.001 693.423  4114673.4 322202.0 348582.5 65978.1  13715.6  7332.4  7036.2
  1810 -300.378   0.001 -300.377  4005393.8 330124.1 403260.2 56231.5  20158.9  7817.6  7146.6
  1811 333.891  -0.001 333.891  4006991.2 335746.5 469010.9 60614.1  22068.6  4190.4  7289.1
  1812 -1342.877   0.006 -1342.871  3551277.5 321546.1 390100.4 33478.8  15270.3  7488.9  5148.2
  1813 -802.537   0.006 -802.530  3444916.0 322525.3 259351.5 51907.5  13019.9  9042.3  5707.3
  1814 -1004.676   0.005 -1004.671  3185116.5 287479.4 253508.7 51917.4  14558.9 12470.7  6470.2
  1815 -1316.558   0.010 -1316.548  2929747.7 342911.2 218609.6 52149.6   7142.1 15335.9  4261.8
  1816 828.030  -0.001 828.028  3589351.1 353619.1 238369.6 68296.7  16789.7  7235.3  9865.5
  1817 1475.158  -0.003 1475.155  4049661.7 346824.6 274087.7 58501.4  17690.5  8366.4  9547.9
  1818 -1023.272   0.006 -1023.265  3303302.6 328208.0 258045.5 41492.9  11653.7  8515.2  5276.4
  1819  63.611   0.004  63.614  3388938.3 356781.9 218791.1 59369.2  11556.0  7962.4  5886.2
  1820 525.842  -0.001 525.840  3762781.1 358171.1 364256.6 59958.5  18824.6 11813.1  8666.2
  1821 -1837.873   0.008 -1837.865  3109684.1 289067.0 235325.9 37046.3  11889.5  9255.1  5117.5
  1822 2038.161  -0.008 2038.153  4166836.7 359428.0 304303.6 74690.4  15591.7  8405.5  9654.4
  1823 -1719.101   0.007 -1719.095  3165473.0 289823.9 226640.2 34187.1  11734.3 11654.0  5166.0
  1824 1594.140  -0.003 1594.137  3935098.9 351900.4 261214.3 68064.1  13884.1  8346.3  8121.6
  1825 759.178  -0.004 759.175  3981545.9 346341.7 503049.1 54122.1  17681.0 15868.8  8015.4

         Carbon flux (ktC/yr)        Water (dam3/yr)                Nitrogen (MgN/yr)
       ----------------------- -------------------------- --------------------------------
Spinup NEP     estab   NBP     transp     evap    interc  nuptake ndemand  nlosses ninflux
------ ------- ------- ------- ---------- ------- ------- ------- -------- ------- -------
  1826 -129.716  -0.002 -129.718  3788544.2 323407.5 372945.9 53121.4  17302.6  5392.0  6938.5
  1827 258.471  -0.005 258.466  4003934.2 345046.8 360845.0 63096.9  21806.4  5720.3  7609.7
  1828   0.615   0.000   0.615  3947132.7 321217.6 390809.6 54522.1  18363.1  3833.1  6483.6
  1829 1146.017  -0.002 1146.015  4487396.4 381743.4 620066.2 65958.9  25595.3  5142.6  8505.4
  1830 -989.180   0.002 -989.178  3892704.3 302238.2 389966.9 46557.6  20030.4  2340.5  6014.9
  1831 -2787.612   0.012 -2787.600  2895281.5 301168.0 243093.9 29959.4  10205.7  8240.1  4355.1
  1832 580.089   0.003 580.092  3321066.2 343886.6 170391.6 70547.5  10715.2  8556.0  6627.8
  1833 -1857.591   0.010 -1857.581  2779810.8 335342.1 155568.9 40824.5   8934.5  8636.8  6086.5
  1834 1937.529  -0.006 1937.522  3960328.1 415877.2 318676.8 76771.6  16314.9 20324.2 12077.3
  1835 1057.324  -0.003 1057.321  4052529.7 335080.9 291858.5 55155.5  16266.5  6888.9 10018.4
  1836 385.446  -0.002 385.444  3812246.5 318053.6 214317.7 58588.6  17858.5  5431.1  9098.9
  1837 1022.148  -0.004 1022.143  4197054.7 390765.2 507641.3 61375.4  20963.1  7076.0  9251.8
  1838 -68.945   0.001 -68.944  3922869.1 320555.6 439599.2 50353.6  18374.5  3772.8  6601.3
  1839 -218.788   0.001 -218.787  3893032.4 310425.4 361827.9 60452.2  19223.7  3928.1  6906.7
  1840 -1497.707   0.005 -1497.702  3350089.5 269434.9 290518.9 43449.6  17680.5  7789.0  5507.6
  1841 -1055.868   0.007 -1055.861  3054916.2 317165.8 240357.7 54610.8   8346.1  8963.5  4060.9
  1842 387.608   0.001 387.609  3488211.2 331035.9 193424.6 67244.6  13143.3  6758.1  7540.6
  1843 -106.790   0.004 -106.786  3374060.5 343442.6 211189.3 53235.2  11043.1  7181.3  5596.5
  1844 635.492  -0.002 635.490  3734786.5 349418.6 340525.4 64614.8  20859.0 11542.2  8883.0
  1845 474.485   0.000 474.485  3880297.9 318735.6 325271.7 57118.3  16026.0  7832.1  7246.0
  1846 955.142  -0.001 955.141  4169264.7 332210.6 372362.1 65681.4  19837.7  6050.9  7843.9
  1847 1229.077  -0.003 1229.074  4463265.0 378177.5 604826.4 59377.7  21972.8  8449.1  7978.4
  1848 -194.656   0.001 -194.656  3963773.1 311132.9 293866.9 54287.0  20243.8  3082.2  6418.1
  1849 -620.974   0.002 -620.972  3790234.6 316532.6 404618.3 55144.9  18862.0  3830.7  5994.9
  1850  24.344   0.000  24.345  3904265.2 330001.2 442368.9 63195.6  25311.9  5815.2  7614.3

         Carbon flux (ktC/yr)        Water (dam3/yr)                Nitrogen (MgN/yr)
       ----------------------- -------------------------- --------------------------------
Spinup NEP     estab   NBP     transp     evap    interc  nuptake ndemand  nlosses ninflux
------ ------- ------- ------- ---------- ------- ------- ------- -------- ------- -------
  1851 -1602.435   0.005 -1602.430  3514033.5 299310.0 296185.3 38934.4  17152.3  4545.7  5542.2
  1852 229.899  -0.000 229.899  3517244.6 320501.3 401271.7 61620.0  14047.5 13470.9  7105.3
  1853 365.892  -0.001 365.891  3775094.6 343342.4 409129.3 58738.6  20750.3  8155.0  8583.0
  1854 -953.393   0.004 -953.390  3512058.4 304208.1 333039.8 38950.5  17158.2  6036.5  6196.2
  1855 122.341  -0.001 122.340  3724918.3 280433.2 218564.2 71778.3  18950.6  4862.9  8373.5
  1856 276.623  -0.002 276.621  3870688.6 330085.1 328198.9 63032.9  20358.5  5035.5  8069.8
  1857 802.370  -0.001 802.369  3993891.4 328895.1 378149.6 62687.7  17855.3  3823.0  7507.6
  1858 1093.216  -0.001 1093.215  4306214.7 330887.4 517491.5 60802.6  21745.4  6878.7  7819.8
  1859  70.044   0.001  70.045  4223724.2 316825.3 392829.3 57965.1  17476.8  5478.5  6394.4
  1860 -452.455   0.001 -452.454  3821861.9 308421.9 297704.0 61290.6  20303.5  3676.8  6260.9
  1861 -1664.310   0.007 -1664.303  3218055.5 306957.3 321569.0 44774.7  14354.8  5887.8  4663.5
  1862 531.672  -0.002 531.670  3882422.4 325779.7 325075.5 76805.1  21576.2  5868.2  8466.9
  1863 -519.494   0.004 -519.491  3547260.4 314185.4 261932.8 48472.5  10841.4  6978.6  5067.8
  1864 253.320  -0.001 253.319  3802764.2 332040.5 320699.4 66652.4  19487.0  6508.0  8243.7
  1865 -465.608   0.002 -465.606  3549104.8 314365.7 305555.1 51279.4  15371.3  6322.5  6107.1
  1866 -180.546   0.000 -180.546  3551358.6 310401.5 289950.5 61947.4  16203.6  7250.2  6783.6
  1867 1283.359  -0.003 1283.356  4232451.1 332414.5 362457.6 73188.3  21836.7  7614.7  9712.8
  1868 -380.609   0.001 -380.608  3726184.0 289052.1 301113.6 48170.8  15691.1  6649.3  5866.2
  1869 -1207.972   0.004 -1207.968  3244717.5 267573.8 293464.7 47874.1  14817.4  9209.2  5575.7
  1870 388.794   0.000 388.794  3677531.4 333017.9 355023.2 71657.3  12288.2  7658.1  5965.3
  1871 -590.100   0.002 -590.098  3531868.2 292542.4 251609.0 56188.1  16433.1  7728.3  6994.2
  1872 678.997  -0.002 678.996  3772232.5 326681.2 375538.3 68929.9  21992.0  9332.7  8726.6
  1873 1290.379  -0.002 1290.377  4241701.3 321278.8 341317.5 63713.2  20357.2  3832.0  8221.5
  1874  29.220  -0.000  29.220  3968549.7 323539.3 405443.4 58428.6  19160.2  4748.7  6526.4
  1875 716.806  -0.001 716.805  4135794.0 321643.4 388896.5 71236.6  21729.5  2982.5  6994.7

         Carbon flux (ktC/yr)        Water (dam3/yr)                Nitrogen (MgN/yr)
       ----------------------- -------------------------- --------------------------------
Spinup NEP     estab   NBP     transp     evap    interc  nuptake ndemand  nlosses ninflux
------ ------- ------- ------- ---------- ------- ------- ------- -------- ------- -------
  1876 489.113  -0.000 489.113  4144487.4 327985.8 636194.4 59907.6  21839.8  4893.6  6523.4
  1877 -1175.300   0.003 -1175.297  3542847.2 276356.6 309353.6 50699.9  18024.3  3651.9  5500.1
  1878 793.314  -0.001 793.313  4000674.2 326126.8 570855.1 69216.8  20518.7  7804.3  7395.4
  1879 -78.656   0.001 -78.656  3992522.1 316679.1 477298.4 54579.2  17781.9  3494.6  6148.8
  1880 -673.466   0.002 -673.464  3743672.9 286060.9 332837.5 60002.6  20631.4  3857.5  6075.6
  1881 -595.659   0.002 -595.657  3581723.0 305476.7 345398.7 59692.6  19635.4  3519.9  6440.9
  1882 1101.249  -0.002 1101.247  4046404.2 329356.8 490300.0 69594.8  24566.4  5756.7  9100.7
  1883 1405.150  -0.001 1405.149  4290905.2 374863.1 644345.3 57704.4  23078.6  4945.6  8270.7
  1884 653.479  -0.000 653.479  4307617.7 321147.7 424989.0 58457.2  23631.3  1670.5  7222.9
  1885 -555.397   0.002 -555.395  3942106.5 318901.6 526242.6 53710.1  19577.6  2929.1  5979.8
  1886 -942.182   0.002 -942.180  3637361.7 303893.9 388689.9 54162.2  21780.8  3913.4  6364.0
  1887 260.024  -0.001 260.024  3757089.7 333015.4 482337.7 64723.3  23599.8  3958.1  7956.7
  1888 1037.876  -0.001 1037.875  4346326.0 329201.6 453629.2 61279.4  25025.9  2842.8  8787.9
  1889 -501.251   0.002 -501.249  3841840.6 272786.7 310757.2 51574.9  21510.8  2332.2  6663.0
  1890 416.390  -0.000 416.390  3958564.7 320849.6 397327.3 70809.8  23983.5  2045.7  7563.3
  1891 -37.345   0.001 -37.344  3742515.4 312876.1 443033.3 53558.3  18984.7  3755.0  6338.3
  1892 832.672  -0.001 832.671  4349903.8 332669.1 470212.0 67456.0  27239.1  2981.2  8773.6
  1893 -1081.205   0.003 -1081.201  3742555.7 291471.0 417775.9 48657.5  21051.6  2833.2  6250.1
  1894 114.079  -0.000 114.079  3698644.5 330328.5 381299.8 61730.8  17856.6  4004.7  6784.0
  1895 -16.377   0.000 -16.377  3753621.0 295356.8 403043.1 59012.6  20290.3  3932.6  7514.4
  1896 900.203  -0.001 900.202  4181962.0 373360.3 642597.4 65052.8  26274.6  6565.6  9049.5
  1897 315.386   0.000 315.386  4014360.6 325986.2 428340.1 56019.9  22801.8  1713.3  7043.4
  1898 -1564.953   0.005 -1564.948  3445783.3 299825.6 421699.8 38528.6  18287.6  4832.4  5341.8
  1899  80.130  -0.001  80.129  3724710.2 272254.6 249146.3 71882.4  18794.1  4361.4  7745.9
  1900 774.962  -0.002 774.961  3926975.6 323079.6 547589.5 64106.9  22032.6  8616.1  8208.9

         Carbon flux (ktC/yr)        Water (dam3/yr)                Nitrogen (MgN/yr)
       ----------------------- -------------------------- --------------------------------
Year   NEP     estab   NBP     transp     evap    interc  nuptake ndemand  nlosses ninflux
------ ------- ------- ------- ---------- ------- ------- ------- -------- ------- -------
  1901 -636.858   0.003 -636.856  3560046.6 294452.8 296307.6 50904.9  13762.9  4387.9  5548.2
Simulation ended.
lpjml successfully terminated, 63 grid cells processed.
Wall clock time:	152 sec, 0.0008 sec/cell/year.
Total wall clock time:	157 sec (00:02:37).
