--------------------------------------
Running config: /home/druijsch/LPJmL5/dev15oct2025/config_files/2026_04_08_run_for_10_locations/temperate_needleleaved_evergreen_tree/spinup/configs/temperate_needleleaved_evergreen_tree_patch5_config_spinup.cjson
SLURM task ID: 4
Node: tcn301.local.snellius.surf.nl
--------------------------------------
******************************************************************************
****        _     ____     _           _       ____        _  ___         ****
****       | |   |  _ \   | |_ __ ___ | |     | ___|      / |/ _ \        ****
****       | |   | |_) |  | | '_ ` _ \| |     |___ \      | | | | |       ****
****       | |___|  __/ |_| | | | | | | |___   ___) |  _  | | |_| |       ****
****       |_____|_|   \___/|_| |_| |_|_____| |____/  (_) |_|\___/        ****
****                                                                      ****
****                 lpjml C Version 5.10.1 (Apr 14 2026)                 ****
****    Dynamic global vegetation model with natural and managed land     ****
****                     Compiled for Linux with MPI                      ****
****       (C) Potsdam Institute for Climate Impact Research (PIK),       ****
****                          see COPYRIGHT file                          ****
****              Authors, and contributors see AUTHORS file              ****
**** This version of LPJmL is licensed under GNU AGPL Version 3 or later  ****
****        See LICENSE file or go to http://www.gnu.org/licenses/        ****
****                 or invoke lpjml -l to print license                  ****
****      https://gitlab.pik-potsdam.de/lpjml/wur_team/lpjml-wur.git      ****
****          GIT hash: 5e6f8e1bb5c5d5f3357da68b6c43e9517864f3c2          ****
****                                                                      ****
******************************************************************************

Running for user druijsch on tcn301.local.snellius.surf.nl at Tue Apr 14 16:57:54 2026
Reading configuration from '/home/druijsch/LPJmL5/dev15oct2025/config_files/2026_04_08_run_for_10_locations/temperate_needleleaved_evergreen_tree/spinup/configs/temperate_needleleaved_evergreen_tree_patch5_config_spinup.cjson'.
==============================================================================
/----------------------------------------------------------\
|institution: Potsdam Institute for Climate Impact Research|
|contact:                                                  |
|comment:                                                  |
\----------------------------------------------------------/
Simulation "LPJmL Run" running on 50 tasks
Simulation with shuffle spinup climate, equilsoil is called, 
nitrogen limitation, permafrost, Johansen conductivity, 
percolation heattransfer, GSI phenology, NPP controlled BNF.
Cultivation types: none, biomass, annual crop
Working directory: /gpfs/home5/druijsch/LPJmL5/dev15oct2025
cpp processed configuration file written to `/projects/prjs2023/chapter3/lpjml_output/2026_04_08_run_for_10_locations/temperate_needleleaved_evergreen_tree/patch_5/output/lpjml_config_spinup.json`.
Starting from scratch.
Input files:
Variable     Fmt  Varname  Filename
------------ ---- -------- ---------------------------------------------------
soil         cdf  soilcode /projects/prjs2023/chapter3/lpjml_input/run_for_10_locations/temperate_needleleaved_evergreen_tree/patch_5/soil.nc
temp         cdf  tas      /projects/prjs2023/chapter3/lpjml_input/run_for_10_locations/temperate_needleleaved_evergreen_tree/patch_5/temp.nc
prec         cdf  pr       /projects/prjs2023/chapter3/lpjml_input/run_for_10_locations/temperate_needleleaved_evergreen_tree/patch_5/prec.nc
lwdown       cdf  rlds     /projects/prjs2023/chapter3/lpjml_input/run_for_10_locations/temperate_needleleaved_evergreen_tree/patch_5/lwdown.nc
swdown       cdf  rsds     /projects/prjs2023/chapter3/lpjml_input/run_for_10_locations/temperate_needleleaved_evergreen_tree/patch_5/swdown.nc
no3_depo     cdf  noy      /projects/prjs2023/chapter3/lpjml_input/ndep-noy_histsoc_monthly_1901_2021_units.nc
nh4_depo     cdf  nhx      /projects/prjs2023/chapter3/lpjml_input/ndep-nhx_histsoc_monthly_1901_2021_units.nc
soilpH       cdf  soil_ph  /projects/prjs2023/chapter3/lpjml_input/hwsd_soil_data_all_land_oceanfilled.nc
co2          txt           /projects/prjs2023/chapter3/lpjml_input/co2_1832-2023.dat
windspeed    cdf  sfcwind  /projects/prjs2023/chapter3/lpjml_input/run_for_10_locations/temperate_needleleaved_evergreen_tree/patch_5/wind.nc
------------ ---- -------- ---------------------------------------------------
Writing restart file '/home/druijsch/LPJmL5/dev15oct2025/restart/2026_04_08_run_for_10_locations/temperate_needleleaved_evergreen_tree/patch_5/restart_1901_nv_stdfire.lpj' after year 1901.
Random seed: 2
Number of output files:       1
Output written in year:       -1020
Byte order in output files:   little endian

Variable   Fmt  Unit Type   tstep nbd Filename
---------- ---- ---- ------ ----- --- -----------------------------------------
globalflux txt  -    float  year    1 /projects/prjs2023/chapter3/lpjml_output/2026_04_08_run_for_10_locations/temperate_needleleaved_evergreen_tree/patch_5/output/globalflux_spinup.csv + .json
---------- ---- ---- ------ ----- --- -----------------------------------------
Spinup years:                  3000
Cycle length during spinup:      30
First year:                    1901
Last year:                     1901
Number of grid cells:            63
==============================================================================
Memory allocated for output: 344 bytes/cell
Simulation begins...
Spinup using climate starting from year 1901

         Carbon flux (ktC/yr)        Water (dam3/yr)                Nitrogen (MgN/yr)
       ----------------------- -------------------------- --------------------------------
Spinup NEP     estab   NBP     transp     evap    interc  nuptake ndemand  nlosses ninflux
------ ------- ------- ------- ---------- ------- ------- ------- -------- ------- -------
 -1099 -2186.016   0.396 -2185.620        0.0 3755900.9     0.0     0.0      0.0 615679.4  2179.5
 -1098 -2001.008   0.182 -2000.826        2.1 3916315.7     4.4    45.1      0.3 363266.5  2179.5
 -1097 -1993.637  -0.058 -1993.695       66.4 3018965.9     7.1   349.6      3.3 219443.1  2180.6
 -1096 -1853.845   0.128 -1853.717     2675.9 3077560.8    36.4  2394.3     21.4 189082.8  2187.4
 -1095 -1231.394  -0.101 -1231.494    83308.3 2407670.7   802.8 18413.4    360.8 113285.3  2291.5
 -1094 317.649  -0.156 317.494  1135339.9 2195879.1 36097.4 47497.7   3798.8 132960.5  3162.1
 -1093 567.201  -0.052 567.149  2404597.9 721497.7 165137.6 38137.5   9266.6 114595.9  4281.5
 -1092 146.518  -0.001 146.517  1887509.0 645932.9 199461.6 29478.8   7503.2 99618.9  4178.9
 -1091 -18.236  -0.001 -18.237  1714075.1 707397.8 180670.1 26434.8   8061.7 75411.0  4653.7
 -1090 108.874  -0.002 108.873  1869362.7 553518.9 204505.6 30725.5   9985.1 63228.9  5711.0
 -1089 -36.413  -0.000 -36.414  1945062.9 789518.9 334733.2 29372.7  11164.7 57726.9  6383.6
 -1088 -227.926  -0.000 -227.926  1760160.0 739035.5 173793.3 18835.9  10227.1 46326.8  6374.7
 -1087 -317.796  -0.000 -317.796  1595997.5 621551.1 136028.6 23036.3   8275.9 48334.5  5812.1
 -1086 -354.794  -0.001 -354.795  1802978.0 697276.7 231815.2 31996.0  10063.7 57591.3  6696.5
 -1085 -605.780  -0.000 -605.780  1507085.0 613917.7 124838.6 18555.2   9372.0 44672.0  6098.8
 -1084 -438.951  -0.001 -438.951  1488229.3 603302.6 117154.6 24167.7   8655.4 48935.8  6054.3
 -1083 -597.005  -0.001 -597.006  1582431.0 537858.9 87671.7 27729.6   8933.9 49241.9  6201.2
 -1082 -469.323  -0.001 -469.324  1549436.9 760808.9 144761.5 26883.6  10279.0 56847.7  6624.0
 -1081 -525.395  -0.001 -525.395  1576357.6 653606.7 193369.5 28262.6  10669.0 43174.1  7001.5
 -1080 -545.288  -0.001 -545.288  1511189.5 686991.1 114257.3 24871.5  10119.6 43426.8  6646.6
 -1079 -415.097  -0.001 -415.097  1401709.4 668942.5 125444.7 22445.4  10118.9 40808.2  6774.3
 -1078 -555.158  -0.001 -555.159  1420134.5 527949.9 80042.6 28101.6   9157.4 40341.3  6405.8
 -1077 -311.730  -0.001 -311.731  1445591.7 724338.8 242542.0 26408.8  10999.2 44831.5  7244.5
 -1076 -411.788  -0.001 -411.789  1276363.1 672396.3 140865.6 31814.5  10199.2 39886.8  6619.9
 -1075 -543.257  -0.001 -543.258  1268642.0 653383.5 107207.0 22291.1  10621.4 35817.8  6635.0

         Carbon flux (ktC/yr)        Water (dam3/yr)                Nitrogen (MgN/yr)
       ----------------------- -------------------------- --------------------------------
Spinup NEP     estab   NBP     transp     evap    interc  nuptake ndemand  nlosses ninflux
------ ------- ------- ------- ---------- ------- ------- ------- -------- ------- -------
 -1074 -221.362  -0.001 -221.363  1329367.6 714315.3 161072.4 34514.0   9188.3 37037.6  6471.4
 -1073 -299.779  -0.001 -299.780  1316225.7 582050.7 140863.0 29378.3  11231.4 37742.2  6880.6
 -1072 -389.747  -0.001 -389.747  1195629.6 490923.7 102229.3 27431.6   9582.9 33638.6  6293.2
 -1071 -312.345  -0.001 -312.346  1180918.1 577954.2 112330.3 29431.0   9212.2 33645.1  6196.1
 -1070 -191.929  -0.001 -191.930  1193117.0 473626.2 91234.1 30011.3  10217.9 34263.7  6574.5
 -1069 -237.834  -0.001 -237.835  1212894.1 570649.2 106599.2 34043.3   8303.6 36095.0  5784.2
 -1068 -300.365  -0.001 -300.365  1163539.9 482294.3 111630.8 31963.3   9130.0 34525.9  6014.4
 -1067 -144.755  -0.001 -144.756  1171466.6 642282.0 168428.0 27172.5   8817.8 32811.5  5886.4
 -1066 -82.669  -0.002 -82.671  1246553.8 624806.7 214439.2 36312.8  10030.2 28015.4  6483.5
 -1065 -24.363  -0.001 -24.364  1196771.5 632309.3 185141.8 28176.8   8917.4 27092.0  5806.0
 -1064 -180.982  -0.001 -180.983  1154542.9 571553.2 125448.9 32666.1   8968.7 28304.7  5747.4
 -1063 -10.351  -0.002 -10.353  1261622.8 689333.8 190028.3 35372.6  10469.3 27453.6  6227.9
 -1062 -184.623  -0.001 -184.624  1260567.8 552470.1 147068.6 32246.2   9360.2 27556.7  5601.1
 -1061  80.655  -0.002  80.654  1307239.6 680777.8 205256.3 36080.8  10740.4 25394.7  6106.0
 -1060 159.500  -0.001 159.499  1289418.8 616700.7 225045.1 30556.5   9235.1 23821.8  5562.6
 -1059 -155.377  -0.001 -155.377  1321323.7 491012.3 137763.2 34506.3   9706.3 23168.6  5745.8
 -1058 206.084  -0.002 206.083  1362391.5 582758.2 289250.8 38933.0  11037.2 23879.2  5994.5
 -1057 102.266  -0.001 102.265  1418821.7 650012.5 205302.4 35129.5   9773.0 23053.8  5645.5
 -1056 -121.235  -0.000 -121.236  1276804.7 639658.8 199459.2 30446.7   9735.6 22433.8  5416.4
 -1055 -43.276   0.000 -43.276  1377411.2 446576.7 168911.9 38247.5   9776.6 18107.6  5498.4
 -1054 309.908  -0.001 309.906  1472839.1 613490.9 246011.9 38221.9  11683.6 16488.3  5965.2
 -1053   6.930  -0.000   6.929  1523613.2 530283.9 176556.3 35653.8   9305.5 15724.1  5208.8
 -1052 286.905  -0.002 286.904  1529593.8 685570.7 237964.3 40128.2  10363.3 17237.2  5517.3
 -1051  90.636  -0.000  90.636  1436729.7 560224.4 261794.4 36770.4   9995.4 14008.3  5404.0
 -1050 101.490  -0.001 101.489  1508949.7 592078.3 262389.6 40414.0  10979.8 15253.3  5413.2

         Carbon flux (ktC/yr)        Water (dam3/yr)                Nitrogen (MgN/yr)
       ----------------------- -------------------------- --------------------------------
Spinup NEP     estab   NBP     transp     evap    interc  nuptake ndemand  nlosses ninflux
------ ------- ------- ------- ---------- ------- ------- ------- -------- ------- -------
 -1049 -150.190   0.000 -150.190  1534846.4 483161.5 189665.4 32843.8  10135.8 14637.3  5238.7
 -1048 271.750  -0.001 271.748  1590045.3 580923.8 307547.4 40717.8  11963.5 10596.6  5769.0
 -1047 284.358  -0.001 284.357  1642618.0 548130.5 341357.5 40114.1  10997.4 11801.7  5591.6
 -1046  99.670  -0.000  99.670  1773036.1 517871.3 195767.1 39291.2   9249.5 15147.0  4939.5
 -1045 335.871  -0.002 335.870  1707129.7 628472.7 409038.1 44079.9  11823.5 12616.7  5484.3
 -1044  82.542   0.000  82.542  1849904.0 503273.8 207009.2 37211.5   9932.8 10189.6  4936.8
 -1043 -25.636   0.000 -25.636  1684203.4 516413.1 208571.9 36266.7  10419.7 11333.6  5023.2
 -1042  76.043  -0.000  76.043  1604712.3 542157.9 274575.0 41416.2  10813.3 13070.2  5197.0
 -1041 -115.434  -0.000 -115.434  1774254.7 443716.1 173832.0 35446.1  10975.3 11340.7  5182.8
 -1040 290.935  -0.001 290.934  1743724.3 560950.5 336783.2 41720.0  12155.3 13521.0  5598.9
 -1039 -83.902   0.000 -83.902  1639983.2 584073.6 234301.7 33010.2  10071.2 12692.1  4927.8
 -1038 332.048  -0.001 332.048  1797560.7 561032.2 284718.0 42548.4  11822.0  9149.9  5595.4
 -1037 -26.405   0.001 -26.405  1821010.3 412318.5 206447.2 36984.6  10574.2  8966.2  5109.9
 -1036 -20.338   0.000 -20.338  1725971.5 560118.6 307767.4 37118.3  10628.8 11283.8  5117.4
 -1035 247.483  -0.001 247.482  1763474.1 590910.9 408068.0 44302.2  12710.8  7244.8  5614.7
 -1034 203.642  -0.001 203.641  1856028.5 594772.2 334268.8 38400.0  11890.5  6102.3  5401.9
 -1033 299.434  -0.001 299.433  1861088.7 571731.9 433017.7 44193.0  12918.8  8591.0  5581.4
 -1032 201.252  -0.000 201.252  2063408.0 479561.0 212500.7 40329.1  10703.4  6559.8  4884.1
 -1031 303.051  -0.000 303.051  1944198.1 558169.6 306813.3 36635.0  10603.0  8770.9  4967.4
 -1030  46.799   0.000  46.799  1799296.4 517441.3 298880.3 41767.1  10829.3  8247.0  5102.2
 -1029 200.700  -0.001 200.699  1894041.2 509442.7 370534.3 42369.0  13110.7  6427.4  5557.0
 -1028 312.715  -0.000 312.715  1969916.0 585066.1 259676.8 41027.8  11593.6  7198.5  5298.4
 -1027  22.486   0.000  22.486  1930438.9 539940.9 340234.1 36323.0  11129.4  6923.8  4982.8
 -1026 -106.224   0.001 -106.224  1877317.3 475170.5 219330.9 36181.8  11384.9  5926.6  4989.8
 -1025 201.524  -0.001 201.523  2092773.8 480359.0 198454.0 45648.5  10420.4  8770.2  4776.8

         Carbon flux (ktC/yr)        Water (dam3/yr)                Nitrogen (MgN/yr)
       ----------------------- -------------------------- --------------------------------
Spinup NEP     estab   NBP     transp     evap    interc  nuptake ndemand  nlosses ninflux
------ ------- ------- ------- ---------- ------- ------- ------- -------- ------- -------
 -1024 238.562  -0.001 238.561  2001842.7 586319.5 347948.2 41312.3  12007.3  7366.8  5223.2
 -1023 257.994  -0.001 257.993  1916696.7 556999.3 514146.7 40132.1  13422.8  6685.2  5666.7
 -1022 235.296  -0.000 235.295  2003598.3 376630.6 197421.9 39349.4  12509.0  5624.5  5326.5
 -1021 360.040  -0.001 360.039  2093045.7 553940.1 349822.5 44484.0  12653.0  7184.4  5386.2
 -1020 169.454  -0.000 169.454  2170935.9 541762.3 269380.9 40448.9  11869.5  5701.6  5139.5
 -1019 -56.127   0.001 -56.127  2143393.5 421923.2 232482.1 39559.5  11115.1  7270.9  4837.9
 -1018 200.437  -0.001 200.437  2067798.4 483595.0 391108.4 43560.0  14017.4  4515.9  5493.2
 -1017 174.334  -0.000 174.333  2114425.6 506361.0 324198.2 40598.2  13344.6  6193.0  5536.2
 -1016 -30.662   0.001 -30.661  2167964.3 382806.2 228729.2 39989.6  11670.6  5670.9  4937.4
 -1015 -50.618   0.001 -50.617  1923497.9 536997.2 261487.9 38830.7  10713.9  6943.5  4728.4
 -1014  76.295  -0.001  76.295  2105927.1 553523.9 291115.1 43916.5  13765.1  5841.8  5464.9
 -1013   8.018  -0.000   8.018  2173840.0 397852.7 185479.5 39132.3  11623.2  7064.5  5019.6
 -1012 385.452  -0.002 385.450  2156341.6 581887.8 295102.5 46576.6  12059.3  9107.9  5119.5
 -1011 -554.910   0.003 -554.907  1871921.9 433226.7 216481.7 32801.2   8083.7 11549.1  4071.6
 -1010 176.980  -0.002 176.978  2065373.3 475608.1 189140.7 37172.5  11175.2  7747.1  4903.1
 -1009 353.031  -0.001 353.030  2280259.1 456696.4 199612.7 47504.6   9666.2  7092.5  4659.6
 -1008 261.460  -0.002 261.458  2240920.8 545163.6 307202.6 42567.6  12824.4  7367.4  5206.5
 -1007 369.144  -0.001 369.143  2231185.7 453421.0 406404.1 43611.9  13167.9  6472.8  5307.9
 -1006 312.236  -0.000 312.236  2273633.4 514523.7 361348.4 43891.0  13610.2  5954.1  5333.9
 -1005 147.280  -0.000 147.279  2360254.2 520349.7 332841.5 42262.7  14098.5  4979.2  5256.2
 -1004 223.292   0.000 223.292  2308171.6 371196.2 283794.1 42668.4  13550.7  5688.9  5175.1
 -1003 234.192  -0.001 234.192  2285766.2 449021.0 414824.5 44801.3  14472.3  4187.3  5364.7
 -1002 266.682  -0.001 266.682  2324322.2 441734.3 422456.5 44560.6  13907.6  4783.0  5299.7
 -1001 234.763  -0.000 234.762  2434022.7 419059.8 313242.0 42781.5  13901.8  5575.1  5172.4
 -1000  90.481   0.001  90.482  2484454.7 358653.8 246450.0 41202.7  12216.6  5000.7  4735.9

         Carbon flux (ktC/yr)        Water (dam3/yr)                Nitrogen (MgN/yr)
       ----------------------- -------------------------- --------------------------------
Spinup NEP     estab   NBP     transp     evap    interc  nuptake ndemand  nlosses ninflux
------ ------- ------- ------- ---------- ------- ------- ------- -------- ------- -------
  -999 117.731  -0.000 117.730  2530076.9 422935.5 247291.6 45854.4  14477.2  5748.7  5145.6
  -998 217.396  -0.000 217.396  2403198.7 366159.1 287496.9 43938.6  13253.9  5505.4  5106.3
  -997 -176.651   0.001 -176.650  2196991.9 489366.5 267158.7 37052.6  12504.7  6366.1  4685.2
  -996 151.470  -0.000 151.470  2408519.5 509802.0 323496.0 45663.1  14303.1  4764.5  5223.2
  -995 171.448   0.000 171.448  2514317.4 424338.1 226874.6 44000.9  11795.7  5091.8  4731.4
  -994  27.883  -0.000  27.883  2371209.4 397836.9 232698.7 43143.5  11502.1  6137.9  4648.1
  -993 250.609  -0.000 250.609  2333784.0 375681.1 276310.1 44160.1  14174.1  3932.8  5141.6
  -992 -12.243   0.000 -12.243  2335892.2 439421.5 224171.1 38957.2  12459.3  4919.1  4780.4
  -991 267.094   0.000 267.094  2325911.2 478009.3 330402.6 38700.0  12200.8  6047.1  4904.5
  -990 178.017  -0.000 178.017  2226631.8 509147.4 529944.1 45152.4  14057.8  4766.2  5408.7
  -989 153.650  -0.000 153.650  2263640.9 494997.1 537397.8 40225.6  14997.5  4066.2  5486.9
  -988 -209.175   0.001 -209.174  2173704.1 483393.9 258853.5 36539.0  12247.4  6095.8  4711.1
  -987 134.303   0.000 134.303  2305888.5 473311.3 352853.1 42501.0  12268.7  6082.9  4905.3
  -986 249.491  -0.001 249.490  2323110.9 466179.3 375659.0 43932.9  14993.6  3867.7  5440.0
  -985 264.421   0.000 264.421  2366340.7 508111.1 272069.8 42821.9  13330.3  4269.4  5208.4
  -984 236.463  -0.000 236.463  2352373.3 514739.7 269379.2 42312.3  14137.2  3425.8  5242.7
  -983 156.854  -0.000 156.854  2307949.3 371222.3 274149.6 42884.0  14195.8  2792.2  5173.9
  -982 123.969  -0.001 123.969  2313406.3 492430.7 475533.6 45801.9  15195.5  3954.8  5332.1
  -981 240.036  -0.000 240.035  2340400.5 335114.6 198666.4 39634.4  14155.7  3108.4  5157.2
  -980 177.459  -0.001 177.458  2520211.9 502757.2 332734.0 46187.8  13188.7  5980.5  5039.2
  -979 188.271   0.000 188.271  2514090.3 444691.7 341649.0 42600.6  14470.2  6382.9  5339.0
  -978  56.556   0.001  56.557  2468194.8 449188.5 337859.0 42902.6  15155.4  3909.7  5408.0
  -977 -141.937   0.001 -141.936  2407352.6 385926.3 231859.2 41874.1  12458.2  4213.6  4764.4
  -976 191.923  -0.000 191.923  2339107.9 372476.1 266965.7 45280.1  14405.8  3376.8  5181.9
  -975 285.962  -0.001 285.961  2377908.8 513428.4 269073.3 43705.0  13657.3  3968.1  5195.5

         Carbon flux (ktC/yr)        Water (dam3/yr)                Nitrogen (MgN/yr)
       ----------------------- -------------------------- --------------------------------
Spinup NEP     estab   NBP     transp     evap    interc  nuptake ndemand  nlosses ninflux
------ ------- ------- ------- ---------- ------- ------- ------- -------- ------- -------
  -974 188.509  -0.000 188.508  2405435.0 466004.0 322504.0 43245.0  15065.6  3262.8  5406.7
  -973 -18.295   0.001 -18.294  2221408.0 437114.7 323110.1 42079.5  13537.0  3287.9  5005.8
  -972 -50.566   0.000 -50.565  2438722.2 416454.3 223373.7 44142.0  13329.6  4526.6  4806.1
  -971 244.131  -0.001 244.129  2367075.7 423535.4 286846.3 44598.4  14346.5  5767.9  5215.7
  -970 302.690  -0.001 302.689  2389373.9 494092.9 357417.5 43585.1  14240.5  4105.7  5278.5
  -969  10.713   0.001  10.713  2251873.2 437249.8 327972.7 44218.9  12983.2  4380.3  4908.4
  -968 136.111  -0.001 136.110  2396380.4 507490.2 370029.4 45694.1  14690.7  4397.9  5210.3
  -967 -68.765   0.000 -68.765  2492551.2 362834.1 198728.8 40944.3  12675.9  5431.8  4776.3
  -966  13.662  -0.000  13.661  2491787.3 367145.1 197007.2 45458.9  11701.5  7899.9  4608.6
  -965 268.651  -0.001 268.650  2457851.9 469193.5 375357.5 44005.5  11747.9 10012.5  4680.0
  -964 303.878  -0.001 303.877  2480082.1 448663.4 406077.0 44347.5  14606.6  4466.7  5228.9
  -963 137.072   0.001 137.073  2523930.1 442691.7 348555.5 44408.4  14254.9  5119.0  5252.5
  -962  -9.272   0.001  -9.271  2441951.6 458031.7 382765.0 39489.9  13337.2  4967.0  4869.1
  -961  70.204   0.000  70.204  2442905.4 406035.8 298876.7 44638.1  14831.5  4154.8  5148.1
  -960 -129.073   0.001 -129.072  2325031.9 413599.7 239737.7 38570.9  12449.7  3943.1  4640.1
  -959 361.159  -0.001 361.157  2335243.4 341946.6 187210.9 47391.3  12928.4  5601.4  4984.3
  -958 418.870  -0.001 418.869  2416183.8 343369.8 200716.8 43746.0  11846.7  5162.2  4814.5
  -957 359.110  -0.001 359.109  2533104.7 417662.0 441562.7 47532.9  12699.5  5833.4  4942.9
  -956 106.800   0.001 106.801  2600468.1 441241.3 365746.9 37082.8  12500.8  5549.5  4789.1
  -955 -221.578   0.001 -221.577  2522736.1 381026.3 244720.4 44836.5  11396.5  5959.0  4513.0
  -954 -117.589   0.001 -117.588  2238858.3 490371.4 284315.4 39884.8  12052.4  3890.6  4485.7
  -953  -7.401   0.000  -7.401  2359724.9 462594.8 235445.4 47638.9  14360.0  4095.3  4954.1
  -952 192.120   0.000 192.120  2374766.7 463598.5 326960.8 35327.6  13293.4  4297.6  4934.9
  -951 108.120  -0.001 108.119  2426368.3 487022.7 263829.0 46940.7  12129.7  4957.1  4965.8
  -950 -190.791   0.001 -190.790  2223245.1 476681.5 257462.9 36937.2  12147.1  6485.0  4596.5

         Carbon flux (ktC/yr)        Water (dam3/yr)                Nitrogen (MgN/yr)
       ----------------------- -------------------------- --------------------------------
Spinup NEP     estab   NBP     transp     evap    interc  nuptake ndemand  nlosses ninflux
------ ------- ------- ------- ---------- ------- ------- ------- -------- ------- -------
  -949 287.001  -0.000 287.001  2378139.1 507667.9 267928.8 47264.9  13216.9  4678.3  5124.9
  -948 101.815  -0.001 101.814  2405915.8 418718.1 294595.6 42527.9  14725.2  3926.9  5138.2
  -947 -123.288   0.001 -123.287  2321357.3 414216.2 239229.1 38846.3  12100.2  4058.5  4611.5
  -946 350.862  -0.001 350.861  2332707.0 342050.7 187407.5 47593.4  12750.9  5680.3  4951.1
  -945 301.046  -0.001 301.045  2487401.6 463047.9 332558.5 45258.7  13155.8  6893.5  5162.4
  -944 -146.438   0.001 -146.437  2464127.2 421249.8 231707.1 38609.4  12501.3  5055.1  4682.4
  -943 170.013  -0.000 170.012  2437354.4 456570.5 328483.6 46872.4  14157.0  5989.1  5278.6
  -942 146.608  -0.000 146.608  2355819.7 333464.3 199863.3 41365.2  13885.9  3668.7  5056.5
  -941  75.609   0.000  75.609  2551253.2 364451.6 237590.9 46593.1  10920.1  5790.5  4510.9
  -940 157.812  -0.001 157.812  2360617.7 487349.6 542805.8 43638.7  15197.1  6953.8  5333.2
  -939  20.410   0.001  20.411  2470480.2 449560.3 343401.0 37013.0  13028.5  4147.0  4909.6
  -938 -149.835   0.000 -149.835  2493634.5 367956.1 194705.8 45424.8  12177.2  5167.3  4706.8
  -937   0.676   0.001   0.677  2236200.4 485608.8 279967.0 41369.1  10906.3  8095.1  4385.8
  -936 202.478  -0.001 202.477  2397127.1 460936.5 375975.8 47129.1  15166.7  5146.7  5307.8
  -935 170.930  -0.000 170.930  2427012.3 356308.3 281675.0 44337.4  13188.1  4149.3  4983.2
  -934  65.120  -0.001  65.120  2511135.3 495934.2 329507.1 44728.2  14216.7  4875.1  5052.7
  -933 -50.256   0.001 -50.255  2284323.1 473129.7 291752.9 39959.5  10911.6  6010.7  4388.8
  -932 112.589  -0.001 112.588  2418796.2 521958.0 302992.5 49375.3  13793.6  5266.1  5012.9
  -931 185.746  -0.000 185.745  2474382.6 451599.6 331998.2 43453.3  14667.0  4345.9  5270.4
  -930 134.793  -0.000 134.793  2439997.5 417711.4 424336.0 44853.9  14934.0  3377.1  5225.9
  -929 170.336  -0.001 170.335  2538281.2 403730.6 307684.1 45527.9  13887.8  5296.8  5011.4
  -928 270.777  -0.001 270.777  2530832.5 409163.9 433748.3 46554.4  14189.5  4241.5  5126.9
  -927 -53.988   0.001 -53.988  2682079.6 399196.0 250562.6 44238.9  11866.9  5693.3  4415.8
  -926 168.075  -0.000 168.075  2509418.7 357367.3 292525.6 47008.7  13772.3  6426.6  4944.3
  -925 -209.568   0.001 -209.567  2419067.5 408543.6 249920.2 39329.6  12629.2  4179.6  4523.5

         Carbon flux (ktC/yr)        Water (dam3/yr)                Nitrogen (MgN/yr)
       ----------------------- -------------------------- --------------------------------
Spinup NEP     estab   NBP     transp     evap    interc  nuptake ndemand  nlosses ninflux
------ ------- ------- ------- ---------- ------- ------- ------- -------- ------- -------
  -924 173.832  -0.001 173.831  2516165.5 479752.9 267278.7 49459.7  12768.9  6541.1  4857.3
  -923 -82.609   0.000 -82.609  2587941.4 354783.6 205081.4 41195.7  12224.6  5187.3  4622.8
  -922 291.636  -0.001 291.635  2562250.9 401525.9 308448.4 48207.5  13505.9  7764.0  4906.1
  -921 -183.725   0.001 -183.725  2345009.7 461420.5 276502.1 36915.7  11758.2  7375.2  4425.1
  -920 -134.149   0.001 -134.148  2380063.7 408422.8 245996.7 43305.8  11887.6  5019.7  4500.4
  -919 -37.893   0.000 -37.893  2431643.9 387818.2 227289.9 47664.1  11155.6  7596.9  4484.6
  -918 148.673  -0.001 148.672  2339235.9 467753.8 315233.2 47059.2  13258.0  5745.2  4724.4
  -917 -66.990   0.001 -66.988  2249008.1 477869.5 287433.6 38116.4  11509.7  4352.7  4418.8
  -916 -72.313   0.000 -72.313  2393019.1 388812.5 221115.5 47505.7  11497.5  6086.0  4544.1
  -915 351.582  -0.002 351.580  2381331.8 431207.1 399514.7 47438.6  14532.8  4207.1  5133.6
  -914 260.597  -0.001 260.597  2499319.7 454346.8 333159.4 45384.0  13464.6  5631.2  5135.9
  -913  11.916   0.000  11.917  2460776.4 451146.6 256719.4 45285.9  13660.3  4404.4  4804.4
  -912 145.520  -0.000 145.519  2521973.8 471847.1 274741.7 45781.6  13146.5  5348.9  4906.5
  -911 212.336  -0.001 212.335  2693345.5 393615.2 254135.6 45423.1  13811.4  4456.9  4856.4
  -910  25.060   0.000  25.060  2711880.5 394591.0 249513.7 45880.0  11024.5  7355.9  4311.5
  -909 202.456  -0.000 202.456  2550225.5 353985.3 294415.6 47207.7  13615.3  7133.8  4883.0
  -908 -872.771   0.004 -872.767  2171557.8 404095.7 233502.2 33530.8   8387.7 12515.8  3769.6
  -907 183.440  -0.001 183.439  2513196.3 419896.7 207281.7 44754.5  12265.0  6995.0  4544.2
  -906 159.599  -0.001 159.598  2426849.7 463807.5 230704.8 47412.3  12294.2  6403.7  4795.2
  -905 343.295  -0.002 343.294  2522959.1 446173.6 381147.4 45137.7  14523.3  5885.3  5216.5
  -904  70.366   0.001  70.366  2405063.4 412534.0 330890.4 43962.3  12245.4  5230.1  4725.8
  -903 178.121   0.000 178.121  2529413.3 443348.3 331717.7 39274.7  13265.4  5055.5  4858.2
  -902 -83.364  -0.000 -83.364  2589359.6 358837.1 194981.2 45631.9  11695.3  5638.3  4599.2
  -901 -45.790  -0.000 -45.791  2584204.2 355075.8 196349.6 44899.8  11415.3  8034.3  4465.1
  -900 184.942  -0.001 184.941  2693806.2 399311.8 236216.8 47710.0  11317.5  8435.5  4245.6

         Carbon flux (ktC/yr)        Water (dam3/yr)                Nitrogen (MgN/yr)
       ----------------------- -------------------------- --------------------------------
Spinup NEP     estab   NBP     transp     evap    interc  nuptake ndemand  nlosses ninflux
------ ------- ------- ------- ---------- ------- ------- ------- -------- ------- -------
  -899  67.803  -0.000  67.803  2704264.4 399535.3 244062.3 44648.9  11868.8  8663.6  4362.9
  -898 112.154  -0.000 112.154  2500401.0 446803.0 336435.3 48205.2  12889.5  7966.2  4594.4
  -897 -115.025   0.001 -115.024  2585245.9 405153.7 234419.9 38035.7  13360.7  4909.5  4610.0
  -896   4.989  -0.000   4.989  2637894.2 351203.8 203070.4 47346.6  11825.0  6018.2  4499.9
  -895  61.978  -0.001  61.977  2576390.8 412268.8 229260.2 42185.8  11750.4  7980.3  4423.8
  -894 398.126  -0.001 398.125  2591694.1 471405.5 377778.5 48942.6  13457.4  6974.1  4930.9
  -893 167.028  -0.000 167.028  2642243.7 427889.4 419914.4 43631.3  15183.6  4559.0  5082.4
  -892  43.715   0.001  43.716  2675764.8 379446.2 326194.0 43605.3  14206.4  5221.6  4875.4
  -891 135.570   0.001 135.570  2628240.6 470903.5 295250.8 44564.0  13931.2  4316.6  4948.2
  -890 -185.499   0.001 -185.498  2650871.2 398598.9 244804.1 43391.0  13570.8  3687.0  4561.4
  -889  47.729  -0.000  47.728  2454491.1 470603.3 490448.8 48750.5  15542.1  5428.0  5070.5
  -888 137.108  -0.000 137.107  2568673.0 430387.9 406278.5 42012.8  16006.2  3567.8  5214.5
  -887  -1.502   0.001  -1.501  2491446.5 436736.3 335736.9 47664.2  12900.0  5726.8  4657.3
  -886 191.670  -0.000 191.670  2556956.5 469447.0 365814.2 43841.4  15652.8  4115.7  5165.4
  -885 139.923  -0.001 139.922  2475255.7 465867.6 552873.6 45144.5  15304.0  4177.2  5241.6
  -884 -126.080   0.001 -126.079  2695517.8 391104.7 243536.7 42560.6  12656.0  4805.8  4520.4
  -883 129.518  -0.001 129.517  2579087.9 484929.0 380779.1 48159.0  14111.6  6312.2  4990.9
  -882  11.707   0.000  11.707  2564862.6 434473.1 256950.9 45214.7  13933.4  5082.1  4751.0
  -881 221.646   0.000 221.646  2577397.6 478781.8 285467.0 45706.5  14223.2  5155.6  4990.7
  -880  -9.963  -0.000  -9.963  2608528.8 480383.8 335706.0 43505.9  15012.7  3821.0  4967.0
  -879 142.462  -0.000 142.462  2769798.0 381872.8 255679.2 44541.1  13885.1  5878.5  4790.7
  -878 219.011  -0.001 219.010  2715719.2 381729.6 319428.5 47224.3  12795.8  7060.7  4775.9
  -877 232.052  -0.000 232.051  2579035.2 446015.7 584869.7 44472.0  14369.0  5053.1  5098.1
  -876 -149.505   0.001 -149.504  2498041.6 395523.9 357232.5 43605.3  13211.6  4704.4  4704.3
  -875 -65.450   0.001 -65.448  2695441.1 335616.4 244672.0 45720.9  12952.1  4539.6  4573.3

         Carbon flux (ktC/yr)        Water (dam3/yr)                Nitrogen (MgN/yr)
       ----------------------- -------------------------- --------------------------------
Spinup NEP     estab   NBP     transp     evap    interc  nuptake ndemand  nlosses ninflux
------ ------- ------- ------- ---------- ------- ------- ------- -------- ------- -------
  -874 -275.895   0.001 -275.894  2337880.1 464759.7 262431.7 39270.6  12709.3  7395.9  4487.6
  -873 308.117  -0.001 308.116  2439840.8 327675.5 193236.0 46914.2  13271.1  4332.1  4882.7
  -872 326.713  -0.001 326.712  2601630.8 491499.6 284275.6 47301.8  12303.1  5277.3  4844.5
  -871 -301.237   0.001 -301.235  2363304.9 465248.9 270062.1 35939.5  12411.5  6131.6  4430.9
  -870 -239.629   0.001 -239.628  2296123.4 466050.6 258482.2 41315.9  11959.4  6861.4  4450.7
  -869 175.956  -0.001 175.955  2612452.8 403022.4 238789.3 49596.9  13563.9  4745.0  4840.9
  -868 246.817  -0.001 246.816  2571871.9 438905.3 398453.1 45486.1  13621.4  6850.4  5085.4
  -867  26.112   0.000  26.113  2573828.9 435332.2 259550.9 46139.7  12801.2  5406.2  4658.7
  -866 -40.945   0.001 -40.945  2685850.1 395082.1 241954.5 44653.2  12650.4  6346.2  4467.6
  -865 -18.045   0.000 -18.045  2645763.1 405109.9 238141.3 45957.9  12304.0  6804.1  4457.5
  -864  75.584  -0.001  75.584  2513904.2 451511.7 251763.8 47779.7  13437.5  5858.2  4727.0
  -863 293.448  -0.001 293.447  2493156.7 322162.1 203348.3 42693.6  13387.8  4831.3  4823.6
  -862 271.408  -0.001 271.407  2843236.9 395989.2 259699.5 49960.8  12333.4  5499.9  4586.9
  -861 -223.315   0.001 -223.314  2595789.8 390036.9 262870.0 38742.3  11293.8  7820.8  4278.3
  -860 212.505   0.000 212.505  2636376.7 439995.5 344561.4 42415.6  12416.7  7154.7  4665.0
  -859  65.462   0.000  65.463  2566589.1 349829.8 294728.1 47933.3  12794.0  5051.2  4800.6
  -858  46.967  -0.000  46.967  2451082.6 468272.9 560428.3 43408.1  15175.5  4541.7  5210.8
  -857   4.835   0.001   4.836  2565257.4 478323.3 290118.6 43844.9  13869.9  4123.2  5002.7
  -856 -52.739   0.000 -52.739  2533479.5 403171.9 305111.3 43822.1  15253.5  3646.3  5027.5
  -855  36.109  -0.000  36.109  2542302.1 483928.5 384267.7 45070.4  13986.5  4147.7  5022.5
  -854 114.241  -0.001 114.240  2533035.9 401003.2 428272.3 46006.8  14576.0  4900.0  5104.5
  -853 139.739  -0.000 139.739  2573955.7 347475.5 293495.7 47304.8  13027.5  4969.6  4834.3
  -852  56.407  -0.000  56.406  2620442.0 479076.3 394370.5 45813.8  14100.3  5052.9  4962.4
  -851 -211.260   0.001 -211.259  2609210.5 366289.2 246587.5 42911.3  11627.1  7318.1  4411.9
  -850 206.365  -0.001 206.364  2461424.4 471609.5 550982.7 47042.2  15301.8  4563.7  5184.4

         Carbon flux (ktC/yr)        Water (dam3/yr)                Nitrogen (MgN/yr)
       ----------------------- -------------------------- --------------------------------
Spinup NEP     estab   NBP     transp     evap    interc  nuptake ndemand  nlosses ninflux
------ ------- ------- ------- ---------- ------- ------- ------- -------- ------- -------
  -849 -54.823   0.001 -54.822  2570761.9 446404.0 392534.6 39584.5  12531.3  6003.9  4684.7
  -848  74.815  -0.000  74.814  2707728.7 389455.3 251786.1 48091.9  13933.2  4037.4  4798.6
  -847 -41.965   0.000 -41.964  2724155.5 390506.3 245353.8 45240.1  11294.0  7197.4  4309.2
  -846 123.639  -0.001 123.638  2611421.3 502957.4 325593.5 47253.7  13502.5  7546.9  4821.6
  -845 -890.760   0.004 -890.756  2216289.0 393873.2 235690.4 32273.9   8212.7 13196.6  3714.0
  -844 342.347  -0.002 342.345  2633721.9 417513.9 195341.6 47382.6  10923.0  6224.8  4428.3
  -843 120.939  -0.001 120.938  2655479.8 405544.3 220859.9 45410.5  10877.8  7141.6  4335.4
  -842 198.729  -0.001 198.728  2514374.0 467003.0 477463.6 49887.9  13663.5  7968.5  4936.2
  -841  77.530  -0.001  77.529  2696967.5 462554.9 336003.6 42735.3  14088.8  4711.2  4878.1
  -840   8.051   0.001   8.052  2474056.5 397234.4 339937.5 45351.2  12594.9  6770.1  4640.8
  -839 -100.028   0.001 -100.026  2369508.1 456189.9 287525.0 42349.1  11682.9  5366.8  4333.8
  -838 191.701  -0.001 191.700  2497380.6 348540.3 273486.5 49454.1  14218.2  4776.7  4929.9
  -837 121.505  -0.001 121.504  2643230.1 478424.2 325923.8 43928.8  14068.6  5137.5  4899.3
  -836 198.632  -0.001 198.631  2680035.3 381916.1 312065.6 44564.0  13440.8  7283.4  4817.5
  -835 217.458   0.000 217.458  2674313.3 464986.9 293606.3 45943.2  13072.3  4775.7  4859.5
  -834 -187.326   0.001 -187.325  2401955.0 458527.0 299684.4 40229.2  11569.3  3853.7  4294.6
  -833 186.145  -0.000 186.145  2555362.8 470400.2 352928.7 49288.1  15439.9  4795.2  5105.6
  -832 -37.155   0.000 -37.155  2500670.0 440431.6 327123.3 45220.0  13579.4  5704.6  4673.2
  -831 -148.916   0.000 -148.916  2584004.6 405437.4 225971.7 38509.4  13127.1  5038.8  4605.9
  -830 311.105  -0.000 311.105  2606950.9 478359.5 279210.1 49686.4  12850.5  5575.5  4898.3
  -829 226.064  -0.001 226.063  2536354.9 320904.5 201271.1 41689.5  13568.3  3435.4  4803.2
  -828 133.430  -0.001 133.429  2610559.9 452838.1 513017.7 50750.1  13560.4  7237.7  4863.8
  -827 204.880  -0.000 204.879  2641158.0 304030.5 212929.3 40445.9  13740.6  3500.9  4758.6
  -826 -1020.138   0.005 -1020.134  2302605.9 396408.6 241749.2 32865.4   7577.9 18301.4  3575.6
  -825 124.845  -0.001 124.843  2652413.0 404783.0 209967.2 44697.3  12103.4  7573.4  4421.5

         Carbon flux (ktC/yr)        Water (dam3/yr)                Nitrogen (MgN/yr)
       ----------------------- -------------------------- --------------------------------
Spinup NEP     estab   NBP     transp     evap    interc  nuptake ndemand  nlosses ninflux
------ ------- ------- ------- ---------- ------- ------- ------- -------- ------- -------
  -824 -28.143  -0.001 -28.144  2556117.3 415538.3 207282.0 42317.9  11275.9  7731.0  4543.9
  -823 294.861  -0.002 294.859  2648262.6 495861.5 301531.7 47267.3  12130.2  7516.7  4728.4
  -822 -41.879   0.000 -41.879  2701100.0 356234.9 238511.8 42097.0  10478.0  7607.4  4280.0
  -821 154.165  -0.001 154.165  2673136.4 389605.7 301086.3 46542.3  14323.5  5577.2  4864.1
  -820 -857.627   0.004 -857.623  2267866.6 384598.0 230519.1 32105.8   8103.0 14552.3  3675.3
  -819 504.901  -0.002 504.898  2525952.3 417189.2 360981.7 47012.8  13442.3  6352.6  4969.0
  -818 295.089  -0.001 295.088  2617321.2 343038.7 270090.5 46229.9  11573.0  6781.9  4730.9
  -817 -90.692   0.000 -90.692  2664056.2 361910.6 229972.7 43634.7  10786.9  8165.1  4331.0
  -816 171.908  -0.001 171.907  2556779.1 437461.1 313413.2 48882.9  12902.7  6330.1  4550.9
  -815 -231.192   0.001 -231.191  2457116.5 438655.6 260240.1 35409.6  12498.5  7453.1  4386.5
  -814 222.725  -0.000 222.725  2649319.2 425576.8 325788.7 40756.3  12565.9  6043.3  4693.5
  -813 190.947  -0.001 190.947  2823977.1 380152.2 241430.7 49054.1  12720.4  5121.1  4643.5
  -812 -52.084  -0.000 -52.084  2718160.1 388789.7 227279.4 40745.5  10872.5  8023.9  4296.1
  -811   8.099  -0.000   8.099  2799796.4 331793.0 202578.9 45918.8  11447.4  7435.4  4309.8
  -810 117.792  -0.001 117.792  2863660.6 375053.9 244014.3 46476.9  11347.9  8364.1  4100.8
  -809 -926.426   0.005 -926.422  2313480.7 387688.6 235517.2 32040.8   8032.6 19538.7  3580.5
  -808 428.710  -0.002 428.708  2545170.6 349659.0 251912.4 45026.2  13223.6  7484.2  4776.1
  -807 269.217  -0.001 269.216  2613297.4 395298.1 394235.2 46971.4  12989.7  4900.9  4953.4
  -806 189.108  -0.001 189.107  2763982.5 437773.1 264983.4 44755.1  11808.4  6125.8  4638.0
  -805 352.345  -0.001 352.344  2697815.5 295375.9 200158.7 42888.1  12353.1  5194.1  4624.3
  -804 200.595  -0.000 200.595  2857761.9 425595.9 401630.2 43661.3  11096.9  8910.0  4394.7
  -803 -11.934  -0.000 -11.934  2879179.8 436427.5 352228.1 43118.5  13818.0  5086.7  4702.8
  -802   1.409   0.001   1.409  2843806.3 430869.2 409399.6 44558.4  14078.7  7112.2  4848.8
  -801 -256.552   0.001 -256.551  2767898.7 342784.5 248756.2 43089.5  12145.3  7009.8  4328.5
  -800   4.233  -0.000   4.233  2664707.6 422250.2 250949.6 47427.8  14825.5  4218.3  4651.2

         Carbon flux (ktC/yr)        Water (dam3/yr)                Nitrogen (MgN/yr)
       ----------------------- -------------------------- --------------------------------
Spinup NEP     estab   NBP     transp     evap    interc  nuptake ndemand  nlosses ninflux
------ ------- ------- ------- ---------- ------- ------- ------- -------- ------- -------
  -799 273.698  -0.000 273.697  2678212.9 451043.3 367110.3 44784.3  15692.9  4429.8  4984.7
  -798 -108.125   0.001 -108.125  2599146.1 420715.6 334570.0 41307.3  14371.1  2315.0  4611.8
  -797 -88.817   0.001 -88.817  2643286.2 418175.0 252414.1 42852.3  14755.5  3367.2  4720.8
  -796 238.366  -0.001 238.365  2580042.0 441520.6 544326.7 43431.4  15868.9  4396.7  5167.4
  -795 199.023   0.000 199.023  2705519.7 444556.0 369676.5 41857.5  14954.8  3418.9  5038.8
  -794 -134.317   0.001 -134.317  2735109.3 349689.3 241001.1 41755.6  11764.4  5599.8  4358.2
  -793 -160.580   0.001 -160.579  2565451.4 383602.3 240376.6 38347.0  12972.5  4126.5  4414.6
  -792 369.307  -0.001 369.306  2660716.7 472731.0 268759.8 48812.2  13113.8  5763.4  4873.6
  -791 -200.932   0.001 -200.931  2564057.1 384672.1 243451.5 34821.3  12530.6  3590.3  4393.4
  -790 153.551  -0.001 153.550  2539353.5 436229.6 312805.3 50069.3  12581.9  7524.1  4560.0
  -789 115.805  -0.000 115.805  2857678.4 370993.1 246610.9 39955.3  14759.0  4007.6  4806.9
  -788 -11.758   0.001 -11.757  2557193.0 390041.9 337349.5 43572.3  12173.5  7323.7  4596.3
  -787 -212.215   0.001 -212.214  2572170.6 380790.4 245225.1 38548.9  12912.3  5201.4  4440.2
  -786 261.358  -0.001 261.357  2666034.6 431015.2 315947.5 47778.9  14506.5  6614.3  5137.1
  -785 157.171  -0.000 157.171  2690308.1 419112.1 399654.3 39711.0  15459.8  3532.5  5189.7
  -784 103.746   0.000 103.747  2892945.2 367899.6 249736.1 43613.6  13462.4  4102.5  4767.4
  -783  95.373  -0.000  95.372  2743871.9 410965.6 257028.1 46187.1  11833.6  5948.8  4479.1
  -782 319.138  -0.001 319.137  2790435.8 378068.1 431493.2 46598.1  14603.4  4998.0  5029.5
  -781 199.526  -0.001 199.525  2876190.3 405694.9 423210.5 41933.1  15155.0  4725.7  5120.2
  -780 -244.652   0.002 -244.650  2597656.1 421922.3 311681.7 37101.9  11006.5  4761.7  4224.7
  -779 -348.847   0.001 -348.846  2731167.8 329074.6 196883.0 42486.3  12090.7  5151.6  4401.1
  -778 359.818  -0.001 359.817  2804078.5 420328.1 318553.6 48588.2  14087.2  6896.5  5089.7
  -777  15.755   0.001  15.756  2681144.1 416558.2 337481.0 41706.1  13236.8  4605.6  4665.5
  -776 -395.122   0.001 -395.121  2497259.2 433243.9 266589.5 34147.4  13157.0  5394.9  4523.9
  -775 -267.688   0.001 -267.687  2422152.0 445100.0 249366.5 39547.0  12287.3  5833.5  4511.2

         Carbon flux (ktC/yr)        Water (dam3/yr)                Nitrogen (MgN/yr)
       ----------------------- -------------------------- --------------------------------
Spinup NEP     estab   NBP     transp     evap    interc  nuptake ndemand  nlosses ninflux
------ ------- ------- ------- ---------- ------- ------- ------- -------- ------- -------
  -774 222.372  -0.001 222.371  2568500.5 405426.5 390526.4 48451.5  14490.8  3963.3  5183.1
  -773  -1.454   0.000  -1.454  2476826.9 408058.7 317705.0 41643.8  12661.7  4353.7  4742.6
  -772 188.756  -0.000 188.756  2650497.1 430364.4 321950.3 37423.2  13060.1  4494.9  4830.9
  -771   1.887  -0.000   1.887  2617625.7 433578.8 242355.5 45951.5  12628.9  4105.4  4717.6
  -770 146.848  -0.001 146.847  2710937.9 464286.4 371730.9 42961.5  14231.2  5058.4  5040.6
  -769  20.957  -0.000  20.957  2625898.7 419051.9 328080.9 43611.7  13254.0  5928.5  4706.4
  -768 -129.524   0.001 -129.523  2507413.1 395518.3 330993.5 40743.0  13996.3  3716.6  4814.6
  -767 208.501  -0.001 208.501  2560616.4 310884.1 188388.3 45392.7  13988.6  3195.7  4938.0
  -766 260.727  -0.001 260.726  2618797.6 457451.9 546001.1 42089.1  14218.7  6055.8  5172.9
  -765 -133.242   0.001 -133.241  2564282.5 389247.4 341148.5 40219.2  12866.9  4341.0  4700.1
  -764  50.679  -0.001  50.678  2744621.0 441911.2 269936.1 46229.1  13592.8  4216.9  4893.5
  -763 154.122  -0.000 154.122  2701560.3 327338.7 291874.0 42150.8  13909.5  3619.8  4909.5
  -762  44.909  -0.000  44.908  2748559.1 376608.3 310135.0 42437.9  14532.8  4171.2  4955.7
  -761 143.776  -0.001 143.775  2714319.5 379250.6 435417.5 44384.4  14421.5  3486.1  5056.7
  -760 -376.009   0.001 -376.008  2514313.0 432170.9 273866.7 36128.5  11766.1  7011.9  4338.8
  -759 -51.091   0.001 -51.090  2482930.7 400572.0 327008.5 45031.7  12947.3  5201.7  4712.5
  -758 -37.601  -0.001 -37.601  2679244.0 465499.6 322805.3 44180.4  15182.6  3705.4  5022.3
  -757 139.992  -0.001 139.991  2859313.8 373638.1 245382.4 42134.5  14092.5  4986.0  4831.8
  -756  82.250  -0.000  82.250  2723991.9 413769.4 257549.8 46589.6  11737.1  6058.4  4477.3
  -755 177.090  -0.001 177.089  2800797.7 475344.5 329640.0 44108.0  13550.6  5889.8  4804.9
  -754 -105.403   0.001 -105.403  2782977.6 384378.9 239613.7 37532.7  12328.6  4718.1  4527.2
  -753 -255.630   0.001 -255.629  2494499.9 435516.7 272278.4 38890.9  11726.5  7658.3  4375.2
  -752 118.509   0.000 118.510  2546206.7 450050.9 539900.0 44609.6  15051.1  4610.2  5259.2
  -751 -38.196   0.000 -38.195  2825900.1 386893.9 227180.2 43859.2  11706.3  3152.5  4503.4
  -750 251.713  -0.001 251.712  2673725.2 334911.4 285872.2 45240.6  13478.6  4532.4  4841.1

         Carbon flux (ktC/yr)        Water (dam3/yr)                Nitrogen (MgN/yr)
       ----------------------- -------------------------- --------------------------------
Spinup NEP     estab   NBP     transp     evap    interc  nuptake ndemand  nlosses ninflux
------ ------- ------- ------- ---------- ------- ------- ------- -------- ------- -------
  -749 -145.931   0.001 -145.930  2721832.5 357734.3 241075.4 40382.5  11446.3  5832.6  4385.1
  -748 -151.540   0.000 -151.540  2647376.9 400451.1 223317.4 38842.2  13093.3  3996.1  4608.7
  -747 -837.966   0.004 -837.962  2234405.2 386990.3 224954.6 33113.6   7858.4 13806.7  3729.1
  -746 -648.163   0.002 -648.161  2102856.1 397372.4 194490.3 34092.7   8561.2 12094.0  3908.5
  -745 329.193  -0.001 329.192  2374331.5 365168.3 223369.2 46191.2  13514.3  5567.0  5125.6
  -744 215.001  -0.002 214.999  2408963.2 481166.1 419124.7 44497.5  13663.4  4689.6  5220.1
  -743 227.710  -0.001 227.709  2586354.6 390337.1 273107.3 40367.1  13495.0  4438.0  5063.5
  -742 335.237  -0.001 335.236  2601257.1 463806.7 338666.1 43594.7  13387.7  4429.6  5079.5
  -741 179.580  -0.001 179.579  2686044.0 489514.8 304913.5 43342.2  12755.4  4826.8  4854.3
  -740 -166.419   0.001 -166.417  2585243.7 380073.0 243853.9 36466.3  11606.5  4313.0  4408.7
  -739  -5.350  -0.000  -5.351  2646840.1 360736.7 225006.3 46598.2  10719.0  8341.8  4375.8
  -738 302.347  -0.001 302.346  2613841.6 462917.3 347519.2 42306.6  15211.4  3930.7  5113.3
  -737 144.832  -0.001 144.832  2654585.8 386164.0 418166.8 42555.6  14493.6  3376.9  5086.9
  -736 -143.616   0.001 -143.615  2715659.4 352025.2 238781.0 40605.0  11067.4  6580.1  4329.0
  -735 -92.451   0.001 -92.450  2432439.2 456674.3 280851.9 39004.3  11811.6  4072.3  4329.7
  -734 106.792  -0.000 106.792  2586493.6 433275.3 315555.3 38661.3  13488.5  4424.9  4839.8
  -733  64.049  -0.001  64.048  2620485.3 391412.1 287993.8 42861.6  13986.6  4060.2  5002.1
  -732  76.136  -0.000  76.135  2673615.8 462104.7 369724.4 40688.2  13907.3  3708.3  5014.4
  -731  27.263   0.000  27.263  2527738.9 442109.5 538617.1 39472.6  15061.8  4944.0  5262.9
  -730 -53.483   0.001 -53.482  2655647.9 417763.8 324316.4 41249.2  14734.2  4213.1  5235.0
  -729  21.269   0.001  21.270  2604817.8 467591.7 268920.7 41782.3  14511.5  3092.0  5121.4
  -728 -68.311   0.000 -68.311  2469501.8 440786.8 303861.3 43274.0  14474.6  3020.5  4903.6
  -727 -56.720  -0.000 -56.720  2545243.3 434193.8 234179.0 41425.5  14962.7  2963.4  4977.0
  -726 150.495  -0.001 150.494  2650280.7 454280.0 253661.0 43526.7  13402.7  3984.5  4958.8
  -725 107.989  -0.000 107.988  2573207.4 424538.4 317235.5 43092.9  13147.9  4901.6  4753.6

         Carbon flux (ktC/yr)        Water (dam3/yr)                Nitrogen (MgN/yr)
       ----------------------- -------------------------- --------------------------------
Spinup NEP     estab   NBP     transp     evap    interc  nuptake ndemand  nlosses ninflux
------ ------- ------- ------- ---------- ------- ------- ------- -------- ------- -------
  -724 119.287   0.000 119.288  2642678.8 330743.3 283675.3 40904.0  14481.7  3435.1  5004.5
  -723 -39.748  -0.000 -39.748  2637669.2 427563.1 244858.7 45104.3  13765.8  3702.4  4797.4
  -722 -31.783  -0.000 -31.783  2792615.6 381989.7 232755.7 42004.2  12691.3  5292.5  4504.2
  -721 172.347  -0.001 172.346  2716743.8 488980.0 312615.6 44279.5  13415.6  5881.6  4881.3
  -720 -142.170   0.001 -142.169  2802867.6 330200.1 204132.8 39182.9  12076.9  5072.1  4519.3
  -719 143.811  -0.001 143.810  2659989.0 424171.7 328851.3 50296.4  12401.1  8315.8  4545.6
  -718  72.656  -0.000  72.656  2799114.2 369134.9 315110.9 39027.5  15310.8  4416.4  4977.2
  -717  28.033   0.000  28.033  2928181.7 377009.7 235163.7 44885.7  11709.2  3646.0  4442.7
  -716  57.089  -0.000  57.089  2680558.8 420811.4 337204.7 47083.2  13110.9  5639.0  4576.9
  -715 -154.980   0.001 -154.978  2575667.0 387086.1 344949.1 39365.0  14410.6  3455.0  4757.6
  -714 -36.830   0.000 -36.830  2630915.1 439611.5 491230.0 46455.7  16510.0  3658.3  5121.6
  -713 -196.877   0.001 -196.876  2690119.1 352227.5 238477.0 38435.2  12583.4  3766.6  4537.1
  -712  -9.439  -0.000  -9.439  2617159.3 432972.8 242071.7 46101.8  14424.7  3500.3  4805.9
  -711 212.511  -0.001 212.511  2560010.0 452398.8 537127.0 41659.8  15589.3  4152.3  5279.4
  -710 -139.931   0.001 -139.930  2808093.6 379069.7 240181.8 39807.4  12485.4  4728.5  4497.2
  -709 -98.638  -0.000 -98.638  2741764.9 342035.8 196542.5 43127.7  12259.3  6801.6  4544.2
  -708  85.909  -0.001  85.909  2838468.7 381905.8 236145.4 45140.3  11298.8  7616.0  4231.7
  -707 103.077  -0.001 103.076  2802650.5 457794.0 339020.4 42951.7  13704.4  7584.4  4840.4
  -706  65.052   0.000  65.052  2941790.8 375663.9 237389.5 44614.8  11248.4  5310.7  4361.6
  -705 -70.950  -0.000 -70.951  2767219.7 389331.9 234986.4 40033.0  12115.2  5529.4  4414.6
  -704  92.382   0.000  92.382  2870870.6 325632.0 253157.8 45152.7  11083.3  6701.4  4336.4
  -703  61.040   0.000  61.040  2766514.8 417688.1 349567.4 37022.8  13227.1  6488.0  4715.0
  -702  30.734  -0.000  30.734  2688657.0 384532.5 432435.5 46820.2  14293.4  3750.8  5050.5
  -701  75.231  -0.000  75.231  2628665.8 303480.7 203761.9 40613.0  12995.1  4030.7  4692.8
  -700  60.406  -0.000  60.406  2889717.5 336207.0 250285.3 44692.3  10831.7  6045.0  4312.7

         Carbon flux (ktC/yr)        Water (dam3/yr)                Nitrogen (MgN/yr)
       ----------------------- -------------------------- --------------------------------
Spinup NEP     estab   NBP     transp     evap    interc  nuptake ndemand  nlosses ninflux
------ ------- ------- ------- ---------- ------- ------- ------- -------- ------- -------
  -699 -176.776   0.000 -176.776  2765192.1 390755.3 234986.2 38809.5  12361.9  6878.6  4471.5
  -698 -195.868   0.001 -195.868  2798548.7 332705.3 206714.8 43316.4  11646.3  6595.3  4406.0
  -697 -75.772   0.000 -75.772  2816257.3 384395.6 230081.2 46921.3  10573.0  7197.0  4168.0
  -696  95.480  -0.001  95.480  2702692.2 424928.2 255165.6 46618.5  13192.5  5069.9  4558.9
  -695 165.754  -0.000 165.754  2795377.9 413773.0 343903.3 41986.0  14943.9  5826.3  5078.7
  -694 -150.691   0.001 -150.690  2789383.3 450046.9 349495.4 40485.6  15016.2  3545.8  4941.1
  -693 -44.019   0.001 -44.018  2700134.1 424074.2 391924.1 39247.3  13107.5  5809.0  4736.5
  -692 -232.100   0.001 -232.099  2638567.3 357921.4 235870.3 41729.7  12096.1  4144.1  4529.2
  -691 -92.006   0.001 -92.005  2397491.4 416102.4 314660.2 42582.9  14109.9  3389.0  4859.0
  -690  36.952  -0.001  36.951  2597232.7 459181.7 256152.1 43244.4  13695.0  3553.7  4977.9
  -689  95.392  -0.001  95.391  2623894.5 491888.8 308750.9 40325.8  13616.5  3995.7  4972.3
  -688 176.656  -0.000 176.656  2631530.3 391116.9 419561.2 43440.5  14113.3  3410.4  5102.5
  -687 -23.018   0.000 -23.018  2649795.4 423956.8 252098.1 44520.6  12936.0  4526.9  4671.7
  -686 166.359  -0.001 166.358  2737224.3 378036.3 305175.1 42207.3  14680.4  5117.0  4986.4
  -685  34.327   0.000  34.328  2708319.0 425273.9 389139.3 38297.8  12775.0  4768.1  4717.5
  -684 -58.203   0.000 -58.202  2667242.7 483663.2 320169.6 42921.3  13964.4  3479.0  4962.0
  -683  45.756   0.001  45.756  2641618.3 466690.6 281017.9 41979.2  14101.3  3244.5  5063.1
  -682 -252.138   0.002 -252.136  2365841.7 457698.2 280687.5 37678.1  12218.0  2634.1  4479.7
  -681 147.562  -0.000 147.562  2552081.4 482121.7 255800.6 45650.6  14538.8  3446.5  5150.7
  -680 -244.646   0.001 -244.645  2451472.8 398786.3 229528.3 34926.6  12932.1  2707.7  4620.9
  -679  83.482  -0.001  83.482  2605735.1 342623.9 220961.9 45763.3  11548.2  6269.6  4589.4
  -678 131.757  -0.001 131.756  2607999.7 505290.6 299460.4 42578.7  13125.4  6046.8  4932.5
  -677  91.426  -0.000  91.425  2821509.0 390754.6 222975.5 43361.5  10903.6  3848.3  4439.6
  -676 215.045  -0.001 215.044  2669610.3 335610.3 286537.2 44909.2  13055.3  5076.2  4797.6
  -675 -183.463   0.001 -183.462  2708364.4 358174.3 241224.1 40280.8  11444.5  6016.2  4392.3

         Carbon flux (ktC/yr)        Water (dam3/yr)                Nitrogen (MgN/yr)
       ----------------------- -------------------------- --------------------------------
Spinup NEP     estab   NBP     transp     evap    interc  nuptake ndemand  nlosses ninflux
------ ------- ------- ------- ---------- ------- ------- ------- -------- ------- -------
  -674  94.764  -0.000  94.764  2642450.0 474249.1 276580.3 44193.9  14322.5  3458.9  5024.2
  -673  53.694   0.000  53.695  2583571.7 339631.7 285131.6 42593.6  14352.6  2292.7  4924.2
  -672 -374.083   0.001 -374.082  2402481.5 449651.5 258405.3 35394.1  12893.1  5099.6  4501.7
  -671 109.551   0.000 109.551  2576503.2 438081.9 320281.4 38178.6  12873.9  4652.4  4806.3
  -670  11.080  -0.000  11.079  2729284.0 402136.4 214460.2 47590.6  10992.3  3881.7  4487.9
  -669 -85.954   0.001 -85.953  2408568.0 458556.3 277780.4 38394.7  10905.9  5053.8  4258.2
  -668   7.443  -0.001   7.442  2564873.6 444193.7 362130.5 42518.5  12739.8  5807.4  4741.7
  -667 131.030  -0.000 131.030  2596344.6 474675.9 269811.7 42386.8  13679.5  3127.6  5044.9
  -666  10.398  -0.001  10.398  2647202.7 454346.5 263997.3 42006.0  13457.2  2883.8  4947.7
  -665 -898.940   0.004 -898.936  2235027.7 381268.5 224973.5 30435.7   8596.5 10424.3  3838.5
  -664 295.524  -0.002 295.522  2545359.2 497826.2 315367.0 42680.5  13119.1  6402.7  5048.7
  -663  74.950  -0.001  74.949  2663039.0 335180.3 217845.5 40700.7  10770.7  6558.6  4559.8
  -662 163.085  -0.001 163.084  2677242.8 458625.8 249067.0 44978.6  11884.5  7073.1  4833.8
  -661 313.466  -0.001 313.465  2637166.4 307812.3 188789.2 41493.1  12384.3  4458.2  4811.3
  -660 -162.873   0.001 -162.872  2636087.9 383434.2 243004.7 38855.8  10844.6  7224.0  4303.8
  -659 259.268  -0.001 259.268  2731229.8 426429.1 325894.2 41044.3  12120.6  7129.2  4668.0
  -658  39.161  -0.000  39.161  2897275.8 387229.1 224662.8 46094.2  10622.0  4291.0  4363.0
  -657 -948.465   0.004 -948.461  2311710.3 380053.0 229365.4 30268.9   8303.8 13818.3  3710.2
  -656 338.300  -0.002 338.297  2774249.4 397670.5 208462.8 45490.7  13460.5  5728.6  4835.3
  -655 327.469  -0.001 327.468  2695160.3 457190.4 335262.7 42715.3  12719.3  6640.3  5006.2
  -654 196.171  -0.001 196.170  2744726.4 416106.1 387174.8 41467.4  14008.8  4731.2  5117.6
  -653 -173.783   0.001 -173.782  2845021.0 324373.8 199669.9 40390.4  11504.1  5601.3  4476.2
  -652 -248.593   0.000 -248.593  2736110.0 329576.8 196494.8 42919.5  10939.1  8517.3  4271.4
  -651 294.612  -0.001 294.611  2785002.0 426889.7 373847.3 45103.9  11805.4  9721.7  4538.3
  -650 257.460  -0.001 257.459  2710043.8 298542.4 200392.0 39817.6  13005.0  3836.5  4745.5

         Carbon flux (ktC/yr)        Water (dam3/yr)                Nitrogen (MgN/yr)
       ----------------------- -------------------------- --------------------------------
Spinup NEP     estab   NBP     transp     evap    interc  nuptake ndemand  nlosses ninflux
------ ------- ------- ------- ---------- ------- ------- ------- -------- ------- -------
  -649 -32.271   0.000 -32.271  2959358.2 374112.5 246723.0 43360.3  10900.4  6042.7  4146.1
  -648 101.381  -0.001 101.381  2989961.1 363594.3 255347.4 42286.7  13958.4  6763.3  4725.9
  -647 -71.200   0.001 -71.199  2792713.9 396348.6 265463.3 43982.2  12690.1  4907.9  4512.4
  -646  72.357  -0.000  72.357  2878206.6 422722.4 280675.4 42865.3  13939.6  4502.4  4817.5
  -645  13.450   0.001  13.450  2670638.6 423251.3 566089.8 37705.9  16111.8  3668.2  5262.6
  -644 -142.028   0.002 -142.026  2746545.0 405213.5 335114.2 40022.0  15552.2  3006.0  5256.1
  -643 -297.215   0.002 -297.213  2406932.3 440445.3 279126.7 37212.7  12387.1  2668.1  4558.0
  -642 -152.132   0.001 -152.131  2370430.3 451074.7 252990.3 40164.1  12321.7  3700.1  4587.4
  -641 124.008  -0.001 124.007  2508942.7 446723.1 291969.7 37676.8  13515.6  3449.1  5002.8
  -640 129.505  -0.001 129.504  2731566.9 397083.7 219383.3 43034.0  13471.3  3528.6  5002.4
  -639 271.007  -0.001 271.006  2585999.6 308883.8 182991.2 40317.9  11654.2  5640.8  4771.2
  -638 321.979  -0.001 321.978  2716730.5 392564.7 406873.7 46588.6  12530.0  5526.5  4916.7
  -637 111.931  -0.001 111.930  2807452.6 410657.3 406729.4 39409.2  14546.6  5114.8  5155.8
  -636  -6.331   0.001  -6.329  2794441.6 446010.5 289938.5 41415.6  13708.0  4089.7  5013.2
  -635  25.495   0.000  25.496  2622641.9 309867.6 193594.6 39883.6  15013.6  2192.9  5019.9
  -634   5.448   0.000   5.448  2706269.4 435723.9 374880.6 40185.0  12516.3  4520.0  4731.3
  -633 -98.599   0.000 -98.599  2822761.4 384177.7 221747.8 42461.8  12313.7  2766.4  4618.8
  -632  11.148  -0.001  11.147  2804398.6 392277.4 218220.0 44842.2  11841.0  3335.5  4531.2
  -631  65.627  -0.001  65.626  2725545.2 464043.9 375531.2 42192.4  14467.8  4270.2  5032.5
  -630 -67.560   0.000 -67.560  2774651.1 431447.0 275284.4 39734.4  13670.2  4403.8  4903.8
  -629 -26.297   0.001 -26.297  2571814.8 436513.7 551379.8 39482.3  15443.2  3528.6  5272.3
  -628 -159.735   0.001 -159.733  2647158.4 427213.7 378627.8 38415.0  13264.9  4105.4  4804.6
  -627 -187.917   0.001 -187.916  2404743.1 405319.8 314556.8 41772.8  14043.2  3038.1  4882.1
  -626 -17.094  -0.001 -17.094  2552389.5 499813.9 291785.9 43622.2  14946.2  3152.4  5086.1
  -625 -119.803   0.000 -119.803  2679357.9 388547.1 225263.7 38629.7  12933.0  4089.0  4631.0

         Carbon flux (ktC/yr)        Water (dam3/yr)                Nitrogen (MgN/yr)
       ----------------------- -------------------------- --------------------------------
Spinup NEP     estab   NBP     transp     evap    interc  nuptake ndemand  nlosses ninflux
------ ------- ------- ------- ---------- ------- ------- ------- -------- ------- -------
  -624  90.786  -0.001  90.785  2630348.9 459605.1 254314.3 43706.1  13074.3  4885.9  4931.5
  -623 -102.105   0.001 -102.104  2632597.6 357589.6 229529.8 39559.5  11579.3  5194.3  4500.6
  -622  61.002  -0.000  61.001  2593020.9 436026.7 311970.4 42493.1  15265.4  3770.0  5268.1
  -621  24.850   0.000  24.850  2580657.2 427451.7 384552.3 39267.1  15749.6  3008.7  5285.3
  -620 -155.863   0.001 -155.863  2596208.7 399700.1 214408.1 36545.0  12064.2  4228.9  4639.4
  -619  24.782   0.001  24.783  2408135.2 452034.5 269560.8 41863.9   9985.2  5698.5  4282.1
  -618 -201.111   0.001 -201.111  2466256.2 395285.2 222125.2 38539.5  12581.0  5086.8  4596.6
  -617 -156.485  -0.001 -156.486  2339400.9 463328.5 233319.5 40070.3  11651.6  7193.8  4523.4
  -616  33.233  -0.001  33.232  2547148.9 411893.8 202715.6 39635.9  11698.1  4660.4  4630.4
  -615 253.219  -0.001 253.219  2485986.7 464904.8 509787.8 42404.8  13326.1  5682.4  5213.2
  -614  29.585   0.000  29.585  2662846.1 422373.1 316252.6 40164.4  13829.3  4737.7  5217.4
  -613  16.710   0.001  16.711  2626381.7 423716.8 381328.9 40739.1  15290.7  3593.2  5306.1
  -612  92.599   0.000  92.599  2663524.4 422802.3 379203.5 41797.7  15042.3  3795.8  5301.5
  -611  80.460   0.000  80.460  2717769.2 419014.8 315633.4 41491.8  14465.1  4040.8  5283.8
  -610 -201.474   0.001 -201.473  2663149.3 396636.8 215732.3 36405.6  12954.4  3505.9  4748.7
  -609  90.516  -0.001  90.516  2722418.4 467593.4 311099.4 46185.7  13469.8  4705.6  5048.3
  -608 248.032  -0.001 248.032  2666005.3 311568.6 189170.6 39655.0  13309.0  4686.3  4971.9
  -607 127.269  -0.001 127.268  2707690.6 427115.7 323776.4 47411.3  11746.9  6152.9  4610.9
  -606 -263.790   0.001 -263.789  2525592.4 434864.5 289220.3 34873.0  11831.7  4161.4  4440.8
  -605 -362.935   0.001 -362.934  2470176.4 439989.1 241266.1 39234.6  12630.5  5444.3  4551.2
  -604  57.097  -0.000  57.096  2695828.9 330522.6 222122.4 43705.9  12189.6  4225.4  4694.4
  -603 186.985  -0.001 186.984  2654127.9 479949.5 259668.8 43387.7  13638.4  4835.9  5093.8
  -602 -863.950   0.003 -863.947  2246187.9 384871.9 217565.0 29998.7   8904.2  8328.3  3923.8
  -601  40.642  -0.001  40.641  2521699.8 376125.0 194048.7 40252.1  11322.7  7384.6  4637.1
  -600 115.813  -0.002 115.811  2603836.3 482032.7 277704.8 42274.9  13405.9  4529.9  5111.6

         Carbon flux (ktC/yr)        Water (dam3/yr)                Nitrogen (MgN/yr)
       ----------------------- -------------------------- --------------------------------
Spinup NEP     estab   NBP     transp     evap    interc  nuptake ndemand  nlosses ninflux
------ ------- ------- ------- ---------- ------- ------- ------- -------- ------- -------
  -599   0.081  -0.000   0.081  2642802.7 359670.8 213942.5 38755.3  10652.5  7718.6  4506.2
  -598 173.570  -0.001 173.569  2627682.1 436050.4 301698.7 37904.6  12453.0  4674.8  4846.4
  -597 166.539  -0.000 166.539  2638460.8 474260.0 254138.2 44970.4  12715.0  4027.7  5022.4
  -596  -3.317  -0.000  -3.317  2622342.7 436047.8 356997.8 37075.6  13263.0  3857.1  4803.3
  -595 102.394  -0.000 102.393  2607300.7 333637.0 268859.0 42344.1  13864.7  3316.7  4974.6
  -594  96.455  -0.001  96.454  2660593.9 421516.8 377167.5 40770.8  15315.1  3662.4  5243.2
  -593  -5.578   0.000  -5.578  2617932.5 416129.5 315336.9 43914.7  12980.6  4911.3  4721.8
  -592 113.860  -0.001 113.859  2714988.5 381635.4 402678.0 41958.8  15480.1  3144.2  5196.2
  -591  92.635  -0.000  92.634  2652687.5 437518.2 535094.2 40997.6  15416.7  4733.0  5288.1
  -590 120.174  -0.000 120.174  2780023.5 371352.2 415065.8 43160.3  14857.8  3247.8  5134.1
  -589  45.064  -0.000  45.064  2767118.8 421837.8 498123.1 44729.3  15334.7  4721.0  5047.1
  -588  34.498   0.001  34.498  2856030.5 400075.6 341651.8 34116.3  14144.7  3011.0  4866.8
  -587 -61.974   0.000 -61.974  2792595.8 450074.0 374443.9 45997.7  14348.6  3795.2  5069.9
  -586  22.443  -0.000  22.443  2936804.4 374378.6 222416.1 43490.2  12216.4  3596.2  4521.5
  -585 141.006  -0.001 141.005  2969195.7 378101.0 224203.5 46474.8  11207.2  4244.6  4335.0
  -584  38.383  -0.000  38.383  2659628.7 385941.9 336172.3 42198.5  13028.2  5035.0  4590.4
  -583  40.766  -0.001  40.766  2834038.5 462839.4 325857.4 43400.4  14101.2  4267.9  4802.0
  -582 -188.464   0.001 -188.463  2839118.6 338345.4 247854.9 38901.1  11734.6  5464.5  4370.6
  -581 -25.530  -0.000 -25.530  2698791.1 429389.6 492699.1 45714.7  16216.3  3222.4  5070.2
  -580 -262.982   0.002 -262.980  2504800.7 428724.9 290487.3 35690.6  12329.7  2870.9  4406.6
  -579  -8.337   0.000  -8.337  2749699.6 326776.4 226683.0 45427.7  12768.7  4437.6  4610.0
  -578 284.278  -0.001 284.277  2636581.7 310721.9 187314.8 42635.0  13358.3  4791.2  4846.0
  -577 339.653  -0.001 339.652  2848667.1 462702.9 280387.4 46141.1  12235.2  5073.9  4776.6
  -576 134.457  -0.000 134.457  2802786.3 441562.4 375265.6 40615.3  15196.5  3091.7  5047.4
  -575 -103.666   0.001 -103.666  2955979.9 374613.1 233968.8 44041.6  12057.7  3150.4  4446.5

         Carbon flux (ktC/yr)        Water (dam3/yr)                Nitrogen (MgN/yr)
       ----------------------- -------------------------- --------------------------------
Spinup NEP     estab   NBP     transp     evap    interc  nuptake ndemand  nlosses ninflux
------ ------- ------- ------- ---------- ------- ------- ------- -------- ------- -------
  -574  82.074  -0.001  82.073  2981100.5 366575.2 252611.1 45248.1  14280.2  3912.6  4745.9
  -573 186.703  -0.000 186.702  2870817.9 316657.9 303899.7 44608.3  12740.7  5828.0  4678.4
  -572  -5.694   0.000  -5.694  2893038.4 361139.7 325289.8 40774.2  14730.6  4599.9  4846.0
  -571 -215.259   0.001 -215.258  2604400.8 380155.8 352009.0 40993.1  13676.4  3807.0  4682.0
  -570 -50.865   0.001 -50.863  2753646.3 410105.2 337476.3 37763.1  14307.4  3590.4  4839.2
  -569 -434.274   0.002 -434.272  2427243.0 448822.1 256625.5 37510.9  12407.8  4994.1  4503.7
  -568 131.882  -0.000 131.881  2569106.2 467360.8 339555.4 45175.0  14949.1  3852.2  5196.0
  -567 -47.637  -0.000 -47.637  2558074.0 452685.4 471114.4 43250.8  15639.6  3230.2  5155.4
  -566 -29.908  -0.000 -29.908  2669399.9 461106.9 369551.1 40411.6  14873.2  2776.9  5134.0
  -565 121.847  -0.000 121.847  2676502.6 462897.3 272555.8 43249.5  13935.0  4434.6  5061.2
  -564  23.302  -0.000  23.302  2805902.7 392462.5 219492.7 44493.7  12089.9  2702.0  4561.2
  -563 308.530  -0.001 308.529  2686691.6 459714.4 355953.1 44145.0  14663.6  4085.5  5063.6
  -562 -41.491  -0.000 -41.491  2804137.0 452688.6 337392.3 40756.5  14358.8  3943.9  4932.0
  -561 -123.992   0.001 -123.991  2870900.9 370459.9 244865.1 40946.3  12349.5  5990.4  4435.2
  -560  84.548  -0.000  84.548  2577331.4 449512.6 549080.2 43263.2  15075.3  5932.0  5238.9
  -559 -25.625   0.000 -25.625  2590689.8 437752.0 557680.0 39507.3  15307.7  3647.8  5278.0
  -558 -405.588   0.002 -405.587  2573418.4 377326.9 244913.1 36800.6  12658.8  3965.6  4514.9
  -557  91.238  -0.001  91.237  2579870.6 454308.9 461803.5 49457.8  14857.3  6946.6  5101.6
  -556  83.669  -0.001  83.668  2723336.6 374475.4 298982.9 39073.3  14818.5  3597.4  5044.8
  -555 248.138  -0.001 248.137  2661589.2 305077.3 197440.7 42038.5  12950.1  3967.5  4821.9
  -554 153.545  -0.001 153.544  2653836.2 447928.9 559664.0 42868.1  13771.7  7163.8  5120.9
  -553 -269.538   0.002 -269.536  2547663.6 430336.0 300544.3 37426.2  10812.6  5019.9  4248.9
  -552 -314.560   0.001 -314.559  2582268.8 382238.6 234964.4 40019.4  12829.8  5325.1  4515.7
  -551 229.219  -0.002 229.218  2855245.4 384536.2 229673.4 49793.1  13517.7  5174.5  4838.0
  -550 195.895  -0.001 195.894  2808288.6 478526.7 321762.5 42373.4  11798.9  7074.3  4652.2

         Carbon flux (ktC/yr)        Water (dam3/yr)                Nitrogen (MgN/yr)
       ----------------------- -------------------------- --------------------------------
Spinup NEP     estab   NBP     transp     evap    interc  nuptake ndemand  nlosses ninflux
------ ------- ------- ------- ---------- ------- ------- ------- -------- ------- -------
  -549  62.853   0.000  62.853  2828612.5 416112.2 399383.1 38637.0  11955.3  5850.0  4618.0
  -548 -246.358   0.001 -246.357  2749485.5 386330.8 233622.2 39306.5  12500.2  4359.2  4574.8
  -547 168.975  -0.000 168.975  2683493.7 330534.4 289312.1 47465.6  12871.6  5239.9  4832.2
  -546 -106.709  -0.000 -106.709  2783507.0 454281.5 339425.0 41809.4  14579.9  3961.0  4957.0
  -545 -199.533   0.001 -199.532  2726397.7 388027.7 231947.3 37818.0  12527.7  5710.1  4589.8
  -544  41.568  -0.000  41.568  2614379.7 444476.9 497405.0 48985.9  14338.1  5653.6  5041.1
  -543 -213.124   0.001 -213.123  2693549.5 389416.1 229714.6 35567.7  13354.3  3268.0  4671.6
  -542 -818.797   0.004 -818.793  2256419.1 382449.1 225553.1 34626.3   8053.1 12916.8  3778.0
  -541 310.516  -0.002 310.514  2422581.2 483782.9 460732.4 44629.4  14898.4  5756.0  5408.7
  -540 158.585  -0.001 158.584  2600256.3 437350.8 305095.4 33348.7  11929.2  4562.3  4865.1
  -539 190.974  -0.001 190.973  2619752.7 436010.1 368955.4 45126.6  13164.2  4872.7  5185.7
  -538 -18.014   0.000 -18.014  2822329.8 379398.0 226714.3 41085.3  11251.6  5877.3  4424.3
  -537 174.567  -0.001 174.566  2722409.0 425273.2 313348.7 43745.8  13981.8  6898.7  5194.7
  -536 -195.234   0.001 -195.233  2471276.4 439495.4 281072.9 37398.5  11138.8  3931.2  4396.3
  -535  36.820  -0.001  36.819  2563204.9 430267.6 299725.5 49833.2  13583.9  4822.2  4832.2
  -534  50.143  -0.000  50.143  2600332.5 423271.0 313457.2 42033.1  14169.7  4133.8  4842.7
  -533  10.406  -0.000  10.406  2688241.8 425747.5 370964.3 38369.5  13537.4  4440.2  4830.3
  -532 -118.320  -0.000 -118.320  2675503.5 394595.3 216233.6 39489.9  12614.7  3790.9  4648.9
  -531  54.491  -0.001  54.490  2698496.9 396159.1 216717.2 41070.6  11322.4  5851.2  4518.9
  -530 337.362  -0.001 337.362  2732478.5 327519.1 284773.8 46939.9  11922.7  6186.8  4721.1
  -529 113.417  -0.000 113.417  2651304.3 439235.0 550242.7 40236.9  14710.7  4366.4  5200.6
  -528  20.045   0.001  20.046  2782463.7 449250.2 287127.6 42630.9  13634.0  3901.5  5000.5
  -527 -110.269   0.000 -110.269  2619477.1 423051.3 325736.7 43650.9  14336.3  3249.3  4788.9
  -526 -389.688   0.001 -389.686  2460979.8 436133.0 257317.7 34203.9  13712.6  4334.3  4581.1
  -525 107.239  -0.001 107.238  2650660.8 493900.8 296338.7 46019.1  13822.3  3894.2  4973.1

         Carbon flux (ktC/yr)        Water (dam3/yr)                Nitrogen (MgN/yr)
       ----------------------- -------------------------- --------------------------------
Spinup NEP     estab   NBP     transp     evap    interc  nuptake ndemand  nlosses ninflux
------ ------- ------- ------- ---------- ------- ------- ------- -------- ------- -------
  -524 136.022   0.000 136.023  2687206.5 424697.6 326006.8 33921.2  12885.9  3920.0  4841.0
  -523   1.274  -0.000   1.274  2700971.4 465135.8 366939.6 46184.4  13224.0  4479.9  5027.1
  -522  70.136  -0.000  70.136  2883005.6 381725.8 219215.0 43939.9  11661.8  4279.3  4485.3
  -521 235.632  -0.001 235.630  2788173.6 417701.4 325930.0 43851.7  14260.9  5290.5  5118.6
  -520  63.484  -0.000  63.484  2756710.4 375451.8 430828.7 42506.1  14716.1  3231.2  5116.6
  -519 -203.736   0.001 -203.735  2790296.4 346476.9 242013.3 41317.1  11120.1  6530.6  4336.5
  -518 -241.897   0.001 -241.896  2609739.5 381767.0 239805.0 37906.1  13004.0  4086.2  4488.4
  -517 -75.218   0.001 -75.217  2448999.5 451230.4 272776.9 42493.5  11008.4  6874.5  4316.7
  -516 147.388  -0.002 147.387  2817429.0 384559.2 229414.6 47518.1  14278.3  3955.6  4905.7
  -515 -228.405   0.000 -228.405  2514043.3 435440.5 258416.6 35335.4  11094.5  8723.7  4324.9
  -514   6.845   0.000   6.845  2492892.7 403345.3 320206.6 45099.6  12668.7  5653.2  4715.8
  -513  41.502  -0.001  41.501  2585244.8 447822.3 476040.8 45310.1  15910.9  4109.8  5151.1
  -512  85.373  -0.000  85.372  2680272.1 416719.6 392310.9 38993.9  16091.2  2800.9  5289.0
  -511 -275.925   0.002 -275.923  2567734.5 381067.0 242464.8 36912.9  12357.9  4000.7  4505.2
  -510 262.958  -0.002 262.957  2826156.0 385886.1 228760.5 50044.6  13566.5  5378.1  4856.2
  -509 142.382  -0.001 142.382  2722047.9 416621.2 250281.5 43529.6  11952.6  5579.5  4550.7
  -508 122.885  -0.000 122.885  2768476.7 421776.7 388994.1 39375.4  12674.1  7018.7  4689.9
  -507   3.969   0.000   3.969  2755037.3 453177.7 388045.3 43230.9  14405.5  3397.5  5050.0
  -506 -200.562   0.001 -200.561  2719095.4 350393.7 239951.0 40791.1  12001.4  5449.4  4510.7
  -505  30.469  -0.001  30.469  2713335.7 446650.6 265246.3 43962.6  14071.8  3564.8  4956.2
  -504 -877.198   0.004 -877.194  2267497.0 377195.3 228062.2 29631.9   8827.2 10022.5  3849.6
  -503 179.829  -0.001 179.828  2342681.6 429081.0 274095.2 41847.5  12614.6  6332.8  4851.2
  -502 111.932  -0.001 111.931  2627733.9 336300.9 212005.7 41878.4  11373.7  5126.8  4637.1
  -501 190.722  -0.001 190.721  2674240.7 459829.2 244012.5 43779.5  12101.9  6455.7  4874.1
  -500 189.388  -0.001 189.388  2711047.8 418767.9 311152.7 40788.5  13907.3  5065.6  5201.9

         Carbon flux (ktC/yr)        Water (dam3/yr)                Nitrogen (MgN/yr)
       ----------------------- -------------------------- --------------------------------
Spinup NEP     estab   NBP     transp     evap    interc  nuptake ndemand  nlosses ninflux
------ ------- ------- ------- ---------- ------- ------- ------- -------- ------- -------
  -499  20.009   0.000  20.009  2724142.6 455936.6 369793.0 42183.2  13996.2  3798.2  5078.9
  -498 142.481  -0.000 142.481  2693894.3 446531.8 350258.0 42490.6  14912.6  4496.3  5199.4
  -497 235.215  -0.001 235.214  2662260.5 304940.0 190627.8 41658.8  13504.2  3393.4  4894.9
  -496 336.565  -0.001 336.564  2848616.3 458321.5 280777.0 46721.9  12300.4  4675.0  4847.9
  -495 147.005  -0.001 147.005  2806473.4 370760.7 433173.2 41884.0  15123.6  2700.3  5078.6
  -494 -72.132  -0.000 -72.133  2923123.1 432637.4 349285.2 41749.5  14244.5  4287.9  4857.0
  -493  11.410   0.000  11.411  2931368.4 411944.3 287448.2 41655.1  13540.3  5402.4  4821.0
  -492 -44.776   0.001 -44.775  2832784.3 406078.7 400544.3 39013.1  13422.4  4731.0  4742.3
  -491 -282.553   0.001 -282.552  2729184.4 384400.8 228900.5 37967.2  13441.3  3380.4  4688.7
  -490  81.299   0.000  81.299  2716267.7 416578.6 324839.5 44644.4  14581.1  4809.9  5241.0
  -489 -263.330   0.002 -263.328  2450285.5 437795.5 283946.3 36644.9  11768.6  3216.9  4467.5
  -488  95.559  -0.001  95.558  2665243.9 384348.4 276294.0 46497.0  15183.9  3671.8  5145.1
  -487 204.519  -0.001 204.518  2663426.2 454808.8 347869.5 40200.5  14870.7  3132.9  5211.7
  -486 112.259  -0.000 112.259  2708970.8 464278.3 272823.7 43115.4  13684.9  3313.7  5055.8
  -485 -106.643   0.000 -106.643  2642579.8 425728.8 244590.0 42440.1  14579.3  2634.4  4861.2
  -484 -869.177   0.004 -869.173  2258120.3 379138.0 221572.7 30900.4   8870.8 10415.2  3870.9
  -483 367.429  -0.002 367.427  2519478.9 353171.9 241487.8 44851.1  13384.5  5764.7  5034.3
  -482  32.098  -0.001  32.098  2428014.1 415409.5 294308.3 40847.5  11933.6  4984.9  4791.5
  -481 247.948  -0.002 247.946  2648732.6 427080.2 365331.6 44204.9  14531.0  4832.1  5231.8
  -480 -36.564   0.000 -36.564  2737954.4 350369.7 227723.9 40139.5  10394.9  7180.5  4339.2
  -479 195.576  -0.001 195.575  2679946.7 335877.0 276065.0 44679.6  13537.6  4509.1  4883.4
  -478 273.787  -0.001 273.786  2681107.9 305031.5 191557.8 41743.2  13122.1  4142.1  4792.7
  -477  72.798  -0.000  72.798  2969096.3 381488.8 228915.8 46802.3   9626.9  5862.8  4040.3
  -476 118.946  -0.000 118.946  2960536.5 322365.8 250298.5 43060.2  11198.2  6746.0  4263.9
  -475 196.744  -0.000 196.744  2839052.0 438666.8 381093.2 44141.0  14611.0  7171.7  4918.0

         Carbon flux (ktC/yr)        Water (dam3/yr)                Nitrogen (MgN/yr)
       ----------------------- -------------------------- --------------------------------
Spinup NEP     estab   NBP     transp     evap    interc  nuptake ndemand  nlosses ninflux
------ ------- ------- ------- ---------- ------- ------- ------- -------- ------- -------
  -474  -8.130   0.000  -8.130  2859314.1 398503.4 421725.4 40577.9  15786.8  3957.1  5078.3
  -473 -50.458   0.002 -50.457  2857282.2 396709.7 356311.0 35239.6  13304.4  4218.3  4737.3
  -472 -61.859   0.000 -61.859  2751713.9 413003.2 402471.2 44353.2  15148.0  4094.6  5138.3
  -471 -27.898   0.001 -27.897  2782432.4 408024.0 338222.4 34942.3  13294.7  4028.8  4800.7
  -470 -130.646   0.000 -130.646  2608514.1 424815.2 317875.9 46687.8  13033.4  4632.8  4709.3
  -469 -72.600  -0.000 -72.601  2722126.1 478026.8 310761.5 40064.7  15020.2  3318.0  5015.7
  -468 -104.406   0.000 -104.406  2675041.9 417499.3 245786.2 43204.8  14070.8  3198.2  4816.6
  -467 150.665  -0.001 150.664  2727239.3 417078.7 388684.3 43650.7  15905.2  4161.6  5239.8
  -466 114.911  -0.000 114.910  2656958.2 434460.2 546929.5 40103.4  15000.9  3618.7  5242.9
  -465 -191.971   0.001 -191.970  2794496.5 344383.3 239651.3 40289.0  11256.6  6109.4  4403.5
  -464 -249.209   0.001 -249.208  2610759.1 380110.9 235516.9 38578.8  12719.9  3979.2  4479.3
  -463 137.025  -0.001 137.024  2706684.5 468972.6 358082.9 48043.0  13978.7  6803.2  5028.0
  -462 -62.411  -0.000 -62.411  2857616.4 374720.7 233764.2 39594.6  12394.3  5503.2  4450.8
  -461 137.047  -0.001 137.046  2744371.4 420332.2 324611.1 44186.1  14303.8  6675.7  5144.6
  -460 -945.740   0.005 -945.736  2303822.1 374888.9 229210.8 29623.0   8692.3 10599.3  3802.9
  -459 362.220  -0.002 362.218  2550483.1 351506.9 241383.3 43914.2  12923.1  6438.2  4962.8
  -458 168.021  -0.002 168.019  2668873.1 498779.5 281623.5 41278.2  12174.6  5607.7  4902.4
  -457 250.911  -0.001 250.911  2731362.7 462138.9 263079.9 43457.6  12231.1  4441.3  4943.8
  -456 -104.589   0.000 -104.588  2708410.7 352097.9 226744.0 41205.1  11392.7  5100.2  4425.8
  -455 173.329  -0.002 173.328  2886991.2 377721.7 231579.4 45465.1  14483.9  3665.2  4864.7
  -454 101.113  -0.000 101.112  2916288.7 318687.9 240785.1 41639.0  10672.4  7192.1  4319.6
  -453  58.996  -0.000  58.996  2732058.6 427232.4 497570.6 45649.7  14946.1  7801.8  4957.2
  -452 -231.481   0.001 -231.480  2551750.1 422254.6 293401.3 35398.3  12078.7  3050.5  4349.5
  -451  22.505  -0.000  22.505  2673645.3 432436.5 468196.6 47668.7  16265.1  4429.6  5093.7
  -450 -172.593   0.001 -172.591  2489154.7 430365.5 281635.8 35379.0  12154.2  2657.3  4417.5

         Carbon flux (ktC/yr)        Water (dam3/yr)                Nitrogen (MgN/yr)
       ----------------------- -------------------------- --------------------------------
Spinup NEP     estab   NBP     transp     evap    interc  nuptake ndemand  nlosses ninflux
------ ------- ------- ------- ---------- ------- ------- ------- -------- ------- -------
  -449  -8.972  -0.000  -8.972  2742491.8 385352.6 206298.3 48016.5  11626.3  4157.7  4430.4
  -448 414.581  -0.002 414.579  2720147.8 470236.4 263568.4 45175.2  13493.5  3935.7  4942.9
  -447  34.491   0.000  34.491  2817552.6 331456.0 239221.8 38542.3  12264.5  3618.1  4496.1
  -446  97.082  -0.000  97.081  2605958.8 442654.9 539795.6 41499.7  15238.9  6502.5  5210.1
  -445 -221.940   0.001 -221.939  2746368.0 347525.2 237474.2 39636.5  11733.9  5041.0  4437.6
  -444   3.079  -0.000   3.079  2622760.0 438999.6 476941.9 45546.3  15950.1  3440.0  5078.2
  -443 -199.762   0.001 -199.761  2457702.5 434971.0 282494.2 35507.1  12137.2  2868.5  4414.8
  -442 -236.925   0.001 -236.924  2506242.4 386138.1 224259.2 40583.8  13274.7  4417.7  4572.9
  -441 344.501  -0.001 344.499  2611926.7 479156.9 251178.3 47377.8  13423.1  4794.4  5003.3
  -440 243.788  -0.001 243.786  2643467.1 394228.4 399759.3 41558.4  14782.2  2700.3  5117.9
  -439 -149.423   0.000 -149.423  2699188.6 390642.9 222501.8 37161.5  11489.2  5412.1  4445.2
  -438 132.400  -0.000 132.400  2819229.4 325519.7 238790.2 44184.2  11187.9  6353.5  4393.5
  -437 106.940  -0.001 106.939  2766211.4 479147.5 316645.2 43817.4  13336.4  6321.8  4795.5
  -436  47.675  -0.000  47.675  2845228.0 426316.7 280676.2 41120.9  12891.4  3833.4  4769.8
  -435  69.880   0.001  69.881  2796995.7 444683.2 289521.1 42785.7  13894.2  3725.0  4950.2
  -434  73.090  -0.000  73.089  2643307.9 306399.1 199150.6 40587.6  14574.3  2405.1  4898.7
  -433 146.462  -0.000 146.462  2810835.7 417684.0 335121.6 44952.5  14076.9  4586.1  5073.0
  -432 -137.245   0.001 -137.243  2672993.2 412312.8 337081.0 42036.2  13920.4  3785.8  4717.1
  -431 -112.141  -0.000 -112.141  2886202.5 367722.9 245878.1 41482.9  15784.0  3110.3  5000.7
  -430  11.066   0.000  11.066  2851035.6 323400.0 241664.1 43186.2  11589.6  5774.7  4470.6
  -429 230.013  -0.001 230.012  2692287.0 306883.0 196596.3 43514.8  13203.3  5479.3  4805.5
  -428  19.246  -0.000  19.246  2963553.2 384296.9 233318.2 45813.1   9921.5  5368.0  4096.5
  -427 -247.505   0.000 -247.505  2832632.0 328979.3 207706.7 40836.5  11400.6  6177.6  4255.4
  -426 -1043.185   0.005 -1043.180  2327299.1 380066.8 232848.6 30800.3   7915.6 19344.2  3641.9
  -425 -143.794  -0.001 -143.795  2350317.2 464592.9 219232.9 37208.8  12591.5  9811.7  4558.6

         Carbon flux (ktC/yr)        Water (dam3/yr)                Nitrogen (MgN/yr)
       ----------------------- -------------------------- --------------------------------
Spinup NEP     estab   NBP     transp     evap    interc  nuptake ndemand  nlosses ninflux
------ ------- ------- ------- ---------- ------- ------- ------- -------- ------- -------
  -424 127.262  -0.001 127.261  2477746.1 441918.6 281879.0 46570.1  12277.3  5604.6  4777.9
  -423 141.231  -0.000 141.230  2627827.1 431612.1 302247.6 33067.7  12998.0  4008.5  4891.5
  -422  58.524  -0.000  58.524  2708735.3 334759.3 219192.7 44041.7  11186.4  4824.4  4558.6
  -421 140.735  -0.001 140.734  2537464.4 455860.8 500498.0 40838.2  14703.3  6657.5  5296.9
  -420 -19.759  -0.000 -19.760  2758766.9 450486.3 312479.3 40323.1  13993.3  4100.7  4999.1
  -419 -31.849   0.000 -31.849  2844111.8 371673.9 228395.0 40840.6  12184.0  6084.9  4484.2
  -418 -226.508   0.000 -226.508  2467993.7 440250.2 247785.3 37382.0  12251.4  7746.8  4481.2
  -417  -5.261  -0.000  -5.261  2635724.7 397521.7 207646.9 40502.2  12242.8  4317.4  4625.7
  -416 261.021  -0.001 261.020  2719673.9 377166.5 287251.2 44361.6  13148.2  5403.0  4894.8
  -415 133.113  -0.001 133.112  2800207.5 431393.1 265423.7 40464.4  12690.7  4135.0  4806.5
  -414 -163.004   0.001 -163.002  2512686.7 427383.4 286612.3 37531.2  11072.2  4760.9  4310.1
  -413  30.640  -0.000  30.639  2669321.0 426916.8 359182.7 43233.4  13312.5  5238.7  4788.5
  -412 -243.754   0.001 -243.753  2535681.8 381836.3 232977.7 35577.1  13009.4  3115.7  4557.5
  -411 120.315  -0.001 120.314  2629936.8 473731.2 346061.6 46771.2  14211.5  6382.9  5087.1
  -410 271.830  -0.001 271.829  2610482.6 306885.0 185483.3 38703.9  13499.2  4026.3  4890.7
  -409 136.607  -0.000 136.607  2851170.0 334430.7 237773.6 44068.7  10473.8  6306.9  4359.3
  -408  81.508  -0.001  81.507  2816980.6 435007.9 270813.1 41994.1  13044.6  6294.7  4792.6
  -407 -215.116   0.002 -215.114  2523302.2 427389.9 293124.0 36170.2  11387.9  4448.0  4319.6
  -406 -67.388   0.000 -67.388  2611296.1 439074.5 467723.7 46166.7  16140.9  4235.4  5160.4
  -405 -39.775   0.000 -39.774  2804793.3 380451.2 217667.7 40471.3  12936.4  2302.0  4673.7
  -404 105.005  -0.001 105.005  2823162.9 388065.4 215170.1 45708.4  11766.3  3595.0  4497.5
  -403 138.179  -0.001 138.178  2653743.9 422957.1 320150.0 44148.2  13083.8  5160.9  4623.2
  -402 -159.379   0.001 -159.378  2855568.1 369767.3 239496.6 37081.1  13567.0  4396.5  4547.8
  -401 -147.488   0.001 -147.487  2449714.5 447481.8 280085.7 39979.8  11575.9  5856.0  4377.6
  -400  26.017  -0.001  26.016  2607682.6 493070.0 294675.2 45699.4  14504.6  3638.5  4985.3

         Carbon flux (ktC/yr)        Water (dam3/yr)                Nitrogen (MgN/yr)
       ----------------------- -------------------------- --------------------------------
Spinup NEP     estab   NBP     transp     evap    interc  nuptake ndemand  nlosses ninflux
------ ------- ------- ------- ---------- ------- ------- ------- -------- ------- -------
  -399 -84.974   0.000 -84.974  2762483.2 380354.3 229231.4 37471.4  13063.7  4059.4  4582.7
  -398 -799.194   0.004 -799.191  2235500.5 385184.9 219255.0 32792.7   8633.0 11031.8  3842.3
  -397 290.551  -0.002 290.549  2515978.6 449439.8 267571.0 42877.9  14580.3  5723.1  5328.9
  -396  98.035  -0.000  98.035  2538947.7 442313.0 292356.8 31763.5  12441.2  4122.6  4926.3
  -395 142.917  -0.001 142.916  2724134.1 395466.8 215397.6 46099.4  12504.8  4147.8  4930.6
  -394 -786.410   0.004 -786.407  2258045.1 377214.4 211963.7 29783.7   7835.0 15220.2  3827.6
  -393 383.928  -0.002 383.927  2518125.6 482463.2 283132.5 40144.3  13151.7  6376.1  5238.1
  -392 166.777  -0.001 166.776  2543799.2 346469.7 247204.6 40931.4  12081.7  5116.2  5009.6
  -391 166.625  -0.001 166.624  2582209.7 341195.8 255008.1 41813.1  12691.0  4679.0  4988.9
  -390 -96.196   0.001 -96.195  2416097.0 448956.6 257312.7 37936.7  10778.6  4494.1  4412.5
  -389 -87.953  -0.001 -87.954  2535888.5 406224.5 194137.3 40447.4  12315.5  4496.0  4698.7
  -388 213.984  -0.001 213.983  2720730.5 330004.5 217466.9 41940.1  11036.8  5860.2  4539.7
  -387  48.207  -0.001  48.206  2603760.9 445677.0 458267.5 44169.3  14533.7  6703.3  5106.5
  -386  39.029  -0.000  39.029  2577042.2 436399.1 516347.3 37392.9  15708.2  2678.6  5342.0
  -385  11.720   0.000  11.720  2568209.9 437311.8 518367.5 39335.0  15286.8  3565.3  5333.8
  -384  90.142   0.000  90.142  2671715.0 327058.3 273565.9 42144.5  13969.0  3494.8  4984.5
  -383 -113.532   0.000 -113.532  2768389.9 331319.2 186827.9 40140.0  12812.0  4230.3  4654.7
  -382  94.369  -0.001  94.368  2849960.0 374892.9 223380.3 44013.1  11707.9  6481.5  4359.2
  -381 173.237  -0.001 173.236  2930215.1 382181.7 217737.2 44264.1  11457.0  6149.2  4456.6
  -380 -43.409   0.001 -43.408  2561946.3 431785.7 284721.7 37927.6  11167.7  5183.4  4224.5
  -379 -151.614   0.000 -151.614  2692905.8 350641.2 226307.8 43710.2  11954.4  5360.3  4447.9
  -378 -121.630  -0.000 -121.631  2657995.5 395102.4 211278.0 36125.8  13789.9  3667.9  4675.4
  -377  87.760  -0.001  87.760  2750867.2 455429.8 313969.2 43354.3  13631.1  4657.5  4906.4
  -376 -288.507   0.001 -288.506  2495918.5 426665.2 255223.6 33330.1  12421.3  6709.6  4464.2
  -375  49.506   0.000  49.506  2634418.3 426424.0 362193.9 41624.8  12916.9  4953.7  4766.9

         Carbon flux (ktC/yr)        Water (dam3/yr)                Nitrogen (MgN/yr)
       ----------------------- -------------------------- --------------------------------
Spinup NEP     estab   NBP     transp     evap    interc  nuptake ndemand  nlosses ninflux
------ ------- ------- ------- ---------- ------- ------- ------- -------- ------- -------
  -374 143.396  -0.000 143.395  2557353.9 308494.5 182306.7 40010.2  14170.2  2750.7  4983.4
  -373 -41.152   0.000 -41.152  2683433.8 359132.8 225626.2 42259.4  10627.6  6089.9  4365.1
  -372  40.734  -0.001  40.733  2667655.0 484226.1 300296.7 40965.1  14400.2  3704.5  4976.7
  -371 -300.490   0.001 -300.489  2441902.5 434932.6 252405.8 32323.5  12772.4  5087.9  4510.3
  -370   5.651   0.000   5.651  2576649.3 433125.2 358685.5 41213.6  12786.6  4705.1  4781.9
  -369  58.507  -0.000  58.507  2564746.5 394700.4 387369.1 42656.2  15134.5  2702.1  5212.7
  -368 184.176  -0.000 184.176  2629825.4 456294.7 338033.7 41629.1  14830.6  3697.2  5194.5
  -367   9.889  -0.000   9.889  2605145.9 442995.8 470727.2 42256.8  15592.0  3485.0  5147.7
  -366   2.509   0.000   2.509  2703760.7 370674.4 292866.1 38256.7  15469.0  2927.5  5095.2
  -365  27.094  -0.000  27.094  2723616.8 436578.0 261595.1 41157.3  13564.4  3562.0  4959.1
  -364  26.386  -0.000  26.386  2706838.4 473473.2 309264.5 40718.6  14068.1  3714.9  4994.3
  -363 -45.441  -0.000 -45.441  2761612.3 448911.0 323874.0 40841.5  14567.8  3643.9  5013.7
  -362  20.797   0.001  20.798  2806062.2 319473.6 237336.2 40370.7  12281.3  5231.1  4568.1
  -361  74.710  -0.000  74.709  2721077.4 417535.8 317056.0 43630.7  14917.2  5781.8  5240.8
  -360 -200.742   0.001 -200.741  2795585.6 375036.8 231058.5 39008.5  13382.5  3676.9  4633.7
  -359 -255.181   0.001 -255.181  2419817.4 449207.7 243823.6 38021.7  12654.8  6311.8  4565.7
  -358 -54.133   0.001 -54.132  2380757.1 452156.9 264291.7 40330.4  11261.2  4621.1  4442.7
  -357 155.648  -0.001 155.647  2573712.8 435529.9 359282.1 44759.1  15614.6  4011.2  5330.8
  -356 133.497  -0.001 133.496  2683204.3 379729.4 285642.4 39894.9  14154.3  3759.4  5047.3
  -355 194.937  -0.000 194.937  2672935.2 451735.8 349622.5 41114.1  14349.0  3686.7  5139.8
  -354  75.498  -0.000  75.498  2669425.4 330266.0 281302.3 42568.8  13700.8  3730.8  4938.0
  -353  88.390  -0.000  88.389  2669058.6 454616.5 353333.3 42003.0  15063.9  3599.7  5179.6
  -352 -210.038   0.000 -210.038  2676057.4 394823.0 219176.5 37014.5  12959.0  3680.6  4667.8
  -351 -49.499  -0.000 -49.500  2668720.0 395968.3 216986.9 39760.4  11856.4  5119.1  4587.1
  -350 298.444  -0.001 298.443  2644188.7 305929.1 191028.0 43345.2  12288.0  4897.2  4780.1

         Carbon flux (ktC/yr)        Water (dam3/yr)                Nitrogen (MgN/yr)
       ----------------------- -------------------------- --------------------------------
Spinup NEP     estab   NBP     transp     evap    interc  nuptake ndemand  nlosses ninflux
------ ------- ------- ------- ---------- ------- ------- ------- -------- ------- -------
  -349 206.253  -0.001 206.252  2836644.5 379130.6 305605.7 44103.8  12696.8  5443.9  4754.7
  -348 -208.195   0.001 -208.194  2564226.0 427206.0 298724.2 35773.9  11037.2  4442.7  4247.4
  -347 -155.909   0.001 -155.909  2671916.4 415084.2 240187.3 46787.2  14058.6  3655.7  4730.7
  -346   0.258   0.000   0.259  2761784.4 325993.8 236138.7 40439.6  12900.4  3996.7  4640.2
  -345 149.768  -0.000 149.767  2663613.6 458207.9 350995.1 43063.4  15256.6  5055.3  5186.6
  -344  60.375  -0.001  60.374  2691503.8 388828.5 413920.3 42711.5  15194.0  2889.8  5172.5
  -343  -5.460   0.000  -5.460  2672508.4 418940.7 327152.1 44184.7  13185.3  4771.2  4707.1
  -342  71.603   0.000  71.603  2728704.6 324518.2 290242.7 39957.5  14899.1  3211.4  4985.1
  -341 -228.243   0.001 -228.242  2487689.0 441258.1 285521.2 38489.4  11721.3  3796.3  4398.1
  -340  56.425  -0.001  56.424  2670423.0 424683.1 374446.6 46082.3  16443.3  3738.7  5323.8
  -339  43.907  -0.000  43.907  2734068.8 374090.6 296188.2 39689.7  15035.7  3422.2  5068.4
  -338  66.187   0.000  66.188  2718767.8 419214.7 331263.1 34786.8  13171.1  3925.0  4847.9
  -337 -112.956   0.000 -112.956  2586468.6 445185.7 478884.3 47076.4  14686.7  3804.0  5133.0
  -336 -267.599   0.001 -267.598  2710490.6 332809.0 192201.5 37411.5  13584.4  3376.9  4759.6
  -335 123.192  -0.001 123.191  2681521.3 470086.4 358751.9 46817.5  14110.2  6735.3  5097.1
  -334 -140.468   0.001 -140.467  2464894.6 440518.3 280887.2 36395.4  11451.8  4812.4  4392.6
  -333 134.141  -0.001 134.140  2604847.9 338817.1 268154.5 46947.3  14051.3  4286.0  5004.4
  -332  38.240  -0.001  38.239  2583281.5 430175.9 313998.8 43945.2  13250.9  4522.6  4759.1
  -331  -3.708  -0.000  -3.709  2751131.7 441769.2 266618.3 40303.2  13890.6  3754.4  4977.4
  -330 124.253  -0.000 124.253  2692449.5 327814.5 285269.1 43624.1  13819.7  3740.2  4950.5
  -329  78.620   0.000  78.621  2731702.5 422634.2 333684.4 36137.9  13208.9  4190.1  4827.3
  -328 -163.552   0.001 -163.552  2791900.8 385347.1 233131.4 44154.0  11938.6  4789.1  4507.7
  -327  89.880  -0.001  89.879  2554793.1 457754.6 528596.9 41463.4  14940.9  5456.3  5280.7
  -326 -354.695   0.002 -354.693  2573627.6 378419.2 241970.6 35152.3  12437.1  3839.5  4523.0
  -325 196.709  -0.001 196.707  2834069.1 383888.0 228925.7 49456.6  13374.9  5322.1  4850.5

         Carbon flux (ktC/yr)        Water (dam3/yr)                Nitrogen (MgN/yr)
       ----------------------- -------------------------- --------------------------------
Spinup NEP     estab   NBP     transp     evap    interc  nuptake ndemand  nlosses ninflux
------ ------- ------- ------- ---------- ------- ------- ------- -------- ------- -------
  -324 -202.843   0.000 -202.842  2770811.5 330669.9 198174.2 38986.8  10776.7  7236.3  4344.4
  -323 210.487  -0.001 210.486  2675644.2 425926.1 321564.4 50284.9  11899.2  9259.0  4512.6
  -322 129.668   0.000 129.668  2753340.9 445330.7 371731.0 39087.4  15577.9  4362.5  5162.1
  -321  52.479   0.000  52.480  2722072.3 450120.7 368854.2 43143.9  15316.7  3316.4  5163.3
  -320 -19.000   0.001 -18.999  2714136.4 423283.5 337404.7 35276.4  13711.6  3579.4  4877.7
  -319  -8.634   0.000  -8.634  2627650.8 461175.6 353659.8 45033.8  14656.5  3705.4  5209.0
  -318 -82.010  -0.000 -82.011  2680121.1 468023.5 367944.7 41423.1  14894.9  3262.9  5130.3
  -317 -361.191   0.001 -361.190  2440513.7 441581.4 254819.9 34980.2  12692.7  5627.3  4558.3
  -316  44.500  -0.000  44.499  2510807.4 435697.1 306919.3 47388.4  12869.0  4890.0  4792.3
  -315 -141.614   0.000 -141.614  2733184.9 384010.6 227420.6 39003.3  13388.9  4303.2  4668.3
  -314  41.219  -0.001  41.218  2676837.7 472171.0 312539.6 44944.6  14221.4  5070.5  5051.1
  -313 -53.631  -0.000 -53.631  2677664.5 395407.5 220032.0 36836.8  12216.2  5717.2  4628.9
  -312  23.869  -0.000  23.869  2689008.1 396911.6 220307.0 40901.4  11231.8  5981.6  4529.0
  -311 216.350  -0.001 216.349  2798280.8 442716.5 270168.2 46298.6  11688.2  5922.8  4745.2
  -310 135.703  -0.000 135.702  2770260.4 408077.5 406864.1 40811.4  14853.3  4327.5  5177.2
  -309 -63.871   0.001 -63.870  2679489.8 410779.9 337555.7 44545.7  13047.9  4988.9  4699.9
  -308 -53.674   0.001 -53.673  2741024.4 412082.6 331114.1 40256.3  15944.2  3442.6  5304.2
  -307 -133.030   0.001 -133.029  2594542.0 443438.6 485160.6 43912.2  16327.2  2522.5  5252.1
  -306 -34.313  -0.000 -34.313  2674992.7 378670.5 292530.3 40434.6  15638.7  2781.7  5180.7
  -305  29.362  -0.001  29.362  2593457.8 445733.1 477512.2 45200.3  15247.2  3410.3  5198.5
  -304  95.092   0.000  95.092  2657598.2 451280.9 354604.2 41018.0  15559.4  2616.1  5276.4
  -303   7.009  -0.001   7.008  2618037.7 446297.0 482120.9 46143.6  15425.3  3384.6  5172.1
  -302 -30.198  -0.000 -30.199  2770136.6 450755.9 329709.8 40559.5  15026.3  3002.9  5060.7
  -301 189.446  -0.000 189.446  2720755.4 446665.9 363351.1 43853.8  14604.2  4941.5  5141.6
  -300 -911.209   0.004 -911.205  2321351.6 375990.8 230830.8 30975.4   8525.9 11451.2  3787.1

         Carbon flux (ktC/yr)        Water (dam3/yr)                Nitrogen (MgN/yr)
       ----------------------- -------------------------- --------------------------------
Spinup NEP     estab   NBP     transp     evap    interc  nuptake ndemand  nlosses ninflux
------ ------- ------- ------- ---------- ------- ------- ------- -------- ------- -------
  -299 350.779  -0.002 350.778  2786736.2 403453.4 190191.4 46418.7  11096.0  5528.1  4475.0
  -298 228.279  -0.002 228.277  2689872.1 434281.2 228633.7 44910.0  11650.8  5437.2  4605.3
  -297 221.868  -0.001 221.867  2959317.9 381493.9 217856.2 44961.4  10508.9  5720.2  4340.9
  -296 351.507  -0.002 351.505  3075704.1 365583.6 246980.5 46071.2  12749.4  5526.2  4599.8
  -295 177.662  -0.001 177.661  2970033.5 452999.1 341207.0 43186.7  11366.7  7915.6  4464.0
  -294 123.167   0.001 123.168  2984619.4 430199.6 307152.6 43301.3  13291.8  4403.3  4851.3
  -293 -455.913   0.002 -455.911  2722828.0 366427.0 258693.2 35787.8  13521.7  3240.8  4443.5
  -292 124.092  -0.001 124.091  2846800.2 471490.1 313399.0 48977.0  13706.5  4827.9  4833.7
  -291 162.565   0.000 162.565  2824103.1 435218.0 377412.8 40396.9  15256.9  3277.3  5092.4
  -290  37.909   0.000  37.909  2800751.8 439463.9 376204.9 42689.1  15455.4  3329.0  5119.3
  -289 -25.789  -0.000 -25.789  2789064.0 408961.6 407417.0 41728.9  16242.8  3403.9  5238.3
  -288  -1.019   0.001  -1.018  2811241.2 407087.7 345609.8 35274.8  13273.2  3838.1  4827.7
  -287 -244.931   0.001 -244.930  2737336.4 354192.4 235450.2 43803.7  11222.7  5354.3  4447.3
  -286 -183.249   0.001 -183.248  2449143.0 455348.0 275445.9 39071.6  11851.7  3689.6  4407.7
  -285  89.035  -0.001  89.034  2657819.2 386386.9 280903.1 46071.1  14886.1  3915.8  5076.4
  -284 -28.869  -0.000 -28.869  2503089.0 401319.6 319817.4 39722.0  13093.1  3787.6  4772.1
  -283 -82.665  -0.000 -82.665  2782607.9 380274.4 228915.2 43603.9  12645.0  4655.9  4527.7
  -282 255.596  -0.001 255.594  2686155.4 396008.8 408408.3 46015.5  14296.1  5274.9  5106.2
  -281 147.754  -0.001 147.753  2805409.1 475163.8 323410.0 42024.6  12621.2  5340.5  4729.3
  -280 117.868   0.000 117.868  2857048.0 401734.6 347051.1 41323.1  14061.7  4663.2  5088.0
  -279 -76.186   0.001 -76.185  2819594.9 464550.7 333536.5 41901.4  14149.2  3837.9  4919.5
  -278  61.871   0.001  61.871  2748392.5 322840.3 294638.4 43293.6  14057.6  3366.6  4927.8
  -277 -161.158   0.001 -161.157  2549617.2 395666.4 333034.2 42423.6  13880.1  3805.2  4785.7
  -276 -162.820   0.001 -162.820  2681197.2 355482.8 231537.0 43496.8  12204.8  4489.0  4535.1
  -275 -129.509   0.001 -129.508  2427123.7 461579.1 276217.7 39126.0  11737.7  3690.8  4390.9

         Carbon flux (ktC/yr)        Water (dam3/yr)                Nitrogen (MgN/yr)
       ----------------------- -------------------------- --------------------------------
Spinup NEP     estab   NBP     transp     evap    interc  nuptake ndemand  nlosses ninflux
------ ------- ------- ------- ---------- ------- ------- ------- -------- ------- -------
  -274 -275.149   0.000 -275.149  2367419.0 456642.1 241798.8 39804.5  12398.3  5827.3  4531.6
  -273 258.305  -0.001 258.304  2564456.8 344803.2 268065.0 46181.1  13242.0  4308.5  4951.4
  -272 217.573  -0.001 217.573  2627367.8 465583.6 348837.1 42379.7  14364.9  3875.3  5120.7
  -271 120.788  -0.001 120.787  2882857.6 378379.9 243375.7 43556.3  13482.3  3769.6  4795.4
  -270 252.089  -0.001 252.089  2790730.6 326029.7 294159.0 45352.6  11994.6  6682.0  4709.3
  -269 -12.635   0.000 -12.634  2794100.6 422363.2 396996.1 39328.1  12602.1  5875.5  4652.7
  -268  42.945  -0.000  42.945  2713072.1 381751.9 434147.5 45400.5  14757.1  3224.5  5103.5
  -267   6.018   0.000   6.019  2642705.0 439570.0 566556.8 41055.2  15289.0  5015.7  5261.6
  -266 -113.081   0.001 -113.080  2669621.5 413747.3 338492.4 43946.1  13466.1  4449.9  4728.0
  -265 -228.354   0.001 -228.353  2717485.0 389722.6 227353.1 36230.9  13685.0  3654.8  4705.1
  -264 -94.285  -0.000 -94.285  2766671.3 337401.9 195675.9 45220.4  11634.8  5535.4  4545.4
  -263 -37.038  -0.000 -37.038  2733707.0 356986.9 234349.1 44200.9  10449.6  9395.8  4304.2
  -262  60.126  -0.001  60.125  2614234.8 432081.2 323113.6 45397.4  13409.8  5517.0  4698.5
  -261 -939.585   0.004 -939.581  2288165.0 378194.4 229824.8 28974.3   9168.3 10390.4  3861.4
  -260 321.630  -0.002 321.628  2604583.2 493249.8 316263.9 43767.7  13077.6  6491.8  5028.2
  -259 245.080  -0.002 245.078  2649156.8 428891.0 362583.4 41165.6  13429.5  5905.4  5211.3
  -258 226.832  -0.000 226.832  2725324.3 463534.7 265623.8 43892.8  12227.2  5167.7  4959.1
  -257  97.616  -0.001  97.615  2738278.5 483333.1 305486.8 42516.6  13538.6  3561.1  4939.8
  -256 -253.512   0.001 -253.511  2525013.5 429268.4 258707.6 34392.3  11937.6  6105.7  4448.7
  -255 -90.855   0.002 -90.854  2460654.3 440964.3 274820.1 41494.5  10693.8  5272.3  4333.5
  -254 191.620  -0.002 191.619  2599293.4 399769.5 384227.2 48917.1  14639.6  4262.5  5158.0
  -253 238.235  -0.001 238.234  2793480.5 377458.3 293710.6 41561.7  13753.2  4656.8  4940.7
  -252 -20.728   0.000 -20.728  2591915.3 387481.6 333260.6 40628.2  12768.7  4600.5  4675.8
  -251 117.821  -0.001 117.820  2777634.2 370183.2 301240.0 45369.8  14713.0  4111.3  4979.1
  -250 190.738  -0.001 190.738  2770405.7 373847.4 430912.8 43073.0  14572.2  3601.8  5068.5

         Carbon flux (ktC/yr)        Water (dam3/yr)                Nitrogen (MgN/yr)
       ----------------------- -------------------------- --------------------------------
Spinup NEP     estab   NBP     transp     evap    interc  nuptake ndemand  nlosses ninflux
------ ------- ------- ------- ---------- ------- ------- ------- -------- ------- -------
  -249 -337.994   0.002 -337.992  2686190.2 370738.3 254368.8 36569.8  12224.5  5299.0  4390.5
  -248 125.752  -0.001 125.751  2743919.6 427153.2 374386.4 44135.8  12378.1  7899.4  4652.8
  -247 -175.200   0.001 -175.199  2498427.9 434610.0 288337.0 37360.0  11275.9  4254.5  4325.4
  -246 -163.884   0.000 -163.883  2637208.2 357815.3 224657.4 45123.2  11676.7  5748.6  4481.4
  -245 175.540  -0.001 175.539  2537032.2 459929.5 519446.0 42141.8  15608.3  3556.7  5308.4
  -244 -106.000   0.001 -105.999  2506768.9 395225.1 325481.2 39727.2  13108.6  3696.3  4768.6
  -243  91.605  -0.000  91.605  2550301.1 447909.7 526159.1 43074.0  15729.3  4590.6  5322.9
  -242 -96.513   0.001 -96.512  2511640.6 395883.4 323239.7 40521.0  13309.8  3555.4  4797.8
  -241 122.788  -0.001 122.787  2561338.8 449016.5 523244.2 43435.2  15879.4  4475.8  5346.4
  -240 -26.168  -0.000 -26.169  2776134.2 450839.1 325918.5 40654.5  14447.9  3720.9  5005.6
  -239 132.219  -0.001 132.219  2785180.2 471804.4 319823.7 42864.9  13353.6  5528.5  4898.9
  -238 -68.951   0.001 -68.950  2904496.9 368370.7 242843.3 40820.5  12132.8  5118.3  4417.4
  -237  64.973  -0.001  64.972  2678417.7 437863.1 495472.1 47836.1  14950.6  6009.2  5049.7
  -236 -937.469   0.005 -937.464  2334684.0 369633.7 233290.9 28765.2   9154.0  9619.1  3842.8
  -235 257.788  -0.002 257.786  2516447.0 444079.3 273660.5 45777.1  12554.8  7229.8  4755.1
  -234  70.315  -0.001  70.315  2634147.1 432563.6 348591.5 36127.7  12434.3  5868.2  4815.9
  -233 -220.233   0.000 -220.232  2431672.6 441234.9 237537.9 37611.4  11593.2  6409.7  4508.2
  -232 186.383  -0.001 186.382  2624606.2 434851.0 349078.9 43640.0  11837.4  5783.9  4735.1
  -231 -199.754   0.000 -199.753  2437662.9 439701.5 240729.5 36018.1  11892.0  6135.8  4491.0
  -230  70.497  -0.000  70.496  2437890.5 406188.4 300601.2 45360.6  12476.5  5423.2  4758.0
  -229 330.765  -0.001 330.764  2578164.1 309054.6 178810.6 43282.9  13345.6  3863.1  4877.7
  -228  88.995  -0.001  88.994  2761729.8 393137.7 216983.5 39811.3  10528.1  6861.3  4323.3
  -227 -101.624   0.001 -101.623  2662212.3 373880.5 245228.1 38004.6  11197.7  6897.1  4295.6
  -226 -47.535  -0.000 -47.536  2786174.5 333240.6 192454.3 45348.9  11841.9  7035.3  4444.4
  -225 -112.051   0.001 -112.050  2633103.4 378569.2 242514.8 37974.1  12033.9  8487.8  4365.5

         Carbon flux (ktC/yr)        Water (dam3/yr)                Nitrogen (MgN/yr)
       ----------------------- -------------------------- --------------------------------
Spinup NEP     estab   NBP     transp     evap    interc  nuptake ndemand  nlosses ninflux
------ ------- ------- ------- ---------- ------- ------- ------- -------- ------- -------
  -224 235.261  -0.001 235.260  2723337.3 423189.2 324093.5 39814.0  12552.8  6702.6  4718.9
  -223  -2.448   0.000  -2.448  2707420.8 429820.5 380193.2 39340.9  12122.2  5383.1  4669.5
  -222 -314.452   0.002 -314.451  2544796.8 380230.7 239340.7 36362.9  12666.2  3424.4  4510.1
  -221 -214.810   0.000 -214.810  2384252.3 450675.9 237911.2 40808.9  12345.3  6682.9  4521.0
  -220 195.815  -0.000 195.814  2580320.6 435548.0 308471.2 36386.8  12828.9  4615.1  4843.6
  -219 106.360   0.000 106.360  2567780.9 465103.2 336146.2 43584.1  13879.0  4013.4  5158.9
  -218  10.095  -0.001  10.094  2558567.7 451064.8 461477.7 42803.0  15156.9  3566.5  5150.3
  -217  18.695  -0.000  18.695  2522898.7 444181.8 521620.1 37371.1  15650.8  2651.6  5355.4
  -216 -133.426   0.001 -133.425  2460088.7 397412.2 313440.4 41055.4  13298.7  3802.5  4837.8
  -215 100.107  -0.000 100.106  2635941.8 424957.2 301597.6 43931.3  15535.4  3886.2  5326.0
  -214 -244.329   0.002 -244.327  2506562.1 386300.6 229725.0 34633.5  13131.8  2875.1  4624.8
  -213 152.166  -0.001 152.165  2665559.5 336252.1 215235.6 46610.7  11451.7  6138.3  4577.8
  -212 -35.500   0.000 -35.499  2430640.2 453056.5 266111.5 38001.1  10621.2  6832.1  4310.4
  -211 259.355  -0.001 259.354  2641535.4 475459.3 255790.0 47106.2  13323.5  4766.2  5033.7
  -210 -149.740  -0.000 -149.741  2730752.6 342888.4 188632.5 38198.9  12388.9  4126.8  4594.3
  -209 337.576  -0.001 337.575  2708540.5 332796.1 277602.6 47413.6  12567.8  7109.1  4769.2
  -208 160.705  -0.001 160.704  2971815.5 368077.7 248457.9 41560.0  13570.3  4521.6  4724.9
  -207  93.082  -0.000  93.081  2926293.0 423010.3 285248.3 44495.8  11465.0  7234.3  4565.4
  -206   2.897   0.001   2.898  2872343.6 406431.7 406620.0 38767.4  12727.8  6271.5  4619.1
  -205 -447.970   0.001 -447.969  2519047.1 424852.3 271811.6 36116.1  12848.8  5118.2  4460.2
  -204 -198.907   0.001 -198.907  2735226.6 334334.0 193998.9 43747.9  12712.7  4613.0  4617.8
  -203 116.222  -0.001 116.221  2678853.6 487128.4 306197.7 45994.1  12896.2  6473.1  4761.4
  -202 167.839  -0.000 167.839  2627448.7 438985.4 551925.4 38666.0  14930.5  3778.7  5217.1
  -201 -243.316   0.001 -243.315  2740386.1 383620.2 230438.7 36478.9  12434.6  4448.7  4589.7
  -200 111.435  -0.000 111.435  2735005.7 480098.6 315318.5 46316.1  12838.4  5449.2  4856.2

         Carbon flux (ktC/yr)        Water (dam3/yr)                Nitrogen (MgN/yr)
       ----------------------- -------------------------- --------------------------------
Spinup NEP     estab   NBP     transp     evap    interc  nuptake ndemand  nlosses ninflux
------ ------- ------- ------- ---------- ------- ------- ------- -------- ------- -------
  -199 -184.383   0.002 -184.381  2503193.0 433796.4 290531.7 36674.3  11301.2  4132.8  4336.0
  -198  66.366  -0.000  66.366  2707792.3 420919.8 308704.1 46485.3  15377.2  4471.0  5258.6
  -197   0.645   0.000   0.645  2823684.6 385320.4 219438.5 42452.2  12264.7  2493.6  4615.2
  -196 -93.203  -0.001 -93.204  2764034.1 338736.0 192608.2 42421.7  12040.8  4988.1  4505.4
  -195 189.288  -0.001 189.287  2851639.2 329422.0 238219.9 44814.2  10938.2  8348.2  4372.0
  -194 158.759  -0.001 158.758  2809035.6 480087.2 322065.2 43209.0  12992.2  7141.6  4764.2
  -193  76.033   0.001  76.033  2833444.3 406219.7 353273.4 34607.9  12663.3  4548.2  4723.6
  -192 -399.130   0.002 -399.128  2601804.3 378157.3 247298.8 39601.9  11978.1  4188.2  4432.2
  -191 151.642  -0.000 151.642  2691395.4 429274.1 317725.7 41416.8  12950.5  5590.2  4797.3
  -190 -57.421   0.000 -57.420  2749024.3 333969.8 234831.9 41027.7  11711.4  4547.3  4533.3
  -189 -129.258  -0.000 -129.258  2766235.6 386053.2 228624.4 42420.2  12239.3  6107.1  4498.6
  -188   1.199  -0.000   1.199  2646366.6 438861.1 369048.0 39605.3  12653.2  6574.1  4730.0
  -187  35.350  -0.001  35.349  2827178.0 375711.3 239636.9 43042.5  14114.5  3205.8  4898.3
  -186  75.526  -0.000  75.526  2802362.7 437294.7 271453.1 43717.1  11781.6  6121.0  4727.0
  -185 -118.106   0.000 -118.105  2761832.7 385028.2 228918.7 37032.6  12298.7  5005.2  4557.8
  -184 159.920   0.000 159.921  2745531.6 418847.1 337264.7 39223.3  12225.7  5695.6  4748.3
  -183 -148.874   0.001 -148.874  2656680.7 424782.2 248749.3 45680.3  13083.6  3797.0  4745.6
  -182 -153.607   0.000 -153.607  2747947.6 336345.2 193477.5 40548.5  12697.5  4720.5  4632.1
  -181 146.168  -0.001 146.167  2642862.4 446283.7 481325.4 47596.6  14798.3  7603.7  5085.6
  -180 -113.328   0.001 -113.328  2537733.9 391769.9 333213.0 38637.2  13815.7  2831.2  4809.0
  -179  15.762  -0.000  15.762  2708391.2 461077.3 371782.2 45748.5  15163.8  3870.0  5124.5
  -178  23.282  -0.000  23.282  2637128.3 437033.4 490591.1 43689.1  15820.2  4009.1  5146.2
  -177 -176.331   0.000 -176.330  2693242.4 389484.9 226246.9 35758.4  13298.3  3111.6  4683.2
  -176 285.408  -0.000 285.407  2679894.8 455509.6 357547.4 47785.5  14016.5  5111.4  5104.9
  -175 125.926  -0.001 125.925  2741714.4 416946.5 400140.4 41111.3  15500.3  3766.5  5219.2

         Carbon flux (ktC/yr)        Water (dam3/yr)                Nitrogen (MgN/yr)
       ----------------------- -------------------------- --------------------------------
Spinup NEP     estab   NBP     transp     evap    interc  nuptake ndemand  nlosses ninflux
------ ------- ------- ------- ---------- ------- ------- ------- -------- ------- -------
  -174  93.287  -0.000  93.287  2770931.9 408643.7 408876.6 40990.5  15028.0  4185.6  5182.8
  -173 -168.721   0.001 -168.719  2889975.8 368262.3 244629.4 41299.5  12161.6  4963.6  4438.0
  -172 127.563  -0.001 127.562  2726590.2 423092.6 393935.5 44462.9  15397.8  5656.8  5217.2
  -171  72.182  -0.000  72.182  2767257.1 409717.3 404859.5 40710.8  15328.2  3977.0  5213.3
  -170 -236.597   0.001 -236.596  2838060.7 325808.6 204391.1 40169.8  12176.1  4912.0  4545.1
  -169 316.751  -0.001 316.750  2797725.6 465131.2 277229.6 48440.1  13010.0  6431.4  4911.0
  -168 174.055  -0.001 174.054  2698246.2 309774.9 201090.7 38878.4  13771.7  2968.6  4834.9
  -167  48.290  -0.000  48.290  2938265.4 333446.9 250338.9 43144.1  10676.1  5764.3  4308.3
  -166 -24.593   0.000 -24.593  2671910.3 438349.9 565228.0 41082.1  15124.7  7592.7  5209.5
  -165 -260.756   0.001 -260.755  2736492.7 409871.1 261484.3 43033.1  14071.2  3080.9  4766.7
  -164 -117.552   0.001 -117.551  2529281.5 398025.7 328766.2 43019.1  14178.5  4044.6  4816.1
  -163 -45.186   0.000 -45.186  2663470.0 429197.4 372981.4 40528.7  13849.9  4178.6  4847.6
  -162 -82.941   0.001 -82.940  2718680.8 330658.7 235842.1 40142.8  12595.2  3594.2  4645.5
  -161 -131.972  -0.000 -131.972  2741895.1 389751.2 228073.3 43219.8  12338.7  5924.2  4534.0
  -160 181.935  -0.001 181.933  2646083.8 401484.8 405388.0 45907.6  14402.2  5384.5  5129.4
  -159  -3.547  -0.000  -3.547  2816254.3 330107.4 242381.9 40383.8  11391.3  5525.5  4446.0
  -158 -168.583   0.000 -168.583  2789532.3 337631.9 200020.1 42568.6  11962.5  7078.2  4500.3
  -157 275.160  -0.001 275.159  2731777.8 333581.0 287911.5 47753.3  12821.5  7524.5  4754.3
  -156 141.247  -0.000 141.247  2782817.4 461189.4 290878.8 42154.8  13658.5  4135.7  4934.3
  -155 -392.109   0.001 -392.108  2595711.7 382104.3 251581.1 36176.3  13125.4  3117.8  4482.1
  -154  17.697  -0.000  17.697  2582236.5 430751.4 314933.1 49631.9  13321.6  6025.1  4697.2
  -153 110.474  -0.000 110.473  2683202.2 386349.8 422553.5 41254.8  15774.4  2981.5  5184.4
  -152  70.977  -0.000  70.977  2766142.5 416710.4 335314.5 42493.5  14780.9  4237.3  5191.9
  -151 -233.299   0.001 -233.297  2704151.4 390751.4 229787.2 35637.0  13144.8  3527.5  4666.3
  -150  86.881  -0.000  86.881  2672318.5 432362.0 375406.0 43816.0  12088.6  5817.8  4714.9

         Carbon flux (ktC/yr)        Water (dam3/yr)                Nitrogen (MgN/yr)
       ----------------------- -------------------------- --------------------------------
Spinup NEP     estab   NBP     transp     evap    interc  nuptake ndemand  nlosses ninflux
------ ------- ------- ------- ---------- ------- ------- ------- -------- ------- -------
  -149 -27.003  -0.000 -27.003  2602425.8 443547.5 486997.6 44482.8  15412.4  2987.9  5147.4
  -148 -29.565   0.000 -29.565  2539811.5 444923.2 541774.8 38072.4  16057.9  2489.1  5372.4
  -147 -901.195   0.004 -901.191  2240081.6 379853.8 224343.3 31898.8   8807.6  9267.6  3909.1
  -146 272.132  -0.002 272.130  2538606.8 497395.4 311948.6 44539.5  13651.3  5981.1  5159.4
  -145 213.519  -0.001 213.518  2601402.5 441125.1 296604.1 34125.9  11718.0  5669.8  4864.9
  -144 228.644  -0.001 228.643  2607165.3 405478.0 379768.0 47745.7  12523.8  4701.0  5108.2
  -143 122.669  -0.001 122.668  2745940.7 464417.6 359800.3 42466.6  13174.1  5756.8  5041.1
  -142  72.591  -0.000  72.590  2670144.1 414087.4 319864.4 43970.4  12838.2  6320.3  4705.1
  -141 -130.103   0.001 -130.103  2856856.7 371107.1 235259.0 39509.6  13205.1  4704.5  4593.3
  -140  16.849  -0.000  16.848  2665210.1 426995.9 241809.7 46744.1  13768.2  5224.0  4807.3
  -139 -196.940   0.001 -196.939  2496820.4 436820.0 254416.0 35825.3  12663.8  5935.7  4489.7
  -138  27.349   0.000  27.350  2478873.5 403753.6 313099.4 44310.2  13122.4  4723.3  4791.7
  -137 104.920  -0.001 104.919  2671098.3 488587.4 300396.0 43722.3  14328.2  3568.8  4987.0
  -136  83.759  -0.000  83.759  2703569.6 425221.4 377202.7 36773.1  12790.7  4603.3  4762.6
  -135 -172.862   0.000 -172.861  2755898.0 332071.1 195442.8 41045.2  12473.5  4155.7  4626.0
  -134 -846.443   0.004 -846.440  2276210.3 380517.4 221674.8 32570.0   8274.9 16255.2  3789.6
  -133 283.848  -0.002 283.847  2575280.8 491787.7 316078.6 43648.5  13792.5  6455.0  5129.7
  -132 205.938  -0.001 205.937  2620792.0 429103.4 360002.8 39306.8  13998.4  5239.5  5283.7
  -131  89.730  -0.000  89.730  2611736.0 443016.9 464496.3 45130.2  13759.7  4871.1  5110.4
  -130 122.600   0.000 122.600  2717266.3 418979.4 317316.2 33988.2  13167.2  3608.8  4899.9
  -129 -72.054   0.001 -72.054  2484191.9 404927.8 307908.9 44554.9  12530.3  4639.4  4795.3
  -128 108.120  -0.001 108.119  2820251.5 378957.5 225395.4 44868.6  14842.1  3537.6  5033.1
  -127 313.935  -0.001 313.934  2746782.6 447600.1 347477.7 42876.6  13824.4  5387.0  5119.4
  -126  62.102  -0.000  62.102  2786584.5 419198.8 378581.0 38088.8  12708.5  5039.4  4723.5
  -125 -96.823   0.000 -96.823  2693944.0 413825.1 247703.3 43555.1  13825.5  3334.4  4805.4

         Carbon flux (ktC/yr)        Water (dam3/yr)                Nitrogen (MgN/yr)
       ----------------------- -------------------------- --------------------------------
Spinup NEP     estab   NBP     transp     evap    interc  nuptake ndemand  nlosses ninflux
------ ------- ------- ------- ---------- ------- ------- ------- -------- ------- -------
  -124  14.391   0.000  14.392  2780045.5 325472.0 235455.0 40910.7  12614.1  4543.9  4622.3
  -123  56.467  -0.001  56.467  2763354.3 445020.6 262272.1 43654.6  13201.5  5311.6  4911.2
  -122 -147.496   0.000 -147.496  2734229.6 387148.9 222814.9 35361.5  12802.2  4157.5  4649.0
  -121 -11.858   0.000 -11.857  2840316.2 375557.1 232841.3 44050.4  11742.7  5613.3  4442.6
  -120 -92.557  -0.000 -92.557  2712114.6 393897.2 219782.2 38288.8  12497.5  5711.5  4615.0
  -119 145.897  -0.000 145.897  2737808.8 415536.7 323492.9 43453.8  13968.1  5393.3  5174.3
  -118 -182.139   0.002 -182.137  2663985.5 415849.4 248677.5 41533.8  14320.8  3118.6  4862.1
  -117  59.368  -0.000  59.367  2814713.3 386329.2 214270.8 45250.4  12436.5  3479.0  4632.4
  -116 117.242  -0.001 117.241  2694187.9 425031.5 241815.2 44367.9  13718.5  3731.1  4751.9
  -115 -210.158   0.001 -210.158  2520642.7 433400.5 259383.1 34285.1  12569.5  6146.3  4455.2
  -114 135.610  -0.000 135.610  2553042.9 451121.4 525509.2 43277.5  15052.7  4395.5  5299.8
  -113 -55.333   0.000 -55.333  2720273.9 454929.8 374063.4 41083.7  14497.4  3413.2  5107.5
  -112 -328.850   0.001 -328.849  2465429.2 434376.7 253744.8 35733.6  12866.2  5819.7  4559.6
  -111 220.250  -0.000 220.249  2619728.2 472447.6 262359.2 45293.5  13748.8  3868.8  5082.6
  -110 -148.632   0.000 -148.632  2596270.5 399925.3 212035.9 36044.4  13139.1  2960.8  4712.4
  -109 111.791  -0.000 111.791  2621931.0 435541.3 364064.1 41331.9  11887.9  6206.6  4726.8
  -108 -844.586   0.004 -844.582  2233600.0 379191.0 218568.3 31372.5   8631.1  9401.0  3864.2
  -107 200.370  -0.001 200.368  2484178.2 454985.4 318684.7 38888.7  12179.2  6658.8  4792.3
  -106  69.922  -0.001  69.921  2469914.1 464093.0 430466.1 44021.4  13793.2  4063.3  5188.7
  -105 -54.374  -0.000 -54.375  2698273.2 384750.6 213448.2 39298.0  12449.2  4541.0  4628.5
  -104 123.238  -0.001 123.237  2588184.9 434819.1 225892.1 45651.4  13094.9  5415.9  4798.9
  -103 305.031  -0.002 305.030  2871048.8 375794.4 230391.0 43058.0  13828.0  4592.1  4863.7
  -102 373.468  -0.001 373.466  2782226.2 372921.7 417510.3 45445.9  12590.3  6107.7  4890.2
  -101 231.744  -0.001 231.743  2889895.1 401043.4 411424.1 41846.2  14359.8  5596.9  5072.6
  -100   4.163   0.001   4.164  2982133.5 311092.0 255499.5 39141.0  11826.2  5103.0  4406.3

         Carbon flux (ktC/yr)        Water (dam3/yr)                Nitrogen (MgN/yr)
       ----------------------- -------------------------- --------------------------------
Spinup NEP     estab   NBP     transp     evap    interc  nuptake ndemand  nlosses ninflux
------ ------- ------- ------- ---------- ------- ------- ------- -------- ------- -------
   -99  63.493  -0.000  63.492  3018293.6 359836.0 251827.2 46496.6  14121.5  5438.7  4791.6
   -98  49.022   0.000  49.022  2903532.4 404959.2 399523.6 39493.0  12379.1  6781.1  4615.1
   -97 -250.024   0.001 -250.023  2817256.2 375838.5 234620.0 37283.6  13129.0  3745.4  4596.0
   -96 123.477   0.000 123.478  2739723.8 444185.1 364349.4 45312.8  14859.6  4730.9  5116.6
   -95 -96.317   0.000 -96.317  2777940.0 450902.5 381488.1 41170.0  15314.0  3064.6  5090.0
   -94 -32.741  -0.000 -32.741  2756697.5 369431.0 301381.2 40608.4  15296.6  3820.6  5043.7
   -93  22.192   0.001  22.193  2721668.4 415442.3 334630.4 34218.4  13359.2  3717.3  4845.7
   -92 -29.118   0.001 -29.118  2621038.0 457525.6 349930.3 44739.5  14555.4  3586.5  5205.4
   -91 -62.687  -0.001 -62.688  2804362.1 379783.0 233402.8 41323.0  14987.1  2986.9  5021.7
   -90 -288.509   0.001 -288.509  2473905.8 435913.5 253227.6 36056.9  11532.1  7112.8  4438.0
   -89  43.205  -0.000  43.205  2626634.5 427411.0 237525.9 46017.6  13223.2  4103.2  4777.3
   -88 -113.182  -0.000 -113.182  2730162.8 337116.2 190271.5 40001.8  12688.8  4889.2  4637.2
   -87 364.662  -0.002 364.660  2678673.6 392293.0 405196.6 48300.2  13660.6  6269.3  5023.9
   -86 134.997  -0.001 134.997  2799384.6 474008.7 322840.5 40189.8  12748.4  5055.8  4758.8
   -85 -64.899   0.001 -64.898  2761825.1 406672.8 262783.2 42076.3  13361.0  3907.8  4691.0
   -84 -47.129  -0.000 -47.129  2817546.3 446564.3 336976.0 43193.0  15182.9  4336.0  4995.3
   -83  43.104  -0.000  43.104  2786472.9 468529.4 325917.1 40915.5  14276.2  4519.8  4948.2
   -82  20.396   0.001  20.396  2621861.1 433620.2 559035.1 39418.2  15522.7  3286.5  5297.8
   -81 -88.086   0.001 -88.085  2579938.1 436951.7 549276.8 39351.1  15710.7  3255.1  5341.8
   -80 -42.859   0.001 -42.857  2684641.3 418497.6 329215.3 35517.7  13463.7  3464.7  4912.3
   -79  34.731   0.000  34.732  2614502.9 475441.9 263077.9 45191.8  13744.1  3432.9  5138.8
   -78  57.668  -0.000  57.667  2603423.7 477930.9 260738.9 40772.7  14810.3  2264.4  5167.5
   -77 -171.935   0.000 -171.934  2577751.6 365283.9 221637.2 39301.8  12147.7  3149.1  4608.2
   -76  44.302  -0.001  44.301  2606277.8 397548.9 279155.9 41953.4  15011.9  3503.0  5124.4
   -75  81.860  -0.001  81.859  2797447.4 389927.2 214766.3 42768.3  11445.0  3564.2  4533.4

         Carbon flux (ktC/yr)        Water (dam3/yr)                Nitrogen (MgN/yr)
       ----------------------- -------------------------- --------------------------------
Spinup NEP     estab   NBP     transp     evap    interc  nuptake ndemand  nlosses ninflux
------ ------- ------- ------- ---------- ------- ------- ------- -------- ------- -------
   -74 213.864  -0.001 213.863  2658490.2 335527.2 279454.7 44830.1  13105.7  4633.3  4844.2
   -73  -5.778   0.000  -5.778  2697413.7 430074.0 381804.1 38116.8  12688.7  5111.9  4692.3
   -72 -141.178   0.001 -141.177  2628190.7 421538.8 249134.1 44036.1  13813.8  3309.3  4785.0
   -71 -133.940   0.000 -133.940  2635306.4 397407.4 219077.2 38407.8  12927.1  4455.6  4651.8
   -70 256.972  -0.001 256.971  2650640.8 392337.7 413608.3 46616.0  13852.1  4830.8  5078.9
   -69 -84.378   0.001 -84.378  2542465.9 396369.9 333277.6 40860.1  12862.8  4935.8  4701.1
   -68 -24.309  -0.001 -24.309  2739205.3 457764.0 327530.3 43927.9  15019.9  4009.6  5001.5
   -67  37.528  -0.000  37.528  2647371.5 434387.5 498309.8 43530.2  15355.1  4776.1  5082.8
   -66 -40.278   0.000 -40.277  2745227.0 449429.5 387210.8 41129.1  15149.0  2752.3  5097.4
   -65 -74.507  -0.000 -74.507  2774447.3 447623.4 333674.4 42777.6  15042.6  4252.5  5010.9
   -64 -156.189   0.001 -156.188  2481709.8 436197.9 290279.1 38229.6  11418.5  5564.0  4361.2
   -63 -862.924   0.003 -862.921  2240534.7 381982.7 216868.6 35154.4   8918.3 10947.6  3882.0
   -62 318.148  -0.002 318.146  2697669.3 403772.7 201898.1 49689.2  14555.0  4845.6  5059.3
   -61 405.425  -0.002 405.423  2658432.7 340783.0 263760.5 43040.0  12060.6  6249.6  4864.6
   -60 198.286  -0.001 198.284  2657923.3 445962.9 478299.4 45123.1  13831.9  5247.8  5018.5
   -59  65.958  -0.001  65.958  2777028.6 472552.9 320747.5 40045.8  13520.0  3950.1  4923.3
   -58 105.474   0.001 105.474  2787859.5 411099.0 342889.7 36038.2  12586.3  4651.9  4774.1
   -57   5.861  -0.000   5.861  2789249.2 437903.2 270268.8 46797.4  12432.1  4212.1  4850.2
   -56 -273.994   0.001 -273.992  2628590.3 374528.0 243720.9 35180.4  12627.3  4044.4  4500.6
   -55 179.257  -0.001 179.256  2711408.3 424873.2 311823.7 47218.9  14251.2  6374.5  5191.5
   -54 -13.773  -0.000 -13.773  2738660.3 457107.9 375236.9 41059.6  14513.4  3155.0  5097.6
   -53 -137.192   0.000 -137.191  2831658.0 374913.8 234012.2 41171.0  12760.1  5023.0  4547.7
   -52 174.390  -0.001 174.389  2671429.0 337122.3 281232.1 45641.0  13630.5  5763.5  4926.0
   -51 -51.749  -0.000 -51.749  2684199.1 422298.6 249240.0 43421.7  13809.6  3855.3  4767.2
   -50  25.394  -0.001  25.394  2789119.0 453490.6 330678.8 43211.3  14667.4  4730.9  4960.0

         Carbon flux (ktC/yr)        Water (dam3/yr)                Nitrogen (MgN/yr)
       ----------------------- -------------------------- --------------------------------
Spinup NEP     estab   NBP     transp     evap    interc  nuptake ndemand  nlosses ninflux
------ ------- ------- ------- ---------- ------- ------- ------- -------- ------- -------
   -49 114.157   0.000 114.157  2783024.3 410590.4 343276.9 35117.8  12966.3  5634.5  4785.9
   -48 -211.518   0.001 -211.517  2725227.0 354903.7 237382.7 44127.9  11037.4  5912.7  4413.2
   -47 102.158  -0.000 102.158  2638056.2 339616.9 280038.8 44209.1  14482.2  3331.3  4972.6
   -46 113.765  -0.000 113.765  2664685.9 457232.7 357173.0 42016.4  15229.2  3501.1  5170.5
   -45  80.735  -0.000  80.735  2677686.8 455288.9 360358.6 42273.2  15246.7  3268.0  5168.6
   -44 -226.489   0.001 -226.488  2701057.2 355386.0 235655.3 40950.7  11939.3  4627.7  4476.8
   -43  49.722  -0.001  49.721  2675828.7 487907.5 307519.5 44114.9  14598.6  3579.7  4989.1
   -42  67.774  -0.000  67.774  2736711.2 456224.5 382809.7 41498.3  14380.6  3355.2  5038.2
   -41 -207.071   0.002 -207.070  2489284.2 434435.8 291292.3 37875.4  11500.7  5214.3  4336.1
   -40 -97.165   0.000 -97.165  2746109.9 383031.7 224608.9 45172.3  12770.8  4923.6  4484.9
   -39 176.619  -0.001 176.618  2738974.4 451318.2 262641.2 44301.6  12929.2  5897.8  4851.8
   -38  99.851  -0.000  99.851  2907330.1 379585.8 227559.0 43853.0  11228.2  4053.6  4408.5
   -37  10.652   0.000  10.652  2570217.3 395105.0 335994.5 43528.0  12984.9  5320.3  4635.9
   -36  84.557  -0.001  84.556  2752002.5 476390.4 321964.7 43927.5  14000.9  4311.6  4825.7
   -35  39.552   0.000  39.552  2946510.7 375343.4 235728.7 43411.1  11564.4  3733.0  4405.6
   -34 183.779  -0.001 183.778  2847320.1 368916.8 314802.1 44237.2  14198.1  5007.5  4818.6
   -33 144.561   0.000 144.562  2812516.4 317977.6 306114.2 42592.2  13593.9  4008.6  4771.3
   -32 -67.924   0.000 -67.924  2810797.3 468094.4 336955.0 42596.9  14190.8  3834.4  4834.4
   -31 -17.470   0.001 -17.469  2637927.5 431834.4 576846.3 39769.8  15609.0  3327.5  5206.0
   -30 -43.834   0.001 -43.832  2712630.6 442299.4 375303.2 42392.5  15342.4  3200.7  5145.2
   -29 -249.336   0.001 -249.335  2695453.0 392960.8 224239.0 37577.4  13385.8  3615.2  4655.2
   -28 -826.469   0.004 -826.465  2268055.1 380506.7 224383.0 33389.4   8112.3 12529.6  3786.9
   -27 274.605  -0.002 274.604  2704804.8 406982.6 187990.6 46359.3  11408.4  5099.7  4563.8
   -26 -88.969  -0.000 -88.970  2498524.3 399564.5 220609.3 36752.8  11229.5  5451.6  4478.1
   -25 200.222  -0.002 200.221  2545964.0 439665.6 293670.2 49256.6  11880.1  8248.2  4627.7

         Carbon flux (ktC/yr)        Water (dam3/yr)                Nitrogen (MgN/yr)
       ----------------------- -------------------------- --------------------------------
Spinup NEP     estab   NBP     transp     evap    interc  nuptake ndemand  nlosses ninflux
------ ------- ------- ------- ---------- ------- ------- ------- -------- ------- -------
   -24 -114.489  -0.000 -114.489  2742981.1 335662.7 189484.1 37426.9  12598.2  5113.6  4647.1
   -23 195.269  -0.002 195.267  2777920.5 460742.9 316341.5 47288.3  13177.5  7531.3  4852.4
   -22 -158.273   0.001 -158.272  2642007.1 374021.8 245728.8 35849.8  11742.2  6297.6  4383.9
   -21  96.675  -0.001  96.675  2821520.8 382628.0 227778.0 47916.8  11678.7  6730.0  4363.5
   -20 294.697  -0.001 294.696  2710698.3 455959.2 358712.2 43225.0  14408.8  6331.4  5043.2
   -19 -161.761   0.001 -161.760  2744124.4 351854.7 239336.6 40369.7  11488.8  5534.5  4386.1
   -18  -9.800   0.001  -9.800  2744140.7 336736.8 236983.1 41221.5  12899.0  4151.5  4588.1
   -17  68.340  -0.001  68.340  2826909.9 378234.6 240071.4 43598.3  14551.4  4607.6  4900.4
   -16 199.927  -0.000 199.927  2760113.0 412492.4 398832.7 41353.0  14365.1  5471.8  5125.7
   -15   4.741   0.001   4.742  2859389.8 320014.3 246501.3 39490.1  11833.9  4807.9  4472.1
   -14 -53.785   0.000 -53.785  2630398.2 441369.5 488405.1 45287.7  15531.0  5896.7  5108.1
   -13 -165.838   0.001 -165.837  2645194.3 416803.5 248047.1 40644.0  15125.4  2162.4  4906.1
   -12  67.014  -0.000  67.014  2522515.3 454263.3 522809.7 40680.1  16472.1  3643.2  5386.0
   -11 -323.457   0.002 -323.456  2508986.1 383949.0 235336.2 34726.5  13201.5  3043.5  4623.5
   -10 -15.623  -0.001 -15.624  2658053.2 347311.3 178077.5 45255.9  12159.0  5458.2  4652.9
    -9 234.118  -0.001 234.117  2579823.6 455471.2 464284.5 45672.3  14509.5  7842.6  5109.9
    -8 -92.436   0.001 -92.436  2776211.0 377340.3 233278.7 37504.0  12970.2  3912.1  4606.8
    -7 -186.297   0.001 -186.296  2501155.4 393281.5 234336.4 38765.0  12489.7  5362.1  4553.5
    -6 167.101  -0.001 167.100  2456242.7 468720.1 504084.6 44419.4  15081.9  6492.8  5335.6
    -5  -7.511   0.000  -7.511  2682239.1 331937.9 231785.6 38190.1  12238.4  3940.7  4634.5
    -4 -53.536   0.001 -53.535  2408044.4 412858.1 311238.4 42869.2  13236.2  6003.8  4830.6
    -3  42.079  -0.001  42.078  2625870.7 457345.8 252626.6 43042.5  13813.9  3669.4  4998.6
    -2 122.802   0.000 122.802  2629721.2 429990.9 321883.5 33380.4  13104.3  3741.5  4889.4
    -1  -3.531  -0.000  -3.532  2658212.3 453506.3 258367.6 44692.7  12440.2  3964.1  4913.7
     0 -827.632   0.004 -827.628  2239258.2 377138.0 220810.4 30178.7   8799.4  9388.0  3907.3

         Carbon flux (ktC/yr)        Water (dam3/yr)                Nitrogen (MgN/yr)
       ----------------------- -------------------------- --------------------------------
Spinup NEP     estab   NBP     transp     evap    interc  nuptake ndemand  nlosses ninflux
------ ------- ------- ------- ---------- ------- ------- ------- -------- ------- -------
     1 233.740  -0.002 233.738  2443320.2 478704.7 407537.4 44054.3  14168.0  5645.5  5230.9
     2  51.920  -0.001  51.919  2554903.6 432968.1 288434.7 37663.5  14154.4  3487.4  5383.0
     3  24.467   0.000  24.467  2563996.1 432006.1 292416.1 41261.9  14253.7  3677.7  5371.3
     4 -269.462   0.001 -269.461  2347305.7 453215.9 230370.5 35390.0  12451.3  4771.7  4669.8
     5  38.986  -0.001  38.985  2614941.0 349858.6 169917.7 44059.0  12030.5  4537.4  4773.2
     6 281.931  -0.001 281.929  2728595.0 332996.2 216048.1 43025.1  10960.7  7543.3  4543.9
     7 160.872  -0.001 160.871  2667106.5 429035.6 233267.6 44111.8  12578.7  6360.5  4739.8
     8 107.658  -0.000 107.658  2715813.2 424628.3 370018.4 38180.9  12637.9  6555.6  4741.5
     9 -60.924   0.000 -60.924  2657481.8 418057.0 242235.5 43203.2  13856.0  3348.8  4835.9
    10 114.990  -0.000 114.989  2563326.5 447011.6 522303.5 40429.9  15844.6  4285.1  5347.3
    11 -878.677   0.005 -878.673  2281993.5 373453.6 223266.9 29701.1   9005.7  9227.7  3911.0
    12 328.062  -0.002 328.060  2553761.8 445184.9 263727.3 41575.3  14132.4  5859.5  5362.9
    13 -54.728  -0.000 -54.728  2585117.7 363024.1 206668.8 37029.4  11240.3  5321.5  4639.0
    14 -42.591  -0.000 -42.591  2571228.8 368521.6 206293.9 41795.1  11543.6  4904.7  4636.7
    15 124.247  -0.001 124.245  2490338.6 439018.1 283666.6 43857.7  13427.8  4394.6  4845.1
    16  53.682  -0.001  53.681  2694587.6 458286.7 298328.1 38563.1  14820.2  3466.5  5080.4
    17 -50.098   0.001 -50.097  2455904.5 436326.6 267230.3 37710.2  10999.2  5368.9  4371.4
    18 -711.148   0.003 -711.145  2221870.7 378234.3 206261.7 35062.2   9021.0 10471.2  3930.3
    19 323.547  -0.002 323.545  2548666.1 474747.8 211717.9 45533.4  13646.2  4796.6  5072.7
    20 172.651  -0.001 172.650  2572222.4 434010.4 216289.4 40778.2  13064.3  3865.5  4902.0
    21 378.418  -0.002 378.417  2656438.7 394462.3 378694.1 43952.9  14077.3  4474.5  5182.1
    22 275.367  -0.001 275.366  2811053.7 372181.8 289246.5 41186.5  13523.8  5011.4  4941.6
    23  -7.007   0.001  -7.006  2599238.1 381007.8 327384.1 39513.3  12984.6  4431.0  4711.5
    24 -86.741   0.001 -86.741  2717520.9 346127.7 228900.8 42989.9  12131.0  4712.7  4515.7
    25 -94.149  -0.000 -94.149  2655712.0 395461.8 211864.9 37115.2  13679.3  3557.8  4710.9

         Carbon flux (ktC/yr)        Water (dam3/yr)                Nitrogen (MgN/yr)
       ----------------------- -------------------------- --------------------------------
Spinup NEP     estab   NBP     transp     evap    interc  nuptake ndemand  nlosses ninflux
------ ------- ------- ------- ---------- ------- ------- ------- -------- ------- -------
    26 237.079  -0.001 237.078  2873040.1 372091.1 234426.7 44306.6  13442.9  4469.9  4827.9
    27 133.506   0.000 133.506  2716452.3 409389.8 322987.3 43663.8  11984.0  6725.7  4571.0
    28  44.491   0.001  44.492  2803442.5 406397.0 333805.5 32228.0  13966.4  3798.7  4884.7
    29 -258.762   0.001 -258.761  2678735.3 390232.8 214844.1 38799.0  12800.0  3515.1  4717.7
    30  46.186   0.000  46.186  2559434.8 426043.2 303911.1 45608.0  13186.3  4641.1  4834.5
    31 -59.240   0.000 -59.240  2567944.3 419834.9 308141.1 39886.2  14821.1  3069.3  4937.3
    32  17.888   0.000  17.888  2608797.6 454339.4 336951.4 39046.1  16454.9  2371.8  5361.8
    33 -161.086   0.001 -161.086  2599077.5 361175.2 217683.9 40110.0  12702.0  3401.7  4693.1
    34  68.143  -0.001  68.142  2591459.1 396702.5 271417.1 41004.8  15493.3  3083.3  5180.5
    35 233.814  -0.001 233.813  2545933.5 312830.3 179711.0 37997.7  13717.1  3227.6  5001.2
    36 -133.146  -0.000 -133.146  2702647.1 343313.9 187965.4 41499.8  11047.2  5677.0  4443.3
    37 261.260  -0.001 261.259  2688599.2 422367.4 379580.5 44055.6  14613.3  6986.2  5167.6
    38 133.585  -0.000 133.585  2709544.0 377744.8 419352.9 40735.9  14348.5  3518.9  5104.4
    39 -909.617   0.005 -909.612  2321682.9 374307.1 228891.7 29546.8   8694.7 11474.0  3808.7
    40 123.019  -0.001 123.018  2555983.9 413434.6 184942.9 37526.1  12303.2  5869.2  4690.5
    41 154.255  -0.001 154.254  2626259.1 476318.7 331785.9 42171.3  12776.4  5767.7  5093.6
    42 155.072  -0.000 155.072  2644184.6 463507.4 252504.7 40654.8  13411.1  4435.2  5096.3
    43 -26.470  -0.001 -26.471  2686885.1 461910.4 298644.8 40208.6  14821.4  2857.2  5086.8
    44 115.372   0.000 115.373  2686375.6 417358.8 312494.5 33397.3  13031.1  4823.3  4890.4
    45  76.418   0.000  76.419  2614347.3 336168.1 266913.1 43679.6  13222.2  3782.5  4976.2
    46  57.188   0.000  57.188  2664166.9 424607.1 307201.2 34377.1  13348.4  3724.7  4903.1
    47 -77.578   0.000 -77.577  2595286.8 436292.7 350903.7 39344.6  12646.2  4488.9  4822.2
    48 -165.802   0.001 -165.802  2586991.1 357748.4 214429.5 39158.3  12251.4  3867.0  4640.8
    49 -116.380  -0.000 -116.380  2646607.0 394751.0 208849.0 40387.6  13422.8  3816.2  4709.9
    50 -44.785  -0.000 -44.785  2561814.0 366277.3 211730.3 40408.9  11937.3  5340.5  4607.7

         Carbon flux (ktC/yr)        Water (dam3/yr)                Nitrogen (MgN/yr)
       ----------------------- -------------------------- --------------------------------
Spinup NEP     estab   NBP     transp     evap    interc  nuptake ndemand  nlosses ninflux
------ ------- ------- ------- ---------- ------- ------- ------- -------- ------- -------
    51 -50.239  -0.001 -50.240  2624254.5 348411.2 175847.9 39271.7  13083.7  4062.1  4732.4
    52 188.478  -0.001 188.476  2695636.1 465921.7 299874.2 43429.1  13552.3  6423.0  4923.3
    53 -69.916   0.000 -69.916  2753663.8 330040.5 190461.6 37868.2  12285.7  6110.4  4577.0
    54  47.187   0.000  47.187  2492020.4 396925.6 314343.5 44038.9  13021.7  7482.4  4716.8
    55 107.154  -0.001 107.153  2716249.1 438711.7 258794.4 42188.5  13894.2  3877.6  4910.3
    56 -88.789   0.001 -88.788  2797192.3 372550.3 232393.1 38239.7  13021.6  4252.1  4547.8
    57 238.124  -0.001 238.123  2590466.8 310903.5 186905.8 41360.7  13936.0  4466.5  4916.4
    58 144.552  -0.001 144.551  2729255.3 478917.2 311053.3 41845.7  12675.2  4530.3  4740.1
    59 -268.456   0.002 -268.454  2615953.7 371658.5 247153.7 33506.3  12606.2  3533.8  4466.0
    60 196.807  -0.001 196.806  2646945.7 390767.5 393587.0 47696.9  14637.2  4468.8  5123.2
    61 150.469  -0.001 150.469  2685411.4 378926.9 412469.2 40826.9  14701.5  3392.6  5099.4
    62  31.773   0.000  31.773  2623421.4 434509.9 547087.3 37408.6  15566.5  4745.1  5279.6
    63 -152.202   0.001 -152.201  2680485.4 411919.0 247735.8 41376.9  14377.8  2814.4  4856.0
    64 -70.198   0.001 -70.198  2667460.1 349570.3 226233.9 40520.0  12660.0  4043.4  4605.6
    65 144.050  -0.000 144.050  2618286.0 458524.7 336707.2 41149.8  16269.8  2466.6  5276.4
    66  38.016  -0.000  38.015  2618639.1 393690.3 394824.1 40752.5  15692.1  2604.2  5253.2
    67 120.920  -0.001 120.919  2646939.9 386263.5 400821.9 42480.1  14696.9  3322.3  5150.2
    68 -22.208   0.000 -22.208  2833147.6 380286.1 220594.8 41512.9  11266.4  3801.5  4409.1
    69 270.778  -0.001 270.777  2738662.8 463951.0 270391.5 43754.2  14037.0  3684.2  5014.2
    70  -2.758   0.000  -2.757  2583391.4 445037.4 539374.9 36542.3  16376.3  2339.7  5332.1
    71 -139.081   0.001 -139.080  2683659.4 474915.7 312334.7 38980.1  14573.7  3165.7  5031.0
    72  22.532   0.001  22.533  2626048.8 330157.5 278170.8 41037.2  14262.3  2970.3  5017.2
    73 -25.951  -0.000 -25.951  2669562.6 486604.7 304505.2 41949.3  14259.1  3297.0  5029.9
    74 -84.007   0.000 -84.006  2636184.8 421468.0 242041.2 41355.5  14097.4  3196.3  4866.7
    75  89.041  -0.000  89.040  2689022.1 419677.1 313804.9 42296.9  15438.2  3777.4  5301.0

         Carbon flux (ktC/yr)        Water (dam3/yr)                Nitrogen (MgN/yr)
       ----------------------- -------------------------- --------------------------------
Spinup NEP     estab   NBP     transp     evap    interc  nuptake ndemand  nlosses ninflux
------ ------- ------- ------- ---------- ------- ------- ------- -------- ------- -------
    76 -29.797   0.000 -29.797  2690309.1 376690.7 292378.3 39760.1  15356.8  2840.6  5120.2
    77  17.493  -0.000  17.492  2695971.8 460439.2 365258.9 41727.9  14505.7  3214.1  5132.5
    78  44.230   0.000  44.231  2696479.6 419049.0 325420.1 35299.0  13316.1  4433.8  4890.9
    79 -319.853   0.001 -319.852  2507085.2 388369.1 230263.0 38904.7  12030.8  3961.7  4563.4
    80  78.007  -0.001  78.006  2571204.6 442830.5 346998.9 42985.4  12450.7  6572.1  4781.6
    81 138.041  -0.001 138.040  2595960.3 397198.3 393003.6 41821.2  14556.2  2944.4  5198.4
    82 -114.648   0.000 -114.648  2774733.7 382681.5 228855.7 40403.5  11784.7  5149.3  4460.9
    83  44.037  -0.000  44.036  2578833.0 429833.4 312027.9 44767.2  13111.7  6762.7  4737.8
    84   9.860   0.000   9.860  2831862.6 383099.2 219853.2 41316.6  12684.8  3227.4  4626.3
    85 149.421  -0.000 149.421  2704693.3 425997.5 325913.5 37433.3  13187.7  4367.5  4805.1
    86 -894.487   0.004 -894.483  2271404.3 382641.9 223502.7 31828.6   8274.3 10652.8  3796.1
    87 162.984  -0.002 162.982  2504284.5 449528.0 206230.5 44499.7  13460.9  4932.6  4898.7
    88 286.391  -0.001 286.390  2568509.0 340830.0 255706.6 41060.6  12886.9  4659.6  4970.0
    89 159.069  -0.001 159.068  2831673.6 389950.7 206645.4 43899.5  10977.9  4190.8  4493.8
    90 385.519  -0.002 385.517  2669480.8 308217.6 184774.4 41670.4  12565.7  4715.7  4755.6
    91  56.015  -0.000  56.014  2958556.2 376448.0 237897.7 42473.0  10466.1  6421.4  4153.0
    92  54.665  -0.000  54.665  2981551.1 376450.1 229105.3 44407.8  11287.4  6651.3  4385.8
    93  56.187  -0.000  56.187  2736528.8 410292.3 333565.0 44935.3  13207.6  5765.7  4564.9
    94  14.849   0.001  14.850  2790811.4 433458.8 375386.6 38796.4  16305.2  3346.1  5131.0
    95 -195.761   0.000 -195.761  2797358.1 445010.4 332432.4 41700.8  15732.1  2862.5  5010.2
    96  82.414   0.000  82.415  2706234.0 442675.9 360462.6 41356.8  15683.8  3873.2  5174.7
    97 -917.604   0.004 -917.600  2284302.8 375934.0 225014.3 30910.7   9334.7  8298.1  3892.9
    98 345.354  -0.002 345.352  2526949.6 350967.2 240023.6 43515.7  13900.1  5387.9  5039.7
    99 155.800  -0.001 155.799  2782200.9 395291.0 197406.1 42632.6  10959.9  4061.5  4550.4
   100 256.127  -0.002 256.125  2730487.9 488660.0 290853.0 42882.7  12609.8  5337.6  4831.2

         Carbon flux (ktC/yr)        Water (dam3/yr)                Nitrogen (MgN/yr)
       ----------------------- -------------------------- --------------------------------
Spinup NEP     estab   NBP     transp     evap    interc  nuptake ndemand  nlosses ninflux
------ ------- ------- ------- ---------- ------- ------- ------- -------- ------- -------
   101 162.871  -0.001 162.871  2803820.7 366018.9 297340.1 39670.5  13455.4  4653.2  4896.1
   102 -258.310   0.002 -258.308  2646616.6 368045.9 244340.8 35994.1  12038.4  4070.9  4411.8
   103 -203.571   0.000 -203.571  2474949.3 436711.2 243947.1 41089.7  11880.6  7534.5  4411.9
   104 273.272  -0.001 273.271  2645471.9 455975.1 338838.4 44498.8  14575.3  4474.0  5117.6
   105 -873.442   0.004 -873.438  2273719.2 377098.5 219601.6 29960.8   8820.9  9794.0  3832.4
   106 464.459  -0.002 464.457  2556115.2 488919.6 227468.1 42846.1  13058.4  5542.5  5046.6
   107 210.859  -0.001 210.858  2581327.0 467179.2 314230.4 40381.0  13941.5  3597.0  5204.6
   108 -190.839   0.001 -190.838  2527561.1 386003.0 222262.7 35796.4  12084.4  4017.9  4536.3
   109 407.525  -0.002 407.523  2576273.9 315240.6 170108.5 46535.7  12552.6  5441.9  4850.6
   110 245.692  -0.001 245.691  2748400.9 422109.4 238048.5 44617.9  11393.0  5428.3  4433.7
   111 222.025  -0.000 222.025  2855262.1 401201.0 328136.9 40524.7  14317.7  6487.9  5093.1
   112  11.578   0.001  11.579  2809719.7 440995.8 284204.4 41115.9  14099.7  3442.5  5000.8
   113 -144.297  -0.000 -144.297  2782349.5 448373.0 322261.0 41431.8  15696.4  2491.5  5043.7
   114  67.034  -0.000  67.034  2628979.6 429264.5 538478.0 39163.3  15702.8  4309.5  5295.2
   115 -38.378  -0.000 -38.378  2773669.3 464796.2 314110.8 41137.2  14061.9  3694.5  4966.8
   116 111.026   0.000 111.026  2736738.7 319895.7 286246.1 41674.4  14040.7  3458.0  4934.7
   117 -896.015   0.004 -896.010  2327613.7 372548.3 226273.3 31178.8   8928.1  9840.5  3841.7
   118 126.598  -0.002 126.597  2582174.9 411786.0 184559.9 39868.1  12383.2  5775.3  4682.8
   119 260.928  -0.002 260.927  2721736.7 452543.3 237424.9 43151.3  11452.5  5607.6  4854.5
   120 -65.664  -0.000 -65.664  2800172.0 327793.7 185242.2 38719.4  11546.3  5691.2  4562.4
   121 272.452  -0.002 272.451  2833306.4 434421.2 255226.9 46863.3  11735.6  7747.1  4657.5
   122 -861.325   0.004 -861.321  2382689.5 363983.5 228392.8 28089.2   8303.9 13740.3  3741.7
   123 349.114  -0.002 349.112  2668822.8 499187.9 261866.0 41425.0  12487.6  6739.1  4906.9
   124 170.854  -0.001 170.853  2568432.9 443364.1 493684.1 37551.6  13465.2  4394.9  5264.7
   125  46.756   0.000  46.756  2591511.4 432768.9 507328.7 39299.5  13942.7  4773.7  5278.2

         Carbon flux (ktC/yr)        Water (dam3/yr)                Nitrogen (MgN/yr)
       ----------------------- -------------------------- --------------------------------
Spinup NEP     estab   NBP     transp     evap    interc  nuptake ndemand  nlosses ninflux
------ ------- ------- ------- ---------- ------- ------- ------- -------- ------- -------
   126 -142.449   0.002 -142.447  2511894.2 426005.1 265294.9 38224.0  10795.9  4873.8  4377.1
   127  28.982  -0.000  28.982  2487475.8 400960.7 288347.5 44817.7  13542.8  5132.8  4869.2
   128 131.079  -0.001 131.078  2637997.8 440715.5 444281.3 43711.3  16006.3  3832.9  5221.9
   129 107.936  -0.000 107.936  2906917.9 373979.4 209243.8 40853.7  12170.7  2917.8  4597.0
   130 302.593  -0.002 302.592  2857682.0 367035.6 287149.0 43914.7  13915.2  4781.8  4896.2
   131 220.267  -0.001 220.267  2750320.1 416960.3 545208.9 38640.9  14551.4  4061.0  5163.1
   132 -60.135   0.001 -60.134  2959579.5 310233.4 246094.7 39114.4  11886.2  4788.6  4437.0
   133  -0.981   0.000  -0.980  2737544.0 404844.8 321360.0 46361.4  13203.0  6502.4  4653.1
   134 -132.670   0.001 -132.670  2781678.5 400241.4 247639.7 40230.1  15205.0  3026.5  4807.1
   135 -231.939   0.001 -231.938  2649116.6 370352.4 236513.9 36918.3  13575.2  3807.4  4519.5
   136 262.154  -0.002 262.153  2777474.2 373963.4 280440.6 47206.6  14492.0  4631.7  4981.8
   137  -3.475   0.000  -3.474  2604748.3 381981.3 324084.2 38009.5  13397.6  3778.6  4722.3
   138 153.153  -0.000 153.152  2759205.7 450101.4 269779.0 44295.7  14498.3  3526.0  5038.8
   139 -165.801   0.001 -165.800  2829625.5 376293.3 230129.7 38407.4  13780.8  3064.2  4596.4
   140  42.353  -0.000  42.353  2768715.8 329806.9 230705.4 41348.5  12449.6  5336.8  4582.6
   141 105.938  -0.000 105.938  2729211.0 419178.8 321550.5 35892.4  13072.3  5713.5  4803.3
   142 -26.274  -0.000 -26.274  2767316.2 435400.0 260142.3 43708.4  12621.5  4080.8  4851.0
   143  48.495  -0.000  48.495  2619201.8 431423.8 529511.6 38382.7  15261.4  3657.3  5273.2
   144 -147.840   0.001 -147.839  2698747.5 409576.0 245041.5 42593.9  13925.6  3235.4  4823.6
   145 158.868  -0.000 158.868  2726591.8 455213.2 267970.5 42879.9  14728.6  3936.7  5077.4
   146 -289.947   0.001 -289.946  2575157.7 379946.4 234492.6 34794.5  13576.4  2496.9  4583.8
   147  10.399  -0.000  10.399  2465263.3 405322.9 301921.0 46304.6  13400.1  5402.0  4816.5
   148 195.678  -0.001 195.678  2643952.0 331355.9 270560.4 42840.4  14420.2  3191.3  4981.0
   149   5.083  -0.000   5.083  2682928.1 420874.7 240622.9 42305.8  13742.2  3698.0  4766.7
   150  69.976  -0.000  69.976  2821056.2 323569.5 236619.4 41183.3  12190.8  4962.3  4520.5

         Carbon flux (ktC/yr)        Water (dam3/yr)                Nitrogen (MgN/yr)
       ----------------------- -------------------------- --------------------------------
Spinup NEP     estab   NBP     transp     evap    interc  nuptake ndemand  nlosses ninflux
------ ------- ------- ------- ---------- ------- ------- ------- -------- ------- -------
   151  86.358  -0.001  86.357  2784292.3 453478.0 374073.4 43736.3  14297.7  6377.0  5008.1
   152  69.222  -0.000  69.221  2789985.4 402947.9 400651.0 40130.1  15593.9  4732.2  5184.7
   153  12.937  -0.000  12.937  2823856.2 460853.1 323136.4 41648.6  13560.0  4297.1  4858.9
   154 109.678   0.000 109.679  2786190.0 316433.9 294361.7 41911.2  13756.6  3728.4  4854.9
   155  81.962  -0.000  81.962  2784895.5 371329.1 425351.5 44811.3  15136.0  3269.1  5086.4
   156 -337.709   0.001 -337.708  2827887.8 321272.5 204031.1 38883.3  11960.6  5002.2  4384.5
   157 -56.782  -0.000 -56.782  2754082.4 385752.8 222324.7 41339.6  11466.0  6994.2  4332.7
   158 175.842  -0.001 175.841  2894323.5 442846.9 335595.6 44721.4  13130.1  7110.5  4779.6
   159  23.239   0.000  23.239  2775759.9 413396.8 516760.3 43151.7  14881.1  6010.0  4958.0
   160 -183.219   0.001 -183.217  2758747.1 399500.9 259992.2 41941.9  14904.7  2546.1  4805.1
   161  38.042  -0.000  38.042  2918871.4 366892.9 244714.0 45082.2  15625.5  3773.1  4961.7
   162 224.746  -0.001 224.746  3036584.9 358943.7 250629.6 44262.2  13419.0  4604.0  4749.3
   163 320.496  -0.001 320.495  2890197.7 361325.8 442898.9 45865.2  12995.8  6084.6  4841.4
   164 -110.160   0.001 -110.159  2739425.3 373890.3 357173.7 40778.7  13078.1  5444.8  4622.5
   165  49.864  -0.000  49.864  2881348.2 360503.5 315106.6 44268.5  15519.8  3503.8  4988.5
   166  29.308   0.000  29.308  2829237.4 401368.1 416116.1 39176.9  16161.0  3422.2  5238.0
   167 -26.076   0.001 -26.075  2813157.1 445321.0 291515.2 42506.0  14309.1  3364.9  5038.4
   168  -4.924   0.001  -4.923  2682854.1 330627.8 286451.0 41960.1  15078.8  1997.9  4995.2
   169 -261.669   0.000 -261.669  2674277.9 396582.2 221205.7 36278.9  13422.9  3308.8  4718.8
   170 -837.610   0.004 -837.606  2260743.1 380561.7 221824.5 33259.0   8147.6 11644.8  3819.5
   171 268.386  -0.002 268.384  2514994.3 424469.7 345965.3 45873.5  14425.7  4824.8  5294.6
   172  59.266  -0.001  59.265  2607463.6 442382.9 344673.1 37233.6  11615.2  6113.6  4786.3
   173 134.171  -0.001 134.170  2812383.6 389333.2 206452.6 44930.5  10985.1  3833.6  4535.3
   174 362.984  -0.002 362.983  2648484.3 311593.7 183667.4 41990.1  12547.0  4620.2  4797.7
   175 166.286  -0.001 166.285  2845003.9 455982.4 379216.1 43943.9  12534.4  6796.4  4861.4

         Carbon flux (ktC/yr)        Water (dam3/yr)                Nitrogen (MgN/yr)
       ----------------------- -------------------------- --------------------------------
Spinup NEP     estab   NBP     transp     evap    interc  nuptake ndemand  nlosses ninflux
------ ------- ------- ------- ---------- ------- ------- ------- -------- ------- -------
   176 -987.672   0.005 -987.667  2366562.1 367684.1 234242.1 28703.9   8685.8 12952.3  3768.4
   177 276.835  -0.002 276.834  2489824.9 469319.6 459427.5 40016.9  13980.1  6198.7  5319.8
   178 200.556  -0.001 200.555  2598259.7 311987.9 173061.6 39014.0  12275.7  4192.1  4916.2
   179 169.550  -0.001 169.549  2726835.3 423048.4 232498.1 47025.4  11252.8  5514.6  4515.5
   180 -17.622   0.000 -17.621  2787655.5 342447.2 228317.4 39414.6  11048.4  7652.0  4380.8
   181 -251.749   0.001 -251.749  2506681.2 441034.3 247356.6 36331.6  12795.7  5540.0  4492.9
   182 -69.959   0.001 -69.958  2448376.2 440710.2 266235.3 40644.4  11242.4  4657.1  4393.6
   183 206.985  -0.001 206.984  2625724.9 471296.0 250566.4 45760.2  14232.1  3642.6  5098.8
   184 -814.187   0.004 -814.184  2248629.5 382821.6 212653.6 29150.2   8976.5  8137.5  3889.8
   185 369.949  -0.002 369.946  2430921.7 479448.3 438870.8 41677.8  14164.8  5676.6  5390.0
   186 -177.638   0.000 -177.638  2483464.4 388553.3 215089.2 34585.1  11502.4  4452.0  4582.8
   187 306.141  -0.001 306.140  2606753.0 439377.4 286329.9 41117.2  11745.0  6925.4  4787.6
   188 -21.495  -0.001 -21.496  2642678.7 400186.1 200554.4 38033.9  11114.2  5504.7  4584.3
   189 206.221  -0.000 206.221  2617551.2 422691.1 300357.6 46426.2  11496.8  6962.6  4585.2
   190 -162.263   0.000 -162.263  2788519.3 327003.8 188072.9 36771.0  12866.4  4869.9  4656.5
   191 279.697  -0.001 279.695  2748903.3 414592.8 374822.9 46355.0  14609.6  6954.5  5167.9
   192  83.158  -0.000  83.158  2729692.0 422638.5 488899.3 42489.0  14896.7  3961.6  5035.9
   193  87.618   0.000  87.619  2763304.9 315003.8 286519.3 39860.8  14696.2  2574.1  4948.3
   194 101.429   0.000 101.429  2746286.4 321824.5 282447.7 42478.7  14481.6  3299.0  4924.6
   195 -871.689   0.004 -871.685  2332238.2 372439.7 224651.4 30582.3   9037.1  9411.5  3834.8
   196 276.465  -0.002 276.463  2641367.2 464525.2 220757.0 42765.8  13101.1  5217.2  4983.7
   197   1.899  -0.001   1.898  2664027.1 395236.7 198630.5 34711.0  11710.3  4609.2  4658.9
   198 287.232  -0.001 287.231  2751840.4 373654.1 276182.7 44498.8  12441.0  5684.3  4890.4
   199  46.812  -0.000  46.811  2732402.8 407640.4 236860.6 40782.8  12980.9  4159.4  4730.7
   200  38.698  -0.001  38.697  2829054.3 441603.4 313707.3 42258.8  14536.6  4922.9  4982.4

         Carbon flux (ktC/yr)        Water (dam3/yr)                Nitrogen (MgN/yr)
       ----------------------- -------------------------- --------------------------------
Spinup NEP     estab   NBP     transp     evap    interc  nuptake ndemand  nlosses ninflux
------ ------- ------- ------- ---------- ------- ------- ------- -------- ------- -------
   201  86.689   0.000  86.689  2819473.4 396535.0 318978.8 39681.6  14844.6  5046.7  5213.9
   202 -52.518   0.001 -52.517  2813384.8 423580.7 262038.7 41155.6  14021.8  3280.6  4987.7
   203 126.964  -0.001 126.964  2752405.6 372867.4 399338.6 42870.6  15410.8  3052.0  5215.0
   204  74.585  -0.000  74.585  2732823.3 406953.2 317099.1 44155.3  13393.7  4720.1  4735.7
   205 -124.613   0.001 -124.612  2823491.4 337283.0 233818.1 38151.2  12842.7  4401.3  4556.2
   206  61.379  -0.001  61.378  2782473.8 469825.8 302160.6 43639.4  15161.4  3115.2  5016.0
   207  39.960  -0.000  39.960  2690962.5 406648.8 318819.2 41643.7  14021.4  3606.8  4756.4
   208  29.941   0.001  29.942  2799478.2 403172.0 328860.9 33644.4  14343.3  3074.6  4893.9
   209  -3.217   0.000  -3.217  2884796.4 382528.7 212842.5 46627.0  11856.5  3285.1  4574.4
   210 273.327  -0.001 273.325  2766829.2 381330.4 400194.9 44847.0  14863.1  3326.7  5088.0
   211  63.861  -0.000  63.861  2784432.6 419087.7 496731.7 42355.2  15291.0  4343.9  5017.7
   212 -48.103   0.001 -48.102  2835270.3 402495.8 390808.1 36216.5  13964.2  3554.9  4771.4
   213 -401.613   0.001 -401.611  2508800.8 423143.8 257044.2 35956.0  13316.9  4341.1  4526.8
   214  34.492  -0.000  34.492  2707289.0 458114.3 355481.8 45148.1  14836.0  3815.0  5112.6
   215 -292.838   0.001 -292.837  2471192.2 432103.6 246687.2 34560.4  13144.7  4976.1  4560.3
   216 222.759  -0.001 222.758  2615869.7 394713.7 388017.1 46472.1  14603.1  3731.5  5179.0
   217  58.777  -0.000  58.777  2795911.0 325447.6 231350.7 40379.1  11794.4  4840.4  4523.0
   218  51.572  -0.001  51.571  2647731.8 439773.7 475414.2 44570.2  15298.8  6434.8  5087.1
   219 -175.920   0.001 -175.919  2733072.0 345220.2 231627.8 37839.2  12573.6  3862.6  4543.9
   220  57.973  -0.001  57.972  2711960.3 478703.8 298197.1 44089.7  14690.3  3326.1  4981.9
   221 253.382  -0.001 253.381  2651907.0 301110.8 190243.0 38598.5  13889.7  3129.1  4895.7
   222 275.904  -0.001 275.903  2693335.0 305450.0 195021.5 43009.3  11933.1  4741.8  4610.4
   223 -364.650   0.001 -364.649  2793203.3 328870.9 203825.3 38991.1  10483.0  7632.8  4148.9
   224 -958.899   0.005 -958.894  2332206.5 374414.9 225849.2 31634.4   8085.5 18417.2  3666.6
   225 351.981  -0.002 351.979  2591198.8 413241.4 343732.3 45449.5  14987.6  7333.2  5204.7

         Carbon flux (ktC/yr)        Water (dam3/yr)                Nitrogen (MgN/yr)
       ----------------------- -------------------------- --------------------------------
Spinup NEP     estab   NBP     transp     evap    interc  nuptake ndemand  nlosses ninflux
------ ------- ------- ------- ---------- ------- ------- ------- -------- ------- -------
   226 171.818  -0.001 171.817  2707062.7 489113.7 284667.8 39726.7  12598.6  4741.2  4902.6
   227 -15.741  -0.000 -15.741  2751014.4 387090.4 212150.7 35457.5  11650.5  4864.3  4572.0
   228 148.302  -0.000 148.302  2738765.8 411726.1 238730.0 47150.9  12123.0  4899.3  4627.9
   229 252.417  -0.001 252.417  2778011.6 319792.5 279892.8 42293.5  13735.2  4682.3  4858.9
   230 109.544  -0.001 109.543  3012652.7 359780.7 242227.5 41972.1  14388.6  3591.6  4837.3
   231  68.010  -0.000  68.009  2883083.2 454256.1 323876.5 42114.4  12423.1  5926.8  4684.2
   232 -149.021   0.001 -149.020  2890691.1 367481.8 232880.4 35799.4  12622.4  4531.2  4552.4
   233  74.869  -0.000  74.869  2854499.5 461417.4 320648.8 45305.4  13240.8  5258.1  4838.6
   234  31.639   0.000  31.639  2836960.2 396782.4 404720.8 39290.8  16044.4  3269.7  5219.0
   235 -256.225   0.001 -256.223  2796261.7 374233.3 226736.7 36582.7  13128.1  3668.9  4650.0
   236 -47.492   0.001 -47.492  2755870.5 345697.2 229945.1 43894.5  11318.4  6168.3  4454.7
   237 -16.098   0.000 -16.097  2790604.5 329893.1 230293.6 38970.3  13100.1  3697.8  4649.1
   238 -836.211   0.004 -836.208  2276067.4 378499.0 218026.4 32070.8   8754.0 11161.2  3866.3
   239  31.390  -0.000  31.389  2326953.8 465559.9 231691.2 38633.1  11287.2  5643.3  4489.2
   240 134.978  -0.002 134.977  2560051.9 439014.4 271268.2 43159.2  14225.9  4810.6  5366.5
   241  49.319  -0.001  49.319  2545538.2 453285.0 434471.4 41839.8  15038.5  3065.1  5253.7
   242 110.057  -0.001 110.056  2685962.4 375903.5 271053.3 39133.7  14715.5  3190.3  5142.8
   243  26.397  -0.000  26.397  2497185.0 397532.7 301735.0 41001.0  12943.5  4015.0  4809.5
   244 161.300  -0.001 161.298  2699050.5 481269.0 289436.4 44094.4  13906.2  3750.7  4994.6
   245 -61.675   0.000 -61.675  2811363.0 326998.9 188823.3 37900.9  12190.7  4422.0  4599.4
   246 336.562  -0.001 336.560  2795470.3 409938.9 380913.0 45908.0  14461.4  6748.2  5150.7
   247 233.848  -0.001 233.847  2835057.1 365126.1 421818.9 41972.3  14223.5  3835.2  5049.7
   248  22.410   0.000  22.410  2808655.4 412909.7 506045.4 44023.0  15076.3  4994.2  4993.4
   249 -351.241   0.002 -351.239  2704629.7 359567.2 248878.5 32919.5  13761.9  2889.6  4502.5
   250 -194.896   0.001 -194.895  2622102.4 375703.2 230484.5 39581.2  12526.8  6021.1  4476.8

         Carbon flux (ktC/yr)        Water (dam3/yr)                Nitrogen (MgN/yr)
       ----------------------- -------------------------- --------------------------------
Spinup NEP     estab   NBP     transp     evap    interc  nuptake ndemand  nlosses ninflux
------ ------- ------- ------- ---------- ------- ------- ------- -------- ------- -------
   251  46.665  -0.001  46.664  2687843.9 395083.9 206333.0 42501.2  12257.2  5027.3  4584.9
   252 258.147  -0.001 258.147  2631444.5 439842.5 524251.3 39844.5  14140.7  5690.7  5198.6
   253 -57.497   0.001 -57.496  2682732.9 407179.9 321970.8 42236.3  12964.9  4711.4  4699.8
   254 -129.766   0.001 -129.765  2704282.7 409012.3 241999.4 40769.6  15037.8  2950.1  4885.4
   255  97.962  -0.000  97.962  2731687.9 413667.3 308941.4 42454.1  15939.8  3435.5  5299.7
   256  56.348   0.000  56.348  2668491.2 327091.9 275487.7 39588.2  14884.8  2302.8  5049.4
   257 -275.145   0.002 -275.144  2564283.8 381697.8 229695.5 36018.8  13015.6  3230.4  4583.8
   258 234.739  -0.001 234.738  2612448.8 339317.6 260319.3 46901.0  13732.9  4935.7  5009.7
   259 133.316  -0.000 133.315  2699638.6 425984.7 313238.2 33500.5  13006.5  3931.3  4867.7
   260 -66.155   0.000 -66.155  2603713.8 443077.9 465965.4 45387.2  14375.8  3954.2  5122.9
   261 -60.186  -0.000 -60.187  2741171.6 434846.2 255644.1 38439.0  14061.2  2892.7  5036.3
   262 -271.144   0.001 -271.143  2561383.6 376600.9 230950.5 35499.9  12930.0  3487.6  4599.4
   263  26.214  -0.000  26.214  2445169.1 409305.5 294504.1 45821.0  13189.7  5883.7  4842.3
   264 210.937  -0.001 210.936  2644117.0 468187.5 254042.4 41869.0  14506.5  3314.8  5131.3
   265  51.266  -0.001  51.265  2672041.2 486995.1 294764.6 39446.7  14437.0  2755.8  5023.5
   266   6.012   0.000   6.012  2772909.9 322585.6 232535.9 38154.4  12257.1  4093.0  4603.9
   267 -77.128   0.000 -77.127  2498887.0 399429.5 311584.3 43162.7  13262.0  5835.8  4795.4
   268 156.898  -0.000 156.898  2685696.3 462982.7 260691.4 43278.7  14588.7  3346.2  5094.1
   269 -190.578   0.000 -190.578  2736687.1 338714.6 187638.1 37938.6  13105.1  3226.7  4661.9
   270 360.192  -0.001 360.191  2718721.1 453543.1 342861.9 46277.2  14196.6  5913.8  5051.8
   271  74.940  -0.001  74.940  2802078.6 473200.9 314868.2 39442.6  13691.4  3937.3  4879.6
   272 -333.423   0.001 -333.421  2549728.8 421205.5 265347.3 33592.2  12258.7  5684.2  4432.1
   273 -828.880   0.004 -828.876  2277149.9 373695.4 220100.6 34139.9   8619.2  9853.8  3844.8
   274 267.189  -0.002 267.187  2572230.4 510510.5 255125.6 45179.5  13980.1  5386.0  5058.5
   275 179.912  -0.001 179.910  2648753.9 494423.2 280248.8 38256.0  13074.5  4134.8  5006.9

         Carbon flux (ktC/yr)        Water (dam3/yr)                Nitrogen (MgN/yr)
       ----------------------- -------------------------- --------------------------------
Spinup NEP     estab   NBP     transp     evap    interc  nuptake ndemand  nlosses ninflux
------ ------- ------- ------- ---------- ------- ------- ------- -------- ------- -------
   276 158.644  -0.001 158.643  2868265.2 382044.4 208849.7 43489.9  10770.7  3882.2  4481.0
   277 154.063  -0.001 154.062  2749822.8 423437.5 365924.4 40367.3  12202.5  6353.9  4660.0
   278  62.063  -0.001  62.063  2771009.9 469034.6 308012.9 40775.8  13505.3  3920.8  4897.3
   279 -130.220   0.001 -130.219  2876118.5 365876.4 235342.3 39644.5  12367.1  4546.0  4481.4
   280  83.021  -0.000  83.020  2891598.3 382455.3 216492.7 45876.7  11768.3  5051.3  4499.5
   281 211.110  -0.001 211.109  2827609.6 368225.2 297580.2 42143.4  14324.5  4534.7  4869.7
   282 -10.500  -0.000 -10.500  2887124.2 432244.2 337985.7 39089.0  14212.7  4141.3  4852.7
   283   0.913   0.001   0.914  2983518.8 364576.1 231128.8 43973.9  11777.9  4356.8  4430.2
   284  58.267  -0.000  58.267  2952756.4 372365.4 226584.5 45904.3  11733.8  3819.0  4362.0
   285  95.151  -0.001  95.150  2910355.9 438924.3 337280.7 42664.1  14496.8  4414.0  4795.4
   286 -196.503   0.001 -196.502  2912404.3 314663.7 209052.5 37830.1  12610.6  6048.9  4451.5
   287 217.714  -0.001 217.714  3028014.7 357273.3 250346.3 49149.2  13689.1  5371.8  4659.1
   288 119.761  -0.000 119.760  2955431.3 428948.1 404522.6 41630.4  13853.7  6689.3  4879.6
   289 -1039.724   0.006 -1039.719  2426747.3 360310.3 242641.9 27856.4   9177.5 12851.9  3748.3
   290  52.256  -0.001  52.255  2661574.8 362220.9 203090.3 37900.6  11659.4  8558.9  4487.1
   291 -18.386  -0.000 -18.386  2443652.0 412015.1 285488.6 41562.4  12844.8  4551.1  4820.2
   292  -6.816  -0.001  -6.817  2743872.7 382031.3 206986.1 41735.4  12795.5  4277.3  4605.7
   293 218.517  -0.002 218.516  2749083.8 446980.6 241258.5 42705.1  12741.6  5344.3  4882.2
   294 230.942  -0.001 230.941  2954252.0 361179.8 231656.1 40906.0  13595.3  4020.9  4815.1
   295 219.503  -0.000 219.502  2898957.9 394029.2 323729.1 42596.8  13188.3  7015.1  5040.9
   296 -11.588   0.001 -11.587  2779011.5 412429.9 495331.2 42987.8  15244.7  3753.1  5026.8
   297 -15.954   0.000 -15.953  2838726.1 355508.3 298484.9 39195.6  15757.4  2763.6  5039.8
   298  21.773  -0.000  21.773  2826274.3 438634.3 371505.1 42064.7  14886.4  3271.1  5079.4
   299 124.774  -0.001 124.773  2792202.0 366576.5 408920.3 43570.2  15305.0  3444.1  5147.7
   300 198.787  -0.000 198.787  2833468.1 431698.5 359326.4 42454.5  15097.7  3831.9  5110.8

         Carbon flux (ktC/yr)        Water (dam3/yr)                Nitrogen (MgN/yr)
       ----------------------- -------------------------- --------------------------------
Spinup NEP     estab   NBP     transp     evap    interc  nuptake ndemand  nlosses ninflux
------ ------- ------- ------- ---------- ------- ------- ------- -------- ------- -------
   301 -107.165   0.001 -107.164  2640965.6 377771.0 329295.0 39906.8  14141.2  3515.9  4747.4
   302 -877.686   0.004 -877.682  2331671.5 366989.1 222928.2 31583.1   9452.9  8934.5  3883.5
   303 336.785  -0.002 336.783  2502537.3 469420.2 447165.4 43671.8  15824.5  4897.1  5456.3
   304 141.480  -0.001 141.479  2839368.3 386092.5 198235.3 40649.4  11258.5  3126.3  4576.1
   305 116.362  -0.001 116.362  2552384.6 396706.7 300533.3 42647.8  12568.8  5116.4  4709.1
   306 162.299  -0.001 162.298  2759757.0 416725.3 361514.4 39556.8  13002.3  5130.7  4733.7
   307 -258.637   0.001 -258.636  2528019.4 422931.0 247522.0 34077.9  12384.9  5307.4  4461.4
   308 -731.681   0.004 -731.677  2277392.2 372165.5 212526.9 33970.4   8485.6 10384.8  3835.4
   309 339.745  -0.001 339.744  2551893.2 447468.9 263954.3 38661.8  12920.7  5528.3  4907.6
   310  -0.891  -0.001  -0.892  2602971.8 366087.2 200932.2 39889.8  10592.8  6063.6  4523.7
   311   6.024  -0.001   6.023  2596737.0 402196.6 191358.6 37278.6  12171.5  4582.9  4669.2
   312 287.847  -0.001 287.845  2851640.6 383571.4 198793.8 45824.0  10246.6  4996.3  4382.0
   313 229.919  -0.001 229.918  2805406.9 450170.5 354202.6 41553.5  13460.3  5601.2  4921.9
   314 -94.283   0.001 -94.282  2803695.3 337786.7 231003.6 38744.0  11489.5  6393.3  4386.6
   315 110.636   0.000 110.637  2754838.2 408327.9 317421.6 36513.7  13798.2  3898.8  4812.0
   316 -834.919   0.004 -834.915  2286206.1 376037.9 216388.5 32054.8   8592.1 10061.3  3814.6
   317 -60.291  -0.001 -60.292  2317790.8 461164.3 205605.6 37065.1  12745.8  6321.7  4613.2
   318 -55.488  -0.001 -55.489  2331119.6 454912.3 213008.2 36346.0  11739.1  5975.0  4571.1
   319 191.772  -0.001 191.771  2502221.5 458092.0 419340.9 45850.4  14122.8  4537.7  5136.4
   320 206.997  -0.001 206.996  2644768.2 415608.8 353022.9 37749.0  15344.1  2974.6  5273.6
   321 125.759  -0.000 125.758  2614781.1 414295.2 295279.2 43951.2  12690.6  5254.2  4710.4
   322 153.235  -0.000 153.234  2890378.6 374588.1 206452.6 41107.7  12438.5  3450.3  4588.7
   323  32.799   0.001  32.800  2542669.5 430683.1 267167.0 39030.8  11146.3  4922.5  4276.5
   324 234.395  -0.001 234.393  2693495.6 379776.1 382412.8 46518.4  14870.0  3966.7  5087.2
   325 -198.949   0.001 -198.948  2566266.6 420876.5 249073.0 33358.6  12090.7  6332.4  4387.5

         Carbon flux (ktC/yr)        Water (dam3/yr)                Nitrogen (MgN/yr)
       ----------------------- -------------------------- --------------------------------
Spinup NEP     estab   NBP     transp     evap    interc  nuptake ndemand  nlosses ninflux
------ ------- ------- ------- ---------- ------- ------- ------- -------- ------- -------
   326 -25.359   0.001 -25.358  2510289.2 429371.1 269951.9 40165.7  11131.4  5080.9  4318.6
   327 195.857  -0.001 195.856  2676855.3 460975.5 252691.6 44199.6  14546.9  3664.6  5069.3
   328 -813.388   0.004 -813.384  2276071.4 377090.4 213685.1 28673.1   9355.0  7388.7  3903.6
   329 411.471  -0.002 411.469  2548964.4 484725.0 222727.1 41684.5  13362.6  4653.7  5119.4
   330 181.259  -0.001 181.258  2554408.0 341324.4 248960.0 39284.3  13172.5  3055.2  5001.7
   331 163.755  -0.001 163.755  2648837.2 464398.6 247268.9 40715.7  13376.1  3635.8  5065.7
   332  68.118  -0.001  68.117  2653862.2 421090.0 361629.3 38494.9  15726.7  2809.4  5278.1
   333  50.695  -0.000  50.695  2739522.3 366289.0 280546.8 39630.3  14293.0  3745.0  5023.1
   334 -27.379  -0.000 -27.379  2691049.2 408038.1 233201.9 40843.4  13835.2  3602.5  4800.3
   335  -0.602  -0.000  -0.602  2686040.0 409882.3 232136.4 43132.4  14513.7  3766.0  4839.9
   336 103.310  -0.001 103.309  2673320.9 430231.5 464226.5 42411.2  16204.4  3704.9  5134.0
   337 107.846   0.000 107.846  2727365.6 316046.0 277930.6 38745.1  14971.5  2410.5  4987.3
   338  68.249  -0.000  68.249  2747408.6 405359.7 381873.7 40576.7  16051.5  3405.9  5228.5
   339 -291.475   0.001 -291.473  2535400.8 417821.6 250031.2 34150.4  12712.8  5272.5  4476.6
   340  11.437   0.000  11.437  2651871.4 416076.5 229494.2 45216.2  13931.0  3724.1  4813.7
   341 126.974  -0.001 126.973  2852430.7 377780.6 207468.9 42931.5  12592.0  3438.9  4606.7
   342 -783.722   0.004 -783.719  2330935.0 371608.3 217920.0 30197.5   8709.2 11548.5  3783.6
   343 268.672  -0.002 268.670  2592502.2 442090.0 322059.7 38505.5  12507.5  6549.6  4776.1
   344 -16.502  -0.000 -16.503  2745041.9 382619.2 206854.8 39351.2  11809.9  5013.6  4565.0
   345 155.691  -0.001 155.690  2537416.1 450951.4 486304.2 40344.6  14352.8  5810.8  5281.7
   346  23.807   0.000  23.807  2790043.0 320685.9 223977.3 38247.0  11914.8  4681.0  4568.8
   347 -55.465  -0.000 -55.466  2706135.3 388477.4 205681.2 39044.7  12164.9  5827.8  4606.7
   348 285.733  -0.000 285.733  2768361.1 450524.2 262235.8 44614.8  12826.8  4910.5  4940.0
   349 -114.161   0.001 -114.160  2741759.4 344379.5 225737.4 38483.5  12279.2  3798.4  4473.1
   350  46.480  -0.001  46.479  2884432.4 370619.6 228457.5 42968.3  15380.6  2999.3  4946.9

         Carbon flux (ktC/yr)        Water (dam3/yr)                Nitrogen (MgN/yr)
       ----------------------- -------------------------- --------------------------------
Spinup NEP     estab   NBP     transp     evap    interc  nuptake ndemand  nlosses ninflux
------ ------- ------- ------- ---------- ------- ------- ------- -------- ------- -------
   351 -229.825   0.001 -229.824  2557635.1 417647.7 250362.5 34747.8  11836.6  7065.0  4372.7
   352 -12.858   0.000 -12.858  2843852.8 369681.1 223805.4 42839.7  12503.5  4988.8  4489.5
   353 109.218  -0.001 109.218  2797649.9 432617.6 254853.8 42345.8  13450.0  5141.7  4854.0
   354 -837.461   0.004 -837.456  2344438.3 363814.2 223376.8 29172.5   8938.3 10150.5  3820.5
   355 -51.849  -0.001 -51.850  2365148.9 455339.9 210360.5 35387.0  12170.3  7295.9  4551.8
   356  64.816  -0.001  64.815  2581274.2 362797.8 199122.7 41642.4  10830.6  6400.6  4546.0
   357 252.906  -0.001 252.905  2582124.3 461491.6 306951.0 41330.4  14620.9  3539.8  5223.6
   358 -31.203  -0.000 -31.203  2652757.0 354562.0 210384.1 38886.4  11591.1  4795.5  4523.1
   359   2.393  -0.001   2.392  2625178.1 396017.9 197045.4 37259.1  12895.0  3829.6  4665.1
   360 210.579  -0.001 210.578  2723407.7 454531.5 346494.9 43036.5  13286.6  5253.8  4985.0
   361  44.008  -0.000  44.008  2661392.4 423964.7 466829.6 41255.3  15230.8  4852.3  5052.0
   362  23.212   0.000  23.212  2771074.8 437661.5 361674.9 39580.5  15101.1  2752.9  5073.9
   363  94.591   0.001  94.591  2761194.1 403344.7 316752.6 34809.2  13794.1  4261.6  4853.3
   364 -97.247   0.001 -97.246  2796499.8 376729.8 219578.6 42283.9  12515.7  4448.2  4552.9
   365 -46.081   0.001 -46.080  2459688.9 440129.3 262635.0 37949.4  11629.0  5465.4  4389.4
   366 125.905  -0.000 125.905  2627991.4 425739.6 297574.9 37463.5  13703.9  4003.2  4885.8
   367  12.121  -0.000  12.120  2550885.3 428490.5 293089.3 43619.5  13161.4  4049.7  4784.2
   368 -140.291   0.000 -140.290  2656470.1 389498.2 204703.8 33045.1  13664.5  3334.5  4745.9
   369 169.180  -0.001 169.179  2702569.8 374212.6 276731.4 43809.1  13703.8  4685.1  5001.3
   370  47.348   0.000  47.348  2703145.5 417151.3 362519.8 36168.4  13030.7  4534.9  4768.6
   371  15.180  -0.000  15.180  2660620.4 410757.2 374199.5 40199.9  15530.8  3136.6  5260.6
   372  15.359   0.000  15.359  2854618.0 376181.5 209942.4 43352.8  11821.8  3183.9  4575.6
   373 171.958  -0.001 171.957  2767478.4 475564.8 296187.3 42110.1  13664.1  3991.0  4884.1
   374  20.886  -0.000  20.885  2858222.8 435575.7 324276.7 38450.0  14395.6  3703.7  4920.8
   375 -27.516   0.001 -27.515  2785747.4 406335.1 382493.7 37559.1  13089.3  5870.5  4724.7

         Carbon flux (ktC/yr)        Water (dam3/yr)                Nitrogen (MgN/yr)
       ----------------------- -------------------------- --------------------------------
Spinup NEP     estab   NBP     transp     evap    interc  nuptake ndemand  nlosses ninflux
------ ------- ------- ------- ---------- ------- ------- ------- -------- ------- -------
   376  87.767  -0.000  87.767  2658741.5 297232.3 187265.0 41533.0  14362.4  2630.0  4941.9
   377  37.673  -0.000  37.673  2730813.9 415711.3 242332.7 45132.7  13154.2  3599.6  4666.3
   378  65.051   0.000  65.051  2783794.9 413170.4 378293.9 37409.4  13664.5  4981.1  4757.1
   379 -55.761  -0.000 -55.761  2799325.1 425943.4 265484.9 40460.9  14044.2  2901.2  4949.0
   380  23.022  -0.000  23.022  2729096.6 370271.5 412380.6 41715.4  15420.0  2949.5  5178.5
   381 -325.320   0.002 -325.319  2631867.9 370854.3 240371.1 35287.6  13174.1  4101.9  4538.2
   382   2.119  -0.000   2.119  2499596.5 399284.1 302999.9 44965.0  13697.0  5633.4  4820.9
   383 168.922  -0.001 168.921  2669982.8 385349.6 393292.5 42877.5  15765.6  3002.2  5231.0
   384  79.448  -0.001  79.448  2769782.9 471242.0 307918.5 39743.7  13541.9  4226.4  4881.2
   385  56.595  -0.000  56.595  2815716.4 462754.1 317185.8 39019.0  13752.0  4004.3  4908.5
   386  78.822   0.001  78.823  2765522.0 316668.0 290064.6 41088.9  13974.8  3451.1  4909.1
   387 -39.614  -0.000 -39.615  2939303.7 362684.8 242102.8 43224.2  14881.3  3195.9  4924.5
   388 160.145  -0.001 160.144  3034754.5 355748.6 245808.7 44297.3  13622.4  4490.3  4782.0
   389 157.329  -0.000 157.329  2954609.5 390799.8 339126.7 42271.4  13821.4  6579.6  5064.3
   390 -428.404   0.002 -428.402  2619541.4 409375.4 272417.8 33660.5  13063.4  5116.7  4454.0
   391 -182.766   0.002 -182.765  2524615.8 428321.5 275822.3 40427.6  11665.0  4358.3  4413.2
   392 119.339  -0.000 119.339  2683257.1 451417.6 327702.6 45504.0  16192.7  3221.1  5283.3
   393  56.319   0.000  56.320  2706071.1 423689.5 315144.3 33264.9  13855.6  3002.6  4936.3
   394  -4.045  -0.000  -4.046  2839574.9 390545.4 209662.3 45798.6  11418.4  3455.3  4592.9
   395 125.552  -0.001 125.551  2796957.2 444111.9 255798.0 42635.1  13024.6  4107.4  4862.2
   396  55.749  -0.000  55.749  2797223.4 403861.5 324569.6 39012.8  14728.6  3996.7  5213.2
   397 -25.341   0.001 -25.340  2703386.2 323050.2 285147.6 40919.1  14297.3  2939.0  4980.7
   398 -385.153   0.001 -385.152  2463477.3 438098.3 248824.0 36032.9  12906.9  4694.6  4560.9
   399 -12.534  -0.001 -12.534  2683922.8 463314.8 302961.8 44421.2  14663.2  3625.1  5082.2
   400 -227.482   0.001 -227.481  2549746.0 379680.3 231304.0 35109.3  12715.4  4283.0  4572.5

         Carbon flux (ktC/yr)        Water (dam3/yr)                Nitrogen (MgN/yr)
       ----------------------- -------------------------- --------------------------------
Spinup NEP     estab   NBP     transp     evap    interc  nuptake ndemand  nlosses ninflux
------ ------- ------- ------- ---------- ------- ------- ------- -------- ------- -------
   401 -37.962   0.001 -37.961  2403942.6 452382.1 256684.5 42706.6  11052.3  6506.3  4404.3
   402  78.781  -0.001  78.780  2672538.7 332933.8 216787.8 43036.0  12175.9  4749.8  4640.6
   403  96.583  -0.001  96.582  2589905.0 452727.8 456781.0 44601.3  14864.6  5973.3  5148.6
   404 116.961  -0.000 116.960  2677094.3 448325.2 345681.1 39317.3  15334.3  2733.5  5229.6
   405 143.155  -0.001 143.154  2695111.6 388115.9 402514.6 44664.3  14765.8  3056.2  5146.8
   406 170.087  -0.001 170.087  2826529.2 370712.3 299877.1 42150.9  13958.1  4462.1  4939.2
   407  53.372   0.000  53.373  2811145.6 412289.0 388272.2 37883.2  12746.4  5049.6  4685.8
   408 -184.913   0.001 -184.912  2537858.3 387364.0 330707.4 41826.1  13664.5  3491.5  4775.7
   409 -61.243   0.000 -61.243  2587918.0 420828.8 312639.5 45840.2  14464.6  3595.4  4837.9
   410  -5.189  -0.000  -5.189  2860430.4 370690.0 238546.3 39804.6  15654.5  3061.1  5028.0
   411 217.258  -0.001 217.257  2980433.0 364632.2 242490.9 45182.0  13188.3  4849.1  4780.2
   412  98.231   0.000  98.231  2970377.2 316633.8 247878.8 40838.8  10765.9  7637.0  4347.0
   413 195.263  -0.001 195.262  2829638.9 375185.4 431473.5 46777.9  14231.7  6326.8  5036.2
   414  -6.829   0.000  -6.829  2922097.7 436741.5 401007.4 42103.3  14428.2  4503.1  4989.7
   415 -95.309   0.001 -95.308  2940534.0 313944.4 253525.7 38551.1  12748.8  4805.3  4531.5
   416 -107.521   0.000 -107.521  2740272.8 414127.2 254476.6 46901.7  14095.8  4958.4  4756.3
   417 -147.014   0.001 -147.013  2868843.1 372769.4 238719.6 40455.3  13696.1  4061.9  4558.9
   418 -146.470   0.000 -146.470  2708215.4 358458.0 233167.8 41595.6  12040.8  5806.3  4508.5
   419  43.008  -0.001  43.007  2852279.0 382354.6 237639.8 43775.0  15147.0  3125.7  4960.5
   420 215.520  -0.000 215.520  2752185.8 326126.2 288042.7 43500.3  12920.1  4958.0  4824.5
   421 -299.133   0.002 -299.131  2635854.4 378012.2 247783.3 35388.9  12594.4  4119.2  4444.7
   422 230.211  -0.001 230.210  2700890.7 470708.3 268734.6 48190.8  13609.1  5162.1  4995.4
   423 -348.191   0.001 -348.190  2459394.5 445726.5 257729.6 32727.7  13132.4  4187.0  4527.1
   424  40.255  -0.001  40.254  2639283.9 492673.4 299756.8 44631.5  13826.1  3967.3  4974.5
   425  -9.118  -0.000  -9.118  2709950.0 444846.3 263622.6 40238.8  13433.0  3462.9  4964.6

         Carbon flux (ktC/yr)        Water (dam3/yr)                Nitrogen (MgN/yr)
       ----------------------- -------------------------- --------------------------------
Spinup NEP     estab   NBP     transp     evap    interc  nuptake ndemand  nlosses ninflux
------ ------- ------- ------- ---------- ------- ------- ------- -------- ------- -------
   426 180.577  -0.000 180.576  2621526.2 306689.3 191409.7 40810.6  13665.8  3253.1  4947.3
   427 200.565  -0.001 200.564  2745386.9 425605.5 396066.9 43748.8  14075.9  4983.3  5145.9
   428 -167.054   0.001 -167.053  2784949.8 344734.4 242403.6 39032.3  11201.3  5982.1  4401.9
   429 -229.412   0.002 -229.411  2453773.4 453045.8 281375.2 39089.7  11948.5  3895.2  4423.8
   430   7.674  -0.001   7.673  2794831.4 383317.2 227919.3 47137.2  15183.9  3217.8  5046.0
   431 -32.972  -0.000 -32.972  2823557.5 377907.0 230824.6 40327.9  11724.1  5713.9  4432.8
   432  79.067  -0.000  79.067  2804114.8 332230.1 236379.4 41854.6  11843.9  6650.6  4516.5
   433 113.404  -0.001 113.404  2763297.5 377240.3 299469.8 43414.8  14050.6  5767.7  4952.6
   434 -25.414   0.001 -25.413  2831063.2 323426.3 244732.7 38709.5  12047.3  4371.3  4518.7
   435  -9.104  -0.001  -9.105  2723047.4 486126.7 314818.3 44964.2  13579.8  5399.7  4909.0
   436 -203.032   0.001 -203.031  2714529.1 389121.3 227156.4 35572.1  12767.9  3870.0  4623.7
   437 -45.344   0.000 -45.344  2812290.3 378873.9 234082.5 44800.2  11838.3  5380.6  4451.7
   438 -69.414   0.000 -69.414  2493468.6 407511.3 321504.6 42142.6  13443.9  5775.1  4780.8
   439  32.570  -0.001  32.569  2660535.7 489671.2 305197.6 43359.3  14483.2  3453.4  4988.6
   440   3.155   0.000   3.155  2674283.6 427718.1 378525.4 36658.6  12955.6  4373.3  4780.3
   441 -40.910  -0.000 -40.911  2705629.1 444624.2 264866.1 42948.1  13507.5  3238.4  4961.4
   442 -20.429   0.000 -20.429  2590262.7 420597.8 319146.2 43303.0  13609.8  4259.2  4794.0
   443 -24.921  -0.000 -24.921  2696071.1 481795.5 312252.7 40318.2  14860.5  3326.4  5050.7
   444 -90.991   0.001 -90.990  2493530.3 399040.8 323078.8 41283.5  13591.5  3453.1  4830.3
   445 -173.298   0.001 -173.297  2392315.9 448633.0 272320.4 39755.7  12094.4  4007.3  4502.3
   446 218.243  -0.001 218.242  2576416.5 483400.4 252462.6 45942.7  14376.9  3461.0  5164.9
   447 -836.457   0.003 -836.454  2213915.8 389672.4 214950.4 29077.1   8695.1  8518.7  3900.5
   448 174.281  -0.002 174.280  2622731.1 408538.4 192870.9 42492.7  11561.8  6675.5  4559.5
   449 -711.673   0.002 -711.670  2166955.4 393688.1 201801.1 31399.8   7675.6 13829.5  3881.4
   450 296.914  -0.002 296.912  2475713.5 457310.7 255089.7 43610.5  13219.6  6489.0  5353.3

         Carbon flux (ktC/yr)        Water (dam3/yr)                Nitrogen (MgN/yr)
       ----------------------- -------------------------- --------------------------------
Spinup NEP     estab   NBP     transp     evap    interc  nuptake ndemand  nlosses ninflux
------ ------- ------- ------- ---------- ------- ------- ------- -------- ------- -------
   451 125.580  -0.001 125.578  2538834.4 397717.7 259594.3 40300.4  12989.6  4612.8  5132.5
   452 207.735  -0.001 207.734  2462654.8 464814.7 485118.5 40297.2  13484.0  4305.6  5342.3
   453 139.359  -0.000 139.359  2612591.5 336805.7 266982.3 42790.1  12537.4  5167.2  4955.1
   454 -75.314  -0.000 -75.315  2648455.4 399559.0 209439.7 38160.8  11949.8  5089.7  4643.5
   455 321.552  -0.001 321.550  2891410.0 376574.0 232611.7 46820.1  12431.9  5156.1  4764.4
   456 -51.056   0.001 -51.056  2810802.9 345017.0 235732.7 40161.6   9781.1  9653.0  4246.0
   457  -4.834   0.000  -4.834  2816733.5 331399.9 236689.4 40988.3  12174.7  5096.2  4536.5
   458 149.421  -0.000 149.421  2723235.7 466717.7 270934.3 45069.5  13666.3  5431.8  5019.6
   459 -192.115   0.001 -192.114  2807639.8 381823.1 232179.5 39078.0  13589.1  3390.5  4595.6
   460 -230.922   0.001 -230.921  2537876.6 389554.6 234059.1 38089.1  12791.0  5013.8  4546.1
   461 116.844  -0.001 116.842  2607252.4 434987.8 231720.8 49074.6  13253.8  4446.2  4766.5
   462   9.713  -0.000   9.712  2801855.3 380968.7 229636.6 38608.1  12740.3  5020.1  4520.0
   463 270.587  -0.001 270.586  2629076.4 313601.5 191168.7 41550.0  13374.9  4916.4  4883.7
   464 287.068  -0.001 287.067  2745482.6 384676.2 424625.8 46126.9  13145.7  4485.7  4932.9
   465 -64.762  -0.000 -64.762  2888494.2 438831.8 348277.1 40097.1  14001.9  4670.3  4861.0
   466 -356.525   0.002 -356.523  2670867.5 365615.8 255974.9 34710.5  12784.5  5292.9  4447.7
   467 -118.483   0.001 -118.482  2735216.3 349991.6 228502.6 45282.0  11445.7  6747.4  4439.1
   468 -26.867  -0.000 -26.867  2567739.4 430440.9 314236.2 42703.2  14496.4  4196.9  4823.1
   469 -88.720   0.000 -88.720  2556496.3 423042.4 316651.2 40830.9  14658.6  3436.8  4871.4
   470 -69.518   0.000 -69.518  2688364.3 444147.3 260079.9 39978.7  14668.8  2992.5  5058.6
   471  65.298  -0.000  65.297  2654574.1 418759.9 382611.2 40917.1  16061.6  3324.5  5323.9
   472 -31.185  -0.000 -31.185  2737099.5 454590.7 320091.4 41388.0  14569.1  3550.5  5044.9
   473 -57.983   0.000 -57.983  2816483.0 375041.9 231219.6 40353.6  12655.2  5444.0  4564.9
   474 256.986  -0.001 256.985  2615470.6 315570.3 187617.8 42827.7  13654.2  4916.1  4943.1
   475 -22.301  -0.000 -22.301  2735580.7 393947.5 222116.1 38786.3  11197.7  5542.9  4441.7

         Carbon flux (ktC/yr)        Water (dam3/yr)                Nitrogen (MgN/yr)
       ----------------------- -------------------------- --------------------------------
Spinup NEP     estab   NBP     transp     evap    interc  nuptake ndemand  nlosses ninflux
------ ------- ------- ------- ---------- ------- ------- ------- -------- ------- -------
   476  86.541  -0.000  86.541  2677093.9 436089.0 496225.4 46217.0  14067.5  6101.9  5017.4
   477 -47.559   0.001 -47.558  2909875.6 373488.0 228472.6 41317.7  12453.1  2483.0  4582.6
   478 201.300  -0.001 201.300  2727277.3 452754.2 359037.5 44558.9  15195.9  3816.5  5121.8
   479 -962.381   0.004 -962.376  2324930.6 374755.4 230413.7 28700.6   9010.7  9660.4  3841.3
   480 269.593  -0.002 269.591  2645072.4 469436.9 225580.7 42984.4  12640.9  5506.1  4952.3
   481 229.819  -0.001 229.818  2669566.8 470201.7 252721.3 41352.4  12616.7  4047.8  5058.9
   482 -282.375   0.001 -282.374  2432396.8 449002.2 239816.9 34866.4  12377.3  4693.1  4564.8
   483 166.091  -0.001 166.089  2640070.5 495151.3 284464.2 45232.7  13252.4  4254.9  4990.2
   484 -61.260  -0.000 -61.260  2682096.9 393077.7 211229.1 35429.1  12125.9  4159.7  4637.8
   485 175.134  -0.000 175.134  2640197.3 420973.4 309054.2 47987.8  11829.3  6312.4  4631.2
   486 -26.301  -0.000 -26.302  2817201.1 443397.6 321248.5 39173.4  15076.4  3872.5  5037.6
   487  98.381  -0.000  98.381  2943978.7 373044.8 220736.0 44815.6  11703.6  4380.3  4515.9
   488 -51.788   0.001 -51.787  2558323.3 433465.8 282366.0 39218.3  11154.3  5136.2  4267.1
   489  78.046  -0.001  78.045  2766449.7 440993.9 256882.1 46242.2  13311.3  4464.1  4843.1
   490  61.166  -0.000  61.165  2709317.8 426958.4 488800.4 42589.1  15569.3  3819.6  5102.4
   491 -10.511   0.000 -10.511  2931875.0 370199.8 225583.3 42022.2  12557.5  2494.6  4585.7
   492 195.701  -0.001 195.699  2986176.9 365884.4 244188.8 46110.8  14284.7  3803.6  4814.0
   493 134.992  -0.000 134.992  2816383.0 401294.8 338034.6 44957.7  12269.0  6731.0  4512.9
   494  25.076   0.000  25.076  2918437.9 353904.1 318083.6 38814.7  15509.3  4281.8  4963.0
   495 -223.532   0.001 -223.531  2885502.7 318688.6 206724.1 40045.0  12946.0  4131.4  4572.9
   496 253.739  -0.001 253.738  2764192.4 376816.1 421558.6 49378.8  14212.3  5314.3  4982.1
   497  80.846  -0.000  80.846  2938108.9 421527.4 284074.2 41302.6  12944.8  4345.6  4740.1
   498 -354.580   0.002 -354.578  2625171.2 411145.2 276814.1 34244.9  12703.7  5739.2  4406.1
   499  53.587   0.000  53.587  2824517.3 431275.8 269903.2 45804.5  13608.7  3832.5  4883.3
   500  -9.242   0.000  -9.241  2827103.5 427365.8 273694.2 40842.9  13977.1  3346.8  4929.7

         Carbon flux (ktC/yr)        Water (dam3/yr)                Nitrogen (MgN/yr)
       ----------------------- -------------------------- --------------------------------
Spinup NEP     estab   NBP     transp     evap    interc  nuptake ndemand  nlosses ninflux
------ ------- ------- ------- ---------- ------- ------- ------- -------- ------- -------
   501 -77.007   0.000 -77.007  2819139.8 440541.0 335284.4 41092.9  15004.3  3310.3  5017.6
   502 -192.527   0.001 -192.526  2511557.7 429225.9 289185.5 37593.0  11631.6  5059.4  4405.0
   503 -307.920   0.001 -307.918  2454229.9 437631.9 241153.1 39707.6  13021.7  5199.5  4553.6
   504 255.176  -0.001 255.175  2620377.7 474048.1 259944.8 44388.3  13951.5  3644.8  5110.3
   505  79.749   0.000  79.749  2630225.1 430501.8 315979.0 33263.5  13678.1  2828.2  4924.5
   506  30.082  -0.001  30.081  2786311.3 387943.8 230715.4 44889.7  13451.6  3725.3  4943.5
   507  61.490  -0.000  61.489  2866754.4 381058.0 216039.7 44420.6   9929.5  5615.2  4253.0
   508 295.034  -0.001 295.033  2751548.8 330574.4 281815.0 45340.4  12814.5  5748.5  4779.4
   509  87.611  -0.001  87.610  2828928.9 369800.8 308115.9 40663.8  14021.7  4638.3  4906.9
   510   0.079  -0.000   0.079  2818841.7 465158.0 329077.0 40759.7  13321.7  4029.3  4838.5
   511 -18.780   0.001 -18.779  2652819.4 428014.1 566615.9 40591.3  14999.3  3497.8  5213.5
   512 -305.881   0.002 -305.879  2503457.7 431117.4 291528.5 38119.8  11599.4  3773.8  4390.0
   513 -183.643  -0.000 -183.643  2634905.7 394752.9 207835.8 40792.5  12931.0  3905.7  4625.4
   514 186.572  -0.001 186.571  2724730.3 464851.7 361645.6 45606.0  13563.1  5682.9  5040.9
   515  24.746  -0.000  24.746  2671037.4 431153.6 487528.1 43195.1  15321.2  4708.3  5104.8
   516 -316.747   0.001 -316.746  2597145.8 374003.9 243471.0 34838.8  13220.5  2931.1  4553.0
   517 148.793  -0.001 148.792  2662378.9 428012.6 232850.2 50887.9  13116.6  4709.9  4729.4
   518 -817.087   0.004 -817.084  2302309.0 375361.6 224007.1 28686.1   8441.9 12477.6  3785.8
   519 109.399  -0.001 109.398  2573920.6 372017.1 199181.8 39860.5  10932.4  8865.7  4534.0
   520 229.944  -0.002 229.942  2468531.1 472993.5 475956.3 41246.8  13902.0  4778.7  5339.6
   521 -89.625   0.001 -89.624  2427563.3 445442.7 263349.0 37826.8  10227.1  5065.1  4358.8
   522 245.016  -0.002 245.015  2569116.9 403582.8 371424.6 48759.8  14037.5  4614.5  5176.2
   523 251.597  -0.001 251.597  2728975.5 424484.4 314910.3 34380.1  12218.9  4888.1  4798.5
   524 124.688  -0.001 124.687  2762059.8 479659.8 305455.3 43504.0  12351.9  5007.9  4843.0
   525  47.129   0.000  47.129  2773321.3 416223.5 377466.0 37345.1  12349.5  4960.5  4709.8

         Carbon flux (ktC/yr)        Water (dam3/yr)                Nitrogen (MgN/yr)
       ----------------------- -------------------------- --------------------------------
Spinup NEP     estab   NBP     transp     evap    interc  nuptake ndemand  nlosses ninflux
------ ------- ------- ------- ---------- ------- ------- ------- -------- ------- -------
   526 -309.397   0.001 -309.395  2593326.1 375396.7 238454.0 37033.6  12573.4  3371.7  4515.8
   527 108.472  -0.001 108.471  2651209.4 427148.5 230258.5 49468.7  13357.4  4387.8  4768.5
   528 123.350  -0.001 123.349  2644584.3 419805.2 313991.7 42457.4  13623.6  5165.9  4746.1
   529 -134.112   0.000 -134.111  2735469.4 385898.0 221326.7 34467.1  13481.4  3705.1  4691.5
   530  17.325   0.000  17.326  2736931.9 349083.5 230092.8 44664.4  10748.4  6692.9  4388.5
   531  79.906  -0.001  79.905  2772409.5 440225.5 260347.8 43001.2  13693.2  3717.7  4914.0
   532 -141.405   0.000 -141.404  2808861.5 325727.9 196234.9 38982.7  12580.4  4417.9  4597.3
   533 242.753  -0.001 242.752  2764914.7 418749.7 327867.7 39975.8  12458.2  6921.1  4719.7
   534 -307.691   0.001 -307.690  2513157.9 437949.0 258591.3 36283.2  11754.7  6441.8  4399.6
   535 -250.557   0.001 -250.556  2433398.3 440631.4 249209.5 38518.8  12234.1  5739.0  4497.2
   536 100.550  -0.000 100.550  2476625.4 461037.2 505342.4 42768.9  15221.2  4309.9  5336.0
   537  36.343   0.000  36.344  2630264.6 426156.1 315793.0 34465.4  13034.6  3604.0  4898.1
   538 110.932  -0.001 110.932  2602561.9 399202.4 390798.4 46372.5  13864.0  3714.6  5174.2
   539 124.340  -0.001 124.340  2726369.5 421288.9 313178.4 41286.9  14333.0  4677.1  5246.9
   540 -150.428   0.001 -150.427  2809309.7 375495.9 230746.3 39018.3  12859.9  4299.3  4598.8
   541 -41.942   0.000 -41.942  2466528.0 410208.0 310047.5 43552.7  13406.0  5452.8  4841.6
   542 -250.255   0.001 -250.254  2413835.3 446068.5 243038.4 36812.1  13013.5  4751.6  4597.9
   543 228.647  -0.001 228.646  2607593.6 433455.6 368090.1 44123.0  14971.1  3833.6  5287.2
   544 184.761   0.000 184.761  2681323.5 465437.5 267445.0 41992.6  13371.3  3510.4  5058.7
   545 -39.466  -0.001 -39.466  2727071.9 461164.0 314888.7 41185.3  14953.3  3111.0  5053.6
   546 -65.498   0.000 -65.498  2818457.5 375150.9 231786.0 40234.8  12596.9  5601.4  4553.4
   547 200.590  -0.001 200.589  2673521.1 393861.5 406502.8 46060.1  14522.9  5190.4  5155.4
   548 161.463  -0.001 161.462  2961993.0 369633.1 246852.8 42746.6  13696.6  4068.4  4822.2
   549 117.595   0.000 117.595  2778570.6 405904.1 338536.4 45972.3  11831.5  7412.2  4524.5
   550 -191.005   0.001 -191.004  2828817.9 378037.3 233986.8 34600.3  13524.2  4271.7  4647.3

         Carbon flux (ktC/yr)        Water (dam3/yr)                Nitrogen (MgN/yr)
       ----------------------- -------------------------- --------------------------------
Spinup NEP     estab   NBP     transp     evap    interc  nuptake ndemand  nlosses ninflux
------ ------- ------- ------- ---------- ------- ------- ------- -------- ------- -------
   551 -39.222   0.001 -39.221  2568428.6 393192.9 330197.8 45108.9  12925.3  5582.7  4743.3
   552 -29.117   0.000 -29.117  2693077.7 424310.2 373437.9 40472.0  13835.1  4140.9  4852.5
   553  -0.037  -0.001  -0.037  2845010.3 375853.7 238230.5 42098.9  14972.7  2724.0  5014.1
   554 143.350  -0.000 143.350  2772051.6 418158.5 331741.5 36460.9  12188.5  5540.8  4780.1
   555 -65.225  -0.000 -65.225  2798058.0 451421.8 328360.8 44071.9  13639.4  4129.8  4967.8
   556 -123.326   0.001 -123.325  2868541.7 371183.5 236850.8 39812.1  12657.8  5640.9  4541.9
   557 -141.797  -0.000 -141.797  2678638.4 397997.1 219600.9 39422.9  12648.5  5584.9  4674.1
   558 136.683  -0.001 136.682  2860954.5 386062.9 219878.1 47508.9  10917.1  4517.4  4476.7
   559 -228.444   0.000 -228.444  2507600.5 438677.9 259415.3 36137.9  12139.5  6049.9  4415.9
   560 178.454  -0.000 178.453  2648091.5 333970.7 280930.0 45290.7  13613.2  4261.0  4919.8
   561 -292.966   0.001 -292.965  2555457.8 385229.3 241509.8 35731.0  12860.2  3439.8  4525.1
   562 122.492  -0.001 122.490  2680193.3 457368.8 253051.7 48247.6  12973.2  5584.4  4888.4
   563 -848.026   0.004 -848.022  2264965.4 377297.0 224108.7 28541.3   8607.5 10483.7  3845.7
   564 174.844  -0.001 174.842  2347569.2 429829.5 272189.4 40304.0  12271.1  6800.5  4817.2
   565 180.364  -0.001 180.363  2546340.2 444815.5 289991.0 35807.8  11887.2  5426.3  4866.5
   566 131.086  -0.001 131.085  2609388.1 502259.0 280183.1 43671.2  11959.3  5157.6  4928.2
   567 214.055  -0.000 214.054  2641614.7 457804.2 334251.1 40165.1  13784.5  4058.3  5206.2
   568 -227.413   0.001 -227.412  2548714.6 385017.5 229890.5 35989.5  12217.4  3859.3  4561.2
   569 249.650  -0.001 249.649  2603249.4 340482.8 261991.0 47106.3  13150.2  5900.9  4976.4
   570 140.926  -0.000 140.926  2680306.8 428445.0 315886.5 33954.2  12707.3  4387.5  4839.8
   571  40.454   0.000  40.455  2668045.5 426812.2 317112.5 36694.2  12003.9  4740.0  4810.2
   572 -49.703   0.000 -49.703  2646238.6 426312.4 305362.1 42991.0  13838.3  4418.4  5254.9
   573 -21.590  -0.000 -21.590  2628845.0 422685.3 370049.9 39363.4  15802.5  3067.4  5361.2
   574 -36.051   0.000 -36.051  2647109.0 426276.1 357199.1 38445.7  12861.2  4391.8  4843.7
   575  45.273  -0.001  45.273  2525266.3 452490.2 503170.4 40873.2  15320.7  3008.1  5396.2

         Carbon flux (ktC/yr)        Water (dam3/yr)                Nitrogen (MgN/yr)
       ----------------------- -------------------------- --------------------------------
Spinup NEP     estab   NBP     transp     evap    interc  nuptake ndemand  nlosses ninflux
------ ------- ------- ------- ---------- ------- ------- ------- -------- ------- -------
   576  22.523  -0.000  22.523  2702654.8 376412.1 284389.2 40438.8  14600.5  3563.4  5122.5
   577 -262.926   0.001 -262.925  2458148.6 435149.5 247967.2 35035.8  12383.3  5493.6  4549.2
   578  84.172  -0.000  84.172  2539144.1 429374.4 299893.4 47086.7  12886.2  4825.9  4793.1
   579 -70.281   0.001 -70.280  2464440.1 401001.0 308534.3 39188.9  14074.1  3320.3  4890.0
   580 248.307  -0.001 248.306  2550930.6 312474.1 176879.3 44250.7  14179.8  3056.2  5020.4
   581 333.376  -0.002 333.374  2788266.9 387041.7 289802.6 43775.4  13008.4  4737.9  4860.7
   582 130.767  -0.001 130.767  2829107.7 468561.9 322541.8 39769.3  13009.1  4571.7  4819.6
   583 -209.377   0.001 -209.376  2866421.6 320505.4 206303.4 39390.2  12057.4  4752.4  4503.9
   584 -309.126   0.001 -309.125  2739256.1 327430.1 200190.2 42569.7  11257.3  7772.8  4299.8
   585 211.930  -0.001 211.929  2695436.6 421613.9 318867.6 50087.6  12362.4  8291.6  4526.7
   586 111.219  -0.000 111.219  2681810.0 431190.4 558166.3 36431.9  16012.4  4279.1  5271.1
   587 -252.683   0.001 -252.682  2769252.2 380456.9 231169.7 37052.7  12721.4  3982.5  4618.1
   588 -20.556   0.000 -20.556  2854252.9 373828.6 235705.5 44842.3  11945.1  5610.5  4437.8
   589  91.104  -0.000  91.103  2753800.6 417367.0 324455.1 42304.7  14895.1  5822.4  5212.3
   590   0.566   0.001   0.567  2714684.4 457176.1 278746.4 40814.9  14580.3  2835.6  5093.8
   591 -169.393   0.001 -169.392  2457993.4 405854.6 315508.8 41234.3  14516.9  2241.1  4890.3
   592 -50.034   0.000 -50.034  2666772.5 330906.1 224840.6 41411.0  13178.6  3399.2  4736.8
   593 -129.087  -0.000 -129.087  2687222.7 345439.8 185220.0 41406.7  12306.7  5564.2  4657.8
   594 -33.206  -0.000 -33.206  2673277.3 361309.0 224521.2 43074.1  10619.6  9215.7  4373.2
   595 -57.225  -0.001 -57.225  2728130.2 344647.6 190095.3 40686.4  12521.2  5119.8  4593.1
   596 -46.293   0.001 -46.292  2464955.9 447940.8 279623.0 40128.6  10529.7  8645.2  4246.1
   597  77.501  -0.001  77.500  2657342.8 470466.0 361569.5 44924.1  14549.9  5449.8  5085.5
   598 -127.523   0.001 -127.522  2676068.0 354438.9 230961.0 38683.6  11902.7  5293.6  4512.1
   599 178.964  -0.000 178.963  2613909.1 461696.9 344732.6 43331.0  15438.2  3341.9  5191.2
   600  54.141   0.000  54.142  2644729.5 429211.2 325374.7 33839.1  13379.1  3570.0  4874.1

         Carbon flux (ktC/yr)        Water (dam3/yr)                Nitrogen (MgN/yr)
       ----------------------- -------------------------- --------------------------------
Spinup NEP     estab   NBP     transp     evap    interc  nuptake ndemand  nlosses ninflux
------ ------- ------- ------- ---------- ------- ------- ------- -------- ------- -------
   601 -204.011   0.000 -204.010  2672554.6 345062.8 188665.6 42456.1  11959.0  4460.8  4639.9
   602 317.768  -0.001 317.767  2628431.3 464858.0 340412.8 44920.5  14124.9  6087.2  5097.8
   603 -294.259   0.001 -294.258  2448293.9 443280.3 255215.2 33570.5  12347.0  5216.2  4508.6
   604 123.313  -0.001 123.312  2587806.0 430965.9 378016.1 44031.9  14888.0  3999.9  5255.3
   605  44.771  -0.000  44.771  2809238.9 376147.6 239061.4 41170.3  14106.1  3421.6  4952.5
   606 -21.249   0.000 -21.249  2829836.5 376118.5 232293.9 41841.3  11228.5  6361.6  4396.9
   607 124.898  -0.001 124.898  2872931.7 390084.7 220134.0 45037.0  11566.5  5693.5  4512.1
   608  86.070  -0.001  86.069  2806658.7 455376.7 330099.6 42435.1  14172.2  4537.1  4931.1
   609  -1.504   0.000  -1.504  2692254.6 425705.7 505998.4 42743.2  15129.3  4971.8  5066.8
   610 -79.524   0.001 -79.524  2738945.4 470671.3 323962.3 40135.4  14980.7  2610.5  5018.6
   611 -316.613   0.002 -316.611  2552518.9 380919.9 243119.8 35759.8  13281.2  3090.5  4590.5
   612  79.529  -0.001  79.528  2542488.6 433959.2 302284.4 49043.3  13230.1  5696.5  4793.7
   613  68.879  -0.001  68.878  2839441.6 375415.8 238027.2 39374.7  15201.6  3346.4  5007.2
   614 103.651  -0.000 103.651  2663113.0 418702.8 323053.4 46742.6  12160.9  6376.4  4646.9
   615   4.084   0.000   4.085  2688907.2 431588.2 494218.6 42301.8  16047.9  3613.1  5160.0
   616 -139.564   0.001 -139.563  2533126.3 391958.7 328543.0 39966.8  14338.8  2489.8  4862.1
   617 -842.845   0.004 -842.842  2262661.2 376072.0 219186.3 33281.2   9269.9  9062.5  3927.8
   618 223.833  -0.001 223.832  2599481.5 340937.0 199230.7 45118.9  12631.5  5162.1  4769.1
   619 270.545  -0.002 270.543  2619905.1 439959.1 286184.6 41938.5  13963.7  5606.6  5315.1
   620 115.305  -0.000 115.305  2686510.0 469750.9 349739.1 41483.8  13597.2  3672.9  5126.6
   621 185.678  -0.001 185.677  2706110.5 418921.2 374074.4 41583.8  14851.2  4879.6  5291.7
   622 -37.793   0.000 -37.793  2754835.7 347630.5 229972.2 40284.9  10857.1  6523.4  4438.9
   623 -73.505   0.000 -73.505  2795143.9 385190.4 225814.7 42311.6  12718.0  4820.1  4568.7
   624  83.245  -0.000  83.244  2760901.5 332834.7 229365.2 41423.2  12013.5  6009.9  4573.4
   625 143.479  -0.001 143.478  2892847.2 375304.5 236668.3 44630.6  13791.9  5506.8  4863.6

         Carbon flux (ktC/yr)        Water (dam3/yr)                Nitrogen (MgN/yr)
       ----------------------- -------------------------- --------------------------------
Spinup NEP     estab   NBP     transp     evap    interc  nuptake ndemand  nlosses ninflux
------ ------- ------- ------- ---------- ------- ------- ------- -------- ------- -------
   626 100.428  -0.000 100.428  2733656.4 411196.9 326952.2 45300.4  11979.7  7070.2  4552.5
   627 -64.747   0.000 -64.747  2869092.0 436252.5 337816.8 38946.9  15343.0  3896.1  4997.1
   628  63.596   0.001  63.597  2780160.1 448121.6 283010.1 42345.0  14315.5  4428.3  5052.1
   629  55.116   0.000  55.116  2667115.0 330961.3 282304.6 42227.8  15035.7  1970.8  4993.2
   630  -6.768  -0.000  -6.769  2712627.9 378099.1 294939.3 40452.1  15468.1  3035.2  5091.9
   631 -72.690  -0.000 -72.691  2740833.5 452399.5 325319.2 40075.8  14890.4  3311.0  5055.8
   632 -37.168   0.000 -37.168  2602350.4 416749.8 321929.8 43618.8  13553.1  4913.1  4786.2
   633 -75.610   0.000 -75.610  2715066.3 440308.3 264206.2 39980.4  14638.8  3191.3  5053.6
   634   6.410   0.000   6.410  2678360.5 416172.9 317703.9 40942.3  15459.3  3206.8  5314.8
   635  26.184   0.001  26.185  2604712.7 457208.0 345292.9 41122.9  15768.4  2502.5  5319.2
   636 -96.744   0.001 -96.743  2426795.0 410935.2 306078.2 40995.7  14080.3  3036.9  4937.6
   637  40.774  -0.001  40.773  2597010.7 477489.0 347251.5 43369.9  15259.6  3408.1  5229.0
   638 -91.860   0.000 -91.860  2626917.7 359010.7 222994.1 38873.6  11968.4  4789.0  4598.9
   639 171.785  -0.001 171.784  2484758.9 465698.3 508629.5 42229.8  15297.0  3459.4  5361.4
   640 -118.602   0.001 -118.601  2652754.3 356682.8 228146.7 38761.6  11549.5  4945.9  4532.9
   641 -112.675  -0.000 -112.675  2661127.1 346398.9 185473.1 41628.3  12848.0  4412.7  4692.5
   642 271.763  -0.001 271.762  2675959.5 429916.9 310335.8 45099.8  14131.8  7046.8  5179.7
   643 127.731   0.000 127.731  2654779.8 331652.9 283681.6 40594.6  13774.6  3422.9  4940.2
   644 -156.364   0.000 -156.364  2747950.5 337379.0 194304.0 40983.6  12502.0  4523.6  4601.7
   645  53.752  -0.001  53.751  2821497.6 381524.9 230785.5 45038.1  11573.5  7019.9  4335.1
   646 -80.301  -0.000 -80.301  2791148.9 338565.3 198070.9 40814.0  12182.0  7293.7  4533.0
   647 -161.581   0.001 -161.580  2607549.6 383893.7 244108.5 38571.4  12070.8  8091.5  4419.3
   648 190.333  -0.001 190.331  2706281.3 490858.7 307346.1 47503.0  13104.0  6018.9  4849.1
   649 174.561  -0.000 174.561  2715127.1 326550.9 292967.3 40317.2  13666.9  3754.5  4882.7
   650  51.024   0.000  51.025  2695478.1 329002.4 292647.5 42365.0  14067.0  3673.5  4897.3

         Carbon flux (ktC/yr)        Water (dam3/yr)                Nitrogen (MgN/yr)
       ----------------------- -------------------------- --------------------------------
Spinup NEP     estab   NBP     transp     evap    interc  nuptake ndemand  nlosses ninflux
------ ------- ------- ------- ---------- ------- ------- ------- -------- ------- -------
   651 -345.173   0.001 -345.172  2561798.2 384454.6 245665.0 36488.0  12955.9  3576.1  4512.1
   652 -74.348  -0.001 -74.349  2619990.8 403863.1 211664.5 43258.5  12424.4  5079.5  4609.7
   653 128.622  -0.001 128.622  2644780.8 426619.1 244629.4 45085.7  12663.3  4712.2  4685.8
   654 143.859  -0.000 143.859  2732237.2 417376.3 327747.8 41382.2  14968.3  4845.0  5196.6
   655 -921.034   0.005 -921.029  2272532.3 376038.0 228270.1 29535.3   9191.1  8797.7  3904.1
   656 297.510  -0.002 297.509  2550416.3 448205.9 267984.3 42588.7  14190.2  5790.7  5339.4
   657 -73.134  -0.000 -73.134  2682692.6 392353.9 208595.7 39595.2  11955.4  4913.6  4662.1
   658 -14.653   0.000 -14.653  2389286.1 458557.1 253772.7 40403.7  10631.9  6269.6  4426.9
   659  65.004  -0.001  65.003  2409156.6 415810.4 288978.1 44955.6  12989.5  5456.1  4863.9
   660 212.641  -0.002 212.639  2705165.9 452185.3 244197.3 43536.7  12965.8  4155.1  4952.5
   661 163.679  -0.001 163.678  2646394.3 418378.6 311831.2 43455.0  12639.8  5199.6  4710.7
   662 104.253   0.000 104.253  2770772.2 412817.5 328892.7 34192.2  13495.2  4053.9  4872.3
   663 123.497   0.000 123.497  2731260.5 460606.0 269693.6 46712.2  13253.7  3789.7  5040.3
   664 -314.580   0.001 -314.579  2476385.8 441607.3 251235.2 34636.6  13255.5  4140.7  4550.6
   665 -744.096   0.003 -744.092  2240640.0 378064.5 214431.1 34372.2   8643.7  9576.5  3888.3
   666 123.810  -0.002 123.808  2500365.9 419039.6 181329.7 41311.9  12518.3  5376.4  4750.1
   667 271.002  -0.001 271.000  2524300.7 439538.7 284049.5 45773.4  11475.0  6884.5  4703.7
   668 -24.772  -0.000 -24.772  2776118.6 381161.9 219107.3 38400.5  12498.1  5455.8  4593.4
   669 335.148  -0.001 335.147  2627238.6 314719.6 179839.0 43786.2  12904.6  5525.5  4881.1
   670 328.304  -0.001 328.303  2833027.2 417929.2 319943.0 44378.4  13005.9  6451.0  5027.6
   671  83.500   0.001  83.501  2819094.9 445400.2 284349.5 40886.9  13627.5  3832.4  4979.3
   672 -138.145   0.001 -138.144  2543752.7 392695.1 324643.0 41097.5  14200.9  2622.8  4808.3
   673  28.167  -0.001  28.166  2864273.1 370983.8 235172.5 44290.3  15508.4  3085.0  5019.1
   674 269.848  -0.000 269.847  2823497.1 452764.8 276524.0 43909.8  13084.9  4716.1  4978.7
   675 111.163  -0.001 111.162  2805447.1 411401.1 400521.1 39760.8  16111.4  2929.8  5234.4

         Carbon flux (ktC/yr)        Water (dam3/yr)                Nitrogen (MgN/yr)
       ----------------------- -------------------------- --------------------------------
Spinup NEP     estab   NBP     transp     evap    interc  nuptake ndemand  nlosses ninflux
------ ------- ------- ------- ---------- ------- ------- ------- -------- ------- -------
   676 -207.051   0.001 -207.050  2874685.8 320080.2 203770.1 39219.6  12438.4  4372.6  4558.6
   677 303.431  -0.001 303.430  2835029.8 454689.9 278805.9 48004.2  13219.1  6091.6  4929.6
   678 -10.983   0.000 -10.983  2961450.7 376658.9 231244.9 41320.9  12331.5  2782.3  4494.7
   679 -232.429   0.001 -232.428  2668678.3 376637.2 249059.9 36872.1  12774.0  4559.1  4432.0
   680  74.329  -0.000  74.328  2730379.9 426483.6 376293.0 43789.5  12863.6  6583.7  4705.1
   681  50.700  -0.000  50.700  2726456.6 411176.2 398311.7 39508.2  15870.8  3136.6  5220.7
   682 -209.027   0.002 -209.026  2842772.3 369611.4 239424.7 40067.9  12541.6  4314.6  4514.0
   683 163.463  -0.000 163.463  2692761.5 468815.0 269643.0 44118.3  13950.9  5140.8  5050.8
   684  -7.460  -0.000  -7.460  2740214.7 442392.5 264449.1 40859.3  13963.6  2623.7  4964.0
   685  10.210   0.000  10.210  2870708.2 378910.1 222969.3 42759.7  12003.8  3168.0  4558.1
   686 -242.519   0.000 -242.518  2499926.7 437032.7 257291.2 37239.4  12430.9  5775.6  4435.5
   687 187.594  -0.000 187.594  2654145.4 332538.5 279311.3 45982.3  13675.7  4068.6  4910.3
   688 119.918  -0.000 119.918  2706860.5 463095.0 276379.8 42168.4  14082.5  3195.0  5007.7
   689 -97.668  -0.000 -97.668  2743986.2 456829.7 325658.8 41071.3  15131.4  2814.2  4987.9
   690 -267.280   0.002 -267.279  2594410.9 374980.2 244531.7 36111.6  12586.5  4721.4  4473.8
   691 182.022  -0.001 182.021  2825668.6 390800.5 211229.4 51255.7  11164.1  5049.6  4431.2
   692  51.163  -0.001  51.162  2737526.8 395187.0 221578.5 38189.8  11836.9  5310.5  4452.8
   693  22.284  -0.000  22.284  2772127.7 387994.2 228916.8 40617.1  11233.6  6537.7  4413.7
   694  81.609   0.000  81.609  2749293.7 410416.3 258655.9 46130.9  12507.0  5228.9  4528.8
   695 144.180   0.000 144.180  2819552.8 405143.4 340434.2 42335.6  15150.9  5104.3  5122.5
   696 -71.168   0.001 -71.167  2779501.7 366368.6 314335.6 40374.0  15301.2  3292.8  5005.9
   697 -24.057   0.000 -24.057  2755436.7 451243.2 384891.1 42546.1  14705.0  3360.4  5065.2
   698 -31.700   0.000 -31.700  2741845.9 408512.2 332347.1 41463.1  15333.8  4470.4  5241.8
   699 -191.875   0.001 -191.874  2635379.5 420954.5 249200.7 43440.1  14603.3  2951.8  4889.2
   700  66.439  -0.001  66.438  2685189.7 465473.0 366184.4 44224.3  15267.0  3821.5  5147.5

         Carbon flux (ktC/yr)        Water (dam3/yr)                Nitrogen (MgN/yr)
       ----------------------- -------------------------- --------------------------------
Spinup NEP     estab   NBP     transp     evap    interc  nuptake ndemand  nlosses ninflux
------ ------- ------- ------- ---------- ------- ------- ------- -------- ------- -------
   701 164.480  -0.000 164.479  2682724.5 449826.5 356357.9 41376.9  15375.0  3945.1  5218.1
   702  39.156  -0.001  39.155  2780447.5 440263.6 270310.3 42908.1  13286.5  3849.3  4907.8
   703 -300.078   0.001 -300.077  2513905.6 430221.4 264508.7 35138.6  12219.3  5985.9  4458.9
   704 -38.043   0.000 -38.043  2782820.1 380697.7 231031.4 44902.3  11986.6  5071.5  4485.8
   705  96.604  -0.001  96.603  2614921.8 448086.3 482396.5 46770.0  14837.2  5916.6  5063.1
   706 -134.042   0.001 -134.041  2825447.8 372224.3 238662.2 38649.5  13103.4  4046.0  4549.9
   707  48.427  -0.001  48.426  2750490.7 460901.5 326748.5 45696.6  14180.0  5616.6  4958.7
   708 -116.027   0.000 -116.026  2812159.5 328257.9 202369.7 40481.7  12222.4  6139.2  4527.6
   709 -59.447   0.001 -59.446  2505090.7 441407.9 288615.4 41910.4  10762.6  8850.8  4225.5
   710 -257.248   0.001 -257.247  2431041.5 445974.7 252249.1 39972.8  12483.1  6750.4  4462.0
   711 128.317  -0.001 128.316  2602884.1 433691.8 240101.2 47245.6  13353.1  4157.2  4768.8
   712  33.525   0.000  33.525  2487181.5 402867.8 323736.1 41881.5  13242.6  4776.5  4745.8
   713 -882.778   0.004 -882.774  2236681.3 382705.6 221237.8 31593.1   8715.5 11572.4  3842.2
   714 341.530  -0.002 341.528  2466119.7 479732.5 413301.9 48076.4  14690.8  6309.5  5215.8
   715  65.077  -0.001  65.076  2572499.7 434452.6 227273.4 40564.4  13136.6  3725.8  4894.0
   716 160.274  -0.001 160.273  2729178.1 331395.0 225630.5 43264.4  11479.2  5976.1  4553.3
   717 167.050  -0.001 167.049  2752308.8 464086.9 314675.8 43318.6  13686.3  6705.5  4963.1
   718 -31.904  -0.000 -31.904  2741598.4 388167.1 223636.7 36977.5  11948.1  6275.7  4564.2
   719 294.638  -0.000 294.638  2709256.4 325758.3 286309.1 46971.9  12570.3  5498.7  4797.1
   720 107.750  -0.000 107.750  2746457.2 411773.1 401820.4 40306.1  15440.7  4008.4  5181.1
   721  10.741   0.001  10.742  2774247.5 404668.6 336374.4 41126.2  14662.8  4197.6  5167.2
   722 -70.406   0.001 -70.405  2714411.3 411388.5 327331.8 40534.2  15438.7  3103.7  5249.0
   723  -7.346   0.000  -7.346  2635708.9 389737.0 401817.4 42805.9  15726.3  2576.9  5266.9
   724 130.987  -0.001 130.987  2717222.2 421859.9 381979.6 42441.7  15673.9  3810.5  5296.5
   725 -77.903   0.001 -77.902  2854611.2 371842.4 233008.7 39491.6  12520.4  4666.8  4533.3

         Carbon flux (ktC/yr)        Water (dam3/yr)                Nitrogen (MgN/yr)
       ----------------------- -------------------------- --------------------------------
Spinup NEP     estab   NBP     transp     evap    interc  nuptake ndemand  nlosses ninflux
------ ------- ------- ------- ---------- ------- ------- ------- -------- ------- -------
   726 182.256  -0.001 182.255  2726966.7 422284.0 385311.8 43797.8  15262.9  5437.8  5239.2
   727 -104.706   0.001 -104.705  2761424.3 346061.0 236089.3 39158.9  11430.0  5520.0  4447.0
   728 -138.464   0.001 -138.464  2688722.6 359752.6 229600.0 42235.4  12211.2  4554.0  4533.2
   729  56.609  -0.001  56.608  2660783.6 488958.7 301923.8 42760.5  14683.4  3417.0  4998.2
   730 111.770  -0.001 111.769  2860362.5 372054.8 240230.5 40497.2  14343.6  3323.4  4891.0
   731  62.859   0.000  62.859  2684498.1 431702.2 493000.4 45810.5  14155.8  6419.8  5011.5
   732  40.016  -0.000  40.016  2954597.6 360199.3 246520.2 41300.6  14931.8  2943.9  4913.3
   733 -256.737   0.001 -256.736  2571533.7 421631.9 266339.1 37814.5  11411.3  8015.9  4325.6
   734 -11.950  -0.000 -11.950  2739625.1 390052.1 222188.7 41474.1  12103.0  4977.0  4548.7
   735 216.776  -0.001 216.775  2787095.9 478283.4 316214.6 44917.3  12654.2  5655.1  4803.2
   736  82.238   0.000  82.238  2820933.4 404310.1 337608.7 40491.7  14453.8  4042.7  5154.5
   737 -292.462   0.001 -292.461  2799832.1 326628.3 202309.3 39629.3  13140.1  3902.7  4657.0
   738 137.372  -0.001 137.371  2775564.8 445107.1 263513.8 47633.1  12598.5  6074.6  4758.1
   739  95.284  -0.001  95.283  2712267.0 429285.9 500522.2 43161.5  15193.2  4398.6  5072.0
   740   2.769   0.000   2.769  2647594.9 429180.2 559511.8 38435.6  15974.1  2656.9  5315.9
   741 -51.370   0.000 -51.369  2611684.1 435018.8 550031.1 40273.1  15571.5  3500.8  5328.1
   742 -248.971   0.001 -248.970  2786891.2 328610.5 197722.1 40249.0  12680.0  4418.6  4654.9
   743 -174.714   0.000 -174.714  2490719.7 439243.0 252334.5 40172.7  11667.4  8487.8  4398.1
   744  60.091   0.000  60.091  2489615.5 404946.1 316041.5 44111.2  12927.4  5306.5  4773.5
   745  50.326  -0.001  50.325  2594708.1 446839.1 474326.2 45092.3  15882.2  3994.7  5187.1
   746  -8.230  -0.000  -8.230  2733443.9 439792.5 266189.2 39517.6  13968.5  3327.6  5011.8
   747 163.298  -0.000 163.298  2707495.8 460056.9 274881.7 43499.0  13874.7  3541.2  5063.7
   748 -870.324   0.004 -870.321  2268560.7 382628.2 224363.9 30727.7   8984.5  8764.9  3875.3
   749 259.622  -0.002 259.620  2536431.8 451310.5 323976.8 40999.7  12409.1  6302.9  4814.6
   750  12.317  -0.001  12.316  2705197.5 390999.8 210056.9 41167.1  11576.3  5148.8  4567.7

         Carbon flux (ktC/yr)        Water (dam3/yr)                Nitrogen (MgN/yr)
       ----------------------- -------------------------- --------------------------------
Spinup NEP     estab   NBP     transp     evap    interc  nuptake ndemand  nlosses ninflux
------ ------- ------- ------- ---------- ------- ------- ------- -------- ------- -------
   751 214.031  -0.002 214.030  2699959.9 456209.1 245378.9 43809.5  12231.5  6098.0  4887.5
   752 -783.793   0.004 -783.789  2290837.2 373119.6 219910.0 29934.6   8151.5 12732.5  3802.1
   753 432.645  -0.002 432.643  2551815.9 477544.4 294750.5 42054.5  13235.6  6147.9  5170.0
   754 -735.333   0.003 -735.330  2212176.6 383146.7 204146.2 31062.7   7786.1 12471.2  3870.9
   755 132.966  -0.002 132.964  2482016.6 423142.9 174468.3 37960.1  10933.7  7241.5  4705.3
   756 388.508  -0.002 388.507  2543156.0 344982.3 245635.2 45246.4  10903.5  7212.1  4869.3
   757  89.449  -0.001  89.448  2698124.7 466414.2 293058.8 40979.8  12879.1  5641.6  4989.0
   758 244.080  -0.001 244.080  2703045.4 457614.4 261305.3 42917.8  12540.9  5861.9  4993.3
   759 128.393  -0.001 128.392  2766053.9 437145.1 255452.9 42770.6  13055.9  3392.1  4896.3
   760 -190.806   0.001 -190.804  2632965.0 369655.3 238922.7 35470.5  12320.9  4231.6  4474.6
   761 227.883  -0.001 227.882  2772561.3 441144.7 250836.6 47972.3  12658.9  6244.1  4833.9
   762 123.634   0.000 123.634  2761135.3 414650.8 379717.0 35715.8  12871.4  5245.2  4737.5
   763  12.358   0.000  12.358  2778574.9 427183.0 266622.8 41619.7  13433.2  3294.0  4914.3
   764  48.195   0.000  48.196  2891657.1 372792.9 220997.5 42517.2  12100.2  3094.4  4558.3
   765 149.133  -0.001 149.132  2822208.8 431828.9 264953.3 43194.6  13402.3  3986.0  4839.3
   766 135.030   0.000 135.030  2795821.1 442064.7 282174.3 40244.2  14272.8  3364.1  5014.4
   767 -361.955   0.001 -361.954  2488520.5 433363.0 258073.1 34130.3  13734.9  3577.7  4540.0
   768  99.261  -0.000  99.261  2648597.2 418828.3 375295.1 43461.5  16049.3  3334.2  5286.8
   769 -78.546   0.001 -78.545  2496166.4 391905.6 314842.8 39653.3  13774.4  3139.6  4828.0
   770 -72.633   0.000 -72.633  2728105.7 381079.1 218577.4 41500.3  13638.8  3773.1  4670.6
   771 -16.320  -0.000 -16.320  2631507.0 362347.3 219102.8 40853.8  11856.2  5813.1  4559.8
   772 -33.104  -0.000 -33.104  2626393.6 364265.5 219686.6 40202.7  12140.1  4523.2  4553.1
   773  75.071  -0.000  75.071  2674692.5 338732.5 223404.8 40404.4  12536.3  4149.0  4609.0
   774  47.387  -0.001  47.386  2689037.8 465943.8 306479.4 42465.6  14300.5  5315.9  4989.2
   775 262.793  -0.001 262.793  2625181.6 304730.3 187593.8 39191.9  13449.6  4509.8  4869.4

         Carbon flux (ktC/yr)        Water (dam3/yr)                Nitrogen (MgN/yr)
       ----------------------- -------------------------- --------------------------------
Spinup NEP     estab   NBP     transp     evap    interc  nuptake ndemand  nlosses ninflux
------ ------- ------- ------- ---------- ------- ------- ------- -------- ------- -------
   776 133.453  -0.000 133.453  2715632.0 421498.9 245811.7 46212.5  12220.2  4725.3  4528.2
   777 -861.711   0.004 -861.707  2331326.0 371489.1 228424.2 29154.3   8888.5 12225.2  3793.3
   778 180.746  -0.001 180.745  2702787.6 397077.0 197867.4 40431.4  12238.7  6519.0  4530.6
   779 -42.963  -0.001 -42.964  2685364.9 346244.0 174098.1 39737.0  11576.8  6499.6  4653.5
   780  95.930  -0.001  95.928  2669195.0 397895.9 202621.2 39919.0  11037.8  7664.8  4473.7
   781 377.281  -0.001 377.281  2726454.9 449122.9 341075.2 44146.6  13052.2  6504.1  5005.7
   782 -101.609   0.000 -101.609  2758919.6 384744.5 217683.5 36151.8  12381.2  4205.7  4576.6
   783 229.454  -0.001 229.453  2936983.6 365002.4 238125.7 44948.8  13157.9  4602.5  4785.6
   784 116.573  -0.000 116.573  2907825.2 419365.5 272350.6 42135.9  11892.6  5887.4  4674.0
   785 -891.350   0.005 -891.345  2400806.7 359356.8 233576.9 29095.7   8832.7 11445.8  3790.5
   786 308.474  -0.002 308.473  2627278.8 432721.1 336278.1 41265.6  14533.8  5451.7  5281.3
   787 -215.049   0.000 -215.049  2452909.4 434642.5 231564.1 33391.2  11741.8  6151.9  4552.3
   788   8.554  -0.001   8.553  2618449.9 397740.8 195636.9 40005.4  11861.2  4489.5  4683.6
   789  47.216  -0.001  47.216  2745512.1 334995.9 176611.7 42337.5  11309.5  5527.7  4563.0
   790 300.623  -0.002 300.621  2809451.8 437743.6 246727.7 44882.8  11928.5  7284.4  4689.8
   791 198.134  -0.001 198.133  2892319.5 420628.1 262456.3 40287.7  12673.3  4915.8  4803.5
   792  82.510   0.000  82.510  3005652.0 361887.1 224182.7 42507.6  11642.8  3611.9  4446.2
   793 196.070  -0.001 196.069  3032751.0 355336.4 243660.4 44241.0  14312.0  3568.7  4780.2
   794 261.836  -0.001 261.835  2882589.5 352666.3 433821.7 43139.5  13757.0  4842.0  4911.9
   795  14.928   0.001  14.929  2862649.2 391147.4 342564.5 43126.1  13297.2  5140.2  4584.6
   796 -173.195   0.001 -173.194  2677285.3 367630.7 339398.7 37435.0  15220.0  3140.1  4795.6
   797 -13.644   0.001 -13.643  2841027.1 357532.6 292285.6 42761.8  16575.5  2506.8  5067.1
   798  25.228   0.000  25.229  2787502.9 400526.0 321442.2 38515.6  16015.7  2570.8  5265.2
   799 -167.912   0.001 -167.912  2765056.6 443484.9 318629.3 39711.7  15816.3  2323.9  5095.6
   800  22.504   0.000  22.504  2579501.2 434671.9 517509.0 38547.3  16021.0  3807.7  5362.4

         Carbon flux (ktC/yr)        Water (dam3/yr)                Nitrogen (MgN/yr)
       ----------------------- -------------------------- --------------------------------
Spinup NEP     estab   NBP     transp     evap    interc  nuptake ndemand  nlosses ninflux
------ ------- ------- ------- ---------- ------- ------- ------- -------- ------- -------
   801 -322.608   0.002 -322.607  2554719.4 374402.8 229748.5 34568.9  13263.2  3205.0  4621.6
   802 258.150  -0.001 258.149  2622137.4 460631.4 315736.3 45997.6  14920.0  4891.5  5233.3
   803  31.415  -0.000  31.415  2646792.5 428872.3 354673.9 35763.9  13266.9  4216.8  4840.7
   804 -145.314   0.000 -145.314  2696460.8 335281.6 182403.2 39187.1  12764.8  3621.5  4727.1
   805 -117.290   0.001 -117.289  2530549.1 386705.2 224096.9 38053.0  12321.9  6562.8  4550.8
   806 150.025  -0.002 150.024  2685183.4 468256.3 294601.4 44819.0  13947.4  5386.6  5024.6
   807 112.582  -0.001 112.581  2757043.8 435807.3 256429.5 39166.6  12889.8  5021.0  4898.6
   808  29.439   0.001  29.440  2803834.4 319067.6 234757.2 39424.5  11935.4  4614.9  4554.1
   809 166.063  -0.001 166.062  2686283.1 387312.5 401370.3 45933.4  14443.8  4943.5  5135.2
   810 -156.874   0.000 -156.874  2729754.8 385987.0 220017.6 36045.1  12127.2  4431.5  4524.4
   811 141.423  -0.000 141.423  2672022.0 415140.1 318091.0 46440.6  12421.7  6200.3  4638.1
   812 -11.333   0.001 -11.332  2785650.5 403114.9 325709.4 38158.8  15820.2  3396.0  5246.5
   813 -293.966   0.001 -293.965  2741002.5 329839.0 191932.3 39013.8  13595.9  3195.2  4758.9
   814 126.216  -0.001 126.215  2609908.8 425758.1 303327.8 48435.9  13266.5  5864.5  4770.1
   815  85.165  -0.000  85.165  2752208.8 411758.6 317109.3 37943.7  15788.0  3200.5  5289.9
   816 -26.783   0.001 -26.783  2573275.4 440557.8 528326.6 38739.9  15885.5  2660.6  5368.4
   817  -9.174   0.001  -9.173  2686161.1 419626.5 318056.6 35033.4  13318.5  3423.3  4926.1
   818 -47.331  -0.000 -47.331  2576544.9 448415.7 457380.0 46210.3  14894.7  3597.0  5204.0
   819 -186.092   0.001 -186.090  2428090.0 438771.0 267580.9 35147.5  12088.4  2720.9  4533.0
   820 157.230  -0.001 157.229  2484418.9 316983.5 169375.5 44794.8  13981.4  3451.9  5003.8
   821 204.512  -0.001 204.511  2694627.4 441422.7 354777.0 39989.1  11554.4  5167.3  4675.8
   822 144.962  -0.001 144.961  2910286.4 370946.9 236430.5 42133.4  13594.5  3466.8  4857.9
   823 119.809  -0.000 119.808  2841059.8 404710.7 328292.3 41941.6  13369.3  6588.7  5103.1
   824 -83.479   0.001 -83.477  2871590.5 316755.5 243317.6 38011.7  12300.5  4239.7  4567.5
   825 -26.139   0.000 -26.139  2812314.4 327657.5 233878.7 42978.5  12144.3  5617.9  4592.1

         Carbon flux (ktC/yr)        Water (dam3/yr)                Nitrogen (MgN/yr)
       ----------------------- -------------------------- --------------------------------
Spinup NEP     estab   NBP     transp     evap    interc  nuptake ndemand  nlosses ninflux
------ ------- ------- ------- ---------- ------- ------- ------- -------- ------- -------
   826   9.684  -0.001   9.683  2787711.6 445866.0 261008.2 43716.5  13179.0  5309.4  4902.9
   827 -158.074   0.001 -158.074  2867722.1 369893.0 234067.3 39069.2  12792.0  4321.5  4542.6
   828 -143.302  -0.000 -143.302  2684986.9 396841.9 216689.0 39121.5  12692.1  5427.3  4656.1
   829 226.245  -0.000 226.244  2718932.3 464125.3 270572.6 45535.0  13012.2  4460.7  4992.7
   830 -257.856   0.001 -257.856  2750750.0 337569.3 193702.4 37999.2  13149.0  3277.1  4653.0
   831 -853.813   0.004 -853.809  2271544.5 380295.9 219867.3 32687.1   8423.7 14670.2  3808.4
   832  92.671  -0.002  92.669  2527010.6 418569.1 184128.4 39867.0  12445.1  5943.3  4708.8
   833 -98.546  -0.000 -98.546  2368393.4 456692.8 227607.5 35885.3  10910.8  7732.3  4518.9
   834  27.279  -0.001  27.278  2580497.4 406642.0 198304.5 39923.5  11311.3  5075.5  4636.4
   835  90.366  -0.001  90.366  2644509.8 400994.9 203741.4 39649.3  10844.2  6157.1  4549.5
   836 298.613  -0.001 298.612  2694078.5 421460.9 373777.1 43614.9  13132.7  6249.6  5125.2
   837  17.462   0.000  17.463  2670047.2 430514.8 480908.0 43058.5  14393.2  4507.3  5071.4
   838 -343.400   0.001 -343.398  2486364.1 425443.2 252699.6 33607.8  13289.8  4115.8  4571.4
   839 148.618  -0.001 148.617  2814683.6 378669.4 224877.1 45798.3  14270.0  3497.4  4992.9
   840 -185.903   0.001 -185.903  2490695.6 431693.9 247707.9 36000.5  11543.4  7054.9  4440.1
   841 285.307  -0.000 285.306  2682934.7 465687.9 262568.4 45010.5  13456.3  4255.7  5040.6
   842  95.919  -0.000  95.919  2701311.3 421613.4 310333.1 39886.3  15558.8  2665.7  5289.1
   843 -180.320   0.001 -180.319  2756014.3 378400.9 225080.8 38979.9  13487.2  3219.4  4689.6
   844 110.834  -0.001 110.834  2642523.2 430037.2 299814.5 42731.4  15057.7  4751.4  5343.9
   845  31.951   0.000  31.951  2786275.7 387047.8 209880.4 41913.5  12339.7  2584.0  4699.9
   846 113.879  -0.001 113.878  2758242.9 330619.0 225631.0 41581.0  12097.5  4377.7  4584.4
   847 145.791  -0.001 145.790  2729875.2 420260.2 312426.5 41852.1  14616.9  5711.4  5220.0
   848 -95.900   0.000 -95.900  2768817.2 449184.6 321493.0 39453.7  14839.8  3215.8  5041.3
   849 -23.615  -0.000 -23.616  2783476.3 444563.9 320280.5 41316.1  14503.3  4511.3  5024.3
   850 -138.017   0.001 -138.015  2499256.1 430448.4 279332.3 37431.0  11356.8  5299.3  4399.2

         Carbon flux (ktC/yr)        Water (dam3/yr)                Nitrogen (MgN/yr)
       ----------------------- -------------------------- --------------------------------
Spinup NEP     estab   NBP     transp     evap    interc  nuptake ndemand  nlosses ninflux
------ ------- ------- ------- ---------- ------- ------- ------- -------- ------- -------
   851 123.667  -0.001 123.666  2683545.0 420856.2 365170.5 45812.7  16141.3  3957.5  5328.3
   852 -134.895   0.002 -134.893  2473512.3 435642.2 273771.8 36248.7  11433.4  3393.7  4431.9
   853  79.852  -0.001  79.851  2517565.0 458288.3 495462.5 42689.7  15953.8  5070.1  5420.5
   854 -296.461   0.001 -296.461  2444146.8 440922.7 244207.1 33982.3  12474.2  4838.6  4584.8
   855   2.343  -0.000   2.343  2726767.1 386255.8 215961.5 44228.8  12189.1  4724.9  4599.3
   856 218.190  -0.001 218.189  2625711.5 340828.6 266872.9 43156.0  13582.6  5311.7  4977.4
   857 -807.449   0.004 -807.446  2274813.9 378922.0 218591.6 30533.4   8463.4 10499.4  3844.2
   858 286.772  -0.002 286.770  2426736.4 481574.8 446987.9 41410.2  14090.8  5748.4  5401.5
   859 -119.099  -0.001 -119.099  2667246.5 343085.5 173923.3 38367.3  11533.6  5262.8  4713.9
   860 -720.722   0.003 -720.719  2234924.5 379622.2 207124.9 33282.3   7969.6 16985.5  3843.6
   861 263.232  -0.002 263.230  2581714.4 488961.0 258667.4 43249.5  13427.5  6271.8  5125.7
   862 -648.277   0.003 -648.274  2201634.1 379942.4 200720.0 30253.0   7999.6 13111.1  3922.4
   863  97.157  -0.002  97.155  2534265.4 360935.2 151138.7 39196.8  11069.1  7375.0  4766.4
   864 495.268  -0.003 495.265  2775423.5 395982.5 202999.3 46598.4  11556.6  8212.9  4805.1
   865 -107.174   0.000 -107.174  2490786.3 437371.8 237840.3 34622.6   9987.0 11643.9  4310.8
   866 271.952  -0.000 271.951  2676001.6 465095.4 257768.6 45524.6  12439.9  5345.5  5006.1
   867  36.439   0.000  36.439  2719096.3 331031.8 225309.4 37702.1  12839.2  3301.2  4691.2
   868 108.386  -0.001 108.385  2673570.3 379778.7 277844.6 41440.0  14639.7  4660.9  5094.0
   869  41.675  -0.000  41.675  2704463.3 455240.1 356331.2 38665.6  14591.8  3213.6  5128.1
   870 -133.576   0.001 -133.576  2664226.9 387394.5 210281.2 35124.0  13159.7  4035.3  4736.8
   871   7.669  -0.000   7.669  2635962.9 394629.7 206604.0 38730.8  12067.7  4647.8  4676.3
   872 -89.169   0.001 -89.167  2545721.9 382027.1 227372.6 37436.8  11728.5  4695.4  4518.5
   873 157.283  -0.001 157.282  2696072.6 329455.3 216408.2 43064.7  12077.1  5381.1  4649.8
   874 188.239  -0.001 188.238  2620768.1 334634.7 265772.5 40576.5  13908.9  4858.5  5005.1
   875 -23.474   0.000 -23.474  2569648.3 423243.0 303499.6 41580.9  13769.8  3687.4  4830.6

         Carbon flux (ktC/yr)        Water (dam3/yr)                Nitrogen (MgN/yr)
       ----------------------- -------------------------- --------------------------------
Spinup NEP     estab   NBP     transp     evap    interc  nuptake ndemand  nlosses ninflux
------ ------- ------- ------- ---------- ------- ------- ------- -------- ------- -------
   876 -71.010   0.000 -71.009  2689016.6 439903.5 251298.7 37486.0  14784.7  2934.0  5077.3
   877  59.555   0.000  59.555  2596144.2 330641.1 267600.8 40429.7  14777.5  2799.0  5082.1
   878 -67.375   0.000 -67.375  2574803.6 428959.0 227557.0 41975.4  14673.9  2744.8  4950.2
   879  75.741  -0.001  75.740  2553983.3 449309.3 450686.6 41724.8  16375.7  3266.2  5256.1
   880 -55.489   0.001 -55.489  2449663.2 397000.9 304634.3 37370.3  14401.3  2295.2  4935.0
   881 -716.956   0.003 -716.952  2193873.6 376768.5 207107.5 32881.1   9721.3  7644.4  4038.5
   882 -27.228  -0.001 -27.229  2251325.5 473906.4 199720.9 38266.5  13144.0  5447.7  4757.9
   883 300.041  -0.002 300.039  2517667.5 399393.6 246873.0 41990.9  13721.4  4103.5  5186.4
   884 294.391  -0.001 294.389  2567654.2 339796.9 253655.8 40075.7  12954.5  3941.6  5008.7
   885 162.900  -0.000 162.900  2636942.4 430139.9 301452.7 34322.1  12420.4  4639.7  4840.3
   886 -133.509   0.000 -133.509  2687532.5 341466.9 179087.5 41851.3  11622.8  4785.9  4644.9
   887  67.513  -0.000  67.512  2469996.4 403497.3 298271.0 42984.8  12776.5  6972.1  4771.2
   888 -73.646   0.001 -73.645  2427759.4 439909.0 263519.0 36837.1  11941.3  4178.2  4458.3
   889  56.941  -0.001  56.940  2623584.7 453243.6 239699.3 43851.6  13666.4  3801.2  4974.4
   890 183.330  -0.001 183.330  2648703.2 387786.7 390945.7 40325.5  15079.8  3028.0  5221.4
   891  79.895  -0.001  79.894  2775775.2 435442.3 258515.0 41104.3  12881.3  4328.4  4874.8
   892 165.325  -0.000 165.325  2744976.6 373576.5 410015.9 41904.0  14847.5  3464.5  5156.4
   893 142.500   0.000 142.500  2770238.0 322104.6 287331.4 41764.2  13917.9  3684.0  4912.5
   894  53.221   0.001  53.222  2778138.8 449949.2 277642.8 40791.8  14616.0  3325.0  5055.3
   895 -143.701   0.001 -143.701  2633578.5 435375.0 481802.1 40723.9  16894.5  2137.8  5192.5
   896 -203.047   0.001 -203.046  2622862.3 415423.5 239348.4 39989.8  15511.6  1943.2  4963.4
   897  24.982  -0.001  24.981  2790889.7 378218.6 228136.8 43239.5  15764.0  3087.6  5095.8
   898 134.449  -0.001 134.449  2754613.9 454911.6 363826.6 42354.5  14075.1  5071.1  5099.8
   899 -64.201   0.001 -64.201  2552374.7 388505.4 322532.4 39537.4  13765.2  4541.5  4813.4
   900  69.199  -0.001  69.199  2740886.0 440338.4 258157.8 44116.4  14095.4  3588.5  4983.5

         Carbon flux (ktC/yr)        Water (dam3/yr)                Nitrogen (MgN/yr)
       ----------------------- -------------------------- --------------------------------
Spinup NEP     estab   NBP     transp     evap    interc  nuptake ndemand  nlosses ninflux
------ ------- ------- ------- ---------- ------- ------- ------- -------- ------- -------
   901 -137.532   0.001 -137.530  2482806.4 433556.7 281286.9 35961.6  11739.2  3527.1  4433.2
   902 161.136  -0.000 161.136  2632613.1 457677.2 332990.0 45383.8  15728.8  3510.9  5280.0
   903  21.485  -0.000  21.484  2820257.0 387089.9 214032.9 41652.1  12379.9  2870.4  4639.0
   904 160.341  -0.001 160.340  2781501.6 445211.9 261083.0 43043.3  13068.9  4065.7  4863.0
   905  53.307  -0.000  53.306  2782620.4 469185.3 319566.2 39086.6  13763.9  3878.3  4928.3
   906  68.364   0.000  68.364  2745519.3 372723.3 429236.6 42121.5  14732.7  3147.0  5130.2
   907 -351.105   0.002 -351.103  2641583.0 372110.2 247462.1 35831.6  12891.3  4388.7  4521.6
   908 143.260  -0.001 143.259  2769445.3 445095.6 255563.3 46538.2  13181.3  5124.3  4889.5
   909  71.330   0.000  71.330  2763537.6 407424.0 326667.0 38859.3  15093.0  3638.3  5248.7
   910 -240.592   0.002 -240.590  2699103.1 349069.1 234107.8 38956.6  12438.9  3794.7  4584.8
   911  55.036  -0.000  55.036  2602838.1 461227.6 336385.2 42903.2  16020.5  2797.9  5306.3
   912  -5.745  -0.001  -5.745  2660941.8 383114.8 284183.4 40405.6  15301.6  3208.6  5130.4
   913  59.449  -0.001  59.449  2681852.2 483814.2 304814.5 40252.1  13765.7  3705.7  4996.1
   914  67.117  -0.000  67.117  2864075.9 380958.6 220597.7 43865.6  11504.4  3285.9  4519.1
   915 185.406  -0.001 185.405  2780217.8 374323.2 298460.2 43383.6  14176.3  4395.0  4910.0
   916  94.855  -0.000  94.854  2814500.1 364304.3 310145.6 39776.0  14150.1  4259.9  4913.1
   917  70.542   0.001  70.543  2753268.0 438304.4 373515.6 41782.1  14737.8  3449.1  5088.8
   918 -63.962  -0.000 -63.962  2908555.7 366584.7 249135.9 43599.8  14813.3  3004.9  4898.4
   919  76.821  -0.000  76.821  2824507.3 405078.2 334812.7 43008.8  14350.6  5548.0  5143.9
   920 -380.652   0.002 -380.650  2632644.2 371991.3 249412.6 34634.5  13289.9  3271.1  4524.7
   921  13.845  -0.000  13.845  2816688.9 381066.9 222689.3 46589.2  12373.9  5154.7  4498.5
   922 297.227  -0.001 297.226  2656322.7 313204.8 189338.1 40970.0  13327.1  5019.0  4873.6
   923 106.564  -0.000 106.564  2768928.0 419549.5 252534.2 45994.6  11883.5  4667.5  4495.6
   924 118.169  -0.001 118.168  3018033.8 361759.8 252820.0 42546.6  14304.6  5128.5  4801.9
   925  33.552  -0.000  33.552  2807743.6 415989.2 519431.7 45328.7  14565.9  6338.3  4967.3

         Carbon flux (ktC/yr)        Water (dam3/yr)                Nitrogen (MgN/yr)
       ----------------------- -------------------------- --------------------------------
Spinup NEP     estab   NBP     transp     evap    interc  nuptake ndemand  nlosses ninflux
------ ------- ------- ------- ---------- ------- ------- ------- -------- ------- -------
   926 -92.231   0.001 -92.230  2778422.0 412104.9 521318.1 41955.9  16400.8  2624.4  5091.9
   927 -34.953   0.001 -34.952  2749477.0 318869.6 295690.0 41664.2  15291.9  2271.0  4995.0
   928  56.011  -0.001  56.010  2721018.4 384966.0 419493.8 45120.4  15653.9  2869.9  5191.3
   929   4.043   0.000   4.043  2785799.1 421230.8 386514.4 38904.5  12942.7  5184.5  4735.0
   930  80.543   0.000  80.543  2730874.8 444703.5 365969.0 42545.1  15343.8  3184.6  5163.4
   931 -31.207  -0.000 -31.207  2759465.3 477587.9 319596.2 41802.1  14436.8  3332.5  4983.5
   932  39.270   0.001  39.271  2754863.1 413794.4 340984.9 33603.6  13383.3  3728.7  4860.4
   933 -104.080   0.001 -104.079  2692780.6 420728.1 323967.6 44612.1  14334.2  4032.9  5246.9
   934 -304.193   0.001 -304.192  2701258.7 336984.3 190204.2 38765.1  13281.4  3410.1  4780.5
   935 123.318  -0.001 123.317  2683800.6 473101.4 353775.9 46112.5  13950.5  6566.6  5108.6
   936  38.205  -0.001  38.204  2644381.7 438348.7 480790.0 42878.8  15232.0  4592.4  5161.6
   937 -184.132   0.000 -184.132  2698806.4 389105.4 222906.8 35495.7  13005.3  3368.1  4701.9
   938  29.157   0.000  29.158  2818824.2 380032.5 230650.9 46071.9  11497.9  5796.9  4453.1
   939  -9.646  -0.000  -9.646  2829986.4 383858.2 231569.3 41990.3  12245.2  6573.7  4477.3
   940 -100.184  -0.000 -100.184  2778987.0 339086.1 195458.4 41745.2  12211.4  6518.4  4573.9
   941 164.596  -0.001 164.595  2602759.0 448997.6 538459.9 42668.3  14910.2  9299.0  5251.3
   942  65.557   0.001  65.558  2750659.9 454926.0 283730.1 41845.8  13716.9  3551.9  5018.2
   943  -2.668   0.000  -2.668  2577606.7 449599.0 539941.2 39936.7  16203.7  2686.2  5331.6
   944 -43.842  -0.000 -43.842  2868764.2 371507.3 244043.4 41636.6  14739.9  3252.7  4974.3
   945 212.860  -0.001 212.859  2980037.1 365860.8 246285.8 45864.8  12998.6  4769.0  4786.2
   946 140.152  -0.000 140.152  2727454.9 430269.8 562189.0 40467.9  14207.3  7792.0  5204.8
   947 -412.949   0.001 -412.948  2584323.4 420594.8 273517.6 35262.5  12293.8  5909.9  4448.6
   948  27.682   0.001  27.682  2726517.7 420859.7 373430.9 42613.9  12942.7  5207.2  4769.6
   949 -15.328   0.000 -15.328  2691519.5 418437.3 319537.8 41768.2  15337.2  3175.9  5291.5
   950   0.420   0.001   0.421  2638145.9 469261.4 268076.7 41223.2  14587.6  2551.9  5154.1

         Carbon flux (ktC/yr)        Water (dam3/yr)                Nitrogen (MgN/yr)
       ----------------------- -------------------------- --------------------------------
Spinup NEP     estab   NBP     transp     evap    interc  nuptake ndemand  nlosses ninflux
------ ------- ------- ------- ---------- ------- ------- ------- -------- ------- -------
   951 -857.697   0.003 -857.693  2201939.3 387299.2 215186.6 31936.8   9316.9  6852.7  3992.3
   952  63.893  -0.001  63.893  2281203.5 473032.4 229122.3 39949.4  11286.9  5485.7  4533.4
   953 274.211  -0.002 274.209  2526660.2 447295.5 334724.7 44252.6  14274.3  5089.3  5391.1
   954  85.382  -0.000  85.382  2448524.2 413270.4 294860.0 40242.0  11875.5  4929.4  4798.0
   955 235.314  -0.001 235.313  2661913.2 433775.0 303806.9 37802.2  12413.1  5065.0  4860.0
   956 156.039  -0.001 156.038  2862510.4 393836.8 208596.6 46646.0  10516.5  4396.9  4458.8
   957 345.810  -0.001 345.809  2780617.6 466050.6 267965.6 43993.2  12894.9  4550.6  4934.9
   958  68.706  -0.001  68.705  2954180.0 371310.7 245278.7 40391.7  14416.0  3116.9  4871.7
   959 -170.834   0.000 -170.834  2810466.8 377346.5 230414.3 37186.8  11019.4  6360.4  4375.4
   960 143.850   0.000 143.850  2935580.4 317489.9 244541.9 43678.8  10910.4  6545.0  4371.9
   961   4.932   0.000   4.932  2915206.2 321543.6 244674.8 40869.8  11853.3  6622.2  4468.2
   962 -219.961   0.001 -219.960  2540348.6 436876.5 287134.9 39419.4  11222.4  7291.0  4312.9
   963 -23.865  -0.001 -23.865  2703332.0 483128.8 299921.6 46197.0  14483.8  3776.5  4944.2
   964 148.116  -0.001 148.115  2729425.0 383977.2 412552.2 41187.6  15262.2  2819.6  5185.3
   965 -66.956   0.000 -66.955  2733673.2 411437.5 251465.1 43807.6  13432.4  3789.3  4703.9
   966 -858.035   0.004 -858.031  2347953.5 369236.4 228884.8 30156.1   8863.5 11679.8  3825.4
   967 412.624  -0.002 412.622  2616949.8 414627.1 351497.5 46437.7  14377.9  5290.6  5244.8
   968 146.449  -0.001 146.448  2661804.9 445189.7 455238.8 43080.2  14257.5  5177.8  5155.3
   969 123.714  -0.000 123.713  2932586.1 375126.0 215756.6 42203.0  11732.2  3062.2  4547.7
   970 289.662  -0.001 289.661  2859753.6 369200.6 294392.5 44428.9  13812.5  4943.5  4896.7
   971 102.164   0.000 102.164  2860088.1 407532.2 388988.3 37746.0  12450.7  5273.3  4666.0
   972 -224.419   0.001 -224.418  2855643.8 321078.5 200873.4 41020.5  12497.4  4106.6  4563.0
   973 248.320  -0.001 248.318  2832410.3 368436.6 299058.4 46838.7  13623.3  6114.1  4861.5
   974 199.669  -0.000 199.669  2825371.1 434052.1 373232.3 40053.9  14677.2  3752.2  5045.7
   975 -141.189   0.001 -141.188  2774266.7 404715.0 258434.7 43889.7  13983.5  3117.8  4710.7

         Carbon flux (ktC/yr)        Water (dam3/yr)                Nitrogen (MgN/yr)
       ----------------------- -------------------------- --------------------------------
Spinup NEP     estab   NBP     transp     evap    interc  nuptake ndemand  nlosses ninflux
------ ------- ------- ------- ---------- ------- ------- ------- -------- ------- -------
   976 166.118  -0.001 166.118  2764807.4 375478.8 424293.6 45404.7  15661.8  3430.6  5146.3
   977 114.635  -0.000 114.635  2885525.5 363513.6 312910.4 41246.6  14710.3  3904.7  4935.5
   978   9.041   0.001   9.042  2848495.1 407097.2 399403.9 37649.5  13230.1  4841.1  4702.3
   979 -219.494   0.001 -219.493  2558910.0 384373.0 337255.3 41716.9  13988.6  3295.9  4775.6
   980   3.558  -0.000   3.558  2697700.9 414194.0 389160.2 43208.2  16996.5  3371.0  5327.6
   981 -335.184   0.002 -335.182  2485799.4 431980.7 256647.5 34173.6  12836.8  4772.0  4536.0
   982 -213.035   0.001 -213.034  2420426.2 444698.3 243867.7 38369.6  12260.4  5666.2  4540.0
   983 291.832  -0.001 291.831  2544032.5 316716.1 178646.6 44319.2  13351.0  3689.2  4977.6
   984 224.303  -0.001 224.301  2730071.1 491322.4 303104.8 43725.9  11980.1  5509.5  4715.0
   985 -41.405   0.001 -41.404  2569447.1 390749.4 331528.5 39220.7  12677.4  4573.9  4681.0
   986 103.695  -0.000 103.695  2674523.7 328331.8 281986.0 44872.5  14243.4  3781.6  4955.9
   987  23.777  -0.000  23.777  2747986.2 459568.8 375509.1 42506.6  14542.3  3585.6  5069.3
   988  14.110  -0.001  14.110  2809353.5 432310.4 271798.5 41638.9  13445.9  4668.5  4900.4
   989 156.651  -0.001 156.650  2761700.8 374673.0 427602.2 44242.4  14601.8  3570.7  5103.7
   990 -131.930   0.001 -131.929  2917567.8 368870.8 245188.8 41160.7  11992.6  5106.1  4366.8
   991 -59.490   0.000 -59.490  2898359.7 375245.6 240120.6 42716.8  12523.0  6881.6  4435.5
   992 -243.797   0.001 -243.796  2626537.0 380911.9 246198.1 37454.1  12524.6  5995.7  4449.6
   993 258.669  -0.001 258.668  2693329.0 392954.7 407214.8 50626.6  14418.5  5017.7  5093.8
   994  67.136  -0.000  67.136  2790906.5 423023.4 389897.1 37339.9  12487.3  5659.5  4671.4
   995  44.988  -0.000  44.987  2948829.2 363147.3 253238.7 43302.8  14152.2  3383.8  4826.4
   996  13.176  -0.000  13.176  2900875.1 438176.9 346497.8 43355.9  13380.7  5884.7  4828.4
   997  86.967   0.001  86.968  2847091.3 442140.8 295102.4 42298.6  13858.4  5736.9  4966.9
   998 -423.924   0.001 -423.923  2504444.6 435923.8 267651.1 35515.6  13471.3  4038.3  4516.7
   999 -48.533   0.000 -48.533  2641219.6 423604.4 242404.4 47464.9  14391.2  3347.1  4852.9
  1000  60.914  -0.001  60.914  2619364.4 445259.6 479556.9 43745.4  16318.7  3785.6  5180.1

         Carbon flux (ktC/yr)        Water (dam3/yr)                Nitrogen (MgN/yr)
       ----------------------- -------------------------- --------------------------------
Spinup NEP     estab   NBP     transp     evap    interc  nuptake ndemand  nlosses ninflux
------ ------- ------- ------- ---------- ------- ------- ------- -------- ------- -------
  1001  38.315  -0.000  38.315  2585099.4 440652.1 539943.9 37863.9  16149.0  2757.3  5367.9
  1002  17.575  -0.000  17.575  2744054.5 374087.4 300675.1 42554.3  14368.3  3841.1  5044.5
  1003 108.021  -0.001 108.020  2774368.8 370640.4 303054.1 42021.1  14129.6  4466.3  4972.7
  1004  -3.102  -0.000  -3.102  2825588.7 444466.2 337537.2 42637.6  13838.3  4220.8  4923.9
  1005  52.150   0.000  52.151  2797237.3 403715.5 339061.6 42427.0  14384.3  5639.7  5156.0
  1006 -222.691   0.001 -222.690  2844221.4 371616.0 241621.4 41269.6  12906.2  4242.3  4552.3
  1007 102.695  -0.001 102.694  2763425.6 448379.8 264788.7 46109.1  13223.9  5237.8  4901.8
  1008  95.545  -0.000  95.544  2780010.2 474194.9 321847.1 40934.3  13640.0  4231.9  4904.5
  1009 -315.394   0.002 -315.393  2538006.1 427182.9 269356.4 34957.8  12007.0  6198.3  4428.5
  1010 132.973  -0.001 132.973  2881392.3 374615.2 241331.6 47880.0  13590.5  4193.5  4847.7
  1011 101.293  -0.000 101.293  2720055.6 431711.1 498070.6 46406.7  14186.7  6719.3  4996.9
  1012  -6.899   0.001  -6.899  2788548.6 413033.9 392507.7 37479.6  13383.0  4263.9  4758.7
  1013  20.259  -0.000  20.258  2793500.8 436793.3 274630.1 44720.8  13343.5  3565.8  4891.8
  1014  -7.653   0.001  -7.653  2747832.2 418826.1 388451.0 39037.8  12995.5  5060.1  4750.8
  1015 -48.303   0.000 -48.303  2634428.5 438144.3 495273.2 45861.0  15393.1  3266.0  5116.2
  1016 -14.998  -0.000 -14.998  2736663.4 371123.8 304703.6 40202.0  15385.2  3172.7  5061.7
  1017 126.033  -0.000 126.033  2717687.4 461177.0 279923.5 43850.4  13793.4  3628.6  5037.7
  1018 -157.737   0.001 -157.736  2679783.0 356858.4 235645.7 41575.5  11818.5  4056.9  4461.9
  1019 -20.351  -0.000 -20.351  2635849.6 431853.2 242147.6 45540.2  14406.9  3525.8  4810.9
  1020 -21.892  -0.000 -21.892  2810581.1 381421.5 233855.5 41431.5  12614.4  5119.1  4467.0
  1021 194.920  -0.001 194.919  2794148.3 446297.4 270362.0 45134.0  12617.5  6008.4  4781.7
  1022 104.432  -0.000 104.432  2963004.3 376378.4 233312.3 44454.5  11015.9  4315.0  4337.5
  1023 321.033  -0.001 321.032  2859064.9 456494.8 291861.8 46710.7  13168.3  4844.5  4834.5
  1024   0.108   0.000   0.108  2755375.3 426780.9 525797.2 43704.5  15648.7  3167.6  4981.3
  1025 -147.258   0.001 -147.257  2875334.5 319291.3 256877.1 38904.6  13006.8  3443.9  4538.4

         Carbon flux (ktC/yr)        Water (dam3/yr)                Nitrogen (MgN/yr)
       ----------------------- -------------------------- --------------------------------
Spinup NEP     estab   NBP     transp     evap    interc  nuptake ndemand  nlosses ninflux
------ ------- ------- ------- ---------- ------- ------- ------- -------- ------- -------
  1026 -46.709  -0.000 -46.709  2669282.1 439906.0 501669.4 47842.1  15719.8  6048.1  5077.0
  1027  21.019  -0.000  21.019  2766515.3 408244.0 409066.3 40025.8  16488.1  2844.2  5246.8
  1028 -52.095   0.001 -52.094  2856307.6 321350.0 248375.9 42147.4  12039.5  4467.8  4488.5
  1029  -8.960  -0.000  -8.960  2707465.4 423236.2 251559.5 47501.0  13598.3  5381.1  4704.9
  1030  46.870   0.000  46.871  2853104.5 326244.3 245074.9 40885.7  12210.9  5247.1  4485.7
  1031  64.292  -0.001  64.292  2790234.1 459771.5 386024.7 45436.7  14165.0  7009.7  4994.4
  1032  27.756  -0.000  27.755  2864166.9 430050.6 281976.3 42289.8  13240.2  4923.6  4819.2
  1033  34.731   0.000  34.731  2985295.5 372971.6 237835.3 45658.7  11361.7  3863.0  4389.5
  1034  76.069  -0.000  76.069  2928534.4 326307.3 252196.7 43555.3  11642.4  5313.8  4365.1
  1035 180.640  -0.000 180.640  2853268.7 457604.2 294476.0 46078.6  13584.2  5987.7  4905.0
  1036 -138.944   0.000 -138.944  2871662.9 443948.3 351311.1 41304.1  15207.2  3034.1  4910.4
  1037   6.424   0.000   6.425  2834150.3 402246.3 349288.6 42163.7  15050.4  5004.4  5146.7
  1038 -250.414   0.002 -250.412  2555105.8 390961.1 342323.2 41589.2  14005.0  3166.4  4786.4
  1039 -70.890   0.000 -70.890  2609386.7 423325.3 318287.5 47391.2  14390.3  3855.4  4817.4
  1040 -24.181   0.000 -24.181  2688150.9 427668.0 377724.0 37708.0  13883.9  4252.2  4840.6
  1041 126.273  -0.001 126.272  2675347.9 392329.6 414401.3 46229.6  14894.2  3021.7  5169.9
  1042 -153.118   0.001 -153.117  2755532.4 353613.1 239466.6 41147.8  10667.7  6897.7  4327.8
  1043  31.875  -0.000  31.875  2618018.5 430792.3 324126.9 46571.3  13476.1  5167.8  4714.4
  1044 -944.103   0.004 -944.099  2303183.6 376561.0 230355.9 28841.3   9070.5 10976.0  3845.2
  1045 386.029  -0.002 386.027  2631637.4 514861.6 264525.5 44992.2  12689.1  6511.5  4897.4
  1046 209.414  -0.001 209.412  2715018.5 472222.7 348662.5 42040.0  12380.2  4820.5  4986.9
  1047 -92.618  -0.001 -92.619  2803274.1 331189.2 190536.0 41826.7  11206.9  6818.0  4500.9
  1048 234.030  -0.001 234.029  2883152.3 325784.8 234813.3 46729.6  10469.8  9645.6  4344.8
  1049 354.570  -0.001 354.569  2750308.4 304493.1 197010.9 43566.0  12141.3  7253.3  4648.1
  1050 250.746  -0.001 250.745  2989330.7 427380.8 285203.2 46705.1  10838.9  6548.0  4379.8

         Carbon flux (ktC/yr)        Water (dam3/yr)                Nitrogen (MgN/yr)
       ----------------------- -------------------------- --------------------------------
Spinup NEP     estab   NBP     transp     evap    interc  nuptake ndemand  nlosses ninflux
------ ------- ------- ------- ---------- ------- ------- ------- -------- ------- -------
  1051 133.956   0.000 133.956  2988551.9 386824.5 360048.6 41600.1  13991.9  6792.9  4972.1
  1052 -115.307   0.001 -115.306  2881416.0 405234.4 413334.0 39154.3  13138.1  4619.2  4670.1
  1053 -333.200   0.001 -333.199  2772746.2 381988.7 232893.2 39036.7  13269.8  3578.9  4622.3
  1054 113.693  -0.001 113.692  2777662.6 373010.2 303684.7 46359.8  13925.2  5060.6  4931.2
  1055  -2.251   0.000  -2.251  2774084.6 417682.4 390518.1 37943.8  12877.6  4984.9  4691.2
  1056  94.492  -0.000  94.491  2658759.7 303370.9 198960.6 43252.5  13539.7  3231.1  4856.9
  1057 192.040  -0.001 192.039  3011216.8 375509.7 251835.3 46896.7  12633.3  4611.8  4605.7
  1058 -357.930   0.001 -357.929  2634390.4 416868.1 278429.8 34866.3  10596.6 10773.4  4163.0
  1059 -13.494   0.000 -13.494  2752555.4 412937.0 256296.3 48033.5  12841.5  4869.8  4602.2
  1060 124.644  -0.001 124.643  2788823.0 412080.8 402722.8 42742.8  15871.9  5052.5  5187.6
  1061  48.632  -0.000  48.632  3001371.7 360248.4 255503.1 42549.5  14010.9  3950.0  4796.4
  1062 -202.971   0.002 -202.969  2614046.2 424394.3 300823.8 38936.6  10133.5  7751.8  4161.5
  1063  74.990  -0.001  74.989  2820928.6 440343.0 265211.7 48115.7  12992.3  5207.7  4769.4
  1064 -65.153   0.000 -65.152  2610437.5 388874.9 335813.5 40229.7  13324.8  4406.2  4733.6
  1065 160.584  -0.001 160.584  2745761.8 383119.5 418438.6 47981.0  15173.9  3383.7  5150.6
  1066 123.595   0.000 123.595  2846445.4 410962.8 345807.3 35114.6  12788.4  4365.8  4761.7
  1067  57.271  -0.000  57.270  3003624.6 369831.3 252062.1 46213.1  13173.0  4163.0  4760.2
  1068 -67.995   0.000 -67.995  2993936.3 366834.2 236774.2 44262.1   9686.8  6445.3  4081.2
  1069 204.740  -0.001 204.739  3081953.8 363532.7 255675.0 47688.5  13227.0  5128.5  4631.6
  1070  64.194  -0.001  64.193  2942405.7 455071.2 346873.7 42741.6  11965.3  7698.9  4523.9
  1071 -281.939   0.001 -281.937  2984425.8 313300.8 220655.0 39413.6  12016.7  5372.6  4406.5
  1072  39.374  -0.000  39.374  2792283.9 408488.1 343383.7 50582.8  12678.6  7844.3  4524.7
  1073 -45.459   0.000 -45.459  3049063.5 355994.7 263325.3 40765.0  15558.4  3919.3  4866.7
  1074 167.521  -0.001 167.521  2846056.1 366224.2 447552.0 47895.2  13839.6  5028.2  4938.0
  1075  45.613  -0.000  45.612  2997128.5 418508.6 296313.0 43548.6  12756.7  4827.4  4673.7

         Carbon flux (ktC/yr)        Water (dam3/yr)                Nitrogen (MgN/yr)
       ----------------------- -------------------------- --------------------------------
Spinup NEP     estab   NBP     transp     evap    interc  nuptake ndemand  nlosses ninflux
------ ------- ------- ------- ---------- ------- ------- ------- -------- ------- -------
  1076 -371.879   0.002 -371.877  2772189.5 361836.9 266549.6 35148.8  12718.0  4662.4  4379.5
  1077 -141.982   0.001 -141.982  2808311.2 347072.6 240077.7 45889.1  11084.1  7572.4  4343.2
  1078 -56.748   0.000 -56.748  2713962.6 421889.9 250903.2 44083.1  14732.7  3719.8  4784.4
  1079 218.376  -0.001 218.375  2647113.7 306683.9 197223.1 41203.6  13873.4  3361.6  4889.8
  1080  46.667  -0.000  46.667  2935595.7 388189.2 231948.1 46138.5   9936.9  4501.6  4141.7
  1081 328.622  -0.001 328.621  2808236.6 380645.9 436185.9 47249.8  13944.7  4643.3  4917.8
  1082  31.644  -0.000  31.644  2921742.4 438665.2 413692.9 41788.6  13953.0  5056.3  4918.2
  1083 -40.167   0.000 -40.166  3058913.3 351932.0 267603.3 42234.8  14536.0  4389.3  4775.3
  1084 110.802  -0.000 110.802  3105947.4 351314.3 267386.2 46419.6  13228.6  4758.0  4665.1
  1085 -347.974   0.002 -347.972  2793585.6 363312.9 267119.6 36288.1  11758.5  6998.8  4295.0
  1086  74.776  -0.000  74.776  2679938.7 437400.8 555241.0 44409.6  15030.0  8201.5  5203.1
  1087 -444.283   0.002 -444.281  2632015.8 372021.7 253166.6 34495.4  12973.5  3533.7  4518.6
  1088   2.729  -0.001   2.728  2764461.9 458981.9 316679.6 46568.2  13920.4  5401.3  4951.3
  1089 178.814  -0.001 178.813  2722256.6 382532.3 420010.8 42672.3  14435.2  4916.0  5114.0
  1090  73.051  -0.000  73.051  2804169.5 411629.2 336068.3 42714.6  14206.9  5103.7  5163.2
  1091 -11.267   0.001 -11.266  2766410.1 413981.4 342520.9 34141.0  13302.0  3844.8  4870.3
  1092 -109.209   0.001 -109.208  2682731.5 434707.8 369892.4 42657.9  12303.3  5002.4  4783.1
  1093 -25.751  -0.000 -25.751  2699819.4 379441.2 290149.8 41484.7  14669.3  3602.0  5093.4
  1094 -868.578   0.004 -868.574  2279773.8 375678.6 223765.4 31022.6   8505.0 10305.4  3867.0
  1095 269.442  -0.002 269.440  2587211.6 401769.7 250796.5 42520.7  13252.6  6360.9  5070.6
  1096 157.736  -0.001 157.734  2500512.0 463648.2 488143.7 39360.8  13072.4  4599.7  5323.3
  1097   6.748  -0.001   6.747  2601469.9 442963.9 459890.8 45746.6  13533.7  5152.3  5125.9
  1098 -144.659  -0.000 -144.660  2772839.5 329689.2 187706.0 39430.0  12291.3  4416.9  4668.2
  1099 -122.166  -0.000 -122.167  2743804.5 333250.9 187349.9 44015.9  10718.6  8409.6  4357.9
  1100 590.575  -0.002 590.573  2836888.1 465445.4 266545.5 50467.4  11926.9  7673.7  4742.9

         Carbon flux (ktC/yr)        Water (dam3/yr)                Nitrogen (MgN/yr)
       ----------------------- -------------------------- --------------------------------
Spinup NEP     estab   NBP     transp     evap    interc  nuptake ndemand  nlosses ninflux
------ ------- ------- ------- ---------- ------- ------- ------- -------- ------- -------
  1101 205.472  -0.000 205.472  2855765.8 410972.4 340722.3 34098.6  12553.2  4769.3  4715.7
  1102 -338.765   0.002 -338.763  2660112.0 374259.0 247335.4 38876.6  11483.6  4687.8  4371.4
  1103 -12.961  -0.000 -12.962  2523762.1 401996.2 314617.5 46745.1  12936.2  6968.9  4725.6
  1104 -155.199   0.001 -155.198  2469806.6 439620.6 277368.5 38275.9  11640.7  4511.8  4384.5
  1105 160.850  -0.001 160.849  2608346.1 398193.4 391991.3 48525.4  14849.2  3987.4  5157.6
  1106  89.188  -0.001  89.188  2665431.7 423580.2 319170.9 43882.0  12664.8  5604.3  4659.0
  1107  38.916  -0.000  38.916  2803120.7 448326.6 382310.6 39822.1  14979.5  4054.9  5080.9
  1108  17.128  -0.000  17.128  2795834.8 466873.8 322291.6 41949.1  14128.7  4284.6  4952.0
  1109  43.029   0.000  43.029  2802103.9 365583.4 309567.7 40803.0  14627.4  3912.7  4989.9
  1110   6.318   0.001   6.319  2769330.9 404622.3 335063.2 40793.9  15024.4  3688.9  5204.0
  1111 -149.048   0.001 -149.047  2598736.8 417253.3 325414.9 43625.2  14146.9  3264.7  4837.0
  1112 -90.490   0.000 -90.490  2563839.2 422690.1 314366.3 42216.6  14765.6  3389.0  4910.5
  1113 -222.954   0.001 -222.954  2699905.9 336480.6 189257.4 38384.0  13703.2  3483.5  4797.4
  1114  66.823  -0.001  66.822  2776007.3 385280.4 221273.7 46171.4  11722.8  6153.7  4437.3
  1115 178.050  -0.001 178.049  2629998.2 450013.4 474414.4 45023.8  14873.7  6167.5  5107.1
  1116 -65.206   0.001 -65.206  2530959.7 391923.3 327137.0 38765.6  13663.1  2908.2  4807.3
  1117 -82.136   0.000 -82.136  2771190.9 379491.5 228262.9 43979.6  13137.2  4055.1  4588.1
  1118 226.645  -0.001 226.644  2635786.0 340721.2 276355.5 43933.5  13904.0  4996.9  4954.9
  1119 -118.842   0.001 -118.840  2463027.2 446540.4 281818.6 37327.4  11236.1  4228.1  4340.7
  1120 -840.168   0.003 -840.164  2210521.7 385580.6 214971.8 34620.8   8901.4 10615.5  3899.6
  1121 -611.319   0.002 -611.317  2107468.8 394543.4 189634.7 34668.7   9078.0 10781.0  3993.9
  1122 175.603  -0.001 175.601  2218217.2 444634.0 245647.9 46237.6  13628.6  5387.6  5082.6
  1123 105.073  -0.002 105.072  2442347.9 423067.7 180793.1 36785.2  11712.7  4191.2  4779.0
  1124 452.750  -0.002 452.748  2466718.3 477791.4 470556.1 42556.9  12639.8  6537.1  5303.5
  1125 149.884  -0.001 149.883  2685410.7 468440.5 349661.9 40989.0  12602.9  5288.2  5052.5

         Carbon flux (ktC/yr)        Water (dam3/yr)                Nitrogen (MgN/yr)
       ----------------------- -------------------------- --------------------------------
Spinup NEP     estab   NBP     transp     evap    interc  nuptake ndemand  nlosses ninflux
------ ------- ------- ------- ---------- ------- ------- ------- -------- ------- -------
  1126 320.150  -0.001 320.149  2642987.2 308513.5 183258.6 41418.4  12663.0  4668.7  4897.6
  1127 266.566  -0.001 266.565  2797528.2 420809.7 321124.9 43993.4  12932.1  6527.0  5090.6
  1128 -183.133   0.002 -183.131  2876503.5 368455.8 239237.4 38615.7  12466.3  4560.3  4531.6
  1129  36.971  -0.001  36.971  2752123.6 446387.3 261493.9 44281.3  13379.8  5170.4  4965.7
  1130  93.874   0.000  93.874  2695919.3 325656.2 283577.1 40693.7  14151.6  3321.0  4993.3
  1131 -49.318  -0.000 -49.318  2730116.2 458143.3 371834.3 42544.0  14698.8  3516.8  5117.0
  1132 -80.242   0.000 -80.241  2633333.0 433034.0 483504.2 42597.6  15957.2  4053.9  5188.0
  1133 -207.459   0.001 -207.458  2773104.6 373555.9 231084.3 38779.0  13799.0  3238.9  4693.0
  1134 157.155  -0.001 157.154  2617989.7 399955.4 394361.7 46209.3  15070.0  4604.5  5228.1
  1135  36.272  -0.001  36.271  2767073.4 455577.5 322589.2 40764.0  14235.1  4246.4  4987.4
  1136 159.337   0.000 159.337  2717408.0 324874.6 287858.3 41702.9  13620.4  5352.2  4916.8
  1137 -188.553   0.000 -188.553  2709406.7 391733.5 223200.4 37381.0  12825.7  4275.7  4636.9
  1138 284.435  -0.001 284.434  2635568.3 307091.5 192361.5 44560.5  12616.8  4562.9  4819.5
  1139 110.113  -0.000 110.113  2797917.8 430960.4 385813.7 40431.2  11442.2  6363.7  4562.9
  1140 -195.602   0.001 -195.601  2546965.6 388762.4 335772.0 40161.3  13396.1  3800.9  4744.9
  1141 -241.045   0.001 -241.044  2650236.3 393281.2 217972.8 39025.4  13422.1  3464.6  4703.1
  1142 -30.417   0.000 -30.417  2768992.3 383738.3 229402.4 43855.9  11846.8  5355.3  4495.1
  1143  20.710  -0.001  20.709  2739046.2 462977.4 320297.0 42064.0  14232.4  5136.8  4995.5
  1144  -2.378   0.000  -2.378  2703098.8 422204.0 381835.8 37321.4  12710.5  6160.9  4750.1
  1145 -338.150   0.001 -338.149  2526892.0 383720.1 239982.3 37535.5  12628.8  3324.2  4554.5
  1146 155.237  -0.001 155.236  2611353.7 431752.0 368455.1 46930.0  15206.5  5310.7  5266.7
  1147  67.830  -0.000  67.829  2827253.2 385107.9 218872.4 42630.7  11462.1  3314.6  4525.4
  1148  89.880  -0.001  89.879  2617622.7 427449.6 319671.6 45301.9  12961.7  5625.8  4650.0
  1149 -131.037   0.001 -131.036  2523105.6 393897.1 330733.7 38616.9  14237.0  3570.4  4813.5
  1150  77.717  -0.000  77.717  2619298.8 333209.5 277052.2 45430.3  14821.9  3162.5  5015.9

         Carbon flux (ktC/yr)        Water (dam3/yr)                Nitrogen (MgN/yr)
       ----------------------- -------------------------- --------------------------------
Spinup NEP     estab   NBP     transp     evap    interc  nuptake ndemand  nlosses ninflux
------ ------- ------- ------- ---------- ------- ------- ------- -------- ------- -------
  1151  48.330  -0.001  48.329  2693125.4 381735.4 296022.2 40809.2  15044.6  3677.2  5042.4
  1152  -6.920  -0.000  -6.920  2598732.3 422206.6 324141.3 43205.7  13278.7  4555.5  4725.4
  1153 -361.213   0.002 -361.211  2548824.5 381384.3 242247.9 34732.4  13489.1  3424.4  4581.9
  1154  20.636  -0.000  20.636  2750508.7 388389.8 218481.1 47434.4  12115.2  5509.0  4491.1
  1155 229.330  -0.001 229.329  2851591.8 384686.3 236431.4 43331.3  13716.6  5307.6  4852.3
  1156 147.573  -0.000 147.573  2640186.1 440296.8 551013.5 39613.9  13901.4  7532.0  5191.0
  1157 -119.552   0.001 -119.551  2726870.9 411191.1 257014.9 43272.3  13170.6  4228.3  4726.8
  1158  -2.359   0.000  -2.359  2642104.0 418260.3 325092.8 45221.8  13975.6  5321.2  4781.3
  1159 -359.466   0.001 -359.465  2479585.7 434893.8 260342.1 33799.3  13649.8  4556.5  4573.8
  1160 -110.203   0.000 -110.203  2697295.3 340591.1 187289.3 43980.8  12566.6  4204.0  4693.1
  1161 370.220  -0.001 370.218  2704959.9 474156.8 266483.2 47380.5  12945.8  6111.7  4963.8
  1162 107.093  -0.001 107.092  2731019.4 485978.6 314357.7 39743.8  13869.3  3668.4  4922.5
  1163 108.581   0.000 108.582  2716778.5 326256.0 292556.4 41490.0  13432.1  3804.0  4886.2
  1164 -231.648   0.002 -231.646  2482569.0 441903.6 289307.2 38125.4  11423.5  4242.7  4352.5
  1165 -58.058  -0.000 -58.058  2578637.8 448831.1 467909.7 46876.2  16146.4  4605.6  5199.7
  1166   8.174   0.001   8.174  2654239.3 424033.8 326799.4 32512.0  13920.5  2803.5  4939.6
  1167 -20.749  -0.000 -20.749  2644485.3 389462.0 289057.5 44957.7  13822.4  4096.3  5062.3
  1168  81.045  -0.000  81.044  2829093.8 387296.9 217380.9 42868.6  11646.8  3726.8  4539.1
  1169 113.805  -0.001 113.804  2736728.8 465035.5 372912.5 43997.6  13829.6  4871.0  5013.3
  1170  51.628   0.001  51.628  2754436.5 414244.7 339890.5 34188.0  12986.7  5062.9  4812.5
  1171 -13.923  -0.000 -13.923  2676746.6 423529.1 396117.0 44181.4  14501.9  4219.8  5197.1
  1172 -28.498   0.000 -28.498  2736964.3 477087.0 317220.7 41119.7  13534.6  4090.5  4948.7
  1173  93.357   0.000  93.357  2708339.5 327426.9 285866.0 41679.4  13734.6  3613.7  4945.6
  1174 -32.305  -0.000 -32.305  2780190.7 440537.7 269493.2 42619.4  13544.9  3754.6  4924.3
  1175 -37.367  -0.000 -37.367  2763319.9 451306.9 380811.0 42034.4  14601.6  3682.4  5084.4

         Carbon flux (ktC/yr)        Water (dam3/yr)                Nitrogen (MgN/yr)
       ----------------------- -------------------------- --------------------------------
Spinup NEP     estab   NBP     transp     evap    interc  nuptake ndemand  nlosses ninflux
------ ------- ------- ------- ---------- ------- ------- ------- -------- ------- -------
  1176 -45.699   0.000 -45.699  2743692.0 409101.3 329363.1 41152.2  15315.6  4488.2  5268.9
  1177 -86.526   0.001 -86.525  2542577.2 445834.5 538855.9 39754.7  15990.9  2944.7  5383.1
  1178 -68.858  -0.000 -68.858  2671254.2 483933.1 308037.4 42517.7  14199.4  3330.4  5056.3
  1179 -152.284   0.000 -152.284  2746270.2 334303.8 193418.7 39543.7  12624.4  4257.5  4686.9
  1180 -46.153   0.001 -46.152  2470114.5 445985.0 276286.0 41876.9  10765.9  7723.0  4322.8
  1181  61.520  -0.001  61.519  2561176.2 432578.7 306351.6 47711.7  13538.3  5404.8  4810.3
  1182 -293.150   0.001 -293.149  2457902.9 441226.2 253466.3 33249.0  13067.7  5120.8  4573.2
  1183  85.092  -0.000  85.092  2609620.1 436855.1 360794.7 43324.5  12393.0  5091.9  4779.0
  1184 212.803  -0.001 212.802  2574387.1 313617.4 186071.6 41591.3  13374.4  3275.2  4947.2
  1185 333.015  -0.001 333.013  2715540.1 394144.8 411677.2 47657.4  12718.4  4930.6  4931.8
  1186 187.544  -0.001 187.543  3040224.4 366195.5 255215.1 42617.8  12960.2  4738.2  4670.8
  1187 219.784   0.000 219.784  2941529.0 443274.4 300524.4 45442.6  12250.6  6422.8  4802.9
  1188 -115.962   0.001 -115.961  2755834.5 409633.6 350672.7 43166.6  13948.3  4212.6  4671.1
  1189 -175.371   0.001 -175.370  2682422.3 410723.2 342386.6 42627.6  14963.0  3505.5  4822.8
  1190 -155.016   0.000 -155.015  2763892.6 438801.5 275192.6 41365.6  15098.4  2883.9  5057.5
  1191 -180.456   0.001 -180.455  2499427.6 398606.0 327456.7 41581.3  14168.2  3148.2  4867.2
  1192 -160.040   0.001 -160.040  2627924.5 360367.7 226907.8 43404.0  12293.4  4117.1  4609.3
  1193 184.627  -0.001 184.625  2598431.8 406488.3 396428.0 45239.6  15367.0  3234.0  5243.9
  1194 104.945  -0.001 104.944  2758739.2 447923.9 269548.5 41968.5  12246.6  4718.5  4806.1
  1195   0.898  -0.000   0.898  2706100.1 418274.3 256092.5 43276.3  13093.1  4312.0  4706.9
  1196 -239.939   0.001 -239.937  2608249.0 381572.5 247839.0 37432.4  12607.7  5187.7  4491.9
  1197 -863.901   0.003 -863.897  2259088.5 384416.8 221140.6 34829.2   8293.1 14362.1  3800.1
  1198 398.329  -0.001 398.328  2536785.7 482142.6 302742.8 46228.2  14979.4  5525.1  5308.7
  1199 165.271  -0.001 165.270  2648872.4 392876.8 277174.5 40968.7  13352.0  4314.8  5072.9
  1200 200.020  -0.001 200.019  2700597.5 424502.6 313986.8 41601.6  13533.7  4674.0  5212.7

         Carbon flux (ktC/yr)        Water (dam3/yr)                Nitrogen (MgN/yr)
       ----------------------- -------------------------- --------------------------------
Spinup NEP     estab   NBP     transp     evap    interc  nuptake ndemand  nlosses ninflux
------ ------- ------- ------- ---------- ------- ------- ------- -------- ------- -------
  1201  18.164  -0.000  18.164  2717543.1 376972.2 298076.5 41971.6  13753.0  4269.8  5022.2
  1202 -149.345   0.001 -149.343  2466544.0 441658.3 282542.2 39148.6  10854.7  4377.6  4360.7
  1203 -150.502   0.001 -150.501  2400123.9 452456.5 267666.9 41712.2  11285.5  5691.8  4426.3
  1204  34.627  -0.001  34.626  2657431.8 336552.1 220075.9 44950.5  12035.1  4930.8  4638.4
  1205 195.551  -0.001 195.550  2680386.3 389126.1 284548.3 43443.0  13795.9  6001.4  5018.3
  1206 116.960  -0.001 116.959  2743388.1 461543.5 375084.1 41990.6  13335.8  4331.8  5002.6
  1207  -3.151  -0.000  -3.151  2663924.4 432315.5 498463.1 45154.1  14607.7  5443.5  5056.0
  1208 -926.093   0.004 -926.089  2304853.2 372474.6 231925.7 30246.1   8949.9  9728.3  3855.3
  1209 -70.961  -0.001 -70.962  2343430.2 467444.2 217079.3 37626.3  11801.9  8177.2  4543.3
  1210 314.192  -0.001 314.190  2580686.7 446649.1 288869.8 38649.2  11391.7  6298.9  4808.1
  1211 198.679  -0.001 198.678  2665793.7 498158.4 283757.7 44595.3  11649.2  5634.8  4851.4
  1212 -11.187   0.000 -11.187  2718360.0 352839.5 224420.3 39212.1  10466.6  6792.4  4404.3
  1213  60.183  -0.001  60.182  2608893.0 444185.8 466151.9 46209.3  14784.6  4174.5  5112.0
  1214 222.325  -0.001 222.325  2648445.2 301864.1 188707.0 38893.8  13874.6  2847.0  4927.9
  1215 281.219  -0.001 281.218  2800522.2 419284.1 395629.4 45279.4  13659.4  5467.8  5070.8
  1216   2.801   0.000   2.801  2911879.5 433925.0 341283.0 40619.3  13706.4  4810.1  4841.5
  1217  21.678   0.000  21.678  2773230.8 413632.5 510607.1 44899.0  14953.5  5549.1  5001.2
  1218 -37.314   0.000 -37.314  2995639.0 352482.6 253514.8 41577.0  15344.8  2721.2  4929.7
  1219 -48.583   0.001 -48.582  2650107.0 381314.6 337650.3 43963.3  12928.0  5869.9  4686.3
  1220 -268.365   0.001 -268.364  2651086.5 373413.7 244132.8 37412.8  13516.3  4438.8  4521.6
  1221 -27.163  -0.001 -27.163  2789654.5 336609.9 188704.1 45953.0  12127.6  5770.5  4534.1
  1222 297.472  -0.002 297.471  2830149.8 456428.7 373799.1 45420.8  13607.7  8181.9  4950.0
  1223 -64.137   0.000 -64.137  2954826.6 365292.4 245024.7 39210.6  12229.1  6000.6  4381.1
  1224 147.919  -0.000 147.919  2757856.0 328401.4 292949.4 45379.9  13612.1  6416.0  4844.9
  1225 -201.778   0.001 -201.778  2772696.8 349532.1 241644.5 40505.3  11980.4  5258.3  4431.3

         Carbon flux (ktC/yr)        Water (dam3/yr)                Nitrogen (MgN/yr)
       ----------------------- -------------------------- --------------------------------
Spinup NEP     estab   NBP     transp     evap    interc  nuptake ndemand  nlosses ninflux
------ ------- ------- ------- ---------- ------- ------- ------- -------- ------- -------
  1226 -182.178   0.002 -182.176  2480147.8 450960.7 282267.4 39338.8  12064.1  3947.6  4366.4
  1227  56.927  -0.001  56.926  2803568.2 381256.6 232462.4 47668.1  15042.8  3417.2  4963.4
  1228 121.782  -0.001 121.782  2666980.0 419406.3 322218.9 44259.3  12502.9  6027.5  4622.5
  1229 -329.240   0.001 -329.239  2518982.0 429766.6 263274.9 33290.4  13210.8  5482.3  4509.2
  1230 -246.103   0.001 -246.102  2439343.1 441386.7 249238.9 39319.6  12458.6  5615.1  4517.4
  1231 136.930  -0.000 136.929  2483537.3 462224.3 508732.5 43256.4  15317.4  4497.9  5345.7
  1232 173.054  -0.001 173.054  2569182.6 313541.2 186728.4 39884.8  13469.7  3267.5  4966.0
  1233  32.725   0.000  32.726  2512577.4 409343.6 319668.7 43795.6  12005.2  5880.7  4678.2
  1234 244.600  -0.001 244.599  2608265.5 308658.1 189545.3 42576.2  13640.1  3503.0  4894.2
  1235 133.451  -0.001 133.450  2693547.0 443151.3 495585.4 45828.1  14090.9  5684.4  4994.1
  1236 -400.502   0.001 -400.501  2527304.5 425190.9 269267.8 32517.3  13062.3  4576.3  4505.5
  1237 -83.174   0.001 -83.173  2480393.8 400837.2 317381.3 44602.1  13460.5  4509.1  4791.1
  1238  27.163  -0.001  27.162  2670505.8 450802.1 256429.4 44048.7  14147.0  3463.2  5007.4
  1239 173.209  -0.000 173.209  2647111.2 455166.2 351405.7 40597.9  15246.3  3272.0  5227.2
  1240 -184.148   0.000 -184.148  2739227.4 336903.1 194296.3 39980.2  12664.0  4099.0  4658.6
  1241 305.214  -0.002 305.212  2902821.2 378956.2 239331.5 48518.2  13210.4  5693.4  4774.6
  1242 298.199  -0.001 298.198  3044264.9 363837.6 254421.3 42858.8  12465.3  5685.5  4635.3
  1243  52.659   0.000  52.659  2804824.1 418062.6 527420.0 44933.2  13738.6  7727.0  4906.6
  1244 -17.592   0.001 -17.591  2806079.0 431658.7 387511.7 39449.9  15889.5  2712.7  5168.5
  1245 -126.084   0.001 -126.083  2614944.0 439049.5 554441.1 39787.4  16407.2  3159.7  5356.0
  1246 -144.592   0.001 -144.591  2538567.2 445443.1 543227.5 38174.3  16041.6  2745.5  5406.1
  1247 -75.944   0.000 -75.944  2625509.0 423784.4 386281.2 40549.1  15753.7  3115.4  5364.4
  1248 -24.764   0.000 -24.764  2677277.6 464839.3 364564.9 42301.9  14331.6  3391.0  5167.1
  1249 -24.501  -0.000 -24.501  2601147.6 443012.8 471461.2 43285.1  15753.3  4021.1  5255.6
  1250 -828.350   0.004 -828.346  2247736.2 373971.5 221893.8 30159.3   9308.1  7690.6  4000.1

         Carbon flux (ktC/yr)        Water (dam3/yr)                Nitrogen (MgN/yr)
       ----------------------- -------------------------- --------------------------------
Spinup NEP     estab   NBP     transp     evap    interc  nuptake ndemand  nlosses ninflux
------ ------- ------- ------- ---------- ------- ------- ------- -------- ------- -------
  1251 268.790  -0.002 268.788  2559138.7 481365.9 217670.3 43301.7  12445.7  5424.4  5058.9
  1252 139.650  -0.002 139.648  2652024.7 473648.9 288941.9 40183.4  12976.0  4783.0  5104.4
  1253 108.445  -0.001 108.444  2720339.7 460366.2 304220.8 41294.8  12962.7  5908.1  5030.1
  1254   4.957   0.000   4.957  2820164.9 377320.6 224890.2 41233.2  11614.5  6490.5  4501.2
  1255 233.479  -0.001 233.478  2671017.4 397639.4 394764.0 46391.4  14044.0  5757.0  5167.3
  1256 184.165  -0.001 184.164  2959514.6 371081.2 241409.1 42908.6  13592.8  4259.1  4854.4
  1257 245.577  -0.000 245.577  2909483.4 361094.9 309177.4 42982.9  12829.7  6036.5  4838.7
  1258 183.126  -0.000 183.126  2854125.1 366563.6 435089.7 42269.8  14306.7  3736.5  5061.8
  1259 -128.539   0.001 -128.538  2966628.4 366086.8 237748.8 43277.6  10972.1  4072.8  4273.9
  1260 115.849  -0.001 115.848  2843588.8 470003.0 324701.0 44737.1  13846.5  4140.7  4810.6
  1261  49.854   0.001  49.855  2717155.6 422645.4 572493.0 36746.0  15813.3  3215.0  5243.7
  1262 -1006.718   0.006 -1006.713  2355681.8 367308.4 236176.2 29862.9   9048.3  9412.6  3854.9
  1263 306.407  -0.001 306.405  2582740.3 348233.8 242963.8 42920.4  13737.8  5389.6  5060.8
  1264 152.346  -0.001 152.345  2633049.0 339290.9 256373.1 40165.8  13091.6  4260.8  5032.8
  1265 -79.457  -0.001 -79.457  2683066.3 396612.3 202945.6 36937.7  12034.9  4622.1  4670.5
  1266 281.977  -0.001 281.977  2707329.2 451612.3 331543.8 44819.5  13439.7  5325.6  5144.5
  1267 -283.505   0.001 -283.504  2514722.3 430941.6 245084.1 34852.6  12333.5  5240.7  4517.2
  1268 142.354  -0.001 142.353  2694654.2 419429.6 298873.4 43728.7  14467.2  4363.3  5259.0
  1269 139.913  -0.000 139.913  2620996.7 305802.0 180526.7 38861.6  14059.6  2834.0  5011.8
  1270  33.056  -0.000  33.055  2879572.8 380995.8 222755.4 43154.7  11310.3  5139.3  4387.9
  1271 180.511  -0.001 180.510  2656640.4 442038.3 521173.6 40492.7  14751.7  6356.3  5251.4
  1272  95.733  -0.000  95.732  2789874.9 367957.0 413977.9 41889.0  14459.7  3331.9  5127.0
  1273 -121.234   0.001 -121.233  2937318.4 363032.8 236772.5 40798.9  12174.5  4765.7  4403.7
  1274 132.101  -0.001 132.101  2677046.7 436030.8 532459.4 41451.3  15405.3  6066.0  5274.3
  1275 -44.462   0.000 -44.462  2720953.4 402932.4 325673.0 42484.0  13718.2  3785.3  4755.6

         Carbon flux (ktC/yr)        Water (dam3/yr)                Nitrogen (MgN/yr)
       ----------------------- -------------------------- --------------------------------
Spinup NEP     estab   NBP     transp     evap    interc  nuptake ndemand  nlosses ninflux
------ ------- ------- ------- ---------- ------- ------- ------- -------- ------- -------
  1276 -55.537   0.000 -55.537  2959576.6 356999.2 242491.5 40746.8  15834.7  3050.1  5024.0
  1277  93.955  -0.000  93.954  2874123.7 438730.8 374266.1 44320.7  14239.9  5185.8  5051.3
  1278 -126.670   0.001 -126.670  2854714.1 336018.3 237637.7 39770.2  12082.0  5582.0  4470.4
  1279 -82.800   0.001 -82.799  2793790.5 348467.5 230214.3 42101.8  12570.2  4428.2  4525.3
  1280  63.764  -0.000  63.763  2873863.3 386491.4 214122.9 43777.4  12794.8  3243.9  4626.0
  1281 131.138  -0.001 131.137  2702270.8 435698.3 479752.7 44080.4  15616.4  4244.7  5065.5
  1282 -328.304   0.001 -328.303  2546484.7 420140.8 260368.1 32236.6  13310.5  4515.0  4491.7
  1283 -54.155   0.000 -54.155  2689640.1 390390.9 212156.2 41311.5  12622.6  4081.3  4630.1
  1284 287.394  -0.001 287.393  2691613.1 327318.2 276802.6 45304.5  13096.1  5071.1  4857.6
  1285 231.600  -0.001 231.599  2690896.4 303732.3 190351.8 39848.8  13693.7  3595.5  4854.6
  1286 -233.743   0.001 -233.742  2566300.2 439030.5 260638.5 37292.4  11243.4  7363.6  4286.6
  1287 -799.734   0.004 -799.730  2308658.0 372595.4 223111.8 33005.8   8511.9 10988.5  3796.4
  1288 304.541  -0.001 304.539  2545921.9 348259.4 241610.3 42908.2  13845.2  5269.4  5027.2
  1289  50.083  -0.001  50.082  2686452.0 466541.8 289997.7 40237.0  13570.9  4108.1  5053.5
  1290  -2.102   0.000  -2.102  2490379.1 396770.6 302460.3 40026.1  12641.0  5626.9  4785.6
  1291  82.827  -0.001  82.827  2646128.7 426149.4 352475.8 40590.6  13047.3  5018.7  4812.3
  1292 196.023  -0.001 196.022  2666564.6 386778.2 389003.9 43358.2  14685.1  2996.8  5176.8
  1293  10.179   0.000  10.180  2567192.9 391479.0 314321.1 40566.9  12953.8  4598.9  4748.9
  1294 -188.410   0.001 -188.410  2505430.1 430179.2 245251.9 36803.1  12786.1  5372.1  4517.6
  1295   8.975  -0.000   8.975  2754666.6 333358.5 183768.8 42710.6  12355.2  4619.4  4631.7
  1296 244.683  -0.001 244.682  2679318.3 418768.6 308194.5 47441.0  12509.5  7726.7  4623.6
  1297  58.926   0.000  58.926  2703478.9 407887.1 322252.7 40597.1  14183.7  4774.9  4757.4
  1298  19.288  -0.000  19.287  2798798.7 464800.0 314167.9 40584.6  15060.8  3283.1  4997.7
  1299 195.698  -0.000 195.698  2708596.5 295849.3 193274.1 40132.3  14210.3  3087.2  4927.2
  1300 287.086  -0.001 287.085  2805898.8 373411.5 418833.4 47144.1  13710.6  3948.3  4967.2

         Carbon flux (ktC/yr)        Water (dam3/yr)                Nitrogen (MgN/yr)
       ----------------------- -------------------------- --------------------------------
Spinup NEP     estab   NBP     transp     evap    interc  nuptake ndemand  nlosses ninflux
------ ------- ------- ------- ---------- ------- ------- ------- -------- ------- -------
  1301 -169.354   0.002 -169.352  2633718.1 418934.6 297601.2 35918.3  11256.2  4927.8  4242.4
  1302  66.702  -0.000  66.702  2807373.1 405860.1 318591.1 43794.5  15541.1  4458.2  5216.3
  1303   6.156   0.001   6.157  2722491.8 321305.6 285529.2 39249.3  14980.3  2236.6  5003.7
  1304 -229.297   0.001 -229.296  2694528.4 390726.2 215802.6 36659.5  13498.6  3251.9  4732.5
  1305 -52.608  -0.000 -52.608  2678270.7 393200.0 211949.1 39851.0  12204.3  4539.6  4644.6
  1306 161.976  -0.001 161.975  2887215.1 380486.5 215068.6 45913.0  10981.5  4501.2  4470.3
  1307  86.621  -0.001  86.620  2682134.8 416739.3 317991.7 43984.3  13187.6  5014.0  4678.5
  1308  69.328   0.000  69.328  2740935.7 320933.1 287476.9 38763.4  14998.3  3038.8  4980.5
  1309  32.344  -0.000  32.343  2718764.9 381430.4 412502.1 43881.9  15338.0  3008.5  5172.9
  1310 -323.952   0.002 -323.951  2630015.7 374647.8 241690.0 35129.6  13125.2  4105.5  4534.1
  1311 269.835  -0.001 269.833  2689610.8 394017.8 388798.1 49259.0  14751.1  4422.8  5152.4
  1312  75.346  -0.000  75.346  2775085.4 421185.2 376775.4 36271.1  12878.4  5153.8  4749.9
  1313   5.273   0.000   5.273  2771276.1 366433.6 300678.4 40342.1  14816.0  3737.7  5018.4
  1314  31.885   0.001  31.886  2713292.5 454277.2 275323.0 40648.4  14261.8  3396.2  5064.4
  1315 -181.936   0.001 -181.935  2454365.4 402509.3 315229.4 40504.8  14564.3  2241.5  4891.9
  1316 -334.825   0.001 -334.824  2372407.7 447546.9 238642.4 36736.6  13847.5  3774.3  4666.3
  1317 255.676  -0.001 255.675  2487514.8 320215.9 173365.9 43203.2  13776.6  3226.5  5043.1
  1318 -133.131   0.000 -133.131  2540269.7 394258.9 227532.4 37069.9  11388.0  5474.5  4453.1
  1319  39.246  -0.001  39.245  2445806.3 411891.2 303462.7 44863.8  12588.4  7102.4  4756.4
  1320 -215.061   0.000 -215.060  2423849.6 444342.4 244500.2 35845.2  12463.7  5620.2  4524.4
  1321 -53.872  -0.000 -53.873  2674558.8 343388.0 184687.1 43130.2  11927.8  4927.5  4627.1
  1322 -818.853   0.004 -818.850  2242565.6 383558.6 215919.9 31973.8   8152.1 16526.5  3783.3
  1323 147.812  -0.002 147.810  2513210.5 421138.6 182064.0 38775.7  11926.5  7207.5  4653.8
  1324 221.371  -0.001 221.370  2500262.7 442223.3 284165.8 45537.3  11189.0  7418.6  4681.8
  1325 141.090  -0.000 141.090  2629804.3 469146.4 257062.9 39721.9  13595.0  4326.9  5101.5

         Carbon flux (ktC/yr)        Water (dam3/yr)                Nitrogen (MgN/yr)
       ----------------------- -------------------------- --------------------------------
Spinup NEP     estab   NBP     transp     evap    interc  nuptake ndemand  nlosses ninflux
------ ------- ------- ------- ---------- ------- ------- ------- -------- ------- -------
  1326 -36.274  -0.000 -36.275  2589045.0 431752.1 229091.1 43404.1  14105.8  2787.2  4899.9
  1327 133.436  -0.001 133.435  2595806.5 447514.3 459899.5 44327.1  15560.9  4225.0  5194.7
  1328 115.435   0.000 115.436  2710217.6 416354.3 321499.9 32479.6  13564.1  3125.1  4903.9
  1329 -256.679   0.002 -256.677  2546929.5 383256.9 230418.7 39568.3  11766.3  4337.7  4523.4
  1330 322.100  -0.002 322.098  2624541.9 403365.9 378019.6 49256.4  14012.4  5216.9  5146.5
  1331 -864.441   0.004 -864.437  2304909.9 377897.6 221928.2 27693.8   8272.0 13256.4  3803.4
  1332 351.567  -0.002 351.565  2544464.7 444969.4 331991.1 40389.1  13625.7  5963.9  5282.3
  1333 276.690  -0.001 276.689  2565534.9 313687.5 172212.5 38794.5  11941.7  4429.8  4904.1
  1334 203.675  -0.001 203.674  2780966.3 447631.0 250979.8 44647.9  11054.7  6176.8  4688.5
  1335  74.397  -0.000  74.397  2693561.4 427254.4 479351.3 42671.6  14385.3  4652.2  5064.1
  1336 -216.188   0.001 -216.187  2504283.0 425415.2 281405.1 35537.1  11972.7  3000.6  4449.2
  1337  20.429   0.000  20.429  2761495.4 322806.2 219846.3 43797.7  12867.1  4085.7  4672.0
  1338  78.929  -0.001  78.929  2671792.2 428650.6 359971.7 39386.2  13040.8  6019.5  4805.1
  1339  74.723   0.000  74.723  2694636.0 419392.2 316365.5 34181.1  13396.9  3466.8  4888.8
  1340 -46.265   0.000 -46.265  2560338.3 428707.8 303162.6 45404.9  12842.0  4437.6  4784.9
  1341  -5.925  -0.000  -5.926  2842078.9 371035.4 228809.2 38852.4  15311.9  3175.8  5057.2
  1342  57.483  -0.000  57.483  2674358.2 432848.2 469231.8 45117.8  14574.0  5603.8  5121.5
  1343 -49.227   0.000 -49.226  2716521.5 408807.0 241740.6 40535.8  14573.5  2563.2  4885.4
  1344 -756.736   0.004 -756.733  2311042.8 369160.3 220479.1 31874.7   9068.7  9790.7  3898.9
  1345 378.173  -0.002 378.171  2558131.5 348732.5 239940.2 44493.3  13962.8  5085.9  5115.9
  1346 -685.212   0.003 -685.210  2244952.1 379483.8 204612.3 29980.7   8299.8 10308.6  3920.4
  1347 344.786  -0.002 344.784  2695068.3 407271.7 173778.4 43686.4  10586.8  5395.6  4610.9
  1348 312.526  -0.002 312.524  2640635.9 435851.6 277231.7 41028.7  12894.6  5991.9  5225.8
  1349 143.193   0.000 143.193  2648921.7 453891.2 325467.6 39656.0  13786.2  3823.7  5222.3
  1350 -58.022  -0.001 -58.022  2681581.5 394217.5 202390.0 37272.7  12104.6  3937.5  4673.6

         Carbon flux (ktC/yr)        Water (dam3/yr)                Nitrogen (MgN/yr)
       ----------------------- -------------------------- --------------------------------
Spinup NEP     estab   NBP     transp     evap    interc  nuptake ndemand  nlosses ninflux
------ ------- ------- ------- ---------- ------- ------- ------- -------- ------- -------
  1351 322.423  -0.001 322.422  2923503.1 370708.4 226184.8 45343.4  12626.5  4750.6  4814.1
  1352 296.101  -0.001 296.100  2817193.2 368789.3 406808.5 43877.8  12661.6  5717.3  4929.2
  1353 147.939  -0.001 147.938  2947815.5 355848.3 304908.0 40971.9  13738.0  5078.9  4891.2
  1354  20.434   0.000  20.434  2959867.5 409676.0 277920.2 40210.4  13418.8  3941.1  4845.1
  1355 -77.183   0.001 -77.182  2922344.3 308541.5 246451.2 38058.5  12732.7  3924.7  4580.1
  1356 -361.748   0.001 -361.747  2538034.0 425738.1 255195.9 38059.8  12741.4  6172.2  4511.5
  1357   1.770   0.000   1.770  2696687.3 416197.6 306517.3 43084.8  15583.4  3706.0  5299.8
  1358 -10.942   0.001 -10.942  2615307.6 330786.3 270180.7 39927.3  15247.8  2017.5  5095.7
  1359  -9.828  -0.001  -9.829  2808336.6 378930.3 225498.3 42534.2  15153.9  2729.3  5065.9
  1360 227.588  -0.001 227.588  2749315.3 459095.5 263882.4 43402.3  13240.3  4626.9  5051.5
  1361  -6.375  -0.000  -6.375  2641444.8 420127.1 313760.3 41649.8  14152.3  3561.3  4820.8
  1362 -129.701   0.001 -129.700  2531418.8 391255.1 317533.1 38823.2  14500.2  2859.4  4880.9
  1363 -88.938   0.001 -88.937  2479238.9 400026.4 304847.3 43184.0  14450.1  3188.9  4902.4
  1364  25.878  -0.000  25.878  2614574.9 431647.1 354322.5 39036.5  13831.6  3974.8  4892.4
  1365 157.090  -0.000 157.090  2652615.9 466505.7 259459.7 41697.2  14157.2  2725.4  5114.8
  1366 -13.547  -0.000 -13.548  2592325.7 447269.4 465654.6 42263.7  16019.6  2361.4  5198.2
  1367 -104.448   0.000 -104.448  2644383.2 416639.8 238940.7 40542.6  14681.0  2542.1  4902.2
  1368 -93.871   0.001 -93.870  2447075.9 438786.6 271314.3 38633.3  11837.8  4291.4  4441.4
  1369 126.541  -0.001 126.539  2625007.3 493161.5 288014.2 45701.6  14173.3  4028.3  5008.4
  1370 -78.913  -0.000 -78.913  2758339.6 333415.0 190124.6 37367.4  12495.0  4362.3  4645.3
  1371  76.980  -0.001  76.979  2842457.2 377298.2 228400.0 44823.0  11419.4  7016.9  4327.2
  1372 221.573  -0.001 221.572  2752234.3 417884.4 393161.5 41898.5  14849.8  6684.8  5158.5
  1373 -76.843   0.001 -76.842  2744082.7 406288.1 255440.6 42438.2  13442.9  3838.4  4712.1
  1374 156.008   0.000 156.008  2760683.5 453953.4 278255.3 43074.2  14491.6  4191.2  5034.2
  1375 109.622  -0.000 109.622  2641216.5 307940.9 194142.6 38962.9  14669.8  2263.3  4952.7

         Carbon flux (ktC/yr)        Water (dam3/yr)                Nitrogen (MgN/yr)
       ----------------------- -------------------------- --------------------------------
Spinup NEP     estab   NBP     transp     evap    interc  nuptake ndemand  nlosses ninflux
------ ------- ------- ------- ---------- ------- ------- ------- -------- ------- -------
  1376 -127.803  -0.000 -127.803  2737735.7 389731.8 224289.1 39163.4  11565.0  4792.3  4457.1
  1377 129.545  -0.001 129.545  2797447.2 473484.3 319439.8 43393.0  12881.2  5623.2  4819.8
  1378 -923.831   0.005 -923.826  2356365.9 367644.6 234056.9 28479.9   8702.6 10123.7  3805.7
  1379 360.397  -0.002 360.395  2550282.4 324167.8 160290.9 39454.0  12956.5  4906.1  4972.3
  1380  -1.305  -0.001  -1.306  2675582.2 401279.4 201067.6 37953.0  10282.8  6729.6  4471.9
  1381 -117.080   0.001 -117.079  2596630.4 381439.1 228300.3 38119.6  10659.0  6857.2  4410.9
  1382 282.371  -0.001 282.370  2695527.6 468928.7 254107.6 47246.7  12828.4  5756.4  5012.3
  1383 -178.503   0.000 -178.503  2746254.6 337447.3 185734.2 37146.3  12856.2  3427.2  4667.9
  1384 230.782  -0.001 230.781  2757039.8 417524.2 306517.0 45241.0  14087.9  6550.7  5173.2
  1385 -25.806   0.001 -25.805  2824107.2 319989.2 236462.4 37317.1  12472.9  3757.0  4601.3
  1386 -160.477   0.000 -160.477  2765937.8 334190.8 188034.3 42284.2  12402.1  5535.6  4615.7
  1387 170.930  -0.001 170.929  2673379.2 420571.6 309524.2 47561.5  12661.1  7438.0  4644.1
  1388 -10.142  -0.000 -10.142  2846539.5 440221.5 328128.9 38128.9  15364.3  3821.2  5017.2
  1389 -287.674   0.002 -287.673  2640454.4 367580.3 243882.9 35558.2  12775.2  4899.8  4498.2
  1390 -38.064  -0.000 -38.065  2769774.1 334126.3 184147.3 46149.9  12326.2  5487.3  4578.3
  1391 229.446  -0.001 229.445  2855234.1 323915.0 232710.2 42273.4  11394.6  7222.3  4445.9
  1392  60.697  -0.001  60.697  2846689.4 447153.5 327405.1 41277.4  13994.0  6549.5  4894.4
  1393 -303.362   0.002 -303.361  2647349.0 366617.4 247268.4 33920.9  12707.2  5172.3  4459.3
  1394  28.260  -0.000  28.260  2624721.0 440152.6 464832.5 47008.3  15350.3  5874.2  5107.5
  1395 -61.061   0.001 -61.060  2653039.4 419675.0 371167.7 34713.0  14034.6  3121.2  4864.1
  1396 -166.343   0.001 -166.342  2609833.2 355689.5 222217.7 40452.0  12466.7  3537.2  4630.2
  1397 -14.374  -0.000 -14.374  2473155.3 438311.6 293794.7 42789.2  14439.2  3587.4  4906.8
  1398 -100.706   0.001 -100.705  2586208.4 358934.4 218190.2 37311.9  12921.3  3417.3  4669.3
  1399 -164.175   0.001 -164.174  2434447.2 394717.3 217070.1 37034.1  13259.3  3066.6  4641.7
  1400 336.751  -0.001 336.750  2532365.7 486649.3 242685.5 45901.4  13380.3  4600.5  5078.8

         Carbon flux (ktC/yr)        Water (dam3/yr)                Nitrogen (MgN/yr)
       ----------------------- -------------------------- --------------------------------
Spinup NEP     estab   NBP     transp     evap    interc  nuptake ndemand  nlosses ninflux
------ ------- ------- ------- ---------- ------- ------- ------- -------- ------- -------
  1401 215.152  -0.001 215.151  2558762.4 467834.7 328613.9 38899.1  15293.8  2441.3  5243.6
  1402 117.585  -0.001 117.585  2597562.9 396840.5 392131.4 41654.8  14815.0  2867.9  5192.2
  1403   4.652  -0.000   4.651  2731455.1 456917.4 315161.6 40465.9  14229.7  4088.5  4994.5
  1404  65.507  -0.000  65.506  2720645.5 472936.4 310739.3 39766.0  13918.7  4950.8  4960.8
  1405  63.595   0.000  63.595  2692712.3 410529.1 394385.5 39395.1  15537.6  3353.9  5247.7
  1406 -836.304   0.005 -836.299  2288682.4 369939.3 224955.6 31019.6   8928.5  8961.8  3885.7
  1407 183.799  -0.002 183.797  2517284.3 448001.6 201889.0 43601.6  13652.8  4855.3  4942.4
  1408 349.521  -0.002 349.519  2543638.3 318501.5 165067.4 38963.0  12914.3  4151.8  5014.5
  1409 406.950  -0.001 406.948  2724371.4 458692.2 328502.8 43797.1  12740.1  5743.9  5032.2
  1410 182.866  -0.001 182.866  2762213.9 445860.8 344799.0 40024.9  14202.7  3822.0  5140.1
  1411  48.309  -0.001  48.308  2964766.2 364133.4 238225.4 41844.9  14086.6  3243.8  4893.1
  1412 -19.370   0.000 -19.370  2955565.9 364226.8 224911.0 43553.8  10353.6  5214.5  4241.7
  1413 124.299  -0.001 124.298  2881008.8 442945.7 377120.5 43360.8  14293.6  5314.3  4969.1
  1414 -63.028   0.000 -63.027  2775915.9 410837.5 504230.5 41550.7  15754.4  4379.7  5048.1
  1415 -949.503   0.005 -949.498  2359206.4 362123.9 231414.2 29099.6   9687.5  7848.8  3894.0
  1416 180.458  -0.001 180.456  2421470.1 419158.4 267489.8 41820.1  13285.9  5660.1  4874.9
  1417 -710.122   0.003 -710.120  2230291.4 375438.0 199174.6 31095.5   8613.9 10085.8  3962.3
  1418 240.653  -0.002 240.651  2490198.3 451713.6 189468.2 44673.9  12941.7  5076.0  4975.4
  1419 -607.220   0.002 -607.218  2200638.4 379505.0 193562.4 30060.0   8173.0 11901.3  3947.1
  1420 413.302  -0.002 413.300  2491649.1 481829.9 266972.1 44078.1  14088.7  5793.2  5363.5
  1421  62.097  -0.001  62.096  2578633.8 366337.1 196532.2 38476.6  10698.7  6266.5  4593.3
  1422 -12.672  -0.000 -12.672  2477381.4 391355.4 207565.9 36735.0  11863.3  4506.2  4590.9
  1423 433.323  -0.002 433.321  2612227.8 401371.6 358438.2 47444.0  13300.8  5531.8  5117.7
  1424 151.621  -0.001 151.621  2693703.4 415825.7 230531.3 41224.9  12462.4  4838.2  4669.7
  1425 156.861  -0.001 156.860  2843905.4 440944.4 312400.6 40626.0  14255.7  5210.3  4936.8

         Carbon flux (ktC/yr)        Water (dam3/yr)                Nitrogen (MgN/yr)
       ----------------------- -------------------------- --------------------------------
Spinup NEP     estab   NBP     transp     evap    interc  nuptake ndemand  nlosses ninflux
------ ------- ------- ------- ---------- ------- ------- ------- -------- ------- -------
  1426  90.985   0.000  90.985  2739378.0 414315.7 488458.5 42174.9  15110.6  5118.4  5047.7
  1427 -18.564   0.001 -18.563  2719027.5 413993.8 488649.1 41223.1  16301.9  2418.7  5121.0
  1428 -21.878   0.000 -21.877  2919116.5 354632.4 238565.7 39997.0  15899.8  2481.9  5031.2
  1429  77.187  -0.000  77.187  2858756.2 436563.8 319751.0 43220.2  14290.3  4645.8  4949.3
  1430  83.513   0.001  83.513  2902937.7 311283.6 239340.0 37041.5  12645.9  5399.7  4559.6
  1431 197.093  -0.001 197.092  2762830.1 375949.0 406176.8 46164.9  14688.6  4944.9  5122.1
  1432  59.774   0.000  59.774  2702173.0 425579.1 543637.5 37488.9  15814.4  4455.1  5268.2
  1433 -10.596   0.001 -10.594  2817427.7 399278.5 332999.9 33419.5  13667.8  3392.5  4870.9
  1434 -203.294   0.001 -203.293  2805020.0 377043.7 224008.8 42249.3  12828.8  3894.4  4633.4
  1435 -107.803  -0.000 -107.804  2637401.2 397995.6 204768.2 37404.7  13292.0  4599.1  4757.3
  1436  29.854   0.000  29.854  2477685.3 400875.0 304100.5 41815.8  12940.9  4691.2  4818.0
  1437 -23.176  -0.000 -23.176  2567063.5 421705.8 299109.2 43692.9  14177.5  3488.3  4871.3
  1438  63.195  -0.001  63.195  2680721.2 415559.2 373377.3 37787.6  16594.3  2766.4  5360.1
  1439 -70.174   0.000 -70.173  2665871.9 415207.9 235876.9 42578.4  14034.6  3066.7  4867.6
  1440  77.365  -0.000  77.365  2774967.8 323103.6 226424.5 40425.2  12810.1  4094.3  4662.7
  1441 166.420  -0.001 166.419  2721107.3 418646.5 375823.5 41864.9  15445.6  5106.8  5267.9
  1442 -56.806   0.001 -56.805  2721590.1 410192.1 243230.0 41578.9  13745.1  3339.5  4797.1
  1443  48.636   0.000  48.636  2731537.9 418305.0 368129.4 38784.5  13600.5  5011.8  4812.7
  1444 146.768  -0.001 146.768  2645087.8 302826.7 186305.7 39792.5  14244.4  2814.3  4979.0
  1445 -228.856   0.000 -228.856  2769792.5 334273.8 192843.4 40163.5  11226.0  5373.7  4388.0
  1446  38.642  -0.000  38.642  2548501.3 396634.8 315497.2 44197.2  12939.1  7412.0  4710.5
  1447  81.090  -0.000  81.090  2749704.8 411825.3 317556.6 41077.4  15584.7  3660.6  5254.9
  1448 -106.333   0.001 -106.332  2610480.6 416206.8 317960.7 40940.6  14224.6  3048.7  4827.1
  1449   2.829   0.001   2.829  2692415.2 420232.1 317483.0 33142.1  14232.1  2972.9  4961.6
  1450 -154.484   0.001 -154.483  2445318.0 408230.1 303061.0 43165.6  13237.1  3591.4  4878.7

         Carbon flux (ktC/yr)        Water (dam3/yr)                Nitrogen (MgN/yr)
       ----------------------- -------------------------- --------------------------------
Spinup NEP     estab   NBP     transp     evap    interc  nuptake ndemand  nlosses ninflux
------ ------- ------- ------- ---------- ------- ------- ------- -------- ------- -------
  1451  25.940  -0.001  25.939  2624970.5 427384.7 293031.6 41729.7  15858.4  3219.3  5400.1
  1452 -131.577   0.001 -131.576  2624363.2 358079.8 217355.1 38026.3  12311.1  3422.5  4666.1
  1453 -71.744  -0.000 -71.744  2695765.4 394507.7 212143.4 41646.2  12999.4  3986.7  4689.7
  1454 186.452  -0.002 186.451  2658709.9 388936.6 275323.5 42392.6  14096.7  5210.7  5075.3
  1455 278.041  -0.001 278.040  2636109.8 306768.2 185304.1 38756.0  13017.3  3767.6  4884.3
  1456 175.099  -0.000 175.099  2790426.3 418331.2 322612.5 44022.2  13064.5  5916.7  5054.8
  1457 -55.837   0.001 -55.836  2621466.4 432061.6 546154.5 37634.6  15278.4  3364.9  5284.8
  1458 -111.973   0.000 -111.972  2728997.1 472219.8 311063.6 41539.0  14087.8  3466.0  5007.6
  1459  77.853  -0.000  77.852  2699776.9 383728.4 405642.7 42526.7  15084.2  2913.5  5205.4
  1460 -43.779   0.000 -43.779  2864123.9 377658.7 220909.6 43558.7  11190.0  3699.7  4384.7
  1461 107.332  -0.001 107.331  2695616.7 438152.6 481535.1 44886.6  15423.1  5058.3  5081.4
  1462  18.332   0.001  18.333  2786595.6 407448.8 337321.4 32347.6  13948.1  2988.6  4877.9
  1463 -54.445   0.001 -54.444  2703155.3 420782.8 324760.6 37982.3  12870.6  4140.3  4851.4
  1464 -881.269   0.004 -881.265  2235133.8 383082.8 215717.3 32878.6   8511.0  9297.1  3903.9
  1465 218.417  -0.002 218.415  2500571.5 450663.0 321824.3 44230.3  15268.1  4638.8  5430.1
  1466 111.602  -0.001 111.601  2593695.2 433211.5 282617.6 38763.7  14186.3  3860.3  5380.7
  1467 -43.686   0.000 -43.686  2579305.8 432525.6 222543.6 42544.1  13250.8  3510.5  4930.0
  1468 228.426  -0.002 228.425  2694453.0 492899.0 285201.0 43547.8  13445.0  4580.4  5051.2
  1469 237.696  -0.001 237.696  2767006.4 420255.3 316889.5 34478.5  12308.9  4476.8  4832.7
  1470  56.058  -0.000  56.058  2815369.2 437050.3 258622.6 45528.2  12039.2  4291.2  4854.8
  1471  77.204  -0.001  77.203  2865504.7 427260.6 264514.6 41371.2  13004.5  4053.9  4893.8
  1472  55.078  -0.001  55.077  2847792.9 461056.3 320234.7 41400.4  13604.1  4137.1  4932.0
  1473 -911.942   0.005 -911.936  2388815.3 362276.6 233510.2 29486.7   8576.2 11162.5  3808.6
  1474 367.522  -0.002 367.520  2647272.5 480899.9 233825.9 43460.5  12952.4  5522.3  5094.7
  1475 -211.250   0.001 -211.250  2547747.9 388278.7 216001.8 35021.1  11974.7  3722.1  4597.1

         Carbon flux (ktC/yr)        Water (dam3/yr)                Nitrogen (MgN/yr)
       ----------------------- -------------------------- --------------------------------
Spinup NEP     estab   NBP     transp     evap    interc  nuptake ndemand  nlosses ninflux
------ ------- ------- ------- ---------- ------- ------- ------- -------- ------- -------
  1476 115.846  -0.002 115.845  2781514.2 387345.1 206221.4 46567.7  11463.7  6546.8  4489.1
  1477   2.475   0.000   2.475  2510204.7 442753.7 262272.2 37860.0  10492.7  6979.6  4288.9
  1478 -809.352   0.003 -809.349  2282050.2 374138.2 210575.9 33466.3   8580.9 12985.2  3862.1
  1479 -604.699   0.001 -604.698  2161617.5 385900.3 187940.9 34071.4   8776.2 11760.6  3983.5
  1480 145.117  -0.002 145.116  2547181.0 360414.0 143042.9 45144.7  12732.8  5814.1  4886.5
  1481 504.397  -0.002 504.395  2629555.5 446833.2 273074.6 37862.3  10780.6  8483.9  4755.1
  1482 422.383  -0.002 422.381  2892733.9 385295.7 217546.7 43301.2  11727.6  5368.5  4752.7
  1483 349.249  -0.000 349.249  2810291.0 438934.9 344497.3 41896.5  12453.9  6977.3  4963.2
  1484 125.224  -0.001 125.223  2809955.6 403224.6 388362.4 40222.0  14700.3  4187.9  5182.7
  1485 -100.846   0.001 -100.845  2759598.5 400815.1 247590.2 41741.2  13751.2  3445.2  4788.2
  1486 -54.254   0.000 -54.254  2746383.6 342547.6 227258.3 41178.9  12361.3  4426.9  4552.3
  1487 101.907  -0.000 101.907  2608828.2 442602.2 512225.6 39523.3  16435.7  2908.5  5361.6
  1488  36.225   0.001  36.226  2704003.8 439730.4 346318.8 39103.7  15652.2  2730.4  5242.5
  1489   4.723   0.000   4.723  2848222.0 379968.4 211294.8 42751.9  12576.2  2777.6  4655.5
  1490 120.297  -0.001 120.296  2716430.9 425486.0 362709.0 39078.4  13206.0  4614.7  4758.7
  1491 -55.485  -0.000 -55.485  2774745.4 445223.0 317304.0 39568.3  14907.7  2961.6  5004.6
  1492 -28.026   0.001 -28.025  2710468.4 415778.6 373346.5 37148.0  13279.3  5428.5  4778.8
  1493  12.441   0.001  12.442  2653485.5 456544.7 263905.1 41398.6  14623.5  2870.9  5093.8
  1494 -131.893  -0.000 -131.893  2643115.9 465016.4 301551.2 40159.2  15875.4  2269.5  5131.0
  1495   9.038   0.000   9.038  2691344.4 325882.9 225392.4 38221.1  12800.5  4308.9  4694.2
  1496 -46.306   0.000 -46.306  2434113.9 405743.3 301902.7 42184.1  13587.9  5361.9  4856.9
  1497 -118.642  -0.000 -118.642  2589961.1 400049.4 202649.4 38134.4  13230.4  3496.2  4724.0
  1498 329.887  -0.001 329.886  2641861.9 459303.8 333781.5 44357.2  13801.4  4776.2  5119.1
  1499  16.282   0.000  16.283  2787706.3 325321.4 231314.5 38599.4  12111.6  4365.4  4545.6
  1500  21.735  -0.000  21.734  2686791.8 428528.9 367997.9 40204.5  12667.4  6918.0  4734.5

         Carbon flux (ktC/yr)        Water (dam3/yr)                Nitrogen (MgN/yr)
       ----------------------- -------------------------- --------------------------------
Spinup NEP     estab   NBP     transp     evap    interc  nuptake ndemand  nlosses ninflux
------ ------- ------- ------- ---------- ------- ------- ------- -------- ------- -------
  1501 -199.396   0.000 -199.396  2668383.9 391485.7 215516.4 36840.9  12821.1  3627.2  4660.1
  1502  34.613  -0.001  34.613  2726491.6 459144.6 313442.9 44053.8  13602.7  4967.8  4954.3
  1503  68.997  -0.000  68.997  2886662.6 377616.8 219756.3 42879.2  11541.5  4531.4  4500.4
  1504 -97.736   0.001 -97.734  2502697.1 438861.2 280840.2 38927.4  11302.5  4951.9  4296.1
  1505 -163.178   0.001 -163.176  2418992.7 446992.8 269455.1 40362.7  11922.3  4963.1  4436.3
  1506 -120.533  -0.000 -120.534  2665942.1 390930.5 215030.1 43200.5  13176.2  4110.0  4627.8
  1507 128.001  -0.001 128.000  2674002.4 458346.8 249643.5 42385.3  13128.4  4904.0  4940.1
  1508 176.577  -0.000 176.577  2662039.4 452092.0 348930.0 40428.1  14693.2  3631.6  5169.0
  1509 -87.660   0.000 -87.659  2651214.3 422316.3 243733.4 43056.6  13868.5  3308.1  4813.6
  1510  -5.324  -0.001  -5.325  2741852.1 457048.8 320269.1 41959.9  14994.2  4249.1  5030.0
  1511  85.190  -0.000  85.189  2905943.7 366076.5 244825.6 41094.0  14401.4  4857.2  4903.8
  1512  27.700   0.000  27.700  2911414.4 371375.7 227998.4 45707.9  10271.9  5544.6  4235.0
  1513 276.197  -0.001 276.197  2779006.9 325351.6 290018.2 45298.0  13507.0  5048.4  4784.8
  1514 -19.212   0.001 -19.211  2887567.0 323636.6 250420.9 38430.7  12426.5  4268.9  4495.7
  1515 -42.262   0.000 -42.262  2601253.0 443817.7 549957.8 41307.0  15543.5  5981.3  5259.4
  1516 -124.182   0.001 -124.181  2580863.4 438203.5 545421.5 37956.5  15828.5  3018.5  5315.9
  1517 -98.594   0.000 -98.594  2706832.0 373789.7 296479.6 40785.2  15013.0  3295.7  5079.1
  1518  62.207   0.000  62.207  2671971.1 462505.8 269617.7 41088.7  14317.7  3269.1  5099.8
  1519 -44.727   0.000 -44.727  2639963.0 427204.3 312308.9 40736.4  15835.6  2245.5  5329.7
  1520 -142.423   0.001 -142.423  2502341.7 429731.2 306541.4 42108.9  14361.9  2738.5  4940.0
  1521 -84.434  -0.000 -84.434  2649033.9 465538.4 305048.2 39756.4  15595.1  2750.4  5191.3
  1522 216.416  -0.001 216.415  2578433.6 312828.0 181650.7 40548.3  13686.2  4085.4  5016.3
  1523 154.627  -0.001 154.626  2640472.5 432801.7 313734.4 46920.0  11869.2  5875.9  4615.8
  1524  18.600   0.000  18.601  2896546.6 380832.9 223008.4 40573.9  12355.1  3586.4  4580.0
  1525 -251.215   0.000 -251.214  2499162.6 439395.3 255238.3 37811.3  12254.8  5757.6  4450.7

         Carbon flux (ktC/yr)        Water (dam3/yr)                Nitrogen (MgN/yr)
       ----------------------- -------------------------- --------------------------------
Spinup NEP     estab   NBP     transp     evap    interc  nuptake ndemand  nlosses ninflux
------ ------- ------- ------- ---------- ------- ------- ------- -------- ------- -------
  1526 121.075  -0.001 121.074  2696537.4 487810.0 305273.2 44213.4  13622.7  4312.4  4932.5
  1527 -134.372   0.001 -134.371  2716315.9 351118.7 233998.7 38719.3  11548.7  4947.2  4471.1
  1528  58.943   0.000  58.943  2663526.1 427778.3 320459.5 37578.1  13412.8  3616.0  4853.1
  1529 -36.858  -0.000 -36.859  2661161.8 469266.2 361673.1 44448.2  13847.2  3887.9  5067.3
  1530 -35.693   0.000 -35.693  2746267.2 325666.2 232120.2 38898.8  12449.7  4851.0  4606.2
  1531 -846.199   0.004 -846.195  2247472.0 382839.3 219117.2 32803.4   8605.2 12323.1  3849.9
  1532  73.478  -0.002  73.477  2502740.6 420799.1 182830.9 40055.8  12200.6  5741.4  4703.2
  1533 206.123  -0.001 206.122  2499458.3 441970.0 284137.5 45596.2  11531.3  6744.3  4717.7
  1534  35.844  -0.001  35.844  2571590.5 447762.1 455713.5 41833.3  15069.6  4146.3  5192.7
  1535  28.474  -0.000  28.474  2599649.9 439147.2 463377.0 43559.0  15410.9  2778.9  5193.9
  1536 138.643  -0.001 138.642  2694310.8 413546.3 378697.8 40694.1  15875.9  2773.0  5314.8
  1537 129.635  -0.000 129.635  2802820.8 434130.0 261775.1 43272.8  12873.0  4142.4  4889.6
  1538 301.423  -0.001 301.422  2721052.7 298564.9 192269.4 41152.3  13281.6  3852.2  4846.0
  1539 204.879  -0.001 204.878  2871371.7 422243.9 384995.6 41935.1  11468.0  6413.7  4546.4
  1540 -39.743   0.001 -39.742  2912179.0 315981.0 248253.8 39077.1  12067.3  4230.9  4458.1
  1541 -15.385  -0.000 -15.386  2789418.9 474191.5 318044.7 44320.2  13771.7  5530.4  4884.1
  1542 -232.089   0.002 -232.088  2532974.3 428293.7 292897.3 36022.4  11561.2  3716.9  4350.3
  1543 -324.825   0.001 -324.824  2683067.4 332294.4 186523.8 42410.7  12480.1  4381.0  4524.8
  1544 -827.104   0.003 -827.101  2269133.5 379927.3 215160.7 32533.0   8287.7 15464.8  3791.4
  1545 -69.575  -0.001 -69.576  2318783.2 469259.7 210735.7 37527.7  12455.6  7783.4  4604.3
  1546 353.712  -0.001 353.710  2542362.5 487316.4 238639.1 44829.1  12585.2  4290.0  5082.3
  1547   1.280  -0.001   1.279  2578438.9 405390.4 198423.0 35945.3  12153.9  3780.5  4673.1
  1548 220.113  -0.001 220.112  2750226.3 329219.9 222448.6 42839.6  10599.9  6243.6  4468.0
  1549 162.844  -0.000 162.843  2715709.0 425278.0 314950.1 36119.1  12120.8  7173.8  4761.1
  1550  15.409   0.000  15.410  2709198.7 419599.3 310883.7 43087.8  13650.2  4812.9  5183.3

         Carbon flux (ktC/yr)        Water (dam3/yr)                Nitrogen (MgN/yr)
       ----------------------- -------------------------- --------------------------------
Spinup NEP     estab   NBP     transp     evap    interc  nuptake ndemand  nlosses ninflux
------ ------- ------- ------- ---------- ------- ------- ------- -------- ------- -------
  1551 -84.258   0.000 -84.257  2615086.7 437767.9 470387.1 42471.2  15581.5  3235.0  5183.2
  1552   6.183   0.001   6.184  2682168.4 418336.2 315890.4 33825.8  13991.6  2805.6  4951.7
  1553 -136.603   0.000 -136.603  2739726.6 387258.7 218093.9 44030.1  12376.8  4268.1  4623.4
  1554 -64.490  -0.001 -64.491  2711106.7 343056.8 181408.5 40859.2  12544.9  5660.5  4679.2
  1555 204.428  -0.002 204.426  2780835.4 458958.0 309863.4 44662.0  13419.2  6926.1  4914.8
  1556 142.199  -0.000 142.198  2947501.8 375036.3 223332.3 42710.6  11196.6  5275.9  4434.1
  1557  15.886   0.000  15.886  2587666.4 389824.0 329833.4 42362.6  13132.3  5163.0  4670.1
  1558  58.072  -0.000  58.072  2610948.3 435999.5 541388.4 40111.4  16313.3  4168.1  5297.9
  1559 -186.081   0.002 -186.079  2524292.5 389296.1 328119.9 39456.6  13888.6  3007.1  4820.0
  1560 -847.761   0.004 -847.757  2235835.5 376571.6 215898.6 32304.2   9430.5  8713.1  3952.3
  1561 318.534  -0.002 318.532  2660089.4 408165.6 179235.8 46293.9  12123.9  4648.3  4688.5
  1562 -678.626   0.002 -678.624  2204371.3 387548.5 201739.9 29959.4   7942.4 12039.6  3856.8
  1563 447.787  -0.002 447.785  2503686.1 498108.4 218399.3 43394.5  12646.6  5618.9  5107.3
  1564 290.098  -0.002 290.096  2470323.1 329010.3 163643.9 38106.5  12588.7  3359.3  4997.9
  1565 380.825  -0.001 380.824  2653481.5 466165.8 325228.3 44058.4  12433.4  6136.3  5017.3
  1566 108.548  -0.001 108.547  2737768.9 482658.4 299094.4 39873.7  12843.4  4391.4  4901.1
  1567  84.742  -0.000  84.742  2611611.4 434294.6 533903.7 38009.8  14462.4  3553.4  5254.4
  1568 -72.782   0.001 -72.781  2743781.2 404556.2 320971.8 40709.7  14607.3  4013.5  5241.4
  1569 -258.656   0.001 -258.655  2727470.3 330450.1 188405.1 39228.6  13452.6  3478.7  4781.4
  1570 135.601  -0.001 135.600  2542641.3 454305.5 501308.2 42541.9  15504.9  7078.0  5386.0
  1571 -133.677   0.000 -133.677  2680308.5 390354.5 212556.3 34930.4  12751.1  3710.3  4714.5
  1572  50.247   0.000  50.247  2816407.3 377507.5 223779.6 44300.6  11538.9  5652.4  4474.9
  1573 -212.770   0.000 -212.769  2479361.2 440148.3 246939.9 35688.1  12275.1  7105.7  4504.8
  1574 -188.914   0.001 -188.913  2417084.9 442521.5 241286.3 37803.6  12223.2  5545.5  4536.0
  1575 147.451  -0.001 147.450  2750861.9 391054.7 203547.9 47337.8  11604.6  3579.3  4606.6

         Carbon flux (ktC/yr)        Water (dam3/yr)                Nitrogen (MgN/yr)
       ----------------------- -------------------------- --------------------------------
Spinup NEP     estab   NBP     transp     evap    interc  nuptake ndemand  nlosses ninflux
------ ------- ------- ------- ---------- ------- ------- ------- -------- ------- -------
  1576  25.913  -0.001  25.912  2659342.8 399766.2 208592.3 37686.1  12236.7  4672.0  4572.4
  1577 280.976  -0.000 280.976  2736849.8 420848.0 322084.4 36403.5  11826.5  6167.6  4709.0
  1578 -170.228   0.001 -170.227  2713244.1 354374.6 229676.3 41574.5  10682.7  6168.7  4403.5
  1579   3.237  -0.000   3.237  2660289.4 425399.7 307311.7 41454.4  15374.8  3536.2  5270.0
  1580 -116.378   0.001 -116.378  2552050.8 444574.2 467274.2 41568.0  16095.1  2481.3  5215.3
  1581  32.348   0.000  32.348  2592646.7 453842.5 336164.7 39423.3  16008.1  2270.5  5318.5
  1582  16.692  -0.000  16.692  2629458.6 425826.3 301901.2 41254.3  15434.2  3185.8  5337.1
  1583   0.129   0.000   0.130  2630880.8 422703.7 304341.5 39705.9  15405.1  2721.3  5350.8
  1584  13.824   0.000  13.824  2753785.1 388878.3 206790.8 43143.2  12384.5  2708.7  4716.7
  1585  24.984  -0.001  24.983  2641293.9 401564.4 205523.8 39244.5  12429.6  4196.9  4648.7
  1586 193.623  -0.001 193.622  2632100.0 444361.5 471489.7 45803.1  14071.6  5490.4  5071.7
  1587 206.179  -0.001 206.179  2681139.5 299230.7 192737.2 38846.3  13745.5  2874.8  4899.8
  1588 -96.764   0.001 -96.762  2562560.8 444439.9 287377.6 40551.5  10147.2  6313.2  4175.0
  1589 -134.790   0.000 -134.789  2698415.4 352924.9 226755.1 43845.1  11597.9  6215.2  4433.7
  1590  75.826  -0.001  75.825  2629139.7 443578.6 472763.3 44689.1  15861.3  3339.6  5131.3
  1591 -324.863   0.002 -324.861  2586487.0 374462.3 240819.7 33241.9  13398.4  2890.2  4553.2
  1592 -786.535   0.003 -786.532  2233172.5 382325.3 212916.1 35723.7   8409.7 12920.5  3830.2
  1593 280.624  -0.002 280.622  2573413.6 473778.7 219625.2 46038.3  13408.6  5335.5  5007.3
  1594 287.933  -0.002 287.931  2622972.5 430615.8 358924.5 39305.4  14258.7  4423.0  5278.5
  1595 160.081  -0.001 160.081  2722503.6 483572.4 299743.8 41259.2  12383.1  5305.1  4884.9
  1596 245.269  -0.001 245.268  2736390.4 383520.2 406653.3 43304.8  13561.9  4068.5  5086.4
  1597 -256.750   0.001 -256.750  2799043.8 325642.1 198228.5 39806.1  11254.2  6121.0  4377.7
  1598 100.842  -0.000 100.841  2579595.2 396790.9 317945.5 45692.9  12559.4  8560.2  4663.8
  1599  55.699  -0.000  55.698  2731308.5 413287.5 246296.1 44767.2  14064.2  3788.7  4745.0
  1600 124.678  -0.001 124.677  2716127.9 431846.7 493922.4 43916.3  15802.0  4427.6  5083.6

         Carbon flux (ktC/yr)        Water (dam3/yr)                Nitrogen (MgN/yr)
       ----------------------- -------------------------- --------------------------------
Spinup NEP     estab   NBP     transp     evap    interc  nuptake ndemand  nlosses ninflux
------ ------- ------- ------- ---------- ------- ------- ------- -------- ------- -------
  1601 -182.764   0.001 -182.763  2789944.0 341345.2 240658.2 38063.3  12512.5  4075.9  4510.4
  1602  50.655  -0.000  50.655  2667048.4 435206.4 482032.3 45527.4  15958.5  3427.8  5113.1
  1603 -195.671   0.001 -195.670  2492658.2 430676.0 286221.0 35636.1  12121.5  3003.2  4435.5
  1604  25.870   0.000  25.871  2741797.3 326834.0 224710.4 45275.2  12613.6  4589.5  4633.6
  1605 184.222  -0.001 184.221  2725107.0 422446.4 313456.5 42890.1  14937.7  5544.0  5235.5
  1606 -10.750   0.000 -10.750  2651893.0 435946.8 486115.0 42781.8  15616.6  3033.9  5137.0
  1607 -208.546   0.001 -208.545  2476908.4 432930.9 281197.6 36581.1  12072.4  2951.1  4464.6
  1608  91.682  -0.001  91.681  2668619.6 486954.8 290160.4 47691.2  14389.6  4032.7  4998.6
  1609 226.177  -0.001 226.177  2688443.0 329194.3 280422.1 40878.8  13984.6  3260.9  4968.4
  1610 127.190  -0.001 127.189  2738378.1 415221.5 395055.8 41278.0  15290.0  3955.4  5216.5
  1611  22.631   0.000  22.631  2831318.3 429042.8 274729.4 42487.8  12872.0  4455.5  4852.7
  1612  20.727  -0.000  20.727  2818164.9 442829.2 385525.3 42168.7  14438.7  4261.4  5052.1
  1613 -25.051  -0.000 -25.051  2837175.6 424721.3 275311.6 41925.3  13826.8  4880.8  4920.7
  1614 -93.549   0.000 -93.548  2727725.5 408099.5 254430.2 43612.0  14121.2  3560.0  4795.8
  1615  32.414   0.000  32.415  2727155.8 420422.9 381150.3 40190.5  13762.2  5164.3  4815.6
  1616 -36.745   0.000 -36.745  2632939.9 437175.8 489681.0 43906.0  15943.2  2925.5  5162.1
  1617 -93.019   0.001 -93.018  2673177.6 421199.2 378799.2 37105.3  13982.4  3637.5  4868.7
  1618  12.356  -0.000  12.356  2631656.4 421258.3 386017.0 42710.5  16042.9  3098.5  5315.8
  1619 114.977  -0.000 114.977  2663414.6 386555.1 410083.6 43913.8  14799.6  3367.5  5188.5
  1620 186.378  -0.000 186.378  2718179.4 449134.6 358082.0 42995.2  14711.1  4448.0  5148.2
  1621 -276.529   0.001 -276.527  2619140.1 379145.8 243689.2 35434.8  12840.2  3985.2  4498.8
  1622 133.867  -0.001 133.866  2550348.9 455208.0 519212.6 45060.8  15119.6  6771.2  5308.4
  1623  -2.648  -0.000  -2.648  2727762.4 476423.7 314543.9 39779.0  13867.1  4015.5  4975.8
  1624  45.070   0.001  45.070  2729886.0 415738.9 335977.4 34996.8  12990.5  4373.0  4835.1
  1625 -91.377   0.001 -91.376  2741940.2 332352.9 233734.3 44578.5  11769.3  4668.7  4582.9

         Carbon flux (ktC/yr)        Water (dam3/yr)                Nitrogen (MgN/yr)
       ----------------------- -------------------------- --------------------------------
Spinup NEP     estab   NBP     transp     evap    interc  nuptake ndemand  nlosses ninflux
------ ------- ------- ------- ---------- ------- ------- ------- -------- ------- -------
  1626 173.256  -0.001 173.255  2585150.4 315789.5 185406.8 42678.3  13714.8  4878.1  4948.9
  1627 -235.823   0.000 -235.823  2741001.2 343144.0 195306.2 40560.1  11056.4  6801.0  4377.5
  1628 -300.248   0.000 -300.248  2673984.4 337075.8 194674.3 41750.9  11039.3  8792.8  4323.6
  1629 196.202  -0.001 196.200  2628815.0 448593.9 477541.1 49439.1  14723.8  9569.9  5041.5
  1630 -144.466   0.001 -144.465  2826558.4 372404.7 240864.3 37330.1  13156.9  4346.5  4554.3
  1631 -26.956   0.000 -26.956  2634734.4 428513.3 247168.5 46078.5  13870.4  5401.7  4774.7
  1632 212.436  -0.000 212.435  2662864.1 455364.6 357719.1 42872.2  15583.7  4134.7  5172.9
  1633 -84.745   0.000 -84.745  2658975.6 423778.9 249893.8 42679.1  14376.3  3565.5  4823.6
  1634 -135.569   0.001 -135.568  2442307.6 444026.1 283804.0 38356.4  11814.7  4616.6  4403.1
  1635 -280.629   0.001 -280.628  2376095.0 452820.1 243346.2 39718.5  12886.0  5660.6  4558.1
  1636  31.307  -0.000  31.307  2383358.9 416590.1 306284.1 43980.1  13249.9  4634.8  4851.0
  1637 -205.449   0.001 -205.448  2450832.5 394919.4 228977.9 37190.1  13168.4  4055.6  4627.1
  1638 -755.604   0.003 -755.602  2139279.4 395190.2 206478.9 35277.0   8281.2 13094.9  3876.1
  1639 416.755  -0.002 416.753  2368722.7 339385.4 154023.9 44222.4  13611.4  5201.9  5098.3
  1640 322.627  -0.002 322.625  2583269.3 518835.0 278542.1 42636.1  11296.2  7168.1  4788.0
  1641 278.007  -0.001 278.006  2843537.4 383459.2 235836.8 41740.0  12255.4  4962.7  4776.1
  1642  -5.791   0.000  -5.791  2867790.5 376203.9 237118.8 42696.7  10319.2  8115.0  4247.8
  1643 171.917  -0.001 171.916  2702340.2 391298.1 417665.0 45934.0  14009.2  7078.6  5080.6
  1644 -197.315   0.001 -197.314  2504914.4 439625.9 292718.4 37488.0  11135.5  5305.8  4337.8
  1645  51.511  -0.000  51.511  2701002.1 379951.2 290017.1 46049.1  15029.1  4408.5  5067.3
  1646  52.531  -0.000  52.531  2845413.1 384195.5 223860.9 42421.3  12013.6  3612.3  4562.7
  1647 -128.717   0.001 -128.716  2466175.4 447853.0 285226.6 39124.4  11335.6  5116.5  4322.8
  1648 -290.663   0.001 -290.662  2489624.1 392248.2 232167.1 39459.2  13330.7  4755.9  4616.3
  1649 225.137  -0.002 225.136  2552631.2 412031.3 387734.9 48563.8  14596.7  4612.6  5202.0
  1650 108.331  -0.001 108.330  2719460.8 451691.7 264991.6 40857.5  12398.5  4855.5  4826.1

         Carbon flux (ktC/yr)        Water (dam3/yr)                Nitrogen (MgN/yr)
       ----------------------- -------------------------- --------------------------------
Spinup NEP     estab   NBP     transp     evap    interc  nuptake ndemand  nlosses ninflux
------ ------- ------- ------- ---------- ------- ------- ------- -------- ------- -------
  1651 -73.688   0.001 -73.688  2812938.1 377590.4 238951.5 40174.8  12167.0  5384.9  4468.4
  1652 -164.191   0.001 -164.190  2647322.1 363236.7 234257.6 42501.4  11693.6  7372.3  4498.5
  1653 113.304  -0.000 113.303  2567659.4 345787.1 277292.8 43717.5  14568.1  3455.4  4997.8
  1654  86.788  -0.000  86.787  2580149.6 467146.0 353344.9 41917.2  15143.6  3557.5  5179.1
  1655 -103.183   0.001 -103.183  2578853.6 439392.6 373415.4 38134.3  13294.3  4652.1  4804.0
  1656 -73.176  -0.000 -73.176  2558369.2 498409.3 302900.0 42250.5  14210.8  3537.8  5026.4
  1657  61.721   0.000  61.722  2565730.2 475187.5 270508.6 41221.3  14069.2  3524.5  5095.6
  1658 -873.253   0.004 -873.249  2155533.0 393792.7 216228.9 32320.6   9287.0  7521.6  3959.0
  1659 347.821  -0.002 347.820  2417423.5 492250.2 289865.6 43365.0  14999.8  5074.5  5335.0
  1660 152.672  -0.001 152.671  2668816.2 407210.3 194784.3 43359.2  10751.2  4078.3  4590.3
  1661  21.958  -0.001  21.958  2588746.9 369452.0 215613.0 41541.8  10581.7  7374.3  4439.5
  1662 149.797  -0.001 149.796  2526942.2 458303.2 459603.7 45204.4  14679.8  4498.1  5110.3
  1663  70.194  -0.000  70.194  2515811.1 446335.0 531354.2 37944.2  15196.7  3287.2  5303.9
  1664 -63.504   0.001 -63.504  2624666.8 430412.1 371843.9 39222.7  12677.8  5468.3  4769.9
  1665 -110.174   0.001 -110.174  2711587.0 383262.1 224633.2 42390.8  12834.5  4567.2  4593.8
  1666 116.684  -0.001 116.683  2609122.4 497748.0 296995.4 43469.0  13771.7  5668.9  4972.9
  1667 170.199  -0.000 170.199  2624681.3 332731.1 280566.5 41715.1  13577.0  3983.6  4915.6
  1668 -62.935   0.000 -62.934  2621006.4 425732.5 244843.7 43772.5  13895.1  3984.5  4784.8
  1669 -114.283   0.000 -114.283  2711069.2 337763.6 192865.2 41144.3  12896.7  5219.3  4621.7
  1670 318.532  -0.001 318.531  2895341.4 376802.3 240760.3 47647.9  13402.0  6396.6  4743.9
  1671 166.210  -0.001 166.209  2870312.4 431488.0 281451.6 42471.0  11761.1  7432.5  4633.1
  1672 155.108   0.001 155.109  2791500.1 436638.5 384282.6 42004.8  14625.7  4991.8  5036.6
  1673  15.572   0.001  15.573  2729207.4 446893.7 377774.0 42639.1  15502.9  3487.0  5132.5
  1674 -122.150   0.001 -122.149  2702217.6 418297.5 333816.7 41007.2  15870.4  3393.0  5255.0
  1675 -170.261   0.001 -170.260  2639548.8 380621.5 300057.2 40644.9  15813.1  2880.9  5124.8

         Carbon flux (ktC/yr)        Water (dam3/yr)                Nitrogen (MgN/yr)
       ----------------------- -------------------------- --------------------------------
Spinup NEP     estab   NBP     transp     evap    interc  nuptake ndemand  nlosses ninflux
------ ------- ------- ------- ---------- ------- ------- ------- -------- ------- -------
  1676 -153.822   0.001 -153.821  2399326.6 408446.0 316779.9 40832.5  13944.3  3244.2  4895.1
  1677 -46.601  -0.000 -46.602  2560182.0 479106.5 355757.6 44234.4  15330.3  3737.9  5200.8
  1678 -58.109  -0.001 -58.110  2628980.5 468652.0 313583.1 40490.1  15015.0  4299.1  5114.1
  1679  95.355  -0.000  95.355  2490368.0 453852.5 528866.9 40169.1  14897.0  5124.2  5319.3
  1680 -207.155   0.000 -207.154  2687230.6 338723.1 193944.1 40726.7  12306.8  5078.4  4659.2
  1681 166.413  -0.001 166.412  2685724.9 453804.8 260326.0 46879.4  12404.2  7370.0  4785.5
  1682 -195.868   0.001 -195.866  2559578.3 383030.2 243701.5 35495.9  12329.9  4691.0  4485.8
  1683  62.652  -0.001  62.651  2536980.9 457697.8 470120.3 48477.8  14856.7  7185.4  5112.2
  1684 -55.206   0.001 -55.205  2596205.2 430814.0 376306.4 36099.9  13577.4  4239.4  4840.6
  1685 -119.469   0.000 -119.469  2530374.6 433689.3 240119.7 44523.6  14147.9  3639.1  4895.9
  1686  14.059  -0.001  14.058  2615372.9 474670.5 311921.7 42507.7  14953.5  4522.1  5076.5
  1687 -96.916   0.002 -96.915  2391903.9 449984.8 278849.2 37371.3  11189.9  5561.8  4397.8
  1688 -47.607  -0.000 -47.607  2347156.9 419232.5 302961.9 45322.3  13602.2  5450.6  4885.8
  1689  56.588  -0.001  56.587  2470927.9 465232.6 456838.3 44353.2  16007.5  3951.1  5249.1
  1690  61.973  -0.000  61.972  2459865.4 458470.6 520416.2 38335.0  15680.5  3106.0  5399.2
  1691   1.458   0.000   1.458  2600767.9 428346.6 314940.5 41978.2  14689.4  4277.8  5302.7
  1692   0.019   0.000   0.019  2602485.7 385882.5 289382.4 41534.7  14962.0  4105.4  5128.1
  1693  45.327  -0.000  45.327  2529118.6 452841.2 471246.0 45017.4  15097.7  3769.4  5178.8
  1694  56.454   0.001  56.455  2615717.8 427785.9 325872.7 33985.0  13573.0  3445.0  4919.4
  1695  56.580  -0.000  56.580  2573769.1 437197.0 379278.0 45657.7  14491.9  4388.7  5254.4
  1696 -20.540  -0.000 -20.540  2689944.6 463654.8 318434.4 41197.9  14120.9  4482.1  5020.9
  1697  53.284  -0.000  53.284  2691225.2 461365.0 370036.9 42298.5  13958.1  5736.7  5082.4
  1698  92.646   0.000  92.646  2649037.0 451663.6 355501.3 42261.2  15013.0  4919.3  5219.9
  1699 -50.317   0.001 -50.316  2717942.2 331949.7 235440.7 41431.3  12409.4  4415.7  4616.4
  1700 -31.119  -0.000 -31.120  2591285.5 441654.3 366683.4 40749.1  12922.7  7074.9  4796.4

         Carbon flux (ktC/yr)        Water (dam3/yr)                Nitrogen (MgN/yr)
       ----------------------- -------------------------- --------------------------------
Spinup NEP     estab   NBP     transp     evap    interc  nuptake ndemand  nlosses ninflux
------ ------- ------- ------- ---------- ------- ------- ------- -------- ------- -------
  1701 -220.502   0.000 -220.502  2657238.2 342902.9 190729.5 40674.0  12803.9  4226.9  4705.4
  1702 218.492  -0.001 218.490  2657098.3 387949.3 288308.8 46086.7  13707.9  6797.2  4950.7
  1703 118.488  -0.000 118.487  2690553.6 421084.8 328911.9 39948.4  14296.1  4635.7  5184.9
  1704 -94.921   0.001 -94.920  2657708.5 483864.4 318165.0 40963.9  13965.8  4141.7  4968.5
  1705 -175.706   0.001 -175.705  2635529.6 357814.3 233796.4 41291.8  11733.0  5182.4  4522.4
  1706  56.316  -0.001  56.315  2584737.4 435843.3 380105.5 43307.9  16131.3  3660.4  5290.6
  1707  55.897  -0.000  55.897  2792563.6 377940.2 240624.8 41874.3  14305.8  4005.0  4930.5
  1708 -35.363   0.000 -35.362  2815925.8 378194.3 235228.7 42559.4  11165.8  7049.4  4351.7
  1709  32.483  -0.000  32.482  2654584.2 429281.2 246792.9 45363.4  13401.4  6462.5  4731.0
  1710 -51.671   0.000 -51.671  2797576.8 380570.6 236065.2 41320.3  12912.5  5510.8  4524.3
  1711 156.149  -0.001 156.148  2657977.3 430278.9 392292.4 43146.0  15297.1  5616.6  5215.7
  1712  22.477   0.001  22.477  2714154.3 416052.4 333335.8 41300.6  14606.2  4322.7  5202.0
  1713 -111.478   0.001 -111.477  2581522.2 443685.8 489583.7 43688.2  15802.5  3335.0  5172.1
  1714 -892.161   0.004 -892.157  2228285.9 378261.4 222474.0 30520.6   9505.8  8309.2  3959.7
  1715 329.367  -0.002 329.365  2663434.2 408377.1 199305.9 46885.1  13647.2  5257.9  5017.1
  1716 199.243  -0.002 199.241  2597532.1 436125.1 222899.5 44043.3  11485.9  6471.1  4673.2
  1717 158.416  -0.001 158.415  2584927.5 430773.7 305282.0 44927.4  12447.0  7776.9  4712.7
  1718  26.174   0.000  26.174  2761675.1 326513.8 232798.8 38305.9  12522.7  5124.6  4638.7
  1719 171.004  -0.001 171.003  2643299.5 336486.7 274275.7 46638.6  13386.3  6285.9  4938.7
  1720 -852.130   0.004 -852.126  2277054.5 381922.0 222208.5 31105.4   8661.7 10643.9  3829.9
  1721 292.258  -0.002 292.256  2581484.5 492502.3 314012.1 43484.8  13450.4  6484.0  5085.3
  1722  88.591  -0.001  88.590  2643455.8 470876.6 340384.6 41329.4  13065.8  6113.5  5092.0
  1723 -30.410   0.000 -30.409  2455813.7 401108.8 303834.4 41703.5  12782.0  5993.8  4805.9
  1724  92.439  -0.001  92.438  2601822.6 432836.7 353210.7 41600.4  13008.7  5747.2  4815.8
  1725 190.491  -0.001 190.490  2624995.2 391425.9 393501.2 43566.9  14569.8  3530.3  5173.8

         Carbon flux (ktC/yr)        Water (dam3/yr)                Nitrogen (MgN/yr)
       ----------------------- -------------------------- --------------------------------
Spinup NEP     estab   NBP     transp     evap    interc  nuptake ndemand  nlosses ninflux
------ ------- ------- ------- ---------- ------- ------- ------- -------- ------- -------
  1726  78.692  -0.000  78.692  2712640.4 427374.4 371288.6 39120.7  12243.2  6679.0  4707.6
  1727 131.486  -0.001 131.485  2893641.2 366401.2 239736.9 43400.5  14021.7  3922.8  4845.9
  1728 -40.788   0.001 -40.788  2597192.5 383152.4 330581.3 42330.5  12471.7  7136.1  4673.0
  1729 -59.505   0.001 -59.505  2541478.4 388520.5 323331.5 43330.0  14085.9  4712.6  4771.7
  1730  57.732  -0.001  57.731  2688040.7 481847.9 303934.1 43570.2  14862.5  4044.5  4965.2
  1731   8.468  -0.000   8.467  2780017.5 449982.8 327354.4 39903.6  14796.4  3991.2  4976.2
  1732 112.919   0.001 112.920  2747962.5 449165.2 279742.2 42593.8  13992.6  5359.1  5011.1
  1733 -34.983  -0.000 -34.983  2857869.2 374917.6 242417.4 42541.3  15433.1  3234.4  4966.2
  1734 -133.371   0.000 -133.371  2718541.9 385996.1 223777.8 39403.7  11836.9  6116.8  4504.6
  1735 249.719  -0.001 249.719  2755593.8 412218.4 396708.7 44067.0  14546.3  6309.0  5123.3
  1736 -24.971   0.001 -24.970  2868986.0 318311.7 247674.5 41060.0  11959.2  5101.0  4481.2
  1737 -204.284   0.001 -204.282  2476138.3 442132.7 285122.2 39414.3  11785.9  6802.3  4376.2
  1738 -84.178  -0.000 -84.178  2596765.9 427586.0 234029.9 47177.3  14758.6  3948.5  4848.3
  1739 218.330  -0.001 218.329  2635141.8 332809.8 276291.4 42661.1  14387.4  3739.4  4943.9
  1740 135.413  -0.001 135.413  2590373.6 447595.7 535447.9 39715.7  15382.3  3751.0  5273.5
  1741 111.198  -0.000 111.198  2651235.2 304159.3 197159.1 39924.9  13409.5  3783.1  4866.8
  1742 -116.266   0.000 -116.265  2741856.5 389488.8 226557.8 40273.2  11264.8  6215.4  4406.2
  1743  75.471   0.000  75.471  2753248.7 420868.8 386587.2 41402.0  12179.3  7803.4  4647.0
  1744 -262.613   0.001 -262.612  2687713.6 388476.7 225711.3 37279.9  13069.9  3998.1  4652.0
  1745 -82.180   0.001 -82.179  2452323.2 402596.2 321070.3 43908.7  13073.9  5464.4  4779.2
  1746 -32.753  -0.001 -32.754  2762431.4 380804.0 233337.9 43890.0  15348.7  3868.5  5027.2
  1747  25.443  -0.000  25.443  2759520.8 328798.1 234883.7 41287.9  11623.9  6284.6  4530.5
  1748 -277.102   0.001 -277.102  2445815.5 444271.8 253176.2 37210.7  12438.4  7937.7  4486.7
  1749 132.174  -0.001 132.173  2777977.9 384294.1 233362.5 46471.0  14136.2  4344.1  4929.3
  1750 -45.322   0.000 -45.322  2810962.9 378090.4 233152.8 41699.7  11515.4  6538.9  4399.6

         Carbon flux (ktC/yr)        Water (dam3/yr)                Nitrogen (MgN/yr)
       ----------------------- -------------------------- --------------------------------
Spinup NEP     estab   NBP     transp     evap    interc  nuptake ndemand  nlosses ninflux
------ ------- ------- ------- ---------- ------- ------- ------- -------- ------- -------
  1751 121.911  -0.000 121.911  2708721.1 424266.2 321689.5 43156.8  14627.5  6984.2  5185.1
  1752 -907.763   0.005 -907.758  2253447.4 378272.1 225431.2 29938.7   9196.2  9398.1  3909.0
  1753 288.232  -0.002 288.229  2530522.4 518084.0 257067.5 43886.1  13318.3  5985.5  5046.6
  1754 -36.346   0.001 -36.346  2362128.9 456635.4 253044.3 36449.8  10481.2  4798.5  4444.9
  1755  71.600  -0.001  71.599  2648898.7 398289.3 193939.8 48227.9  11129.8  4999.7  4536.9
  1756 368.741  -0.002 368.739  2606037.3 341695.7 259922.6 44081.5  13102.1  5582.5  4895.2
  1757  99.301  -0.001  99.300  2599105.6 428411.5 308624.8 43136.3  12698.3  5945.4  4680.5
  1758 -166.829   0.000 -166.828  2686558.9 389811.9 218335.4 35202.3  13167.5  4617.6  4664.4
  1759 -37.812  -0.000 -37.812  2746361.6 335170.4 189353.0 45406.2  11651.9  5883.3  4529.7
  1760 306.413  -0.001 306.412  2738394.7 417148.4 385165.5 45173.1  14650.1  7666.1  5130.2
  1761  93.962  -0.000  93.962  2818816.5 443320.2 387327.8 41592.5  13912.9  4481.0  4977.1
  1762 -187.038   0.001 -187.038  2777955.6 342163.6 240435.1 40243.4  12022.0  6540.0  4431.1
  1763 -97.023   0.001 -97.022  2811495.2 379631.7 230780.6 42041.8  13605.2  4534.2  4538.6
  1764 166.629  -0.000 166.629  2663727.4 468363.9 270680.6 43898.0  14219.5  5125.1  5015.3
  1765 -881.383   0.004 -881.379  2241738.0 385696.7 221558.8 30088.0   9312.2  8139.3  3865.8
  1766 -609.183   0.002 -609.181  2117690.3 392184.9 190206.7 33366.4   8899.8 11513.0  3949.7
  1767 215.525  -0.002 215.524  2393306.7 461893.4 184938.7 48310.9  14261.3  5174.4  5059.4
  1768 -573.903   0.002 -573.902  2111202.5 390795.7 190852.3 31135.6   8356.5 10807.3  3977.1
  1769 300.151  -0.002 300.149  2334748.6 461509.3 242386.8 47797.3  13419.6  6892.0  4990.5
  1770 -567.637   0.002 -567.634  2111248.2 389248.1 192963.6 30775.9   8616.1 10411.5  4017.5
  1771 447.408  -0.002 447.405  2420518.7 462904.2 244523.1 42551.9  13110.2  7019.6  5347.9
  1772 332.097  -0.002 332.095  2654023.8 400504.2 204066.4 41992.8  12288.7  4856.3  4962.8
  1773  52.442  -0.000  52.441  2623713.9 362938.0 210441.3 41230.2   9394.7 11178.4  4375.6
  1774 216.664  -0.001 216.663  2483283.4 463405.6 490417.2 42279.3  14179.6  4920.6  5291.7
  1775 -63.576  -0.000 -63.576  2641669.9 393709.4 208762.3 36369.9  12111.2  5098.3  4657.6

         Carbon flux (ktC/yr)        Water (dam3/yr)                Nitrogen (MgN/yr)
       ----------------------- -------------------------- --------------------------------
Spinup NEP     estab   NBP     transp     evap    interc  nuptake ndemand  nlosses ninflux
------ ------- ------- ------- ---------- ------- ------- ------- -------- ------- -------
  1776 164.066  -0.000 164.065  2586935.2 444716.4 465071.0 47534.8  13884.6  6059.3  5059.0
  1777 106.829  -0.001 106.828  2869829.3 364981.6 235047.4 40203.1  14850.2  3404.6  4957.2
  1778 -88.713   0.002 -88.711  2515003.3 430075.9 279560.4 39275.8  10681.7  6980.1  4312.2
  1779 216.109  -0.001 216.108  2654125.4 455248.3 332515.0 45830.4  15555.8  4712.1  5225.1
  1780 -111.840   0.000 -111.839  2690096.0 354351.6 225066.1 38666.8  12277.3  4803.1  4547.8
  1781 -96.041   0.001 -96.040  2418886.3 456275.7 266722.3 38994.6  11925.9  3868.8  4436.5
  1782  61.867  -0.001  61.866  2575205.8 495719.5 285243.7 44838.7  14421.0  4248.4  5002.9
  1783 106.781  -0.000 106.780  2795171.1 386420.2 211621.6 41556.0  11921.5  3644.2  4569.5
  1784 159.346  -0.001 159.344  2712058.4 484008.7 303454.0 43041.5  13612.7  4838.5  4859.5
  1785  94.232  -0.000  94.231  2763891.4 367458.2 303720.1 39398.5  14447.8  4458.2  4945.0
  1786 159.741  -0.000 159.740  2666245.3 297802.9 197859.9 39930.1  13786.4  3811.9  4849.8
  1787 110.713  -0.000 110.712  2799254.7 376486.8 307061.1 44675.7  13495.9  5159.3  4820.4
  1788 131.674   0.000 131.674  2713514.5 294390.7 202839.1 38432.2  13836.2  3951.4  4805.6
  1789 -134.079   0.001 -134.078  2898760.0 374188.7 244124.9 43196.4  11864.0  5445.7  4314.9
  1790 -51.949  -0.000 -51.949  2744290.2 474793.6 319495.5 41882.2  14294.9  5932.8  4880.7
  1791 -88.161   0.001 -88.160  2730650.6 367461.5 308153.1 38990.0  15335.4  3907.8  4982.6
  1792 -137.757   0.001 -137.756  2583660.9 435587.8 490766.9 42853.6  15925.9  3258.6  5108.2
  1793 -423.617   0.002 -423.615  2478621.0 381059.6 237113.4 34354.1  14107.5  2690.9  4642.5
  1794 185.788  -0.000 185.787  2542086.4 469788.1 320357.8 46387.1  15128.8  5160.4  5204.6
  1795 -33.803  -0.001 -33.804  2630307.2 470572.4 306135.5 39601.9  14925.9  3751.8  5075.1
  1796  51.234  -0.000  51.234  2666202.5 444140.4 258307.9 40672.1  13135.7  5316.2  4927.8
  1797  25.577   0.000  25.577  2664779.3 459760.3 367491.8 42003.3  14215.2  4314.9  5080.3
  1798 -865.817   0.004 -865.813  2230944.7 376748.1 220665.4 31085.6   9234.6 10817.6  3925.1
  1799 -37.820  -0.001 -37.820  2267282.4 473093.6 207670.0 36785.5  12268.1  7638.4  4612.5
  1800 312.115  -0.001 312.114  2467625.3 480724.6 298793.9 44031.2  13541.3  4876.1  5265.8

         Carbon flux (ktC/yr)        Water (dam3/yr)                Nitrogen (MgN/yr)
       ----------------------- -------------------------- --------------------------------
Spinup NEP     estab   NBP     transp     evap    interc  nuptake ndemand  nlosses ninflux
------ ------- ------- ------- ---------- ------- ------- ------- -------- ------- -------
  1801 -14.192  -0.000 -14.192  2555124.5 367296.3 206960.5 39997.8  11126.2  5848.8  4557.5
  1802 189.300  -0.001 189.299  2565985.5 439437.4 287689.1 42173.8  14561.6  4514.0  5278.2
  1803 106.850  -0.000 106.850  2583597.5 425709.0 366999.7 39266.6  15146.9  3863.3  5278.1
  1804 159.999   0.000 160.000  2611270.4 331252.6 267474.9 42031.8  13180.2  4583.8  4928.3
  1805 -17.703  -0.000 -17.703  2772893.2 381564.3 218957.2 40730.0  12397.9  5502.0  4534.6
  1806 141.590  -0.001 141.589  2677508.6 424260.0 304487.3 42364.7  14518.0  6296.2  5223.3
  1807 138.808  -0.000 138.808  2604010.5 305098.0 184738.4 39281.6  13982.9  3454.1  4966.8
  1808 -188.642   0.001 -188.641  2592880.7 383272.5 231537.9 38390.8  11710.6  5586.1  4436.2
  1809 192.275  -0.002 192.273  2703761.7 487384.4 292061.2 46251.5  13285.2  6005.0  4889.1
  1810 132.313   0.000 132.313  2745178.8 412770.6 327014.8 31984.6  13055.0  4503.6  4815.3
  1811 -161.017   0.001 -161.015  2638951.2 420609.4 240219.3 45805.8  13097.1  4180.8  4763.9
  1812 -213.516   0.001 -213.515  2539010.4 382712.9 228533.6 35828.5  13377.4  4401.1  4591.2
  1813 195.368  -0.001 195.366  2652766.4 385323.1 273036.2 45936.4  14353.4  5320.7  5038.4
  1814 191.651  -0.001 191.650  2668560.3 385291.4 401799.1 40587.6  14529.7  3691.5  5146.5
  1815 -319.806   0.001 -319.805  2478609.7 432769.1 254870.4 35437.8  11859.6  6941.4  4422.5
  1816 -109.800   0.000 -109.800  2700278.4 337250.5 186706.3 42337.0  12279.4  5285.3  4635.3
  1817  39.375  -0.001  39.375  2777002.2 381083.3 223242.8 44221.3  12030.4  7310.4  4433.6
  1818 -192.542   0.001 -192.541  2456288.9 442511.4 249967.5 35621.1  12420.9  8401.1  4459.5
  1819  56.597   0.000  56.597  2675023.4 330600.8 228496.4 43706.0  12136.1  4963.1  4593.7
  1820 -15.142  -0.000 -15.142  2582835.9 430407.2 234742.1 44253.3  14180.2  5289.2  4829.0
  1821  37.024  -0.000  37.024  2542738.5 428715.6 307294.5 42486.3  14050.7  5488.0  4777.1
  1822 -78.751   0.001 -78.750  2453337.0 398623.8 314608.8 38897.7  14390.1  3541.1  4860.6
  1823  -5.889  -0.000  -5.889  2507936.5 430194.0 300397.0 44965.8  14381.2  4437.4  4856.3
  1824 -89.073   0.000 -89.073  2710421.0 383279.0 222762.2 38263.4  13764.4  4268.2  4672.3
  1825 -36.659  -0.001 -36.660  2583185.8 405416.9 208068.4 39568.0  12719.0  5586.1  4676.8

         Carbon flux (ktC/yr)        Water (dam3/yr)                Nitrogen (MgN/yr)
       ----------------------- -------------------------- --------------------------------
Spinup NEP     estab   NBP     transp     evap    interc  nuptake ndemand  nlosses ninflux
------ ------- ------- ------- ---------- ------- ------- ------- -------- ------- -------
  1826 252.346  -0.001 252.345  2521783.0 453807.6 518737.4 42314.0  14183.9  5583.9  5232.4
  1827 -55.689   0.000 -55.689  2730363.0 451119.6 322450.0 40122.3  14241.6  4473.4  4992.6
  1828  53.167   0.000  53.167  2549249.8 438342.6 532013.6 39429.0  15195.8  5494.6  5280.0
  1829  99.046  -0.000  99.045  2586678.9 307128.6 189038.1 40838.2  13879.4  3675.2  4963.5
  1830 -836.611   0.004 -836.607  2276281.6 385081.4 222574.9 32169.4   8178.7 13076.4  3773.5
  1831 154.378  -0.001 154.376  2435191.9 448178.4 269243.0 43821.6  13206.8  6819.2  4863.8
  1832  24.313  -0.001  24.312  2495761.0 456468.0 435397.2 41097.5  15359.1  3931.7  5280.9
  1833  16.850  -0.000  16.850  2499085.7 427090.7 291466.1 42676.6  13740.1  3765.1  4910.6
  1834 238.739  -0.001 238.739  2552238.4 311678.5 174504.6 39617.8  14420.6  3437.5  5073.8
  1835 205.144  -0.001 205.143  2846591.1 393047.7 208123.1 46907.8  10374.8  4990.7  4347.0
  1836 227.723  -0.001 227.722  2690485.2 438558.3 476150.6 44696.8  14660.2  5997.1  4986.7
  1837 196.368  -0.000 196.367  2712773.1 293548.1 196486.2 37661.4  13976.1  3116.1  4848.1
  1838 146.669   0.000 146.669  2847329.6 407913.1 332457.8 44419.9  13899.5  5696.1  5041.3
  1839 -47.380   0.001 -47.378  2661690.0 424304.2 554304.8 38088.7  15918.7  3535.0  5254.9
  1840 -50.620   0.000 -50.620  2708191.9 374056.1 411993.7 42716.7  15405.5  3281.4  5181.4
  1841 -204.481   0.002 -204.480  2498892.4 434031.2 279383.8 37643.1  11738.0  4569.4  4410.3
  1842  -3.902  -0.000  -3.902  2716294.8 327466.8 221355.7 42974.9  12909.4  4597.7  4682.0
  1843  30.157  -0.000  30.156  2733247.7 331490.6 224270.5 40377.0  12413.3  5763.1  4634.1
  1844 -18.151  -0.000 -18.151  2643302.2 426764.9 233786.9 44466.2  13794.6  5304.7  4807.2
  1845 122.716  -0.001 122.716  2583451.3 446627.4 516433.1 39623.3  15880.1  4427.9  5314.8
  1846 -46.186   0.000 -46.186  2737163.7 450809.5 367841.4 40836.9  14635.4  3577.3  5100.0
  1847 144.432  -0.001 144.432  2641687.4 302076.6 187531.4 40681.7  14184.3  4071.0  4952.9
  1848  83.950  -0.001  83.949  2679585.4 438517.3 484098.7 46125.5  14466.1  5818.4  5031.8
  1849  -8.640   0.001  -8.639  2624340.3 427414.2 546876.6 36805.7  16143.8  2862.8  5305.8
  1850 -185.626   0.001 -185.625  2663161.2 413711.3 245843.9 43606.1  14380.7  3293.4  4851.7

         Carbon flux (ktC/yr)        Water (dam3/yr)                Nitrogen (MgN/yr)
       ----------------------- -------------------------- --------------------------------
Spinup NEP     estab   NBP     transp     evap    interc  nuptake ndemand  nlosses ninflux
------ ------- ------- ------- ---------- ------- ------- ------- -------- ------- -------
  1851  75.289  -0.000  75.288  2701528.0 376016.8 288542.6 42177.8  15857.1  4183.0  5106.8
  1852  80.224  -0.001  80.224  2862221.3 368980.8 238920.9 40712.2  14839.8  3717.2  4970.9
  1853 158.624   0.000 158.624  2768298.6 453051.1 276592.5 44487.4  13137.8  5456.3  4989.5
  1854 -300.795   0.001 -300.793  2596003.9 377871.7 240415.2 35044.6  13513.1  3334.1  4540.4
  1855  67.645  -0.000  67.645  2642515.3 431379.2 360879.6 43667.4  13251.7  6462.1  4789.3
  1856  57.725   0.001  57.726  2652647.0 422014.2 321033.3 33334.6  13704.2  3603.0  4903.0
  1857 -84.348   0.000 -84.347  2620881.5 469961.4 357774.9 44598.0  13874.7  4148.3  5119.5
  1858 -168.917   0.001 -168.916  2624278.6 355885.4 221961.6 38838.9  12344.0  5476.4  4624.9
  1859  36.821  -0.001  36.820  2587173.1 494581.7 290348.9 42688.2  14549.0  3903.0  5067.5
  1860  19.585  -0.000  19.585  2543553.3 447459.5 469157.5 42274.1  15464.6  3500.6  5176.1
  1861 -180.029   0.002 -180.027  2389170.9 440829.9 274514.2 36418.5  12191.2  2991.7  4526.9
  1862 103.780  -0.000 103.780  2546808.3 436597.2 298293.2 39901.8  13964.1  4290.9  4966.7
  1863  36.195  -0.000  36.195  2623745.1 339127.4 219727.2 42601.9  12085.4  4309.5  4675.3
  1864 139.785  -0.000 139.784  2583945.8 437285.7 308011.5 35665.5  13155.2  5622.0  4901.2
  1865  83.133  -0.000  83.133  2561153.1 343283.4 267994.2 44675.0  13174.4  4079.7  4972.8
  1866  82.169  -0.000  82.168  2579894.8 337356.6 270636.8 41145.6  14173.0  3871.9  5007.7
  1867 -107.926   0.001 -107.926  2422224.1 405303.6 311971.4 41085.9  13639.0  4034.7  4860.1
  1868 -158.896   0.001 -158.895  2335009.3 452832.8 266006.8 39065.2  12281.1  4173.4  4555.2
  1869  96.933  -0.001  96.932  2471905.9 409496.7 375560.1 46135.5  15519.5  3559.7  5297.3
  1870  66.436  -0.001  66.435  2712675.2 394069.6 208897.7 42710.6  11378.9  4230.4  4516.5
  1871 -122.326  -0.000 -122.326  2427807.7 448267.5 247190.8 37049.5  12160.3  6824.6  4458.6
  1872  88.165  -0.000  88.165  2592036.4 428144.0 239754.1 45935.4  13475.7  4592.1  4793.9
  1873 -38.179   0.000 -38.179  2742144.2 381365.3 230461.7 41012.6  13305.2  4992.5  4594.1
  1874 149.518  -0.000 149.518  2632496.5 429981.8 323707.6 36571.0  13483.9  5571.1  4879.7
  1875 -119.672   0.001 -119.671  2714493.5 388864.4 228669.6 43512.2  12325.1  4567.8  4572.0

         Carbon flux (ktC/yr)        Water (dam3/yr)                Nitrogen (MgN/yr)
       ----------------------- -------------------------- --------------------------------
Spinup NEP     estab   NBP     transp     evap    interc  nuptake ndemand  nlosses ninflux
------ ------- ------- ------- ---------- ------- ------- ------- -------- ------- -------
  1876 -94.600  -0.000 -94.601  2583340.0 404147.5 212440.2 38222.3  12987.2  5365.4  4713.0
  1877  88.793  -0.000  88.793  2598303.6 433729.6 369948.2 40698.5  12390.7  6361.9  4759.2
  1878 -182.645   0.001 -182.644  2576277.4 397731.1 216032.5 37277.5  13083.9  3875.6  4730.5
  1879 107.018  -0.000 107.017  2717933.9 391893.9 212912.8 47005.8  11481.6  4845.4  4598.3
  1880 -40.392   0.001 -40.391  2399132.9 452478.9 276695.8 38156.2  11624.6  4761.3  4409.3
  1881 119.733  -0.001 119.732  2521334.8 341133.1 270214.8 45233.7  14646.0  3914.9  5068.5
  1882 -95.350   0.000 -95.350  2589766.6 363731.7 226255.4 39878.8  12449.0  4236.3  4613.1
  1883 205.769  -0.001 205.768  2497786.2 322596.6 184590.9 41391.4  14619.5  3403.8  5048.6
  1884  52.129  -0.000  52.129  2753868.0 391167.8 231860.2 42606.0  11918.6  5246.3  4482.0
  1885  97.617  -0.000  97.617  2808727.8 390807.2 223062.1 44164.1  11916.5  5484.4  4561.4
  1886 207.571  -0.001 207.571  2654767.4 330458.3 288905.6 43571.7  14120.5  4399.8  4918.9
  1887  43.174   0.001  43.174  2680094.2 459700.1 285866.9 40995.8  14701.8  3600.3  5097.3
  1888 -189.872   0.001 -189.870  2422746.6 402165.6 329315.2 40557.5  15008.3  2285.0  4950.3
  1889 -107.499   0.001 -107.498  2515801.9 435486.7 367960.7 40001.3  14868.8  3523.1  5003.2
  1890 -182.780   0.001 -182.780  2585931.1 391728.3 223828.3 40918.6  14313.5  3075.3  4847.1
  1891 -76.404  -0.000 -76.404  2555448.0 354113.8 183751.2 41780.3  13354.2  4716.2  4860.4
  1892  87.018  -0.001  87.018  2376103.2 414131.3 311263.4 43416.0  13310.2  6591.6  4908.2
  1893 -739.903   0.003 -739.900  2171492.2 386353.4 217278.3 33286.8   9339.8  9454.5  3981.8
  1894 231.621  -0.002 231.619  2493028.4 494496.9 273887.1 43675.1  14725.2  5112.5  5246.8
  1895 187.437  -0.001 187.436  2397342.8 465875.0 495150.4 38489.8  14348.6  5203.9  5463.9
  1896 230.218  -0.001 230.217  2497898.4 316298.3 182297.8 40973.2  13030.0  4159.8  5055.1
  1897 165.956  -0.001 165.955  2703742.8 467187.4 315698.9 44842.7  13019.3  5993.6  4992.2
  1898 -171.279   0.001 -171.277  2552868.0 376992.2 243772.0 35751.3  12509.9  5614.7  4595.6
  1899  84.389  -0.000  84.388  2579055.1 434552.9 365766.8 44215.3  13107.5  6832.8  4871.8
  1900 -129.555   0.000 -129.555  2563560.8 398744.8 216607.3 36796.4  13476.4  3560.4  4840.6

         Carbon flux (ktC/yr)        Water (dam3/yr)                Nitrogen (MgN/yr)
       ----------------------- -------------------------- --------------------------------
Year   NEP     estab   NBP     transp     evap    interc  nuptake ndemand  nlosses ninflux
------ ------- ------- ------- ---------- ------- ------- ------- -------- ------- -------
  1901 120.903  -0.000 120.903  2635840.0 333169.3 231296.4 44189.4  12037.8  5090.2  4710.2
Simulation ended.
lpjml successfully terminated, 63 grid cells processed.
Wall clock time:	154 sec, 0.00081 sec/cell/year.
Total wall clock time:	160 sec (00:02:40).
