--------------------------------------
Running config: /home/druijsch/LPJmL5/dev15oct2025/config_files/2026_04_08_run_for_10_locations/temperate_needleleaved_evergreen_tree/spinup/configs/temperate_needleleaved_evergreen_tree_patch7_config_spinup.cjson
SLURM task ID: 0
Node: tcn244.local.snellius.surf.nl
--------------------------------------
******************************************************************************
****        _     ____     _           _       ____        _  ___         ****
****       | |   |  _ \   | |_ __ ___ | |     | ___|      / |/ _ \        ****
****       | |   | |_) |  | | '_ ` _ \| |     |___ \      | | | | |       ****
****       | |___|  __/ |_| | | | | | | |___   ___) |  _  | | |_| |       ****
****       |_____|_|   \___/|_| |_| |_|_____| |____/  (_) |_|\___/        ****
****                                                                      ****
****                 lpjml C Version 5.10.1 (Apr 14 2026)                 ****
****    Dynamic global vegetation model with natural and managed land     ****
****                     Compiled for Linux with MPI                      ****
****       (C) Potsdam Institute for Climate Impact Research (PIK),       ****
****                          see COPYRIGHT file                          ****
****              Authors, and contributors see AUTHORS file              ****
**** This version of LPJmL is licensed under GNU AGPL Version 3 or later  ****
****        See LICENSE file or go to http://www.gnu.org/licenses/        ****
****                 or invoke lpjml -l to print license                  ****
****      https://gitlab.pik-potsdam.de/lpjml/wur_team/lpjml-wur.git      ****
****          GIT hash: 5e6f8e1bb5c5d5f3357da68b6c43e9517864f3c2          ****
****                                                                      ****
******************************************************************************

Running for user druijsch on tcn244.local.snellius.surf.nl at Tue Apr 14 16:51:52 2026
Reading configuration from '/home/druijsch/LPJmL5/dev15oct2025/config_files/2026_04_08_run_for_10_locations/temperate_needleleaved_evergreen_tree/spinup/configs/temperate_needleleaved_evergreen_tree_patch7_config_spinup.cjson'.
==============================================================================
/----------------------------------------------------------\
|institution: Potsdam Institute for Climate Impact Research|
|contact:                                                  |
|comment:                                                  |
\----------------------------------------------------------/
Simulation "LPJmL Run" running on 50 tasks
Simulation with shuffle spinup climate, equilsoil is called, 
nitrogen limitation, permafrost, Johansen conductivity, 
percolation heattransfer, GSI phenology, NPP controlled BNF.
Cultivation types: none, biomass, annual crop
Working directory: /gpfs/home5/druijsch/LPJmL5/dev15oct2025
cpp processed configuration file written to `/projects/prjs2023/chapter3/lpjml_output/2026_04_08_run_for_10_locations/temperate_needleleaved_evergreen_tree/patch_7/output/lpjml_config_spinup.json`.
Starting from scratch.
Input files:
Variable     Fmt  Varname  Filename
------------ ---- -------- ---------------------------------------------------
soil         cdf  soilcode /projects/prjs2023/chapter3/lpjml_input/run_for_10_locations/temperate_needleleaved_evergreen_tree/patch_7/soil.nc
temp         cdf  tas      /projects/prjs2023/chapter3/lpjml_input/run_for_10_locations/temperate_needleleaved_evergreen_tree/patch_7/temp.nc
prec         cdf  pr       /projects/prjs2023/chapter3/lpjml_input/run_for_10_locations/temperate_needleleaved_evergreen_tree/patch_7/prec.nc
lwdown       cdf  rlds     /projects/prjs2023/chapter3/lpjml_input/run_for_10_locations/temperate_needleleaved_evergreen_tree/patch_7/lwdown.nc
swdown       cdf  rsds     /projects/prjs2023/chapter3/lpjml_input/run_for_10_locations/temperate_needleleaved_evergreen_tree/patch_7/swdown.nc
no3_depo     cdf  noy      /projects/prjs2023/chapter3/lpjml_input/ndep-noy_histsoc_monthly_1901_2021_units.nc
nh4_depo     cdf  nhx      /projects/prjs2023/chapter3/lpjml_input/ndep-nhx_histsoc_monthly_1901_2021_units.nc
soilpH       cdf  soil_ph  /projects/prjs2023/chapter3/lpjml_input/hwsd_soil_data_all_land_oceanfilled.nc
co2          txt           /projects/prjs2023/chapter3/lpjml_input/co2_1832-2023.dat
windspeed    cdf  sfcwind  /projects/prjs2023/chapter3/lpjml_input/run_for_10_locations/temperate_needleleaved_evergreen_tree/patch_7/wind.nc
------------ ---- -------- ---------------------------------------------------
Writing restart file '/home/druijsch/LPJmL5/dev15oct2025/restart/2026_04_08_run_for_10_locations/temperate_needleleaved_evergreen_tree/patch_7/restart_1901_nv_stdfire.lpj' after year 1901.
Random seed: 2
Number of output files:       1
Output written in year:       -1020
Byte order in output files:   little endian

Variable   Fmt  Unit Type   tstep nbd Filename
---------- ---- ---- ------ ----- --- -----------------------------------------
globalflux txt  -    float  year    1 /projects/prjs2023/chapter3/lpjml_output/2026_04_08_run_for_10_locations/temperate_needleleaved_evergreen_tree/patch_7/output/globalflux_spinup.csv + .json
---------- ---- ---- ------ ----- --- -----------------------------------------
Spinup years:                  3000
Cycle length during spinup:      30
First year:                    1901
Last year:                     1901
Number of grid cells:            72
==============================================================================
Memory allocated for output: 344 bytes/cell
Simulation begins...
Spinup using climate starting from year 1901

         Carbon flux (ktC/yr)        Water (dam3/yr)                Nitrogen (MgN/yr)
       ----------------------- -------------------------- --------------------------------
Spinup NEP     estab   NBP     transp     evap    interc  nuptake ndemand  nlosses ninflux
------ ------- ------- ------- ---------- ------- ------- ------- -------- ------- -------
 -1099 -2907.253   0.554 -2906.699        0.0 2950458.9     0.0     0.0      0.0 490456.9  1643.7
 -1098 -2815.527   0.233 -2815.294        3.1 3776225.5     4.6   119.3      0.3 278917.0  1643.8
 -1097 -2640.405   0.139 -2640.267      658.7 4680976.8    32.9  1905.0      4.2 488191.9  1646.6
 -1096 -1288.434  -0.169 -1288.603   114595.8 4726389.4   927.1 29468.5    169.8 396238.8  1726.4
 -1095 4592.682  -0.096 4592.587  3166794.6 1698893.9 109200.0 123039.0  10134.4 273047.8  4739.6
 -1094 6219.431  -0.001 6219.430  5020790.3 556808.1 463838.1 107660.5  12129.8 82473.7  9027.1
 -1093 4326.985   0.001 4326.986  4529846.5 663689.7 660568.0 83734.1  12155.2 52433.6  8762.4
 -1092 1721.589   0.004 1721.593  4089836.2 714111.0 374028.6 65775.3  11631.2 30032.2  9066.9
 -1091 682.868   0.006 682.874  3530124.2 803823.0 316186.3 64057.1   9341.8 28137.3  7437.9
 -1090 1224.223   0.004 1224.227  3886151.1 697124.2 365562.8 71856.8   9267.2 28032.9  9674.5
 -1089 1250.277   0.004 1250.282  3843746.9 805498.4 376810.5 76128.1   8396.4 26461.9  7954.6
 -1088 976.202   0.003 976.205  4131540.2 768301.7 534844.6 69796.4  10011.7 23611.3 11328.4
 -1087 388.232   0.005 388.236  4224453.7 654383.5 400064.9 63472.1   9645.3 30784.4 12219.6
 -1086 574.935   0.006 574.942  4261068.0 676585.6 388466.0 67058.5   7854.5 23020.2 11680.7
 -1085 -331.786   0.008 -331.778  3844579.6 700141.3 393147.1 57894.8   7317.9 22119.6 11099.5
 -1084 -28.693  -0.079 -28.771  3839970.3 696586.7 387564.6 61532.7   6347.8 22815.8 10078.2
 -1083 1919.616   0.005 1919.621  4821613.5 620883.6 553169.2 80716.1   8468.0 22471.9 14122.2
 -1082 291.636   0.008 291.644  4588656.4 579370.2 438527.8 61928.8   8923.7 18205.4 14231.7
 -1081 -174.045  -0.064 -174.109  3888232.3 722220.2 389246.0 57133.8   6015.9 18772.2  9617.0
 -1080 672.443   0.012 672.454  4463832.8 599067.1 544482.4 65364.9   7533.6 19030.5 13279.2
 -1079 639.933   0.008 639.941  4671936.0 662502.3 591513.3 64654.2   8730.8 17015.5 14911.7
 -1078 859.658   0.003 859.661  5024531.4 574534.1 595492.6 66622.5   9445.3 38989.3 16904.2
 -1077 664.025  -0.003 664.022  5209591.5 518289.2 653945.6 65378.6   9968.4 28422.1 18504.8
 -1076 -1732.283   0.012 -1732.271  3834255.3 642745.8 406290.2 37268.1   6270.8 19324.6 12272.0
 -1075 2311.384  -0.009 2311.375  5494498.7 615568.9 683371.5 88095.4  11002.7 23604.8 17975.4

         Carbon flux (ktC/yr)        Water (dam3/yr)                Nitrogen (MgN/yr)
       ----------------------- -------------------------- --------------------------------
Spinup NEP     estab   NBP     transp     evap    interc  nuptake ndemand  nlosses ninflux
------ ------- ------- ------- ---------- ------- ------- ------- -------- ------- -------
 -1074 -575.193   0.012 -575.181  4254447.6 627077.6 413615.7 50638.3   7351.2 14103.2 12452.7
 -1073 -2380.731  -0.008 -2380.737  3382808.9 701811.9 283728.6 29461.2   5657.4 14861.9 10223.9
 -1072 2947.092   0.003 2947.095  5622732.6 609911.8 599204.9 97209.7   9798.4 18913.6 17291.5
 -1071 -51.294   0.011 -51.283  4391876.1 596184.3 472945.4 51257.2   9468.3 17054.5 14617.0
 -1070 1035.327   0.004 1035.330  5223767.8 648339.3 777562.8 67495.8  11248.6 25680.6 18543.2
 -1069 513.021  -0.006 513.015  5022460.0 519028.7 562056.6 58857.0  11840.6 13182.3 18657.7
 -1068 868.443  -0.028 868.415  5480799.6 549306.1 705354.2 63199.6  13034.9 16088.1 21929.3
 -1067 -619.521  -0.011 -619.532  4828599.7 548502.6 406775.8 54417.0  11896.6 14414.2 18508.3
 -1066 -594.989   0.007 -594.982  4410538.1 549900.6 355375.7 56754.8   8956.5 13302.9 15685.0
 -1065 -662.332   0.002 -662.330  4434959.8 577377.2 350177.2 58399.9  10147.1 13814.1 16516.5
 -1064 777.735  -0.010 777.725  5267822.6 472743.3 529288.9 68450.0  13192.1 17949.7 22195.6
 -1063 -246.934   0.001 -246.933  4877133.3 517939.6 489001.5 62358.8  11954.2 12530.9 19830.2
 -1062 -124.351  -0.001 -124.352  4882713.9 455633.7 389462.1 64362.2  12307.1 13071.1 20368.3
 -1061 -276.251  -0.002 -276.253  4617290.8 521722.9 432299.5 65034.7  12201.9 15467.8 19150.3
 -1060 -556.263   0.001 -556.262  4190283.3 514134.0 315938.4 63101.8  11223.8 13408.1 16637.3
 -1059 171.490  -0.027 171.463  4385006.5 498353.2 425402.7 67868.7  11219.3 16161.9 17642.2
 -1058 -837.371   0.004 -837.367  3739848.4 417473.3 275070.7 59459.4   9759.1 16984.3 14204.5
 -1057 161.437   0.003 161.439  4062125.2 495251.6 408428.4 69464.5   8921.0 14557.9 14334.6
 -1056 -276.051   0.003 -276.048  4062852.4 483250.4 284915.0 65078.7  10480.1 14027.6 14818.7
 -1055 1175.517  -0.004 1175.512  4860874.7 539525.8 548207.6 77700.7  12459.6 21074.1 19612.0
 -1054 248.347  -0.006 248.341  4384767.9 467114.8 477444.9 64973.7  11939.4 13213.5 17467.5
 -1053 -22.651  -0.001 -22.652  4471465.4 450273.1 448732.2 68310.3  12523.3 13019.0 18332.3
 -1052  20.152   0.000  20.152  4460777.6 411827.7 340333.1 69507.3  12467.8 12508.9 17769.2
 -1051 665.637  -0.003 665.634  4439523.9 437278.0 477978.8 75073.0  14239.6 11717.3 18264.7
 -1050 -1304.170   0.010 -1304.161  3342018.8 478560.0 350785.4 57202.8   9690.7 12671.2 11337.8

         Carbon flux (ktC/yr)        Water (dam3/yr)                Nitrogen (MgN/yr)
       ----------------------- -------------------------- --------------------------------
Spinup NEP     estab   NBP     transp     evap    interc  nuptake ndemand  nlosses ninflux
------ ------- ------- ------- ---------- ------- ------- ------- -------- ------- -------
 -1049 1558.966  -0.002 1558.964  4619044.3 509240.5 528049.6 83427.3  14488.2 14342.1 17449.2
 -1048  57.312   0.002  57.315  4037989.0 435442.1 381483.4 70402.9  12019.7 10423.4 13914.3
 -1047 -1000.616   0.004 -1000.612  3554181.3 397659.0 321466.4 61486.7  11593.8 14427.9 12538.1
 -1046 689.634  -0.001 689.633  4080675.3 475675.3 456279.3 79487.0  11980.4 12469.5 13789.3
 -1045 493.361  -0.000 493.360  4157386.4 483626.5 380483.0 74094.7  13419.8 12216.3 14515.7
 -1044 375.162  -0.001 375.161  4151952.0 442266.9 507436.6 71250.2  14003.8 12476.2 14339.3
 -1043 -566.517  -0.000 -566.517  3795018.0 442736.1 414947.5 64612.3  13073.1 11851.9 12511.1
 -1042 1112.860  -0.006 1112.854  4453170.5 421024.9 520633.4 85222.3  17055.1 10377.4 16288.3
 -1041 340.863  -0.004 340.859  4088934.4 468011.8 549584.1 69229.1  14098.8  9007.9 13311.3
 -1040  88.970  -0.001  88.969  4041795.7 400833.9 428681.5 73985.8  14353.8  9849.7 12195.6
 -1039 -728.723  -0.001 -728.723  3660950.3 444264.4 367522.7 69183.2  13829.5  8856.1 11042.8
 -1038 649.255  -0.004 649.251  4066472.7 454185.6 527165.8 79057.7  14746.0 12655.7 12435.3
 -1037 820.255  -0.012 820.244  4480090.7 471014.4 627007.7 77525.3  17857.8 10452.7 16345.9
 -1036 -632.795  -0.001 -632.797  3939863.5 346917.2 321224.1 67670.3  16121.0  8547.1 12282.9
 -1035 134.076   0.002 134.078  3683770.7 476154.5 403817.6 77561.1  12386.5 12014.2  9215.6
 -1034 215.876   0.001 215.877  3778159.4 429139.5 409977.4 76947.9  13690.6 13203.3  9512.4
 -1033 425.474   0.001 425.475  3933777.9 469794.9 424057.2 77795.6  14929.5 10807.3 10350.5
 -1032 430.349   0.000 430.349  4246682.4 415462.5 561737.6 75716.5  16723.3 11455.9 11973.6
 -1031  47.576   0.001  47.576  4256995.4 423463.3 453172.9 77309.5  18934.7  9010.1 12195.6
 -1030 976.953  -0.002 976.951  4525859.0 393549.0 572835.3 83704.0  19917.7  6232.3 14121.1
 -1029 -1423.734   0.001 -1423.732  3601427.1 351235.2 380234.5 56911.3  13761.4 13270.0  9448.3
 -1028 245.514  -0.000 245.514  3772228.6 473518.4 509877.5 78024.7  11475.9 13567.9  9173.8
 -1027 -682.375   0.001 -682.374  3877793.1 340747.9 298489.5 74763.7  16283.0 13599.9 11218.4
 -1026 -432.663   0.003 -432.661  3528041.8 426904.1 400784.6 71855.3  11475.7 15516.3  7480.1
 -1025 1283.236  -0.002 1283.234  4343584.5 404861.2 472804.1 92780.1  15282.0 14095.4 11700.0

         Carbon flux (ktC/yr)        Water (dam3/yr)                Nitrogen (MgN/yr)
       ----------------------- -------------------------- --------------------------------
Spinup NEP     estab   NBP     transp     evap    interc  nuptake ndemand  nlosses ninflux
------ ------- ------- ------- ---------- ------- ------- ------- -------- ------- -------
 -1024 555.905  -0.001 555.905  4230516.7 393683.9 409093.7 77090.6  13840.6 13272.7  9981.4
 -1023 390.921  -0.003 390.918  4357083.5 383995.1 578766.0 78958.3  17077.2 11792.4 12529.6
 -1022 1255.350  -0.008 1255.343  4612552.8 446555.6 733253.6 81627.4  21129.1 11219.0 13557.2
 -1021 -540.344   0.000 -540.344  4070964.5 363830.5 424575.7 66180.2  15618.0  8603.0  9141.4
 -1020 109.597   0.000 109.597  4005388.5 384543.6 557936.6 74236.6  14941.8 12996.4  9354.5
 -1019 725.441  -0.007 725.434  4390942.1 415304.3 645972.0 80942.1  20491.0 13666.5 12908.4
 -1018 -1197.921   0.001 -1197.920  3665015.9 326604.6 377720.3 60061.5  14753.8 11467.7  9170.5
 -1017 697.249  -0.002 697.247  4181574.1 384636.1 500863.9 81192.8  14541.6 11222.6 11029.2
 -1016 1267.463  -0.003 1267.460  4483206.0 415713.1 617945.7 78989.6  19255.7  8290.0 13366.4
 -1015 -374.461   0.001 -374.460  4068004.6 354769.6 485627.7 58972.5  17428.6  6598.4 10312.4
 -1014 1325.270  -0.003 1325.268  4541710.3 394649.4 559286.5 90216.9  18199.3  7786.9 11605.2
 -1013 353.943   0.004 353.947  4163722.0 388957.4 597564.2 68760.6  18017.4  8456.9 10442.4
 -1012 353.915  -0.001 353.914  4401885.7 344294.6 436845.3 83342.7  18426.7  6609.6 10551.3
 -1011 438.938  -0.001 438.937  4379243.6 380437.6 595459.0 78095.5  21286.1  6615.3 11260.1
 -1010 962.699  -0.000 962.699  4494912.5 376979.2 650107.9 78937.2  23118.6  4439.6 11511.6
 -1009 162.097   0.000 162.097  4241379.1 363688.3 599420.4 69635.6  18970.4  4869.4  9731.3
 -1008 676.112  -0.001 676.111  4410021.8 397101.8 618847.6 79816.1  23134.0  5212.4 10903.1
 -1007 -1425.294   0.003 -1425.290  3570220.9 312116.9 409263.9 58334.6  16625.0  9438.5  7882.0
 -1006 -1276.514   0.010 -1275.596  3410357.3 360730.4 372279.6 65204.0   9750.7 15709.6  6097.1
 -1005 1966.828  -0.005 1966.823  4380435.5 411458.2 465750.3 98861.5  16383.2 10995.3 10579.7
 -1004 -35.350   0.002 -35.349  3977979.1 342523.8 435022.4 63102.7  16064.3  9592.4  8569.8
 -1003 -773.990   0.003 -773.986  3574675.4 319562.2 358660.9 72969.4  14004.6 18862.0  7501.8
 -1002 -542.230   0.002 -542.228  3569549.9 318554.0 331435.0 78227.3  14537.4 15265.1  8055.5
 -1001 -1701.888   0.008 -1701.879  3331183.6 373463.9 294242.9 55064.7   9955.8 20409.4  6470.0
 -1000 2212.640  -0.007 2212.632  4280821.8 418742.9 460377.1 102107.8  16945.4 16620.2 12713.2

         Carbon flux (ktC/yr)        Water (dam3/yr)                Nitrogen (MgN/yr)
       ----------------------- -------------------------- --------------------------------
Spinup NEP     estab   NBP     transp     evap    interc  nuptake ndemand  nlosses ninflux
------ ------- ------- ------- ---------- ------- ------- ------- -------- ------- -------
  -999 1840.573  -0.008 1840.565  4438168.9 344473.0 583016.4 69748.4  16415.3 14426.8 10116.8
  -998 -342.927  -0.005 -342.933  4029965.3 337629.2 435972.3 65157.0  16818.4  7422.8  8750.2
  -997 -262.487  -0.001 -262.487  3878441.0 346202.9 369265.4 81772.2  13907.8  8937.7  7582.6
  -996 1645.665  -0.003 1645.661  4432806.3 397609.4 546739.7 96648.8  18849.0  9218.6  9326.0
  -995 810.355  -0.001 810.354  4469704.3 353712.2 592214.1 71534.1  18144.2  8936.7  8069.1
  -994 919.300  -0.000 919.300  4460866.7 380866.8 740949.4 77791.4  22306.0  9283.8  8902.2
  -993 -741.313   0.002 -741.312  4068995.7 335030.4 505849.1 63868.9  18645.3  8208.9  7258.3
  -992 1714.900  -0.001 1714.899  4653352.5 366149.2 649595.3 92721.6  21699.9  9140.0  9617.7
  -991  69.589   0.000  69.589  4360917.1 358537.4 526027.7 69025.7  20050.7  5456.5  7194.1
  -990 436.571  -0.001 436.570  4375246.2 354382.9 685884.3 82380.7  20587.0  7585.1  7917.0
  -989 337.506  -0.000 337.506  4387525.0 349675.3 696612.4 76291.2  22164.8  7434.3  8048.9
  -988 -583.405   0.001 -583.404  4196613.0 331729.6 462131.5 73635.6  19858.5  5907.4  6987.2
  -987 -1482.807   0.011 -1482.093  3673340.9 313641.2 367235.0 72404.8  16138.7  9128.7  5779.7
  -986 -683.443   0.003 -683.439  3879869.7 326962.3 432242.2 67916.7   8899.0 22730.3  4328.6
  -985 1145.141  -0.003 1145.139  4076632.7 383647.3 500930.1 92798.0  14975.7 14010.9  7988.9
  -984 1236.893  -0.002 1236.892  4270577.8 385112.8 576229.2 77139.4  17414.6 18445.5  7738.6
  -983 -265.578   0.002 -265.576  4158785.0 346028.3 476726.0 65718.5  17869.4 11679.9  6529.1
  -982 244.979   0.001 244.980  4046598.0 382201.6 447917.6 82917.6  15096.6 12442.8  5723.3
  -981 1984.965  -0.004 1984.961  4704436.1 429331.4 796585.8 90317.9  23230.0  8937.9  8947.2
  -980 1376.180  -0.005 1376.174  4928196.7 388231.0 694649.5 72878.7  22943.7  4256.2  7512.4
  -979 -157.930  -0.002 -157.932  4474572.5 360332.3 698464.8 61181.3  21108.0  7307.6  6774.8
  -978  -5.044   0.000  -5.043  4410175.4 362762.7 656724.6 75163.7  21328.7  8604.5  7307.3
  -977 721.358  -0.001 721.357  4531849.3 382004.1 758844.9 78485.3  26003.4  5582.2  8749.5
  -976 -877.312   0.002 -877.311  4203930.5 341153.7 522606.8 61363.6  19652.4  6852.0  6332.6
  -975 253.314  -0.001 253.314  4105903.0 380771.6 632782.8 80858.0  16467.8 11226.7  6433.6

         Carbon flux (ktC/yr)        Water (dam3/yr)                Nitrogen (MgN/yr)
       ----------------------- -------------------------- --------------------------------
Spinup NEP     estab   NBP     transp     evap    interc  nuptake ndemand  nlosses ninflux
------ ------- ------- ------- ---------- ------- ------- ------- -------- ------- -------
  -974 247.406  -0.000 247.406  4390546.2 358411.8 629717.3 67761.0  20737.0 11923.6  7675.7
  -973 1455.516  -0.002 1455.514  4814276.1 364495.2 642322.8 90155.4  24624.1  4700.7  8980.0
  -972 1268.705  -0.001 1268.704  5062882.4 344860.0 612721.2 78765.7  24868.9  2983.1  8121.9
  -971 -3401.298   0.008 -3401.290  3694397.2 334358.1 443268.0 26989.4  13675.7 18908.7  4518.7
  -970 -1034.477   0.006 -1034.243  3588276.7 339311.1 324963.7 69155.0   8702.1 27422.5  4455.9
  -969 2664.723  -0.005 2664.718  4671164.4 366911.1 444186.0 108681.5  16503.4 10498.4  9314.6
  -968 -169.958   0.003 -169.955  4218313.1 336161.3 447767.0 56524.4  11840.0 18269.4  4416.6
  -967 659.452   0.001 659.453  4358604.0 387508.2 568763.1 77974.7  15634.0 22090.7  6610.3
  -966 602.927  -0.001 602.926  4465763.1 379927.9 595179.7 76069.0  18633.2 15485.4  6896.6
  -965 -1141.722   0.004 -1141.718  4160108.3 296728.7 356432.0 69449.8  18740.1  9995.1  6041.1
  -964 -1305.236   0.005 -1305.231  3954178.0 324236.8 438240.8 59070.5   9487.2 23511.7  4146.6
  -963 1143.122  -0.005 1143.117  4373682.5 354340.7 472278.0 87273.1  16431.9 21656.7  8275.5
  -962 -495.339   0.004 -495.335  4076962.1 301573.5 307156.5 72361.6  16221.1 12583.6  6492.0
  -961 -3017.236   0.014 -3017.221  3342786.7 346268.0 321981.3 31757.6   8212.2 38291.5  3889.5
  -960 738.347   0.001 738.347  3793528.6 353071.4 265020.2 94743.3   8202.3 23965.0  5357.7
  -959 2441.613  -0.005 2441.608  4509783.9 441095.5 504574.8 92420.8  17512.6 18843.7 10883.7
  -958 2659.387  -0.003 2659.385  4893482.3 420575.6 664905.8 75340.6  19759.7  9230.2  9133.2
  -957 -1284.065   0.003 -1284.063  3866460.7 297471.3 389877.5 51508.6  15879.4 14887.9  5700.4
  -956 428.985  -0.000 428.984  4213181.5 362213.8 407997.8 82118.6  15180.8  8990.7  5881.9
  -955 1493.420  -0.005 1493.415  4651120.9 373711.5 646507.8 78692.2  21300.6  9340.7  7996.2
  -954 -569.294  -0.004 -569.298  4388199.8 343798.0 503993.1 56472.8  17239.9 15198.2  6003.5
  -953 1400.415  -0.002 1400.414  4704235.3 400944.8 702643.5 96309.3  23758.0  8159.3  7978.8
  -952 368.301  -0.000 368.300  4760133.4 346164.1 504764.8 70758.7  20489.6  6242.9  6301.6
  -951 -72.026   0.002 -72.024  4432849.7 341902.6 643098.1 68450.5  16809.7 15936.8  5622.8
  -950 -761.292   0.002 -761.290  4343375.4 332009.7 428275.2 74147.7  18940.4  8537.0  5938.7

         Carbon flux (ktC/yr)        Water (dam3/yr)                Nitrogen (MgN/yr)
       ----------------------- -------------------------- --------------------------------
Spinup NEP     estab   NBP     transp     evap    interc  nuptake ndemand  nlosses ninflux
------ ------- ------- ------- ---------- ------- ------- ------- -------- ------- -------
  -949 -42.706  -0.001 -42.707  4101050.2 370217.5 605666.6 76569.4  15604.5 13473.4  5422.2
  -948 -1979.136   0.004 -1979.131  3865945.3 320641.3 364377.1 42854.3  14431.4 20355.6  5501.2
  -947 -290.760   0.002 -290.757  3807963.8 349540.1 364026.1 79189.7  10875.4 25526.8  5313.1
  -946 2022.283  -0.004 2022.279  4535108.8 426016.9 615131.8 92963.1  22008.9 14072.4 10444.1
  -945 855.128   0.000 855.128  4546148.5 343546.2 556682.3 59340.5  18255.8  7739.0  7317.4
  -944 1513.346  -0.001 1513.345  4971494.9 359318.3 639703.2 87238.4  23342.1  6187.6  8802.1
  -943  31.170  -0.001  31.170  4576408.1 342455.0 623203.4 59252.0  19743.9  6397.3  6779.9
  -942 1546.043  -0.004 1546.040  4939739.5 411041.8 806457.7 90456.8  26203.0  4893.0  8895.7
  -941 1252.104  -0.000 1252.104  5059473.6 368824.6 785961.3 67034.9  24416.7  2652.3  8242.8
  -940 -197.870   0.001 -197.869  4555601.1 344475.0 713203.8 66041.2  23778.8  4359.4  7206.0
  -939 -362.979   0.001 -362.979  4588890.7 342854.8 517365.6 78363.6  26556.7  4504.7  7632.9
  -938  93.864   0.000  93.864  4365306.9 366996.9 629033.4 73237.8  22982.4  5548.5  7985.9
  -937 -880.762   0.001 -880.760  4251662.5 336213.2 520341.3 65416.4  22749.6  6192.0  7491.5
  -936 -13.545   0.000 -13.545  4315873.5 301075.1 455144.1 83907.3  17839.5  6887.0  7164.2
  -935 -621.779   0.001 -621.779  4111189.4 321409.0 435645.0 70179.7  18860.4  9225.1  7533.1
  -934 1090.240  -0.002 1090.238  4573443.3 370903.2 553843.0 88662.2  21876.2  8920.1  9558.0
  -933 -451.412   0.002 -451.410  4255859.5 334169.6 501164.7 59413.7  18706.1 10166.7  7363.7
  -932 405.463  -0.001 405.463  4444511.9 326075.0 424595.5 93306.6  16793.5  9842.8  7323.5
  -931 150.475   0.000 150.475  4402423.1 345524.2 581866.0 69606.6  18992.0 10533.0  7919.5
  -930 -1311.351   0.003 -1311.348  3825727.8 291990.3 385029.8 66617.2  16861.6 16399.4  6761.5
  -929 -2698.289   0.011 -2698.278  3371094.7 336958.3 317089.5 42782.1  10559.3 23165.6  5557.2
  -928 130.788  -0.004 130.783  3718843.6 292184.4 247338.5 90548.8  13173.5 23901.3  8421.2
  -927 1934.258  -0.007 1934.251  4488122.6 350323.8 348101.9 90617.8  19454.0  8359.6 11130.1
  -926 113.282  -0.001 113.281  4152077.1 329581.5 368970.4 63664.2  14199.4 12710.0  6905.7
  -925 -744.775   0.002 -744.773  3801376.6 345232.0 382946.9 71495.0  12986.3 18768.0  6203.7

         Carbon flux (ktC/yr)        Water (dam3/yr)                Nitrogen (MgN/yr)
       ----------------------- -------------------------- --------------------------------
Spinup NEP     estab   NBP     transp     evap    interc  nuptake ndemand  nlosses ninflux
------ ------- ------- ------- ---------- ------- ------- ------- -------- ------- -------
  -924 595.714  -0.002 595.712  4119542.4 338358.0 461468.5 83972.0  15795.6 17612.0  7905.5
  -923 991.919  -0.002 991.916  4372213.6 370134.6 503920.5 76617.0  18615.7 12878.3  8728.1
  -922 -1494.419   0.003 -1494.416  3853882.0 318812.9 330181.4 50000.9  14792.2 15328.4  6304.8
  -921 -301.792  -0.000 -301.792  3844032.6 340861.7 309159.1 79837.1  12525.0 14454.1  6155.7
  -920 -562.911   0.004 -562.907  3694736.7 350646.6 352361.5 72662.2  12663.4 19688.9  5962.0
  -919 1709.042  -0.004 1709.039  4482385.7 371498.8 533526.6 89514.7  21700.2 13737.8 10800.1
  -918 -1275.149   0.004 -1275.145  3874125.9 322404.5 378487.7 49841.8  12561.2 17308.8  5932.8
  -917 439.878   0.000 439.878  4231038.9 334962.8 376805.7 79318.5  15173.5 12629.8  7831.7
  -916 1807.486  -0.004 1807.482  4569583.8 367066.9 574586.0 84228.9  19941.8 11359.1  9638.1
  -915 -977.483  -0.000 -977.484  3863403.0 288375.6 368547.8 55755.8  15024.5 20316.6  6128.1
  -914 618.916  -0.003 618.913  4341420.5 342399.1 502817.1 76840.0  17076.6 11187.6  7902.1
  -913 1246.142  -0.003 1246.139  4517575.5 392611.0 633708.4 79262.3  22967.4  7815.6  9386.7
  -912 489.768  -0.001 489.767  4434032.5 325626.9 574923.2 64495.5  17880.9 10354.8  6829.6
  -911 896.092  -0.001 896.091  4652192.9 323267.8 672730.0 78785.3  21582.4 11099.7  8170.1
  -910 1031.538  -0.001 1031.537  5002557.0 334525.0 531256.2 75825.8  26818.3  3094.1  9108.9
  -909 -1132.219   0.003 -1132.216  4200700.9 319382.9 482554.0 55655.7  18884.4  7498.0  6086.6
  -908 890.772  -0.002 890.770  4713622.1 346804.0 551093.0 86796.8  20389.1  8812.3  8539.5
  -907 1258.323  -0.001 1258.322  4933828.2 331181.8 516483.6 81199.0  24392.3  3941.1  8723.8
  -906 857.450  -0.001 857.450  4658109.3 391107.4 761092.4 71918.7  23809.7  5270.2  7539.1
  -905 -631.504   0.001 -631.503  4552138.0 297481.7 516567.7 63692.0  18800.4  7237.6  5812.3
  -904 1462.177  -0.002 1462.175  4852641.2 348458.2 612764.3 94537.0  23903.3  6049.2  7712.6
  -903 -159.095   0.000 -159.095  4643847.4 337802.3 519359.8 67174.1  20386.3  6035.9  6045.0
  -902 150.814  -0.001 150.813  4455281.5 360544.5 643147.5 74443.8  18927.3 11369.4  6408.3
  -901 159.016  -0.000 159.016  4468513.2 359147.3 637982.4 73375.8  21666.5  9185.1  6934.5
  -900 962.999  -0.001 962.998  4994364.6 332244.1 556848.2 82699.8  29029.9  4187.1  8716.4

         Carbon flux (ktC/yr)        Water (dam3/yr)                Nitrogen (MgN/yr)
       ----------------------- -------------------------- --------------------------------
Spinup NEP     estab   NBP     transp     evap    interc  nuptake ndemand  nlosses ninflux
------ ------- ------- ------- ---------- ------- ------- ------- -------- ------- -------
  -899 1055.518  -0.001 1055.517  5034536.5 332953.3 587318.0 78195.4  25486.1  3205.0  7558.8
  -898 -3359.408   0.008 -3359.400  3716108.2 319744.8 507400.1 30488.7  13459.3 19346.5  4353.4
  -897 2463.764  -0.006 2463.758  4924790.0 343153.3 499180.0 98626.9  18733.6 14920.5  9373.5
  -896 695.534  -0.001 695.533  4460323.3 357039.3 555654.5 60619.6  16615.2 10957.7  6464.9
  -895 1207.420  -0.002 1207.419  4994451.4 346935.5 630900.8 83068.2  24795.2  7577.4  8281.9
  -894 -1692.592   0.005 -1692.587  4051824.9 311273.5 433332.5 52170.7  14587.9 14227.4  4172.9
  -893 -556.719   0.001 -556.718  4182268.1 294484.3 411694.9 68498.9  13758.6 12339.3  5014.5
  -892 -1921.742   0.004 -1921.738  3701846.8 308473.3 295871.5 53038.5  12414.1 15588.7  5827.6
  -891 961.003  -0.002 961.000  4004463.2 352551.9 398492.6 93485.0  12969.7 16660.3  6976.8
  -890 2017.730  -0.005 2017.726  4883806.8 329440.3 394169.4 83473.6  21401.0 15477.4 10357.8
  -889 314.311   0.000 314.311  4317048.5 346142.1 403869.6 68120.4  15564.9 11656.4  5724.0
  -888  24.496  -0.001  24.496  4444592.0 299966.7 426169.8 73776.3  16739.8  9661.3  5902.9
  -887 -2177.254   0.006 -2177.249  3783033.1 313727.7 392849.5 51312.4  12764.0 21083.4  5107.5
  -886 -232.017   0.004 -232.013  3885725.9 317735.1 287885.6 79425.2  11599.2 21473.8  5680.0
  -885 1439.457  -0.005 1439.452  4478796.3 341719.4 457290.1 85472.8  16759.0 14412.7  8624.6
  -884 1989.392  -0.003 1989.389  5007891.8 332321.4 436548.2 79835.6  21667.3 11854.2  9026.4
  -883 -602.569   0.003 -602.566  4225014.3 324417.4 434313.3 58561.0  12470.1 16847.0  4066.4
  -882 1390.253  -0.003 1390.250  4679888.2 390649.7 639175.3 78502.1  20882.1 13487.0  7871.4
  -881 432.147  -0.001 432.147  4512049.9 354258.8 605420.1 62689.1  18120.4 11431.5  6113.0
  -880 1013.077  -0.002 1013.075  4989296.1 373805.0 611949.2 80276.9  23653.8  9720.8  7550.1
  -879 721.019  -0.001 721.018  4786627.7 330447.1 718025.5 68055.9  21665.3  8730.0  6823.5
  -878 -2398.262   0.006 -2398.257  4010770.7 315146.1 386758.1 40174.6  17899.6 11768.1  5241.0
  -877 1220.173  -0.003 1220.170  4461439.6 335367.9 510804.0 87630.1  18001.3 11254.4  8239.8
  -876 1903.254  -0.003 1903.251  4945224.8 345753.8 542322.8 77427.6  22308.2  5767.5  8324.3
  -875 1497.255  -0.001 1497.254  5116153.1 358704.7 725076.6 67318.2  22220.4  5084.1  7574.3

         Carbon flux (ktC/yr)        Water (dam3/yr)                Nitrogen (MgN/yr)
       ----------------------- -------------------------- --------------------------------
Spinup NEP     estab   NBP     transp     evap    interc  nuptake ndemand  nlosses ninflux
------ ------- ------- ------- ---------- ------- ------- ------- -------- ------- -------
  -874 -1041.509   0.002 -1041.507  4475692.4 322204.7 432908.0 58825.8  20284.8  5380.6  5813.7
  -873 1413.583  -0.001 1413.582  4760605.4 406389.0 757972.3 85099.2  23836.0  7051.5  8150.0
  -872 119.696   0.001 119.697  4577898.7 348671.4 649633.8 58641.3  21021.8  5872.0  6243.9
  -871 -896.494   0.002 -896.492  4467928.3 320246.8 427946.8 69469.0  21937.0  6884.1  6159.6
  -870 -1610.037   0.004 -1610.034  3929399.4 331202.4 391794.1 66084.6  16937.5  8370.5  5288.4
  -869 698.056   0.000 698.056  4295171.9 334253.3 588123.4 82893.8  19126.5 11982.3  7507.0
  -868 520.683  -0.001 520.683  4617797.8 297518.0 423546.7 71957.1  20151.9  5161.1  7627.9
  -867 904.144  -0.001 904.143  4610943.9 390779.6 673518.9 74835.5  24739.2  6878.4  8887.4
  -866 1245.079  -0.001 1245.078  5104838.8 328192.5 522331.2 76461.1  25483.3  3269.6  8462.8
  -865 991.960  -0.000 991.959  5094079.1 330441.8 556164.9 76588.1  24827.8  3644.3  7570.7
  -864 475.501  -0.000 475.501  4751342.2 390765.5 788844.7 70338.5  25280.1  4026.0  7200.0
  -863 1159.741  -0.000 1159.741  5044122.5 401105.6 868503.0 77261.3  27289.0  3360.0  8022.0
  -862 317.241   0.001 317.241  4860092.4 325212.8 790405.7 64105.6  24242.0  6814.9  6973.0
  -861 -1678.007   0.003 -1678.004  4381897.1 323477.7 526703.6 57377.9  23534.4  6230.0  6239.5
  -860 -354.338   0.001 -354.337  4433607.3 338507.2 449703.4 78759.0  23836.9  6529.1  7787.2
  -859 -862.235   0.001 -862.234  4188842.4 315985.2 430293.0 64672.9  20958.6  6212.8  7036.0
  -858 546.145  -0.001 546.144  4448771.1 332735.5 554077.4 82005.8  21930.8  7288.1  9037.7
  -857 593.677  -0.001 593.676  4411423.8 343371.6 575848.8 70717.2  20087.1  7375.1  7586.0
  -856 -1922.227   0.005 -1922.222  3938656.8 304198.2 358626.7 46227.0  16811.2 12800.5  5993.0
  -855 -496.264   0.003 -496.260  3891974.6 314841.0 357211.6 70434.5  10899.5 20561.0  5414.6
  -854 -773.846   0.000 -773.845  3764090.1 284453.7 294910.8 69619.3  15107.3 19265.1  7587.6
  -853 -227.248  -0.000 -227.248  3958844.4 317571.1 317604.2 73868.8  16723.1  9249.9  8232.9
  -852 -40.330   0.002 -40.328  3942813.2 322607.9 320295.6 71597.0  11991.5 14617.2  6446.3
  -851 1169.481  -0.004 1169.477  4481837.4 360400.0 514874.1 76351.1  21493.3 10704.9 10971.4
  -850 803.907  -0.002 803.905  4462079.6 333592.9 512937.1 71333.4  19394.9  8105.6  9206.9

         Carbon flux (ktC/yr)        Water (dam3/yr)                Nitrogen (MgN/yr)
       ----------------------- -------------------------- --------------------------------
Spinup NEP     estab   NBP     transp     evap    interc  nuptake ndemand  nlosses ninflux
------ ------- ------- ------- ---------- ------- ------- ------- -------- ------- -------
  -849 -773.281   0.002 -773.278  4201040.0 280651.2 306557.7 68357.9  20053.6  7004.8  7314.4
  -848 746.300  -0.001 746.299  4271273.0 330574.8 587015.2 78426.8  16208.0 15043.9  6901.1
  -847 1093.720  -0.002 1093.718  4965713.6 331820.3 462835.8 77598.3  26840.2  4423.3 10259.8
  -846 182.180  -0.000 182.179  4613022.4 314099.6 418032.8 72470.3  17529.5  6447.2  6448.3
  -845 337.681  -0.001 337.680  4792562.2 343216.3 574627.4 78573.9  23924.2  6276.6  8341.9
  -844  85.429  -0.000  85.428  4642555.8 329863.0 569582.8 71610.0  20425.2  6808.4  6966.3
  -843 1111.367  -0.001 1111.366  5105130.6 329090.3 519606.9 84049.1  28051.0  4933.8  8962.2
  -842 -755.498   0.002 -755.496  4329548.5 338669.1 479495.4 59850.2  16281.6  9305.0  5013.1
  -841 977.789  -0.002 977.787  4843974.9 364199.3 589015.4 82861.3  22212.9  7865.6  7786.2
  -840 1437.135  -0.002 1437.133  5033138.5 346492.1 619364.1 81144.9  23373.2  4163.4  7610.8
  -839 -1345.099   0.002 -1345.097  4376744.7 334419.7 549056.6 47218.6  19272.8 10055.0  5771.0
  -838 -944.778   0.002 -944.776  4224251.0 314123.4 447934.0 67813.7  15118.3 11924.0  5486.9
  -837 1022.896  -0.002 1022.894  4676310.7 364433.6 546882.2 88322.8  20264.4  9697.1  8032.7
  -836 -2484.121   0.008 -2484.113  3807718.6 302218.9 358800.4 34770.6  14792.5 14038.7  5305.1
  -835 438.480  -0.002 438.478  3990795.9 348907.2 446356.6 75983.5  12458.1 19951.6  6403.7
  -834 -294.682  -0.001 -294.683  4230784.7 324854.4 384598.0 67793.3  17901.3 16777.4  7891.2
  -833 -589.244   0.005 -589.239  3926079.0 311706.4 322018.3 73457.1  14920.4 14143.2  6442.2
  -832 -1608.798   0.004 -1608.794  3643381.7 312955.4 329610.7 56560.0  12390.6 18429.2  5684.0
  -831 2228.196  -0.007 2228.190  4787966.9 344926.5 441495.1 93428.9  20489.0 12791.1 11256.1
  -830 909.222  -0.001 909.221  4304186.2 357133.8 487213.6 62185.5  15534.8 10996.4  7041.6
  -829 1528.614  -0.002 1528.612  4846609.8 402731.9 681831.0 77260.3  22613.8  9424.6  9628.1
  -828 407.022   0.001 407.023  4600835.9 338695.6 433361.2 67351.5  20439.2  5168.2  7004.2
  -827 1218.794  -0.001 1218.793  4940789.2 401176.3 756987.2 78888.2  25860.0  4475.0  8812.9
  -826 179.661  -0.000 179.661  4913143.1 342751.3 609728.9 65081.9  24492.9  3382.0  7663.0
  -825 638.407  -0.002 638.405  5016167.4 328002.4 534048.6 80800.2  27949.6  2553.2  8277.7

         Carbon flux (ktC/yr)        Water (dam3/yr)                Nitrogen (MgN/yr)
       ----------------------- -------------------------- --------------------------------
Spinup NEP     estab   NBP     transp     evap    interc  nuptake ndemand  nlosses ninflux
------ ------- ------- ------- ---------- ------- ------- ------- -------- ------- -------
  -824 936.883  -0.001 936.882  5092411.8 348573.2 684408.0 73174.3  25543.3  2282.4  7742.9
  -823 -796.388   0.002 -796.386  4553605.8 319827.0 482332.8 65107.8  17910.0  7636.7  5270.8
  -822 508.905  -0.004 508.901  4681090.0 357590.9 710616.0 75686.0  25903.2  5307.9  7710.4
  -821 -2832.736   0.005 -2832.731  3885048.5 307075.0 381050.5 36238.4  16068.5 13945.9  5010.7
  -820 1452.298  -0.011 1452.287  4728791.1 338794.6 451432.2 94013.2  18288.4 14174.7  8715.7
  -819 -1081.863  -0.006 -1081.869  3913879.8 279903.9 338378.3 53824.2  15558.2 16522.5  6180.8
  -818 -609.455   0.002 -609.453  4029970.3 314460.4 358946.1 73182.1  16242.7  9069.6  6604.2
  -817 1227.413  -0.003 1227.410  4529488.3 355076.5 539772.5 85112.1  23695.4  8794.7  9926.3
  -816 -1609.560   0.003 -1609.557  3936891.5 302775.1 375757.9 46859.2  13332.0 17734.2  5497.8
  -815 -59.329  -0.000 -59.329  4125680.8 314551.1 294910.6 77190.7  13539.9 11667.4  6666.6
  -814 163.048  -0.001 163.047  4171576.0 346167.5 359603.9 80387.3  17809.2 11645.7  7493.1
  -813 1175.307  -0.003 1175.304  4519529.2 323075.7 555372.6 75370.5  18226.5 14713.8  8067.2
  -812 1486.682  -0.002 1486.680  5016979.0 348190.2 576621.1 73793.9  23964.9  6253.8  9108.9
  -811 303.070  -0.000 303.069  4517705.5 354198.3 576350.7 63603.2  19299.8  7680.1  6600.9
  -810 897.293  -0.001 897.291  5097959.8 326033.8 510372.5 83153.9  27151.3  4840.2  8341.6
  -809 277.192  -0.000 277.192  4973508.2 340533.1 614781.5 68876.3  23419.8  4432.2  6978.2
  -808 -1600.938   0.003 -1600.935  4267855.3 312290.2 474506.9 54762.1  19341.1  8963.4  5380.7
  -807 -1179.871   0.002 -1179.869  3891824.2 272803.7 350523.7 71375.0  15966.5 19477.8  5898.7
  -806 -286.968   0.001 -286.967  4060812.0 318056.4 478782.4 71905.2  16164.8 16036.6  6771.6
  -805 1580.597  -0.003 1580.594  4783748.7 396899.7 634245.0 79628.1  26345.1  7788.2 10609.3
  -804 -643.016   0.002 -643.014  4335335.2 275175.2 326250.9 60157.6  18955.4  6132.9  6452.4
  -803 1247.887  -0.003 1247.884  4719289.1 366567.5 542992.7 87089.6  20771.6  8138.0  7489.3
  -802 -207.973   0.001 -207.972  4428357.4 309871.0 445237.9 63994.8  15006.3  9833.0  5190.8
  -801 862.691  -0.001 862.689  4684273.4 349413.9 657029.7 76651.4  22932.4  7694.1  8329.0
  -800 785.237  -0.001 785.236  4681602.5 383784.2 705425.7 70944.0  24028.2  5480.3  8235.0

         Carbon flux (ktC/yr)        Water (dam3/yr)                Nitrogen (MgN/yr)
       ----------------------- -------------------------- --------------------------------
Spinup NEP     estab   NBP     transp     evap    interc  nuptake ndemand  nlosses ninflux
------ ------- ------- ------- ---------- ------- ------- ------- -------- ------- -------
  -799 -1065.760   0.002 -1065.758  4279821.6 304553.4 433190.1 62817.9  16990.1  8509.7  5230.7
  -798 -2805.938   0.007 -2805.931  3602371.2 305171.6 412668.5 38611.6  15279.6  8905.1  5609.4
  -797 1781.096  -0.005 1781.091  4514805.1 375061.7 479659.4 90910.6  19764.3 15911.8 10871.0
  -796 1045.357  -0.002 1045.355  4549815.6 323362.6 515385.7 64069.0  18436.3  7080.2  8677.4
  -795 -321.916   0.001 -321.915  4292891.7 301056.1 359247.9 68200.8  16948.0  8653.4  6359.4
  -794 1089.253  -0.002 1089.250  4678588.7 344378.6 611206.6 76718.3  23322.9  7044.9  8994.3
  -793 -1013.273   0.002 -1013.270  4258675.9 312171.5 438950.1 56967.7  16858.1 10626.4  6109.7
  -792 330.639  -0.000 330.639  4293485.0 339127.8 523526.6 85075.8  18366.9  9468.6  7038.8
  -791 -640.689   0.002 -640.688  4348076.4 308972.2 421309.3 62569.3  18827.9 11304.4  6870.3
  -790 -1984.665   0.006 -1984.659  3805344.1 299563.9 370671.8 56253.6  13535.6 13153.9  5707.9
  -789 1528.726  -0.005 1528.721  4514342.6 316738.1 479225.8 96408.4  17709.7 15146.8  9420.3
  -788 2247.410  -0.004 2247.405  5015045.8 340357.5 486637.7 75473.0  21144.6  5718.3  9681.3
  -787 -1088.819   0.002 -1088.817  4241359.0 315110.8 438633.0 51009.1  15482.0 12181.2  5538.9
  -786 340.385  -0.001 340.384  4562577.7 321929.7 505410.0 76328.3  18972.3 12877.8  7830.6
  -785 -64.999   0.000 -64.999  4545738.5 291658.9 405004.0 70921.8  16907.0  8259.1  6708.3
  -784 770.368  -0.001 770.367  4656064.1 316725.7 589362.1 76251.4  19164.6 14284.6  8410.7
  -783 777.097  -0.002 777.095  4720049.0 378842.4 652610.6 67060.3  25584.7  4313.5  9562.8
  -782 -1472.156   0.003 -1472.152  4022650.0 268614.9 373279.9 51069.8  19253.5  7221.3  6457.8
  -781 -1036.658   0.003 -1036.655  4010125.1 290997.3 380640.5 60969.0  12451.1 10035.8  5639.7
  -780 -344.436  -0.001 -344.436  4194748.5 322356.1 347476.8 70697.7  18052.0  7870.9  8785.8
  -779 874.308  -0.003 874.305  4375372.3 349552.9 443713.3 79066.8  18477.7 10473.1  9445.0
  -778 446.631  -0.001 446.629  4503596.6 321557.2 477193.1 62142.4  20581.5  8328.1  8769.5
  -777 -1574.182   0.004 -1574.178  3916265.8 292683.3 361365.9 54386.2  15785.5  9296.8  6375.4
  -776 -187.229  -0.001 -187.230  4091909.9 307550.7 285271.7 78597.3  16305.7  7209.3  7805.9
  -775 -886.817   0.001 -886.816  3835440.6 320147.0 293280.1 64831.4  13847.9  8526.4  6430.1

         Carbon flux (ktC/yr)        Water (dam3/yr)                Nitrogen (MgN/yr)
       ----------------------- -------------------------- --------------------------------
Spinup NEP     estab   NBP     transp     evap    interc  nuptake ndemand  nlosses ninflux
------ ------- ------- ------- ---------- ------- ------- ------- -------- ------- -------
  -774 -709.883   0.001 -709.882  3725383.8 273192.8 280297.4 71749.2  15150.3 15847.6  7126.8
  -773 1676.351  -0.005 1676.346  4518925.1 335040.0 416595.7 93123.2  22077.4  6645.7 10708.2
  -772 676.026  -0.002 676.024  4568717.6 331651.6 390152.6 64641.2  18468.6  7263.5  7194.4
  -771 1266.600  -0.002 1266.598  4719569.3 373640.5 632739.2 74833.4  22354.8  8229.9  8576.6
  -770 -339.420   0.001 -339.419  4461521.5 300131.7 436324.1 59453.3  15503.8 10847.2  5075.5
  -769 -2283.740   0.006 -2283.735  3800642.7 297106.4 394786.2 44473.8  14265.7 12510.8  5241.8
  -768 2447.479  -0.005 2447.474  4807330.9 327720.9 429294.8 96025.4  19586.2 11460.3  9984.1
  -767 2047.200  -0.003 2047.198  4937139.8 391152.1 682761.1 66848.0  20389.9 11125.5  8691.6
  -766  89.281   0.000  89.281  4638469.5 322963.2 630831.4 56779.0  23219.4  5440.4  7425.4
  -765 796.996  -0.001 796.995  5014326.8 334420.4 590497.3 73947.8  28044.4  3443.5  8876.7
  -764 -370.768   0.001 -370.767  4549863.4 310749.5 590529.3 57384.2  21668.8  6354.7  6537.8
  -763 -1179.855   0.002 -1179.853  4319387.1 303632.3 437558.6 59996.9  23605.7  5884.2  6954.8
  -762 -2557.163   0.007 -2557.156  3640516.3 295919.1 315006.2 45119.3  15555.0 10008.1  5805.2
  -761 -316.035  -0.000 -316.036  3775897.4 266204.1 260189.3 79491.7  15790.7 13843.4  7804.5
  -760 -960.499   0.002 -960.497  3674268.6 318056.6 264111.7 64189.8  13009.0  9201.9  6626.4
  -759 1716.153  -0.006 1716.147  4500463.8 334807.8 371211.6 89166.6  22201.0  6789.0 11659.7
  -758 1835.101  -0.004 1835.097  4833666.6 355117.4 461260.4 68291.0  19973.5  7358.2  8807.6
  -757 1076.955  -0.002 1076.953  4719547.4 312806.5 601596.4 63887.7  19334.2 12213.1  7493.0
  -756 622.312  -0.001 622.310  4729046.7 373964.7 672918.3 66787.4  25765.9  4593.6  8561.5
  -755 -98.383  -0.000 -98.383  4779563.7 297322.0 432091.6 69115.6  21073.7  4645.1  6355.9
  -754 785.990  -0.001 785.989  5048968.8 335085.3 636865.5 74868.1  28802.1  4010.3  8549.4
  -753 -1715.144   0.003 -1715.141  4165487.3 307188.9 411595.0 49168.9  17704.0  6022.1  5026.3
  -752 706.141  -0.002 706.140  4578856.9 314300.6 558630.4 76321.4  19834.1  8112.2  7654.2
  -751 397.407  -0.001 397.406  4777599.1 315377.6 537801.2 65640.9  21567.9  7624.3  7385.0
  -750 -877.922   0.002 -877.921  4382181.1 301769.4 435801.2 58209.3  21515.8  7726.0  6373.4

         Carbon flux (ktC/yr)        Water (dam3/yr)                Nitrogen (MgN/yr)
       ----------------------- -------------------------- --------------------------------
Spinup NEP     estab   NBP     transp     evap    interc  nuptake ndemand  nlosses ninflux
------ ------- ------- ------- ---------- ------- ------- ------- -------- ------- -------
  -749 909.520  -0.002 909.518  4706557.4 334068.5 620819.8 77446.1  26501.4  6012.9  9100.6
  -748 1235.295  -0.002 1235.294  5134081.2 336922.8 619449.6 67122.7  26280.6  3405.7  8876.0
  -747 235.900  -0.000 235.900  4986677.9 330167.6 604366.9 64014.2  25309.0  3514.0  7761.6
  -746  15.618   0.000  15.619  4927943.7 328822.3 605876.3 68639.7  27712.8  3100.1  8041.5
  -745 -1455.559   0.003 -1455.556  4248310.8 301537.1 460476.0 54425.0  22163.8  5605.8  6148.7
  -744 -542.058   0.001 -542.057  4067600.7 320737.7 397150.9 70088.0  17444.4  8794.9  6535.2
  -743 -2168.003   0.005 -2167.997  3694113.0 290716.2 304783.8 43790.9  15455.1  8958.2  6174.6
  -742 -901.229   0.006 -901.223  3603336.6 304737.0 263127.0 68449.9  11170.0 15955.5  5894.9
  -741 416.856  -0.004 416.851  4150652.0 308666.1 266067.0 79358.7  15142.3  9600.6  8688.4
  -740 -788.221   0.002 -788.219  3757042.4 319492.7 315796.3 57587.0  13847.1 14581.3  6711.1
  -739 1431.736  -0.005 1431.731  4527456.4 345388.5 464966.1 86326.3  24017.3 14110.2 11901.8
  -738  43.485   0.002  43.487  4210392.0 302549.9 311362.8 58739.9  15159.6  8235.5  6564.2
  -737 -850.870  -0.000 -850.871  3840125.2 273484.8 315486.0 60771.4  15783.4 13913.8  6459.0
  -736 1435.383  -0.003 1435.380  4608569.8 339172.6 521798.9 81492.6  22272.9  7778.0  9891.4
  -735 -245.591   0.000 -245.591  4399246.5 316839.0 410095.4 51132.0  18912.1  8076.7  7428.8
  -734 386.109  -0.001 386.108  4503119.0 323554.2 398586.1 83863.3  19837.7  6964.4  7225.4
  -733 -2428.772   0.007 -2428.765  3774325.4 291283.0 319960.8 33976.0  14009.5 10849.7  5184.1
  -732 -164.234   0.003 -164.231  3829184.8 297833.9 295616.3 68758.5   9354.5 18838.8  5114.0
  -731 1202.731  -0.005 1202.726  4437833.9 321013.2 394159.5 78903.9  17497.0 16389.8 10697.5
  -730 750.286  -0.002 750.284  4463483.3 318797.1 428216.3 57737.9  19103.0 10655.9  9132.8
  -729 655.631  -0.002 655.629  4362459.4 329706.8 460633.3 70634.2  19097.4  7331.2  7929.0
  -728 -1488.549   0.004 -1488.545  3988929.4 283261.8 355292.7 46503.1  16802.1  9668.3  6156.6
  -727 1369.817  -0.004 1369.813  4642799.0 363612.3 504209.8 77518.6  23329.6 11498.2 10548.2
  -726 538.245  -0.001 538.244  4542518.9 302415.0 469132.2 57830.2  19087.7  9623.5  7497.0
  -725 -1668.275   0.004 -1668.271  3993151.9 283815.8 360982.6 51016.5  17127.1 10006.1  5968.7

         Carbon flux (ktC/yr)        Water (dam3/yr)                Nitrogen (MgN/yr)
       ----------------------- -------------------------- --------------------------------
Spinup NEP     estab   NBP     transp     evap    interc  nuptake ndemand  nlosses ninflux
------ ------- ------- ------- ---------- ------- ------- ------- -------- ------- -------
  -724  54.228  -0.001  54.227  4238537.0 292730.6 317192.3 75045.8  18207.8  8948.7  7785.8
  -723 1351.451  -0.004 1351.447  4679515.2 366244.7 522053.5 74220.1  24501.8  9436.2 10470.4
  -722 1734.632  -0.003 1734.629  5219457.9 311554.1 435658.2 68778.8  23885.8  4548.2  8936.2
  -721 -296.112   0.000 -296.112  4567532.1 302455.9 405829.6 63213.9  16451.8  8043.7  5215.7
  -720  82.236  -0.000  82.235  4520644.5 334255.8 548313.2 68631.9  20216.6  8685.5  6858.1
  -719 -2340.872   0.006 -2340.866  3945255.1 288339.1 397209.0 41104.9  16351.7  8684.7  5206.4
  -718 -1599.364   0.005 -1599.359  3725407.0 291262.5 249880.5 51811.1  11430.7 14104.9  5812.3
  -717 1399.964  -0.004 1399.960  4396653.5 316800.3 341767.8 92931.3  14894.2 11510.3  8766.0
  -716 -1091.450   0.003 -1091.447  3882017.8 288740.0 293020.8 46396.0  13214.7 15297.6  6548.7
  -715 2144.775  -0.006 2144.769  4752070.8 327094.5 381015.8 89789.2  21248.0  8631.9 11105.0
  -714 505.079  -0.001 505.078  4370113.2 326319.1 355010.7 59291.4  16428.3  9279.9  6542.6
  -713 986.829  -0.002 986.828  4794269.7 332870.3 585754.6 68655.6  24142.2  8735.9  8723.2
  -712 821.232  -0.002 821.230  4841651.4 367153.6 639168.4 65105.7  25365.3  5355.8  8595.1
  -711 229.683  -0.000 229.683  4749760.9 312547.3 601669.0 61966.6  23875.0  4727.9  7472.8
  -710 790.222  -0.001 790.221  5272727.9 312442.0 496210.5 73029.5  29814.9  3582.1  8640.8
  -709   1.398  -0.000   1.398  4649139.4 335191.6 593607.5 58610.2  21088.8  6134.5  6587.1
  -708 653.754   0.022 653.777  5236398.5 314428.9 508271.1 75278.0  30797.9  3100.0  8539.4
  -707 582.840  -0.008 582.832  4888580.4 423963.1 578188.4 66773.6  23753.7  3118.6  6825.2
  -706 -365.160   0.002 -365.158  4895163.5 329466.8 587687.9 60211.9  22733.4  4309.2  7209.5
  -705 550.071   0.000 550.071  5242059.7 348547.0 651826.2 68425.0  30719.6  2864.2  9581.8
  -704 762.852  -0.001 762.851  5219272.5 353011.2 752270.4 60483.5  26370.8  1735.1  9192.8
  -703 -699.361   0.003 -699.358  4869501.7 336638.3 503921.3 56399.4  26827.2  2064.6  7554.1
  -702 -1917.337   0.006 -1917.330  3985009.0 277394.2 390672.0 49621.9  21699.2  4855.2  6594.8
  -701 1027.419  -0.001 1027.418  4601231.3 408560.0 632334.7 74000.8  24361.7  2780.2 10197.6
  -700 1163.166  -0.003 1163.163  5093064.2 350447.5 657141.1 54072.9  24984.0  1965.3 10518.4

         Carbon flux (ktC/yr)        Water (dam3/yr)                Nitrogen (MgN/yr)
       ----------------------- -------------------------- --------------------------------
Spinup NEP     estab   NBP     transp     evap    interc  nuptake ndemand  nlosses ninflux
------ ------- ------- ------- ---------- ------- ------- ------- -------- ------- -------
  -699 466.651  -0.003 466.648  5083373.9 346388.9 631964.4 55720.5  27165.8  1669.6  9998.6
  -698 -457.293  -0.002 -457.295  4458482.7 357837.9 581304.2 56138.3  23604.7  3065.4  8332.3
  -697 -391.734  -0.000 -391.734  4651965.8 333559.5 537968.8 62802.6  26318.4  2361.7  9276.8
  -696 -89.728   0.001 -89.727  4557745.6 384853.1 654082.2 58254.8  30527.2  2084.1 10809.6
  -695 -335.270   0.003 -335.268  4475766.2 327727.9 542321.1 54217.9  24640.8  2357.2  9039.7
  -694  78.546   0.001  78.546  4698606.1 368073.5 532752.6 62789.0  29100.2  1959.3 10818.9
  -693 -1477.997   0.006 -1477.990  4143551.6 283726.8 306141.2 58503.6  22325.6  3527.9  7847.4
  -692 894.124  -0.002 894.123  4632067.6 372635.0 567829.6 75576.4  23698.6  4834.3 10198.5
  -691 1296.599  -0.001 1296.598  4976392.0 345850.3 540815.9 73319.4  23350.7  2318.6  9929.2
  -690 -310.995   0.002 -310.992  4540748.8 334464.5 576624.9 55652.1  19297.4  9228.2  7028.4
  -689 -249.284   0.001 -249.284  4827814.7 319751.0 419806.6 76029.1  21954.4  4919.2  8114.7
  -688 -1923.150   0.004 -1923.145  3932770.2 288992.9 372365.1 52946.6  18559.1  8880.8  6598.5
  -687 988.086  -0.003 988.083  4692226.5 393933.8 580376.8 82336.3  21952.6  5228.3 10215.3
  -686 -2355.057   0.006 -2355.051  3983881.2 314766.9 326860.3 35750.0  14526.5 13256.0  6061.6
  -685 -1197.040   0.007 -1197.032  3671922.4 299324.1 233248.1 66979.8  10756.1 13995.8  5955.5
  -684 -128.038  -0.001 -128.039  3962995.0 340066.2 266127.0 79216.8   9874.9 15143.6  6043.1
  -683 -210.513  -0.000 -210.513  3919261.1 375375.1 391875.1 71305.8  16250.4 10396.1  8383.7
  -682 -263.429  -0.000 -263.429  4285980.5 334917.1 345274.5 63935.1  19290.6 12589.0  9060.1
  -681 714.867  -0.001 714.866  4270703.0 368113.0 441494.8 79003.3  16799.9  9589.3  7873.8
  -680 -491.138   0.001 -491.137  4317708.3 331353.5 375539.5 58999.7  17863.3 12148.0  7257.7
  -679 1564.293  -0.006 1564.287  4973881.3 370440.4 576497.9 82570.7  23739.9  7039.1 10125.7
  -678 534.430  -0.003 534.427  4966367.3 315286.5 403096.1 63358.4  18885.3  4622.9  6952.7
  -677 -120.975   0.000 -120.975  4656707.2 345899.3 549106.1 66105.8  19392.1  6387.2  6681.2
  -676 -1025.472   0.003 -1025.470  4400238.1 328208.7 426480.3 59719.3  20506.1  7488.1  6327.6
  -675 1002.447  -0.003 1002.444  4743431.6 366565.6 608392.7 80804.9  25035.7  5983.8  9050.6

         Carbon flux (ktC/yr)        Water (dam3/yr)                Nitrogen (MgN/yr)
       ----------------------- -------------------------- --------------------------------
Spinup NEP     estab   NBP     transp     evap    interc  nuptake ndemand  nlosses ninflux
------ ------- ------- ------- ---------- ------- ------- ------- -------- ------- -------
  -674 226.149  -0.001 226.148  4544408.6 361035.2 568839.8 58430.1  18526.8  6503.5  6521.9
  -673 -942.611   0.000 -942.611  4424273.3 327254.9 433173.1 58580.7  20527.1  9166.8  6338.7
  -672 -1387.984   0.001 -1387.983  3973936.3 339218.6 348586.1 63359.8  15290.5  7556.1  5884.0
  -671 -56.383   0.001 -56.381  4189485.9 360070.2 368651.9 79429.4  18939.8  6777.0  7395.0
  -670 544.171  -0.004 544.167  4590952.6 345070.4 472867.9 70311.0  19580.3  5965.4  8201.0
  -669 -434.105  -0.005 -434.110  4383437.5 338364.0 425794.9 58794.8  19855.2  8842.2  7478.9
  -668 -1223.034   0.006 -1223.028  3877031.1 297973.2 291118.5 70825.2  16461.6  7655.7  6186.7
  -667 -225.171   0.003 -225.168  3919972.5 378784.9 470238.3 66586.8  12100.4 13435.3  5450.2
  -666 592.604   0.000 592.604  4391050.2 334142.3 448326.7 73120.7  18812.4 12530.4  8903.3
  -665 815.321  -0.001 815.320  4777944.7 352027.8 491728.6 69187.1  23132.1  6477.5  9966.6
  -664 -344.740   0.002 -344.738  4213527.9 323559.6 396742.4 59900.5  14367.3  7319.4  5687.6
  -663 1150.229  -0.003 1150.226  4858803.9 372072.9 604256.9 72629.3  23840.1  5209.1 10148.2
  -662 185.913  -0.001 185.912  4574984.9 329080.5 546312.1 55534.6  20533.7  6032.1  7750.5
  -661 1014.443  -0.002 1014.441  4988373.0 405720.1 721368.1 72389.4  28131.0  3320.9 10174.8
  -660 -1084.611   0.003 -1084.607  4418219.4 321663.7 455239.6 48934.7  21007.0  4267.9  6860.0
  -659 -29.208  -0.001 -29.208  4514715.8 351500.1 411714.0 70694.4  20576.4  5245.9  7717.1
  -658 227.164  -0.001 227.163  4634654.9 344932.6 511665.6 71196.0  20825.5  4917.4  8369.6
  -657 332.088  -0.001 332.088  4872118.3 351305.3 536902.1 68946.8  25473.2  4873.9  9516.0
  -656 398.069  -0.001 398.069  4626472.4 326352.7 635455.8 66427.1  20740.4  6422.8  8183.0
  -655 -779.040   0.001 -779.039  4416204.3 317059.6 384830.2 64403.9  20800.7  5640.0  6937.4
  -654 -843.164   0.002 -843.163  4270917.1 312415.1 418744.8 61209.2  16673.8  7121.0  6011.0
  -653 382.388  -0.001 382.387  4446857.3 366211.4 495185.3 74959.8  19517.4  8826.9  8841.8
  -652 395.758  -0.001 395.757  4539759.4 363452.0 515550.4 66293.4  20742.4  7366.5  8721.2
  -651 -1190.834   0.004 -1190.830  4229151.6 285882.6 306469.6 63302.9  20657.3  5353.2  7265.6
  -650 1511.699  -0.004 1511.696  4655532.4 420210.1 645818.0 83537.3  21625.0  7100.1  9098.5

         Carbon flux (ktC/yr)        Water (dam3/yr)                Nitrogen (MgN/yr)
       ----------------------- -------------------------- --------------------------------
Spinup NEP     estab   NBP     transp     evap    interc  nuptake ndemand  nlosses ninflux
------ ------- ------- ------- ---------- ------- ------- ------- -------- ------- -------
  -649 1377.463  -0.001 1377.462  5239444.8 328850.2 488854.6 68624.4  25467.6  3126.9  9470.0
  -648 333.770   0.000 333.770  4720436.4 332566.8 683794.8 63240.6  18865.5  9720.0  7041.9
  -647  76.851   0.001  76.852  4757406.0 394249.0 706350.3 67942.3  28193.8  3294.8  8906.8
  -646 -337.400   0.001 -337.398  4614145.6 326511.2 586595.4 62518.7  22359.6  5119.8  7327.7
  -645 -224.604   0.001 -224.603  4621626.6 338002.1 599640.0 66632.0  26192.2  3987.2  8955.6
  -644 -314.160   0.002 -314.158  4583702.5 333690.2 549836.6 60397.6  24492.2  4060.6  8481.7
  -643 -1144.815   0.002 -1144.813  4330910.9 334745.8 440066.5 63695.5  23720.7  3669.4  8400.1
  -642 -843.887   0.002 -843.885  4264853.5 335576.8 408537.9 71661.9  22893.2  3887.6  8618.4
  -641  -5.141  -0.001  -5.142  4388742.8 351062.5 385119.1 78636.0  24513.3  4216.2  9234.2
  -640 887.686  -0.001 887.685  4593200.5 333312.3 582876.0 70856.7  20050.5  7708.9  8988.3
  -639 1349.608  -0.002 1349.606  4998224.5 406598.9 699468.0 70860.8  26237.5  3801.0 10797.9
  -638 -1593.244   0.004 -1593.240  4014149.7 281073.5 379852.2 47229.4  19128.5  6204.2  6650.1
  -637 -1142.733   0.004 -1142.729  3992590.8 308783.0 377866.1 56805.0  11843.1  9651.5  5788.7
  -636 345.777  -0.002 345.775  4177002.3 357573.2 423311.6 76666.4  16805.5  9767.7  9116.9
  -635 1240.523  -0.003 1240.520  4800978.3 404903.8 593709.8 70859.2  22843.7  9559.1 11574.5
  -634 -1005.224   0.003 -1005.222  4263658.6 279900.4 293931.8 56269.9  20784.1  4038.3  8025.7
  -633 317.607  -0.001 317.606  4402640.5 341095.6 466003.5 74943.7  16580.1  7816.0  7549.3
  -632 374.496  -0.001 374.495  4728664.9 337672.8 483685.6 74693.8  21246.5  7093.4  9127.7
  -631 318.069  -0.000 318.069  4597555.7 316887.9 398377.7 72398.0  17680.5  7215.7  6944.7
  -630 -96.627   0.001 -96.626  4475236.6 333879.0 532124.7 68093.9  18507.9  9556.0  6951.3
  -629 253.780  -0.000 253.780  4693970.3 337962.9 571199.4 73912.2  23023.4  6856.5  8609.4
  -628 -1305.712   0.006 -1305.706  4288196.1 286148.8 321335.4 63973.5  20185.3  6029.2  6631.2
  -627 1591.936  -0.004 1591.933  4842923.6 358758.6 510291.7 91679.7  19461.5  6206.5  8174.3
  -626 -429.091   0.001 -429.090  4600148.5 330050.0 414190.0 64170.8  14559.5  8265.1  5771.0
  -625 831.477  -0.001 831.477  4911068.5 336955.7 480611.7 85981.8  24107.7  5074.2  8532.9

         Carbon flux (ktC/yr)        Water (dam3/yr)                Nitrogen (MgN/yr)
       ----------------------- -------------------------- --------------------------------
Spinup NEP     estab   NBP     transp     evap    interc  nuptake ndemand  nlosses ninflux
------ ------- ------- ------- ---------- ------- ------- ------- -------- ------- -------
  -624 -917.819   0.003 -917.816  4320569.2 341393.3 572140.4 52491.8  15173.3 12423.2  5434.0
  -623 988.332  -0.001 988.330  4819134.6 358953.4 623335.0 80068.1  22304.3  8634.9  8903.6
  -622  29.078   0.001  29.078  4731119.6 338612.1 560874.7 59356.1  19734.3  7205.7  7520.4
  -621 -698.156   0.002 -698.154  4565251.0 304925.4 439136.3 68942.0  18097.3  7206.9  6568.9
  -620 1179.067  -0.002 1179.065  5097588.4 349091.9 576675.3 83165.4  25239.5  6450.1  9947.4
  -619 -1098.122   0.002 -1098.120  4414736.3 334220.0 469821.9 49212.6  18978.0  6489.3  6729.3
  -618 -1115.716   0.003 -1115.712  4073663.2 333012.5 406199.5 71385.2  14280.3 10909.0  5844.7
  -617 -895.593   0.001 -895.591  4056029.9 334653.0 321798.3 72736.8  15399.2  7227.0  6736.8
  -616 1584.469  -0.002 1584.468  4858347.6 356243.4 513433.2 88996.5  24296.9  6805.3 10266.1
  -615 515.322  -0.000 515.321  4648289.9 338608.0 555442.5 64036.5  18986.2  6213.7  8228.7
  -614  29.173  -0.000  29.173  4634619.4 333005.7 539223.3 64623.3  21513.0  6986.9  8046.6
  -613 -395.676   0.001 -395.675  4563863.5 299552.0 421868.5 71539.7  19364.0  5401.7  7175.5
  -612 -493.620   0.001 -493.619  4461836.4 300078.3 407214.2 70519.4  18052.1  6237.3  7099.2
  -611  35.796  -0.001  35.795  4534038.8 336170.7 492342.1 73503.7  20308.5  9767.3  8738.8
  -610 1066.522  -0.002 1066.520  5024741.9 347115.9 561652.7 74415.9  26212.3  5240.8 10708.6
  -609 839.224  -0.001 839.223  4955680.2 364608.6 560770.4 69221.7  23023.1  3037.7  8695.4
  -608 1110.940  -0.001 1110.939  5067840.6 399150.3 755363.9 74294.3  26158.6  3326.7  9469.5
  -607 -2628.832   0.007 -2628.826  4079379.5 309885.1 445467.4 36640.0  17965.4  7555.4  5681.6
  -606 -113.602  -0.001 -113.603  4352712.1 324755.0 361696.2 70383.3  15209.1  9404.3  7672.9
  -605 -677.198   0.001 -677.198  4085737.7 324678.0 302442.2 73079.5  14427.8  7913.0  6877.8
  -604 1563.367  -0.003 1563.363  4776497.7 366067.2 530987.9 86609.4  22156.5  8929.1 10388.5
  -603 710.653  -0.001 710.652  4639133.7 337732.8 518330.8 61263.9  18637.2  8885.4  7808.3
  -602 443.608  -0.001 443.608  4934118.2 337578.2 536222.4 74162.1  23521.9  8762.0  8790.7
  -601 589.833  -0.001 589.833  4815112.1 342912.0 647353.3 70271.2  25421.8  2809.6  8528.7
  -600 899.635  -0.001 899.634  5082564.6 359304.7 584545.8 76799.0  24119.7  4404.1  8073.6

         Carbon flux (ktC/yr)        Water (dam3/yr)                Nitrogen (MgN/yr)
       ----------------------- -------------------------- --------------------------------
Spinup NEP     estab   NBP     transp     evap    interc  nuptake ndemand  nlosses ninflux
------ ------- ------- ------- ---------- ------- ------- ------- -------- ------- -------
  -599 455.350  -0.000 455.349  4910360.1 344665.1 704308.8 63739.8  25409.5  3635.1  7779.7
  -598 -516.056   0.001 -516.055  4727494.9 329425.2 483269.2 73315.6  22618.6  5533.4  6794.1
  -597 -224.596   0.002 -224.594  4417417.9 338134.6 604500.6 73207.2  19464.5  6314.6  6390.2
  -596 -1467.837   0.004 -1467.833  4304073.5 281392.9 334671.7 67693.3  21670.9  7165.1  6697.7
  -595 -1571.562   0.004 -1571.558  4038842.9 318878.8 393529.3 56600.8  13336.6 11803.7  5374.0
  -594 -580.075   0.003 -580.072  4149712.6 306052.0 334065.9 72296.3  10871.4 14025.6  5913.2
  -593 -1635.331   0.004 -1635.327  3714128.6 317554.0 281588.0 58226.7  11006.0 14045.9  6697.9
  -592 -255.403  -0.001 -255.403  3798264.5 286639.9 231984.3 80975.7  13827.9 24910.3  8336.3
  -591 1159.866  -0.003 1159.863  4403678.2 342791.6 395179.0 83385.2  17795.2 10271.9 10747.5
  -590 -600.987   0.002 -600.985  3888594.8 286304.5 285724.1 56778.4  15542.5 15296.2  7537.7
  -589 -433.707   0.002 -433.705  3793980.4 354412.5 318289.3 74667.4  13549.5 11440.3  6504.9
  -588 508.466  -0.001 508.465  4364458.0 349030.3 332060.6 77865.0  21532.0  6973.1  9087.7
  -587 254.128   0.001 254.129  4241929.8 319857.1 347149.1 64700.2  13377.3  9577.6  5687.0
  -586 597.559  -0.002 597.556  4542921.7 345381.2 464787.0 77496.5  18725.5  7777.1  8035.8
  -585 745.143  -0.001 745.141  4769036.3 341975.1 497574.0 71494.9  19886.7  8406.8  8106.0
  -584 1729.682  -0.003 1729.679  5103816.4 350629.0 544913.6 80349.1  23285.9  4474.0  8932.4
  -583 -186.773   0.002 -186.772  4741587.2 329967.1 432608.5 62164.1  16654.4  6555.2  5586.2
  -582 514.994  -0.002 514.992  4817381.2 363200.9 682827.1 75714.4  25429.5  4525.3  8028.8
  -581 -536.143   0.002 -536.141  4485512.1 357548.5 450110.4 63707.2  18713.8  7475.5  5933.4
  -580 -1197.472   0.002 -1197.471  4307279.7 334901.3 469588.7 57547.9  20517.6  5904.9  6916.8
  -579 1543.186  -0.003 1543.184  4983718.8 366162.2 623148.7 86802.8  24342.9  5985.3  9576.9
  -578 1631.995  -0.001 1631.994  5151731.6 401178.0 762492.8 66947.6  24410.1  3858.5  9225.2
  -577 -84.734   0.001 -84.733  4661802.3 351903.2 638969.0 57046.9  22129.5  4259.1  7124.0
  -576 -1035.095   0.003 -1035.092  4424192.6 316007.2 424797.2 67504.5  21939.8  6948.4  6439.9
  -575 -184.800   0.001 -184.799  4574284.1 338649.5 550298.0 72627.5  22250.5  4712.0  7817.4

         Carbon flux (ktC/yr)        Water (dam3/yr)                Nitrogen (MgN/yr)
       ----------------------- -------------------------- --------------------------------
Spinup NEP     estab   NBP     transp     evap    interc  nuptake ndemand  nlosses ninflux
------ ------- ------- ------- ---------- ------- ------- ------- -------- ------- -------
  -574 584.961  -0.000 584.961  4771766.7 324087.2 645101.7 73253.8  24961.7  5790.0  9249.3
  -573 -1062.486   0.004 -1062.482  4371929.3 319124.7 439125.6 56261.2  22405.3  4414.3  7253.4
  -572 -2790.131   0.009 -2790.122  3631406.4 325552.3 320393.1 41341.7  13768.2 12228.5  5737.2
  -571 2221.561  -0.004 2221.558  4702347.7 348192.1 387695.1 102246.9  18128.6  7114.3 10423.7
  -570 474.644   0.001 474.645  4524036.7 356570.4 381380.4 60529.4  17250.3  7110.2  7608.7
  -569 -1124.064   0.004 -1124.060  4079934.2 339605.5 340863.5 62065.3  15222.9  7187.6  6342.1
  -568 -1803.428   0.011 -1803.417  3594085.2 337707.7 314214.9 57826.1  11059.5 17001.3  4962.6
  -567 149.264  -0.000 149.264  3973147.9 359759.8 299268.2 79900.0  13768.1 11223.4  6848.6
  -566 -196.901   0.003 -196.898  4038671.6 337673.4 315251.3 68585.7  12961.6 11298.7  7061.4
  -565 196.995   0.001 196.996  4139280.6 384596.1 423552.1 71633.9  16004.5 10838.5  8971.1
  -564 858.482  -0.001 858.481  4654970.1 350331.4 439013.6 75168.8  18442.0 11850.9  9824.9
  -563 -220.697   0.001 -220.696  4290224.7 328266.7 328395.9 67244.4  16860.2  7983.0  7886.3
  -562 1076.998  -0.002 1076.996  4747294.7 393977.8 489814.0 80599.4  20570.8  5850.3  8901.9
  -561 1212.855  -0.001 1212.854  5022078.2 339538.4 468744.4 72057.4  23614.2  4858.4  8876.5
  -560 -39.080  -0.001 -39.081  4606843.3 347977.5 594473.1 62499.3  19781.3  6218.8  7240.8
  -559  44.771  -0.004  44.768  4644527.6 341686.2 594127.5 71307.4  23126.4  6661.0  7851.7
  -558 -1180.294   0.001 -1180.294  4352177.7 324455.1 448744.1 58573.2  20059.5  6779.2  6357.0
  -557 -46.730   0.002 -46.728  4305263.0 355894.7 390698.7 76532.1  18290.9  7004.5  6658.2
  -556 -2571.714   0.009 -2571.705  3747876.1 319605.1 320771.9 36301.0  14370.8  8784.1  5552.8
  -555 2575.461  -0.004 2575.456  4698287.0 417666.1 514234.1 101219.9  16594.4 13151.5  9124.9
  -554 943.073  -0.003 943.070  4718142.8 338888.7 521524.2 59470.9  19246.9  6656.8  8095.1
  -553 -732.082  -0.002 -732.084  4479844.0 332960.7 432828.0 56602.5  20298.5  6963.3  7155.0
  -552 -947.393   0.002 -947.391  4101771.0 333406.5 385640.4 72844.8  16719.8  8537.9  6225.5
  -551 1049.577  -0.007 1049.570  4580969.0 336092.9 542508.2 84985.6  20700.7  7926.4  8608.0
  -550 641.493  -0.011 641.481  4953111.0 316902.6 379451.3 70925.4  19640.1  5019.5  7607.1

         Carbon flux (ktC/yr)        Water (dam3/yr)                Nitrogen (MgN/yr)
       ----------------------- -------------------------- --------------------------------
Spinup NEP     estab   NBP     transp     evap    interc  nuptake ndemand  nlosses ninflux
------ ------- ------- ------- ---------- ------- ------- ------- -------- ------- -------
  -549 -2195.328   0.013 -2195.315  3819682.9 298630.5 313787.6 51749.3  15535.2  8866.5  5268.6
  -548 2187.711  -0.005 2187.706  4942304.0 367271.7 499804.4 93465.3  19703.8 11034.8  8523.0
  -547 -1036.666   0.003 -1036.663  4267605.5 331798.3 403102.2 46875.3  15779.4  9100.1  5851.6
  -546 1376.021  -0.002 1376.020  4850391.2 381347.9 493735.2 89515.0  19259.0  8690.2  7882.1
  -545 1517.711  -0.002 1517.709  5243201.7 353277.3 597021.0 72217.1  22919.3  6266.0  8337.6
  -544 -1225.068   0.004 -1225.063  4251648.4 363125.6 444983.6 52031.9  15869.9 11204.3  4820.0
  -543 1320.849  -0.003 1320.847  5085006.6 350858.4 584452.9 78197.5  22617.4  7844.9  8874.7
  -542 142.968  -0.003 142.965  4988415.3 350492.9 576604.0 65095.5  23129.4  4332.4  7868.5
  -541 -135.593   0.001 -135.591  4669484.5 337479.5 608839.6 67873.5  24324.9  3580.5  7709.8
  -540 -360.296   0.001 -360.295  4746061.3 336533.1 456090.4 71289.2  26178.0  3817.3  7505.9
  -539 -849.870   0.001 -849.869  4435645.8 305128.1 441638.1 62405.3  19675.5  4804.9  6252.7
  -538 1076.227  -0.002 1076.225  4983310.1 329011.5 451521.0 85158.3  26727.9  4023.8  9702.1
  -537  58.410  -0.000  58.410  4689431.9 335647.6 551967.5 56404.4  19245.6  6668.6  7095.7
  -536 -1037.164   0.002 -1037.162  4373893.4 337836.4 458207.3 64465.9  20231.2  6065.2  7029.8
  -535 -2303.865   0.007 -2303.859  3759433.9 323315.9 371209.3 51485.3  13163.2 10221.8  5595.0
  -534 -1428.730   0.006 -1428.724  3724494.5 318374.6 284300.8 63544.3  11045.8 12720.3  6516.7
  -533 -430.207   0.004 -430.203  3780285.1 296907.7 196824.7 84469.0  14858.5  9240.1  8339.9
  -532 2316.272  -0.006 2316.266  4762182.1 368158.5 415233.4 84502.6  19906.5 13013.5 10441.4
  -531 1992.072  -0.002 1992.070  4976020.7 365076.8 510849.0 68448.5  19968.9  6750.9  9610.8
  -530 -866.400   0.003 -866.397  4242103.1 337947.3 400165.8 51835.2  17740.7  6560.4  6456.6
  -529 505.231  -0.003 505.228  4514641.7 349692.1 521134.8 77138.9  20370.9  7539.1  8473.1
  -528 347.224  -0.002 347.221  4480351.5 360101.4 531458.0 65078.7  20349.8  7384.6  7396.2
  -527 -1993.234   0.004 -1993.230  3996230.2 325960.9 391587.1 45739.9  16885.5 10604.0  5838.2
  -526 -364.638  -0.001 -364.638  4121991.7 332338.1 288074.7 72910.9  14552.4  7616.3  7136.1
  -525 145.187   0.000 145.187  4213555.7 335353.4 312964.9 79799.8  14789.5  7373.4  7074.4

         Carbon flux (ktC/yr)        Water (dam3/yr)                Nitrogen (MgN/yr)
       ----------------------- -------------------------- --------------------------------
Spinup NEP     estab   NBP     transp     evap    interc  nuptake ndemand  nlosses ninflux
------ ------- ------- ------- ---------- ------- ------- ------- -------- ------- -------
  -524 -118.176   0.001 -118.175  4228497.6 358883.7 359683.6 69454.7  19323.1  6707.6  7728.0
  -523 -474.823   0.003 -474.821  4094166.4 324709.5 356733.4 63643.6  12749.6  9412.3  5375.2
  -522 551.850  -0.001 551.848  4502461.1 344137.6 441136.2 74919.2  18049.3  8089.4  8519.0
  -521 420.198  -0.002 420.196  4563997.2 338760.8 478079.2 63897.2  18914.7 14148.9  8315.8
  -520 -1094.389   0.000 -1094.389  3978605.3 281196.3 331374.9 59463.0  17386.6 11411.9  6798.7
  -519 1109.092  -0.003 1109.089  4635205.3 357311.2 538233.9 80983.8  24139.9  5690.5  9946.5
  -518 -775.846   0.002 -775.844  4277936.5 320582.7 393693.9 54378.2  17310.1  8503.3  6639.8
  -517 -492.399   0.001 -492.398  4300787.9 327566.1 395126.0 72340.4  19377.5  7506.3  7699.2
  -516 1149.027  -0.002 1149.025  4629693.6 328825.5 543485.5 81927.5  18890.1 10973.4  8367.0
  -515 -450.685   0.000 -450.685  4513954.4 318119.1 342767.3 60782.8  18806.3  6050.0  7443.3
  -514 1583.117  -0.003 1583.114  4933249.7 342654.7 500032.0 89206.5  22153.8  4500.3  9329.1
  -513 -471.504   0.002 -471.502  4437080.4 342471.7 422885.1 58308.0  16506.2  7662.9  5837.8
  -512 -821.821   0.003 -821.818  4395194.2 299018.3 414071.0 62654.1  16533.9  7675.2  6300.4
  -511 -1153.898   0.003 -1153.895  4042885.8 319235.3 374300.9 68469.4  16796.7  8467.3  7052.5
  -510 1031.248  -0.002 1031.246  4562093.0 323233.7 518793.8 84654.1  19164.9 10357.2  9177.1
  -509 963.897  -0.002 963.895  4731871.0 380705.5 590943.1 64642.6  24812.7  5068.7 10308.5
  -508 -1203.944   0.002 -1203.942  4250513.4 276369.8 312981.2 57766.8  19099.7  5133.7  6895.5
  -507 -1874.086   0.008 -1874.077  3757725.4 314756.4 377678.6 52503.8   6587.9 18580.6  3526.7
  -506 1356.958  -0.005 1356.953  4613434.9 354705.4 451649.3 79890.3  21459.3 11504.8 12311.4
  -505 649.350  -0.002 649.348  4466918.1 317432.8 431196.8 61650.2  17501.3 10422.7  8798.3
  -504 393.199  -0.004 393.195  4769444.1 335926.8 470016.6 70466.3  23876.9  6375.7 10782.9
  -503 1207.020  -0.005 1207.016  4916256.2 334971.9 490226.4 76111.4  24441.4  2581.0 10256.5
  -502 1315.813  -0.002 1315.811  5097698.5 348256.5 635842.0 64492.9  22964.2  4060.7  9336.2
  -501 -178.281   0.001 -178.281  4671309.8 311878.8 565946.0 57582.1  21565.2  6426.8  7551.0
  -500 -388.694   0.001 -388.693  4632141.9 318819.8 550632.4 63374.4  23976.3  6246.7  8259.0

         Carbon flux (ktC/yr)        Water (dam3/yr)                Nitrogen (MgN/yr)
       ----------------------- -------------------------- --------------------------------
Spinup NEP     estab   NBP     transp     evap    interc  nuptake ndemand  nlosses ninflux
------ ------- ------- ------- ---------- ------- ------- ------- -------- ------- -------
  -499 -469.179   0.001 -469.176  4351704.3 303993.6 403665.3 69184.9  19479.6  5963.0  6717.6
  -498 -1285.641   0.003 -1285.638  4020027.6 306842.6 354519.8 62899.4  16613.2  8762.9  5882.3
  -497 1515.410  -0.002 1515.408  4781398.7 393541.9 632181.4 84922.0  24726.8  5454.3  9977.2
  -496 633.351  -0.001 633.351  4680443.4 334985.2 558877.5 59759.5  19793.4  6653.2  7197.5
  -495 -1578.547   0.004 -1578.543  4065209.8 268864.8 375927.6 53898.1  19796.6 11449.7  6464.7
  -494 987.847  -0.002 987.845  4773648.0 356024.8 490248.3 86420.9  21219.4  5062.4  8761.8
  -493  14.168   0.000  14.168  4552815.0 315708.5 520234.5 59299.6  18512.5  9957.3  6916.6
  -492 -1290.505   0.003 -1290.502  4230229.8 275881.1 307975.8 68068.6  20634.3  6633.5  6792.6
  -491 1591.049  -0.003 1591.046  5018394.9 338493.1 545112.5 89475.0  24352.5  7312.7  9104.0
  -490 290.415  -0.000 290.415  4816121.4 323410.3 550901.7 56103.6  19346.3  8335.8  7097.3
  -489 -909.619   0.001 -909.618  4457677.2 323948.4 465602.5 64270.8  19681.4  8262.9  6701.5
  -488 -2827.245   0.008 -2827.237  3742999.8 305678.5 324437.3 42916.2  12825.6 12934.9  4955.5
  -487 -1132.241   0.009 -1132.232  3629602.1 312608.7 255589.8 70318.4   9727.2 21442.0  5422.4
  -486 528.244   0.011 528.255  4042127.3 356967.3 348776.7 81727.1  14309.6 13363.0  8307.4
  -485 1468.695  -0.009 1468.686  4503909.9 439537.2 421644.5 73428.1  21784.2 17982.9 11431.5
  -484 1201.854  -0.001 1201.853  4922941.6 338945.4 468796.1 67417.0  20774.6  5147.6 10371.6
  -483 -729.255   0.003 -729.252  4246807.1 319779.2 383662.7 53600.4  18003.6  6001.6  7247.0
  -482 1681.145  -0.003 1681.142  4909780.2 349494.2 466164.4 89392.9  21040.7  4016.8  9713.1
  -481 -567.659   0.004 -567.655  4519967.0 314387.2 417251.7 47372.6  14803.0  7071.6  5252.6
  -480 1154.185  -0.001 1154.184  4910924.9 350483.0 596883.6 75999.6  21167.6 10060.7  8868.2
  -479 -1076.813   0.003 -1076.809  4422004.0 317423.7 413534.5 48764.8  17397.1  9651.9  6128.3
  -478 1717.386  -0.004 1717.382  4926824.6 405623.1 646428.4 85271.2  21076.6  7812.9  9010.6
  -477 339.053   0.000 339.053  5030754.7 331456.9 553051.7 54370.5  20684.7  5783.8  7306.1
  -476 1149.176  -0.004 1149.172  5369526.2 352616.5 699406.2 71744.4  25844.3  4304.9  9283.1
  -475 -1095.406   0.004 -1095.402  4518878.8 316316.8 412732.0 52669.7  19193.6  5457.8  5487.0

         Carbon flux (ktC/yr)        Water (dam3/yr)                Nitrogen (MgN/yr)
       ----------------------- -------------------------- --------------------------------
Spinup NEP     estab   NBP     transp     evap    interc  nuptake ndemand  nlosses ninflux
------ ------- ------- ------- ---------- ------- ------- ------- -------- ------- -------
  -474 -1222.157   0.004 -1222.153  4271785.0 313564.9 425530.5 57359.4  15778.5  6905.5  5499.4
  -473  49.901  -0.000  49.901  4494670.0 341537.4 386520.5 78802.4  21535.8  5679.7  8436.3
  -472 -573.131   0.002 -573.129  4352587.6 308447.8 392402.4 58091.6  16622.8  6835.0  6575.1
  -471 249.305  -0.002 249.303  4462319.8 345700.9 375697.9 75777.4  20512.7  7123.5  8345.7
  -470 -2267.812   0.006 -2267.806  3718138.8 325094.2 352648.8 38543.0  12974.4 11633.2  5744.2
  -469 1070.475  -0.004 1070.471  4409662.2 320827.3 268481.0 87490.2  12907.4 10236.4  8280.4
  -468 1274.438  -0.005 1274.433  4612688.0 390350.0 504166.4 70851.2  20479.8 10773.0 10459.6
  -467 135.672  -0.002 135.670  4619775.1 296004.7 376275.5 59900.8  16826.3  6960.1  7103.7
  -466 402.860  -0.004 402.856  4625128.3 332229.5 522719.6 76134.1  20564.3  9309.6  8623.3
  -465 823.020  -0.001 823.019  4885237.0 345070.7 604765.6 64746.4  24754.3  6218.9  8888.4
  -464 -1305.467   0.003 -1305.464  4325585.4 319389.0 416519.3 54251.4  17622.2  8818.7  6038.5
  -463 -507.278   0.004 -507.274  4207879.8 316037.4 364246.4 71604.7  14097.3 10397.7  5379.0
  -462 1255.422  -0.003 1255.420  4955013.3 326988.2 400177.2 81414.7  24267.3  4344.5 10576.7
  -461 301.876  -0.000 301.876  4705293.0 329944.1 505428.7 56041.4  18100.2  8634.2  7670.4
  -460 511.358  -0.003 511.356  5015931.8 339312.6 518835.9 79301.3  22687.0  6865.8  8958.3
  -459 -1418.448  -0.001 -1418.449  4353749.6 310595.5 406984.7 50355.7  18488.6  6829.0  6350.8
  -458 -122.209  -0.003 -122.213  4370647.9 312759.6 333858.7 79987.6  14989.2  9151.5  6771.5
  -457 -357.507  -0.001 -357.508  4124421.7 347011.8 479739.3 64786.9  16201.7  8875.4  6780.8
  -456 962.811  -0.011 962.800  4765462.4 342829.9 560691.3 72071.0  26678.3  9919.3 10271.5
  -455 1001.478  -0.017 1001.461  4882806.3 314715.5 595545.2 66565.4  20607.4  8598.3  8407.5
  -454 1076.578  -0.016 1076.562  5187130.2 352153.0 658342.4 65507.1  25900.5  3484.8  9519.5
  -453 -212.762  -0.005 -212.767  4717595.3 329117.6 442373.3 61141.9  22667.5  3383.9  7547.9
  -452 -1339.756  -0.010 -1339.766  4423546.0 322952.2 469350.0 57043.7  22757.6  4780.7  7360.6
  -451 -267.909   0.004 -267.904  4265740.5 336175.4 391104.7 76190.0  18308.6  6572.8  6970.0
  -450 -1003.043  -0.003 -1003.046  4278133.9 332681.5 416504.5 59492.2  21279.7  4964.5  7732.7

         Carbon flux (ktC/yr)        Water (dam3/yr)                Nitrogen (MgN/yr)
       ----------------------- -------------------------- --------------------------------
Spinup NEP     estab   NBP     transp     evap    interc  nuptake ndemand  nlosses ninflux
------ ------- ------- ------- ---------- ------- ------- ------- -------- ------- -------
  -449 615.076  -0.004 615.072  4600033.5 338386.5 478678.6 86193.5  21313.3  5263.6  8360.8
  -448 538.052  -0.000 538.052  4555710.1 360530.3 527117.3 65516.9  20741.6  6130.1  7854.4
  -447 1366.247  -0.002 1366.246  5148540.9 362904.1 651443.5 68636.6  24745.8  5439.8  9791.7
  -446 -26.635  -0.001 -26.636  4741443.4 333435.9 616052.0 57816.5  23160.9  3308.4  7988.5
  -445 190.890  -0.003 190.887  4824082.9 350673.9 673350.0 67915.4  27978.1  3554.2  8936.7
  -444 -430.625   0.000 -430.625  4485174.3 347470.3 434274.3 65061.2  21702.2  3808.9  7272.0
  -443 -1273.131   0.002 -1273.129  4334861.1 331549.6 458583.6 58085.3  22351.5  4141.2  7557.6
  -442 -1142.401   0.003 -1142.398  4050295.5 335096.6 396536.8 66584.3  17210.2  6824.8  6588.3
  -441 244.696   0.000 244.696  4214674.3 363638.1 477180.0 80330.0  19730.2  6402.9  7987.1
  -440 -1118.918   0.001 -1118.916  3953445.9 286793.5 333940.3 53763.8  18438.6  9460.3  7460.2
  -439 1373.240  -0.006 1373.235  4841908.7 356163.5 501356.5 77011.1  23354.2  5403.2 10738.3
  -438 1246.148  -0.003 1246.145  4943177.3 367401.1 601902.1 64059.7  21690.1  3675.9 10024.4
  -437  83.971  -0.001  83.971  4889552.9 312878.1 405402.7 66967.4  20621.6  3856.0  8078.7
  -436 -513.325   0.000 -513.324  4402957.6 330214.5 544955.2 66608.8  19374.0  7473.7  7168.9
  -435  62.718  -0.001  62.717  4537124.4 352965.2 545215.4 74915.4  22968.0  4882.2  8261.9
  -434 1166.666  -0.002 1166.664  5106333.2 402295.3 716135.6 71893.3  27720.1  3900.2 10539.1
  -433 -282.765   0.001 -282.764  4735193.4 331858.3 577012.2 53159.6  22748.7  3516.7  7806.5
  -432 -2477.005   0.006 -2477.000  3966324.4 316074.1 403506.6 52223.6  16898.8  7606.3  6213.8
  -431 995.403  -0.003 995.400  4618302.1 327241.8 492243.7 88537.4  19409.5  9823.7  9946.7
  -430 1321.431  -0.003 1321.428  5039009.0 364620.0 570832.4 62098.3  23653.8  4408.5 10871.5
  -429 1324.895  -0.002 1324.893  5094898.1 396655.8 685764.1 65612.4  24945.2  4093.2 10132.0
  -428 -204.654   0.000 -204.654  4857674.6 329558.3 547849.8 60884.3  23069.4  3608.9  8132.8
  -427 -256.737   0.000 -256.737  4562729.6 356056.6 553069.8 68695.5  24039.4  5084.5  8553.6
  -426 -200.866  -0.000 -200.866  4846422.9 339558.7 542795.9 68215.3  27951.7  2783.8  9708.4
  -425 -1495.177   0.002 -1495.175  4165223.6 314861.4 365098.2 61981.2  18991.4  4637.7  6966.9

         Carbon flux (ktC/yr)        Water (dam3/yr)                Nitrogen (MgN/yr)
       ----------------------- -------------------------- --------------------------------
Spinup NEP     estab   NBP     transp     evap    interc  nuptake ndemand  nlosses ninflux
------ ------- ------- ------- ---------- ------- ------- ------- -------- ------- -------
  -424 -2504.015   0.008 -2504.001  3588891.2 319603.6 340738.4 48435.3  13007.9 10570.0  5923.1
  -423 925.985  -0.006 925.979  4426742.3 339920.2 285513.0 96935.9  17772.3 10076.9  9712.1
  -422 2062.405  -0.005 2062.400  4959101.8 367051.6 506424.9 72153.9  18898.8 10727.9 10480.5
  -421 647.347  -0.002 647.345  4681194.2 330322.1 525033.0 64327.3  18784.5  8019.7  8425.9
  -420 922.325  -0.002 922.323  5027129.2 360962.2 531704.3 77272.5  23335.8  6260.3  8778.4
  -419 995.493  -0.002 995.492  5275123.2 323812.2 489725.4 77069.8  25442.3  3870.9  8622.6
  -418 -2065.120   0.003 -2065.117  4157629.8 319302.0 400582.3 49945.9  14568.9  9014.4  4974.5
  -417 1982.684  -0.004 1982.681  5116975.5 342725.7 535215.0 91646.4  17703.0 10120.9  8049.7
  -416 -3392.550   0.010 -3392.540  3812499.4 306198.5 337919.5 23592.8  12327.1 17363.4  4622.4
  -415 754.475  -0.002 754.473  4224997.9 320561.4 348582.3 76924.4   9704.6 23260.0  6088.5
  -414 -272.759  -0.002 -272.761  4327593.0 332187.8 309332.7 69728.8  14939.7 16712.6  8464.1
  -413 -895.982   0.007 -895.975  3954501.5 285920.5 232428.0 73421.7  13851.4 11274.5  6782.6
  -412 -1308.900   0.006 -1308.894  3678799.5 335287.8 310014.4 63437.5   9791.2 20536.0  4927.0
  -411 100.849   0.003 100.852  4082454.5 325692.4 270905.1 80568.7  11833.9 16581.7  6272.1
  -410 1932.778  -0.007 1932.771  4839465.5 426411.3 501595.1 84619.9  19539.2 12829.3 10956.8
  -409 1857.117  -0.004 1857.114  5078680.0 373413.4 534075.6 62940.1  19880.0  6714.4 10202.1
  -408  46.690  -0.002  46.688  4595649.6 331573.3 501362.0 55023.4  19611.4  6847.3  8160.9
  -407 -1057.638  -0.002 -1057.639  4374459.2 332115.5 415671.4 59335.7  21320.3  5551.7  8081.0
  -406  79.118  -0.001  79.117  4284501.6 352105.7 355509.4 79257.8  19418.2  4955.7  7955.6
  -405 295.079  -0.003 295.076  4681340.6 336241.3 478503.1 68110.7  20812.0  5375.5  8404.1
  -404 404.245  -0.004 404.241  4846921.9 336743.0 496577.7 69883.6  21534.2  6250.7  8246.3
  -403 -2202.026   0.005 -2202.021  4037182.4 316277.4 379107.4 43730.8  15741.2 10064.1  5755.5
  -402 1974.699  -0.005 1974.694  5060536.2 325790.3 358538.0 93922.1  20762.9  6969.3 10507.0
  -401 -677.482   0.000 -677.481  4336051.7 336229.0 407816.7 43588.5  15855.0  9541.1  6485.6
  -400 272.964   0.001 272.964  4481824.4 329364.8 345860.8 90507.1  14615.9  9701.1  5873.5

         Carbon flux (ktC/yr)        Water (dam3/yr)                Nitrogen (MgN/yr)
       ----------------------- -------------------------- --------------------------------
Spinup NEP     estab   NBP     transp     evap    interc  nuptake ndemand  nlosses ninflux
------ ------- ------- ------- ---------- ------- ------- ------- -------- ------- -------
  -399 1053.814  -0.000 1053.814  4911203.6 334537.4 438305.6 80583.7  23876.0  4659.2  8379.7
  -398 499.900   0.000 499.900  5035698.4 349274.4 546836.0 69734.4  20853.4  6630.4  7171.9
  -397 -103.634  -0.000 -103.634  4783667.3 337148.6 554874.1 62928.8  19882.2  8108.6  6596.3
  -396 -265.395   0.000 -265.395  4716646.6 343149.7 439090.9 76517.5  21712.7  6178.1  6621.7
  -395 499.968  -0.001 499.967  4765859.1 330870.7 641129.6 71977.5  18889.3 10146.7  6724.7
  -394 374.967  -0.003 374.964  5143640.6 349237.4 569406.3 71778.3  25598.0  5312.9  8038.8
  -393 -2630.590   0.012 -2630.578  3982747.5 318015.1 401581.9 39785.9  13122.1 14363.9  4074.1
  -392 -553.348   0.000 -553.348  4137691.1 322067.8 338316.7 66624.3  14266.3  9166.7  6408.2
  -391 -457.868   0.000 -457.867  4112060.7 325498.0 324419.1 73432.3  15951.2  8194.9  7385.4
  -390 -454.029  -0.001 -454.030  4096712.0 339125.5 343335.9 69087.7  18118.4  7368.3  8139.4
  -389 1896.716  -0.005 1896.711  4939781.9 353816.4 474584.3 86250.1  22995.2  8516.3 10646.8
  -388 1696.068  -0.003 1696.064  5075094.2 366971.9 594288.1 64824.5  20469.7  5442.3  9039.1
  -387  28.203  -0.001  28.202  4701334.7 341287.0 421147.6 62011.4  20357.2  5431.1  7093.2
  -386 -50.644  -0.000 -50.644  4702014.6 332526.0 584773.5 69281.7  24222.4  5476.6  7906.4
  -385  14.938  -0.000  14.938  4721460.6 329193.9 585397.8 67173.4  25435.0  4799.3  8154.5
  -384 -1154.540   0.002 -1154.538  4430590.2 312893.3 420648.8 57510.7  22869.1  5517.8  6694.5
  -383 263.611  -0.001 263.610  4489121.5 359057.3 500957.7 74299.4  20272.5  7365.2  8236.2
  -382 1043.130  -0.002 1043.128  5149302.5 324219.0 451719.2 77150.0  27468.5  3825.5  9877.5
  -381 -76.153  -0.000 -76.153  4733093.1 332564.6 544496.7 59937.5  19069.4  5499.4  6659.7
  -380 -1125.244   0.001 -1125.243  4459645.7 330685.4 459508.5 63103.1  21809.2  6928.9  7078.0
  -379 879.207  -0.002 879.206  4786076.3 349807.5 605696.5 82823.9  26618.9  4874.7  9331.4
  -378 1149.827  -0.002 1149.825  5235386.1 346717.0 607522.1 69152.9  25669.6  2704.7  9022.2
  -377 632.179  -0.001 632.178  5096843.7 363430.2 598759.8 70078.5  23778.8  3347.8  7565.8
  -376 -1653.598   0.002 -1653.595  4403372.5 319268.5 409839.9 57854.6  19747.8  4982.4  5866.2
  -375 -2423.444   0.013 -2423.019  3620676.4 303527.3 300874.1 57448.6  14632.6 10141.5  5196.2

         Carbon flux (ktC/yr)        Water (dam3/yr)                Nitrogen (MgN/yr)
       ----------------------- -------------------------- --------------------------------
Spinup NEP     estab   NBP     transp     evap    interc  nuptake ndemand  nlosses ninflux
------ ------- ------- ------- ---------- ------- ------- ------- -------- ------- -------
  -374 1769.099  -0.003 1769.096  4574126.5 418045.1 556460.7 88446.0  19080.9 11600.0  9030.0
  -373 1127.206  -0.001 1127.205  4786869.8 361682.2 573955.8 59680.2  22759.6  5251.3  9549.0
  -372 206.090  -0.000 206.090  4770880.9 319942.1 387366.0 73284.8  18186.9  6287.5  7235.4
  -371 -1814.817   0.003 -1814.814  3986110.8 337944.0 361341.9 55508.0  15984.5  6025.2  5645.9
  -370 -1915.941   0.013 -1915.926  3550858.7 305741.1 261938.9 64076.0  14038.9  9733.3  5668.4
  -369 -658.708   0.003 -658.705  3717320.7 297341.0 269309.2 70795.5  13802.5 18004.2  6628.8
  -368 -1797.962   0.015 -1797.947  3414952.1 347886.0 259898.5 52720.7   8168.7 19522.7  4648.3
  -367 441.311   0.005 441.316  3956892.6 370644.3 245313.8 82473.7  13666.1 12347.1  8570.0
  -366 -1750.826   0.014 -1750.813  3663352.6 364016.2 213035.7 46097.3  11134.0 11721.5  7701.7
  -365 801.869  -0.003 801.865  4211324.7 359501.7 304230.4 78414.2  10374.0 18763.3  9332.0
  -364 776.505  -0.004 776.502  4701056.9 343510.3 262186.0 75747.6  13613.8 12413.2 11714.8
  -363 1053.191  -0.007 1053.185  4820559.1 409423.7 411772.8 70367.3  16191.1  9553.3 11886.9
  -362 1134.188  -0.006 1134.183  5025611.8 403272.9 513677.5 65474.8  18186.0  7372.0 13107.1
  -361 -70.142  -0.003 -70.145  4642776.9 357426.9 481600.5 50155.2  17825.1  5051.9 10788.9
  -360 664.850  -0.009 664.842  5098508.3 344215.1 407804.9 76202.7  21210.5  4098.0 12470.3
  -359 -1542.838   0.001 -1542.837  4097061.3 344423.3 323927.0 48216.8  13874.8  5959.7  7639.6
  -358 -579.810   0.001 -579.808  4129786.0 347967.5 333831.8 59560.7  13705.7  6482.1  8485.3
  -357 -104.950   0.002 -104.948  4319919.8 324797.0 315019.3 71303.5  12654.5  8414.9  7769.1
  -356 -2098.905   0.011 -2098.893  3704372.8 355269.0 239764.8 43711.2  11704.4 11529.7  7046.9
  -355 -574.492   0.012 -574.476  3597969.9 358098.2 215496.9 67958.1   8721.3 16122.2  5813.6
  -354  43.798   0.007  43.805  4032793.5 354446.3 265157.7 70750.1  12863.2 11425.6  8769.4
  -353 -502.994   0.013 -502.982  3649073.5 377086.3 246976.8 60601.0  10665.1 16555.8  6215.3
  -352 1929.621  -0.020 1929.601  4976759.0 395733.6 453012.6 81247.3  18947.3 16623.8 12384.9
  -351 1849.161   0.003 1849.164  5202124.4 394648.0 587528.0 64196.1  19004.4  5667.4 10894.9
  -350 1360.929   0.006 1360.936  5048640.0 469959.0 769074.7 62565.5  19149.9  6340.9  9664.1

         Carbon flux (ktC/yr)        Water (dam3/yr)                Nitrogen (MgN/yr)
       ----------------------- -------------------------- --------------------------------
Spinup NEP     estab   NBP     transp     evap    interc  nuptake ndemand  nlosses ninflux
------ ------- ------- ------- ---------- ------- ------- ------- -------- ------- -------
  -349 -2512.048   0.014 -2512.034  4016015.2 382700.3 359732.6 26656.8  15364.2  8452.3  6574.5
  -348 -393.392   0.005 -393.387  4116852.4 379390.4 375119.3 57207.2  12251.9  7820.8  7957.3
  -347 1165.719  -0.009 1165.710  4855139.4 424821.5 580515.1 75006.8  19558.2 10366.0 11924.1
  -346 1500.081  -0.010 1500.071  5382625.3 375847.7 699738.5 59472.6  19956.8  4413.2 12311.1
  -345 -861.153   0.008 -861.146  4404571.9 379995.3 404542.6 47942.2  15995.7  7220.7  6854.4
  -344 -1634.452   0.009 -1634.443  3926165.2 329784.1 358550.4 49573.2  15664.1 10571.8  7404.6
  -343 -2564.964   0.019 -2564.941  3405746.7 386239.3 345959.5 36015.8   9894.0 14627.9  5911.3
  -342 373.081   0.008 373.088  4194031.1 353422.6 276111.3 74177.0  13199.9 10721.8  9882.6
  -341 -149.838   0.007 -149.831  4074783.8 378493.9 329927.7 58513.0  15316.4  8437.0  9859.0
  -340 618.398   0.005 618.403  4257768.2 366009.9 319470.4 68765.8  12609.1  9889.7  7385.9
  -339 -1821.937   0.014 -1821.923  3582481.8 395494.5 263208.3 38108.1  12024.0 12775.7  6825.6
  -338 789.256   0.005 789.261  4177819.6 419748.1 294206.0 83602.5  14552.4  9379.8  8419.2
  -337 601.944   0.006 601.950  4185667.2 418593.6 346847.9 61017.1  14269.7  7748.7  7802.3
  -336 452.497   0.003 452.499  4482048.8 402423.1 504615.5 59672.6  16855.3 10664.8  9681.2
  -335 223.434   0.006 223.440  4358571.4 381426.2 383301.9 61028.6  14504.3  8757.6  6609.9
  -334 -974.805   0.006 -974.799  4229615.1 383191.3 438044.6 48859.4  16869.5  6885.1  8261.9
  -333 -668.486   0.006 -668.480  4187337.3 375005.9 383741.5 62555.2  14886.4  7692.8  7326.2
  -332 -2229.009   0.015 -2228.994  3513185.2 392425.6 343957.3 39039.3  10539.3 12360.1  6104.4
  -331 1183.645   0.003 1183.648  4272957.5 378436.4 365456.0 81257.5  13653.7 11084.0  9640.0
  -330  30.427   0.003  30.430  4279355.9 361809.2 337835.0 54862.5  15810.9  9832.0  9109.3
  -329 369.823   0.005 369.829  4296944.0 412402.5 349742.3 69628.7  17911.1  6554.1  8873.7
  -328 1456.370   0.001 1456.371  5033202.2 363797.5 432154.8 69261.5  21887.1  4214.8 11034.5
  -327 229.774  -0.001 229.774  4664485.7 369666.1 575045.2 56448.9  17903.4  5773.0  9193.4
  -326 -1015.312   0.006 -1015.307  4314166.6 371519.5 423514.2 51862.0  17030.0  7475.8  7361.1
  -325 979.225   0.004 979.229  4646819.3 394010.5 595121.0 77630.0  19093.5  6179.0  9090.0

         Carbon flux (ktC/yr)        Water (dam3/yr)                Nitrogen (MgN/yr)
       ----------------------- -------------------------- --------------------------------
Spinup NEP     estab   NBP     transp     evap    interc  nuptake ndemand  nlosses ninflux
------ ------- ------- ------- ---------- ------- ------- ------- -------- ------- -------
  -324 262.655   0.004 262.659  4710323.4 409137.7 558773.2 54988.5  19105.9  5803.2  9242.5
  -323 -2203.603   0.010 -2203.592  3992820.8 378208.7 404317.0 36932.1  14379.4  8205.2  6769.2
  -322 -339.865   0.010 -339.849  3897601.9 401921.3 284907.8 64755.5  11726.7 11493.6  6647.0
  -321 -1032.120   0.015 -1032.105  3606740.6 416135.5 286119.5 50577.2  11083.7 12397.4  5386.7
  -320 395.394   0.006 395.400  4217436.5 415045.0 327609.0 73144.0  17779.6  7718.6  8718.6
  -319 -644.602   0.012 -644.589  3821924.7 400505.1 309048.2 51258.4  12829.6 10498.5  5805.1
  -318 -571.253   0.012 -571.241  3781942.8 398734.6 336287.2 57473.9  10934.0 12152.2  5067.2
  -317 -495.191   0.009 -495.181  3864868.7 393098.2 287909.8 60928.8  14300.9  5497.2  7716.1
  -316 -1536.949   0.015 -1536.934  3400562.0 420098.5 303065.8 44583.2   9966.8 12922.4  5927.8
  -315 2195.994   0.000 2195.994  4745200.9 386003.6 322657.5 87670.1  18884.8  8069.6 12655.7
  -314 1585.699  -0.000 1585.699  4736831.6 419380.3 480094.3 61677.5  17966.2 10185.9  9909.5
  -313 1210.267  -0.002 1210.265  5049741.5 382202.4 571766.9 61002.5  21394.2  6524.9 10979.1
  -312 671.339  -0.002 671.337  5072106.5 377318.7 606160.2 57906.1  22524.3  3355.2 10813.3
  -311 -559.527   0.006 -559.521  4427051.1 388651.1 549388.5 50512.5  18593.1  6005.3  8209.3
  -310 -350.045   0.002 -350.043  4659525.5 343735.9 420082.1 64077.3  20415.5  3338.8  9081.9
  -309 -2251.401   0.008 -2251.392  3792690.8 389617.8 375571.6 42223.7  15442.1  6258.2  7258.4
  -308 700.867  -0.002 700.865  4486773.2 404228.0 424074.0 73311.8  17630.7  9017.9 10957.3
  -307 413.332   0.006 413.338  4363986.1 419927.3 346681.5 61770.1  17913.2  4813.5  9907.7
  -306 -2040.550   0.013 -2040.537  3730439.5 385968.2 285751.9 36630.7  13817.6  8334.7  6751.2
  -305 288.473   0.006 288.479  3873659.4 430337.8 306605.6 70475.4  11257.4 10641.3  6843.5
  -304 -531.277   0.009 -531.268  3771054.0 401085.8 273164.1 60125.0  14821.9  8980.4  7321.3
  -303 199.913   0.006 199.919  3963146.0 438707.0 328695.9 68143.4  14760.5  8180.2  7212.2
  -302 1191.450   0.003 1191.453  4791573.5 411862.5 481223.8 74081.1  21485.2  6223.9 10512.6
  -301 -704.802   0.009 -704.793  4070311.5 410518.1 336935.5 51720.6  14719.4  8742.9  6006.3
  -300 774.766   0.004 774.770  4874423.0 423954.1 500805.7 78334.0  20493.0  5823.3  9975.3

         Carbon flux (ktC/yr)        Water (dam3/yr)                Nitrogen (MgN/yr)
       ----------------------- -------------------------- --------------------------------
Spinup NEP     estab   NBP     transp     evap    interc  nuptake ndemand  nlosses ninflux
------ ------- ------- ------- ---------- ------- ------- ------- -------- ------- -------
  -299  34.609   0.004  34.613  4602137.9 394028.2 519202.6 61714.0  17939.2  5095.4  8321.3
  -298 491.691   0.000 491.691  4813700.3 421516.0 642093.1 69496.3  24709.5  4741.1 10934.9
  -297  22.027  -0.002  22.025  4859285.6 365198.2 533537.4 59977.3  19226.3  4344.4  9280.5
  -296 469.313   0.002 469.315  4968980.0 350981.1 633491.0 69358.8  21374.9  6901.8 10273.7
  -295 -158.935   0.004 -158.931  4995422.3 333326.1 409621.4 64965.0  20302.4  3658.5  9782.5
  -294 -572.869   0.005 -572.864  4344343.7 406018.3 557537.9 62429.4  17576.8  5700.3  7811.7
  -293 -1027.827   0.006 -1027.821  4436779.8 355350.0 412901.0 62729.4  20137.3  6874.9  8485.9
  -292 -47.334   0.005 -47.328  4566182.4 353930.0 357520.9 76925.3  18607.6  6055.6  9179.3
  -291 -1846.330   0.013 -1846.307  3690182.9 396401.5 337957.8 48914.3  12286.1 12398.0  5259.2
  -290 -1163.084   0.012 -1163.072  3576297.1 394749.7 297787.9 59615.6  11415.1 15310.2  5237.3
  -289  17.258   0.008  17.266  4044953.8 367227.6 327628.0 70007.5  12765.4 10388.6  7242.3
  -288 314.096   0.005 314.101  4278780.1 408527.3 320932.4 78106.4  18957.8  7482.2 10748.4
  -287 1402.248   0.003 1402.251  4770411.0 418514.7 513433.3 70339.0  19329.3  9203.6 12221.9
  -286 -643.081   0.005 -643.076  4340377.8 371654.2 392787.1 55483.6  16355.6  7240.4  9299.6
  -285 -1897.962   0.010 -1897.952  3692037.7 376040.7 277922.3 54118.9  12093.1 11032.3  6729.4
  -284 2015.414  -0.001 2015.412  4739662.6 369719.0 409744.9 99137.8  18539.9  6394.0 11961.9
  -283 1351.315  -0.001 1351.315  5072927.2 345935.0 406432.0 68882.4  19703.6  4555.0 11570.8
  -282 -1581.047   0.006 -1581.041  3906584.1 311407.4 334928.3 50783.0  14636.4 11771.6  7450.2
  -281 -386.077   0.007 -386.070  4034556.6 368298.0 316142.1 74273.1  10662.9 10618.8  6866.7
  -280 105.268   0.005 105.273  4442282.1 370606.0 435711.0 71875.5  18693.5  9993.4 10296.7
  -279 291.892   0.005 291.896  4632583.7 350385.8 326230.9 75476.2  17264.1  6962.3  9455.7
  -278 -979.780   0.008 -979.772  4121569.6 361726.4 361362.0 55428.7  15465.1  8273.0  7500.9
  -277 1747.771   0.000 1747.772  4850623.3 375375.0 454523.0 92071.5  19452.1  6340.8 10898.0
  -276 910.374   0.001 910.375  4873051.5 405060.2 597083.5 61089.4  19975.9  5397.2 10078.9
  -275 -999.114   0.004 -999.110  4409869.1 370384.6 441094.4 55993.8  17166.0  7524.1  8242.5

         Carbon flux (ktC/yr)        Water (dam3/yr)                Nitrogen (MgN/yr)
       ----------------------- -------------------------- --------------------------------
Spinup NEP     estab   NBP     transp     evap    interc  nuptake ndemand  nlosses ninflux
------ ------- ------- ------- ---------- ------- ------- ------- -------- ------- -------
  -274 -1132.738   0.006 -1132.733  4083972.1 373219.8 332764.9 71730.1  14273.8  6989.9  7070.9
  -273 -918.103   0.008 -918.095  4040678.1 370998.0 348871.0 66931.4  15828.6  7765.2  7636.2
  -272 -1220.246   0.013 -1220.215  3619728.9 392342.5 290403.6 62717.2  11899.9 14526.1  5876.2
  -271 1097.954   0.005 1097.959  4340107.5 395477.2 487977.1 79834.6  15983.6 11500.7  9007.2
  -270 -251.368   0.006 -251.362  4339453.5 360228.3 355782.7 61692.2  16906.9  8607.6  8948.2
  -269 -1367.305   0.012 -1367.293  3669066.5 350028.2 260233.4 64309.3  15970.2  8207.9  7219.2
  -268 -554.605   0.009 -554.596  3729450.8 338507.0 297689.1 67604.5  14348.6 16153.7  7377.5
  -267 1120.605   0.003 1120.608  4540920.4 392099.2 477426.4 83203.0  17611.0  7103.5 10865.4
  -266 -1621.599   0.009 -1621.589  3844886.6 382238.1 340612.9 45083.0  12451.2 12734.9  7361.6
  -265 2183.142  -0.004 2183.138  5073332.1 378247.2 467934.9 86418.9  18640.5  9555.4 13002.5
  -264 307.559  -0.004 307.556  4469305.4 413154.9 480427.3 57933.9  16091.6  7949.4  9736.4
  -263 653.369  -0.003 653.366  4780070.4 406621.2 579334.3 67795.9  21292.7  7206.3 11378.1
  -262 -2044.844   0.007 -2044.837  3904020.9 372686.4 364475.1 45415.4  14021.2  9793.5  7171.6
  -261 1227.288  -0.007 1227.281  4903500.0 380599.4 423535.3 81349.6  17005.7  9913.5 12059.8
  -260 -354.825   0.004 -354.821  4133982.9 378046.4 338181.2 59537.6  13102.9  8741.0  7000.4
  -259 -181.290   0.004 -181.287  4356241.3 344675.3 356483.2 68474.2  15472.5  8343.4  8268.6
  -258 117.681   0.001 117.682  4307142.3 410688.2 462781.4 72197.5  17499.6  8902.5  9311.2
  -257 431.935  -0.003 431.932  4858966.6 343268.0 349963.2 73171.7  18273.0  8094.3  9907.5
  -256 -1511.722   0.004 -1511.718  3934566.5 386701.4 324715.2 55617.8  14077.6  7092.3  6671.6
  -255 -488.841   0.002 -488.839  4041481.1 379330.7 361055.0 68542.5  14943.3  7891.7  8039.5
  -254 -661.758   0.005 -661.753  3843376.8 323872.2 291638.4 71447.4  13908.7 15801.6  7700.3
  -253 -2645.109   0.017 -2645.087  3264201.5 404315.2 244878.8 39483.9   8908.5 14465.0  5292.2
  -252 2923.309  -0.001 2923.308  4691898.0 377883.7 329777.8 110694.7  15377.4  8732.5 11312.8
  -251 -1785.337   0.011 -1785.326  3632935.0 401745.8 228261.9 37042.9  10526.1 12215.4  6883.8
  -250 -22.042   0.007 -22.035  3735168.0 327741.2 236379.7 72281.5  10727.7 22304.0  7969.9

         Carbon flux (ktC/yr)        Water (dam3/yr)                Nitrogen (MgN/yr)
       ----------------------- -------------------------- --------------------------------
Spinup NEP     estab   NBP     transp     evap    interc  nuptake ndemand  nlosses ninflux
------ ------- ------- ------- ---------- ------- ------- ------- -------- ------- -------
  -249 -682.434   0.009 -682.425  3558314.9 414451.9 267724.5 68626.5  10990.4 12766.8  6938.4
  -248 -616.546   0.011 -616.534  3666047.9 349083.4 190305.1 69342.7  14768.2 10495.6  8655.7
  -247 345.203   0.006 345.209  3968376.4 396985.8 308274.6 67595.2  13408.8 12812.3  7727.9
  -246 2085.266   0.003 2085.269  4840516.5 436966.4 469306.8 91665.1  17549.5 11572.2 11466.1
  -245 528.146   0.002 528.148  4788558.2 377657.1 474987.8 65913.5  16447.1  7760.8 11096.8
  -244 1343.363  -0.004 1343.359  5233388.3 354142.7 479725.2 79659.4  20317.7  5054.9 12077.7
  -243  27.305  -0.004  27.301  4785615.5 350862.9 533875.4 61865.7  19044.0  5001.8 10367.3
  -242 807.752  -0.009 807.743  5164751.1 349978.2 512103.8 77551.1  23713.7  4319.6 11788.7
  -241 -206.843  -0.016 -206.859  4748158.3 344150.1 550351.3 60606.5  20709.1  5130.1 10431.8
  -240 379.225  -0.038 379.187  5026879.3 376607.0 521644.2 71430.3  24858.6  3968.6 11308.4
  -239 -214.071  -0.074 -214.146  4815808.8 319929.8 386780.8 68419.2  19622.0  3760.2  9483.1
  -238 429.193  -0.053 429.140  4962069.0 336547.2 450736.3 77279.0  25913.1  3696.3 11263.0
  -237 -1108.643  -0.009 -1108.602  4168504.4 372716.4 401965.1 58337.8  15408.3  5805.6  7213.5
  -236 387.472  -0.023 387.449  4864294.0 355727.0 472396.3 76621.6  21433.4  6924.1 11984.7
  -235 -2245.366  -0.001 -2245.367  3825600.6 333677.0 352531.3 43822.6  13280.6  8811.1  7273.3
  -234 -577.429  -0.001 -577.430  3863898.9 304912.4 210848.4 73990.1  12702.2 10269.8  8671.7
  -233 -984.663   0.005 -984.658  3593672.5 372396.5 248512.0 63349.9   9118.3 14753.1  5660.6
  -232 -998.354   0.016 -998.337  3411054.1 344621.8 186739.6 66440.3  11426.1 12620.0  7285.6
  -231 -517.953   0.006 -517.947  3504844.5 387128.3 224822.0 68112.9   8874.3 16346.2  5340.9
  -230 2476.644  -0.010 2476.634  4642031.4 391060.7 344107.6 94089.0  16052.0  9165.1 11544.9
  -229 1710.292  -0.005 1710.287  4818205.4 457509.5 523721.1 70064.5  17196.3 16834.2 12353.8
  -228 1148.534  -0.014 1148.521  5106384.2 356569.4 511738.6 63578.5  20566.2  6112.6 12736.6
  -227 -1260.266  -0.010 -1260.276  4163513.0 350655.7 380977.6 54907.3  15945.3  7650.2  7760.4
  -226 426.214  -0.030 426.185  4534977.3 375690.3 447092.5 73311.5  18533.6  8898.7 10541.1
  -225 -730.951  -0.037 -730.988  4315880.9 338780.2 357033.9 61046.7  17476.5  8320.8  8700.4

         Carbon flux (ktC/yr)        Water (dam3/yr)                Nitrogen (MgN/yr)
       ----------------------- -------------------------- --------------------------------
Spinup NEP     estab   NBP     transp     evap    interc  nuptake ndemand  nlosses ninflux
------ ------- ------- ------- ---------- ------- ------- ------- -------- ------- -------
  -224 103.492  -0.047 103.445  4501833.1 359585.1 355781.3 80328.5  21009.4  7566.3  9584.6
  -223 -1390.911  -0.014 -1390.925  3912228.4 307523.3 268007.7 57547.1  16448.4  7649.9  7436.7
  -222 -1029.946   0.006 -1029.940  3655355.9 364937.5 335049.0 65177.4  10355.7 14637.1  5285.5
  -221 -255.434  -0.002 -255.436  3975740.4 359601.0 255619.5 75976.6  13271.9  9459.5  7671.3
  -220 468.065  -0.001 468.064  4187577.0 391238.7 316212.9 79285.9  17246.3 10864.0  8719.8
  -219 -775.525   0.008 -775.517  3848463.1 371601.2 287927.5 57021.5  11983.8 13943.8  6136.5
  -218 165.761   0.008 165.769  3982696.2 391238.3 324310.6 75607.6  13612.7 11405.0  7055.3
  -217 981.321  -0.008 981.313  4639483.8 347791.0 477516.5 79214.7  18773.5 13853.2 11028.3
  -216 1723.355  -0.011 1723.344  5134226.9 349838.3 482843.6 79213.9  21110.1  6997.2 12119.4
  -215 129.353  -0.017 129.336  4763208.5 351045.1 521408.6 55510.1  17950.7  7937.4  9302.3
  -214 -1124.301  -0.016 -1124.317  4288646.5 342172.5 406054.5 64110.7  15765.1  9580.6  7396.3
  -213 1376.220  -0.051 1376.169  5105997.3 376618.4 567782.7 80907.4  24123.8  7687.0 12719.9
  -212 -649.321  -0.048 -649.369  4538366.7 333767.4 430849.8 47452.5  19269.0  4067.3  9443.0
  -211 165.182  -0.031 165.150  4420151.1 360511.6 503145.8 76846.7  17442.7  5909.5  8672.7
  -210 255.023  -0.004 255.019  4622373.0 356109.1 510950.6 64959.5  21128.2  7097.4 10545.3
  -209 -794.699  -0.001 -794.700  4386807.8 310021.3 393519.6 58059.6  20299.0  4869.1  9004.0
  -208 619.215  -0.003 619.213  4549939.3 323680.4 552415.3 75698.5  18874.9  8444.5 10226.0
  -207 134.886   0.015 134.902  4613695.5 318551.5 496654.4 60436.3  20643.9  6297.9 10068.6
  -206 -900.868   0.000 -900.868  4210147.4 304880.7 282247.5 66542.0  21062.0  4661.8  9044.3
  -205 -1375.869   0.004 -1375.865  3728355.1 351153.9 307974.7 59149.6  12652.5  7733.7  6574.9
  -204 910.380  -0.002 910.378  4368945.4 370820.9 404418.3 80438.4  16661.0  8351.0 10557.9
  -203 848.841   0.000 848.841  4679506.1 324773.0 331067.8 70480.6  17143.0  6749.5  9751.4
  -202 518.239  -0.000 518.238  4576302.4 346903.8 522744.1 65729.2  18472.3  7684.1 10173.6
  -201 1186.089  -0.001 1186.087  5000127.1 360440.9 573608.5 69527.4  24190.8  5553.3 11180.1
  -200 -280.677   0.004 -280.674  4473854.2 332268.2 406654.1 60670.1  16853.3  5103.1  7338.2

         Carbon flux (ktC/yr)        Water (dam3/yr)                Nitrogen (MgN/yr)
       ----------------------- -------------------------- --------------------------------
Spinup NEP     estab   NBP     transp     evap    interc  nuptake ndemand  nlosses ninflux
------ ------- ------- ------- ---------- ------- ------- ------- -------- ------- -------
  -199 -1094.983   0.005 -1094.978  4088313.4 344497.7 447231.9 57735.2  20039.8  4510.7  7899.2
  -198 483.963   0.001 483.964  4499596.6 338270.2 495548.3 77542.2  20304.9  6148.3  9475.2
  -197 537.470   0.001 537.471  4654572.7 339740.4 514927.4 68145.0  21123.6  4399.0  9363.7
  -196 461.605   0.000 461.606  4553710.2 360749.8 561974.1 64098.8  20751.0  5685.4  9083.7
  -195 1253.463  -0.004 1253.459  5034926.2 361628.5 693805.5 67795.7  25606.8  2839.3 10797.6
  -194  41.631  -0.001  41.630  4831741.1 318255.1 452513.1 61856.5  20529.9  3101.7  8089.8
  -193 -535.905   0.004 -535.901  4425042.5 355420.9 473329.3 70150.0  22707.7  3649.6  7509.5
  -192 -1271.424   0.005 -1271.419  4047739.2 341317.0 448134.8 58877.4  18227.0  6167.1  6664.5
  -191 148.543   0.001 148.544  4383455.3 358101.1 405300.9 80532.7  21365.1  5611.2  8410.3
  -190 1538.376  -0.004 1538.372  4848964.2 370515.6 643906.5 69315.6  23299.3  4971.3 10507.0
  -189 1228.594  -0.007 1228.587  5094636.4 332102.3 525100.2 66251.2  25378.6  3061.5  9747.3
  -188 -2024.081   0.008 -2024.073  3920781.8 298756.4 359645.8 51683.0  17295.6  5649.3  5924.9
  -187 361.813  -0.002 361.811  4175600.1 354038.0 585379.8 68882.1  12718.2 17152.3  6753.1
  -186 184.329  -0.004 184.324  4384056.5 337172.0 508742.0 67197.6  20748.8  8357.9  9381.9
  -185 880.975  -0.009 880.966  4839302.8 355087.6 583761.6 67017.5  26969.4  3901.0 11175.8
  -184 -62.334  -0.001 -62.335  4523621.4 347811.3 447629.5 64426.7  22737.9  2911.1  8216.1
  -183 560.099  -0.003 560.096  4586928.4 396585.2 681931.9 71635.7  27033.5  3279.3  9837.3
  -182 197.437  -0.000 197.436  4515997.2 362466.2 593248.3 63336.3  21817.1  3909.2  8060.6
  -181 163.783  -0.001 163.782  4564092.0 353342.6 446697.6 74281.2  21956.7  4321.6  7758.1
  -180 1189.244  -0.002 1189.242  4990029.8 349734.5 605277.4 78884.3  25838.2  2584.9  8969.2
  -179 -1233.537   0.003 -1233.534  4319340.8 326882.9 487722.0 49611.2  14574.7  9476.7  4714.7
  -178 -199.846   0.003 -199.843  4239546.5 360906.7 418378.8 70240.7  15936.3  9766.6  6161.9
  -177 1195.183  -0.003 1195.179  4958072.4 355767.2 598317.2 79166.1  25022.6  7723.8  9830.7
  -176 -1606.220   0.007 -1606.194  4005303.3 327452.0 407687.4 49153.7  14573.1  9788.2  4635.6
  -175 -742.040   0.002 -742.038  4131099.3 315906.2 401461.5 62765.6  13530.0 10512.9  5615.8

         Carbon flux (ktC/yr)        Water (dam3/yr)                Nitrogen (MgN/yr)
       ----------------------- -------------------------- --------------------------------
Spinup NEP     estab   NBP     transp     evap    interc  nuptake ndemand  nlosses ninflux
------ ------- ------- ------- ---------- ------- ------- ------- -------- ------- -------
  -174 -43.272   0.001 -43.272  4274141.4 307864.7 375740.7 77695.9  16383.9  8478.7  7392.6
  -173 1251.510  -0.002 1251.508  4818810.6 337403.2 424629.2 85422.3  24212.9  5712.7 10634.9
  -172 -631.273   0.002 -631.270  4333688.3 316099.4 426026.5 53829.3  15117.5  7944.1  5886.4
  -171 -326.789   0.001 -326.788  4308572.5 311890.2 396686.9 71491.8  16016.0  8827.6  6784.1
  -170 366.398  -0.003 366.394  4348510.2 374750.5 496974.1 74899.3  18243.5 13470.1  8580.3
  -169 328.454  -0.003 328.452  4388632.0 360490.5 530353.6 69213.9  19604.5  8710.3  7849.2
  -168 1454.400  -0.006 1454.394  4963277.9 407014.1 711832.4 75776.4  24805.5  6546.1  9966.8
  -167 1177.300  -0.001 1177.299  5088009.6 363144.6 714247.2 59903.6  24971.8  2028.3  9166.7
  -166 -329.219   0.002 -329.217  4596304.5 337532.5 651902.4 58791.0  24085.1  3567.7  8022.7
  -165  18.776  -0.000  18.775  4600568.9 388126.3 699713.2 67667.9  29116.2  3574.1  9400.7
  -164 723.150   0.000 723.151  4911467.6 343281.1 584243.8 70240.0  27453.4  1260.8  9485.4
  -163 -1807.847   0.006 -1807.841  4106600.9 285258.5 347571.8 55058.8  20676.2  4219.0  6506.8
  -162 1426.882  -0.003 1426.878  4725966.1 373857.3 598057.2 78026.1  20092.0  7770.5  9007.2
  -161 1088.444  -0.001 1088.442  5116338.7 329867.6 490888.6 68940.6  25868.4  3375.4  9638.9
  -160 -1722.799   0.004 -1722.795  3986039.7 281893.7 386899.8 49250.2  18095.7  8480.3  6131.6
  -159 1393.498  -0.003 1393.495  4710226.8 366776.8 585574.5 76996.1  18227.7  6988.1  8956.3
  -158 216.777  -0.000 216.777  4519143.3 358783.3 543137.0 59159.5  20120.6  7389.4  8078.8
  -157 -930.661   0.002 -930.659  4328561.7 314462.7 414277.1 61624.8  20586.6  6825.2  7224.7
  -156  61.538  -0.000  61.538  4214150.1 353784.6 506399.9 79035.4  18407.9  7031.9  7610.8
  -155 -631.726   0.002 -631.725  4375614.8 319097.2 398111.3 63234.7  19968.0  9063.8  7704.2
  -154 -1866.107   0.007 -1866.100  3858320.2 317783.0 353430.3 55472.0  13987.1 11538.0  6372.7
  -153 -453.093  -0.002 -453.095  3920914.5 285668.2 267228.9 77379.8  15305.0 18710.6  8158.3
  -152 775.195  -0.003 775.192  4433698.0 354201.6 399341.1 80991.5  18669.4  9598.7  9925.6
  -151 1659.593  -0.004 1659.588  5018021.7 353737.9 487336.7 73658.6  23311.7  6853.0 11561.4
  -150 -1302.205   0.011 -1302.147  4040951.5 294389.4 289101.5 55506.9  15967.5  7040.6  6311.9

         Carbon flux (ktC/yr)        Water (dam3/yr)                Nitrogen (MgN/yr)
       ----------------------- -------------------------- --------------------------------
Spinup NEP     estab   NBP     transp     evap    interc  nuptake ndemand  nlosses ninflux
------ ------- ------- ------- ---------- ------- ------- ------- -------- ------- -------
  -149 -928.179   0.005 -928.174  3829316.9 356419.6 345960.7 67833.1  10515.8 16290.1  4859.3
  -148 988.307  -0.001 988.305  4496171.3 342224.4 430910.7 82161.7  19900.9  9524.8 10757.4
  -147 1161.286  -0.002 1161.284  4814928.9 353613.2 477603.3 70627.7  21998.6  6826.5  9838.4
  -146 -354.002   0.002 -354.000  4219846.8 329576.2 388663.4 62711.9  14079.6  8454.0  5450.9
  -145  -4.267  -0.000  -4.268  4481770.4 355575.5 400372.5 74594.2  21041.7  6159.6  7782.3
  -144 -1183.840   0.000 -1183.840  3948582.5 287733.9 345706.5 57210.9  16668.4 13940.1  6350.0
  -143 -1535.842   0.007 -1535.835  3737342.5 328904.4 354374.1 53966.6   7173.6 19821.3  3673.5
  -142 -1167.591   0.003 -1167.587  3677672.0 329035.9 270839.2 62893.4  12712.0 12009.7  7316.7
  -141 1975.478  -0.009 1975.469  4695398.0 340838.2 307441.6 93398.4  21605.5 10356.7 12393.4
  -140 1884.841  -0.009 1884.832  4696547.1 392439.2 533567.7 65851.5  19760.8 10356.1  9500.2
  -139 -531.991  -0.003 -531.994  4369324.9 330108.0 347910.6 60046.4  16490.4  7694.4  6346.9
  -138 1647.871  -0.003 1647.868  4886529.7 354522.1 505057.3 89549.2  21797.0  4810.1  8460.0
  -137 -130.875   0.000 -130.875  4678626.3 324676.8 412170.0 63015.3  16482.3  7127.8  5710.9
  -136 -2409.786   0.014 -2409.755  3656738.2 306179.5 314566.8 54864.4  15730.9  8361.3  4955.7
  -135 759.322  -0.004 759.318  4228902.6 385588.9 435177.0 81952.6  15327.0 13457.8  7230.8
  -134 1085.057  -0.001 1085.056  4833828.1 345227.8 477292.0 75289.6  22735.1 10461.4  9386.7
  -133 -782.929   0.003 -782.926  4236631.3 318170.6 394812.2 55772.2  13099.6 10816.2  4751.0
  -132 -227.046   0.001 -227.044  4315045.0 308190.1 379661.2 65669.5  15410.8  9121.0  6133.2
  -131 140.071  -0.000 140.071  4233532.4 349289.4 361034.2 75360.7  16773.2  9919.4  7079.3
  -130 157.901  -0.000 157.900  4482248.2 340817.3 391219.8 74201.1  21201.6  7559.0  7615.5
  -129 1775.977  -0.005 1775.972  4975670.9 340811.0 516769.4 82737.9  22569.5  6310.8  8748.0
  -128 702.458  -0.004 702.454  4771847.0 323784.2 659250.7 59925.3  18201.1 12630.9  6798.7
  -127 -936.850   0.001 -936.848  4430005.2 313919.5 405063.7 64202.1  18325.5  8745.6  5708.1
  -126 -1972.889   0.009 -1972.874  3734288.8 298666.4 319279.2 60544.7  16822.0  8912.8  5153.2
  -125 1659.034  -0.003 1659.030  4626329.6 390584.3 548298.4 90385.7  24388.1 10135.8  9928.0

         Carbon flux (ktC/yr)        Water (dam3/yr)                Nitrogen (MgN/yr)
       ----------------------- -------------------------- --------------------------------
Spinup NEP     estab   NBP     transp     evap    interc  nuptake ndemand  nlosses ninflux
------ ------- ------- ------- ---------- ------- ------- ------- -------- ------- -------
  -124 1797.205  -0.001 1797.204  5086579.5 356880.3 628399.5 65730.5  21580.9  5599.4  9355.5
  -123  46.704   0.001  46.705  4669837.5 319110.7 582766.6 56503.0  20199.6  6861.3  7124.7
  -122 751.948  -0.003 751.945  5099261.5 344305.7 623325.6 73324.3  27522.0  4747.1  9621.9
  -121 737.559  -0.004 737.555  5123546.1 323781.9 514999.5 70450.7  26948.7  2400.2  8870.3
  -120 794.861  -0.001 794.860  5147502.0 344416.0 663042.8 69379.7  26256.1  2940.9  8584.8
  -119 -434.761   0.001 -434.760  4734082.8 325805.2 615563.2 57283.4  23604.0  4602.5  7315.8
  -118 101.719  -0.000 101.719  4693705.6 381543.0 697900.0 69995.5  30603.4  4072.1  9513.0
  -117 -180.125   0.001 -180.124  4729356.3 323673.0 572642.6 63394.0  24915.3  3029.8  8330.9
  -116 136.057  -0.000 136.056  4621266.1 379154.8 690355.3 65926.4  30839.0  3643.0 10093.6
  -115 -1025.334   0.001 -1025.333  4322107.7 309149.5 398012.2 59810.4  22515.9  3083.9  7514.3
  -114 224.773  -0.001 224.772  4493550.6 326132.7 569450.6 71786.0  24059.6  4602.3  9456.6
  -113  14.417   0.001  14.418  4401411.4 303318.5 417708.0 67199.9  19100.6  6045.6  6984.4
  -112 -1065.718   0.001 -1065.717  4154115.1 319687.9 372053.2 63678.9  19830.0  5255.0  6955.6
  -111 -154.314   0.001 -154.313  4053836.9 344254.8 521902.9 70704.7  17630.6  8096.3  6952.7
  -110 1119.277  -0.003 1119.274  4929980.9 340139.5 568929.7 70633.0  28839.7  7172.6 11267.6
  -109 -1459.362   0.008 -1459.330  3996543.4 285317.4 323573.6 53985.3  19058.6  5140.0  6493.3
  -108 1117.722  -0.005 1117.718  4707489.3 346349.6 493593.3 85379.6  20505.5  7634.1  8666.2
  -107 -1657.800   0.008 -1657.792  3866933.6 290470.0 309808.2 55890.7  17324.1  6542.1  6464.6
  -106 -1032.655   0.001 -1032.653  3766265.8 345174.0 359656.7 64661.8  10859.1 15711.1  5107.9
  -105 1588.753  -0.004 1588.749  4766566.9 329108.1 363730.0 89313.3  21861.3  6687.9 11028.8
  -104 1456.946  -0.003 1456.943  4692890.2 380961.0 589044.6 67185.4  20575.0  7136.1  9635.8
  -103 783.365  -0.001 783.363  4713276.5 315174.5 640929.7 64321.7  19302.3 12132.0  8105.2
  -102 -1698.551   0.003 -1698.548  3961477.3 271046.5 377285.8 52356.4  18822.5  9749.2  6597.7
  -101 -959.700   0.003 -959.696  4003093.9 290800.6 375022.2 63314.7  12584.8 10117.9  5996.5
  -100 1339.788  -0.005 1339.783  4757155.4 353025.1 527831.1 80897.9  23254.3  9600.6 11850.9

         Carbon flux (ktC/yr)        Water (dam3/yr)                Nitrogen (MgN/yr)
       ----------------------- -------------------------- --------------------------------
Spinup NEP     estab   NBP     transp     evap    interc  nuptake ndemand  nlosses ninflux
------ ------- ------- ------- ---------- ------- ------- ------- -------- ------- -------
   -99 1129.700  -0.004 1129.696  4751636.3 311332.4 572042.3 61059.5  20642.8  9523.3  9290.2
   -98 -1064.303   0.001 -1064.301  4285518.1 273104.7 306912.1 60942.3  20999.3  5185.2  7595.1
   -97 1325.690  -0.004 1325.687  4905261.2 336237.5 547028.4 81255.5  23247.2  6065.7  9257.5
   -96 -1326.581   0.008 -1326.571  4044504.5 301516.4 377959.4 51051.9  14790.3  9278.3  5180.4
   -95 -853.927  -0.002 -853.928  3957553.6 305960.4 378941.3 63800.4  12703.7 15610.5  5194.5
   -94 -2050.223   0.005 -2050.218  3671407.8 305185.3 277729.4 47231.3  12755.8 13051.9  6146.9
   -93 962.387  -0.003 962.384  4257783.1 332550.9 291212.7 90824.1  14848.2 11857.8  8558.8
   -92 -521.492   0.004 -521.488  3908799.2 310725.3 281521.7 58542.0  12273.3 14254.1  6190.6
   -91 1066.729  -0.005 1066.724  4342288.5 324068.4 472073.9 81028.1  15996.7 19093.8  8614.0
   -90  41.788  -0.001  41.787  4378172.7 305482.9 305866.1 66093.8  17503.6 10114.0  7848.7
   -89 1513.108  -0.003 1513.105  4743081.0 370187.4 563176.4 81768.1  22348.0  9827.7  9326.2
   -88 697.581   0.023 697.604  4680305.4 337575.4 540035.3 60662.5  18736.6  8503.0  7119.0
   -87 -1270.245  -0.004 -1270.249  3932377.7 311517.0 342031.0 56439.2  17316.7 12530.7  5783.8
   -86 -347.009   0.004 -347.006  4166165.3 317391.5 338701.5 76273.8  12169.9  9514.3  5954.5
   -85 1009.670  -0.003 1009.667  4672897.9 386220.8 565773.2 75849.3  25521.2  6984.7 10486.8
   -84 1447.564  -0.001 1447.564  5107343.5 363866.4 547870.2 68333.0  22133.3  4348.8  8679.1
   -83  87.102   0.003  87.104  4803874.0 328424.8 425596.6 67030.5  18354.6  5544.5  5926.3
   -82  40.836  -0.001  40.835  4755091.8 339743.2 619163.2 69877.5  21751.8  5864.3  7471.9
   -81 216.025  -0.002 216.023  4848511.8 332294.9 636254.7 68461.2  23472.0  6497.3  7696.7
   -80 -155.680   0.002 -155.678  4820361.6 343150.2 476479.8 69822.8  24371.1  4844.0  6648.4
   -79 -217.581   0.002 -217.579  4451234.7 361944.7 607100.6 64048.8  19198.7  6635.8  5856.0
   -78 378.696   0.001 378.697  4685226.9 357725.9 599900.0 72022.2  21375.0  7893.9  6718.3
   -77 721.279  -0.001 721.278  4984429.0 352478.2 715821.3 65236.2  26087.2  5347.9  8233.6
   -76 -3104.904   0.010 -3104.895  3928938.5 323330.8 378149.9 28186.3  15125.8 12033.2  4699.8
   -75 1106.825  -0.003 1106.821  4498972.8 339731.6 416863.9 85507.7  13508.6 10974.8  7302.5

         Carbon flux (ktC/yr)        Water (dam3/yr)                Nitrogen (MgN/yr)
       ----------------------- -------------------------- --------------------------------
Spinup NEP     estab   NBP     transp     evap    interc  nuptake ndemand  nlosses ninflux
------ ------- ------- ------- ---------- ------- ------- ------- -------- ------- -------
   -74 -307.103  -0.001 -307.104  4339482.7 319694.7 358419.3 58707.3  17050.4 11994.1  7367.3
   -73 -1313.859   0.009 -1313.847  3768951.9 296011.0 264573.0 65267.8  14903.9  8898.0  6062.7
   -72 1632.066  -0.002 1632.064  4669950.5 396929.6 502742.0 87027.7  22218.3 10609.7 10476.4
   -71 2148.715   0.000 2148.715  5253739.0 344338.9 565934.5 68730.7  21810.0  5103.5  9057.8
   -70 -1521.692   0.005 -1521.686  4057637.5 284534.4 378457.7 43551.8  16472.4 11931.7  5530.9
   -69 1706.910  -0.006 1706.905  4809081.7 350497.2 494251.7 82643.5  17156.5  6509.2  8003.3
   -68 916.733  -0.004 916.729  5020301.6 372463.4 568722.4 67644.8  20985.2  7921.2  7388.7
   -67 -469.953   0.002 -469.951  4490001.4 357895.6 446647.2 62089.8  19342.8  7589.7  5655.7
   -66 -1047.621   0.003 -1047.617  4198387.7 324249.7 428389.6 57734.8  15838.2  9031.3  4966.8
   -65 1047.466  -0.004 1047.462  4850054.4 374317.8 519805.7 80005.0  21873.8  6235.7  8433.1
   -64 -862.759  -0.000 -862.759  4383811.3 335724.0 464369.5 47296.2  19258.4  6843.9  6552.8
   -63 816.342  -0.002 816.340  4871423.5 353409.8 528457.6 88122.4  22524.6  6125.4  8497.7
   -62 582.107   0.000 582.107  4658568.0 330789.0 652762.0 61643.5  18907.4  9045.8  6956.8
   -61 -1048.919   0.001 -1048.918  4395843.2 329075.7 438333.2 54850.8  21559.7  6560.4  6381.2
   -60 -661.928   0.002 -661.926  4086298.1 359440.0 396000.0 67302.3  17255.8  8955.0  6417.0
   -59  29.494  -0.002  29.491  4474555.4 319972.1 365299.4 74110.0  19606.7  4521.9  7867.4
   -58 -242.191   0.000 -242.191  4308772.3 353284.0 412364.5 66553.4  21030.7  4808.1  7473.6
   -57  40.830  -0.001  40.829  4300031.4 335919.1 512440.3 65904.6  18143.2  8518.6  7247.1
   -56 -829.119   0.000 -829.119  4223212.9 328532.3 407454.6 62812.6  19773.9  6541.4  7198.5
   -55 403.358  -0.002 403.356  4478442.0 346638.1 487900.7 76622.3  21550.0  7335.9  8725.3
   -54 -38.405   0.001 -38.404  4339931.7 324479.1 389341.5 65462.7  16269.5  6734.6  6436.3
   -53 1009.915  -0.003 1009.912  4889302.6 336497.8 451106.8 76148.9  26062.2  3636.0 10109.1
   -52 -1292.715   0.003 -1292.712  4191383.1 324198.2 420839.9 47338.3  16942.7  6642.1  6264.6
   -51 1196.206  -0.003 1196.203  4631683.2 390128.5 578465.9 79912.4  21653.7 10400.4  9931.7
   -50 1061.012  -0.002 1061.011  4940762.7 364304.5 547903.6 67360.3  22208.3  4947.1  8935.7

         Carbon flux (ktC/yr)        Water (dam3/yr)                Nitrogen (MgN/yr)
       ----------------------- -------------------------- --------------------------------
Spinup NEP     estab   NBP     transp     evap    interc  nuptake ndemand  nlosses ninflux
------ ------- ------- ------- ---------- ------- ------- ------- -------- ------- -------
   -49 -234.673   0.000 -234.673  4716207.3 336444.4 452313.7 65030.4  23078.7  4013.4  7594.4
   -48 539.979  -0.001 539.979  4759985.6 354212.4 662669.9 71865.5  26640.4  4081.7  8965.9
   -47 -1158.704   0.002 -1158.702  4358784.3 316642.2 439667.0 55141.9  21196.1  5126.2  6866.6
   -46 -1551.686   0.009 -1551.452  3806218.2 320274.0 355415.2 61358.3  13981.6 10074.5  5314.2
   -45 -1338.050   0.010 -1338.039  3677361.1 323919.2 313509.7 61682.4  13303.2 13476.2  5662.7
   -44 1446.991  -0.003 1446.988  4574082.5 377253.9 481749.4 83551.7  23443.4  9386.5 11274.1
   -43 1070.009   0.001 1070.010  4711237.7 321420.9 358234.8 70207.4  16973.6  5517.8  8258.6
   -42 -848.555   0.005 -848.549  4013896.0 334081.6 396861.5 54761.3  12934.1 10860.1  5144.7
   -41 -662.092   0.003 -662.089  4153125.1 341758.1 390003.6 64060.9  18769.4  6140.5  8066.3
   -40 1619.507  -0.004 1619.503  4832209.6 341670.4 409900.4 89366.8  24236.8  4751.9 10315.8
   -39  87.150   0.001  87.151  4342502.7 344479.0 526885.1 51561.5  16082.9  9868.8  6336.8
   -38 348.241  -0.001 348.240  4680331.7 346764.4 512853.9 75014.1  20917.1  6512.9  8201.3
   -37 1403.633  -0.008 1403.625  5027399.6 350422.6 552428.1 75228.1  24682.9  3683.6  9263.0
   -36 -174.043  -0.001 -174.044  4746059.1 325060.6 435808.7 61712.7  17938.3  4971.0  6109.9
   -35 -372.948   0.000 -372.948  4526494.3 352436.1 560075.7 70322.8  21115.9  4724.8  7036.9
   -34 -2452.524   0.006 -2452.518  3934884.2 323700.3 341408.2 41885.2  17529.4  8354.5  6018.2
   -33 -266.019   0.000 -266.018  4102175.0 329807.2 320016.8 74372.0  14922.5  8628.3  7233.1
   -32 223.758   0.000 223.758  4237191.6 336737.0 305378.6 79962.0  15399.1  7985.7  8025.8
   -31 755.077  -0.005 755.072  4481664.1 346812.3 481695.6 72094.3  19584.0  7391.3  9310.7
   -30 -351.492   0.003 -351.489  4229118.5 320840.4 328405.0 62318.6  16123.0  9071.7  6373.4
   -29 1761.967  -0.005 1761.961  5005441.4 361783.2 538467.3 82228.8  22274.8  6965.3  9478.6
   -28 731.561  -0.001 731.560  4985528.9 353142.8 557118.0 65284.8  21629.3  4145.3  7892.5
   -27 -81.046   0.002 -81.044  4688588.6 346412.3 558160.9 67061.8  19973.4  4942.4  6713.6
   -26 -1029.899   0.003 -1029.896  4426227.2 330308.9 442289.5 62506.1  20918.3  6028.4  6519.3
   -25 -2253.453   0.007 -2253.445  3789370.6 329806.1 378333.4 50217.9  14851.3  8748.4  5623.1

         Carbon flux (ktC/yr)        Water (dam3/yr)                Nitrogen (MgN/yr)
       ----------------------- -------------------------- --------------------------------
Spinup NEP     estab   NBP     transp     evap    interc  nuptake ndemand  nlosses ninflux
------ ------- ------- ------- ---------- ------- ------- ------- -------- ------- -------
   -24 1099.318  -0.006 1099.312  4408638.8 372319.4 412667.9 88483.0  18318.4 11853.5  9377.5
   -23 1724.072  -0.003 1724.069  4959783.6 372959.4 476381.3 71311.8  21824.8  7906.0  9307.8
   -22 -849.188   0.001 -849.187  4292176.1 330923.6 409017.4 53272.2  16807.3  8357.1  6213.6
   -21 1395.576  -0.003 1395.574  4969028.8 335471.6 431947.4 90878.5  25361.4  5301.0  9580.1
   -20 -2086.409   0.009 -2086.316  3900638.8 329344.3 374080.4 39020.5  11850.9 12341.5  4035.6
   -19 1720.047  -0.003 1720.044  4736059.7 375161.0 519863.5 80435.7  18099.0 11886.7  9043.6
   -18 1645.207  -0.002 1645.205  5056350.1 367374.8 606387.2 68012.2  20089.4  7474.2  9277.4
   -17 538.464  -0.001 538.463  4886613.3 323115.4 647311.2 58498.2  21057.8  9180.8  8099.5
   -16 -560.069   0.000 -560.069  4766506.8 300368.1 445889.4 62195.9  21878.2  4127.7  7335.7
   -15 862.278  -0.004 862.274  4988008.6 362757.2 636947.2 72492.9  25576.4  4032.9  9783.8
   -14 -132.623   0.000 -132.623  4661126.2 343270.3 425833.7 61266.1  21844.8  3540.2  7822.8
   -13 229.125  -0.001 229.124  4718838.6 388083.5 661620.9 68422.2  27811.8  4278.3  9432.7
   -12 -66.615   0.002 -66.614  4677054.7 332235.7 592105.4 64381.2  24283.6  2973.6  8406.9
   -11 -1143.681   0.003 -1143.678  4399117.6 318299.0 437268.2 60690.6  21805.4  5260.5  6955.6
   -10 403.756  -0.002 403.754  4518359.8 366478.9 505075.0 76429.9  22165.4  6176.9  8770.4
    -9 297.206  -0.001 297.205  4583696.2 349338.5 397277.4 69898.3  21041.3  4580.1  8041.5
    -8 1050.591  -0.002 1050.589  5126328.0 330026.1 475200.7 77819.3  26854.8  3284.4  9444.7
    -7 -1829.279   0.005 -1829.274  4051406.2 339419.7 447825.4 47787.6  15356.1  7405.5  5273.7
    -6 883.788  -0.004 883.785  4665095.7 339202.7 506800.2 77965.2  17154.5 10347.6  8350.1
    -5 1354.336  -0.002 1354.334  5070527.8 363573.6 615322.6 70540.8  23125.5  6617.4  9850.7
    -4 1154.895  -0.001 1154.894  5156003.0 343455.8 564354.8 68651.7  24485.3  2059.0  8877.2
    -3 -519.117   0.002 -519.115  4611226.2 328992.3 582362.2 58951.4  20331.1  6847.4  6698.9
    -2 -354.076   0.000 -354.076  4767920.0 337717.2 444244.9 75828.2  24636.6  4732.3  8017.2
    -1 -235.759   0.000 -235.758  4494126.2 330664.3 543871.4 67889.2  20781.9  6542.2  7384.9
     0 100.402  -0.001 100.401  4902220.7 345778.2 543058.6 72329.6  27514.2  4197.1  9684.5

         Carbon flux (ktC/yr)        Water (dam3/yr)                Nitrogen (MgN/yr)
       ----------------------- -------------------------- --------------------------------
Spinup NEP     estab   NBP     transp     evap    interc  nuptake ndemand  nlosses ninflux
------ ------- ------- ------- ---------- ------- ------- ------- -------- ------- -------
     1 -610.172   0.003 -610.169  4304199.9 348824.3 416437.9 65228.9  18753.7  5809.7  6907.0
     2 -119.906   0.001 -119.905  4588076.1 335975.6 523274.1 70243.3  23216.1  6287.3  8424.5
     3 -63.976  -0.001 -63.976  4582338.9 339418.5 519231.7 67204.2  23315.1  5005.1  8686.0
     4 -931.857   0.001 -931.857  4305313.9 328478.1 351102.3 67543.2  20909.8  4083.6  7628.9
     5 314.377  -0.002 314.375  4396573.0 370439.5 503460.7 76873.7  20877.3  6793.7  8522.1
     6 1166.911  -0.002 1166.908  5013063.0 362520.4 627815.6 69315.8  25783.7  4035.6 10488.9
     7 532.793  -0.001 532.792  4744493.8 383623.9 679396.7 61596.5  25173.5  2336.3  9112.5
     8 -1752.601   0.003 -1752.598  4215056.5 280791.3 339818.6 60034.0  20865.5  4624.1  6761.3
     9 1121.786  -0.003 1121.784  4668160.9 389837.6 601908.5 83560.0  24390.1  6846.9  9453.0
    10 264.510  -0.001 264.509  4657268.3 331740.3 574472.2 63831.9  21543.4  4874.9  8561.8
    11 151.132  -0.000 151.132  4887728.8 340446.1 556878.2 70165.1  26243.4  4539.4  9305.0
    12 -220.640   0.001 -220.640  4629559.3 327072.5 551817.5 66156.7  22985.3  4239.8  8058.6
    13 398.015  -0.001 398.013  4738557.6 349193.5 640209.9 75499.1  27796.0  3652.8  9732.1
    14 474.078  -0.001 474.077  4797065.9 347527.9 663099.3 66093.9  25798.3  2378.4  9069.3
    15 -2464.829   0.006 -2464.822  3990514.0 307406.6 423343.6 46494.6  15572.1 10169.3  5785.6
    16 1722.778  -0.004 1722.774  4917221.1 358167.9 445193.2 93995.1  18423.1  9189.9  9567.1
    17 -514.178   0.000 -514.177  4443772.8 329127.8 420376.2 51973.0  17404.7  9652.4  7394.2
    18 819.510  -0.002 819.508  4886034.6 335574.7 506368.5 92347.5  21369.6  8244.4  9277.6
    19 -159.338   0.000 -159.337  4510479.0 314873.4 533003.4 63349.1  17523.0 10651.2  6961.0
    20 678.230  -0.002 678.228  4717933.6 379278.2 637992.5 76174.0  25964.6  6531.5  9534.8
    21 -1534.169   0.003 -1534.166  4046063.0 268775.8 375833.6 49921.9  18058.1  9076.6  6199.4
    22 -3166.003   0.012 -3165.991  3425473.9 309100.8 296783.5 35637.1   9600.9 22790.9  4866.3
    23 2820.065  -0.009 2820.055  4745628.6 330110.0 315280.6 106418.3  14803.3 11337.0 10926.1
    24 1642.803  -0.004 1642.798  4725290.4 352982.4 486161.1 61553.4  18503.0 11707.0  9874.2
    25 1384.554  -0.003 1384.551  5015109.3 342707.7 528886.3 73479.5  20305.2  8329.2  9477.3

         Carbon flux (ktC/yr)        Water (dam3/yr)                Nitrogen (MgN/yr)
       ----------------------- -------------------------- --------------------------------
Spinup NEP     estab   NBP     transp     evap    interc  nuptake ndemand  nlosses ninflux
------ ------- ------- ------- ---------- ------- ------- ------- -------- ------- -------
    26 469.239  -0.001 469.237  4700229.0 311725.4 613743.7 64830.1  19280.5 12616.3  7337.1
    27 -2160.325   0.005 -2160.319  4053212.6 291997.9 401820.9 48331.7  17601.3  9710.6  5843.9
    28 708.420  -0.003 708.417  4573234.8 320270.4 348267.0 87962.3  18625.5  7914.4  8497.9
    29 1839.731  -0.004 1839.727  5132145.9 335354.7 530864.9 76548.7  22812.1  8302.3  9523.5
    30 -2499.181   0.007 -2499.174  3945913.8 294650.1 399768.7 34878.2  13565.1 13539.7  4846.5
    31 -1140.101   0.004 -1140.097  3834876.3 287863.2 294198.9 59422.3   9480.1 18099.1  5650.2
    32 -88.136   0.000 -88.136  3913745.9 311779.7 233551.9 78654.8  10851.6 17847.4  6507.0
    33 1852.762  -0.006 1852.756  4700438.4 348556.0 437287.5 80820.3  18392.1 18552.3 10531.6
    34 -1679.616   0.005 -1679.612  3893915.0 305818.5 268267.0 41723.0  13255.9 17744.4  5868.8
    35 2426.856  -0.005 2426.851  4767687.5 393816.9 502656.4 97435.4  17327.2 15073.2  8836.5
    36 757.801  -0.001 757.800  4663512.5 344950.1 482819.5 57881.1  18716.5  8443.0  7800.8
    37 -52.388  -0.000 -52.388  4745494.2 289754.9 391647.0 69601.3  18623.9  6854.6  6499.9
    38 -1414.798   0.002 -1414.795  4065252.8 264635.8 336533.4 62990.9  17905.4 14092.8  6410.1
    39 846.765  -0.003 846.762  4875433.4 327115.1 465778.1 88670.8  23058.5  7367.1  9285.4
    40 1627.286  -0.003 1627.282  5270684.4 337119.7 559650.0 73957.8  24427.0  5525.0  8950.2
    41 -1542.808   0.004 -1542.804  4276810.3 306613.9 429356.1 43846.3  12350.3 15675.3  3863.3
    42 205.056  -0.000 205.056  4324565.1 335652.5 484938.7 65731.6  15455.6 12798.3  6160.9
    43 1134.270  -0.003 1134.268  5041720.3 351042.1 505093.8 78457.7  23319.6 10738.8  9035.4
    44 -106.157   0.000 -106.157  4767332.0 328772.6 430042.9 64304.5  22513.9  5278.4  6825.0
    45 -1181.708   0.003 -1181.706  4359141.6 301682.7 413808.9 58167.7  19720.4  7783.7  6016.0
    46 -156.800   0.000 -156.800  4395749.7 331067.5 389849.7 80872.2  19892.8  7426.0  6826.4
    47 -1595.158   0.005 -1595.153  3882279.5 278702.9 289050.2 58121.0  16335.0  7970.4  5644.5
    48 1683.624  -0.004 1683.620  4750756.4 340992.5 525119.2 90819.2  22518.1 12279.1  8922.4
    49 1811.631  -0.002 1811.629  5241086.5 324022.9 443084.4 73648.6  22929.0  6948.7  8174.2
    50 1055.716  -0.001 1055.714  5032973.3 339693.8 673511.1 62347.3  22089.7  7458.7  7100.7

         Carbon flux (ktC/yr)        Water (dam3/yr)                Nitrogen (MgN/yr)
       ----------------------- -------------------------- --------------------------------
Spinup NEP     estab   NBP     transp     evap    interc  nuptake ndemand  nlosses ninflux
------ ------- ------- ------- ---------- ------- ------- ------- -------- ------- -------
    51  79.737   0.017  79.754  4747590.3 343233.5 602127.9 66338.2  19669.6 11440.2  6366.3
    52 597.237  -0.005 597.233  5101611.4 411029.6 565240.7 76163.0  26194.1  4489.6  7917.2
    53 -31.719   0.003 -31.717  4793812.0 350689.1 610505.0 61255.0  21625.0  5981.0  6918.3
    54 749.854   0.001 749.855  5202072.8 349825.3 611459.0 75396.3  29071.7  2311.7  8666.1
    55 -651.166   0.005 -651.162  4610937.2 330534.3 620552.4 51363.8  19749.9  8522.5  5760.3
    56 414.475   0.002 414.477  5189337.2 336258.8 508492.0 74476.0  27917.7  4049.0  9124.0
    57 974.900   0.001 974.901  5044840.7 414384.7 789512.1 68263.4  24814.0  2487.9  8413.2
    58 -460.521   0.004 -460.517  5057028.5 319210.5 472390.6 61877.2  22047.6  3769.5  6544.9
    59 -2401.597   0.009 -2401.588  3933828.6 347226.1 462752.0 50120.6  17671.2  7657.6  5166.1
    60 -1342.431   0.005 -1342.426  3907227.3 287270.7 315104.2 64781.8  17428.8  9095.2  7126.7
    61 -1135.034   0.005 -1135.029  3830610.3 290713.3 292411.0 68071.1  17305.0  7878.7  7283.5
    62 543.437  -0.002 543.435  4506650.5 338664.1 450779.9 80962.8  21765.2  5356.5 10596.9
    63 1351.672  -0.002 1351.671  4780768.7 385559.4 583023.7 65097.7  24382.0  4222.2 10585.5
    64 1085.387  -0.000 1085.386  4888226.7 356340.1 629956.0 60224.1  23360.3  3232.8  9202.4
    65 -1241.711   0.007 -1241.705  4188478.7 327821.0 379020.2 55833.6  15948.6  9630.3  5396.5
    66 -1390.868   0.004 -1390.864  3907130.8 290832.8 334866.9 59193.7  16935.6 10367.1  6698.8
    67 -1020.582   0.004 -1020.579  3831110.2 289200.0 303877.9 67099.6  16437.5  9715.1  7229.3
    68 154.033  -0.001 154.032  4288504.3 347040.7 420723.7 78789.0  18057.7  6142.4  8665.8
    69 731.830  -0.003 731.828  4457561.9 361051.0 461057.2 68835.4  20816.4  6350.1  8940.0
    70 670.708  -0.002 670.706  4655969.3 341276.3 534549.4 63378.5  21836.2  6141.4  9130.7
    71 372.249  -0.001 372.248  4877114.0 316507.1 389489.5 70139.5  20588.4  4780.8  7732.3
    72 -1372.383   0.002 -1372.381  4258448.8 329484.5 412322.9 53114.4  18584.6  7078.8  6278.9
    73 -153.178   0.002 -153.176  4318082.5 332759.8 346968.7 78597.6  14696.3  8334.7  6814.1
    74 741.490  -0.002 741.488  4658469.8 393505.5 586375.0 72984.5  26049.1  5377.6 10036.1
    75 324.377   0.000 324.377  4734013.6 334481.9 528026.5 56822.0  20522.4  5203.3  7634.2

         Carbon flux (ktC/yr)        Water (dam3/yr)                Nitrogen (MgN/yr)
       ----------------------- -------------------------- --------------------------------
Spinup NEP     estab   NBP     transp     evap    interc  nuptake ndemand  nlosses ninflux
------ ------- ------- ------- ---------- ------- ------- ------- -------- ------- -------
    76 -2404.540   0.006 -2404.534  3976406.3 318188.6 324147.0 43114.1  15427.5 10283.6  5696.2
    77 -739.340   0.005 -739.334  3871090.0 326426.0 307856.8 64131.8  10087.0 16041.3  5182.0
    78 575.407  -0.003 575.404  4371973.2 358206.4 298913.7 79683.9  17494.6  8516.2  9604.5
    79 -528.135   0.001 -528.134  4045186.1 336142.3 324064.5 57747.3  14864.9  9840.2  7205.3
    80 -905.859   0.005 -905.854  3847058.7 299859.7 232159.8 73226.4  15772.2  8016.3  7227.8
    81 -715.877   0.002 -715.875  3747043.8 297768.0 269474.1 67386.2  13803.9 16866.0  6659.7
    82 1522.802  -0.003 1522.799  4607582.9 344491.8 339336.0 91447.8  21945.7  5723.0 10328.4
    83 -2441.850   0.009 -2441.841  3682695.1 335197.5 326651.2 29778.5  10425.8 17348.7  5233.5
    84 1845.185  -0.003 1845.182  4572560.7 342772.3 329300.8 84954.1  12528.1 12348.6  8682.6
    85 629.179  -0.002 629.177  4538583.7 350088.6 314807.9 69473.3  17538.6 12621.9  9161.1
    86 795.960  -0.003 795.957  4823719.8 345175.8 447298.9 72499.7  20137.0  9511.6  9335.6
    87 863.612  -0.003 863.608  4756491.8 380968.5 574932.0 67790.8  24262.0  3902.3  9224.1
    88 -939.607   0.001 -939.606  4412453.0 307748.7 393925.0 50341.4  19760.3  5466.7  6507.7
    89 371.058  -0.000 371.057  4606262.1 327784.4 466173.1 78238.4  18481.8  6238.5  7596.3
    90 1584.872  -0.002 1584.870  5161759.0 393841.4 650077.2 74657.2  26134.6  6752.8  9996.9
    91 1017.784  -0.000 1017.784  5343853.3 321859.0 483107.0 63332.6  26678.8  2703.7  8909.4
    92 -362.204   0.002 -362.203  4751288.9 330124.3 555321.1 61836.2  20574.9  5002.5  6844.9
    93 -2400.036   0.007 -2400.029  4039616.7 305458.0 402742.9 47309.2  18349.1  8176.9  5958.0
    94 -687.260   0.002 -687.258  3982577.0 308187.7 281327.3 72314.1  14390.5  9485.8  6757.7
    95 1415.892  -0.003 1415.890  4758884.7 363444.8 417228.4 80661.0  21899.3  6582.4  9993.8
    96 -577.704   0.003 -577.701  4222364.4 313925.0 324155.7 55860.2  14603.2  8994.3  5637.1
    97 909.324  -0.001 909.323  4874422.0 337445.0 470762.7 80198.5  20898.7  8437.5  9130.0
    98 -1158.507   0.004 -1158.503  4266584.1 310282.4 377028.9 51592.0  17249.6  7982.7  6602.7
    99 522.996  -0.001 522.995  4544735.3 325145.2 435401.4 81423.2  17232.6  8448.3  8162.6
   100 618.712  -0.001 618.711  4868405.4 303989.6 347168.3 74156.4  19308.3  6809.0  8236.6

         Carbon flux (ktC/yr)        Water (dam3/yr)                Nitrogen (MgN/yr)
       ----------------------- -------------------------- --------------------------------
Spinup NEP     estab   NBP     transp     evap    interc  nuptake ndemand  nlosses ninflux
------ ------- ------- ------- ---------- ------- ------- ------- -------- ------- -------
   101 -3228.266   0.012 -3228.254  3641940.4 310672.0 305392.8 25411.7  12480.7 11830.1  4951.2
   102  28.323   0.002  28.324  3796043.1 330107.4 246940.8 77639.9   8188.8 17462.4  5605.8
   103 -141.767  -0.000 -141.768  3958504.1 330867.7 213820.7 76967.0  12935.2  8628.0  8178.3
   104 -959.248   0.009 -959.239  3588386.3 337349.9 226861.9 57198.9  10739.4 16076.0  6127.4
   105 1612.336  -0.006 1612.330  4747296.5 349265.8 331306.3 88059.2  17960.1 12282.9 11706.2
   106 586.507  -0.003 586.504  4338351.3 361313.4 372001.3 64665.3  15794.7  8105.9  8896.8
   107  50.179  -0.000  50.179  4352314.8 307449.8 279344.6 68895.2  15858.9  9524.3  7737.3
   108 -945.266   0.003 -945.263  4012802.3 320682.9 336066.3 59594.6  14234.1 10202.2  6268.5
   109 2120.955  -0.003 2120.951  4933788.1 395742.9 532551.1 93912.5  23136.7  6975.0 10788.1
   110 1377.794  -0.002 1377.792  4950121.7 374863.4 566241.3 59151.2  22375.3  5064.7  9173.7
   111  92.215  -0.001  92.214  4817329.7 317590.0 518089.7 56161.4  20593.2  7367.9  7763.3
   112  81.153  -0.001  81.152  4595419.8 334081.3 521117.1 71333.9  19886.4  6228.1  6940.4
   113 780.257  -0.003 780.254  5188738.1 350786.8 529839.9 70185.1  26532.7  6157.1  9117.7
   114  53.003  -0.002  53.001  4856067.9 317560.7 580422.2 62131.5  24571.0  4317.4  7926.2
   115 -146.728  -0.000 -146.728  4954954.6 298853.9 406228.8 72499.0  23011.0  4424.6  6842.6
   116 -1702.027   0.003 -1702.024  4296921.2 304633.9 417648.0 51909.0  20216.5  6724.6  5928.7
   117 828.510  -0.003 828.507  4953234.7 324985.1 473174.8 85074.5  22646.9  7350.5  9454.1
   118 1510.016  -0.002 1510.014  5314276.5 333908.8 565097.4 72239.6  24645.1  4619.7  8932.3
   119 -524.801   0.001 -524.799  4615304.3 315676.0 558542.7 53076.3  17396.2 11358.8  5605.9
   120 109.967  -0.000 109.967  4710894.9 339435.0 543652.7 69992.3  20907.7  9774.0  7532.5
   121 -219.909   0.000 -219.909  4704564.5 308212.3 539782.8 64813.1  21441.0  8101.0  6981.8
   122  58.136  -0.000  58.136  5082855.9 328146.8 544409.3 70237.7  27980.8  5090.8  9129.6
   123 -702.313   0.001 -702.311  4590242.5 303824.3 403600.2 66087.1  18509.6  5968.7  6026.8
   124  51.120  -0.001  51.120  4704323.0 316793.2 568538.4 73696.5  25262.9  5116.7  8479.3
   125 315.096  -0.001 315.095  4832712.9 315369.7 585853.4 67702.1  24816.4  5189.0  8231.0

         Carbon flux (ktC/yr)        Water (dam3/yr)                Nitrogen (MgN/yr)
       ----------------------- -------------------------- --------------------------------
Spinup NEP     estab   NBP     transp     evap    interc  nuptake ndemand  nlosses ninflux
------ ------- ------- ------- ---------- ------- ------- ------- -------- ------- -------
   126 -977.773   0.002 -977.771  4575598.7 317590.4 467443.9 56195.7  23012.8  6164.2  7139.0
   127 1448.347  -0.002 1448.344  5078739.3 330673.8 538341.8 90230.6  26528.4  3900.7  9426.9
   128 -888.850   0.002 -888.847  4471544.7 331293.0 450472.8 51508.6  16443.0  9130.4  5037.6
   129  20.416   0.000  20.417  4713871.6 319977.8 529312.9 70208.0  19825.4  8177.1  7228.0
   130 -2556.262   0.007 -2556.255  3979848.3 296863.4 334270.3 39944.4  16306.0 11711.5  5807.7
   131 1095.950  -0.003 1095.947  4602974.7 312850.7 444728.0 86735.4  16470.3 13641.6  9148.0
   132 1703.089  -0.003 1703.086  5135572.3 345552.1 569793.3 67382.6  22228.4  8273.6 10615.6
   133 -1958.371   0.006 -1958.365  4131778.2 288657.8 386196.4 40359.0  15956.3  8398.5  5961.9
   134 1515.811  -0.004 1515.807  4786704.1 365032.8 507011.4 74267.6  19101.3 13685.5 10228.0
   135 -749.127   0.001 -749.126  4387355.6 303135.2 372993.9 55730.2  17246.3  9958.9  7029.4
   136 -2065.748   0.006 -2065.742  3814788.9 294040.6 278713.5 52989.5  14761.3 11262.4  6095.6
   137 2055.689  -0.005 2055.684  4819303.6 324742.4 372881.3 100178.5  20261.6  6910.5 10661.7
   138 489.773  -0.001 489.772  4480598.9 333296.9 459115.2 54899.7  15736.4  8955.9  6819.0
   139 1339.779  -0.002 1339.777  5261941.0 315618.2 420996.5 82142.7  24414.9  8145.1  9628.4
   140 1562.651  -0.002 1562.649  5363899.3 339008.7 652072.9 68676.4  22191.3  5536.4  8558.4
   141 -319.734   0.000 -319.733  5021900.6 319859.6 464698.6 62039.6  22921.8  5107.7  6608.8
   142 -407.089   0.001 -407.088  4677698.2 304488.2 567521.3 67930.6  19903.1  8536.0  6133.7
   143   0.262  -0.000   0.262  4865682.0 313620.0 592565.6 71386.6  26441.2  5684.1  8082.3
   144 550.851  -0.001 550.850  4980462.2 365993.5 681440.8 68203.9  29044.4  4048.8  8761.7
   145 -70.177   0.000 -70.177  4749727.8 324565.7 600384.4 61585.3  21014.4  5171.0  6218.3
   146 -1232.960   0.003 -1232.957  4573807.9 299731.7 453599.9 61606.2  21479.3  8551.7  6052.5
   147 1356.402  -0.002 1356.400  5140618.5 327732.2 533433.1 85913.6  26641.9  4075.9  9261.7
   148 -1514.909   0.003 -1514.906  4432776.9 303182.1 445466.8 43247.8  18275.5  7597.3  5579.8
   149 1184.011  -0.003 1184.008  4902380.3 364641.1 606827.9 76976.0  21445.5  9812.3  8966.7
   150 1302.052  -0.002 1302.050  5298036.9 338056.8 679579.0 65989.3  23908.1  6029.5  9332.8

         Carbon flux (ktC/yr)        Water (dam3/yr)                Nitrogen (MgN/yr)
       ----------------------- -------------------------- --------------------------------
Spinup NEP     estab   NBP     transp     evap    interc  nuptake ndemand  nlosses ninflux
------ ------- ------- ------- ---------- ------- ------- ------- -------- ------- -------
   151 -629.097   0.001 -629.096  4685917.2 292724.5 453104.5 55862.2  18320.3  6434.5  5395.0
   152 -1177.855   0.003 -1177.853  4493108.7 282856.3 439040.0 56790.8  17788.1  7301.8  5679.7
   153 -283.945   0.000 -283.944  4559288.2 298245.0 368795.6 78343.4  18473.5  7052.2  7233.1
   154 -1512.695   0.004 -1512.691  4134468.2 301106.4 383577.4 53825.8  18262.5  7085.2  6827.1
   155 -1007.143   0.002 -1007.141  3864278.2 268011.1 293510.2 68027.2  15657.2 12661.9  7141.8
   156 476.074   0.017 476.091  4338673.9 344560.5 422115.7 79808.7  18273.9  8264.3  9314.4
   157 1502.719  -0.007 1502.712  4977021.9 398178.2 467037.1 71728.4  24124.6  6777.4 11054.4
   158 1190.137   0.000 1190.137  5100666.2 362849.2 522604.4 66956.6  21350.1  3316.8  9020.4
   159 -173.438   0.004 -173.434  4570997.7 351477.6 421675.0 62160.0  19276.4  6072.7  6436.6
   160 256.181  -0.000 256.181  4861460.4 384889.0 666945.3 67206.5  27154.5  4620.8  9463.9
   161 360.930  -0.002 360.928  4936079.3 320501.2 671951.8 62638.2  22033.4  6943.8  8076.8
   162 334.338  -0.001 334.336  5039548.7 322959.0 679461.3 64778.6  24818.1  5091.2  8568.9
   163 -1997.418   0.005 -1997.413  4124925.1 278523.7 388010.8 45592.8  21057.2  4920.3  6467.6
   164 1169.224  -0.003 1169.221  4840657.3 346920.8 486379.3 82054.7  20866.0  2577.5  9443.1
   165 -2747.023   0.011 -2747.009  3854634.6 321987.1 324667.0 26580.1  13972.2  8795.2  5062.1
   166 -222.245   0.005 -222.240  4112215.3 315022.0 293637.0 63424.6   9500.7 13022.9  5824.0
   167 588.877  -0.001 588.877  4242230.7 366263.0 354437.1 79222.2  14911.8 10221.7  9012.6
   168 -171.339   0.002 -171.336  4320722.6 316499.6 295752.1 60069.8  17343.7 13836.0  9080.4
   169 1327.898  -0.003 1327.895  4940021.8 350778.2 446027.9 74863.9  21776.6  6017.8 11500.2
   170 614.365  -0.002 614.363  4951589.1 345536.0 461327.0 62435.5  21985.2  3397.9  9690.6
   171 -1339.729   0.002 -1339.727  4065070.3 278821.9 323000.3 53494.9  18472.4  7284.4  6837.7
   172 -1969.406   0.012 -1969.394  3507866.3 300622.5 243597.1 58959.1  13147.8  8102.0  5593.3
   173 681.138  -0.002 681.136  4328429.8 348665.8 354101.2 78751.9  13960.8 10683.8  8041.7
   174 1793.960  -0.004 1793.957  5006624.6 408042.7 527647.2 76128.4  23262.7  8376.6 11798.7
   175 490.412   0.001 490.413  4701465.7 314101.4 365110.0 57136.2  15949.4  6106.7  6444.3

         Carbon flux (ktC/yr)        Water (dam3/yr)                Nitrogen (MgN/yr)
       ----------------------- -------------------------- --------------------------------
Spinup NEP     estab   NBP     transp     evap    interc  nuptake ndemand  nlosses ninflux
------ ------- ------- ------- ---------- ------- ------- ------- -------- ------- -------
   176 318.689  -0.001 318.688  5004288.6 350489.0 498809.6 69697.1  22828.3  5918.6  8997.1
   177 210.705  -0.004 210.701  4760063.0 333157.3 549583.7 66433.9  22364.5  4373.4  7981.8
   178 1421.962  -0.006 1421.956  5300590.3 396812.9 699104.9 74279.5  27675.2  3297.4  9343.5
   179 418.732  -0.001 418.731  4969868.9 384700.2 690832.2 56933.3  26188.9  1676.1  8089.2
   180 125.206  -0.000 125.206  4987053.8 349637.4 688174.7 61494.2  26455.8  3364.3  7842.7
   181 -1688.342   0.002 -1688.340  4382526.1 321833.8 393262.5 57734.9  19369.7  4732.3  5874.6
   182 -1122.209   0.001 -1122.209  4142880.6 337324.7 414772.5 60657.0  17918.6  5380.1  6779.6
   183 123.874  -0.001 123.873  4277915.5 358431.1 481295.6 76581.4  16897.1  7836.6  7067.1
   184 518.201  -0.002 518.200  4932816.9 343790.7 498205.2 69714.6  24857.5  6590.3  9764.7
   185 256.849  -0.001 256.848  4725702.9 328710.8 555852.2 64647.7  22696.9  3778.4  8582.3
   186 -1063.003   0.002 -1063.001  4455140.6 312262.0 418607.0 58662.2  20378.7  6955.9  6730.2
   187 -203.742  -0.000 -203.743  4530613.8 341391.0 394772.9 78278.6  23267.8  5320.8  7986.7
   188 1346.505  -0.002 1346.503  5189170.2 343751.0 560891.7 75255.0  26724.8  3844.8 10129.0
   189 -2786.795   0.007 -2786.788  3938037.5 312393.3 403253.6 31714.4  13616.6 10381.8  5197.4
   190 1186.985  -0.003 1186.982  4562631.0 356326.8 399825.6 77597.2  13711.8 18650.4  8655.9
   191 236.253  -0.001 236.252  4632546.6 294604.3 340629.9 67591.4  17096.6  8843.8  8072.3
   192 -175.642  -0.000 -175.642  4353546.4 337473.4 348900.3 72251.8  17994.9  9024.9  7996.4
   193 -918.841   0.001 -918.841  4279860.5 308187.1 352176.8 62080.6  18895.1  8555.9  7308.1
   194 -777.076   0.001 -777.075  4177190.1 309937.4 334347.8 71411.1  17380.0  7881.6  7305.3
   195 849.761  -0.003 849.758  4795221.3 334993.9 433383.2 85201.1  22671.8  7855.7 10541.1
   196 129.657  -0.000 129.657  4490070.1 314772.1 465916.0 59947.6  16857.3  9583.8  7365.4
   197 1262.597  -0.003 1262.595  5167488.7 339356.6 534501.0 78431.8  26056.5  6979.9 10555.1
   198 -2717.954   0.009 -2717.944  3897047.7 302012.7 323247.9 30175.2  13950.0 12603.7  5264.3
   199 1964.974  -0.007 1964.967  4738976.9 371544.5 455520.8 82426.1  17485.4 15768.2 10143.6
   200 1301.751  -0.003 1301.748  4998349.1 357471.7 464249.2 68213.2  20461.6  8355.0  9338.7

         Carbon flux (ktC/yr)        Water (dam3/yr)                Nitrogen (MgN/yr)
       ----------------------- -------------------------- --------------------------------
Spinup NEP     estab   NBP     transp     evap    interc  nuptake ndemand  nlosses ninflux
------ ------- ------- ------- ---------- ------- ------- ------- -------- ------- -------
   201 -11.767  -0.000 -11.767  4729179.7 319230.7 501664.9 57808.4  21312.2  7071.4  8048.3
   202  26.348  -0.000  26.348  4636174.8 309041.6 490983.3 72335.6  20545.1  6991.6  7627.6
   203 -1449.144   0.003 -1449.141  4102372.2 265219.8 338354.3 56229.3  20107.2  8717.5  6857.3
   204 -2637.053   0.010 -2637.043  3547862.4 303023.8 321156.7 44636.7  11706.1 12313.8  5571.5
   205 1938.281  -0.008 1938.273  4693043.6 343470.1 376657.2 89250.0  21538.5 16084.1 12817.0
   206 1399.630  -0.004 1399.626  4847660.3 302866.1 293427.5 69855.5  15840.6  7826.6  8283.2
   207 -2186.051   0.007 -2186.044  3765300.2 304106.3 327711.0 41108.2  12804.6 11719.6  5685.9
   208 1264.032  -0.003 1264.029  4511747.3 326767.0 286317.1 83398.6  14421.5 12112.8  8416.3
   209 748.008  -0.003 748.005  4647506.8 323193.4 406160.1 68735.2  16661.3 10476.4  8494.8
   210 -935.018   0.002 -935.016  4059007.0 266053.6 303585.3 59248.5  16404.5 18485.6  6816.8
   211 -866.100   0.003 -866.097  3885471.9 330181.8 327964.2 67852.5  12963.5 13468.3  5511.1
   212 -993.099   0.002 -993.096  3900630.4 275323.2 231116.3 69687.0  18779.2  6858.8  7474.5
   213 -1438.787   0.005 -1438.782  3641949.1 320748.7 264206.8 59884.0  10634.9 14326.1  5039.9
   214 -442.233   0.007 -442.226  3750968.2 314894.1 251884.7 65826.6   9166.9 18706.7  5353.6
   215 -136.730  -0.000 -136.730  3956764.1 324463.6 214458.6 70462.1  13450.6  9312.2  8644.7
   216 -401.360   0.001 -401.359  3732171.7 285331.0 229495.6 68592.6  13585.5 18583.1  8001.3
   217 1529.609  -0.005 1529.604  4559345.1 369141.6 403798.0 80783.7  19659.1 12370.7 12260.5
   218 1109.502  -0.003 1109.499  4597643.2 327450.4 302159.1 66340.3  17960.6  6017.9  9391.0
   219 1034.401  -0.004 1034.397  4813800.7 344925.6 523259.4 64785.2  22602.9  6706.3  9916.0
   220 291.694  -0.002 291.692  4781406.5 299746.7 354541.9 70943.2  17598.5  7193.6  7145.4
   221 1245.366  -0.003 1245.363  4989424.1 387771.2 666325.6 75795.3  24442.1  5305.4  9008.1
   222 1223.292  -0.005 1223.287  5202632.2 384758.4 721071.0 61711.3  27477.2  3609.4  9445.0
   223 -258.710  -0.000 -258.711  4663277.9 340146.1 582748.7 54239.1  24390.9  3577.7  7705.5
   224 -449.186   0.000 -449.186  4923253.0 326928.2 561315.6 61759.0  29771.0  2801.1  9155.9
   225 -1822.873   0.004 -1822.869  3993169.6 258914.5 359389.0 52200.2  23322.8  4698.6  6735.3

         Carbon flux (ktC/yr)        Water (dam3/yr)                Nitrogen (MgN/yr)
       ----------------------- -------------------------- --------------------------------
Spinup NEP     estab   NBP     transp     evap    interc  nuptake ndemand  nlosses ninflux
------ ------- ------- ------- ---------- ------- ------- ------- -------- ------- -------
   226 -693.593   0.001 -693.592  4091843.3 302647.3 330764.6 68609.6  15717.9  6191.4  6867.2
   227 844.459  -0.003 844.456  4818788.8 331992.0 498957.4 70128.7  29739.6  4194.6 11328.4
   228 920.404  -0.002 920.402  4777795.0 367269.0 606470.6 61150.3  26417.7  2863.5  9768.6
   229 -950.047   0.002 -950.045  4417379.8 299150.3 412092.4 52015.6  22175.1  5563.3  6926.6
   230 414.350  -0.001 414.349  4526403.5 308017.2 574798.0 71209.8  20650.7  8213.9  8279.7
   231 181.545  -0.001 181.544  4914210.4 294965.7 387029.6 68638.4  23097.1  4644.2  8117.4
   232 806.721  -0.002 806.720  5110770.8 333319.8 596696.4 68448.0  27741.4  3685.1  9178.4
   233 -611.200   0.001 -611.199  4614045.1 304307.0 425128.0 61391.4  19193.6  6085.2  5669.2
   234 -1712.945   0.004 -1712.941  4195387.2 288627.3 431597.5 53302.1  17356.9  8452.8  5214.9
   235 1284.432  -0.003 1284.429  4976146.8 330908.5 515980.1 82417.7  28599.1  6060.5 10911.6
   236 1068.179  -0.002 1068.177  4891960.3 333882.5 629524.4 56778.7  24663.0  3950.0  8731.9
   237 1103.515  -0.002 1103.513  5245665.4 339991.4 690942.3 68551.6  25234.5  4461.0  9260.1
   238 -152.610  -0.000 -152.610  5110766.7 328711.0 603541.3 58370.2  27296.5  2262.3  8101.2
   239 -1672.257   0.003 -1672.254  4367608.2 313761.7 487876.6 55021.1  23923.4  3859.5  6765.0
   240 177.775  -0.001 177.774  4668588.5 311175.1 513442.4 74468.8  22487.4  5056.1  8166.8
   241   0.164  -0.000   0.164  4504991.0 320245.4 406004.9 67560.3  20700.7  5968.1  7137.5
   242 -2646.864   0.008 -2646.854  3856708.9 289112.5 332168.2 35095.7  15885.6  8833.4  5226.9
   243 2326.256  -0.006 2326.250  4836287.2 324000.7 406985.5 98777.8  17152.9  7924.5  9086.9
   244 121.556  -0.000 121.556  4631546.1 304328.9 363197.8 59700.8  15154.8  8441.1  6139.1
   245 169.137  -0.000 169.136  4490864.9 337602.3 513823.0 71780.5  18728.7  9519.2  7305.9
   246 -385.351   0.001 -385.350  4620330.1 282865.2 409254.9 66112.3  19644.1  6637.3  6141.6
   247 -1403.616   0.003 -1403.614  3958440.0 262848.3 339796.7 60086.5  18015.8 11418.4  6224.7
   248 -1263.663   0.005 -1263.659  3849383.2 323433.4 351652.7 62696.1  11221.7 13374.8  5150.8
   249 -680.353   0.001 -680.353  3963511.2 308458.2 311325.0 69890.6  16541.8  8984.6  7605.3
   250 -519.342   0.001 -519.341  3978145.5 310269.5 309801.3 70218.6  16291.1 10613.5  7428.0

         Carbon flux (ktC/yr)        Water (dam3/yr)                Nitrogen (MgN/yr)
       ----------------------- -------------------------- --------------------------------
Spinup NEP     estab   NBP     transp     evap    interc  nuptake ndemand  nlosses ninflux
------ ------- ------- ------- ---------- ------- ------- ------- -------- ------- -------
   251 1732.306  -0.005 1732.301  4891091.6 334579.1 452195.7 83050.5  25820.5  8788.1 11677.6
   252 1069.445  -0.002 1069.443  4718745.9 318895.7 512647.6 60616.9  19260.5  6362.2  8216.9
   253 -1777.967   0.005 -1777.962  4000174.1 287769.8 378595.1 44726.8  16220.7  9099.1  5745.7
   254 1510.985  -0.004 1510.981  4728757.8 363575.5 508606.5 79389.0  22170.5 11269.9 10503.1
   255 413.091  -0.001 413.090  4689426.0 311260.7 489453.9 51481.5  20271.1  6321.6  8177.6
   256 -667.786   0.002 -667.784  4374332.0 295883.7 382518.0 61283.5  19654.2  6422.2  6949.3
   257 -1025.325   0.003 -1025.322  4028729.3 304708.7 358992.3 66077.2  16299.9  7899.1  6278.4
   258 -355.087   0.001 -355.087  4265611.5 295191.7 327488.1 71779.6  19515.4  6769.6  7960.9
   259 176.531  -0.001 176.530  4399957.6 325925.3 347759.6 76452.8  20939.2  5527.2  8402.4
   260 -15.510   0.001 -15.509  4307943.8 321139.7 349995.7 64946.3  16377.8  7480.7  6978.7
   261 172.757  -0.000 172.756  4420615.3 307867.2 452694.9 70509.5  19005.2  7499.6  8106.8
   262 -655.700   0.002 -655.699  4319495.9 302559.7 371545.2 62004.9  18993.6  7920.3  7074.3
   263 1748.750  -0.003 1748.747  4995008.6 326659.7 464172.6 89657.1  25958.3  4990.7 10495.4
   264 134.816   0.000 134.816  4520256.7 332771.6 543127.7 52023.4  16473.5  7082.7  5989.3
   265 265.553  -0.000 265.552  4966755.3 297493.3 399750.6 78641.9  20693.4  7216.5  7145.1
   266 1278.591  -0.001 1278.590  5274739.9 338693.3 671132.6 72931.5  25271.0  5260.7  9214.7
   267 1203.008  -0.001 1203.007  5376615.8 333853.6 607129.1 67882.8  26270.1  1977.5  8317.8
   268 -666.565   0.002 -666.564  4582787.1 330857.0 639922.0 53697.4  19844.2  4713.9  5506.9
   269 -167.199   0.000 -167.199  4715755.7 339301.1 591656.7 64673.4  23461.7  7532.4  7730.3
   270 -1270.171   0.006 -1270.166  4308902.7 296083.4 391017.6 60173.4  21102.9  4558.8  6132.3
   271 -628.658  -0.002 -628.659  4358562.8 307640.1 375247.7 69341.0  19032.2  4904.4  6960.6
   272 -1757.565   0.004 -1757.561  3828064.0 312150.7 339359.8 55709.9  16557.4  4646.7  6313.6
   273 698.049  -0.002 698.046  4669875.8 326563.8 435742.1 80664.9  24598.0  4950.9 10951.3
   274 167.946  -0.001 167.945  4504909.7 299475.3 350402.6 64340.8  16375.3  5792.5  7314.8
   275 -409.066   0.001 -409.065  4288325.4 304221.7 360786.0 68212.5  16303.8  7055.2  6888.4

         Carbon flux (ktC/yr)        Water (dam3/yr)                Nitrogen (MgN/yr)
       ----------------------- -------------------------- --------------------------------
Spinup NEP     estab   NBP     transp     evap    interc  nuptake ndemand  nlosses ninflux
------ ------- ------- ------- ---------- ------- ------- ------- -------- ------- -------
   276 -13.781  -0.000 -13.782  4417229.8 317148.8 478906.4 71019.7  20918.6  5092.6  8301.6
   277 -945.707   0.006 -945.702  4153563.7 270037.5 288783.6 64089.9  20875.9  5158.1  7313.1
   278 -522.067  -0.002 -522.068  4054540.9 310540.1 334145.1 68334.3  11359.2  9528.9  5537.1
   279 1167.260   0.016 1167.276  4719448.5 318710.8 390832.2 79679.7  23627.1  4799.9 10049.8
   280 440.073  -0.003 440.070  4465930.0 365403.7 473013.6 61066.9  16995.3  6175.4  7416.6
   281 -2118.033   0.010 -2118.023  3921973.9 311778.1 318354.8 43341.8  15359.1  9163.8  6270.8
   282 1708.386  -0.001 1708.384  4719924.8 369447.3 420947.8 90856.7  17023.7  7639.2  9337.5
   283 692.616   0.002 692.617  4720062.4 335394.4 484555.0 57852.6  17614.7  6680.8  8054.1
   284 399.437   0.002 399.438  4826249.4 331269.1 512587.4 67983.3  19769.3  6856.7  8383.7
   285 824.666  -0.001 824.665  5087038.2 362804.4 558640.1 69573.5  24545.4  3994.1  9168.0
   286  48.549   0.000  48.549  4677399.5 351909.6 586047.8 57301.4  21214.9  4443.3  7565.9
   287 520.536  -0.002 520.535  4937212.0 322939.2 665525.4 70675.4  23316.8  6224.6  8127.0
   288 -404.925   0.004 -404.920  4667178.7 315393.8 448734.0 57609.6  20015.3  4071.0  6177.2
   289  67.839  -0.001  67.837  5020465.4 341570.7 568110.8 67377.7  25285.3  4317.2  9108.2
   290 375.409  -0.003 375.406  4866109.7 348907.7 678585.4 63499.2  27020.5  2525.5  9133.2
   291 921.055  -0.006 921.049  5156511.0 344951.0 598381.4 70952.4  26554.2  1876.9  9328.5
   292 587.763  -0.001 587.762  5215591.6 334087.5 541532.3 64750.5  26724.8  1908.3  8547.2
   293 -814.345   0.004 -814.341  4446744.5 335124.2 616927.7 54031.3  19426.6  5860.1  6182.1
   294 275.736  -0.003 275.734  4814584.2 325037.4 657716.8 70027.8  24401.4  5687.8  9037.9
   295 -348.710  -0.002 -348.712  4681659.2 333655.9 577109.8 53474.3  24394.9  3373.6  8416.9
   296 -327.962   0.003 -327.959  4426977.0 349447.3 423698.0 67877.5  23362.4  2595.4  8364.2
   297 -2606.357   0.009 -2606.347  3826032.5 316900.2 335018.2 40427.6  17386.2  6203.8  6333.6
   298 -753.302   0.007 -753.295  3825011.5 323807.0 308950.5 65688.4  10628.0 12129.3  5798.5
   299 -726.202   0.003 -726.199  3778963.1 293265.1 251791.8 66993.4  14996.3 14868.8  8818.1
   300 -1357.647   0.011 -1357.635  3498985.3 333216.5 241557.9 55671.0   9811.5 14283.3  6125.3

         Carbon flux (ktC/yr)        Water (dam3/yr)                Nitrogen (MgN/yr)
       ----------------------- -------------------------- --------------------------------
Spinup NEP     estab   NBP     transp     evap    interc  nuptake ndemand  nlosses ninflux
------ ------- ------- ------- ---------- ------- ------- ------- -------- ------- -------
   301 1665.984  -0.005 1665.979  4635947.6 361391.1 321990.6 86841.4  19162.4  6502.0 13356.5
   302 1255.397  -0.003 1255.394  4752347.3 348998.9 415023.8 65369.2  19295.9  6837.3 10868.6
   303 443.553  -0.001 443.552  4506695.0 339593.0 489337.1 64921.1  20264.5  4853.4  9742.7
   304 412.533  -0.003 412.530  4751397.9 333822.1 480481.4 66523.8  21456.7  4773.9  8876.9
   305 1176.576  -0.007 1176.569  5055772.2 344838.4 519519.6 73735.9  24629.1  3128.8  9610.1
   306 -1638.491   0.005 -1638.487  4210078.0 284568.5 324711.8 50645.5  18552.8  5003.1  5996.6
   307 -1973.377   0.005 -1973.372  3669102.7 347377.7 325832.2 55252.1   9810.2 12750.2  4389.6
   308 1274.576  -0.007 1274.570  4683450.7 351798.7 397318.4 87860.3  19020.2  9595.2 10406.4
   309 518.555  -0.002 518.553  4572141.9 342077.0 367566.5 65320.4  18517.1  6169.3  7890.6
   310 1201.019  -0.003 1201.016  4832968.7 360643.1 586148.9 69129.1  21447.3  7556.2  8771.5
   311 1422.865  -0.002 1422.863  5285436.9 349817.3 596778.1 72045.4  23409.8  6658.7  8681.6
   312 -229.746  -0.001 -229.746  4795941.7 338985.5 565505.7 56495.9  19096.0  6610.8  6526.3
   313 -246.447  -0.001 -246.448  4639553.8 316905.8 436361.2 73664.7  18186.8  6803.3  5948.7
   314 378.877  -0.001 378.876  4854499.7 357468.6 657954.7 69108.0  26808.8  4280.7  8747.9
   315 -423.721   0.000 -423.720  4736898.2 339894.9 454948.9 65976.0  22762.0  4558.5  7223.0
   316 261.629  -0.000 261.628  5014270.0 344915.9 559729.0 75278.1  25999.9  4030.3  8750.6
   317 -1878.831   0.003 -1878.828  4137875.4 322831.6 385605.9 51834.1  15739.3  7553.0  5718.4
   318 -1633.051   0.003 -1633.048  3793459.4 338964.4 314815.2 60001.1  12024.3  9446.1  5599.2
   319 -429.931   0.005 -429.907  3891485.1 351673.8 315577.8 72442.0  12377.6 11844.3  6404.2
   320 153.913   0.001 153.914  4252842.4 301989.2 309236.3 71551.9  14844.5  7453.7  8560.5
   321 -1630.239   0.005 -1630.234  3697224.2 317391.6 287948.5 53647.5  12568.9 10256.1  7438.3
   322 1069.952  -0.003 1069.949  4456066.5 331194.7 345257.2 87103.1  16636.2  9270.1 10858.8
   323 -95.791  -0.001 -95.792  4295336.5 328741.2 331683.4 57292.7  17733.5 13116.8  9090.9
   324 -624.263   0.000 -624.263  3891141.5 278408.4 285658.9 67861.4  15068.9 15518.1  7596.5
   325 -1211.939   0.002 -1211.936  3697979.0 333199.8 275896.4 67423.1  13395.3  9642.8  6543.1

         Carbon flux (ktC/yr)        Water (dam3/yr)                Nitrogen (MgN/yr)
       ----------------------- -------------------------- --------------------------------
Spinup NEP     estab   NBP     transp     evap    interc  nuptake ndemand  nlosses ninflux
------ ------- ------- ------- ---------- ------- ------- ------- -------- ------- -------
   326 -254.528  -0.002 -254.529  4023377.4 329262.4 312018.5 77595.0  19188.5  6920.8  8788.2
   327 919.794  -0.002 919.792  4198813.6 353082.6 409439.9 75626.6  16410.1  9536.6  8072.1
   328 1106.844  -0.005 1106.838  4832960.5 336455.4 457246.3 71377.3  22072.6  9500.8 10186.0
   329 451.028  -0.002 451.025  4421419.8 340520.7 506403.1 65970.2  18030.3  6227.4  7191.8
   330 -636.121  -0.001 -636.122  4423658.4 307347.7 396986.0 59516.6  20479.0  8590.8  6960.8
   331 192.486  -0.001 192.485  4261237.4 341223.6 502231.2 75757.6  17670.2  7368.2  6916.6
   332 303.595  -0.001 303.594  4745596.4 288775.1 400404.3 70303.6  20868.0  6479.4  7529.3
   333 -2502.410   0.007 -2502.403  3890623.5 301663.5 319726.3 39559.7  14826.9 10645.2  5591.1
   334 1976.514  -0.006 1976.508  4679783.2 369570.8 471629.2 92677.1  19606.1 17484.8 10968.4
   335 1610.983  -0.003 1610.980  4847331.3 373640.2 576137.0 62293.4  21516.5  5760.4  9309.4
   336 112.692  -0.000 112.692  4591612.4 326444.4 410953.4 65758.3  18554.8  7312.9  6704.4
   337 -1190.158   0.002 -1190.156  4348833.8 305135.3 410951.3 59409.2  20579.6  7957.3  6444.4
   338 -721.415   0.002 -721.413  4225100.2 291289.5 377048.4 67704.1  14728.3  8767.8  6054.6
   339 -709.468   0.000 -709.467  4076339.7 313237.8 302306.1 71227.3  16145.7  7885.4  7170.8
   340 1481.300  -0.004 1481.296  4655555.2 372974.0 531453.9 83588.5  24245.0 11385.7 10713.4
   341 960.882  -0.002 960.880  4889662.8 319913.6 498589.9 63391.0  18905.5  7710.2  7676.0
   342 638.822  -0.001 638.821  5061911.8 331208.1 546121.4 72456.2  23660.3  7916.1  8633.6
   343 -2026.587   0.006 -2026.474  3929981.4 280934.1 324849.9 52424.7  17735.1  5893.5  5384.5
   344 1558.518  -0.002 1558.516  4754389.6 319542.1 404488.7 89925.8  21141.6  6806.1  8228.3
   345 559.049  -0.001 559.048  4722396.2 323352.2 553975.3 63139.1  18598.7  7832.1  7332.4
   346 1613.435  -0.002 1613.433  5265216.7 341963.4 657784.3 75648.2  25461.0  5996.3  9311.7
   347 1194.334  -0.001 1194.333  5389229.5 339884.9 650103.0 64839.4  26355.0  2371.7  8527.4
   348 -591.811   0.001 -591.810  4436959.7 338319.4 628386.4 56441.3  19435.1  5837.9  5614.9
   349 233.364  -0.001 233.363  4850376.9 337401.6 690045.6 67743.8  28713.0  6382.5  8880.0
   350 321.886  -0.001 321.885  4810006.3 313486.6 679397.9 66971.3  24693.1  6154.5  8108.8

         Carbon flux (ktC/yr)        Water (dam3/yr)                Nitrogen (MgN/yr)
       ----------------------- -------------------------- --------------------------------
Spinup NEP     estab   NBP     transp     evap    interc  nuptake ndemand  nlosses ninflux
------ ------- ------- ------- ---------- ------- ------- ------- -------- ------- -------
   351 -1071.380   0.001 -1071.378  4538471.2 306232.2 406078.6 59233.1  24481.0  3525.3  6996.6
   352 596.106  -0.001 596.105  4879252.5 320295.9 478674.3 78265.0  28639.7  3216.9  9195.1
   353 -568.885   0.002 -568.883  4370107.4 314252.7 572989.1 52043.8  18298.1  9726.3  6281.6
   354 262.941  -0.001 262.940  4899586.9 329372.1 543569.6 71671.7  25494.1  6125.4  9623.3
   355 -1432.462   0.003 -1432.459  4119304.9 310284.8 373709.9 55302.2  18465.0  5350.4  6415.3
   356 947.992  -0.002 947.989  4706293.5 336804.1 579886.1 76773.4  25087.6  5722.9  9774.5
   357 -901.712   0.005 -901.705  4206076.2 303126.0 362512.2 56618.2  15841.5  9537.6  5990.7
   358 1168.993  -0.005 1168.988  4783655.8 346043.6 582473.6 75483.0  22657.3  6926.6  9355.7
   359 1263.988  -0.002 1263.986  5201068.9 338826.3 593176.4 70241.3  24561.9  5141.4  9543.6
   360 -1168.373   0.003 -1168.370  4269362.4 300119.7 447762.8 52825.5  14486.1  9327.3  4757.9
   361 -313.962   0.001 -313.961  4280190.4 325557.6 392773.7 68886.1  16729.8  9018.5  6428.1
   362 -523.412   0.026 -523.386  4199960.7 299943.3 394971.2 67230.8  16020.4  8410.2  6119.7
   363 -136.395  -0.007 -136.402  4341136.9 372982.2 381798.7 79228.0  21907.2  6320.3  7948.8
   364 1305.680  -0.000 1305.680  5055848.4 327631.8 453966.4 79926.8  25185.9  4506.7  9892.7
   365 -1086.373   0.005 -1086.369  4226981.7 348820.2 470914.2 44975.3  17574.7  6622.3  6523.6
   366 133.049   0.001 133.050  4449036.8 361715.3 411348.6 85633.7  17081.1  7578.3  6555.1
   367 -2716.671   0.010 -2716.661  3706104.8 324349.3 389917.4 34227.8  12199.4 10783.6  5345.1
   368 2500.941  -0.005 2500.935  5043192.4 350921.0 428963.9 94883.7  18688.8 15927.5 11162.9
   369 -2231.290   0.010 -2231.280  3776508.5 335779.6 287240.9 30867.7  12124.1 12059.1  5482.7
   370 -697.499   0.008 -697.490  3630806.2 301811.8 201840.8 69380.3   9643.6 12667.9  5679.7
   371 -491.022   0.003 -491.019  3848907.0 328207.1 267706.6 65467.8   8992.5 14545.2  5749.5
   372 1019.171  -0.002 1019.169  4440317.3 342719.8 320136.3 80260.6  15138.6  8668.9 11301.3
   373 894.143  -0.002 894.141  4602953.1 320717.6 272900.1 69549.5  15809.3 10866.3 10269.4
   374 1037.270  -0.003 1037.267  4707746.6 378971.5 423814.6 70018.4  18748.1  7601.2 10014.3
   375 -954.565   0.006 -954.558  4118250.7 290109.4 262240.0 58172.6  17511.0  5085.0  6985.3

         Carbon flux (ktC/yr)        Water (dam3/yr)                Nitrogen (MgN/yr)
       ----------------------- -------------------------- --------------------------------
Spinup NEP     estab   NBP     transp     evap    interc  nuptake ndemand  nlosses ninflux
------ ------- ------- ------- ---------- ------- ------- ------- -------- ------- -------
   376 1625.332  -0.004 1625.328  4691363.3 423643.9 574629.0 85557.9  20489.6  7434.1  9253.9
   377 938.084  -0.002 938.083  4849170.6 380933.4 611035.4 58992.2  23558.5  3868.8  9141.5
   378 -1505.381   0.005 -1505.376  4249019.8 280304.4 314939.5 55880.6  18600.4  5280.8  6246.5
   379 -431.835   0.003 -431.833  4131672.7 326223.4 471677.8 65447.3  14028.1 13123.9  5970.3
   380 -1108.628   0.002 -1108.626  3973249.9 279745.1 307688.9 60645.5  17869.3 13553.8  7597.5
   381 -1104.640   0.004 -1104.637  3769405.0 336760.1 326318.2 65135.9  13234.7  9277.4  6267.1
   382 1594.959  -0.007 1594.952  4768746.8 341454.0 393394.7 87687.0  24856.8  4669.3 12285.2
   383 -923.820  -0.002 -923.822  3987399.1 279831.7 313962.7 47630.1  15042.0 11616.5  6797.7
   384 -344.734  -0.000 -344.734  4066867.0 323499.8 311618.4 73472.2  12993.2  9488.8  6628.3
   385 -158.602  -0.000 -158.602  4216526.4 321149.3 312134.7 72758.5  16409.9  7162.6  7947.1
   386 -849.724   0.001 -849.724  4061843.5 314082.9 336459.4 59469.0  17579.4  7785.1  7475.6
   387 871.981  -0.004 871.977  4388272.8 325325.2 488003.0 79890.2  17531.4 11738.9  9181.1
   388 1203.116  -0.008 1203.108  4817716.5 316241.5 537804.8 66632.9  20522.2 10257.9  9594.5
   389 123.961  -0.001 123.961  4668318.1 326458.0 505098.2 56319.5  21151.7  4928.8  8387.6
   390 -848.568   0.002 -848.566  4366739.7 321593.3 345619.7 66638.4  18968.3  4677.1  6935.3
   391 -835.788   0.003 -835.786  4156060.6 338446.4 404330.7 67041.5  20577.1  4674.7  7323.6
   392 -1102.599   0.008 -1102.533  3871805.3 329599.4 317794.7 62849.6  14178.8 10919.0  5745.5
   393 255.718   0.001 255.719  4263186.7 357648.4 346910.2 77217.6  19222.6  5989.3  8046.0
   394 644.301   0.001 644.301  4568288.1 344007.6 454149.4 68860.1  18728.0  6736.5  8670.7
   395 468.847   0.001 468.848  4521442.5 334648.0 484482.6 66425.1  18770.1 10669.8  8054.9
   396 272.506  -0.001 272.505  4619485.9 342753.2 507385.6 63462.1  21311.1  6708.5  8350.7
   397 -732.309  -0.001 -732.310  4356352.1 324526.7 393897.8 59306.3  20263.8  5461.0  7211.1
   398 -1156.343   0.001 -1156.342  3982984.0 338563.6 325941.2 65272.9  15855.9  6992.3  6409.0
   399 1114.235  -0.007 1114.228  4671962.9 383188.2 459656.5 82455.4  23358.6  5032.6  9599.3
   400 -778.697   0.002 -778.695  4227621.4 329521.0 396455.0 50113.4  17072.6  7413.2  6388.2

         Carbon flux (ktC/yr)        Water (dam3/yr)                Nitrogen (MgN/yr)
       ----------------------- -------------------------- --------------------------------
Spinup NEP     estab   NBP     transp     evap    interc  nuptake ndemand  nlosses ninflux
------ ------- ------- ------- ---------- ------- ------- ------- -------- ------- -------
   401 -466.176  -0.001 -466.177  4245934.4 339591.9 393620.2 72608.3  19120.0  6732.9  7651.6
   402 1788.803  -0.005 1788.798  4977455.6 369707.9 575150.8 80778.5  23594.7  6046.8 10167.9
   403 401.125  -0.000 401.124  4680971.8 346686.1 415102.0 59619.5  19293.8  5163.8  7427.4
   404 -1241.677   0.006 -1241.663  4162472.2 322087.3 381288.7 59990.3  16706.8  7089.1  5445.1
   405 -1297.599   0.005 -1297.593  3867700.6 290665.3 336593.3 62855.8  17095.3  9750.2  6733.9
   406 -3031.726   0.015 -3031.711  3327142.9 341762.4 272727.4 32674.5   9744.1 17801.2  5093.9
   407 -358.090   0.008 -358.081  3516143.6 303680.3 158021.2 83962.2  10558.5 12481.9  7528.0
   408 2044.813  -0.005 2044.808  4499434.2 368761.9 288909.1 87009.4  17525.3  8406.8 12460.5
   409 -999.967   0.005 -999.962  3770499.2 334860.7 260435.2 48669.5  11768.0 12018.7  7266.4
   410 1275.386  -0.004 1275.382  4336702.7 346437.9 384743.2 79930.3  16565.3 15773.0 11026.5
   411 1282.239  -0.005 1282.234  4563919.1 333417.5 457785.6 62719.3  19371.7 10755.6 10584.5
   412 1136.391  -0.006 1136.385  4767095.3 370719.4 541755.1 59569.1  22628.4  3731.1 10526.8
   413 -1324.028  -0.001 -1324.029  3927940.5 277663.8 330233.0 46687.7  18979.4  7312.9  6847.9
   414 -961.796   0.006 -961.791  3717138.2 321301.5 327049.2 57761.4  10983.2  9469.4  5135.4
   415 1195.786  -0.007 1195.779  4603540.4 375554.7 473481.7 69795.8  22458.8  9232.5 11430.8
   416 965.291  -0.002 965.289  4591024.5 381647.3 547702.0 58263.4  23348.6  4842.1 10026.8
   417 931.822  -0.000 931.821  5047428.2 324571.5 438352.5 67700.9  25107.4  3156.5  9613.5
   418 567.160  -0.001 567.159  4794925.7 354297.8 626990.3 59880.8  24740.8  4368.6  8377.1
   419 508.500  -0.001 508.499  4820615.1 329773.1 632244.6 66552.2  21885.2  8352.7  7721.6
   420 -1189.303   0.002 -1189.301  4421115.9 324716.1 425961.6 51382.7  22687.0  4524.3  6481.6
   421 -1357.037   0.003 -1357.034  3981540.4 335776.6 384949.3 61198.1  16300.8  8413.8  6063.6
   422 385.323  -0.002 385.321  4232512.7 361443.3 453771.2 78693.8  19608.2  6583.0  7827.3
   423 -228.878  -0.001 -228.878  4436558.8 324899.1 328316.3 63370.6  19639.2  6346.1  7429.5
   424 -207.488   0.001 -207.487  4330124.6 334757.8 353345.3 72872.7  16133.1  8958.3  6266.1
   425 -400.653   0.001 -400.652  4180710.1 340403.1 481553.7 62017.7  17131.2 10931.9  6686.6

         Carbon flux (ktC/yr)        Water (dam3/yr)                Nitrogen (MgN/yr)
       ----------------------- -------------------------- --------------------------------
Spinup NEP     estab   NBP     transp     evap    interc  nuptake ndemand  nlosses ninflux
------ ------- ------- ------- ---------- ------- ------- ------- -------- ------- -------
   426 1671.009  -0.006 1671.003  4978472.2 405795.7 632202.5 79704.6  27342.7  5385.1 10716.5
   427  94.630  -0.001  94.629  4816325.5 299556.1 433748.1 53923.9  19386.5  4296.8  6730.1
   428 677.115  -0.001 677.113  4851007.7 360467.4 640436.4 69767.1  24542.5  6624.6  8410.8
   429 -1113.353   0.002 -1113.352  4487053.7 336846.9 465389.3 52678.6  20492.5  6237.8  6891.2
   430 716.693  -0.001 716.692  4667375.7 333933.4 599153.1 81287.5  20183.3  8021.9  8034.1
   431 918.764  -0.001 918.763  5251308.0 331269.7 481453.3 70438.2  28231.9  2836.6  9599.3
   432 1043.469  -0.001 1043.468  5188322.2 358038.1 696951.1 65187.6  24056.7  2388.9  8504.0
   433 -2699.181   0.006 -2699.173  4135300.6 308368.7 370466.7 33602.8  18936.8  7526.8  5551.7
   434 1653.378  -0.004 1653.374  4842432.1 363866.2 533317.3 79629.8  18136.3  9083.9  9604.1
   435 365.823  -0.001 365.822  4890341.1 310709.0 365813.1 64939.1  19630.4  4635.9  7939.6
   436 882.063  -0.001 882.062  5086581.0 346438.5 570850.7 73238.3  25598.8  4843.3  9403.5
   437 748.595  -0.001 748.594  5202832.7 324650.7 483449.5 71126.7  25932.1  2883.4  8526.7
   438 907.487  -0.001 907.486  5098717.9 342483.7 578667.2 75704.3  23993.2  2588.1  7659.1
   439 -864.513   0.002 -864.511  4679218.2 319482.2 438082.7 62619.3  17850.7  6095.4  5588.8
   440 -2772.542   0.015 -2771.965  3634101.1 300716.4 318626.4 52440.1  16632.3  8115.3  5247.4
   441 -273.681   0.004 -273.677  3971082.0 334287.1 413458.7 67278.8  12685.9 19249.6  5902.9
   442 -1453.940   0.005 -1453.935  3799693.8 320236.8 290551.2 57514.1  14690.3  9890.4  7956.8
   443 870.389  -0.002 870.387  4390096.8 325022.9 253447.1 86876.2  16240.0  8078.1 10170.7
   444 2009.072  -0.005 2009.067  4785530.9 352859.7 409540.9 76461.3  19554.1  5675.0 10562.2
   445 -472.120  -0.001 -472.121  4312500.6 340857.9 397297.7 48597.1  17316.6  7960.2  7155.8
   446 371.674  -0.001 371.673  4249058.9 369453.6 480886.3 80963.9  16566.7  8863.4  6580.2
   447 709.871  -0.004 709.867  4922699.5 351928.0 504379.2 70645.0  24021.5  7603.3  8994.7
   448 1246.369  -0.007 1246.362  5159341.4 328308.3 467480.1 75764.4  25993.7  2506.4  8715.3
   449 419.250  -0.001 419.248  5105375.1 349744.2 577144.3 66424.3  22771.9  3790.1  7306.6
   450 -153.326   0.001 -153.326  4804678.9 338602.8 578073.0 62306.0  22059.9  5301.0  6734.2

         Carbon flux (ktC/yr)        Water (dam3/yr)                Nitrogen (MgN/yr)
       ----------------------- -------------------------- --------------------------------
Spinup NEP     estab   NBP     transp     evap    interc  nuptake ndemand  nlosses ninflux
------ ------- ------- ------- ---------- ------- ------- ------- -------- ------- -------
   451 -2896.234   0.007 -2896.226  3927197.9 316179.6 345089.8 36446.5  15981.5  9730.1  5145.8
   452 1286.857  -0.004 1286.853  4563717.0 335460.8 429892.8 90471.3  17082.9 10877.7  9243.8
   453 -206.636   0.000 -206.636  4400358.9 317972.7 349614.5 53785.4  17414.4 10498.6  6955.3
   454 1658.177  -0.003 1658.174  5048180.5 351336.4 509429.9 83593.6  23227.0  8023.5  9729.5
   455 843.324   0.001 843.325  4808812.9 330192.5 601645.3 59580.2  18358.8 10371.6  7031.7
   456 535.240  -0.001 535.240  4942408.7 356052.5 643239.4 65365.2  25189.5  4044.0  8043.5
   457 1043.630  -0.001 1043.630  5275585.7 358216.6 671834.9 69246.6  25519.2  3275.6  8684.6
   458 -110.749   0.001 -110.749  4759398.1 347642.8 598902.8 57029.9  22898.0  3553.8  6888.9
   459 427.849  -0.000 427.848  5261875.5 328222.6 502717.1 72712.3  30500.3  4028.7  9141.7
   460 -1837.165   0.004 -1837.161  4187622.7 322336.5 452219.9 49064.5  18432.4  5677.3  5636.1
   461 998.603  -0.002 998.600  4747849.5 383955.6 569198.6 73822.5  23407.8  6881.2  9618.2
   462 1092.166  -0.002 1092.165  5225415.2 322810.8 455079.6 70691.4  24897.9  3362.8  9348.5
   463 1288.497  -0.001 1288.496  5128911.2 397201.4 729353.3 73893.9  24310.0  3644.0  8639.2
   464 -1968.642   0.004 -1968.637  4134738.1 276813.1 390482.8 43536.6  19895.1  6822.5  5865.9
   465 1036.333  -0.002 1036.331  4834001.2 365595.2 486582.5 79780.3  17534.3  5664.2  7868.8
   466 -1329.709   0.002 -1329.706  4285299.7 320127.2 401173.8 54197.3  18070.7  7445.7  6438.2
   467 1001.049  -0.002 1001.048  4819493.6 351970.3 552646.5 80747.5  24406.8  6455.0  9834.1
   468 -2181.338   0.006 -2181.332  4020191.5 311975.2 365869.7 42549.7  14616.4  9378.4  5878.1
   469 -1392.703   0.004 -1392.700  3857465.4 309926.1 282567.5 57047.0  10667.7 12923.0  6406.7
   470 839.221  -0.003 839.218  4332847.1 324715.4 328893.8 79636.1  13725.3 15277.7  9166.3
   471 545.303  -0.003 545.300  4523449.2 300643.7 298407.8 72127.7  17236.9  9366.1  9179.8
   472 912.733  -0.003 912.729  4826286.4 368437.7 428211.5 75877.0  21145.3  7902.7 10212.4
   473 1207.907  -0.003 1207.904  5142548.9 324900.4 409319.8 73853.9  23967.8  4499.3  9724.7
   474 1469.376  -0.002 1469.375  5098228.3 402879.8 682169.4 74129.4  22109.9  5759.6  8349.8
   475 804.507  -0.000 804.506  5384161.1 347548.1 624969.1 64363.7  25965.4  2952.8  8472.0

         Carbon flux (ktC/yr)        Water (dam3/yr)                Nitrogen (MgN/yr)
       ----------------------- -------------------------- --------------------------------
Spinup NEP     estab   NBP     transp     evap    interc  nuptake ndemand  nlosses ninflux
------ ------- ------- ------- ---------- ------- ------- ------- -------- ------- -------
   476 -1361.208   0.003 -1361.205  4336738.7 347474.2 443907.7 57013.7  18511.3  6839.7  5400.4
   477 -140.970  -0.000 -140.970  4717400.6 330565.3 506633.2 71199.5  21054.5  5506.9  7698.9
   478 -872.545   0.002 -872.543  4356264.0 312766.7 360412.0 65286.4  19864.9  6560.2  6627.3
   479 534.829  -0.002 534.827  4899937.9 345937.0 511510.7 78609.2  24030.7  5120.8  8869.2
   480 -413.379   0.002 -413.377  4442376.9 327797.6 520963.8 60574.8  18710.5  8756.4  6965.3
   481 183.986   0.000 183.986  4554376.7 349699.3 526944.1 74886.3  22575.6  6015.3  7890.9
   482 -788.055   0.001 -788.055  4498399.3 322612.9 360947.0 62675.8  20364.5  5827.0  7072.5
   483 -522.821   0.003 -522.818  4314075.6 332101.0 366798.3 74733.9  16638.4  8506.1  6217.7
   484 1085.789  -0.002 1085.787  4990820.8 351405.7 550567.3 78136.9  27029.9  4882.9  9963.7
   485 -2685.144   0.006 -2685.138  3853384.7 323753.7 391869.0 33821.2  13650.9  9531.8  5203.8
   486 2102.123  -0.005 2102.118  4939270.2 366918.7 403803.9 90264.4  16050.3 11276.2  9347.1
   487 456.019  -0.002 456.017  4749567.9 341446.7 456893.4 61064.4  17789.9  8551.8  8171.5
   488 -828.740   0.001 -828.740  4452519.7 331746.0 408020.7 60728.3  19130.3  9343.4  7621.7
   489 153.348  -0.000 153.347  4405413.1 326158.7 464206.8 79246.8  18143.8  8824.6  7483.9
   490 341.375  -0.001 341.374  4574000.8 341787.0 372626.1 73383.2  21367.1  5666.9  8145.7
   491 204.087  -0.001 204.086  4767782.4 334374.3 505246.3 68432.6  20382.4  6101.2  7639.4
   492 901.608  -0.001 901.606  4958931.5 322936.9 614209.6 75029.2  21897.3  8278.3  8242.5
   493 -2389.094   0.006 -2389.088  4116469.8 313530.9 402443.1 40289.1  16367.3  9162.1  5630.2
   494 -1759.560   0.005 -1759.555  3817072.8 312177.3 250931.0 51567.1  11296.6 13502.9  6141.7
   495 1299.863  -0.004 1299.859  4382499.4 365328.8 345132.0 88184.3  14165.5 14957.0  9248.9
   496 -738.313   0.000 -738.313  3930293.6 281722.2 268963.5 56707.2  15419.0 17370.7  7648.9
   497 151.351  -0.001 151.350  4104418.4 325203.7 378819.5 76898.5  16079.9 10095.4  8043.6
   498 -167.653  -0.002 -167.655  4336724.1 314764.1 273514.7 70256.1  19903.8  6294.1  8592.3
   499 276.573  -0.000 276.573  4293122.6 323767.8 417768.5 69132.5  16142.3 11827.1  7148.4
   500 510.693  -0.001 510.692  4553585.6 316662.3 434145.4 72078.4  18838.0  9801.8  8227.2

         Carbon flux (ktC/yr)        Water (dam3/yr)                Nitrogen (MgN/yr)
       ----------------------- -------------------------- --------------------------------
Spinup NEP     estab   NBP     transp     evap    interc  nuptake ndemand  nlosses ninflux
------ ------- ------- ------- ---------- ------- ------- ------- -------- ------- -------
   501 1311.707  -0.003 1311.705  5095217.3 358795.9 480689.4 77385.2  22856.6  6135.5  9311.9
   502 -745.427   0.001 -745.426  4510834.7 325690.2 429639.8 50070.3  18803.6  6145.7  6971.2
   503 -1058.454   0.002 -1058.453  4136196.6 320220.3 336429.6 74202.6  14891.6  7135.5  5751.8
   504 -113.004   0.000 -113.004  4094029.9 351350.9 471308.0 76558.0  15435.6  8778.3  6165.5
   505 459.369  -0.002 459.367  4703434.0 328898.6 381859.6 76918.5  24219.6  7814.0  8794.5
   506 1025.229  -0.002 1025.227  4770456.8 316888.2 586815.0 69490.8  18889.1 10072.9  7785.8
   507 389.293  -0.001 389.292  4922864.0 325448.7 525479.6 66796.5  22223.1  6694.2  7932.9
   508 -1034.360   0.002 -1034.358  4449717.7 307622.8 422298.2 56511.4  21287.0  6775.3  6720.5
   509 -2719.313   0.009 -2719.304  3655383.0 301475.1 302570.6 40473.2  13294.1 12935.3  5538.1
   510 658.800  -0.003 658.798  4156293.7 309760.2 253590.3 89425.7  12579.4  9994.2  7916.5
   511 954.094  -0.005 954.089  4481895.3 324418.8 419503.5 72314.2  19133.2  8175.4 10445.6
   512 -68.781  -0.001 -68.782  4405600.7 319086.9 361448.0 57215.7  19609.5  9128.2  8257.6
   513 1798.220  -0.004 1798.216  5056103.7 335120.4 503700.9 85681.4  23492.1  6442.1 10137.7
   514 -661.854   0.003 -661.851  4302895.0 305316.8 398522.0 50005.5  13548.7  9953.2  4575.9
   515 -19.836   0.002 -19.834  4256985.5 332285.0 365156.4 69120.4  16529.4  8224.8  6207.6
   516 -1064.767   0.003 -1064.764  4095319.8 315487.9 376286.4 60606.6  17411.4  8356.1  6521.2
   517 1343.310  -0.003 1343.308  4744661.4 369413.8 529987.9 84243.7  24812.3 10531.9 10489.6
   518 924.837  -0.001 924.836  5053353.8 330104.2 507841.3 65472.2  23217.6  4606.4  9203.3
   519 768.683  -0.001 768.682  4934120.9 339277.1 632181.0 65875.3  25409.5  4019.4  8654.4
   520 162.722  -0.001 162.721  4789415.2 319006.2 597656.8 65563.1  23363.8  6083.9  7910.5
   521 -1063.287   0.001 -1063.286  4543695.2 317361.4 469484.3 56262.9  23527.5  5500.2  7261.1
   522 -1230.280   0.002 -1230.278  4047252.8 264264.5 346240.4 66691.2  18625.0  8925.4  6579.8
   523 -271.655   0.001 -271.654  4251406.2 332851.0 376802.0 79622.4  20258.3  5323.0  7293.2
   524  38.227  -0.001  38.226  4492852.8 304960.5 350992.5 72972.5  17693.1  6061.0  7300.1
   525 -2032.814   0.010 -2032.804  3635252.3 291514.5 285040.9 54644.7  15407.0  7821.6  5700.0

         Carbon flux (ktC/yr)        Water (dam3/yr)                Nitrogen (MgN/yr)
       ----------------------- -------------------------- --------------------------------
Spinup NEP     estab   NBP     transp     evap    interc  nuptake ndemand  nlosses ninflux
------ ------- ------- ------- ---------- ------- ------- ------- -------- ------- -------
   526 -1239.801   0.003 -1239.798  3562855.6 329992.0 320467.8 61573.9   9575.7 18211.4  4751.5
   527 1777.947  -0.005 1777.942  4634863.6 376987.3 414760.6 87587.6  22299.7 13349.0 12472.1
   528 -1099.797   0.003 -1099.793  3948544.1 297956.5 309597.6 44788.0  12912.3 10516.6  6832.1
   529 1932.437  -0.005 1932.432  4857314.4 337317.6 420744.1 80817.2  20861.0 10664.2 11723.2
   530 1206.206  -0.003 1206.203  4721460.6 342791.0 536710.4 59186.1  21769.2  6591.6  9916.2
   531  -0.070  -0.000  -0.070  4465906.8 309823.0 490447.4 61375.2  18613.7 10572.2  7495.0
   532 112.341  -0.001 112.340  4546305.4 337279.3 511532.3 67989.8  23083.3  7457.9  8674.0
   533 -143.772  -0.001 -143.772  4703465.6 318304.5 413499.6 67924.5  25394.0  4178.4  7955.6
   534 -1067.569   0.002 -1067.567  4239786.2 301450.9 354718.4 60867.2  19327.0  5033.4  6232.3
   535 -1485.466   0.004 -1485.462  3838926.0 313393.0 326522.4 61508.4  14908.2  7100.8  5529.9
   536 981.181  -0.003 981.178  4561175.2 313382.4 464008.3 87331.4  22151.8  7998.5  9528.7
   537 660.729  -0.002 660.728  4725902.2 321733.4 391794.3 67341.9  21249.6  8363.3  7533.6
   538 -1121.317   0.003 -1121.314  4032445.3 263815.9 346959.0 55417.9  16885.6 12091.7  5994.0
   539 566.827  -0.001 566.826  4583745.3 318040.5 472233.5 77172.6  19153.8  9370.8  8028.9
   540 1630.208  -0.003 1630.205  5173427.3 318092.6 436639.1 80584.5  24879.1  5541.6  9174.7
   541 1768.123  -0.002 1768.121  5211044.9 335801.8 575601.0 74280.7  20973.2  4008.6  6995.6
   542 -2087.375   0.005 -2087.371  4170297.9 318315.9 418007.5 41703.0  15285.8  7018.8  4540.4
   543 -1428.072   0.005 -1428.066  4089360.1 292214.0 394736.7 51120.0  10581.3 13973.4  4632.6
   544 465.782  -0.002 465.780  4243308.8 336169.8 423541.3 75988.7  14599.0 12730.4  7550.1
   545 1169.426  -0.003 1169.423  4903714.1 352649.0 456445.4 76024.7  21979.1 12217.1 10157.0
   546 1125.541  -0.002 1125.538  5127032.3 319890.3 440490.6 69379.3  24680.0  4650.4  9123.2
   547 -1551.441   0.003 -1551.437  4038998.8 265560.9 363434.0 47954.8  18100.7  9871.1  5682.2
   548 320.539   0.017 320.556  4347580.4 310209.7 546811.4 71523.7  15387.6 13747.1  6835.5
   549 -1540.854   0.001 -1540.853  3973553.0 343552.2 325142.6 54963.0  17252.8  9021.5  6501.4
   550 1510.038  -0.002 1510.036  5017829.8 346930.4 464702.3 79883.8  24012.4  6996.1 11546.0

         Carbon flux (ktC/yr)        Water (dam3/yr)                Nitrogen (MgN/yr)
       ----------------------- -------------------------- --------------------------------
Spinup NEP     estab   NBP     transp     evap    interc  nuptake ndemand  nlosses ninflux
------ ------- ------- ------- ---------- ------- ------- ------- -------- ------- -------
   551 1701.511  -0.002 1701.509  5067420.3 351170.3 499896.6 69337.9  21466.3  2706.1  9279.8
   552 -1704.025   0.011 -1704.013  4083418.8 297593.9 309569.9 48199.6  17477.6  5565.1  5461.6
   553 274.852   0.001 274.853  4339094.6 342081.8 536879.4 70804.0  14083.4 15021.7  6462.9
   554  30.608   0.004  30.612  4751356.8 336563.1 389662.9 71977.7  25248.3  4584.4  9156.0
   555 1016.181   0.002 1016.183  5044743.1 364478.5 517688.5 70123.1  23966.1  3083.9  9098.5
   556 1169.943   0.002 1169.945  5275886.3 335060.1 482803.3 71157.9  25398.3  3085.2  8431.7
   557 1058.671   0.001 1058.672  5350649.8 360898.6 648306.6 69369.1  23756.8  3039.4  7846.5
   558 -660.075   0.004 -660.072  4761133.6 347438.2 599157.4 54618.7  19518.1  6520.8  6085.5
   559 -1378.711   0.004 -1378.707  4476061.2 327581.6 394560.0 64089.1  20312.0  5007.8  6331.6
   560 -1641.012   0.005 -1641.006  4115149.7 324778.3 399530.6 57477.7  18350.9  6400.4  6272.6
   561 -1265.330   0.007 -1265.323  3812885.4 340359.2 348772.1 66831.5  14441.8 10068.3  6218.5
   562 120.219   0.003 120.222  4214724.9 332272.7 404816.0 73281.0  17534.9  9315.9  8720.2
   563 742.111  -0.004 742.107  4776764.9 345070.3 442003.6 69736.9  24065.9  6324.3 11529.8
   564 1706.573  -0.010 1706.564  4985382.0 340455.3 492537.5 74223.3  21952.2  2768.9 10295.5
   565  12.780  -0.001  12.779  4708495.1 344373.3 440176.8 60575.3  20401.4  4262.0  7233.6
   566 -401.452  -0.001 -401.452  4559052.4 327624.9 405700.7 71037.0  17875.3  6560.6  6469.1
   567 -2547.307   0.011 -2547.296  3675973.6 331654.4 369188.3 44509.4  12632.2 14140.3  4396.1
   568 -905.277   0.002 -905.275  3767614.3 344358.4 324008.8 68511.1  12746.4 10498.9  6165.2
   569 -225.643  -0.000 -225.643  4123336.7 324665.4 295467.2 76189.4  17063.8  6517.1  8676.8
   570 354.146  -0.002 354.144  4252681.4 359676.2 324987.7 78070.8  19833.1  6193.0  9189.0
   571 461.392  -0.003 461.389  4412314.2 354255.2 355075.6 69708.0  19745.3  5732.6  8729.0
   572 566.209  -0.002 566.207  4524755.5 348374.8 471996.0 65123.1  18045.0  9529.6  8266.3
   573 -98.157  -0.000 -98.157  4483820.0 308768.0 385077.0 67142.3  16653.1  7214.8  6918.9
   574 -1290.372   0.004 -1290.368  3979718.5 290923.6 275750.7 64525.3  16473.9  6778.1  6743.3
   575 811.277  -0.005 811.272  4521844.9 346711.2 473102.1 78268.5  16573.0  9614.9  8310.1

         Carbon flux (ktC/yr)        Water (dam3/yr)                Nitrogen (MgN/yr)
       ----------------------- -------------------------- --------------------------------
Spinup NEP     estab   NBP     transp     evap    interc  nuptake ndemand  nlosses ninflux
------ ------- ------- ------- ---------- ------- ------- ------- -------- ------- -------
   576 -2122.004   0.005 -2121.999  3900752.8 313544.2 298281.4 40279.7  14657.2 11344.6  5952.2
   577 -608.891   0.001 -608.890  3821243.2 340304.8 256305.5 69204.1  10242.6 11304.5  5872.4
   578 -1674.655   0.007 -1674.647  3468003.7 336049.3 263579.9 57730.4   9625.3 13933.3  5821.5
   579 2248.981  -0.007 2248.974  4648684.1 345256.3 317569.3 99414.6  19305.5  9407.8 12690.7
   580 2338.897  -0.005 2338.892  4927234.6 403720.2 538548.5 66934.5  18660.0  9907.6 10370.3
   581 -1825.468   0.004 -1825.464  4059684.0 303354.7 304944.3 37431.8  15878.1  9562.0  6024.6
   582 362.637  -0.001 362.636  4267820.5 317641.4 293887.0 79740.3  13430.1  8845.4  7056.2
   583 484.822  -0.004 484.818  4393189.8 357705.7 437780.1 72043.1  17769.2  8301.2  8430.1
   584 574.630  -0.004 574.626  4585016.2 350885.8 465275.1 68633.8  19893.3 10065.9  8450.8
   585 -1888.309   0.004 -1888.305  4032177.7 302014.7 351328.2 46588.6  15412.8  9504.1  5955.0
   586 1244.081  -0.004 1244.077  4659728.2 321870.6 432280.6 82843.5  17178.3 12067.4  9575.1
   587 1613.277  -0.003 1613.274  5191286.2 339655.9 513046.8 69731.1  22911.8  8542.7 10006.3
   588 996.802  -0.002 996.800  5220846.7 321232.9 456103.2 69696.0  23830.2  3724.6  8578.6
   589 -231.679   0.000 -231.679  4808773.1 322451.0 548060.8 57863.7  20915.2  8035.4  7100.1
   590 -21.090   0.002 -21.088  4576717.9 339198.8 552723.9 76146.2  20956.1  5302.9  6774.1
   591 1202.362  -0.002 1202.360  5267100.6 344413.6 551837.7 76591.5  27348.9  4381.8  8934.5
   592 1145.625  -0.001 1145.624  5330553.9 357426.7 697557.1 64507.7  24359.4  2657.8  8346.9
   593 -387.431   0.001 -387.430  4719818.2 359982.9 604416.6 56041.2  22766.2  4402.4  7191.1
   594 -79.113   0.000 -79.113  4847503.4 351549.6 673707.2 65705.4  28484.9  3285.6  8671.2
   595 -352.074   0.001 -352.073  4591119.5 358636.3 566917.8 61764.7  24249.7  3771.2  8130.6
   596 -1353.193   0.002 -1353.191  4414907.0 328676.8 453640.4 58380.5  24748.6  3252.1  7966.0
   597 -835.131   0.004 -835.126  4160472.2 318133.5 381999.5 67926.3  16765.6  6832.8  6477.4
   598 644.408  -0.005 644.403  4700406.8 359428.2 559357.4 72437.9  25017.3  4762.5 10614.6
   599 -816.176   0.005 -816.141  4240277.8 320474.9 353889.4 60258.2  16106.1  6714.9  6315.8
   600 -259.465   0.002 -259.463  4380585.8 352517.6 400425.7 75022.6  20597.3  6179.0  7491.4

         Carbon flux (ktC/yr)        Water (dam3/yr)                Nitrogen (MgN/yr)
       ----------------------- -------------------------- --------------------------------
Spinup NEP     estab   NBP     transp     evap    interc  nuptake ndemand  nlosses ninflux
------ ------- ------- ------- ---------- ------- ------- ------- -------- ------- -------
   601 397.694   0.001 397.695  4489347.6 367916.1 517370.5 72625.3  20025.7  6946.2  8391.9
   602 -802.964   0.004 -802.960  4245572.0 325043.8 365256.1 63709.2  17898.8  6428.5  6350.7
   603 -1555.123   0.005 -1555.118  3913453.8 347846.1 345055.3 62717.0  15306.5  6952.2  5843.6
   604 -904.584   0.006 -904.578  4034163.6 318435.1 355483.5 64519.0  12670.3 11148.0  5891.2
   605 1036.917  -0.001 1036.916  4439126.4 341375.9 479554.7 82632.8  18573.8 11883.4  9859.3
   606 1539.183  -0.005 1539.178  5033007.6 338404.4 413251.4 71218.8  24342.5  5354.0 10818.9
   607 342.347  -0.005 342.342  4686635.7 349014.6 520668.5 61279.5  18691.7  6006.2  7485.4
   608 635.583  -0.010 635.573  4956621.1 382262.1 560035.0 73167.2  24963.1  4278.2  8910.0
   609 -170.481   0.002 -170.479  4563990.4 360626.6 440516.0 63735.4  20447.7  4860.9  6654.6
   610 -439.983   0.000 -439.983  4651712.9 327363.4 423087.9 71958.6  20234.4  4789.6  6632.1
   611 -2046.324   0.007 -2046.317  3862026.9 350672.0 433521.2 53495.4  16113.4  7421.5  5320.5
   612 -2114.687   0.009 -2114.679  3689894.1 333042.0 331364.2 51668.0  11672.7 10342.0  5692.2
   613 1667.276  -0.004 1667.272  4514867.2 341201.7 427034.9 93642.0  16115.2 13080.3  9746.3
   614 -1262.732   0.003 -1262.729  3958172.8 329184.4 317357.0 45605.4  13225.0 13341.8  6680.4
   615 708.381  -0.001 708.380  4209401.2 359589.4 297951.3 81644.4  15638.6  8180.5  8604.6
   616 1658.980  -0.006 1658.974  4836732.5 349794.1 435746.7 78504.2  20946.7  6642.6 10511.8
   617 832.784  -0.005 832.780  4960035.3 350182.2 508240.3 66857.1  20993.3  6603.2  8628.2
   618 1081.860  -0.003 1081.857  5044294.7 362539.1 646075.4 70956.8  22932.8  3700.4  8863.4
   619 -252.688   0.002 -252.686  4760249.8 335140.7 567882.9 52584.4  21922.7  5086.5  7209.0
   620 -666.813   0.002 -666.812  4400750.4 321418.2 421263.6 69110.4  16786.8  6492.7  5636.5
   621 -807.416   0.002 -807.414  4397403.1 311642.1 407848.5 62327.5  17445.8  5747.7  6341.6
   622 829.235  -0.000 829.234  4759914.3 362372.7 572665.2 79590.8  24361.3  8936.6  9917.8
   623 1284.091  -0.001 1284.090  5221529.2 331641.1 458563.4 73286.9  24821.1  3473.7  9596.4
   624 1161.753  -0.001 1161.752  5173697.8 362337.4 678397.5 65817.7  21759.4  4489.0  8480.7
   625 236.717   0.000 236.718  4981258.9 325768.9 691232.1 61360.3  22534.2  8492.7  7732.4

         Carbon flux (ktC/yr)        Water (dam3/yr)                Nitrogen (MgN/yr)
       ----------------------- -------------------------- --------------------------------
Spinup NEP     estab   NBP     transp     evap    interc  nuptake ndemand  nlosses ninflux
------ ------- ------- ------- ---------- ------- ------- ------- -------- ------- -------
   626 -2740.334   0.006 -2740.328  4078392.9 321620.5 429667.7 42248.5  18544.2  7261.3  5819.1
   627 1412.522  -0.002 1412.520  4952686.3 369126.5 439454.8 90717.8  21102.6  6255.3  9948.9
   628 441.976  -0.001 441.974  4613144.2 356186.0 504823.0 61038.5  17595.5  7659.7  7064.1
   629 -962.479   0.002 -962.477  4466704.5 322246.1 395489.0 61046.0  19404.0 10372.1  6675.2
   630 -2838.948   0.011 -2838.937  3671553.5 324008.3 289228.2 42415.5  12295.3 15963.8  5435.2
   631 1981.100  -0.007 1981.093  4748350.8 373279.7 353533.6 101184.1  16494.6 10970.7  9642.8
   632 -1711.998   0.005 -1711.993  3929445.4 323684.6 302479.1 43204.4  11747.4 14311.3  5950.1
   633 995.670  -0.002 995.667  4381238.7 328980.7 353700.9 77691.9  12562.2 17055.8  7704.2
   634 391.300  -0.001 391.298  4528223.4 344623.8 409051.7 66834.5  17463.1 13801.3  8950.8
   635 -414.664   0.003 -414.660  4230766.1 320104.8 291479.5 69291.5  15326.8  8654.5  6567.4
   636 1731.072  -0.002 1731.071  4995993.8 355097.5 449617.7 90427.7  21372.2  5109.9  9148.3
   637 -1036.065   0.006 -1036.060  4343260.1 327500.8 397223.6 48849.8  12374.9 12316.9  4255.0
   638 1357.059  -0.001 1357.058  4891210.1 364771.1 550410.6 73190.1  18394.8 13872.4  8515.7
   639 315.939  -0.002 315.937  4733716.1 343833.3 547589.9 67402.3  19518.2 10692.8  7853.1
   640 481.280  -0.005 481.275  4943192.4 357345.2 625335.5 67963.0  25021.6  5505.9  8507.4
   641 -45.447  -0.002 -45.449  4717537.6 363604.6 548644.9 66270.0  20774.6  6514.5  7366.6
   642 -202.852   0.001 -202.851  4834141.0 334916.4 537367.9 64362.8  23522.9  5400.8  7674.6
   643 -1181.449   0.002 -1181.447  4455353.5 320483.0 399843.1 61900.2  21729.7  5128.0  6865.6
   644 295.429  -0.001 295.428  4563643.4 364645.5 485043.8 78302.5  20623.9  6810.2  8419.1
   645 1206.257  -0.002 1206.254  5277502.0 325102.9 440999.8 78142.8  26672.1  3684.7  9853.7
   646  76.148   0.000  76.148  4689469.8 359552.1 553089.7 61218.9  17572.6  8046.0  6669.2
   647 -1504.389   0.003 -1504.387  4401298.2 323485.7 425350.1 61688.4  19097.5  7890.3  6219.9
   648 -77.025   0.002 -77.023  4580730.9 322712.2 352402.2 84217.2  17354.4  7899.6  6921.0
   649 -1665.716   0.002 -1665.714  4135365.4 326439.8 375885.5 51410.6  16542.3  7329.7  6467.0
   650 -837.818   0.002 -837.817  4135268.8 324951.3 322017.2 67876.0  13848.9  9507.1  6926.1

         Carbon flux (ktC/yr)        Water (dam3/yr)                Nitrogen (MgN/yr)
       ----------------------- -------------------------- --------------------------------
Spinup NEP     estab   NBP     transp     evap    interc  nuptake ndemand  nlosses ninflux
------ ------- ------- ------- ---------- ------- ------- ------- -------- ------- -------
   651 -958.627   0.005 -958.622  3836790.5 346493.4 305321.6 73518.0  12477.3 13839.1  6529.8
   652 1742.926  -0.003 1742.922  4907134.2 355227.2 423835.9 88323.5  24567.4 10647.5 12179.7
   653 1302.656  -0.002 1302.654  4783080.6 391644.6 539313.2 64216.9  21228.7  5141.0 10090.7
   654 119.620   0.000 119.620  4703639.1 333289.2 499419.3 58426.8  19688.3  6732.5  8078.9
   655 236.343  -0.003 236.340  4965276.7 343774.1 506055.8 75512.9  23790.9  5081.0  9448.0
   656 -132.390  -0.002 -132.392  4727667.0 329131.2 511322.6 62415.6  22389.9  4377.4  8097.6
   657 859.926  -0.002 859.924  5222590.4 324422.1 447963.4 82374.1  27891.6  2873.4  9948.4
   658 -1173.930   0.002 -1173.928  4427975.2 332153.9 452985.5 50154.3  19214.0  4965.0  6649.3
   659 1758.203  -0.003 1758.200  5081892.3 343458.6 509304.0 93599.5  20247.3  4741.7  8495.0
   660 -648.872   0.002 -648.870  4579589.6 329045.3 562769.5 51524.6  17162.3 10774.0  6126.0
   661 -2455.325   0.006 -2455.318  3990383.0 312610.4 383167.5 46703.4  13785.8 13117.1  5780.7
   662 628.463  -0.002 628.460  4567870.0 341151.1 321229.5 87577.6  16221.8 10743.2  8618.1
   663 261.776  -0.000 261.776  4378156.9 358387.9 449941.2 66594.7  15910.1  9874.0  7375.6
   664 -532.746  -0.001 -532.747  4443884.3 323634.1 313078.9 69374.4  17970.6  9352.0  7608.6
   665 804.758  -0.002 804.756  4925864.6 349703.2 466618.8 85016.0  21792.5  8145.0  8969.0
   666 1448.832  -0.002 1448.830  5277238.8 345129.9 551636.6 77330.1  23514.3  5066.2  9221.5
   667 -3106.909   0.008 -3106.901  3921392.4 316701.3 397416.8 29225.3  12704.3 13430.5  4680.2
   668 2646.746  -0.006 2646.740  5136395.2 322801.7 331386.5 95636.0  15035.4 12095.1  9222.8
   669 1770.736  -0.003 1770.733  5022069.7 405743.2 608892.0 71708.6  18344.5 15501.0  8484.5
   670 -213.857   0.000 -213.857  4887207.6 328453.4 527822.6 53838.7  20598.3  8420.0  7118.5
   671 -16.625  -0.000 -16.625  4654914.4 343837.7 533450.5 78354.7  19657.6  6280.4  6646.2
   672 1101.257  -0.001 1101.256  5300345.4 339823.6 531542.1 77205.5  27117.1  4880.5  9089.3
   673 406.942   0.000 406.942  4986607.3 316307.1 646527.3 62171.9  20371.7  8272.1  7109.8
   674 -144.966   0.000 -144.966  4867608.8 342693.4 581184.2 69041.2  23678.3  4549.2  7232.0
   675 -557.522   0.001 -557.521  4955016.8 291780.7 441051.3 66883.3  23434.3  4413.2  6876.3

         Carbon flux (ktC/yr)        Water (dam3/yr)                Nitrogen (MgN/yr)
       ----------------------- -------------------------- --------------------------------
Spinup NEP     estab   NBP     transp     evap    interc  nuptake ndemand  nlosses ninflux
------ ------- ------- ------- ---------- ------- ------- ------- -------- ------- -------
   676 -102.849   0.000 -102.849  4665894.8 351656.1 534705.8 73568.5  22665.7  6706.1  7941.5
   677 -15.837  -0.000 -15.838  4674336.0 341321.6 547245.7 69573.8  22768.3  4555.3  7395.8
   678  92.295  -0.000  92.294  4982938.4 326313.7 527294.6 71001.9  24006.3  5545.4  7991.5
   679 -1140.626   0.002 -1140.624  4585058.2 313628.6 429787.5 60973.4  21553.7  6952.9  6763.7
   680 -1803.551   0.014 -1802.605  3971576.6 290538.9 291403.5 66440.8  18582.3  7070.2  6398.9
   681 -1474.165   0.008 -1474.157  3961026.6 317421.3 342633.2 54887.8   9235.9 15295.3  4634.6
   682 1924.852  -0.003 1924.849  4850793.4 339188.2 313009.8 95781.2  21676.1  6656.1 12142.4
   683 583.535   0.000 583.535  4301076.9 376746.0 438124.6 57766.7  14571.3  9194.5  6897.2
   684 257.105   0.000 257.106  4498102.9 338355.3 446337.6 69028.8  18353.7 13650.5  8279.9
   685 403.012  -0.003 403.009  4797514.9 341584.1 468473.5 71046.8  21641.1  6606.9  8713.0
   686 -574.962  -0.001 -574.962  4509478.4 329134.3 338725.4 63144.5  19301.2  5981.8  7193.4
   687 -1019.505   0.002 -1019.503  4217133.1 332550.3 368168.0 62481.7  17250.7  7879.1  6135.7
   688 122.913   0.001 122.914  4191730.9 367722.1 453177.3 78648.3  16195.1  8523.8  6728.7
   689 1414.802  -0.005 1414.797  5057242.5 374128.0 482523.6 76240.5  24217.4  6732.5  9322.0
   690 -984.407   0.003 -984.404  4381114.1 333803.3 409225.3 52572.9  16992.2  7909.5  5863.2
   691 581.693  -0.001 581.692  4768057.5 347350.6 478480.4 83317.0  19298.6  6098.7  7255.4
   692 1517.125  -0.008 1517.117  5340168.2 355281.9 578161.9 74635.4  25851.4  5621.2  9117.7
   693 1262.141  -0.004 1262.137  5400151.8 355726.6 633026.5 68372.2  23820.7  2965.5  7777.7
   694 249.784  -0.001 249.783  4970524.0 392542.4 727861.9 63931.3  25643.3  3081.1  7549.2
   695 -470.909   0.001 -470.908  4886607.5 335742.1 600397.9 60276.2  23365.9  4979.1  6874.1
   696 -2972.885   0.007 -2972.877  3963799.1 315874.4 346847.5 41043.2  17518.3  8338.6  5405.9
   697 -1001.265   0.008 -1001.254  3857550.8 323902.7 303804.6 63979.8  10433.3 16141.8  5181.2
   698 719.026  -0.002 719.024  4416087.8 352683.1 356235.2 77740.7  18559.5 12471.3 10558.9
   699 1359.852  -0.004 1359.848  4694510.4 394719.5 471081.6 68106.1  22824.7  6233.8 11243.1
   700 531.660  -0.001 531.659  4531398.7 314826.5 346176.1 65706.1  15803.3  5776.4  6981.5

         Carbon flux (ktC/yr)        Water (dam3/yr)                Nitrogen (MgN/yr)
       ----------------------- -------------------------- --------------------------------
Spinup NEP     estab   NBP     transp     evap    interc  nuptake ndemand  nlosses ninflux
------ ------- ------- ------- ---------- ------- ------- ------- -------- ------- -------
   701 -1097.274   0.005 -1097.270  4082322.1 322316.4 319178.2 61197.4  15235.6  9257.7  5667.6
   702 -61.922  -0.000 -61.923  4306869.5 330547.3 434778.3 70834.6  15949.2 11814.2  6831.8
   703 -501.192   0.000 -501.191  4359350.6 324278.3 307803.3 71712.9  18887.1  6086.6  7643.1
   704 1612.496  -0.003 1612.493  4954623.6 340630.9 396791.5 89967.6  22665.5  5319.7  8509.7
   705 -1424.155   0.005 -1424.150  4160660.5 363433.5 391305.3 46683.1  12935.2 10017.4  4419.0
   706 1814.469  -0.004 1814.465  5066416.7 328373.5 394790.7 91409.2  19741.2  7701.9  8830.1
   707 1017.264  -0.004 1017.260  5076004.0 372135.2 530911.9 70385.9  17976.9  7738.3  6914.2
   708 -150.956  -0.005 -150.961  4663198.6 361828.8 559276.5 63922.2  18136.1 10960.2  6389.1
   709 -1267.577  -0.001 -1267.578  4492148.4 330792.1 453924.9 60721.6  20397.9  6737.4  6545.3
   710 -1486.049   0.002 -1486.047  4103741.1 330400.5 341297.0 69354.9  14169.9  8099.7  5526.7
   711 1327.205  -0.003 1327.202  4759827.5 385681.6 545331.1 93331.4  25131.3  7100.0  9717.1
   712 1936.578  -0.002 1936.576  5271119.5 339489.1 525770.2 75212.5  21064.8  3862.3  8197.2
   713 324.637  -0.000 324.636  5222013.9 344515.1 584816.4 67409.7  21585.8  6114.6  7361.6
   714 -1772.542   0.003 -1772.539  4275968.0 338449.1 451922.6 56086.1  15498.9 11823.1  5041.1
   715 838.617  -0.002 838.615  4792688.5 375534.9 595875.0 80786.4  24671.1  7342.7  9556.9
   716 1441.417  -0.002 1441.416  5244736.7 349949.3 649123.0 67294.1  22773.3  4187.8  8982.9
   717 722.824  -0.000 722.823  5227620.8 360491.1 600496.1 68325.5  24466.4  3328.6  8004.6
   718 588.300  -0.000 588.300  5282162.4 344936.4 659201.2 70834.3  27665.1  2636.0  8607.2
   719 -1945.435   0.004 -1945.431  4345179.4 313171.3 468889.1 47774.4  20625.8  4893.0  6036.7
   720 -1054.977   0.003 -1054.974  4235585.7 291541.5 390438.4 61706.7  13955.5  8433.5  6104.4
   721 352.790  -0.002 352.788  4563053.2 326293.1 443336.4 76883.7  18456.7 15126.9  9036.3
   722 293.667  -0.001 293.666  4635455.8 324051.1 465180.6 65609.1  20438.0  8128.7  8979.9
   723 -1213.888   0.006 -1213.883  4049041.0 270116.3 320710.9 60013.8  18622.6  9325.6  7311.6
   724 -954.507   0.005 -954.502  4092991.3 311872.9 334419.7 67376.1  12906.9  8396.5  5891.0
   725 1182.722  -0.006 1182.716  4893398.7 332675.2 345366.7 88783.7  25015.1  5069.9 11830.7

         Carbon flux (ktC/yr)        Water (dam3/yr)                Nitrogen (MgN/yr)
       ----------------------- -------------------------- --------------------------------
Spinup NEP     estab   NBP     transp     evap    interc  nuptake ndemand  nlosses ninflux
------ ------- ------- ------- ---------- ------- ------- ------- -------- ------- -------
   726 -240.834   0.003 -240.831  4441954.3 318661.3 359204.2 57379.4  13853.4  6974.5  5944.5
   727 891.549  -0.004 891.545  4800704.0 356395.1 540023.6 81101.9  22856.8  8293.5 10206.2
   728 768.376  -0.001 768.375  4913638.0 355541.6 582923.9 63167.2  23106.1  5041.6  9530.1
   729 -99.541  -0.001 -99.542  4848569.6 317286.9 383715.0 72531.5  18135.1  5778.7  6987.7
   730   2.155   0.000   2.156  4602765.1 331680.6 610429.4 68854.1  18353.4  9709.7  7229.8
   731 -58.208  -0.001 -58.208  4759053.1 342208.6 401843.7 73461.7  22546.1  5204.8  7972.5
   732 445.910  -0.002 445.908  4889230.7 327151.1 624782.2 71614.2  21357.2  8156.5  7742.2
   733 -1141.787   0.002 -1141.785  4637052.9 321780.3 375785.9 62458.6  20366.8  5220.1  6717.6
   734 1125.535  -0.002 1125.533  5145096.3 352719.2 571884.1 84922.1  26573.1  5040.2  9265.5
   735 -719.909   0.001 -719.908  4626241.4 326949.1 409773.7 62525.2  16016.7  7474.9  5549.8
   736 -312.910   0.001 -312.909  4689297.0 334635.3 531049.3 73290.4  21777.8  7477.6  7619.5
   737  93.227  -0.000  93.226  4651044.5 360096.8 526316.3 72806.4  20864.9  7825.0  8021.1
   738 -161.266   0.000 -161.266  4678282.6 323831.3 524156.2 66495.5  19980.7  8810.7  7460.1
   739 -51.420  -0.000 -51.421  4667102.5 341123.8 403780.4 74374.5  21492.3  6706.5  7768.1
   740  92.993  -0.001  92.992  4772259.0 333954.8 574856.3 71880.8  22622.9  6272.6  8433.9
   741 112.972  -0.001 112.971  4810871.2 331653.7 585049.1 70340.9  23521.2  5476.6  8493.7
   742  49.569   0.000  49.569  4719552.5 355339.1 560483.0 69278.3  22170.6  6764.5  7878.7
   743 -1255.781   0.002 -1255.780  4486468.2 318312.6 378695.2 66947.7  20406.7  4900.2  6795.3
   744 1118.812  -0.002 1118.810  4915747.7 345592.3 519374.6 88160.4  25403.1  3592.0  9380.1
   745 -848.510   0.002 -848.507  4418858.9 343384.7 431754.6 56814.6  15876.7  7659.4  5675.3
   746 -338.173   0.001 -338.172  4459462.5 324990.3 509186.1 68912.0  17297.0 10931.2  7129.7
   747 102.159  -0.001 102.158  4541165.7 351036.7 521030.2 77523.3  20500.9  7124.8  8037.6
   748 378.623  -0.001 378.622  5021608.2 343242.3 524554.8 72764.1  24091.3  6176.8  9636.1
   749 -2155.126   0.010 -2155.116  3957446.3 292216.1 314045.9 56104.0  17175.9  6466.1  6272.0
   750 1390.770  -0.006 1390.764  4792258.8 339472.5 399011.4 93501.0  20158.2  7816.0  8420.5

         Carbon flux (ktC/yr)        Water (dam3/yr)                Nitrogen (MgN/yr)
       ----------------------- -------------------------- --------------------------------
Spinup NEP     estab   NBP     transp     evap    interc  nuptake ndemand  nlosses ninflux
------ ------- ------- ------- ---------- ------- ------- ------- -------- ------- -------
   751 -594.009   0.002 -594.006  4325178.7 343170.9 504874.1 55106.2  14481.4 11452.8  6277.5
   752 582.983  -0.002 582.981  4958229.7 348291.2 489531.2 81278.9  21529.2  8288.7  9980.7
   753 -1776.220   0.009 -1776.211  3999880.3 327480.6 354048.6 52306.8  13169.3 10337.3  5160.4
   754 953.257  -0.003 953.254  4879120.3 357194.1 451991.1 86067.9  19345.2  8419.2  9587.7
   755 1363.900  -0.004 1363.896  5148314.4 353876.9 544802.6 74656.8  22531.3  4905.5 10025.6
   756 -1310.537   0.003 -1310.534  4362128.5 332313.9 412847.6 50257.4  17527.1  6647.7  6428.6
   757 1149.019  -0.003 1149.016  4938967.0 381007.4 490893.4 86722.0  19608.3  6558.8  8599.6
   758  24.295  -0.001  24.294  4523572.1 366688.4 542167.3 62251.9  17814.7  7885.7  6807.2
   759 -85.056  -0.000 -85.056  4664544.1 335290.3 531732.4 70247.4  19965.2 11819.2  7577.3
   760 -1278.980   0.002 -1278.979  4431101.9 329271.6 419690.6 63475.5  20122.4  7659.5  6964.8
   761 -205.497   0.001 -205.496  4433992.2 336959.6 484031.8 76610.7  19040.2 10705.3  7519.6
   762 -1285.960   0.004 -1285.957  4224906.9 291150.4 289519.8 66221.3  20179.1  5186.7  7447.8
   763 -512.009   0.002 -512.007  4142248.3 337173.2 467748.8 67744.2  13272.9 17455.1  6053.6
   764 509.852  -0.003 509.849  4717038.1 341765.1 436463.0 83431.1  21277.2  6727.2  9893.7
   765 432.604  -0.002 432.602  4648497.3 332531.8 476695.8 66635.7  17874.7  9291.1  8224.3
   766 360.402  -0.002 360.400  4599604.5 359179.0 509232.5 73658.6  19386.9  6990.2  8130.0
   767 -697.296   0.000 -697.296  4521381.7 326821.3 354375.3 64707.1  18357.3  7367.2  7224.8
   768 -1108.472   0.004 -1108.468  4244957.1 316662.4 393311.3 65051.0  13267.9 10147.2  5238.9
   769 1731.269  -0.006 1731.264  4984559.2 344021.5 451762.1 97244.2  21541.6  5605.9 10472.5
   770 1487.662  -0.004 1487.658  5247321.1 328272.0 459027.9 71972.1  21305.0  4736.5  8737.6
   771 555.953  -0.002 555.950  4982538.9 352934.4 672979.1 65194.9  21178.7  7673.6  7555.3
   772 384.610  -0.001 384.610  5008354.6 351073.7 691784.2 72701.6  23151.9  8454.9  7812.4
   773 1027.290  -0.001 1027.289  5346747.2 357191.1 715121.8 76069.0  24891.3  4192.0  8705.6
   774 426.889   0.001 426.890  5269688.6 364676.8 642634.9 66987.6  25797.6  2565.4  7939.3
   775 891.543  -0.000 891.543  5296769.7 404506.1 825636.3 76748.7  28561.9  2485.8  8674.5

         Carbon flux (ktC/yr)        Water (dam3/yr)                Nitrogen (MgN/yr)
       ----------------------- -------------------------- --------------------------------
Spinup NEP     estab   NBP     transp     evap    interc  nuptake ndemand  nlosses ninflux
------ ------- ------- ------- ---------- ------- ------- ------- -------- ------- -------
   776 -238.858   0.001 -238.857  4892504.1 393186.5 772326.5 60129.3  28013.2  1506.7  8045.7
   777 -607.468   0.001 -607.467  5007597.8 348249.7 624229.1 69269.7  27831.5  2818.8  8370.0
   778  82.514   0.001  82.516  5073681.3 330244.1 523961.1 77761.8  30951.8  1827.0  9346.0
   779 -376.298   0.002 -376.296  4566403.0 361216.6 604191.7 65721.7  20382.2  5209.7  7137.5
   780 327.092  -0.001 327.091  5111426.7 352470.9 634490.4 73001.2  30058.2  2893.3  9890.4
   781 -2160.895   0.009 -2160.867  4039964.3 320848.1 420487.5 50496.3  15568.5  8899.0  5106.8
   782 1329.141  -0.004 1329.137  5020001.1 355297.8 547384.5 84965.6  22568.8  5789.0  9547.9
   783 424.301   0.000 424.301  4696778.0 335543.0 633934.1 63320.8  18778.2  9440.0  7706.7
   784 -417.327   0.002 -417.326  4611962.5 330403.5 556181.7 65643.5  21851.9  7834.2  8056.3
   785 -364.070  -0.001 -364.071  4842335.2 347686.0 543167.9 70199.1  27660.6  4200.9  9973.9
   786 -842.443   0.001 -842.441  4436853.3 299213.8 420878.0 66747.3  19759.6  3955.4  7422.4
   787 -1347.140   0.002 -1347.138  4159370.5 327666.7 339346.9 71660.5  18425.3  5265.8  7533.7
   788 1065.563  -0.004 1065.559  4889306.0 353558.5 523596.9 85716.4  26253.6  5755.1 10759.1
   789 293.480  -0.001 293.478  4565082.0 366762.7 529570.2 64094.2  18133.4  6994.9  7916.6
   790 -180.469   0.000 -180.469  4572250.6 326400.2 535110.5 69927.1  19624.2  9416.2  7786.3
   791 -211.167   0.001 -211.166  4585293.5 324027.9 533054.8 71364.0  21153.3  8141.9  8162.8
   792   5.682  -0.000   5.682  4834173.8 332754.9 525263.9 75955.1  23223.4  5145.4  8764.0
   793 700.917  -0.002 700.915  4935177.8 325312.0 639408.7 73865.2  22957.2  7603.5  8853.2
   794 -1871.327   0.003 -1871.324  4074343.3 282694.0 379405.1 52325.0  18932.5  8530.6  6464.8
   795 -2986.405   0.010 -2986.396  3522459.9 322478.9 346672.6 41680.6   9752.2 16070.7  5238.9
   796 2705.003  -0.009 2704.995  4954889.8 339505.8 333017.1 106521.1  16109.6 10397.0 11402.8
   797 -2081.910   0.006 -2081.903  3834954.5 325237.5 258523.0 36492.3  11694.1 14512.3  6219.7
   798 1103.441  -0.003 1103.439  4505723.5 345416.2 351594.3 80199.8  12321.0 23904.1  8378.0
   799 1230.921  -0.004 1230.917  4868635.1 373980.6 390016.0 81394.1  17154.7 11039.4 10198.6
   800 387.959  -0.002 387.958  4673982.8 332694.0 469188.3 66553.3  19165.4  7554.1  9461.5

         Carbon flux (ktC/yr)        Water (dam3/yr)                Nitrogen (MgN/yr)
       ----------------------- -------------------------- --------------------------------
Spinup NEP     estab   NBP     transp     evap    interc  nuptake ndemand  nlosses ninflux
------ ------- ------- ------- ---------- ------- ------- ------- -------- ------- -------
   801 -935.916   0.002 -935.914  4451841.9 315262.4 362792.6 64074.2  17572.5  9431.5  7457.7
   802 -1045.424   0.005 -1045.384  4137818.5 321541.3 299670.8 75082.6  13920.5 10938.5  6301.7
   803 -1837.829   0.010 -1837.819  3754881.6 300960.3 243447.3 62932.3  12696.7 11289.4  6112.5
   804 874.962  -0.002 874.960  4487196.6 381882.6 373218.9 89621.5  13001.2 16439.2  7753.2
   805 -743.946   0.002 -743.944  4304655.4 345463.1 314594.0 68609.4  14786.6 10864.2  8148.1
   806 1583.263  -0.004 1583.260  5052526.3 378145.2 399519.1 95407.1  18657.2 10453.3 10407.9
   807 189.171   0.001 189.172  4680665.6 338932.9 449156.6 59544.8  15088.1 11727.0  7513.7
   808 1418.819  -0.003 1418.816  5263518.3 363939.8 547499.2 82364.1  21704.0  8020.2 10839.8
   809 -1492.680   0.002 -1492.678  4184921.1 282889.8 352771.9 45176.0  16131.6  9743.3  6496.2
   810 1753.681  -0.005 1753.676  5128770.0 357205.7 502550.7 84184.8  19064.0  8796.0  8958.0
   811 -2756.576   0.009 -2756.567  3864292.6 335531.7 373996.9 32447.4  13236.1 12944.9  5279.9
   812 1117.779  -0.008 1117.771  4654112.6 353632.7 370184.8 74241.7  14607.2 23466.8  8668.8
   813 724.018  -0.004 724.014  4599546.5 375575.1 421804.3 69431.7  17365.0 12820.7  8691.8
   814 -1706.405   0.004 -1706.402  4056118.7 324524.5 325809.8 49518.3  14875.9 13178.8  6250.9
   815 808.085  -0.003 808.081  4648662.7 350600.6 389416.7 74076.3  16357.3 14432.2  8885.2
   816 830.217  -0.002 830.215  4750713.8 341396.4 466128.5 72102.0  19523.1  8506.4  9095.7
   817 253.394  -0.000 253.394  4896776.0 338084.1 378606.8 68890.2  21515.9  6708.6  7790.1
   818 -489.549   0.002 -489.548  4461774.9 354448.3 378844.7 65766.4  16327.9  9051.7  5743.7
   819 -892.838   0.002 -892.837  4387012.5 334668.2 397262.2 64550.0  20010.9  6006.1  6893.1
   820 2257.348  -0.003 2257.345  5108712.7 412536.3 616909.0 97677.7  23460.6  6064.0  9052.4
   821 -1257.616   0.003 -1257.613  4486313.1 288389.6 317180.6 47304.6  16586.9  7627.2  5569.5
   822  94.312   0.002  94.314  4431236.0 350200.0 579750.9 66788.7  12141.7 21086.7  5131.9
   823  85.670   0.000  85.670  4736467.2 345941.7 491466.8 69069.0  22774.8  7778.9  8215.7
   824 1241.360  -0.002 1241.359  5179895.1 366008.9 595641.5 69279.8  25771.3  2739.1 10078.7
   825 1202.815  -0.000 1202.814  5348752.8 359578.8 647875.4 60929.3  24392.3  1835.3  9150.0

         Carbon flux (ktC/yr)        Water (dam3/yr)                Nitrogen (MgN/yr)
       ----------------------- -------------------------- --------------------------------
Spinup NEP     estab   NBP     transp     evap    interc  nuptake ndemand  nlosses ninflux
------ ------- ------- ------- ---------- ------- ------- ------- -------- ------- -------
   826 -457.605   0.002 -457.603  4793734.4 328397.0 564388.7 55298.0  21950.6  4867.2  7457.4
   827 321.156  -0.000 321.155  5258060.2 330386.3 475312.2 72608.2  28708.2  2963.2  9893.7
   828 521.868  -0.000 521.868  5248125.7 348250.6 608276.6 65883.2  26465.5  2535.7  9320.8
   829 -723.198   0.001 -723.196  4472176.2 359485.6 585239.3 59286.4  19910.5  4742.4  6495.0
   830 -181.493   0.001 -181.492  4683751.4 363573.7 541259.3 66513.3  23467.1  6610.2  8431.8
   831 -204.215   0.000 -204.214  4985281.1 345440.0 532114.5 66232.4  28075.9  2919.0  9770.7
   832 402.441  -0.001 402.440  5101953.1 346151.4 580603.9 67007.0  29051.8  1674.2 10359.1
   833 -1659.658   0.003 -1659.655  4225233.4 324750.0 369510.3 54970.2  18854.7  4366.7  6407.4
   834 1200.064  -0.002 1200.062  5019275.9 351370.6 523388.0 78379.7  22666.2  4799.2  9756.0
   835 861.172  -0.001 861.171  5142680.1 349014.5 573884.8 65620.7  24534.1  3203.8  9480.0
   836 -1317.420   0.004 -1317.416  4436067.5 304289.7 432222.2 53139.0  18305.9  5501.3  6115.9
   837 -392.912   0.001 -392.911  4327281.0 344125.3 366757.0 74995.7  17453.9  7720.4  7389.6
   838 -1229.313   0.002 -1229.311  4148893.3 330148.2 322040.0 65359.2  16649.3  5715.7  7014.5
   839 509.787  -0.001 509.786  4396583.9 342487.6 522794.0 81808.4  17283.5 11722.3  7777.9
   840 -563.812   0.001 -563.812  4479698.5 324329.6 321816.3 68554.1  19839.2  5992.5  7909.9
   841 -180.146   0.001 -180.145  4203772.8 362808.5 488431.6 72589.4  16197.9  9528.1  6512.3
   842 252.361   0.000 252.361  4677305.8 338243.7 487697.0 70519.1  21580.7  8720.5  8369.9
   843 1259.266  -0.002 1259.265  5220999.9 328561.2 442506.1 83706.3  26199.7  3699.0  9840.2
   844  -1.556   0.001  -1.555  4847641.0 334337.8 550760.1 56322.5  19420.4  7473.1  7024.9
   845  -3.868   0.000  -3.868  4908215.9 337376.4 539448.3 80263.9  20118.9  6903.3  7170.1
   846 1174.605  -0.001 1174.604  5360305.4 359095.8 671504.2 74572.7  26189.8  4984.5  9243.5
   847 -351.564   0.001 -351.563  4899850.6 330244.5 589608.2 53759.7  22275.0  4303.4  7109.2
   848 469.393  -0.001 469.392  5135980.5 366012.5 578626.0 81508.3  25864.0  3679.3  8628.8
   849 509.082  -0.001 509.081  5212343.6 364190.4 597059.4 70636.2  25727.8  2893.2  8317.4
   850 -1535.541   0.003 -1535.539  4548213.6 332201.7 499866.6 53439.4  21861.5  5078.4  6763.8

         Carbon flux (ktC/yr)        Water (dam3/yr)                Nitrogen (MgN/yr)
       ----------------------- -------------------------- --------------------------------
Spinup NEP     estab   NBP     transp     evap    interc  nuptake ndemand  nlosses ninflux
------ ------- ------- ------- ---------- ------- ------- ------- -------- ------- -------
   851 -1083.191   0.003 -1083.188  4433560.3 300446.4 419258.5 65394.7  14310.5  8796.5  5850.5
   852 -792.520   0.001 -792.519  4325057.2 332533.7 391450.9 70030.7  17335.9  7656.4  7745.3
   853 775.771  -0.002 775.769  4687167.8 331255.6 499175.6 88849.1  19248.5  9080.9  9107.9
   854 -740.341   0.001 -740.340  4450133.3 317992.7 346235.6 64016.9  17420.1  7455.5  7014.2
   855 1207.039  -0.002 1207.037  4936724.4 328066.6 432089.6 93674.3  23282.4  5832.2  9238.4
   856 -1802.469   0.005 -1802.464  4237594.0 318318.3 415374.8 44386.0  14764.5  8758.6  5659.4
   857 1373.552  -0.002 1373.549  4990146.8 340303.5 460295.0 91778.7  15213.3 12749.8  8211.3
   858 286.177  -0.001 286.176  4680024.6 330741.5 539925.6 69662.9  17991.6  9304.5  7964.8
   859 263.405   0.000 263.405  4666022.9 352453.6 533095.5 72484.3  19643.0 11144.9  7628.4
   860 287.489  -0.001 287.488  5063417.2 337438.8 542464.7 75363.7  24622.2  5489.8  8675.7
   861 758.433  -0.001 758.432  5109095.1 359122.3 568203.0 77143.5  23526.5  4197.7  8011.5
   862 229.863  -0.000 229.863  5183223.0 338210.7 588165.0 72300.0  24001.6  4900.3  7759.1
   863 -190.329   0.001 -190.329  4685907.7 348699.1 596585.6 69899.9  19999.8  7720.8  6636.6
   864 528.815  -0.001 528.814  4976296.9 316837.0 672367.7 80271.2  23405.6  7170.5  7746.5
   865 -1224.930   0.002 -1224.929  4650718.1 312399.2 409533.1 61491.9  20109.9  5617.9  6232.2
   866 -640.222   0.002 -640.220  4268013.8 341052.7 563734.1 70870.4  15299.3 10098.0  5646.2
   867 1302.659  -0.002 1302.658  5168827.5 352417.3 628535.7 77586.1  27018.8  7644.8 10022.3
   868 -2501.020   0.007 -2501.013  4121597.4 295704.3 356656.3 34467.4  16009.0 10730.7  5602.6
   869 -834.615   0.006 -834.609  3952973.7 309024.7 323201.5 63683.3   8983.1 19198.7  4849.6
   870 1728.651  -0.006 1728.645  4947054.8 346054.0 417615.5 84300.6  18470.1 15280.2 11420.2
   871 1338.366  -0.002 1338.364  5001751.2 346366.9 494851.5 68586.8  20794.6  6336.7 10218.2
   872 -1374.545   0.004 -1374.541  4188198.8 316229.6 388226.0 56085.0  16517.0  9110.0  6449.7
   873 1502.053  -0.004 1502.050  4987303.6 352943.7 531546.8 82153.7  21800.9  7556.3 10230.0
   874 -885.938   0.002 -885.936  4419904.5 305683.5 380878.3 53191.0  19438.4  6128.7  7046.6
   875 -2264.489   0.007 -2264.482  3768978.4 299932.6 331644.1 51930.6  12617.4 12064.2  5812.9

         Carbon flux (ktC/yr)        Water (dam3/yr)                Nitrogen (MgN/yr)
       ----------------------- -------------------------- --------------------------------
Spinup NEP     estab   NBP     transp     evap    interc  nuptake ndemand  nlosses ninflux
------ ------- ------- ------- ---------- ------- ------- ------- -------- ------- -------
   876 903.561  -0.001 903.560  4411806.8 308627.4 344106.5 86395.5  13939.2 14419.7  8633.5
   877 -104.942  -0.000 -104.943  4355417.8 307905.9 298746.0 69082.3  17110.8 13349.7  8280.5
   878 1202.669  -0.005 1202.665  4712063.6 377378.9 493088.7 83123.7  22294.8  8945.3 10486.0
   879 512.739  -0.001 512.738  4654457.9 323359.0 361800.3 69921.0  17418.6  8177.2  7077.1
   880 1470.563  -0.003 1470.560  5143336.5 335728.4 502192.1 87315.8  22895.3  4931.1  8420.6
   881 520.951  -0.001 520.951  5236235.8 335235.5 560539.0 70588.4  21362.6  6929.0  7050.3
   882 -2331.785   0.005 -2331.780  4128032.6 311156.9 388478.1 49643.4  14500.8 10476.0  4624.5
   883 -3250.935   0.014 -3250.921  3468917.2 304609.9 272968.4 35269.6   8796.3 30838.2  4492.3
   884 657.659  -0.002 657.657  4127728.6 300010.1 213247.1 87678.5  11192.7 12523.0  7744.0
   885 671.165  -0.003 671.161  4237186.0 347158.1 242130.2 82831.1  15922.3 10568.0  9614.9
   886 1048.395  -0.004 1048.391  4429860.4 355976.9 351966.4 71337.0  15997.8 14121.9  9062.0
   887 1916.930  -0.005 1916.924  4961786.9 336751.3 391429.9 83822.7  20163.8  8810.5  9941.1
   888 -577.831   0.000 -577.831  4470299.7 319038.3 390072.1 48486.6  16958.5  7889.5  6380.1
   889 348.627  -0.000 348.627  4544123.7 305102.4 461859.8 85309.6  15530.3 13049.2  5994.2
   890 -1387.582   0.003 -1387.579  4092919.9 264378.6 327225.4 57472.3  17828.7 14941.9  5951.0
   891 -94.461   0.001 -94.459  4246911.7 306840.2 426091.8 72481.4  13921.6 13825.8  5961.2
   892 -1003.632   0.002 -1003.631  4019926.2 267262.4 295031.5 65937.2  18768.5 14105.3  6954.6
   893 -639.224   0.001 -639.223  4126233.1 300518.9 313288.5 70255.1  16017.8  8868.5  6664.6
   894 385.798  -0.002 385.797  4169600.4 336503.3 402031.3 78497.8  16170.2 10565.5  7426.8
   895 1041.457  -0.002 1041.455  4614636.0 323966.0 332139.0 76569.3  19445.1 10660.0  8058.5
   896 1255.110  -0.003 1255.107  4859209.1 372539.2 581022.2 71293.3  23901.3  8024.5  8547.4
   897 955.365  -0.001 955.364  4980761.1 308742.1 623902.9 64347.7  19774.6 10774.6  6771.8
   898 -355.348   0.001 -355.347  4729855.3 298428.0 430386.8 65027.0  18628.4  7884.7  5458.9
   899 1023.649  -0.001 1023.648  5072859.9 333888.0 556301.7 79765.9  26121.9  3573.6  8192.1
   900 -611.973   0.002 -611.971  4605436.1 310277.8 579033.4 52006.8  19345.9  9116.6  5708.8

         Carbon flux (ktC/yr)        Water (dam3/yr)                Nitrogen (MgN/yr)
       ----------------------- -------------------------- --------------------------------
Spinup NEP     estab   NBP     transp     evap    interc  nuptake ndemand  nlosses ninflux
------ ------- ------- ------- ---------- ------- ------- ------- -------- ------- -------
   901 -1197.061   0.002 -1197.059  4441118.5 316807.5 453721.4 58869.2  21308.7  7829.8  6812.6
   902 -1585.687   0.006 -1585.681  3958628.1 305552.4 343850.2 63198.1  15019.4 12318.8  5355.6
   903 349.830  -0.002 349.828  4471533.1 321799.5 430588.5 77661.9  19583.9  6984.3  8332.8
   904 399.516  -0.001 399.515  4558068.7 308475.6 451610.3 67220.5  20149.2  8980.7  8542.5
   905 415.351  -0.001 415.350  4801389.0 299230.8 352637.3 74708.2  20938.7  5472.7  8482.3
   906 -1395.801   0.004 -1395.797  3961858.7 269868.2 339463.4 53990.1  17810.9  9313.6  6409.4
   907 -1501.397   0.005 -1501.392  3718385.1 320839.8 342103.7 61902.1  11123.4 12742.9  5298.5
   908 408.581  -0.000 408.581  4287299.3 311175.8 372640.4 77192.9  16649.9 11507.2  8885.7
   909 582.968  -0.002 582.965  4530179.8 324667.5 417262.6 67502.1  20818.8 10160.9  9912.1
   910 1180.561  -0.003 1180.558  4779500.5 342780.2 528294.5 68351.6  24360.7  5644.5 10530.3
   911 -788.318   0.002 -788.315  4262684.1 303076.4 338388.6 58766.2  16365.1  8043.7  6150.9
   912 -2583.676   0.010 -2583.667  3640186.9 304912.4 288848.0 38877.3  13314.4 10681.1  5316.4
   913 791.558  -0.001 791.557  4195794.6 308912.3 246392.6 89161.6  10680.9 11540.0  7461.3
   914 522.869  -0.003 522.865  4383218.0 329110.7 370563.8 70676.3  17281.6  6495.3  9543.6
   915 -1406.442   0.004 -1406.437  3906378.4 301974.5 248113.9 50701.9  15222.5 11793.3  7317.9
   916 -1754.437   0.007 -1754.430  3510178.3 319672.1 219253.4 53883.0  11027.7 12295.4  6268.0
   917 -365.796   0.005 -365.791  3602350.4 315270.1 193615.6 73329.3   9771.2 15105.7  6601.1
   918 1135.470  -0.007 1135.463  4231120.0 332366.8 341891.6 79411.6  15635.1 15616.4 10957.4
   919 906.123  -0.003 906.120  4406000.2 329576.3 353715.9 61032.9  18693.6  9679.6 10684.0
   920 -252.956   0.000 -252.956  4172245.6 310515.1 297824.2 61997.0  17325.7  6949.9  8347.0
   921 1376.881  -0.003 1376.878  4903833.7 319347.0 347265.8 82135.5  24428.6  5169.9 11002.4
   922 1874.864   0.007 1874.871  5053829.4 389361.4 610728.2 68956.7  21929.9  5480.5  8914.7
   923 589.073  -0.002 589.070  4916761.3 409064.2 606761.8 59331.9  24343.0  3330.8  8460.9
   924 406.418   0.001 406.419  4981455.5 315035.7 642215.8 64727.3  21766.6  8532.7  7570.7
   925 -157.074   0.004 -157.071  4783083.6 345528.5 429321.8 64631.5  23649.9  4289.7  6814.5

         Carbon flux (ktC/yr)        Water (dam3/yr)                Nitrogen (MgN/yr)
       ----------------------- -------------------------- --------------------------------
Spinup NEP     estab   NBP     transp     evap    interc  nuptake ndemand  nlosses ninflux
------ ------- ------- ------- ---------- ------- ------- ------- -------- ------- -------
   926 -545.904   0.005 -545.898  4501797.2 349655.0 424293.5 62267.9  21065.7  5573.2  5820.5
   927 -1583.537   0.007 -1583.530  4329955.5 313377.3 412801.5 54706.8  21443.5  6111.0  6217.6
   928 -1308.189   0.006 -1308.183  3929154.0 278275.8 320454.0 64511.9  17854.7  9179.1  6561.3
   929 -2192.706   0.015 -2192.690  3438643.0 295992.0 247986.4 58509.3  13546.9 10230.6  5463.4
   930 -1824.467   0.020 -1824.446  3370217.5 336324.0 243378.0 51338.7   7602.2 20333.5  4148.6
   931 870.071  -0.002 870.069  4232421.7 327930.3 210448.3 86023.4  12921.1 11365.5  9094.7
   932 177.467   0.003 177.470  4239008.0 375303.3 278126.1 66912.1  16360.1  9443.4 10004.9
   933 769.276   0.000 769.276  4633728.6 349149.4 390564.2 66868.1  15981.3 11359.5 11282.5
   934 556.637  -0.001 556.637  4573175.6 372326.1 416898.4 67216.4  16660.9  9601.0 11079.4
   935  19.287   0.003  19.290  4413504.9 336607.8 322789.6 63377.9  15125.2  7696.1  8532.2
   936 -151.645   0.004 -151.640  4336086.9 369649.3 331306.7 66828.5  16482.2  7016.2  8644.0
   937 891.582  -0.000 891.582  5134594.6 358988.7 513755.4 71990.2  23171.9  5723.9 12022.8
   938 784.110  -0.000 784.110  5099051.9 344613.6 438337.6 65636.3  22577.4  3790.0 10066.4
   939 492.372  -0.001 492.371  5030815.1 345607.1 458752.9 66899.1  23044.2  3929.4  9498.0
   940 -387.010  -0.001 -387.010  4481388.0 373403.7 539150.0 57941.7  18303.9  6323.0  8040.5
   941 -171.161  -0.003 -171.164  4644329.0 341938.2 542954.2 66237.5  23734.5  5058.8  9657.7
   942  29.738  -0.000  29.738  4552340.0 360123.3 529583.9 64382.3  21748.3  3978.8  8285.8
   943  -4.789  -0.001  -4.790  4672185.5 341674.0 554501.8 63323.7  24269.2  4946.9  9281.1
   944 484.953   0.000 484.953  4852095.6 325823.1 618306.3 67004.6  23729.4  5240.1  8880.3
   945 397.514   0.001 397.515  4914445.0 328233.8 638701.7 62262.2  24638.6  4914.7  8795.9
   946 -299.345   0.002 -299.343  4689012.9 341234.7 592340.3 59138.7  25847.8  2753.7  8546.4
   947 -1153.433   0.003 -1153.430  4441388.8 322117.7 374582.9 62673.0  22931.0  3223.5  7207.8
   948 -2209.229   0.014 -2209.215  3697934.7 301858.4 291479.8 55917.0  18263.2  6187.0  5984.2
   949 705.403   0.001 705.404  4439425.0 360830.5 421369.0 78554.8  18906.9  9085.9  8638.8
   950 583.215   0.002 583.217  4414371.8 362180.1 469887.9 68157.6  19044.8  7780.4  7948.5

         Carbon flux (ktC/yr)        Water (dam3/yr)                Nitrogen (MgN/yr)
       ----------------------- -------------------------- --------------------------------
Spinup NEP     estab   NBP     transp     evap    interc  nuptake ndemand  nlosses ninflux
------ ------- ------- ------- ---------- ------- ------- ------- -------- ------- -------
   951 639.842   0.001 639.844  4946604.2 353283.4 503909.5 67684.5  24002.8  6789.3  9242.6
   952 -957.706   0.003 -957.703  4385303.0 336811.1 437185.6 53913.3  20495.0  4901.0  7068.7
   953 -497.437   0.001 -497.435  4360241.6 311942.4 389678.0 72391.4  15997.7  7009.8  6077.0
   954 1396.216  -0.003 1396.213  4913705.0 347630.4 489975.0 84907.6  24900.7  4040.6  9991.5
   955 -108.557   0.001 -108.555  4653550.4 345407.4 439615.2 57153.6  19539.1  5003.9  6777.1
   956  33.839   0.001  33.841  4691997.8 349419.8 540423.1 73056.7  19801.6  6040.6  6974.8
   957 224.054   0.001 224.055  4658756.2 358874.5 571646.1 70007.6  21646.3  5826.8  6884.1
   958 792.091   0.001 792.091  4996331.1 331999.2 665383.1 69361.6  22828.5  8290.7  7674.1
   959 820.629   0.001 820.629  5316135.2 357458.8 653568.9 66822.1  28380.5  2306.7  8722.7
   960 724.601   0.001 724.602  5199754.4 363839.8 741022.0 62751.9  25424.0  1712.7  8231.1
   961 456.463   0.001 456.465  5190456.0 363313.9 752642.9 59403.3  27782.9  1586.5  8689.8
   962 -1750.228   0.005 -1750.223  4416183.6 336939.7 518314.6 45670.8  24261.9  2268.9  7187.3
   963 -195.897   0.001 -195.896  4514458.9 325086.1 382427.9 74511.3  18304.5  4144.5  7586.7
   964 -1607.793   0.005 -1607.788  3892952.9 289318.2 351004.1 55470.8  19159.3  7486.1  7003.0
   965 868.638  -0.001 868.637  4599660.4 395698.7 552228.7 77590.8  25509.5  4859.6 10713.5
   966 610.815   0.001 610.817  4891646.3 345390.6 509881.2 63429.4  23472.1  3142.1  9662.4
   967 -1431.265   0.005 -1431.259  4020011.3 282321.2 350026.0 53341.9  18936.3  7132.6  6863.2
   968 -963.227   0.004 -963.223  3848108.6 354616.7 349456.2 64215.0  12857.8  9319.5  6130.3
   969 449.685  -0.002 449.683  4525538.3 339427.3 414601.0 77649.7  20669.6  5716.5 10174.2
   970 -1552.932   0.004 -1552.928  3940533.4 317057.2 279448.1 47262.7  15743.6 11457.4  7426.2
   971 -1009.479   0.007 -1009.472  3683129.1 295587.9 224584.7 71802.1  13531.3  9026.4  6857.1
   972 810.666  -0.005 810.662  4244023.1 386593.0 381103.9 79901.8  15428.5 12101.9  9106.8
   973 -1475.964   0.005 -1475.959  3834695.7 324204.4 256354.6 48729.4  14159.3 13251.7  7315.0
   974 -761.651   0.006 -761.645  3663624.5 333706.2 243783.6 68676.1  10279.7 15953.0  6000.9
   975 1493.865  -0.006 1493.860  4524964.9 409040.1 420419.9 84703.5  20081.3 14549.4 11929.7

         Carbon flux (ktC/yr)        Water (dam3/yr)                Nitrogen (MgN/yr)
       ----------------------- -------------------------- --------------------------------
Spinup NEP     estab   NBP     transp     evap    interc  nuptake ndemand  nlosses ninflux
------ ------- ------- ------- ---------- ------- ------- ------- -------- ------- -------
   976 -544.670   0.002 -544.668  3942750.2 287555.9 296515.1 54502.2  15316.5 12310.7  7451.0
   977 -2370.797   0.010 -2370.787  3413664.0 338744.6 251597.0 45968.2  10874.4 14202.7  5827.4
   978 -469.307   0.004 -469.303  3576825.3 299205.8 169073.2 81209.8  11115.7 10816.0  7582.2
   979 2194.164  -0.007 2194.157  4533072.6 363196.1 316086.5 91500.8  17150.2  8627.5 11122.0
   980 367.669  -0.000 367.669  4355528.3 314133.9 311228.8 62496.0  14108.8  8551.1  7572.4
   981 -586.089  -0.000 -586.089  4084631.4 331403.0 277193.5 70007.8  15244.1  8074.0  7626.5
   982 -999.050   0.002 -999.049  3807141.5 340114.7 276213.0 69552.0  13650.1  8150.1  6244.9
   983 1895.741  -0.004 1895.736  4583713.7 415430.3 527676.6 93919.1  20935.9 10685.7  9942.0
   984 936.107  -0.001 936.106  4973243.3 307921.9 358785.4 68252.1  16889.1  7293.0  7109.7
   985 1583.551  -0.002 1583.549  5111040.1 341659.2 535293.0 84395.4  20987.4  4732.1  7847.5
   986 -1635.621   0.003 -1635.617  4391230.3 317146.3 442533.4 43850.5  17083.5  9016.3  5468.6
   987 -1258.319   0.005 -1258.314  3935556.7 313720.7 377475.1 55658.9  10680.0 16794.4  4541.6
   988 347.745  -0.000 347.745  4253933.9 319520.5 418932.1 71012.4  15236.8 14375.2  7924.8
   989 -954.566   0.002 -954.564  3925387.7 275223.3 302790.4 60220.1  16672.9 16862.7  7591.5
   990 1321.661  -0.003 1321.658  4717393.2 324951.7 365980.1 88167.2  22383.1  4850.6 10447.2
   991 1594.247  -0.002 1594.244  5049562.7 322302.1 421140.7 72459.9  22002.1  4467.1  9240.5
   992 -1661.261   0.005 -1661.255  4030655.9 331217.5 417907.9 48596.3  14169.8  9416.6  5043.4
   993 -861.838   0.003 -861.836  3915252.6 272905.1 305979.3 61872.9  13367.0 18276.2  6556.6
   994 -1878.739   0.011 -1878.728  3408326.0 298808.2 245388.3 62645.7  12406.7 10540.3  5669.3
   995 911.986  -0.002 911.983  4149746.8 339083.9 424877.3 82676.1  14227.9 17511.7  7592.7
   996 1046.309  -0.003 1046.306  4744501.9 367130.9 398208.1 71376.9  24298.2  8439.9 12115.9
   997 818.930   0.004 818.933  4475092.0 344047.4 458171.0 63410.5  19031.9  6639.3  8362.9
   998 -354.082   0.003 -354.079  4451804.0 328634.5 324312.4 63718.0  19514.1  7278.3  7548.2
   999 1027.737  -0.001 1027.736  4764992.8 387914.0 590896.0 78042.2  25691.9  6227.4  9315.3
  1000 203.576   0.001 203.577  4558239.0 351618.9 412439.4 63781.2  19750.6  5051.0  6469.3

         Carbon flux (ktC/yr)        Water (dam3/yr)                Nitrogen (MgN/yr)
       ----------------------- -------------------------- --------------------------------
Spinup NEP     estab   NBP     transp     evap    interc  nuptake ndemand  nlosses ninflux
------ ------- ------- ------- ---------- ------- ------- ------- -------- ------- -------
  1001 316.593  -0.000 316.593  4719966.4 341680.4 582999.5 70225.0  24102.6  5181.7  7837.6
  1002 -2406.931   0.008 -2406.923  4035201.2 316551.1 340425.4 36842.3  17490.4  8644.1  5363.1
  1003 -2205.346   0.011 -2205.334  3503596.6 336611.0 250665.4 43471.3  10126.6 18389.4  5139.3
  1004 2350.850  -0.006 2350.844  4647480.0 381348.8 318121.4 98734.5  15378.9  9885.8 10071.4
  1005 963.422  -0.001 963.421  4506674.8 348903.5 406039.7 54225.2  17189.3 11028.1  8694.4
  1006 1427.452  -0.002 1427.450  5018925.7 336042.9 389503.4 77599.9  22392.9  5015.0  9896.5
  1007 -36.340   0.002 -36.338  4485162.3 336413.0 490801.3 54280.0  17935.4  8565.4  6416.3
  1008 244.248   0.000 244.248  4886206.6 316179.7 370773.7 77897.8  21002.8  5151.0  7156.7
  1009 -1802.621   0.005 -1802.616  4015551.6 332650.9 352253.2 48366.2  14877.8  6311.3  5006.9
  1010 876.230   0.000 876.230  4411983.6 343806.1 513613.7 75249.4  14391.1 14298.9  6625.2
  1011 617.760  -0.001 617.759  4634237.9 349187.4 364249.8 70299.7  19621.1  7819.7  7752.4
  1012 -1371.257   0.006 -1371.251  4126512.9 288508.9 295251.6 55803.0  17856.1  5877.5  5875.5
  1013 -427.548   0.005 -427.543  4091412.1 337058.3 455201.8 64275.2  13311.1 17173.2  5487.4
  1014 -664.045   0.003 -664.042  4132206.7 286648.8 258170.4 72291.6  18821.3  6190.4  7508.0
  1015 -1103.316   0.008 -1103.308  3810260.6 356719.6 330490.2 57146.3  10168.5 11734.8  4576.3
  1016 -1602.788   0.008 -1602.780  3610502.8 334579.2 221346.4 50012.6  11187.0 10960.5  6957.2
  1017 962.364  -0.001 962.364  3948660.7 381310.4 298604.4 81682.0  12459.8 10805.4  8727.3
  1018 1635.706  -0.003 1635.703  4529674.0 381975.9 412906.6 66401.9  20030.4 17134.4 12149.1
  1019 1284.830  -0.003 1284.827  4555742.6 395758.1 491433.8 60601.9  21353.7  5129.5 10709.3
  1020 1092.825  -0.003 1092.822  4958323.8 328383.7 407513.5 64366.3  24156.2  3165.4  9937.1
  1021 -64.237   0.000 -64.237  4419829.6 331228.9 487815.3 55452.2  20001.4  6241.9  7429.8
  1022 213.612  -0.001 213.611  4731205.4 337168.7 486274.2 69250.1  23612.3  4471.3  8430.9
  1023 374.940   0.000 374.940  4633782.7 352494.2 519665.6 63168.7  23603.1  3500.0  7782.0
  1024 309.318   0.001 309.319  4704640.2 347425.2 402154.8 65177.9  22955.5  4914.9  7417.7
  1025 1158.586   0.001 1158.587  5159112.3 359197.1 645916.9 67098.3  26674.6  3320.4  8911.7

         Carbon flux (ktC/yr)        Water (dam3/yr)                Nitrogen (MgN/yr)
       ----------------------- -------------------------- --------------------------------
Spinup NEP     estab   NBP     transp     evap    interc  nuptake ndemand  nlosses ninflux
------ ------- ------- ------- ---------- ------- ------- ------- -------- ------- -------
  1026 -114.410   0.002 -114.409  4687844.6 344673.2 432225.7 58335.5  22144.8  3672.0  7066.9
  1027 -882.186   0.003 -882.182  4527426.7 303635.0 438420.8 59554.5  20969.4  4194.7  6230.9
  1028 1165.551  -0.000 1165.551  5005343.2 360329.8 617073.5 74000.5  26584.9  4445.0  9838.8
  1029 575.943   0.001 575.944  4838541.0 382134.8 666183.1 56889.8  25985.1  1994.1  8594.3
  1030 850.154   0.001 850.155  5171570.8 354349.0 681955.7 63981.5  26496.1  2253.4  8852.3
  1031 -571.542   0.003 -571.539  4602143.9 313683.5 450227.6 56635.6  20938.8  3436.9  6249.7
  1032 -418.302   0.003 -418.299  4487333.4 330155.3 539810.3 63061.4  20711.0  6957.9  7011.8
  1033 -59.081   0.002 -59.080  4797892.5 336159.3 520781.5 71384.3  24293.6  5208.5  8381.0
  1034 831.978  -0.001 831.977  5097278.9 362611.2 640277.8 65459.6  27862.7  2820.4 10036.8
  1035  -6.068   0.001  -6.066  4711517.1 347261.7 582697.1 59787.3  23271.5  3183.8  7548.2
  1036 286.903   0.001 286.904  5076865.0 367888.9 579342.2 68358.6  28407.6  3748.4  8926.6
  1037 -458.246   0.003 -458.243  4748867.5 331637.4 566124.9 57707.2  24783.6  3186.8  7614.1
  1038 519.196   0.000 519.197  5007702.4 345753.3 549363.4 75327.5  30119.6  2115.9  9875.4
  1039 -2635.505   0.008 -2635.497  3987070.4 312444.9 412131.7 37328.6  17021.5  8112.4  5658.8
  1040 -833.646   0.007 -833.640  3933877.9 285150.8 235574.6 68668.7  14101.7  8837.6  7078.1
  1041 -665.856   0.002 -665.854  3768190.3 292753.9 270495.8 67318.2  13851.6 16566.4  6835.5
  1042 1397.896  -0.001 1397.895  4586427.9 370372.0 475221.7 86301.3  23487.5  8590.7 11140.4
  1043 -1478.374   0.006 -1478.367  3942789.3 329933.2 335193.2 43536.6  13815.1 12675.9  6302.7
  1044 1402.040  -0.000 1402.040  4804484.7 354046.0 403760.7 82767.9  20205.5  8999.1 10552.3
  1045 338.633   0.000 338.633  4552669.8 324334.0 335208.3 67853.9  16636.5  6469.8  7818.7
  1046 -1206.869   0.005 -1206.864  3966956.4 328115.6 364043.4 53801.6  13054.9 14190.7  5120.9
  1047 626.930  -0.002 626.927  4391946.3 372281.7 433444.0 71610.6  17733.9 10446.7  9039.5
  1048 1544.694  -0.004 1544.689  4975800.6 364500.8 558860.2 70021.0  22854.7  5878.3 10268.6
  1049 1513.021  -0.002 1513.019  5139565.7 399775.8 685178.6 65002.1  25010.8  3681.6  9595.8
  1050 -248.367   0.002 -248.365  4663814.9 328428.0 554984.2 53667.3  22466.7  4735.0  7339.7

         Carbon flux (ktC/yr)        Water (dam3/yr)                Nitrogen (MgN/yr)
       ----------------------- -------------------------- --------------------------------
Spinup NEP     estab   NBP     transp     evap    interc  nuptake ndemand  nlosses ninflux
------ ------- ------- ------- ---------- ------- ------- ------- -------- ------- -------
  1051 -418.010   0.003 -418.007  4604373.0 337689.5 536504.9 61662.4  24225.4  4762.3  8119.7
  1052 -1525.376   0.006 -1525.370  4151111.4 286453.4 297057.6 64875.4  23573.1  3262.0  7420.8
  1053 1285.140  -0.003 1285.137  4884691.1 362347.2 518452.5 78353.5  25921.3  4651.7 10075.7
  1054 -2332.762   0.009 -2332.751  3842231.8 320869.7 318101.5 33709.3  15041.4  9102.4  5684.9
  1055 -993.625   0.009 -993.616  3636884.3 297477.9 219532.0 65309.2  11064.6 10978.7  5957.9
  1056 1945.596  -0.003 1945.593  4499938.8 431112.9 477079.6 88018.6  16737.8 13401.1  9708.0
  1057 1427.404  -0.002 1427.402  4772951.1 330066.1 520124.3 61208.0  19936.3 10161.7  9356.6
  1058 -400.764   0.001 -400.763  4452592.1 329572.0 335743.0 60068.3  20537.5  3614.5  7792.5
  1059 690.287  -0.003 690.283  4645176.4 400351.4 584418.8 72535.8  26441.5  4327.3  9642.6
  1060 -124.786  -0.001 -124.787  4656120.8 298460.0 409432.5 58348.2  20189.2  3375.8  6973.3
  1061 761.991  -0.001 761.990  4746709.4 330625.4 589405.0 74782.6  21225.2  9458.8  8051.7
  1062 -892.379   0.002 -892.377  4526713.2 337711.9 443078.8 51838.2  22614.3  4460.5  7289.1
  1063  64.601   0.001  64.601  4442794.8 334266.6 491081.3 73137.7  19091.9  7077.3  7318.1
  1064 1176.222  -0.001 1176.221  5057055.8 345572.1 515887.0 75338.6  27448.6  3102.5  9881.3
  1065 -1476.625   0.004 -1476.621  4089441.9 279981.6 373157.1 44831.0  18321.0  7108.7  5966.2
  1066 -110.563   0.002 -110.560  4265261.4 355980.1 381710.4 67863.1  14576.8  7336.0  6269.5
  1067 797.384  -0.000 797.384  4574652.0 339162.9 561962.6 72780.2  18818.2 11256.3  8290.6
  1068 345.999  -0.000 345.999  4816640.8 343098.7 506073.1 65126.7  22828.6  5159.3  8354.6
  1069 737.951   0.001 737.953  4900103.1 329546.9 621319.1 67491.9  23988.1  6015.2  8584.2
  1070  27.520   0.002  27.522  4971607.4 319018.8 413301.7 66613.9  23112.4  2916.7  7594.2
  1071 -92.402   0.001 -92.401  4572744.3 365611.0 565703.1 66034.2  21819.4  5123.9  7361.2
  1072 -2391.010   0.006 -2391.004  4008201.2 320013.4 403172.6 43868.7  17650.6  7440.9  5772.9
  1073 1387.014  -0.005 1387.009  4648506.7 332432.6 490501.0 86625.7  17736.8 11254.8  9102.3
  1074 -1022.297  -0.000 -1022.298  4042013.0 286194.8 317011.5 49921.8  17655.9 10191.5  6897.3
  1075 -125.851   0.000 -125.850  4131246.2 335752.9 428415.1 69054.0  16162.3  9472.9  7401.2

         Carbon flux (ktC/yr)        Water (dam3/yr)                Nitrogen (MgN/yr)
       ----------------------- -------------------------- --------------------------------
Spinup NEP     estab   NBP     transp     evap    interc  nuptake ndemand  nlosses ninflux
------ ------- ------- ------- ---------- ------- ------- ------- -------- ------- -------
  1076 -552.598  -0.000 -552.598  4287457.8 324775.4 343182.4 63872.4  19290.7  8378.0  8079.1
  1077 1307.745  -0.008 1307.737  4747204.8 364920.6 523487.6 78435.9  24731.6  7455.9 10728.4
  1078 1026.108  -0.015 1026.094  4796780.5 388832.8 589598.6 63435.7  23855.1  2820.9  9768.5
  1079 1564.381  -0.035 1564.346  5212017.5 397657.6 697466.9 73056.6  24500.4  3965.0  9664.2
  1080 -17.575  -0.055 -17.630  4952041.3 335171.9 555287.2 58844.2  23161.1  3512.0  7793.5
  1081 -1857.416   0.000 -1857.416  4049581.5 280603.4 370678.5 54255.3  21171.5  6492.7  6642.0
  1082 -1554.748   0.009 -1554.740  3788020.2 320886.4 349946.8 56056.2   8758.6 13667.5  4391.8
  1083 987.547  -0.004 987.543  4452884.3 335127.7 436500.1 79674.5  19720.5  9264.6 10775.2
  1084 1255.771  -0.004 1255.767  4765052.9 324642.7 495293.7 63682.3  20695.7  7827.5 10302.7
  1085 -592.656   0.001 -592.656  4429767.8 319341.3 369769.5 57492.3  19972.1  5283.6  7902.7
  1086 494.202  -0.002 494.200  4608220.3 333903.0 484734.8 76923.7  23367.7  5458.3  9842.6
  1087 -645.208   0.001 -645.207  4422939.2 314245.8 377407.8 59711.1  19799.0  6662.4  7213.7
  1088 1153.849  -0.001 1153.848  4947854.7 366744.9 474010.3 85468.0  25751.4  4513.4  9796.4
  1089 -1242.103   0.002 -1242.101  4110823.6 277662.2 341619.1 50712.0  17883.0  8870.3  6372.8
  1090 484.260   0.001 484.260  4614286.6 339677.4 453887.8 72776.6  18019.8  8404.7  7941.7
  1091 198.352  -0.000 198.352  4687474.7 340706.7 381803.8 75147.5  20807.6  6281.4  7936.5
  1092 -1604.005   0.010 -1603.995  3972052.2 290967.5 291284.3 56899.7  16564.6  6803.5  5974.4
  1093 -3400.805   0.015 -3400.790  3255614.3 335254.7 265967.9 31315.5   7692.7 25634.1  4080.2
  1094 2605.609  -0.008 2605.601  4734268.3 351468.3 257052.5 106006.3  16425.2 14632.0 11549.1
  1095 -1436.819   0.005 -1436.814  3726383.3 342269.0 211263.6 44765.6  12572.7 10322.5  7222.1
  1096 1512.298  -0.006 1512.293  4442080.6 350433.4 327356.4 84846.9  15076.7 12277.1 10687.6
  1097 1018.207  -0.004 1018.203  4394334.8 359980.3 280082.0 70255.4  16975.1  9494.4  9236.0
  1098 552.493  -0.004 552.489  4467486.8 369415.5 422621.4 65917.0  18617.0 10952.1  8655.5
  1099 494.709  -0.005 494.703  4588545.3 360873.1 456464.3 68658.5  20225.7  8816.1  8311.5
  1100 408.507  -0.003 408.504  4639624.2 350026.2 484970.2 68409.9  20632.5  6419.3  7293.7

         Carbon flux (ktC/yr)        Water (dam3/yr)                Nitrogen (MgN/yr)
       ----------------------- -------------------------- --------------------------------
Spinup NEP     estab   NBP     transp     evap    interc  nuptake ndemand  nlosses ninflux
------ ------- ------- ------- ---------- ------- ------- ------- -------- ------- -------
  1101 178.136  -0.001 178.136  4925651.3 334448.3 409307.6 70124.7  23156.8  7111.8  7139.5
  1102 -1327.259   0.004 -1327.255  4250650.0 332997.3 404278.8 54262.4  17309.5  9146.5  5398.9
  1103 1995.635  -0.003 1995.632  5082077.4 346970.1 472711.2 95551.3  23884.7  4672.1  8822.5
  1104 -847.877   0.002 -847.875  4477258.4 340933.4 448023.4 43159.8  17696.2  6566.8  5858.4
  1105 -1183.643   0.001 -1183.642  4005123.5 288114.5 339099.5 68704.4  15051.9 13825.6  5420.4
  1106 -3049.459   0.013 -3049.446  3409542.4 342536.6 325937.3 35989.6   9779.5 18042.2  4512.5
  1107 805.079   0.001 805.080  4047041.3 326059.5 217155.8 87854.2  10438.5 13665.7  7011.4
  1108 704.611  -0.003 704.608  4318359.7 336505.7 234071.3 74114.0  15733.7  6875.6  9758.7
  1109 -1980.488   0.010 -1980.478  3521384.4 342628.1 221029.0 39013.0  11741.0 10503.1  6241.0
  1110 1610.333  -0.003 1610.330  4353228.9 359723.4 301881.8 84703.8  13315.9 16687.9  9755.7
  1111 -920.236   0.003 -920.234  3754753.8 334455.7 241839.3 53708.6  12630.7 11002.2  7821.2
  1112 -795.846   0.003 -795.843  3689760.5 323357.8 229284.9 67075.7  13306.7  9607.4  8135.3
  1113 1126.468  -0.004 1126.464  4278972.7 372231.9 315637.5 80380.3  18539.0 10193.5 11063.2
  1114 1727.890  -0.006 1727.885  4916945.3 329997.9 322962.0 70122.4  21946.8  7856.7 11276.8
  1115 199.848   0.001 199.849  4310747.6 353026.6 337222.6 62525.6  16795.3  7498.1  6389.1
  1116 1386.014  -0.004 1386.010  5028980.8 342020.6 469120.2 81835.2  23842.0  4654.8  8704.5
  1117 1093.803  -0.004 1093.799  5241635.5 327424.0 454826.3 69058.1  24556.0  3671.8  7800.1
  1118 -1817.545   0.001 -1817.543  4265360.4 324484.5 414825.6 44056.8  17716.2  6818.3  5228.7
  1119 -614.745  -0.003 -614.748  4141332.7 335775.5 373479.7 61292.5  14542.3  7678.1  6525.3
  1120 1110.769  -0.004 1110.765  4854123.7 348438.1 456053.0 87864.7  20672.6  8057.1  8906.9
  1121 574.278   0.000 574.278  4989733.3 345590.1 502411.9 67290.2  22841.2  4260.5  8236.8
  1122 1195.414  -0.001 1195.413  5102628.0 341297.0 531856.8 76956.4  24358.1  2259.3  8053.9
  1123 971.075  -0.001 971.074  5346328.8 346856.9 624152.3 67521.5  25364.1  2043.7  7910.7
  1124 -306.022   0.001 -306.021  4761615.4 335446.7 623685.8 60530.3  23469.7  4003.7  7094.8
  1125 -762.461   0.001 -762.460  4513322.8 314010.3 438284.9 65276.4  20031.9  5859.2  5692.8

         Carbon flux (ktC/yr)        Water (dam3/yr)                Nitrogen (MgN/yr)
       ----------------------- -------------------------- --------------------------------
Spinup NEP     estab   NBP     transp     evap    interc  nuptake ndemand  nlosses ninflux
------ ------- ------- ------- ---------- ------- ------- ------- -------- ------- -------
  1126 813.296  -0.002 813.294  4965279.0 404244.1 706417.4 72152.2  28600.7  2989.6  9471.2
  1127 -285.934   0.000 -285.933  4760076.7 331431.0 562552.6 52334.3  23837.4  3635.3  7553.7
  1128 268.719  -0.000 268.718  5089980.9 327822.9 476975.4 73108.4  30262.0  2535.5  9858.3
  1129 -640.541   0.002 -640.539  4459673.9 326621.6 544446.6 55063.8  20796.8  6094.3  7003.2
  1130 -1206.395   0.002 -1206.393  4344044.2 316610.1 391395.6 59206.8  22854.9  6015.3  7679.3
  1131 -1148.478   0.005 -1148.473  3960245.8 322502.1 356198.9 61804.8  16147.1  8282.9  6663.4
  1132 -137.303   0.002 -137.300  4164808.8 349719.8 323339.0 69317.0  19175.6  5880.0  8843.0
  1133 958.223  -0.004 958.219  4869145.8 332597.2 395331.2 73803.9  26001.8  3878.3 11123.2
  1134 -1277.897   0.004 -1277.893  3915880.5 288590.2 330239.7 50947.2  17363.1  8225.2  7027.1
  1135 901.077  -0.000 901.076  4642010.5 380861.9 446679.1 80438.7  20886.5  4966.0  9339.7
  1136 -726.305   0.002 -726.303  4282186.7 321924.1 365936.0 55655.5  19558.9  6528.4  7578.3
  1137 1030.611  -0.003 1030.607  4923950.8 351226.2 513610.8 81249.4  25251.0  5949.6 10776.0
  1138 1356.700  -0.002 1356.697  5009483.6 406994.7 670507.0 70323.5  23595.3  3951.1  9604.6
  1139 -1492.020   0.004 -1492.015  4398231.0 281366.6 330625.2 52865.7  21574.5  4476.7  6696.7
  1140 1391.124  -0.006 1391.118  4815427.4 351751.8 504831.5 86889.2  21222.3  4313.2  8469.1
  1141 885.660  -0.002 885.658  5184721.8 351188.8 602413.5 67454.4  24741.9  2911.3  9116.2
  1142 462.909  -0.001 462.908  5162552.4 329289.1 507824.3 71567.4  26109.7  2575.6  8429.7
  1143 268.376  -0.000 268.375  5033886.2 366338.6 604255.8 70769.1  24496.9  2884.4  7568.6
  1144 -2352.845   0.010 -2352.835  4127776.2 288503.7 351646.7 54259.1  21442.2  4699.0  5805.2
  1145 -1917.920   0.007 -1917.912  3643900.3 337327.5 386452.2 55307.0  10357.8 15447.2  4409.2
  1146  36.165   0.003  36.169  4267872.6 307947.8 309624.8 75123.6  13946.2  9149.6  7169.9
  1147 735.647  -0.002 735.645  4501271.0 348177.9 394744.0 78154.8  18277.2  7412.1  9857.9
  1148 -1481.382   0.005 -1481.377  3877562.8 327723.8 315115.3 49595.3  14132.6 12124.6  6973.9
  1149 2009.110  -0.005 2009.104  4807397.9 350009.4 384025.6 90812.9  20433.5  6515.6 11292.9
  1150 -369.320  -0.001 -369.321  4302532.1 323911.7 350548.5 53079.8  16687.8  8044.2  7085.4

         Carbon flux (ktC/yr)        Water (dam3/yr)                Nitrogen (MgN/yr)
       ----------------------- -------------------------- --------------------------------
Spinup NEP     estab   NBP     transp     evap    interc  nuptake ndemand  nlosses ninflux
------ ------- ------- ------- ---------- ------- ------- ------- -------- ------- -------
  1151 -2339.271   0.010 -2339.261  3613746.2 328589.6 272574.9 46958.5  12717.9 12815.6  5729.6
  1152 -1321.155   0.006 -1321.148  3537108.3 333100.9 242974.5 62290.6   9130.9 15077.4  6038.5
  1153 307.973  -0.002 307.971  3944203.5 339892.3 221216.6 85042.2  12868.7 11036.1  8563.3
  1154 1883.669  -0.004 1883.665  4705850.6 347203.2 290469.4 82622.6  20472.6  9687.8 11766.6
  1155 1350.310  -0.002 1350.308  4574344.9 341568.2 478798.4 62622.9  15739.1 14041.2  7962.0
  1156 439.694  -0.003 439.691  4608017.8 342189.7 494820.8 67623.0  20680.5  7893.0  8751.9
  1157 640.381  -0.006 640.374  4777902.4 382097.2 590061.1 67752.0  25879.1  4280.8  9103.5
  1158 -2185.744   0.005 -2185.739  4047999.5 307723.3 374982.9 40889.3  16315.1  8193.7  5514.8
  1159 -176.603   0.001 -176.603  4157541.4 320962.2 265469.4 72518.5  13225.7  7492.0  6716.4
  1160 886.108  -0.004 886.105  4402288.0 370625.9 410102.0 82128.1  16798.0 10189.5  8130.9
  1161 736.902  -0.002 736.900  4557907.5 349723.3 452411.4 67804.8  18999.8 10095.4  7523.7
  1162 687.657  -0.001 687.656  5015311.4 311306.7 358996.0 75902.7  18942.4  8505.3  6970.9
  1163 -1623.125   0.005 -1623.121  4282486.1 319053.6 394774.3 48212.5  16725.4  8663.2  5395.2
  1164 -382.585   0.001 -382.584  4185407.7 330783.8 366712.7 67702.2  13911.4  9837.0  6356.9
  1165 -113.828   0.002 -113.826  4191004.9 348901.5 341904.3 76054.4  13566.3 11455.0  5604.8
  1166 300.701   0.000 300.701  4500380.3 344726.2 363123.1 77424.3  19820.0  7883.1  7517.2
  1167 -2692.131   0.011 -2692.120  3706693.5 316582.3 290031.9 29469.6  12023.2 12684.0  5006.2
  1168 1841.639  -0.004 1841.635  4415736.6 342044.8 330608.1 91770.2  11416.7 12822.6  7209.4
  1169 813.547  -0.001 813.546  4394026.5 324698.5 294604.6 69771.4  14377.4 11606.4  7305.3
  1170 145.674   0.000 145.675  4430168.1 353083.9 346469.7 68158.1  19101.1  9812.4  7768.6
  1171 -236.805   0.002 -236.803  4363466.3 305568.3 356232.2 63921.6  16036.0  7280.6  6126.1
  1172 264.317  -0.000 264.317  4481417.0 319371.2 322365.7 78680.0  16599.5  7461.9  6951.3
  1173 -1355.418   0.003 -1355.415  4070041.4 320644.6 353287.9 49679.4  16202.2  7504.5  6020.2
  1174 399.194   0.001 399.195  4188448.6 328070.3 401840.4 73973.6  13714.1 13005.4  6571.9
  1175 392.071   0.001 392.073  4360743.8 315273.1 321898.0 73114.8  15618.2  9172.7  6815.9

         Carbon flux (ktC/yr)        Water (dam3/yr)                Nitrogen (MgN/yr)
       ----------------------- -------------------------- --------------------------------
Spinup NEP     estab   NBP     transp     evap    interc  nuptake ndemand  nlosses ninflux
------ ------- ------- ------- ---------- ------- ------- ------- -------- ------- -------
  1176 461.523  -0.001 461.523  4587267.3 337656.5 459249.1 66213.1  19135.1 11383.0  7881.1
  1177 711.233  -0.006 711.227  4739487.7 336550.3 508072.6 71875.0  20199.1  8887.0  8014.5
  1178 386.080  -0.004 386.077  4939694.0 311137.7 367525.8 70490.8  19011.9  6307.2  6697.6
  1179 163.348  -0.003 163.345  4632808.2 357327.4 524008.0 66540.0  18978.8  8727.7  6660.9
  1180 -905.020   0.001 -905.019  4527247.9 326833.1 431405.3 58992.0  21275.9  6129.0  6673.2
  1181 -2347.477   0.008 -2347.469  3820110.1 317585.9 349728.7 48042.0  12807.1 10538.9  4996.9
  1182 -59.420   0.001 -59.419  4044675.3 324783.5 240058.0 83112.9  13432.4  8187.0  7139.6
  1183 -1357.720   0.014 -1357.705  3519035.6 307667.3 208259.4 59699.5  13306.9 10213.5  6348.1
  1184 2349.777  -0.008 2349.769  4536835.4 432666.2 441004.5 87338.5  17662.4 13518.5  9610.2
  1185 -466.987   0.002 -466.985  3963522.6 291634.5 283126.4 51269.1  16271.7 11989.1  7424.1
  1186 914.142  -0.002 914.140  4264907.9 348053.2 464114.3 71413.2  15508.2 12465.2  7792.3
  1187 708.021  -0.003 708.018  4478084.4 361546.1 435981.2 63731.8  21740.2  5535.4  8796.6
  1188 -1408.377   0.005 -1408.372  4002844.9 324349.8 339378.4 44432.1  17370.0  7882.8  6181.6
  1189 -1106.429   0.005 -1106.424  3809941.8 325368.8 284827.8 57281.4  13645.6  9650.0  6612.0
  1190 884.308  -0.001 884.307  4269381.9 332361.3 347490.5 77801.1  17254.8  9856.2  9299.1
  1191 1771.247  -0.006 1771.241  4896148.7 345932.9 413217.7 71547.1  22868.4  6345.8 10772.8
  1192 1148.968  -0.003 1148.964  4871057.8 355076.5 576848.0 55777.3  23275.0  3743.0  8429.5
  1193 -1408.953   0.004 -1408.948  4070617.4 281515.9 347282.8 50414.7  18175.1 10369.1  5957.5
  1194 -264.328   0.001 -264.328  4112061.8 337058.3 440593.7 60469.8  15300.1 10510.9  6469.9
  1195 667.549  -0.003 667.546  4629709.4 387890.8 533030.4 65971.6  25982.6  7483.8 10366.8
  1196 -667.326   0.001 -667.325  4394144.1 315555.8 378477.2 52205.3  19958.5  5377.4  6949.6
  1197 628.959  -0.002 628.957  4855577.9 348959.1 465378.6 77156.0  25899.2  5178.4  9747.3
  1198 -1286.437   0.005 -1286.401  4056608.0 318495.5 327112.5 50394.8  15269.0  8306.6  5292.0
  1199 -2409.059   0.009 -2409.049  3578075.2 327625.2 258362.5 39520.3  12383.8 11516.3  5363.7
  1200 1539.742  -0.003 1539.739  4454867.9 352419.4 323248.2 86118.1  14714.4 16949.1  9742.1

         Carbon flux (ktC/yr)        Water (dam3/yr)                Nitrogen (MgN/yr)
       ----------------------- -------------------------- --------------------------------
Spinup NEP     estab   NBP     transp     evap    interc  nuptake ndemand  nlosses ninflux
------ ------- ------- ------- ---------- ------- ------- ------- -------- ------- -------
  1201 -1130.491   0.004 -1130.487  3836907.2 329005.7 221610.4 48292.2  14025.8 12030.1  7463.3
  1202 -17.686  -0.001 -17.687  4065088.0 339629.9 272583.1 75507.2  16615.2  7989.4  8817.0
  1203 139.655  -0.001 139.653  4201655.8 337564.2 294208.3 67259.7  17207.3  7460.8  8397.7
  1204 2015.897  -0.006 2015.891  4900718.8 370923.0 471976.3 80218.5  20315.4  8420.5 10293.9
  1205 -1668.795   0.002 -1668.793  4094141.0 301781.0 281084.7 37592.9  15870.9  9703.9  6058.1
  1206 -368.145   0.004 -368.141  3888618.3 314058.7 291473.5 64238.6  10689.2 15541.8  5300.5
  1207 502.488  -0.001 502.487  4135127.6 349309.9 279914.3 74243.6  15809.3  9549.5  8302.7
  1208 632.691  -0.005 632.687  4732612.8 337743.1 407836.8 70597.8  21945.3 11207.2 10382.6
  1209 -756.071  -0.002 -756.073  4155000.8 316825.0 291457.9 60190.3  17032.4  6524.4  6922.6
  1210 166.938   0.000 166.939  4306205.5 340749.2 333049.2 76524.2  19319.1  7652.0  7209.1
  1211 301.057  -0.001 301.056  4539710.6 310588.0 319821.2 73274.9  17344.2  7485.4  6749.9
  1212 1186.824  -0.005 1186.819  4861358.7 343473.7 556011.7 71668.1  24342.9  6535.8  8623.5
  1213 -118.266   0.001 -118.265  4523558.3 337639.1 388830.6 61759.9  18231.2  9343.7  5933.3
  1214 1547.662  -0.004 1547.658  5081936.9 390260.8 664315.0 78141.0  25662.6  5531.6  9109.8
  1215 -149.306  -0.001 -149.307  4863190.5 291790.8 433314.8 54907.4  20624.9  4747.3  6460.8
  1216 700.568  -0.005 700.564  5075686.8 356893.6 548400.7 76216.4  24979.7  5200.0  8470.9
  1217 -458.766   0.002 -458.763  4527503.6 335692.5 429768.0 59946.3  20842.7  6112.2  6115.8
  1218 314.469  -0.002 314.467  4713036.6 313612.8 628666.0 68073.6  22678.3  7401.3  7801.7
  1219 780.883  -0.003 780.880  5130700.0 337008.3 560230.5 69743.2  29363.1  3398.4  9445.0
  1220 -1611.035   0.004 -1611.031  4298784.4 311429.1 456909.2 47305.0  20122.1  7137.5  5645.4
  1221 385.430  -0.001 385.430  4525914.9 345200.6 501838.3 69417.1  19205.1  9447.7  8254.1
  1222 -288.288   0.001 -288.287  4403109.3 305680.9 390256.0 64651.0  18843.2  7223.6  6561.0
  1223 601.620  -0.001 601.619  4934691.7 321676.8 445479.5 73547.9  28959.3  3858.0 10031.6
  1224 -1304.737   0.004 -1304.734  4214957.8 309477.4 411867.8 49134.7  19540.4  5693.8  6322.6
  1225 1072.686  -0.003 1072.683  4726982.2 339854.2 559349.3 75885.6  23370.4  8054.5  9952.3

         Carbon flux (ktC/yr)        Water (dam3/yr)                Nitrogen (MgN/yr)
       ----------------------- -------------------------- --------------------------------
Spinup NEP     estab   NBP     transp     evap    interc  nuptake ndemand  nlosses ninflux
------ ------- ------- ------- ---------- ------- ------- ------- -------- ------- -------
  1226 -721.683   0.001 -721.683  4416381.5 321972.5 428090.2 52352.4  20250.3  6539.5  7653.7
  1227 792.039   0.003 792.043  4615868.9 315577.3 577062.5 82470.9  21558.8  6828.7  8475.3
  1228 -1865.287   0.005 -1865.282  4081360.8 316041.6 370705.3 45137.8  17239.6  7772.2  6302.6
  1229 -378.481   0.003 -378.478  4118417.3 325028.5 282193.2 67521.1  14660.6  6976.0  7230.2
  1230 -1031.247   0.005 -1031.241  3794878.7 341373.7 279905.6 63128.9  14642.7  7952.5  6618.1
  1231 970.361  -0.002 970.360  4485036.6 337243.4 433792.4 81551.0  20733.1  8065.6 10311.2
  1232 1987.947  -0.002 1987.945  4979014.9 408113.2 619006.8 69230.3  23201.3  6122.7 10488.1
  1233 1522.689  -0.003 1522.686  5186645.6 344935.8 548991.8 64597.5  24124.8  1948.9  9450.3
  1234 943.522  -0.002 943.520  5105868.2 409693.6 757167.4 64591.3  25505.8  3077.5  8971.1
  1235 -476.406   0.002 -476.404  4659023.0 348567.7 452788.5 57325.6  23745.9  2919.7  7395.6
  1236 -1542.316   0.003 -1542.313  4272788.3 329562.8 384277.1 59186.5  22487.3  2939.8  6737.4
  1237 921.691  -0.005 921.686  4766994.4 352297.4 511059.6 78124.5  27723.4  1839.8  9810.8
  1238 -341.860   0.002 -341.858  4428062.4 333012.6 539318.1 53372.2  19930.1  6085.8  7162.8
  1239 -900.038   0.006 -900.032  4247659.2 316968.2 362837.7 64177.0  19948.4  5630.2  6798.3
  1240 138.615   0.001 138.615  4413624.6 371411.7 505574.0 68245.2  20581.4  6331.0  8369.4
  1241 706.077  -0.000 706.077  4743587.8 331951.6 596763.2 69171.8  23299.4  6188.8  9223.7
  1242 587.252  -0.003 587.249  4872725.8 329942.1 621603.8 64286.1  23507.9  6096.2  9142.5
  1243 -122.539  -0.001 -122.539  4696078.8 350986.6 419009.7 65192.6  23334.4  3873.7  8531.1
  1244 -1369.108   0.006 -1369.096  4180987.4 324501.6 381791.8 60722.3  19044.4  5101.1  6157.1
  1245 329.939  -0.000 329.939  4610623.8 347955.3 525921.4 77568.0  22759.1  4724.2  9166.7
  1246 355.991  -0.001 355.990  4694841.8 338480.9 560398.5 66550.1  23689.2  3848.6  9163.2
  1247 -170.568  -0.000 -170.569  4732360.7 302759.3 425034.3 67132.8  21097.7  3657.5  7485.1
  1248 -787.418   0.003 -787.414  4295472.0 324049.0 403783.5 66412.1  16446.3  7331.4  6271.7
  1249 -468.011   0.003 -468.008  4227020.4 358030.4 380330.9 69546.7  18375.3  6406.2  7400.7
  1250 386.458  -0.002 386.455  4826529.9 346993.0 501876.1 74421.3  24397.3  5063.8 10037.9

         Carbon flux (ktC/yr)        Water (dam3/yr)                Nitrogen (MgN/yr)
       ----------------------- -------------------------- --------------------------------
Spinup NEP     estab   NBP     transp     evap    interc  nuptake ndemand  nlosses ninflux
------ ------- ------- ------- ---------- ------- ------- ------- -------- ------- -------
  1251 -180.604   0.001 -180.603  4409173.3 333448.0 513177.1 62623.9  18998.0  7943.7  7671.4
  1252 691.916  -0.005 691.912  4924765.3 371207.0 526740.8 75383.9  26752.9  3929.1  9979.2
  1253 795.255  -0.004 795.252  5024086.5 369657.7 561987.5 67700.6  25066.7  2499.9  9005.4
  1254 695.582  -0.002 695.580  5221312.0 329987.3 508254.7 72581.7  27324.5  2383.2  9057.2
  1255 -2010.407   0.003 -2010.403  4048304.3 282667.7 394002.2 48468.1  19040.6  7757.1  5880.7
  1256 257.701  -0.000 257.701  4312521.9 339205.1 563232.7 69988.0  13887.3 14091.7  6539.3
  1257 -1898.618   0.004 -1898.614  3998246.7 313710.7 296745.3 52498.5  18070.6  9497.7  7131.4
  1258 -772.496   0.001 -772.495  3862552.1 284559.3 280615.1 71250.2  16244.0 12651.8  7561.4
  1259 417.909  -0.002 417.907  4306615.2 345662.1 400879.7 82761.3  17811.6  6557.7  8945.7
  1260 823.324  -0.003 823.321  4779763.5 317807.0 321415.9 76140.7  19624.8  5961.5  9264.1
  1261 682.063  -0.002 682.061  4649987.3 340240.3 518912.0 70468.7  19147.9  7907.4  8524.3
  1262 663.041  -0.001 663.039  4994230.7 343211.5 518032.7 74008.6  23498.0  5951.2  9060.8
  1263 -1229.307   0.004 -1229.303  4346885.2 316546.1 410407.4 55116.1  18886.8  6367.8  6392.8
  1264 -837.925   0.003 -837.923  4213988.3 319996.6 364535.9 67819.0  15934.3  8452.8  6665.0
  1265 1567.764  -0.004 1567.760  4975771.7 348227.2 501875.5 89868.5  23008.7  9289.1 10550.4
  1266 -1414.854   0.010 -1414.662  4055556.1 323204.4 360292.6 46841.1  12995.2 11384.9  4752.9
  1267 -1149.549  -0.000 -1149.549  3894900.5 336807.0 311358.3 62167.3  12258.9  9831.4  5457.7
  1268 825.426  -0.001 825.425  4460878.3 347279.2 432152.4 81488.4  16283.3 13857.1  8061.1
  1269 1963.258  -0.002 1963.256  4950100.4 419685.8 615059.5 80331.5  21746.2  8040.4 10225.2
  1270 1364.838  -0.001 1364.837  5276328.0 331743.4 470470.2 65502.2  24217.0  3253.9  9371.4
  1271 -54.362  -0.001 -54.363  4713053.2 340976.2 602164.4 63180.0  21545.1  5362.5  7717.5
  1272 -1776.745   0.001 -1776.744  4060376.0 283314.5 371924.8 55162.0  20359.7  8252.1  6536.4
  1273 1110.372  -0.003 1110.368  4813824.1 334995.7 410066.2 88031.1  22941.8  3303.2  9747.8
  1274 305.510  -0.001 305.508  4716561.9 337358.1 552249.7 63234.1  19766.6  4903.8  8100.1
  1275 -2196.447   0.006 -2196.441  4031057.7 317150.4 387523.2 46300.5  15549.3 10445.1  5868.6

         Carbon flux (ktC/yr)        Water (dam3/yr)                Nitrogen (MgN/yr)
       ----------------------- -------------------------- --------------------------------
Spinup NEP     estab   NBP     transp     evap    interc  nuptake ndemand  nlosses ninflux
------ ------- ------- ------- ---------- ------- ------- ------- -------- ------- -------
  1276 1437.109  -0.004 1437.105  4686138.8 330247.5 478231.7 86541.8  16018.1 13515.4  9045.6
  1277 428.910  -0.001 428.909  4641872.0 317883.3 353133.6 66397.6  15836.1  8544.1  7106.1
  1278 766.988  -0.001 766.986  4844311.8 359332.9 580224.4 71330.1  23970.6  5781.3  9378.2
  1279 738.784  -0.001 738.783  4935314.0 354371.1 615396.0 65513.2  23833.2  4533.0  8762.3
  1280  64.169   0.000  64.169  4929428.2 335644.6 531286.6 68407.1  20380.4  6204.8  7409.6
  1281  36.316   0.000  36.316  4766787.1 342065.7 418993.6 73511.3  21397.6  7030.2  7271.9
  1282 -1601.849   0.003 -1601.847  4282772.7 327233.2 373266.6 58510.6  17802.1  5448.1  5976.5
  1283 1709.046  -0.003 1709.044  5123685.2 351143.2 537562.7 90108.2  23006.5  6882.2  9023.6
  1284 -1495.764   0.003 -1495.761  4348198.4 325881.8 416249.4 43623.3  16364.9  8604.2  5723.7
  1285 1985.207  -0.003 1985.204  4882229.0 406013.4 624190.2 86487.6  17008.3 13981.3  8439.0
  1286 -888.381   0.002 -888.379  4585119.9 319609.2 370231.2 55349.6  18112.9  8017.2  6507.2
  1287 499.668  -0.001 499.667  4928439.1 348642.5 512802.7 80540.9  22465.3  7034.5  8535.3
  1288 -1367.747   0.003 -1367.743  4310593.8 317429.8 402550.1 54436.6  18561.7  7300.7  6388.7
  1289 1184.044  -0.003 1184.041  4898081.7 366983.9 475843.1 87189.4  19849.5  7333.3  8893.0
  1290 1586.192  -0.002 1586.189  5148589.3 342567.3 521011.9 77063.2  21910.5  4478.2  8827.6
  1291 -2247.244   0.011 -2247.036  4071326.8 292131.1 332981.7 47290.7  16285.8  7457.9  5376.0
  1292 -1090.911   0.003 -1090.908  3832677.9 288342.0 312694.6 63768.7  12699.4 17395.9  5531.2
  1293 1811.122  -0.005 1811.117  4760777.9 351219.1 426141.2 96886.4  18579.5  7172.2  9009.5
  1294 -1322.732   0.003 -1322.728  4132579.6 347859.7 330417.5 47724.9  13791.7  6645.4  5745.4
  1295 571.622  -0.002 571.620  4386747.1 377003.1 454523.5 81988.3  15522.5 11951.2  7502.4
  1296 -2076.801   0.006 -2076.795  3878773.1 324792.0 340759.3 45538.8  13623.2 11422.2  6024.8
  1297 -1293.425   0.005 -1293.420  3769488.0 326243.7 269212.7 59949.2   9742.5 14436.7  6296.9
  1298 1112.895  -0.003 1112.892  4428389.1 330679.6 236695.6 91979.1  12803.8 10207.3  9077.3
  1299 1651.854  -0.007 1651.848  4672874.9 428553.8 497602.5 74718.1  18362.5 12373.5 10741.4
  1300 -938.332   0.001 -938.331  4017756.1 283716.1 302211.2 51509.6  16600.7 12637.3  7033.2

         Carbon flux (ktC/yr)        Water (dam3/yr)                Nitrogen (MgN/yr)
       ----------------------- -------------------------- --------------------------------
Spinup NEP     estab   NBP     transp     evap    interc  nuptake ndemand  nlosses ninflux
------ ------- ------- ------- ---------- ------- ------- ------- -------- ------- -------
  1301 -672.297  -0.001 -672.298  4076253.0 338683.1 344182.0 65385.3  16501.7  6670.7  7499.1
  1302 723.881  -0.004 723.876  4537950.6 346511.1 414415.5 81108.2  19171.5  9452.8  8903.9
  1303 -330.244  -0.000 -330.244  4375520.0 319532.6 336969.1 62533.1  18704.4  6742.6  7613.1
  1304 1453.429  -0.003 1453.426  5034011.9 347022.0 494699.3 82335.9  24709.2  5828.3 10440.4
  1305 1458.791  -0.002 1458.789  5251252.0 346754.5 557636.4 68003.6  23286.9  2858.5  8949.0
  1306 -159.676   0.000 -159.675  4825045.4 333445.2 535767.4 61008.4  19552.9  5714.4  6631.2
  1307 -2387.171   0.006 -2387.166  4073702.6 308041.3 395027.3 48243.6  16675.4 10047.2  5593.9
  1308 -208.480   0.000 -208.480  4292429.0 306628.6 314043.1 77140.3  16344.7  9663.2  7569.0
  1309 -828.586   0.001 -828.585  3897828.9 278399.7 279041.5 66891.5  16052.1 15000.4  7398.7
  1310 -1140.785   0.005 -1140.747  3706491.2 333297.8 303852.2 67600.2  12682.7 11705.0  5978.2
  1311 -517.037   0.000 -517.037  3816248.6 279492.2 249078.1 75557.8  17431.7 12974.9  8392.7
  1312 -1461.278   0.010 -1461.268  3466010.3 299555.7 212069.0 63926.1  13774.5 11009.1  6764.1
  1313 -2160.609   0.016 -2160.593  3246363.5 344123.0 198738.2 43566.1   7907.5 21666.4  5345.2
  1314 1559.920  -0.003 1559.917  4074307.2 387204.9 234619.7 90768.1  10048.8 14485.9  8102.1
  1315 1754.927  -0.007 1754.920  4822192.8 356481.7 288272.5 78636.3  17672.9 12309.1 15367.5
  1316 -164.900  -0.002 -164.901  4163836.2 337507.8 228207.1 60438.7  15293.0  5815.8 10201.0
  1317 1366.918  -0.005 1366.913  4612256.8 418313.4 469012.3 79024.5  19417.5  7245.1 11809.4
  1318 -331.119  -0.001 -331.120  4316380.4 310167.6 329507.3 53903.1  17999.6  5942.4  8835.1
  1319 1410.573  -0.006 1410.567  4849341.7 334751.0 412125.6 83908.9  23494.5  4579.8 11368.1
  1320 -684.940  -0.001 -684.941  4296679.4 315005.6 318519.2 53466.9  17384.6  4882.8  7085.2
  1321 562.333  -0.003 562.330  4442782.7 345700.6 458584.9 72035.5  18407.7  8973.4  7900.6
  1322 613.458  -0.005 613.453  4971342.3 328964.9 485720.4 71143.1  24327.8  7987.2  9208.6
  1323 1142.286  -0.002 1142.284  5189923.4 335325.7 562803.5 70166.8  26301.9  3136.5  9124.2
  1324 -2606.743   0.008 -2606.734  3919223.8 301411.3 397246.5 34258.1  15783.4  9461.9  5042.1
  1325 1024.874  -0.003 1024.872  4323775.4 331403.9 397128.6 76558.8  14951.7 11189.0  7342.3

         Carbon flux (ktC/yr)        Water (dam3/yr)                Nitrogen (MgN/yr)
       ----------------------- -------------------------- --------------------------------
Spinup NEP     estab   NBP     transp     evap    interc  nuptake ndemand  nlosses ninflux
------ ------- ------- ------- ---------- ------- ------- ------- -------- ------- -------
  1326 1122.080  -0.003 1122.077  4752203.0 370663.4 538703.5 66847.7  23628.2 12670.6  9769.0
  1327 253.605  -0.001 253.604  4598518.9 321085.9 380470.0 65597.8  20204.5  6012.5  6939.0
  1328 -240.090   0.001 -240.089  4689826.9 321295.4 412853.3 71028.5  23383.9  5764.6  6763.9
  1329 -1325.271   0.003 -1325.268  4159328.2 307857.1 400178.0 55466.1  18026.3  7674.2  5490.6
  1330 -898.274   0.002 -898.271  3938788.7 262227.6 310190.2 70632.2  17120.8 12517.2  6420.2
  1331 1049.079  -0.003 1049.076  4782284.2 328133.0 441856.6 86696.1  24551.7  7596.9  9839.2
  1332 -592.960   0.002 -592.958  4438334.3 292955.5 379647.1 52359.3  15118.3  8310.2  5330.2
  1333 1996.737  -0.004 1996.733  4980589.6 385101.0 599315.8 87109.9  23241.5  8035.8  9973.9
  1334 261.922  -0.000 261.922  4791444.3 307987.1 529866.2 52748.1  19468.1  9234.7  6527.7
  1335 -36.396   0.000 -36.396  4668167.0 325902.1 415222.1 71061.6  21474.8  7565.8  6622.2
  1336 -1147.853   0.002 -1147.851  4423163.6 316944.6 454693.4 54542.0  21982.6  6293.8  6770.9
  1337 1536.951  -0.003 1536.948  5162711.7 341458.3 617484.9 85642.8  27112.6  6225.3 10019.6
  1338 -1290.343   0.002 -1290.341  4400481.5 272366.4 330967.8 49053.6  20161.4  5481.0  5953.1
  1339 -471.237   0.001 -471.235  4247113.7 332291.5 407461.7 67835.6  16578.5  9682.6  5753.9
  1340 -2321.857   0.007 -2321.850  3730893.5 297279.9 356872.0 43309.6  12547.5 10402.1  5528.2
  1341 1695.160  -0.005 1695.154  4550518.3 313533.8 424522.2 89017.6  15961.9 13953.2  9631.9
  1342 939.199  -0.003 939.196  4590236.7 326183.5 328836.2 66284.6  18854.0  8982.7  8772.1
  1343 952.016  -0.003 952.013  4767336.8 370074.1 577258.9 66360.5  25053.5  6718.6  9718.9
  1344 518.073  -0.001 518.071  5027441.6 325224.5 528241.1 65545.5  24678.9  4439.5  8707.4
  1345 -1239.499   0.002 -1239.497  4335688.8 298652.7 415454.7 54942.2  20971.1  6243.8  6243.2
  1346 775.835  -0.002 775.833  4894500.4 322833.0 491856.6 79618.4  23706.1  6429.5  9115.6
  1347 216.930  -0.001 216.929  4733471.5 314498.8 512428.7 63089.5  20264.4  5811.5  7188.5
  1348 134.522   0.000 134.522  4793757.3 310668.9 539288.1 64642.6  23047.5  6664.7  7618.4
  1349 -1045.945   0.005 -1045.936  4241732.1 294883.0 367314.4 63161.8  17701.2  7376.5  5235.5
  1350 1433.836  -0.005 1433.831  5105119.4 340201.2 555078.8 81151.3  26064.7  5574.5  9039.8

         Carbon flux (ktC/yr)        Water (dam3/yr)                Nitrogen (MgN/yr)
       ----------------------- -------------------------- --------------------------------
Spinup NEP     estab   NBP     transp     evap    interc  nuptake ndemand  nlosses ninflux
------ ------- ------- ------- ---------- ------- ------- ------- -------- ------- -------
  1351 720.099  -0.000 720.099  4829312.2 310466.9 648281.6 57867.3  18475.8 10674.1  6307.4
  1352 -1638.958   0.004 -1638.954  4137509.9 262512.5 379007.4 52041.9  20362.8  9024.8  5845.7
  1353 -3217.671   0.014 -3217.657  3428393.3 298464.5 294732.1 31814.7  10784.0 18649.1  4543.3
  1354 1063.453  -0.005 1063.448  4148040.5 307707.0 295128.5 83296.0  12495.2 15968.9  9030.6
  1355 1682.494  -0.006 1682.489  4774138.2 357457.7 426820.6 67787.2  21803.7 11953.0 12601.0
  1356 153.551  -0.001 153.549  4421093.0 296393.7 283718.2 56359.3  18401.8  5374.2  8283.1
  1357 482.360  -0.001 482.359  4575552.1 310379.5 440232.5 71515.1  20017.6  7939.1  8448.9
  1358 -382.017   0.000 -382.017  4381012.9 292506.9 352617.1 62238.3  20356.0  6649.6  7193.6
  1359 921.762  -0.002 921.759  4620763.9 303137.7 532235.4 77746.5  19535.2  9923.6  7885.8
  1360 644.699  -0.002 644.697  4753282.3 321742.3 505842.3 63146.1  21384.9  6733.6  7069.3
  1361 -1911.765   0.005 -1911.760  4159158.6 280604.1 388916.8 43540.5  16718.7 11217.7  5078.9
  1362 2434.918  -0.005 2434.913  5082231.9 320970.9 435112.1 93082.4  19768.6  7336.8  9227.9
  1363 1965.701  -0.002 1965.700  5295378.7 330789.6 531971.0 69521.5  20566.5  5002.6  7004.2
  1364 -2184.549   0.012 -2184.536  4039749.8 273743.2 331765.5 43112.8  16579.3  7610.9  4622.6
  1365 -505.749   0.031 -505.718  3972825.9 342675.1 470248.7 59197.4  11760.7 17013.9  4885.5
  1366 551.353  -0.003 551.350  4288166.2 387013.2 317940.4 75261.4  18690.5 15404.6  7945.3
  1367 1053.631  -0.008 1053.623  4705534.2 422978.4 544732.6 66849.9  23307.5  7283.6  9135.8
  1368 -778.874   0.003 -778.871  4522695.1 318582.5 435981.4 49728.4  20107.1  5515.5  7312.8
  1369 163.511   0.002 163.512  4549612.5 316725.3 361003.2 82003.8  18391.8  5428.2  6873.1
  1370 211.833   0.001 211.833  4522046.1 353062.1 521224.1 63929.6  19711.6  6173.4  7708.8
  1371 1147.989  -0.001 1147.988  5219750.9 323809.6 463216.6 74779.0  28108.5  3397.2  9373.7
  1372 -1646.768   0.007 -1646.761  4360909.2 314151.6 445556.7 36508.4  14846.1  7065.3  4611.4
  1373 1241.611  -0.004 1241.606  4804296.4 379250.7 568371.8 77528.8  21364.0 12657.1  9490.8
  1374 306.776  -0.002 306.774  4631607.7 346957.9 539011.0 56612.8  19377.8  7632.8  7049.0
  1375 1128.672  -0.007 1128.665  5196835.0 397081.7 711077.9 71939.4  26807.8  6261.5  9699.3

         Carbon flux (ktC/yr)        Water (dam3/yr)                Nitrogen (MgN/yr)
       ----------------------- -------------------------- --------------------------------
Spinup NEP     estab   NBP     transp     evap    interc  nuptake ndemand  nlosses ninflux
------ ------- ------- ------- ---------- ------- ------- ------- -------- ------- -------
  1376 689.384  -0.001 689.383  5308436.9 344990.5 641250.3 57659.8  28025.8  1308.6  8916.2
  1377 -936.378   0.002 -936.376  4601722.1 320065.5 435346.8 60495.8  20061.2  3869.1  6000.6
  1378 -213.359   0.000 -213.359  4895782.6 346627.9 552083.2 68379.7  26867.3  2862.9  8773.8
  1379 818.421  -0.002 818.419  4956224.7 399119.2 726100.4 67534.7  29091.3  1666.9  9711.1
  1380 656.167  -0.001 656.166  5252907.4 346585.9 645758.8 58392.2  28316.9  1170.0  9109.0
  1381 -1969.471   0.005 -1969.466  4194229.2 331415.5 464411.0 46357.3  19632.4  5871.9  5697.5
  1382  45.568   0.000  45.568  4286895.4 359206.3 493755.0 67243.5  18033.5  6186.5  7428.7
  1383 190.261  -0.001 190.260  4539042.7 363129.7 507925.2 63013.7  22732.8  6884.2  8939.2
  1384 -100.508   0.001 -100.507  4625182.4 334212.1 511904.3 58756.4  24043.1  3873.6  8546.0
  1385 667.772  -0.001 667.770  4957648.7 361131.9 615497.5 64010.1  28191.5  2208.6 10641.4
  1386 -57.651   0.001 -57.650  4586810.2 355145.9 540812.8 55132.2  23001.6  2910.7  8524.7
  1387 -2201.028   0.006 -2201.022  4007001.8 310194.2 384095.6 47109.5  18974.3  5432.8  6670.1
  1388 1145.398  -0.004 1145.395  4836797.9 366433.3 420710.4 80770.3  23248.0  5058.8 11135.5
  1389 -604.266   0.001 -604.265  4334411.3 320464.9 361181.6 52865.0  17991.1  7168.2  7349.7
  1390 464.957  -0.002 464.955  4513854.1 363813.5 460611.0 76276.9  21066.2  7239.4  9262.9
  1391 1339.343  -0.002 1339.341  5118179.3 358495.4 583736.9 65410.2  24751.4  3491.2 10502.3
  1392 847.576  -0.001 847.575  5159085.3 361319.8 540140.4 63731.4  24132.7  2495.9  9004.8
  1393 -1458.042   0.003 -1458.039  4449427.8 317930.6 431283.7 53801.9  19749.5  6109.0  6427.0
  1394 -296.341   0.004 -296.337  4353614.0 346980.9 369884.9 70868.1  16727.3  7610.4  6741.1
  1395 -1643.731   0.008 -1643.221  3974392.6 291186.6 280208.2 60594.7  17881.5  5943.6  6781.2
  1396 1345.627  -0.002 1345.625  4734052.3 373548.9 518451.6 87104.2  22767.4  9964.0  9857.0
  1397 -2092.118   0.008 -2092.110  3965846.8 326535.4 365705.1 38258.2  13241.4 11343.6  5839.9
  1398 1710.200  -0.003 1710.197  4789951.2 367246.3 472734.3 79442.2  18718.1 13154.6 10615.7
  1399 -701.355   0.002 -701.353  4278484.0 335137.2 354301.8 53806.4  15466.8 11943.8  7079.4
  1400 357.590   0.000 357.590  4344602.0 366514.8 447707.7 79096.6  18113.4  8142.1  7889.1

         Carbon flux (ktC/yr)        Water (dam3/yr)                Nitrogen (MgN/yr)
       ----------------------- -------------------------- --------------------------------
Spinup NEP     estab   NBP     transp     evap    interc  nuptake ndemand  nlosses ninflux
------ ------- ------- ------- ---------- ------- ------- ------- -------- ------- -------
  1401 -310.262   0.003 -310.260  4433889.4 319143.9 319524.1 64337.7  17268.9  7949.7  6903.9
  1402 -1244.737   0.003 -1244.734  3970705.2 291772.9 318440.1 60717.0  16690.0 11470.0  6689.6
  1403 1189.709  -0.003 1189.706  4774042.4 381199.6 445114.0 84799.9  19754.9  6172.5  9017.6
  1404 367.623   0.000 367.623  4779199.9 325042.0 362263.9 67879.4  16864.6  6400.1  6992.6
  1405 -1621.592   0.007 -1621.585  4193357.9 320693.8 398587.5 48078.0  13673.6  9265.6  5176.2
  1406 1014.371  -0.005 1014.366  4864160.1 349672.2 429593.3 88623.2  19973.0 10116.1  9956.5
  1407 1145.486  -0.009 1145.476  4816177.9 386452.6 574689.1 65212.6  23229.4  4478.0  9494.1
  1408 1751.577  -0.006 1751.571  5249295.7 396686.2 689124.0 72449.9  23557.0  3940.2  9165.0
  1409 -1031.699   0.003 -1031.697  4534808.7 315103.9 394450.4 52407.1  18506.3  5648.1  5571.7
  1410 -2031.821   0.009 -2031.758  3872780.0 322369.7 363036.5 51259.2  13541.9 12012.0  4364.2
  1411 855.757  -0.002 855.754  4462064.1 342025.6 506935.8 77967.8  17375.8  9686.8  8193.2
  1412 556.659  -0.000 556.659  4798572.7 339510.4 467871.7 66436.3  21932.0  6232.4  9118.1
  1413 341.570  -0.000 341.569  4611713.5 321236.9 383004.6 67808.4  18937.0  5810.3  7148.3
  1414 -234.642   0.001 -234.641  4367015.4 360909.7 391264.7 66119.0  19629.2  6105.3  6802.5
  1415 250.390  -0.002 250.388  4915710.4 346829.6 521093.2 71626.7  26084.9  4354.1  9108.2
  1416 1211.803  -0.005 1211.798  5043862.6 342467.9 539768.6 76157.6  25595.1  1800.3  8958.0
  1417 300.075  -0.003 300.072  5155426.2 345749.0 577769.0 64103.6  23857.8  3701.5  7769.9
  1418 336.119  -0.000 336.119  4893347.7 385224.1 697885.6 70130.4  28250.1  2676.3  8388.3
  1419  37.303   0.000  37.303  5120782.5 341174.6 592042.6 64703.8  26666.0  2348.0  8065.1
  1420 -2350.826   0.009 -2350.801  3970474.3 314796.5 406375.5 46820.3  15321.6 10668.5  4592.3
  1421 1255.070  -0.002 1255.067  4736762.5 358916.4 549366.1 81429.4  23741.8  6240.4  9821.3
  1422 -933.870   0.003 -933.867  4312912.3 321487.7 404056.8 54156.3  17148.4  7987.2  6504.9
  1423 -1176.910   0.003 -1176.907  3954165.4 279244.6 320011.0 69352.1  18117.9 10782.6  7099.6
  1424 1130.162  -0.003 1130.159  4686115.3 382655.2 521543.4 83231.9  26884.4  5567.3 10974.2
  1425 1419.583  -0.004 1419.579  5095988.2 359360.9 502965.3 69943.7  22864.1  3709.2  9289.2

         Carbon flux (ktC/yr)        Water (dam3/yr)                Nitrogen (MgN/yr)
       ----------------------- -------------------------- --------------------------------
Spinup NEP     estab   NBP     transp     evap    interc  nuptake ndemand  nlosses ninflux
------ ------- ------- ------- ---------- ------- ------- ------- -------- ------- -------
  1426 -58.404   0.000 -58.403  4615242.8 338768.3 414277.0 64591.6  18736.0  6907.6  6652.4
  1427 -479.845   0.002 -479.843  4420536.6 339295.4 413779.2 71172.2  19128.0  7189.1  6497.3
  1428 397.593  -0.002 397.591  4688243.1 318386.3 613729.4 75583.7  22128.4  8136.7  8224.6
  1429 813.677  -0.004 813.673  5138356.7 361450.5 558700.6 71850.2  26834.7  4122.9  9234.7
  1430 1159.038  -0.001 1159.037  5300531.1 350535.8 691840.1 68005.7  25910.6  2701.8  9233.4
  1431 -1996.573   0.004 -1996.568  4127378.6 271697.0 401309.8 43940.4  19945.6  6550.0  6008.4
  1432 345.843  -0.002 345.841  4575212.6 322918.0 522742.3 74016.1  18008.3  7029.0  8464.0
  1433  59.462  -0.001  59.461  4754846.9 324487.8 408127.9 73061.6  23205.6  6396.1  8405.0
  1434 1110.939  -0.002 1110.937  5156217.2 319091.1 461956.6 79884.0  26912.1  3578.9  9593.1
  1435 1323.282  -0.002 1323.280  5303625.9 339829.8 628744.9 72473.3  24040.4  3807.7  8324.6
  1436 1107.335  -0.001 1107.334  5208071.3 340478.1 621798.1 76201.9  23272.6  3314.9  7294.8
  1437 -3505.895   0.009 -3505.886  3930155.0 311042.5 469025.4 26623.1  14999.6 10927.6  4675.5
  1438 159.770   0.000 159.771  4424709.0 286835.8 323394.1 74470.7  10963.0 13258.9  6260.2
  1439 1173.838  -0.005 1173.834  4694959.1 379009.5 496595.3 85519.5  21421.5 15667.1 11010.5
  1440 1687.110  -0.003 1687.107  5154445.8 345801.2 582628.5 64814.6  21938.5  5564.4 10010.7
  1441 -245.971   0.000 -245.970  4844560.4 284802.6 422239.5 58365.5  19780.2  5620.2  6864.4
  1442 515.155  -0.001 515.153  4813766.0 371883.1 634183.4 76792.9  25557.4  8765.0  9120.3
  1443 -1632.196   0.004 -1632.192  4277281.0 271448.9 319703.4 56437.6  19424.8  5946.0  6084.6
  1444 1629.096  -0.003 1629.093  4803427.4 389258.9 640287.9 88627.1  19662.8  9315.9  7798.2
  1445 469.006  -0.001 469.005  4796964.4 343295.5 549255.3 59472.2  20295.3  7201.7  7364.5
  1446 1328.788  -0.002 1328.786  5290200.7 333459.3 562558.7 83580.5  25840.5  3754.7  8571.8
  1447 -212.233   0.013 -212.220  4960788.2 317509.2 594861.5 53183.2  21615.7  6229.9  6803.5
  1448 -2743.562   0.003 -2743.559  4012415.9 337756.4 393413.7 46599.6  14862.0 10645.2  5183.9
  1449 641.744   0.001 641.745  4609250.9 339039.3 324796.3 91989.8  17782.3  9034.8  8212.2
  1450 2066.951  -0.003 2066.948  5171189.7 344227.2 463777.7 80317.9  20399.5  5565.4  9040.9

         Carbon flux (ktC/yr)        Water (dam3/yr)                Nitrogen (MgN/yr)
       ----------------------- -------------------------- --------------------------------
Spinup NEP     estab   NBP     transp     evap    interc  nuptake ndemand  nlosses ninflux
------ ------- ------- ------- ---------- ------- ------- ------- -------- ------- -------
  1451 100.828  -0.000 100.828  4900202.6 337245.0 524812.8 53315.8  17734.4 10968.2  7086.0
  1452 799.268  -0.000 799.268  5109893.4 350742.8 633084.9 76452.0  22322.0  6324.1  8157.2
  1453 865.705  -0.001 865.705  5402244.7 333783.0 484640.8 74435.7  24153.2  4165.7  8083.5
  1454 -4306.863   0.019 -4306.842  3715360.2 324292.6 349567.8 13317.7  11251.6 21604.9  3755.2
  1455 2846.028  -0.009 2846.018  4881400.5 411468.5 423877.2 98290.7  12904.9 15843.0  8805.6
  1456 655.828  -0.001 655.826  4819535.7 333361.6 425560.2 52049.2  17972.5  8090.4  8691.7
  1457 559.871  -0.001 559.870  4854248.1 332243.5 475530.3 73931.6  19572.3  6510.1  8858.0
  1458 270.267   0.001 270.268  5006288.3 311923.0 344698.1 72058.5  18768.0  5941.3  6993.7
  1459 -1573.753   0.005 -1573.749  4131741.3 276936.6 328719.9 53580.9  16821.8 11647.1  5807.9
  1460 247.098   0.001 247.099  4499604.5 336831.3 427571.9 77668.3  13656.8 10555.5  6155.6
  1461 382.876   0.001 382.877  4682691.3 347923.8 341943.9 75104.5  19070.9  8404.5  7337.3
  1462 -21.520   0.002 -21.518  4715242.0 345524.4 380526.3 69278.9  19871.4  7660.1  6488.5
  1463 -146.241   0.002 -146.239  4636942.0 344970.9 392505.9 71956.4  18557.3  7356.3  6129.4
  1464 771.630  -0.001 771.629  5164490.8 341233.0 504577.9 81762.7  21810.8  7769.7  7809.7
  1465 -2039.788   0.007 -2039.781  4370811.0 306337.8 409237.4 38836.0  12553.1 11227.8  4518.4
  1466 902.629  -0.004 902.624  4712542.7 333221.0 420521.4 78373.8  15448.5 18771.1  7977.8
  1467 1307.639  -0.014 1307.625  4919016.1 383480.4 547193.7 71178.8  21850.1  9071.5  9176.9
  1468  87.070  -0.004  87.066  4927620.7 310041.3 369750.3 65155.2  17580.0  6162.5  6378.5
  1469 -691.216   0.001 -691.215  4489667.6 340016.4 402812.8 68694.2  20637.2  5473.9  6341.2
  1470 -226.678  -0.000 -226.678  4491820.6 321709.5 479450.3 63534.4  17504.3  9429.7  6317.2
  1471 158.324  -0.001 158.323  4667028.1 318852.3 472211.8 71478.0  20783.2  7388.7  7475.4
  1472 238.373  -0.002 238.371  4925754.9 309150.1 360574.1 73312.9  20457.2  5305.8  7249.6
  1473 397.529  -0.001 397.528  5081630.4 339759.5 514050.3 71605.1  23466.0  4972.9  8199.6
  1474 -502.607   0.001 -502.606  4432846.3 348333.4 535243.4 58391.8  17393.7  6799.4  5828.8
  1475 -938.172   0.002 -938.170  4508513.9 313602.1 395703.6 65687.9  20551.2  7573.8  6620.5

         Carbon flux (ktC/yr)        Water (dam3/yr)                Nitrogen (MgN/yr)
       ----------------------- -------------------------- --------------------------------
Spinup NEP     estab   NBP     transp     evap    interc  nuptake ndemand  nlosses ninflux
------ ------- ------- ------- ---------- ------- ------- ------- -------- ------- -------
  1476 1231.933  -0.002 1231.931  5088916.9 324718.2 416519.0 86212.6  28514.7  4439.8  9609.1
  1477 -1132.604   0.002 -1132.602  4306702.7 335346.3 432902.7 44136.2  17799.8  5899.7  6304.3
  1478 917.244  -0.002 917.242  4995155.1 340616.9 484015.3 84832.4  19219.9  7909.5  8418.3
  1479 272.137  -0.001 272.136  5012458.3 338840.5 518841.3 68205.9  22662.0  5058.1  8497.9
  1480 -43.618  -0.000 -43.618  4617609.6 348072.0 535688.2 64968.5  20314.0  6423.8  7423.2
  1481 -358.413   0.000 -358.413  4792679.8 324813.1 420984.2 72654.6  25810.8  3940.3  7790.1
  1482 433.970  -0.001 433.969  4750538.0 313710.3 609498.1 70654.4  21976.9  6370.0  7924.0
  1483 -952.922   0.002 -952.920  4504268.8 303729.3 374653.1 62312.2  19656.6  6048.2  6275.9
  1484 -1297.150   0.005 -1297.146  4267065.6 298728.6 399461.3 55881.0  15110.2  7945.8  5562.4
  1485 1007.085  -0.004 1007.081  4707391.1 375509.5 523787.9 82863.0  24555.4  8866.7 10978.0
  1486 1084.736  -0.002 1084.734  4885719.0 341624.0 580071.0 60627.3  23638.6  3432.3  9455.5
  1487 229.197  -0.001 229.197  4729699.8 321694.7 561504.1 66095.0  22166.1  5439.5  8475.8
  1488 -991.866   0.003 -991.864  4403027.6 300512.6 369728.2 63141.7  19705.1  6455.0  6176.1
  1489  38.229  -0.001  38.228  4646667.4 322689.2 496512.2 73080.3  20720.7  5501.4  7500.1
  1490 -1323.479   0.003 -1323.476  4276921.0 276490.7 297784.8 63538.5  22167.7  5279.7  7181.3
  1491 1085.580  -0.002 1085.579  4804098.4 360944.5 484614.9 82188.4  21129.4  6466.3  7923.5
  1492 -1652.395   0.009 -1652.386  4071584.6 287609.9 300235.0 54507.1  18255.3  5308.1  6071.3
  1493 -482.592   0.004 -482.588  3946874.4 360087.0 469717.8 64221.1  12255.8 12956.3  5430.4
  1494 1289.856  -0.001 1289.856  4937299.4 372261.6 446394.4 82384.4  23021.9  8012.5 10108.4
  1495 1724.254  -0.001 1724.253  5200852.7 355814.5 626636.1 66515.7  22512.5  3900.6  9991.4
  1496 1115.091  -0.002 1115.089  5192496.6 348243.6 584594.6 64590.5  24425.1  1780.4  9202.0
  1497 480.005  -0.002 480.003  5200700.7 359766.0 650485.2 62666.4  25974.6  1648.5  8912.9
  1498 -2359.965   0.011 -2359.954  3966058.0 330361.2 408180.9 44163.7  16306.4  6673.8  4808.6
  1499 1062.151  -0.001 1062.151  4891120.4 376403.0 560389.0 73459.2  21660.5  5827.0  9818.5
  1500 -1220.936   0.005 -1220.931  4330505.6 279559.2 308805.6 53551.1  20449.3  3995.8  7198.0

         Carbon flux (ktC/yr)        Water (dam3/yr)                Nitrogen (MgN/yr)
       ----------------------- -------------------------- --------------------------------
Spinup NEP     estab   NBP     transp     evap    interc  nuptake ndemand  nlosses ninflux
------ ------- ------- ------- ---------- ------- ------- ------- -------- ------- -------
  1501 1116.358  -0.001 1116.357  4945830.0 360363.2 542596.0 76587.1  23856.8  5324.7  9498.6
  1502 609.324  -0.001 609.323  4915214.5 376309.6 547068.1 63972.9  23323.1  3175.5  8492.8
  1503 -162.180  -0.001 -162.181  4793181.6 345737.0 545114.8 61362.8  22861.0  3674.0  7641.2
  1504 -1253.651  -0.002 -1253.653  4426397.3 340168.4 455708.3 56704.8  23623.0  4123.2  7544.9
  1505 -954.644   0.000 -954.644  4308345.2 341228.6 416340.1 67724.2  22041.8  3799.8  7737.7
  1506 1043.423  -0.003 1043.421  4912013.3 339854.3 427018.7 81959.3  29341.0  2512.4 10511.7
  1507 -242.350   0.001 -242.349  4415121.3 340921.9 530097.2 50959.7  17069.5  8025.5  6525.8
  1508 -911.442   0.005 -911.437  4246492.1 323662.4 354963.4 66294.1  17605.2  6642.8  6505.1
  1509 669.804  -0.005 669.799  4706756.7 397993.8 595532.9 73962.2  25460.8  5475.0 10056.8
  1510 940.460  -0.001 940.458  5035400.5 369106.6 550579.7 66806.1  23617.2  3191.1  8807.9
  1511 508.122  -0.001 508.122  4885923.0 333558.3 657308.8 63856.4  22025.4  7000.2  7858.6
  1512 -280.962   0.000 -280.962  4918334.5 346585.1 561567.2 65351.3  24082.6  3693.1  7887.7
  1513 -1419.391   0.003 -1419.388  4409566.2 329764.8 431424.7 57333.8  23465.6  4446.9  7161.6
  1514 768.121  -0.002 768.119  4918118.8 370179.0 607316.8 73327.5  25439.1  3944.3 10408.1
  1515 -26.459  -0.000 -26.459  4703253.1 333810.5 574144.8 59292.4  22785.6  3270.3  8741.9
  1516 -167.436  -0.000 -167.436  4682542.7 333935.3 574431.0 65976.7  24966.5  4018.3  9029.8
  1517 -2334.838   0.005 -2334.831  4048019.5 308230.1 328347.3 44726.9  18777.2  7040.2  6555.9
  1518 256.107  -0.001 256.106  4169566.7 362384.4 419325.8 77636.5  15115.7  8908.5  7409.7
  1519 317.225  -0.001 317.224  4579335.4 344003.2 441188.8 64218.1  20742.1 11193.9  9171.2
  1520 -1703.040   0.004 -1703.036  3993807.5 318820.0 329295.2 54109.3  15324.9  8622.5  6722.8
  1521 1470.170  -0.004 1470.166  4880780.6 371938.7 400636.2 87157.3  21125.3  7285.6 10682.8
  1522 1909.986  -0.003 1909.982  5101218.8 405455.0 603299.5 69648.9  21212.6  7302.7  9991.7
  1523 -2153.019   0.006 -2153.013  4132803.1 313305.7 381999.8 39061.5  16237.7  8089.1  5863.4
  1524 1010.672  -0.003 1010.669  4739422.0 334163.0 403752.5 74660.1  14520.9 10109.6  8330.2
  1525 -530.350  -0.000 -530.350  4447730.4 325339.4 302150.2 66258.7  17126.9  9626.1  7637.2

         Carbon flux (ktC/yr)        Water (dam3/yr)                Nitrogen (MgN/yr)
       ----------------------- -------------------------- --------------------------------
Spinup NEP     estab   NBP     transp     evap    interc  nuptake ndemand  nlosses ninflux
------ ------- ------- ------- ---------- ------- ------- ------- -------- ------- -------
  1526 -130.252   0.002 -130.250  4397105.4 327678.6 328760.3 80493.6  15717.6  8559.5  6605.6
  1527 830.546  -0.004 830.542  4812698.8 356624.2 552203.0 73301.4  24968.8  7959.3  9385.4
  1528  46.442  -0.001  46.441  4781269.1 339942.6 400356.7 68860.6  20578.3  6343.2  7265.2
  1529 -1151.730   0.005 -1151.725  4281019.3 317899.8 397800.5 56671.8  12440.2 12013.6  4400.0
  1530 1697.457  -0.005 1697.452  5056404.2 364289.5 552584.4 81506.4  21276.0  8961.4  9605.2
  1531 553.861  -0.001 553.860  5083380.1 342684.2 522565.8 62825.4  22183.4  5995.4  8540.6
  1532 939.237   0.001 939.238  5252202.6 345374.3 594989.8 74819.0  25509.3  3213.7  8868.7
  1533 -3073.286   0.009 -3073.275  3927156.4 315036.9 403536.9 31433.2  14868.0 11514.5  5072.6
  1534 610.543  -0.001 610.542  4281122.8 340540.0 290580.3 81048.2  12895.9 11113.2  7090.5
  1535 240.200  -0.000 240.200  4272227.5 352131.7 305279.8 75580.8  16333.4  7617.9  7849.0
  1536 -228.344   0.001 -228.342  4391685.1 306231.3 334768.9 65566.1  16633.1  7313.6  7062.7
  1537 161.188  -0.001 161.187  4419620.3 328981.0 417269.8 72704.0  16935.2 12455.7  7877.8
  1538 1788.460  -0.002 1788.458  5116014.6 400528.2 591545.6 81926.2  23933.1  9699.7 10373.0
  1539 -1126.875   0.004 -1126.871  4461814.1 281064.9 300195.1 50896.0  18328.9  6464.1  6369.4
  1540 1475.455  -0.003 1475.452  5031529.9 365389.6 579830.2 81611.7  18859.0  9991.9  8195.5
  1541 -10.968  -0.002 -10.969  4997730.9 313312.2 389285.6 66343.9  19109.8  5091.8  6936.4
  1542 -1465.661  -0.001 -1465.661  4304638.2 333835.6 442598.4 55470.0  19567.8  5947.4  6501.5
  1543 554.004  -0.002 554.002  4603122.8 360191.7 485581.2 83317.8  17653.1  9548.3  7604.5
  1544 535.754  -0.001 535.753  5081322.3 339170.5 511133.1 71826.2  23768.0  6042.2  8753.8
  1545 -1844.472   0.004 -1844.468  4184569.8 317682.1 358588.3 50777.3  15084.6  8453.0  5493.0
  1546 -89.121  -0.000 -89.121  4116376.9 350547.9 451152.6 68757.5  13055.6 11451.8  6065.1
  1547 1375.274  -0.003 1375.271  5104293.5 342100.0 504630.9 77295.8  24926.2 10172.0 10585.7
  1548 1327.896  -0.002 1327.895  5115700.2 352829.6 612047.2 63553.9  22163.7  3858.5  9054.6
  1549 -227.325   0.001 -227.324  4893716.9 325819.3 439001.1 62340.4  23810.3  3927.1  7747.4
  1550 -204.842   0.001 -204.841  4737150.6 321514.9 540447.0 66584.5  23330.8  5175.8  7772.6

         Carbon flux (ktC/yr)        Water (dam3/yr)                Nitrogen (MgN/yr)
       ----------------------- -------------------------- --------------------------------
Spinup NEP     estab   NBP     transp     evap    interc  nuptake ndemand  nlosses ninflux
------ ------- ------- ------- ---------- ------- ------- ------- -------- ------- -------
  1551 -214.025   0.000 -214.025  4534709.5 330260.4 404742.3 72478.1  21440.8  4750.0  7490.6
  1552 -292.031  -0.000 -292.031  4687933.6 326996.6 423638.8 73086.8  24634.0  4165.0  7794.1
  1553 1009.267  -0.000 1009.267  5124566.8 319179.9 467294.0 80064.9  27993.9  3327.7  9448.0
  1554 -50.056   0.001 -50.056  4622669.2 355073.3 565760.4 61217.7  17546.0  7801.0  6542.8
  1555 695.149  -0.001 695.148  5142812.3 362814.7 562668.5 80455.5  25776.2  4504.9  8504.4
  1556 -176.027   0.000 -176.027  4933093.3 332389.2 562919.9 63097.7  21089.1  5486.9  6901.5
  1557 920.212  -0.001 920.211  5218483.0 342715.2 578476.7 82988.3  27244.4  3967.0  8909.3
  1558 -248.674   0.001 -248.673  4855237.1 330678.4 642218.2 61148.7  22290.1  5219.9  7055.2
  1559 615.495  -0.001 615.494  5184529.5 343159.0 597685.0 78417.4  29040.6  3401.3  8826.7
  1560 -164.409   0.000 -164.408  5150761.6 342555.8 611310.0 66035.1  25363.5  3212.6  7699.4
  1561 -771.868   0.003 -771.865  4703449.4 329207.4 579867.3 68081.0  22349.6  4924.9  7025.6
  1562 -267.455   0.001 -267.454  4968925.0 340150.0 568371.9 71368.3  29168.6  3743.1  9247.1
  1563 -413.026  -0.000 -413.026  4417139.9 341008.7 580620.5 67158.4  20849.2  4473.2  7109.4
  1564 788.670  -0.001 788.669  5068264.4 396807.1 723633.0 72632.8  30947.6  4081.8 10748.4
  1565 -1074.315   0.003 -1074.313  4452848.3 307348.8 411908.4 56244.9  19599.6  5715.7  6325.4
  1566 -601.333   0.003 -601.329  4438782.8 319982.9 393524.8 73879.8  17848.3  5964.6  6864.5
  1567 -193.895  -0.002 -193.896  4548089.6 333752.1 549185.5 73076.8  25050.3  4251.1  9742.8
  1568 -124.129   0.000 -124.129  4625941.3 329651.3 518451.2 63684.7  23331.9  4528.4  8859.0
  1569 -14.872  -0.001 -14.873  4538193.2 355149.5 519644.3 69789.6  23135.6  4942.2  9227.3
  1570 -62.235  -0.001 -62.236  4620158.1 326176.6 557896.9 66429.3  25345.8  3742.4  9745.2
  1571 570.817  -0.001 570.815  5050758.2 342773.5 589633.2 68472.2  28585.1  2974.3 10542.2
  1572 582.020  -0.001 582.019  5124756.8 324275.5 491139.0 75443.0  26210.0  2554.3  9458.6
  1573 -1977.502   0.003 -1977.498  4141424.7 318061.7 397968.0 55450.5  16116.3  5914.4  5751.9
  1574 -1860.267   0.003 -1860.264  3821477.2 334489.1 324058.6 62366.5  11299.9  9295.7  5368.4
  1575 496.885  -0.001 496.885  4436157.3 333248.4 408347.2 86478.1  14406.7  9855.1  7712.3

         Carbon flux (ktC/yr)        Water (dam3/yr)                Nitrogen (MgN/yr)
       ----------------------- -------------------------- --------------------------------
Spinup NEP     estab   NBP     transp     evap    interc  nuptake ndemand  nlosses ninflux
------ ------- ------- ------- ---------- ------- ------- ------- -------- ------- -------
  1576 1488.535  -0.003 1488.532  5060113.3 344590.9 508102.2 78867.9  21908.0  9937.4 10629.6
  1577 -48.220  -0.001 -48.221  4669636.6 332622.1 416862.6 66030.5  18835.4  6336.9  7182.1
  1578 785.948  -0.001 785.946  4866946.3 344097.6 629589.4 77615.4  23332.9  5701.4  8508.8
  1579 -154.505   0.000 -154.505  4772443.1 324042.5 555530.2 62189.0  20621.9  7315.5  7349.2
  1580 -309.951   0.000 -309.951  4551522.6 330520.6 421381.0 77889.6  19065.6  7787.5  6742.5
  1581 -1843.007   0.006 -1843.001  4102083.6 312621.2 382085.4 60220.9  15235.4 11303.9  5269.2
  1582 316.401  -0.003 316.398  4628429.9 330036.8 479366.4 84172.8  19128.2  9798.2  7901.7
  1583 253.711  -0.001 253.710  4735508.7 331129.7 494757.6 69756.3  20079.8 10049.1  8229.5
  1584 327.482  -0.001 327.481  4876469.6 329252.5 500489.6 76644.9  19779.2  7917.4  8014.0
  1585 1239.165  -0.002 1239.163  5309116.5 344849.8 593083.3 77845.9  25095.1  5846.2  9379.3
  1586 -1209.238   0.003 -1209.235  4405299.6 339824.6 445997.0 57676.8  15488.3 10253.1  4949.9
  1587 1528.865  -0.002 1528.863  5057430.4 395354.4 692450.6 85065.8  22973.0  7680.9  9072.3
  1588 -1132.918   0.002 -1132.916  4603246.1 328525.7 488035.9 46304.2  20148.6  6470.3  6780.1
  1589 871.425  -0.002 871.423  4889229.1 345630.2 631466.0 80223.4  20681.1  7374.2  8248.9
  1590 -532.041   0.001 -532.040  4512851.2 334272.9 435369.1 66363.7  17967.7  8977.6  6309.1
  1591 -1688.532   0.003 -1688.530  4186326.3 315526.7 434479.8 61461.0  17835.2  8687.9  6297.1
  1592 695.162  -0.002 695.160  4918625.5 335605.5 484136.9 87837.6  21649.6  8663.1  9505.7
  1593 -287.367   0.001 -287.366  4494113.0 317176.7 512779.0 61836.9  17013.9 11225.3  7060.0
  1594 -261.610   0.000 -261.610  4672294.9 291275.5 398473.6 76519.8  19352.4  6974.1  7593.8
  1595 -205.392  -0.000 -205.392  4642233.3 313295.4 365972.4 77640.1  16777.6  8803.4  7360.6
  1596 -1780.091   0.003 -1780.088  3892842.9 279645.3 339233.5 58524.6  16339.7 12332.7  6499.8
  1597 393.123  -0.001 393.122  4404796.7 356446.3 450498.7 82121.9  14716.9 11875.5  7640.1
  1598 1637.931  -0.004 1637.927  5054459.7 340441.5 476003.6 86556.4  22198.9  6655.8  9952.4
  1599 1010.360  -0.002 1010.359  4910705.8 380897.0 651572.4 66654.5  21689.9  4803.4  8227.0
  1600 -514.903   0.001 -514.902  4602273.0 330196.7 444428.4 67778.8  17561.6  9415.9  6030.2

         Carbon flux (ktC/yr)        Water (dam3/yr)                Nitrogen (MgN/yr)
       ----------------------- -------------------------- --------------------------------
Spinup NEP     estab   NBP     transp     evap    interc  nuptake ndemand  nlosses ninflux
------ ------- ------- ------- ---------- ------- ------- ------- -------- ------- -------
  1601 319.614  -0.001 319.614  4831147.6 343851.1 658000.9 78991.3  27070.6  7517.2  8634.1
  1602 -454.313   0.001 -454.312  4556002.9 329443.3 440106.4 67041.7  19060.5  7492.4  6476.6
  1603 -1274.126   0.001 -1274.125  4361383.4 323715.8 464367.0 60209.5  20169.9  6594.9  6928.9
  1604 1479.643  -0.003 1479.641  5053978.8 349467.1 619310.0 90680.6  24257.7  6802.9  9554.3
  1605   1.457   0.000   1.457  4770661.1 320836.9 577551.8 52860.3  20559.7  5789.4  7322.4
  1606 -361.850   0.001 -361.849  4515872.3 327107.1 435370.4 76327.5  18911.3  7615.1  6838.4
  1607 -1284.623   0.002 -1284.621  4331565.2 323520.7 461120.5 61410.6  21175.9  6925.9  7254.9
  1608 -195.820  -0.000 -195.820  4520434.4 306109.1 377352.8 88033.3  17274.8  7532.8  7172.4
  1609 -1599.478   0.003 -1599.475  4116569.8 308028.4 399611.4 55888.6  17142.1  8291.9  6692.1
  1610 -839.076   0.002 -839.074  4174426.0 290871.6 354895.8 68119.5  11790.3 11972.4  6284.5
  1611 235.655  -0.002 235.653  4304426.0 314628.6 397805.8 80790.7  15543.5 13427.2  8963.1
  1612 299.538  -0.002 299.536  4411769.8 301061.5 334826.0 75605.1  15597.6 11810.7  7813.3
  1613 -85.771  -0.001 -85.772  4332963.8 315770.9 456822.8 67508.3  17160.3 12418.7  8299.3
  1614 770.451  -0.003 770.448  4638792.4 375860.2 569903.0 75241.2  24288.9  9375.4 10490.8
  1615 -1057.694   0.002 -1057.692  4255236.2 273467.9 302375.3 60523.4  17595.4  6588.6  6841.3
  1616 -1481.344   0.006 -1481.338  3865848.8 331658.5 371258.5 63348.1  10557.7 16926.4  4723.1
  1617 -1096.959   0.003 -1096.957  3870726.4 283905.8 239202.3 75151.3  15744.9  8293.5  7710.5
  1618 -1063.873   0.007 -1063.866  3922027.1 307957.0 315797.1 63617.4   9099.7 16904.1  5542.5
  1619 -451.723  -0.001 -451.724  3812891.6 287414.4 227344.7 79342.5  14056.2 22065.9  8977.6
  1620 -1341.588   0.008 -1341.580  3507799.8 334286.4 228268.8 61611.5   9407.1 19025.1  6055.7
  1621 -402.640  -0.000 -402.640  3780982.1 334019.6 241451.2 73338.5  12828.7 15409.9  8414.0
  1622 1222.386  -0.006 1222.380  4562919.1 330697.7 343798.7 86066.9  16980.5 16121.3 12519.4
  1623 1083.943  -0.004 1083.940  4725154.8 311349.2 275219.7 75515.4  15064.7  9624.3  9825.8
  1624 191.678  -0.001 191.677  4440451.4 344864.9 350206.4 69890.2  16644.0  9085.0  8149.2
  1625 1462.533  -0.004 1462.529  4971317.6 354093.8 545775.0 77357.3  20009.0  9924.2 10217.5

         Carbon flux (ktC/yr)        Water (dam3/yr)                Nitrogen (MgN/yr)
       ----------------------- -------------------------- --------------------------------
Spinup NEP     estab   NBP     transp     evap    interc  nuptake ndemand  nlosses ninflux
------ ------- ------- ------- ---------- ------- ------- ------- -------- ------- -------
  1626 1754.853  -0.003 1754.850  5157828.3 394493.5 682414.8 72591.8  22635.7  7135.9  9833.7
  1627   0.352  -0.002   0.350  4638932.9 349409.9 568079.6 56659.7  20343.0  6169.0  7863.5
  1628 -132.432  -0.002 -132.434  4621410.2 345639.7 564241.2 69295.5  21627.8  7499.4  7914.2
  1629 -162.650   0.000 -162.650  4624146.9 329502.5 420780.8 72202.8  21718.2  5840.2  7193.6
  1630 784.812  -0.002 784.810  5191564.7 318998.4 492557.7 80164.0  27670.4  4452.8  8806.1
  1631 604.092  -0.001 604.091  4988322.8 375665.0 722729.1 68688.4  25123.8  3905.4  7686.5
  1632 -1964.139   0.004 -1964.135  4268262.4 304511.4 430949.3 52545.1  15479.0 10868.0  4393.1
  1633 1221.456  -0.002 1221.455  4872449.8 370065.9 637976.5 86022.4  21618.3  8532.5  8069.4
  1634 -1082.211   0.017 -1082.194  4512927.4 322353.2 486808.6 46931.6  19158.4  8283.0  6425.7
  1635 -1337.428  -0.000 -1337.428  4094192.3 351070.8 349623.7 74443.0  14102.3  9903.8  5108.8
  1636 1490.772   0.000 1490.773  4855148.4 349439.8 504254.6 94809.5  22848.7  5442.3  8820.8
  1637 -1595.244   0.007 -1595.237  4107177.3 344173.9 441387.6 42656.2  14147.6 12389.4  4970.7
  1638 1020.262  -0.002 1020.260  4990109.3 350208.7 497456.7 81754.5  17255.7 12803.1  8403.3
  1639 1401.011  -0.001 1401.011  4951185.6 414040.3 716280.1 75304.1  20972.0  6625.8  8908.8
  1640 -69.559   0.002 -69.558  5030386.1 321114.6 445530.7 62806.7  19087.5  6596.0  6618.7
  1641 -167.869   0.002 -167.868  4644139.1 337005.0 688126.5 66700.1  18699.4 11848.0  6894.1
  1642 535.246   0.002 535.247  5325332.9 335110.3 517709.2 76583.1  29302.5  3331.7  9574.8
  1643 -2096.213   0.008 -2096.206  4065242.6 292707.1 400193.9 44161.9  17736.2  9357.8  5716.5
  1644 -1203.980   0.005 -1203.976  4023796.9 350665.0 406645.6 57041.1  13577.6 10310.9  6250.4
  1645 -2520.005   0.011 -2519.995  3616625.1 340580.8 279736.8 46750.7  10476.1 17051.5  5415.9
  1646 1134.502  -0.002 1134.500  4434064.3 347752.3 345207.6 93679.1  13568.4 12834.2  8887.1
  1647 -223.308  -0.001 -223.309  4319431.8 340527.0 336130.7 57506.0  16847.6 13890.4  8992.2
  1648 -569.554   0.003 -569.551  4015588.1 346266.6 325234.7 69869.0  13647.8 11762.1  6660.6
  1649 -856.499   0.002 -856.496  3838311.7 294675.0 279740.1 71205.6  15993.3 15971.8  7557.1
  1650  20.211   0.000  20.211  4095870.2 339557.8 394074.5 72606.3  14776.6 13857.0  7553.8

         Carbon flux (ktC/yr)        Water (dam3/yr)                Nitrogen (MgN/yr)
       ----------------------- -------------------------- --------------------------------
Spinup NEP     estab   NBP     transp     evap    interc  nuptake ndemand  nlosses ninflux
------ ------- ------- ------- ---------- ------- ------- ------- -------- ------- -------
  1651 1494.042  -0.005 1494.037  4976097.5 333485.2 370515.1 80890.1  24614.7  7616.9 11308.0
  1652 1420.017  -0.005 1420.012  4892163.7 358462.4 592637.1 62168.2  20524.2  6822.7  8417.3
  1653 -1079.819  -0.003 -1079.822  4414816.9 330096.0 418363.0 53903.8  16898.7 11713.4  5979.2
  1654 -1827.911   0.006 -1827.904  3820897.3 328362.1 340250.3 60102.1  12025.3 15851.2  4477.5
  1655 -1634.810   0.008 -1634.802  3633944.8 302193.2 252869.8 67153.6  14201.5 10379.1  6041.1
  1656 -216.637   0.004 -216.634  3939420.5 332575.6 279199.4 77811.3   9919.0 15230.5  5712.8
  1657 -39.260   0.002 -39.258  3927105.7 374253.9 399552.2 70177.2  15339.9 10523.3  7843.6
  1658 966.256  -0.001 966.255  4671019.2 353293.0 425307.4 74723.0  22446.3 15964.6 11170.0
  1659 -641.414   0.004 -641.410  4034123.8 322218.8 317074.7 59302.3  14556.7  8418.2  6036.0
  1660 503.831  -0.000 503.831  4482302.9 349729.9 449224.1 76473.4  18126.4  7900.8  8015.5
  1661 1291.457  -0.004 1291.453  4798423.2 363523.0 592769.2 69580.4  22661.7  8702.7  8933.2
  1662 106.766  -0.000 106.766  4498623.9 359277.4 415352.7 65910.1  17864.2  8589.3  6172.7
  1663 162.889  -0.001 162.887  4680002.8 341351.9 587369.1 70247.6  22911.1  8241.5  7698.0
  1664 -1359.014   0.005 -1359.009  4307895.7 284229.0 330556.1 62277.0  20385.4  6962.1  6109.6
  1665 1173.850  -0.003 1173.847  4812017.5 345492.5 450681.1 86955.1  22134.2  7158.4  7935.9
  1666 -887.237   0.003 -887.234  4339349.6 333765.9 409432.2 57184.4  12440.1 11141.7  4660.6
  1667 -1582.763   0.004 -1582.759  4040757.4 333439.2 396875.7 53038.5  15365.3  8111.6  5773.5
  1668 1477.192  -0.007 1477.185  4640446.0 395530.6 544827.5 90331.7  22058.0 14814.2  9813.4
  1669 725.107  -0.002 725.106  4637675.2 365618.2 533114.3 59301.3  17985.8 10106.8  7137.4
  1670 901.155  -0.001 901.154  4898725.1 331237.9 637968.1 72169.7  20874.2 11515.0  7615.6
  1671 -80.635   0.001 -80.634  4730439.4 336137.8 571665.3 59367.7  20519.7  8563.1  6822.9
  1672 -971.682   0.002 -971.679  4409305.0 319323.0 390803.6 66147.9  19108.9  7513.4  5842.8
  1673 -2083.720   0.012 -2083.708  3832011.3 327303.5 373121.4 49907.5  12940.9 15867.6  4419.0
  1674 610.987   0.000 610.988  4507610.4 349245.2 449240.0 81574.7  18875.6 10813.1  8862.8
  1675 -1950.784   0.009 -1950.775  3848365.4 323662.3 294722.1 41123.8  14008.4 13454.9  6219.7

         Carbon flux (ktC/yr)        Water (dam3/yr)                Nitrogen (MgN/yr)
       ----------------------- -------------------------- --------------------------------
Spinup NEP     estab   NBP     transp     evap    interc  nuptake ndemand  nlosses ninflux
------ ------- ------- ------- ---------- ------- ------- ------- -------- ------- -------
  1676 2243.489  -0.004 2243.485  4742770.1 352065.5 389005.7 98393.4  17570.9 10064.8 10142.3
  1677 -164.105   0.003 -164.102  4254026.9 330285.2 365624.0 50775.5  12372.7 12787.0  5060.8
  1678 1112.468  -0.003 1112.465  4829775.7 382925.4 475939.0 79722.1  19842.3 10340.0  8771.7
  1679 424.998  -0.002 424.996  4647312.2 343563.6 547619.5 64236.1  20614.4  8822.3  8046.3
  1680 263.393  -0.003 263.391  4629952.7 368373.2 535163.3 66130.9  20998.7  9105.3  7627.4
  1681 -57.252  -0.000 -57.252  4643964.5 336096.4 524946.0 65049.8  20699.8  8636.3  7316.1
  1682 -1117.047   0.003 -1117.043  4436752.8 329424.2 413356.6 61278.8  20537.1  7403.6  6900.8
  1683 -247.162   0.003 -247.158  4352698.3 360541.9 373643.8 75225.5  18181.0  8551.4  7126.7
  1684 -1560.303   0.007 -1560.295  3971219.4 295638.2 284431.9 60242.9  17231.5  6528.6  6689.9
  1685 1293.754  -0.003 1293.751  4707952.5 402894.5 528833.6 89796.4  24084.6 10046.7 10525.5
  1686 1663.467   0.001 1663.468  5162040.5 371386.8 527111.0 71123.6  21212.0  5585.9  8557.8
  1687 -912.536   0.003 -912.533  4496063.5 345891.4 470457.4 49719.6  18835.1  6993.5  6680.9
  1688 1598.267  -0.001 1598.266  5067207.3 357348.8 536396.6 95732.8  21767.5  5461.0  8631.1
  1689 -978.605   0.004 -978.601  4406587.6 363567.3 447500.3 51181.0  15706.2  9027.8  5163.1
  1690 258.348  -0.001 258.347  4674489.9 344513.9 564744.1 73302.3  19478.9  9428.7  7973.5
  1691 -34.381   0.000 -34.381  4726543.7 343373.0 541762.5 62569.7  21426.9  8649.0  7795.0
  1692 -2505.972   0.006 -2505.966  3934704.7 324276.8 327493.0 44114.3  16267.7 10937.5  6066.7
  1693 -297.483   0.002 -297.480  3978747.9 361602.3 309711.5 74760.6  13117.9 13062.2  6709.0
  1694 342.007  -0.001 342.006  4431936.2 352735.9 326193.0 77916.1  20367.7  6996.5  9451.8
  1695 -93.899   0.001 -93.898  4364484.6 308198.6 350644.7 61508.8  15758.4  7976.0  7209.2
  1696 1301.750  -0.003 1301.747  4840895.2 376678.5 447430.4 83173.7  20323.2  9884.1  9420.2
  1697 -163.892   0.002 -163.890  4378334.5 325566.6 378478.5 60408.8  14610.6  8861.7  5676.6
  1698 -1360.182   0.006 -1360.176  3956691.1 328458.0 334446.2 59955.6  13883.3 13596.3  5244.6
  1699 1536.068  -0.003 1536.064  4892896.8 378207.9 529390.9 81533.9  20804.4 10711.6 10002.6
  1700 -989.134   0.002 -989.132  4331800.9 282161.1 302540.8 55539.7  17946.3  6260.8  6627.6

         Carbon flux (ktC/yr)        Water (dam3/yr)                Nitrogen (MgN/yr)
       ----------------------- -------------------------- --------------------------------
Spinup NEP     estab   NBP     transp     evap    interc  nuptake ndemand  nlosses ninflux
------ ------- ------- ------- ---------- ------- ------- ------- -------- ------- -------
  1701 273.636  -0.001 273.636  4376575.6 372577.5 492096.9 73828.2  16388.4 10650.0  7093.7
  1702 -2205.255   0.006 -2205.249  3917692.4 313115.2 299544.8 43819.0  14690.8 12692.3  6161.7
  1703 989.005  -0.004 989.001  4507416.5 343461.7 388306.9 85049.9  16091.1 18650.2  8766.5
  1704 698.572  -0.002 698.570  4723836.4 318195.2 314648.1 74919.5  16293.0  8473.3  8026.5
  1705 1255.214  -0.004 1255.210  4854528.6 359227.6 565522.7 70744.4  21459.1  9180.1  8779.2
  1706 -555.747   0.002 -555.745  4594137.5 309622.3 412332.5 58119.1  15969.9  9463.8  5781.9
  1707 840.932  -0.001 840.931  4729164.8 329321.4 577189.2 79022.3  18899.0 15562.5  7748.0
  1708 1071.500  -0.001 1071.499  5318738.5 331260.8 467900.2 74214.2  26370.9  5587.1  9047.7
  1709 608.886   0.000 608.886  4941384.9 386196.7 684988.1 65484.7  24753.8  4074.1  7754.3
  1710 747.173   0.000 747.173  5352867.3 326480.0 518024.1 75541.0  26482.2  3403.9  8040.4
  1711 -1955.234   0.005 -1955.229  4380491.0 304240.4 477025.2 44164.3  15834.5  7488.8  5015.0
  1712 309.166  -0.000 309.166  4620388.8 336020.3 485999.0 70776.7  16893.3 15459.5  7680.0
  1713  29.350   0.001  29.350  4448263.9 348254.0 385844.5 71334.6  18463.1  8420.0  7230.7
  1714 295.391  -0.000 295.390  4897581.7 344506.3 520318.0 72589.3  24703.9  7579.9  9062.8
  1715 369.671   0.000 369.671  4676366.0 323192.4 619341.7 67184.2  19701.0  9163.1  7662.3
  1716 369.301  -0.000 369.301  4781246.6 386715.8 654623.7 68875.6  28239.1  3924.6  9104.3
  1717 -2430.064   0.007 -2430.057  4039858.3 307276.8 409994.8 39448.3  16725.9  9403.2  5557.2
  1718 1898.295  -0.003 1898.292  4922580.5 361546.2 516339.6 82303.6  19199.8  9470.9 10212.5
  1719 -603.036   0.002 -603.034  4396380.2 312424.7 372055.3 50208.6  18759.3  7889.1  7084.5
  1720 606.129  -0.001 606.128  4837010.3 342293.0 471897.4 80291.5  22501.2  8134.3  9458.3
  1721 -719.173   0.002 -719.171  4234111.1 311768.7 377893.5 59210.1  14396.0  8657.3  5666.3
  1722 -366.401   0.005 -366.396  4158208.5 317518.4 357830.8 65409.2  13940.1 10948.3  5740.6
  1723 1414.979  -0.003 1414.976  4881204.1 344446.5 468903.2 84250.2  22989.6  6956.4 10248.7
  1724 -1415.535   0.008 -1415.527  4085482.8 290896.9 301476.0 52684.1  16771.9  7250.1  6045.9
  1725 -1024.881   0.001 -1024.880  3796893.6 293158.8 316922.7 62838.6  13851.6 18527.3  5978.8

         Carbon flux (ktC/yr)        Water (dam3/yr)                Nitrogen (MgN/yr)
       ----------------------- -------------------------- --------------------------------
Spinup NEP     estab   NBP     transp     evap    interc  nuptake ndemand  nlosses ninflux
------ ------- ------- ------- ---------- ------- ------- ------- -------- ------- -------
  1726 -1992.836   0.011 -1992.825  3380234.5 305994.9 246626.6 61812.3  12245.2 12729.3  5516.1
  1727 785.974  -0.001 785.973  4111501.3 353950.9 423866.4 78447.9  14081.0 20997.0  7694.0
  1728 1516.622  -0.003 1516.619  4752776.2 353187.5 409166.7 76364.6  23632.4  8178.3 12184.0
  1729 1837.918  -0.003 1837.914  4951537.8 347198.2 479793.5 68923.7  20883.7  3193.3  9702.7
  1730 -42.315  -0.001 -42.316  4660431.6 325839.0 388258.3 62182.5  17542.3  6526.3  7012.4
  1731 443.609  -0.002 443.607  4812925.1 378264.4 542216.7 74221.4  24063.6  4475.2  8602.4
  1732 -42.784   0.000 -42.784  4518694.5 359697.8 567865.8 62548.3  20755.0  5420.3  6787.5
  1733 597.839  -0.002 597.837  4926186.6 327234.9 646905.0 71332.1  23874.6  9126.7  8207.2
  1734 646.112   0.000 646.112  5234022.1 352066.0 632821.4 66579.2  28668.1  2350.6  9095.3
  1735 -1468.934   0.004 -1468.930  4446446.2 305714.6 463166.7 50216.2  18825.3  5443.7  5701.1
  1736 1061.627  -0.001 1061.625  4965499.4 359539.6 609752.7 75432.0  23957.0  6848.8  9888.0
  1737 -1011.258   0.003 -1011.254  4471737.4 327094.3 456503.7 48084.9  21283.0  5292.5  7442.0
  1738 756.832  -0.001 756.831  4666996.2 389318.1 610992.8 76760.4  24505.0  6161.5  9584.6
  1739 -949.895   0.004 -949.891  4350296.4 318695.9 416091.3 51314.8  20973.6  4999.6  6804.7
  1740 373.314   0.000 373.314  4531538.8 344095.1 526118.4 74475.5  21798.9  6917.3  8854.9
  1741 1320.889  -0.001 1320.888  5035632.0 402950.7 676293.2 70859.0  26420.6  5639.2 10188.5
  1742 869.656   0.001 869.657  5180428.9 348685.7 617318.8 60783.3  26129.0  1835.3  9216.5
  1743 -2234.919   0.009 -2234.905  4002994.3 290643.4 336744.0 52110.4  19334.2  5499.6  5793.8
  1744 1547.380  -0.003 1547.377  4941822.2 362794.9 527102.2 82618.7  20973.0  8600.6  9008.8
  1745 1456.473  -0.001 1456.472  5038336.4 347338.3 542497.8 73018.5  21882.0  3279.6  8448.7
  1746 410.504   0.001 410.505  4836979.7 331523.9 675913.0 60393.8  19837.9 10498.9  7040.3
  1747 587.653   0.000 587.653  5175754.5 367391.8 697775.7 67143.5  27044.4  3412.6  9123.0
  1748 -1338.263   0.003 -1338.261  4563590.8 318209.9 406919.4 54594.7  22670.0  3050.5  6716.3
  1749 149.291   0.001 149.292  4526288.7 335970.4 612687.5 68958.0  18973.3 10220.3  7504.4
  1750 531.168  -0.000 531.168  5156014.9 331252.2 469545.1 72277.8  28859.7  3982.9 10141.1

         Carbon flux (ktC/yr)        Water (dam3/yr)                Nitrogen (MgN/yr)
       ----------------------- -------------------------- --------------------------------
Spinup NEP     estab   NBP     transp     evap    interc  nuptake ndemand  nlosses ninflux
------ ------- ------- ------- ---------- ------- ------- ------- -------- ------- -------
  1751 -250.831   0.001 -250.830  4702234.2 332197.2 551244.2 56977.0  22475.3  4391.5  7722.5
  1752 -56.942  -0.000 -56.943  4909286.9 347183.7 541653.5 72697.0  27157.3  4341.4  9461.4
  1753 -584.532   0.000 -584.531  4574130.2 315977.9 397677.2 68014.3  19833.4  4601.9  7233.8
  1754 -1334.884   0.000 -1334.884  4181969.7 335922.0 432638.1 61054.8  21629.9  5091.9  7493.9
  1755 314.918  -0.004 314.914  4597135.3 339099.9 471611.9 83259.7  21358.5  6207.3  8704.4
  1756 -769.738  -0.005 -769.743  4350656.2 320200.8 385826.0 59745.6  19622.5  8730.1  7443.3
  1757 -2340.765   0.005 -2340.760  3694375.5 322051.7 346379.1 48244.8  12738.4 12753.9  6026.8
  1758 2088.645  -0.019 2088.627  4944710.7 347509.3 418273.9 92500.6  21576.7 14751.3 12075.8
  1759 752.457  -0.023 752.434  4513122.3 369130.3 460353.3 59244.9  17020.8  9102.5  8443.4
  1760 128.269  -0.004 128.264  4637869.2 300237.2 380112.5 71486.9  18881.0  6859.7  7712.0
  1761 -547.737   0.002 -547.735  4270670.4 319189.5 376852.2 69050.1  15616.5  9312.1  6342.8
  1762 713.411  -0.006 713.405  4738764.0 357031.1 573691.8 72496.6  24420.9  7443.1  9999.6
  1763 1025.804  -0.009 1025.795  5142641.7 328529.4 455254.0 74509.3  24455.8  5033.3  9733.3
  1764 -267.331  -0.004 -267.334  4417394.5 356451.0 572020.3 59778.9  17380.7  7776.0  6101.7
  1765   4.320  -0.017   4.303  4969076.5 345522.5 550173.3 73739.6  26423.3  8090.6  9120.8
  1766   9.204  -0.013   9.191  4946721.6 342442.5 550974.6 70148.7  26567.5  3189.5  9051.9
  1767 326.595  -0.001 326.595  4761681.6 382723.3 663616.3 69854.6  28571.1  2678.7  9352.8
  1768  71.088   0.001  71.090  4987325.4 339916.2 569023.9 66016.0  25898.7  2906.4  8725.6
  1769 -2890.139   0.008 -2890.131  3867791.4 310403.4 408900.0 39733.3  16057.7  9920.6  5677.8
  1770 1366.257  -0.005 1366.251  4812990.8 337457.5 399439.4 90674.9  20058.6 11048.4 10678.4
  1771 492.319  -0.002 492.318  4612366.0 330047.1 447536.8 57624.8  18460.2  9135.8  8470.7
  1772 992.224  -0.003 992.221  4801744.4 316298.8 546213.2 77232.8  20052.9 11299.5  8897.7
  1773 654.928  -0.002 654.926  4856739.4 346744.7 602704.1 62371.9  24570.8  4652.5  8938.2
  1774 110.186  -0.000 110.186  4731392.7 324825.9 572256.9 68929.6  22199.9  7224.3  7957.8
  1775 785.217  -0.001 785.216  5205258.1 341086.1 601423.1 72550.0  28294.6  5176.6  9149.8

         Carbon flux (ktC/yr)        Water (dam3/yr)                Nitrogen (MgN/yr)
       ----------------------- -------------------------- --------------------------------
Spinup NEP     estab   NBP     transp     evap    interc  nuptake ndemand  nlosses ninflux
------ ------- ------- ------- ---------- ------- ------- ------- -------- ------- -------
  1776 -992.434   0.002 -992.431  4363349.9 334088.9 432208.5 58640.4  18189.8  7040.8  5895.7
  1777 496.780  -0.001 496.779  4707039.4 314030.7 595349.5 74454.6  20902.4 11089.6  8190.2
  1778 -932.701   0.001 -932.700  4504816.0 324846.7 442595.0 57206.4  22171.2  7113.3  7501.7
  1779 -1301.772   0.005 -1301.760  4019409.2 311736.3 348813.2 67040.3  15655.5 12534.4  5744.0
  1780 1080.183  -0.004 1080.179  4719088.3 350618.5 540757.8 79135.3  24988.6  7796.7 10396.9
  1781 -481.488   0.000 -481.488  4470126.4 325241.1 416528.9 56627.5  19471.8  7166.0  7674.7
  1782 170.094  -0.001 170.094  4555620.4 308671.9 359892.5 85204.6  17627.3  7895.1  7523.4
  1783 -22.978  -0.000 -22.978  4544475.7 326948.8 498717.6 68827.1  18880.8  7691.0  7636.8
  1784 389.357  -0.001 389.355  4850571.9 303991.1 379733.4 80212.1  20648.9  7762.2  7946.7
  1785 -3526.473   0.012 -3526.461  3647267.0 304984.9 330453.7 24097.4  12196.7 20122.1  4815.2
  1786 2760.100  -0.008 2760.092  4698102.7 393337.7 444180.7 102285.5  15133.7 16145.9 10105.3
  1787 -1254.165   0.003 -1254.162  4034751.9 298773.6 263728.8 40675.2  13660.9 15337.0  6725.1
  1788 2111.014  -0.003 2111.010  4724943.2 392539.7 499243.2 87495.1  18779.2 16090.9 10351.6
  1789 1415.733  -0.003 1415.730  5169247.5 323055.5 395001.5 66499.9  22991.1  5828.3 10112.3
  1790 -168.476  -0.000 -168.476  4669739.6 307043.2 364185.7 68628.1  16934.5  8091.3  6567.9
  1791 -3411.407   0.012 -3411.395  3639906.9 302657.4 303788.3 31168.3  13537.7 18823.3  4952.0
  1792 211.837   0.003 211.840  3931598.2 337301.9 242937.6 83070.6  10932.3 15412.8  6679.4
  1793 -398.165   0.001 -398.164  3975543.5 330888.9 251842.2 69648.2  14538.5 11865.9  8358.9
  1794 -326.319   0.007 -326.312  3930602.6 320319.3 228641.2 70187.2  13661.6 15758.1  7278.0
  1795 1686.959  -0.008 1686.951  4740658.4 381227.5 358737.5 84363.4  18592.5 12959.0  9597.3
  1796 564.925   0.001 564.926  4503035.9 334849.1 420509.1 60864.1  15980.3 14857.5  7123.7
  1797 213.643   0.002 213.646  4477197.6 320206.2 343487.9 72711.8  15735.8 11460.9  6282.0
  1798 586.046  -0.003 586.043  4971615.9 347485.2 478250.5 75316.4  22157.3 10023.0  8760.4
  1799 -1544.494   0.005 -1544.490  4130649.5 332366.5 337188.4 51641.8  14903.1 10629.4  5147.6
  1800 -1935.785   0.013 -1935.772  3647700.3 322440.5 293787.3 50167.9  10334.0 21703.7  4206.2

         Carbon flux (ktC/yr)        Water (dam3/yr)                Nitrogen (MgN/yr)
       ----------------------- -------------------------- --------------------------------
Spinup NEP     estab   NBP     transp     evap    interc  nuptake ndemand  nlosses ninflux
------ ------- ------- ------- ---------- ------- ------- ------- -------- ------- -------
  1801 1964.530  -0.008 1964.522  4700531.2 377079.5 430647.1 88633.0  20063.5 16148.2 10325.7
  1802 961.898  -0.003 961.895  4711659.0 340811.0 455383.1 57632.8  17795.6 11454.2  7569.2
  1803 -107.253   0.000 -107.253  4599610.2 309502.5 373298.3 64753.9  16187.4  8459.8  6029.5
  1804 -815.405   0.002 -815.404  4354935.7 323098.7 352863.8 60017.5  17029.9 12107.2  6172.7
  1805 1496.053  -0.003 1496.050  4982625.8 331608.7 389798.7 89896.7  22825.2  6746.3  8874.1
  1806 235.574  -0.000 235.574  4813584.4 336381.4 509750.1 51796.8  18058.4 10974.9  6405.5
  1807 1858.511  -0.000 1858.511  5250893.4 406770.6 682362.7 87502.7  23111.6  6530.4  8029.2
  1808 -1212.616   0.004 -1212.612  4578726.7 326877.1 442440.6 44858.6  18668.3  8907.5  5681.3
  1809 -74.713   0.003 -74.710  4642729.2 326853.4 372817.2 72393.2  16673.4  9057.1  6173.5
  1810 -751.628   0.004 -751.624  4357911.3 355429.1 408051.5 66256.0  20001.2  7266.4  6706.8
  1811 764.608  -0.003 764.605  4763746.7 391571.1 597052.0 75252.1  26974.7  6710.5  9477.7
  1812 -1064.283   0.003 -1064.280  4441457.0 320902.2 421658.2 51990.7  18422.2  7863.6  6204.2
  1813 -2619.313   0.009 -2619.304  3788157.4 321436.9 297210.2 39985.0  13136.9 12778.5  5480.3
  1814 -340.244   0.001 -340.243  3838951.8 288735.7 246221.4 76145.6  12463.0 21728.4  7296.1
  1815 -1290.939   0.004 -1290.935  3636835.0 352940.2 241951.4 63013.5  11576.8 11611.3  6408.5
  1816 821.959  -0.003 821.956  4217366.0 383234.4 331934.7 79650.8  17641.4 11474.0 10126.5
  1817 1661.813  -0.004 1661.809  4941463.6 332517.1 332889.3 71899.4  22539.3  8540.9 11296.3
  1818 -858.625   0.002 -858.623  4148669.0 328926.3 299352.7 55671.2  15292.1  7334.4  6409.1
  1819 1459.727  -0.002 1459.725  4879267.9 367949.7 529633.0 82819.2  22585.7  7737.3  9709.9
  1820 946.784  -0.001 946.783  4879737.3 380710.6 603679.3 61418.7  23905.8  5815.0  8452.8
  1821 -2421.858   0.009 -2421.849  4051143.2 309884.6 387228.3 38776.6  15882.6 10089.4  5229.0
  1822 2231.319  -0.003 2231.316  4984605.1 339081.1 406799.0 90943.9  18263.6  8523.8  9636.7
  1823 -2194.502   0.006 -2194.496  3969278.6 315124.7 349192.0 35053.3  13487.3 13300.9  5318.1
  1824 2145.953  -0.003 2145.950  4991393.1 325962.8 336957.5 80842.7  16117.7 13075.8  9467.4
  1825 1344.651  -0.001 1344.650  5117752.0 348377.5 508453.0 66756.4  20031.6 14814.5  8952.4

         Carbon flux (ktC/yr)        Water (dam3/yr)                Nitrogen (MgN/yr)
       ----------------------- -------------------------- --------------------------------
Spinup NEP     estab   NBP     transp     evap    interc  nuptake ndemand  nlosses ninflux
------ ------- ------- ------- ---------- ------- ------- ------- -------- ------- -------
  1826 -136.145   0.001 -136.145  4701378.5 332013.7 537542.5 60226.1  21120.1  8101.4  7748.0
  1827 411.927  -0.001 411.926  5133920.4 359734.9 516723.1 72353.7  25758.6  6045.8  8852.9
  1828 -69.860   0.001 -69.860  4839853.9 328090.2 555468.0 63389.8  24274.3  4477.1  8156.4
  1829 1060.570  -0.000 1060.570  5317771.9 392710.9 686827.3 74086.8  28960.1  4119.9  9648.7
  1830 -34.706   0.001 -34.705  5181427.8 340798.8 552160.6 59653.3  26273.5  2463.0  8502.3
  1831 -3057.606   0.009 -3057.597  3903860.3 311200.3 392476.1 37541.5  16561.8  8479.9  5547.8
  1832 390.234  -0.000 390.233  4283990.4 336050.0 278763.4 82889.4  14480.2  9375.5  8387.8
  1833 -1825.267   0.006 -1825.261  3826662.7 311349.1 275644.3 48076.9  13505.8 11079.9  6900.1
  1834 2147.719  -0.007 2147.712  4834003.2 402539.0 423578.4 88650.7  19005.8 16258.6 11922.2
  1835 978.182  -0.002 978.180  4905639.9 326373.8 405575.2 59857.4  18964.1  7525.4  9150.3
  1836 316.537  -0.001 316.536  4717514.4 332853.4 346497.3 70099.5  19892.3  8356.6  8448.7
  1837 1268.855  -0.001 1268.854  5197077.8 390706.5 629012.0 76194.4  25198.9  6727.5  9748.8
  1838 -152.355   0.001 -152.354  4880465.9 320401.8 521525.9 51890.6  22411.1  4876.7  7472.0
  1839 -12.142   0.000 -12.141  4805969.4 321225.3 548101.9 73152.4  24117.4  5685.0  8263.7
  1840 -1605.946   0.004 -1605.942  4163772.8 264370.3 345603.9 52866.9  20602.7  8416.7  6365.6
  1841 -947.327   0.002 -947.325  4107515.2 320868.0 363923.7 61968.3  16605.9  7214.3  7143.8
  1842 1611.577  -0.003 1611.573  4978298.6 352755.3 513594.1 84455.5  23297.3  7207.7 10794.0
  1843 1567.299   0.000 1567.300  5218985.8 347312.5 594104.4 60521.0  23082.9  4261.3  9489.9
  1844 347.072   0.001 347.073  4896758.5 379673.8 636352.8 60392.6  25082.6  4050.3  8496.7
  1845 -303.856   0.003 -303.853  4740316.1 324959.2 571536.2 64143.7  24036.8  5062.9  8005.0
  1846 -550.489   0.003 -550.484  4553063.2 306327.9 408694.6 67290.4  20167.5  6463.3  6367.8
  1847 970.775  -0.002 970.774  5072625.7 396444.0 668644.4 74842.6  27569.3  4124.9  9897.6
  1848 -115.900   0.001 -115.899  4746474.6 334891.3 419379.7 60049.2  22139.1  4912.3  7327.5
  1849 -246.469   0.001 -246.469  4740687.6 328510.3 574986.6 67490.8  25856.3  5476.2  8450.0
  1850  94.045  -0.000  94.045  4786333.6 378824.1 646570.1 66315.2  30224.2  3533.7  9393.5

         Carbon flux (ktC/yr)        Water (dam3/yr)                Nitrogen (MgN/yr)
       ----------------------- -------------------------- --------------------------------
Spinup NEP     estab   NBP     transp     evap    interc  nuptake ndemand  nlosses ninflux
------ ------- ------- ------- ---------- ------- ------- ------- -------- ------- -------
  1851 -2537.507   0.007 -2537.500  4027582.8 296193.9 334739.6 39778.4  18818.1  8152.2  5944.3
  1852 850.886  -0.002 850.884  4431056.3 321243.5 465972.1 78757.7  16243.6 14526.2  8597.7
  1853 480.218  -0.001 480.217  4566553.5 340157.0 447912.5 65927.7  21540.6  7109.3  9102.0
  1854 -695.687   0.002 -695.684  4479920.9 309684.8 369317.6 58626.3  20681.5  8162.2  7501.3
  1855 -1376.852   0.010 -1376.842  4016094.2 282085.0 262274.1 69742.8  20012.5  6843.5  7172.2
  1856 -87.261   0.000 -87.261  4198848.3 347046.8 337558.0 73989.3  17883.8 10237.0  6907.3
  1857 -716.009   0.004 -716.005  4088013.6 322161.5 332614.7 58497.0  13226.6 13334.3  5818.4
  1858 1339.272  -0.004 1339.268  4679977.1 368584.2 482285.0 78261.2  22814.7 11061.2 10802.5
  1859 772.940  -0.002 772.938  4792191.9 322287.8 341821.2 69028.7  17942.9  7169.3  7886.1
  1860 -746.187   0.003 -746.185  4151289.2 363642.4 377515.4 59389.7  16060.6 10312.8  5808.1
  1861 -936.063   0.001 -936.062  4252555.1 334329.7 390023.3 63573.2  20884.6  6182.5  7722.1
  1862 246.903   0.000 246.904  4459993.7 352137.8 368786.2 82596.2  22073.2  7202.3  7798.2
  1863 1622.506  -0.002 1622.504  5061634.3 366763.3 581644.9 69917.8  23384.7  6545.0  9542.9
  1864 134.948  -0.001 134.947  4894853.9 335730.2 434794.3 61785.0  22518.8  4925.3  7496.1
  1865 -1328.549   0.003 -1328.546  4371322.6 322192.3 416465.6 56564.5  19245.2  7644.8  6106.6
  1866 -1052.425   0.003 -1052.423  4204205.2 320948.5 368274.5 65851.3  17211.4  8100.9  6594.5
  1867 1355.966  -0.002 1355.963  4799448.7 343587.1 454918.3 90128.9  24565.0  5723.7 10383.9
  1868 -721.880   0.002 -721.879  4380004.6 331381.9 427598.7 47413.3  18314.1  7484.1  6893.5
  1869 -1170.724   0.003 -1170.721  3924562.2 280811.6 331503.4 68919.9  16089.8 13555.6  6489.3
  1870  -1.422   0.000  -1.422  4311864.1 338662.2 444530.9 79726.2  18247.6  7479.5  8048.2
  1871 -408.469   0.000 -408.469  4364540.0 317125.8 317030.6 67578.5  20578.9  6088.0  7958.6
  1872 1062.115  -0.002 1062.114  4677501.6 382227.5 573934.0 78779.8  26158.7  7276.8 10071.5
  1873 1505.238  -0.001 1505.237  5236867.9 320712.5 462506.9 73080.4  25465.5  4015.4  9362.4
  1874 -411.022   0.001 -411.021  4618022.6 335431.1 456868.6 62420.0  19828.9  5778.7  6425.1
  1875 913.796  -0.001 913.795  5076968.3 323376.3 494694.2 82221.8  24902.7  5424.8  8608.4

         Carbon flux (ktC/yr)        Water (dam3/yr)                Nitrogen (MgN/yr)
       ----------------------- -------------------------- --------------------------------
Spinup NEP     estab   NBP     transp     evap    interc  nuptake ndemand  nlosses ninflux
------ ------- ------- ------- ---------- ------- ------- ------- -------- ------- -------
  1876 1075.695  -0.000 1075.695  5224534.0 343509.3 657923.1 72163.2  23960.8  4781.1  7993.6
  1877 -2787.703   0.011 -2787.692  3847539.1 292581.4 364738.6 44360.4  16896.9  7587.2  4921.8
  1878 1989.958  -0.005 1989.953  4967066.0 347479.3 529525.8 88553.9  18786.8 10211.9  8102.8
  1879  90.884   0.000  90.884  4698860.8 332655.7 533163.9 57038.9  18102.5  7973.8  6985.0
  1880 -1041.464   0.002 -1041.462  4436315.6 323434.9 457203.6 62111.8  21124.5  8449.1  7379.2
  1881 -844.045   0.002 -844.043  4256402.9 306926.1 391533.8 72511.0  20542.6  7222.7  7218.4
  1882 883.817  -0.002 883.815  4678112.5 341784.2 577434.7 80577.7  27991.7  7924.6 10414.5
  1883 1729.174  -0.002 1729.171  5051378.8 388956.1 704148.8 70728.1  25147.0  4812.1  9931.1
  1884 1160.413   0.004 1160.417  5328933.9 321180.7 523736.7 67877.2  27875.6  3286.8  9214.4
  1885 -421.619   0.002 -421.616  4777860.6 343370.7 587325.8 62285.0  21029.2  5525.9  6765.9
  1886 -1461.792   0.004 -1461.787  4403295.5 318914.1 446526.0 60941.9  24246.8  6886.2  6992.7
  1887 -279.012   0.002 -279.009  4193347.7 356298.2 532123.7 73144.6  21241.4  6384.6  7230.5
  1888 1032.315  -0.001 1032.313  4984122.4 343103.5 534669.4 71814.2  29051.0  3681.8 10734.6
  1889 -1597.976   0.010 -1597.965  4143806.0 288390.6 328111.0 52646.3  20452.9  5224.0  6547.0
  1890 1008.593  -0.001 1008.592  4691075.5 343348.2 437627.9 81939.3  23380.9  6552.6  8789.8
  1891 219.832   0.002 219.833  4444877.8 368564.6 551945.6 62617.2  19284.9  7451.0  7619.2
  1892 978.151  -0.001 978.150  4969203.0 350894.9 560971.3 76973.1  27786.5  3672.1  9665.5
  1893 210.052  -0.001 210.052  4986236.1 352976.7 595022.2 62293.6  25448.7  3178.7  8264.2
  1894 346.045  -0.000 346.044  4943460.3 375948.8 609495.6 70260.6  27270.4  2677.5  8364.1
  1895 -158.235   0.002 -158.233  4688419.6 341813.6 646536.4 61474.3  26565.1  3213.2  7947.7
  1896 682.047   0.001 682.048  5055678.4 404725.1 787671.5 68283.7  32126.1  2788.2  9763.3
  1897 210.135   0.002 210.137  5007127.3 371645.1 634455.0 59098.3  28595.3  1822.8  8566.6
  1898 -1726.958   0.005 -1726.953  4274140.2 328995.4 481745.6 52113.7  22789.5  4953.8  6592.2
  1899 -1667.123   0.007 -1667.115  3905375.0 295863.9 303564.0 62698.5  19645.8  5337.1  6976.1
  1900 1372.497  -0.002 1372.495  4793752.2 363580.9 519259.3 80257.8  25205.5  7237.7 10417.9

         Carbon flux (ktC/yr)        Water (dam3/yr)                Nitrogen (MgN/yr)
       ----------------------- -------------------------- --------------------------------
Year   NEP     estab   NBP     transp     evap    interc  nuptake ndemand  nlosses ninflux
------ ------- ------- ------- ---------- ------- ------- ------- -------- ------- -------
  1901 1406.263  -0.000 1406.263  4915005.7 366470.8 629498.5 62632.0  23131.3  3540.9  9661.8
Simulation ended.
lpjml successfully terminated, 72 grid cells processed.
Wall clock time:	151 sec, 0.0007 sec/cell/year.
Total wall clock time:	156 sec (00:02:36).
