--------------------------------------
Running config: /home/druijsch/LPJmL5/dev15oct2025/config_files/2026_04_08_run_for_10_locations/temperate_needleleaved_evergreen_tree/spinup/configs/temperate_needleleaved_evergreen_tree_patch3_config_spinup.cjson
SLURM task ID: 7
Node: tcn345.local.snellius.surf.nl
--------------------------------------
******************************************************************************
****        _     ____     _           _       ____        _  ___         ****
****       | |   |  _ \   | |_ __ ___ | |     | ___|      / |/ _ \        ****
****       | |   | |_) |  | | '_ ` _ \| |     |___ \      | | | | |       ****
****       | |___|  __/ |_| | | | | | | |___   ___) |  _  | | |_| |       ****
****       |_____|_|   \___/|_| |_| |_|_____| |____/  (_) |_|\___/        ****
****                                                                      ****
****                 lpjml C Version 5.10.1 (Apr 14 2026)                 ****
****    Dynamic global vegetation model with natural and managed land     ****
****                     Compiled for Linux with MPI                      ****
****       (C) Potsdam Institute for Climate Impact Research (PIK),       ****
****                          see COPYRIGHT file                          ****
****              Authors, and contributors see AUTHORS file              ****
**** This version of LPJmL is licensed under GNU AGPL Version 3 or later  ****
****        See LICENSE file or go to http://www.gnu.org/licenses/        ****
****                 or invoke lpjml -l to print license                  ****
****      https://gitlab.pik-potsdam.de/lpjml/wur_team/lpjml-wur.git      ****
****          GIT hash: 5e6f8e1bb5c5d5f3357da68b6c43e9517864f3c2          ****
****                                                                      ****
******************************************************************************

Running for user druijsch on tcn345.local.snellius.surf.nl at Tue Apr 14 17:01:11 2026
Reading configuration from '/home/druijsch/LPJmL5/dev15oct2025/config_files/2026_04_08_run_for_10_locations/temperate_needleleaved_evergreen_tree/spinup/configs/temperate_needleleaved_evergreen_tree_patch3_config_spinup.cjson'.
==============================================================================
/----------------------------------------------------------\
|institution: Potsdam Institute for Climate Impact Research|
|contact:                                                  |
|comment:                                                  |
\----------------------------------------------------------/
Simulation "LPJmL Run" running on 50 tasks
Simulation with shuffle spinup climate, equilsoil is called, 
nitrogen limitation, permafrost, Johansen conductivity, 
percolation heattransfer, GSI phenology, NPP controlled BNF.
Cultivation types: none, biomass, annual crop
Working directory: /gpfs/home5/druijsch/LPJmL5/dev15oct2025
cpp processed configuration file written to `/projects/prjs2023/chapter3/lpjml_output/2026_04_08_run_for_10_locations/temperate_needleleaved_evergreen_tree/patch_3/output/lpjml_config_spinup.json`.
Starting from scratch.
Input files:
Variable     Fmt  Varname  Filename
------------ ---- -------- ---------------------------------------------------
soil         cdf  soilcode /projects/prjs2023/chapter3/lpjml_input/run_for_10_locations/temperate_needleleaved_evergreen_tree/patch_3/soil.nc
temp         cdf  tas      /projects/prjs2023/chapter3/lpjml_input/run_for_10_locations/temperate_needleleaved_evergreen_tree/patch_3/temp.nc
prec         cdf  pr       /projects/prjs2023/chapter3/lpjml_input/run_for_10_locations/temperate_needleleaved_evergreen_tree/patch_3/prec.nc
lwdown       cdf  rlds     /projects/prjs2023/chapter3/lpjml_input/run_for_10_locations/temperate_needleleaved_evergreen_tree/patch_3/lwdown.nc
swdown       cdf  rsds     /projects/prjs2023/chapter3/lpjml_input/run_for_10_locations/temperate_needleleaved_evergreen_tree/patch_3/swdown.nc
no3_depo     cdf  noy      /projects/prjs2023/chapter3/lpjml_input/ndep-noy_histsoc_monthly_1901_2021_units.nc
nh4_depo     cdf  nhx      /projects/prjs2023/chapter3/lpjml_input/ndep-nhx_histsoc_monthly_1901_2021_units.nc
soilpH       cdf  soil_ph  /projects/prjs2023/chapter3/lpjml_input/hwsd_soil_data_all_land_oceanfilled.nc
co2          txt           /projects/prjs2023/chapter3/lpjml_input/co2_1832-2023.dat
windspeed    cdf  sfcwind  /projects/prjs2023/chapter3/lpjml_input/run_for_10_locations/temperate_needleleaved_evergreen_tree/patch_3/wind.nc
------------ ---- -------- ---------------------------------------------------
Writing restart file '/home/druijsch/LPJmL5/dev15oct2025/restart/2026_04_08_run_for_10_locations/temperate_needleleaved_evergreen_tree/patch_3/restart_1901_nv_stdfire.lpj' after year 1901.
Random seed: 2
Number of output files:       1
Output written in year:       -1020
Byte order in output files:   little endian

Variable   Fmt  Unit Type   tstep nbd Filename
---------- ---- ---- ------ ----- --- -----------------------------------------
globalflux txt  -    float  year    1 /projects/prjs2023/chapter3/lpjml_output/2026_04_08_run_for_10_locations/temperate_needleleaved_evergreen_tree/patch_3/output/globalflux_spinup.csv + .json
---------- ---- ---- ------ ----- --- -----------------------------------------
Spinup years:                  3000
Cycle length during spinup:      30
First year:                    1901
Last year:                     1901
Number of grid cells:            63
==============================================================================
Memory allocated for output: 344 bytes/cell
Simulation begins...
Spinup using climate starting from year 1901

         Carbon flux (ktC/yr)        Water (dam3/yr)                Nitrogen (MgN/yr)
       ----------------------- -------------------------- --------------------------------
Spinup NEP     estab   NBP     transp     evap    interc  nuptake ndemand  nlosses ninflux
------ ------- ------- ------- ---------- ------- ------- ------- -------- ------- -------
 -1099 -1864.775   0.402 -1864.373        0.0 1473235.2     0.0     0.0      0.0 62284.4   342.1
 -1098 -1826.560   0.203 -1826.357        6.8 2746076.8     2.5    47.5      0.2 204161.1   342.2
 -1097 -1771.691   0.022 -1771.669       67.4 2328549.6     8.2   387.3      1.9 138000.4   342.8
 -1096 -1670.490   0.002 -1670.488     2884.4 2302757.4    40.0  3258.2     14.9 99845.3   348.0
 -1095 -861.701  -0.126 -861.827    96280.2 1763512.4   556.2 24714.2    346.5 96948.1   459.2
 -1094 1130.756  -0.063 1130.693  1283961.6 1484482.3 44471.9 61074.6   7629.8 275847.8  2318.5
 -1093 1006.867  -0.004 1006.863  1540688.5 466070.3 72162.2 47592.5   9116.7 109969.7  3085.1
 -1092 574.091   0.000 574.091  1499845.1 445128.6 91034.5 33796.8   9091.5 128207.7  3292.2
 -1091 205.333  -0.003 205.330  1468677.3 489611.9 87261.1 30978.0   9763.9 142997.4  3525.2
 -1090 -175.641  -0.001 -175.642  1621748.9 551772.4 75716.5 24613.6  13475.9 170519.0  4981.1
 -1089  29.316   0.000  29.316  1677440.5 561135.6 91874.6 29199.9  13859.3 84967.4  5530.7
 -1088 -566.265   0.002 -566.263  1310036.9 402635.0 45952.8 23738.5  10273.3 123355.0  4124.2
 -1087 -411.678   0.001 -411.678  1396359.9 533318.0 60253.9 26665.5  11894.9 179115.5  4532.8
 -1086 -913.815   0.003 -913.812  1181135.8 676778.2 63385.2 22961.9   8729.5 83312.4  3560.8
 -1085 -329.173  -0.001 -329.174  1400203.3 504520.7 55760.1 24348.8  12532.2 70997.3  4669.2
 -1084 -402.773   0.001 -402.773  1383417.3 511126.0 57558.1 24867.4  12478.1 56032.2  4782.7
 -1083 -932.035   0.005 -932.030  1050038.6 281921.1 33013.6 19848.8   8105.0 37689.9  2892.6
 -1082 -1091.652   0.004 -1091.648  1125150.1 342489.3 51732.5 11826.2  10407.3 61920.8  3839.7
 -1081 -472.364  -0.003 -472.367  1169184.4 614005.0 50954.8 34464.2   8057.4 57480.0  3571.0
 -1080 -161.005  -0.001 -161.006  1403394.8 416497.4 75049.6 32872.5  13448.1 61594.7  5214.2
 -1079 -727.451   0.001 -727.450  1255743.1 359649.2 39675.4 16643.7  14033.9 56723.0  5008.7
 -1078 -710.640   0.003 -710.637  1050743.6 267019.0 31473.7 23392.7   9299.6 34286.8  3260.9
 -1077 -457.717   0.001 -457.716  1156142.8 418032.4 39717.8 21707.5  12380.8 35117.7  4671.6
 -1076 -185.614  -0.002 -185.616  1395365.4 572418.3 65036.1 31955.5  14209.3 48909.6  6005.1
 -1075 -459.256   0.000 -459.256  1184170.6 444624.8 44844.5 19440.3  12236.4 53846.4  4958.2

         Carbon flux (ktC/yr)        Water (dam3/yr)                Nitrogen (MgN/yr)
       ----------------------- -------------------------- --------------------------------
Spinup NEP     estab   NBP     transp     evap    interc  nuptake ndemand  nlosses ninflux
------ ------- ------- ------- ---------- ------- ------- ------- -------- ------- -------
 -1074 -218.821  -0.001 -218.822  1287449.8 565174.3 67745.7 34768.5  11119.8 35574.6  5015.4
 -1073 -778.494   0.002 -778.492  1189716.9 333545.8 43335.2 25064.4  14659.9 30804.8  5240.6
 -1072 -189.971  -0.000 -189.972  1326253.5 384279.0 47058.3 34353.4  14764.1 35589.3  5502.6
 -1071 -322.664  -0.000 -322.665  1224906.2 471561.8 56202.8 24888.0  15280.5 38918.3  5560.9
 -1070 184.741  -0.002 184.739  1299731.2 468290.0 47262.8 40152.2  12585.5 31615.8  5770.2
 -1069 -549.036   0.000 -549.036  1122124.5 277101.9 46220.1 22802.0  13802.2 31163.9  4743.1
 -1068  65.623  -0.001  65.622  1317902.6 401633.9 55770.3 41520.3  13162.5 32319.9  5180.2
 -1067 -47.297  -0.004 -47.300  1331167.5 504586.3 123403.7 29350.2  14535.8 62017.8  5689.2
 -1066 -552.520  -0.027 -552.548  1074110.0 621145.2 81194.0 30000.2  10623.0 35698.4  4040.6
 -1065 237.718  -0.005 237.713  1369314.7 501869.9 118221.8 31695.1  14182.8 56975.6  5521.4
 -1064 359.166  -0.007 359.158  1401447.2 459742.0 92806.9 41664.2  13867.1 28063.9  5651.4
 -1063 566.263  -0.018 566.245  1589566.9 502218.2 160089.6 41908.1  17431.0 45453.7  6740.0
 -1062 -251.080  -0.003 -251.083  1220337.4 366046.4 93125.0 27073.4  12775.8 30864.4  4076.9
 -1061 977.092  -0.004 977.087  1657644.7 504508.0 171380.4 48835.1  16696.1 26169.2  6183.0
 -1060 148.222  -0.001 148.222  1511004.9 495251.0 182893.6 29982.2  13725.0 30858.7  4918.9
 -1059 -619.681   0.002 -619.678  1201488.3 268877.2 58964.4 29542.3  10438.0 12489.8  2994.8
 -1058 -464.475  -0.003 -464.478  1316959.9 280951.9 53542.8 31512.8  12240.5 13539.6  3551.7
 -1057  60.587   0.002  60.589  1366543.9 408550.5 93179.9 39248.3  13210.7 22683.2  4389.4
 -1056  74.960  -0.001  74.958  1442152.5 421208.7 97873.0 34934.8  12971.3 31231.6  4107.7
 -1055 171.174  -0.001 171.172  1531758.1 378726.0 81342.2 39730.2  13746.3 19679.4  4288.9
 -1054 -41.924  -0.001 -41.924  1453282.4 465430.7 97574.4 33472.9  12606.8 14301.8  3948.3
 -1053 -476.708   0.001 -476.707  1337594.5 278735.3 68496.9 29194.7  12138.4 17054.9  3431.6
 -1052 -442.144   0.000 -442.144  1328046.5 333688.6 83522.9 26034.9  11593.9 19507.9  3209.6
 -1051 138.890  -0.001 138.890  1444185.3 373689.7 62783.9 45424.6   9884.3 15647.2  3183.3
 -1050 491.574  -0.003 491.571  1575481.9 520869.0 116370.9 42138.5  13822.7 12635.4  4434.8

         Carbon flux (ktC/yr)        Water (dam3/yr)                Nitrogen (MgN/yr)
       ----------------------- -------------------------- --------------------------------
Spinup NEP     estab   NBP     transp     evap    interc  nuptake ndemand  nlosses ninflux
------ ------- ------- ------- ---------- ------- ------- ------- -------- ------- -------
 -1049 350.156  -0.002 350.155  1662061.1 424549.6 146979.8 35505.9  12853.3 24358.2  3903.1
 -1048 -994.579   0.005 -994.573  1371702.3 605693.4 125145.2 25277.9  10050.9 20786.8  2954.2
 -1047 -10.686  -0.005 -10.690  1511159.6 273478.8 51689.8 34193.3  11722.0 12129.9  3359.1
 -1046 -548.971   0.005 -548.966  1355373.2 267190.6 59370.5 25966.1  11105.7 16935.7  3185.2
 -1045 840.975  -0.005 840.971  1730856.2 472063.8 97256.0 47169.5  13839.2 18914.9  4796.1
 -1044 -461.529   0.002 -461.527  1444850.4 269838.0 67241.5 25187.9  11113.1 27717.4  3099.4
 -1043 587.284  -0.003 587.280  1607043.2 458504.8 79147.1 39789.3  12735.3 14890.0  3789.9
 -1042 -85.965  -0.000 -85.966  1549474.5 369817.9 69151.5 38320.7   9798.4 11215.7  2873.7
 -1041 -1306.043   0.028 -1306.016  1256418.7 249659.8 56178.1 21831.4   9397.2  9999.4  2241.7
 -1040 -541.201  -0.019 -541.220  1244136.4 587168.1 74359.3 31112.1  10211.3 20031.2  2914.0
 -1039 514.173  -0.004 514.169  1524398.2 400577.2 67845.1 41987.3  11843.4 20176.3  3747.1
 -1038 277.426  -0.003 277.423  1557991.2 440461.7 73590.0 35698.9  11879.7 23788.7  3680.4
 -1037 498.416  -0.003 498.413  1703536.2 353279.9 70290.6 43367.4  12481.6 12598.9  3621.7
 -1036 -472.065   0.003 -472.061  1459045.3 418997.0 83087.1 28249.6  10073.0  9758.2  2683.5
 -1035 807.628  -0.005 807.622  1799002.6 448091.3 104931.9 44925.3  14518.2 17024.2  4356.6
 -1034 215.535  -0.001 215.534  1765135.4 493362.1 127667.4 35805.5  11003.0 19578.2  3270.2
 -1033 558.828  -0.002 558.826  1927343.4 421909.5 130185.6 41768.9  16088.3 11685.4  4309.9
 -1032 -862.594   0.009 -862.585  1599478.1 257931.4 76469.2 21644.3  10999.4 14509.2  2439.2
 -1031 698.830  -0.006 698.823  1830189.7 454064.9 146845.9 37863.7  13000.9 20462.0  3889.9
 -1030 -125.931   0.001 -125.930  1680590.9 352492.6 65913.1 38260.8   9531.7  9371.2  2545.7
 -1029 -891.645   0.004 -891.641  1394102.3 249205.7 55258.2 24501.2   9630.9  8011.5  2309.7
 -1028 -541.867  -0.007 -541.874  1357207.7 321186.9 50949.9 26758.8  10591.4  7703.5  2827.0
 -1027  27.193  -0.002  27.192  1433311.8 434251.9 60388.9 38221.5  10958.4 10603.4  3181.3
 -1026 538.213  -0.005 538.208  1592794.8 444994.6 66292.3 39580.8  13855.4 17081.6  3789.6
 -1025 -386.780   0.002 -386.778  1519055.6 261617.8 59183.7 28432.8  10448.0 17497.0  2631.7

         Carbon flux (ktC/yr)        Water (dam3/yr)                Nitrogen (MgN/yr)
       ----------------------- -------------------------- --------------------------------
Spinup NEP     estab   NBP     transp     evap    interc  nuptake ndemand  nlosses ninflux
------ ------- ------- ------- ---------- ------- ------- ------- -------- ------- -------
 -1024 625.362  -0.005 625.358  1704011.7 494621.3 92251.1 43588.1  10873.2 13509.5  3270.3
 -1023 -67.419   0.001 -67.418  1569919.9 373060.1 71126.4 28821.3  12647.3 12410.1  3195.9
 -1022 785.066  -0.004 785.062  1828656.9 423476.4 64827.5 54146.5  12674.0 10705.4  3836.1
 -1021 -683.620   0.009 -683.611  1565531.8 314194.9 68318.5 27881.9  12131.8  6367.4  2638.7
 -1020 -56.868  -0.001 -56.869  1511666.8 364274.8 86609.8 34896.6  12142.6 10350.4  3032.3
 -1019 386.673  -0.004 386.670  1741566.7 395117.3 106799.4 37722.3  14472.7 25112.3  3758.1
 -1018  30.550  -0.003  30.547  1707248.3 262694.5 56282.2 38725.6  12037.8  6952.2  2769.9
 -1017  78.149   0.002  78.151  1694707.2 421521.1 82879.5 34213.5  11627.0  7214.8  2948.2
 -1016 352.140  -0.002 352.138  1818513.1 334944.6 73637.6 45558.8  12421.2  7308.8  3157.2
 -1015 -911.907   0.006 -911.900  1429122.2 322930.4 56436.9 18008.4   9777.1  6629.3  1895.2
 -1014 1427.911  -0.008 1427.902  1996101.0 450015.5 133749.0 55319.9  16434.0 15010.5  4763.3
 -1013 -1274.116   0.024 -1274.093  1574282.0 238277.4 60762.8 15965.7   8622.4  9330.5  1771.3
 -1012 -251.529  -0.009 -251.537  1465353.4 301884.0 62672.6 22461.8   9391.2 14701.6  2409.2
 -1011 450.646  -0.003 450.643  1530360.3 408258.8 52462.4 41853.8   8359.7 13062.8  2583.7
 -1010 694.408  -0.004 694.404  1807964.3 376345.0 88442.1 43253.0  13403.4  8009.6  3768.3
 -1009 -654.733   0.007 -654.726  1592069.2 247394.1 61286.1 27104.2  10704.1 15675.1  2375.9
 -1008 1572.747  -0.011 1572.736  2094020.5 444685.9 131667.6 54792.3  16104.1 12356.4  4700.3
 -1007 -249.893   0.002 -249.892  1874755.0 252090.0 63230.1 30308.6  10770.5  6258.3  2180.3
 -1006 -740.398   0.009 -740.388  1569319.1 311743.1 60396.3 30460.5   9918.7  6310.8  2253.7
 -1005 1283.758  -0.008 1283.750  2083693.9 430115.5 133937.9 53189.0  17880.7  9152.5  4974.4
 -1004 547.245  -0.003 547.243  2146758.2 375768.6 92662.1 36756.7  13050.6  9875.5  3410.9
 -1003 -699.800   0.006 -699.794  1731303.3 239140.3 63771.5 27380.5   9198.7  6677.9  1811.0
 -1002 -947.849   0.007 -947.841  1323528.0 251560.0 45821.0 20153.2   7255.8  9469.1  1780.2
 -1001 -813.457   0.013 -813.445  1360759.8 294245.9 45602.2 28400.5  11154.5  6386.4  2857.2
 -1000 712.194  -0.011 712.183  1615848.3 369718.9 41016.2 48042.2  12874.3  7072.9  3674.7

         Carbon flux (ktC/yr)        Water (dam3/yr)                Nitrogen (MgN/yr)
       ----------------------- -------------------------- --------------------------------
Spinup NEP     estab   NBP     transp     evap    interc  nuptake ndemand  nlosses ninflux
------ ------- ------- ------- ---------- ------- ------- ------- -------- ------- -------
  -999 335.935  -0.004 335.931  1638460.1 336261.7 59025.2 39285.4  12725.2  5587.3  3373.7
  -998 913.634  -0.006 913.627  1996982.9 391976.4 68395.0 46647.0  12946.7 11366.5  3702.0
  -997  77.356  -0.000  77.356  1853220.2 351306.0 93950.3 35107.3   9491.9  8499.3  2386.0
  -996 1075.943  -0.005 1075.937  2268767.2 414529.0 164057.2 51532.0  18107.6 19542.8  4555.2
  -995 -1197.587   0.025 -1197.562  1796315.9 237184.0 72196.2 14393.2   9768.5 12977.7  1779.2
  -994 1054.282  -0.020 1054.262  1956429.0 405927.1 92161.5 41090.4  10032.1 10186.4  2820.8
  -993 524.636  -0.003 524.633  2176258.3 382071.9 82042.8 40718.2  11856.5  9716.1  3291.9
  -992 -122.134   0.001 -122.133  2032191.8 333374.6 114142.9 34442.7  12456.4  4076.2  2724.7
  -991 335.938  -0.002 335.936  2119103.5 400616.3 158700.5 35731.6  14419.1 17438.8  3372.3
  -990 -369.724   0.003 -369.721  1793726.1 360496.3 74237.6 27115.9  12789.6  6530.7  2491.7
  -989 -173.870   0.001 -173.869  1714105.0 370550.4 63737.9 30907.2  12420.1  6240.6  2727.2
  -988 156.791  -0.002 156.789  1821582.4 370465.2 81777.1 42256.3  11682.2  6892.8  2805.9
  -987 -217.343   0.002 -217.342  1775019.7 371020.6 71329.5 32456.3  12171.6  6238.1  2487.4
  -986 -729.999   0.009 -729.990  1661625.8 532884.7 85974.0 30037.2  10244.2  9999.4  2225.4
  -985 182.373  -0.004 182.369  1658900.5 311179.7 44265.0 32751.2  10755.3  6832.8  2818.8
  -984  70.858  -0.001  70.857  1671503.5 321550.5 48218.2 35109.6  10539.4  7591.8  2680.2
  -983 841.795  -0.006 841.789  1994731.4 396694.6 67661.8 47356.7  13226.1  8107.6  3642.8
  -982 760.303  -0.004 760.299  2172449.7 392964.6 108435.8 39296.0  13894.4  5642.5  3514.0
  -981 509.493  -0.002 509.491  2159461.1 359974.1 74085.3 45114.1  12289.2  6855.1  3029.0
  -980 441.361  -0.002 441.360  2405120.3 395653.4 197192.8 43242.0  20849.3  3433.7  4174.7
  -979 -576.802   0.005 -576.796  2053025.0 368798.2 103750.2 26891.8  11703.9  4904.5  2020.3
  -978 -226.028   0.001 -226.027  1892306.9 389223.3 83340.6 31480.5  10737.7  4347.8  2254.7
  -977 445.609  -0.002 445.607  2036491.3 362000.0 116938.6 41924.7  13241.5  5215.3  2852.0
  -976 367.150  -0.002 367.148  2164773.9 369316.9 90876.4 39290.7  14043.9  5646.3  3193.6
  -975 -1036.875   0.020 -1036.855  1791305.0 293434.9 70828.6 22037.0  10018.6  4279.5  1794.3

         Carbon flux (ktC/yr)        Water (dam3/yr)                Nitrogen (MgN/yr)
       ----------------------- -------------------------- --------------------------------
Spinup NEP     estab   NBP     transp     evap    interc  nuptake ndemand  nlosses ninflux
------ ------- ------- ------- ---------- ------- ------- ------- -------- ------- -------
  -974 347.739  -0.009 347.730  1753636.8 426572.5 64444.3 35788.6  10554.8  7739.8  2549.4
  -973 -393.304   0.005 -393.299  1678623.5 326401.2 49166.8 35256.0   8803.9  5757.1  2052.0
  -972 -199.385   0.001 -199.384  1604700.3 318452.6 66412.3 30129.2  12290.5  7881.3  2513.5
  -971 -271.835   0.003 -271.832  1600642.6 297325.2 49863.1 36870.0  12007.0  5791.1  2741.4
  -970   3.340  -0.000   3.340  1555180.6 323203.9 42402.4 41245.2  11635.3  6135.6  2861.9
  -969 -405.641   0.003 -405.638  1467568.9 326264.2 41492.5 34185.9   9680.4  5982.1  2311.9
  -968 353.082  -0.005 353.077  1607189.2 488185.8 66698.6 41793.9  12252.7  5983.9  3420.2
  -967 -561.426   0.004 -561.423  1427910.8 238494.8 40647.0 27920.9  10010.1  9327.8  2035.8
  -966 -547.302   0.024 -547.278  1307157.3 239520.7 33718.6 29480.2   8611.3  9313.5  1953.9
  -965 271.397  -0.011 271.386  1349137.0 421483.4 39664.9 43705.1   9863.9  8457.8  2697.7
  -964 -393.927   0.004 -393.923  1385166.2 567730.9 59469.7 33416.2  10249.4 14175.5  2843.1
  -963 753.912  -0.007 753.905  1566930.9 439375.2 43019.4 39394.2  11217.0 17889.8  3680.4
  -962 229.535  -0.003 229.532  1537591.2 415087.5 49351.3 38934.2  10275.1  7621.0  2963.2
  -961 -61.586  -0.002 -61.587  1606330.5 295215.2 47938.0 39769.2  12486.6  7677.8  3083.2
  -960 610.534  -0.005 610.529  1734678.9 423414.9 59506.0 40271.6  14511.1 10649.4  3449.8
  -959 919.342  -0.005 919.337  1967563.8 391792.2 55101.0 49267.6  11762.9  6955.3  3430.4
  -958 258.675  -0.001 258.674  1968508.2 354759.1 66111.4 39562.1  13521.0  3565.2  3166.8
  -957 -1268.737   0.023 -1268.715  1426862.5 224728.7 52789.9 15053.2   7838.7  8024.2  1489.1
  -956 672.311  -0.013 672.298  1742717.3 462522.6 102444.1 41392.6  12917.6 15854.6  3609.9
  -955 686.542  -0.005 686.537  1952208.9 391140.6 97589.0 36223.7  13664.7 13115.9  3113.1
  -954 -731.486   0.010 -731.476  1591276.7 322829.3 45948.9 22529.6   9414.5  7024.6  1701.6
  -953 524.537  -0.007 524.530  1710687.9 386098.7 51385.6 34896.6  10381.3  9176.3  2793.8
  -952 491.866  -0.003 491.863  1968290.8 427372.1 126508.8 36977.0  13459.7 12243.9  3537.7
  -951 392.027  -0.002 392.025  1968248.4 337454.2 88849.9 42120.8  13529.9  5805.8  2940.1
  -950 -123.137   0.001 -123.137  1934272.1 332826.3 91432.4 32525.0  13570.2  4901.4  2608.2

         Carbon flux (ktC/yr)        Water (dam3/yr)                Nitrogen (MgN/yr)
       ----------------------- -------------------------- --------------------------------
Spinup NEP     estab   NBP     transp     evap    interc  nuptake ndemand  nlosses ninflux
------ ------- ------- ------- ---------- ------- ------- ------- -------- ------- -------
  -949 -389.393   0.003 -389.389  1820951.7 295950.7 58638.2 30976.8  13560.5  3248.8  2454.9
  -948 -457.162   0.008 -457.154  1752829.5 286578.3 56890.9 34488.9  13003.5  4455.8  2522.7
  -947 548.212  -0.006 548.206  1787935.1 419515.6 62027.3 40315.2  14825.7  5864.4  3208.9
  -946 815.226  -0.004 815.222  2004062.1 376955.6 57907.8 46968.0  12579.0  4038.0  3328.1
  -945 -409.747   0.003 -409.744  1875985.0 377837.7 83618.0 26958.9  12705.6  3162.8  2301.8
  -944  32.986   0.000  32.986  1855905.9 352385.8 93936.6 36537.1  13148.4  3140.7  2826.5
  -943  -3.199  -0.000  -3.199  1808379.0 400636.8 73330.1 35228.9  12068.9  7474.9  2539.5
  -942 685.392  -0.003 685.388  1956166.9 374234.7 59204.2 47386.0  13317.5  3360.1  3249.2
  -941 -264.362   0.002 -264.360  1937610.4 283015.2 75587.4 34528.0  14186.9  2549.2  2453.7
  -940 -644.485   0.011 -644.473  1630346.3 342656.6 66029.5 24924.6  13807.8  3390.4  2382.8
  -939 539.104  -0.006 539.098  1850212.4 448655.7 122496.9 41757.8  14902.9 15431.7  3498.0
  -938 -1001.063   0.013 -1001.050  1548385.8 232822.9 48323.4 21561.4   9602.9  5409.0  1625.1
  -937 -66.036  -0.002 -66.037  1333037.1 324847.0 29708.5 25147.9   9891.6  6115.8  2081.5
  -936 -376.366   0.003 -376.363  1388166.1 555745.6 56262.5 39241.5   9918.5 10589.3  2667.3
  -935 983.059  -0.008 983.051  1817422.9 409080.1 47211.6 45344.3  14247.2 10068.2  4226.4
  -934 954.204  -0.006 954.198  2099476.4 427455.9 127137.1 44905.5  17179.9  6417.6  4791.0
  -933 -768.158   0.016 -768.142  1638452.6 310985.3 49598.1 20101.1   9770.6  4999.7  1652.1
  -932 -513.012  -0.002 -513.014  1580687.8 289661.4 62417.9 21698.9  10146.8  8750.0  2298.1
  -931 684.647  -0.005 684.642  1692106.9 423174.0 52105.6 42003.8  10599.5 11277.8  2865.2
  -930 -230.291   0.001 -230.289  1617051.7 235540.0 42198.3 32834.1  10038.8  5706.5  2319.3
  -929 -715.917   0.017 -715.900  1480406.5 287451.4 49385.7 29257.0  11241.1  5309.0  2437.6
  -928 -192.170  -0.004 -192.173  1399952.6 259897.6 34584.3 35586.0  10514.8  6809.0  2336.5
  -927 156.710  -0.001 156.709  1445336.6 341322.6 57083.9 33552.5  12503.1  8314.8  2849.7
  -926 994.735  -0.007 994.728  1813609.6 415056.5 54012.8 45868.3  13519.0  5270.9  3927.5
  -925 451.804  -0.003 451.801  1806059.0 411151.6 66666.1 35398.7  13136.4  7624.2  3127.9

         Carbon flux (ktC/yr)        Water (dam3/yr)                Nitrogen (MgN/yr)
       ----------------------- -------------------------- --------------------------------
Spinup NEP     estab   NBP     transp     evap    interc  nuptake ndemand  nlosses ninflux
------ ------- ------- ------- ---------- ------- ------- ------- -------- ------- -------
  -924 415.456  -0.002 415.454  1874870.4 348841.9 88057.8 43728.3  12417.2  6170.7  2792.2
  -923 -1245.827   0.023 -1245.804  1618372.5 228558.4 52459.0 17596.2  10709.6 11639.0  1636.4
  -922  20.831  -0.007  20.824  1521099.3 298826.1 40224.8 37031.4  10710.2  6988.5  2730.5
  -921 334.531  -0.003 334.528  1591614.1 377870.8 60036.9 39878.7  10713.6  6572.3  2891.4
  -920 400.501  -0.004 400.498  1701559.6 419163.7 58061.2 35923.9  15130.3 11476.8  3583.0
  -919 485.661  -0.004 485.657  1903443.5 382897.2 98858.1 39022.5  12920.1  6288.5  3150.6
  -918 509.205  -0.004 509.202  2037868.4 445880.8 95335.1 39458.3  14339.2  4512.0  3402.1
  -917 -854.631   0.022 -854.609  1664551.9 307391.4 51112.9 19321.8  10051.3  4961.0  1518.8
  -916 891.224  -0.017 891.206  1890789.0 394457.5 86717.2 40051.2  11601.2  5858.2  2810.1
  -915 -196.109   0.000 -196.108  1853363.1 242700.6 47976.2 32687.0  11266.5  5639.6  2149.5
  -914 -54.656   0.002 -54.654  1783322.1 397055.4 67245.8 33191.7  11717.1  5020.9  2475.0
  -913 131.468  -0.001 131.467  1774488.3 368633.0 61189.6 33348.6  11469.8  6829.5  2627.2
  -912 274.342  -0.002 274.340  1822303.7 345861.9 85359.5 42047.9  12952.7  5836.6  2680.2
  -911 203.027  -0.002 203.025  1936493.8 322233.1 73303.7 38008.8  16438.2  6179.9  2994.7
  -910 -571.775   0.009 -571.766  1758456.9 311027.2 84373.5 24801.6  12667.7  6045.0  1954.8
  -909 702.196  -0.006 702.191  1948816.3 385910.0 64429.0 39569.3  13184.5  2697.0  3170.2
  -908 -330.741   0.004 -330.737  1702911.0 369825.5 64540.0 28019.2   8501.0  4196.0  1881.6
  -907 -282.506   0.003 -282.503  1663383.0 315018.5 72026.3 29877.8  11726.9  5745.0  2230.8
  -906 406.441  -0.003 406.438  1718709.6 384411.7 54664.9 35317.9  11744.1  6061.8  2888.7
  -905 -594.350   0.007 -594.343  1657728.7 545440.3 78990.7 29980.4  10093.4  7687.9  2213.7
  -904 179.101  -0.002 179.099  1698907.9 321526.5 39590.9 37803.4   9923.3  5899.4  2547.9
  -903 408.789  -0.004 408.786  1883445.0 416226.2 112454.2 35363.9  15928.7  9510.1  3947.9
  -902 -847.327   0.022 -847.305  1571230.9 230219.9 43437.3 23469.1   9595.2  4824.2  1768.6
  -901 -637.130   0.005 -637.125  1325925.3 239584.7 33487.9 25023.6   8051.1  7617.8  1839.1
  -900 362.686  -0.007 362.679  1406465.6 349119.3 45345.1 38309.5  11926.5 12044.8  3130.9

         Carbon flux (ktC/yr)        Water (dam3/yr)                Nitrogen (MgN/yr)
       ----------------------- -------------------------- --------------------------------
Spinup NEP     estab   NBP     transp     evap    interc  nuptake ndemand  nlosses ninflux
------ ------- ------- ------- ---------- ------- ------- ------- -------- ------- -------
  -899 261.247  -0.003 261.244  1457698.1 337022.0 51315.2 34582.6  11997.0  7287.9  3083.4
  -898 805.033  -0.007 805.026  1785438.5 483171.1 64563.6 43786.0  13901.5  3968.2  4036.6
  -897 428.726  -0.003 428.723  1980205.0 361606.7 83469.7 36421.6  14663.0  3798.6  3640.2
  -896 -1096.936   0.019 -1096.917  1633998.0 225693.0 49163.7 20876.3   9714.6  5198.2  1642.3
  -895 758.778  -0.010 758.768  1717590.6 381949.3 61283.5 41849.9  12538.2  4850.9  3309.5
  -894  84.654  -0.001  84.652  1715121.4 311849.2 41827.4 41095.0  12151.7  6715.9  2882.4
  -893 -728.633   0.007 -728.625  1625235.2 519127.3 72872.5 29843.6  11182.1  5940.5  2251.8
  -892  13.686   0.000  13.686  1657182.9 283371.8 41321.6 36317.4  12219.6  5433.1  2937.9
  -891  17.233  -0.000  17.233  1591320.9 312736.5 39231.7 32159.5  10987.3  5436.4  2720.4
  -890 126.189  -0.002 126.188  1577728.9 331023.8 58613.6 34596.2  11586.4 11728.3  2600.2
  -889 935.105  -0.007 935.098  1943026.0 423903.0 74092.9 44700.2  14894.9  5820.9  3966.4
  -888 -600.884   0.007 -600.877  1750843.0 528534.9 83434.7 26917.8   9802.6 10834.3  2071.0
  -887 939.077  -0.007 939.070  2020167.2 454607.8 73986.6 39821.3  13102.0  4012.9  3650.8
  -886 -213.905   0.002 -213.903  1888251.7 297342.9 51997.3 35250.0  11885.3  5021.7  2499.1
  -885 -531.607   0.008 -531.599  1640847.8 335781.4 57326.0 20900.7  12744.2  3065.0  2576.7
  -884  -2.980  -0.002  -2.982  1601880.9 329519.1 62496.2 34890.9  11661.7 10764.9  2559.4
  -883 382.830  -0.004 382.826  1757998.1 469838.4 72788.9 41170.0  11635.5  4453.9  3090.3
  -882  57.262  -0.001  57.261  1754179.1 366496.3 57736.1 29545.7  12836.0  7836.2  2952.5
  -881 -228.853   0.001 -228.852  1682469.0 323561.7 49462.1 32744.4  12715.7  3346.5  2641.9
  -880 812.364  -0.006 812.359  2103816.0 426731.1 125524.6 49702.6  19961.2  5344.8  4783.8
  -879 146.518  -0.001 146.516  2013455.5 312990.5 77644.0 34406.1  15005.9  1762.3  2823.4
  -878 -860.879   0.018 -860.861  1861520.0 266539.6 66244.8 28040.6  13193.0  3327.8  2201.6
  -877 -169.455  -0.004 -169.459  1569818.0 359608.1 53539.2 25892.8  11924.7  4284.9  2399.1
  -876 -17.271  -0.000 -17.271  1669511.2 327178.5 41902.4 41863.0   9841.8  5978.3  2380.1
  -875 267.549  -0.003 267.546  1784514.7 313158.2 52355.5 41586.5  14222.8  3767.6  3057.8

         Carbon flux (ktC/yr)        Water (dam3/yr)                Nitrogen (MgN/yr)
       ----------------------- -------------------------- --------------------------------
Spinup NEP     estab   NBP     transp     evap    interc  nuptake ndemand  nlosses ninflux
------ ------- ------- ------- ---------- ------- ------- ------- -------- ------- -------
  -874 -90.762   0.000 -90.762  1731009.6 348984.5 75042.9 32925.6  12001.6  3806.6  2573.7
  -873 642.024  -0.004 642.021  1929544.7 377126.2 52395.8 46365.7  14228.3  6457.0  3601.3
  -872 -973.175   0.021 -973.154  1620087.9 289743.2 57399.7 19545.1  12169.2  2990.0  2027.6
  -871 494.374  -0.011 494.364  1673601.2 400353.3 63363.5 39846.9  10858.1  6416.9  2702.7
  -870 197.981  -0.002 197.979  1785846.7 358460.0 73309.2 36082.4  11985.8  6557.7  2899.6
  -869 326.891  -0.003 326.889  1882666.8 325232.8 67180.8 40739.9  15177.1  3690.6  3109.8
  -868 -781.406   0.009 -781.397  1728080.0 515295.9 87253.1 27349.3  10760.3  8257.5  1969.5
  -867 477.361  -0.004 477.357  1749194.7 377507.8 50793.1 31128.7  10794.1  8819.2  2819.7
  -866 -159.296   0.002 -159.294  1665437.7 328164.1 69754.0 29867.2  11221.6  7571.9  2255.4
  -865 -59.461   0.001 -59.460  1609070.1 323704.3 65445.2 32757.1  11861.7  5539.1  2418.6
  -864 346.159  -0.003 346.156  1688058.4 387112.8 52646.1 36024.3  11667.8  6164.7  2944.5
  -863 687.271  -0.004 687.267  1883874.1 395892.2 50064.0 44739.1  13218.3  4443.5  3585.1
  -862 -616.834   0.006 -616.828  1672870.3 310466.7 73131.6 26614.6  13095.6  2160.7  2305.0
  -861 253.997  -0.003 253.994  1801428.5 405380.5 62080.2 34743.2  15354.0  4311.2  3231.0
  -860 356.465  -0.002 356.462  1984442.7 418624.4 131497.3 35870.1  14478.4  8108.7  3443.5
  -859 224.801  -0.002 224.799  2056029.7 379200.6 76621.9 36564.4  15002.0  3544.5  3482.4
  -858 -565.527   0.006 -565.521  1701954.9 339650.0 66489.9 24540.8  13303.6  2734.8  2382.8
  -857 -220.039   0.001 -220.037  1687767.7 326362.7 48666.8 33561.0  11843.0  3813.8  2531.9
  -856 -338.458   0.002 -338.457  1672311.5 296397.0 52093.4 35498.4  13231.9  4272.5  2705.3
  -855 309.611  -0.004 309.607  1753678.0 468237.3 79779.2 40125.4  12547.9  5326.1  3154.4
  -854 -223.206  -0.000 -223.206  1723867.5 235238.2 47174.2 33487.4  13603.3  4168.8  2504.4
  -853 434.092  -0.002 434.091  1897408.9 378118.4 67747.5 39312.7  15004.9  3376.7  3494.1
  -852  40.209  -0.001  40.209  1884596.5 442337.5 98324.3 35303.6  11127.7  3975.9  2651.1
  -851 149.869  -0.001 149.868  1944040.4 360801.2 114629.5 35415.9  15191.9  4804.0  3039.8
  -850 -368.193   0.004 -368.190  1709423.7 362651.5 66375.1 27300.0  13878.7  4021.6  2549.2

         Carbon flux (ktC/yr)        Water (dam3/yr)                Nitrogen (MgN/yr)
       ----------------------- -------------------------- --------------------------------
Spinup NEP     estab   NBP     transp     evap    interc  nuptake ndemand  nlosses ninflux
------ ------- ------- ------- ---------- ------- ------- ------- -------- ------- -------
  -849 -209.476   0.001 -209.475  1683369.0 393616.8 62557.3 36033.0  11344.4  4108.1  2409.4
  -848 302.620  -0.002 302.618  1758059.4 335123.4 65651.0 40788.9  14697.0  3031.6  2943.2
  -847 -447.931   0.004 -447.927  1641542.1 318111.2 80087.2 26092.4  13129.5  7124.6  2238.6
  -846 -611.110   0.005 -611.105  1563533.8 291112.1 66510.2 21307.3  12359.3  7801.5  2565.8
  -845 429.994  -0.005 429.989  1539796.9 401460.7 47364.0 40416.6   9267.0  8692.5  2480.4
  -844 -328.446   0.003 -328.442  1516582.0 250545.3 45346.3 30464.1  11822.8  7289.6  2463.4
  -843 152.165  -0.001 152.165  1495296.6 336943.9 59654.1 34894.1  12766.2  8339.1  2680.1
  -842 717.737  -0.005 717.732  1821832.1 432649.9 79997.6 42390.6  15594.3  5036.7  4097.8
  -841 609.615  -0.004 609.612  2084753.6 432819.6 144077.3 40419.3  18988.7  6039.6  4722.5
  -840 -455.919   0.006 -455.914  1827613.9 302554.0 59405.4 32005.1  10635.6  3077.9  2042.4
  -839 -874.743   0.014 -874.729  1408688.7 304224.6 42031.8 16312.6  10741.2  3029.1  1771.1
  -838 861.473  -0.009 861.464  1754738.0 419422.6 50266.0 43723.3  12985.6  4162.7  3670.5
  -837 748.297  -0.005 748.292  2056603.5 432857.9 130037.7 42898.3  17220.7  5926.0  4678.1
  -836 -717.657   0.010 -717.647  1799178.0 275470.4 64508.2 29050.4  12905.0  4042.9  2465.0
  -835 -276.765   0.006 -276.759  1608011.4 312339.7 48480.8 28010.9  11068.5  4373.3  2395.8
  -834 -283.234   0.000 -283.233  1413005.6 330850.2 36371.8 27214.7  10122.7  5916.1  2028.1
  -833 237.339  -0.001 237.338  1536288.9 323538.9 38510.9 43804.9  12152.2  5453.8  2986.1
  -832 328.828  -0.004 328.824  1692019.0 456698.5 75011.9 37493.4  14755.0  3398.2  3624.5
  -831 377.085  -0.002 377.083  1890490.8 370362.6 86097.5 37440.8  15134.9  4859.8  3527.3
  -830 -302.519   0.002 -302.517  1742542.9 307716.9 56849.8 30861.3  12703.3  4438.7  2505.1
  -829 696.799  -0.003 696.796  1922235.4 385536.0 53720.4 48641.9  14064.7  5161.4  3487.8
  -828  96.928  -0.000  96.928  2015570.6 381457.3 108469.2 30830.7  17254.2  2263.7  3677.7
  -827 332.830  -0.001 332.829  2031402.8 363601.6 65750.0 43869.3  14266.8  4469.5  3366.6
  -826 -670.714   0.008 -670.706  1714192.3 349654.0 75109.4 23239.1  11927.1  1773.5  2090.5
  -825 -292.709   0.002 -292.706  1629991.2 319028.1 74595.5 28786.7  12527.4  3904.0  2348.4

         Carbon flux (ktC/yr)        Water (dam3/yr)                Nitrogen (MgN/yr)
       ----------------------- -------------------------- --------------------------------
Spinup NEP     estab   NBP     transp     evap    interc  nuptake ndemand  nlosses ninflux
------ ------- ------- ------- ---------- ------- ------- ------- -------- ------- -------
  -824 456.022  -0.003 456.019  1804263.0 373249.2 79614.8 40790.7  14859.5  2537.9  3481.5
  -823 -941.771   0.012 -941.759  1647863.6 284114.5 75166.8 19080.1  13163.0  6979.2  2610.5
  -822 776.049  -0.011 776.038  1793378.1 401524.7 83368.3 44238.2  12368.7  7355.2  3183.2
  -821 -459.346   0.005 -459.341  1695385.2 298280.8 54931.1 32635.7  12912.3  5005.8  2811.6
  -820 -32.322  -0.002 -32.324  1567174.1 384650.5 54923.7 33358.1  10756.6  4555.6  2547.3
  -819 -110.407   0.000 -110.407  1628192.9 253694.7 42178.3 36675.8  12091.2  3578.0  2515.0
  -818 529.126  -0.002 529.124  1868635.4 385984.3 64271.4 39510.9  14673.7  3725.5  3689.1
  -817 325.624  -0.002 325.623  1948767.0 370687.8 109742.5 35557.5  13099.6  3908.1  3039.0
  -816 332.551  -0.002 332.549  2036801.3 444985.4 101199.4 38426.1  14843.1  3632.0  3429.3
  -815 -263.134   0.002 -263.132  1920278.4 339509.6 97743.0 31467.1  12230.7  3284.3  2442.3
  -814 128.506   0.000 128.506  2029267.7 402792.6 150242.0 32735.2  15989.8  8430.2  3397.9
  -813 132.721  -0.001 132.721  1915671.2 338791.5 78513.3 39977.7  15802.4  2296.5  3000.5
  -812  16.179   0.000  16.180  2008045.0 343018.2 104205.1 34538.2  16838.5  1338.9  3215.0
  -811 -1399.232   0.034 -1399.198  1616195.7 227865.5 54508.0 17726.0  10491.1  3962.9  1514.5
  -810 305.830  -0.013 305.817  1463852.4 348146.1 52905.0 35273.4  11125.3  8837.9  2572.5
  -809 165.568  -0.002 165.566  1535750.3 396766.9 47914.4 32983.9   9983.0  4855.4  2571.5
  -808 458.636  -0.004 458.632  1862269.3 392881.4 60141.7 40338.2  14658.6  4467.5  3937.5
  -807 -277.584   0.002 -277.582  1725560.3 239700.2 46007.7 32924.9  11222.3  3678.3  2216.3
  -806 -91.050   0.003 -91.048  1586442.1 349855.6 78440.3 35115.2  11802.3  4652.5  2558.0
  -805 488.125  -0.003 488.121  1820822.3 395226.3 46457.4 44189.0  14972.6  9679.7  4011.0
  -804 -666.991   0.005 -666.986  1575694.9 367553.9 62910.8 26195.3  12461.5  2671.1  2326.1
  -803 808.661  -0.006 808.655  2000120.0 441522.5 115797.1 47483.1  19356.8  5855.2  5011.0
  -802 -10.731  -0.001 -10.731  1908942.4 445578.3 95688.6 32664.8  12087.2  3635.6  2937.0
  -801 112.986  -0.001 112.985  1951406.9 360238.7 111553.4 35654.8  15202.5  3568.1  3121.8
  -800 -55.505   0.001 -55.504  1840907.4 366121.3 70231.7 31316.6  11857.3  4387.0  2553.4

         Carbon flux (ktC/yr)        Water (dam3/yr)                Nitrogen (MgN/yr)
       ----------------------- -------------------------- --------------------------------
Spinup NEP     estab   NBP     transp     evap    interc  nuptake ndemand  nlosses ninflux
------ ------- ------- ------- ---------- ------- ------- ------- -------- ------- -------
  -799 -303.467   0.003 -303.464  1727607.2 308905.9 53256.1 38100.2  12765.0  2832.8  2355.3
  -798 -121.050  -0.001 -121.050  1721534.9 436903.9 86687.8 31199.3  17616.1   429.5  3548.3
  -797 -11.828   0.000 -11.828  1743265.8 369799.4 66260.1 28444.6  12971.7  2367.2  2850.2
  -796 -119.336   0.002 -119.334  1627232.0 370064.3 60014.9 29878.9  13883.0  2521.8  2827.3
  -795 -21.205   0.000 -21.205  1711684.3 315449.7 48137.9 41080.9  13455.0  3046.5  2847.2
  -794 266.167  -0.002 266.165  1894231.7 359673.3 104401.7 33446.8  15160.5  2463.3  3204.2
  -793 142.498  -0.000 142.497  1870909.0 397747.4 74866.6 32089.0  15185.9  4798.6  3087.2
  -792 -479.983   0.007 -479.976  1763958.6 305720.7 60052.7 28571.2  11831.2  2618.7  2294.4
  -791 343.054  -0.004 343.051  1807534.1 414647.5 68347.8 35130.4  15134.3  5351.9  3186.5
  -790 418.660  -0.003 418.658  1996742.5 443398.5 98591.4 38123.4  14256.9  2535.9  3465.8
  -789  89.733   0.000  89.734  1999232.6 317058.7 85900.7 34263.2  14632.6  2370.4  2748.2
  -788 -595.252   0.009 -595.243  1814265.4 321030.1 59645.3 29355.0  10245.8  3213.1  1836.2
  -787 190.454  -0.002 190.452  1826921.1 400114.0 65996.4 31414.0  15253.9  2828.8  3241.3
  -786 -26.366   0.000 -26.366  1813406.6 400389.3 71278.4 31775.7  11681.7  4970.9  2704.1
  -785 -770.171   0.009 -770.162  1670747.9 528996.7 85378.8 27923.8  10553.3  5783.5  2263.4
  -784 489.976  -0.005 489.971  1807287.4 328244.1 58199.4 39565.0  13742.1  3483.7  3332.9
  -783  36.016  -0.001  36.015  1785800.9 370718.5 61204.2 26413.3  11807.2  7301.3  2902.5
  -782 -302.930   0.001 -302.929  1707977.7 240772.4 45548.0 31789.7  10839.7  3580.4  2357.3
  -781 -637.556   0.007 -637.548  1599949.7 524862.0 77652.8 26444.2  10437.6  5323.5  2424.3
  -780 -253.548   0.001 -253.547  1442057.3 316931.1 33431.5 22388.3  10274.6  4797.3  2297.3
  -779 -754.756   0.024 -754.733  1320891.7 233429.2 34187.2 25229.8   8037.0  4976.6  2040.5
  -778 575.638  -0.021 575.617  1495564.1 457708.4 37912.7 40556.9  11370.7  9046.5  3575.7
  -777 720.495  -0.006 720.489  1742465.3 487826.1 60732.5 38218.7  13758.5  4866.6  4329.3
  -776 185.387  -0.002 185.385  1763650.2 371926.0 70264.3 31531.3  11678.3  6776.3  3175.0
  -775 161.844  -0.002 161.842  1802384.8 355544.2 74554.0 34759.6  12552.5  5952.6  3131.5

         Carbon flux (ktC/yr)        Water (dam3/yr)                Nitrogen (MgN/yr)
       ----------------------- -------------------------- --------------------------------
Spinup NEP     estab   NBP     transp     evap    interc  nuptake ndemand  nlosses ninflux
------ ------- ------- ------- ---------- ------- ------- ------- -------- ------- -------
  -774 -77.101  -0.001 -77.102  1812861.4 236917.9 45139.8 33914.6  13303.9  3597.0  2703.2
  -773 -471.974   0.007 -471.967  1621579.0 311829.0 47293.5 29533.4   9179.6  4042.7  2029.6
  -772 435.175  -0.004 435.171  1848983.5 418067.4 106517.0 33527.7  15411.7  8770.2  4066.9
  -771 193.160  -0.002 193.158  1770729.4 385465.3 57616.5 28451.2  11106.8  7088.2  2969.3
  -770 127.422  -0.003 127.418  1845100.0 462920.8 86384.5 36468.4  11315.1  3286.2  3084.9
  -769 229.534  -0.006 229.528  1967814.8 433431.6 90703.3 34937.8  16388.5  2820.4  3890.4
  -768 -374.382   0.002 -374.380  1841312.4 304556.7 55191.2 28815.8  11216.8  2770.9  2217.3
  -767 417.775  -0.009 417.766  1871156.5 373186.0 50175.0 39244.5  14046.5  1895.6  3690.3
  -766 -666.705   0.003 -666.702  1625429.8 331746.7 62134.9 16714.5  14601.7  1623.0  2763.5
  -765 -101.885  -0.004 -101.889  1665742.0 329889.0 41540.1 35060.3  10066.3  3796.2  2538.3
  -764 -59.537  -0.001 -59.539  1575146.4 337623.9 72615.0 33650.1  13525.2  3799.9  3110.6
  -763 206.250  -0.003 206.247  1839938.4 385522.3 58447.3 35756.1  17292.0  9181.6  4430.9
  -762 -355.445   0.007 -355.438  1708623.6 274386.9 53427.7 28626.8  14074.8  1909.1  2956.0
  -761 -322.731  -0.002 -322.732  1570721.5 232731.2 40332.6 29618.8  11277.2  3768.5  2442.3
  -760  44.110   0.002  44.112  1573056.8 362204.4 65409.0 31885.6  11503.5  3751.6  2895.7
  -759  21.595  -0.001  21.594  1647193.9 322276.6 41827.1 35479.1  11522.5  5721.1  2743.8
  -758 703.212  -0.005 703.207  2010711.0 425904.2 118889.3 42069.4  20632.1  5251.5  5303.1
  -757 282.897  -0.002 282.895  1947153.8 314301.7 73380.1 32371.8  15382.3  2219.6  3275.9
  -756 -49.437   0.001 -49.435  1877926.0 350462.3 71183.0 26265.7  12499.5  4727.4  2726.5
  -755 -926.335   0.022 -926.313  1693748.5 281346.8 78074.1 17681.9  13012.8  4024.9  2570.6
  -754 797.541  -0.021 797.520  1787557.2 411140.5 68583.0 46128.6  12939.1  4535.4  3414.3
  -753  88.709  -0.001  88.708  1838264.3 349304.1 80273.1 28874.9  12324.0  4108.5  2916.2
  -752 -189.846   0.002 -189.844  1696191.3 343036.5 61460.1 25073.2  14828.9  4143.9  3032.2
  -751 -479.725   0.007 -479.718  1619857.0 245418.4 49147.0 27221.4  12477.9  5229.8  2446.6
  -750 675.279  -0.006 675.273  1896154.4 397671.0 57575.1 40721.7  14896.6  3136.6  4079.3

         Carbon flux (ktC/yr)        Water (dam3/yr)                Nitrogen (MgN/yr)
       ----------------------- -------------------------- --------------------------------
Spinup NEP     estab   NBP     transp     evap    interc  nuptake ndemand  nlosses ninflux
------ ------- ------- ------- ---------- ------- ------- ------- -------- ------- -------
  -749 295.202  -0.002 295.200  1953705.9 364054.6 105268.3 29408.9  13942.7  2531.1  3309.0
  -748 184.170  -0.001 184.169  2020265.7 360691.6 96806.6 34165.1  15766.4  2142.8  3679.0
  -747 -263.199   0.002 -263.197  1771288.1 354160.5 69817.6 26071.2  11675.5  2531.4  2440.0
  -746 -181.062   0.001 -181.061  1667986.0 362100.7 62642.5 27785.0  11006.1  1893.4  2440.5
  -745 228.827  -0.002 228.825  1899191.0 379001.7 68777.0 36056.2  16407.7  1724.6  4026.8
  -744 281.821  -0.002 281.819  1989450.6 393392.4 99378.0 30750.5  17347.0  1575.6  4138.0
  -743 -661.991   0.010 -661.982  1793255.3 272262.2 65285.4 25254.1  14665.1  1966.3  2717.0
  -742 -130.216  -0.001 -130.217  1634737.1 305080.9 46116.4 32569.6  13223.2  2306.9  2882.8
  -741 -813.320   0.013 -813.307  1494019.3 265874.4 65371.6 16787.5  14317.3  3355.7  2885.4
  -740 678.546  -0.009 678.537  1615006.2 438570.0 49417.5 40787.7  14090.9  6799.1  3706.1
  -739 427.534  -0.003 427.530  1854362.3 380508.0 93599.6 30754.3  13591.3  4781.4  3454.4
  -738 -42.568   0.001 -42.567  1768729.3 307172.7 50465.5 34521.4  13516.6  3804.4  2994.6
  -737 -855.035   0.007 -855.028  1446425.7 217671.9 45337.2 21011.0   9847.0  3882.1  2053.1
  -736 417.639  -0.004 417.635  1703492.7 389661.3 80260.9 35383.8  13943.4  2969.6  3490.8
  -735 -385.048   0.003 -385.045  1475908.6 325238.2 38237.4 20893.8  11566.7  4971.3  2164.2
  -734 578.058  -0.004 578.054  1780064.4 435269.7 105585.3 32270.3  14488.6  9897.0  3963.1
  -733 -282.459   0.004 -282.455  1679146.3 292269.4 52583.2 30443.5  13581.4  4441.7  3089.5
  -732 218.423  -0.004 218.420  1747260.8 465613.3 79811.4 35375.2  13157.8  3848.9  3400.2
  -731 -112.826   0.001 -112.825  1630221.3 347320.2 56984.6 24046.1  15276.3  3585.4  3283.2
  -730 116.579  -0.001 116.578  1705128.2 407622.5 62634.3 35022.3  13659.0  4282.3  3224.3
  -729 -296.608   0.003 -296.605  1615859.9 302668.6 50773.0 26353.3  13371.5  2072.8  2788.6
  -728 529.412  -0.005 529.407  1842555.4 461167.3 80029.8 38421.7  15425.2  2761.2  3944.1
  -727   4.868   0.001   4.869  1800286.1 363106.2 67870.3 24535.4  12571.5  4470.2  2884.6
  -726 235.629  -0.001 235.628  1793768.9 344571.4 87237.0 39551.3  14411.5  3017.6  3135.0
  -725  69.213  -0.001  69.212  1941631.6 432812.4 97603.7 31409.8  18406.5  3185.0  3976.5

         Carbon flux (ktC/yr)        Water (dam3/yr)                Nitrogen (MgN/yr)
       ----------------------- -------------------------- --------------------------------
Spinup NEP     estab   NBP     transp     evap    interc  nuptake ndemand  nlosses ninflux
------ ------- ------- ------- ---------- ------- ------- ------- -------- ------- -------
  -724  -7.306   0.000  -7.306  2019840.4 365286.1 81942.1 30942.5  17506.3  1220.8  3880.5
  -723 -98.929   0.001 -98.928  1818683.4 352716.6 71587.9 27561.5  13466.3  1788.9  2827.8
  -722 -376.997   0.005 -376.991  1652642.0 319218.6 80786.1 26229.8  13750.0  2122.7  2491.2
  -721 -599.854   0.008 -599.846  1582292.5 285766.9 67992.6 19880.6  13899.8  2643.5  2834.4
  -720 -572.147   0.012 -572.135  1417972.8 237974.9 37405.0 30692.2   8871.7  4685.4  2034.1
  -719 655.525  -0.013 655.512  1603641.3 495846.0 60903.4 40654.8  14516.7  3931.0  4152.3
  -718 -168.519   0.000 -168.518  1646005.8 289905.5 52358.7 28999.1  13946.4  3704.0  3326.1
  -717 -281.257   0.002 -281.255  1544691.5 240310.4 46601.6 26894.0  13035.5  4297.8  2857.2
  -716 727.284  -0.006 727.278  1788102.5 476101.5 71610.1 42621.6  14361.5  2890.4  4077.6
  -715 -153.976   0.002 -153.975  1751236.6 316732.6 50955.9 29310.7  10922.8  4378.7  2498.1
  -714 415.241  -0.003 415.237  1920656.3 397934.3 87720.5 32436.3  16388.1  2640.2  4233.7
  -713 186.966  -0.001 186.965  1958542.0 364399.5 112420.3 30608.8  14331.0  5012.5  3363.5
  -712 -66.858   0.001 -66.857  1825865.3 366443.4 70858.9 27583.8  12500.3  4098.2  2883.7
  -711 -285.855   0.002 -285.853  1634012.6 364592.6 62957.3 25873.2  14213.8  2389.2  2963.3
  -710 -265.081   0.002 -265.079  1611952.5 317681.6 73340.3 28809.9  13718.8  4515.5  2768.5
  -709 -1085.665   0.038 -1085.627  1390560.8 227726.7 41689.5 18757.4   9591.0  2937.1  1884.2
  -708 305.063  -0.021 305.042  1354303.2 360656.7 47476.0 32808.3  12280.1  7830.3  3122.3
  -707 964.174  -0.007 964.167  1875332.7 439750.5 104174.0 41978.9  18185.7  4315.7  5596.6
  -706 -431.162   0.004 -431.158  1611066.0 234485.4 50928.5 19991.3  13063.2  3697.9  2730.5
  -705 478.892  -0.004 478.889  1808770.5 374230.7 74356.6 36014.6  13769.9  3030.1  3862.8
  -704 161.732  -0.002 161.730  1834245.6 319008.5 57701.1 34577.5  13962.5  5085.6  3457.4
  -703 123.484  -0.001 123.483  1939445.1 400036.3 135276.0 29658.5  15842.7  5255.1  3936.3
  -702 -80.595  -0.001 -80.596  1821553.9 238160.6 48576.1 33721.1  13740.9  1936.9  2764.5
  -701 433.345  -0.001 433.344  1869927.1 375849.5 54490.8 40213.8  14708.1  1379.3  3733.8
  -700 -241.337   0.001 -241.336  1886206.3 291882.3 67943.2 28105.7  15752.3   935.7  3076.0

         Carbon flux (ktC/yr)        Water (dam3/yr)                Nitrogen (MgN/yr)
       ----------------------- -------------------------- --------------------------------
Spinup NEP     estab   NBP     transp     evap    interc  nuptake ndemand  nlosses ninflux
------ ------- ------- ------- ---------- ------- ------- ------- -------- ------- -------
  -699 -254.157   0.002 -254.155  1793951.9 335801.1 93295.9 29638.3  15320.6  1314.3  3281.0
  -698 -1005.688   0.016 -1005.672  1515792.4 226805.4 47024.2 19588.5  11228.2  2663.0  2009.9
  -697 -83.275  -0.004 -83.279  1437062.3 252906.6 37675.2 27610.2  12428.4  5434.1  2963.9
  -696 399.687  -0.004 399.684  1562530.9 398211.9 45482.8 34556.7  11482.0  6072.0  3431.3
  -695 293.992  -0.003 293.989  1648100.3 423348.5 55606.3 32532.2  12217.6  4518.5  3412.7
  -694 655.126  -0.005 655.121  2016074.6 423059.5 126335.1 41431.8  19017.1  3496.1  5273.1
  -693 -270.144   0.002 -270.143  1799054.1 365508.8 70143.0 24430.2  13215.1  2091.6  2717.3
  -692 290.312  -0.002 290.310  1957090.2 362203.6 103600.8 34053.8  14656.0  2750.8  3374.3
  -691 -285.572   0.003 -285.569  1809293.0 310253.0 54738.7 30930.2  11353.3  2964.7  2376.0
  -690 -215.572   0.001 -215.571  1629743.1 326778.4 83401.9 29409.2  13928.6  2733.8  2904.4
  -689 -718.820   0.007 -718.813  1570516.9 280938.0 66167.6 19624.9  16339.9  7041.3  3086.7
  -688 121.163  -0.006 121.156  1593304.0 255528.8 34790.9 38443.2  11935.3  2715.9  2830.8
  -687 186.022   0.000 186.023  1619316.0 380941.3 53627.9 26560.9  12401.2  4329.2  3133.2
  -686 -297.051   0.005 -297.046  1623605.0 296867.7 52758.5 31568.3  13131.8  2948.9  3020.1
  -685 -205.978   0.000 -205.978  1511499.6 392439.5 55899.4 29157.1  11898.6  3001.9  2813.7
  -684 -477.142   0.006 -477.136  1492302.0 290910.3 61647.7 20674.5  13592.5  5581.2  3156.3
  -683 423.627  -0.008 423.619  1550569.5 336211.5 38397.3 37749.4  11161.8  4759.6  3115.2
  -682 -233.245   0.001 -233.244  1418196.3 322516.8 35744.0 22180.8  10901.9  5564.0  2300.6
  -681 176.450  -0.001 176.448  1539353.6 315248.2 41468.0 31434.4  11992.1  3840.1  3058.8
  -680 361.601  -0.003 361.598  1663746.0 420542.9 58763.4 33012.8  15462.8  7775.4  3723.4
  -679 277.168  -0.002 277.166  1808731.1 323000.8 58871.1 36478.3  13819.7  4760.0  3323.0
  -678 -880.500   0.020 -880.480  1614514.5 268961.2 76463.9 14750.8  14540.0  4291.5  2746.1
  -677  44.823  -0.013  44.810  1485953.4 264531.6 40386.5 30764.6  11385.7  7207.4  2647.9
  -676 757.095  -0.005 757.089  1855250.3 399230.0 56967.7 38269.8  14624.7  4127.5  4128.9
  -675 317.815  -0.002 317.813  1896922.6 364997.4 103714.4 29395.7  14064.0  2868.7  3391.5

         Carbon flux (ktC/yr)        Water (dam3/yr)                Nitrogen (MgN/yr)
       ----------------------- -------------------------- --------------------------------
Spinup NEP     estab   NBP     transp     evap    interc  nuptake ndemand  nlosses ninflux
------ ------- ------- ------- ---------- ------- ------- ------- -------- ------- -------
  -674 -253.137   0.002 -253.134  1735232.5 312855.4 56223.9 26935.0  13894.4  2701.3  2889.0
  -673 296.714  -0.002 296.712  1937596.1 382274.7 69945.6 34994.1  16325.3  2836.6  4046.5
  -672 -78.689   0.001 -78.687  1781027.4 340618.3 85287.0 28840.9  13213.0  1433.5  2888.5
  -671 123.323  -0.000 123.323  1907519.4 403735.1 138140.7 28236.6  17791.8  4388.1  3970.6
  -670 -528.595   0.009 -528.587  1614090.8 246663.5 53707.1 22028.1  14151.5  2319.3  2599.5
  -669 -238.079   0.000 -238.079  1433803.1 314715.3 35397.4 22643.4  11436.3  2146.9  2297.3
  -668  37.484   0.000  37.484  1488394.7 396770.6 47302.2 31815.9  11500.9  2511.7  2989.0
  -667  36.667  -0.002  36.665  1552719.5 314795.8 41693.5 27876.6  13700.0  3304.7  3386.0
  -666 500.586  -0.004 500.582  1718996.7 355817.0 73489.1 38639.9  14793.3  4110.0  3786.6
  -665 -107.259   0.001 -107.258  1625033.0 373406.1 59358.7 23915.3  13419.9  5175.7  2913.3
  -664 106.457  -0.001 106.456  1739977.8 457858.4 83724.7 33099.9  13580.7  1784.1  3502.0
  -663  63.771  -0.001  63.770  1800761.5 311137.9 59511.6 31917.2  16709.5  2237.5  3586.7
  -662  18.779   0.000  18.779  1712398.1 329239.1 85930.2 32541.6  15134.7  1584.1  3223.0
  -661 263.654  -0.002 263.652  1867899.1 380628.8 53445.4 36005.4  17029.2  3034.0  4207.3
  -660 -125.059   0.001 -125.058  1809426.6 386210.6 72722.0 25585.2  18833.4   480.3  3634.8
  -659 200.177  -0.001 200.176  1916047.0 410784.4 136281.0 31459.0  16956.3  1973.9  3944.7
  -658 -580.672   0.008 -580.663  1649907.8 243934.1 55580.5 21132.1  13418.5  2028.7  2466.2
  -657  96.786  -0.001  96.785  1577152.9 392879.6 52056.7 29502.1  10061.0  2832.9  2613.5
  -656 263.304  -0.003 263.301  1740431.5 326851.5 61830.7 36629.8  14897.3  1169.5  3544.0
  -655 -143.166   0.001 -143.165  1714001.2 300935.9 48906.6 30768.7  15052.2  1988.4  3178.4
  -654 -726.994   0.008 -726.986  1599726.5 513182.7 79678.8 24232.2  12636.2  2618.1  2628.5
  -653 -556.110   0.009 -556.101  1431956.0 230038.3 37165.8 21731.2  10264.0  3948.9  2248.7
  -652 -546.589   0.016 -546.573  1285561.9 235833.6 31367.3 25324.1   9653.4  4672.1  2299.3
  -651  62.082  -0.009  62.074  1346401.4 410432.2 37001.6 34032.6  11413.8  4317.5  3276.8
  -650 752.108  -0.007 752.101  1631353.1 436473.8 34319.8 42186.5  13416.3  4547.5  4629.8

         Carbon flux (ktC/yr)        Water (dam3/yr)                Nitrogen (MgN/yr)
       ----------------------- -------------------------- --------------------------------
Spinup NEP     estab   NBP     transp     evap    interc  nuptake ndemand  nlosses ninflux
------ ------- ------- ------- ---------- ------- ------- ------- -------- ------- -------
  -649 -155.587   0.000 -155.587  1511464.9 313201.6 63633.1 21220.1  14969.6  4833.6  3401.0
  -648 519.749  -0.004 519.745  1663348.6 340263.1 52550.9 40451.7  14548.5  2423.6  3876.8
  -647 174.693  -0.002 174.691  1681224.1 375294.6 57050.4 24046.0  13247.3  5802.2  3463.0
  -646 447.170  -0.003 447.167  1765391.3 355715.6 78521.1 39507.7  14124.9  3367.1  3709.7
  -645 -186.091   0.001 -186.090  1645860.2 349451.3 59530.2 21079.1  16032.7  3869.3  3517.2
  -644  64.753  -0.001  64.752  1709262.6 406396.7 62887.1 32412.5  13647.5  2870.1  3416.9
  -643 -404.042   0.004 -404.038  1464439.9 310147.7 40295.2 21468.0  12245.7  1725.6  2285.1
  -642 -188.553   0.001 -188.553  1382902.7 314828.8 33804.1 24629.2  11550.1  2182.3  2344.0
  -641 536.411  -0.004 536.407  1708213.4 434369.9 101244.0 35077.8  15758.6  6233.5  4220.5
  -640 370.523  -0.003 370.520  1765266.9 343399.3 62580.2 33914.1  15936.5  1860.3  3754.9
  -639 374.879  -0.002 374.877  1911229.7 375072.2 55529.0 35561.1  15362.5  1792.5  4022.2
  -638 -925.916   0.016 -925.900  1527879.1 228474.7 48686.3 17335.6  11263.4  2184.0  2112.0
  -637 -529.316   0.000 -529.316  1474487.3 532333.6 65198.6 24278.9  11087.1  3467.5  2700.1
  -636 275.534  -0.002 275.532  1571783.8 314531.2 36279.2 29572.7  13324.0  3934.9  3541.2
  -635 756.547  -0.005 756.542  1779199.5 411322.6 41177.0 41981.4  13112.6  4204.2  4280.3
  -634 -594.755   0.009 -594.746  1556881.5 368721.7 60264.3 18708.9  12761.3  2139.5  2681.3
  -633 -213.399  -0.002 -213.401  1510056.2 246214.2 41643.0 25389.1  12817.5  4968.8  2995.3
  -632 -79.686   0.000 -79.685  1506083.8 249228.2 40363.2 29455.3  12422.8  4917.7  2989.5
  -631 309.054  -0.004 309.050  1657999.2 477958.9 67853.4 37846.1  11975.3  4872.0  3624.8
  -630 380.566  -0.003 380.563  1747139.3 344504.3 75173.5 33606.9  15869.8  4169.2  3997.3
  -629 -138.078   0.001 -138.077  1635318.3 348532.0 56585.2 21824.6  15961.1  4794.3  3551.9
  -628 -33.901  -0.000 -33.901  1668117.4 394891.0 55942.9 32970.2  13238.8  1840.3  3087.0
  -627 -60.637   0.001 -60.636  1678569.5 316061.6 45343.9 33593.3  11905.1  2430.9  2710.7
  -626 -708.009   0.007 -708.002  1509714.4 269430.4 64883.4 17036.7  15809.7  2887.2  3032.6
  -625 188.660  -0.005 188.655  1502694.7 330069.2 56408.1 34088.3  12773.2  6712.2  3022.5

         Carbon flux (ktC/yr)        Water (dam3/yr)                Nitrogen (MgN/yr)
       ----------------------- -------------------------- --------------------------------
Spinup NEP     estab   NBP     transp     evap    interc  nuptake ndemand  nlosses ninflux
------ ------- ------- ------- ---------- ------- ------- ------- -------- ------- -------
  -624 589.466  -0.004 589.462  1683394.5 352912.3 71767.1 38857.5  14206.0  3211.6  3642.8
  -623 137.296  -0.002 137.294  1848837.7 366077.7 99898.3 26532.7  16399.0  5080.4  3757.2
  -622 -26.996   0.000 -26.996  1750641.3 396144.1 68748.1 29908.9  13953.2  2428.7  3190.3
  -621 -631.614   0.009 -631.605  1629970.1 520174.4 82241.4 25789.3  12493.9  2617.6  2568.2
  -620 597.865  -0.007 597.858  1818131.2 363766.3 72697.6 37159.4  15903.7  1966.5  4150.5
  -619 -437.637   0.006 -437.632  1520029.2 308252.7 41849.0 19146.2  12193.4  2886.8  2275.7
  -618 389.285  -0.004 389.281  1668122.0 421511.3 55504.8 30848.2  14517.3  2757.9  3612.5
  -617  77.582  -0.001  77.580  1702094.9 371307.1 72711.5 31462.6  12459.7  3057.9  3214.3
  -616 248.836  -0.002 248.834  1897405.8 351212.3 85829.4 33151.3  17284.3  2718.2  4221.1
  -615 -183.529   0.001 -183.527  1679414.1 344809.8 61705.4 22576.5  15294.5  2062.0  3304.9
  -614  22.119  -0.001  22.118  1733799.4 400949.0 65496.3 32469.3  13887.7  3318.6  3283.8
  -613 -650.015   0.009 -650.007  1612601.3 523058.6 81529.7 24717.6  12591.7  2912.6  2629.0
  -612 -381.851  -0.000 -381.851  1536111.4 521960.6 68302.1 25110.9  12045.4  5061.0  2901.5
  -611 287.906  -0.003 287.903  1623282.8 412206.3 51950.2 34050.8  14074.1  5394.5  3754.7
  -610 358.599  -0.003 358.596  1778891.6 358789.4 76212.1 32395.1  15906.3  1659.2  4162.1
  -609 470.366  -0.004 470.363  2075101.8 402497.6 135791.3 36940.2  20440.3  3423.4  5433.4
  -608 324.244  -0.001 324.243  1978407.0 373223.8 58809.6 34620.1  15372.7  1307.9  3986.7
  -607 -167.919   0.001 -167.918  1896991.3 420251.9 100847.6 28031.8  17782.7   432.6  3755.2
  -606 -610.795   0.010 -610.785  1567191.7 301960.8 47440.0 20310.1  13482.6  1116.7  2229.7
  -605 197.127  -0.005 197.122  1655023.2 366033.9 68255.1 33174.3  12755.8  1612.5  3157.9
  -604 132.661  -0.002 132.660  1805771.2 316073.4 56637.5 32553.6  16112.4  3014.6  3644.2
  -603 -425.994   0.006 -425.988  1632617.5 290568.3 52948.7 23354.6  14094.7  1469.3  2939.8
  -602 -15.843  -0.002 -15.845  1572012.6 391437.5 54985.8 29604.2  11181.7  2849.4  2768.5
  -601 355.019  -0.003 355.015  1817760.3 377537.9 95605.6 33691.6  15107.6  2404.3  3724.3
  -600 442.226  -0.003 442.223  2086402.6 412672.4 142832.5 37066.4  20324.8  2630.7  5204.3

         Carbon flux (ktC/yr)        Water (dam3/yr)                Nitrogen (MgN/yr)
       ----------------------- -------------------------- --------------------------------
Spinup NEP     estab   NBP     transp     evap    interc  nuptake ndemand  nlosses ninflux
------ ------- ------- ------- ---------- ------- ------- ------- -------- ------- -------
  -599 -38.795   0.000 -38.795  1992881.1 349936.9 120251.7 25993.2  16089.0  1399.6  3427.7
  -598  45.709   0.000  45.709  1986563.8 404104.7 148099.2 30667.4  16896.3  3150.2  3828.4
  -597 -317.905   0.002 -317.903  1749460.5 314921.4 59233.5 27483.8  15209.4  1206.3  3016.3
  -596 -245.505   0.001 -245.504  1691819.6 381306.6 64283.4 29414.0  13684.3  1585.7  2855.0
  -595 233.845  -0.002 233.843  1898080.7 380426.5 69724.6 36403.6  16893.2  1953.9  4221.9
  -594 -672.186   0.009 -672.177  1663253.5 518131.1 90489.5 22769.5  12352.2  2256.9  2474.1
  -593 628.081  -0.007 628.074  1859193.6 465334.1 77263.8 35042.8  15187.7  2344.9  4226.5
  -592 -124.173  -0.000 -124.173  1823191.3 236870.3 49066.1 28489.7  13768.2  2069.6  2815.4
  -591 -367.820   0.005 -367.816  1574323.0 345228.9 60548.2 21701.0  13766.7  1872.3  3007.0
  -590 -104.713  -0.002 -104.715  1666614.5 249799.3 42120.9 36002.5  13187.0  2516.2  2992.8
  -589 429.291  -0.001 429.290  1853761.6 413976.5 86189.2 33122.3  16939.8  2292.2  4409.7
  -588 199.259  -0.001 199.259  1939905.5 409832.9 141225.7 28109.7  15615.6  6193.9  3978.7
  -587  27.061  -0.001  27.060  1872402.2 452852.7 98395.0 33212.5  12844.3  2132.6  3316.4
  -586 -668.568   0.007 -668.561  1634848.2 229705.0 56752.3 20676.3  14861.7  2837.2  2665.4
  -585 -193.353  -0.000 -193.353  1558607.9 246119.3 44837.4 27569.1  12492.0  3352.4  2805.3
  -584  53.607  -0.001  53.607  1597938.8 333678.9 40300.2 39021.0  10605.3  3470.4  2732.9
  -583 -635.917   0.005 -635.912  1466658.9 276733.8 62149.1 17274.1  14915.0  3620.4  3157.8
  -582 645.055  -0.008 645.046  1731787.4 398287.0 79776.9 40981.1  13297.2  5671.2  3784.2
  -581 499.303  -0.004 499.299  1926819.5 422131.1 88341.8 31553.6  16096.8  4914.5  4460.6
  -580 -576.444   0.011 -576.433  1551723.7 309606.9 46615.8 20038.7  11574.6  3212.5  2137.5
  -579 507.226  -0.006 507.220  1782007.7 331930.4 52833.3 37453.2  13408.3  2633.9  3398.1
  -578 407.667  -0.002 407.665  1876764.8 380092.2 53955.7 37714.4  14286.8  1810.3  3948.0
  -577 -828.128   0.018 -828.110  1589537.3 284962.1 58517.2 17631.1  13671.9  1608.8  2604.1
  -576 122.896  -0.007 122.890  1605414.8 328991.0 41306.9 36715.1  12986.1  3106.0  3185.6
  -575 -602.115   0.006 -602.109  1514904.0 234709.5 47197.7 20864.5  13199.0  3384.7  2709.3

         Carbon flux (ktC/yr)        Water (dam3/yr)                Nitrogen (MgN/yr)
       ----------------------- -------------------------- --------------------------------
Spinup NEP     estab   NBP     transp     evap    interc  nuptake ndemand  nlosses ninflux
------ ------- ------- ------- ---------- ------- ------- ------- -------- ------- -------
  -574 314.247  -0.003 314.244  1615237.6 340895.8 51674.2 38175.1  13505.2  3240.2  3484.9
  -573 420.598  -0.004 420.593  1871806.8 389709.9 60083.4 35031.4  15221.1  3920.3  4296.6
  -572 -361.472   0.002 -361.470  1726770.1 273060.8 57148.4 27492.3  13268.2  2134.6  2946.6
  -571 -126.859   0.002 -126.857  1629986.4 320292.4 43305.9 32962.9  10595.2  3119.0  2555.3
  -570 379.301  -0.003 379.297  1810976.0 415757.9 111458.7 31861.3  16537.3  7506.8  4251.3
  -569 220.255  -0.002 220.253  1773142.5 376616.5 76306.7 32858.3  12644.9  3635.7  3309.1
  -568  10.579  -0.000  10.579  1758979.2 301437.5 49252.2 34591.3  15108.6  2820.2  3305.1
  -567 269.760  -0.002 269.758  1931408.1 388991.2 93452.2 33087.9  18019.7  1447.0  4355.4
  -566   0.836  -0.000   0.835  1910963.8 443164.9 98929.5 30832.3  13103.4  2423.6  3226.8
  -565 -317.747   0.003 -317.743  1751964.8 291459.3 58713.5 26018.4  15491.8  1388.5  3009.3
  -564 -441.337   0.004 -441.332  1621617.7 242112.5 51601.1 24547.7  13175.0  3235.0  2569.4
  -563 117.121  -0.001 117.120  1625220.2 320525.2 41553.5 37845.7  12841.9  2956.0  3122.8
  -562 609.244  -0.005 609.239  2019372.4 411603.2 126494.6 41749.9  20823.7  2615.1  5506.0
  -561 -395.962   0.004 -395.958  1720794.9 299069.4 83717.7 19281.6  14001.5  3028.6  2620.7
  -560 -151.633   0.001 -151.631  1550530.5 360626.4 55129.3 20970.7  12031.8  2329.0  2885.5
  -559  40.134  -0.001  40.133  1561983.3 376999.2 51607.5 30165.7  13179.9  4879.2  3434.7
  -558 224.278  -0.003 224.276  1714005.3 411257.8 61905.0 33231.9  15578.7  5886.0  3807.8
  -557 428.215  -0.003 428.211  1956272.7 411200.5 92175.2 34278.5  16174.7  2970.5  4359.0
  -556 -556.629   0.007 -556.622  1784188.6 272895.5 63671.5 25733.7  14307.5  2396.1  2889.4
  -555 650.233  -0.005 650.228  1878166.7 389555.4 51245.4 40893.1  13830.0  1922.9  3888.0
  -554 -534.471   0.007 -534.464  1644140.7 333458.6 65515.1 17802.3  15223.9  1333.5  3029.0
  -553 -450.056   0.003 -450.053  1478897.6 319269.1 39960.9 22998.6  10897.8  2942.2  2267.4
  -552 368.302  -0.003 368.299  1646054.0 422769.8 55814.8 33355.4  14537.4  3761.8  3676.5
  -551 280.280  -0.003 280.277  1756465.4 334051.3 64274.2 35697.1  14450.8  2115.8  3474.9
  -550 -909.307   0.020 -909.287  1637704.3 274442.2 76240.7 15581.3  14407.2  4914.4  2942.7

         Carbon flux (ktC/yr)        Water (dam3/yr)                Nitrogen (MgN/yr)
       ----------------------- -------------------------- --------------------------------
Spinup NEP     estab   NBP     transp     evap    interc  nuptake ndemand  nlosses ninflux
------ ------- ------- ------- ---------- ------- ------- ------- -------- ------- -------
  -549 236.422  -0.016 236.407  1540963.8 415796.6 48305.2 35624.2   9993.3  4383.2  2700.1
  -548 464.818  -0.004 464.815  1803041.0 366931.3 77479.8 35348.2  14958.0  3326.6  3980.9
  -547 313.051  -0.002 313.049  1977119.1 375767.0 72722.8 33482.3  15298.0  4652.0  4037.7
  -546 511.459  -0.003 511.456  2173558.2 405467.6 154793.5 39402.7  19526.2  1923.0  4866.2
  -545  54.089   0.000  54.090  2108707.6 329595.3 110129.9 29724.3  16875.8  1172.8  3501.3
  -544 146.083  -0.000 146.083  2139659.6 379395.7 113869.4 33396.6  17785.7  2330.3  3928.6
  -543  26.599   0.000  26.599  2110839.2 340387.6 111013.5 32847.6  17640.1   863.3  3591.1
  -542 -405.867   0.005 -405.862  1788935.2 356223.3 74871.2 24884.5  12393.5  1624.9  2391.4
  -541 -339.322   0.002 -339.319  1635026.6 344766.0 62215.9 23294.8  14565.1  1098.8  2935.2
  -540 260.898  -0.002 260.896  1873885.6 422080.3 125567.2 34292.3  16265.9  5430.0  4077.3
  -539 -655.873   0.008 -655.865  1656228.2 533902.9 86078.8 24293.1  11992.2  2930.9  2581.8
  -538 -38.193  -0.002 -38.195  1603569.4 311895.4 65050.1 25725.7  13012.3  4642.8  2982.5
  -537 273.490  -0.003 273.487  1687769.6 411311.6 58201.4 35261.0  12880.9  2839.6  3390.8
  -536 -461.800   0.005 -461.796  1480670.2 309624.9 39992.8 21017.0  11524.1  2202.0  2224.0
  -535 638.484  -0.006 638.478  1768673.9 472033.0 71598.0 39790.3  14537.1  2277.4  4107.9
  -534 310.751  -0.003 310.748  1944073.0 447823.5 90256.4 31463.0  15741.9  2854.5  4060.3
  -533 -293.390   0.002 -293.388  1795809.3 368444.8 72094.4 26305.2  13389.9  2079.1  2745.1
  -532 245.302  -0.002 245.300  1926803.7 347545.1 91055.0 36146.4  15849.6  1519.5  3734.8
  -531 204.672  -0.001 204.671  2002052.3 342727.3 100137.6 33534.8  16596.8  1714.2  3778.2
  -530  59.447  -0.001  59.446  2069840.1 360491.7 84414.8 33024.4  16438.4  2143.0  3873.2
  -529 -501.941   0.005 -501.936  1695465.6 337194.3 69825.6 21478.4  14277.7  1309.8  2721.6
  -528 -228.661   0.003 -228.658  1693713.4 318605.8 52939.2 30755.8  12778.2  2335.8  2866.6
  -527 445.405  -0.005 445.400  1868118.6 461798.9 87487.7 39159.6  15680.9  2312.4  4000.6
  -526 -99.688   0.001 -99.687  1835668.4 351776.8 90586.9 28089.2  13072.0  2043.2  2921.3
  -525 -964.538   0.022 -964.516  1680024.8 273462.0 80072.7 15895.8  14573.3  3184.7  2809.6

         Carbon flux (ktC/yr)        Water (dam3/yr)                Nitrogen (MgN/yr)
       ----------------------- -------------------------- --------------------------------
Spinup NEP     estab   NBP     transp     evap    interc  nuptake ndemand  nlosses ninflux
------ ------- ------- ------- ---------- ------- ------- ------- -------- ------- -------
  -524 612.929  -0.020 612.909  1773847.6 456152.5 109286.6 36469.7  13839.9 10745.7  3800.1
  -523 126.135  -0.002 126.134  1809269.2 461771.2 86822.2 32739.6  12167.5  3878.2  3372.8
  -522 -587.832   0.008 -587.825  1620766.7 231987.4 52868.3 22656.6  14085.9  3984.1  2626.9
  -521 325.374  -0.004 325.370  1691616.2 414486.4 56583.7 35120.3  12329.6  3539.2  3256.8
  -520 -327.630   0.002 -327.629  1610576.2 238196.8 42192.1 28612.4  11613.4  2874.7  2599.6
  -519 417.476  -0.003 417.473  1818092.5 377891.8 90510.6 33448.3  13909.0  3065.8  3459.3
  -518 179.810  -0.002 179.809  1820372.3 403804.8 68057.7 29885.2  15334.1  5451.0  3490.0
  -517 -588.917   0.009 -588.908  1560303.9 310137.6 44579.4 22805.1  10771.0  2516.4  1983.8
  -516 357.194  -0.006 357.188  1672281.9 333904.5 57324.3 38431.6  13621.1  2213.5  3140.5
  -515  41.791  -0.001  41.790  1750404.9 351979.3 75076.5 31036.3  13279.4  3432.3  3102.9
  -514 -176.823   0.002 -176.821  1740530.3 307864.9 49142.6 32803.2  12319.9  4768.7  2606.0
  -513 327.928  -0.003 327.925  1899866.8 395357.2 86917.4 33435.9  17993.2  2603.2  4378.3
  -512 -648.186   0.008 -648.177  1707273.0 518787.3 86788.6 23288.6  11753.7  5499.9  2440.2
  -511 488.072  -0.005 488.067  1801507.4 407195.1 58083.2 29587.9  14596.2  4410.7  3664.9
  -510 268.222  -0.002 268.220  1864529.8 322157.7 66663.9 36099.0  13612.6  1766.3  3224.0
  -509 -12.692   0.000 -12.692  1838107.9 358683.7 64544.9 26065.8  12898.9  4847.5  2981.4
  -508 -365.204   0.003 -365.201  1681847.0 395459.4 63520.2 28250.5  11588.9  2593.1  2538.6
  -507 208.135  -0.003 208.133  1807894.5 461341.9 82344.6 36072.8  12875.8  3143.9  3447.8
  -506 153.529  -0.001 153.528  1915343.8 359539.2 104546.7 28519.1  16094.0  3658.9  3643.4
  -505 271.656  -0.002 271.654  1922593.5 335928.9 89200.8 37632.6  15173.7  2261.6  3448.2
  -504 -283.291   0.002 -283.288  1745456.2 357810.1 67662.4 23732.1  13261.1  2879.3  2609.6
  -503 -231.038   0.002 -231.036  1731425.4 306253.1 49042.0 32958.4  11676.3  1600.4  2498.7
  -502  74.814  -0.001  74.812  1788809.1 308705.9 55545.8 34481.7  16228.6  1460.9  3517.2
  -501 -33.791   0.000 -33.790  1694551.4 331403.4 84632.7 32124.7  14438.0  2095.1  3166.0
  -500 -58.289  -0.000 -58.289  1727086.8 396820.8 66223.6 30146.5  15588.8  5547.5  3359.0

         Carbon flux (ktC/yr)        Water (dam3/yr)                Nitrogen (MgN/yr)
       ----------------------- -------------------------- --------------------------------
Spinup NEP     estab   NBP     transp     evap    interc  nuptake ndemand  nlosses ninflux
------ ------- ------- ------- ---------- ------- ------- ------- -------- ------- -------
  -499  63.312  -0.001  63.311  1773182.6 455557.7 87680.2 34053.3  13215.5  1505.9  3312.5
  -498 -134.056   0.001 -134.055  1723516.2 295630.9 50419.7 33102.4  15882.6  2116.2  3207.0
  -497 349.795  -0.002 349.793  1810487.6 373351.9 53061.3 39386.9  15309.0  1289.5  3917.6
  -496 -878.047   0.016 -878.031  1558664.8 285128.1 56939.8 16749.5  13081.0  1615.3  2465.9
  -495 -76.768  -0.005 -76.773  1566269.2 258753.6 37963.5 33262.0  11653.3  3223.4  2723.9
  -494 931.927  -0.005 931.922  2015563.5 435895.9 120907.8 44919.0  18913.0  2850.4  5321.2
  -493 366.982  -0.002 366.981  1959969.5 332771.2 92107.0 33009.4  14110.9  3205.9  3266.9
  -492 -348.486   0.002 -348.484  1815229.6 366454.4 73672.1 26609.6  14270.0  4127.2  2776.9
  -491 257.583  -0.002 257.581  1924973.4 347327.8 90668.4 37512.1  16016.5  1602.9  3720.5
  -490 -110.937   0.001 -110.936  1834858.8 388374.7 76796.2 28364.5  13645.4  3103.4  2922.0
  -489 -636.984   0.010 -636.973  1525838.3 308215.4 44758.1 21475.1  11168.8  1924.2  1937.9
  -488 -252.558   0.004 -252.554  1570811.0 293820.6 46966.5 31451.8  12464.8  2613.7  2906.6
  -487  -1.666  -0.004  -1.670  1535186.6 321065.5 39623.7 35822.3  12689.6  3621.2  3122.2
  -486 -508.369   0.010 -508.359  1441929.3 299299.4 42747.3 21565.9  12469.3  3344.9  2836.5
  -485 405.059  -0.008 405.051  1558782.2 403801.3 46973.4 33845.0  11766.4  7975.6  3264.4
  -484 113.215  -0.001 113.214  1561907.7 398058.5 52243.7 30352.4  10243.7  4888.4  2708.2
  -483 509.879  -0.004 509.875  1873770.4 389839.4 63418.8 37712.6  15110.5  3591.2  4125.8
  -482 -212.731   0.003 -212.728  1743348.8 303628.1 51400.3 30811.4  10279.3  2525.3  2278.9
  -481 -713.851   0.007 -713.844  1588674.7 517415.2 76146.7 23852.5  11833.3  3884.5  2557.9
  -480 681.125  -0.006 681.119  1809328.0 383965.7 77583.2 34128.9  13694.4  6762.0  3743.6
  -479 442.375  -0.003 442.372  1978459.6 389555.8 66171.2 34107.8  14379.7  5466.2  4102.6
  -478 556.541  -0.002 556.538  1987863.2 373614.7 55990.9 40616.6  13375.9  1964.7  3717.6
  -477 -1045.298   0.017 -1045.281  1681122.3 221618.3 59024.9 13835.4  13240.7  2237.1  2247.6
  -476 656.478  -0.010 656.468  1820191.6 339364.2 46925.4 40921.1  12116.4  3866.7  3275.0
  -475 -369.816   0.003 -369.813  1655145.2 301725.9 45326.0 29876.5  12487.4  2773.9  2856.2

         Carbon flux (ktC/yr)        Water (dam3/yr)                Nitrogen (MgN/yr)
       ----------------------- -------------------------- --------------------------------
Spinup NEP     estab   NBP     transp     evap    interc  nuptake ndemand  nlosses ninflux
------ ------- ------- ------- ---------- ------- ------- ------- -------- ------- -------
  -474 -649.898   0.005 -649.892  1573421.4 515482.0 70001.5 24484.1  11794.2  4193.8  2725.1
  -473 596.904  -0.005 596.899  1812951.0 423517.7 95266.5 32753.0  14948.3 13674.5  4368.1
  -472 -401.247   0.003 -401.243  1634188.7 533343.2 71488.9 25485.9  10888.2  5392.3  2739.4
  -471 501.915  -0.004 501.911  1874723.9 414750.6 103723.0 31198.2  14692.6  8557.3  4312.1
  -470 431.811  -0.003 431.808  1944168.6 464571.9 77779.9 35260.2  14828.5  2750.0  4254.6
  -469 -946.256   0.022 -946.234  1747436.7 273069.0 74442.2 13099.1  13814.0  2942.3  2884.2
  -468 544.488  -0.020 544.468  1698952.0 398784.2 44443.8 32924.4  10190.8  7688.9  2968.3
  -467 -508.380   0.006 -508.374  1688848.0 521010.2 74754.3 24794.3  10649.2  5850.0  2652.2
  -466 166.823  -0.003 166.820  1611834.9 353924.7 45767.6 25051.4  12640.4  3651.0  3381.1
  -465 423.967  -0.004 423.963  1886736.7 376530.7 84552.2 35007.6  13575.8  6226.9  3760.2
  -464 157.775  -0.001 157.773  1860970.0 394414.1 63491.6 27946.7  15596.6  4925.3  3651.2
  -463  69.110  -0.001  69.108  1910277.0 443585.5 85619.6 33631.4  12044.4  2450.8  3201.0
  -462 -409.434   0.005 -409.429  1725987.6 294376.9 75456.8 22482.5  14835.2  3687.0  2737.1
  -461 238.912  -0.003 238.909  1755307.1 399444.8 57532.7 32374.8  12958.0  1963.0  3251.8
  -460 -122.436   0.001 -122.435  1638868.9 370418.6 55184.2 26768.4  11097.0  2117.1  2663.5
  -459 305.839  -0.003 305.835  1921487.6 378329.3 62024.9 35655.4  16066.6  2145.4  4240.5
  -458 -866.925   0.021 -866.904  1702978.4 267797.4 73023.7 13582.0  14114.8  2049.6  2820.0
  -457 263.571  -0.017 263.554  1615668.4 333573.3 39067.2 33746.4  10270.3  4169.4  2751.9
  -456 492.115  -0.004 492.111  1900855.9 377530.7 89348.3 33675.3  13609.7  5456.9  3537.5
  -455 273.754  -0.002 273.751  1929552.9 325921.5 67479.9 34899.7  14874.6  2584.2  3363.9
  -454 -17.492   0.000 -17.492  1977498.5 289206.5 64783.8 31770.9  15043.6  3041.9  3038.2
  -453 208.333  -0.001 208.331  2073317.3 376079.8 98804.5 32052.6  17411.8  2065.0  3994.4
  -452 -752.101   0.022 -752.079  1667750.0 299365.7 47751.6 18460.5  11854.9  2451.7  1878.2
  -451 817.736  -0.018 817.718  1916284.5 432355.8 77104.0 37041.6  14917.0  2669.4  3881.3
  -450 -661.783   0.018 -661.764  1627147.5 303836.9 43495.8 17407.2  11388.7  3373.3  1983.0

         Carbon flux (ktC/yr)        Water (dam3/yr)                Nitrogen (MgN/yr)
       ----------------------- -------------------------- --------------------------------
Spinup NEP     estab   NBP     transp     evap    interc  nuptake ndemand  nlosses ninflux
------ ------- ------- ------- ---------- ------- ------- ------- -------- ------- -------
  -449 -176.117  -0.008 -176.125  1572591.6 248100.4 40697.6 23470.0  11057.6  4393.7  2483.5
  -448  -5.766   0.002  -5.764  1617471.9 312172.4 39082.1 31023.4  11551.6  3414.6  3010.9
  -447 408.399  -0.005 408.395  1808308.1 331053.9 47738.3 37197.4  13857.0  5368.0  3545.9
  -446 -197.948   0.001 -197.947  1653019.3 339856.8 53899.8 22058.1  14036.9  2634.9  3138.4
  -445 400.723  -0.003 400.720  1923956.0 373807.7 89710.8 36482.3  14526.7  5192.4  3568.1
  -444 378.887  -0.003 378.885  2090662.5 400625.5 92552.7 31199.1  16624.4  3800.6  4180.1
  -443 -727.773   0.022 -727.751  1671274.1 298073.7 46354.3 18177.9  11614.4  2686.0  1917.4
  -442 462.816  -0.015 462.800  1728748.5 429924.6 54527.7 31597.2  13457.2  2411.2  3175.1
  -441 -246.487   0.004 -246.483  1740849.4 300836.0 48128.2 25300.2  12341.4  2642.9  2833.7
  -440 -135.720  -0.001 -135.721  1721881.8 246157.5 39358.6 32459.7  12385.2  2911.8  2653.3
  -439 -85.026   0.003 -85.023  1728108.6 342501.1 76473.4 28387.9  14286.4  2396.7  3319.3
  -438 216.073  -0.002 216.071  1839976.5 317817.7 51947.7 36270.6  15102.3  5086.8  3566.8
  -437 -844.374   0.025 -844.348  1652249.0 264631.8 68724.6 14316.8  14642.0  3817.5  2968.3
  -436 949.582  -0.027 949.555  1729385.4 382813.1 61999.4 47192.1  12177.4  5936.6  3335.9
  -435 -112.809   0.001 -112.809  1776488.3 296195.5 48737.6 23023.7  14599.2  5114.4  3157.5
  -434 633.005  -0.004 633.001  1936643.3 384956.6 47495.8 44325.6  14494.2  2847.5  4011.0
  -433 -249.651   0.002 -249.649  1867340.0 372261.8 71311.5 23087.9  14810.6  1031.8  2946.4
  -432 328.001  -0.003 327.998  1960088.6 434929.1 84321.6 36168.5  15690.9  1156.8  3749.0
  -431 112.840  -0.001 112.840  1998227.1 307166.0 74803.2 32220.1  16286.0   987.4  3190.4
  -430 -115.702   0.001 -115.701  2010958.0 283668.4 67238.2 31742.6  15465.8  1674.3  2918.5
  -429 268.780  -0.001 268.778  1970175.7 357812.8 56482.1 37600.9  15509.7  1084.0  3657.9
  -428 -1081.386   0.018 -1081.369  1690506.1 218836.8 56857.3 12324.2  13544.0  1723.5  2114.9
  -427 -936.294   0.020 -936.274  1370133.9 228734.8 34549.0 18788.4   7993.6  4058.8  1821.4
  -426 343.309  -0.021 343.289  1361764.9 427131.8 29900.8 33055.6   9407.3  5436.4  2977.1
  -425 422.777  -0.004 422.773  1600375.2 383927.9 50001.1 34775.3  11526.6  4718.0  3594.3

         Carbon flux (ktC/yr)        Water (dam3/yr)                Nitrogen (MgN/yr)
       ----------------------- -------------------------- --------------------------------
Spinup NEP     estab   NBP     transp     evap    interc  nuptake ndemand  nlosses ninflux
------ ------- ------- ------- ---------- ------- ------- ------- -------- ------- -------
  -424 482.095  -0.005 482.090  1819768.5 462627.8 64445.0 33845.3  15669.9  5239.1  4539.4
  -423 297.418  -0.002 297.416  1974047.1 402754.2 117651.6 27446.9  15273.1  6482.2  4075.4
  -422 182.098  -0.002 182.097  1931280.1 308707.2 56364.2 35505.3  13906.0  2983.2  3238.0
  -421 -363.068   0.003 -363.065  1693829.6 330637.6 57458.9 21753.1  14400.6  1558.2  2921.7
  -420 696.149  -0.005 696.143  2149311.6 408296.9 120231.1 44945.9  19644.4  3871.6  5219.9
  -419 -519.293   0.007 -519.286  1811805.2 291582.7 80754.6 18112.2  13892.5  2412.4  2367.9
  -418 162.170  -0.003 162.167  1769775.2 357527.4 68336.0 28955.1  11231.4  2413.5  2763.3
  -417 322.837  -0.003 322.834  1994795.8 342108.3 79852.3 35926.0  15946.0  2564.7  3916.0
  -416 -590.953   0.006 -590.947  1838298.4 262273.5 57680.3 25626.8  14372.2  2547.9  2817.3
  -415 168.712  -0.002 168.710  1721271.3 336734.7 74804.7 33792.3  13245.4  3355.1  3038.6
  -414 -411.778   0.005 -411.773  1515284.2 304521.9 36594.1 23115.2  13658.5  6882.2  2375.4
  -413 -48.402  -0.000 -48.403  1547488.0 388641.3 46049.1 31193.3  12208.3  2086.4  2840.5
  -412 376.925  -0.004 376.921  1720559.7 410943.9 52969.0 32439.2  16309.8  3804.6  3812.4
  -411 203.212  -0.002 203.210  1857004.0 449747.1 79412.5 32637.4  12061.9  2637.9  3248.6
  -410 401.660  -0.002 401.658  1960222.0 367801.7 51410.4 37755.1  15388.7  2842.1  3938.0
  -409 -187.198   0.002 -187.196  1948369.5 282286.5 63815.4 28978.7  15965.3  1117.4  3007.7
  -408 -216.694   0.002 -216.691  1731920.2 320857.7 85591.9 31100.2  13800.4  1813.2  2753.0
  -407 -458.349   0.006 -458.343  1529712.1 303353.2 38063.7 22609.9  13952.1  4625.3  2323.0
  -406 586.454  -0.006 586.448  1837815.4 417815.1 74081.9 38433.8  16908.0  2355.4  4338.7
  -405 -542.163   0.008 -542.155  1672469.9 232608.9 49963.7 18723.6  13179.3  3288.1  2464.3
  -404 -177.264  -0.000 -177.264  1601982.0 241196.2 41775.2 24548.1  11265.8  4019.1  2589.8
  -403 715.109  -0.006 715.103  1833879.0 469305.3 66170.1 44246.3  13997.4  2757.8  4053.5
  -402 -290.674   0.003 -290.671  1730628.6 300629.9 74501.4 20480.3  13052.3  4953.0  2608.1
  -401 -379.055   0.005 -379.051  1510454.2 304078.5 36714.7 21579.0  10119.3  2422.3  2063.1
  -400 -441.212   0.004 -441.208  1521297.7 285843.9 55764.2 20939.7  11972.9  5639.6  2951.6

         Carbon flux (ktC/yr)        Water (dam3/yr)                Nitrogen (MgN/yr)
       ----------------------- -------------------------- --------------------------------
Spinup NEP     estab   NBP     transp     evap    interc  nuptake ndemand  nlosses ninflux
------ ------- ------- ------- ---------- ------- ------- ------- -------- ------- -------
  -399 222.531  -0.005 222.526  1527509.4 329800.6 53333.9 31541.0  11882.6  9780.0  3022.1
  -398 124.666  -0.001 124.665  1520081.8 390057.4 46103.9 30159.4  10421.4  3774.6  2888.7
  -397 228.425  -0.003 228.422  1666025.8 410162.8 55092.5 31359.5  13399.0  4327.8  3501.7
  -396 342.149  -0.002 342.146  1875856.9 411591.2 118352.8 29852.6  15596.7  5505.8  4126.5
  -395 290.622  -0.003 290.620  1886811.3 329767.9 66286.7 35477.9  15672.3  1647.1  3535.2
  -394 -248.371   0.002 -248.369  1739412.5 354883.8 64380.9 24245.2  12301.6  1842.0  2559.2
  -393 -96.150   0.001 -96.149  1731826.5 296474.2 46615.1 33809.6  14318.6  1484.6  3016.3
  -392 132.625  -0.002 132.624  1897571.3 365008.2 66714.1 33046.1  17163.1  1217.8  4095.3
  -391 171.658  -0.002 171.657  1979458.2 363471.2 72854.9 31605.1  16238.5  1157.1  3912.8
  -390 -694.249   0.017 -694.231  1590326.2 298683.3 46056.5 18665.9  11426.1  1299.5  1892.8
  -389 523.994  -0.009 523.985  1743353.1 378365.0 71082.3 36150.8  13843.1  1488.5  3525.1
  -388 169.587  -0.002 169.585  1873948.9 308989.1 57813.1 33142.9  14494.1  3783.1  3305.7
  -387 231.614  -0.002 231.612  2017403.2 383959.5 95013.6 31494.2  17238.8  2161.2  4191.6
  -386 -278.011   0.002 -278.008  1764693.0 341430.7 63728.9 22360.1  14757.2  2656.9  2989.8
  -385 -131.302   0.001 -131.301  1701818.4 360165.7 56889.3 25891.2  14030.7  2859.5  3132.0
  -384 258.997  -0.003 258.995  1960097.7 383972.4 66302.1 38043.2  16198.9  3363.0  4182.7
  -383 -1167.863   0.037 -1167.826  1577987.6 218812.7 48349.6 16142.8  10524.6  2088.8  1758.1
  -382 246.506  -0.016 246.491  1449237.2 346022.3 50097.9 28249.8  11949.4  6346.7  2910.0
  -381 -70.996   0.000 -70.996  1513157.1 248979.0 39330.1 27250.0  12296.9  5314.7  2929.1
  -380 -118.837   0.001 -118.836  1426971.3 316142.1 30977.8 26537.4  11071.4  3285.7  2367.2
  -379 612.929  -0.005 612.924  1757270.8 386987.7 75258.3 37003.8  13934.9  5093.7  3762.7
  -378 430.603  -0.003 430.599  1955063.7 367145.1 78958.7 33314.0  15727.1  3359.0  4065.5
  -377 422.533  -0.003 422.530  2206384.4 395923.3 143376.5 36782.8  19705.9  3685.8  5003.3
  -376 -192.714   0.002 -192.712  1948263.2 323653.2 90397.7 27311.2  13837.8  1485.4  2842.6
  -375 -293.543   0.003 -293.540  1815215.2 358521.3 65918.5 26854.7  14007.3  1796.2  2678.3

         Carbon flux (ktC/yr)        Water (dam3/yr)                Nitrogen (MgN/yr)
       ----------------------- -------------------------- --------------------------------
Spinup NEP     estab   NBP     transp     evap    interc  nuptake ndemand  nlosses ninflux
------ ------- ------- ------- ---------- ------- ------- ------- -------- ------- -------
  -374 539.584  -0.003 539.581  1939586.7 378110.9 51439.6 42516.0  15139.9  1815.7  3913.9
  -373 -90.275   0.001 -90.274  2006224.0 339081.1 115188.4 24520.2  17024.3   771.2  3384.0
  -372 -953.833   0.025 -953.808  1728558.6 275358.4 78989.7 16699.5  14916.1  1893.4  2727.1
  -371 399.751  -0.022 399.730  1680727.5 398517.2 62798.7 38377.3  11108.4  4436.8  2904.6
  -370 -86.252   0.000 -86.252  1742709.1 370958.5 58364.3 26175.5  13014.9  3331.6  2898.6
  -369 -182.785  -0.001 -182.786  1714322.7 232787.7 42179.3 31512.7  12524.3  2352.6  2713.4
  -368 -462.064   0.008 -462.056  1538032.1 303072.1 42524.4 27265.8  12187.9  2764.0  2663.7
  -367 521.032  -0.005 521.027  1813361.3 415510.0 70283.8 35414.3  16750.8  2531.9  4514.4
  -366 -272.523   0.001 -272.522  1732196.4 278059.6 52413.4 27544.8  14035.8  3853.0  3108.3
  -365 299.337  -0.002 299.335  1712259.3 340619.6 74023.8 35316.9  13531.4  3645.7  3322.2
  -364 -663.132   0.009 -663.123  1617609.6 277406.6 66386.4 17157.2  15661.0  8576.5  3121.3
  -363 1067.246  -0.013 1067.232  1982820.1 448077.3 104928.3 49259.4  18084.6  5036.9  5289.4
  -362 125.354  -0.001 125.353  1949535.2 298653.4 62793.8 28271.0  14579.4  2169.4  3135.2
  -361 -136.666   0.001 -136.665  1830533.9 379537.0 72599.4 28966.5  13620.4  1922.3  2887.3
  -360 -304.817   0.005 -304.812  1686507.0 305603.5 74830.7 25911.4  13165.2  2729.1  2513.1
  -359 186.510  -0.003 186.507  1705055.9 366851.3 68956.4 34553.6  12218.7  2257.4  2937.2
  -358 -405.560   0.004 -405.556  1525480.0 306390.6 39867.5 22379.2  12434.9  3032.3  2249.7
  -357 -446.726   0.004 -446.722  1545442.4 530249.8 66548.8 26573.2  11472.5  4380.6  2732.3
  -356  47.020  -0.002  47.018  1623717.1 283024.5 40651.1 32531.7  13561.0  4032.9  3458.0
  -355 124.607  -0.001 124.606  1590100.3 315587.3 37453.6 34289.1  13378.1  3529.4  3351.5
  -354 357.110  -0.004 357.107  1845063.6 378459.0 56904.6 34823.4  15689.9  2735.5  4267.5
  -353 -57.544   0.001 -57.543  1708957.1 302908.7 45452.6 32458.4  12996.7  2426.6  2940.2
  -352 -216.469   0.001 -216.467  1665352.3 337753.5 79232.9 29043.0  14623.9  2381.1  3290.1
  -351 458.266  -0.004 458.262  1859355.5 361466.5 75366.9 36873.4  16789.9  2583.2  4182.9
  -350 525.465  -0.003 525.462  1934760.2 381346.4 52127.5 38407.9  14293.4  3301.5  3897.1

         Carbon flux (ktC/yr)        Water (dam3/yr)                Nitrogen (MgN/yr)
       ----------------------- -------------------------- --------------------------------
Spinup NEP     estab   NBP     transp     evap    interc  nuptake ndemand  nlosses ninflux
------ ------- ------- ------- ---------- ------- ------- ------- -------- ------- -------
  -349 -1108.834   0.017 -1108.817  1666366.1 257243.8 62032.9 18246.9  14351.5  1804.4  2543.8
  -348 -307.572  -0.001 -307.573  1352622.6 318649.2 30799.6 19903.2  10552.6  2836.7  2256.7
  -347 564.287  -0.005 564.283  1558305.6 396669.0 39769.1 33594.4  11497.3  6295.3  3422.7
  -346 505.368  -0.004 505.364  1783074.8 332940.3 48455.3 36621.4  13278.9  6278.8  3516.3
  -345 -248.298   0.003 -248.295  1661316.1 294742.2 45266.9 30455.7  13335.0  2759.8  2914.3
  -344 -757.831   0.005 -757.825  1371088.0 230531.5 37111.1 19838.7   9124.2  4412.7  2117.2
  -343 420.625  -0.003 420.621  1594441.3 474654.6 58836.0 36325.2  14374.8  2812.9  4019.5
  -342 554.766  -0.005 554.761  1908607.0 397625.0 57539.9 32735.7  15594.4  4972.1  4199.7
  -341 -468.218   0.007 -468.211  1563602.1 302450.7 40425.5 20421.3  10695.1  2738.9  1997.5
  -340 -314.517   0.002 -314.515  1571338.9 525536.1 63024.9 27217.2  10706.8  5687.8  2698.7
  -339  40.716  -0.001  40.715  1640248.6 280741.0 40133.6 32632.2  13462.3  4763.7  3400.7
  -338 531.371  -0.004 531.367  1837427.7 417482.6 101673.0 31097.1  15361.4 11613.5  4264.6
  -337 512.756  -0.003 512.753  1992006.6 417168.8 82756.4 32204.0  16051.5  3876.8  4469.8
  -336 -913.040   0.015 -913.024  1649001.1 217565.5 46932.8 16958.2  11017.4  2744.4  1956.9
  -335 552.935  -0.010 552.925  1733909.6 480957.1 61606.0 35503.6  11485.5  4612.6  3467.4
  -334 -370.869   0.004 -370.865  1506641.6 302400.7 34976.9 21366.8  12187.5  3897.0  2402.3
  -333 639.279  -0.005 639.274  1870127.3 393331.7 50608.3 36203.5  14438.5  2542.0  4205.3
  -332 390.124  -0.003 390.120  1955424.4 437527.1 78433.7 32096.1  15158.9  1584.8  4028.4
  -331 227.145  -0.001 227.144  1976745.3 323434.1 87845.1 33018.6  15213.6  2478.2  3362.0
  -330 -64.122  -0.000 -64.122  2093160.9 352480.1 74176.9 28741.2  18151.4  3261.3  4075.7
  -329 125.885  -0.000 125.885  2075363.0 384138.0 136097.4 30308.4  17340.4  1591.5  3857.7
  -328 -424.753   0.008 -424.745  1755776.3 302081.5 78451.0 22269.0  14285.8  1493.9  2522.2
  -327 -196.870  -0.000 -196.871  1568524.2 352531.2 51148.5 21948.0  13267.4  1428.3  2884.0
  -326 276.964  -0.003 276.962  1753021.9 406161.7 55298.4 34095.6  15999.1  3641.0  3841.6
  -325 265.550  -0.003 265.547  1862002.6 320055.2 62717.1 34039.7  15194.3  1057.2  3428.0

         Carbon flux (ktC/yr)        Water (dam3/yr)                Nitrogen (MgN/yr)
       ----------------------- -------------------------- --------------------------------
Spinup NEP     estab   NBP     transp     evap    interc  nuptake ndemand  nlosses ninflux
------ ------- ------- ------- ---------- ------- ------- ------- -------- ------- -------
  -324 -1183.474   0.031 -1183.443  1612686.8 215777.9 47915.0 14311.0  11300.7  2121.5  1846.0
  -323 793.543  -0.019 793.523  1680386.9 496107.5 55674.3 37734.3  13061.1  3153.8  3888.1
  -322  57.650   0.000  57.650  1738045.1 308494.7 41686.2 31432.3  13803.8  3517.4  3368.6
  -321 -445.664   0.004 -445.660  1566837.7 292477.3 41815.4 28219.1  13451.4  2135.8  2920.8
  -320 428.843  -0.004 428.839  1832489.7 410358.2 97155.2 32034.3  16701.3  5683.9  4302.4
  -319 182.513  -0.001 182.512  1759215.0 316546.9 41357.8 34171.8  14062.2  2685.0  3264.0
  -318  17.427  -0.002  17.426  1846435.0 440219.4 79118.5 31507.9  13344.2  1645.7  3322.0
  -317  19.089  -0.000  19.089  1822566.9 341713.8 73311.1 30051.8  14442.2  2266.9  3209.1
  -316 269.729  -0.003 269.727  1990109.3 429833.9 82873.3 34505.5  17611.8  1935.1  4116.7
  -315 -432.561   0.008 -432.554  1775673.0 295794.0 78223.8 20194.6  14345.6  1922.6  2519.2
  -314 871.372  -0.007 871.364  2133610.4 409055.6 118893.4 41167.6  18312.6  1573.6  5028.5
  -313 130.950  -0.001 130.949  2151916.5 322827.1 96323.1 28153.7  16301.8  1048.9  3634.6
  -312  84.986  -0.000  84.986  2151337.8 322782.4 99320.1 32956.7  16820.9  1063.3  3598.9
  -311  62.656   0.000  62.657  2037000.4 312244.3 96016.1 34333.5  16005.4  1425.0  3141.4
  -310 -828.834   0.010 -828.824  1790956.3 501184.8 91369.7 21694.7  13848.0  2620.9  2427.2
  -309 499.804  -0.007 499.798  1937481.9 452978.1 72916.6 37277.7  16448.2  1680.1  4142.1
  -308 -135.833   0.001 -135.832  1893909.9 378531.3 68570.1 23362.3  13917.2  1739.1  3003.6
  -307 379.638  -0.003 379.635  2080579.0 389165.5 87874.3 33771.5  16557.4  1656.8  4219.8
  -306 -682.483   0.009 -682.474  1879534.1 261157.4 61006.7 23830.9  14449.0  1914.8  2795.7
  -305 556.796  -0.006 556.790  2030176.2 401587.3 82028.2 34115.0  16212.9  2392.4  4260.3
  -304 -192.754   0.002 -192.752  1879198.3 294538.6 50226.8 30204.8  14054.9  2502.5  2967.8
  -303 301.254  -0.003 301.251  2061967.9 376975.7 89370.6 31277.6  16754.0  1345.8  4160.5
  -302 360.665  -0.003 360.662  2311007.3 382655.1 148528.2 37931.7  20328.1  2772.8  5020.9
  -301 -528.896   0.004 -528.891  1964573.8 274018.3 58212.4 26694.9  14946.9  1169.0  2707.7
  -300 -443.837   0.004 -443.833  1670498.3 350294.1 59577.6 21756.5  10181.8  1918.2  2284.1

         Carbon flux (ktC/yr)        Water (dam3/yr)                Nitrogen (MgN/yr)
       ----------------------- -------------------------- --------------------------------
Spinup NEP     estab   NBP     transp     evap    interc  nuptake ndemand  nlosses ninflux
------ ------- ------- ------- ---------- ------- ------- ------- -------- ------- -------
  -299 -462.947   0.004 -462.943  1626650.6 233380.5 44263.6 24332.9  11942.0  3290.9  2578.0
  -298 371.200  -0.004 371.197  1704055.8 384597.8 45367.9 32450.1  11243.0  5001.8  3238.3
  -297 -453.386   0.003 -453.383  1621998.5 243549.3 45290.1 23337.8  11472.5  5004.1  2618.7
  -296 214.801  -0.003 214.798  1704939.3 330056.4 52435.7 35759.0  12742.6  3053.9  3308.6
  -295 -813.959   0.018 -813.941  1619993.8 276529.8 62719.4 16672.4  13249.3  4913.1  3047.3
  -294 354.663  -0.016 354.647  1601745.8 336777.5 36042.3 35960.7  10109.3  5080.0  2886.8
  -293 337.416  -0.004 337.412  1769460.2 410191.4 55589.6 31154.9  14458.1  6837.1  3695.1
  -292 -815.273   0.020 -815.253  1669314.1 282166.5 67042.6 16949.7  12285.5  5548.9  2878.0
  -291 435.623  -0.018 435.605  1614882.5 335437.6 35114.1 43611.6  10872.5  5375.9  3013.8
  -290 -412.897   0.005 -412.892  1548534.9 298844.5 40129.6 27530.2  11746.1  3157.0  2844.6
  -289 -539.137   0.004 -539.133  1531931.4 512915.0 59556.6 25182.5  11584.7  4707.1  2855.8
  -288 680.357  -0.006 680.351  1767363.0 428162.3 84397.7 32448.3  14902.9 15230.4  4499.0
  -287 500.821  -0.004 500.817  1877211.2 382747.4 80034.1 30453.9  13491.0  4056.4  3702.7
  -286 -471.288   0.009 -471.279  1576319.3 309638.6 37705.6 20708.8  10961.2  3238.9  2197.7
  -285 -92.402  -0.000 -92.402  1631696.6 282815.0 41923.1 30967.0  12407.4  2435.7  3075.8
  -284 -12.090  -0.000 -12.090  1607993.8 325044.5 35604.4 33388.3  10601.3  3473.9  2671.1
  -283 -34.534  -0.001 -34.534  1562514.9 308877.3 56044.0 26445.8  14690.8  4669.4  3163.5
  -282  52.523  -0.002  52.521  1621140.6 248771.1 32917.7 33366.9  12196.1  2982.2  2843.8
  -281 -602.890   0.016 -602.875  1549005.9 269853.9 57047.8 15167.3  13062.3  3881.8  2942.4
  -280 677.210  -0.016 677.194  1638498.2 434995.2 43707.9 39007.3  10872.8  7921.2  3318.2
  -279 -528.877   0.012 -528.865  1607600.1 278649.6 59359.7 16483.3  12491.2  5654.9  2960.3
  -278 985.574  -0.016 985.558  1893167.3 420402.0 48827.4 44125.7  12810.2  5774.3  4034.5
  -277 -144.679   0.003 -144.676  1758791.7 309040.9 44699.4 28382.4  10237.9  3158.8  2310.4
  -276 262.629  -0.003 262.626  1871701.7 358752.5 86822.7 30450.4  15247.8  2823.8  3624.6
  -275 -497.911   0.008 -497.902  1562887.6 310047.9 39547.5 20936.4  11475.1  3831.4  2118.6

         Carbon flux (ktC/yr)        Water (dam3/yr)                Nitrogen (MgN/yr)
       ----------------------- -------------------------- --------------------------------
Spinup NEP     estab   NBP     transp     evap    interc  nuptake ndemand  nlosses ninflux
------ ------- ------- ------- ---------- ------- ------- ------- -------- ------- -------
  -274 297.865  -0.004 297.860  1656888.8 367602.3 61213.6 32862.9  11859.0  3041.3  3103.3
  -273 314.997  -0.003 314.994  1937347.9 376636.9 60227.5 32305.3  16389.4  4767.0  4365.3
  -272 -55.834   0.001 -55.832  1768832.0 292028.9 46396.2 31383.7  14339.5  1634.3  3061.6
  -271 -388.364   0.004 -388.360  1612762.9 297649.1 62006.6 26686.6  14004.9  1419.7  2787.9
  -270 338.994  -0.004 338.990  1896231.4 381412.5 56785.8 34327.3  17165.7  1867.2  4348.4
  -269 -207.512   0.002 -207.510  1711327.5 368502.8 58460.5 23932.8  12916.7  1442.4  2711.7
  -268 -178.147   0.000 -178.147  1667215.4 239647.5 38748.6 29508.7  12419.6  2245.3  2676.9
  -267 -290.223   0.005 -290.218  1488575.3 347574.9 48537.9 19171.9  13604.8  2295.6  3031.9
  -266 612.987  -0.005 612.981  1783545.1 478732.6 65174.2 40266.4  15178.6  2575.8  4358.3
  -265 333.022  -0.003 333.019  1952073.8 352762.0 82412.9 29286.0  16505.6  2138.2  4044.1
  -264 -950.699   0.015 -950.685  1612846.0 218717.0 47488.0 16447.4  11340.8  2663.7  1977.2
  -263 732.232  -0.011 732.221  1767997.4 390304.2 69253.4 34218.1  13385.4  4242.7  3738.1
  -262 380.408  -0.003 380.405  1903012.0 458496.8 73804.8 31886.5  14837.4  4260.1  4217.2
  -261 -136.531   0.002 -136.529  1726257.2 364645.5 58353.5 24619.3  12123.4  3345.1  2711.9
  -260 100.470  -0.001 100.468  1832153.0 447381.0 79789.3 31265.3  12977.1  2036.4  3363.9
  -259 -646.570   0.008 -646.562  1675666.6 499881.7 77392.5 22898.7  13530.7  3550.6  2687.0
  -258 139.433  -0.003 139.429  1656803.3 305380.4 38818.7 27866.8  13430.0  2474.6  3345.3
  -257 -560.907   0.010 -560.897  1612891.3 283680.4 59680.5 18469.4  13346.9  4467.3  3074.4
  -256 534.440  -0.011 534.429  1676572.8 391602.8 56165.3 39477.9  11314.7  5135.0  3287.2
  -255 -321.053   0.003 -321.050  1521702.9 303700.9 35568.2 19723.1  12137.1  4561.5  2350.8
  -254 -74.116  -0.002 -74.118  1567608.4 238397.9 33431.9 28649.8  11119.8  2941.8  2779.2
  -253 -527.193   0.014 -527.180  1496374.9 273809.4 41758.9 24740.6  12860.4  3073.2  3034.2
  -252  -7.152  -0.004  -7.155  1468584.0 343932.6 30831.3 34447.9  10738.1  3474.2  2810.4
  -251 -347.561   0.001 -347.560  1444634.8 281596.7 37758.7 28686.9  14997.7  2843.3  3504.3
  -250 -170.427   0.000 -170.426  1423533.7 250482.9 29218.3 29983.7  12623.9  3469.8  3006.8

         Carbon flux (ktC/yr)        Water (dam3/yr)                Nitrogen (MgN/yr)
       ----------------------- -------------------------- --------------------------------
Spinup NEP     estab   NBP     transp     evap    interc  nuptake ndemand  nlosses ninflux
------ ------- ------- ------- ---------- ------- ------- ------- -------- ------- -------
  -249 485.849  -0.003 485.845  1578097.0 429200.4 44787.3 31585.8  15412.9  3173.0  3943.0
  -248 152.470  -0.001 152.469  1613701.2 397214.8 49539.9 30248.7  11518.7  3471.8  3035.3
  -247 -247.189   0.002 -247.186  1438412.4 315464.6 33189.4 24027.7  11162.3  4767.4  2314.9
  -246 673.589  -0.005 673.583  1764258.6 388383.0 74779.9 35754.4  13853.3  7018.5  3694.4
  -245  27.184  -0.000  27.184  1643667.1 364602.6 52231.8 23626.4  13730.4  6820.9  3266.4
  -244  -7.435   0.000  -7.434  1727326.4 318825.2 43007.3 36149.9  11372.9  4067.4  2683.5
  -243 -167.225   0.001 -167.224  1563153.3 341800.6 50769.4 21948.5  15784.3  2196.0  3305.2
  -242  26.361  -0.000  26.361  1660038.7 325291.3 40724.3 34845.6  11756.4  3386.5  2802.5
  -241 -109.795   0.001 -109.794  1526420.7 345249.6 49430.6 22762.7  15776.2  1995.6  3436.6
  -240 667.593  -0.005 667.588  1991723.7 422528.8 115513.5 41694.9  20200.4  5780.3  5488.7
  -239 -831.876   0.025 -831.851  1700498.7 268013.2 74501.2 11751.0  15480.3  3492.9  2928.0
  -238 199.548  -0.020 199.529  1532114.8 338423.4 56369.5 28225.2  11552.9  7314.9  2704.8
  -237 679.000  -0.004 678.995  1878880.5 415528.0 76375.0 34888.0  15679.1  4102.8  4360.1
  -236 -96.372   0.001 -96.371  1696477.2 366994.6 59125.7 23921.9  12021.0  3371.4  2747.7
  -235 317.000  -0.003 316.998  1890180.3 442526.0 80586.2 34865.8  17038.2  1072.5  4212.6
  -234 -254.653   0.002 -254.651  1773281.6 365138.1 65107.9 22930.0  14921.5  1044.8  2938.2
  -233  54.784  -0.000  54.784  1760343.2 347195.6 73450.5 31192.3  13846.9  1507.3  3193.7
  -232 -156.735   0.001 -156.734  1711408.1 367947.3 60643.5 26594.0  15218.0  1786.8  3122.6
  -231  97.180  -0.001  97.179  1727815.4 352983.9 72429.5 32162.3  14243.2  1644.4  3307.5
  -230 -160.181   0.002 -160.179  1718498.9 307626.6 47593.2 29132.2  13559.0  2222.8  2799.8
  -229 362.694  -0.002 362.692  1791620.4 383200.4 46972.8 35111.5  16162.4  1128.4  4275.9
  -228 -274.949   0.002 -274.947  1743499.7 330049.0 87135.1 24862.8  16782.1   711.3  3565.5
  -227 134.245  -0.001 134.244  1770013.0 399968.9 63655.4 29586.7  17454.7  2155.8  3841.4
  -226 -871.694   0.018 -871.676  1548058.5 223045.7 45608.1 19528.8  10892.8  1581.9  1993.2
  -225 553.557  -0.010 553.548  1612945.2 433917.9 48713.5 33419.3  14987.1  3863.4  3909.3

         Carbon flux (ktC/yr)        Water (dam3/yr)                Nitrogen (MgN/yr)
       ----------------------- -------------------------- --------------------------------
Spinup NEP     estab   NBP     transp     evap    interc  nuptake ndemand  nlosses ninflux
------ ------- ------- ------- ---------- ------- ------- ------- -------- ------- -------
  -224 342.413  -0.002 342.411  1843855.0 420546.0 113965.6 28511.2  14781.9  6562.5  4205.2
  -223 -61.185   0.000 -61.185  1714262.8 393258.7 59046.4 28666.9  13166.7  2262.7  3065.2
  -222 153.639  -0.002 153.637  1772675.7 400188.6 63353.1 31340.7  17029.1  2480.3  3785.9
  -221 -21.312  -0.000 -21.312  1780230.8 358823.7 77785.3 30640.5  13305.0  1333.8  3122.8
  -220 102.003  -0.000 102.003  1935291.2 397359.7 132424.5 27625.7  17812.3  3716.8  4078.3
  -219 -91.020   0.001 -91.019  1766579.4 308742.5 49547.0 33006.1  15849.2  1205.9  3281.7
  -218 153.647  -0.002 153.646  1928572.0 384615.2 90944.8 31190.0  19067.7   775.3  4432.7
  -217 -246.508   0.002 -246.506  1710709.5 345074.3 62028.2 21562.0  16004.3  1189.7  3282.4
  -216 -180.041   0.002 -180.040  1742653.8 317809.9 46570.9 33117.5  12009.9  1818.6  2692.4
  -215 -60.394  -0.000 -60.394  1715403.7 391968.5 61539.5 28490.2  15317.5  1596.6  3427.0
  -214 153.814  -0.001 153.813  1740723.2 405047.8 63761.5 30745.6  17190.6  1809.6  3795.6
  -213 108.775  -0.001 108.774  1856263.3 316728.9 60203.6 34099.7  14992.7  1666.0  3393.9
  -212 -755.871   0.015 -755.856  1510667.8 296415.2 44402.8 17884.7  12117.2  1515.9  2044.1
  -211  -8.347  -0.007  -8.354  1518380.0 315836.7 41175.1 28200.6  11897.2  2123.8  2923.9
  -210 -675.839   0.008 -675.832  1415509.5 230590.7 38028.8 23324.3  10082.2  3601.3  2170.0
  -209 736.205  -0.008 736.198  1742867.7 414142.6 46036.6 39976.4  14597.2  4420.5  4437.0
  -208 325.359  -0.003 325.357  1766710.8 325639.5 60007.7 33278.3  14187.0  1819.3  3535.5
  -207 237.990  -0.002 237.988  1824124.7 334889.2 84451.9 34338.8  14888.5  3071.5  3436.0
  -206 -265.199   0.001 -265.198  1752779.3 369811.0 66096.0 26565.1  14845.9  4815.8  2998.4
  -205  85.653  -0.001  85.652  1765486.2 352663.5 76047.0 34243.0  13443.4  2146.9  3159.4
  -204 -839.739   0.012 -839.727  1574022.5 222250.7 47264.1 19430.0  12339.1  2942.1  2092.0
  -203 -303.617  -0.003 -303.620  1482297.3 286582.9 54604.6 20722.7  12945.2  4815.5  3077.4
  -202 380.815  -0.003 380.812  1512715.8 381607.8 42812.5 36081.2  12553.8  5500.2  3529.4
  -201 478.664  -0.004 478.660  1823814.6 380978.5 72080.5 37502.3  15550.4  3482.6  4331.5
  -200 -792.208   0.014 -792.193  1644957.3 277906.3 71301.0 15614.7  13938.1  4650.7  2954.2

         Carbon flux (ktC/yr)        Water (dam3/yr)                Nitrogen (MgN/yr)
       ----------------------- -------------------------- --------------------------------
Spinup NEP     estab   NBP     transp     evap    interc  nuptake ndemand  nlosses ninflux
------ ------- ------- ------- ---------- ------- ------- ------- -------- ------- -------
  -199 -71.226  -0.009 -71.235  1413067.8 327317.7 32415.5 26819.1   9677.2  4731.6  2222.9
  -198 455.999  -0.004 455.996  1622876.2 417784.7 52880.7 37129.8  12608.1  4804.5  3478.7
  -197 -298.247   0.004 -298.243  1550197.0 242916.6 45311.3 23007.8  12884.1  4848.5  2765.8
  -196 -646.956   0.024 -646.933  1401183.4 229864.5 37211.3 24340.4   9349.6  3702.4  2039.4
  -195 593.122  -0.015 593.106  1587001.8 370612.5 38459.2 40922.3  13722.7  5263.6  3800.0
  -194 -493.250   0.010 -493.240  1522301.0 279424.0 59787.6 17030.5  13674.8  4955.5  3217.6
  -193 708.811  -0.012 708.799  1735420.9 448573.6 96565.4 35083.5  13684.4 12773.6  4177.2
  -192 287.709  -0.002 287.707  1713155.9 412877.8 58900.7 29278.7  15256.4  4017.9  3854.3
  -191 298.173  -0.002 298.171  1902358.3 412342.6 123560.2 30469.1  15155.9  4425.3  4053.1
  -190 140.832  -0.001 140.830  1876910.1 313554.6 60420.5 33960.6  14648.7  2338.0  3343.3
  -189 -409.733   0.005 -409.728  1697926.2 299123.0 77828.2 22635.8  14591.9  2022.7  2661.4
  -188 -129.518   0.000 -129.518  1607308.7 385103.8 54977.3 27950.7  11886.4  1925.8  2707.0
  -187 264.020  -0.003 264.017  1727957.4 326967.3 58490.7 37277.2  15586.3  1674.7  3591.9
  -186 224.603  -0.002 224.602  1797373.0 334584.0 83289.2 32238.1  15627.7  2018.2  3454.9
  -185 142.075  -0.001 142.073  1973644.7 341922.4 90535.4 31285.8  18762.3  2771.1  4090.6
  -184  77.491   0.000  77.491  1996342.4 393883.9 141241.6 27588.8  17531.5  2556.9  3904.0
  -183 -41.371   0.001 -41.370  1815326.1 369060.9 66301.9 27273.2  13447.9  1687.6  2992.3
  -182 -1200.470   0.040 -1200.430  1500956.2 220580.1 47193.6 17295.6  10123.5  1871.8  1771.5
  -181 774.969  -0.025 774.944  1666093.7 476097.3 60464.9 39824.3  14761.1  4063.2  4278.6
  -180  -9.007   0.000  -9.007  1708957.6 324800.7 42635.4 28760.8  11649.7  3095.5  2757.5
  -179  11.096  -0.002  11.094  1748386.6 456357.7 76626.2 30638.7  13483.9  2082.2  3567.9
  -178 239.401  -0.002 239.399  1923814.6 398098.5 85376.3 30925.7  18090.0  3267.8  4616.5
  -177 265.967  -0.002 265.965  2004837.5 350966.7 87712.8 32839.8  17252.6  1337.4  4101.9
  -176 -172.217   0.002 -172.215  1845486.7 288442.3 52682.2 31599.7  15185.1  1514.2  3041.7
  -175 -739.081   0.008 -739.073  1696416.1 501587.9 82234.1 23541.5  12447.4  2259.7  2481.1

         Carbon flux (ktC/yr)        Water (dam3/yr)                Nitrogen (MgN/yr)
       ----------------------- -------------------------- --------------------------------
Spinup NEP     estab   NBP     transp     evap    interc  nuptake ndemand  nlosses ninflux
------ ------- ------- ------- ---------- ------- ------- ------- -------- ------- -------
  -174 -419.068   0.002 -419.067  1618430.9 516402.0 66167.5 24911.7  11568.2  5087.8  2823.3
  -173  78.654  -0.001  78.653  1581786.3 312839.8 54763.3 28932.6  13334.4  6831.6  3220.3
  -172 -341.090   0.002 -341.088  1571078.1 527030.4 65094.1 27585.2  11289.7  4760.3  2927.4
  -171 -283.968   0.001 -283.967  1557298.9 518228.2 61227.4 27591.5  11668.6  6877.9  3066.7
  -170 -408.172   0.021 -408.151  1433879.2 232812.1 33140.4 27133.2  10746.7  4936.0  2501.1
  -169 101.407  -0.009 101.398  1435699.7 324375.6 32752.5 31141.2  12082.7  4479.9  3455.8
  -168 891.378  -0.007 891.371  1731616.0 421834.9 35148.8 42604.0  13169.4  4865.3  4456.9
  -167 168.779  -0.002 168.777  1834324.9 310650.8 52386.1 29343.4  15697.7  2332.0  3732.3
  -166 -207.764   0.002 -207.762  1628653.2 342511.0 54995.4 22229.3  14154.4  2105.1  3259.6
  -165 271.176  -0.002 271.174  1729267.0 383685.1 53134.1 31741.4  12456.5  5746.7  3317.8
  -164 -106.266   0.001 -106.265  1697689.2 324997.0 45166.1 31341.0  10729.9  3003.0  2514.7
  -163 -585.867   0.005 -585.862  1456759.4 378772.7 52782.2 21563.4  12089.6  2681.3  2710.7
  -162 419.175  -0.005 419.170  1699582.9 341597.7 43214.8 38834.6  14954.8  3456.9  3973.0
  -161 -116.597   0.001 -116.596  1599109.0 306870.5 65211.5 22525.5  14098.6  4505.1  3023.1
  -160  -2.661  -0.002  -2.662  1622922.8 244205.5 36669.1 33004.7  12221.2  2906.8  2830.1
  -159 317.172  -0.001 317.171  1783493.6 320651.9 50168.3 34248.5  14692.4  2380.7  3540.9
  -158 -1100.507   0.033 -1100.474  1461170.5 222094.2 43586.4 16524.1  10232.9  2682.2  1934.8
  -157 789.696  -0.029 789.667  1696225.6 448722.4 42236.2 37809.9  13159.1  4509.0  4034.9
  -156  44.178   0.001  44.179  1652842.2 302198.2 43220.5 25017.7  12265.8  2910.2  3135.2
  -155 360.448  -0.003 360.445  1750812.8 411140.4 56626.0 32207.5  15076.6  5383.7  3702.8
  -154 477.569  -0.004 477.565  1954252.5 453486.6 81205.1 35488.9  14932.6  2062.1  4039.9
  -153 -196.932   0.000 -196.932  1886657.2 230460.5 48781.9 26817.5  13702.4  2052.4  2624.4
  -152 -42.132   0.003 -42.129  1789778.3 387958.9 65916.2 29077.3  13377.9  1805.9  3008.5
  -151 103.128  -0.001 103.128  1845687.2 346093.9 82774.7 33401.6  15765.4  1265.2  3664.1
  -150 -256.859   0.001 -256.858  1715272.4 372190.1 64206.6 25724.1  13745.9  1730.4  2859.0

         Carbon flux (ktC/yr)        Water (dam3/yr)                Nitrogen (MgN/yr)
       ----------------------- -------------------------- --------------------------------
Spinup NEP     estab   NBP     transp     evap    interc  nuptake ndemand  nlosses ninflux
------ ------- ------- ------- ---------- ------- ------- ------- -------- ------- -------
  -149 417.938  -0.003 417.935  1932476.6 403876.4 85572.7 35386.9  17409.8  3675.8  4470.3
  -148 -185.639   0.002 -185.637  1713778.4 347273.2 61862.8 20993.4  15004.4  2839.1  3226.2
  -147 -69.270   0.000 -69.270  1670248.9 379719.9 58450.2 28390.9  11247.3  2467.7  2727.8
  -146 105.366  -0.002 105.364  1785844.9 454941.2 84777.8 33379.8  13343.8  1844.1  3460.2
  -145  66.875  -0.000  66.875  1902886.9 399509.2 133028.1 26076.0  18119.3  4081.6  4169.7
  -144 -106.657  -0.000 -106.657  1778852.5 241459.5 46445.7 31516.4  15240.9  1129.4  2997.9
  -143  17.006   0.001  17.007  1804112.0 448636.0 88743.0 31185.1  13706.5  1294.4  3344.7
  -142  98.186  -0.001  98.184  1896304.4 436597.3 90282.7 31172.2  18434.0  1440.9  4264.6
  -141 -406.227   0.005 -406.222  1678881.7 301918.1 81302.8 21076.9  15531.8  1628.9  2783.8
  -140 248.703  -0.002 248.701  1708639.4 379206.5 55489.1 27420.7  12509.2  2534.4  3201.8
  -139 103.647  -0.001 103.646  1749194.5 375372.9 75490.2 32823.4  12910.9  2055.8  3249.6
  -138 -220.009   0.002 -220.008  1752107.4 307485.1 49302.7 30936.5  12848.5  2530.0  2739.9
  -137 -831.159   0.010 -831.149  1558793.6 265863.1 68043.6 15846.9  15654.9  2443.3  3048.2
  -136 162.469  -0.007 162.462  1544681.7 409484.0 45848.0 36754.0  10783.4  3425.4  2965.4
  -135 -777.508   0.024 -777.485  1417640.6 231367.5 39542.0 21051.4  10168.5  4034.7  2190.9
  -134 261.271  -0.012 261.258  1397403.7 419840.3 39194.1 31008.8  10035.3  4688.1  2967.2
  -133 295.596  -0.003 295.592  1631400.9 485341.7 68556.4 34445.1  11970.3  4917.4  3835.4
  -132 -562.257   0.006 -562.251  1528596.4 522769.3 70372.0 24489.8  12865.9  6588.5  3085.6
  -131 804.559  -0.007 804.552  1833484.0 428213.5 66075.8 35049.3  15601.5  5555.2  5011.7
  -130 348.248  -0.002 348.246  1908987.0 411220.5 119762.8 27133.5  14989.3  7095.4  4225.8
  -129 -96.715   0.001 -96.714  1757016.6 321784.9 47800.1 33430.4  11070.9  2467.0  2611.6
  -128 -235.221   0.001 -235.220  1626277.4 307334.3 62466.7 29156.5  14723.4  1525.5  3170.4
  -127 -55.287  -0.000 -55.287  1645726.7 307585.2 42656.3 35250.3  15041.3  1984.1  3390.1
  -126 -651.611   0.006 -651.605  1443866.7 369880.9 55599.7 20931.5  11732.1  2634.1  2536.2
  -125 320.649  -0.004 320.645  1552936.4 394990.1 45955.8 31474.3  12789.8  5372.0  3517.2

         Carbon flux (ktC/yr)        Water (dam3/yr)                Nitrogen (MgN/yr)
       ----------------------- -------------------------- --------------------------------
Spinup NEP     estab   NBP     transp     evap    interc  nuptake ndemand  nlosses ninflux
------ ------- ------- ------- ---------- ------- ------- ------- -------- ------- -------
  -124 422.870  -0.004 422.866  1759236.9 338183.4 50289.8 35931.4  13874.9  4606.0  3618.4
  -123 117.937  -0.001 117.936  1721228.9 333617.6 80863.3 32078.4  14204.1  2957.9  3262.7
  -122 204.647  -0.002 204.646  1919919.9 348068.3 85626.3 33064.4  18517.8  4495.4  4231.5
  -121 -361.278   0.004 -361.273  1676570.9 303671.6 77793.9 22539.3  14685.0  2491.0  2706.3
  -120 416.370  -0.003 416.367  1822603.8 358948.6 78729.5 34744.0  15158.7  1285.9  3769.3
  -119 -30.301   0.000 -30.301  1783762.2 391398.8 68971.7 27920.9  13735.5  2862.5  3156.5
  -118  53.773  -0.000  53.772  1758099.6 367021.6 61296.8 28023.0  12905.2  2714.7  3075.9
  -117 -501.111   0.007 -501.104  1619631.3 244581.9 51420.2 23244.3  12974.5  3028.9  2499.7
  -116 315.150  -0.004 315.146  1678282.1 385179.0 51448.3 30538.2  11972.5  3949.6  3211.2
  -115 119.376  -0.001 119.374  1738497.4 378770.7 72867.3 32303.3  12364.8  2876.2  3223.9
  -114 -139.076   0.001 -139.075  1657139.9 344980.7 57573.9 23458.5  15429.2  2856.0  3403.4
  -113  81.160  -0.002  81.158  1801270.9 455648.2 82430.5 34841.7  13249.1  3170.5  3485.9
  -112 -41.092   0.000 -41.092  1770986.4 345161.0 78948.3 28549.2  15047.3  2117.3  3345.6
  -111 -218.027   0.002 -218.025  1715106.1 295615.8 52863.1 26815.4  15792.3  1562.0  3249.4
  -110 305.595  -0.003 305.592  1888877.4 364211.4 84807.4 36677.7  17130.0  1302.5  4080.5
  -109 -265.761   0.003 -265.758  1735746.6 374255.2 67264.8 24710.7  13703.7  1634.1  2819.2
  -108 -84.310   0.000 -84.310  1610634.2 376308.5 59042.9 29084.3  11409.3  2329.8  2723.0
  -107 -158.328   0.001 -158.327  1608463.9 385710.3 60028.3 29675.7  13031.0  1712.6  2933.3
  -106 457.221  -0.004 457.217  1852332.0 415338.5 86566.6 35644.3  17243.3  3051.1  4615.2
  -105 -329.564   0.004 -329.560  1662798.2 308118.2 80842.2 21486.3  13944.4  3321.7  2738.8
  -104 290.384  -0.003 290.381  1718716.6 381421.6 57976.7 27939.4  11923.0  3279.0  3161.4
  -103 211.167  -0.002 211.165  1788349.1 335782.1 68739.2 36665.4  14627.4  1550.6  3362.2
  -102 -390.745   0.002 -390.743  1757773.4 233620.3 49575.2 27040.0  13760.2  1790.5  2705.5
  -101 -651.882   0.008 -651.875  1587322.8 524043.9 80045.3 24224.9  11629.2  3287.5  2593.4
  -100 444.556  -0.004 444.552  1774294.8 333293.1 47299.6 38611.9  14463.4  4272.5  3753.6

         Carbon flux (ktC/yr)        Water (dam3/yr)                Nitrogen (MgN/yr)
       ----------------------- -------------------------- --------------------------------
Spinup NEP     estab   NBP     transp     evap    interc  nuptake ndemand  nlosses ninflux
------ ------- ------- ------- ---------- ------- ------- ------- -------- ------- -------
   -99  34.114  -0.001  34.113  1737366.9 312267.5 64422.0 30943.7  14737.0  1786.9  3301.5
   -98 -270.308   0.001 -270.307  1668112.4 378616.5 62732.7 27034.9  13144.5  2574.1  2835.9
   -97 365.426  -0.003 365.423  1837086.5 358437.5 81364.2 37558.4  15786.1  2140.7  3990.3
   -96 -74.580   0.001 -74.579  1754234.1 302925.9 50793.8 32466.4  14317.1  3182.6  3128.3
   -95 -34.162  -0.001 -34.163  1789271.0 447632.9 89493.1 31271.9  13134.6  1925.2  3292.0
   -94 -476.339   0.005 -476.334  1699344.4 272165.9 57853.6 28069.2  15458.7  2617.3  3128.8
   -93 450.460  -0.004 450.456  1834008.3 420413.1 119553.8 33576.5  16185.7  6624.0  4121.4
   -92 105.550  -0.000 105.550  1753506.7 317609.1 49989.6 34980.1  14031.4  2507.0  3197.3
   -91 -339.781   0.003 -339.778  1620397.5 306192.7 69344.2 28993.7  14146.2  1476.6  2877.7
   -90  81.621  -0.002  81.619  1708373.4 357574.6 73361.0 32703.3  13651.7  2162.1  3196.2
   -89  94.007  -0.001  94.007  1721641.1 369670.0 61560.8 27680.3  13433.7  4601.2  3182.2
   -88 -1042.930   0.029 -1042.901  1460567.9 225108.6 46303.1 19795.9   9821.1  2460.8  1871.8
   -87 -76.930  -0.013 -76.943  1392351.9 257000.8 30344.1 30731.8  10510.4  4397.6  2706.4
   -86 -444.630   0.006 -444.624  1378269.0 292581.1 52797.5 20157.2  12581.6  4882.6  3237.3
   -85 643.656  -0.009 643.647  1518340.4 412943.9 40837.6 33644.8  10723.8 10270.9  3459.2
   -84 876.806  -0.006 876.800  1934067.4 438231.7 111601.3 41637.9  17349.4  6153.1  5500.7
   -83 -874.752   0.021 -874.731  1650890.5 276024.7 74066.6 14313.4  13522.0  3709.6  2976.3
   -82 415.377  -0.019 415.358  1525073.3 392826.8 43954.3 31364.9  11559.5  5105.1  3128.8
   -81  65.484  -0.001  65.483  1592246.1 373473.5 50712.6 28309.8  13111.2  5486.5  3391.2
   -80 312.430  -0.002 312.427  1846531.4 422302.0 118194.5 32515.0  15413.0  9734.1  4058.0
   -79 -101.944   0.001 -101.943  1709733.6 319059.8 50857.7 28060.1  13951.9  2518.1  3102.9
   -78 -95.539   0.002 -95.537  1681791.2 310257.6 49702.6 29575.2  14089.0  2310.1  3053.2
   -77 349.455  -0.003 349.452  1872820.7 375088.8 99554.7 33507.8  15197.3  3063.9  3560.7
   -76 -450.220   0.010 -450.210  1758800.3 280580.0 59878.0 26715.3  14534.3  2205.9  2931.7
   -75 -336.149   0.000 -336.148  1580587.2 238000.5 47668.1 23813.2  13014.2  3521.2  2621.7

         Carbon flux (ktC/yr)        Water (dam3/yr)                Nitrogen (MgN/yr)
       ----------------------- -------------------------- --------------------------------
Spinup NEP     estab   NBP     transp     evap    interc  nuptake ndemand  nlosses ninflux
------ ------- ------- ------- ---------- ------- ------- ------- -------- ------- -------
   -74 705.615  -0.005 705.610  1881123.3 396371.3 56596.0 40326.2  14772.0  2975.9  4203.1
   -73 -231.896   0.004 -231.891  1673750.0 384336.3 62601.4 24649.2  11940.4  1803.9  2669.1
   -72 216.639  -0.002 216.637  1703392.2 376212.6 58292.6 28317.4  12516.7  4569.5  3188.0
   -71 355.620  -0.003 355.618  1870956.2 374829.7 86120.0 35932.3  15803.8  2077.9  3941.7
   -70 -189.988   0.001 -189.988  1810250.0 232414.0 50093.0 29494.6  14295.5  1836.1  2773.1
   -69 -476.802   0.008 -476.794  1598717.1 312510.2 47966.3 27211.0  10330.1  2358.6  2233.6
   -68 570.329  -0.006 570.323  1958873.8 416606.8 114295.9 40338.5  21021.0  2716.6  5623.0
   -67 316.593  -0.002 316.591  2007229.2 394853.5 93617.7 27387.1  17417.4  2657.0  4453.6
   -66  -3.892  -0.000  -3.892  1928302.9 440695.2 98420.7 31195.0  13016.8  2654.5  3246.7
   -65 227.308  -0.002 227.306  2154779.3 395247.4 151263.7 36878.7  22660.5  1864.8  5191.8
   -64 -695.372   0.016 -695.355  1618698.6 295055.4 49629.5 17448.0  13659.5  1241.2  2123.0
   -63  82.912  -0.007  82.905  1566317.4 386018.7 51814.8 28392.9  10405.0  1823.2  2581.8
   -62 330.570  -0.003 330.566  1763108.3 324071.2 60826.6 37087.9  15137.2  1065.1  3524.8
   -61 210.367  -0.002 210.365  1994681.0 367519.1 71721.2 31832.5  16434.5  2071.7  4070.9
   -60 320.438  -0.002 320.436  2072634.2 386025.8 101266.7 32466.8  17012.2  1635.8  4131.6
   -59 -1063.282   0.032 -1063.250  1783806.0 269555.0 84868.4 13930.2  14605.9  2285.2  2676.2
   -58 628.021  -0.028 627.993  1823064.0 458561.5 106537.7 34646.1  13577.2 10056.7  3606.9
   -57 369.754  -0.002 369.752  1911603.4 336363.4 83639.6 36200.9  14295.8  3839.0  3460.2
   -56 -112.579   0.001 -112.579  1884587.4 384615.7 72014.2 25783.9  17957.0  3278.4  3508.0
   -55 -104.825   0.001 -104.824  1809164.1 389123.3 68864.9 31666.6  13951.6  1538.9  3009.7
   -54 -40.074  -0.000 -40.074  1822829.2 445498.2 88703.0 33065.0  13130.9  1302.2  3113.0
   -53 -426.240   0.005 -426.236  1657981.8 303454.9 77053.0 22880.7  15595.1  2929.3  2703.1
   -52 453.410  -0.004 453.406  1861730.5 387913.6 62068.4 36422.1  15213.6  1255.9  3949.2
   -51  15.174   0.000  15.174  1798177.2 360251.7 63894.3 25415.2  12341.2  2349.1  2919.8
   -50 540.823  -0.004 540.819  2109376.4 413364.6 141503.5 43447.3  20484.8  1589.0  5012.4

         Carbon flux (ktC/yr)        Water (dam3/yr)                Nitrogen (MgN/yr)
       ----------------------- -------------------------- --------------------------------
Spinup NEP     estab   NBP     transp     evap    interc  nuptake ndemand  nlosses ninflux
------ ------- ------- ------- ---------- ------- ------- ------- -------- ------- -------
   -49   9.434   0.001   9.434  2094713.0 385322.5 156502.1 24473.6  17375.0  1668.6  3684.8
   -48  22.513   0.000  22.513  2021779.8 362544.7 119306.5 32110.8  15804.3  1335.6  3298.7
   -47 -29.953  -0.000 -29.953  2068031.6 368224.5 83061.5 32617.9  17023.1  1236.3  3848.3
   -46 -438.021   0.004 -438.017  1805661.3 283751.2 58153.7 30731.5  14775.5   885.6  2725.3
   -45 -753.260   0.010 -753.250  1546971.2 292025.4 49631.1 24629.6  12904.4  1712.4  2516.2
   -44 393.356  -0.006 393.350  1757775.4 376271.6 81634.9 33400.2  14918.8  1840.3  3726.5
   -43 -692.118   0.014 -692.103  1623151.1 287150.1 67899.1 17458.1  13138.0  4245.9  2955.1
   -42 587.316  -0.016 587.300  1733583.5 489880.1 67903.2 39898.1  10806.0  6675.1  3283.7
   -41 -436.966   0.005 -436.961  1512780.2 305539.0 39705.5 20090.0  11995.7  3950.3  2268.0
   -40  48.997  -0.001  48.996  1557781.1 321479.7 60558.1 28926.3  12395.5  4768.4  2874.7
   -39 464.449  -0.004 464.445  1689213.1 352353.8 71845.6 40708.1  13811.0  3781.9  3505.8
   -38 -490.983   0.004 -490.979  1607695.4 234514.4 49416.5 21079.4  14749.2  7038.1  2766.4
   -37  30.370   0.000  30.370  1621262.6 330346.7 39518.4 36099.1  10227.2  3348.7  2624.9
   -36 -667.645   0.006 -667.640  1486512.4 274218.3 60763.8 18532.2  14571.2  3713.1  3055.6
   -35  16.909  -0.004  16.905  1493913.0 257184.4 38484.6 33639.8  11739.4  6813.8  2894.9
   -34 -72.274  -0.000 -72.274  1589758.0 291448.3 44136.8 33680.7  12993.0  3431.9  3199.0
   -33 617.103  -0.005 617.098  1843601.9 395030.7 56702.7 37761.2  15223.5  4459.4  4348.6
   -32 -676.350   0.016 -676.334  1646063.9 275477.6 71368.7 15813.3  13063.2  3904.7  2880.5
   -31 463.467  -0.014 463.454  1533276.8 388554.0 44841.3 32587.6  11512.2  5356.3  3116.3
   -30 211.046  -0.002 211.045  1676301.4 323269.4 42328.2 37867.0  13002.4  4473.1  3330.1
   -29 -106.061   0.001 -106.061  1679574.5 340028.5 80674.4 28140.4  15041.1  2302.8  3406.9
   -28  36.604  -0.000  36.603  1600670.7 378737.2 54923.4 28962.3  12095.9  4081.7  2863.0
   -27 -305.344   0.004 -305.340  1562963.1 238375.5 47059.2 26061.5  13471.3  4269.0  2733.1
   -26 563.787  -0.004 563.783  1707506.3 416514.5 54636.9 35550.6  15534.2  3833.4  3775.0
   -25 482.914  -0.004 482.910  1912724.3 456477.8 83159.5 34761.4  14882.1  2209.3  3994.8

         Carbon flux (ktC/yr)        Water (dam3/yr)                Nitrogen (MgN/yr)
       ----------------------- -------------------------- --------------------------------
Spinup NEP     estab   NBP     transp     evap    interc  nuptake ndemand  nlosses ninflux
------ ------- ------- ------- ---------- ------- ------- ------- -------- ------- -------
   -24 -1024.419   0.019 -1024.400  1632320.4 218441.5 50949.3 15474.5  11070.4  3114.1  1838.7
   -23 1184.379  -0.014 1184.364  1989319.6 447958.1 100809.4 43338.8  17175.8  6007.5  5207.7
   -22  63.598  -0.000  63.598  1865621.8 390324.4 69008.7 24047.8  15717.4  3728.9  3484.6
   -21 -321.125   0.004 -321.120  1706820.1 303513.2 75862.1 26564.1  13047.8  3230.4  2565.3
   -20  23.696   0.000  23.696  1654837.8 310415.8 43055.8 34757.2  13244.1  2156.3  2943.0
   -19 246.538  -0.003 246.535  1848418.6 359663.2 91408.3 31320.0  15955.3  1856.1  3653.3
   -18 131.440  -0.001 131.439  1892662.9 314095.4 58902.3 32839.5  14711.8  3273.0  3279.8
   -17 -158.812   0.001 -158.811  1770129.0 302350.9 70164.2 30922.3  14962.1  1326.0  2916.7
   -16 -608.697   0.006 -608.691  1682515.1 512673.2 82419.3 24414.1  12673.4  3236.1  2551.9
   -15 443.356  -0.004 443.352  1835319.6 322398.7 49341.8 36570.3  14551.2  4071.4  3537.6
   -14 372.727  -0.003 372.724  1995433.1 389781.6 87843.9 30888.0  16837.2  2601.4  4358.4
   -13   2.965   0.001   2.965  1875247.3 359559.7 65334.8 24964.8  12510.5  3920.5  2929.0
   -12 -199.106   0.001 -199.105  1681141.6 359481.0 59771.8 25638.9  14112.9  1948.0  2999.2
   -11 206.081  -0.002 206.080  1831246.0 398718.9 62853.4 34185.5  16436.0  3126.9  3630.4
   -10 -1083.387   0.027 -1083.360  1574402.6 220740.9 47488.1 16896.3  10383.1  2037.2  1840.3
    -9 830.846  -0.016 830.829  1762975.7 451125.2 64572.7 37458.7  14660.9  4356.8  4414.9
    -8 -202.350   0.003 -202.348  1633197.0 310986.9 68326.9 21984.8  13065.5  5582.5  2861.8
    -7 319.609  -0.003 319.606  1701960.4 410570.2 55998.0 31489.3  14276.8  2136.1  3494.5
    -6 -136.419   0.001 -136.418  1602549.9 359516.5 53901.1 24537.1  13308.6  2343.7  3141.1
    -5 231.202  -0.003 231.200  1818522.5 323523.5 52661.2 38804.5  14676.2  4404.0  3561.8
    -4 -349.910   0.004 -349.907  1697147.4 307318.2 47420.2 27851.2  11418.3  2425.8  2393.7
    -3 -139.972   0.000 -139.972  1561191.6 334815.0 74623.8 29323.9  14123.2  3323.5  3149.0
    -2 131.222  -0.002 131.220  1777561.0 413727.4 108502.6 28995.0  17729.3  9563.3  4329.8
    -1 383.821  -0.003 383.818  1787411.8 346736.6 76840.6 37081.3  15561.6  1822.0  3810.4
     0 -174.078   0.001 -174.077  1666556.3 367312.9 59937.2 24178.3  13394.6  2013.8  2817.7

         Carbon flux (ktC/yr)        Water (dam3/yr)                Nitrogen (MgN/yr)
       ----------------------- -------------------------- --------------------------------
Spinup NEP     estab   NBP     transp     evap    interc  nuptake ndemand  nlosses ninflux
------ ------- ------- ------- ---------- ------- ------- ------- -------- ------- -------
     1 323.977  -0.003 323.975  1910692.6 403008.9 86898.2 35561.8  18085.2  1385.0  4477.2
     2 -101.385   0.001 -101.384  1793218.0 390963.0 70631.2 26201.1  14501.2  1526.8  3105.2
     3 -11.573   0.000 -11.573  1763259.2 393258.1 67516.4 30831.1  14104.1  1530.8  3089.2
     4 -59.819   0.001 -59.818  1729926.8 350405.1 78884.7 31195.9  13217.3  1623.5  2936.4
     5 -869.572   0.014 -869.558  1549277.6 223372.1 46937.1 18793.3  12245.5  2715.6  2042.6
     6 566.857  -0.009 566.848  1697552.5 344593.7 44096.8 39222.0  14103.8  3727.2  3685.1
     7  99.578  -0.001  99.576  1689043.8 373823.6 55098.9 25223.2  12741.7  4493.6  3244.1
     8 -150.246   0.001 -150.245  1625348.9 403080.8 57471.0 29952.4  11812.0  2925.5  2748.2
     9 208.461  -0.002 208.459  1700577.0 375260.2 56147.3 29400.1  12779.3  4899.9  3215.9
    10 -59.066   0.001 -59.065  1602873.9 367545.7 55676.4 25615.2  13931.2  3069.8  3162.7
    11 -76.812   0.000 -76.812  1605407.3 386100.5 55862.9 30962.8  11440.1  3276.8  2766.7
    12 120.940  -0.002 120.939  1694433.6 404375.9 62510.4 31283.9  14107.8  2666.3  3325.6
    13 296.334  -0.002 296.332  1862035.6 369220.2 100313.7 32097.0  15237.6  2031.2  3571.6
    14 167.386  -0.001 167.384  1945508.1 367335.0 109653.5 29904.1  15003.6  2169.3  3398.0
    15 191.746  -0.002 191.744  2007996.3 437763.8 97759.6 33744.4  16464.0  1497.8  3820.9
    16 237.323  -0.001 237.322  2233818.9 392464.3 163797.7 34851.8  21661.7  1111.0  4828.3
    17 -858.068   0.029 -858.039  1672198.1 291839.7 53232.5 16315.5  13135.6  1331.8  1915.5
    18 121.187  -0.017 121.170  1564496.0 394712.7 52022.6 28570.7   9970.0  1970.9  2360.4
    19 369.898  -0.003 369.896  1772770.4 340509.6 78375.8 36917.9  14190.9  1940.9  3341.8
    20 -52.978   0.001 -52.977  1775853.7 360857.8 62267.8 23856.5  14370.8  4816.3  3120.4
    21 -306.757   0.002 -306.755  1702456.9 242140.5 43600.2 30803.8  12850.0  1744.4  2606.4
    22 -761.573   0.013 -761.560  1559623.7 270265.4 51731.4 22806.1  13318.7  2345.2  2719.2
    23 -127.372  -0.001 -127.374  1493731.0 339985.6 35152.2 33950.9  10614.5  3089.5  2702.5
    24 385.870  -0.004 385.865  1703133.4 381219.7 73484.9 32379.0  15594.7  2782.2  3995.2
    25 507.051  -0.004 507.047  1891776.9 378149.2 76198.6 35195.3  15509.2  3347.7  4246.2

         Carbon flux (ktC/yr)        Water (dam3/yr)                Nitrogen (MgN/yr)
       ----------------------- -------------------------- --------------------------------
Spinup NEP     estab   NBP     transp     evap    interc  nuptake ndemand  nlosses ninflux
------ ------- ------- ------- ---------- ------- ------- ------- -------- ------- -------
    26 320.289  -0.003 320.286  1917939.1 317334.0 68375.2 34804.7  15507.9  2483.5  3528.2
    27 284.451  -0.002 284.448  2048036.2 424204.1 95970.3 33277.8  16388.0  1848.4  3861.5
    28 100.337   0.001 100.337  2111370.2 387452.3 154757.7 27818.2  16376.9  4097.3  3640.8
    29 163.244  -0.001 163.243  2075976.9 352997.4 100981.1 35708.8  17369.3  1388.8  3754.2
    30  68.487  -0.001  68.486  2086083.2 417170.8 104370.3 31949.0  17780.7  1092.9  3809.3
    31 -16.234   0.000 -16.234  2089171.0 415967.5 106951.6 30708.1  18161.2   733.4  3747.5
    32 -397.526   0.004 -397.522  1880902.8 283941.8 59531.7 29566.5  16460.5   733.6  2886.4
    33  80.196  -0.001  80.195  1962587.6 344788.0 106887.1 29653.4  16542.2   748.4  3421.0
    34 -622.341   0.010 -622.331  1786861.4 275766.5 61369.5 26386.0  14693.4  1527.9  2823.2
    35 645.071  -0.007 645.064  1862766.8 395056.2 47977.5 42012.9  14353.8  1683.0  3899.3
    36 -1559.895   0.054 -1559.841  1473323.4 217166.1 49466.9 10744.8  10369.4  2045.7  1658.7
    37 -198.853  -0.025 -198.878  1316948.8 566511.2 46541.5 26604.0   9346.0  6676.6  2735.6
    38 370.627  -0.006 370.620  1583719.5 255718.3 26613.1 37287.6  13013.4  4496.6  3463.1
    39 115.845   0.002 115.847  1517556.3 389559.1 43025.6 27739.0  10431.5  3723.9  2913.6
    40 556.525  -0.005 556.521  1815737.1 370202.6 67420.5 38006.8  15144.9  2613.1  4201.8
    41 165.190  -0.002 165.188  1853068.5 454720.3 81743.5 31663.7  12407.0  5395.8  3418.9
    42 -132.843   0.002 -132.841  1748718.6 291450.6 50474.5 27032.3  14571.5  3022.0  3118.2
    43 693.483  -0.005 693.478  2135798.0 408217.2 129054.9 44545.3  20256.2  4190.4  5232.2
    44 149.229  -0.000 149.229  2111263.9 383942.5 147380.5 24546.0  16793.0  3632.8  3751.1
    45 152.978  -0.001 152.977  2098278.6 368912.0 78489.6 33871.3  16243.9  1685.5  3811.6
    46 144.488  -0.000 144.488  2107863.2 384834.2 149378.1 29886.4  16755.6  1962.5  3681.0
    47 -372.661   0.003 -372.657  1836510.0 379113.3 71868.9 26422.4  13581.5  1403.5  2595.7
    48 242.584  -0.002 242.582  1968948.7 359435.0 103233.5 32888.5  15433.7  1764.3  3444.4
    49 -457.120   0.008 -457.112  1735692.7 306464.7 80845.7 21931.0  13587.8  2954.3  2499.9
    50 465.996  -0.005 465.990  1919584.9 375338.2 93094.3 32228.9  14030.6  2136.7  3421.4

         Carbon flux (ktC/yr)        Water (dam3/yr)                Nitrogen (MgN/yr)
       ----------------------- -------------------------- --------------------------------
Spinup NEP     estab   NBP     transp     evap    interc  nuptake ndemand  nlosses ninflux
------ ------- ------- ------- ---------- ------- ------- ------- -------- ------- -------
    51 -1037.028   0.027 -1037.001  1611389.9 221680.4 47384.2 18207.4  10540.7  3074.6  1908.9
    52 995.669  -0.018 995.651  1930729.7 461766.3 98747.2 42843.5  17193.6  5430.0  5237.0
    53 -876.863   0.013 -876.849  1608880.6 221463.0 45800.8 16398.8  11150.9  2785.8  2043.1
    54  96.827  -0.003  96.824  1554249.8 331146.8 33181.9 31672.8  10027.0  4466.6  2722.4
    55  90.799  -0.002  90.798  1540263.3 345727.9 64188.3 34805.5  13819.1  3983.3  3569.2
    56 -162.024   0.000 -162.024  1530807.5 313313.8 57523.3 25136.4  15630.6  8972.9  3267.6
    57 725.117  -0.005 725.112  1704541.2 400168.0 38354.3 43642.9  13524.1  1393.0  4053.6
    58 -892.541   0.018 -892.523  1585146.5 260121.3 65653.5 12123.0  15600.3  1965.7  2945.1
    59 687.895  -0.013 687.882  1670490.8 435778.3 47735.6 37280.6  13389.3  5451.3  3633.0
    60 -18.637  -0.001 -18.638  1730476.7 243816.4 39089.1 29976.3  11876.3  2669.9  2709.4
    61 -617.207   0.005 -617.202  1461714.3 226542.9 39556.7 21690.1   9136.7  4628.4  2136.5
    62 -238.575   0.004 -238.570  1392378.5 364465.5 41915.3 23396.6  12859.9  3245.1  3179.3
    63 419.161  -0.004 419.156  1580161.7 404630.6 43615.0 31685.5  12488.1  8932.7  3519.7
    64 505.801  -0.004 505.797  1814668.0 389882.0 83871.8 33151.4  13515.6  6540.5  3665.1
    65  16.211  -0.000  16.211  1761006.7 311574.4 44938.8 33541.8  13861.9  4141.7  3223.2
    66 -744.568   0.006 -744.562  1463448.5 225810.4 40379.0 20176.5   9889.5  4215.8  2104.1
    67 -565.340   0.006 -565.334  1295860.4 235656.8 30641.5 22817.3   9238.1  5244.5  2349.8
    68 -210.991   0.002 -210.989  1356555.9 265650.5 32638.1 26215.3  12576.4  3571.6  3158.7
    69 285.730  -0.002 285.729  1491464.1 330168.1 32047.9 32893.2  12389.6  4137.3  3465.1
    70 293.639  -0.003 293.636  1486601.9 384796.3 40784.5 28064.7  13044.3  5291.0  3635.5
    71 -475.050   0.011 -475.039  1531888.6 295072.6 55396.4 20648.3  12268.5  8821.7  3190.7
    72 979.178  -0.016 979.162  1817714.1 429534.2 47287.4 43004.9  12980.5  6652.7  4191.1
    73 -681.903   0.019 -681.884  1650551.1 274665.0 65611.8 13854.0  12883.7  4522.6  2968.2
    74 645.180  -0.019 645.161  1637777.3 402650.1 43353.0 31883.8  10439.0  8667.5  3087.1
    75 224.780  -0.001 224.779  1739493.1 403164.5 58478.2 29699.7  12265.2  4920.2  3285.0

         Carbon flux (ktC/yr)        Water (dam3/yr)                Nitrogen (MgN/yr)
       ----------------------- -------------------------- --------------------------------
Spinup NEP     estab   NBP     transp     evap    interc  nuptake ndemand  nlosses ninflux
------ ------- ------- ------- ---------- ------- ------- ------- -------- ------- -------
    76 -386.339   0.013 -386.327  1674465.9 272672.1 50848.0 27682.0  13736.7  2112.3  3056.0
    77 324.120  -0.008 324.112  1733986.3 474828.8 72701.6 34512.9  12766.4  3365.9  3423.8
    78 260.146  -0.001 260.145  1917379.8 400960.8 120361.4 26089.2  17181.3  7189.4  4145.9
    79 186.359  -0.001 186.358  1828486.5 394399.1 64234.1 28698.9  16818.7  1862.7  3638.7
    80 -228.793   0.002 -228.791  1724641.1 370872.7 60907.7 26999.4  12775.2  1159.2  2712.3
    81 -155.562  -0.000 -155.562  1689262.4 232712.1 41042.4 30707.0  13142.0  1749.4  2732.9
    82 -122.460   0.003 -122.457  1610510.2 309801.0 65767.0 24271.7  14187.4  2351.2  2829.9
    83 609.257  -0.005 609.253  1825950.1 465076.0 72007.2 37912.6  15673.0  1749.7  4165.2
    84 -517.720   0.006 -517.714  1676726.3 232669.6 51933.3 17503.0  13568.1  3263.8  2535.1
    85 574.075  -0.004 574.071  1884582.3 418600.0 105684.7 30696.4  14447.4  6562.8  4131.5
    86 -64.733   0.000 -64.733  1661144.2 384053.4 54338.5 27054.4  11324.8  3413.8  2781.2
    87  99.671  -0.001  99.670  1732614.4 368171.4 54427.4 28685.6  13423.1  2447.2  3276.8
    88 227.616  -0.002 227.613  1920188.0 386221.7 64199.2 33145.5  16274.9  1248.4  4185.3
    89 -604.051   0.008 -604.042  1678701.3 225516.2 51658.7 18967.9  13493.4  1684.2  2487.6
    90 832.964  -0.007 832.957  1849873.1 399418.9 40477.7 42687.7  13139.6  2560.3  4019.3
    91 -506.361   0.006 -506.356  1704909.8 294484.0 73320.3 18207.4  15210.8  1998.8  2801.2
    92 -325.650   0.002 -325.648  1598689.7 238871.5 43452.7 21110.7  11820.7  3398.8  2660.9
    93 649.532  -0.005 649.526  1842021.8 467717.0 65595.8 38491.7  13756.6  2212.1  4171.0
    94 -69.512   0.000 -69.512  1783353.1 304893.1 46093.2 30224.5  14282.2  2766.2  3298.2
    95 359.829  -0.004 359.826  2144993.4 387308.8 127873.5 39234.4  21556.1  1579.8  5466.0
    96 -209.190   0.002 -209.188  1867131.6 286761.9 52256.8 27980.5  15941.9  1138.1  3132.5
    97 -338.415   0.003 -338.412  1640602.8 356139.9 59016.2 22085.6  11443.1  1425.7  2545.2
    98 292.967  -0.003 292.964  1912624.3 380687.6 60419.4 34698.5  15816.7  1619.6  4228.2
    99 -568.598   0.007 -568.591  1659340.9 227250.8 51368.2 18985.7  12908.8  2290.0  2543.5
   100 -512.808   0.004 -512.804  1558960.3 286002.3 58697.8 18326.2  11928.5  4119.0  3010.6

         Carbon flux (ktC/yr)        Water (dam3/yr)                Nitrogen (MgN/yr)
       ----------------------- -------------------------- --------------------------------
Spinup NEP     estab   NBP     transp     evap    interc  nuptake ndemand  nlosses ninflux
------ ------- ------- ------- ---------- ------- ------- ------- -------- ------- -------
   101 114.013  -0.002 114.010  1599601.5 297950.8 40220.1 37629.1  11831.2  4565.5  3326.2
   102 416.120  -0.004 416.116  1692166.4 416079.4 53109.6 30127.5  15674.0  4436.1  3990.3
   103 173.443  -0.002 173.442  1746394.7 369313.1 69092.2 32611.5  11974.5  3528.5  3276.8
   104  56.152  -0.000  56.152  1768402.3 299651.6 45052.4 33788.0  14972.0  3877.4  3358.2
   105 -262.919   0.002 -262.917  1611087.3 360001.4 56923.0 25124.9  12021.8  1794.5  2690.2
   106 -128.839   0.001 -128.838  1630540.0 302305.1 45066.6 28673.6  13995.8  1999.1  3126.9
   107  88.319  -0.001  88.318  1660236.8 315096.4 41542.7 36218.0  13976.9  2770.2  3238.1
   108 187.680  -0.002 187.678  1753151.5 396981.8 60983.1 29425.6  17032.3  1789.4  3693.2
   109 644.537  -0.004 644.534  1928109.3 385457.7 50972.3 41282.0  13975.7  1762.5  3887.5
   110 -201.863   0.002 -201.861  1850221.8 347431.2 68599.5 21117.9  13943.3  1611.1  2891.2
   111 -47.625   0.000 -47.625  1790705.6 396681.6 68388.4 31163.4  13410.7  1961.0  3012.2
   112 -478.904   0.004 -478.900  1646429.6 294889.1 51697.5 24688.4  13578.7  1531.9  2755.6
   113 716.884  -0.006 716.879  2031271.4 422383.9 124162.2 43976.3  20498.4  3083.9  5389.6
   114 -278.597   0.003 -278.595  1740109.1 337357.7 64317.9 18388.6  15269.8  1669.7  3104.9
   115 -835.026   0.020 -835.006  1671494.0 280882.2 70827.6 16962.5  13014.0  3594.9  2882.0
   116 891.196  -0.017 891.179  1873026.7 428441.8 53021.3 42560.5  13128.2  5173.1  3873.9
   117 -131.482   0.001 -131.480  1693695.5 364894.7 60942.2 25078.9  10444.4  2562.9  2490.7
   118 281.660  -0.002 281.658  1876260.2 352448.5 84641.1 35901.0  15987.6  1275.9  3830.2
   119 250.008  -0.001 250.007  1888283.3 331522.5 88830.3 34617.2  15607.9  2652.3  3448.1
   120 -1077.075   0.021 -1077.054  1630690.6 219133.0 50976.0 15837.0  12824.1  3753.6  1959.3
   121 529.117  -0.010 529.107  1596304.2 362456.3 63942.2 39073.9  12610.2  3426.5  3290.7
   122 -80.560  -0.000 -80.561  1593829.9 379210.8 50982.5 25915.4  12975.1  5657.4  3048.0
   123 -581.732   0.006 -581.726  1581223.2 280231.3 62359.4 20662.6  14864.2  2535.5  3117.8
   124 349.072  -0.004 349.068  1551408.3 378886.8 43997.2 34258.7  13152.4  3839.1  3383.8
   125  82.354  -0.001  82.352  1597052.9 372167.3 48893.4 28076.3  13945.1  4130.8  3476.9

         Carbon flux (ktC/yr)        Water (dam3/yr)                Nitrogen (MgN/yr)
       ----------------------- -------------------------- --------------------------------
Spinup NEP     estab   NBP     transp     evap    interc  nuptake ndemand  nlosses ninflux
------ ------- ------- ------- ---------- ------- ------- ------- -------- ------- -------
   126 -386.487   0.005 -386.481  1493221.2 316150.9 36604.6 23172.8  11400.7  3799.9  2271.7
   127  31.018  -0.001  31.017  1565729.8 327637.1 37872.0 35240.4  10489.2  3600.8  2602.0
   128 401.676  -0.004 401.672  1800558.7 409165.4 74942.9 33640.0  17389.3  3778.2  4559.6
   129 -446.559   0.005 -446.555  1631156.9 236694.7 48756.9 21168.8  13036.4  6080.0  2610.5
   130 -216.107   0.001 -216.106  1640270.6 284301.8 45519.3 29777.8  12519.7  2712.9  3067.3
   131  11.963  -0.001  11.962  1511651.8 357236.1 46494.5 26990.3  12967.2  3284.3  3264.8
   132 432.423  -0.004 432.419  1776117.3 332809.8 49309.3 38858.4  14022.6  6112.8  3678.0
   133 345.058  -0.003 345.055  1888909.1 438152.1 82636.5 32045.6  15790.2  2107.4  3982.8
   134  34.921   0.001  34.921  1845734.5 359604.0 66300.2 25155.6  12908.5  4944.2  2944.7
   135 185.596  -0.001 185.596  1842846.1 397248.2 68410.1 32868.0  16207.3  2063.4  3347.5
   136 -550.269   0.010 -550.259  1772186.2 272960.4 60336.3 26844.2  14158.8  1341.9  2757.8
   137 -190.122  -0.000 -190.122  1629658.2 326683.4 43467.2 31059.1  10695.9  2566.1  2424.2
   138 -414.794   0.006 -414.789  1483356.9 296122.3 42850.6 22061.2  13336.3  2424.1  2986.7
   139  82.369  -0.003  82.366  1503007.9 330987.8 57356.5 30282.6  13414.7  6097.4  3049.5
   140 514.456  -0.004 514.451  1744081.3 336925.9 47998.6 38464.5  14352.3  3722.2  3649.7
   141 292.678  -0.002 292.676  1909571.6 404006.8 123609.8 27076.2  16113.1  5811.6  4031.5
   142 353.132  -0.002 353.130  1887098.7 338367.2 84725.9 37295.6  14927.8  2887.3  3515.3
   143 -303.521   0.002 -303.518  1718236.6 339926.9 62869.5 20723.3  16421.2  2408.7  3228.0
   144  53.791  -0.000  53.790  1752315.6 373288.9 58936.7 28158.6  12788.1  3116.5  3125.3
   145 -197.725   0.002 -197.723  1675356.6 316150.0 51120.7 28254.1  13872.7  1765.5  2980.7
   146 214.891  -0.002 214.889  1764207.6 405200.6 63709.3 32389.3  16888.9  2786.6  3655.9
   147 -234.448   0.002 -234.446  1736142.8 313037.9 49998.7 30800.7  11352.6  1679.8  2454.5
   148 158.591  -0.002 158.589  1877432.1 372089.6 65471.3 32272.5  17366.2  1471.0  4237.3
   149  16.000   0.000  16.000  1763492.4 362240.1 63577.7 25642.6  13139.9  2418.9  3053.8
   150 149.383  -0.001 149.381  1850652.8 318298.7 61202.0 36293.5  15128.6  2059.9  3332.0

         Carbon flux (ktC/yr)        Water (dam3/yr)                Nitrogen (MgN/yr)
       ----------------------- -------------------------- --------------------------------
Spinup NEP     estab   NBP     transp     evap    interc  nuptake ndemand  nlosses ninflux
------ ------- ------- ------- ---------- ------- ------- ------- -------- ------- -------
   151 -73.551  -0.000 -73.551  1866370.2 439468.6 95972.7 30196.2  13874.6  1427.7  3238.7
   152 -694.131   0.008 -694.123  1684491.3 509150.4 88050.8 23746.4  13598.2  2755.4  2559.9
   153 -471.068   0.003 -471.065  1586389.4 283390.1 62142.3 17972.2  14158.0  3756.3  3106.9
   154 831.417  -0.009 831.408  1877058.3 411191.9 54243.2 44584.2  14012.5  4531.3  4290.7
   155 -149.368  -0.000 -149.368  1746945.2 233240.5 43964.9 26694.8  12478.3  1794.6  2698.3
   156 -1403.761   0.058 -1403.704  1352383.5 221882.0 43292.9 15138.1   8288.9  3380.9  1644.4
   157 585.631  -0.033 585.597  1471501.5 434721.2 46129.1 36542.4  11981.6  3536.1  3758.1
   158 724.174  -0.007 724.167  1911817.2 434488.8 98847.2 38618.5  18563.0  8800.6  5760.0
   159 390.605  -0.003 390.602  1955376.9 404825.0 81984.3 28479.9  16345.9  3233.9  4565.9
   160  87.180  -0.001  87.180  1817911.2 365624.0 61042.7 26154.5  12321.8  3698.0  3073.9
   161 256.863  -0.002 256.861  1853112.0 327969.1 65552.8 38640.3  15001.1  1293.6  3303.6
   162  90.333  -0.001  90.332  1907216.3 306090.4 71473.1 32257.9  16661.2  1065.9  3358.9
   163 -444.473   0.004 -444.469  1792439.3 234023.7 47951.2 26177.6  13564.0  1771.8  2451.5
   164 -545.568   0.009 -545.559  1546196.5 316497.8 42425.9 24828.5   9429.7  2920.5  2068.8
   165 -762.644   0.012 -762.632  1408560.6 273817.1 39527.6 22745.1  13059.7  2604.9  3091.1
   166 -283.025  -0.005 -283.031  1361259.2 541373.3 47348.6 29666.7  11600.2  4096.3  3180.7
   167 406.667  -0.004 406.663  1505641.8 320299.6 28650.4 32206.8  13009.6  5581.4  3829.6
   168 771.092  -0.006 771.086  1834367.6 410574.7 47067.4 36380.9  14057.3  5719.4  4512.2
   169 488.994  -0.003 488.991  1932869.5 351869.5 76041.6 33063.6  14482.1  1903.9  4013.9
   170 -43.460   0.001 -43.459  1732000.2 368224.4 59541.9 25481.1  10894.0  3703.0  2617.4
   171 -151.920  -0.001 -151.921  1745014.8 228940.9 42278.4 31284.6  12173.9  2196.3  2610.0
   172 -648.086   0.009 -648.077  1471889.4 369222.3 56929.8 20274.7  10460.8  3359.9  2345.6
   173 -181.591   0.001 -181.590  1473971.2 249577.4 38661.5 26646.6  12747.4  5330.8  3043.8
   174 938.132  -0.007 938.125  1738861.1 414874.4 35909.5 46535.1  13469.9  4144.2  4325.7
   175 -44.116  -0.001 -44.117  1782914.8 451651.5 80799.5 26186.7  13355.7  2672.0  3545.9

         Carbon flux (ktC/yr)        Water (dam3/yr)                Nitrogen (MgN/yr)
       ----------------------- -------------------------- --------------------------------
Spinup NEP     estab   NBP     transp     evap    interc  nuptake ndemand  nlosses ninflux
------ ------- ------- ------- ---------- ------- ------- ------- -------- ------- -------
   176 -61.617   0.000 -61.617  1653351.8 367426.0 56285.2 26819.2  12838.4  3703.5  2952.6
   177 -22.132   0.001 -22.131  1606263.2 349170.8 51849.9 26728.1  14802.5  1866.8  3358.4
   178 642.126  -0.004 642.122  1856727.6 401199.7 45942.6 43947.6  14501.5  2796.6  4256.5
   179 -107.801   0.001 -107.800  1808548.3 351533.8 63942.4 21119.7  14197.7  1444.6  3114.4
   180 274.995  -0.002 274.993  1928767.2 371611.6 101893.3 33841.4  15319.7  1939.8  3573.0
   181 -62.952   0.000 -62.952  1866531.1 357296.5 84107.9 29478.8  13636.3  1632.6  3102.6
   182 -589.889   0.010 -589.879  1589767.7 297275.4 44398.2 20252.3  13172.6  2258.4  2154.7
   183 -110.955  -0.001 -110.956  1572000.8 305789.6 43285.2 27619.2  12834.9  1710.7  2928.5
   184  47.368  -0.001  47.367  1555865.4 388781.2 50500.2 29138.6  11361.6  2933.5  2888.4
   185  20.740  -0.000  20.740  1542565.7 355925.9 50954.9 26006.0  14284.5  1951.7  3388.7
   186 278.936  -0.003 278.934  1706051.5 412370.5 59108.5 33028.3  16270.9  3995.0  3867.4
   187 308.042  -0.002 308.041  1904647.3 413855.7 126305.6 29161.2  15750.1  4880.0  3999.0
   188 259.377  -0.002 259.375  1972841.2 364866.3 90824.5 33423.3  16848.9  1783.8  4002.1
   189  95.054  -0.001  95.053  2013655.9 424790.1 97717.7 30789.2  17298.7  1331.6  3964.1
   190 -1156.918   0.032 -1156.887  1657216.4 215022.2 52753.4 14468.9  12213.4  1546.9  1853.8
   191 -299.313  -0.008 -299.321  1463232.1 536245.0 58732.0 27042.8  10712.2  4863.1  2691.8
   192 748.540  -0.006 748.533  1830379.2 424648.7 64582.0 37253.7  16247.5  6770.1  4851.9
   193 364.425  -0.003 364.422  1989054.3 380003.1 61863.8 30547.1  15458.5  3993.2  4277.1
   194 257.022  -0.002 257.020  2060794.0 360254.5 69869.0 31686.4  15399.0  1370.3  3962.5
   195 -260.660   0.004 -260.656  1749261.0 361204.6 64006.5 24434.3  10406.1  1699.2  2306.6
   196 251.330  -0.002 251.328  1819967.9 332983.9 81754.7 36450.0  13841.1  1602.7  3189.9
   197 139.076  -0.002 139.075  2003818.0 339245.7 88471.7 31874.6  18714.2  2827.5  4156.0
   198 -594.680   0.007 -594.672  1822855.3 262909.9 59982.5 25448.5  15447.0  1424.7  2941.3
   199 189.037  -0.003 189.033  1755040.4 369652.8 55779.2 28983.7  12764.2  3318.7  3144.6
   200 637.049  -0.004 637.045  2135345.4 407886.1 131889.4 42071.2  19944.1  2133.5  5186.4

         Carbon flux (ktC/yr)        Water (dam3/yr)                Nitrogen (MgN/yr)
       ----------------------- -------------------------- --------------------------------
Spinup NEP     estab   NBP     transp     evap    interc  nuptake ndemand  nlosses ninflux
------ ------- ------- ------- ---------- ------- ------- ------- -------- ------- -------
   201 -265.914   0.002 -265.912  1919094.6 371588.3 77442.2 22795.2  14158.4  1546.6  2864.8
   202 -47.393   0.001 -47.392  1784229.7 327261.9 87129.6 31760.3  13302.2  1960.7  2861.0
   203 -172.034  -0.001 -172.034  1821518.1 231652.3 44458.9 31055.1  16086.0  3622.0  3014.7
   204 146.252  -0.000 146.252  1847510.8 435966.3 84835.9 33652.2  16168.1  1240.4  3774.7
   205 102.833  -0.001 102.833  1986217.1 359034.0 109667.1 29024.9  15832.5  1759.3  3463.0
   206 -963.871   0.027 -963.844  1740098.2 274893.7 78675.6 15146.7  14654.2  2489.1  2789.3
   207 881.392  -0.027 881.365  1839280.4 496722.9 68633.7 44671.4  13035.1  4031.5  3566.3
   208 225.667  -0.001 225.666  2083031.4 394674.1 140840.7 25464.0  15410.4  4800.7  3741.0
   209 -732.465   0.011 -732.454  1733110.1 236879.7 56335.4 20497.2  12134.9  3353.6  2252.9
   210 -355.143  -0.002 -355.145  1562270.3 238830.9 36704.3 27967.5   9851.7  3945.0  2393.2
   211 600.282  -0.004 600.278  1865108.6 418157.0 72240.0 38652.5  15332.3  2699.3  4329.0
   212 -135.023   0.000 -135.023  1790188.0 378019.0 60729.6 25444.1  12346.0  3587.2  2836.0
   213 131.679  -0.001 131.678  1814788.8 351108.5 73089.2 33370.1  12320.6  2917.5  3063.0
   214  30.324  -0.001  30.323  1891721.7 444770.1 88003.0 32665.3  13446.5  4879.8  3389.0
   215 -65.502   0.000 -65.502  1842144.1 339462.3 79782.6 30486.8  14751.7  2376.5  3222.2
   216 -176.194  -0.000 -176.194  1834177.3 230280.7 45623.5 31855.2  15262.8  1818.1  2877.1
   217 128.893   0.001 128.894  1890728.7 304963.4 58088.6 34601.3  14791.5  1638.2  3193.4
   218 284.775  -0.003 284.772  2024659.4 387033.8 94536.5 33030.3  17277.3  1829.1  4212.4
   219 150.027  -0.001 150.026  2082687.2 353140.8 116190.6 29634.5  14857.1  2567.6  3282.2
   220 -1078.226   0.031 -1078.194  1807936.1 271997.2 83701.6 13949.0  13963.0  2683.4  2654.8
   221 1076.907  -0.031 1076.876  1875473.4 421217.8 41641.4 50405.6  11666.2  5261.8  3438.7
   222 215.040  -0.001 215.039  1980438.1 356983.9 56786.6 32392.3  14384.0  1157.5  3595.6
   223 -1880.092   0.077 -1880.015  1455844.5 213645.0 50690.5  9774.0   9200.0  2332.8  1441.6
   224 298.486  -0.058 298.427  1279379.4 453261.3 28088.7 31025.8   7430.0  4449.1  2438.5
   225 190.371  -0.004 190.367  1602333.8 251767.7 28726.6 32441.3  11901.4  3112.3  2995.0

         Carbon flux (ktC/yr)        Water (dam3/yr)                Nitrogen (MgN/yr)
       ----------------------- -------------------------- --------------------------------
Spinup NEP     estab   NBP     transp     evap    interc  nuptake ndemand  nlosses ninflux
------ ------- ------- ------- ---------- ------- ------- ------- -------- ------- -------
   226 -648.258   0.015 -648.243  1483398.8 278429.1 51611.6 17850.6  12477.0  4672.5  3063.4
   227 1041.191  -0.019 1041.172  1742225.7 420416.9 50411.1 45642.4  12545.9  5840.8  3999.2
   228 235.382  -0.002 235.380  1770893.9 373535.3 50925.7 24789.8  11427.7  9400.3  3123.3
   229 469.599  -0.004 469.595  1997864.7 383878.2 61864.6 38324.6  13815.8  3569.9  3824.0
   230  49.343  -0.000  49.343  1917863.5 300534.9 68691.2 32844.2  13553.0  1599.7  2768.1
   231 -994.917   0.030 -994.887  1768020.4 263459.3 74787.2 14033.3  14038.0  3592.8  2656.4
   232 855.961  -0.029 855.932  1802677.7 418069.3 61767.7 44294.1  12455.9  4835.7  3318.2
   233 -893.994   0.029 -893.966  1753683.8 270324.7 70737.8 14468.6  12587.1  6158.2  2673.2
   234 -252.038  -0.020 -252.059  1511376.9 544804.8 57471.4 29101.8   9028.0  9157.9  2365.7
   235 840.769  -0.006 840.763  1865130.8 364916.3 59804.6 40464.9  14821.3  5496.7  4090.1
   236 368.335  -0.003 368.332  2003144.6 359269.1 91596.5 29416.7  13791.4  6891.1  3400.7
   237  98.745  -0.001  98.744  1990527.6 299819.1 58915.4 33500.6  13851.3  4973.0  3012.2
   238 -337.476   0.003 -337.473  1720672.2 346968.8 59988.6 24713.3  11404.2  1874.0  2380.2
   239 -463.348   0.005 -463.344  1534122.3 302884.5 36582.2 22941.2  11541.1  1781.6  2005.9
   240 378.695  -0.003 378.691  1672072.9 412899.5 49814.0 34085.0  13181.0  3139.0  3277.0
   241 551.922  -0.004 551.918  1951191.5 402161.4 79478.1 33126.8  16547.1  3386.7  4298.9
   242 -524.262   0.010 -524.252  1830051.7 266317.2 55646.6 24532.1  14266.0  2945.9  2776.5
   243 -152.147  -0.000 -152.147  1682652.0 315662.9 40285.5 30798.8  10509.3  2723.1  2339.3
   244 -709.277   0.011 -709.266  1542222.1 264437.9 56928.1 16107.5  14404.5  3546.8  2886.8
   245 -367.766   0.014 -367.752  1400268.3 240944.8 29808.6 31176.5   8770.9  5221.4  2089.1
   246 -208.165  -0.008 -208.173  1377146.1 545910.3 48756.2 29450.1  11260.5  6944.8  2979.4
   247 448.032  -0.007 448.025  1577420.5 253987.5 26345.3 38023.1  13721.9  4016.9  3513.3
   248 726.234  -0.003 726.231  1846879.5 419492.4 66983.4 33601.4  15745.8  4274.4  4556.5
   249 315.347  -0.002 315.344  1858402.7 397809.7 60372.1 27301.4  15260.7  7190.6  3603.6
   250 281.483  -0.002 281.481  1910057.1 390747.0 64279.3 30904.5  15054.1  3138.0  3434.1

         Carbon flux (ktC/yr)        Water (dam3/yr)                Nitrogen (MgN/yr)
       ----------------------- -------------------------- --------------------------------
Spinup NEP     estab   NBP     transp     evap    interc  nuptake ndemand  nlosses ninflux
------ ------- ------- ------- ---------- ------- ------- ------- -------- ------- -------
   251 245.835  -0.002 245.833  2031466.8 345204.8 87988.9 34340.0  15020.2  1673.4  3528.5
   252 -319.815   0.003 -319.812  1789602.7 331129.9 62197.0 20834.8  14463.1  2224.1  2854.3
   253 440.212  -0.003 440.208  1999632.1 444396.9 81029.1 36941.1  15416.4  2013.8  3939.3
   254 -91.270   0.001 -91.268  1915197.7 348289.4 66055.7 22559.6  13178.4  3139.6  2837.7
   255 -44.773   0.001 -44.773  1838909.3 385916.8 66205.0 30686.4  13930.7  1569.9  2951.4
   256 140.453  -0.001 140.452  1981507.9 363753.8 67634.0 33806.5  17027.2   966.5  3904.1
   257 -19.799   0.001 -19.798  1882818.1 381716.6 70414.6 26165.2  17458.8   863.4  3344.6
   258  87.448  -0.001  87.447  1992767.0 366698.0 72176.3 32412.8  16816.6   927.8  3891.1
   259 144.654  -0.000 144.654  2043927.7 388175.0 140121.5 28061.8  17401.9  1500.7  3810.8
   260 166.813  -0.001 166.812  2076194.8 401425.8 99557.7 30495.9  18448.4  1267.8  4210.5
   261  58.946   0.000  58.947  1980518.7 318737.4 93950.0 31771.9  16935.6  1151.2  3385.3
   262 -210.102   0.002 -210.100  1907488.4 377725.5 74786.8 24835.8  19555.0  1225.2  3535.1
   263 -379.428   0.004 -379.424  1759177.5 308109.3 50050.4 30030.0  12347.4  1063.7  2403.1
   264 -613.396   0.012 -613.384  1527222.2 287140.8 46681.6 20094.2  14556.4  1440.2  2890.8
   265 -394.879   0.002 -394.877  1497226.1 297718.3 56349.1 21880.2  14259.3  3146.7  3228.0
   266 627.277  -0.009 627.268  1725258.2 349347.7 44205.1 41953.7  13362.4  4580.5  3712.9
   267 -208.894   0.002 -208.891  1665338.0 313867.0 43090.4 28652.0  11242.8  2634.0  2574.9
   268 -461.242   0.005 -461.237  1494675.6 296286.0 42887.2 23262.5  13366.2  2624.1  2972.1
   269 -613.315   0.005 -613.310  1383932.7 233483.3 35709.3 24031.9  10185.4  4249.0  2175.9
   270 237.428  -0.002 237.426  1457334.9 326781.4 29556.5 38343.9  13144.1  4105.8  3584.4
   271 -537.236   0.008 -537.229  1393199.5 277297.8 52021.4 18931.3  13616.5  4914.8  3270.6
   272 672.618  -0.011 672.607  1574765.1 406255.0 50382.3 40579.0  10853.5  6659.5  3471.3
   273 155.032  -0.002 155.030  1570014.8 385938.8 48062.9 27369.3  11486.5  6627.2  3055.5
   274 -497.319   0.005 -497.314  1572197.0 282785.4 62634.5 20707.9  13453.2  4622.5  3100.4
   275 -209.019  -0.003 -209.023  1525734.3 296165.2 55429.4 25495.7  11685.8  6348.7  2978.0

         Carbon flux (ktC/yr)        Water (dam3/yr)                Nitrogen (MgN/yr)
       ----------------------- -------------------------- --------------------------------
Spinup NEP     estab   NBP     transp     evap    interc  nuptake ndemand  nlosses ninflux
------ ------- ------- ------- ---------- ------- ------- ------- -------- ------- -------
   276  84.789  -0.000  84.789  1533153.1 252590.1 39183.7 32936.2  11482.4  8207.4  2839.2
   277  91.370  -0.001  91.369  1537925.9 406047.9 46288.3 32415.6  11237.4  4132.6  2936.2
   278 -436.914   0.006 -436.909  1529673.5 286092.2 58522.5 20731.7  13240.9  6276.1  3177.6
   279 247.016  -0.006 247.010  1524831.2 329195.6 54764.8 31760.7  11820.5  9002.1  3018.5
   280 -106.776   0.001 -106.775  1534396.8 246512.9 41373.4 26185.7  12287.4  5735.5  2831.6
   281 -107.354   0.000 -107.353  1598299.2 288011.4 44383.1 33556.5  13051.6  3246.4  3241.4
   282 868.708  -0.007 868.702  1995452.9 423536.9 112501.8 42058.4  19930.7  5557.9  5633.4
   283 -493.746   0.006 -493.739  1683480.6 225212.1 53051.2 16393.4  13759.8  3769.3  2601.3
   284 -76.095   0.001 -76.094  1594394.9 241510.6 42244.4 23107.3  11462.5  4044.2  2716.9
   285 891.426  -0.006 891.420  2009255.2 415133.9 106057.4 47666.7  18712.6  4624.8  5595.2
   286 -851.443   0.016 -851.427  1615098.7 220248.0 46870.1 14029.0  12020.5  1872.7  2085.7
   287 420.638  -0.007 420.631  1630583.7 329422.8 48374.2 32393.4  13221.1  2418.4  3451.4
   288  83.882  -0.002  83.881  1740194.4 459072.3 73069.3 30752.5  13082.4  4476.0  3716.1
   289 -28.092   0.000 -28.091  1613619.6 372155.1 52288.9 26041.0  13263.0  3373.9  3078.9
   290 308.623  -0.003 308.621  1820630.9 370254.7 86979.8 31623.9  16049.5  2176.9  3931.3
   291 -54.072   0.001 -54.071  1751135.4 317040.0 45216.9 30064.1  12266.0  1935.8  2736.6
   292 -214.433   0.002 -214.430  1622321.3 302476.6 66221.0 23188.0  15481.8  2259.6  3032.5
   293 419.823  -0.003 419.820  1690847.8 346565.9 72163.8 38267.6  14868.5  1911.4  3653.5
   294 200.083  -0.002 200.081  1839120.7 316744.8 63491.2 30896.5  18438.9  2466.5  4018.6
   295 -79.456   0.001 -79.456  1792632.0 382204.7 68201.9 25606.2  15439.9  1476.3  3301.5
   296 312.856  -0.002 312.854  1953306.9 396873.4 88831.7 33657.1  18236.4  1370.6  4436.2
   297 -527.519   0.009 -527.510  1788208.7 268334.7 59873.8 24417.1  15732.7  1203.8  3019.0
   298 191.981  -0.004 191.977  1808674.8 458544.0 81316.5 33276.4  12999.6  2082.9  3349.1
   299 -195.345   0.001 -195.344  1770701.5 231433.7 45263.2 28241.5  15304.1  1662.3  2936.8
   300 -348.101   0.005 -348.096  1578659.2 302896.3 45447.3 28707.3  13392.8  1945.9  2833.1

         Carbon flux (ktC/yr)        Water (dam3/yr)                Nitrogen (MgN/yr)
       ----------------------- -------------------------- --------------------------------
Spinup NEP     estab   NBP     transp     evap    interc  nuptake ndemand  nlosses ninflux
------ ------- ------- ------- ---------- ------- ------- ------- -------- ------- -------
   301 -471.828   0.006 -471.822  1484171.7 317382.5 39148.2 26320.1  10572.7  2763.2  2443.5
   302 -151.555   0.000 -151.555  1382173.2 390589.0 40880.3 25076.0  12027.1  2583.5  3176.0
   303 114.543  -0.002 114.541  1413194.2 371884.6 40438.9 27218.4  14030.5  2203.3  3792.2
   304 -80.831  -0.001 -80.831  1489013.2 252953.2 39442.6 27125.6  12891.5  5358.8  3184.8
   305 220.567  -0.001 220.566  1579548.2 337749.2 35529.6 38377.4  10666.0  3614.9  2890.6
   306 -353.817   0.003 -353.815  1442049.0 383748.6 48714.8 23875.6  12877.0  2938.5  3043.2
   307 287.762  -0.004 287.758  1579683.5 378852.1 58075.1 33696.4  12860.5  3745.5  3617.8
   308  99.312  -0.001  99.311  1568762.9 382430.8 50988.0 27439.7  12335.9  4594.0  3139.2
   309 372.736  -0.003 372.733  1819709.6 416624.8 114753.0 31270.0  16213.8  6427.2  4332.5
   310 264.846  -0.002 264.844  1877589.2 377244.7 98571.3 29515.5  14993.8  2662.5  3738.6
   311 213.404  -0.002 213.403  1986799.7 359982.2 89852.8 33525.6  16665.8  1470.5  4101.7
   312 -673.481   0.011 -673.470  1697036.5 227348.0 55703.9 18549.9  13768.9  2728.8  2514.0
   313 365.674  -0.006 365.668  1778375.6 468928.9 72050.3 34841.9  11709.1  3203.3  3388.5
   314 123.345  -0.001 123.344  1896904.6 359951.1 96498.9 27333.2  15700.0  3427.8  3772.2
   315 147.435  -0.001 147.434  1972087.9 402771.0 129853.5 28327.7  16212.5  3824.0  4043.3
   316 -176.885   0.001 -176.884  1704696.5 373894.8 60677.6 26722.7  12086.6  1772.2  2708.7
   317 -15.044  -0.000 -15.044  1749275.2 348107.5 73508.8 31604.6  13925.7  1148.8  3169.5
   318 -17.698  -0.000 -17.699  1771467.1 347019.0 76250.5 29354.8  15164.8  1524.9  3418.9
   319 175.356  -0.002 175.355  1973586.3 392201.9 90440.8 30197.0  19213.3  1702.2  4597.3
   320 -653.909   0.009 -653.900  1715698.4 508516.4 85893.4 21816.6  13226.7  2007.0  2631.9
   321 571.043  -0.007 571.036  1889153.0 459381.8 72789.8 35086.6  15797.1  1786.6  4347.4
   322 -556.117   0.007 -556.109  1699512.1 230613.1 52436.7 17236.4  13384.4  2902.5  2594.0
   323 -319.916   0.004 -319.913  1481434.3 307297.0 33966.6 20473.1  10062.4  2631.1  2277.2
   324 -112.605  -0.003 -112.608  1505875.7 242137.7 31337.8 29766.1  10514.5  3183.0  2868.4
   325  56.168   0.002  56.170  1535523.3 364683.0 56766.0 30073.8  11765.1  3261.3  3293.4

         Carbon flux (ktC/yr)        Water (dam3/yr)                Nitrogen (MgN/yr)
       ----------------------- -------------------------- --------------------------------
Spinup NEP     estab   NBP     transp     evap    interc  nuptake ndemand  nlosses ninflux
------ ------- ------- ------- ---------- ------- ------- ------- -------- ------- -------
   326 -215.847   0.001 -215.846  1410623.0 316164.6 31710.4 22976.1  12508.6  5248.0  2665.6
   327 218.408  -0.003 218.405  1551190.6 311904.0 37313.4 30059.7  12838.9  2885.7  3396.0
   328 165.558  -0.002 165.556  1569965.9 391519.2 47909.3 29681.9  11080.7  4093.3  2977.5
   329  46.333  -0.001  46.333  1647066.0 303740.7 44094.0 29074.6  13785.2  2588.0  3303.4
   330 411.259  -0.004 411.255  1921913.8 386821.6 61941.0 35331.2  15748.6  3489.7  4306.5
   331 -218.528   0.003 -218.525  1748085.0 289083.6 52921.2 23930.6  13397.5  1738.5  2852.9
   332 -502.732   0.005 -502.727  1663909.6 523390.8 76890.9 26292.2  11437.7  4718.2  2602.1
   333 -98.902   0.003 -98.898  1674982.2 277395.7 45412.2 30574.6  13715.4  3520.9  3308.3
   334 331.871  -0.004 331.867  1678937.2 381076.1 50558.6 29030.7  12592.4  5259.8  3330.9
   335 253.857  -0.002 253.856  1741477.1 381459.2 55064.9 28238.2  12186.0  4778.8  3204.5
   336 475.022  -0.003 475.019  1991804.2 415757.4 87952.9 34059.6  16512.1  2827.1  4404.1
   337 136.648  -0.001 136.646  2083777.8 363118.6 75393.6 29036.1  16469.2  2317.5  4079.9
   338 -650.420   0.008 -650.411  1782267.6 498967.8 91692.3 23036.2  12085.9  2216.0  2451.6
   339 234.174  -0.004 234.170  1783796.4 355309.7 69865.4 31658.5  12636.4  2484.0  3182.3
   340  43.317   0.000  43.317  1790471.6 363393.3 57335.6 25933.4  13641.6  4473.4  3276.4
   341 -481.551   0.006 -481.545  1647318.8 239435.1 48804.7 22398.3  13348.6  2972.0  2675.3
   342  87.453  -0.003  87.450  1576823.4 388870.8 47885.7 30817.5  10192.8  2907.3  2771.7
   343 -83.394  -0.000 -83.394  1625682.4 384227.9 51868.7 28780.3  12546.1  1720.0  3065.1
   344 -91.227   0.000 -91.227  1601213.7 310108.5 63712.8 26412.5  14074.3  4127.9  3056.9
   345  50.001  -0.001  50.001  1536408.6 361503.9 48131.6 26635.6  13676.1  1816.8  3304.3
   346 320.878  -0.003 320.875  1810529.3 326528.8 50334.2 37685.3  14661.8  3927.3  3675.7
   347  62.462  -0.001  62.461  1851399.6 334277.9 84415.0 29027.7  15953.2  1294.7  3685.2
   348 -155.659   0.001 -155.658  1762152.1 293633.6 52645.2 26749.5  14665.3  2030.2  3135.9
   349 336.223  -0.003 336.221  1938076.8 367782.9 98771.7 34432.1  15315.8  3017.8  3569.3
   350 213.519  -0.002 213.517  1947083.3 321210.8 72784.8 34292.7  16087.4  1249.2  3432.8

         Carbon flux (ktC/yr)        Water (dam3/yr)                Nitrogen (MgN/yr)
       ----------------------- -------------------------- --------------------------------
Spinup NEP     estab   NBP     transp     evap    interc  nuptake ndemand  nlosses ninflux
------ ------- ------- ------- ---------- ------- ------- ------- -------- ------- -------
   351 -132.840   0.001 -132.839  1894404.6 331040.0 88754.1 28026.8  14383.7  1379.0  2941.4
   352 -426.097   0.006 -426.091  1724372.8 296613.8 80559.8 23169.1  15199.1  3083.0  2674.2
   353 302.510  -0.003 302.506  1726836.9 343418.9 78096.9 36360.3  14247.6  1895.1  3277.6
   354 -180.528   0.001 -180.527  1660628.8 369279.3 58889.0 24631.6  13685.2  3572.7  2904.5
   355  20.512  -0.001  20.511  1720113.8 352980.5 72070.9 32676.3  14263.3  1191.5  3275.3
   356 120.088  -0.001 120.086  1879799.9 361945.8 100482.8 28690.4  16941.6  1772.0  3809.2
   357 -77.890   0.001 -77.889  1781714.5 307690.5 49742.0 33579.6  15180.8  1553.6  3238.2
   358 136.609  -0.002 136.607  1927956.1 349946.9 103789.3 31157.9  16516.6   974.1  3624.4
   359 182.027  -0.002 182.026  2015826.7 356649.3 94472.1 34108.4  16864.0  1132.4  3900.2
   360 -87.816   0.000 -87.816  1963949.0 432434.4 102423.5 30846.3  13556.7  1877.4  3169.1
   361  73.233  -0.001  73.232  2048376.4 382432.2 103062.3 31395.6  19231.0  1815.6  4311.7
   362 -148.221   0.001 -148.220  1938661.9 434019.2 102725.2 30600.5  14092.5  1296.0  3203.7
   363 -19.943   0.001 -19.942  1976337.0 391256.2 146528.4 28248.1  18817.8  2044.0  4000.5
   364 -412.015   0.005 -412.010  1671782.1 309892.1 81274.2 24251.3  14880.9  1260.8  2702.3
   365 -384.341   0.003 -384.338  1480585.9 306645.2 39320.4 22616.4  11669.3  1469.7  2178.2
   366 500.580  -0.004 500.575  1782100.9 426877.2 109538.6 35327.6  15551.2  4749.8  4182.7
   367 336.724  -0.003 336.721  1897089.3 463953.7 86177.1 32692.0  15932.3  1888.9  4220.2
   368 100.627  -0.001 100.626  1997853.3 346565.7 98309.1 30459.8  17092.3  1049.1  3960.1
   369 -632.938   0.008 -632.930  1805345.2 266126.6 65358.2 26753.5  15207.2  1635.1  2938.4
   370 -393.348   0.002 -393.346  1581199.8 384351.1 60226.6 26396.8  11834.4  2294.2  2645.4
   371 -469.593   0.003 -469.590  1561858.7 530383.3 71270.3 28131.0  11840.2  4940.3  2886.7
   372 -54.703  -0.001 -54.704  1539682.5 241912.5 40719.2 26328.0  12991.3  6511.2  3103.8
   373 -313.737   0.000 -313.737  1527060.6 291588.2 58646.8 24182.3  12436.5  5165.5  3133.6
   374 1151.824  -0.008 1151.817  1996516.8 430771.2 108001.5 52491.9  17605.1  7078.7  5575.2
   375 -151.153   0.001 -151.153  1782935.5 376016.7 67185.8 23520.4  13002.9  1984.3  2887.3

         Carbon flux (ktC/yr)        Water (dam3/yr)                Nitrogen (MgN/yr)
       ----------------------- -------------------------- --------------------------------
Spinup NEP     estab   NBP     transp     evap    interc  nuptake ndemand  nlosses ninflux
------ ------- ------- ------- ---------- ------- ------- ------- -------- ------- -------
   376 606.523  -0.003 606.520  1932475.1 388610.9 53938.4 43810.8  14111.4  2509.4  3964.7
   377 -232.883   0.002 -232.881  1825170.8 352749.3 72388.2 21963.5  13635.5  1674.5  2947.3
   378 -430.180   0.004 -430.177  1650313.5 397279.0 67144.6 27704.0  11860.1  1986.0  2597.1
   379 282.745  -0.002 282.743  1716376.6 350686.4 80719.4 38460.5  14353.4  2380.3  3435.2
   380 -115.240  -0.002 -115.242  1781941.7 234484.9 49078.1 31159.6  16079.2  3462.7  3115.8
   381 147.096   0.001 147.097  1782227.4 402321.0 70123.1 31338.0  16892.1  1977.7  3608.9
   382 -269.503   0.002 -269.501  1738374.2 318574.9 54260.3 32608.9  10814.5  2276.7  2413.9
   383 -807.189   0.006 -807.183  1423557.1 229830.1 43718.3 21024.6  10506.2  4084.6  2251.2
   384 -586.834   0.005 -586.829  1382748.1 285255.4 55450.6 19715.1  12936.7  3936.3  3032.5
   385 -82.722  -0.005 -82.726  1440685.3 306194.6 51774.0 27824.7  11543.5  8036.3  3088.9
   386 936.319  -0.006 936.312  1823310.5 415904.6 53579.7 45797.5  13493.5  6615.2  4355.3
   387 373.005  -0.003 373.003  1803751.4 323752.5 67620.4 33400.9  14145.2  1900.2  3370.1
   388 183.184  -0.001 183.183  1854518.7 315875.9 75607.2 34348.8  15331.2  1918.5  3263.1
   389 -103.529   0.001 -103.528  1806377.3 387762.2 78465.4 28890.7  13927.5  3586.6  2959.7
   390 -74.307   0.001 -74.306  1742228.6 351121.7 85040.1 31013.1  12554.5  2061.3  2855.6
   391 -457.125   0.004 -457.121  1506137.0 307835.2 45018.5 22287.2  12826.8  3378.6  2226.5
   392 120.870  -0.000 120.870  1573089.4 317360.4 42878.7 36860.5  13266.8  2788.3  3150.7
   393 292.617  -0.003 292.614  1802698.1 413118.1 119967.0 29344.3  16660.9  5960.5  4167.4
   394 -392.297   0.004 -392.294  1595805.7 248409.4 51978.1 24094.2  12801.3  4056.9  2640.5
   395 587.233  -0.004 587.229  1755514.0 353101.2 75455.0 40219.8  13500.8  3333.6  3463.3
   396 -102.142   0.000 -102.142  1732664.3 398498.9 69785.9 26687.8  14448.2  5338.5  3338.6
   397 202.485  -0.002 202.483  1898843.9 379212.2 70876.0 36465.3  16213.2  1518.8  4180.2
   398 -81.029   0.001 -81.028  1765983.4 344561.7 85049.1 29306.5  13102.4  1442.7  2954.6
   399 397.888  -0.003 397.885  2094556.4 406688.1 148225.1 38471.4  21750.1  2309.9  5242.9
   400 -44.016   0.001 -44.015  1889831.0 384894.8 80578.9 25345.7  17610.1  1222.4  3461.0

         Carbon flux (ktC/yr)        Water (dam3/yr)                Nitrogen (MgN/yr)
       ----------------------- -------------------------- --------------------------------
Spinup NEP     estab   NBP     transp     evap    interc  nuptake ndemand  nlosses ninflux
------ ------- ------- ------- ---------- ------- ------- ------- -------- ------- -------
   401 -654.147   0.014 -654.133  1567084.1 307785.3 48016.6 22082.0  11633.4  1403.0  2035.1
   402 472.024  -0.009 472.014  1776562.9 335431.3 52853.1 40881.7  14123.3  2325.4  3366.3
   403 324.488  -0.002 324.486  1962446.5 393246.4 96330.6 30893.5  17063.2  2437.2  4266.1
   404 -170.703   0.002 -170.701  1828193.3 299469.8 56567.0 32287.1  14461.7  2448.0  3008.6
   405 -927.322   0.009 -927.313  1451073.0 227416.6 46465.6 18447.6   9225.7  3650.8  1991.7
   406 -755.076   0.015 -755.061  1405390.1 283940.4 43597.2 24959.8  11893.5  3107.1  2893.2
   407 -101.214  -0.004 -101.219  1356726.2 414596.5 42159.5 31581.4  11359.2  3317.0  3123.8
   408 112.174  -0.002 112.171  1468031.6 348917.8 33170.6 36347.4  11248.6  4219.8  3178.1
   409 420.718  -0.005 420.713  1627705.3 472740.4 64581.0 35576.9  15890.9  2894.4  4554.0
   410 484.757  -0.004 484.753  1785283.5 337242.6 60575.4 35581.1  14939.8  4009.7  3781.1
   411 339.128  -0.003 339.126  1883710.2 317835.1 70102.1 35244.0  15107.6  2235.1  3454.5
   412  70.242  -0.000  70.242  1931312.1 299894.2 67292.2 33491.7  14181.2  4626.4  3047.2
   413 -743.024   0.007 -743.017  1591659.3 222400.4 50714.6 22199.2  10184.2  4188.9  2058.7
   414 134.919  -0.003 134.916  1673379.2 476370.5 78216.5 34050.4  11463.3  3277.9  3141.0
   415 243.673  -0.002 243.671  1806947.3 319508.2 57118.7 34891.3  15089.0  5646.9  3473.1
   416  47.495  -0.000  47.495  1761961.3 365069.9 63873.9 27298.4  12772.7  4717.1  3040.8
   417 -203.010   0.003 -203.007  1644692.6 318683.1 75989.9 27107.9  13013.2  4937.3  2618.5
   418 521.316  -0.004 521.312  1876326.3 378939.5 93673.0 36428.2  14657.4  2929.4  3493.7
   419 267.269  -0.002 267.267  1909308.1 327720.2 73351.8 34052.8  15301.1  1616.6  3359.5
   420 111.481  -0.001 111.480  2074611.7 356440.6 81769.6 30909.1  16725.4  1821.4  3920.8
   421  14.568   0.001  14.569  1925338.6 382612.2 79876.5 29114.1  16461.1  1381.7  3230.6
   422 -487.687   0.007 -487.680  1744425.0 299658.3 60232.2 25588.1  13461.5  1323.9  2634.1
   423  96.198  -0.003  96.195  1742999.6 372081.4 77905.9 34596.2  12953.7  2274.8  3086.5
   424 -791.885   0.016 -791.869  1638330.5 277354.9 75078.4 16378.9  15300.1  3366.5  2983.1
   425 764.237  -0.017 764.221  1733530.2 370813.2 70393.8 45007.7  12723.5  4546.1  3436.8

         Carbon flux (ktC/yr)        Water (dam3/yr)                Nitrogen (MgN/yr)
       ----------------------- -------------------------- --------------------------------
Spinup NEP     estab   NBP     transp     evap    interc  nuptake ndemand  nlosses ninflux
------ ------- ------- ------- ---------- ------- ------- ------- -------- ------- -------
   426 417.655  -0.002 417.653  1910400.1 383194.6 54178.6 34406.8  15255.9  4536.2  4123.0
   427 -828.210   0.011 -828.200  1696464.6 504673.5 90614.3 20997.6  13444.5  1721.9  2546.5
   428 556.419  -0.007 556.413  1882745.4 375805.5 86356.8 31302.9  13903.0  3818.4  3726.6
   429 -497.935   0.008 -497.927  1556559.0 313473.6 41565.4 19688.3  11021.7  3858.5  2210.6
   430 379.228  -0.005 379.223  1695860.3 327843.4 55378.5 36454.9  13199.5  2075.8  3326.2
   431 -233.750   0.002 -233.749  1629630.1 305520.9 69664.1 23592.7  14111.0  6696.6  2901.5
   432 386.166  -0.003 386.163  1796523.0 328623.9 51202.7 38883.8  14183.4  3190.7  3518.0
   433 -591.514   0.014 -591.500  1663827.1 268526.6 55361.8 24792.2  13752.3  2078.8  2902.6
   434 414.695  -0.008 414.687  1759413.1 335325.0 50884.7 37949.8  14012.6  3405.6  3478.6
   435 -785.721   0.016 -785.705  1618885.9 270602.3 69846.0 15118.0  13685.0  4207.1  2927.1
   436 842.836  -0.017 842.820  1791440.8 404355.1 67296.8 44089.3  13013.2  4597.9  3746.4
   437 -213.163   0.002 -213.161  1672871.5 308592.8 74136.4 22995.1  12893.3  6971.3  2683.7
   438 -121.552   0.002 -121.550  1622773.3 325183.4 43171.0 32658.1   9874.0  3334.0  2384.9
   439 -696.477   0.008 -696.469  1481694.1 272050.9 60737.7 17444.4  14309.4  3989.8  3013.0
   440 285.752  -0.007 285.744  1522374.7 409463.3 43796.8 39906.5  10824.4  4263.5  2997.9
   441 542.902  -0.004 542.898  1694825.2 354839.7 71583.8 37547.6  14120.6  4757.4  3643.8
   442 267.288  -0.003 267.286  1873936.0 447082.4 85736.5 31066.6  17085.7  6171.0  4274.0
   443 -873.874   0.021 -873.853  1677285.2 276805.1 77119.8 15199.6  14715.5  3018.5  2900.9
   444 303.282  -0.017 303.265  1618573.3 341947.3 38078.7 38559.6   9699.8  4799.6  2549.7
   445 -506.570   0.006 -506.564  1401818.8 300259.8 36372.1 18648.8  11502.1  2558.4  2200.6
   446 142.021  -0.002 142.020  1485092.0 316928.5 37466.4 30303.6  11648.6  3199.4  3086.5
   447 184.294  -0.002 184.292  1502811.6 398463.5 47701.9 31090.9  10718.8  5184.8  2888.6
   448  11.573   0.000  11.573  1534169.7 320039.1 63402.0 27439.4  13289.5  5981.2  2937.7
   449 123.316  -0.001 123.315  1515094.1 389227.6 50837.8 30729.7  11033.9  2766.6  2822.4
   450 225.370  -0.002 225.367  1651835.7 411840.4 59225.0 31024.9  13807.0  3384.6  3412.7

         Carbon flux (ktC/yr)        Water (dam3/yr)                Nitrogen (MgN/yr)
       ----------------------- -------------------------- --------------------------------
Spinup NEP     estab   NBP     transp     evap    interc  nuptake ndemand  nlosses ninflux
------ ------- ------- ------- ---------- ------- ------- ------- -------- ------- -------
   451 -334.279   0.004 -334.275  1630071.3 281617.7 53096.4 28766.9  14311.5  1819.9  3096.3
   452 -10.688  -0.001 -10.688  1494549.2 356409.7 50377.2 25007.4  14232.4  2428.2  3253.1
   453 528.394  -0.004 528.389  1842194.3 403095.8 61157.2 39407.4  15497.9  3776.7  4321.3
   454 386.030  -0.002 386.028  1921911.5 349544.7 89406.6 31776.1  15978.9  1342.3  3808.4
   455 231.947  -0.001 231.946  1925578.4 314610.1 75960.5 34434.7  16043.5  1594.0  3363.8
   456  85.921  -0.000  85.921  2010390.0 349204.6 120428.5 29282.9  16094.6  2019.5  3307.1
   457 -50.928   0.001 -50.927  1938651.2 302792.5 70114.4 33345.2  15231.0  2578.3  3035.9
   458 -686.529   0.013 -686.516  1653317.4 285655.6 58547.4 21065.3  14109.7  1456.2  2539.8
   459 -38.081  -0.003 -38.084  1571863.3 326534.8 67427.6 28114.1  13758.2  4195.8  2776.8
   460 326.095  -0.002 326.093  1673238.9 415087.9 59544.9 32975.8  15068.9  2199.3  3446.1
   461 154.554  -0.001 154.553  1728365.4 377385.8 61091.8 27141.0  12504.2  3732.5  3095.5
   462 -230.798   0.003 -230.795  1629788.5 317897.0 75578.8 26214.3  13407.2  3166.2  2675.5
   463 567.779  -0.003 567.775  1723438.2 390771.1 47952.4 41132.3  13453.0  1508.5  3686.2
   464 -1028.610   0.010 -1028.600  1401562.4 229842.5 44760.9 14766.2  10297.9  3162.9  2097.1
   465 726.374  -0.007 726.367  1863444.4 447910.5 102025.1 41040.6  18534.3  2535.4  5579.0
   466 173.396  -0.002 173.394  1803019.8 400020.6 64770.9 24257.3  16850.9  3503.7  3733.1
   467 264.003  -0.002 264.001  1945422.5 367783.0 103266.1 33307.5  14175.2  2164.7  3477.6
   468 249.777  -0.002 249.775  2018213.3 441958.8 95210.4 33996.7  15952.2  1757.6  3936.6
   469  93.976  -0.001  93.976  2072425.7 422443.7 103210.5 30781.4  16974.4  1174.5  3851.3
   470  62.784   0.001  62.785  2005819.6 317643.9 99889.3 33270.3  16224.1  1106.2  3265.2
   471 -815.491   0.009 -815.481  1763643.2 505016.4 95857.1 22003.9  13827.5  2449.8  2447.7
   472 686.060  -0.007 686.053  2116012.9 408494.1 122998.6 43006.5  21144.3  2282.1  5481.2
   473 -493.452   0.007 -493.446  1766754.0 295599.1 82521.7 17325.3  14455.7  1534.5  2599.5
   474 530.026  -0.004 530.022  1757406.0 388039.6 46579.0 36112.3  11708.7  1665.5  3447.1
   475 -544.844   0.005 -544.839  1694463.7 329223.4 88147.9 23317.1  14722.5  1753.2  3201.8

         Carbon flux (ktC/yr)        Water (dam3/yr)                Nitrogen (MgN/yr)
       ----------------------- -------------------------- --------------------------------
Spinup NEP     estab   NBP     transp     evap    interc  nuptake ndemand  nlosses ninflux
------ ------- ------- ------- ---------- ------- ------- ------- -------- ------- -------
   476 323.048  -0.004 323.044  1898080.5 410502.9 79713.9 33660.2  16997.6  3556.5  4711.9
   477 -547.900   0.004 -547.895  1664258.8 232363.7 50971.6 20872.0  12920.3  4187.1  2630.3
   478  66.397  -0.000  66.397  1650610.1 317533.5 39565.2 36988.6  11836.1  3033.9  3066.9
   479 -263.773   0.001 -263.772  1536941.7 374000.0 51035.8 27200.9  10615.8  2738.8  2758.4
   480 396.799  -0.004 396.795  1702004.2 350690.8 71191.6 39848.3  14052.7  2443.1  3600.1
   481 -140.003  -0.000 -140.003  1717789.7 300499.1 48460.6 25785.3  15087.6  5048.7  3337.6
   482 131.703  -0.002 131.701  1781753.1 367088.9 73290.3 35880.0  12753.3  2947.4  3233.0
   483 -843.820   0.016 -843.804  1679805.0 273714.9 72339.7 15745.5  14570.5  4459.0  2939.8
   484 787.135  -0.016 787.119  1817683.0 399385.4 68178.2 44472.8  13188.7  4107.6  3723.3
   485 443.010  -0.004 443.007  2011355.9 438944.6 88301.0 33224.6  14909.5  3502.9  3915.4
   486 409.957  -0.002 409.955  2283489.7 391116.9 159444.2 37036.2  19508.3  3630.3  4826.4
   487 -991.839   0.020 -991.819  1790535.3 223112.9 63630.8 14701.5  12298.4  3014.5  2057.5
   488 -442.229  -0.001 -442.230  1471762.2 314640.7 34678.2 20815.2   9441.8  3171.7  2027.9
   489 483.107  -0.006 483.101  1625867.8 356400.7 63905.2 40378.3  12168.2  4204.5  3402.6
   490 422.188  -0.004 422.184  1952496.3 403198.4 78606.2 31978.9  17118.2 11132.0  4581.4
   491 -617.162   0.009 -617.153  1684550.7 232139.6 50316.2 20012.3  12696.8  4443.5  2510.1
   492 253.018  -0.005 253.013  1713401.0 329569.4 53785.4 34588.0  12712.6  2570.3  3156.1
   493 425.399  -0.004 425.395  1933287.4 443769.2 76419.1 36536.8  15049.2  2315.7  4016.7
   494 -569.772   0.007 -569.765  1834610.5 267014.8 58754.3 24608.3  13821.3  3074.0  2802.9
   495 -1154.086   0.028 -1154.059  1460628.4 222149.6 41368.2 15164.6   9059.2  3819.1  1831.3
   496  29.496  -0.012  29.484  1370251.8 257982.6 25357.7 30400.7   9671.7  5520.1  2702.1
   497 260.765  -0.002 260.763  1467900.4 368330.1 56582.5 37025.7  12563.5  4815.8  3614.1
   498 325.504  -0.004 325.500  1620828.2 378223.6 54007.3 32962.1  13761.6 12583.4  3808.9
   499 514.745  -0.004 514.741  1769162.8 347751.1 67564.4 36772.0  15124.7  5400.1  3961.7
   500 331.747  -0.003 331.745  1861080.1 335072.8 76634.3 33595.9  16063.2  5284.4  3757.0

         Carbon flux (ktC/yr)        Water (dam3/yr)                Nitrogen (MgN/yr)
       ----------------------- -------------------------- --------------------------------
Spinup NEP     estab   NBP     transp     evap    interc  nuptake ndemand  nlosses ninflux
------ ------- ------- ------- ---------- ------- ------- ------- -------- ------- -------
   501 304.641  -0.003 304.638  2174720.2 394770.1 134091.1 36358.2  21554.4  3193.5  5150.5
   502 -708.775   0.019 -708.756  1657299.0 292487.4 44751.0 17491.0  12344.9  1672.6  1976.8
   503 364.730  -0.013 364.716  1692086.7 372044.0 61139.8 33877.6  11226.3  2502.6  2793.1
   504 -66.975   0.000 -66.975  1759834.9 295656.7 46357.7 28064.1  13500.5  3784.5  2971.2
   505 441.545  -0.003 441.542  1986312.5 409110.0 118211.6 33891.7  15639.6  7178.9  3863.1
   506 286.951  -0.002 286.949  1975297.2 322691.5 67688.2 35479.5  15279.2  1864.0  3227.7
   507 -793.959   0.014 -793.945  1761774.0 223032.4 54612.2 16237.0  12768.8  3405.3  2156.7
   508 777.940  -0.010 777.930  1979811.6 397740.6 53498.8 39968.9  13324.9  2842.0  3847.6
   509 -622.194   0.014 -622.180  1805487.1 263569.5 54886.6 23653.7  12560.5  2044.8  2661.0
   510 -673.187   0.012 -673.175  1605340.1 277947.0 59954.9 17271.1  12402.0  4396.4  2765.1
   511 404.055  -0.015 404.039  1521497.0 392485.8 38890.0 33786.0  11299.9  5833.2  3128.6
   512 -265.647   0.002 -265.645  1477341.9 317819.8 31926.9 23006.6  10703.8  4910.5  2320.5
   513 599.032  -0.005 599.028  1763162.5 367515.1 62777.6 37404.4  14250.5  3300.9  3933.1
   514 136.853  -0.002 136.851  1841257.2 449451.8 77918.4 30991.1  12688.3  6825.4  3410.2
   515 246.160  -0.002 246.158  2009465.1 387725.5 87509.1 31173.3  17692.0  4690.1  4372.2
   516  61.048  -0.000  61.048  1912169.8 382076.0 68018.4 27748.7  16827.1  3231.6  3394.4
   517  21.880   0.001  21.880  1874658.1 356123.3 61864.1 27988.9  12615.1  2283.7  2832.4
   518 -204.521   0.002 -204.520  1701615.9 367975.1 59983.3 27000.1  11145.0  1974.1  2417.5
   519 262.070  -0.002 262.068  1927431.0 361162.3 96061.4 34099.1  15784.0  1514.3  3516.2
   520 -235.074   0.002 -235.072  1732811.5 351627.8 59591.8 21556.2  15262.6  1676.4  3018.9
   521 -533.677   0.007 -533.669  1556373.7 310193.7 38723.3 23250.8  11398.9  2364.5  2083.7
   522 -167.105  -0.003 -167.108  1559766.6 237290.5 35124.6 30485.2  11344.1  2686.5  2594.2
   523 483.251  -0.002 483.249  1816486.4 423148.0 102541.9 31692.8  15869.0  6293.5  4158.8
   524 -695.065   0.018 -695.047  1646395.3 283971.9 66203.3 16414.8  13638.2  3927.0  2974.0
   525 303.304  -0.012 303.292  1570619.6 409834.6 43366.6 35415.1  10279.2  3978.0  2781.1

         Carbon flux (ktC/yr)        Water (dam3/yr)                Nitrogen (MgN/yr)
       ----------------------- -------------------------- --------------------------------
Spinup NEP     estab   NBP     transp     evap    interc  nuptake ndemand  nlosses ninflux
------ ------- ------- ------- ---------- ------- ------- ------- -------- ------- -------
   526 373.127  -0.003 373.124  1756142.2 407055.5 56214.1 30799.2  15382.9  4860.1  3759.9
   527 143.804  -0.001 143.803  1787511.9 369068.2 57221.7 27649.9  12015.8  5054.4  3054.7
   528 395.413  -0.003 395.410  1954778.3 450157.5 84281.1 36742.7  15593.4  2094.3  3878.2
   529 150.501  -0.001 150.501  2082400.8 338000.9 95498.2 29987.2  16896.4  1192.1  3626.5
   530  47.385   0.000  47.386  2092902.8 341502.4 116851.7 29723.1  15810.7  1745.3  3244.7
   531 116.842  -0.000 116.842  2015487.6 320588.7 94652.8 36553.0  15832.9  1580.4  3182.6
   532 -1267.614   0.039 -1267.575  1700134.3 213942.0 52350.7 13323.4  12873.4  2224.8  1799.5
   533 654.655  -0.020 654.635  1734003.1 461935.0 90945.9 33685.3  14166.4  7693.0  3895.6
   534 219.137  -0.002 219.135  1808603.5 371268.8 67240.4 31034.5  12566.1  2924.2  3297.5
   535  30.830  -0.001  30.829  1842603.2 341163.7 72617.7 30647.1  13980.1  2686.6  3219.3
   536 -196.567   0.002 -196.566  1725061.3 335507.5 55789.7 23740.4  15658.3  2385.2  3202.4
   537 288.463  -0.002 288.461  1968093.9 407814.6 117623.2 33719.9  16356.1  4373.0  3990.1
   538 -113.283  -0.001 -113.283  1867777.9 235194.6 44365.1 30918.8  13814.3  1470.7  2675.2
   539 -66.298   0.002 -66.296  1814875.6 384641.9 64836.9 28752.4  13538.0  1682.3  2911.4
   540 -311.559   0.004 -311.555  1694324.3 304134.6 70690.3 26023.2  13245.4  2723.7  2550.9
   541 -205.921   0.002 -205.918  1641253.6 323055.7 40166.3 33089.8   9902.0  2845.9  2279.6
   542 -106.742   0.000 -106.742  1600818.5 355943.8 61136.5 30712.1  13500.3  2452.0  3172.5
   543 -495.593   0.004 -495.589  1605838.7 520548.9 68139.8 26056.2  12625.0  5210.8  2894.3
   544 255.110  -0.003 255.107  1664241.6 306101.2 37972.8 29408.1  12830.9  3375.6  3407.4
   545 801.790  -0.006 801.784  2105207.9 405853.4 114458.4 42575.4  18813.5  5677.1  5510.5
   546 -413.257   0.005 -413.253  1786983.0 293891.5 78369.1 19252.0  13327.7  3301.8  2583.2
   547 -287.245  -0.000 -287.245  1640765.4 233474.8 39176.1 23920.5  10196.2  3896.1  2420.2
   548 -255.531   0.004 -255.527  1582616.7 307045.6 55061.1 30081.5  12654.8  3221.6  3035.8
   549 476.746  -0.005 476.740  1830259.4 459307.0 67321.1 37656.8  15907.4  2393.7  4333.0
   550 367.629  -0.003 367.626  2003790.3 348210.4 83264.9 31943.0  15766.3  2338.6  3982.2

         Carbon flux (ktC/yr)        Water (dam3/yr)                Nitrogen (MgN/yr)
       ----------------------- -------------------------- --------------------------------
Spinup NEP     estab   NBP     transp     evap    interc  nuptake ndemand  nlosses ninflux
------ ------- ------- ------- ---------- ------- ------- ------- -------- ------- -------
   551 -277.163   0.004 -277.159  1826066.1 314479.6 49775.3 29347.5  11061.0  3211.3  2353.7
   552 -646.855   0.006 -646.849  1522257.5 371780.9 53767.6 20666.6  10807.8  3117.6  2460.2
   553 310.377  -0.004 310.373  1677457.9 331745.6 47749.1 37769.7  14245.7  2659.5  3667.1
   554 324.094  -0.003 324.092  1896398.1 404502.0 109437.0 28542.9  15887.4  9549.9  4186.4
   555 598.171  -0.004 598.167  2169414.4 399835.1 126587.7 39688.7  19466.2  2619.0  5299.8
   556 -503.946   0.006 -503.940  1800086.2 289344.0 80083.1 18594.8  13760.2  2034.8  2526.7
   557 332.580  -0.003 332.576  1882148.7 349109.7 76585.5 33204.0  13912.0  1581.9  3585.3
   558 -554.887   0.005 -554.882  1692542.6 226504.9 49552.4 21224.9  12696.2  4482.6  2555.8
   559 293.575  -0.003 293.572  1735603.8 370019.8 61591.2 35309.5  11310.9  3364.5  3147.6
   560 252.942  -0.003 252.939  1991531.6 373572.7 60900.2 31672.5  15448.4  4902.3  4267.6
   561 134.939  -0.001 134.938  1911429.4 384014.0 65363.4 28413.7  15586.5  2331.1  3479.3
   562 155.229  -0.001 155.228  1902100.1 328623.0 85800.6 36343.1  13722.5  2051.6  3115.5
   563 -255.575   0.002 -255.574  1751700.1 357153.0 61032.7 24172.5  13359.5  4212.2  2736.7
   564 -219.667   0.002 -219.664  1756987.0 306284.5 44189.2 32919.8  11893.1  1585.3  2520.3
   565 204.657  -0.002 204.655  1919756.0 399081.5 113855.1 30870.4  18082.9  3444.3  4251.4
   566 -779.925   0.016 -779.909  1684483.9 280287.6 69866.5 15520.0  14790.3  2229.9  2963.7
   567 332.330  -0.014 332.316  1645773.3 327697.2 36778.6 40993.3  11554.6  3773.6  3083.5
   568 219.351  -0.002 219.349  1790365.9 394328.5 58426.0 28938.1  16001.7  2065.0  3705.5
   569 356.962  -0.003 356.959  2017449.1 374963.3 66033.0 34750.0  14648.6  2833.3  3952.7
   570 291.885  -0.001 291.884  2116432.6 387009.6 139212.3 29976.1  15149.0  3228.2  3728.9
   571 166.460  -0.000 166.460  2128530.3 397882.8 145227.6 30348.7  15844.3  2942.1  3706.9
   572 -249.811   0.002 -249.809  1903769.5 378616.5 75249.2 27562.7  13707.7  1774.2  2843.4
   573 -662.021   0.008 -662.012  1732062.6 510202.1 83613.2 25628.1  11955.7  2462.7  2465.8
   574 -101.533  -0.002 -101.535  1674730.5 385294.1 51174.4 28559.7  12097.1  2571.8  2849.0
   575 -77.292  -0.000 -77.292  1593922.4 352261.3 49717.3 25554.5  13718.1  2964.2  3304.4

         Carbon flux (ktC/yr)        Water (dam3/yr)                Nitrogen (MgN/yr)
       ----------------------- -------------------------- --------------------------------
Spinup NEP     estab   NBP     transp     evap    interc  nuptake ndemand  nlosses ninflux
------ ------- ------- ------- ---------- ------- ------- ------- -------- ------- -------
   576 -255.063   0.000 -255.063  1698322.2 282319.3 48859.1 33073.6  13820.3  2993.4  3242.3
   577 121.070  -0.001 121.069  1695615.0 358274.6 66426.2 33285.7  12779.8  3034.3  3190.0
   578 440.678  -0.004 440.674  1925305.3 446301.5 79328.0 34880.5  16452.4  3793.9  4284.3
   579 -263.767   0.005 -263.763  1814113.4 318781.1 49985.5 27574.1  11445.9  3086.9  2395.1
   580 437.435  -0.003 437.432  1864946.5 381511.0 46367.3 37797.1  13929.6  1817.2  3952.6
   581 -1220.336   0.022 -1220.314  1591343.4 259190.9 56327.5 16304.4  13484.3  2101.6  2623.6
   582 -363.974  -0.003 -363.977  1455449.6 293455.9 48875.8 20004.0  11388.5  4419.7  3011.5
   583 -233.049   0.001 -233.049  1391501.3 241178.7 29944.7 30505.7   8131.2  6926.5  2226.9
   584 -517.858   0.019 -517.840  1288523.7 233893.4 28762.7 24772.6   9297.0  6198.3  2315.9
   585 759.150  -0.016 759.133  1570749.3 508559.5 47442.0 42622.5  13698.7  5997.2  4444.6
   586 153.301  -0.002 153.299  1531201.5 372359.4 42682.2 23511.4  13161.4  6116.3  3686.0
   587 633.152  -0.006 633.146  1877799.0 381385.5 67469.2 41490.2  14651.5  4419.1  4356.3
   588 -233.479   0.002 -233.477  1683471.2 304317.2 69922.8 22674.4  12966.1  7773.9  2786.4
   589 337.940  -0.003 337.937  1747755.3 405608.0 55291.3 32175.2  11758.4  3378.3  3206.7
   590 -231.938   0.002 -231.936  1661579.4 296870.4 46431.0 26655.1  12134.7  2796.8  2817.2
   591 -48.677   0.000 -48.677  1694837.2 320099.1 40629.9 34520.7  10696.5  4400.8  2596.7
   592 163.009  -0.002 163.006  1784824.2 310113.3 50171.3 35313.1  15379.0  2760.3  3459.3
   593 -1146.914   0.039 -1146.876  1463641.2 220485.7 42569.1 16967.7  10125.2  3155.7  1834.1
   594 773.304  -0.034 773.271  1635965.9 428573.6 59859.4 35612.2  12205.9  7259.6  3386.4
   595 -461.243   0.005 -461.238  1507089.3 230994.3 37436.3 22656.1   9988.7  7205.8  2115.6
   596 -76.155   0.000 -76.154  1366401.6 314336.7 27224.5 24044.7  10680.8  4562.9  2463.4
   597 450.178  -0.005 450.174  1601406.9 482491.7 58503.2 39341.3  11629.6  4686.2  3554.9
   598 363.541  -0.004 363.537  1808425.1 371051.1 81389.0 28829.8  15195.8  7233.0  3782.5
   599  82.167  -0.000  82.166  1757386.1 308754.4 43542.9 34236.3  13884.8  3706.5  3162.9
   600 287.493  -0.002 287.491  1971149.9 392319.2 121454.1 29728.7  17109.9  4528.1  4017.5

         Carbon flux (ktC/yr)        Water (dam3/yr)                Nitrogen (MgN/yr)
       ----------------------- -------------------------- --------------------------------
Spinup NEP     estab   NBP     transp     evap    interc  nuptake ndemand  nlosses ninflux
------ ------- ------- ------- ---------- ------- ------- ------- -------- ------- -------
   601 -898.311   0.024 -898.287  1613754.2 218284.3 44630.4 17857.2  10771.7  2659.0  1851.9
   602 285.389  -0.010 285.378  1518124.5 324645.5 32163.3 36550.7  11752.9  3579.0  3095.3
   603  -0.953  -0.000  -0.953  1581669.2 354677.6 58226.1 28838.5  12480.8  2994.6  3188.3
   604 -411.942   0.004 -411.939  1580533.9 519067.2 63724.0 26032.8  12611.0  7059.2  2896.6
   605 693.288  -0.006 693.281  1780216.1 328540.1 46860.9 37341.7  14925.9  2470.8  3930.4
   606 -170.749   0.002 -170.747  1685293.9 301255.5 65016.7 21523.2  13699.8  6358.4  2808.9
   607 -194.386   0.002 -194.384  1604664.8 239209.7 41691.5 25323.6  12057.6  4487.3  2674.5
   608 984.800  -0.007 984.793  2066694.2 410739.9 103255.5 47192.7  18761.3  4407.9  5465.5
   609 294.678  -0.002 294.676  2115380.1 382258.4 91388.2 25985.9  17116.3  2394.9  4334.7
   610 -1045.977   0.031 -1045.947  1799866.7 266197.1 77472.6 12537.2  14101.3  2711.5  2742.4
   611 658.643  -0.028 658.615  1732280.4 436198.1 50000.5 35897.9  12845.7  5569.0  3344.7
   612 474.765  -0.004 474.761  2010569.7 440723.7 78748.6 33061.4  14349.6  2283.5  3920.4
   613  77.743  -0.000  77.743  2017745.4 301825.3 71743.7 30765.4  15764.2  1780.4  3267.1
   614 103.466  -0.001 103.465  2094197.0 409696.5 92586.3 32051.0  17389.5  1224.0  3835.8
   615 109.110  -0.000 109.110  2193669.9 373755.9 102098.4 28690.4  18469.9  1332.9  4067.5
   616 -468.233   0.009 -468.224  1893929.3 304550.4 53438.1 25773.4  12311.0  1532.3  2212.0
   617 -303.219   0.001 -303.218  1632050.5 357548.8 53658.1 22346.2  11601.0  1466.0  2629.2
   618 268.732  -0.003 268.729  1838398.4 316068.2 48622.7 36685.1  15456.1  1557.0  3636.3
   619 -83.353   0.000 -83.353  1805454.2 382157.8 62067.2 24792.9  14321.6  2010.7  3212.1
   620  41.712  -0.001  41.711  1835567.5 446401.9 80190.3 33037.2  12677.7  1714.1  3257.4
   621 -604.784   0.007 -604.777  1700465.5 501111.7 77695.9 22910.5  13489.1  3645.9  2688.6
   622 477.384  -0.005 477.379  1882210.8 371797.6 80083.1 31558.4  14798.5  3213.1  3803.3
   623 -252.573   0.003 -252.569  1710599.7 304025.6 68425.5 22424.1  13093.6  4136.0  2750.4
   624 398.875  -0.004 398.872  1865290.1 322002.8 48684.8 36284.1  13864.7  2426.4  3476.4
   625 -137.115   0.000 -137.115  1775056.9 299454.3 63345.5 29329.0  14642.3  1403.5  3090.0

         Carbon flux (ktC/yr)        Water (dam3/yr)                Nitrogen (MgN/yr)
       ----------------------- -------------------------- --------------------------------
Spinup NEP     estab   NBP     transp     evap    interc  nuptake ndemand  nlosses ninflux
------ ------- ------- ------- ---------- ------- ------- ------- -------- ------- -------
   626 234.246  -0.003 234.243  1951295.9 434497.7 79657.4 32299.7  16785.2  1625.5  4109.2
   627 385.260  -0.003 385.257  2264865.6 381940.7 141181.8 36003.4  20855.4  2437.7  5125.4
   628 -460.627   0.004 -460.623  1913648.4 275547.4 59582.4 20883.7  14926.1  1110.5  2790.5
   629 291.045  -0.003 291.042  2076695.8 370642.0 67414.1 33160.6  15242.5  2218.7  3872.3
   630 -701.486   0.012 -701.474  1832633.8 258227.5 59833.6 24536.2  13320.2  1492.0  2663.4
   631 826.455  -0.013 826.442  2133141.0 420042.1 118003.1 42460.1  19220.4  2925.1  5168.1
   632 193.473  -0.002 193.472  2135792.6 414521.5 94702.8 27979.5  16426.8  1478.9  3846.3
   633  86.531   0.000  86.531  2064633.0 312536.9 96695.2 33185.6  15549.0  1663.2  3156.9
   634 -328.679   0.002 -328.676  1914079.3 367679.8 75586.1 25182.3  15649.2  2389.7  2944.6
   635 -348.636   0.006 -348.630  1727547.7 293991.7 47596.1 31815.5  14033.6  1148.4  2758.1
   636 -608.234   0.004 -608.230  1546309.4 310278.4 41471.1 24941.6  10271.2  2357.5  2185.6
   637  58.487  -0.003  58.485  1632599.2 467117.4 61835.7 32948.3  13262.4  2054.5  3673.4
   638 258.619  -0.003 258.616  1804641.5 371871.3 81384.0 28422.2  15952.2  3941.3  3970.7
   639 -43.259   0.000 -43.259  1657642.6 361445.4 51762.0 24530.4  14061.6  3242.2  3341.7
   640 367.240  -0.003 367.237  1914542.3 372865.6 89761.8 35743.7  14464.8  3436.3  3633.6
   641 -976.452   0.022 -976.430  1621547.7 219204.8 45812.7 17651.8  10549.9  2865.8  1897.4
   642 480.492  -0.017 480.474  1617224.5 431144.9 46087.0 34026.0  11603.8  4895.8  3301.3
   643 407.610  -0.004 407.606  1896129.3 385426.0 55768.1 33794.9  14339.7  3411.2  4222.7
   644 -1065.013   0.030 -1064.983  1543119.6 219531.1 43745.1 17439.8   9452.4  2930.7  1808.9
   645 276.639  -0.022 276.617  1454745.9 346594.3 47224.7 28948.9  11600.7  8003.5  2944.5
   646 -598.325   0.006 -598.319  1360110.2 231606.9 32409.8 23100.5   9093.9  3731.7  2161.6
   647 620.070  -0.007 620.063  1570488.0 431439.1 38675.4 34098.9  14565.5  6716.9  4105.6
   648 -436.162   0.006 -436.156  1528898.8 293651.4 52070.2 19578.7  11920.8  7309.6  3137.6
   649 949.735  -0.012 949.723  1867872.0 421120.1 45213.8 42564.4  12741.9  6194.3  4203.9
   650 403.640  -0.004 403.637  2015884.1 369255.6 60914.9 31716.6  14068.9  3248.7  3948.5

         Carbon flux (ktC/yr)        Water (dam3/yr)                Nitrogen (MgN/yr)
       ----------------------- -------------------------- --------------------------------
Spinup NEP     estab   NBP     transp     evap    interc  nuptake ndemand  nlosses ninflux
------ ------- ------- ------- ---------- ------- ------- ------- -------- ------- -------
   651  71.519  -0.000  71.519  1919583.8 380645.1 67717.9 27970.0  14993.1  2651.9  3223.8
   652 123.683  -0.001 123.682  2001248.6 346153.1 87876.6 34886.5  14983.6  1668.3  3412.4
   653 -49.419   0.001 -49.418  1903702.1 347302.0 65572.7 26078.3  12864.0  4008.1  2822.1
   654 -48.434   0.000 -48.433  1840077.7 388908.4 66722.0 31247.3  13587.2  2219.6  2873.3
   655 -260.596   0.002 -260.594  1678445.4 358019.0 58004.8 26711.9  11637.3  1661.8  2476.4
   656  25.249  -0.001  25.248  1744807.9 395758.6 60392.0 31577.7  14352.5  2078.5  3147.9
   657 -271.432   0.005 -271.427  1639306.8 309799.8 69706.9 24482.4  14034.9  2343.2  2652.7
   658 -300.850   0.001 -300.849  1462390.8 309431.2 34999.7 22388.0  11422.8  2051.0  2126.1
   659 -22.635   0.001 -22.633  1546654.9 328070.3 35734.4 35427.2  10424.5  2776.9  2576.6
   660   5.197  -0.001   5.196  1522984.5 342723.3 67328.6 31629.4  14594.7  3312.7  3416.6
   661 252.427  -0.004 252.423  1759891.4 459217.3 69739.5 33528.1  18122.7  6053.1  4524.9
   662 234.600  -0.001 234.598  1902996.1 408616.6 121738.7 26459.4  16723.3  4044.5  4018.3
   663 -121.317   0.001 -121.316  1744530.5 314371.3 50487.3 28073.4  14130.5  1679.8  3044.7
   664 124.294  -0.001 124.293  1798059.6 361765.9 73528.7 34514.5  13265.0  2321.8  3123.8
   665 -134.030   0.001 -134.028  1702097.6 361941.5 60490.5 25763.1  12616.2  2733.8  2700.1
   666 283.891  -0.002 283.889  1886316.6 349449.3 82938.3 35416.7  16820.9   922.2  3893.3
   667 218.001  -0.002 217.999  1981656.3 431275.5 92148.5 31819.0  17112.7  1418.3  4042.5
   668 -477.878   0.008 -477.870  1751540.1 298472.9 84113.7 20937.6  14362.9  2359.2  2502.7
   669 537.180  -0.004 537.176  1744384.5 383672.2 47219.0 37575.4  12602.1  1560.5  3450.8
   670 -293.792   0.002 -293.791  1748605.1 380933.1 67925.0 24709.0  14790.0  1288.1  3096.3
   671 -484.316   0.006 -484.310  1597732.1 295951.6 48485.4 24812.5  13439.3  1794.1  2862.6
   672 -89.774  -0.001 -89.775  1623248.7 329223.7 40211.3 34486.2  11052.4  3023.2  2700.2
   673 -196.924   0.000 -196.924  1547320.8 316478.0 55781.6 30264.5  14873.6  2125.5  3262.6
   674 -169.074   0.001 -169.072  1581827.1 304887.1 42778.7 27212.4  14533.3  2574.7  3258.4
   675 -428.321   0.003 -428.318  1565466.3 532273.4 69019.7 28764.6  11476.9  5727.2  2699.8

         Carbon flux (ktC/yr)        Water (dam3/yr)                Nitrogen (MgN/yr)
       ----------------------- -------------------------- --------------------------------
Spinup NEP     estab   NBP     transp     evap    interc  nuptake ndemand  nlosses ninflux
------ ------- ------- ------- ---------- ------- ------- ------- -------- ------- -------
   676 -452.429   0.012 -452.417  1452225.8 231601.5 36084.9 22844.2  10162.5  5031.4  2243.8
   677 234.743  -0.005 234.738  1471112.5 318636.8 34088.3 34115.2  11912.1  4510.3  3271.4
   678 -70.994  -0.000 -70.994  1504930.3 252534.2 39672.5 26529.0  12268.5  7431.3  3045.0
   679 592.706  -0.004 592.702  1684583.2 420368.0 51489.4 37405.3  14492.3  5952.6  3866.7
   680  -5.207  -0.001  -5.207  1675846.5 393224.8 55950.1 29287.2  11393.8  3269.1  2874.7
   681 -514.953   0.005 -514.949  1630181.6 523659.1 75682.9 27372.3  11396.1  6619.2  2649.2
   682  83.517  -0.001  83.516  1599759.7 312516.6 59903.8 26748.8  12923.6  8621.3  3013.5
   683  94.121  -0.000  94.120  1621590.7 304862.3 42735.9 29867.3  12201.7  3043.4  3070.9
   684 499.873  -0.004 499.869  1797119.4 349228.7 75425.1 39891.4  14086.2  4526.8  3601.8
   685 -572.722   0.006 -572.717  1656315.5 232029.6 51129.8 18379.8  14246.0  7523.0  2654.2
   686 320.482  -0.003 320.479  1710219.4 372286.9 63729.6 34467.1  11393.1  3436.1  3184.8
   687 248.523  -0.003 248.521  1947797.1 376625.2 63458.9 31335.4  15838.8  4483.9  4344.2
   688 -228.690   0.003 -228.687  1729004.8 289139.7 52133.6 24660.3  13554.3  1600.8  2941.8
   689 618.565  -0.005 618.560  2111029.5 406842.2 129110.6 41599.4  20128.3  3234.7  5307.9
   690 -24.523   0.001 -24.522  1924393.7 380241.2 74684.7 22584.2  17378.2  1670.6  3471.9
   691 -618.619   0.011 -618.609  1688922.9 233823.0 54102.7 21272.7  12793.3  2301.8  2413.9
   692 421.866  -0.007 421.859  1801132.2 371707.2 72535.5 37924.2  14582.3  2036.2  3813.5
   693 318.368  -0.002 318.366  1959315.5 345670.9 85079.4 31433.5  16591.5  1816.6  4117.5
   694 -29.287   0.001 -29.286  1840054.8 357557.0 64932.6 24205.2  13293.1  3063.1  3083.8
   695  -0.220  -0.000  -0.220  1793260.7 395436.3 66423.9 31186.2  13930.2  1764.2  3165.7
   696 -546.457   0.013 -546.444  1689998.4 271367.5 55709.8 26763.3  14771.9  1179.5  2998.8
   697 227.849  -0.007 227.842  1733060.9 473449.1 77603.0 34165.4  13019.0  2275.6  3414.9
   698  20.484  -0.000  20.484  1742463.9 392874.4 65129.4 26479.3  15001.7  2826.8  3398.1
   699 111.439  -0.001 111.438  1723891.8 369340.4 58308.1 28407.6  13458.7  2498.0  3209.3
   700  93.805  -0.001  93.804  1793163.5 458788.3 86335.5 32915.6  12933.0  1741.1  3317.1

         Carbon flux (ktC/yr)        Water (dam3/yr)                Nitrogen (MgN/yr)
       ----------------------- -------------------------- --------------------------------
Spinup NEP     estab   NBP     transp     evap    interc  nuptake ndemand  nlosses ninflux
------ ------- ------- ------- ---------- ------- ------- ------- -------- ------- -------
   701 -163.243   0.002 -163.241  1722360.9 294463.9 49508.5 30527.8  16480.0  1916.3  3313.5
   702 -147.968   0.001 -147.967  1621088.7 329497.4 81246.3 31326.8  14787.2  1705.8  3152.5
   703  60.794  -0.001  60.793  1708067.6 356824.1 70540.7 32224.6  15630.1  3146.0  3550.4
   704 -266.489   0.003 -266.486  1611024.9 307107.5 72734.6 23688.3  15320.3  2643.1  2926.0
   705 587.139  -0.004 587.135  1871013.4 415988.0 81702.5 36295.9  16494.6  1881.7  4370.0
   706 -336.091   0.004 -336.087  1682165.0 306195.9 78834.8 21526.1  13659.4  2652.4  2704.8
   707 784.958  -0.006 784.953  2066473.1 414309.9 129185.7 40596.8  18318.0  1626.3  5157.8
   708 -1126.133   0.024 -1126.108  1641024.6 219924.0 53026.6 14477.6  11281.8  1912.6  1932.4
   709 -186.427  -0.006 -186.433  1366333.9 320983.8 31366.6 21042.1   9885.9  3346.3  2260.9
   710 336.772  -0.004 336.768  1564696.9 378920.5 56912.5 38276.3  11598.1  3898.1  3407.3
   711 154.685  -0.002 154.683  1647952.7 378204.5 51937.7 25949.5  13210.1  7125.2  3463.4
   712 -72.159   0.001 -72.158  1646000.4 327542.7 43351.2 34116.8  10975.0  2765.3  2656.0
   713 -187.002   0.000 -187.002  1504664.0 378844.3 52010.2 27238.5  12876.3  2029.0  3006.2
   714 403.947  -0.004 403.943  1805444.1 418007.4 79134.6 35846.2  17662.6  3050.5  4752.1
   715  54.415  -0.000  54.414  1740454.6 370050.8 61313.9 24148.3  13126.5  3360.8  3194.7
   716 187.057  -0.002 187.056  1844715.5 320176.2 59994.3 36231.1  14798.9  2182.6  3386.8
   717 415.048  -0.003 415.045  2147294.9 401470.0 147442.6 37649.9  21544.6  1309.0  5153.2
   718  67.251   0.000  67.251  2086087.2 328457.2 106068.3 28851.3  17745.2   770.9  3731.0
   719  -6.632   0.000  -6.632  2094192.3 355048.8 85270.5 32433.4  17215.7  1444.5  3863.0
   720 -753.528   0.010 -753.518  1747555.5 509239.6 96990.6 23515.5  12262.9  2006.5  2317.8
   721 177.103  -0.004 177.099  1764397.5 399921.4 61934.5 30943.0  13288.2  3474.7  3219.7
   722  26.735  -0.001  26.735  1756658.6 397692.2 65603.5 29902.7  13248.6  2446.2  3187.0
   723 -413.418   0.006 -413.412  1629352.8 231726.6 43767.4 27901.0  11823.2  2467.3  2540.1
   724 -590.311   0.004 -590.308  1546103.0 528089.2 72465.1 25006.5  11288.0  3692.0  2608.2
   725  89.599  -0.002  89.598  1547082.2 317885.5 57264.4 27985.4  13283.3  7300.9  3161.9

         Carbon flux (ktC/yr)        Water (dam3/yr)                Nitrogen (MgN/yr)
       ----------------------- -------------------------- --------------------------------
Spinup NEP     estab   NBP     transp     evap    interc  nuptake ndemand  nlosses ninflux
------ ------- ------- ------- ---------- ------- ------- ------- -------- ------- -------
   726 -328.915   0.002 -328.912  1549894.3 534408.2 66535.0 27919.6  11174.7  5470.0  2886.8
   727 551.479  -0.005 551.474  1796881.1 379394.5 77826.6 34404.7  14352.9  6325.3  4012.6
   728 351.918  -0.003 351.916  1907090.7 375937.1 93797.1 29571.8  13985.4  4730.8  3718.4
   729 -822.847   0.019 -822.828  1692532.0 281547.7 73310.4 15924.8  13111.6  4132.9  2956.1
   730 669.132  -0.019 669.113  1744943.1 348364.4 53341.2 42554.0  12150.2  3146.4  3228.0
   731 467.987  -0.003 467.984  2042555.1 392358.2 89076.3 31143.1  16304.2  4136.2  4384.7
   732 209.495  -0.001 209.494  1998367.2 310023.0 75528.7 33655.1  15500.5  2261.4  3409.2
   733 -146.460   0.001 -146.458  1910240.6 332126.0 89964.7 28660.3  13879.5  1542.3  2928.5
   734 121.931  -0.001 121.930  2028657.2 333288.4 95381.9 33068.2  17772.6  1350.0  3938.5
   735 -1005.341   0.024 -1005.317  1744154.0 268155.3 81152.2 13221.5  15494.3  1997.2  2847.4
   736 431.395  -0.021 431.374  1683467.9 427547.8 54123.1 36974.8  11367.7  4813.3  3075.5
   737 -1070.741   0.038 -1070.703  1458315.7 223780.3 42815.5 16912.7   9338.1  3069.1  1891.3
   738 588.411  -0.031 588.380  1469579.8 389548.9 53973.7 37337.8  11519.1  5136.0  3274.9
   739 331.919  -0.004 331.915  1789646.6 419476.0 70443.3 29343.3  16943.3  9165.4  4818.4
   740   5.168  -0.000   5.167  1617826.8 356620.1 49894.9 24737.6  14448.7  2948.0  3527.4
   741  44.795  -0.001  44.794  1620147.6 367321.7 49789.2 28895.8  14290.6  2975.7  3452.1
   742 -629.180   0.010 -629.170  1542275.6 222586.6 41156.8 23411.3  10658.9  2963.5  2101.2
   743 352.117  -0.005 352.111  1572278.5 373874.0 55202.8 35385.7  11965.6  4100.7  3245.0
   744  53.710  -0.000  53.709  1657482.3 321226.9 38693.6 32430.3  12138.5  4916.9  2982.1
   745 336.279  -0.004 336.275  1837197.8 402923.0 76699.5 32742.4  17881.2  2852.0  4737.4
   746 422.538  -0.003 422.535  1885316.9 337389.0 80547.8 35286.3  15200.7  3864.7  3658.8
   747 -234.322   0.002 -234.320  1798460.2 291673.0 54214.9 23674.8  15792.1  2724.8  3108.0
   748 -64.102   0.001 -64.101  1675533.0 372752.1 57810.8 29069.4  11611.2  2297.9  2666.3
   749 -172.333   0.003 -172.330  1641963.3 381431.9 57245.1 28380.2  12855.3  1598.8  2801.6
   750 -86.100   0.001 -86.100  1601325.9 311428.6 67035.8 26888.1  13885.5  3840.7  2941.6

         Carbon flux (ktC/yr)        Water (dam3/yr)                Nitrogen (MgN/yr)
       ----------------------- -------------------------- --------------------------------
Spinup NEP     estab   NBP     transp     evap    interc  nuptake ndemand  nlosses ninflux
------ ------- ------- ------- ---------- ------- ------- ------- -------- ------- -------
   751 479.026  -0.003 479.023  1710357.5 349120.1 73847.9 38885.0  14260.4  2292.3  3501.8
   752 -121.114   0.001 -121.113  1653529.8 370893.4 58223.9 23939.2  13365.1  3661.1  2884.1
   753  20.190   0.000  20.190  1688903.2 303670.3 44479.4 35700.8  15439.3  1340.1  3360.1
   754 -247.644   0.002 -247.642  1572453.0 364687.0 56630.7 24452.9  12311.9  1394.8  2760.2
   755 338.003  -0.003 338.000  1781214.3 364051.6 76388.8 36204.8  16777.9   937.3  4111.6
   756 220.007  -0.002 220.005  1945216.9 374836.3 70461.9 30690.8  16803.6  1614.0  4260.1
   757 452.699  -0.003 452.696  2145159.0 403769.1 148651.2 37762.8  20721.3  1080.4  5062.2
   758 -422.520   0.004 -422.516  1841020.5 285520.0 63061.1 21999.3  15047.9  1140.6  2805.9
   759 348.861  -0.002 348.858  1891762.7 337036.8 86846.6 36321.8  14598.9  2547.7  3274.1
   760 -93.292   0.001 -93.291  1865193.0 386602.6 75574.9 25965.7  17983.6  4001.2  3482.1
   761 125.012  -0.000 125.012  1848137.3 334587.3 88964.3 37066.7  15455.3  1215.0  3304.9
   762 -354.530   0.002 -354.528  1764323.6 366163.1 69272.3 25621.7  15727.9  1961.4  2970.0
   763 208.938  -0.001 208.936  1794371.3 336329.5 84806.8 37655.7  15332.2  1489.3  3364.5
   764 -659.391   0.008 -659.383  1650027.2 231890.1 55372.1 19510.5  15087.9  2966.4  2572.4
   765 517.906  -0.005 517.901  1756174.8 352498.1 74074.9 40128.6  13625.0  2769.2  3425.4
   766 -250.108   0.001 -250.106  1719542.1 302405.1 51928.8 24799.1  15118.5  3554.3  3257.1
   767  77.452  -0.001  77.450  1763274.9 367011.0 75695.7 35419.6  13190.1  2444.6  3243.6
   768 -677.573   0.007 -677.566  1677004.3 513839.8 84551.2 23849.0  12642.1  3903.9  2602.8
   769 138.551  -0.001 138.550  1687496.8 321852.2 40027.3 33547.3  11022.8  3609.0  2843.6
   770 -169.266   0.001 -169.265  1588738.7 309940.3 64900.4 25978.0  14453.0  4205.4  3092.7
   771 482.875  -0.004 482.871  1828837.0 382856.6 86652.8 36201.3  14267.1  3671.0  3715.3
   772 294.449  -0.003 294.446  1952681.8 372457.3 102172.1 29744.4  14288.7  3620.2  3551.1
   773  43.253  -0.001  43.252  1939405.8 311127.0 64138.6 33693.5  14201.2  3202.2  3218.9
   774 313.820  -0.003 313.817  2199973.6 390131.9 151892.6 40198.7  21268.1  1682.8  5134.7
   775 209.457  -0.001 209.456  2070622.3 360294.2 64530.7 34237.3  15868.5  1093.4  3798.4

         Carbon flux (ktC/yr)        Water (dam3/yr)                Nitrogen (MgN/yr)
       ----------------------- -------------------------- --------------------------------
Spinup NEP     estab   NBP     transp     evap    interc  nuptake ndemand  nlosses ninflux
------ ------- ------- ------- ---------- ------- ------- ------- -------- ------- -------
   776 -346.279   0.006 -346.273  1886198.3 347356.4 75610.5 23071.9  14517.7   885.2  2818.1
   777 -316.148   0.001 -316.147  1669185.0 379309.1 65077.1 26532.7  11117.4  1640.6  2455.6
   778 -321.714   0.003 -321.711  1634165.6 306991.3 74592.8 25752.5  13887.1  2002.7  2760.9
   779 -1148.944   0.036 -1148.908  1396943.6 225767.9 40920.1 17339.6   9240.9  2554.2  1848.5
   780 552.928  -0.021 552.907  1546586.6 408496.5 51099.1 40513.0  13106.0  3028.0  3943.4
   781 197.735  -0.003 197.732  1612546.3 325303.3 37371.8 34551.1  13896.2  3931.7  3754.5
   782   7.155  -0.001   7.154  1662819.6 346062.5 74054.0 30921.0  15103.8  2253.8  3813.9
   783 357.050  -0.004 357.045  1786991.8 329486.2 59450.1 38732.6  16019.4  2417.9  3932.2
   784 318.156  -0.003 318.153  1846609.0 335257.7 83606.3 34641.7  14958.2  2905.6  3462.9
   785 -198.421   0.001 -198.420  1708044.4 367007.7 63848.7 26128.9  12775.1  5154.5  2676.5
   786 -573.537   0.006 -573.531  1666938.9 519137.0 80640.0 26695.2  11835.9  3190.1  2561.8
   787 390.590  -0.004 390.586  1735971.7 363372.6 65072.3 35233.6  12400.6  3411.9  3316.4
   788 406.876  -0.003 406.873  1962936.9 347292.3 83341.4 34062.7  16464.4  2754.0  4141.8
   789 -1041.968   0.022 -1041.946  1627928.4 221025.2 49594.4 17405.0  10718.2  3164.8  1928.9
   790 545.212  -0.012 545.201  1600796.4 364933.4 63774.6 38395.7  11822.2  4488.2  3206.4
   791 335.228  -0.003 335.224  1780796.2 346801.4 72950.7 35673.7  15605.0  7777.9  3955.1
   792 -511.650   0.004 -511.645  1632554.8 230707.9 48724.3 21015.9  14743.5  4744.0  2787.8
   793 279.855  -0.003 279.852  1700655.3 330702.3 54275.9 36471.6  13323.7  2509.8  3288.7
   794 -238.816   0.001 -238.815  1694225.9 238418.1 39944.1 30105.3  12684.2  2593.8  2775.2
   795 344.636  -0.003 344.634  1775279.5 453402.4 75907.8 34977.0  14374.6  2108.4  3680.4
   796 -209.219   0.003 -209.216  1755147.4 320702.7 47806.8 30099.8  10971.3  3528.8  2430.9
   797 -786.686   0.014 -786.672  1553452.6 267369.8 49963.7 21695.6  13173.4  2764.8  2855.9
   798 389.684  -0.008 389.676  1590818.5 428887.2 47292.2 34261.9  12205.6  4427.2  3420.9
   799 866.266  -0.006 866.260  2034072.1 419420.7 114509.3 41771.1  18268.2  5671.6  5350.1
   800 -222.119   0.002 -222.117  1751179.2 338143.1 61798.3 19859.7  13789.3  3155.0  3035.1

         Carbon flux (ktC/yr)        Water (dam3/yr)                Nitrogen (MgN/yr)
       ----------------------- -------------------------- --------------------------------
Spinup NEP     estab   NBP     transp     evap    interc  nuptake ndemand  nlosses ninflux
------ ------- ------- ------- ---------- ------- ------- ------- -------- ------- -------
   801 207.666  -0.002 207.664  1834500.9 398191.5 64443.3 31240.0  14753.3  5335.4  3542.6
   802 -137.820   0.001 -137.818  1748144.5 303247.4 49217.6 34743.7  13108.0  2731.1  2919.4
   803 -751.337   0.007 -751.330  1468237.0 365527.3 59166.3 20875.5  11423.3  3260.1  2380.6
   804 -743.845   0.011 -743.834  1334147.5 237133.1 35964.4 22950.0  10500.9  3893.2  2216.6
   805 544.959  -0.009 544.950  1511632.8 445860.1 41354.4 35510.7  15491.0  6126.1  4189.5
   806 887.792  -0.007 887.784  1922098.5 438168.2 104399.2 40708.9  17893.6  8714.4  5630.8
   807 369.746  -0.003 369.743  1872440.6 336069.8 81661.7 32790.8  14495.2  3462.9  3561.9
   808 -16.723  -0.000 -16.723  1902742.7 301053.6 62538.2 31602.8  15787.0  4120.4  3316.1
   809 -671.706   0.008 -671.698  1612222.5 221339.5 46371.4 24714.8  11580.8  2536.1  2254.2
   810 -34.108  -0.001 -34.109  1594576.0 358039.4 72192.7 30431.2  14028.4  2388.6  3332.4
   811 473.574  -0.005 473.569  1795296.2 463697.1 74256.8 37510.5  16507.4  2582.5  4382.0
   812  28.228  -0.000  28.228  1777873.1 394788.1 67113.2 26043.3  13694.0  3378.1  3146.5
   813 -1114.857   0.030 -1114.827  1473506.2 223188.8 44745.8 17326.5   9696.0  2738.9  1819.0
   814 950.943  -0.026 950.916  1629261.2 506753.9 52878.7 40968.0  12865.0  3661.4  3890.4
   815 157.995  -0.002 157.993  1714839.7 407549.8 57544.4 26434.7  12751.0  6115.2  3329.8
   816 -77.840   0.001 -77.839  1583389.9 351140.8 51626.2 26111.3  13362.5  2385.6  3155.1
   817 372.009  -0.003 372.006  1866608.7 420136.6 113233.0 33771.8  15574.9  8465.2  4082.1
   818 405.411  -0.003 405.408  1995248.2 415345.8 88935.2 32324.2  16606.0  2572.8  4338.4
   819 -648.686   0.016 -648.670  1609370.6 304052.9 44672.7 19076.5  11884.8  2050.7  2032.1
   820 805.131  -0.013 805.119  1772052.7 398712.0 42082.2 40925.0  12819.1  1430.0  3604.0
   821 -867.184   0.016 -867.168  1533570.0 360268.4 61033.3 15726.4  11594.4  2128.1  2296.7
   822 270.087  -0.009 270.078  1632559.4 345286.8 50521.3 35485.1  13893.2  2305.3  3531.4
   823 118.041  -0.002 118.039  1716104.9 402274.5 58449.5 28443.3  13862.9  3991.6  3328.4
   824 266.960  -0.002 266.958  1844970.4 314867.3 53282.7 36270.9  14278.8  3199.0  3340.5
   825  96.921  -0.001  96.920  1903780.6 299105.7 58602.6 33026.8  14893.5  2259.0  3186.7

         Carbon flux (ktC/yr)        Water (dam3/yr)                Nitrogen (MgN/yr)
       ----------------------- -------------------------- --------------------------------
Spinup NEP     estab   NBP     transp     evap    interc  nuptake ndemand  nlosses ninflux
------ ------- ------- ------- ---------- ------- ------- ------- -------- ------- -------
   826 -116.155   0.002 -116.153  1753074.1 323089.8 85231.7 31543.6  13747.8  2630.4  2817.7
   827 -330.068   0.003 -330.065  1657822.8 305726.0 70263.1 24193.6  15610.4  6905.6  2769.1
   828 417.473  -0.003 417.469  1817263.2 360235.8 73861.4 38343.6  15932.2  1200.5  3806.4
   829 -166.823   0.001 -166.822  1754299.9 295827.0 51167.6 25098.4  14353.1  1751.5  2982.1
   830 -922.664   0.018 -922.646  1538071.6 224014.2 43199.5 20242.2  10188.4  3010.8  1887.4
   831 314.298  -0.012 314.286  1468345.5 405777.0 39977.5 33202.1  10088.2  4066.5  2799.0
   832 574.862  -0.004 574.857  1798798.0 370750.5 68338.6 36170.7  14893.1  2484.6  4130.9
   833 145.304  -0.002 145.303  1796933.4 353745.3 72919.3 30291.6  12815.2  3494.0  3206.1
   834 312.263  -0.002 312.261  1982845.3 342750.7 84902.0 35024.8  16852.7  2413.3  3994.1
   835 222.683  -0.001 222.681  2053012.4 336796.2 93266.1 32439.0  16805.0  1785.9  3785.4
   836 -706.006   0.009 -705.997  1782209.7 503813.6 91615.0 23617.8  11968.1  3795.5  2317.3
   837 692.375  -0.007 692.368  2032142.6 404162.9 79662.5 35289.3  16029.8  3739.1  4319.6
   838   8.396  -0.000   8.396  1935499.5 346525.5 81879.5 28824.6  12645.4  2759.1  2977.1
   839 144.280  -0.001 144.279  2003027.8 300249.7 70617.1 36484.9  16660.9  1533.7  3375.6
   840 -193.055   0.001 -193.054  1914652.1 329515.0 86221.7 28017.8  14188.7  1417.2  2824.6
   841 -336.422   0.004 -336.418  1807419.4 286552.7 54477.2 27275.3  15320.2  1900.4  2899.1
   842  41.931  -0.001  41.930  1802742.6 394756.8 64472.4 32078.8  13903.0  2471.0  3077.2
   843 -302.654   0.005 -302.650  1683982.2 306678.2 73000.1 24832.2  13527.7  2541.0  2607.6
   844 230.199  -0.003 230.196  1731484.0 406669.0 58482.3 33281.8  12819.7  2325.5  3138.2
   845 -538.816   0.007 -538.810  1613829.8 237277.5 48472.5 21540.1  12488.0  3434.3  2539.4
   846 564.609  -0.005 564.604  1808915.5 333874.5 47548.5 40648.5  13029.5  3375.1  3467.8
   847 -65.361  -0.000 -65.361  1764071.3 395958.6 63676.9 27020.2  13177.4  3333.3  3182.1
   848 556.098  -0.004 556.094  2106158.3 404507.6 131905.1 42977.5  19738.7  2827.2  5175.5
   849 363.845  -0.002 363.843  2288865.8 383082.8 157371.6 33585.0  21151.4  1804.8  4946.4
   850 -889.662   0.025 -889.636  1716933.7 290723.6 52852.0 15869.7  12181.1  1731.9  1862.8

         Carbon flux (ktC/yr)        Water (dam3/yr)                Nitrogen (MgN/yr)
       ----------------------- -------------------------- --------------------------------
Spinup NEP     estab   NBP     transp     evap    interc  nuptake ndemand  nlosses ninflux
------ ------- ------- ------- ---------- ------- ------- ------- -------- ------- -------
   851 -410.674  -0.009 -410.683  1624790.9 533694.1 69724.6 26205.3  10101.8  4381.7  2348.6
   852 -212.336   0.001 -212.335  1487672.4 307103.9 32315.0 21811.4  10838.8  4056.7  2353.2
   853 133.443  -0.001 133.442  1497195.9 361684.6 42230.3 29247.3  12119.0  3041.0  3210.4
   854 305.102  -0.003 305.099  1697488.7 384140.5 60395.8 36781.4  12131.9  5556.5  3465.1
   855 -195.030   0.001 -195.029  1644406.6 305899.5 66317.6 23379.6  14008.9  7713.7  2931.0
   856 481.947  -0.004 481.943  1861175.1 388726.2 57233.7 37595.9  14547.7  1915.0  4035.6
   857 -161.151   0.001 -161.150  1660526.9 367744.7 58354.2 25016.1  10276.9  2186.9  2467.5
   858 -160.791   0.002 -160.790  1584353.5 350010.7 53807.7 25478.9  13690.8  1824.2  3078.7
   859 -763.070   0.007 -763.063  1478492.9 228857.0 40610.8 23036.7  10363.5  3208.1  2081.7
   860 234.655  -0.003 234.652  1456680.7 400509.5 40504.5 32682.6  10830.3  3945.5  3028.8
   861 775.260  -0.006 775.253  1926450.2 436558.3 108191.7 41543.1  18803.6  5077.0  5628.9
   862 -83.624   0.000 -83.624  1696015.5 366079.0 59979.4 24003.3  11920.6  2818.6  2792.5
   863 -839.757   0.018 -839.739  1534458.2 224575.3 43676.7 21793.2  10676.9  2270.6  1998.0
   864 400.999  -0.010 400.990  1572156.8 344040.1 46247.7 37435.4  13568.8  2884.2  3490.9
   865 172.635  -0.002 172.633  1675232.7 365035.8 65227.5 31748.6  12948.2  3936.2  3428.9
   866 -49.565   0.000 -49.565  1675668.2 302221.1 46701.1 27691.5  14311.1  4439.9  3262.1
   867 323.288  -0.003 323.285  1831020.8 321717.5 54568.1 37932.6  14424.9  4773.5  3399.1
   868 -628.570   0.016 -628.553  1685633.3 266428.8 56612.2 24297.5  13661.3  2194.0  2740.5
   869 390.081  -0.009 390.072  1729343.8 480499.8 75401.7 36012.6  11882.2  3916.1  3229.8
   870 373.527  -0.002 373.524  1927182.1 350197.0 83818.7 32766.6  16837.1  2694.8  4041.4
   871 305.929  -0.002 305.927  2018133.9 343080.9 91992.1 33265.1  16541.9  2385.3  3829.1
   872  43.195   0.000  43.196  1928545.7 384138.9 75121.2 27982.1  16466.3  3775.6  3300.0
   873  50.087  -0.000  50.086  1950045.2 302559.1 65360.9 36321.8  14325.3  2298.3  3005.2
   874  70.352  -0.001  70.351  2032181.8 353572.1 77534.8 32406.0  17058.9  1348.8  3798.6
   875 164.961  -0.001 164.960  2023450.9 417996.4 100659.2 33014.6  16479.6   922.0  3592.0

         Carbon flux (ktC/yr)        Water (dam3/yr)                Nitrogen (MgN/yr)
       ----------------------- -------------------------- --------------------------------
Spinup NEP     estab   NBP     transp     evap    interc  nuptake ndemand  nlosses ninflux
------ ------- ------- ------- ---------- ------- ------- ------- -------- ------- -------
   876  81.042   0.001  81.043  1988890.0 319906.8 99073.0 32641.7  15871.2  1361.1  3065.6
   877 -101.051   0.000 -101.051  2087403.9 353330.2 82786.9 30485.7  18984.7  2063.4  3902.5
   878 -154.834   0.002 -154.831  1861884.7 348682.1 70823.5 26260.8  14049.6  1390.1  2844.4
   879 240.395  -0.001 240.394  2001706.3 410322.0 97834.1 34876.9  18228.9  1285.1  4138.6
   880 -406.330   0.005 -406.325  1823365.0 307757.9 55816.5 27455.8  12549.8  1373.9  2390.1
   881 -293.690   0.002 -293.688  1607263.5 363035.2 58459.1 23607.5  12199.4  1537.3  2690.5
   882   8.663  -0.001   8.662  1686850.1 360173.9 69794.5 34373.3  13064.4  1969.6  3164.8
   883 -396.777   0.003 -396.774  1700860.9 276732.6 54559.3 28918.2  15188.3  2603.3  3207.4
   884 428.642  -0.004 428.638  1911598.4 386095.3 63970.4 37855.5  15715.0  2361.4  4224.4
   885 318.624  -0.002 318.622  2002776.3 401248.2 139126.7 29467.2  15241.2  3754.0  3828.6
   886 -1087.832   0.021 -1087.811  1619502.4 222842.0 50273.5 17948.7  10048.3  2821.4  1792.4
   887  36.810  -0.008  36.802  1533901.5 338119.5 34898.0 34804.1   9504.0  4971.7  2563.7
   888 -541.771   0.003 -541.768  1334061.5 307106.4 31913.4 20462.1  11118.7  3097.8  2329.6
   889 559.268  -0.005 559.263  1557764.5 364563.8 59477.2 42879.5  12942.1  4709.1  3599.3
   890  80.905  -0.004  80.900  1707301.2 242113.9 37693.8 32427.1  15027.4  7191.3  3289.7
   891 141.815   0.001 141.816  1674456.5 336109.2 76385.4 35075.5  13587.0  3342.6  3175.1
   892 -30.537  -0.003 -30.540  1775090.6 235571.2 43358.3 34258.5  15723.4  5549.1  3084.1
   893 314.594  -0.001 314.593  1957622.2 369094.1 68098.8 35470.3  15859.9  1979.7  3923.8
   894 -459.199   0.005 -459.195  1748703.8 290439.9 56582.6 23887.9  12121.4  2228.6  2444.4
   895 708.912  -0.005 708.907  2016821.1 417204.5 88104.6 39007.0  15730.8  3972.1  4115.9
   896 -79.601   0.001 -79.600  1880374.0 358995.6 71348.3 24479.0  11736.4  5371.8  2762.9
   897 104.971  -0.001 104.971  1852513.3 327570.6 73311.4 37728.0  14601.5  1462.4  2934.9
   898 -72.007  -0.000 -72.007  1929716.4 434794.2 100530.6 30864.8  13783.6  2170.5  3126.4
   899 -351.180   0.004 -351.176  1789658.4 297946.2 54981.0 29817.1  12888.1  2131.1  2461.4
   900 -167.069   0.001 -167.068  1621360.3 330278.5 81429.6 30633.1  14421.6  2376.6  3030.5

         Carbon flux (ktC/yr)        Water (dam3/yr)                Nitrogen (MgN/yr)
       ----------------------- -------------------------- --------------------------------
Spinup NEP     estab   NBP     transp     evap    interc  nuptake ndemand  nlosses ninflux
------ ------- ------- ------- ---------- ------- ------- ------- -------- ------- -------
   901 -410.337   0.004 -410.333  1457158.7 309472.2 37148.2 21984.1  14249.6  5299.6  2533.2
   902 157.346  -0.002 157.344  1569330.9 315847.7 38256.0 38757.0  13856.4  1999.2  3307.2
   903 -497.636   0.005 -497.631  1503030.5 235297.0 44773.4 20953.9  13581.4  2958.0  2769.7
   904 613.342  -0.004 613.338  1679006.5 361687.8 65753.7 44720.3  13706.8  4101.2  3664.5
   905 -693.476   0.010 -693.466  1581422.4 283540.0 65889.2 15692.1  15178.4  6585.9  3200.4
   906 278.138  -0.011 278.127  1607997.5 261546.3 34019.3 37574.1  10784.0  3509.2  2725.1
   907 394.293  -0.001 394.292  1718730.4 413878.2 58070.0 31079.6  14837.0  3331.6  3675.6
   908 443.146  -0.003 443.143  1833071.9 350161.2 81819.1 38764.8  13319.4  3937.4  3398.6
   909 -94.382   0.000 -94.382  1802419.6 390843.4 72086.1 26769.5  14430.7  7317.2  3142.9
   910 252.432  -0.002 252.430  1928048.9 364116.8 105445.1 33932.5  14861.5  1915.2  3453.3
   911 -160.705   0.002 -160.704  1806043.6 306072.9 53833.2 32986.4  14228.6  2202.6  2946.2
   912 -1001.006   0.025 -1000.982  1573638.3 264276.4 57473.3 20030.8  13341.4  2028.9  2536.4
   913 -354.040  -0.005 -354.045  1451761.6 298098.5 54537.9 22207.9  12438.9  4041.0  2915.6
   914 115.707  -0.004 115.703  1497417.6 258278.6 37562.1 33088.3  11384.7  7572.9  2902.7
   915 -26.640  -0.000 -26.640  1577022.1 292260.4 43752.7 33613.4  12909.0  3398.7  3264.1
   916 -220.541   0.001 -220.540  1552626.9 285407.3 46154.5 30704.1  13529.2  3353.3  3291.1
   917  94.230  -0.001  94.229  1539361.0 319928.6 39013.9 35960.5  13546.2  3658.6  3428.2
   918 -147.066   0.001 -147.066  1499137.3 317844.6 55985.9 30162.0  14100.7  2907.2  3274.9
   919 265.629  -0.003 265.626  1616830.0 417588.9 53611.6 32959.3  13887.1  5823.7  3523.0
   920 445.611  -0.003 445.607  1704051.0 416340.7 58583.3 32309.6  15341.6  5700.8  3686.4
   921 -134.556   0.002 -134.554  1638418.7 314049.2 72647.3 26059.7  12445.7  5836.7  2616.6
   922 678.887  -0.003 678.884  1740015.5 390137.1 46863.1 41881.3  12876.5  2323.3  3549.0
   923 -128.007   0.001 -128.006  1738965.5 357646.6 64219.0 23355.5  13717.9  2412.5  3023.0
   924 137.540  -0.001 137.539  1753526.3 336119.3 67544.0 36912.2  14984.4  1847.3  3246.8
   925 290.672  -0.002 290.669  1980606.5 393722.3 97133.6 30994.3  17987.8  2669.7  4285.9

         Carbon flux (ktC/yr)        Water (dam3/yr)                Nitrogen (MgN/yr)
       ----------------------- -------------------------- --------------------------------
Spinup NEP     estab   NBP     transp     evap    interc  nuptake ndemand  nlosses ninflux
------ ------- ------- ------- ---------- ------- ------- ------- -------- ------- -------
   926 253.026  -0.001 253.025  2070842.2 392633.5 105358.9 31027.6  17393.8  2467.2  4157.1
   927   7.185   0.000   7.186  2094684.6 359528.7 84841.1 30685.3  16864.7  1669.5  3848.2
   928 -585.858   0.008 -585.850  1757764.2 224951.4 53838.8 25900.2  12589.0  1675.0  2294.9
   929 -784.434   0.008 -784.427  1436626.9 380451.7 60687.6 18955.7  10164.2  2768.3  2250.6
   930 -10.875  -0.002 -10.877  1504752.5 330578.1 37328.8 35774.8  13311.6  2804.0  3430.2
   931 -664.054   0.010 -664.044  1418373.5 274807.2 56454.7 16045.9  14210.8  3497.7  3170.5
   932 713.580  -0.013 713.568  1656677.5 461913.0 88735.3 37384.8  13803.2 13319.4  4285.6
   933 244.389  -0.002 244.386  1655986.8 418966.1 55651.0 29727.2  12582.3  4108.7  3495.6
   934 -836.897   0.020 -836.877  1432231.5 227837.0 40934.6 21653.2  10042.3  2562.4  2067.7
   935 485.289  -0.011 485.278  1577691.6 506158.3 58463.2 35604.4  11795.6  5509.7  3589.8
   936 362.286  -0.003 362.283  1800602.6 417033.4 74401.4 30016.7  16368.5  5678.7  4792.2
   937 387.632  -0.003 387.629  1926537.7 362725.8 79627.0 33716.9  15973.1  2880.7  4239.6
   938 -324.356   0.004 -324.352  1697518.3 302261.2 75911.6 22950.9  13684.9  3602.4  2682.2
   939 -27.552   0.001 -27.551  1625803.7 312111.9 65965.5 26694.8  12517.5  2881.1  2709.2
   940 -971.077   0.035 -971.041  1389062.2 226325.7 39087.7 20693.3   9033.1  3000.6  1900.4
   941 297.205  -0.019 297.186  1327940.1 399450.2 34005.0 30452.9  11840.2  4188.2  3321.8
   942 189.245  -0.002 189.244  1545321.0 333515.2 35945.2 30242.3  12553.2  4607.3  3482.4
   943 182.117  -0.002 182.114  1527457.1 376350.3 44638.9 27295.5  13374.3  4527.2  3546.5
   944 471.856  -0.005 471.851  1780476.1 340952.3 55616.2 39468.8  14785.5  2425.7  3746.5
   945 259.774  -0.002 259.772  1874904.7 313211.5 66016.3 32068.4  15866.7  1813.2  3469.2
   946 -288.011   0.003 -288.009  1700805.8 337293.9 61027.6 21019.6  14643.0  2601.5  2972.3
   947 146.236  -0.001 146.234  1781128.0 369086.1 72946.7 34838.3  12505.4  3320.5  3107.3
   948 -151.382   0.001 -151.381  1730061.2 369184.8 62115.5 27020.1  13956.1  3154.3  2878.4
   949  96.707  -0.001  96.706  1740080.6 398598.3 63888.2 31329.4  13747.8  3798.8  3202.6
   950 -334.350   0.003 -334.347  1620191.1 297588.8 50399.1 25057.0  13583.1  1888.9  2852.7

         Carbon flux (ktC/yr)        Water (dam3/yr)                Nitrogen (MgN/yr)
       ----------------------- -------------------------- --------------------------------
Spinup NEP     estab   NBP     transp     evap    interc  nuptake ndemand  nlosses ninflux
------ ------- ------- ------- ---------- ------- ------- ------- -------- ------- -------
   951  14.898  -0.001  14.897  1558261.1 388835.3 53470.3 28829.0  11127.5  3086.1  2768.8
   952 -288.021   0.002 -288.019  1438604.5 314699.5 36940.5 23004.5  11905.4  2265.1  2280.6
   953 -458.577   0.005 -458.573  1475444.0 533358.1 64235.0 28093.8  11719.4  5077.7  2831.1
   954 335.596  -0.003 335.593  1585697.6 330496.5 32905.6 36124.6  11779.7  4997.3  3116.4
   955 352.567  -0.003 352.563  1772548.2 416505.7 103692.5 27808.4  16647.5  8360.4  4369.9
   956 -271.314   0.004 -271.311  1587850.2 248784.3 45745.7 23293.7  12856.8  4356.5  2806.8
   957  69.739   0.000  69.739  1613296.1 311829.2 41338.1 30990.1  12151.5  2646.2  3084.2
   958 418.294  -0.004 418.289  1756173.7 336641.0 57502.6 37668.0  14719.7  2100.4  3643.1
   959 272.613  -0.002 272.611  1923797.7 343239.2 86761.5 30645.4  16399.6  1542.8  3910.9
   960  90.561  -0.001  90.561  1920760.9 303095.7 63354.1 32966.7  15080.3  3254.7  3261.9
   961  18.694  -0.000  18.694  1910254.8 298084.2 63076.1 33066.8  15833.4  1321.9  3260.6
   962 -776.416   0.017 -776.399  1512370.2 296108.7 44519.0 18011.1  12133.8  1544.2  1953.2
   963 -310.059  -0.005 -310.064  1481518.7 292458.7 55518.7 20768.3  12842.7  3579.7  2895.3
   964 232.198  -0.005 232.194  1597502.6 256952.3 33031.8 39463.0  11364.3  3425.4  2867.9
   965 249.432  -0.000 249.432  1622924.4 382151.9 50570.0 25070.0  12545.0  4513.0  3188.3
   966 -16.119   0.000 -16.119  1563250.6 393617.0 53434.5 28939.9  10519.7  3551.7  2706.5
   967 -84.772  -0.001 -84.773  1642803.0 245837.8 40268.4 32270.4  13352.7  1895.1  2878.1
   968 491.738  -0.001 491.736  1846460.0 414200.3 81862.3 31590.3  17002.0  2187.9  4394.2
   969 -479.234   0.006 -479.228  1643373.3 237451.1 52793.6 20090.7  12848.8  4728.0  2589.2
   970 -181.817  -0.001 -181.818  1630426.2 285726.9 46444.7 29532.5  12637.7  2824.9  3121.1
   971 -169.911   0.001 -169.910  1516103.3 387260.0 50057.1 29600.6  11750.7  3018.5  2924.9
   972 -625.422   0.005 -625.417  1373999.4 233569.7 37090.8 22052.0  10830.9  3718.1  2286.4
   973 -27.697  -0.001 -27.697  1454611.6 293588.6 36139.9 32990.1  13630.8  3576.3  3482.9
   974 194.853  -0.002 194.851  1486060.1 328005.5 33760.6 35280.7  13881.0  3813.5  3700.2
   975 235.515  -0.003 235.512  1554231.4 383213.8 47175.9 26407.4  13264.3  4809.3  3559.1

         Carbon flux (ktC/yr)        Water (dam3/yr)                Nitrogen (MgN/yr)
       ----------------------- -------------------------- --------------------------------
Spinup NEP     estab   NBP     transp     evap    interc  nuptake ndemand  nlosses ninflux
------ ------- ------- ------- ---------- ------- ------- ------- -------- ------- -------
   976 126.878  -0.004 126.874  1603141.7 254815.2 36720.9 34473.7  12872.6  3166.7  3055.7
   977 -429.491   0.005 -429.486  1525503.5 277744.9 47982.5 26809.0  13845.3  2713.1  3092.3
   978 -98.928   0.001 -98.928  1447104.1 393564.9 47398.6 29561.0  12486.4  3005.9  3089.9
   979  88.349  -0.001  88.348  1500383.2 337872.1 35625.8 35470.6  11619.5  3817.8  3011.0
   980 -432.368   0.004 -432.365  1438534.7 527947.4 60898.7 25862.3  13079.3  4408.2  3034.7
   981 563.549  -0.005 563.544  1577980.9 380700.9 52335.3 36109.9  12980.8  5934.8  3714.0
   982 334.109  -0.002 334.107  1683052.8 366021.8 63792.8 29827.2  13456.5  6294.7  3553.7
   983 547.081  -0.003 547.078  1851829.0 389618.2 47114.3 38537.3  14600.1  4811.9  4202.3
   984 -943.974   0.022 -943.952  1617597.5 257860.1 72925.4 11819.3  15851.0  2196.6  2940.1
   985 351.857  -0.018 351.839  1589973.3 344607.4 35151.8 37996.1   9840.7  4742.3  2664.7
   986 488.664  -0.004 488.660  1888938.6 377073.5 57703.2 34137.0  15595.6  2783.1  4239.6
   987 125.033  -0.001 125.032  1853996.6 444066.5 86921.5 30115.9  12221.9  2549.7  3193.1
   988 238.694  -0.001 238.693  1849242.8 326772.0 85583.7 33983.9  16308.3  2872.5  3536.1
   989 -165.317  -0.000 -165.317  1844016.4 226257.8 48265.1 29011.0  16606.4  2992.3  2947.4
   990 -243.744   0.005 -243.739  1663972.2 303873.3 73119.0 24570.3  14919.4  1921.4  2728.6
   991 -32.864   0.001 -32.863  1604080.8 314009.6 65448.2 27543.3  13744.4  2345.1  2781.0
   992 296.252  -0.002 296.250  1666883.2 414248.6 58006.9 32354.1  15355.8  1706.1  3463.8
   993 -193.881  -0.000 -193.881  1680019.3 241043.0 42968.8 28096.6  12483.2  1835.1  2654.6
   994 -601.864   0.009 -601.855  1448294.0 376934.0 56648.2 20055.7  10879.5  2688.4  2401.4
   995 316.041  -0.004 316.037  1615988.6 344730.0 50170.9 36945.5  15055.0  2083.8  3831.1
   996 614.092  -0.005 614.086  1997713.2 418306.8 121244.1 36248.5  20594.5  4488.9  5538.9
   997 -198.226   0.002 -198.224  1757211.8 293193.9 54111.4 22052.4  14709.8  1926.5  3113.7
   998 105.417  -0.001 105.415  1768586.7 365293.4 74522.4 30764.3  12714.3  2774.3  3199.4
   999  65.857   0.000  65.857  1750404.6 364079.6 60046.1 26437.4  13767.6  4825.0  3187.8
  1000 328.958  -0.002 328.955  1920732.3 420075.9 89646.5 33818.2  17570.4  2311.0  4438.8

         Carbon flux (ktC/yr)        Water (dam3/yr)                Nitrogen (MgN/yr)
       ----------------------- -------------------------- --------------------------------
Spinup NEP     estab   NBP     transp     evap    interc  nuptake ndemand  nlosses ninflux
------ ------- ------- ------- ---------- ------- ------- ------- -------- ------- -------
  1001 -213.079   0.002 -213.077  1695777.1 346603.2 61562.7 21152.7  15751.0  1793.2  3292.5
  1002 -369.640   0.004 -369.637  1726144.1 281298.3 54268.3 30198.1  14541.0  1463.0  3142.1
  1003 -404.895   0.002 -404.893  1628194.4 275601.6 51527.4 28209.5  14499.7  1760.2  3107.3
  1004 770.289  -0.006 770.282  1983646.7 426925.6 118869.7 44826.9  20887.3  3387.3  5608.5
  1005 -55.146   0.001 -55.146  1806926.5 388885.5 73519.9 23547.1  14211.7  1884.1  3151.9
  1006 -248.167   0.004 -248.163  1657921.6 307438.6 76434.3 24716.3  13386.4  2474.3  2678.3
  1007 384.234  -0.003 384.231  1714674.2 346877.8 78362.2 37149.3  13669.8  2604.3  3280.6
  1008 -826.693   0.012 -826.681  1624786.3 277628.4 73177.6 15613.4  16099.9  5313.6  3073.0
  1009 361.438  -0.011 361.427  1647602.3 389931.2 62850.3 37989.9  11801.2  3749.0  3270.5
  1010 321.493  -0.003 321.490  1816776.2 322477.1 63991.5 33512.8  16343.0  2523.0  3766.6
  1011 259.785  -0.002 259.783  2005344.2 389776.2 97663.2 29790.6  17626.8  3183.7  4321.8
  1012 -285.872   0.002 -285.869  1790057.3 367003.4 70835.1 26359.4  13733.6  2024.8  2781.8
  1013 238.537  -0.001 238.536  1794141.6 335133.5 86418.4 36877.7  15012.9  1997.5  3322.2
  1014 -256.832   0.001 -256.831  1739552.9 370041.3 68150.3 25670.4  15522.5  3096.0  3022.3
  1015 298.956  -0.002 298.954  1928605.0 401540.6 92705.3 35261.5  18173.1  2123.7  4420.9
  1016 -532.055   0.008 -532.048  1763294.1 274252.0 63017.3 24942.1  15668.7  1442.5  2976.6
  1017 -234.126   0.001 -234.125  1622932.1 300103.3 50124.9 25109.7  13059.2  1902.3  2885.1
  1018 418.012  -0.005 418.007  1831952.3 383673.0 95478.7 35791.0  14468.2  3704.6  3631.9
  1019  33.358  -0.000  33.358  1762828.7 375477.1 65794.7 25535.4  12384.9  4358.7  3057.8
  1020 -252.342   0.003 -252.339  1634042.0 317677.3 78365.6 27191.4  13335.7  2852.1  2679.3
  1021 326.052  -0.003 326.049  1706341.1 347866.2 80159.9 38586.9  14099.2  2156.6  3341.8
  1022 -557.674   0.005 -557.669  1603167.3 235328.6 53148.5 20245.9  15255.7  4526.6  2799.3
  1023 -44.351   0.002 -44.349  1597378.2 314733.9 44825.0 28943.6  12176.2  2327.9  3047.3
  1024 523.918  -0.005 523.913  1870630.1 429163.1 82332.3 37015.0  15967.4  3890.8  4571.1
  1025 102.981  -0.001 102.980  1874015.6 314209.9 63052.2 31160.9  14601.0  3432.9  3363.1

         Carbon flux (ktC/yr)        Water (dam3/yr)                Nitrogen (MgN/yr)
       ----------------------- -------------------------- --------------------------------
Spinup NEP     estab   NBP     transp     evap    interc  nuptake ndemand  nlosses ninflux
------ ------- ------- ------- ---------- ------- ------- ------- -------- ------- -------
  1026 180.821  -0.002 180.819  1980087.4 388417.3 100219.6 32023.1  17421.0  1828.1  4298.7
  1027 -697.805   0.010 -697.795  1724223.4 519417.4 95002.9 22913.7  12185.3  3021.0  2480.5
  1028 381.897  -0.006 381.891  1859874.9 323539.9 54205.7 35234.9  13902.3  3156.5  3471.7
  1029 -28.807   0.000 -28.807  1777804.8 366123.6 62211.3 25110.6  12712.0  3433.9  3133.5
  1030 173.623  -0.002 173.621  1872172.6 322416.0 59861.8 36918.3  14408.5  2913.7  3393.3
  1031 -92.512  -0.000 -92.512  1874658.0 444754.6 95239.3 30747.2  13327.6  1807.1  3268.3
  1032 150.582  -0.001 150.581  1863363.8 329069.2 90315.4 34991.5  16618.0  2114.7  3591.9
  1033 -710.560   0.008 -710.552  1676131.4 230060.7 56566.4 18937.4  14967.0  3554.2  2560.2
  1034 457.399  -0.005 457.394  1823541.2 330950.8 50991.0 40169.2  13477.0  2508.7  3418.1
  1035 -486.090   0.006 -486.084  1645426.1 292688.1 51656.9 22132.4  12737.9  2155.6  2789.6
  1036 741.083  -0.008 741.075  2058024.2 419213.1 124131.6 44394.8  19015.9  4645.3  5279.6
  1037 -164.773   0.001 -164.772  1855066.5 384290.0 76079.6 24130.6  13521.1  2361.1  3004.4
  1038 -336.984   0.004 -336.981  1717751.4 314883.4 50177.5 31375.5  10493.6  2271.1  2328.9
  1039 170.659  -0.002 170.657  1762813.8 450734.6 78647.3 32891.4  15427.3  1742.5  3803.9
  1040 -224.114   0.001 -224.112  1706598.6 381199.6 64332.5 27176.9  13105.7  2502.7  2856.9
  1041 -238.191  -0.001 -238.191  1686344.0 238056.0 43228.1 32681.9  12507.5  2323.3  2703.6
  1042 344.150  -0.001 344.150  1842191.6 371799.9 95070.9 32910.5  14597.9  2492.6  3490.1
  1043 369.156  -0.003 369.153  1958137.5 457093.3 91671.9 34674.8  15208.6  2732.1  3967.6
  1044 -247.804   0.002 -247.802  1752895.2 368231.5 69968.2 24667.8  11389.5  2635.4  2470.6
  1045 -834.109   0.015 -834.094  1663946.3 275439.3 75098.3 16690.5  13491.3  2646.2  2870.9
  1046 526.011  -0.015 525.997  1726395.4 489740.3 70140.6 40087.2  11220.7  6524.9  3314.5
  1047 -850.446   0.019 -850.427  1524368.5 223596.3 45079.6 19913.7  11318.4  4262.6  2114.7
  1048 635.036  -0.017 635.019  1692357.9 349654.7 43535.6 38701.3  12941.1  4357.0  3600.6
  1049 523.003  -0.003 523.000  1840164.5 392104.2 46812.4 39043.6  13444.3  2903.9  4123.7
  1050 -156.512   0.001 -156.511  1706688.2 325872.3 86091.8 29537.5  14909.7  3038.4  3205.2

         Carbon flux (ktC/yr)        Water (dam3/yr)                Nitrogen (MgN/yr)
       ----------------------- -------------------------- --------------------------------
Spinup NEP     estab   NBP     transp     evap    interc  nuptake ndemand  nlosses ninflux
------ ------- ------- ------- ---------- ------- ------- ------- -------- ------- -------
  1051 -42.039  -0.000 -42.040  1734053.7 396540.2 64887.1 30559.5  15157.0  7422.4  3386.5
  1052 -286.278   0.002 -286.276  1607243.6 380824.3 59457.7 28870.7  12577.3  1837.2  2749.3
  1053 382.992  -0.003 382.989  1807270.1 361670.7 78245.1 37569.3  15931.5  1869.6  3918.9
  1054 -412.401   0.003 -412.399  1737639.9 274894.8 58871.3 27827.6  14298.3  2608.4  2921.0
  1055 -255.559   0.002 -255.557  1576496.0 382880.7 58893.5 27919.9  11553.9  2718.9  2655.8
  1056 793.979  -0.005 793.973  1809680.8 400771.1 46174.9 45032.8  13853.6  3362.0  4043.2
  1057 -333.048   0.002 -333.046  1675791.3 305404.5 72647.5 26095.8  14540.8  1837.0  2864.6
  1058  50.000  -0.001  49.999  1732333.2 353950.8 76400.5 31442.9  12897.1  2801.6  3087.8
  1059  97.509  -0.000  97.508  1734887.5 367545.1 62999.5 28561.3  13107.5  6873.8  3105.3
  1060 -563.286   0.007 -563.279  1630452.8 541329.1 83373.6 28200.3  11434.0  4236.7  2532.2
  1061 561.395  -0.006 561.390  1796434.2 327561.2 58367.2 39194.5  14881.0  2275.1  3639.2
  1062 -551.939   0.007 -551.932  1543253.0 305569.6 43340.4 18544.5  11674.7  3031.2  2126.8
  1063 476.123  -0.005 476.118  1665492.4 352887.2 72252.3 37741.9  12593.3  3935.6  3257.9
  1064 -102.172   0.001 -102.171  1703177.2 316263.5 46133.7 31476.2  12993.3  7661.7  2834.2
  1065 -657.541   0.006 -657.535  1477143.3 228650.6 40874.0 24605.8  11609.8  2998.4  2513.4
  1066 449.471  -0.004 449.467  1714071.3 437711.1 99113.4 33712.3  15658.6  6981.8  4187.7
  1067 471.377  -0.004 471.373  1804281.8 343802.2 61932.1 36153.4  15111.9  2410.8  3701.0
  1068 -534.854   0.006 -534.848  1652042.4 231230.4 53438.3 20592.3  13174.8  3823.3  2532.0
  1069 287.482  -0.003 287.479  1701237.6 332945.3 58116.4 35177.7  13017.5  2817.6  3190.6
  1070 -761.187   0.016 -761.172  1609169.7 278487.9 68289.9 17791.9  13481.5  4708.7  2990.3
  1071 -370.498   0.005 -370.494  1417801.1 240063.0 35509.0 29352.4   8435.2  5926.6  2045.1
  1072 728.819  -0.013 728.806  1648691.0 489074.5 60579.4 41998.6  13901.7  4594.8  4139.0
  1073 437.908  -0.003 437.904  1818276.2 331763.0 61910.5 33091.0  14929.9  3424.7  3730.9
  1074 -184.969  -0.001 -184.969  1790685.6 229580.9 47370.0 29682.3  13259.5  2433.6  2746.0
  1075 -86.788   0.004 -86.784  1620354.0 339440.2 81476.5 31789.4  12566.7  3539.5  2803.4

         Carbon flux (ktC/yr)        Water (dam3/yr)                Nitrogen (MgN/yr)
       ----------------------- -------------------------- --------------------------------
Spinup NEP     estab   NBP     transp     evap    interc  nuptake ndemand  nlosses ninflux
------ ------- ------- ------- ---------- ------- ------- ------- -------- ------- -------
  1076 133.496  -0.002 133.494  1724634.3 405332.3 60381.6 29855.1  17562.0  9775.5  3864.6
  1077 330.180  -0.002 330.177  1889825.5 372719.7 98987.1 32643.5  14534.9  2409.1  3529.6
  1078  28.932   0.000  28.932  1806337.2 368573.5 65181.8 25603.9  12425.4  3377.4  2950.0
  1079 555.785  -0.003 555.783  1907757.1 390948.2 54560.8 41934.9  14308.5  1910.9  3822.4
  1080 -959.246   0.016 -959.230  1661723.9 221421.2 58039.8 13643.2  14156.2  1519.7  2339.1
  1081 -283.709  -0.004 -283.713  1502691.9 244724.2 35612.7 27075.5  10323.7  3586.2  2533.7
  1082 154.857  -0.002 154.856  1638202.0 478435.7 69176.2 34127.5  11774.9  2765.2  3470.0
  1083 349.933  -0.004 349.930  1768487.5 328482.5 58029.3 34693.5  16246.8  2421.6  3915.9
  1084 241.417  -0.002 241.415  1855036.7 315429.5 66273.6 33289.6  15960.1  1678.6  3546.9
  1085 115.658  -0.001 115.657  1878176.2 387366.0 70572.9 28440.2  16555.5  3314.5  3440.9
  1086 -249.748   0.002 -249.745  1688167.7 352298.6 61920.3 24407.1  13558.8  1921.2  2860.1
  1087 280.118  -0.002 280.116  1812301.6 402021.9 64646.3 34653.4  15929.2  4600.8  3593.2
  1088 581.594  -0.004 581.590  2162412.5 406425.1 144072.4 39734.4  20042.1  2588.7  5045.7
  1089 -350.236   0.004 -350.231  1930830.7 226099.0 55053.0 25053.7  14292.7  1537.0  2477.1
  1090 -108.051   0.001 -108.050  1807912.1 389107.8 71185.7 26606.0  12811.3  1838.0  2833.5
  1091 262.705  -0.002 262.703  1967149.2 405107.8 131609.8 31955.7  15669.3  4648.8  3873.9
  1092 -261.536   0.001 -261.534  1775791.5 386581.7 67986.7 27602.7  13195.8  2425.9  2768.8
  1093 -512.537   0.009 -512.527  1715590.2 273608.8 56601.5 29312.9  14313.1  1903.9  2944.3
  1094 -69.496  -0.003 -69.499  1558562.5 385232.6 54328.1 29586.1  11242.1  2544.1  2727.6
  1095 -273.136   0.001 -273.135  1629066.7 282680.9 52007.5 31389.7  14580.0  2051.5  3203.3
  1096 -68.049  -0.000 -68.050  1499094.2 356826.4 51502.4 25683.7  14275.1  2437.1  3319.8
  1097 616.196  -0.005 616.191  1858516.1 435188.3 82515.5 39056.6  16299.5  4242.2  4550.7
  1098 -835.520   0.011 -835.509  1578373.7 224691.9 48782.5 17810.7  10978.2  3505.5  2006.1
  1099 -682.410   0.019 -682.391  1354778.7 231598.3 35794.9 21635.6   9002.3  4674.7  2062.6
  1100 182.509  -0.014 182.495  1389428.2 335452.9 31749.7 33416.1  11573.7  5033.5  3322.1

         Carbon flux (ktC/yr)        Water (dam3/yr)                Nitrogen (MgN/yr)
       ----------------------- -------------------------- --------------------------------
Spinup NEP     estab   NBP     transp     evap    interc  nuptake ndemand  nlosses ninflux
------ ------- ------- ------- ---------- ------- ------- ------- -------- ------- -------
  1101 470.108  -0.004 470.104  1657885.5 450376.2 94858.0 31198.0  14450.6 13080.2  4493.9
  1102 319.424  -0.003 319.421  1637465.3 421752.9 56114.2 30718.7  15013.8  4387.0  3996.4
  1103 -16.508  -0.000 -16.508  1653844.4 329499.5 43555.6 35028.1  11015.0  2640.0  2807.4
  1104 -530.505   0.004 -530.500  1374620.0 302514.3 36340.7 18936.7  12552.4  2500.3  2340.0
  1105 -55.211  -0.003 -55.214  1464647.2 248697.7 33044.9 34197.7  11723.2  3131.1  2890.0
  1106 454.822  -0.002 454.819  1635936.9 466353.8 65798.4 34825.3  15001.3  2704.6  4084.1
  1107 159.607  -0.002 159.605  1755586.8 460485.4 81925.8 30213.8  12617.8  6360.5  3433.0
  1108 -721.484   0.015 -721.469  1602529.8 274645.1 69731.8 17065.8  15230.8  5016.6  3044.2
  1109 198.427  -0.010 198.417  1587384.8 308699.6 42314.9 38004.0  12329.8  3906.7  3070.0
  1110 327.021  -0.004 327.018  1663105.4 413400.1 56665.1 30533.1  13078.6  4841.0  3322.2
  1111 541.376  -0.004 541.372  1857587.1 450442.5 80649.9 36114.2  15035.2  2420.2  3947.8
  1112 342.663  -0.002 342.661  2011026.7 432156.4 94685.2 31321.7  15912.5  2680.1  3804.3
  1113 -1188.921   0.037 -1188.884  1662080.1 215331.7 53262.7 13617.6  11105.5  2540.8  1734.2
  1114 352.246  -0.020 352.226  1487322.8 342565.3 52106.7 30023.7  11224.4  6751.8  2755.4
  1115 788.448  -0.006 788.443  1882972.0 420550.6 73427.1 36282.0  15126.5  4650.6  4314.9
  1116 -142.169   0.002 -142.167  1791720.6 308322.5 47098.5 29042.6  11371.3  4197.0  2530.9
  1117 -248.510   0.003 -248.508  1643139.9 304853.2 66838.9 23014.6  14189.7  3223.4  2813.8
  1118 475.346  -0.004 475.342  1836977.1 390007.5 57561.1 38198.2  15035.4  2008.2  4036.4
  1119 -553.653   0.008 -553.645  1538594.9 301555.0 40687.0 18471.5  11241.6  1857.4  2008.7
  1120 155.370  -0.003 155.366  1519877.4 387388.6 46405.5 27994.3   9952.9  2861.8  2646.3
  1121  27.161  -0.000  27.160  1544340.6 382054.2 50004.7 28428.8  10637.4  3201.7  2720.2
  1122 -84.194   0.001 -84.193  1607851.7 321653.2 41055.6 33406.2  11292.3  2826.4  2677.8
  1123   3.586  -0.001   3.585  1618796.2 352892.9 70798.3 30751.0  16293.0  1973.5  3795.2
  1124   0.994  -0.000   0.994  1553817.6 358463.3 50693.9 25349.5  15085.2  3102.7  3527.0
  1125 227.835  -0.002 227.832  1751339.2 463201.1 77622.7 36202.0  12785.7  4378.4  3492.4

         Carbon flux (ktC/yr)        Water (dam3/yr)                Nitrogen (MgN/yr)
       ----------------------- -------------------------- --------------------------------
Spinup NEP     estab   NBP     transp     evap    interc  nuptake ndemand  nlosses ninflux
------ ------- ------- ------- ---------- ------- ------- ------- -------- ------- -------
  1126 416.160  -0.002 416.158  1872076.5 378565.0 51085.4 36162.3  15637.5  3230.3  4131.5
  1127 -203.364   0.002 -203.362  1786602.1 380234.2 70359.2 25416.5  15329.8  1192.2  3116.7
  1128 -259.011   0.004 -259.007  1644933.9 308601.7 72275.6 26322.7  14041.3  2306.7  2653.6
  1129 386.805  -0.003 386.802  1711823.1 345729.5 75403.9 38802.5  14269.1  2305.7  3282.2
  1130 125.418  -0.002 125.416  1951821.1 371853.2 69024.4 29858.9  17848.2  3991.1  4232.7
  1131  -6.509  -0.000  -6.510  1871584.6 438325.5 93576.4 30946.5  13217.5  1272.1  3173.6
  1132 174.091  -0.001 174.090  1996141.9 388140.0 97656.0 30937.2  18889.9  2061.3  4292.8
  1133 -452.727   0.008 -452.719  1716088.1 302792.7 82246.4 21502.9  14493.8  2022.7  2530.7
  1134 -226.152  -0.000 -226.152  1622698.5 241327.6 40171.9 27401.2  11313.0  2400.5  2430.6
  1135 758.389  -0.004 758.385  2045594.3 421659.1 121406.7 42755.1  19690.2  2217.1  5356.9
  1136 126.151  -0.001 126.150  2070624.6 360400.1 76529.9 26735.9  16347.5  1675.6  3995.8
  1137  59.973  -0.000  59.973  1993959.9 332152.8 98473.1 33338.2  15763.1   851.2  3469.0
  1138 326.930  -0.002 326.928  2022783.4 367702.5 59889.0 39472.0  15289.9  1853.3  3805.3
  1139 -1083.232   0.019 -1083.213  1621089.9 351416.5 74803.3 14417.4  12111.0  1521.2  2063.0
  1140 -118.233  -0.004 -118.237  1588545.2 331952.5 38919.9 33656.1  10371.6  2636.1  2591.6
  1141   4.513  -0.001   4.512  1660992.7 347671.4 69162.7 31106.2  15461.4  2154.3  3702.2
  1142 -162.700   0.001 -162.700  1573738.7 314223.6 63852.7 26695.9  14146.4  5822.4  2973.7
  1143 830.164  -0.006 830.158  2000521.4 422546.4 114051.7 46367.4  19646.0  2655.7  5367.3
  1144 -252.879   0.001 -252.877  1805646.6 364196.7 67221.7 22688.2  13578.6  1687.4  2758.6
  1145 188.990  -0.002 188.988  1842811.8 396364.4 66417.5 31593.6  15824.1  3053.0  3495.3
  1146 -616.129   0.007 -616.122  1713059.2 521784.0 85431.2 26111.6  11272.7  4271.4  2416.5
  1147 -273.716   0.001 -273.715  1621493.3 236142.9 44814.5 22516.7  12188.0  5558.1  2697.1
  1148 698.040  -0.005 698.034  1851409.2 467788.2 69805.0 42578.0  14001.9  2709.1  4035.7
  1149 -217.242   0.002 -217.240  1794909.4 312935.7 49979.4 28169.4  11277.0  3791.2  2474.6
  1150 223.773  -0.002 223.771  1951954.4 368428.3 65103.7 31611.8  15784.4  1960.5  4078.0

         Carbon flux (ktC/yr)        Water (dam3/yr)                Nitrogen (MgN/yr)
       ----------------------- -------------------------- --------------------------------
Spinup NEP     estab   NBP     transp     evap    interc  nuptake ndemand  nlosses ninflux
------ ------- ------- ------- ---------- ------- ------- ------- -------- ------- -------
  1151 -595.882   0.013 -595.869  1736123.3 268309.7 58602.0 26093.6  13190.6  2035.9  2833.7
  1152 505.940  -0.013 505.928  1820029.6 463066.7 76636.9 38136.8  14573.4  2270.5  3859.5
  1153 170.867  -0.001 170.866  1872746.5 393125.6 70766.7 26552.9  16014.2  4505.3  3520.9
  1154 -319.528   0.004 -319.524  1724425.9 303320.3 80134.3 25981.0  12672.7  3459.5  2546.5
  1155 167.953  -0.002 167.951  1740218.9 322459.7 63606.7 35514.0  13807.2  1850.7  3075.8
  1156 -239.338   0.001 -239.336  1639118.1 345908.9 57465.9 22923.4  14663.3  2252.1  3178.5
  1157 130.575  -0.001 130.573  1722690.9 379586.1 57814.8 31387.0  12575.2  5471.8  3195.3
  1158 381.561  -0.003 381.557  1902985.4 462392.2 86387.4 36123.5  15742.8  2024.0  4041.7
  1159 -101.692   0.001 -101.692  1856662.2 347809.5 87592.6 27646.7  13460.5  1759.4  2976.2
  1160 -1038.352   0.023 -1038.328  1599262.1 219219.7 49668.1 17077.1  11745.2  2613.9  1983.7
  1161 100.270  -0.013 100.257  1496610.0 317898.9 37885.3 29483.4  11380.5  3348.2  2957.5
  1162 -482.043   0.007 -482.037  1513059.8 295762.9 57982.5 20768.8  12620.7  6106.5  3147.8
  1163 918.000  -0.012 917.988  1843301.3 421739.0 50612.2 43064.3  13020.2  5893.2  4185.3
  1164 -434.486   0.005 -434.481  1516555.2 308374.0 39830.8 19083.2  10834.3  3082.6  2154.4
  1165 721.126  -0.006 721.120  1859904.6 421147.6 76045.5 34689.7  14480.5  5057.5  4239.8
  1166 154.463  -0.001 154.462  1934776.3 407078.9 130471.0 26855.1  15191.1  9954.4  3972.8
  1167 -441.213   0.007 -441.206  1743218.8 282166.5 57926.6 29340.6  14406.0  2536.7  3061.3
  1168 -385.945   0.002 -385.943  1578635.9 236211.1 47459.7 24760.5  13413.6  3247.9  2717.6
  1169 354.818  -0.004 354.814  1724906.2 470042.4 71219.9 37912.7  12205.5  3802.3  3454.9
  1170 199.874  -0.002 199.873  1865826.1 406981.6 123077.2 26808.3  16717.3  6196.8  4157.3
  1171 -563.865   0.007 -563.859  1655249.3 525445.1 80471.1 25550.9  12025.6  2984.6  2646.3
  1172 -490.791   0.005 -490.786  1584294.5 282732.7 60290.7 17611.6  13056.0  4211.7  3127.3
  1173 907.359  -0.011 907.348  1879782.0 415642.1 52341.3 44668.6  13394.7  5178.1  4246.0
  1174 318.480  -0.002 318.478  1830542.7 334864.4 82674.2 32853.5  13773.3  2535.9  3338.0
  1175 -64.891  -0.000 -64.891  1877498.1 442274.2 91859.4 30518.3  14228.6  5014.8  3412.1

         Carbon flux (ktC/yr)        Water (dam3/yr)                Nitrogen (MgN/yr)
       ----------------------- -------------------------- --------------------------------
Spinup NEP     estab   NBP     transp     evap    interc  nuptake ndemand  nlosses ninflux
------ ------- ------- ------- ---------- ------- ------- ------- -------- ------- -------
  1176 -130.558   0.001 -130.558  1776008.1 384650.5 69533.2 28997.9  15475.6  1778.9  3277.1
  1177 -267.139   0.004 -267.134  1579708.4 347046.8 56417.2 24034.5  14718.6  1181.4  3067.9
  1178 -567.986   0.008 -567.978  1580251.3 288245.5 65276.2 21629.4  14057.6  2970.4  3051.1
  1179 -409.407   0.008 -409.399  1430902.3 236190.7 36323.1 29404.1   9202.4  4675.7  2100.2
  1180 -72.210  -0.005 -72.216  1294727.7 329698.7 28973.0 25608.0  11162.0  3890.0  2533.4
  1181 756.097  -0.007 756.091  1639988.7 487832.9 62414.2 41938.9  14554.1  3819.0  4455.0
  1182 205.135  -0.002 205.133  1711476.7 369364.8 71926.6 28343.4  12973.9  4246.2  3341.3
  1183 -37.619  -0.000 -37.619  1689635.0 375511.8 61166.5 28916.3  13822.7  2998.8  3059.3
  1184 597.287  -0.003 597.283  1868948.7 388210.1 50882.1 42615.1  14818.5  2524.8  4084.3
  1185 -868.508   0.012 -868.496  1529523.8 227942.4 48087.8 16396.0  10957.9  2758.2  2106.3
  1186 -183.033  -0.000 -183.033  1472224.9 325681.2 53980.3 27698.0  12631.0  2502.4  3021.9
  1187 -11.833  -0.000 -11.834  1533288.4 314164.2 39999.5 27820.8  14196.1  2605.2  3469.8
  1188 600.233  -0.006 600.227  1768369.5 474355.4 71852.9 37903.0  15101.7  3258.9  4302.4
  1189 389.975  -0.003 389.973  1925638.6 447847.7 87862.2 31022.3  15676.9  3074.3  4074.6
  1190 276.582  -0.001 276.581  1926405.2 329563.4 91883.0 34153.1  15180.4  2833.1  3404.2
  1191 -332.514   0.003 -332.510  1807176.4 298396.0 55668.5 28490.9  13346.7  3515.5  2527.4
  1192 125.449  -0.002 125.447  1871623.5 355676.3 99961.3 30119.5  16657.0  1589.8  3707.2
  1193 -130.514   0.000 -130.514  1801870.9 238712.9 46676.3 30847.3  14025.5  1758.9  2800.8
  1194 -67.533   0.002 -67.531  1655989.4 334547.8 84185.5 31027.8  13298.0  2314.6  2901.4
  1195   1.182  -0.000   1.181  1691279.1 371255.2 57684.9 26659.6  14830.7  6019.7  3390.5
  1196 167.538  -0.001 167.537  1721153.6 408794.5 63872.3 31351.0  16791.0  1633.4  3706.2
  1197 -148.124   0.001 -148.124  1635501.7 376562.2 60273.8 27038.9  11515.3  1590.0  2679.4
  1198   6.277  -0.000   6.277  1672172.5 306269.8 46397.0 35509.5  14902.3  1286.9  3278.8
  1199 -862.236   0.016 -862.220  1534352.9 267990.1 54858.7 21653.1  14035.6  1631.9  2812.0
  1200 316.260  -0.009 316.251  1564212.1 437477.9 51273.5 34470.4  13083.5  2871.3  3459.3

         Carbon flux (ktC/yr)        Water (dam3/yr)                Nitrogen (MgN/yr)
       ----------------------- -------------------------- --------------------------------
Spinup NEP     estab   NBP     transp     evap    interc  nuptake ndemand  nlosses ninflux
------ ------- ------- ------- ---------- ------- ------- ------- -------- ------- -------
  1201 -178.539   0.000 -178.538  1601530.6 285903.8 49645.8 30755.2  13921.9  2187.3  3284.5
  1202 -334.960   0.003 -334.957  1395100.6 314874.4 36025.2 22044.0  11723.6  2662.2  2373.2
  1203 -91.225  -0.000 -91.225  1334526.1 322373.1 31338.8 26394.5  10973.1  3261.8  2417.4
  1204 619.787  -0.005 619.782  1656230.1 344045.1 44928.6 43240.9  14044.9  4359.8  3740.5
  1205 -397.607   0.009 -397.598  1600737.6 278951.0 51742.3 26012.7  13974.1  2813.7  3058.6
  1206 327.050  -0.006 327.044  1688952.1 480875.8 77467.3 34909.5  12209.4  4761.7  3386.1
  1207 424.784  -0.003 424.781  1905593.0 403962.9 89938.3 31870.8  17128.6  6025.4  4455.0
  1208 -108.088   0.001 -108.087  1697644.7 367850.9 65106.7 26817.6  11676.8  3768.9  2621.2
  1209  59.327  -0.000  59.327  1744213.6 351439.9 78637.5 32838.7  13279.1  1801.6  3021.9
  1210 169.532  -0.001 169.532  1898844.9 404825.5 136568.3 28528.2  17298.0  5317.9  4005.8
  1211 -822.501   0.017 -822.484  1647248.5 283394.7 77121.6 17201.7  14943.8  2216.9  2908.6
  1212 641.495  -0.016 641.478  1781670.7 400693.9 84321.7 38654.1  13154.4  4516.4  3434.5
  1213 401.861  -0.002 401.858  1984735.7 412532.9 93383.1 30270.2  16441.1  4188.8  4302.3
  1214 341.759  -0.001 341.758  1988596.6 372510.8 59756.8 37143.9  14735.3  2294.0  3856.5
  1215 -896.980   0.015 -896.965  1737070.3 499137.8 95391.3 19454.2  13450.9  1507.0  2394.7
  1216 795.883  -0.011 795.872  2080354.7 423046.6 119877.4 40821.9  19476.6  2936.2  5443.4
  1217 237.139  -0.002 237.138  2106889.1 383177.5 99747.0 26519.0  17370.6  1673.1  4291.1
  1218  71.884  -0.000  71.883  2013079.3 307239.7 78949.6 34337.7  16297.0  1069.7  3367.8
  1219 -455.250   0.006 -455.244  1850048.8 299573.6 56622.4 27464.2  12318.9  1600.1  2281.6
  1220  63.994  -0.001  63.993  1823226.0 391264.0 64682.3 28282.0  17247.1  1315.2  3626.6
  1221 -1120.437   0.035 -1120.402  1537531.3 224042.8 45958.9 17640.8   9659.2  2363.0  1849.5
  1222 452.670  -0.018 452.652  1590354.3 513641.5 59114.3 36684.2  11023.5  5271.6  3350.1
  1223 -130.140   0.001 -130.138  1561598.6 314124.7 61459.2 23041.9  14191.1  6517.5  3115.8
  1224 543.969  -0.005 543.964  1817870.9 396732.1 54739.4 38670.4  14782.0  1988.9  4286.3
  1225 362.420  -0.003 362.417  1942216.9 363639.7 96308.6 29841.2  14374.0  2072.2  3573.3

         Carbon flux (ktC/yr)        Water (dam3/yr)                Nitrogen (MgN/yr)
       ----------------------- -------------------------- --------------------------------
Spinup NEP     estab   NBP     transp     evap    interc  nuptake ndemand  nlosses ninflux
------ ------- ------- ------- ---------- ------- ------- ------- -------- ------- -------
  1226 -578.923   0.009 -578.913  1604619.0 308924.5 43259.5 20671.9  11157.9  2812.1  2052.4
  1227 334.147  -0.006 334.141  1702556.5 328365.2 55356.8 36186.9  13230.7  1850.8  3147.9
  1228 343.619  -0.003 343.615  1923546.7 442320.7 79937.8 33562.0  15974.2  2316.0  4059.2
  1229 -52.490   0.000 -52.489  1869874.8 347877.4 82514.2 28876.7  13076.2  2777.5  2936.1
  1230   1.536   0.000   1.536  1860530.9 339814.9 80349.3 32202.4  14032.7  2709.6  3069.6
  1231 -234.850   0.002 -234.848  1715337.7 338974.9 60263.7 23554.0  15696.9  2297.7  3157.2
  1232 541.515  -0.003 541.511  1924919.6 393661.4 49495.7 43564.7  14579.2  2319.6  3992.1
  1233 -732.353   0.008 -732.345  1691165.5 299217.3 51859.6 21033.0  11298.4  1708.9  2077.8
  1234 398.459  -0.004 398.456  1752236.1 388811.2 42336.7 36376.7  13672.3  1962.9  3917.8
  1235  83.482  -0.001  83.481  1899644.8 386875.5 86870.4 27689.8  17540.1  1539.1  4363.5
  1236  56.630  -0.001  56.629  1856884.6 353601.9 78217.5 32524.7  13235.4  2775.1  3199.8
  1237 -233.856   0.002 -233.854  1812707.7 301734.1 49348.6 30890.4  12310.6  2970.7  2539.3
  1238 -200.382   0.001 -200.381  1641790.4 326296.1 79545.4 30175.7  14148.2  2761.6  3057.2
  1239  -7.558  -0.001  -7.558  1702042.9 305664.3 41550.9 34926.1  16684.7  5958.2  3681.3
  1240 -1272.099   0.051 -1272.048  1412309.7 216462.4 41974.2 15867.0  10174.0  2421.2  1858.4
  1241 443.692  -0.029 443.663  1432647.9 379832.0 37945.7 37870.8  11811.8  3155.2  3356.3
  1242 475.062  -0.005 475.057  1721488.9 335704.3 49180.3 35261.0  15012.1  2729.8  3870.9
  1243 522.753  -0.004 522.749  1956867.0 406252.6 78828.3 32119.9  15971.8  4832.4  4406.1
  1244   5.455   0.000   5.456  1831318.9 303160.6 47705.4 33763.1  13184.7  4196.6  3011.9
  1245 -341.309   0.003 -341.306  1638361.3 333122.7 55115.1 19871.7  13633.2  1991.2  2958.1
  1246  73.218  -0.001  73.217  1626731.8 370046.0 49458.0 29723.8  13061.0  4321.5  3298.4
  1247 -508.916   0.005 -508.911  1650051.3 525456.5 72360.9 28046.8  11026.5  7549.9  2677.7
  1248 442.307  -0.005 442.302  1781836.6 468929.7 67730.0 36241.7  12208.2  5759.9  3620.0
  1249 403.524  -0.003 403.521  1985185.6 394187.0 82776.1 30267.7  17249.3  4639.7  4585.0
  1250 -107.535   0.001 -107.534  1757119.1 363631.6 60365.9 25610.7  11377.9  3028.9  2654.0

         Carbon flux (ktC/yr)        Water (dam3/yr)                Nitrogen (MgN/yr)
       ----------------------- -------------------------- --------------------------------
Spinup NEP     estab   NBP     transp     evap    interc  nuptake ndemand  nlosses ninflux
------ ------- ------- ------- ---------- ------- ------- ------- -------- ------- -------
  1251 300.315  -0.002 300.313  1843377.7 329689.7 81623.3 38336.4  14481.1  1604.4  3325.5
  1252 299.458  -0.003 299.455  2190344.5 389788.6 141934.6 35861.3  22748.5  3758.8  5256.0
  1253 207.076  -0.001 207.074  2281751.9 381906.3 157018.9 33681.0  22382.9   881.6  4986.2
  1254 -634.641   0.013 -634.629  1836008.9 288664.1 89253.1 18700.5  14386.3  1587.0  2362.0
  1255 -357.272   0.000 -357.272  1627798.7 232484.9 40912.4 25830.8  10251.4  3120.7  2268.1
  1256 -250.065   0.002 -250.063  1559901.4 314328.3 56001.0 29494.5  12790.3  2620.1  2896.2
  1257 -376.875   0.001 -376.875  1599848.5 281775.1 45529.9 30158.3  14375.8  2462.5  3276.1
  1258 -306.976   0.001 -306.976  1500970.2 241213.7 34782.0 29445.0  11866.9  3403.2  2769.5
  1259 -315.069   0.003 -315.066  1446856.7 248732.7 39042.8 23352.1  12254.4  3759.7  2877.7
  1260 -260.828  -0.000 -260.828  1454181.0 297771.2 49628.6 23545.1  11502.9  6710.9  3123.1
  1261 564.761  -0.004 564.757  1494355.2 387331.6 37951.6 37396.4  11385.9  7449.7  3487.4
  1262 186.802  -0.003 186.799  1555692.9 400668.6 46235.4 31104.4  10245.7  6412.6  2950.7
  1263 530.715  -0.005 530.711  1895551.0 387747.3 58764.8 36613.3  14590.0  4213.2  4286.0
  1264 353.886  -0.003 353.883  2015338.6 365068.0 70003.5 32445.4  14447.7  2504.2  3872.0
  1265 117.392  -0.000 117.392  1990990.0 334930.6 96515.5 31882.5  14658.7  1420.1  3345.4
  1266 -318.109   0.003 -318.106  1818395.3 288609.2 54235.6 32099.0  13766.6  2796.5  2792.9
  1267 -282.908   0.003 -282.906  1679746.3 335695.5 77232.6 27195.7  12285.7  2182.4  2704.1
  1268  55.319  -0.001  55.318  1732554.1 401067.2 61786.1 32104.7  14483.6  4276.9  3312.6
  1269 606.299  -0.003 606.296  1883663.1 385818.6 50607.1 40849.3  15018.9  1687.4  4054.6
  1270 -546.246   0.007 -546.239  1718953.7 298272.0 80874.9 19357.5  14857.4  1880.9  2603.6
  1271 -182.205  -0.000 -182.206  1542165.9 361024.3 52283.3 21300.8  12296.3  2433.7  2898.9
  1272 -61.381  -0.003 -61.383  1657069.2 250714.8 38851.8 36006.9  12275.1  3544.7  2896.1
  1273 -133.871   0.003 -133.868  1592671.2 314627.6 66646.5 26009.3  13385.6  4245.7  2812.4
  1274 -18.448  -0.000 -18.449  1517426.8 365424.2 49774.9 26986.0  12801.3  2773.2  3119.0
  1275 558.885  -0.005 558.880  1840915.9 469987.2 76143.6 40663.9  15162.8  3616.2  4189.2

         Carbon flux (ktC/yr)        Water (dam3/yr)                Nitrogen (MgN/yr)
       ----------------------- -------------------------- --------------------------------
Spinup NEP     estab   NBP     transp     evap    interc  nuptake ndemand  nlosses ninflux
------ ------- ------- ------- ---------- ------- ------- ------- -------- ------- -------
  1276 261.177  -0.002 261.175  1925790.6 318917.5 72046.7 32399.7  15475.7  2455.6  3377.3
  1277 -72.705   0.000 -72.705  1954895.5 431173.3 101753.2 30986.1  13192.6  3416.8  3073.3
  1278  20.697  -0.000  20.697  1980725.1 350446.0 114997.2 31063.8  16597.9  3236.3  3455.1
  1279  88.621  -0.001  88.620  1996243.0 360865.8 115810.3 31739.9  15645.0  2100.0  3356.0
  1280 -750.790   0.014 -750.776  1710675.1 236722.5 58195.6 19845.2  12810.3  2944.7  2262.2
  1281 833.331  -0.010 833.321  1969653.0 426025.6 79580.3 40187.9  15182.5  3035.3  4200.6
  1282  -7.827  -0.000  -7.827  1901853.2 351418.0 84167.8 28384.8  12547.8  2880.1  3015.9
  1283 161.098  -0.001 161.097  2042841.9 334986.6 94615.1 34708.5  17226.4  1696.7  3874.1
  1284  40.842  -0.001  40.842  2101923.9 356630.6 80335.5 31246.8  16945.2  1633.1  3966.0
  1285 307.910  -0.001 307.909  2021005.2 361422.0 61012.0 38919.3  14955.5  1019.0  3630.7
  1286 -638.361   0.008 -638.353  1792188.6 319605.2 93681.7 22211.6  13577.3   863.6  2537.7
  1287 -238.711   0.000 -238.711  1665998.2 370645.2 61061.2 27148.3  12064.9  2235.0  2686.8
  1288 279.296  -0.003 279.293  1937984.1 381314.6 66828.3 36409.6  16324.1  1677.5  4204.1
  1289 474.060  -0.003 474.057  2169370.4 401835.9 149196.6 38381.8  20242.8   989.7  5021.4
  1290 -508.044   0.007 -508.037  1867657.3 314791.3 58362.3 25932.3  11269.6  1886.3  2138.9
  1291 -798.024   0.008 -798.016  1521447.8 374718.2 58642.1 19222.1   9971.4  3057.3  2306.3
  1292 -190.159  -0.003 -190.162  1542036.9 246602.7 32983.8 31718.7  11495.8  3714.7  2830.2
  1293 -352.738   0.005 -352.733  1472192.8 325433.7 35942.8 30548.4   9784.8  3663.3  2543.2
  1294 -37.325  -0.002 -37.327  1495144.2 371426.9 53979.7 31991.5  12359.9  3218.8  3421.2
  1295 -437.948   0.002 -437.946  1406109.8 237116.5 34892.2 26063.4  11220.6  6591.6  2474.8
  1296 708.405  -0.007 708.398  1694160.5 478611.9 57790.3 41322.9  14497.3  4339.2  4369.8
  1297 519.868  -0.005 519.864  1895462.6 461580.6 76433.5 33530.8  14481.0  5271.3  4127.1
  1298 -918.476   0.022 -918.454  1714660.4 277399.0 73514.6 14529.2  12634.9  6223.6  2779.6
  1299 1268.714  -0.024 1268.690  1858395.5 419409.1 39156.5 51504.9  11155.1  6635.1  3541.6
  1300 -900.443   0.011 -900.432  1547378.8 224443.6 45777.6 15689.1   9258.9  4468.2  1972.9

         Carbon flux (ktC/yr)        Water (dam3/yr)                Nitrogen (MgN/yr)
       ----------------------- -------------------------- --------------------------------
Spinup NEP     estab   NBP     transp     evap    interc  nuptake ndemand  nlosses ninflux
------ ------- ------- ------- ---------- ------- ------- ------- -------- ------- -------
  1301 -728.242   0.010 -728.232  1285572.4 311018.7 31621.4 15624.6   9153.3  3760.1  2055.2
  1302 677.625  -0.008 677.617  1527059.1 444510.3 39145.8 33735.0  11681.8  5290.7  3597.8
  1303 708.807  -0.006 708.801  1854218.7 396242.4 50576.0 36763.5  13044.8  5891.7  4188.4
  1304 310.440  -0.002 310.438  1911828.5 347543.6 79707.5 32436.5  14299.2  2570.4  3757.6
  1305 297.321  -0.002 297.319  2011214.9 342713.7 87252.6 34503.9  15586.4  3463.1  3805.9
  1306 -728.046   0.011 -728.035  1713262.8 226652.9 54210.1 19332.0  12232.7  7132.5  2280.7
  1307 865.531  -0.009 865.522  1896100.2 465828.3 67671.5 40304.2  13198.1  2520.1  3779.4
  1308 273.972  -0.002 273.971  2112567.0 365921.5 70734.1 29506.2  14735.3  3827.3  3838.8
  1309 -528.222   0.006 -528.216  1782181.5 227048.7 47543.9 24883.8  10732.8  2685.1  2131.4
  1310 251.491  -0.002 251.489  1829196.5 398021.9 59011.4 29072.3  14381.6  2256.9  3353.2
  1311 -388.510   0.001 -388.508  1709552.9 231244.1 42535.9 27341.9  10985.7  3035.9  2412.5
  1312 -721.610   0.008 -721.602  1427739.4 368198.0 52875.7 20265.8  10232.4  3559.8  2368.4
  1313 -219.481   0.001 -219.481  1500816.0 297048.2 38133.8 32456.4  13504.6  2934.7  3402.6
  1314   5.440  -0.000   5.440  1489161.7 319238.0 35212.0 27302.5  13367.1  3355.9  3410.9
  1315 137.347  -0.001 137.346  1557364.4 337787.3 34056.3 35452.1  10731.6  5218.1  2904.4
  1316 184.491  -0.002 184.489  1598929.4 360137.3 57130.9 31927.4  13164.3  3292.1  3430.9
  1317 673.320  -0.004 673.315  1830565.6 396982.7 41608.5 40695.0  14235.5  7119.0  4222.1
  1318 112.708  -0.001 112.707  1860796.5 384420.7 63950.8 25504.7  16981.7  2858.4  3590.5
  1319 -215.411   0.003 -215.407  1771755.9 314407.8 46520.4 32186.3  10033.2  3020.7  2255.5
  1320 -56.166   0.001 -56.165  1683453.7 346496.6 67938.0 29698.7  12532.6  2695.8  2917.0
  1321 -783.447   0.012 -783.435  1527384.7 225141.5 41017.1 19376.0  11222.1  4855.3  2134.3
  1322 322.861  -0.006 322.855  1474519.9 400508.5 38979.7 32716.0  10148.7  4333.3  2904.7
  1323 588.342  -0.005 588.338  1799370.2 369835.1 65718.7 36533.0  14794.5  2938.3  4178.3
  1324 445.793  -0.004 445.789  1951673.2 443762.4 78755.2 32561.0  15262.2  3763.9  4157.4
  1325 -272.558   0.003 -272.556  1815976.6 292067.1 53911.8 23920.9  13295.1  3134.4  2831.2

         Carbon flux (ktC/yr)        Water (dam3/yr)                Nitrogen (MgN/yr)
       ----------------------- -------------------------- --------------------------------
Spinup NEP     estab   NBP     transp     evap    interc  nuptake ndemand  nlosses ninflux
------ ------- ------- ------- ---------- ------- ------- ------- -------- ------- -------
  1326 180.949  -0.001 180.947  1815709.9 367288.4 57865.8 29089.6  11906.1  5756.3  2987.3
  1327 460.618  -0.003 460.615  2034755.4 410952.2 90360.6 35868.5  16171.0  4174.7  4200.6
  1328 138.232  -0.000 138.232  2107261.8 388760.4 142896.8 27073.4  16236.2  6440.9  3762.8
  1329  -0.466   0.001  -0.466  1952839.2 380789.9 73200.6 28955.4  16782.4  1878.7  3362.7
  1330 -496.405   0.006 -496.399  1756477.7 224945.4 48339.5 27102.8  12455.3  1642.2  2399.1
  1331 -329.486   0.002 -329.484  1553617.3 370939.4 54604.6 24102.2  10556.8  2027.8  2474.2
  1332 -479.115   0.004 -479.111  1591244.8 519044.4 66872.7 28199.8  12116.2  2912.6  2844.1
  1333 813.439  -0.006 813.433  1812436.9 403406.4 37167.8 43875.9  14202.5  3211.7  4437.0
  1334 -53.556   0.000 -53.555  1750015.6 323401.1 81189.3 27271.5  14680.5  2030.1  3274.8
  1335 216.792  -0.002 216.790  1974841.4 395268.3 85655.5 32480.0  18725.1  5408.3  4686.3
  1336 -602.252   0.011 -602.241  1599186.2 303358.0 42774.4 18813.6  12099.8  1977.9  2176.7
  1337 529.344  -0.007 529.338  1820051.4 329248.3 48608.4 39105.9  13453.0  2202.5  3433.5
  1338 -518.200   0.006 -518.194  1616664.6 367998.0 58942.4 21999.4  11590.5  2201.9  2566.1
  1339 408.161  -0.005 408.156  1839353.6 422634.6 108990.0 32232.1  15064.3  8406.8  4170.3
  1340 407.305  -0.004 407.301  1943558.6 458759.4 81837.4 34208.5  15277.6  2622.9  4131.4
  1341 127.366  -0.001 127.365  1974765.1 312325.3 72883.2 32370.7  15798.9  1386.7  3374.4
  1342 193.817  -0.001 193.816  2138443.3 376654.8 101607.0 31675.2  17811.9  1899.3  4131.8
  1343 -169.370   0.002 -169.368  1934101.2 347175.5 72183.8 24774.2  12914.0  2291.4  2761.5
  1344 -310.421   0.003 -310.418  1728148.5 367137.9 63576.2 26613.3  10886.4  1763.3  2366.1
  1345 199.949  -0.002 199.947  1970615.9 371651.0 67893.8 34628.4  16237.4  1338.9  4030.8
  1346 -322.583   0.005 -322.579  1702378.0 359053.2 64351.6 23455.7  11252.1  1417.5  2447.7
  1347 -524.730   0.006 -524.723  1615236.0 236643.8 48871.4 23467.9  12516.8  2690.4  2576.2
  1348 309.716  -0.005 309.712  1698326.3 413960.1 53392.8 34555.9  12151.3  3513.4  3334.3
  1349 -86.329   0.000 -86.329  1654179.6 310141.1 43001.3 34242.7  12910.0  2432.3  3133.7
  1350 -215.898   0.001 -215.897  1666922.8 341524.3 78363.0 29083.5  14621.0  2149.4  3400.3

         Carbon flux (ktC/yr)        Water (dam3/yr)                Nitrogen (MgN/yr)
       ----------------------- -------------------------- --------------------------------
Spinup NEP     estab   NBP     transp     evap    interc  nuptake ndemand  nlosses ninflux
------ ------- ------- ------- ---------- ------- ------- ------- -------- ------- -------
  1351 323.599  -0.004 323.595  1791781.9 329332.7 59047.7 38087.4  15815.8  2341.9  3749.8
  1352 -245.980  -0.000 -245.980  1781909.2 232262.8 46427.9 28845.1  13459.0  2263.0  2673.8
  1353 -890.120   0.014 -890.105  1569504.0 269092.6 53486.6 23048.6  12326.6  2837.1  2579.0
  1354 257.833  -0.005 257.828  1525338.8 366896.7 63163.6 37569.7  12911.5  3780.4  3337.5
  1355 270.313  -0.004 270.310  1722767.3 329431.6 48002.8 35139.6  15592.8 13365.0  3830.0
  1356  51.602  -0.001  51.601  1720060.6 351936.0 69490.6 30696.8  12849.2  2612.1  3220.7
  1357  74.357  -0.001  74.356  1745860.8 398069.8 62082.6 30403.8  13763.0  5444.3  3260.5
  1358 383.143  -0.003 383.140  1957889.3 377186.1 65767.1 37113.4  15310.1  2348.2  4032.6
  1359 131.370  -0.001 131.369  1899885.0 307107.2 72256.4 33817.7  14240.5  1304.1  2931.4
  1360 -502.832   0.005 -502.828  1776702.2 288860.4 57590.5 23320.5  13245.1  2267.1  2533.2
  1361 542.193  -0.005 542.188  1937899.1 451952.3 83921.5 40115.6  14897.9  2662.0  3752.0
  1362 -374.653   0.006 -374.647  1818229.4 317064.7 54158.9 26385.1  10842.0  3186.0  2165.7
  1363 -509.463   0.006 -509.457  1587916.8 313490.9 43817.3 25126.3   9845.1  3028.8  2192.6
  1364 -542.481   0.005 -542.476  1378120.7 378821.6 46190.8 21849.7  10491.3  3344.6  2661.0
  1365  74.587  -0.002  74.585  1469480.9 325355.2 33171.5 31049.6  12495.1  3802.8  3458.4
  1366 768.788  -0.006 768.782  1828944.4 439502.6 68342.4 36912.6  15318.0  6679.0  4636.9
  1367 135.031  -0.001 135.030  1758021.7 373641.0 57706.5 24613.1  11742.7  8770.9  3151.9
  1368 -439.653   0.005 -439.648  1523266.7 317315.6 39059.9 23867.6  10718.3  3178.0  2137.9
  1369 -435.804   0.004 -435.800  1531944.5 284916.7 56940.5 20871.2  12863.7  5100.9  3019.9
  1370 -385.675   0.015 -385.660  1427406.6 236547.8 33506.3 31465.6   8874.0  5458.7  2159.8
  1371 255.654  -0.017 255.637  1419035.2 343180.7 48360.3 30978.2  13027.7  8430.7  3272.1
  1372 -303.306  -0.040 -303.345  1479178.5 540194.4 58949.6 28095.7  11058.5  6817.6  3018.7
  1373 459.403  -0.004 459.399  1590312.1 388671.6 40228.1 29423.9  12209.9  8752.0  3650.3
  1374 186.946  -0.001 186.945  1636663.9 324222.7 40533.5 29836.2  12378.1  3539.5  3289.0
  1375 729.414  -0.004 729.409  1877003.6 399164.5 43290.7 43545.0  13426.8  4055.4  4122.4

         Carbon flux (ktC/yr)        Water (dam3/yr)                Nitrogen (MgN/yr)
       ----------------------- -------------------------- --------------------------------
Spinup NEP     estab   NBP     transp     evap    interc  nuptake ndemand  nlosses ninflux
------ ------- ------- ------- ---------- ------- ------- ------- -------- ------- -------
  1376 -263.969   0.002 -263.967  1823375.3 325419.2 88636.8 24452.4  15610.0  1430.1  3324.7
  1377 -773.871   0.017 -773.854  1669349.1 275067.1 68282.6 15869.5  13962.9  4295.8  2939.8
  1378 430.324  -0.014 430.311  1570927.0 405587.1 44978.9 36485.2   9549.4  4743.2  2591.1
  1379 775.384  -0.005 775.378  1881416.6 389171.4 45311.4 40081.4  13537.9  2669.6  3982.0
  1380 -323.289   0.003 -323.287  1803308.0 324995.6 90795.7 22894.7  15743.8  1280.6  3233.3
  1381 161.218  -0.001 161.216  1808573.2 397692.4 63566.8 30074.3  16650.2  3665.7  3674.6
  1382 -173.376   0.002 -173.375  1739995.4 302488.6 51637.6 27402.0  13756.8  1682.7  2935.8
  1383 -869.490   0.014 -869.476  1526944.2 224536.3 42902.5 19518.4  10584.2  2991.1  1943.4
  1384 467.921  -0.007 467.914  1579553.6 429773.3 46036.1 35311.4  12872.6  4772.3  3511.2
  1385 380.493  -0.003 380.490  1767434.6 326779.0 48605.5 34052.5  14261.8  3724.3  3652.7
  1386 -1032.635   0.036 -1032.598  1473567.4 221558.0 42311.8 18020.3  10480.6  3186.0  1928.1
  1387 766.482  -0.021 766.461  1615568.2 509389.9 53655.0 36602.0  13027.1  4134.3  3876.6
  1388 643.579  -0.005 643.574  2041836.3 412864.5 115776.4 35281.6  18584.9  7477.0  5350.2
  1389  69.174  -0.000  69.174  1874966.3 384577.6 67072.0 24911.5  16246.8  2821.9  3519.8
  1390 -986.493   0.025 -986.468  1582819.4 220107.2 44834.5 19153.5   9998.4  2362.0  1826.6
  1391 719.198  -0.013 719.184  1697483.6 354338.0 39542.3 42020.9  13267.2  4200.9  3524.6
  1392 626.873  -0.005 626.868  2085620.2 403375.8 116931.6 36028.4  19697.5  3786.3  5369.4
  1393  54.833   0.000  54.834  1931888.5 379764.5 69027.7 23943.1  16611.4  2381.9  3425.7
  1394 385.791  -0.002 385.789  2097472.0 392857.1 92691.9 36006.6  16773.1  1761.8  4128.1
  1395 -359.343   0.003 -359.340  1883819.7 357282.2 69523.9 23233.9  13492.6  1464.2  2573.4
  1396 275.205  -0.002 275.203  2012354.8 354097.6 99549.2 31561.8  14963.8  1873.0  3374.4
  1397 185.049  -0.002 185.047  2064244.1 432628.8 92283.4 32016.0  16509.2  1845.3  3847.3
  1398 -41.256   0.001 -41.255  2089313.9 343962.6 115476.2 26679.1  16136.5  1202.0  3288.5
  1399 -76.466   0.001 -76.465  1939868.6 380175.8 73287.3 28634.6  17410.7  1550.7  3347.9
  1400 -451.715   0.008 -451.707  1760553.7 294195.0 54193.6 24874.5  14236.1  1077.3  2751.4

         Carbon flux (ktC/yr)        Water (dam3/yr)                Nitrogen (MgN/yr)
       ----------------------- -------------------------- --------------------------------
Spinup NEP     estab   NBP     transp     evap    interc  nuptake ndemand  nlosses ninflux
------ ------- ------- ------- ---------- ------- ------- ------- -------- ------- -------
  1401 -60.772  -0.001 -60.774  1705865.9 310857.0 43873.3 34615.9  14285.0  1692.6  3059.5
  1402 -833.525   0.008 -833.517  1389183.3 228889.2 39564.2 18686.0   9741.7  3591.8  2129.2
  1403 725.830  -0.007 725.823  1848639.5 452047.6 96641.8 43433.4  19783.6  2504.3  5665.7
  1404 -692.433   0.019 -692.415  1648946.6 276914.4 65841.0 11144.6  15115.9  2949.1  3117.6
  1405 -283.529  -0.011 -283.540  1500750.3 538349.9 59595.4 28201.0   9921.9  7160.4  2698.7
  1406 357.616  -0.003 357.613  1564435.8 385609.4 41818.5 30567.8  10999.9  6218.7  3080.5
  1407 293.717  -0.002 293.714  1674123.0 378183.1 47832.8 28251.8  12086.8  6249.9  3413.5
  1408 729.292  -0.004 729.288  1863285.2 402817.0 44035.6 41680.1  13520.6  3600.2  4105.7
  1409 -627.924   0.011 -627.913  1644204.9 287860.5 47485.9 23066.3  14106.4  1411.8  2751.8
  1410 -500.879   0.002 -500.877  1463382.8 300761.0 37966.4 26598.6  12520.1  2242.7  2882.9
  1411 -270.418   0.001 -270.417  1441222.8 313736.1 45646.2 27312.2  14194.9  2429.1  3361.0
  1412 -122.098  -0.001 -122.099  1456257.0 246368.4 35239.2 26663.0  13934.8  4138.7  3279.4
  1413 470.693  -0.005 470.688  1646809.7 482546.3 58597.6 39379.6  11617.0  5798.5  3622.3
  1414 448.821  -0.004 448.816  1841094.1 414976.3 71984.7 30408.7  16860.1  5661.5  4710.9
  1415 -20.038  -0.000 -20.038  1669842.3 374361.1 54697.7 26818.0  11307.2  3477.6  2721.5
  1416 -51.184   0.001 -51.183  1711745.4 310096.3 42872.1 34491.1  11416.0  2021.9  2579.1
  1417 -173.568   0.001 -173.567  1561338.9 368430.1 51107.3 26481.1  12637.2  2020.7  2850.0
  1418 196.101  -0.002 196.099  1661473.1 377259.5 51457.4 30663.3  13291.5  3672.1  3335.5
  1419 -34.029   0.000 -34.029  1610517.8 384003.9 54642.8 27475.6  11332.7  2495.5  2757.6
  1420  45.291  -0.000  45.291  1667893.3 306271.8 43529.4 35637.7  14459.6  1802.5  3230.4
  1421 218.486  -0.002 218.483  1853491.8 358344.8 94726.8 30621.8  16225.2  1500.3  3683.6
  1422 165.197  -0.001 165.196  1845273.6 396214.4 67767.1 29055.6  16492.1  2618.1  3528.6
  1423 -310.050   0.001 -310.048  1761036.4 233202.6 47008.1 29448.3  12441.1  1781.7  2454.4
  1424 107.041   0.001 107.043  1737958.5 366323.1 58814.2 26672.9  12565.4  2530.2  2979.4
  1425 606.976  -0.004 606.971  2088046.3 413664.2 134081.5 42191.7  20041.1  1841.4  5164.1

         Carbon flux (ktC/yr)        Water (dam3/yr)                Nitrogen (MgN/yr)
       ----------------------- -------------------------- --------------------------------
Spinup NEP     estab   NBP     transp     evap    interc  nuptake ndemand  nlosses ninflux
------ ------- ------- ------- ---------- ------- ------- ------- -------- ------- -------
  1426 152.934  -0.001 152.934  2132866.8 378012.7 104760.2 26167.3  18106.8  1709.3  4153.3
  1427 101.032  -0.000 101.032  2141989.2 382283.7 107163.3 30444.1  17984.2  1860.7  4114.7
  1428 -19.764   0.000 -19.763  2021495.3 305249.0 81217.0 32879.6  17478.5   789.8  3357.4
  1429  99.026  -0.001  99.025  2257659.5 381924.9 162026.5 34817.4  23665.8   740.4  4978.4
  1430 -297.090   0.003 -297.087  2014423.1 284839.6 73067.5 26886.1  16652.0   924.0  3002.3
  1431 -863.473   0.014 -863.459  1595610.1 217103.2 48912.7 20667.8  10974.6  2310.0  2110.4
  1432 -353.874  -0.000 -353.874  1419201.9 361694.7 47375.4 21292.2  13040.8  2020.4  2947.9
  1433 424.340  -0.004 424.336  1742071.6 439332.2 99015.0 33499.8  15743.8  8285.3  4416.1
  1434 -112.333   0.001 -112.332  1573364.7 319561.2 66199.2 24409.4  13578.1  3243.7  2996.6
  1435 442.199  -0.004 442.195  1792042.4 364604.3 73670.2 36824.8  15493.8  1418.4  4045.4
  1436 -162.842   0.001 -162.841  1739952.5 310767.5 47342.3 29620.8  12239.1  2489.1  2714.7
  1437 135.857  -0.002 135.855  1800592.6 439562.1 78983.8 31901.3  16295.5  1423.6  4020.8
  1438 -690.114   0.007 -690.108  1682803.0 513759.9 82768.3 23545.3  12360.0  4096.1  2592.1
  1439 331.402  -0.003 331.399  1715496.4 376064.7 48816.8 27811.3  11783.2  5613.8  3289.6
  1440 323.559  -0.003 323.556  1860324.8 324902.2 53230.1 36650.8  13564.8  3729.8  3387.8
  1441 -761.266   0.008 -761.257  1703175.4 506426.0 82026.7 22816.4  11920.9  3595.3  2537.0
  1442 308.512  -0.005 308.507  1728810.6 377147.3 48137.1 27869.5  11618.7  6467.0  3285.3
  1443 -159.523   0.001 -159.522  1651994.0 401362.9 54217.0 27811.5  11079.6  3403.8  2750.8
  1444 633.934  -0.005 633.929  1861709.1 400880.8 43242.7 44049.8  13708.3  3075.6  4168.6
  1445 -1549.153   0.056 -1549.097  1495108.1 215667.1 46810.2 12099.2  10320.1  2175.2  1763.4
  1446  69.551  -0.039  69.512  1351740.9 375501.6 25213.0 32129.6   8565.9  4554.8  2591.5
  1447 239.173  -0.004 239.169  1564148.0 422230.8 42221.1 31979.2  13360.0  4396.0  3835.4
  1448 606.545  -0.006 606.540  1778750.5 474723.2 60984.6 36739.9  14578.4  3280.9  4373.4
  1449 328.267  -0.003 328.264  1969328.3 405284.2 115760.8 27386.1  14942.4  9398.1  4022.6
  1450 -115.728   0.001 -115.727  1793482.3 317912.4 45473.0 32952.9  10555.2  3201.7  2398.6

         Carbon flux (ktC/yr)        Water (dam3/yr)                Nitrogen (MgN/yr)
       ----------------------- -------------------------- --------------------------------
Spinup NEP     estab   NBP     transp     evap    interc  nuptake ndemand  nlosses ninflux
------ ------- ------- ------- ---------- ------- ------- ------- -------- ------- -------
  1451   0.114  -0.001   0.113  1774759.4 389132.1 58487.4 29584.8  13799.2  2288.4  3221.9
  1452 327.846  -0.003 327.844  1931706.7 363278.4 91506.7 33522.7  14621.2  2891.4  3507.9
  1453 -331.711   0.006 -331.705  1753524.3 302669.3 74271.1 22508.3  13002.0  4014.0  2497.5
  1454 -363.810   0.009 -363.800  1690679.0 276142.3 48803.1 26749.6  12425.0  2255.2  2825.7
  1455 763.504  -0.009 763.495  1821643.8 402698.2 40885.9 44358.3  13457.0  2430.5  3879.9
  1456 -163.979   0.001 -163.979  1813957.4 378995.6 66302.1 23194.7  14201.8  1718.2  3044.4
  1457 -404.547   0.005 -404.542  1576991.4 344311.9 54190.1 21679.2  13284.5  1812.5  2818.8
  1458 -547.943   0.011 -547.932  1578553.9 289295.7 59135.0 20639.4  12972.6  4531.6  3025.4
  1459 265.459  -0.010 265.449  1590794.2 267797.9 31154.9 39443.0  10539.6  4011.6  2683.4
  1460 -417.744   0.006 -417.737  1526252.1 238557.1 41959.8 19247.2  11695.4  4311.1  2633.0
  1461 965.448  -0.007 965.442  1871927.1 436378.3 65242.5 40285.8  14393.0  4919.6  4519.0
  1462 285.238  -0.002 285.236  1946001.0 409082.1 120831.4 26259.0  14754.1 10397.7  4060.6
  1463 241.889  -0.001 241.887  1989758.0 409742.6 128688.3 29483.5  15288.3  3995.0  4013.0
  1464 -176.095   0.001 -176.094  1720096.6 376017.3 60829.1 27220.1  11658.3  2108.8  2646.8
  1465 -559.429   0.006 -559.423  1683309.2 511863.8 77436.1 25542.2  12527.1  2140.6  2683.3
  1466 248.087  -0.003 248.083  1732620.8 400983.3 53424.9 31127.6  13697.7  3564.2  3533.8
  1467 141.524  -0.001 141.523  1740541.7 371427.0 52890.1 26830.3  12869.7  3405.9  3269.8
  1468 -687.411   0.015 -687.396  1648115.1 282087.5 66414.4 17545.6  13938.7  2810.8  2945.4
  1469 637.911  -0.012 637.899  1826477.3 441338.6 99795.9 36624.1  14374.4  8339.0  4035.6
  1470 409.032  -0.003 409.030  1886375.0 338873.6 78517.7 34959.1  14810.6  2872.8  3666.4
  1471 120.408  -0.001 120.407  1922767.8 325070.8 86187.8 31108.5  16999.1  2483.6  3646.6
  1472 -980.736   0.019 -980.717  1715047.1 267788.5 74535.4 14248.2  16988.9  2111.1  2917.3
  1473 266.878  -0.008 266.870  1575401.3 401383.9 45400.1 33935.6  10019.1  3286.5  2654.2
  1474 -50.250   0.001 -50.249  1666364.5 299394.6 44040.5 26099.2  13226.5  2135.3  3070.1
  1475 291.493  -0.003 291.490  1763341.7 406344.8 58164.2 32069.1  16053.0  3665.7  3692.3

         Carbon flux (ktC/yr)        Water (dam3/yr)                Nitrogen (MgN/yr)
       ----------------------- -------------------------- --------------------------------
Spinup NEP     estab   NBP     transp     evap    interc  nuptake ndemand  nlosses ninflux
------ ------- ------- ------- ---------- ------- ------- ------- -------- ------- -------
  1476 -222.262   0.003 -222.259  1682059.5 306256.5 70978.2 24401.3  13280.1  3433.2  2663.8
  1477 -300.986   0.002 -300.983  1487075.9 306772.9 35423.5 23463.7  11236.0  2160.3  2125.4
  1478 119.178  -0.001 119.177  1519299.0 384387.1 45617.7 31148.3  10882.4  2533.2  2812.5
  1479  21.949  -0.001  21.948  1550704.8 380328.7 49427.9 27856.6  11361.1  2726.4  2803.7
  1480 -750.938   0.015 -750.923  1446586.5 229509.7 39527.8 21356.7  11041.1  2426.2  2091.9
  1481 589.568  -0.116 589.451  1658924.4 453512.7 86779.4 31946.7  15440.3 10051.4  4416.0
  1482 375.746  -0.003 375.743  1705859.4 357265.9 52453.3 34851.7  15040.0  2624.2  4107.7
  1483 -33.329   0.002 -33.327  1702757.3 302803.2 42752.9 31240.1  15318.5  2354.4  3538.2
  1484 -578.676   0.007 -578.669  1608454.0 511344.8 72603.6 24942.9  13058.8  2674.4  2841.7
  1485 376.318  -0.004 376.314  1647109.6 384444.9 44471.8 30064.5  12804.3  5224.0  3486.6
  1486 425.793  -0.005 425.788  1862493.2 383514.7 86521.1 31228.0  14434.5  3062.5  3705.5
  1487 -146.095  -0.001 -146.096  1688048.3 360676.9 56232.6 23162.7  14167.3  2721.9  3230.5
  1488  29.903  -0.000  29.903  1731588.9 315377.8 42718.4 37079.2  14081.0  2399.8  3250.9
  1489 -668.730   0.010 -668.720  1575244.2 229971.4 47229.2 17969.6  13583.1  2646.2  2607.4
  1490 -65.395  -0.001 -65.396  1494266.2 407482.3 45032.6 30248.6  11070.6  3487.2  2878.0
  1491 791.706  -0.007 791.699  1947305.0 432082.4 102903.7 44230.0  19224.5  5193.1  5698.5
  1492 -107.786   0.000 -107.786  1758492.8 372920.9 61033.9 23134.1  13828.3  2098.2  2990.0
  1493 -119.248   0.001 -119.247  1707572.6 298757.9 47774.7 28873.1  13617.2  2226.1  3022.0
  1494 607.496  -0.005 607.491  2086360.0 412093.9 127459.5 43200.1  20744.1  3645.6  5319.1
  1495 -31.374   0.001 -31.374  1955657.9 297637.0 65765.2 27496.3  15752.8  1865.7  3180.3
  1496 -496.637   0.006 -496.631  1705041.0 308407.1 50996.8 28169.1  11275.4  1944.7  2194.1
  1497 -208.441   0.001 -208.440  1642839.3 344549.5 74156.4 27932.2  15147.5  2207.2  3442.1
  1498  50.053  -0.001  50.052  1619695.2 317543.3 39847.5 35175.4  15095.6  3218.4  3493.8
  1499 156.543  -0.002 156.541  1763960.4 314863.6 52157.4 33409.5  15638.9  1695.4  3560.0
  1500 -510.364   0.004 -510.360  1554298.5 377432.5 57499.8 23099.5  12101.0  2375.0  2590.1

         Carbon flux (ktC/yr)        Water (dam3/yr)                Nitrogen (MgN/yr)
       ----------------------- -------------------------- --------------------------------
Spinup NEP     estab   NBP     transp     evap    interc  nuptake ndemand  nlosses ninflux
------ ------- ------- ------- ---------- ------- ------- ------- -------- ------- -------
  1501 435.649  -0.004 435.645  1751213.0 371417.6 69681.6 36601.6  15599.2  2436.8  4070.2
  1502 552.829  -0.005 552.825  2065383.1 414338.0 129307.4 37457.2  19837.3  5307.5  5318.2
  1503 -694.403   0.008 -694.394  1686257.9 230306.3 55594.5 16402.0  13269.4  3276.2  2428.9
  1504 -289.646   0.002 -289.645  1441826.0 314590.4 33121.4 21619.1  10080.3  3230.9  2181.9
  1505 -135.822   0.000 -135.822  1353809.0 317758.0 28999.1 25144.1  10513.7  3237.5  2376.1
  1506 202.871  -0.002 202.869  1480488.6 329814.3 50813.5 32309.6  12693.1  6786.2  3103.8
  1507 524.627  -0.004 524.623  1660280.1 358251.0 65545.1 38303.8  14043.7  4355.9  3694.4
  1508 -10.087  -0.001 -10.088  1704659.4 306132.2 42300.9 30748.8  16155.6  6174.1  3516.6
  1509 -16.976  -0.000 -16.976  1708420.5 364179.3 55060.5 26715.8  14026.3  2225.0  3210.4
  1510 534.554  -0.004 534.550  2043271.2 417859.4 125659.1 41632.3  20630.5  1884.3  5208.1
  1511  80.782  -0.001  80.781  1952515.7 308049.8 73169.8 29895.4  17166.2   916.5  3444.5
  1512 -792.248   0.013 -792.235  1714378.2 226462.9 56187.1 17067.9  13574.3  2679.7  2299.9
  1513 713.029  -0.008 713.021  1925130.7 403645.9 55746.9 40046.8  13879.7  2592.5  3957.0
  1514 134.450  -0.001 134.449  1926542.9 308018.4 59294.5 31239.1  13549.5  2377.9  3053.5
  1515 -517.359   0.007 -517.352  1655142.3 336450.7 59983.6 20281.1  14145.6  1954.9  2844.4
  1516 -18.901  -0.002 -18.902  1617882.9 373778.7 51394.9 27437.2  13554.0  3963.1  3202.7
  1517 -301.244   0.001 -301.243  1683816.8 287749.7 50593.9 32354.8  13958.5  3259.5  3125.3
  1518 -122.313   0.002 -122.311  1598093.3 301692.9 44707.1 27470.6  13875.1  2791.2  3082.9
  1519 206.793  -0.003 206.791  1681183.2 414411.3 57474.6 33500.6  13443.9  5001.3  3311.4
  1520 381.340  -0.003 381.337  1847675.8 454683.9 81170.5 34835.6  15938.0  1938.6  4052.0
  1521 397.006  -0.003 397.004  2163392.5 402872.6 147045.5 34873.7  20803.0  3211.0  5017.5
  1522 194.712  -0.000 194.712  2035963.3 357876.9 62500.8 33845.8  15625.6  1565.2  3725.8
  1523 -225.355   0.001 -225.354  1926459.4 408075.8 103957.1 28144.8  18005.0   588.3  3565.7
  1524 -786.918   0.012 -786.906  1678044.0 234571.5 57071.1 18090.3  14462.1  2057.7  2443.6
  1525 331.607  -0.006 331.601  1695175.7 378902.1 64263.3 36543.9  12047.1  2843.5  3210.8

         Carbon flux (ktC/yr)        Water (dam3/yr)                Nitrogen (MgN/yr)
       ----------------------- -------------------------- --------------------------------
Spinup NEP     estab   NBP     transp     evap    interc  nuptake ndemand  nlosses ninflux
------ ------- ------- ------- ---------- ------- ------- ------- -------- ------- -------
  1526 -746.823   0.014 -746.809  1622881.9 279123.0 67072.6 15228.9  14568.7  4739.7  3048.5
  1527 664.036  -0.013 664.023  1786525.5 401713.7 77210.8 38293.9  12694.7  5436.0  3526.6
  1528 234.854  -0.002 234.852  1931011.7 413722.4 123143.3 27264.2  15104.7  7247.5  3991.4
  1529  20.127  -0.001  20.126  1869394.1 452241.1 87363.7 33145.5  12544.8  2608.6  3280.6
  1530 -60.669   0.000 -60.669  1873288.7 302826.4 61306.3 31988.5  16362.9  2129.4  3383.5
  1531 -321.950   0.003 -321.947  1643945.4 358837.8 61379.6 25678.8  12324.8  1363.7  2643.7
  1532 223.018  -0.002 223.016  1829542.1 355725.0 80349.1 36262.3  16960.0  1008.5  3870.4
  1533 218.086  -0.002 218.084  1930466.1 439032.9 90858.4 31929.3  17253.6  1474.6  4076.8
  1534 167.326  -0.001 167.325  2059039.4 393063.7 103270.7 29209.1  17962.9  1615.8  4202.5
  1535 132.103  -0.001 132.102  2093918.1 388879.0 106402.3 30600.0  17945.5  1690.6  4126.9
  1536 -751.491   0.015 -751.475  1756834.8 512669.1 96928.5 22477.6  12500.4  2476.8  2372.4
  1537 410.413  -0.010 410.403  1807573.8 346955.8 78625.3 35883.3  13766.0  2402.4  3265.9
  1538 243.440  -0.002 243.439  1937404.8 381239.4 52636.5 35384.7  15907.0  4201.3  4172.6
  1539 -926.188   0.014 -926.174  1596832.0 358184.8 66242.0 16652.4  12627.9  1399.6  2391.6
  1540 344.522  -0.008 344.514  1753707.8 336718.1 47510.6 37413.8  14169.6  2466.6  3634.9
  1541 -811.668   0.018 -811.650  1610799.2 270095.7 65941.9 14531.1  13957.3  3427.4  2990.3
  1542 -48.403  -0.011 -48.414  1394293.1 332212.3 30364.3 28248.6   9515.5  5286.7  2222.1
  1543 -754.802   0.034 -754.768  1328703.8 233290.4 33947.0 23841.2   8656.9  4255.2  2105.2
  1544 388.009  -0.021 387.988  1342153.6 434098.5 32781.0 35249.7   9548.4  5821.6  2869.4
  1545 453.985  -0.004 453.981  1614840.1 382516.0 55068.9 34565.1  11694.7  5242.9  3403.8
  1546  41.964  -0.001  41.963  1636136.2 308641.7 41645.2 27680.5  13722.0  5544.4  3342.8
  1547 510.462  -0.004 510.457  1893493.1 372341.0 74867.1 38680.6  15295.8  3382.9  4011.4
  1548 126.868  -0.001 126.867  1917063.2 304654.8 60560.4 33108.0  14062.4  5190.5  3102.1
  1549 187.337  -0.001 187.336  2031063.3 392092.6 136524.0 30586.6  16268.2  4988.9  3762.9
  1550 -105.691   0.001 -105.690  1858453.9 387159.4 72363.2 28963.8  13219.2  2660.6  2831.9

         Carbon flux (ktC/yr)        Water (dam3/yr)                Nitrogen (MgN/yr)
       ----------------------- -------------------------- --------------------------------
Spinup NEP     estab   NBP     transp     evap    interc  nuptake ndemand  nlosses ninflux
------ ------- ------- ------- ---------- ------- ------- ------- -------- ------- -------
  1551 370.442  -0.002 370.439  2034006.8 393150.7 93471.5 35395.8  16948.2  1842.8  4041.2
  1552  80.536   0.000  80.536  2092629.7 390739.4 148033.4 27358.4  16380.7  2856.7  3630.0
  1553 -500.817   0.010 -500.807  1762652.2 307160.5 83558.1 23089.1  13408.9  2160.9  2397.5
  1554 -1314.635   0.045 -1314.590  1408836.0 224129.1 41761.7 12659.0   8591.7  3104.4  1702.0
  1555 1141.127  -0.033 1141.094  1738893.9 512427.3 74518.1 49830.8  15767.5  8353.9  5091.1
  1556 -384.414   0.003 -384.411  1626771.0 233578.7 44874.7 17029.0  13068.1  3727.8  2734.6
  1557  78.197  -0.000  78.196  1629283.3 332395.0 35661.3 34589.8   9835.3  3679.2  2671.5
  1558 -70.729  -0.000 -70.730  1528130.5 355319.5 43573.5 26815.8  13697.2  2503.7  3391.0
  1559  57.318  -0.001  57.317  1663142.7 333589.5 37428.6 36630.4  10848.3  4672.8  2790.9
  1560 -99.126   0.000 -99.126  1552310.8 376696.3 48212.0 27385.4  11768.1  2813.5  2859.2
  1561 -326.163   0.002 -326.161  1559032.1 240629.2 42345.4 24958.0  12788.3  5365.4  2761.0
  1562 195.640  -0.002 195.638  1536168.5 395019.5 44223.5 33975.2   9922.9  3887.5  2751.1
  1563  15.627  -0.001  15.626  1632793.1 306802.4 41984.7 29216.7  12677.8  2940.2  3145.7
  1564 771.843  -0.005 771.838  1867389.4 398595.6 44129.3 44274.3  13750.9  3813.1  3966.7
  1565 -803.536   0.010 -803.526  1622688.3 286451.1 50112.0 21668.6  13308.8  2021.8  2574.9
  1566 -772.884   0.012 -772.871  1464666.6 268939.7 56722.2 12430.1  12152.0  3623.1  2862.7
  1567 539.352  -0.011 539.341  1448873.8 400187.9 35522.6 36188.9  10945.3  6795.4  3313.6
  1568 339.622  -0.004 339.619  1662938.4 418220.1 50013.1 33210.5  12039.4  8025.5  3474.4
  1569 -966.129   0.028 -966.101  1429303.9 228529.7 39496.4 19964.4   9483.7  3750.6  1999.0
  1570 351.562  -0.015 351.548  1356980.6 390667.2 33488.9 28400.8  11861.2  4914.6  3334.1
  1571 584.940  -0.005 584.935  1758328.3 394752.4 59961.7 39547.6  14245.3  5358.9  4322.0
  1572 -139.288   0.001 -139.286  1605401.6 311785.1 63401.0 23462.3  13331.3  9344.4  2906.8
  1573 335.972  -0.003 335.969  1686200.0 370341.6 61885.6 34817.9  12284.1  2960.6  3193.1
  1574 175.158  -0.002 175.156  1783077.4 351845.3 69584.5 31183.9  13803.3  4048.4  3362.8
  1575 -490.709   0.008 -490.702  1649144.7 229990.6 48553.7 20938.3  13996.1  4751.9  2660.9

         Carbon flux (ktC/yr)        Water (dam3/yr)                Nitrogen (MgN/yr)
       ----------------------- -------------------------- --------------------------------
Spinup NEP     estab   NBP     transp     evap    interc  nuptake ndemand  nlosses ninflux
------ ------- ------- ------- ---------- ------- ------- ------- -------- ------- -------
  1576 536.456  -0.006 536.450  1809741.4 372689.3 66894.0 37043.1  14519.9  2397.5  3869.4
  1577 264.328  -0.002 264.326  1970225.7 400608.8 120138.9 27313.3  15463.6  6835.3  3994.6
  1578 212.885  -0.002 212.883  1982992.0 367591.0 99073.9 30523.8  14670.3  2384.9  3467.6
  1579 -115.475   0.001 -115.475  1862419.7 381904.6 68497.5 28077.2  13602.5  2338.3  2999.6
  1580 300.004  -0.002 300.001  2020813.0 390764.6 88577.7 33878.6  17296.5  1584.9  4200.4
  1581 -238.731   0.002 -238.729  1860139.9 290981.0 51640.9 29340.4  15271.3  1275.7  2955.4
  1582 -141.365   0.001 -141.364  1805518.6 375629.4 65032.3 27231.5  14554.5  1085.9  3049.3
  1583 -19.057  -0.000 -19.057  1753644.6 392227.0 62435.5 30108.5  14017.2  1588.0  3122.8
  1584 -547.194   0.009 -547.185  1604524.8 236283.2 48106.5 21288.7  13238.7  2672.0  2572.1
  1585 506.026  -0.007 506.020  1764844.4 378580.2 67384.9 38616.2  14624.1  2283.6  3919.9
  1586 409.348  -0.003 409.344  1977218.3 403052.0 85093.3 30553.9  16632.9  3384.4  4436.7
  1587 397.953  -0.002 397.950  2007342.7 376711.4 54143.3 37887.2  14336.5  2717.6  3864.7
  1588 -1088.418   0.030 -1088.388  1544138.7 283380.3 47430.9 12053.2  12189.3  1230.1  1810.2
  1589 698.762  -0.020 698.742  1772545.7 405357.8 72378.4 35338.5  12560.5  2318.8  3331.3
  1590 412.985  -0.003 412.982  2052683.7 407864.4 84380.0 30591.9  15616.0  4169.1  4246.9
  1591 -34.721   0.000 -34.721  1941706.9 381777.1 70158.2 26452.5  16023.4  3233.9  3377.5
  1592 -255.608   0.003 -255.606  1733288.0 363705.1 61331.1 27456.4  10832.6  1751.2  2424.9
  1593 159.633  -0.001 159.632  1809537.2 330347.8 80084.8 36800.8  14522.4  1300.9  3174.6
  1594 -707.299   0.007 -707.292  1703860.1 509864.3 81231.6 22306.6  13744.8  3630.9  2632.7
  1595 -554.760   0.006 -554.755  1608400.6 281514.8 59216.1 16822.7  13826.0  3560.8  3079.3
  1596 194.778  -0.007 194.771  1627603.9 254550.7 31800.0 38571.9  10684.6  3903.6  2796.7
  1597 -1152.727   0.053 -1152.674  1336537.6 224717.4 37365.9 17351.0   8576.4  3856.9  1832.2
  1598 137.777  -0.027 137.750  1310022.1 386986.0 24095.3 34147.7   9106.6  5357.1  2700.2
  1599 252.480  -0.004 252.476  1484449.3 399591.6 37665.6 27244.7  12823.2  6877.4  3668.3
  1600 699.604  -0.006 699.598  1788171.5 453564.4 63266.3 36635.8  14842.6  6541.8  4598.3

         Carbon flux (ktC/yr)        Water (dam3/yr)                Nitrogen (MgN/yr)
       ----------------------- -------------------------- --------------------------------
Spinup NEP     estab   NBP     transp     evap    interc  nuptake ndemand  nlosses ninflux
------ ------- ------- ------- ---------- ------- ------- ------- -------- ------- -------
  1601 348.933  -0.004 348.929  1887798.8 374654.3 85041.2 29068.5  14036.5  5526.6  3607.8
  1602 365.408  -0.003 365.405  2047976.3 407969.9 85703.8 32426.1  15859.5  3579.0  4243.9
  1603 -643.430   0.016 -643.414  1642060.7 301509.9 43191.0 19403.7  11266.5  2869.5  1971.6
  1604 556.576  -0.013 556.563  1821085.1 334081.5 46921.3 38715.1  13020.3  2648.1  3207.8
  1605 -71.477  -0.000 -71.477  1816363.7 383065.7 62757.9 26550.1  13529.1  2666.6  3038.2
  1606 359.788  -0.003 359.785  2009278.8 392242.5 85419.2 35749.9  16898.1  2677.9  4173.0
  1607 -688.135   0.017 -688.117  1658839.6 300665.6 43485.4 17836.9  11680.3  2575.7  1929.5
  1608 -452.862  -0.001 -452.863  1581365.5 285175.5 57516.8 18926.9  12116.1  4043.4  2704.0
  1609 843.356  -0.010 843.346  1903574.6 413167.6 50070.1 43926.0  13612.5  5466.2  4012.4
  1610 -604.136   0.006 -604.129  1725168.3 508453.6 77416.5 22158.2  11260.6  4221.8  2416.7
  1611 605.118  -0.004 605.114  1810238.5 341088.1 69431.0 35185.0  13355.9  4111.2  3397.2
  1612 -98.006  -0.000 -98.006  1870729.7 443330.5 81309.0 29665.4  13629.4  7027.9  3432.2
  1613 157.598  -0.001 157.597  1870755.0 324396.2 80258.5 35140.1  16727.5  2015.8  3662.1
  1614 -95.109   0.001 -95.108  1827423.7 354251.4 58953.8 24430.6  14763.9  3019.7  3092.3
  1615 -344.585   0.003 -344.582  1670215.5 388402.0 56819.9 27456.6  12578.0  1576.1  2613.6
  1616 471.065  -0.005 471.060  1927147.3 407406.7 79677.2 36187.8  17333.4  2387.5  4398.0
  1617 -207.770   0.001 -207.768  1818074.5 366977.4 63132.8 24770.3  13464.1  1868.1  2760.0
  1618 -539.845   0.006 -539.839  1707971.8 512008.5 78010.9 25908.7  11897.4  3950.7  2510.8
  1619  27.507  -0.004  27.503  1722595.9 236872.1 35761.8 32314.1  12692.8  2937.6  2854.6
  1620 -394.213   0.007 -394.206  1546557.6 307388.5 40848.5 27807.0  12108.3  3031.8  2700.5
  1621 261.531  -0.004 261.527  1660342.8 410551.4 51045.0 31233.4  15920.3  2574.2  3824.0
  1622   6.072  -0.001   6.071  1583768.1 365597.0 48196.4 24965.8  13025.9  2870.2  3203.6
  1623 -584.146   0.012 -584.134  1599213.9 287554.5 60548.0 20773.8  12857.8  6960.8  3019.2
  1624 674.591  -0.013 674.579  1767582.5 449952.8 95764.1 37593.1  14050.6 12965.8  4027.6
  1625 294.150  -0.002 294.148  1845098.1 322274.5 52943.3 33894.2  14066.4  3991.5  3438.9

         Carbon flux (ktC/yr)        Water (dam3/yr)                Nitrogen (MgN/yr)
       ----------------------- -------------------------- --------------------------------
Spinup NEP     estab   NBP     transp     evap    interc  nuptake ndemand  nlosses ninflux
------ ------- ------- ------- ---------- ------- ------- ------- -------- ------- -------
  1626 337.563  -0.002 337.561  1925366.6 371220.6 50214.7 37679.7  14628.8  1470.9  3886.6
  1627 -1594.906   0.068 -1594.838  1480944.2 213047.7 48473.9 12960.0  10421.9  1995.7  1628.5
  1628 -395.436  -0.023 -395.459  1189552.6 262939.0 26698.4 24731.7   7855.1  4436.6  2036.3
  1629 678.850  -0.013 678.837  1608055.7 472121.7 50746.8 37265.7  15457.7  6517.5  4785.0
  1630  50.483  -0.001  50.482  1498785.2 325415.6 53596.2 24332.3  13245.9  8251.4  3186.4
  1631 448.025  -0.004 448.021  1623172.8 391597.0 43695.1 31571.0  12143.7  4755.3  3381.4
  1632 204.413  -0.002 204.411  1672198.6 323906.4 38593.8 36330.7  13394.0  2942.2  3275.8
  1633  90.930  -0.002  90.928  1728034.1 363407.4 52166.0 26615.7  13489.2  3019.0  3167.1
  1634 -425.732   0.005 -425.728  1524840.0 317597.1 36404.6 23465.6  11174.9  2806.9  2064.4
  1635 333.311  -0.004 333.307  1658873.5 367816.6 57806.7 35256.7  12112.5  2877.6  3058.3
  1636 -73.321   0.001 -73.320  1728195.1 308554.6 40876.2 30985.6  12333.9  4668.2  2689.3
  1637 164.747  -0.002 164.745  1756020.7 398193.1 55830.4 31250.8  17678.2  2700.2  3688.0
  1638 -91.127   0.000 -91.126  1666846.6 370878.9 54349.6 27142.0  11141.9  2772.6  2562.1
  1639 618.408  -0.004 618.404  1892019.9 380323.8 46495.0 41720.6  14736.8  2308.3  3894.6
  1640 -1202.101   0.036 -1202.065  1670217.1 251403.2 75098.1  8840.9  15394.8  2091.9  2577.5
  1641 680.937  -0.025 680.912  1648549.7 373671.1 45735.0 40146.7  11472.8  3200.5  2945.0
  1642 -231.715   0.002 -231.713  1676032.0 305090.4 66044.1 23173.0  12972.0  6627.9  2611.9
  1643 -142.847  -0.000 -142.848  1627854.8 238928.5 35964.8 30254.6  11381.1  3501.8  2519.9
  1644 -623.264   0.010 -623.255  1356391.7 304066.0 32627.5 18172.9  10787.8  3364.9  2019.4
  1645 -58.197  -0.002 -58.199  1461776.6 303979.2 34868.1 33362.3  12723.9  3347.4  3232.2
  1646 -98.274  -0.000 -98.274  1435675.8 251054.7 35723.5 26173.5  13457.9  6359.9  3092.4
  1647 -30.133  -0.001 -30.133  1352779.3 324736.2 27573.4 27457.9  11178.0  4163.6  2469.1
  1648 545.344  -0.005 545.339  1572925.3 428766.3 45091.4 35639.2  14810.9  6030.6  3766.9
  1649  65.894  -0.003  65.892  1674994.5 246354.9 36958.2 31795.5  12581.8  3247.4  2797.4
  1650  44.991   0.002  44.993  1609218.3 337743.9 72849.8 31640.2  13329.4  4397.9  2968.6

         Carbon flux (ktC/yr)        Water (dam3/yr)                Nitrogen (MgN/yr)
       ----------------------- -------------------------- --------------------------------
Spinup NEP     estab   NBP     transp     evap    interc  nuptake ndemand  nlosses ninflux
------ ------- ------- ------- ---------- ------- ------- ------- -------- ------- -------
  1651 -206.334   0.001 -206.332  1559922.4 314382.7 61742.5 25339.3  15688.3 14402.5  2960.0
  1652 468.278  -0.004 468.275  1790358.0 381576.5 80563.3 35380.2  15045.0  2703.0  3613.1
  1653 274.589  -0.002 274.587  1975696.8 381215.2 65421.9 30991.1  15918.3  2597.1  4008.6
  1654 -191.435   0.003 -191.432  1784915.0 286421.1 50037.9 31483.0  14029.7  1528.6  2783.6
  1655 -755.850   0.011 -755.839  1481211.7 364421.7 57314.0 19150.1  11329.7  2873.6  2238.1
  1656 -400.508   0.002 -400.506  1470570.8 295373.9 53072.2 20929.1  13441.6  4456.5  3043.3
  1657 403.773  -0.005 403.768  1565246.3 336172.4 34192.3 36703.5  11815.3  4557.5  3153.1
  1658 147.984  -0.002 147.981  1575000.0 390667.0 47873.2 27891.4  10890.5  4815.5  2803.6
  1659 139.404  -0.001 139.403  1660967.4 307227.2 40820.4 35927.0  13901.5  2909.1  3187.4
  1660 -603.477   0.011 -603.467  1535559.2 234089.3 44891.0 19514.0  13310.2  3477.9  2587.5
  1661 733.058  -0.009 733.049  1775878.9 397303.4 71668.4 36739.5  13352.2  4746.7  3653.9
  1662 449.859  -0.004 449.855  1970911.7 417517.2 81170.1 30604.3  15752.4  5727.3  4381.2
  1663 -200.114   0.002 -200.112  1736648.1 344392.9 58206.3 22307.8  14295.2  4276.4  3139.7
  1664 -156.662   0.001 -156.661  1726960.7 384248.9 56963.2 29418.7  12578.1  2470.0  2836.4
  1665 -184.409   0.002 -184.407  1637629.2 307217.9 67706.2 26555.8  14158.0  5188.5  2800.8
  1666 -469.318   0.008 -469.309  1581690.5 283113.6 61510.2 20719.2  14422.9  3540.1  2943.8
  1667 717.048  -0.010 717.038  1862330.4 412951.5 52531.2 42923.7  14699.4  3955.2  4140.8
  1668  69.057  -0.000  69.057  1787110.9 360674.1 59724.8 23272.2  12643.1  3230.1  3005.9
  1669 -1127.020   0.050 -1126.970  1475581.0 221016.0 44885.7 18953.4   9555.2  2802.2  1761.6
  1670 414.560  -0.030 414.530  1449085.4 376882.1 41357.5 36185.9  12351.0  2878.6  3239.5
  1671 412.903  -0.004 412.899  1683884.4 354437.2 67243.8 33586.4  15099.4  4183.4  3742.5
  1672  26.456  -0.000  26.456  1698960.1 305499.8 42289.9 31577.3  16303.6  6431.5  3577.5
  1673 -264.683   0.002 -264.681  1575905.7 293260.4 42115.2 30390.3  14866.9  1946.1  3078.7
  1674  83.093  -0.002  83.091  1628602.2 402746.3 53303.7 30630.8  14931.3  2121.1  3451.4
  1675 -322.776   0.005 -322.772  1605288.9 281096.0 47390.7 29234.4  14349.3  2122.8  3102.9

         Carbon flux (ktC/yr)        Water (dam3/yr)                Nitrogen (MgN/yr)
       ----------------------- -------------------------- --------------------------------
Spinup NEP     estab   NBP     transp     evap    interc  nuptake ndemand  nlosses ninflux
------ ------- ------- ------- ---------- ------- ------- ------- -------- ------- -------
  1676 -50.759   0.000 -50.759  1562836.4 330027.6 37971.1 33066.9  11187.1  3190.3  2639.2
  1677 140.570  -0.003 140.567  1641787.4 468307.8 68569.5 32856.8  13893.1  3173.7  3600.5
  1678 518.834  -0.004 518.829  2005205.2 416726.5 119135.6 36798.8  21430.0  6330.5  5418.8
  1679 -135.533   0.001 -135.531  1703839.9 339613.1 58566.8 20802.7  15350.7  2171.6  3222.2
  1680 -738.974   0.016 -738.958  1559811.8 223200.0 42869.2 22768.4  10703.0  2939.4  1997.6
  1681 538.973  -0.008 538.965  1576317.1 363848.3 61224.6 38860.1  13297.9  4735.2  3365.5
  1682 116.689  -0.002 116.688  1682213.9 408073.8 57291.1 26626.6  17507.2  8463.3  3958.1
  1683 394.775  -0.003 394.772  1913506.5 411205.8 82533.6 33778.1  16813.1  2400.7  4493.9
  1684 -147.114   0.001 -147.113  1770042.9 369924.7 62865.4 26115.2  13822.9  2008.3  2889.8
  1685  94.544  -0.001  94.543  1756306.9 364155.2 59252.9 29206.8  13485.9  3251.2  3106.2
  1686 467.971  -0.003 467.967  2079841.6 411913.2 134954.3 39713.6  21148.3  1554.1  5097.9
  1687 -690.033   0.016 -690.017  1618606.0 296230.4 47302.1 16403.8  13468.0  1462.0  2059.5
  1688 -81.359  -0.005 -81.364  1591302.3 325050.1 40091.3 29653.5  10271.9  2477.7  2325.1
  1689 286.595  -0.003 286.592  1795965.4 404234.8 75810.7 31896.1  17354.0  2824.6  4460.2
  1690 -84.896   0.001 -84.895  1651617.6 353925.4 54082.2 23299.5  14834.7  3271.3  3357.3
  1691  67.607  -0.001  67.606  1730137.8 401632.8 60342.8 32900.8  14002.9  3365.5  3304.8
  1692 -464.434   0.011 -464.422  1660174.0 276009.5 52867.2 27377.2  14741.0  1740.8  3014.9
  1693 514.329  -0.008 514.321  1832561.3 423393.3 79174.2 34759.9  16988.9  3045.1  4349.6
  1694 227.417  -0.001 227.416  1954249.0 403630.9 131152.9 26402.6  16340.9  4749.0  3936.9
  1695 -610.796   0.008 -610.789  1695906.1 523912.1 85082.8 24382.6  12261.3  2947.7  2520.0
  1696 706.166  -0.007 706.158  2071544.9 413614.1 116436.9 40577.0  20011.1  3485.3  5460.8
  1697 -82.149   0.000 -82.149  1930119.1 437883.6 93487.6 26303.8  13589.8  1669.0  3252.5
  1698 -235.223   0.002 -235.221  1760789.8 291678.8 50327.9 31848.2  16562.4  1663.9  3241.2
  1699  16.906  -0.001  16.905  1827915.7 302318.8 56389.3 33223.4  16491.2  1023.0  3416.1
  1700 -615.785   0.010 -615.774  1575131.7 367575.4 61092.6 21558.3  12355.9  1774.1  2501.4

         Carbon flux (ktC/yr)        Water (dam3/yr)                Nitrogen (MgN/yr)
       ----------------------- -------------------------- --------------------------------
Spinup NEP     estab   NBP     transp     evap    interc  nuptake ndemand  nlosses ninflux
------ ------- ------- ------- ---------- ------- ------- ------- -------- ------- -------
  1701 -837.176   0.016 -837.160  1367351.2 237731.9 38294.6 21300.5  10382.0  3023.4  2091.1
  1702 -54.838  -0.007 -54.845  1420306.3 305466.9 35688.7 33996.7  13363.7  3588.5  3429.2
  1703 255.586  -0.006 255.580  1509239.9 438003.3 47020.4 30440.6  13769.1  5377.8  3847.3
  1704 -376.233   0.005 -376.228  1444615.5 294274.6 54962.1 19862.5  13519.6  6113.2  3359.0
  1705 729.468  -0.008 729.459  1674455.7 410153.9 70326.4 38001.9  12917.5  7938.0  3844.3
  1706 -511.613   0.005 -511.609  1538732.0 542021.9 69290.6 24177.1  11633.8  7846.4  2887.3
  1707 627.466  -0.006 627.460  1729682.7 335010.7 48768.9 34797.9  14507.1  3046.0  3966.6
  1708 -202.650   0.002 -202.648  1600087.7 309338.5 65831.1 22820.0  13918.1  7625.7  2973.2
  1709 317.639  -0.002 317.636  1655100.0 386832.2 49401.0 30612.7  12325.5  5091.6  3296.5
  1710 -117.403   0.002 -117.401  1594916.4 320541.8 65834.3 25848.4  13318.3  4396.8  2837.5
  1711 -474.802   0.004 -474.797  1557965.3 530991.3 69042.9 26943.6  11864.8  4169.8  2770.2
  1712 302.508  -0.004 302.505  1648382.4 409539.9 50230.1 32450.1  13932.1  5552.2  3668.1
  1713 437.875  -0.003 437.872  1872526.0 407819.4 77368.6 31568.5  16856.1  3370.3  4593.7
  1714 -95.036   0.001 -95.035  1686443.8 371336.0 57557.0 24440.1  12153.7  3241.1  2819.6
  1715 229.889  -0.002 229.886  1805200.2 314921.1 62757.2 36654.3  16288.4  1040.0  3585.5
  1716 -31.098   0.001 -31.097  1786263.1 361016.1 62033.1 23405.3  14201.8  2871.2  3155.5
  1717 249.930  -0.002 249.927  1892573.4 460314.0 84966.0 36371.3  16849.1  1378.1  4093.1
  1718 -36.669   0.000 -36.668  1925206.1 305594.7 64250.8 28773.0  16276.7  1519.7  3291.1
  1719 -27.566  -0.000 -27.566  1984771.1 358710.6 74060.1 31271.2  17574.1  1035.8  4027.1
  1720 -289.090   0.002 -289.087  1684973.9 360649.4 64847.7 23863.4  12234.1  1400.4  2575.8
  1721   7.727  -0.001   7.726  1789308.3 453900.1 86913.4 31761.5  13389.8  1763.5  3315.3
  1722 -98.197   0.000 -98.197  1791960.6 449244.2 90199.6 29104.2  15007.3  2490.7  3475.5
  1723 -254.713   0.002 -254.711  1688858.1 309425.6 48989.7 29892.9  14096.6  1960.9  2810.3
  1724 -523.039   0.008 -523.031  1478176.3 374168.8 55848.4 22941.6  13466.5  1828.6  2775.9
  1725 -119.894  -0.005 -119.899  1519152.3 250164.4 35711.1 31879.1  13604.8  2526.2  3105.7

         Carbon flux (ktC/yr)        Water (dam3/yr)                Nitrogen (MgN/yr)
       ----------------------- -------------------------- --------------------------------
Spinup NEP     estab   NBP     transp     evap    interc  nuptake ndemand  nlosses ninflux
------ ------- ------- ------- ---------- ------- ------- ------- -------- ------- -------
  1726 -346.278   0.008 -346.270  1406682.9 384460.4 52145.0 24151.4  11925.7  3089.0  2725.2
  1727 309.855  -0.003 309.852  1582583.5 356065.9 52518.8 36582.2  15448.0  2750.6  3839.4
  1728 -102.578   0.001 -102.576  1584532.1 327569.4 43793.3 29482.6  12371.9  3798.2  2836.0
  1729 -210.722   0.002 -210.720  1505089.2 322264.4 40607.5 29635.9  12266.1  3370.7  2770.2
  1730 -541.985   0.005 -541.980  1393753.5 280360.4 55673.4 18044.8  15325.5  4801.5  3181.4
  1731 979.460  -0.008 979.452  1851678.9 456703.0 96687.8 47671.4  18217.6 10563.7  5454.5
  1732 -68.218   0.001 -68.217  1677955.9 302488.3 50194.9 22563.4  14245.5  3093.2  3201.1
  1733 368.259  -0.003 368.256  1785486.3 333690.9 65413.4 39098.4  15549.8  2400.1  3519.5
  1734 197.817  -0.001 197.816  1925559.4 343323.8 94403.5 30175.9  17138.1  2068.8  3812.3
  1735 -682.266   0.008 -682.258  1686306.3 514803.4 92218.1 23521.7  12469.7  4732.5  2452.8
  1736 419.861  -0.003 419.857  1816487.0 324624.6 51742.6 34433.7  14470.3  4552.6  3503.4
  1737 -585.251   0.009 -585.242  1477770.5 302529.6 41239.6 18530.1  11838.2  2642.6  2115.2
  1738 330.101  -0.005 330.096  1599142.2 392677.1 47591.4 28461.4  11935.9  5836.6  3259.9
  1739 323.548  -0.002 323.546  1835260.2 397533.3 61336.3 33718.7  14824.2  3900.2  4145.0
  1740 -239.243   0.004 -239.239  1595532.7 346404.2 57145.7 21226.2  13952.9  2127.6  3088.0
  1741 551.610  -0.004 551.606  1820147.2 408634.1 47151.8 42989.1  14518.6  3532.2  4147.5
  1742 -243.016   0.002 -243.014  1770867.1 330392.4 92043.0 24268.7  16744.7  1243.6  3480.1
  1743 -217.646   0.002 -217.644  1659051.0 377694.2 62858.4 27873.5  14334.0  2135.4  3031.3
  1744 274.334  -0.002 274.332  1819052.3 359701.0 82884.0 35966.5  17102.3  1600.9  4057.0
  1745 -238.082   0.003 -238.079  1718541.8 310028.8 51831.0 28630.1  12727.7  2394.3  2632.6
  1746 -226.317   0.002 -226.315  1580324.9 312757.1 64110.8 28316.7  15424.5  1715.2  3122.0
  1747 111.201  -0.001 111.199  1732396.8 321036.2 54685.1 34738.3  16375.6  2949.9  3641.5
  1748 -42.560   0.001 -42.559  1696820.0 348567.9 76924.9 29063.2  13758.1  2457.0  3131.5
  1749 242.778  -0.002 242.776  1806857.8 322555.6 67977.3 35526.4  17320.1  2502.0  3738.6
  1750 -370.797   0.005 -370.792  1661693.0 304401.3 80829.4 21464.5  15009.4  3982.1  2672.5

         Carbon flux (ktC/yr)        Water (dam3/yr)                Nitrogen (MgN/yr)
       ----------------------- -------------------------- --------------------------------
Spinup NEP     estab   NBP     transp     evap    interc  nuptake ndemand  nlosses ninflux
------ ------- ------- ------- ---------- ------- ------- ------- -------- ------- -------
  1751 249.255  -0.002 249.253  1699899.5 409260.7 61652.9 31052.6  13079.4  2521.3  3173.4
  1752 -129.722   0.001 -129.721  1580422.9 377775.9 59133.8 26947.4  11648.1  2421.0  2717.5
  1753 -627.347   0.008 -627.339  1549626.3 282797.6 68105.6 19521.1  14960.1  3501.9  3012.9
  1754 -115.611  -0.001 -115.613  1385551.4 325930.9 33266.5 27788.1  11103.8  3917.6  2382.0
  1755 -72.522   0.001 -72.521  1457826.0 252728.2 40839.3 28625.2  13275.1  5593.8  2968.8
  1756 517.923  -0.004 517.919  1755018.0 405966.8 55820.1 37859.7  15653.6  4013.9  4456.6
  1757 334.391  -0.003 334.388  1818768.2 454015.3 83486.3 31462.4  15834.6  2280.9  4138.7
  1758 202.278  -0.001 202.278  1931081.1 354711.1 94679.3 30919.7  16886.8  1983.5  3928.7
  1759 -989.836   0.020 -989.816  1580654.8 222369.9 51844.4 17824.9  11938.7  2394.0  1974.3
  1760 -345.835  -0.003 -345.838  1437621.4 537642.8 62310.9 26765.8  11440.8  5300.7  2797.3
  1761 351.590  -0.003 351.586  1615224.5 483974.5 61528.7 34380.4  13126.1  7712.0  3881.2
  1762 204.363  -0.002 204.362  1742622.9 373468.2 85049.7 27060.0  15929.7  5823.3  4029.2
  1763 -145.073   0.002 -145.071  1589136.0 314443.4 67411.4 25202.9  13903.0  5421.5  2988.4
  1764  33.435  -0.000  33.435  1577518.9 307372.7 43984.0 29892.5  13539.5  2198.7  3203.0
  1765  32.467  -0.001  32.467  1555727.7 391240.7 52454.4 28470.0  11516.6  3392.0  2878.4
  1766 -23.748   0.000 -23.748  1544180.7 382360.1 53537.9 28023.3  11814.7  2710.6  2878.2
  1767 167.840  -0.001 167.839  1637502.9 380369.8 54956.1 28724.5  13556.2  3673.5  3365.4
  1768 -60.821   0.001 -60.821  1568402.0 390024.6 56421.0 27300.3  12090.1  2816.5  2866.9
  1769 298.687  -0.003 298.685  1781844.7 457797.4 81041.3 35242.9  17288.6  1629.6  4345.9
  1770 -156.826   0.002 -156.824  1647706.2 373644.6 63140.4 23803.9  13224.8  1797.4  2839.1
  1771  20.521   0.000  20.521  1694053.7 402250.9 64945.2 29233.8  14603.5  2155.8  3326.6
  1772 121.786  -0.001 121.785  1699074.3 325352.2 66727.5 34829.6  16353.1  1167.8  3461.7
  1773  57.053  -0.002  57.052  1856570.3 363036.4 107789.8 28161.0  16824.9  2354.2  3615.3
  1774 -217.442   0.000 -217.442  1642240.9 363224.1 62550.7 24078.3  15487.2  2226.8  3206.4
  1775 249.420  -0.004 249.416  1874924.4 372802.3 85710.8 37615.1  17017.1  1554.0  4032.7

         Carbon flux (ktC/yr)        Water (dam3/yr)                Nitrogen (MgN/yr)
       ----------------------- -------------------------- --------------------------------
Spinup NEP     estab   NBP     transp     evap    interc  nuptake ndemand  nlosses ninflux
------ ------- ------- ------- ---------- ------- ------- ------- -------- ------- -------
  1776 166.647  -0.007 166.640  1963991.7 396253.2 100995.0 28560.0  18133.2  2523.5  4303.8
  1777  65.057  -0.004  65.053  1888211.4 320570.2 78279.3 33562.9  17236.8  1385.1  3524.2
  1778 -669.799   0.013 -669.787  1560768.0 301122.0 49513.1 18938.6  13795.2  1501.0  2114.7
  1779  53.598  -0.003  53.595  1578078.2 318216.0 42850.0 34105.4  13647.1  1796.9  3038.4
  1780 175.765  -0.002 175.763  1773041.2 365947.9 93723.7 29626.7  16275.4  1949.9  3730.0
  1781 -493.105   0.007 -493.098  1485954.5 317674.2 41712.7 21321.8  12216.5  3108.2  2246.4
  1782 -416.508   0.003 -416.505  1491843.2 288473.2 60515.9 20808.5  13732.1  4106.1  3014.8
  1783 -13.397  -0.002 -13.399  1483413.5 258643.3 40146.1 30486.0  12302.4  6791.7  2892.1
  1784 -316.200   0.001 -316.199  1483717.6 292012.3 58505.3 21797.3  13501.5  5771.4  3078.0
  1785  70.991  -0.000  70.991  1555903.5 301305.7 43468.8 37815.5  12956.8  4324.3  3348.9
  1786 734.882  -0.005 734.877  1734338.2 407254.7 43832.1 39405.4  14479.5  3620.6  4242.8
  1787 -689.667   0.015 -689.652  1595156.9 268988.5 56643.8 21876.6  14848.6  2223.9  2951.2
  1788 756.755  -0.009 756.746  1715804.7 416139.2 42827.4 41320.2  13704.1  2821.5  4079.0
  1789 -323.747   0.003 -323.744  1600686.0 305871.8 74662.0 21148.7  14971.2  3775.4  2920.2
  1790 -464.264   0.007 -464.257  1541831.0 289998.3 63949.4 19171.8  12967.3  4666.7  2998.5
  1791 100.957  -0.005 100.952  1577238.4 304279.1 43845.8 37042.4  12358.9  4581.9  3212.5
  1792 631.134  -0.005 631.129  1830330.8 419146.0 79003.6 33360.4  16708.2  5434.5  4594.4
  1793 166.074  -0.001 166.073  1774502.9 403247.8 68183.1 27297.3  16116.4  7563.9  3649.3
  1794 -30.557   0.001 -30.556  1730493.8 308310.5 50695.9 34940.0  14186.4  2223.6  3099.7
  1795 393.386  -0.003 393.383  2065556.2 403936.6 139675.8 39142.1  22410.2  2153.3  5317.4
  1796 163.581  -0.000 163.581  1925738.5 324529.0 95352.3 30466.9  16737.8  2020.8  3464.8
  1797 -189.222   0.001 -189.221  1889306.9 435870.6 102988.5 29189.6  15158.0  2773.7  3278.2
  1798 -305.859   0.004 -305.856  1650830.4 362898.5 65206.1 25195.0  14285.1  1502.7  2805.4
  1799 -59.989  -0.000 -59.989  1672812.4 356091.0 75581.7 31867.0  14492.1  1393.9  3203.9
  1800 -30.304   0.000 -30.304  1679927.0 305854.0 48472.8 32783.6  16984.3  1919.0  3534.7

         Carbon flux (ktC/yr)        Water (dam3/yr)                Nitrogen (MgN/yr)
       ----------------------- -------------------------- --------------------------------
Spinup NEP     estab   NBP     transp     evap    interc  nuptake ndemand  nlosses ninflux
------ ------- ------- ------- ---------- ------- ------- ------- -------- ------- -------
  1801 100.360  -0.001 100.359  1811311.8 359985.8 102718.5 29909.0  17225.4  1176.7  3787.6
  1802 -33.413   0.000 -33.413  1730570.9 400413.1 70827.7 28987.5  14482.2  2118.5  3245.1
  1803 -648.315   0.007 -648.308  1605507.8 528469.2 83318.0 25686.7  12677.3  2760.1  2598.9
  1804 488.124  -0.005 488.119  1845654.7 395950.2 58654.1 36254.0  16295.9  3463.8  4482.1
  1805 -220.856   0.003 -220.853  1622919.2 309395.6 74714.5 22216.2  13819.6  2924.8  2798.9
  1806 234.346  -0.002 234.343  1680595.7 411217.1 60962.2 32450.2  13088.4  2682.4  3300.3
  1807 494.629  -0.003 494.626  1810631.1 397086.6 51175.7 39043.2  14461.4  1962.0  4058.2
  1808 -112.035   0.001 -112.035  1801600.1 390728.9 72921.8 24494.9  18159.0  1183.0  3637.3
  1809 -820.040   0.015 -820.025  1618945.6 284936.7 76316.5 18175.4  14629.2  2233.6  2900.9
  1810 538.770  -0.012 538.758  1757617.9 446667.8 111689.3 36944.9  15023.4  8804.3  4012.7
  1811  62.780  -0.000  62.780  1694943.1 385286.6 60936.2 25045.5  12804.5  3633.4  3223.3
  1812 106.510  -0.001 106.509  1711815.0 408767.9 67260.2 31281.7  16423.8  2245.0  3633.6
  1813 -474.369   0.010 -474.359  1672365.3 282992.1 58670.9 27942.4  14704.0  1454.1  3070.4
  1814 -371.566  -0.002 -371.568  1521281.8 244563.0 41753.6 28217.2  12639.2  2592.9  2696.8
  1815 -25.035   0.002 -25.033  1530649.8 366711.8 67216.8 29971.9  12787.7  2783.8  3172.2
  1816 -505.261   0.004 -505.257  1429705.2 235924.4 41910.1 23875.0  12660.2  4015.4  2476.9
  1817 141.687  -0.002 141.684  1444347.1 328692.1 55901.5 29110.3  14296.1  6001.2  3333.3
  1818 346.806  -0.003 346.803  1586188.6 384820.5 62860.0 34978.8  12731.3  3817.0  3510.1
  1819 214.463  -0.002 214.460  1738785.5 324826.1 53993.8 32825.5  15938.8  5806.7  3785.8
  1820  59.650  -0.001  59.649  1688934.1 370365.2 60373.1 26526.1  13646.0  3494.0  3255.0
  1821 331.716  -0.003 331.714  1834933.1 468553.1 86537.9 37034.4  16307.6  2157.3  4110.7
  1822 -233.069   0.003 -233.066  1762700.1 310894.2 54437.6 28230.6  12753.7  2052.1  2575.8
  1823 123.157  -0.002 123.155  1784331.7 439801.1 85178.9 30497.1  16737.5  1478.6  3948.6
  1824 -348.328   0.004 -348.324  1634441.2 307510.3 79030.2 23152.8  14726.0  4154.0  2768.8
  1825 380.032  -0.003 380.029  1789147.6 362454.0 80151.0 34593.6  15424.0  1734.4  3837.1

         Carbon flux (ktC/yr)        Water (dam3/yr)                Nitrogen (MgN/yr)
       ----------------------- -------------------------- --------------------------------
Spinup NEP     estab   NBP     transp     evap    interc  nuptake ndemand  nlosses ninflux
------ ------- ------- ------- ---------- ------- ------- ------- -------- ------- -------
  1826 -149.064   0.001 -149.063  1631641.9 351275.3 59759.9 23540.9  14914.4  2802.2  3326.3
  1827 426.421  -0.003 426.418  2023033.7 414712.8 133106.2 41719.5  20348.7  4343.0  5291.9
  1828 -271.586   0.002 -271.584  1690442.4 341402.9 65552.4 19917.2  15884.0  1445.8  3225.2
  1829 424.146  -0.002 424.144  1881097.0 397390.7 53170.2 39258.3  14249.8  2557.0  3978.3
  1830 -461.385   0.005 -461.381  1625583.0 357753.6 67013.4 22057.3  13529.0  1212.5  2722.1
  1831 180.836  -0.003 180.833  1791442.7 455416.3 84526.9 32804.2  16541.9  1499.0  4158.7
  1832 157.739  -0.001 157.738  1934856.5 403213.2 98817.7 28936.4  18003.1  2256.9  4440.2
  1833  91.420  -0.001  91.419  1932244.0 441263.2 98365.8 32093.0  17407.5  1638.4  4099.5
  1834 192.804  -0.000 192.804  1948630.1 372392.3 62360.7 34321.5  16359.2  1243.2  3984.1
  1835 -910.466   0.013 -910.453  1646206.5 224876.3 59622.4 16278.0  15198.5  1387.1  2446.8
  1836 653.485  -0.007 653.477  1860001.9 431600.7 77747.5 38918.0  16079.8  2940.7  4516.5
  1837 420.312  -0.002 420.310  1913837.5 394386.2 52890.8 35928.7  14474.3  2462.4  4090.7
  1838 -329.595   0.002 -329.594  1808667.9 378859.4 75393.3 24040.9  15398.9   853.6  3147.3
  1839 -422.897   0.005 -422.891  1565862.7 349083.3 58845.4 20656.2  13995.9  1538.6  2983.4
  1840 -103.573  -0.002 -103.575  1652018.2 251821.2 40421.8 35295.5  13570.9  2391.0  3009.5
  1841 -644.539   0.010 -644.530  1359868.2 308952.3 38349.9 17892.1  11662.4  2376.0  2158.5
  1842 502.364  -0.007 502.357  1637968.1 355034.6 43830.5 40151.6  14071.6  2884.9  3753.4
  1843 204.280  -0.003 204.277  1752684.7 323029.2 53485.2 31979.3  15221.5  3493.2  3640.1
  1844  18.763  -0.000  18.762  1699650.5 371143.8 60206.9 26293.3  13280.8  5559.9  3172.1
  1845 -93.569   0.001 -93.568  1578158.1 372473.3 56465.5 26891.4  14301.5  4339.9  3202.8
  1846 122.516  -0.002 122.513  1750084.0 464268.0 82726.9 36449.1  13239.1  4463.7  3472.4
  1847 297.379  -0.002 297.377  1845899.9 382648.5 53912.1 35107.0  16224.9  3193.2  4166.0
  1848  29.468  -0.000  29.468  1940517.8 383257.8 99148.5 28561.7  19145.2  1287.7  4330.4
  1849 -227.244   0.002 -227.242  1691759.5 348910.6 63587.3 23589.5  15693.9  2411.1  3210.7
  1850  56.137  -0.000  56.137  1737992.9 375304.8 61610.6 29441.2  13089.2  3626.9  3111.9

         Carbon flux (ktC/yr)        Water (dam3/yr)                Nitrogen (MgN/yr)
       ----------------------- -------------------------- --------------------------------
Spinup NEP     estab   NBP     transp     evap    interc  nuptake ndemand  nlosses ninflux
------ ------- ------- ------- ---------- ------- ------- ------- -------- ------- -------
  1851 -455.746   0.010 -455.736  1678348.4 287143.0 58132.6 28761.8  14541.2  2046.4  2990.1
  1852 172.294  -0.005 172.289  1660799.6 331369.0 62827.9 35955.5  15321.8  2044.6  3375.8
  1853 -227.490   0.003 -227.488  1653583.1 300522.8 52839.5 24929.7  14785.0  2391.3  3134.8
  1854 256.509  -0.003 256.506  1714985.0 413852.7 64788.0 32583.6  16293.9  4354.6  3663.6
  1855 -131.750   0.001 -131.749  1668072.6 388390.9 65288.2 29008.3  12761.4  2103.4  2832.5
  1856 282.761  -0.002 282.759  1846252.3 416273.7 130773.6 31985.3  16664.1  7558.2  4045.6
  1857  48.667  -0.001  48.667  1813087.8 458454.1 96065.9 31954.4  13222.9  2320.8  3352.1
  1858 -21.714  -0.000 -21.714  1862834.9 360446.0 113703.7 28755.7  17216.5  2400.1  3674.9
  1859 -822.885   0.017 -822.868  1629710.9 283521.2 78802.5 18104.7  15736.2  2274.0  2940.9
  1860 750.986  -0.014 750.972  1827032.2 446763.3 79369.8 41313.8  15724.7  4311.6  4283.5
  1861 -538.823   0.011 -538.811  1529405.1 311635.4 45183.0 18024.5  12019.6  3078.4  2192.4
  1862 522.491  -0.007 522.484  1785939.7 432981.1 114179.7 29482.5  14773.4  5920.5  4015.1
  1863 134.638  -0.001 134.637  1798855.5 323981.7 59564.6 33741.9  14707.0  4038.6  3511.4
  1864  60.430  -0.000  60.430  1895397.3 400873.3 137022.7 28342.5  17028.5  3889.6  4045.1
  1865 107.238  -0.001 107.237  1937045.9 385807.9 74610.8 33554.1  16916.7  1717.1  4186.8
  1866  39.471  -0.001  39.471  1957443.1 365902.8 77606.4 31436.4  17153.3  1049.3  4036.4
  1867 -358.143   0.004 -358.139  1739319.8 304385.6 55242.8 29443.2  12054.5  1517.3  2380.3
  1868 -759.905   0.011 -759.894  1377881.1 298532.6 40805.9 15805.7  12733.6  1897.2  2158.5
  1869 -143.532  -0.005 -143.537  1413568.2 252286.6 33628.9 31631.2  11738.3  2901.7  2880.1
  1870 -259.939   0.004 -259.936  1394207.3 252003.2 38677.5 24612.8  13480.9  3793.3  3085.3
  1871 334.878  -0.003 334.875  1539345.5 394052.2 56403.4 37976.4  12298.7  5007.5  3510.1
  1872 174.806  -0.002 174.804  1586555.4 385735.9 51543.7 25690.2  13413.8  8312.5  3560.1
  1873 -13.600   0.000 -13.599  1536856.5 326075.3 66051.9 28098.8  13542.4  4972.3  3024.0
  1874 485.410  -0.003 485.406  1780040.4 427393.9 114154.9 33691.0  15619.7  5482.8  4161.5
  1875 -163.048   0.002 -163.047  1611784.7 316831.5 73633.2 24609.7  13625.2  3436.1  2835.3

         Carbon flux (ktC/yr)        Water (dam3/yr)                Nitrogen (MgN/yr)
       ----------------------- -------------------------- --------------------------------
Spinup NEP     estab   NBP     transp     evap    interc  nuptake ndemand  nlosses ninflux
------ ------- ------- ------- ---------- ------- ------- ------- -------- ------- -------
  1876 384.281  -0.003 384.278  1794143.7 361965.4 79525.1 37668.8  15859.4  1646.8  3950.3
  1877 -153.984   0.001 -153.983  1705072.9 375824.3 65762.2 26830.0  14035.7  2308.6  2990.3
  1878 307.418  -0.002 307.415  1867255.9 353603.6 87864.3 37902.5  17098.7  1532.5  4034.7
  1879 -569.076   0.006 -569.071  1650164.5 232293.0 56582.7 20313.9  14193.7  3383.4  2565.6
  1880 -275.861   0.004 -275.856  1449740.2 313880.0 36825.7 22371.2  10945.2  2875.7  2250.8
  1881 607.990  -0.006 607.984  1782827.2 403004.3 56252.8 39538.0  14147.4  3194.0  4188.3
  1882 305.218  -0.002 305.215  1873803.3 366207.6 102607.3 29473.2  14669.0  3276.6  3623.7
  1883 402.170  -0.002 402.167  1932270.9 390321.1 57165.7 39070.4  14637.6  3763.6  4007.6
  1884 -584.387   0.006 -584.381  1714433.4 294578.9 86473.0 20271.3  15754.5  1618.1  2688.0
  1885 -334.856   0.003 -334.853  1580507.3 243022.7 48334.3 23165.7  12623.9  3162.9  2621.2
  1886 541.955  -0.004 541.951  1862788.5 397113.2 59134.3 39773.5  15007.5  3142.8  4379.4
  1887 -266.821   0.004 -266.817  1666019.7 297890.3 52945.8 23946.6  13472.6  2044.6  3087.2
  1888 -77.339  -0.000 -77.340  1659047.2 327478.2 46176.7 34026.2  11584.4  3248.3  2764.5
  1889 -537.570   0.006 -537.564  1453889.6 381208.6 56796.2 24016.3  12956.3  2661.3  2802.1
  1890  56.042  -0.003  56.039  1466468.7 327869.4 59756.2 30034.5  14426.5  5880.1  3316.3
  1891 -528.779   0.005 -528.774  1365604.1 232263.2 38490.4 23812.3  10569.4  3056.9  2224.1
  1892 132.248  -0.002 132.246  1463608.2 336471.5 32770.8 35281.0  11774.8  4771.4  3108.6
  1893 -24.002  -0.001 -24.003  1406020.4 392279.8 45359.6 28663.4  12736.5  3492.7  3325.6
  1894 687.170  -0.006 687.164  1875647.0 433627.6 111143.4 41896.9  20249.6  6805.9  5802.8
  1895  -2.311  -0.000  -2.312  1636691.8 348768.9 57854.3 21726.1  15205.2  2781.6  3502.2
  1896 602.660  -0.003 602.656  1866648.3 399676.2 50407.9 44763.2  14649.7  3374.2  4178.7
  1897 273.382  -0.002 273.380  2156429.2 393824.8 154071.9 34148.1  22795.7  1183.8  5256.2
  1898 -48.550   0.001 -48.549  1921721.9 378588.5 81401.7 25718.6  17944.1  1911.1  3460.7
  1899 -386.004   0.005 -385.999  1725457.5 376014.1 71256.6 27735.8  12708.8  1574.7  2569.4
  1900 295.692  -0.003 295.689  1848375.0 353336.8 88513.3 36369.1  16504.4  1604.0  3849.5

         Carbon flux (ktC/yr)        Water (dam3/yr)                Nitrogen (MgN/yr)
       ----------------------- -------------------------- --------------------------------
Year   NEP     estab   NBP     transp     evap    interc  nuptake ndemand  nlosses ninflux
------ ------- ------- ------- ---------- ------- ------- ------- -------- ------- -------
  1901  84.911  -0.000  84.911  1884034.2 305228.4 67369.7 32353.1  15864.9  3104.5  3433.0
Simulation ended.
lpjml successfully terminated, 63 grid cells processed.
Wall clock time:	152 sec, 0.0008 sec/cell/year.
Total wall clock time:	156 sec (00:02:36).
