--------------------------------------
Running config: /home/druijsch/LPJmL5/dev15oct2025/config_files/2026_04_08_run_for_10_locations/boreal_needleleaved_summergreen_tree/spinup/configs/boreal_needleleaved_summergreen_tree_patch1_config_spinup.cjson
SLURM task ID: 9
Node: tcn73.local.snellius.surf.nl
--------------------------------------
******************************************************************************
****        _     ____     _           _       ____        _  ___         ****
****       | |   |  _ \   | |_ __ ___ | |     | ___|      / |/ _ \        ****
****       | |   | |_) |  | | '_ ` _ \| |     |___ \      | | | | |       ****
****       | |___|  __/ |_| | | | | | | |___   ___) |  _  | | |_| |       ****
****       |_____|_|   \___/|_| |_| |_|_____| |____/  (_) |_|\___/        ****
****                                                                      ****
****                 lpjml C Version 5.10.1 (Apr 14 2026)                 ****
****    Dynamic global vegetation model with natural and managed land     ****
****                     Compiled for Linux with MPI                      ****
****       (C) Potsdam Institute for Climate Impact Research (PIK),       ****
****                          see COPYRIGHT file                          ****
****              Authors, and contributors see AUTHORS file              ****
**** This version of LPJmL is licensed under GNU AGPL Version 3 or later  ****
****        See LICENSE file or go to http://www.gnu.org/licenses/        ****
****                 or invoke lpjml -l to print license                  ****
****      https://gitlab.pik-potsdam.de/lpjml/wur_team/lpjml-wur.git      ****
****          GIT hash: 5e6f8e1bb5c5d5f3357da68b6c43e9517864f3c2          ****
****                                                                      ****
******************************************************************************

Running for user druijsch on tcn73.local.snellius.surf.nl at Tue Apr 14 17:04:18 2026
Reading configuration from '/home/druijsch/LPJmL5/dev15oct2025/config_files/2026_04_08_run_for_10_locations/boreal_needleleaved_summergreen_tree/spinup/configs/boreal_needleleaved_summergreen_tree_patch1_config_spinup.cjson'.
==============================================================================
/----------------------------------------------------------\
|institution: Potsdam Institute for Climate Impact Research|
|contact:                                                  |
|comment:                                                  |
\----------------------------------------------------------/
Simulation "LPJmL Run" running on 50 tasks
Simulation with shuffle spinup climate, equilsoil is called, 
nitrogen limitation, permafrost, Johansen conductivity, 
percolation heattransfer, GSI phenology, NPP controlled BNF.
Cultivation types: none, biomass, annual crop
Working directory: /gpfs/home5/druijsch/LPJmL5/dev15oct2025
cpp processed configuration file written to `/projects/prjs2023/chapter3/lpjml_output/2026_04_08_run_for_10_locations/boreal_needleleaved_summergreen_tree/patch_1/output/lpjml_config_spinup.json`.
Starting from scratch.
Input files:
Variable     Fmt  Varname  Filename
------------ ---- -------- ---------------------------------------------------
soil         cdf  soilcode /projects/prjs2023/chapter3/lpjml_input/run_for_10_locations/boreal_needleleaved_summergreen_tree/patch_1/soil.nc
temp         cdf  tas      /projects/prjs2023/chapter3/lpjml_input/run_for_10_locations/boreal_needleleaved_summergreen_tree/patch_1/temp.nc
prec         cdf  pr       /projects/prjs2023/chapter3/lpjml_input/run_for_10_locations/boreal_needleleaved_summergreen_tree/patch_1/prec.nc
lwdown       cdf  rlds     /projects/prjs2023/chapter3/lpjml_input/run_for_10_locations/boreal_needleleaved_summergreen_tree/patch_1/lwdown.nc
swdown       cdf  rsds     /projects/prjs2023/chapter3/lpjml_input/run_for_10_locations/boreal_needleleaved_summergreen_tree/patch_1/swdown.nc
no3_depo     cdf  noy      /projects/prjs2023/chapter3/lpjml_input/ndep-noy_histsoc_monthly_1901_2021_units.nc
nh4_depo     cdf  nhx      /projects/prjs2023/chapter3/lpjml_input/ndep-nhx_histsoc_monthly_1901_2021_units.nc
soilpH       cdf  soil_ph  /projects/prjs2023/chapter3/lpjml_input/hwsd_soil_data_all_land_oceanfilled.nc
co2          txt           /projects/prjs2023/chapter3/lpjml_input/co2_1832-2023.dat
windspeed    cdf  sfcwind  /projects/prjs2023/chapter3/lpjml_input/run_for_10_locations/boreal_needleleaved_summergreen_tree/patch_1/wind.nc
------------ ---- -------- ---------------------------------------------------
Writing restart file '/home/druijsch/LPJmL5/dev15oct2025/restart/2026_04_08_run_for_10_locations/boreal_needleleaved_summergreen_tree/patch_1/restart_1901_nv_stdfire.lpj' after year 1901.
Random seed: 2
Number of output files:       1
Output written in year:       -1020
Byte order in output files:   little endian

Variable   Fmt  Unit Type   tstep nbd Filename
---------- ---- ---- ------ ----- --- -----------------------------------------
globalflux txt  -    float  year    1 /projects/prjs2023/chapter3/lpjml_output/2026_04_08_run_for_10_locations/boreal_needleleaved_summergreen_tree/patch_1/output/globalflux_spinup.csv + .json
---------- ---- ---- ------ ----- --- -----------------------------------------
Spinup years:                  3000
Cycle length during spinup:      30
First year:                    1901
Last year:                     1901
Number of grid cells:            72
==============================================================================
Memory allocated for output: 344 bytes/cell
Simulation begins...
Spinup using climate starting from year 1901

         Carbon flux (ktC/yr)        Water (dam3/yr)                Nitrogen (MgN/yr)
       ----------------------- -------------------------- --------------------------------
Spinup NEP     estab   NBP     transp     evap    interc  nuptake ndemand  nlosses ninflux
------ ------- ------- ------- ---------- ------- ------- ------- -------- ------- -------
 -1099 -83.229   0.239 -82.990        0.0 374776.6     0.0     0.0      0.0 43874.3   148.2
 -1098 -105.429   0.143 -105.286        0.3 515921.5     0.8    19.4      0.1  6133.7   148.4
 -1097 -110.220  -0.113 -110.333        4.7 417058.7     1.6    82.8      0.2  9096.3   148.6
 -1096 -100.374   0.003 -100.371       57.7 636838.8     5.2   293.5      0.9 19711.1   150.5
 -1095 -50.527  -0.010 -50.538      761.4 468346.6     8.1  1000.0      3.1  9878.0   157.0
 -1094  69.769  -0.023  69.746     8498.7 454817.0    59.7  3405.0      9.5  7993.8   175.6
 -1093 214.516  -0.031 214.485    40724.1 444316.8   486.5  5997.1    133.4  8151.7   430.0
 -1092 449.072  -0.035 449.036   111530.1 438488.4  2184.2  9510.3    471.8 16774.0  1101.9
 -1091 762.506  -0.023 762.482   226312.7 318757.3  5812.0 14708.9    640.5 16266.4  1429.5
 -1090 904.555   0.000 904.556   334831.4 231923.2 11063.0 15501.7    743.9 10071.8  1539.4
 -1089 713.093   0.012 713.105   339487.5 188003.7  9987.2  8394.2   1145.1  4050.9  1822.7
 -1088 654.554   0.011 654.565   322935.1 224172.8 15530.7  8521.9   1424.5  2902.4  2156.2
 -1087 548.279   0.022 548.301   279942.7 235896.3 14665.1  8455.3   1258.3  4798.3  1849.3
 -1086 549.560   0.013 549.573   295125.9 228130.1 14332.6  9438.2   1679.0  8866.0  2298.7
 -1085 484.687   0.022 484.709   282912.7 235554.4 15413.5  7643.1   1335.3  9927.5  1861.1
 -1084 380.601   0.021 380.622   271645.9 238534.1 14174.3  6627.1   1465.9  9511.1  1922.0
 -1083 240.217   0.022 240.239   328725.0 225240.2 13161.9  4073.3   1783.7 11165.5  2272.1
 -1082 154.540   0.025 154.565   239442.4 234846.6  9463.3  4102.6   1453.6  7313.5  1892.0
 -1081  81.369   0.018  81.386   215922.9 238405.8 10084.8  3193.5   1939.4 10794.5  2183.9
 -1080  50.145   0.014  50.159   275161.7 246297.6 11856.5  3666.4   1917.0  6945.7  2339.4
 -1079  44.789   0.021  44.810   216814.5 249704.7  8858.7  3484.3   1632.1  8532.7  2050.2
 -1078  18.533   0.016  18.549   239715.7 254224.4  7745.1  3124.7   1575.5  8860.2  2030.4
 -1077  64.782   0.012  64.794   215335.0 234804.6  5223.4  3636.3   1726.7  3540.5  2118.5
 -1076  18.188   0.011  18.198   180410.4 217013.5  5078.8  2754.6   1476.8  4876.9  1868.3
 -1075  12.060   0.006  12.066   188936.3 269004.9  4712.5  2753.0   1495.0  3361.8  1854.0

         Carbon flux (ktC/yr)        Water (dam3/yr)                Nitrogen (MgN/yr)
       ----------------------- -------------------------- --------------------------------
Spinup NEP     estab   NBP     transp     evap    interc  nuptake ndemand  nlosses ninflux
------ ------- ------- ------- ---------- ------- ------- ------- -------- ------- -------
 -1074  -2.357   0.007  -2.350   149712.8 227596.1  3799.5  2850.9   1358.1  3091.4  1763.3
 -1073 -29.898   0.005 -29.893   154240.9 265651.9  5547.5  2695.3   1423.5  6569.8  1831.2
 -1072  11.393   0.008  11.401   165530.8 256593.8  4947.9  3908.1   1396.7  2796.2  1869.0
 -1071   9.463   0.015   9.478   148416.7 279178.3  5537.9  2991.0   1269.3  2310.4  1626.5
 -1070  15.552   0.009  15.560   170735.4 248394.7  2917.4  3097.0   1312.8  1378.8  1751.3
 -1069  11.642   0.014  11.656   167028.5 262748.0  3478.9  3439.9   1359.5  1351.0  1793.3
 -1068  20.483   0.012  20.495   159694.7 255648.0  4835.7  3561.7   1391.5  1892.7  1850.6
 -1067  40.956   0.014  40.970   148086.6 268595.2  3457.6  3387.5   1283.3  1287.0  1695.6
 -1066   0.091   0.007   0.097   142496.0 286367.8  5192.8  3663.4   1472.8  2269.3  1828.4
 -1065  24.545   0.015  24.560   155334.0 270105.5  3712.3  3556.5   1355.9  1199.2  1740.8
 -1064 -21.888   0.006 -21.882   139184.4 300554.2  7621.0  2988.1   1350.9  3655.4  1734.2
 -1063  74.154   0.017  74.171   196351.7 280828.4  4778.4  3234.3   1405.4  1256.1  1867.2
 -1062  10.904   0.020  10.924   161049.5 287839.1  5348.8  2959.3   1362.3  1250.4  1709.8
 -1061  27.659   0.014  27.674   177998.2 291420.4  4107.9  2902.7   1371.8  1285.0  1777.4
 -1060  29.169   0.014  29.183   141584.8 275820.4  3243.8  3468.2   1255.8  1015.9  1659.7
 -1059  -3.409   0.012  -3.397   177513.9 308778.1  4837.1  3371.1   1298.1  2168.4  1755.3
 -1058  21.273   0.016  21.289   170289.3 282083.3  3822.4  3219.5   1312.5  1215.5  1671.1
 -1057 -11.536   0.006 -11.530   188831.5 308224.0  6351.5  3938.7   1483.9  1332.1  1967.3
 -1056  -1.269   0.007  -1.261   163022.2 285688.7  5817.0  3481.3   1500.1  2047.4  1919.9
 -1055  50.332   0.007  50.339   170188.7 257154.7  5248.9  3941.3   1426.9  1695.2  1911.4
 -1054  33.264   0.016  33.280   144589.6 301980.7  5243.0  3133.8   1213.3  1195.8  1466.5
 -1053  22.821   0.011  22.832   160788.2 270724.3  3302.9  2985.6   1389.9   957.9  1770.7
 -1052  23.467   0.014  23.481   140210.8 287663.5  4096.3  3408.5   1152.1  1231.3  1547.9
 -1051  -1.705   0.012  -1.693   127509.6 291072.0  5196.5  3348.3   1247.6  2093.4  1523.9
 -1050  15.015   0.015  15.029   144886.4 249869.6  3812.5  2594.9   1310.7  1440.2  1707.9

         Carbon flux (ktC/yr)        Water (dam3/yr)                Nitrogen (MgN/yr)
       ----------------------- -------------------------- --------------------------------
Spinup NEP     estab   NBP     transp     evap    interc  nuptake ndemand  nlosses ninflux
------ ------- ------- ------- ---------- ------- ------- ------- -------- ------- -------
 -1049  38.689   0.011  38.700   142672.6 265580.9  3714.7  2974.4   1365.0  1480.9  1719.6
 -1048  25.091   0.013  25.104   131093.7 290211.0  5137.4  2913.4   1471.0  1228.2  1789.9
 -1047  15.541   0.016  15.557   158635.0 287574.8  3627.1  2630.3   1306.2  1112.5  1626.4
 -1046  -7.291   0.012  -7.279   146219.2 286679.7  2853.1  3313.2   1276.2   928.5  1694.7
 -1045  30.693   0.010  30.703   174455.1 268620.3  3075.7  3011.6   1334.7   944.1  1778.8
 -1044  24.932   0.013  24.945   153431.7 279952.3  3116.7  3196.7   1308.2   989.0  1734.8
 -1043  33.222   0.012  33.234   134653.5 290047.6  4876.3  2862.4   1183.9  1537.6  1560.1
 -1042   6.299   0.012   6.311   124196.3 298131.5  4927.5  3800.1   1182.0  2069.4  1494.1
 -1041  11.123   0.014  11.137   171926.2 306207.9  5016.4  2715.4   1321.7  1482.6  1762.7
 -1040  16.862   0.007  16.869   130594.3 295109.2  4915.0  3489.1   1420.9  1527.4  1774.5
 -1039  -8.970   0.010  -8.960   148305.2 291772.9  5420.7  2772.0   1477.8  1547.8  1860.1
 -1038  21.492   0.015  21.507   135201.0 316463.8  4776.0  3361.0   1149.5  1127.2  1443.1
 -1037  22.097   0.010  22.107   147173.6 270258.8  4429.2  3358.6   1370.8  1472.2  1802.6
 -1036   4.473   0.009   4.481   125264.8 277275.0  4907.3  3207.5   1324.5  1627.7  1674.4
 -1035  47.695   0.003  47.699   179124.1 269886.7  3110.3  3421.9   1338.0   851.0  1792.4
 -1034  32.222   0.018  32.239   134685.9 248055.4  3463.6  2713.5   1276.9  1097.2  1704.9
 -1033  53.404   0.007  53.411   180428.6 268031.6  3212.1  3603.7   1332.6   917.4  1790.1
 -1032  42.932   0.013  42.945   160677.1 274558.9  3453.6  3362.9   1341.4   941.4  1775.9
 -1031  71.354   0.011  71.365   144339.6 270887.0  3549.7  3181.9   1240.2   956.0  1685.6
 -1030  11.913   0.012  11.925   130503.4 291234.2  5540.4  3768.3   1209.8  2071.4  1550.7
 -1029  39.129   0.016  39.146   167547.6 282185.1  3991.5  2710.6   1399.0  1130.2  1672.5
 -1028   1.352   0.013   1.365   146296.5 303146.2  5373.1  3422.2   1308.2  1603.0  1739.1
 -1027 -12.158   0.011 -12.147   130647.7 277238.8  5133.4  3560.0   1332.8  2210.9  1712.6
 -1026  15.705   0.010  15.714   140220.2 296832.1  5150.4  3250.8   1234.1  1568.1  1596.2
 -1025  37.935   0.006  37.941   161687.6 279135.1  3322.0  4115.5   1304.6   843.4  1769.6

         Carbon flux (ktC/yr)        Water (dam3/yr)                Nitrogen (MgN/yr)
       ----------------------- -------------------------- --------------------------------
Spinup NEP     estab   NBP     transp     evap    interc  nuptake ndemand  nlosses ninflux
------ ------- ------- ------- ---------- ------- ------- ------- -------- ------- -------
 -1024  24.772   0.011  24.783   138616.9 247072.1  3672.0  2996.3   1311.8  1128.7  1732.4
 -1023  59.877   0.002  59.879   168100.9 275748.7  3881.8  3668.9   1500.5   981.6  1898.2
 -1022  44.842   0.002  44.844   164997.7 252663.8  3091.6  2680.0   1367.0   952.5  1774.2
 -1021  29.455   0.013  29.468   153709.1 265251.1  4910.7  3220.0   1338.9  1580.1  1741.4
 -1020   7.947  -0.001   7.946   180461.2 310120.3  6634.2  3319.5   1534.2  1211.4  1955.1
 -1019  59.759   0.002  59.761   151302.4 259424.8  4425.1  3311.8   1393.2  1600.0  1781.1
 -1018  44.317   0.010  44.326   168291.4 278154.6  4347.3  2697.4   1352.4  1149.6  1673.6
 -1017  -6.013   0.015  -5.998   130035.1 312996.4  4704.0  3114.3   1161.1  1201.7  1430.2
 -1016  -2.606   0.009  -2.597   142692.6 271564.7  4416.0  3168.4   1386.3  1535.3  1789.0
 -1015   4.339   0.009   4.348   136433.5 297389.6  4742.8  2842.7   1236.0  1411.7  1588.0
 -1014  23.969   0.009  23.979   167033.1 304746.9  4112.4  2918.7   1342.9  1091.0  1757.9
 -1013  -3.977   0.007  -3.970   162930.3 312958.1  4799.4  2843.8   1293.3  1438.1  1723.2
 -1012  -8.148   0.009  -8.139   128907.7 301944.4  3769.5  3325.6   1118.6  1084.9  1508.1
 -1011  30.243   0.008  30.251   140824.6 283688.1  4164.0  3303.3   1258.0  1005.0  1659.1
 -1010 -27.721   0.005 -27.716   120495.9 311181.6  6911.8  2531.2   1313.7  2193.0  1621.8
 -1009  19.914   0.007  19.921   147614.5 286942.1  3134.9  3207.3   1309.4   791.3  1720.4
 -1008  43.846   0.005  43.851   167048.2 301812.4  4111.0  2837.7   1322.3  1056.7  1762.5
 -1007  15.995   0.005  16.000   152072.5 294495.5  3643.5  2654.9   1271.4  1043.1  1604.0
 -1006  -6.359   0.012  -6.347   139371.4 286837.1  3917.9  3266.6   1318.9  1616.3  1666.8
 -1005  18.075   0.011  18.086   163400.0 308793.9  4022.6  2711.5   1332.8  1060.0  1746.4
 -1004  -6.378   0.002  -6.376   140880.2 303212.2  4387.0  2875.9   1218.6  1420.8  1644.2
 -1003  22.708   0.008  22.716   149419.4 299363.6  3510.7  2679.5   1269.3  1001.1  1589.7
 -1002 -13.108   0.005 -13.103   145429.8 303979.2  3285.1  2762.1   1253.9  1037.9  1576.7
 -1001 -33.834   0.007 -33.827   126372.2 297755.5  4567.5  2707.3   1307.5  3182.8  1705.2
 -1000  14.405   0.005  14.410   138845.8 283166.5  4206.8  3766.0   1282.5  1127.8  1756.4

         Carbon flux (ktC/yr)        Water (dam3/yr)                Nitrogen (MgN/yr)
       ----------------------- -------------------------- --------------------------------
Spinup NEP     estab   NBP     transp     evap    interc  nuptake ndemand  nlosses ninflux
------ ------- ------- ------- ---------- ------- ------- ------- -------- ------- -------
  -999   8.723   0.006   8.729   135906.1 311650.5  3918.5  2826.9   1050.8   975.8  1457.7
  -998   7.170   0.005   7.175   137658.3 302372.2  4703.2  2608.0   1222.8  1145.1  1637.4
  -997   5.737  -0.001   5.736   133006.1 306423.1  4863.4  2974.9   1444.7  1064.0  1779.6
  -996  50.096   0.001  50.098   165781.5 309478.0  4260.2  3155.9   1332.3   876.2  1757.2
  -995  14.330  -0.001  14.329   141969.2 289142.0  3184.6  3212.7   1295.5   727.0  1705.0
  -994  57.822  -0.002  57.820   132916.1 268780.1  3815.8  2962.4   1320.1  1204.8  1703.2
  -993  20.227  -0.001  20.226   144465.9 296981.9  5008.6  2885.2   1252.0  1238.3  1678.6
  -992 -11.626  -0.000 -11.627   117504.3 308541.2  7556.2  2419.2   1267.8  1508.0  1607.3
  -991  65.900   0.004  65.904   131881.2 285007.5  3278.4  3472.9   1219.7   673.9  1642.8
  -990  33.664   0.000  33.664   153602.7 287284.7  3750.3  3588.4   1401.0   768.1  1833.9
  -989  66.159  -0.001  66.157   156860.9 284196.0  3739.3  3518.3   1523.1   819.7  1860.3
  -988   5.156  -0.000   5.156   142716.1 294406.0  5914.8  2877.3   1486.5  1297.2  1851.8
  -987  17.043   0.005  17.048   129790.9 275280.1  5703.7  3600.2   1353.4  1769.0  1729.8
  -986  24.790  -0.001  24.789   132212.6 293746.6  5544.1  3667.2   1461.7  1244.4  1804.1
  -985  25.381   0.007  25.388   150519.7 294807.0  6223.5  3142.3   1380.8  1200.3  1802.4
  -984   8.893   0.004   8.897   147571.0 300427.2  6225.5  3397.5   1327.3  1310.8  1767.6
  -983  15.158   0.002  15.160   156894.7 295000.3  5468.1  3462.1   1297.9  1610.1  1735.4
  -982  65.221   0.005  65.226   185133.4 262059.9  3802.5  3073.1   1489.3   702.8  1860.8
  -981  54.629   0.008  54.637   159386.9 253692.3  3380.6  2548.3   1368.8   730.5  1789.1
  -980  49.758   0.010  49.768   173242.5 287945.7  4999.7  2886.8   1375.5   950.9  1818.5
  -979   0.370   0.012   0.382   124810.5 311241.7  4747.1  2902.4   1124.8   976.2  1406.8
  -978  -5.990   0.015  -5.976   120735.0 320523.5  4314.2  2908.0   1159.3   991.5  1379.2
  -977  10.295   0.012  10.307   125889.0 274450.4  3470.2  2484.1   1321.5  1277.0  1666.4
  -976 -10.589   0.008 -10.581   135483.6 305739.6  4349.7  2740.0   1220.4  1268.1  1618.2
  -975   1.265   0.006   1.272   129531.9 315105.7  4837.8  2808.3   1241.5  1082.6  1670.8

         Carbon flux (ktC/yr)        Water (dam3/yr)                Nitrogen (MgN/yr)
       ----------------------- -------------------------- --------------------------------
Spinup NEP     estab   NBP     transp     evap    interc  nuptake ndemand  nlosses ninflux
------ ------- ------- ------- ---------- ------- ------- ------- -------- ------- -------
  -974 -16.119   0.013 -16.106   117377.1 334539.5  4153.4  3368.4   1067.1   951.8  1354.5
  -973 -15.440   0.014 -15.426   109626.2 311889.4  4583.8  3174.1   1221.3  1343.0  1428.4
  -972  -0.130   0.017  -0.113   134056.1 319205.2  4588.1  2941.8   1283.4   901.4  1603.5
  -971 -24.351   0.005 -24.345   122365.8 299194.8  4513.2  2482.3   1294.3  1836.2  1673.8
  -970  21.347   0.006  21.352   136853.7 290616.2  3941.2  3769.0   1210.6  1109.4  1637.2
  -969   3.570   0.013   3.583   114846.4 307422.3  4881.3  3379.6   1197.1  1165.2  1457.1
  -968  23.062   0.015  23.076   120055.8 262283.2  3088.8  3001.5   1249.1   839.3  1635.4
  -967  15.053   0.005  15.058   160054.5 324045.8  4722.4  3408.0   1242.7  1445.4  1690.7
  -966  31.519   0.005  31.525   168819.0 316348.0  5133.1  3581.5   1270.4  1342.3  1743.7
  -965  21.933   0.005  21.938   129483.7 277783.6  5383.9  3804.4   1332.8  1491.6  1705.8
  -964  37.308  -0.004  37.304   135162.2 294043.5  5604.4  3938.7   1461.4  1067.4  1812.9
  -963  34.800   0.014  34.814   139527.2 311148.1  5693.8  3414.6   1221.0   839.7  1495.6
  -962  14.012   0.008  14.020   129156.7 271686.6  5657.2  3379.9   1404.6  1358.2  1725.9
  -961  12.938   0.004  12.942   140457.8 279336.5  5746.2  2859.9   1411.3  2304.7  1798.2
  -960  48.617   0.007  48.624   139699.8 289450.0  5753.6  3420.7   1213.0   886.5  1604.9
  -959  50.469   0.003  50.472   164769.1 254928.2  3209.4  3587.8   1300.5   621.8  1765.4
  -958  48.923   0.006  48.929   163075.5 247308.4  3416.5  2882.3   1351.0   675.9  1799.2
  -957  43.732   0.006  43.739   163988.7 274067.4  4371.6  3163.1   1322.0   818.2  1668.5
  -956  24.188   0.001  24.189   138725.4 281782.4  3568.4  3590.1   1353.0   792.6  1684.2
  -955  24.580  -0.003  24.577   144192.7 265591.6  4325.2  3256.6   1401.3  1484.9  1772.0
  -954  29.324   0.004  29.328   146245.5 285703.7  5650.2  2923.0   1288.6  1311.1  1667.5
  -953  22.083   0.001  22.084   152521.8 300448.4  4139.6  2878.9   1331.7   961.2  1715.5
  -952  50.993   0.001  50.994   137172.2 276330.5  3540.2  3285.9   1285.3   805.5  1676.7
  -951 -14.814  -0.001 -14.815   178927.1 312291.2  7198.6  3795.1   1437.5  1114.0  1965.1
  -950   9.358   0.001   9.360   157236.5 289842.9  6308.3  4049.7   1535.8  1707.3  1923.8

         Carbon flux (ktC/yr)        Water (dam3/yr)                Nitrogen (MgN/yr)
       ----------------------- -------------------------- --------------------------------
Spinup NEP     estab   NBP     transp     evap    interc  nuptake ndemand  nlosses ninflux
------ ------- ------- ------- ---------- ------- ------- ------- -------- ------- -------
  -949  39.050   0.009  39.060   160981.9 290785.4  6958.6  3610.9   1412.4  1382.8  1860.3
  -948   6.247   0.007   6.254   150650.2 269298.6  7137.5  2699.6   1439.7  3001.3  1881.8
  -947  59.049   0.007  59.057   145601.4 284144.4  6305.2  3822.9   1265.2  1003.1  1639.9
  -946  44.041   0.006  44.047   169188.0 250057.5  3626.5  3438.5   1367.7   658.8  1810.0
  -945  17.232   0.015  17.247   138184.7 300169.8  6548.9  3235.7   1196.8   892.8  1478.2
  -944 -10.670   0.004 -10.665   126272.2 299346.0  8574.7  2870.5   1476.5  1838.5  1669.9
  -943  20.325   0.017  20.342   130207.3 306421.7  5929.9  3044.1   1173.4   829.5  1452.9
  -942   2.873   0.010   2.882   145651.6 263353.2  3474.1  2210.6   1302.6   669.4  1721.1
  -941   9.101   0.006   9.107   139307.2 273018.7  4606.5  3785.7   1336.3  1069.8  1763.4
  -940  50.889   0.003  50.892   153368.3 286704.2  3628.4  3247.7   1562.5   743.5  1852.0
  -939  34.638   0.007  34.645   134585.0 280757.1  3616.5  3197.5   1250.8   711.4  1666.9
  -938   4.293   0.004   4.296   171188.3 313180.3  5504.1  3476.1   1267.3  1617.9  1758.8
  -937  33.501   0.006  33.507   149616.2 293086.5  5357.3  3739.1   1275.3  1242.1  1664.8
  -936  16.402   0.004  16.405   137075.9 290148.7  5911.9  3521.5   1495.3  1197.1  1851.9
  -935  16.937   0.008  16.945   160589.9 284921.2  5744.1  3291.6   1326.8  1356.9  1769.9
  -934  64.798   0.009  64.807   181554.1 286575.3  4989.4  3144.4   1424.0   856.6  1851.9
  -933  19.386   0.009  19.395   144801.0 285265.7  5783.4  2977.7   1271.4  1103.0  1657.3
  -932  11.137   0.007  11.144   134001.4 294478.5  4407.7  3805.6   1201.9   879.6  1551.6
  -931  -8.651   0.011  -8.640   130567.4 317165.9  5737.6  3369.0   1206.7   968.4  1462.0
  -930  35.274   0.004  35.278   158196.9 291255.6  4101.2  3138.3   1465.1   919.8  1648.1
  -929 -24.369   0.005 -24.364   136317.1 282627.7  6207.0  2532.0   1411.9  2803.0  1804.4
  -928  32.834   0.006  32.841   159477.1 290912.2  4291.4  3757.9   1257.5   748.2  1643.5
  -927   1.101   0.007   1.108   150484.9 300751.3  5432.3  3706.1   1336.3   939.2  1700.7
  -926  -5.706   0.006  -5.701   149398.5 294971.7  5410.9  3240.9   1315.0  1475.5  1715.1
  -925  38.388   0.008  38.397   133659.2 290270.7  5726.6  3140.5   1249.2  1001.6  1596.1

         Carbon flux (ktC/yr)        Water (dam3/yr)                Nitrogen (MgN/yr)
       ----------------------- -------------------------- --------------------------------
Spinup NEP     estab   NBP     transp     evap    interc  nuptake ndemand  nlosses ninflux
------ ------- ------- ------- ---------- ------- ------- ------- -------- ------- -------
  -924  11.483  -0.001  11.482   179949.9 313184.7  7462.0  4347.3   1487.3   893.9  1973.4
  -923  43.796   0.005  43.801   187987.1 300556.2  6836.7  4080.0   1384.9  1498.6  1868.3
  -922  33.171   0.006  33.177   154521.4 267042.2  7108.0  3083.6   1484.8  2213.7  1912.5
  -921  34.464   0.005  34.469   161380.9 278522.5  7168.0  3876.1   1516.5   927.4  1973.2
  -920  59.794   0.010  59.803   153287.5 279151.9  6779.7  3639.1   1293.4   962.0  1695.1
  -919  72.163   0.004  72.168   158273.5 253135.5  4973.9  3805.9   1451.5  1102.7  1848.0
  -918  49.816   0.012  49.828   155777.5 239197.9  4963.8  3291.2   1401.0   991.2  1810.9
  -917  20.071   0.009  20.081   151811.4 279763.0  6130.0  3257.5   1366.0  1081.8  1708.6
  -916  33.244   0.008  33.252   145111.0 259054.0  4729.6  2868.5   1445.3  1063.1  1809.6
  -915  37.118   0.011  37.129   161735.0 281621.9  4507.2  3143.2   1382.7   806.0  1662.9
  -914 -18.034   0.010 -18.024   126344.9 311498.5  5216.3  3304.3   1186.6   858.7  1432.8
  -913  -4.166   0.007  -4.159   143995.7 304851.8  4041.6  2771.9   1383.1   821.0  1691.6
  -912  -5.450   0.001  -5.449   166903.3 316698.9  7059.3  3766.3   1504.2   876.4  1926.6
  -911   9.855   0.005   9.861   144191.3 302857.5  5185.0  3650.0   1111.8  1227.1  1532.6
  -910  11.138   0.012  11.149   142120.4 298615.4  6988.0  3061.9   1347.2   897.5  1660.2
  -909  22.899   0.002  22.901   142051.5 299990.5  5586.4  3684.5   1495.9  1182.8  1673.4
  -908  55.863   0.011  55.874   137941.8 271292.5  5493.3  3190.7   1352.8   736.9  1727.6
  -907  -1.301   0.012  -1.289   136339.1 303390.1  7338.6  3018.1   1307.0   876.0  1636.3
  -906  49.719   0.002  49.720   141852.7 314661.6  4237.5  3387.3   1592.6   842.0  1662.4
  -905  24.633   0.007  24.639   125886.6 294282.4  7270.9  3403.3   1498.8  1112.7  1818.0
  -904   5.089   0.011   5.099   118981.9 293995.8  6736.3  3686.9   1258.7  1287.7  1499.8
  -903  46.923   0.009  46.932   133375.4 277617.9  4056.7  3344.7   1291.3   670.7  1684.7
  -902   4.560   0.007   4.567   168213.4 308674.6  7015.4  3320.7   1284.8  1484.4  1779.0
  -901  58.199   0.003  58.203   179570.0 306344.7  6316.7  4487.5   1411.8  1340.3  1814.4
  -900  38.523   0.011  38.534   161959.4 290452.5  7059.6  3840.5   1421.2   846.4  1775.1

         Carbon flux (ktC/yr)        Water (dam3/yr)                Nitrogen (MgN/yr)
       ----------------------- -------------------------- --------------------------------
Spinup NEP     estab   NBP     transp     evap    interc  nuptake ndemand  nlosses ninflux
------ ------- ------- ------- ---------- ------- ------- ------- -------- ------- -------
  -899  20.242   0.009  20.251   154951.3 291148.7  6766.2  3576.9   1438.8   913.0  1748.6
  -898  13.390   0.005  13.395   142126.5 250019.8  4619.4  3393.3   1383.1  1191.7  1748.3
  -897 -15.176   0.003 -15.173   128936.7 301926.1  9254.4  3242.0   1424.5  1943.4  1713.6
  -896  45.141   0.005  45.146   178531.8 295599.9  6982.5  3703.3   1400.7   913.0  1834.6
  -895   2.589   0.003   2.592   131324.3 297160.8  9497.4  3534.5   1370.0  1554.7  1711.0
  -894  56.316   0.010  56.326   155660.8 260069.8  5883.3  3718.4   1388.1   837.1  1802.7
  -893  34.292   0.002  34.295   134208.0 283648.3  6691.0  3715.8   1534.7   847.1  1848.9
  -892  22.683   0.005  22.687   147384.4 268140.2  7070.6  2992.6   1518.4  1285.6  1887.4
  -891  43.196   0.004  43.200   153204.6 289253.6  7250.7  4153.0   1362.9   844.4  1826.4
  -890  14.327   0.010  14.336   158125.6 287850.6  7517.9  3803.1   1379.3   850.6  1774.5
  -889  77.600   0.000  77.600   188076.9 261401.0  4171.0  3805.0   1775.3   612.6  1898.6
  -888  43.034   0.010  43.045   142692.0 276352.0  8262.9  3189.8   1612.2   933.6  1934.5
  -887  36.668   0.010  36.679   151139.7 241311.3  5091.9  3452.8   1352.1  1007.5  1800.6
  -886  20.482   0.009  20.492   156789.0 264650.4  5540.8  3513.9   1412.4  1191.1  1800.7
  -885  50.157   0.008  50.165   165561.5 269175.0  4682.7  3662.0   1572.6   689.3  1972.5
  -884  32.566   0.007  32.573   154810.3 291382.2  6138.1  3762.4   1455.1   868.5  1714.4
  -883  -3.522   0.009  -3.514   128211.3 247340.4  4098.3  2856.6   1393.1   936.0  1738.8
  -882  22.519   0.003  22.522   153751.7 299429.8  4570.2  3613.2   1366.3   870.4  1754.7
  -881  31.310   0.005  31.314   148516.7 292150.9  6638.9  3750.1   1401.6  1082.6  1816.3
  -880  33.963   0.009  33.972   178986.8 289151.2  5904.8  3557.4   1436.8   924.4  1878.0
  -879  36.650   0.006  36.656   149080.4 296859.3  5351.8  3883.8   1276.5  1032.8  1555.6
  -878  -3.860   0.015  -3.845   138495.3 264515.0  8261.3  1899.1   1488.1  1563.8  1871.8
  -877  92.034   0.003  92.037   158851.6 278821.2  4958.0  5011.9   1574.8   665.2  1921.1
  -876   8.267   0.013   8.280   122447.1 286720.7  7187.3  3636.4   1355.2  1039.3  1516.6
  -875  24.686   0.009  24.695   146589.7 264693.1  6189.8  3567.2   1527.4   901.0  1879.5

         Carbon flux (ktC/yr)        Water (dam3/yr)                Nitrogen (MgN/yr)
       ----------------------- -------------------------- --------------------------------
Spinup NEP     estab   NBP     transp     evap    interc  nuptake ndemand  nlosses ninflux
------ ------- ------- ------- ---------- ------- ------- ------- -------- ------- -------
  -874  -1.944   0.005  -1.938   142277.6 287872.0  7284.5  3301.9   1595.2   944.3  1909.3
  -873  56.891   0.003  56.894   160808.8 256071.8  3962.8  3833.8   1419.9   591.5  1815.5
  -872  30.062   0.009  30.072   150761.6 285204.3  8951.5  3564.2   1406.9   964.9  1859.1
  -871  -4.125  -0.000  -4.126   149102.6 285627.9  7244.5  3787.8   1498.2  1219.0  1925.3
  -870  60.633  -0.003  60.629   161766.1 282587.3  7503.5  4797.4   1781.0  1093.1  1990.8
  -869  56.372   0.007  56.379   164892.5 284895.5  7313.1  3856.0   1246.9   892.3  1672.9
  -868  45.501   0.010  45.511   138177.4 270185.8  9650.3  2455.0   1631.9   764.6  1922.4
  -867  89.001   0.003  89.003   164320.8 287171.5  5522.5  4411.6   1555.3   717.2  1797.3
  -866  49.782   0.011  49.793   159954.8 282850.4  8067.8  3668.0   1528.6   778.0  1774.7
  -865   9.000   0.008   9.009   150402.7 287428.2  7570.6  3535.0   1492.2   816.3  1751.6
  -864  11.699   0.004  11.703   148420.8 293644.6  5258.4  3228.7   1504.8   779.0  1770.3
  -863  38.886   0.000  38.887   151033.5 257334.4  3908.8  3468.9   1474.7   630.6  1798.9
  -862   0.531   0.013   0.544   139214.6 292265.8  6830.7  3174.5   1162.7   926.9  1538.8
  -861  17.507   0.011  17.518   122545.8 288984.2  6498.0  3017.5   1231.2  1000.4  1554.6
  -860  17.187   0.004  17.192   128796.7 283965.7  3879.8  4354.8   1243.2   644.1  1655.8
  -859  -8.077   0.003  -8.074   150521.2 294813.4  5967.9  4137.1   1305.1  1433.3  1753.2
  -858  90.927   0.004  90.931   163729.7 275944.5  4933.1  4006.1   1735.1   623.7  1976.7
  -857  31.340   0.008  31.348   148853.6 288916.2  8062.3  3688.4   1440.9   900.6  1862.6
  -856   5.476   0.005   5.481   145235.0 268908.8  7981.9  2808.5   1486.7  2122.7  1905.4
  -855  62.041   0.004  62.044   136555.0 245599.0  4516.4  4695.9   1342.9   622.6  1761.8
  -854  50.870   0.007  50.877   173590.8 275732.8  5412.1  4086.8   1448.8   621.9  1770.1
  -853  13.652   0.006  13.659   161970.5 278278.1  7015.1  3920.8   1454.5  1182.2  1838.7
  -852  26.764   0.013  26.777   132010.0 239448.6  4183.7  3267.4   1341.2   652.9  1740.7
  -851  58.997   0.000  58.997   145144.3 260821.0  4695.8  3455.5   1434.5   867.1  1794.0
  -850  64.776   0.008  64.784   166362.6 266505.1  5186.8  3739.9   1629.2   518.9  2020.1

         Carbon flux (ktC/yr)        Water (dam3/yr)                Nitrogen (MgN/yr)
       ----------------------- -------------------------- --------------------------------
Spinup NEP     estab   NBP     transp     evap    interc  nuptake ndemand  nlosses ninflux
------ ------- ------- ------- ---------- ------- ------- ------- -------- ------- -------
  -849   3.928   0.005   3.933   129957.7 265224.4  6641.6  3820.6   1474.5   948.9  1772.6
  -848  15.453   0.003  15.456   147858.0 295171.9  5512.0  3975.1   1208.4   837.0  1579.7
  -847  16.816   0.014  16.830   148315.9 288518.5  7904.1  3274.1   1450.3   641.0  1728.7
  -846  37.336   0.003  37.339   130858.0 293179.8  5013.3  3885.6   1468.7   639.4  1577.8
  -845  40.468   0.012  40.480   146998.4 267032.2  7482.4  4118.8   1523.0   629.7  1809.1
  -844   5.724   0.008   5.733   147632.9 274808.4  4500.7  3492.5   1496.0   583.4  1802.9
  -843  57.508   0.007  57.515   151313.7 297983.5  7172.3  3982.4   1535.2   763.6  1719.7
  -842  32.521   0.007  32.529   180415.7 262201.2  5189.8  3281.1   1565.4   611.1  1937.4
  -841  73.337   0.008  73.345   182283.7 279470.0  6339.3  3924.1   1506.7   785.5  1925.8
  -840 -12.753   0.016 -12.737   123519.0 281850.9  7386.5  3364.4   1264.8  1009.9  1503.2
  -839  59.765   0.001  59.765   147107.9 286188.9  5658.4  3753.0   1557.2   915.0  1651.8
  -838  -7.510   0.009  -7.501   157497.2 281403.3  7481.2  3352.5   1366.2   949.3  1806.1
  -837  75.355   0.004  75.359   181996.4 285961.1  5610.0  3660.6   1530.8   666.2  1884.0
  -836  -0.627   0.007  -0.619   146794.1 265488.3  7836.6  2531.1   1464.4  1175.6  1894.3
  -835  57.863   0.001  57.863   156007.7 291109.9  6763.5  5002.9   1398.6   754.4  1825.3
  -834  19.954   0.009  19.963   156970.5 279008.0  7533.6  3323.4   1357.6   884.6  1769.6
  -833  47.624   0.006  47.629   161957.9 264061.9  6074.3  4488.0   1518.2   884.7  1845.8
  -832  40.745   0.007  40.753   153605.2 242243.3  5281.0  3564.5   1509.0   756.6  1842.4
  -831 -10.826   0.005 -10.821   136426.7 291807.5 10681.4  3408.1   1509.3  1447.0  1794.9
  -830  49.033   0.008  49.041   157999.9 282037.0  8074.2  4043.6   1485.3   654.5  1912.8
  -829  26.778   0.008  26.786   165427.4 248931.1  4333.6  3169.0   1428.8   464.5  1870.5
  -828  57.082   0.006  57.088   189660.2 249606.2  4620.1  3773.8   1494.8   517.6  1934.3
  -827  80.012   0.005  80.017   168924.4 245059.2  3858.3  3946.0   1571.9   513.0  1883.4
  -826  62.751   0.016  62.767   153414.0 250011.1  6583.7  3614.6   1476.5   559.8  1873.2
  -825   2.955   0.012   2.967   147087.2 286759.1  7214.9  3442.6   1440.4   675.0  1717.8

         Carbon flux (ktC/yr)        Water (dam3/yr)                Nitrogen (MgN/yr)
       ----------------------- -------------------------- --------------------------------
Spinup NEP     estab   NBP     transp     evap    interc  nuptake ndemand  nlosses ninflux
------ ------- ------- ------- ---------- ------- ------- ------- -------- ------- -------
  -824 -10.148   0.002 -10.146   123216.4 300277.5  9385.9  3459.8   1650.4  1445.4  1706.2
  -823  21.956   0.012  21.968   135845.8 286459.4  6173.1  4011.0   1269.9   555.4  1645.9
  -822  27.597   0.008  27.605   139868.3 260553.6  5891.8  2990.5   1448.9   774.5  1835.8
  -821  56.745   0.003  56.748   146651.5 268992.9  7037.1  4025.8   1634.3  1041.5  1880.6
  -820  78.738   0.011  78.749   153151.4 259627.3  6249.4  4235.8   1423.7   482.9  1848.7
  -819  32.731   0.014  32.745   161778.6 275069.0  5968.5  3263.2   1446.7   555.2  1723.1
  -818  26.169   0.003  26.172   153532.3 284148.5  6595.1  4251.7   1628.2   949.6  1797.1
  -817  57.923   0.011  57.934   143146.4 255311.3  6054.6  2942.7   1570.7   656.9  1873.3
  -816  33.771   0.011  33.782   141202.6 246812.8  5268.1  3562.1   1397.5   645.7  1782.1
  -815 -11.737   0.005 -11.732   146472.5 284012.8  7012.0  3877.6   1609.2   678.7  1957.3
  -814  51.701   0.006  51.707   145924.4 268690.6  4771.7  4246.5   1398.6   446.9  1802.7
  -813   2.345   0.009   2.354   153326.5 291421.4  6120.2  3965.6   1172.9   847.8  1636.8
  -812  -9.554   0.005  -9.549   129543.8 290503.7  9797.5  3237.2   1437.5   984.5  1727.6
  -811  70.028   0.003  70.031   184237.6 290753.7  6898.8  4309.5   1554.6   705.8  1860.7
  -810  39.777   0.008  39.784   162836.3 284702.9  7303.9  4171.4   1492.4   582.3  1801.3
  -809  55.248   0.005  55.253   150789.8 261522.0  5857.5  3737.0   1469.9   512.8  1810.6
  -808  -4.277   0.007  -4.270   151864.5 278000.5  7114.1  3359.0   1413.1   804.1  1793.1
  -807  67.973   0.006  67.979   162240.1 281790.9  5255.5  3888.9   1539.9   564.1  1683.3
  -806  -1.838   0.002  -1.836   181471.4 301324.6  8992.5  4292.7   1689.0   613.4  2077.8
  -805  50.090   0.003  50.093   168477.3 249295.8  4422.2  4087.8   1471.5   480.7  1889.9
  -804  26.608   0.008  26.616   139828.3 258237.6  8024.7  4205.2   1546.2  1021.1  1860.0
  -803  83.756   0.003  83.759   189843.1 278811.8  6364.8  4347.2   1677.6   617.8  1952.9
  -802   6.790   0.015   6.805   136233.9 235859.1  4210.5  3217.9   1323.7   657.3  1750.3
  -801  65.009  -0.001  65.008   152165.0 256466.4  4530.1  3789.5   1398.5   818.3  1810.4
  -800  58.694   0.008  58.702   170134.8 281409.4  5043.5  3590.0   1468.7   592.5  1819.6

         Carbon flux (ktC/yr)        Water (dam3/yr)                Nitrogen (MgN/yr)
       ----------------------- -------------------------- --------------------------------
Spinup NEP     estab   NBP     transp     evap    interc  nuptake ndemand  nlosses ninflux
------ ------- ------- ------- ---------- ------- ------- ------- -------- ------- -------
  -799  39.350   0.009  39.359   160201.6 252083.2  5636.9  3881.9   1432.2   784.3  1829.7
  -798 -39.078   0.012 -39.066   140618.4 241855.9  4652.5  2593.0   1477.2    12.1  1785.8
  -797  36.610  -0.003  36.608   158640.8 297698.4  4418.6  4818.8   1419.9    28.7  1736.9
  -796  80.061   0.002  80.063   174277.8 266585.8  5179.1  4915.0   1650.1    20.9  2046.4
  -795  63.716   0.004  63.719   166692.0 253675.2  6515.5  4714.8   1476.1    30.7  1861.4
  -794  98.582   0.003  98.585   162880.7 246211.4  6058.3  4446.4   1558.3    48.4  1919.5
  -793  85.062   0.005  85.066   157878.8 267433.9  8117.9  4105.6   1391.8    39.8  1725.4
  -792  56.929   0.009  56.938   176945.8 272443.0  9017.9  5506.1   1492.9    23.2  1984.6
  -791  53.142   0.008  53.150   166309.2 271400.2  8248.6  4742.7   1403.5    28.3  1781.2
  -790  87.974   0.002  87.976   181519.5 228424.9  5953.8  5533.2   1550.1    38.7  1927.9
  -789  62.916   0.010  62.926   190247.2 271023.2  7731.4  4919.1   1375.8    34.0  1742.9
  -788  15.725   0.022  15.747   148153.0 261543.5  7682.1  3669.8   1246.9    31.8  1532.6
  -787  40.079   0.010  40.089   160172.2 268863.1  6631.9  3473.2   1248.3    36.5  1634.6
  -786  26.460   0.009  26.469   161543.6 291262.0  5876.6  5072.3   1133.7    43.2  1467.5
  -785  20.670   0.004  20.674   164090.4 269821.1  7178.8  4302.0   1569.5    28.6  1917.4
  -784  30.862   0.008  30.870   185991.6 277485.9  6165.8  4396.8   1161.3    35.2  1617.6
  -783  51.643   0.010  51.652   191318.6 270082.9  5598.9  3900.9   1391.0    33.2  1734.3
  -782  97.997   0.003  98.000   207921.8 259414.2  5257.7  4960.0   1460.9    37.1  1704.9
  -781  30.914  -0.001  30.913   176053.5 265947.4  8428.1  5303.3   1594.2    23.3  1970.3
  -780  79.571   0.004  79.575   200616.4 257273.8  8009.7  5217.4   1438.0    35.1  1851.5
  -779  48.298   0.007  48.304   239269.9 263295.4  8533.0  4626.0   1461.2    34.0  1992.2
  -778  74.715   0.009  74.724   187231.2 273743.4  7342.4  5427.1   1200.1    46.5  1556.4
  -777  55.860   0.011  55.871   198518.1 219414.2  6420.6  4389.1   1442.1    40.7  1896.8
  -776  40.233   0.004  40.236   206118.3 255521.0  8858.1  5498.7   1791.4    35.6  2112.2
  -775  45.079   0.006  45.086   213878.7 249713.8 10171.4  4883.9   1729.5    36.3  2171.2

         Carbon flux (ktC/yr)        Water (dam3/yr)                Nitrogen (MgN/yr)
       ----------------------- -------------------------- --------------------------------
Spinup NEP     estab   NBP     transp     evap    interc  nuptake ndemand  nlosses ninflux
------ ------- ------- ------- ---------- ------- ------- ------- -------- ------- -------
  -774 101.363   0.010 101.373   237536.0 240810.3  7425.4  5166.7   1481.3    35.0  1888.1
  -773  27.182   0.011  27.193   176959.2 255176.5  9599.3  5358.1   1462.3    32.8  1672.9
  -772  72.564   0.010  72.574   192810.1 234275.9  6218.7  4548.4   1519.0    26.1  1918.8
  -771  38.052   0.008  38.060   212284.0 257953.7  7895.1  4444.3   1513.0    32.0  1923.7
  -770  86.801   0.011  86.811   177380.8 214481.9  6001.4  5268.4   1629.2    36.6  1825.4
  -769  31.655   0.010  31.665   193366.5 220871.7  7029.3  4507.9   1521.7    33.1  1927.6
  -768  15.047   0.012  15.059   170149.9 259666.0  9894.5  5513.7   1381.4    34.5  1627.6
  -767  79.852   0.008  79.860   208441.8 230878.7  5340.9  4629.7   1560.1    32.4  1939.7
  -766  69.741   0.012  69.753   212544.4 234809.1  8541.1  4897.0   1714.1    46.6  2156.7
  -765  56.983   0.009  56.992   170322.2 257255.0  9683.5  5770.9   1495.2    29.5  1601.7
  -764  15.622   0.012  15.634   245423.2 262731.4 15887.5  4960.0   1748.5    23.7  2248.6
  -763  93.135   0.015  93.150   225858.0 248587.5 10699.5  6615.1   1734.1    27.0  1923.8
  -762   2.519   0.019   2.539   204404.1 234378.7  9377.5  3690.9   1526.2    38.6  1964.0
  -761  88.387   0.016  88.403   234668.5 245705.9  6286.1  5772.5   1274.1    43.5  1742.3
  -760 -10.979   0.014 -10.966   217978.2 251407.2  9150.5  5364.1   1561.4    23.4  2093.8
  -759  62.018   0.016  62.035   194042.7 254582.2  9156.1  6116.9   1342.8    29.2  1600.3
  -758  97.647   0.018  97.665   270143.1 239230.4  7690.9  4691.0   1564.2    23.6  2059.9
  -757  50.716   0.016  50.732   215735.9 261417.6  7305.7  4922.4   1169.4    30.4  1650.4
  -756  68.296   0.014  68.311   220902.3 251098.2  6174.9  4101.6   1430.0    27.7  1778.3
  -755   8.638   0.015   8.654   189729.4 251082.3  6005.8  5463.3   1184.3    30.2  1656.1
  -754 -55.632   0.016 -55.616   175948.9 271292.8 10963.9  4212.8   1389.3    24.6  1763.6
  -753  38.640   0.013  38.653   219609.1 252114.9  8685.2  6151.7   1605.3    35.6  2050.8
  -752 134.993   0.012 135.005   251717.0 235875.4  6614.1  6606.3   1614.8    47.6  2155.0
  -751  94.029   0.011  94.040   247082.8 231307.2  6044.3  6185.2   1477.9    30.4  1969.5
  -750  65.946   0.009  65.955   248959.8 238361.4  9509.8  5507.9   1403.3    32.9  1926.4

         Carbon flux (ktC/yr)        Water (dam3/yr)                Nitrogen (MgN/yr)
       ----------------------- -------------------------- --------------------------------
Spinup NEP     estab   NBP     transp     evap    interc  nuptake ndemand  nlosses ninflux
------ ------- ------- ------- ---------- ------- ------- ------- -------- ------- -------
  -749 142.374   0.012 142.386   228135.6 220959.6  7404.6  5102.3   1528.1    28.3  1929.8
  -748  32.406   0.011  32.417   194558.3 252999.5 13912.7  4570.3   1299.8    47.9  1742.0
  -747 128.373   0.020 128.393   225035.4 226340.3  8470.9  6142.5   1424.9    57.3  1980.0
  -746  64.672   0.022  64.694   215151.5 226763.3  7808.7  4751.2   1488.8    28.8  1985.8
  -745 -30.437   0.018 -30.419   223808.6 243390.5  8451.5  4176.1   1419.4    14.7  1879.8
  -744  69.361   0.016  69.377   259087.3 223261.3  5628.0  4870.4   1460.9    25.3  1973.6
  -743  17.533   0.018  17.550   217358.7 232405.5  9310.5  4572.3   1564.8    35.4  1964.1
  -742  47.229   0.017  47.246   223412.6 227711.4  7819.3  5844.2   1342.5    81.4  1888.4
  -741  12.981   0.018  12.998   206113.4 248636.3  7051.6  6281.9   1176.3    26.0  1701.6
  -740  24.835   0.016  24.851   205496.3 258571.3  8679.8  5616.1   1306.9    41.2  1742.7
  -739 110.060   0.005 110.065   225816.6 229985.9  6667.0  6081.5   1595.3    77.9  1958.6
  -738  52.279   0.015  52.293   237984.1 217694.1  8799.0  5452.1   1420.3    71.0  1937.4
  -737  83.145   0.010  83.155   257921.3 233958.5  7316.8  5655.0   1368.8    28.1  1811.8
  -736  80.006   0.001  80.007   231642.1 223120.0  6938.1  5886.4   1491.1    68.7  1966.1
  -735  78.373   0.009  78.382   243223.4 239562.6  9456.0  6225.7   1399.7    40.8  1873.8
  -734  39.565   0.013  39.578   230061.6 223677.0  6554.5  6155.1   1445.2    28.6  1889.5
  -733 -19.018   0.006 -19.012   239150.8 229759.4  9998.8  5366.8   1552.5    41.0  2045.4
  -732  74.732   0.012  74.744   222869.1 202492.3  6419.1  7091.4   1347.6    58.2  1783.0
  -731 102.599   0.006 102.605   272022.2 224413.7  7564.8  6692.4   1725.4    49.3  2232.5
  -730  50.102   0.011  50.113   228042.5 253702.1  9523.1  6065.5   1163.7   167.2  1536.1
  -729  16.183   0.015  16.198   246411.5 243247.2 10989.5  5453.6   1590.5    37.0  2051.4
  -728  33.825   0.013  33.838   240974.7 206280.9  7290.3  5918.2   1537.2    48.1  1928.2
  -727  54.894   0.016  54.910   266626.8 243035.3  7798.5  5838.1   1530.7    50.3  1916.7
  -726  18.343   0.012  18.354   302279.2 247694.6 13566.0  6731.1   1737.1    57.6  2305.7
  -725  55.533   0.015  55.548   249581.0 201266.2  7948.1  5930.8   1491.7    54.0  1968.9

         Carbon flux (ktC/yr)        Water (dam3/yr)                Nitrogen (MgN/yr)
       ----------------------- -------------------------- --------------------------------
Spinup NEP     estab   NBP     transp     evap    interc  nuptake ndemand  nlosses ninflux
------ ------- ------- ------- ---------- ------- ------- ------- -------- ------- -------
  -724   8.490   0.012   8.502   269318.0 231537.6 10691.3  6141.5   1462.1    60.6  1985.0
  -723 102.543   0.012 102.555   267886.0 237175.0  8035.0  5365.6   1442.6    50.2  1867.0
  -722  87.693   0.010  87.703   263000.1 238424.7 10683.3  6756.6   1451.9    73.2  1874.7
  -721   3.564   0.011   3.575   229848.6 238856.7  7974.0  6352.6   1263.3    48.0  1758.1
  -720  26.294   0.016  26.309   298617.6 243565.9 10821.0  6845.8   1483.1    64.8  2071.2
  -719  99.238   0.017  99.255   257720.3 200186.5  8101.2  7042.4   1525.7    75.5  1945.9
  -718  33.040   0.018  33.058   264460.9 219811.9 12433.1  5896.7   1608.7    96.5  2110.8
  -717 109.353   0.016 109.369   283571.1 220673.6  7718.0  7808.0   1460.4    86.7  2029.4
  -716  89.705   0.018  89.723   258613.8 193690.7  8796.8  5704.4   1516.1    78.8  1955.8
  -715  23.941   0.016  23.957   225667.2 238106.7 12020.4  6666.9   1249.8    79.4  1673.7
  -714  89.653   0.013  89.666   297133.9 203152.2  7541.7  5332.7   1549.6    59.2  2076.7
  -713 107.248   0.010 107.258   239436.3 210517.7  7987.0  5561.3   1672.4    54.0  1920.0
  -712  49.992   0.011  50.003   260328.0 235075.2  8167.3  4659.2   1384.7    59.7  1854.6
  -711  15.213   0.005  15.218   253171.4 219937.5  7678.1  5503.1   1730.2    59.0  2173.6
  -710 -12.140   0.005 -12.135   247426.6 242997.2  9646.8  5708.7   1601.1    55.5  1849.4
  -709 -58.521   0.009 -58.512   278806.9 247527.9  9856.6  5347.5   1511.1    52.0  2030.2
  -708  21.899   0.009  21.908   264696.6 244305.4  9989.1  8043.8   1380.1    65.2  1859.4
  -707  90.920   0.009  90.929   318797.7 224166.6  9079.4  7224.6   1499.3    63.0  2121.3
  -706  94.320   0.008  94.328   287100.2 219141.1  7370.3  8197.4   1424.5    69.9  2017.7
  -705  20.598   0.011  20.609   236449.1 247742.8 17815.2  6416.1   1233.6   106.8  1723.1
  -704 135.882   0.015 135.896   290639.3 210347.6 11698.4  9107.7   1496.8    69.5  2150.5
  -703 132.519   0.016 132.535   273707.4 208042.7  8482.9  7721.2   1494.5    60.8  1942.1
  -702  80.477   0.015  80.492   287195.3 212816.9 10013.9  6489.9   1457.6    56.3  1892.5
  -701 102.102   0.012 102.114   275499.2 199685.8  7197.4  6335.6   1573.8    52.9  2009.1
  -700  37.084   0.015  37.099   273971.1 201755.5 11984.9  7335.4   1654.5    59.9  2197.7

         Carbon flux (ktC/yr)        Water (dam3/yr)                Nitrogen (MgN/yr)
       ----------------------- -------------------------- --------------------------------
Spinup NEP     estab   NBP     transp     evap    interc  nuptake ndemand  nlosses ninflux
------ ------- ------- ------- ---------- ------- ------- ------- -------- ------- -------
  -699 -45.413   0.012 -45.401   230033.7 246420.7 18308.0  5402.5   1356.2    96.8  1791.0
  -698  81.041   0.019  81.060   321764.3 232214.6 13085.7  7509.6   1434.3    86.6  2100.1
  -697  90.352   0.018  90.370   293300.3 215726.0  8042.6  7867.5   1590.5    83.3  2029.2
  -696  90.889   0.019  90.908   284730.0 227313.5  9428.1  5819.5   1446.1    64.0  1868.7
  -695  15.926   0.022  15.948   240333.4 245856.8 10753.7  6652.6   1095.2    81.4  1492.2
  -694  34.443   0.019  34.463   309910.1 215873.2  9470.7  5892.5   1591.5    50.6  2094.7
  -693 -32.465   0.014 -32.450   241479.7 228882.1 11138.0  7856.0   1537.3    63.4  1955.5
  -692 130.019   0.009 130.028   268552.9 211032.3  8587.2  8267.2   1420.8    95.3  1990.3
  -691  45.345   0.014  45.359   242284.9 231420.2 13405.2  7895.8   1047.4   119.8  1538.1
  -690  41.620   0.015  41.634   345445.3 235228.5 16515.2  8772.3   1704.7    89.0  2344.4
  -689  84.581   0.019  84.601   276289.7 228220.3 10727.6  9550.3   1264.2    67.7  1755.5
  -688 100.685   0.019 100.704   304753.6 212016.0 10509.1  7237.3   1430.1    60.0  1893.7
  -687  87.505   0.016  87.521   314783.9 226530.1 10044.2  7914.3   1522.1    58.9  1980.3
  -686  52.689   0.017  52.705   286744.0 206834.9 14520.4  6603.8   1724.4    77.6  2086.6
  -685  38.443   0.013  38.456   264024.9 225313.1 14193.8  8826.1   1461.2   111.9  1948.2
  -684  61.865   0.011  61.876   275501.5 230877.4 11094.6  9779.1   1206.5    90.0  1728.5
  -683  21.223   0.011  21.234   302190.1 233813.0 15396.7  8043.5   1600.8    69.1  2110.8
  -682  94.749   0.009  94.758   305417.6 224209.2 13693.2  9222.1   1530.2   129.6  1891.5
  -681  30.654   0.016  30.670   304721.1 231475.3 16632.1  7554.2   1631.2    95.8  2148.7
  -680  81.342   0.013  81.355   271963.8 239526.5 14803.6  8375.5   1399.1   132.3  1866.4
  -679  74.542   0.008  74.550   312166.8 202464.8 13575.6  9834.8   1608.5   111.3  2188.1
  -678  67.009   0.015  67.024   281902.9 232577.8 11758.5  8743.7   1311.3   124.1  1768.4
  -677  79.196   0.019  79.215   315966.9 208684.4  9757.6  8254.8   1599.2   103.4  2095.8
  -676  49.113   0.021  49.134   312312.2 212541.2 14829.5  6944.5   1694.3   101.2  2064.2
  -675 143.331   0.020 143.351   275032.7 205706.6 10704.0  6825.1   1591.4   102.3  1970.0

         Carbon flux (ktC/yr)        Water (dam3/yr)                Nitrogen (MgN/yr)
       ----------------------- -------------------------- --------------------------------
Spinup NEP     estab   NBP     transp     evap    interc  nuptake ndemand  nlosses ninflux
------ ------- ------- ------- ---------- ------- ------- ------- -------- ------- -------
  -674  27.499   0.020  27.519   291753.6 229920.4 15475.8  7099.4   1645.9    99.7  2140.8
  -673 -63.653   0.016 -63.637   301400.3 216610.9 13790.5  6979.4   1452.8   101.6  2023.8
  -672   0.769   0.013   0.782   291178.8 219644.9 14535.3  7798.6   1885.1    84.8  2176.2
  -671 101.325   0.010 101.334   285606.7 206252.8  9471.8  9257.2   1382.5    98.7  1912.5
  -670  41.571   0.002  41.573   307455.4 205595.9  9659.5  8325.0   1543.7    87.3  2100.2
  -669  62.957   0.004  62.961   287403.4 219668.1 13808.4  7610.6   1569.2    97.8  1943.4
  -668 -43.262   0.005 -43.257   259866.6 224944.4 14660.7  7738.6   1565.2   106.5  2031.9
  -667  44.882   0.010  44.891   302646.5 234794.2 14646.4  9012.0   1641.9   104.9  2090.0
  -666  15.054   0.006  15.060   370548.1 232260.4 19303.8 10222.5   1770.7   106.0  2381.5
  -665 170.639   0.014 170.653   303367.4 210036.6 13744.3  9248.0   1527.9   126.4  2070.1
  -664  42.955   0.017  42.972   262146.9 179438.1  9860.3  6474.7   1451.9   133.8  1869.5
  -663  22.460   0.009  22.470   300092.5 202422.3 12890.4  9035.1   1601.6    86.6  2170.1
  -662  58.487   0.008  58.495   370549.4 230081.0 18839.5  9320.8   1961.9   130.9  2381.0
  -661 160.132   0.012 160.144   301138.5 194294.7  8876.0  7335.9   1445.8    91.4  1968.0
  -660  84.550   0.013  84.563   251023.2 233923.0 16294.3  6836.5   1203.1   152.3  1710.0
  -659 103.301   0.019 103.321   300006.9 204780.7  9859.3 10797.2   1328.1   120.4  1846.2
  -658  43.363   0.019  43.382   317460.7 201972.3  9715.4  8721.0   1531.3    97.3  2101.2
  -657  99.134   0.022  99.157   277675.6 207211.7 12623.0  7401.4   1592.3   143.0  1965.9
  -656 -47.880   0.024 -47.856   248867.4 229684.6 12256.4  5169.9   1244.4   103.3  1609.3
  -655 -56.561   0.018 -56.543   260562.7 202719.3 10639.3  6340.0   1518.9   135.1  1969.1
  -654 -50.798   0.009 -50.789   245958.0 232838.4 12542.8  8098.0   1574.6    68.8  1995.3
  -653   6.645   0.009   6.653   338925.7 228337.9 13573.0  8297.9   1530.4   107.9  2160.0
  -652  50.820   0.002  50.822   346577.5 228258.0 14179.6  9113.7   1445.1   140.2  2168.6
  -651  22.068  -0.003  22.065   278157.9 223174.3 14920.1 10120.3   1442.2   129.3  1956.2
  -650 159.677   0.008 159.685   307520.4 196389.5  8816.7  8238.2   1394.8    97.9  1975.5

         Carbon flux (ktC/yr)        Water (dam3/yr)                Nitrogen (MgN/yr)
       ----------------------- -------------------------- --------------------------------
Spinup NEP     estab   NBP     transp     evap    interc  nuptake ndemand  nlosses ninflux
------ ------- ------- ------- ---------- ------- ------- ------- -------- ------- -------
  -649 121.626   0.014 121.640   323632.6 221517.7 16105.0  9087.4   1517.4   101.1  2007.2
  -648   3.868   0.014   3.883   279308.2 231645.6 12885.6  7246.8   1208.1    84.7  1660.3
  -647  91.072   0.010  91.082   308174.3 222798.6 10761.4  7466.0   1311.6   102.3  1852.1
  -646 -25.136   0.006 -25.130   357398.7 229519.4 17999.1  9690.2   1714.6   109.6  2354.3
  -645 122.920   0.005 122.924   325076.6 202708.5 11065.4  9591.5   1828.7    98.0  2280.2
  -644  25.336   0.015  25.351   279812.0 240627.7 13757.1  8583.6   1053.9   168.3  1500.6
  -643  29.694   0.019  29.714   298520.3 218662.3 14591.8  8914.9   1377.2    71.3  1918.4
  -642  35.936   0.018  35.955   307349.1 221636.5 14245.6  9295.5   1362.7    81.1  1956.6
  -641  83.475   0.018  83.493   301443.7 203606.0  9980.9  9837.9   1394.3    79.9  1910.0
  -640  28.220   0.017  28.237   298372.0 230621.4 13155.1  8856.1   1138.2    85.4  1640.8
  -639 147.156   0.015 147.171   296279.9 192842.4  8748.8  7303.2   1410.2    90.6  1892.7
  -638  73.583   0.018  73.601   276641.7 201416.3 10970.7  7034.6   1236.2   209.5  1665.2
  -637 -65.213   0.005 -65.208   276511.6 229460.5 14115.0  9316.4   1680.1    68.3  2123.9
  -636  10.902   0.005  10.907   320721.0 228687.5 15690.7  9811.3   1536.0   100.2  2110.8
  -635 116.706   0.008 116.714   312718.1 195292.9  8857.8  8507.3   1390.4   105.2  1992.6
  -634   3.619   0.015   3.633   288487.8 218788.5 16581.6 10148.3   1461.2   115.4  1993.6
  -633 131.129   0.009 131.138   342603.9 205933.2 10369.1 11098.0   1469.1   122.3  2056.2
  -632 149.832   0.010 149.842   330102.9 202570.9 11261.5  9632.7   1448.0   143.7  2035.2
  -631  61.131   0.011  61.142   277884.1 176196.2 10755.1  8431.3   1337.3   191.8  1791.6
  -630 -37.115   0.005 -37.110   378028.6 227172.7 21493.7 10359.8   1734.0   124.7  2354.3
  -629 163.317   0.006 163.322   338371.4 198411.2 12724.9 10042.0   1908.3   120.0  2267.6
  -628  -5.510   0.005  -5.505   292263.8 218701.4 17689.1  9197.2   1559.4   162.1  1981.3
  -627  -0.148   0.013  -0.135   276407.5 230037.2 17323.9  9899.1   1071.6   194.3  1440.8
  -626  88.900   0.019  88.919   300931.9 231747.1 13257.3 11625.9   1145.3   182.8  1657.4
  -625  71.817   0.020  71.836   342888.5 223299.7 16972.2  9757.6   1540.8    92.9  2026.3

         Carbon flux (ktC/yr)        Water (dam3/yr)                Nitrogen (MgN/yr)
       ----------------------- -------------------------- --------------------------------
Spinup NEP     estab   NBP     transp     evap    interc  nuptake ndemand  nlosses ninflux
------ ------- ------- ------- ---------- ------- ------- ------- -------- ------- -------
  -624  12.942   0.014  12.957   395868.9 225912.7 21460.7 10463.8   2011.6   141.0  2399.1
  -623 153.053   0.016 153.069   307353.2 199349.2 13265.2  9134.9   1469.9   184.5  1970.1
  -622  74.496   0.017  74.513   295607.4 241079.0 14953.3  9540.7   1003.8   145.5  1471.1
  -621   8.010   0.019   8.029   285047.7 224325.1 18004.0  8888.6   1640.0    81.4  2044.8
  -620 -57.609   0.021 -57.588   275317.5 237955.3 24079.6  7873.3   1417.1   177.6  1734.4
  -619 123.171   0.019 123.190   322612.1 217778.5 16196.6 11291.9   1212.8   172.4  1828.8
  -618  41.374   0.020  41.394   276762.5 236815.2 18105.5  9052.7   1180.3   139.9  1689.5
  -617 -34.464   0.012 -34.452   332938.2 212244.7 17408.8 11281.7   1575.5   134.7  2166.1
  -616  33.844   0.011  33.855   296969.6 238246.1 26045.7 10785.8   1226.2   261.2  1655.2
  -615 264.222   0.009 264.231   353609.0 196116.2 14237.6 11618.3   1611.9   171.3  2183.9
  -614  39.146   0.016  39.162   295000.5 238953.8 15866.8  8991.0    987.4   176.0  1393.1
  -613 -10.338   0.018 -10.320   286765.3 222828.0 18574.1  8988.5   1650.3    81.9  2057.9
  -612  42.286   0.018  42.304   298594.8 223932.9 18111.7 10083.5   1832.7    88.3  2066.0
  -611  20.662   0.019  20.681   297736.2 240910.7 15402.1  9892.0    946.4   136.1  1401.7
  -610 -80.124   0.020 -80.104   271684.4 237804.1 24246.1  8165.9   1160.5   166.8  1716.4
  -609 190.761   0.019 190.780   389254.3 198957.8 14703.0 11104.0   1389.5   130.8  2040.9
  -608 126.738   0.020 126.758   304812.0 192847.1  9974.1  7922.2   1519.2   151.6  1809.9
  -607   5.628   0.020   5.647   278933.4 176417.4 12512.1  7910.0   1425.8   102.3  1862.9
  -606  11.806   0.013  11.819   318698.4 219538.8 15663.6 10903.4   1387.0   127.3  1896.2
  -605 -114.043   0.009 -114.033   317281.3 211740.9 18889.7  9208.1   1696.5   109.5  2182.0
  -604  87.570   0.001  87.572   339678.4 197757.9 16334.9 12425.4   1612.5   148.6  1989.9
  -603  37.966  -0.001  37.965   338896.5 225504.3 20188.4 10512.7   1522.1   127.3  2081.6
  -602 157.291   0.008 157.299   326065.6 208633.3 16537.0 12193.3   1355.9   180.5  1758.4
  -601 107.789   0.013 107.803   294949.9 199133.0 13277.2  8101.3   1452.2   101.7  1851.0
  -600 171.753   0.013 171.766   390897.5 197726.6 15594.8  9729.4   1737.0   115.3  2077.1

         Carbon flux (ktC/yr)        Water (dam3/yr)                Nitrogen (MgN/yr)
       ----------------------- -------------------------- --------------------------------
Spinup NEP     estab   NBP     transp     evap    interc  nuptake ndemand  nlosses ninflux
------ ------- ------- ------- ---------- ------- ------- ------- -------- ------- -------
  -599  83.155   0.013  83.169   296196.8 201281.8 12909.0  8575.8   1484.7   124.8  1879.4
  -598  61.909   0.014  61.924   310721.2 199916.6 11738.9 10153.3   1400.3   101.4  1926.4
  -597 -108.578   0.013 -108.565   323426.3 228039.2 19114.3  9660.8   1557.9   115.2  2109.9
  -596 -54.431   0.009 -54.423   310234.3 218430.7 17467.4 12590.2   1553.1   153.8  1909.0
  -595  38.560   0.010  38.570   367804.6 206947.4 18719.4 11742.8   1262.9   161.4  1923.1
  -594 144.740   0.009 144.749   315198.8 221973.1 21615.8 11863.2   1471.0   135.5  1965.7
  -593 141.969   0.009 141.978   324323.9 178761.6 14401.3  8725.4   1364.4   153.4  1867.6
  -592 165.241   0.013 165.253   337024.4 205423.2 14825.3 10147.3   1125.6   300.2  1599.8
  -591 103.431   0.006 103.437   348261.8 198696.6 14736.7 11550.5   1681.9   152.5  2227.0
  -590  51.558   0.015  51.574   296467.2 200795.9 14567.6  7398.3   1414.6   277.3  1599.7
  -589 -30.686   0.019 -30.667   323290.8 187032.7 12455.1  8277.5   1463.5   109.7  1897.3
  -588  68.328   0.017  68.345   300805.5 193232.1 11764.4 10633.1   1508.4   101.7  1895.9
  -587 -142.147   0.017 -142.130   273067.7 171898.4 11003.6  8485.1   1399.3   144.7  1820.7
  -586  10.502   0.005  10.507   328523.4 199334.2 10545.1 10690.9   1562.9   143.8  2014.5
  -585  36.132   0.001  36.133   316714.5 197936.1 11500.6  9217.9   1498.2   165.6  2026.9
  -584 -114.006   0.009 -113.997   268845.6 225284.7 18077.8  9095.5   1165.8   186.1  1542.0
  -583 -15.669   0.011 -15.659   297187.4 231278.4 13143.2 12021.6   1118.9   223.2  1650.8
  -582  47.964   0.018  47.983   299926.5 200288.6 11937.6  9310.8   1419.1   161.8  1943.5
  -581 160.845   0.020 160.865   349741.6 186568.7 11180.9  9687.8   1539.8   169.4  1769.5
  -580  58.109   0.018  58.127   322281.8 213420.9 16961.1 11272.6   1192.6   132.5  1812.4
  -579 -21.561   0.015 -21.546   336273.1 197034.6 17364.0 11223.9   1545.9   149.4  2051.3
  -578 135.426   0.012 135.438   318093.2 193586.1 10561.6  8733.7   1547.5   152.1  1834.1
  -577  -5.007   0.007  -5.000   332629.0 222917.3 21171.8 10586.8   1538.2   142.8  2112.6
  -576 -37.075   0.000 -37.074   315875.0 200872.7 15648.1 10043.0   1356.8   273.8  1967.1
  -575 133.000   0.006 133.007   356418.3 204646.1 11715.9 12531.4   1370.8   200.3  1955.4

         Carbon flux (ktC/yr)        Water (dam3/yr)                Nitrogen (MgN/yr)
       ----------------------- -------------------------- --------------------------------
Spinup NEP     estab   NBP     transp     evap    interc  nuptake ndemand  nlosses ninflux
------ ------- ------- ------- ---------- ------- ------- ------- -------- ------- -------
  -574  68.347   0.016  68.362   301900.7 231139.3 16589.7  8959.5   1066.7   194.1  1346.9
  -573 -21.384   0.015 -21.369   338961.3 203755.0 18700.9  9587.0   1395.8   111.1  1966.9
  -572 -39.333   0.016 -39.318   322858.6 201077.3 19302.5  9168.4   1557.6   153.9  1955.4
  -571   6.028   0.015   6.043   287926.9 229047.5 18594.9 12064.1    938.1   430.1  1292.6
  -570 154.860   0.018 154.878   328679.8 197664.0 12806.1 13099.5   1245.6   154.2  1669.6
  -569 -87.826   0.013 -87.814   345710.6 206918.0 20843.1 11077.8   1620.4   133.8  2212.3
  -568 178.718   0.015 178.733   349340.7 198728.0 17179.0 13573.8   1304.0   297.9  1733.0
  -567 218.489   0.010 218.499   371726.9 187311.3 14597.5 10838.1   1209.4   199.3  1712.2
  -566 170.102   0.009 170.110   316300.2 173845.6 13319.4 11692.6   1255.0   201.6  1729.5
  -565 -19.572   0.007 -19.565   345750.7 227624.3 23466.4 10569.1   1544.9   146.8  2081.4
  -564  79.961   0.011  79.972   362789.0 203527.6 13388.6 11605.8   1484.6   163.9  2028.6
  -563  10.351   0.016  10.367   309616.9 196872.0 17250.9  8987.4   1520.5   254.8  1875.2
  -562 107.539   0.012 107.551   398208.8 195791.7 17340.8 10684.3   1543.7   132.9  2089.0
  -561  55.250   0.014  55.264   354242.9 223217.8 20196.8 10160.8   1605.7   244.8  1912.4
  -560   3.967   0.009   3.976   335415.5 196889.1 14609.0  9357.3   1913.9   140.0  2270.1
  -559  -7.364   0.008  -7.355   318455.6 192845.2 14182.2  8479.3   1910.6   150.4  2187.1
  -558 -102.712   0.008 -102.704   254703.7 231811.9 17934.6  7424.6   1254.9   163.1  1605.8
  -557   7.811   0.016   7.827   343045.6 187063.6 11772.4 11672.0   1311.1   162.8  1783.6
  -556 -21.510   0.016 -21.494   331907.1 195380.5 19410.7 11108.7   1609.3   134.5  1917.3
  -555 165.091   0.017 165.107   326655.5 194524.2 11447.7 11611.2   1093.4   239.3  1536.4
  -554 128.317   0.014 128.331   336078.5 192954.7 15939.0 11778.4   1549.3   160.4  2031.4
  -553 -19.782   0.013 -19.769   313757.9 210136.5 18822.0 10481.1   1403.7   254.7  1750.2
  -552 -23.979   0.009 -23.970   279177.2 235895.2 19922.4 10165.6   1156.7   165.6  1540.8
  -551  26.789   0.011  26.800   330873.6 233136.2 15934.5 12513.6    926.4   149.1  1386.9
  -550  80.249   0.013  80.262   324370.6 233179.3 14531.0 14613.1    989.2   169.2  1571.1

         Carbon flux (ktC/yr)        Water (dam3/yr)                Nitrogen (MgN/yr)
       ----------------------- -------------------------- --------------------------------
Spinup NEP     estab   NBP     transp     evap    interc  nuptake ndemand  nlosses ninflux
------ ------- ------- ------- ---------- ------- ------- ------- -------- ------- -------
  -549 -44.697   0.018 -44.678   322802.4 219057.0 19667.4 12639.2   1400.0   225.2  1864.7
  -548 -28.815   0.016 -28.799   314444.5 237277.5 29373.8 11845.7   1079.8   285.8  1515.7
  -547 203.306   0.016 203.322   386897.7 204966.6 21696.3 14208.8   1053.5   258.1  1524.6
  -546 262.021   0.016 262.037   416892.5 196049.5 20339.6 12093.4   1292.4   192.6  1796.1
  -545 -100.569   0.011 -100.558   298935.2 237533.7 30636.2  8819.1   1099.4   262.9  1562.5
  -544 191.899   0.020 191.919   362820.9 189065.3 13652.8 11453.7   1101.0   198.9  1634.6
  -543 -59.349   0.020 -59.329   301689.5 236300.6 28583.8 10692.0   1117.1   192.8  1547.6
  -542 199.682   0.021 199.703   337777.4 213429.0 18135.5 14005.8   1206.6   218.0  1687.3
  -541  45.284   0.021  45.305   327115.1 193163.5 15638.9  8690.3   1828.9   138.4  2116.5
  -540  -8.303   0.019  -8.284   298391.0 193966.0 12804.8  8941.3   1612.9   128.8  1806.7
  -539 -204.826   0.009 -204.818   293388.3 220413.0 20196.2  9772.3   1785.9   102.1  2180.0
  -538  51.021   0.007  51.028   360142.4 220688.1 19614.1 12404.5   1500.0   139.2  1987.8
  -537 -72.311   0.004 -72.307   307376.6 238891.3 17585.9 10941.4    931.1   221.8  1329.9
  -536   5.183   0.017   5.201   330616.7 213511.6 18532.2 12177.0   1199.0   242.4  1774.4
  -535  35.433   0.019  35.451   324991.0 178560.8 13468.3 10343.0   1374.9   142.9  1876.0
  -534 120.827   0.017 120.843   342922.0 178716.0 13561.8 12620.3   1417.7   150.2  1808.7
  -533  41.754   0.012  41.766   336214.4 220124.6 20950.2 15360.0   1188.1   231.3  1728.4
  -532 -30.231   0.006 -30.225   317902.2 237343.0 31416.7 11873.0    950.7   305.6  1485.8
  -531  77.043   0.009  77.051   316437.7 236297.1 31747.2 13072.5    800.0   383.4  1280.8
  -530 177.151   0.020 177.171   383038.6 206065.9 23086.1 13538.3    973.1   296.6  1415.5
  -529 230.693   0.020 230.713   358451.1 197810.7 17377.2 11628.3   1627.0   178.7  2022.8
  -528 -28.004   0.018 -27.986   343963.7 227185.9 22983.4  9937.4   1687.2   171.3  2010.4
  -527 -16.973   0.013 -16.959   319651.5 178373.8 14753.3  9548.3   1437.4   127.5  1853.8
  -526 -51.777   0.004 -51.773   359824.4 207478.8 21721.4 13590.9   1659.4   158.7  2104.5
  -525  96.624   0.000  96.624   339683.4 232998.1 17288.7 15928.7    890.3   237.9  1243.0

         Carbon flux (ktC/yr)        Water (dam3/yr)                Nitrogen (MgN/yr)
       ----------------------- -------------------------- --------------------------------
Spinup NEP     estab   NBP     transp     evap    interc  nuptake ndemand  nlosses ninflux
------ ------- ------- ------- ---------- ------- ------- ------- -------- ------- -------
  -524 126.533   0.021 126.554   343907.6 197766.9 15388.0 12594.3   1286.6   163.1  1666.3
  -523  10.535   0.019  10.555   319629.6 170247.4 13556.3 11687.9   1308.6   213.6  1770.5
  -522 129.750   0.016 129.766   353609.6 199713.2 13993.4 11751.3   1533.7   239.7  1826.9
  -521 -39.798   0.016 -39.782   306350.6 239909.5 19239.5  9632.9    931.8   250.6  1264.1
  -520 -70.435   0.025 -70.410   277232.2 199871.7 14499.2  6472.5   1161.5   264.4  1416.7
  -519 -52.475   0.018 -52.458   288402.9 196024.8 12657.3  9986.7   1381.7   242.5  1768.3
  -518 -22.573   0.020 -22.553   284720.0 235360.2 18055.8 10738.8   1188.1   199.9  1594.2
  -517 -42.936   0.014 -42.922   338560.8 216894.2 17592.0 13876.7   1111.2   264.4  1720.7
  -516  16.291   0.014  16.305   330548.0 232636.1 16828.9 11559.5    895.5   194.8  1323.5
  -515 -49.767   0.009 -49.758   349557.6 204021.8 20648.1 12330.1   1580.0   158.4  2054.0
  -514  -5.814   0.006  -5.809   303894.3 226813.1 21127.6 12668.6    783.2   460.8  1156.7
  -513 180.248   0.014 180.262   366677.6 186282.3 13809.0 12180.3   1070.7   259.0  1564.8
  -512 134.573   0.014 134.587   327990.9 218727.1 22720.4 14823.6   1380.6   191.3  1663.5
  -511  69.918   0.016  69.934   301312.8 236148.5 23278.4 11445.4    928.9   247.2  1213.4
  -510  80.361   0.015  80.375   343339.5 235549.2 18692.0 13084.1    748.5   243.2  1080.3
  -509 151.696   0.011 151.707   359090.8 219038.0 15662.1 11021.2    976.5   255.5  1619.9
  -508 -57.919   0.020 -57.899   323325.4 219514.5 20640.4 12859.3   1280.3   455.0  1757.7
  -507   8.289   0.017   8.306   318371.3 178454.9 11905.7 12634.0   1005.7   234.1  1508.7
  -506 152.756   0.012 152.768   339886.4 200768.6 14142.0 12496.9   1080.6   191.6  1541.1
  -505  77.016   0.006  77.023   436657.5 220577.7 27432.5 14892.0   1468.3   301.4  2083.4
  -504 138.231   0.004 138.235   340826.4 209278.6 18753.5 12385.6   1184.7   233.9  1609.2
  -503 -168.048   0.012 -168.036   292295.7 227210.6 21892.4  8929.2    991.6   359.3  1376.2
  -502   2.385   0.018   2.403   358474.6 196991.3 17959.2 13690.4   1430.0   186.1  1878.6
  -501 -24.506   0.014 -24.492   426308.1 220443.9 26878.0 13378.5   1710.6   222.8  2242.1
  -500  -7.804   0.017  -7.787   328885.5 239366.8 19435.0 11959.8    731.4   218.3  1056.0

         Carbon flux (ktC/yr)        Water (dam3/yr)                Nitrogen (MgN/yr)
       ----------------------- -------------------------- --------------------------------
Spinup NEP     estab   NBP     transp     evap    interc  nuptake ndemand  nlosses ninflux
------ ------- ------- ------- ---------- ------- ------- ------- -------- ------- -------
  -499  86.511   0.019  86.530   321669.6 173710.9 13329.9 13050.7   1115.5   270.2  1574.6
  -498 -27.521   0.019 -27.503   326676.2 198532.7 17952.8 11539.9   1126.1   283.4  1649.8
  -497 160.848   0.015 160.862   338655.1 193987.2 12272.6 11545.6   1026.3   248.1  1397.4
  -496  28.426   0.012  28.439   361499.2 223138.5 23346.5 13563.5   1310.8   175.7  1912.6
  -495  20.649   0.009  20.658   326025.1 202267.7 16853.0  9912.7   1035.0   294.6  1358.9
  -494 108.689   0.002 108.691   396293.4 191958.4 17725.4 13617.3   1326.7   206.6  1791.3
  -493 -49.955   0.006 -49.949   421661.7 217980.0 28386.2 14094.2   1608.3   213.8  2212.1
  -492 -49.847   0.009 -49.838   338405.0 215729.3 23272.1 13807.4   1332.9   324.0  1759.1
  -491 -110.130   0.011 -110.119   321957.4 238226.5 33944.1 11782.1    981.1   317.5  1469.8
  -490 121.303   0.018 121.321   338809.0 244715.1 19955.6 14963.1    498.8   763.6   770.9
  -489 143.248   0.019 143.267   359883.0 213340.9 21756.5 15244.7    901.8   403.7  1342.0
  -488  23.332   0.019  23.350   362036.9 199806.2 24395.7 11139.9   1396.0   217.8  1791.7
  -487 157.554   0.015 157.569   358655.0 201342.8 19516.8 14949.5   1021.4   444.6  1395.6
  -486  93.418   0.010  93.428   379922.8 230153.9 26509.2 14501.6   1271.5   247.2  1816.1
  -485 116.711   0.005 116.716   378618.9 221703.2 17808.8 11074.0   1128.0   169.7  1640.9
  -484 218.457   0.005 218.462   343429.9 211558.0 19306.6 13811.3   1264.7   293.9  1547.3
  -483 -132.382   0.015 -132.367   334229.7 201602.6 23005.5  8092.5   1380.6   167.0  1790.5
  -482 -157.258   0.015 -157.243   296035.5 229379.0 21336.6 10845.8    894.5   453.0  1332.7
  -481   5.991   0.017   6.008   323906.5 221194.0 20975.9 14523.7   1357.9   179.4  1747.0
  -480 122.722   0.020 122.741   332909.6 200127.3 15714.7 11884.4   1239.1   183.4  1623.1
  -479  12.476   0.017  12.493   374762.1 205732.7 22288.5 12365.8   1118.3   244.9  1567.1
  -478 122.104   0.016 122.120   327162.5 196880.3 13300.8 10188.9   1117.2   228.4  1481.9
  -477  99.369   0.008  99.377   351081.1 200825.3 14008.4 13138.3   1272.4   210.2  1774.7
  -476 -85.594   0.003 -85.591   329760.0 192383.2 19912.7 11226.2   1555.3   170.4  1724.4
  -475 -129.449   0.010 -129.440   305166.6 194523.7 17584.1  9532.8   1311.6   295.3  1795.1

         Carbon flux (ktC/yr)        Water (dam3/yr)                Nitrogen (MgN/yr)
       ----------------------- -------------------------- --------------------------------
Spinup NEP     estab   NBP     transp     evap    interc  nuptake ndemand  nlosses ninflux
------ ------- ------- ------- ---------- ------- ------- ------- -------- ------- -------
  -474 -36.875   0.009 -36.866   321191.8 221017.0 22005.1 14494.5   1402.8   170.7  1851.6
  -473 122.239   0.013 122.252   352138.5 196318.4 15023.9 14042.9   1263.1   184.6  1567.2
  -472 -28.894   0.007 -28.887   338072.8 220627.9 24753.7 14480.8   1475.1   164.1  1992.3
  -471 197.192   0.013 197.205   358217.7 197313.1 16578.5 14374.0   1170.5   217.2  1483.1
  -470   0.207   0.014   0.221   293844.8 175834.9 16684.6 10492.9   1041.9   208.6  1309.7
  -469  84.376   0.012  84.388   349148.4 237006.3 16507.3 14717.2    903.2   318.5  1175.9
  -468 107.463   0.021 107.484   360882.5 216255.0 18313.3 12534.6   1078.8   189.2  1507.0
  -467  61.563   0.018  61.581   338424.7 218616.1 25012.4 14289.2   1484.4   201.1  1777.4
  -466 133.257   0.017 133.274   358146.8 194718.1 18840.5 11934.4   1623.1   216.1  1962.8
  -465 -11.719   0.016 -11.703   300283.7 199300.5 16485.2  8646.6   1338.9   185.3  1515.5
  -464 -42.828   0.012 -42.816   288131.8 238358.0 21498.6 10853.9   1079.2   220.8  1343.2
  -463 -96.572   0.015 -96.557   315895.6 177142.3 12437.0 13150.4   1152.4   246.6  1603.2
  -462  38.112   0.015  38.126   387070.7 223246.0 21231.7 15129.6   1230.9   161.7  1715.2
  -461 -71.540   0.017 -71.523   330518.8 240074.3 19497.8 12028.6    839.1   303.1  1083.1
  -460 127.462   0.019 127.481   333940.8 207913.0 17929.4 13780.8   1186.6   290.2  1542.3
  -459 -152.901   0.020 -152.881   332360.7 199839.6 21204.9  8706.5   1368.7   165.8  1788.5
  -458 -30.278   0.018 -30.260   316683.7 235135.6 15564.5 13882.2   1027.8   277.0  1469.7
  -457 -97.339   0.019 -97.320   357036.5 226374.7 21396.7 12369.3   1492.2   186.1  2009.1
  -456  73.685   0.018  73.703   333205.0 196588.4 15775.9 12298.8   1203.5   282.7  1611.0
  -455  91.501   0.019  91.520   336174.8 235312.0 18972.0 12407.3    696.0   327.0  1011.1
  -454  42.509   0.019  42.528   369894.6 195782.0 20052.7 14564.5   1386.2   185.5  1866.1
  -453  43.944   0.020  43.964   356541.0 186385.2 14940.1  9588.7   1272.8   263.3  1480.0
  -452  72.732   0.014  72.746   346552.6 211201.3 20944.2 15042.8    941.7   379.0  1387.3
  -451 -25.606   0.013 -25.593   343269.1 187495.6 15441.2  8947.3   1148.5   259.3  1418.4
  -450  64.703   0.001  64.704   343694.0 210840.1 20467.7 15388.3   1040.2   376.2  1379.3

         Carbon flux (ktC/yr)        Water (dam3/yr)                Nitrogen (MgN/yr)
       ----------------------- -------------------------- --------------------------------
Spinup NEP     estab   NBP     transp     evap    interc  nuptake ndemand  nlosses ninflux
------ ------- ------- ------- ---------- ------- ------- ------- -------- ------- -------
  -449  68.582   0.008  68.589   361700.6 202399.9 15050.4 12852.7   1352.5   239.7  1827.3
  -448 -40.774   0.013 -40.761   352950.1 223628.8 24504.9 12004.3   1591.0   182.8  1959.4
  -447 -80.931   0.011 -80.920   354528.7 189985.6 21315.4 13201.2   1450.6   189.5  1830.3
  -446 105.505   0.009 105.514   354507.8 190944.1 17376.6 12168.3   1781.5   225.7  2031.9
  -445  10.123   0.014  10.137   303900.3 196480.3 16391.1  9553.5   1315.1   212.4  1498.0
  -444 -21.274   0.012 -21.262   332277.5 186568.4 14299.9  9166.1   1224.1   264.9  1434.4
  -443   6.982   0.005   6.987   332793.0 211327.1 19572.8 13054.9   1095.3   401.4  1511.4
  -442 -49.032   0.021 -49.011   294109.8 235778.4 22148.8 12180.9    977.7   236.9  1229.6
  -441 -41.192   0.016 -41.176   376369.5 227761.8 21955.2 16027.2   1279.6   223.5  1872.4
  -440  82.438   0.017  82.455   361304.0 203167.9 17362.1 12787.5   1056.8   323.4  1308.3
  -439 -128.982   0.008 -128.974   338888.3 240222.1 33175.5 14568.8    941.8   390.7  1411.7
  -438 268.685   0.001 268.686   402633.5 196203.0 22741.6 19611.5    983.4   389.8  1428.6
  -437 132.149   0.008 132.158   343253.7 242702.6 19904.2 15707.1    717.1   257.7   955.4
  -436  72.172   0.016  72.188   449637.2 221653.1 32868.2 16007.9   1492.0   253.9  2054.6
  -435  92.046   0.019  92.066   384403.6 229809.9 28457.7 14084.6   1394.1   272.3  1784.5
  -434  54.855   0.018  54.873   319737.9 194904.3 15649.4  7911.3    892.6   284.4  1021.4
  -433  11.595   0.013  11.608   321980.3 241817.9 20777.9 12882.5    644.0   380.2   973.6
  -432 -80.622   0.022 -80.600   270122.5 174901.6 15018.9  8910.6   1061.6   259.3  1232.6
  -431   7.652   0.018   7.670   335236.5 234449.2 17821.4 13833.0    792.9   250.3  1026.8
  -430  15.080   0.016  15.096   372626.3 194705.7 19781.4 15674.2   1335.1   176.5  1824.8
  -429  74.580   0.015  74.595   327583.5 192584.1 13405.2  9866.1   1188.3   224.9  1389.9
  -428 119.067   0.007 119.073   342101.6 199376.2 14867.0 13907.3   1190.5   237.8  1610.4
  -427 -100.598   0.007 -100.591   331885.1 213361.0 23756.2  9543.5   1311.1   208.2  1473.5
  -426  89.204   0.007  89.211   341389.3 210171.3 17368.7 14758.9   1188.1   299.2  1585.8
  -425 -239.121   0.012 -239.109   348839.3 200954.9 22483.2 10515.2   1678.6   164.0  2127.4

         Carbon flux (ktC/yr)        Water (dam3/yr)                Nitrogen (MgN/yr)
       ----------------------- -------------------------- --------------------------------
Spinup NEP     estab   NBP     transp     evap    interc  nuptake ndemand  nlosses ninflux
------ ------- ------- ------- ---------- ------- ------- ------- -------- ------- -------
  -424  66.113   0.011  66.125   338207.3 177535.1 14689.7 13576.4   1161.6   211.1  1619.1
  -423 145.121   0.012 145.132   368040.7 199449.4 14810.5 16814.7    930.2   210.1  1406.4
  -422  14.215   0.011  14.227   361497.1 188138.3 21175.6 15810.0    969.6   246.7  1413.1
  -421 192.233   0.010 192.243   365703.6 192012.0 18001.7 13259.3   1347.6   275.7  1649.4
  -420  76.790   0.009  76.799   358251.9 189979.5 20289.7 10435.2   1139.7   266.5  1399.2
  -419  34.970   0.021  34.991   351089.1 224140.4 22638.6 13144.6   1131.3   453.7  1483.8
  -418 -231.830   0.018 -231.813   354402.7 201334.2 23047.9 11767.3   1593.5   186.4  2051.9
  -417 -155.898   0.014 -155.884   332618.5 238482.7 31913.0 14010.1    792.7   437.0  1270.9
  -416 162.390   0.012 162.402   387761.8 197961.9 24488.3 16873.9    856.6   367.2  1344.8
  -415 247.158   0.008 247.166   479672.4 223286.0 33283.9 20942.8    940.7   533.4  1473.1
  -414 133.189   0.013 133.202   375658.3 215412.4 26479.9 15173.9    624.3   433.5   948.0
  -413  61.476   0.010  61.486   368421.1 226741.8 26030.9 17035.6    868.1   619.0  1191.3
  -412  75.818   0.011  75.828   336486.5 244007.3 26051.0 13637.5    495.7   332.7   664.7
  -411 123.562   0.017 123.579   352558.9 183346.0 13466.3 16996.2    463.5   686.2   725.5
  -410 135.770   0.014 135.785   349971.9 199846.6 13155.8 10344.8    560.1   390.9   769.4
  -409  97.378   0.011  97.389   359105.7 193873.6 20797.9 16064.5    798.3   281.4  1178.3
  -408  32.284   0.004  32.288   437295.2 220385.9 29047.9 14497.4   1226.1   311.5  1769.5
  -407 -17.646   0.000 -17.646   346761.0 213179.1 22546.1 11812.4    842.2   400.4  1176.2
  -406 -68.772   0.020 -68.752   337761.8 189707.4 14870.4  8670.9    851.3   296.5   997.3
  -405 130.647   0.015 130.662   349633.6 203187.2 13301.1 15185.8   1005.0   355.1  1455.2
  -404 -20.679   0.016 -20.663   316509.3 200716.6 14613.2 10886.0   1190.3   256.0  1496.5
  -403 -223.927   0.017 -223.910   251301.4 175259.8 14606.2  6990.2   1114.8   215.4  1278.4
  -402 -26.951   0.004 -26.946   374965.8 223175.4 19133.9 15880.8   1210.6   329.0  1621.1
  -401 -144.942   0.006 -144.935   349266.1 212006.6 19838.2 12518.2   1173.1   296.0  1737.7
  -400 -58.594   0.012 -58.582   336299.6 231640.0 16159.5 15478.1    878.0   305.9  1314.3

         Carbon flux (ktC/yr)        Water (dam3/yr)                Nitrogen (MgN/yr)
       ----------------------- -------------------------- --------------------------------
Spinup NEP     estab   NBP     transp     evap    interc  nuptake ndemand  nlosses ninflux
------ ------- ------- ------- ---------- ------- ------- ------- -------- ------- -------
  -399  68.884   0.019  68.903   388880.4 220157.1 22407.8 15666.0   1167.3   367.7  1647.9
  -398 107.246   0.020 107.266   344229.7 205998.9 19606.2 13196.2   1213.7   309.8  1562.2
  -397 -95.863   0.019 -95.844   313500.4 239355.0 20249.8 10130.4    906.6   315.4  1191.5
  -396  23.334   0.021  23.354   304970.3 193595.4 13897.1 11619.3   1293.4   207.8  1541.8
  -395 -234.162   0.023 -234.139   273390.4 225152.5 17881.9  8150.1    956.0   202.3  1160.3
  -394  82.233   0.015  82.248   325995.7 205252.3 15642.2 14627.8   1246.4   242.3  1660.0
  -393 -202.417   0.016 -202.401   293477.4 190877.2 16859.2  9489.1   1167.8   317.2  1591.1
  -392 -47.033   0.001 -47.032   378168.0 203331.9 19118.8 15600.4   1025.4   265.9  1473.4
  -391  58.093  -0.001  58.092   397927.2 203973.8 22213.0 15726.6    891.7   319.5  1327.1
  -390 160.056   0.010 160.065   382212.8 213060.8 22969.8 17449.7    705.3   458.4  1072.3
  -389 -74.244   0.014 -74.230   339119.8 238514.1 35068.2 13714.9    696.3   451.7  1126.0
  -388 313.552   0.018 313.569   415023.2 198015.6 23266.8 21058.6    747.7   512.1  1188.2
  -387 115.120   0.019 115.139   368359.6 190022.6 18336.2  9432.2    677.3   363.0   894.5
  -386 302.697   0.012 302.709   359007.2 194529.7 18781.0 15945.0   1067.2   286.6  1240.6
  -385 121.987   0.008 121.995   318186.6 192129.9 19160.0 11247.7   1206.7   281.3  1167.0
  -384 -197.133   0.008 -197.124   323748.4 199007.5 22852.9  9569.3   1241.8   238.8  1439.7
  -383 -65.748   0.010 -65.737   389303.7 218413.6 22445.9 12741.3   1273.1   201.5  1709.4
  -382  95.019   0.012  95.031   393574.3 225464.0 22438.9 16175.5   1054.5   451.4  1525.8
  -381 108.070   0.014 108.084   385541.6 201652.8 15136.2 14727.0   1227.3   222.2  1666.8
  -380 -18.805   0.015 -18.791   343103.7 210714.8 23193.1 13549.4    867.5   364.3  1256.6
  -379  58.249   0.014  58.263   335366.0 200433.1 17030.6 12478.9   1046.1   223.2  1378.9
  -378 -157.596   0.011 -157.585   328647.8 237781.6 32779.8 13480.2    830.3   438.6  1271.8
  -377 314.055   0.019 314.074   445364.0 196570.6 20975.5 17943.6    859.0   383.6  1259.8
  -376 -66.386   0.019 -66.367   390178.8 202970.5 27462.3 14822.5   1241.0   271.5  1704.8
  -375  55.785   0.014  55.799   374634.2 225496.9 26413.4 18819.1    750.5   702.9  1023.3

         Carbon flux (ktC/yr)        Water (dam3/yr)                Nitrogen (MgN/yr)
       ----------------------- -------------------------- --------------------------------
Spinup NEP     estab   NBP     transp     evap    interc  nuptake ndemand  nlosses ninflux
------ ------- ------- ------- ---------- ------- ------- ------- -------- ------- -------
  -374 188.330   0.007 188.338   365080.3 199730.7 15673.8 12520.7    644.6   322.6   813.7
  -373  80.322   0.006  80.328   324069.4 201799.5 18748.9 11909.8    725.0   242.1   872.8
  -372  52.849   0.012  52.862   335724.6 248278.8 18177.7 17356.0    583.0   349.3   798.4
  -371 -90.072   0.019 -90.054   386683.0 203534.5 25444.0 15815.1   1235.8   260.2  1715.9
  -370  22.461   0.018  22.479   375178.5 223509.2 26448.6 18306.1    792.4   602.1  1070.7
  -369 111.566   0.017 111.583   370644.7 209566.2 19686.0 12117.1    550.2   509.6   775.9
  -368   5.186   0.017   5.203   364769.3 204441.9 20403.8 15933.1    697.4   592.2  1016.5
  -367  97.822   0.014  97.836   389981.9 190877.0 16882.8 12678.6    673.8   478.1   891.6
  -366 -26.552   0.014 -26.539   367183.0 197059.4 26171.5 13350.4   1077.7   307.3  1544.4
  -365 141.686   0.005 141.691   478699.7 224569.8 33196.8 21014.4    980.6   546.2  1510.7
  -364 -23.523   0.010 -23.513   331575.6 237372.1 21927.4 15084.3    529.1   297.9   685.3
  -363 109.342   0.020 109.362   396271.7 194520.5 21625.3 13556.8    981.6   289.9  1277.3
  -362   6.382   0.019   6.401   369911.1 193458.6 23244.3 15437.3   1096.0   334.7  1398.1
  -361 -106.790   0.018 -106.772   333253.9 246626.3 21376.2 11220.6    669.5   624.4   954.2
  -360  61.750   0.020  61.770   355185.6 225327.4 23182.1 14085.9    976.2   458.5  1271.2
  -359 -220.437   0.018 -220.418   364050.7 200081.5 24678.4 12827.3   1528.1   225.4  1955.9
  -358  29.972   0.015  29.987   374330.7 212910.8 23075.0 16308.8    814.4   458.9  1151.4
  -357  20.439   0.007  20.445   362365.0 223949.7 26265.2 16770.6   1124.3   251.3  1477.3
  -356  28.822   0.004  28.827   389885.7 199033.9 27671.7 13384.5   1105.8   329.7  1524.9
  -355 141.757   0.007 141.765   378214.7 204394.5 21800.7 17335.0    577.1   663.9   806.9
  -354  90.263   0.013  90.276   413415.3 207540.0 26506.1 15782.7    689.1   526.4   965.0
  -353  99.926   0.014  99.940   370109.3 202737.2 22123.9 14778.5    818.7   643.4  1174.1
  -352 -114.832   0.013 -114.820   338711.9 240494.5 35437.1 13870.8    653.7   566.5  1039.8
  -351 -46.815   0.020 -46.795   342666.4 240150.7 35792.3 15412.8    526.4   754.7   877.1
  -350 246.407   0.019 246.426   353383.7 201396.0 15513.6 13373.7    529.0   521.3   662.4

         Carbon flux (ktC/yr)        Water (dam3/yr)                Nitrogen (MgN/yr)
       ----------------------- -------------------------- --------------------------------
Spinup NEP     estab   NBP     transp     evap    interc  nuptake ndemand  nlosses ninflux
------ ------- ------- ------- ---------- ------- ------- ------- -------- ------- -------
  -349 -47.963   0.016 -47.947   355538.8 198794.9 26793.8 12082.8   1075.7   275.7  1549.9
  -348  79.683   0.009  79.692   386332.4 218446.6 23678.7 18319.9    618.3   613.6   911.5
  -347 106.251   0.016 106.267   385305.0 222290.1 19055.2 13124.0    696.2   292.9  1044.7
  -346  12.797   0.011  12.808   380933.2 196215.9 22639.8 16172.4   1126.0   222.4  1598.5
  -345 -98.888   0.016 -98.872   337041.0 198480.9 20763.0 11193.3    984.6   389.1  1433.0
  -344  50.639   0.012  50.651   346975.6 208273.6 16299.7 11888.0    676.3   425.0  1003.4
  -343 -37.194   0.017 -37.178   336350.2 177785.5 15185.8 14102.1   1018.9   235.6  1423.9
  -342 -38.764   0.016 -38.747   413701.7 204999.4 23319.7 16609.1    902.2   244.3  1310.5
  -341  53.971   0.016  53.987   385683.8 214900.7 24209.3 16556.2    700.6   375.7  1153.0
  -340  28.322   0.015  28.337   363873.9 225126.4 26923.4 16979.0   1026.9   264.0  1307.8
  -339   6.902   0.012   6.914   387897.4 199823.1 28172.1 12771.5   1096.2   311.0  1535.0
  -338 244.806   0.012 244.818   383663.4 205850.3 17931.5 17985.5    658.1   444.0  1079.2
  -337 -153.269   0.013 -153.255   322767.9 190517.7 17869.7  6832.9    572.2   394.9   620.3
  -336 -53.252   0.007 -53.245   372895.5 217979.0 23422.4 13935.1    913.7   246.7  1358.0
  -335  96.689   0.011  96.700   353517.5 176386.5 14484.9 17859.7    710.6   590.5  1156.5
  -334 -13.780   0.012 -13.768   373041.8 213522.6 23535.5 15870.0    754.1   448.0  1115.4
  -333 -31.261   0.012 -31.249   399826.2 204142.6 24907.8 14717.5    884.6   307.0  1208.7
  -332  86.833   0.013  86.846   349744.8 182133.7 17253.7 13039.7    929.6   342.2  1323.3
  -331  52.106   0.013  52.119   475036.8 223187.3 32697.9 18651.0   1213.0   364.3  1772.6
  -330 -23.820   0.014 -23.805   393991.7 201860.9 27353.8 13773.7    819.8   339.0  1074.9
  -329 194.999   0.013 195.012   369673.3 204879.3 17805.5 14114.4    843.3   406.9  1225.3
  -328  44.624   0.018  44.641   376373.2 225018.1 26650.9 15010.0    908.7   509.8  1195.8
  -327 -16.538   0.013 -16.526   349083.0 195528.7 18900.4 11414.5   1522.7   265.4  1710.2
  -326 -207.218   0.018 -207.200   272869.2 235153.1 23454.7  9236.8    807.7   347.1   859.8
  -325 -167.294   0.015 -167.279   316827.8 232617.5 17773.1 12386.7    748.0   319.7  1015.2

         Carbon flux (ktC/yr)        Water (dam3/yr)                Nitrogen (MgN/yr)
       ----------------------- -------------------------- --------------------------------
Spinup NEP     estab   NBP     transp     evap    interc  nuptake ndemand  nlosses ninflux
------ ------- ------- ------- ---------- ------- ------- ------- -------- ------- -------
  -324 -79.898   0.008 -79.889   393910.8 213725.8 21378.7 14058.2   1173.9   238.5  1702.4
  -323  12.029   0.010  12.040   350219.0 177920.6 15228.3 14494.4   1019.5   270.6  1498.3
  -322  19.169   0.011  19.180   372354.9 200431.6 19376.6 16802.6    796.1   401.0  1240.0
  -321  70.707   0.008  70.715   372540.9 199243.6 20229.5 16629.0    725.8   543.2   996.1
  -320 217.958   0.009 217.967   379248.4 201243.9 16983.1 17445.3    740.7   408.3  1139.9
  -319 -74.354   0.014 -74.340   342304.5 202139.2 21311.9 12889.5    736.0   558.0   947.1
  -318 114.203   0.012 114.215   361014.0 178759.8 15291.8 16307.8    734.3   990.8  1079.6
  -317 -70.568   0.014 -70.554   402022.4 204221.7 27408.0 16628.5   1111.6   310.4  1524.2
  -316 157.123   0.014 157.137   365283.7 180762.4 18412.0 15296.7    722.3   388.8   959.4
  -315 227.964   0.011 227.975   424089.4 233583.3 27617.4 17582.9    709.7   553.0   999.1
  -314 115.660   0.010 115.670   420938.2 196667.2 23472.2 13066.9   1075.7   243.4  1459.5
  -313 -256.453   0.013 -256.439   336248.8 241615.0 35993.0 12365.2    824.9   513.5  1212.5
  -312 -121.626   0.020 -121.606   339724.6 240475.3 34833.9 15233.3    572.9   640.8   984.3
  -311 191.083   0.016 191.099   478548.5 221351.4 34229.4 21201.5    956.5   580.3  1329.5
  -310   6.371   0.011   6.382   365378.0 224833.2 30343.3 15148.4   1030.1   315.7  1302.1
  -309  52.665   0.010  52.674   336462.9 181512.0 18789.4 12177.5    835.8   260.3  1085.8
  -308 -88.503   0.008 -88.495   355017.4 254258.5 21695.8 14415.9    443.3   581.9   679.3
  -307 -45.995   0.021 -45.974   356144.0 190100.1 15903.4 10327.5    670.9   386.3   865.2
  -306 -94.854   0.018 -94.836   357976.4 195914.0 24000.5 13710.9   1114.0   301.4  1585.0
  -305  84.352   0.015  84.367   385612.7 192158.8 15908.5 14321.9    639.5   574.8   896.5
  -304 -61.550   0.011 -61.539   337049.0 197870.2 20173.5 13913.4    782.5   550.1  1182.9
  -303  18.321   0.001  18.322   372275.8 189792.9 15505.7 12681.6    753.8   453.2  1049.0
  -302  89.148   0.011  89.159   401890.2 192718.4 20312.6 14522.1   1008.7   274.8  1469.8
  -301 -143.185   0.014 -143.170   326814.2 197577.8 19588.7 12469.1    899.4   567.6  1340.2
  -300 154.740   0.011 154.751   365709.8 213114.9 19152.8 18225.4    853.7   419.1  1203.0

         Carbon flux (ktC/yr)        Water (dam3/yr)                Nitrogen (MgN/yr)
       ----------------------- -------------------------- --------------------------------
Spinup NEP     estab   NBP     transp     evap    interc  nuptake ndemand  nlosses ninflux
------ ------- ------- ------- ---------- ------- ------- ------- -------- ------- -------
  -299 127.991   0.013 128.004   360824.4 202468.7 15909.4 14629.8    949.2   265.8  1234.3
  -298 -161.878   0.017 -161.861   288849.9 216971.4 17822.7  5435.7    750.9   222.4   921.5
  -297  46.148   0.007  46.156   327934.6 202192.5 12871.8 15170.9    848.6   360.4  1147.2
  -296 -300.694   0.020 -300.674   251134.3 231321.5 18382.7  6168.3    475.3   404.7   689.9
  -295 -104.088   0.018 -104.070   298225.3 232814.7 13473.5 17370.1    627.4   305.1   964.9
  -294 -178.712   0.017 -178.695   360250.3 222115.1 20902.4 14361.9   1269.9   277.4  1846.8
  -293 -118.630   0.017 -118.613   308901.3 232002.7 21983.3 13718.8    666.2   369.6   893.5
  -292 -25.262   0.009 -25.252   347508.7 229816.8 17550.1 19888.1    419.0   445.5   625.3
  -291 -30.869   0.008 -30.861   344293.0 198845.0 19469.2 14890.8    533.0   854.3   748.8
  -290 115.429   0.013 115.442   371110.8 198361.9 20026.0 17303.8    561.8   888.1   755.4
  -289 174.686   0.011 174.697   377290.5 222648.3 27286.9 19697.3    712.8   403.6   903.0
  -288 319.257   0.011 319.268   378515.5 201248.0 19285.4 17040.0    556.7   449.7   862.7
  -287  22.378   0.010  22.388   330489.1 197738.2 20426.0 10753.8    624.3   424.4   763.8
  -286  98.873   0.011  98.884   376838.8 216725.4 24422.3 16075.1    640.7   542.2   919.9
  -285 -26.893   0.017 -26.876   381334.6 201151.2 26887.6 13627.8   1069.2   308.0  1438.2
  -284 -121.598   0.017 -121.580   334975.0 235394.0 26383.7 14573.0    373.6  1144.8   693.6
  -283 220.264   0.021 220.285   397708.8 234403.3 22973.4 17414.2    530.4   656.7   789.7
  -282 -67.252   0.022 -67.230   325581.3 207531.1 17444.6  8391.1    640.2   372.0   889.7
  -281 -77.990   0.015 -77.975   329461.2 232544.0 16947.5 17952.3    516.2   436.9   773.7
  -280 -135.283   0.014 -135.269   342784.8 240696.5 20492.0 13767.6    536.8   652.3   740.5
  -279 -94.290   0.011 -94.278   302814.6 234057.7 17417.5 15526.1    533.4   428.8   693.2
  -278 -94.713   0.007 -94.705   362983.0 198526.5 21820.2 14106.7    847.4   324.5  1134.2
  -277 -164.490   0.011 -164.479   326895.0 228284.8 24184.5 13112.3    539.7   887.0   992.0
  -276 217.059   0.017 217.077   359337.3 202197.4 16186.4 16878.4    658.1   407.4   942.3
  -275 126.246   0.017 126.263   386094.5 214818.7 24251.8 17512.8    596.7   531.3   892.8

         Carbon flux (ktC/yr)        Water (dam3/yr)                Nitrogen (MgN/yr)
       ----------------------- -------------------------- --------------------------------
Spinup NEP     estab   NBP     transp     evap    interc  nuptake ndemand  nlosses ninflux
------ ------- ------- ------- ---------- ------- ------- ------- -------- ------- -------
  -274   7.209   0.019   7.228   406138.3 205356.8 27518.1 17400.2    986.8   299.3  1383.8
  -273 111.608   0.018 111.626   422121.0 205695.6 27990.5 16028.3    572.6   449.3   838.5
  -272 108.986   0.015 109.001   375791.9 203107.2 22626.3 14990.0    714.8   592.3  1034.6
  -271  40.194   0.010  40.203   352658.2 242872.3 22321.1 12567.1    356.3   735.3   592.9
  -270  19.169   0.020  19.188   398383.8 206049.8 23908.8 14788.7    829.1   271.7  1295.2
  -269 -17.260   0.018 -17.242   367304.7 226583.2 24897.6 17666.2    809.7   598.8  1154.1
  -268  94.003   0.016  94.019   365975.3 208805.6 18156.2 12277.7    504.4   444.7   735.7
  -267 187.346   0.013 187.359   392895.7 198407.9 18168.4 17879.3   1014.5   326.2  1337.9
  -266 -88.285   0.020 -88.266   292731.7 176802.5 17496.8  9803.0    745.0   334.0   872.2
  -265 -189.047   0.013 -189.034   341282.6 242031.0 32518.0 15746.0    637.9   455.2  1053.3
  -264 163.660   0.018 163.679   439161.3 220546.5 25826.8 18119.1    573.2   424.0   847.8
  -263 167.365   0.017 167.382   365829.1 204330.2 18902.8 15250.1    659.9   349.5   923.5
  -262 104.035   0.017 104.051   344612.2 184190.6 17905.5 13591.6    682.9   440.2   938.9
  -261 192.702   0.008 192.710   381782.0 218150.3 21334.0 18186.1    837.8   416.9  1182.2
  -260  46.202   0.006  46.207   343082.1 175654.0 15938.2 13633.3    841.2   580.2  1186.0
  -259 -112.591   0.007 -112.584   353629.8 223667.8 26261.3 14853.5   1263.1   245.8  1539.5
  -258 -49.824   0.013 -49.811   394809.1 229003.9 27940.8 15336.5   1186.3   296.7  1682.6
  -257 -91.919   0.014 -91.905   339427.2 235595.0 20406.8 15869.1    629.2   384.9   764.6
  -256 -134.872   0.018 -134.854   394767.6 202499.8 25924.3 16371.4   1207.2   327.7  1599.6
  -255  86.336   0.018  86.354   392414.5 214049.4 26079.3 17225.5    540.5   687.2   758.9
  -254  47.789   0.018  47.807   350288.1 209772.3 19627.3 10859.5    474.7   560.7   629.5
  -253 -27.491   0.014 -27.477   386338.7 201171.6 24761.1 16366.3    929.1   367.0  1302.6
  -252 -163.512   0.017 -163.495   337011.4 234381.2 26554.0 14042.1    376.0  1225.5   753.6
  -251  59.931   0.017  59.948   395322.7 200583.2 25772.6 16487.8    825.6   462.6  1297.1
  -250 140.108   0.020 140.129   366144.7 212988.5 18286.9 13464.9    321.8   657.5   465.7

         Carbon flux (ktC/yr)        Water (dam3/yr)                Nitrogen (MgN/yr)
       ----------------------- -------------------------- --------------------------------
Spinup NEP     estab   NBP     transp     evap    interc  nuptake ndemand  nlosses ninflux
------ ------- ------- ------- ---------- ------- ------- ------- -------- ------- -------
  -249 -68.965   0.020 -68.945   322633.2 240504.8 24777.8 14621.0    388.3   475.4   531.3
  -248 -45.528   0.014 -45.514   381462.0 222885.5 24016.2 21599.1    615.4   721.9   898.6
  -247  67.811   0.012  67.822   405453.0 216363.9 25862.8 17823.9    462.7   641.6   696.3
  -246 192.252   0.008 192.260   373840.6 205502.1 19820.4 15705.3    493.3   438.0   672.2
  -245 323.580   0.008 323.588   396453.0 200590.4 21243.1 16804.7   1024.1   366.1  1244.9
  -244 -224.516   0.013 -224.503   326125.7 233209.2 27306.2 11302.7    564.7   942.2   875.1
  -243 210.457   0.020 210.477   386411.4 198798.6 18416.9 16098.0   1288.8   301.5  1562.2
  -242 -266.660   0.022 -266.639   319932.6 229918.9 25652.3 10989.8    663.4   832.9  1063.0
  -241 177.014   0.019 177.032   385728.9 196793.3 17416.1 16414.4   1320.6   288.7  1640.4
  -240  39.183   0.019  39.202   392937.9 191408.3 21319.5 12184.3   1048.6   283.9  1317.8
  -239 -156.488   0.017 -156.471   308344.3 237238.7 18402.0 14124.5    762.5   416.5   980.5
  -238 -59.055   0.019 -59.036   363327.0 222481.7 23029.6 14302.6   1093.7   279.0  1412.4
  -237 -302.574   0.023 -302.551   311161.6 185182.2 15373.6  5341.8    942.7   304.0  1066.3
  -236  99.931   0.013  99.943   329659.4 206019.8 16676.9 17177.7    836.6   300.3  1273.9
  -235 -244.488   0.017 -244.471   243127.5 172369.3 14927.3  7151.4    807.2   310.5   892.9
  -234 -121.586  -0.004 -121.590   350885.7 220593.1 19217.5 19988.3    955.4   395.5  1370.0
  -233 -76.479   0.004 -76.475   403832.6 203229.0 24553.5 18038.0   1020.6   348.6  1572.1
  -232  95.658   0.012  95.670   384486.1 222103.5 26484.0 20781.3    508.4   938.8   736.0
  -231 129.013   0.011 129.024   427132.2 205268.4 29149.7 19795.6    705.5   479.2  1015.7
  -230 -55.182   0.015 -55.167   346505.9 236011.4 29677.2 13187.0    289.1  1482.5   553.1
  -229 233.706   0.020 233.726   359089.6 203335.3 15392.1 12555.1    512.4   563.1   721.0
  -228 -90.410   0.018 -90.392   346058.1 240926.4 35280.6 15592.9    546.8   551.4   894.0
  -227  79.729   0.022  79.751   333583.4 244037.4 26165.1 14459.7    348.0   722.4   459.0
  -226 122.433   0.016 122.449   442396.2 224093.2 25149.5 18046.0    632.6   426.4   956.9
  -225  -1.787   0.016  -1.771   336741.1 242168.9 26700.8 13953.0    448.1   450.0   631.7

         Carbon flux (ktC/yr)        Water (dam3/yr)                Nitrogen (MgN/yr)
       ----------------------- -------------------------- --------------------------------
Spinup NEP     estab   NBP     transp     evap    interc  nuptake ndemand  nlosses ninflux
------ ------- ------- ------- ---------- ------- ------- ------- -------- ------- -------
  -224 186.230   0.011 186.241   389970.2 202083.6 16895.3 19383.0    644.4   399.8  1045.2
  -223 -60.298   0.009 -60.289   365349.3 216504.5 26799.2 17174.5    823.5   608.9  1069.8
  -222 -27.935   0.015 -27.920   342345.1 242921.6 26889.2 13813.5    466.9   456.5   627.7
  -221   5.825   0.014   5.838   423414.9 206196.4 26881.5 20402.0    837.9   404.6  1180.5
  -220 259.471   0.016 259.487   394934.7 203465.0 19670.2 17422.0    569.6   523.7   871.4
  -219 -106.323   0.016 -106.307   344982.8 205150.2 22945.8 12005.0    613.6   651.9   774.1
  -218  -0.918   0.010  -0.908   372117.3 193006.0 16986.4 10848.7    671.4   578.3   864.7
  -217 120.504   0.005 120.509   357590.6 194781.4 18447.2 14106.7   1203.8   368.4  1413.0
  -216 -263.987   0.006 -263.982   313163.1 226295.4 24094.4 11636.9    740.8   789.1  1122.3
  -215 -150.292   0.019 -150.273   338091.8 246539.5 18471.5 13667.5    634.3   582.5   922.4
  -214 -128.093   0.020 -128.072   296542.4 235752.3 21722.1 12364.0    715.1   361.7   921.0
  -213  -4.265   0.012  -4.253   398540.0 192014.3 19490.4 20458.9    914.9   325.6  1360.1
  -212  14.187   0.010  14.198   381247.7 212069.6 23931.2 15749.5    656.2   463.7  1067.8
  -211  89.431   0.007  89.437   409850.8 230592.3 26807.0 18643.3    843.5   372.2  1273.1
  -210  57.902   0.008  57.910   424017.1 221321.3 27882.3 15272.8    750.5   392.4  1050.0
  -209  74.654   0.010  74.663   418739.1 205759.8 27055.6 16550.6    592.8   547.8   828.4
  -208  30.179   0.016  30.195   348174.7 243402.6 23058.5 11568.5    370.2   800.7   655.7
  -207 120.385   0.015 120.400   471775.4 221325.7 31281.6 19572.7   1118.1   477.1  1710.5
  -206 -38.733   0.018 -38.715   369051.6 220670.7 27474.5 16241.6    870.7   718.2  1149.0
  -205 -29.949   0.012 -29.937   414394.0 206600.4 28313.8 17317.0    989.3   356.6  1405.8
  -204 160.433   0.004 160.437   444743.7 224329.3 29867.0 16592.1    596.5   487.6   796.7
  -203  54.320   0.010  54.330   365939.3 247442.6 21935.2 17502.4    393.3   532.8   584.3
  -202 192.778   0.017 192.795   383289.8 200134.6 20034.8 15591.3   1023.7   411.2  1225.5
  -201 -246.919   0.020 -246.899   343990.1 237818.3 37819.5 11767.3    810.8   683.3  1154.3
  -200  62.758   0.020  62.778   361438.5 250260.9 19396.4 18236.0    428.8   617.7   607.9

         Carbon flux (ktC/yr)        Water (dam3/yr)                Nitrogen (MgN/yr)
       ----------------------- -------------------------- --------------------------------
Spinup NEP     estab   NBP     transp     evap    interc  nuptake ndemand  nlosses ninflux
------ ------- ------- ------- ---------- ------- ------- ------- -------- ------- -------
  -199 -10.750   0.019 -10.731   376400.0 215639.6 24065.0 15774.6    718.3   570.7   974.3
  -198 -116.291   0.018 -116.273   352343.2 249855.2 21741.5 13274.5    478.9   790.3   691.4
  -197 176.712   0.019 176.731   378549.6 204236.8 15353.5 16945.1    820.2   587.3  1013.8
  -196 -139.268   0.020 -139.248   345751.4 217065.9 26710.9  9854.5    793.5   343.0   931.8
  -195   9.490   0.012   9.503   391620.5 194378.0 21647.8 18525.4   1010.2   421.9  1455.4
  -194 -72.133   0.010 -72.123   329741.3 241640.4 19302.4 15254.4    649.3   349.7   879.0
  -193  52.062   0.020  52.082   337562.8 197761.0 16188.5 14531.3    873.6   340.1  1153.5
  -192 -236.686   0.022 -236.665   277549.7 232106.8 24424.9  9615.2    515.8   426.5   554.8
  -191 101.669   0.010 101.679   353162.8 196686.3 14603.5 18444.8    685.6   481.1  1024.8
  -190 -164.681   0.009 -164.672   327752.3 185283.8 21997.1 13579.6    764.5   382.9  1021.5
  -189  46.879   0.003  46.882   368674.2 222509.6 24209.9 15848.5    843.1   452.9  1114.5
  -188 -110.120   0.009 -110.111   352527.2 217552.5 24168.8 15877.9   1113.3   526.3  1455.4
  -187 -48.263   0.013 -48.250   349564.0 237162.3 21390.5 12597.9    511.7   413.2   773.0
  -186 136.179   0.008 136.187   476435.5 218344.3 30475.7 21059.6   1127.9   366.6  1614.7
  -185 -193.593   0.012 -193.581   352611.9 240352.4 39207.6 12733.8    694.9   737.1  1076.3
  -184 342.281   0.016 342.297   387628.5 203775.2 17914.4 18637.8    486.2   678.8   816.5
  -183  21.701   0.021  21.723   327271.9 217627.4 20353.8  9629.5    579.6   449.9   727.4
  -182 -50.868   0.016 -50.851   370544.0 217934.0 24774.7 13470.8    779.6   323.5  1072.3
  -181 -52.528   0.013 -52.515   359171.9 189647.6 15835.5 11206.1    647.8   462.8   857.8
  -180 -207.702   0.006 -207.696   320882.8 227285.9 22991.6 14308.2    539.5   915.4  1004.4
  -179 129.170   0.015 129.185   357672.1 175472.4 13762.0 19198.4    591.3   887.0   906.0
  -178 -81.735   0.018 -81.716   356790.7 188638.9 16406.7  9802.1    654.6   443.4   792.8
  -177 -160.710   0.011 -160.699   340462.3 237584.1 32235.2 16512.1    572.1   672.4   987.8
  -176 132.714   0.019 132.734   375216.0 198756.0 20508.9 18086.0    527.1   700.8   709.7
  -175 104.989   0.016 105.004   370564.6 223398.9 27477.6 18975.1    706.8   415.0   955.7

         Carbon flux (ktC/yr)        Water (dam3/yr)                Nitrogen (MgN/yr)
       ----------------------- -------------------------- --------------------------------
Spinup NEP     estab   NBP     transp     evap    interc  nuptake ndemand  nlosses ninflux
------ ------- ------- ------- ---------- ------- ------- ------- -------- ------- -------
  -174 128.445   0.011 128.457   376605.0 224687.3 29729.8 18526.3    652.2   377.2   798.3
  -173 250.176   0.007 250.182   408838.1 232740.2 29572.7 16370.6    475.7   722.5   687.4
  -172   4.296   0.015   4.311   366238.0 226237.4 28882.4 16056.7    976.7   273.1  1300.4
  -171  83.620   0.014  83.634   374988.3 224991.0 29947.2 17821.6    777.2   333.6   913.8
  -170  72.267   0.015  72.282   419174.4 223151.2 30194.5 14230.9    624.7   344.7   805.5
  -169  39.800   0.011  39.811   411144.4 238749.1 29218.6 17529.5    931.2   362.3  1439.5
  -168  49.509   0.010  49.519   351375.2 199791.1 15838.5 10179.9    681.4   456.6   867.5
  -167  -1.788   0.007  -1.781   358323.2 194209.8 23461.1 16055.8    853.5   323.4  1202.3
  -166  59.486   0.009  59.495   353500.0 193747.8 19345.1 12219.4   1273.6   313.4  1475.0
  -165 -246.074   0.022 -246.052   269308.7 223090.9 14571.4  4539.8    685.9   535.5   830.5
  -164 -315.985   0.008 -315.977   294504.2 227889.0 17525.6 11701.8    684.7   734.4  1114.9
  -163 -138.227   0.015 -138.213   349148.4 219610.2 18455.9 17945.8    787.0   883.8  1190.0
  -162  67.502   0.012  67.514   409045.5 193358.7 18814.3 20170.9    752.7   385.4  1227.9
  -161 211.714   0.011 211.725   406560.2 228660.2 23387.5 16004.0    634.4   588.5   983.0
  -160 -59.797   0.016 -59.781   325569.9 206305.1 17656.4  8479.7    551.0   521.4   791.9
  -159  41.429   0.011  41.440   387798.2 192082.4 19230.5 20091.9    772.5   358.4  1249.2
  -158 -16.109   0.016 -16.093   396707.7 215590.6 25397.5 13131.0    852.6   337.3  1185.5
  -157  39.434   0.009  39.442   410626.5 203750.1 24877.4 16589.0    681.3   441.0   985.5
  -156  74.215   0.003  74.218   409291.6 231994.9 28095.2 16882.1    926.1   402.7  1471.6
  -155   2.439   0.008   2.447   336782.7 238781.8 27160.2 14283.5    416.8   507.0   537.7
  -154 126.102   0.014 126.116   371896.8 179054.7 17071.4 17583.9    659.2   366.2   923.1
  -153  90.275   0.017  90.292   377020.1 209047.4 20707.6 12432.4    558.0   557.0   827.0
  -152 -106.376   0.017 -106.359   356205.8 246878.4 22312.0 14517.5    453.2   692.6   649.6
  -151 -175.873   0.018 -175.855   346455.5 237916.2 34395.8 15317.8    650.2   572.2  1033.4
  -150  61.088   0.017  61.105   377492.7 224438.3 25763.3 19546.4    643.8   990.7   880.9

         Carbon flux (ktC/yr)        Water (dam3/yr)                Nitrogen (MgN/yr)
       ----------------------- -------------------------- --------------------------------
Spinup NEP     estab   NBP     transp     evap    interc  nuptake ndemand  nlosses ninflux
------ ------- ------- ------- ---------- ------- ------- ------- -------- ------- -------
  -149 108.600   0.012 108.612   399376.4 192085.2 18141.3 12493.2    634.7   494.7   812.3
  -148 202.534   0.007 202.541   367807.1 194603.3 20147.0 14749.4   1149.2   354.5  1341.8
  -147  76.523   0.008  76.531   330746.5 211002.1 21669.2 13005.7    940.4   562.1  1170.7
  -146 -46.621   0.015 -46.605   294080.2 171903.0 14232.2 11063.8    991.1   378.2  1273.1
  -145 -117.740   0.013 -117.727   300914.8 195308.4 14763.2 10977.9   1131.3   308.1  1309.9
  -144 -317.702   0.016 -317.687   282366.5 197379.0 15912.2  7039.8    932.3   385.3   992.0
  -143 -141.539   0.006 -141.533   311893.6 173817.5 10152.0 15635.4    936.0   558.3  1429.4
  -142 -155.397   0.010 -155.387   305217.5 174920.9 13396.0 11648.3    896.0   463.9  1260.5
  -141 155.430   0.007 155.437   416402.4 224199.6 19908.7 20103.1    741.4   480.9  1167.8
  -140 -42.046   0.014 -42.031   352144.5 220324.4 15936.7  9698.7    863.1   314.0  1311.6
  -139 -27.881   0.004 -27.877   386439.4 202057.7 22479.3 16522.8   1000.7   412.2  1644.2
  -138 -137.205   0.010 -137.195   335752.6 230434.2 23524.4 14345.3    386.3  1144.9   713.8
  -137  66.819   0.021  66.840   359923.6 243689.1 17048.8 19190.7    335.2   527.8   564.7
  -136 -11.891   0.017 -11.874   373463.0 223245.4 22649.3 18829.8    663.9   761.0   924.9
  -135 149.612   0.012 149.625   449522.2 224250.6 24676.5 17473.1    539.0   409.9   763.0
  -134 320.292   0.005 320.297   395489.3 218522.2 22100.3 18992.2    463.8   633.3   670.1
  -133 162.082   0.008 162.090   350354.4 176716.0 16228.4 14186.4    539.5   961.6   819.3
  -132   7.689   0.009   7.698   366679.5 224892.9 26502.0 16268.1    894.8   312.8  1082.1
  -131 -166.572   0.017 -166.555   334827.4 189799.3 18413.4  5749.6    432.3   464.8   549.4
  -130 128.489   0.012 128.500   330953.3 198640.3 15086.1 16510.6    575.0   408.0   878.0
  -129 -248.817   0.013 -248.804   325230.9 223248.6 23291.7 13895.8    688.7   515.7  1086.8
  -128 -65.725   0.014 -65.711   332216.3 236706.3 19444.1 11695.0    416.5   602.3   680.9
  -127 -13.051   0.019 -13.032   353142.6 195785.6 18266.2 15829.1    683.6   467.3  1035.2
  -126 -50.949   0.015 -50.934   370760.4 222358.3 23257.4 19043.3    681.7   732.8   977.1
  -125  39.531   0.020  39.551   372541.8 227930.0 15772.7 12685.7    502.1   489.2   754.0

         Carbon flux (ktC/yr)        Water (dam3/yr)                Nitrogen (MgN/yr)
       ----------------------- -------------------------- --------------------------------
Spinup NEP     estab   NBP     transp     evap    interc  nuptake ndemand  nlosses ninflux
------ ------- ------- ------- ---------- ------- ------- ------- -------- ------- -------
  -124  38.152  -0.003  38.149   376699.7 199039.5 20550.4 16013.0    722.7   662.1  1146.3
  -123  71.132   0.000  71.132   460931.2 220674.7 30412.6 17731.7    960.1   866.3  1498.4
  -122 -172.845   0.014 -172.831   354861.3 241850.0 35322.5 13577.7    506.0  1077.5   862.0
  -121 211.182   0.023 211.205   391433.5 241521.5 22430.0 16663.1    268.0  1344.4   408.6
  -120 -215.196   0.015 -215.182   336619.3 245599.9 31614.7 12867.1    479.8  1047.1   821.8
  -119 -34.217   0.018 -34.200   357009.7 253965.7 19264.5 14730.7    254.8  1284.6   421.9
  -118  58.315   0.012  58.327   360389.9 221418.3 15792.8 12222.6    456.6   562.4   786.7
  -117 190.045   0.003 190.048   368696.1 204215.4 13557.6 17097.0    510.7   458.5   763.1
  -116 -155.072   0.015 -155.057   285194.6 217045.7 16538.4  6142.6    427.1   695.8   556.8
  -115 -173.452   0.006 -173.446   365284.0 200608.5 20226.1 16289.5   1044.8   403.5  1670.7
  -114 182.332   0.009 182.341   380579.0 194217.5 16624.2 16733.3    879.0   418.1  1188.0
  -113   4.248   0.020   4.268   321237.3 175172.3 13510.3 13808.1    602.6   944.5   886.0
  -112 -200.919   0.008 -200.911   366579.6 203791.6 23004.0 14170.1    957.3   643.6  1400.3
  -111  62.099   0.009  62.109   401548.7 232098.0 24771.7 17761.3    726.5   698.3  1129.0
  -110 -190.261   0.010 -190.251   358233.9 243602.6 35476.3 14351.5    475.1  1034.1   830.4
  -109 110.211   0.018 110.229   386605.5 227095.7 25462.5 20175.9    315.3  1294.3   542.8
  -108 339.147   0.016 339.163   402686.9 217410.0 22799.0 18903.4    395.0   719.8   576.7
  -107  52.169   0.014  52.183   371217.7 224049.4 27747.6 15982.5    584.0   934.7   846.3
  -106  47.650   0.007  47.657   392337.5 194261.4 17984.1 10571.3    468.7   580.2   588.0
  -105 153.537   0.012 153.549   373604.2 230588.9 25210.7 15061.9    555.6   816.1   798.8
  -104 -149.141   0.021 -149.119   326446.5 216492.2 17978.1  7185.4    828.2   252.9  1131.6
  -103 -248.968   0.020 -248.948   279198.0 234191.4 18051.5  8630.5    485.5   508.5   742.2
  -102 -179.643   0.023 -179.620   299326.8 198485.7 13549.9  8954.8    818.7   477.0  1113.6
  -101 -32.130   0.006 -32.125   360060.8 220536.7 18463.7 22252.9    799.6   354.3  1236.0
  -100 123.507   0.013 123.521   408676.4 190886.4 23021.6 19848.1    626.5   527.3   988.5

         Carbon flux (ktC/yr)        Water (dam3/yr)                Nitrogen (MgN/yr)
       ----------------------- -------------------------- --------------------------------
Spinup NEP     estab   NBP     transp     evap    interc  nuptake ndemand  nlosses ninflux
------ ------- ------- ------- ---------- ------- ------- ------- -------- ------- -------
   -99 -56.827   0.013 -56.814   328530.5 235845.7 22825.8 10033.6    317.6   545.8   555.6
   -98  40.654   0.018  40.673   370322.8 224402.8 22961.5 19203.7    626.4   718.6   951.3
   -97 -121.955   0.018 -121.937   354567.1 240049.5 35119.0 14946.1    432.1   747.8   708.4
   -96 172.873   0.020 172.893   388684.4 200065.4 21893.0 17486.4    344.3   921.3   483.4
   -95 168.614   0.017 168.632   373740.8 179054.8 16820.0 17060.6    414.2  1386.9   691.7
   -94  15.573   0.011  15.584   394737.2 202204.2 28015.8 14341.4    842.1   506.5  1173.4
   -93 295.679   0.006 295.685   397635.1 206311.2 18348.8 18941.3    506.1   661.2   790.2
   -92 -111.917   0.012 -111.905   345971.8 203629.8 22742.2 11450.0    548.3   624.1   712.5
   -91 -44.252   0.015 -44.237   344416.6 241907.2 21317.5 11604.4    373.0   871.9   596.0
   -90 -79.303   0.019 -79.285   401315.2 203247.5 24687.5 16263.2   1165.1   354.2  1685.2
   -89  26.845   0.028  26.873   364198.1 227949.5 16573.6 11560.1    483.7  1023.8   722.7
   -88 -86.334   0.015 -86.320   377162.4 223883.1 21902.2 11425.9    723.4   727.2  1105.3
   -87 -20.466   0.014 -20.452   340805.4 210590.8 15110.1 10831.3    568.1   932.8   872.9
   -86 -88.811   0.017 -88.794   337789.8 231645.4 15922.8 18110.9    449.9   586.0   723.6
   -85 -34.909   0.020 -34.889   355253.1 214168.5 15642.5 12039.7    843.3   314.5  1210.4
   -84  40.897   0.018  40.915   383640.7 189229.8 19062.9 12817.4    869.7   316.5  1253.6
   -83 -121.778   0.015 -121.763   304469.9 233513.4 17436.2 14702.1    553.8   440.2   783.3
   -82  17.322   0.016  17.338   346872.1 191903.1 15849.1 13228.5   1091.6   344.5  1321.6
   -81  -2.109   0.016  -2.093   319607.8 187875.5 16671.8 11376.1   1038.7   367.3  1129.3
   -80 -48.006   0.018 -47.988   286125.0 191252.7 14412.4 11620.5    829.2   367.3   977.3
   -79 -195.203   0.011 -195.192   333573.0 219115.9 21356.3 13333.5   1091.8   298.8  1511.3
   -78 -123.923   0.001 -123.923   381668.0 220827.1 22699.9 16486.6    999.0   334.9  1542.0
   -77   1.413   0.005   1.418   343664.9 192549.7 17686.4 13564.2    565.3   482.0   705.8
   -76  85.771   0.011  85.781   394333.6 195039.2 25537.7 17570.4    726.3   483.6  1177.1
   -75 375.104   0.012 375.116   436823.9 208074.0 17324.1 20969.4    269.0   893.1   387.8

         Carbon flux (ktC/yr)        Water (dam3/yr)                Nitrogen (MgN/yr)
       ----------------------- -------------------------- --------------------------------
Spinup NEP     estab   NBP     transp     evap    interc  nuptake ndemand  nlosses ninflux
------ ------- ------- ------- ---------- ------- ------- ------- -------- ------- -------
   -74  25.821   0.014  25.835   380128.4 203590.9 29062.5 13315.1    370.0   596.1   541.2
   -73  17.390   0.011  17.401   380318.0 228523.1 26865.8 17289.5    649.4   802.9   916.6
   -72  77.298   0.027  77.326   376333.3 232044.7 17250.1 12468.7    301.2  1046.6   383.7
   -71 -219.603   0.020 -219.583   332657.3 246311.3 31902.7 12883.4    341.4  1224.4   692.8
   -70  76.930   0.015  76.945   350523.2 216468.7 16374.8 12057.0    249.2  1351.5   422.8
   -69 -311.012   0.022 -310.990   321165.9 238199.5 21771.3 13610.5    346.6  1387.5   693.2
   -68 215.767   0.008 215.775   443767.7 206678.5 18397.5 17745.9    516.4  1069.8   908.1
   -67 -145.227   0.006 -145.221   342972.7 197053.0 15613.9  7691.8    401.1   963.2   562.7
   -66  98.310   0.006  98.316   336294.5 181299.1 12607.3 17624.4    405.7  1044.1   767.0
   -65  10.118   0.011  10.129   379688.6 199312.3 19008.1 13101.7    607.8   863.8   951.5
   -64 -57.269   0.011 -57.258   358194.8 215291.4 20822.9 15768.8    496.7   989.1   872.0
   -63 221.829   0.013 221.842   365525.6 212747.2 18859.6 17815.2    527.4  1019.3   751.2
   -62 -244.695   0.020 -244.675   257118.5 235511.3 19134.9  4830.0    262.3   712.8   453.8
   -61 -37.957   0.016 -37.941   367866.1 202451.6 17546.4 16317.1    619.0   550.3   992.3
   -60 -56.196   0.020 -56.177   361711.4 188158.9 13867.3 10363.3    675.2   525.3  1038.4
   -59 -50.010   0.015 -49.995   315123.2 236356.9 15511.1 17347.2    453.7   633.8   682.3
   -58  60.648   0.020  60.668   334153.2 194774.5 13894.2 15053.0    723.1   521.6  1050.6
   -57 -47.400   0.011 -47.389   449153.3 215591.0 27969.4 18681.1    974.9   452.4  1492.0
   -56 -163.535   0.018 -163.517   301996.5 234480.1 25594.1 10190.3    419.2   524.4   476.2
   -55 -113.820   0.011 -113.809   349052.7 244310.3 19176.1 14494.0    407.0  1170.2   605.4
   -54 119.435   0.018 119.453   333066.9 176129.9 12358.1 16830.2    475.2   757.4   818.9
   -53  39.618   0.015  39.633   356433.1 227709.5 22826.5 14468.7    522.7   934.3   696.8
   -52 -126.468   0.011 -126.457   349428.5 206145.1 22179.7 11451.5    693.7   683.5   973.4
   -51  43.626   0.007  43.632   354596.9 225327.1 16085.4 11104.5    648.0   600.1  1074.8
   -50 103.438   0.007 103.446   392423.4 192346.0 18487.1 13643.2    793.8   449.9  1214.9

         Carbon flux (ktC/yr)        Water (dam3/yr)                Nitrogen (MgN/yr)
       ----------------------- -------------------------- --------------------------------
Spinup NEP     estab   NBP     transp     evap    interc  nuptake ndemand  nlosses ninflux
------ ------- ------- ------- ---------- ------- ------- ------- -------- ------- -------
   -49  94.848   0.013  94.861   335863.3 196968.0 14814.3 14272.7    733.9   480.4  1071.1
   -48 -123.346   0.013 -123.333   312964.0 191496.3 16265.5 10016.9    683.2   461.4   873.3
   -47 -16.155   0.011 -16.145   383977.3 203252.7 20965.7 16069.6    678.2   498.0   989.8
   -46  22.570   0.013  22.583   368147.6 198700.0 19252.9 15252.8    711.6   599.0  1046.5
   -45  64.699   0.012  64.711   378003.9 199838.3 19487.8 16372.8    596.7   643.6   872.4
   -44 208.881   0.010 208.892   373763.1 204953.4 17378.8 15856.9    552.6   469.5   798.6
   -43  83.145   0.010  83.155   361696.9 250673.1 18617.4 14910.7    402.4   548.9   552.2
   -42 100.740   0.027 100.766   350310.4 180009.7 14143.5 16434.9    442.7  1143.8   729.2
   -41 -61.495   0.017 -61.477   357365.0 219030.1 22263.9 13740.5    511.8   774.5   825.4
   -40  99.788   0.011  99.799   381036.3 233530.1 23196.3 15235.6    526.3   970.7   746.9
   -39 -18.309  -0.002 -18.311   452776.8 222232.9 30297.8 16397.1   1018.6   519.9  1575.2
   -38  91.202   0.007  91.209   347640.5 201235.0 16698.8 12604.8    511.3   539.6   663.0
   -37 -152.545   0.014 -152.531   333865.2 227384.6 25247.3 13002.4    521.8   650.2   840.3
   -36 -47.197   0.015 -47.182   327507.7 241283.6 18390.1 15784.6    447.6   477.0   582.4
   -35  98.347   0.019  98.366   352507.9 200960.0 14834.0 14742.7    619.1   562.2   802.9
   -34 -99.978   0.019 -99.959   338350.3 194763.5 25167.5 11586.9    804.2   364.2  1062.6
   -33  43.428   0.012  43.441   424689.8 207706.6 23856.5 17645.1    535.4   533.2   790.3
   -32  55.393   0.009  55.401   366142.7 245525.9 19770.7 17892.1    421.5   425.5   560.9
   -31 215.745   0.016 215.762   388013.7 197980.3 18415.3 15944.8    844.8   444.6  1067.6
   -30 -153.972   0.022 -153.950   322683.5 197887.2 21072.1 10168.8    530.3   678.4   630.9
   -29 -192.214   0.012 -192.202   347395.5 241696.0 31632.2 15273.1    524.5   862.7   805.4
   -28 308.185   0.020 308.205   392775.5 217040.6 21135.1 19726.8    504.8   791.0   699.1
   -27 211.543   0.018 211.562   369381.1 205226.6 16668.9 14750.1    522.9   753.8   578.3
   -26 -198.477   0.019 -198.457   278380.9 240772.5 25375.4  7911.6    355.5   545.2   369.9
   -25 -58.725   0.010 -58.715   325620.3 177436.7 14530.0 14323.3    742.7   521.2   930.8

         Carbon flux (ktC/yr)        Water (dam3/yr)                Nitrogen (MgN/yr)
       ----------------------- -------------------------- --------------------------------
Spinup NEP     estab   NBP     transp     evap    interc  nuptake ndemand  nlosses ninflux
------ ------- ------- ------- ---------- ------- ------- ------- -------- ------- -------
   -24  23.441   0.011  23.452   445302.6 222341.8 22984.0 17949.8    718.2   375.4  1086.9
   -23 239.406   0.014 239.420   468368.8 196580.8 21740.4 18003.6    697.0   352.7   977.7
   -22 -104.045   0.015 -104.030   317511.8 241035.1 26125.4 11467.2    428.1   475.3   503.2
   -21 157.496   0.015 157.511   421257.7 229517.2 23534.2 19537.8    536.1   746.9   662.3
   -20 -167.312   0.017 -167.295   345864.4 201436.0 21016.5 11425.7    690.2   509.1   933.0
   -19 104.995   0.011 105.006   361705.5 205840.4 16695.1 15202.3    609.4   467.2   769.2
   -18 128.043   0.003 128.046   416001.2 200517.3 23238.0 18916.7    825.2   587.7  1130.2
   -17 -79.503   0.003 -79.500   333197.1 241772.4 21233.5  8640.3    465.6   637.6   690.0
   -16  42.837   0.019  42.856   364752.5 223300.5 23581.5 18213.6    846.6   323.0  1077.1
   -15  80.878   0.019  80.896   404568.0 197003.1 23757.2 17754.5    828.0   515.6  1084.3
   -14 -164.755   0.018 -164.737   346162.0 190735.8 17291.8  5686.6    694.3   457.6   815.1
   -13 -114.177   0.011 -114.166   320448.5 221245.8 15538.4  9081.2    761.6   571.0  1072.7
   -12 -22.250   0.001 -22.249   333969.8 192123.1 14275.5 12909.1   1168.5   375.6  1411.1
   -11 -212.344   0.013 -212.331   272611.0 232610.8 20349.7 10822.5    505.1   647.8   555.4
   -10 -81.690   0.012 -81.678   391773.7 215856.4 18912.2 16749.2    794.4   391.1  1148.5
    -9 -63.838   0.016 -63.822   374388.8 187084.7 14553.8 11684.1    661.2   464.1   908.0
    -8 138.236   0.013 138.248   380204.6 224048.3 21947.3 17542.2    664.2   709.0   978.1
    -7 -154.483   0.014 -154.469   294216.1 236398.6 23192.5 10181.4    561.7   397.9   634.2
    -6 164.199   0.010 164.209   383456.6 195191.4 15433.0 18033.3    932.7   429.9  1249.3
    -5 -49.725   0.010 -49.716   346911.2 190906.1 22023.9 14329.9    805.8   444.6  1041.1
    -4 -196.838   0.015 -196.823   330109.1 226179.0 23903.0 12463.4    697.9   581.5  1097.4
    -3 107.433  -0.001 107.432   484747.0 220101.1 29292.6 20672.9    990.8   479.2  1495.7
    -2 126.170   0.009 126.180   348575.2 196965.1 18262.8 13345.9    646.6   426.8   916.5
    -1 -24.131   0.005 -24.126   452100.9 219509.8 31850.5 18449.8    917.7   474.8  1322.6
     0 122.541   0.014 122.556   348601.8 210243.4 23430.7 13751.2    615.2   645.4   774.7

         Carbon flux (ktC/yr)        Water (dam3/yr)                Nitrogen (MgN/yr)
       ----------------------- -------------------------- --------------------------------
Spinup NEP     estab   NBP     transp     evap    interc  nuptake ndemand  nlosses ninflux
------ ------- ------- ------- ---------- ------- ------- ------- -------- ------- -------
     1 -597.064   0.030 -597.034   230059.9 186235.5 16412.0 -4995.9    235.5   942.6   300.2
     2 -131.693   0.010 -131.683   307714.6 241672.4 13381.6 16946.0    339.0  1368.6   485.3
     3 -174.116   0.017 -174.098   321352.0 232772.0 17148.6 13640.4    575.9   466.5   910.0
     4 -50.680   0.010 -50.671   377645.1 196438.2 20864.9 19145.1    846.4   417.1  1408.5
     5  80.836   0.009  80.845   401534.3 214316.5 25028.4 16407.5    480.0   534.1   570.5
     6 186.812   0.000 186.812   414197.6 194128.5 23217.8 20536.1    615.7   402.7   963.4
     7   6.857   0.012   6.869   350897.7 220679.7 20034.5  8385.5    735.2   277.9  1057.7
     8  48.026   0.007  48.033   364950.9 222502.4 23805.3 18556.3    663.2   724.1   925.7
     9 135.011   0.006 135.018   376413.4 220542.4 18652.7 13712.5    512.8   745.6   653.7
    10 187.591   0.007 187.598   369298.0 194791.6 18388.6 14699.1    879.2   428.5  1039.5
    11 106.566   0.010 106.576   330933.7 212377.3 19897.2 12843.0    658.2   625.5   895.3
    12 -140.085   0.022 -140.063   306006.8 243030.1 20606.8  9809.1    608.5   747.0   773.7
    13 -167.209   0.022 -167.188   298688.8 195582.3 15114.3  9161.0    779.0   391.0   930.2
    14 -11.843   0.017 -11.826   329658.2 199330.7 14439.2 14032.6    804.2   327.8  1028.2
    15  -6.134   0.015  -6.119   337603.7 179460.9 14977.7 14276.9    846.1   307.9  1183.1
    16 170.120   0.006 170.126   452419.5 196044.8 19346.3 17889.3    846.2   258.4  1256.7
    17 -17.681   0.004 -17.676   380865.8 214382.3 23135.7 16006.0    637.0   540.6   973.4
    18 205.568   0.007 205.575   378737.5 214120.2 20652.1 17557.8    631.9   532.6   881.6
    19   1.612   0.009   1.620   451733.3 218241.9 32190.3 16483.4   1061.9   318.0  1487.2
    20 -158.482   0.018 -158.464   316373.1 215405.6 19727.3  5477.6    828.9   232.5  1046.8
    21 -249.467   0.018 -249.449   283333.8 203942.3 16404.4  6280.3    537.5   437.6   643.6
    22 -123.409   0.004 -123.405   359201.0 197192.9 18893.1 17710.7    833.7   306.6  1282.1
    23 -184.993   0.014 -184.979   336922.2 229285.8 23050.5 15604.4    354.0  1015.1   679.8
    24 204.838   0.016 204.855   368429.4 202548.5 16092.2 17410.1    485.0   512.8   715.4
    25 -90.302   0.015 -90.287   348784.4 239181.0 34398.9 15613.5    384.7  1864.1   644.4

         Carbon flux (ktC/yr)        Water (dam3/yr)                Nitrogen (MgN/yr)
       ----------------------- -------------------------- --------------------------------
Spinup NEP     estab   NBP     transp     evap    interc  nuptake ndemand  nlosses ninflux
------ ------- ------- ------- ---------- ------- ------- ------- -------- ------- -------
    26  77.017   0.023  77.040   356661.3 243635.4 21243.2 13739.4    146.3  1752.5   268.1
    27 152.613   0.019 152.632   341134.4 183202.7 16005.9 14833.6    499.3  1008.2   671.4
    28 164.627   0.015 164.643   386607.6 204013.5 16170.2 17117.3    712.6   627.2  1151.3
    29 -175.564   0.007 -175.558   358717.0 242889.8 34943.0 15561.9    470.3  1721.1   746.6
    30 201.904   0.012 201.916   368396.2 183760.0 17655.2 16392.6    421.6  1047.4   574.8
    31  91.777   0.016  91.793   371006.4 182925.5 17727.7 14467.6    722.5   695.5  1073.8
    32  33.051   0.014  33.065   387344.2 206191.6 21148.0 16446.0    597.4   676.8   796.9
    33 158.951   0.011 158.962   370727.8 208058.7 18062.9 14963.1    563.0   651.8   720.8
    34  44.700   0.008  44.708   394443.8 202470.4 27562.0 14497.2    743.4  1355.9  1120.3
    35 169.550   0.014 169.564   362245.5 205461.9 14971.8 13039.5    428.5   836.1   542.0
    36 -93.117   0.019 -93.097   374941.4 221861.1 25883.5 11836.4    709.6   463.3   999.3
    37 -17.351   0.013 -17.338   368751.9 227233.4 24519.0 18709.6    805.9   450.1  1082.4
    38  23.232   0.017  23.249   349763.3 210121.0 18607.6 10760.7    415.3   637.5   526.2
    39 128.906   0.017 128.923   371845.3 212499.0 19254.5 18207.8    697.6   512.3  1020.2
    40 -288.344   0.018 -288.326   338758.5 238372.0 33389.6 12265.5    682.4   815.3  1023.0
    41 107.829   0.021 107.850   365001.7 178003.9 15043.7 17543.8    494.2  1144.4   741.7
    42 -31.789   0.018 -31.771   407267.1 234344.9 26146.3 16347.3    948.8   502.9  1430.6
    43 141.529   0.014 141.543   436854.5 197097.3 22419.2 15123.6    808.7   512.2  1102.1
    44 102.206   0.008 102.214   350637.1 201179.7 17466.2 14055.9    729.3   582.0   990.6
    45 -178.948   0.006 -178.941   359336.2 199346.5 24344.6 12414.9    715.2   507.9   844.3
    46 111.477   0.014 111.490   363912.7 202273.7 16194.8 15349.3    812.3   440.6  1159.4
    47 -109.693   0.012 -109.680   349697.0 214975.4 24333.0 16436.2    845.8   763.6  1074.5
    48  89.009   0.012  89.021   369215.2 201881.4 18198.8 14918.2    638.6   438.5   890.0
    49 180.709   0.017 180.726   396173.2 237151.6 23873.0 15695.3    453.1  1028.4   575.0
    50  -5.459   0.019  -5.440   340372.9 203137.0 17079.7 11250.4    719.7   415.6  1004.8

         Carbon flux (ktC/yr)        Water (dam3/yr)                Nitrogen (MgN/yr)
       ----------------------- -------------------------- --------------------------------
Spinup NEP     estab   NBP     transp     evap    interc  nuptake ndemand  nlosses ninflux
------ ------- ------- ------- ---------- ------- ------- ------- -------- ------- -------
    51  50.886   0.018  50.904   419472.0 223900.2 23577.5 15299.1    663.0   482.2   934.6
    52 156.621   0.017 156.638   449227.9 198392.8 20568.0 15694.2    811.9   442.7  1271.0
    53 -55.115   0.012 -55.103   406632.3 222459.0 24725.7 13359.6    748.8   419.6  1090.9
    54 -270.805   0.006 -270.799   334241.4 234112.4 24399.6 12893.6    462.8  1040.5   882.0
    55 117.579   0.015 117.593   488717.1 222804.0 29033.0 21633.8    873.4   629.0  1396.9
    56 111.439   0.019 111.457   394092.4 226346.1 27519.5 15091.5    579.4   805.9   757.9
    57 -182.587   0.019 -182.568   305074.4 196349.8 14918.8  4693.3    666.0   382.6   723.9
    58 -225.731   0.013 -225.718   283161.6 236869.3 16859.1 13791.7    497.7   469.7   740.5
    59 -257.959   0.021 -257.938   281722.4 236060.9 20399.4 11479.3    479.6   499.9   531.4
    60 -141.861   0.018 -141.843   329887.7 199825.8 15094.6 12398.8    534.8   593.4   750.3
    61 -150.643   0.016 -150.626   327960.2 199387.7 15462.0 12335.9    499.0   562.9   682.5
    62 109.137   0.003 109.140   373129.6 192239.7 15038.0 18758.8    774.4   447.5  1109.0
    63 -102.584   0.008 -102.576   311608.7 209822.7 17621.4  8895.6    672.0   521.2   905.7
    64 -57.365   0.007 -57.358   313282.6 196338.8 15367.6 12159.5    672.8   392.4   874.9
    65 -55.575   0.011 -55.563   337963.6 195610.2 17897.3 15162.2    685.0   725.1   911.0
    66  14.730   0.014  14.744   349829.7 205458.9 16194.1 12247.2    592.7   718.0   882.9
    67 -63.920   0.017 -63.903   339147.7 203571.5 16128.5 12677.5    563.8   681.2   794.2
    68 137.814   0.011 137.824   376539.5 200342.4 13757.0 19206.9    578.8   529.6   776.7
    69   4.262   0.010   4.272   376282.7 224531.8 25717.2 15873.3    838.6   423.7  1215.8
    70  50.491   0.004  50.495   354166.8 195583.3 18553.8 12575.2   1031.9   461.6  1197.5
    71 -194.377   0.013 -194.365   281983.6 237694.8 18367.7 10708.8    481.2   501.3   561.4
    72 -160.665   0.019 -160.646   347357.0 199234.0 20751.5 14110.6    725.1   432.3   915.3
    73 -47.080   0.020 -47.060   331161.2 237867.8 17714.5 16920.4    534.1   497.3   804.6
    74 -37.322   0.021 -37.301   344398.2 213820.1 16723.9 11341.4    822.6   310.8  1142.7
    75 -72.856   0.020 -72.835   334923.9 241327.3 20130.0 13556.6    464.8   713.5   713.1

         Carbon flux (ktC/yr)        Water (dam3/yr)                Nitrogen (MgN/yr)
       ----------------------- -------------------------- --------------------------------
Spinup NEP     estab   NBP     transp     evap    interc  nuptake ndemand  nlosses ninflux
------ ------- ------- ------- ---------- ------- ------- ------- -------- ------- -------
    76 -87.131   0.019 -87.112   346857.3 193247.3 22359.3 13627.9    947.6   407.0  1293.5
    77 164.546   0.017 164.563   368663.2 178643.1 14315.4 19448.5    401.2  1204.0   673.1
    78 209.296   0.014 209.309   375551.3 200620.6 16808.5 17461.6    534.9   478.5   933.3
    79 -181.781   0.012 -181.769   293553.5 235327.5 25855.2  9856.1    348.1   564.2   410.8
    80  -2.596   0.004  -2.592   384433.8 221329.6 22663.8 22022.8    526.4   737.7   766.5
    81  89.546   0.015  89.561   383290.3 208784.4 20070.4 12892.6    377.4   812.3   574.2
    82 201.076   0.012 201.088   419114.2 228366.1 25738.5 20085.0    400.3   689.3   454.7
    83 -97.632   0.014 -97.618   315918.7 177853.6 17971.6  9610.1    716.5   443.1   980.2
    84 265.761   0.009 265.770   419059.3 208045.1 15537.7 20146.5    491.0   584.8   670.5
    85 124.290   0.012 124.302   328151.1 202728.6 18178.9 11372.5    486.1   692.5   663.0
    86  17.047   0.021  17.068   315669.9 208694.9 21107.5 13156.3    535.6   701.4   706.1
    87 -299.883   0.023 -299.860   253856.7 214799.3 17032.6  2134.6    805.3   321.6   899.3
    88 -185.568   0.010 -185.558   332306.7 199598.3 17353.6 14693.2    813.2   374.2  1287.0
    89  91.426   0.008  91.433   377257.0 201444.9 13366.0 16659.8    861.0   599.2  1295.8
    90 -163.469   0.011 -163.457   285699.6 191274.6 13165.9  5927.3    642.1   382.3   744.3
    91 -71.749   0.011 -71.738   339306.5 218561.4 19894.6 14185.9    998.8   354.3  1484.0
    92 -12.482   0.011 -12.471   330412.0 196761.4 13093.9 13923.8    893.4   416.0  1294.8
    93 -254.958   0.018 -254.941   249060.8 173898.7 14723.5  7262.7    706.7   361.6   821.6
    94 -48.977   0.009 -48.968   351352.1 199209.6 15544.6 17482.1    734.3   488.6  1204.1
    95 239.552   0.008 239.560   451699.2 192714.9 18644.1 18399.8    785.7   425.7  1218.4
    96  -0.677   0.012  -0.664   353898.0 198011.3 20382.1 13817.7    684.0   654.2   928.7
    97 279.687   0.009 279.697   383051.1 216645.3 18806.6 17489.7    654.5   653.3   975.2
    98 -10.608   0.020 -10.588   375215.4 203097.6 25046.0 12991.2    695.4   419.6   922.9
    99 258.099   0.017 258.116   397421.4 207703.8 16034.8 16861.8    744.5   658.6   982.7
   100 -96.188   0.018 -96.170   293573.3 241488.4 19874.4 12169.5    493.5   423.7   578.6

         Carbon flux (ktC/yr)        Water (dam3/yr)                Nitrogen (MgN/yr)
       ----------------------- -------------------------- --------------------------------
Spinup NEP     estab   NBP     transp     evap    interc  nuptake ndemand  nlosses ninflux
------ ------- ------- ------- ---------- ------- ------- ------- -------- ------- -------
   101 -96.215   0.018 -96.197   353544.4 198428.6 22969.4 12784.9    984.5   441.1  1323.5
   102  10.928   0.020  10.947   336271.6 242580.8 23746.5 15334.5    386.7   579.9   543.0
   103  32.102   0.013  32.115   423389.1 205905.1 24840.0 21008.7    718.7   436.0  1095.9
   104 127.917   0.010 127.927   392015.7 204289.3 22781.7 16706.2    367.5   796.1   478.6
   105 324.104   0.011 324.115   394788.5 220435.6 22945.7 18629.7    480.8   681.6   686.9
   106  81.731   0.012  81.743   386409.0 233227.4 28558.3 14571.8    887.8   406.0  1251.2
   107 -116.405   0.012 -116.393   342919.3 204871.0 21716.8 10981.1    739.4   690.7   933.5
   108 -47.735   0.014 -47.721   325798.7 242744.4 24165.5 13310.9    466.7   515.6   601.1
   109  94.904   0.015  94.919   364999.7 197328.6 13378.6 13630.9    612.1   436.3   786.9
   110 -169.813   0.022 -169.791   308920.3 220488.2 16203.7  6176.9    719.8   386.8  1090.2
   111 -169.956   0.013 -169.943   320206.7 245898.8 15890.6 11839.8    496.7   492.4   868.4
   112 -93.566   0.019 -93.547   370239.9 223140.0 19872.9 16148.6    904.7   458.3  1490.8
   113  62.086   0.019  62.105   397518.4 191271.5 18111.7 14794.2    790.9   412.2  1113.2
   114  64.070   0.014  64.084   357004.2 193728.1 16021.1 13550.3   1050.7   418.9  1343.5
   115 -166.307   0.015 -166.292   287274.4 234682.2 17453.8 13435.0    506.2   427.1   705.5
   116 -152.499   0.018 -152.481   352572.4 198982.7 19647.6 13293.9    765.7   325.8  1093.2
   117 194.345   0.017 194.363   370161.3 210634.6 18754.9 18022.9    653.4   445.9  1004.1
   118 -193.871   0.014 -193.857   345194.4 235671.7 33204.8 13809.8    507.8   577.4   863.6
   119 299.022   0.013 299.035   498679.7 220270.0 32047.7 23969.7    566.7   731.8   837.2
   120  34.806   0.019  34.824   400851.6 221596.0 29718.1 12412.3    533.0   426.5   713.1
   121 199.745   0.007 199.752   498290.7 223889.1 34474.8 21454.1    773.2   519.0  1262.2
   122 225.502   0.007 225.509   370852.4 215003.9 24955.7 15076.4    483.6   765.2   689.1
   123 -182.712   0.017 -182.696   277143.8 247128.1 20462.5  9696.6    341.3   663.9   375.7
   124  30.901   0.018  30.920   337845.9 196656.7 16449.2 12741.4    916.6   492.9  1013.2
   125 -36.960   0.018 -36.942   307124.9 190710.2 16835.3 10478.2    846.4   436.7   925.5

         Carbon flux (ktC/yr)        Water (dam3/yr)                Nitrogen (MgN/yr)
       ----------------------- -------------------------- --------------------------------
Spinup NEP     estab   NBP     transp     evap    interc  nuptake ndemand  nlosses ninflux
------ ------- ------- ------- ---------- ------- ------- ------- -------- ------- -------
   126 -154.726   0.016 -154.710   314893.3 208064.1 20056.9 13270.5    653.4   673.5   891.1
   127 -291.599   0.013 -291.586   313362.8 230467.2 20226.8 13186.4    500.8   695.2   806.0
   128 -23.995  -0.000 -23.995   368339.0 188322.8 13260.9 11807.9    469.2   673.6   693.9
   129 229.574   0.009 229.583   372841.5 202560.7 13369.3 18629.1    437.6   728.1   654.7
   130 -61.509   0.013 -61.496   342788.1 195969.3 24289.5 13066.2    692.6   445.7  1011.9
   131 315.442   0.010 315.452   408532.9 201537.3 16927.6 19628.7    754.5   465.0  1083.2
   132  52.409   0.011  52.420   379182.1 195285.8 23334.3 16631.0    654.5   484.4   937.2
   133 -83.898   0.011 -83.887   315080.2 180251.5 17005.6  9389.1    765.7   324.2  1072.4
   134  -6.454   0.016  -6.437   371462.7 228280.9 15549.5 12482.0    559.2   456.8   918.5
   135 -157.602   0.011 -157.591   297165.3 241999.7 21774.8 10525.6    364.7   613.6   508.1
   136   8.495   0.014   8.509   400031.1 200948.9 21578.3 20085.8    525.7  1130.8   997.3
   137 -179.564   0.019 -179.545   340727.6 234548.4 24825.0 15127.2    220.9  2561.6   419.8
   138 110.113   0.019 110.132   419477.8 235046.4 24233.9 20025.0    588.7   810.5  1003.0
   139 226.171   0.017 226.188   431057.2 230711.6 26037.5 19014.1    325.0  1042.0   462.2
   140  79.687   0.011  79.698   402413.0 194015.0 24640.9 17521.9    603.5   555.0   885.8
   141 111.344   0.008 111.352   348893.4 201979.2 18180.6 12999.5    563.2   510.7   859.8
   142  23.781   0.003  23.785   464600.5 220248.9 32468.5 19615.7    742.0   568.1  1159.1
   143  -3.676   0.008  -3.668   346490.3 196821.8 21058.3 10375.8    770.6   532.7   877.8
   144 -226.334   0.016 -226.319   275065.9 214959.2 18292.5  4221.4    413.3   817.3   476.6
   145 -143.281   0.010 -143.271   365029.1 224982.9 20861.8 15889.0    990.8   370.2  1571.7
   146 -224.422   0.015 -224.407   296583.3 232946.8 22639.0 12245.0    424.9   481.1   485.0
   147 -258.237   0.017 -258.220   327954.1 230144.1 20113.3 16211.1    392.9   967.5   775.3
   148  29.912   0.008  29.920   408308.8 206518.3 21483.9 17192.1    383.7  1019.7   660.8
   149 125.448   0.012 125.460   384159.7 226084.6 17575.9 12224.3    432.7   934.8   727.8
   150 138.996   0.018 139.014   395734.0 196916.0 21273.0 19540.9    617.2   579.8  1049.1

         Carbon flux (ktC/yr)        Water (dam3/yr)                Nitrogen (MgN/yr)
       ----------------------- -------------------------- --------------------------------
Spinup NEP     estab   NBP     transp     evap    interc  nuptake ndemand  nlosses ninflux
------ ------- ------- ------- ---------- ------- ------- ------- -------- ------- -------
   151 177.713   0.017 177.730   361756.0 175786.9 15314.1 16451.8    455.3   918.3   746.6
   152  55.837   0.009  55.846   376880.5 224433.3 25946.4 17912.7    666.5   497.2   850.2
   153 -38.401   0.008 -38.393   334714.5 242458.7 21693.8 14778.9    249.5   763.9   363.9
   154 -79.449   0.020 -79.429   378572.1 202693.8 24428.5 13708.1    502.1   664.5   677.7
   155 -34.178   0.024 -34.155   338660.4 209188.5 18423.2  8832.8    513.4   579.7   714.9
   156 -16.579   0.017 -16.563   404829.6 221278.7 21984.6 17010.1    547.4   458.9   868.9
   157 -188.177   0.016 -188.161   361255.2 239844.2 34902.7 16390.9    375.5  1283.0   733.9
   158 378.681   0.015 378.696   468755.7 197491.9 22855.2 19670.0    337.1  1216.7   482.4
   159 -137.944   0.019 -137.925   346999.6 191123.0 18497.1  6379.2    394.7   940.9   524.4
   160 -120.519   0.021 -120.497   311948.5 225667.9 15090.6  9115.4    457.3  1136.1   751.2
   161 -310.641   0.019 -310.622   266753.8 238324.5 15940.7  7626.1    448.6  1055.1   761.5
   162 -252.621   0.019 -252.601   288650.4 239027.4 13752.4 10332.2    545.0  1131.1   948.5
   163 -167.418   0.018 -167.401   307150.8 202688.0 11709.7 10099.7    716.6  1040.7  1107.5
   164 -293.999   0.013 -293.986   310579.9 229021.4 16851.2 16576.2    440.0  1229.4   860.7
   165  29.509   0.002  29.511   395003.9 199103.5 20551.8 18942.6    565.4  4616.2  1058.7
   166 201.205   0.001 201.206   384798.6 225077.4 24669.3 22237.7    276.7  1679.5   392.8
   167 260.350   0.007 260.358   428258.4 234654.6 28039.9 20789.4    341.4  1357.4   549.6
   168  83.915   0.014  83.928   417940.7 205557.5 27163.2 15200.3    349.0  1054.1   527.7
   169 -85.609   0.014 -85.595   353229.6 245301.1 35791.4 14087.8    305.6  3316.0   564.2
   170 378.254   0.020 378.274   396113.4 223703.4 22039.8 19692.7    309.5  1652.9   444.2
   171 -155.118   0.026 -155.093   285582.3 211546.6 18314.2  3186.1    326.0   901.4   446.1
   172 -66.284   0.016 -66.268   368685.1 222173.9 20366.7 21271.0    565.0   953.4   932.7
   173 282.202   0.016 282.218   439146.9 204476.9 16113.9 20191.9    356.9   867.2   516.7
   174 -104.224   0.019 -104.206   305934.4 197695.0 16147.1  4881.4    305.1   728.6   370.9
   175  46.589   0.011  46.599   310446.4 175366.4 12840.1 15619.2    442.9   970.5   793.3

         Carbon flux (ktC/yr)        Water (dam3/yr)                Nitrogen (MgN/yr)
       ----------------------- -------------------------- --------------------------------
Spinup NEP     estab   NBP     transp     evap    interc  nuptake ndemand  nlosses ninflux
------ ------- ------- ------- ---------- ------- ------- ------- -------- ------- -------
   176   7.963   0.007   7.970   323991.4 212208.0 18264.4 13968.7    531.1   856.3   845.5
   177 -107.077   0.012 -107.065   279547.5 195332.3 15485.2  7970.6    694.6   887.8   778.2
   178 -301.199   0.016 -301.183   251764.3 190467.4 10965.7  3982.3    398.5  1064.0   421.8
   179 -274.598   0.013 -274.585   266044.1 206970.0 11740.2  8075.3    839.6   412.6  1130.2
   180 -158.217   0.007 -158.210   295425.4 191267.6 11492.3 13501.6    761.9   418.4  1119.3
   181 -86.686   0.007 -86.679   390048.7 201018.2 19889.5 19760.9    829.7   502.7  1513.3
   182 128.374   0.011 128.386   401188.6 210076.4 22476.7 20149.3    360.6   884.6   577.1
   183 187.459   0.011 187.470   429094.2 230060.0 26969.1 20366.4    592.0   625.4   927.7
   184 298.309   0.013 298.323   391167.1 213679.6 22447.6 17056.3    483.7   734.5   677.0
   185 162.874   0.012 162.886   335321.9 195442.9 20487.2 10688.3    655.6   514.2   716.6
   186 -168.312   0.010 -168.302   275566.2 238933.2 24236.2  6786.4    286.4   979.5   328.4
   187 135.822   0.019 135.841   350418.9 197598.2 14189.6 18520.4    610.4   762.8   902.2
   188 -268.549   0.017 -268.532   358268.3 237482.7 32958.7 15024.7    651.1   755.2  1031.9
   189 197.131   0.014 197.146   372134.1 181557.2 17122.9 17274.9    410.8  1155.9   633.3
   190 135.950   0.008 135.958   453264.3 224375.0 26911.4 17744.9    480.9   938.4   792.3
   191 112.226   0.010 112.236   388706.2 227051.4 28570.0 19240.7    531.9   976.4   752.4
   192  56.657   0.015  56.671   377318.5 193049.8 19258.9  9384.2    243.1  1505.8   282.1
   193 -35.222   0.011 -35.211   370278.2 206453.5 24367.8 12858.5    669.8   723.8  1017.1
   194  -6.188   0.013  -6.175   398229.7 207958.6 23914.8 14130.1    707.0   703.3  1182.1
   195 185.881   0.012 185.893   377117.5 218777.5 20081.8 15870.4    769.7   716.9  1119.8
   196  70.184   0.012  70.196   456783.8 219396.8 31587.1 16843.7    999.5   700.1  1439.6
   197 -210.225   0.013 -210.212   352801.0 240453.4 37845.4 12518.4    641.1  1682.1   997.5
   198 119.065   0.019 119.084   404986.3 201069.7 26909.5 16520.2    672.6  2327.7  1099.5
   199 168.877   0.018 168.896   393953.5 226048.4 19990.2 13599.5    403.6  1200.1   641.5
   200  96.551   0.019  96.570   408543.5 196325.2 22032.8 12496.7    886.3   597.8  1323.2

         Carbon flux (ktC/yr)        Water (dam3/yr)                Nitrogen (MgN/yr)
       ----------------------- -------------------------- --------------------------------
Spinup NEP     estab   NBP     transp     evap    interc  nuptake ndemand  nlosses ninflux
------ ------- ------- ------- ---------- ------- ------- ------- -------- ------- -------
   201 -121.853   0.017 -121.836   340313.3 248657.8 20027.1 12467.7    556.9   955.6   854.2
   202 -50.622   0.015 -50.607   436600.0 218620.5 28533.4 16704.6   1212.2   657.9  1642.0
   203 -244.632   0.026 -244.605   295345.2 202347.2 18955.5  4956.0    708.8   604.2   832.4
   204 -136.845   0.014 -136.830   303657.1 175918.1 13466.9 13016.2    841.1   455.6  1150.4
   205  80.498   0.009  80.507   362168.0 200037.8 15213.1 16906.8    745.1   451.3  1111.5
   206  47.647   0.003  47.649   360235.1 242110.5 17760.3 18544.6    473.4   597.3   684.8
   207   2.618   0.021   2.639   336443.9 176910.5 15997.8 13159.9    748.0   516.1  1008.1
   208 182.494   0.019 182.513   390104.8 202303.2 15917.8 18319.7    661.4   480.2  1076.3
   209 161.725   0.013 161.739   370368.5 201928.0 16344.7 15828.8    512.0   665.8   654.2
   210 -211.368   0.018 -211.350   291240.2 205806.6 19770.6  4794.5    378.7   746.8   437.8
   211 -319.515   0.010 -319.506   308195.4 187674.4 13203.3  7266.9    536.7   495.2   675.5
   212 -100.957   0.006 -100.950   346762.8 216410.4 18820.5 19464.3    767.3   430.6  1259.1
   213   9.236   0.009   9.246   418223.3 203512.4 23709.0 20629.4    741.2   500.2  1178.9
   214 153.620   0.017 153.637   365643.9 180726.7 15598.3 17612.9    299.2  1173.1   513.4
   215  28.706   0.006  28.712   409175.5 207919.6 26388.2 17481.4    668.0   845.7   955.9
   216 101.350   0.016 101.366   357081.9 214145.9 20021.1  9488.3    213.6  1206.3   327.1
   217 114.835   0.015 114.850   399371.9 196166.2 21009.3 20178.0    583.8   671.6   909.1
   218 -220.106   0.021 -220.085   329320.2 190301.6 16699.8  4101.1    509.1   528.8   608.2
   219   8.957   0.012   8.968   322762.6 200918.1 14707.7 13054.5    691.7   371.7   943.8
   220 -11.384   0.006 -11.379   328481.5 241775.7 16371.1 17458.2    405.6   554.0   652.0
   221 -92.285   0.017 -92.268   310254.4 191660.9 12826.6  8503.4    578.8   633.6   651.5
   222 -234.119   0.020 -234.098   270052.4 188396.0 12273.6  5999.2    621.6   411.5   698.3
   223 -226.566   0.015 -226.551   319921.2 210358.8 18195.1 12617.3    759.2   369.0  1190.0
   224 160.263   0.005 160.269   361943.4 205408.3 16011.3 20057.3    621.7   445.7  1071.2
   225 -147.851   0.010 -147.841   302738.3 197872.4 17018.3  7832.7    586.6   596.9   768.9

         Carbon flux (ktC/yr)        Water (dam3/yr)                Nitrogen (MgN/yr)
       ----------------------- -------------------------- --------------------------------
Spinup NEP     estab   NBP     transp     evap    interc  nuptake ndemand  nlosses ninflux
------ ------- ------- ------- ---------- ------- ------- ------- -------- ------- -------
   226 -113.556   0.006 -113.550   309236.4 224949.4 15998.6 17223.1    404.4   624.2   642.2
   227 -166.999   0.010 -166.989   359147.9 234589.0 29572.8 17382.2    576.3   737.7   956.4
   228 272.596   0.010 272.606   397188.6 219850.2 18335.3 16032.7    304.6  1096.8   454.0
   229  58.322   0.013  58.336   387507.0 202656.1 25198.7 14668.9    603.3   469.8   872.6
   230  15.767   0.015  15.783   340158.4 240791.1 20363.0 10863.4    397.1   708.0   700.4
   231  51.457   0.021  51.478   341727.7 244917.9 16874.8 17863.0    454.3   508.8   694.5
   232 -167.048   0.017 -167.030   352229.9 239489.9 32622.0 14963.6    577.4  1569.8   859.5
   233 105.689   0.016 105.704   367232.4 245841.9 18983.4 18815.3    334.0  1420.6   426.2
   234 120.183   0.013 120.196   381629.4 224823.8 25959.1 18939.6    667.7   879.7   823.5
   235 -78.771   0.012 -78.759   359452.6 240853.9 38795.2 14027.2    395.0  3746.3   590.4
   236 278.880   0.021 278.902   371284.3 208876.9 19111.9 15391.4    387.3  1269.7   454.7
   237 261.122   0.018 261.140   419069.0 202856.8 24915.5 18791.3    780.0  1156.7  1065.1
   238 210.486   0.015 210.501   373788.5 220061.0 23413.6 13757.2    890.4   881.5  1098.4
   239 -31.227   0.009 -31.218   342612.5 214967.4 23897.8 11676.5    762.8   647.7  1037.8
   240 -136.107   0.024 -136.084   341832.9 249694.2 19586.2 11397.1    658.6   922.1   871.4
   241 -236.672   0.023 -236.649   316706.9 186775.7 14363.6  5579.1    798.3   497.2   931.5
   242 -170.005   0.015 -169.990   345123.7 194612.2 20055.2 13087.5   1219.9   928.1  1669.3
   243 -197.669   0.014 -197.656   323122.3 229806.6 21602.7 14116.3    484.3  2128.7   944.2
   244  55.162   0.018  55.180   358678.1 236978.5 16159.6 19526.5    483.5   784.4   736.5
   245  76.394   0.018  76.412   418347.0 217833.5 23244.1 15668.8    764.8   597.4  1098.6
   246 128.168   0.014 128.182   379866.0 223849.2 26268.2 18689.4    765.6   520.9   988.2
   247 133.073   0.014 133.087   358688.3 209534.9 19854.7 10736.8    387.2   688.0   502.0
   248 -61.922   0.022 -61.900   358247.0 191676.0 15673.1  9895.0    576.5   550.7   727.8
   249 -108.589   0.022 -108.566   290442.1 237931.9 22403.8 11557.6    572.6   419.7   707.3
   250 -61.118   0.017 -61.102   314849.2 238298.0 20808.6 15311.5    495.1   519.9   615.8

         Carbon flux (ktC/yr)        Water (dam3/yr)                Nitrogen (MgN/yr)
       ----------------------- -------------------------- --------------------------------
Spinup NEP     estab   NBP     transp     evap    interc  nuptake ndemand  nlosses ninflux
------ ------- ------- ------- ---------- ------- ------- ------- -------- ------- -------
   251 -154.881   0.009 -154.872   355051.5 239107.1 31052.5 17215.2    562.1  1271.6   906.0
   252 414.271   0.008 414.279   412703.6 195552.1 18772.0 19466.3    784.0   901.6  1077.2
   253  22.625   0.016  22.641   306293.6 178392.0 17926.7  9714.9    703.7   830.0   881.4
   254  39.092   0.015  39.107   371131.1 228567.4 15580.6 11725.4    656.5   800.1  1114.1
   255 -119.831   0.007 -119.824   329422.8 250192.3 17299.1 11705.6    482.3   804.5   847.0
   256 -68.936   0.019 -68.917   364665.4 202901.4 19410.1 13598.4    734.7   839.6  1092.0
   257 -38.651   0.022 -38.629   313220.5 239436.4 21280.8 12542.5    575.3   719.5   818.8
   258  11.938   0.017  11.955   415340.5 204200.8 19638.8 17360.8    628.1   658.2   960.0
   259 194.017   0.017 194.034   379683.2 201473.9 15228.3 16143.7    711.5   590.6  1175.2
   260 -155.492   0.016 -155.476   323675.2 187822.8 15313.1  6482.2    550.0   595.9   652.8
   261  44.177   0.001  44.177   441600.1 217359.8 26363.5 18765.2   1049.2   460.7  1652.7
   262 -118.963   0.011 -118.952   293657.3 235297.7 24200.5 10575.3    492.5   550.6   554.8
   263 -173.328   0.018 -173.310   327618.2 229884.3 20822.3 15058.7    535.1   895.6   949.0
   264  75.252   0.012  75.264   400366.5 230134.6 22893.3 16836.1    858.0   687.6  1412.2
   265  20.060   0.015  20.075   353272.3 234460.2 18790.9 16327.7    453.5   728.9   606.6
   266 115.559   0.017 115.577   394133.6 192472.0 21226.1 17770.4    756.0   617.8  1046.8
   267 -142.697   0.021 -142.676   329022.5 231325.4 24770.1 10935.3    555.0   998.7   885.8
   268 134.349   0.015 134.364   405459.4 233671.4 23343.2 16924.2    855.0   621.4  1363.8
   269  96.967   0.012  96.979   428779.6 224153.9 24799.2 14645.7    708.9   589.9  1072.3
   270 111.683   0.010 111.692   384191.3 203707.9 20737.1 15460.7    594.9   775.8   840.4
   271  92.854   0.011  92.865   366314.7 245844.9 19390.8 17442.2    395.0   612.3   545.5
   272  49.278   0.019  49.297   415167.4 204840.5 26157.6 17500.8    848.5   487.5  1228.4
   273 324.599   0.020 324.619   389885.6 216187.4 23848.3 16884.2    525.6   794.1   732.1
   274 -55.150   0.019 -55.130   306753.0 245881.1 20556.7 11684.0    479.3   472.7   616.0
   275 -137.329   0.023 -137.306   296125.4 237669.1 18304.3 12276.6    543.1   562.2   663.2

         Carbon flux (ktC/yr)        Water (dam3/yr)                Nitrogen (MgN/yr)
       ----------------------- -------------------------- --------------------------------
Spinup NEP     estab   NBP     transp     evap    interc  nuptake ndemand  nlosses ninflux
------ ------- ------- ------- ---------- ------- ------- ------- -------- ------- -------
   276  48.338   0.017  48.354   332998.6 200030.1 14006.3 13107.4    715.8   479.0   944.4
   277 -54.406   0.014 -54.392   330433.8 216259.3 23099.1 14849.4    859.7   557.3  1141.5
   278 -47.487   0.010 -47.476   337722.4 233959.0 18455.8 15764.9    565.4   481.0   788.2
   279  84.274   0.017  84.291   384507.9 223092.8 23490.7 15736.6    702.2   527.8   897.8
   280  90.503   0.016  90.519   347461.7 199729.1 15897.5 12590.8    827.0   536.5  1046.0
   281 -98.158   0.015 -98.143   331466.1 195577.3 24637.4 10646.1    989.9   422.5  1213.8
   282 222.204   0.007 222.211   457303.5 198096.5 20001.6 17713.2    803.2   492.5  1240.7
   283 214.964   0.006 214.969   396163.4 203699.6 16328.6 16685.8    673.6   579.1   916.8
   284 118.924   0.013 118.937   344978.2 204629.5 17039.6 13186.5    580.6   517.6   730.5
   285 -72.246   0.015 -72.231   338962.7 192021.7 21502.5  8761.7    721.0   374.2   805.0
   286 -156.199   0.012 -156.187   360978.7 217557.3 22100.0 12173.5    935.1   409.6  1191.4
   287 -110.938   0.014 -110.925   331069.4 236013.3 18505.4 12539.2    456.3   580.7   766.0
   288  57.008   0.019  57.027   342505.8 174120.8 11790.2 17487.2    506.2   506.9   891.4
   289 114.827   0.010 114.837   354700.3 212044.5 17567.0 15136.0    637.6   713.2   924.9
   290 -69.276   0.021 -69.255   304236.8 198730.6 16061.4  8699.2    559.1   426.5   764.5
   291 -200.223   0.016 -200.208   322868.3 231371.9 20937.8 14028.3    475.5   993.9   866.1
   292 132.921   0.019 132.940   396173.9 232522.7 19602.2 17872.3    569.9   723.6   889.3
   293 -14.362   0.010 -14.352   466669.7 222258.3 28567.6 17667.9   1003.4   447.0  1608.8
   294 -125.759   0.018 -125.741   315452.5 236295.0 20861.4  9464.4    341.9   453.5   534.7
   295 -50.633   0.010 -50.623   342459.8 248735.9 17118.6 14118.5    346.2   585.5   616.8
   296 -257.383   0.025 -257.358   309092.2 186431.7 13269.8  5672.7    484.8   470.6   631.1
   297 -95.570   0.015 -95.556   351579.8 194503.7 18432.0 15890.5    885.7   351.1  1449.2
   298 148.394   0.012 148.406   362860.2 177372.8 12761.5 19889.7    364.4   899.7   683.7
   299   6.108   0.011   6.119   348601.9 205327.9 17295.3 11204.3    428.1   645.8   704.1
   300 -31.305   0.010 -31.295   356696.9 200877.3 17962.7 16565.0    457.4   670.6   748.5

         Carbon flux (ktC/yr)        Water (dam3/yr)                Nitrogen (MgN/yr)
       ----------------------- -------------------------- --------------------------------
Spinup NEP     estab   NBP     transp     evap    interc  nuptake ndemand  nlosses ninflux
------ ------- ------- ------- ---------- ------- ------- ------- -------- ------- -------
   301 -164.526   0.015 -164.511   340060.5 229969.9 23687.9 14221.4    377.0  1069.7   744.6
   302 328.249   0.016 328.265   393109.3 214080.0 19606.6 20372.7    459.0   649.2   714.2
   303 200.807   0.016 200.823   356240.2 193460.5 19052.9 12863.7    856.5   378.6  1044.1
   304 115.413   0.011 115.425   338272.1 201286.9 16090.5 13054.0    616.4   609.3   751.2
   305 -215.354   0.010 -215.344   320588.1 227350.7 24630.8 11891.5    644.8   610.8   936.2
   306 -83.703   0.015 -83.688   364639.8 222176.5 22715.9 16795.5    882.9   697.0  1145.6
   307 -31.939   0.013 -31.926   417595.9 205064.4 25797.0 18113.7    861.3   374.2  1315.3
   308 322.306   0.012 322.318   399746.5 215927.1 23318.0 18835.6    475.5   647.0   647.8
   309 159.771   0.011 159.782   331761.9 201077.6 18117.2 11599.3    646.6   456.2   879.0
   310 -104.105   0.017 -104.089   316779.7 195281.1 18114.4  9003.2    610.4   520.1   713.6
   311 -209.678   0.014 -209.664   340892.6 241983.6 31338.3 14761.7    591.2   745.8   940.1
   312 294.348   0.019 294.367   426252.4 208708.2 15405.4 19511.8    487.6   777.3   676.2
   313  50.666   0.026  50.692   333104.3 180443.1 15060.7 13523.7    457.1  1017.5   755.9
   314 -90.400   0.013 -90.387   315849.8 203097.5 16481.5  9294.3    602.8   606.4   779.9
   315 123.099   0.005 123.105   347044.1 204794.9 14396.9 15360.7    700.8   654.3  1077.8
   316  20.634   0.007  20.641   332897.2 207518.5 18668.7 13700.1    708.4   664.4   993.4
   317 -182.116   0.011 -182.105   364896.8 198637.4 22864.6 13950.4   1071.7   366.1  1532.1
   318 -46.511   0.011 -46.500   405179.4 202290.1 25281.6 17594.3    845.6   448.5  1255.1
   319  18.714   0.015  18.729   379980.9 190153.9 17424.9 10657.0    425.5   566.1   531.9
   320  78.835   0.010  78.844   367265.5 222210.2 25263.9 18463.4    711.8   333.1  1057.9
   321  47.373   0.012  47.385   324893.5 179129.6 17656.1 11748.7    525.1   498.5   687.8
   322 275.022   0.002 275.025   424764.3 209303.1 15327.6 19330.4    528.4   513.1   807.2
   323  -1.596   0.001  -1.595   360838.9 214476.6 25129.1 11834.3    490.8   605.5   739.4
   324 -63.190   0.025 -63.164   324110.8 209009.0 18384.5  9231.7    377.1   551.4   494.1
   325 -108.993   0.015 -108.978   400187.1 203895.7 22772.3 19233.5    935.8   379.6  1481.8

         Carbon flux (ktC/yr)        Water (dam3/yr)                Nitrogen (MgN/yr)
       ----------------------- -------------------------- --------------------------------
Spinup NEP     estab   NBP     transp     evap    interc  nuptake ndemand  nlosses ninflux
------ ------- ------- ------- ---------- ------- ------- ------- -------- ------- -------
   326  33.049   0.015  33.064   394050.2 214135.3 24559.5 17028.4    499.4   709.5   757.5
   327  67.575   0.007  67.583   419254.4 233303.0 27189.6 18016.5    763.2   416.2  1132.8
   328 179.182   0.006 179.188   380599.7 212435.5 23387.4 15916.3    637.5   617.7   875.6
   329 -16.429   0.011 -16.418   371251.3 228535.5 27485.5 13539.2    934.0   348.8  1346.2
   330 -133.899   0.014 -133.885   373005.0 200503.0 25284.9 12093.7    776.7   420.6   942.5
   331   7.589   0.013   7.601   406332.8 232380.6 26109.3 16073.3   1045.1   441.7  1561.6
   332  28.795   0.008  28.802   385310.4 225177.1 26798.9 18085.5    925.8   415.1  1126.1
   333  72.560   0.013  72.573   400378.2 198747.3 29363.2 15155.6    733.2   472.7   962.4
   334 179.305   0.013 179.318   394690.2 229269.8 20395.1 12653.4    391.2   999.9   506.2
   335  -6.591   0.024  -6.567   346096.6 224294.3 19018.0  9628.8    580.9   662.9   860.0
   336 -328.781   0.026 -328.755   301710.7 188747.3 14754.3  4415.7    635.1   392.8   825.3
   337 -172.068   0.013 -172.055   345481.7 201111.2 18197.6 14936.2    853.7   326.5  1415.5
   338 -46.017   0.008 -46.009   357052.1 220247.2 22039.2 17993.1    924.5   345.1  1365.2
   339  10.184  -0.001  10.183   416123.2 201824.7 25884.2 19511.4    797.0   474.3  1138.7
   340 177.344   0.010 177.354   395932.6 221250.3 19928.3 14161.3    451.4   790.9   631.6
   341 218.429   0.013 218.442   382703.0 206218.1 16559.3 16058.3    651.1   473.4   880.5
   342 100.450   0.015 100.465   329627.9 214509.5 22043.1 12868.9    684.8   601.7   869.3
   343 -159.719   0.015 -159.704   314439.4 219206.3 23634.2 12005.3   1018.0   548.4  1235.0
   344  57.596   0.011  57.607   395121.7 227219.0 22684.4 16250.9    807.5   542.0  1036.6
   345  26.028   0.009  26.036   367021.8 196578.7 17789.9 12232.1   1292.3   323.6  1568.4
   346 -113.215   0.002 -113.213   342339.0 192199.7 21405.4 13099.9    911.9   374.0  1179.0
   347 -266.375  -0.003 -266.378   341725.8 237261.0 32736.5 13414.6    759.7   564.1  1120.3
   348 133.233   0.019 133.252   415955.6 230996.0 25160.5 19999.4    727.9   518.6  1088.1
   349 135.930   0.018 135.948   371267.1 199989.9 19118.9 14602.9    624.1   514.1   834.5
   350  36.370   0.017  36.387   352463.3 243895.3 21881.3 12180.4    283.8   899.1   498.9

         Carbon flux (ktC/yr)        Water (dam3/yr)                Nitrogen (MgN/yr)
       ----------------------- -------------------------- --------------------------------
Spinup NEP     estab   NBP     transp     evap    interc  nuptake ndemand  nlosses ninflux
------ ------- ------- ------- ---------- ------- ------- ------- -------- ------- -------
   351  23.396   0.019  23.414   408049.0 204988.1 25042.9 18146.8    905.2   408.9  1299.6
   352 201.156   0.020 201.176   411208.1 231779.5 26419.8 16146.2    526.5   998.0   690.5
   353 -24.512   0.015 -24.497   470427.4 222186.3 32893.1 16745.2   1169.8   389.4  1713.6
   354 121.512   0.016 121.528   359452.8 212222.7 23001.5 14181.2    712.0   468.9   983.4
   355 -171.647   0.013 -171.634   366270.0 199629.9 26653.6 12620.2   1154.9   316.1  1520.9
   356  56.354   0.011  56.365   343808.1 203197.8 18138.3 12587.4    666.4   464.9   822.0
   357 -13.080   0.009 -13.071   357237.5 200627.2 20233.5 14043.4    792.2   635.8  1066.3
   358  91.820   0.011  91.830   357614.3 206554.0 16734.0 14093.9    801.7   414.9  1061.5
   359 -206.200   0.013 -206.186   339909.6 240695.2 33703.4 13735.9    628.2   593.5   982.1
   360 130.817   0.020 130.837   364557.7 177998.5 15211.1 17677.6    484.4  1041.4   725.7
   361 -116.867   0.020 -116.847   356853.0 191439.8 16426.5  8523.5    604.1   503.1   754.1
   362 111.218   0.012 111.231   346723.9 174337.4 13962.8 17058.9    613.1   443.1  1038.4
   363  11.396   0.008  11.404   331856.1 198036.8 15998.7 13590.7    790.2   494.5  1097.3
   364 -58.458   0.007 -58.451   361734.2 219359.2 23680.4 14773.7    815.4   490.0  1008.0
   365 -172.584   0.014 -172.570   345160.3 211012.6 22062.4 12672.5    840.1   448.4  1256.0
   366  73.117   0.013  73.130   345822.8 198091.5 15083.5 15391.8    789.2   395.2  1030.4
   367 -295.185   0.017 -295.169   260657.7 173854.5 15712.4  6737.9    724.6   384.6   837.0
   368 -238.466   0.008 -238.458   344403.2 240460.7 28547.8 17136.2    600.0   610.1  1017.4
   369 122.553   0.014 122.567   406035.8 197748.1 24619.3 18438.2    616.0   601.1  1018.4
   370  67.570   0.018  67.589   385755.8 226749.0 26736.5 20268.9    378.5  1058.6   585.1
   371 131.943   0.014 131.957   387669.0 228629.1 28430.9 19177.8    510.8   560.7   638.0
   372 368.935   0.007 368.942   425715.2 208840.4 19061.4 17566.7    385.9   936.8   469.5
   373 -72.558   0.012 -72.546   305467.8 248657.9 22309.0 11940.6    344.9   601.5   411.7
   374  18.595   0.021  18.617   378885.4 195702.6 20691.0 11132.8    867.0   556.9  1101.6
   375 -122.996   0.019 -122.978   354807.0 222565.8 23701.9 15533.7    973.3   779.3  1284.4

         Carbon flux (ktC/yr)        Water (dam3/yr)                Nitrogen (MgN/yr)
       ----------------------- -------------------------- --------------------------------
Spinup NEP     estab   NBP     transp     evap    interc  nuptake ndemand  nlosses ninflux
------ ------- ------- ------- ---------- ------- ------- ------- -------- ------- -------
   376  43.337   0.015  43.352   354134.8 197812.3 13826.5 10947.3    763.0   425.8   969.6
   377 -145.367   0.018 -145.350   309685.3 220513.9 15627.4  7311.9    704.6   461.9  1031.2
   378 -146.684  -0.002 -146.686   337234.8 221121.1 19195.3 16141.0    810.4   740.0  1283.8
   379  49.370   0.001  49.371   483431.7 222477.7 26873.0 20569.2    901.9   630.3  1456.3
   380 -70.255   0.016 -70.239   332760.0 205906.1 18840.1  8781.9    509.3   659.8   669.3
   381 -114.241   0.014 -114.228   311366.3 238895.1 21206.4 13783.9    404.8   576.6   531.4
   382 -169.173   0.013 -169.160   345212.3 227566.3 21686.5 16698.0    454.2   863.1   872.1
   383 108.553   0.017 108.570   365125.2 207191.4 16766.3 12277.4    411.1   816.3   703.2
   384 -42.869   0.020 -42.849   343462.9 232538.4 17460.4 17724.2    390.5   579.2   608.4
   385 -103.162   0.020 -103.141   323321.0 233391.7 18508.7 15646.9    425.3   596.3   581.7
   386 -62.269   0.015 -62.254   376778.1 199557.0 22338.9 14299.7    645.8   519.5   877.6
   387 -12.357   0.015 -12.342   337416.7 237211.2 20742.0 11076.6    412.0   794.3   675.8
   388 -10.141   0.023 -10.118   328100.5 239092.6 18094.6 12066.1    381.7   600.6   696.5
   389 -44.397   0.020 -44.377   343542.7 244803.4 17402.3 14805.6    446.8   592.2   735.5
   390 -44.928   0.014 -44.914   392397.3 201296.1 23021.9 17068.8   1048.5   490.1  1529.5
   391 103.108   0.011 103.119   392925.9 213720.6 23942.7 17137.0    506.2   741.6   786.4
   392  67.891   0.004  67.895   374159.8 202537.1 20946.9 15177.5    597.2   625.9   807.4
   393 249.070   0.006 249.077   384985.8 203010.9 16917.6 17088.1    676.6   503.8  1073.0
   394 152.864   0.013 152.876   356749.7 202820.0 16884.2 14078.1    626.3   606.6   764.1
   395  45.136   0.007  45.144   439985.2 219341.6 32753.6 16931.1   1012.1   502.5  1290.7
   396 -107.917   0.017 -107.900   333659.9 243458.5 23639.8  8926.2    619.6   859.7   789.2
   397 -146.841   0.020 -146.822   340878.7 200124.2 22531.5 11729.8    834.8   436.9  1019.9
   398 -91.258   0.016 -91.241   394715.1 204165.3 24362.6 16063.6   1179.3   426.6  1725.8
   399 281.538   0.013 281.551   450952.7 195890.0 21615.3 17431.0    760.2   473.1   969.3
   400 -55.368   0.012 -55.357   312620.1 240073.7 25931.9 11083.2    543.6   548.2   673.7

         Carbon flux (ktC/yr)        Water (dam3/yr)                Nitrogen (MgN/yr)
       ----------------------- -------------------------- --------------------------------
Spinup NEP     estab   NBP     transp     evap    interc  nuptake ndemand  nlosses ninflux
------ ------- ------- ------- ---------- ------- ------- ------- -------- ------- -------
   401  24.446   0.009  24.455   386906.7 216968.2 21703.4 17675.4    641.2   674.3   907.1
   402  69.765   0.015  69.780   408800.6 195829.2 22741.5 18442.8    843.2   403.5  1153.8
   403 -179.991   0.019 -179.973   341684.3 189396.7 17552.2  5023.5    645.3   491.4   721.3
   404 -112.916   0.012 -112.904   320545.3 197823.8 18231.8 12981.2    584.1   680.3   911.7
   405 -22.916   0.010 -22.906   337894.3 205860.6 16396.5 11888.0    607.1   807.5   818.5
   406 -62.661   0.004 -62.657   381964.3 198651.2 21813.8 17256.4    854.1   440.3  1280.9
   407  19.148   0.006  19.154   380803.8 225026.0 24381.7 20017.7    485.4   963.7   719.6
   408 -126.595   0.016 -126.579   345274.2 232688.3 26324.3 14321.5    313.7  1158.1   565.2
   409 193.293   0.017 193.310   368415.1 182594.0 16963.5 16361.6    531.4   668.1   803.1
   410   9.613   0.018   9.632   362882.9 243045.0 22215.4 12552.7    306.0   722.8   594.6
   411  -5.199   0.023  -5.176   341577.3 243903.3 19198.3 12202.0    342.3   555.5   570.7
   412 157.422   0.016 157.437   407376.4 197573.5 20400.3 20547.1    771.8   382.3  1134.0
   413 -56.957   0.021 -56.936   329275.4 207164.9 18078.8  7327.8    586.5   532.2   858.9
   414  42.581   0.021  42.602   344728.1 177124.4 12127.9 17871.5    451.2   852.9   783.4
   415 -25.555   0.014 -25.542   380877.8 193425.5 20718.2 16544.0    711.1   579.0  1062.5
   416 -56.108   0.015 -56.093   342147.9 218994.8 17282.1  8131.5    747.8   386.9  1119.1
   417  90.324   0.009  90.333   356264.1 227269.3 20624.5 14556.2    699.1   661.4  1071.6
   418 -74.866   0.007 -74.859   317700.4 196945.8 15353.6 10193.9    819.7   396.7  1091.5
   419 -76.312   0.012 -76.301   316971.9 237105.8 17205.3 11456.2    456.8   646.4   739.5
   420 -92.101   0.019 -92.082   380432.4 202992.9 19237.7 14236.9    854.4   353.3  1463.9
   421 -38.642   0.021 -38.621   320293.4 237718.2 21700.0 13494.7    563.3   518.6   849.5
   422  29.297   0.016  29.314   412244.9 229719.8 22356.8 19474.5    806.3   436.3  1348.5
   423  18.772   0.013  18.785   427504.0 204800.0 26659.0 19149.4    777.6   456.6  1188.1
   424 106.129   0.013 106.143   374838.1 242804.5 22220.8 17850.3    240.8   843.9   366.1
   425 171.744   0.014 171.758   489504.5 222668.1 33741.6 20023.6    859.9   727.0  1305.4

         Carbon flux (ktC/yr)        Water (dam3/yr)                Nitrogen (MgN/yr)
       ----------------------- -------------------------- --------------------------------
Spinup NEP     estab   NBP     transp     evap    interc  nuptake ndemand  nlosses ninflux
------ ------- ------- ------- ---------- ------- ------- ------- -------- ------- -------
   426 -74.110   0.021 -74.090   313477.2 196727.7 17236.7  3760.7    458.7   604.2   488.2
   427  91.715   0.008  91.722   353545.5 221262.6 23930.3 17803.6    800.8   417.1  1195.6
   428  48.285   0.011  48.295   327908.4 201027.3 18484.3 10703.8    518.6   543.0   659.9
   429  55.325   0.004  55.329   374302.3 216591.8 22500.1 16369.3    649.3   653.8   970.0
   430 -48.602   0.023 -48.580   335678.5 239681.4 20344.2 11225.1    443.2   585.9   648.4
   431 170.707   0.018 170.726   386745.5 230098.5 21589.8 16334.3    720.9   575.1   984.6
   432 -85.801   0.015 -85.786   374579.0 191301.7 21459.3 14611.0   1105.0   360.8  1459.0
   433 -128.941   0.010 -128.931   367067.4 196345.4 24509.3 11701.6   1161.5   360.2  1543.6
   434 139.191   0.006 139.197   417794.5 200105.5 22024.2 20211.7    746.8   533.6  1150.8
   435  20.202   0.009  20.211   351443.1 244943.2 20049.3 15877.2    507.8   422.0   712.7
   436 -169.655   0.020 -169.635   355386.2 241336.8 34782.4 13836.4    575.3   768.1   910.1
   437 262.454   0.021 262.475   406602.1 236085.5 24372.4 16690.0    364.7  1225.0   492.8
   438 -229.945   0.019 -229.926   329025.4 233729.4 25038.1 10924.3    513.6   913.1   937.0
   439  34.108   0.012  34.119   357955.3 245952.6 17359.4 17974.8    441.3   702.8   646.1
   440 -46.306   0.007 -46.299   373945.8 223422.5 23582.3 17505.4    776.4   896.7  1045.8
   441 161.095   0.004 161.099   504955.6 222938.2 32527.1 20934.6    859.1   601.1  1258.8
   442  14.835   0.013  14.849   334671.9 178373.8 19104.3 10471.1    630.9   479.2   809.6
   443  32.107   0.014  32.120   367831.8 246300.2 19881.7 17439.4    354.3   546.3   543.1
   444 -204.516   0.025 -204.492   336473.1 235623.7 23837.2 12881.5    443.5  1348.7   798.3
   445  76.078   0.016  76.094   389081.2 219253.1 22152.6 16538.0    441.0   923.5   680.3
   446  94.986   0.017  95.003   416059.8 236939.5 25580.2 17592.4    737.5   629.0  1100.8
   447 229.115   0.014 229.130   385482.5 214514.0 22192.3 16234.4    634.7   763.8   880.1
   448 110.312   0.012 110.323   351836.7 230648.8 24735.6 11347.8    626.4   723.6   864.0
   449  68.026   0.012  68.038   339258.2 211973.9 19481.4 12789.9    851.6   512.9  1084.0
   450 -167.444   0.016 -167.428   308800.2 242709.5 18885.5  9391.1    654.2   603.0   908.0

         Carbon flux (ktC/yr)        Water (dam3/yr)                Nitrogen (MgN/yr)
       ----------------------- -------------------------- --------------------------------
Spinup NEP     estab   NBP     transp     evap    interc  nuptake ndemand  nlosses ninflux
------ ------- ------- ------- ---------- ------- ------- ------- -------- ------- -------
   451 -235.052   0.020 -235.032   324586.3 193981.4 20810.5 10285.4   1167.4   384.9  1518.6
   452 175.500   0.015 175.514   395595.0 198743.7 15709.6 17461.9   1090.9   449.7  1545.1
   453 -65.973   0.014 -65.959   380625.6 200593.3 23498.5 13450.8    738.9   452.9  1006.7
   454 -161.063   0.006 -161.057   339119.3 238176.2 32685.9 13618.9    648.5   665.5  1040.9
   455  81.825   0.022  81.848   355069.4 240289.3 20212.1 13792.5    274.6   919.0   489.8
   456 183.845   0.019 183.863   351893.9 202522.1 16160.9 14628.5    675.4   452.4   933.9
   457 138.278   0.014 138.292   406560.2 199222.0 22343.6 18431.1    889.1   532.3  1260.5
   458  -1.770   0.010  -1.760   398839.1 231830.1 26948.8 13968.9   1111.3   391.0  1660.9
   459 157.292   0.005 157.297   410529.8 228703.3 25612.2 16219.0    777.0   653.0  1045.2
   460 -117.128   0.012 -117.116   307583.3 240136.8 25294.2 10503.6    628.1   412.5   722.3
   461  81.640   0.015  81.655   376862.0 218737.0 16374.2 14074.8    811.2   345.2  1077.4
   462  76.768   0.017  76.784   374240.9 226582.3 23764.6 14509.5    839.8   567.2  1168.6
   463 -179.876   0.019 -179.857   298307.2 192584.4 13511.6  5374.0    851.9   342.2   981.2
   464 -270.441   0.020 -270.421   274382.0 199548.4 15200.0  6215.7    784.8   472.6   912.3
   465 -30.811   0.008 -30.803   380370.1 188973.4 14532.0 16343.3    998.0   316.2  1512.5
   466 -175.731   0.012 -175.718   291063.6 231498.3 20616.3 11125.4    662.9   469.8   831.1
   467  47.831   0.017  47.848   348671.8 196572.0 14858.0 16705.3    692.2   414.7  1003.9
   468  68.552   0.019  68.571   353326.8 179681.8 15753.6 14448.5    816.1   360.8  1231.5
   469  66.368   0.015  66.383   365619.6 179781.3 15942.0 15239.7    825.4   333.9  1251.0
   470 101.871   0.004 101.874   492895.6 222464.5 31123.2 20803.1    943.8   451.2  1485.5
   471  80.407   0.000  80.407   385410.9 223836.0 28514.8 17463.8    835.1   412.8  1082.3
   472 224.427   0.010 224.437   426706.5 195672.2 24899.7 13600.9    640.8   498.2   803.5
   473 101.417   0.015 101.432   374653.8 232102.2 26594.5 12952.1    713.2   792.0   992.4
   474 -174.216   0.019 -174.196   297775.0 196624.8 14059.1  4689.1    832.9   411.3   908.6
   475 -271.052   0.011 -271.041   331899.0 237046.2 28742.9 14457.2    766.2   503.4  1261.7

         Carbon flux (ktC/yr)        Water (dam3/yr)                Nitrogen (MgN/yr)
       ----------------------- -------------------------- --------------------------------
Spinup NEP     estab   NBP     transp     evap    interc  nuptake ndemand  nlosses ninflux
------ ------- ------- ------- ---------- ------- ------- ------- -------- ------- -------
   476  63.260   0.020  63.280   382016.2 189034.2 14623.9 13324.6    596.1   580.2   826.1
   477 184.142   0.017 184.159   378048.6 203463.6 14625.5 16885.8    683.8   568.1   977.7
   478 -187.876   0.017 -187.859   307713.3 197455.2 19849.4  9735.5    696.4   516.7   981.5
   479 138.812   0.004 138.815   360250.3 212300.5 18056.4 17127.0    847.4   529.8  1154.3
   480 -66.518   0.003 -66.516   435040.0 216870.0 29483.2 15074.8   1281.8   321.7  1759.1
   481 -62.389   0.012 -62.377   380704.3 226816.3 25604.9 13802.6   1129.2   371.7  1601.2
   482 -105.411   0.010 -105.401   395338.9 202404.9 25731.1 15573.1   1134.5   377.3  1598.7
   483  28.258   0.015  28.273   347712.0 239488.5 20419.4 16587.2    429.8   562.6   592.0
   484 -160.171   0.020 -160.152   357321.1 240702.7 34283.1 14263.4    653.0   754.9   981.2
   485 238.678   0.019 238.697   366823.6 183127.5 17360.8 15981.1    491.0   656.6   694.1
   486 279.795   0.015 279.810   464518.4 199641.5 22680.2 16442.3    806.6   427.8  1223.6
   487 235.355   0.006 235.362   396016.0 206189.2 17171.8 15412.0    702.5   640.6   911.5
   488 -41.023   0.007 -41.016   342785.8 214725.7 24918.6 12273.2    652.3   552.7   868.6
   489  12.790   0.008  12.798   453143.8 222358.3 31009.2 17276.0   1133.0   506.6  1429.8
   490 -280.141   0.019 -280.122   316457.1 188475.0 17351.1  3243.7    695.5   434.9   770.9
   491 114.910   0.011 114.921   343203.5 203705.2 13164.7 15921.7    762.1   391.5  1166.2
   492 -281.144   0.020 -281.125   254107.1 232258.9 19145.5  6054.7    365.6   609.5   540.8
   493 -65.740   0.015 -65.725   299949.2 177494.9 12544.0 13252.6    861.4   326.6  1166.1
   494 -120.512   0.014 -120.498   380654.8 199715.8 20694.4 15661.7    977.0   392.1  1490.7
   495 135.362   0.011 135.373   443412.5 220099.2 23201.8 18445.7    546.6   485.4   838.0
   496  85.307   0.015  85.323   366927.1 207663.2 17925.5 11749.8    473.5   613.7   810.2
   497  97.535   0.010  97.545   487861.6 222769.8 29364.4 21951.6    904.9   487.8  1473.8
   498  -7.537   0.017  -7.519   411894.9 201477.7 28913.1 16452.8    880.9   425.8  1304.1
   499 213.967   0.008 213.975   495561.4 222643.3 36756.4 20213.1    777.4   655.9  1117.1
   500  91.273  -0.002  91.271   472159.9 221437.7 38379.4 16065.0    970.2   536.4  1390.5

         Carbon flux (ktC/yr)        Water (dam3/yr)                Nitrogen (MgN/yr)
       ----------------------- -------------------------- --------------------------------
Spinup NEP     estab   NBP     transp     evap    interc  nuptake ndemand  nlosses ninflux
------ ------- ------- ------- ---------- ------- ------- ------- -------- ------- -------
   501  68.474   0.010  68.485   381000.8 195449.3 25195.9  9757.4    717.0   452.2   859.0
   502 -37.331   0.009 -37.321   354075.0 216045.2 23660.1 12925.3    704.4   667.9   978.6
   503 -71.731   0.013 -71.717   394908.6 204636.7 25422.3 16310.2   1026.7   400.6  1383.7
   504  72.555   0.014  72.569   412312.3 234128.3 27704.2 16775.5    927.0   457.3  1332.4
   505 137.353   0.014 137.367   369869.8 200458.9 17895.6 14479.5    769.6   473.5  1075.8
   506 -200.556   0.015 -200.542   299397.7 234875.6 21936.8  8218.9    428.3   474.6   624.3
   507 198.248   0.007 198.255   371446.4 208837.0 13693.3 16987.2    732.7   456.1  1018.1
   508 -139.412   0.016 -139.396   346967.7 201248.1 24072.1 11241.4    771.4   445.1   967.6
   509 -99.647   0.012 -99.636   372777.8 200192.3 24156.6 12857.1   1127.9   453.7  1582.4
   510  36.095   0.018  36.113   362030.5 242923.9 18337.3 18919.2    411.8   575.9   593.9
   511 151.341   0.016 151.357   384412.6 197568.3 17700.8 15222.5   1082.3   439.9  1363.6
   512 -44.962   0.019 -44.944   350606.3 211404.1 23428.2 13287.8    697.2   584.8   945.3
   513 -235.518   0.012 -235.506   340608.6 240739.1 33015.6 12842.6    724.1   594.8  1108.5
   514 172.071   0.020 172.091   366595.3 177196.8 15001.9 17909.7    461.9  1065.2   716.0
   515 -42.287   0.020 -42.268   364145.8 190736.5 16624.8  9422.9    556.5   562.5   692.2
   516 -90.444   0.017 -90.426   294336.4 238025.4 23185.3 11784.9    431.5   577.5   519.3
   517  31.778   0.016  31.795   365105.1 216667.8 15427.5 14019.8    728.3   392.0  1120.7
   518 140.279   0.016 140.295   349553.0 208541.5 19087.5 16126.7    755.8   402.0  1153.1
   519 -121.465   0.019 -121.446   287444.1 196338.8 16316.6  7245.4    639.1   353.7   762.9
   520 126.403   0.010 126.413   359280.9 193513.9 15164.1 15392.9   1241.9   379.9  1535.2
   521 -112.344   0.007 -112.337   340241.3 209760.0 20837.3 13426.5    812.8   466.6  1149.3
   522 -98.784   0.012 -98.772   319294.3 203479.3 15928.7  9675.1    639.7   532.7   846.3
   523  41.659   0.014  41.674   346458.9 195902.0 13371.2 17284.4    765.4   427.2  1098.9
   524 -198.478   0.017 -198.461   306690.5 224185.3 18347.8 14828.2    545.0   523.0   746.6
   525 -65.039   0.011 -65.028   360460.6 215650.8 21809.8 18563.4    842.0   656.2  1184.8

         Carbon flux (ktC/yr)        Water (dam3/yr)                Nitrogen (MgN/yr)
       ----------------------- -------------------------- --------------------------------
Spinup NEP     estab   NBP     transp     evap    interc  nuptake ndemand  nlosses ninflux
------ ------- ------- ------- ---------- ------- ------- ------- -------- ------- -------
   526 -20.876   0.013 -20.864   338311.3 238495.9 24559.4 13606.6    402.7   562.4   540.9
   527 184.345   0.013 184.358   403710.5 219149.7 17908.5 16853.4    576.3   390.3   787.4
   528   4.977   0.016   4.993   323006.2 178987.0 17383.8 11206.1    687.4   440.5  1002.4
   529 -133.749   0.008 -133.741   353598.4 243335.0 33455.7 16646.4    438.9   639.5   792.6
   530 257.182   0.020 257.202   370454.9 206167.0 18003.0 16394.1    367.2   695.7   505.4
   531 236.936   0.016 236.953   486726.7 222926.6 34329.5 20749.9    848.3   620.3  1242.0
   532 -20.911   0.015 -20.896   396768.8 223950.6 29193.8 11204.3    666.2   419.9   896.5
   533 167.079   0.006 167.085   374446.8 205033.7 17013.7 15954.6    666.8   504.0  1036.0
   534 -117.782   0.003 -117.779   394644.1 203822.6 26883.0 16528.0    891.4   460.8  1177.0
   535   8.905   0.013   8.918   419121.2 204749.8 28958.7 18170.0    775.6   509.7  1089.4
   536 322.953   0.010 322.963   409698.0 202563.4 21680.3 17094.1    717.2   490.9   908.8
   537 116.569   0.014 116.583   323485.4 202207.5 18647.0 11089.0    661.1   512.6   846.4
   538 -275.462   0.018 -275.445   290711.4 206399.7 18568.4  4571.9    634.1   598.7   692.4
   539 -246.858   0.016 -246.842   322757.0 245915.5 16434.3 12501.5    551.8   736.2   870.4
   540 -51.546   0.017 -51.530   353752.2 222458.3 19527.9 14882.9    820.4   758.4  1212.1
   541 -315.958   0.021 -315.937   311061.0 226233.3 20818.0 11575.6    669.1   770.8  1140.6
   542 -85.064   0.010 -85.054   395220.6 204721.1 21209.6 17288.2    957.2   563.7  1535.1
   543 102.979   0.005 102.984   375702.2 225215.2 24170.2 18939.5    618.9   561.3   866.6
   544 160.185   0.005 160.190   419245.3 233858.7 26621.3 18334.2    633.2   550.3  1045.8
   545 237.802   0.012 237.814   446315.7 199795.0 22227.0 15108.9    687.9   522.8  1040.8
   546 149.189   0.014 149.203   383094.0 233027.8 25256.6 13872.0    627.5   930.3   939.2
   547 -200.237   0.020 -200.217   298749.3 208893.9 17626.8  4427.8    652.0   639.4   827.1
   548 -177.793   0.018 -177.775   306043.8 235686.7 15923.0 12023.1    482.7   497.2   735.6
   549 -120.337   0.018 -120.320   316018.8 178269.7 13499.0 11336.5    986.9   353.0  1425.5
   550 -221.808   0.010 -221.797   336953.1 240060.4 27934.8 15939.5    500.4   601.3   980.2

         Carbon flux (ktC/yr)        Water (dam3/yr)                Nitrogen (MgN/yr)
       ----------------------- -------------------------- --------------------------------
Spinup NEP     estab   NBP     transp     evap    interc  nuptake ndemand  nlosses ninflux
------ ------- ------- ------- ---------- ------- ------- ------- -------- ------- -------
   551 -112.681   0.021 -112.661   331792.4 228497.3 22706.1 15274.9    276.2  1429.7   565.7
   552  28.789   0.018  28.806   371003.3 222917.9 22228.6 19372.8    508.5  1088.9   834.2
   553  52.395   0.017  52.412   365041.9 239230.7 20331.1 13291.0    241.3   845.2   444.2
   554 272.930   0.020 272.950   377367.3 201035.5 15003.8 17530.8    593.1   447.0   957.2
   555  91.788   0.019  91.808   381606.0 194012.7 20530.0 12224.5    663.3   478.7   898.9
   556  86.748   0.016  86.764   371279.4 227389.1 22925.4 14411.5    720.9   811.6  1056.2
   557 -266.226   0.009 -266.217   339161.3 239817.2 31590.6 12205.5    726.6   530.3  1199.7
   558 304.513   0.018 304.531   423692.7 209042.9 14598.3 19536.4    479.2   746.8   701.4
   559 -18.281   0.017 -18.263   395391.1 203173.5 27092.2 15637.3    866.9   438.3  1262.1
   560  38.728   0.014  38.742   405665.1 205212.9 26332.5 14219.8    602.6   638.0   852.9
   561  -1.540   0.010  -1.530   329495.3 243784.4 25394.8 12184.0    499.7   530.1   682.7
   562  97.181   0.012  97.193   494930.1 224120.5 29905.6 21354.8    942.9   546.5  1404.1
   563 178.077   0.019 178.096   373606.4 211878.9 23635.6 14851.4    685.5   519.7   960.7
   564 -217.754   0.017 -217.737   325239.5 229236.7 26162.5 10275.8    602.8   754.0   976.4
   565 175.642   0.019 175.661   366169.2 201252.3 15348.2 15871.6    823.9   505.3  1137.7
   566 -171.641   0.020 -171.620   304506.6 230348.9 19266.3 12880.5    601.9   441.5   816.2
   567 -212.723   0.020 -212.702   319932.7 199176.4 18035.3 11152.0    703.1   596.3   967.5
   568 -59.451   0.018 -59.433   320474.3 237147.4 21703.4 14235.6    491.5   598.3   657.9
   569  -1.478   0.012  -1.465   422302.6 202367.6 21902.3 18031.0    582.8   531.6   855.4
   570 218.384   0.012 218.396   386418.5 201096.9 16872.4 16722.7    634.8   513.3  1054.8
   571 123.128   0.013 123.141   336667.6 196698.8 17192.4 14163.4    624.2   524.1   890.8
   572 -192.090   0.020 -192.069   324440.1 245327.6 20259.5 10571.7    502.7   919.1   690.0
   573 -40.063   0.008 -40.055   340653.6 221560.6 21141.3 15544.7    872.5   791.1  1234.2
   574 -11.349   0.015 -11.334   357817.3 221812.6 23982.6 16789.9    682.7  1005.3   960.0
   575 260.236   0.008 260.245   407452.2 200950.9 17343.8 16913.0    906.8   514.9  1213.3

         Carbon flux (ktC/yr)        Water (dam3/yr)                Nitrogen (MgN/yr)
       ----------------------- -------------------------- --------------------------------
Spinup NEP     estab   NBP     transp     evap    interc  nuptake ndemand  nlosses ninflux
------ ------- ------- ------- ---------- ------- ------- ------- -------- ------- -------
   576 -18.037   0.006 -18.030   370037.7 197327.0 25916.6 12450.7    861.7   639.8  1211.8
   577  48.442   0.004  48.447   417650.5 208805.7 26414.2 18450.7    742.2   592.3  1115.1
   578 178.776   0.009 178.784   372912.1 182560.0 18352.8 14980.4    478.3   600.5   694.9
   579 -164.267   0.014 -164.253   344620.6 237362.9 26850.4 12982.5    352.2  1027.6   710.7
   580 164.999   0.021 165.020   361919.7 201461.3 14091.5 12580.4    529.0   601.0   795.1
   581 -62.667   0.020 -62.648   367287.5 198378.4 25734.3 13237.1    897.7   437.2  1400.1
   582  21.862   0.016  21.878   367190.1 245713.2 18947.2 18899.5    370.6   627.2   580.2
   583   8.421   0.020   8.441   416763.0 221812.8 25036.3 14929.6    677.5   492.4   952.2
   584  58.780   0.018  58.799   437970.8 222823.1 26287.0 15702.6    679.2   446.4  1058.5
   585  71.476   0.016  71.492   366631.7 181068.3 17665.0 14230.6    741.1   406.2  1091.4
   586 245.226   0.005 245.231   417277.7 202663.2 19165.2 17804.4    990.4   407.2  1372.1
   587 -207.940   0.005 -207.936   350211.0 240487.1 36544.2 12878.6    540.0   709.3   867.3
   588 168.917   0.027 168.944   395057.9 240873.0 23399.3 15261.8    387.7  1132.5   590.1
   589 -195.272   0.021 -195.251   338336.8 251757.3 19568.0 10780.6    518.4   724.8   824.5
   590 -84.626   0.013 -84.613   379459.1 231920.9 22428.2 14751.7   1025.2   662.0  1547.3
   591 -292.994   0.013 -292.981   328439.9 230065.9 23659.7 12235.7    660.0   744.1  1060.5
   592  76.541  -0.002  76.539   407930.1 200757.3 20394.8 18728.2    807.5   680.1  1211.5
   593  25.811   0.009  25.821   420308.2 222483.9 24962.2 13434.2    753.0   584.5  1096.6
   594 145.571   0.013 145.583   363732.1 204769.4 17095.4 14557.3    617.6   584.2   872.3
   595 111.721   0.013 111.734   431010.6 225093.9 24685.7 15567.6    641.6   550.6   928.1
   596  31.407   0.013  31.420   392581.5 219237.7 22905.0 16322.8    568.6   678.8   888.1
   597  59.148   0.019  59.167   361856.9 181155.3 14722.6 15820.7    465.5  1079.9   733.9
   598  55.445   0.015  55.459   353991.2 204987.1 17107.7 13113.3    576.9   509.2   825.4
   599  37.021   0.013  37.034   371361.5 201866.4 20087.9 14546.8    617.1   748.6   888.1
   600 172.433   0.007 172.440   383573.1 205134.0 15797.3 15646.5    668.9   531.2  1074.8

         Carbon flux (ktC/yr)        Water (dam3/yr)                Nitrogen (MgN/yr)
       ----------------------- -------------------------- --------------------------------
Spinup NEP     estab   NBP     transp     evap    interc  nuptake ndemand  nlosses ninflux
------ ------- ------- ------- ---------- ------- ------- ------- -------- ------- -------
   601 -101.925   0.015 -101.910   380261.8 221347.4 24870.1 12614.3    611.2   447.0   807.8
   602 -49.856   0.015 -49.841   373355.5 202980.4 19795.5 15535.3    649.6   589.3   968.1
   603 -67.562   0.011 -67.550   416592.7 205296.6 25907.4 17663.1    899.7   504.5  1360.3
   604 103.117   0.008 103.126   389447.0 226665.4 28410.6 18985.3    591.7   556.6   729.2
   605 -10.330   0.014 -10.316   347073.2 243080.5 23977.1  9900.3    222.3   906.4   381.6
   606 180.684   0.021 180.705   389155.0 235652.7 23326.7 15561.1    500.1   620.9   753.6
   607  78.852   0.019  78.871   370677.9 203770.7 15646.0 14073.0    826.7   485.0  1149.8
   608 -78.196   0.019 -78.177   351711.7 192022.5 21228.4  9349.7    807.9   376.5   967.9
   609 -367.866   0.018 -367.848   299225.5 186901.7 14453.4  4322.6    758.4   505.2   796.9
   610 -208.519   0.005 -208.514   286077.0 233739.5 13731.0 15462.0    635.9   407.6  1071.6
   611 -243.250   0.021 -243.229   281443.6 232784.0 18985.5 12108.1    640.6   531.3   732.1
   612 -92.982   0.016 -92.966   330037.2 173026.6 13436.2 15782.8    754.6   387.0  1066.1
   613 -36.398   0.015 -36.382   367755.1 233337.0 18910.5 15950.3    348.3   522.0   640.1
   614 145.105   0.008 145.113   357886.0 179328.5 15611.8 17021.8    521.6   402.0   782.1
   615  42.585   0.004  42.589   395343.2 190701.0 16397.9 12987.1    456.3   467.3   583.0
   616 -182.910   0.010 -182.900   334174.9 229390.1 24602.4 14106.0    426.3   945.3   830.3
   617 247.974   0.017 247.991   384083.0 214796.4 19689.1 19275.5    587.0   688.6   923.8
   618  20.869   0.017  20.886   361176.1 193805.6 23160.0 15042.9    738.9   521.8   959.3
   619 -123.159   0.017 -123.143   341716.8 246909.3 21302.4 11581.6    555.0   858.9   789.3
   620  12.901   0.025  12.927   321697.0 176428.2 12628.1 14260.5    600.3   985.4   894.2
   621 -68.112   0.009 -68.102   353542.6 223844.6 22338.2 16099.9    878.2   569.5  1242.9
   622  42.857   0.016  42.872   337243.4 201399.9 17563.1 11737.3    398.8   619.6   635.3
   623 150.793   0.008 150.801   381899.6 235225.7 22111.5 16083.1    464.3   896.6   701.3
   624 -64.361   0.012 -64.349   375618.8 193672.4 20884.0 15224.9    854.3   487.9  1229.1
   625 -160.562   0.019 -160.543   309148.3 236882.2 19612.0  8911.4    380.2   608.8   604.3

         Carbon flux (ktC/yr)        Water (dam3/yr)                Nitrogen (MgN/yr)
       ----------------------- -------------------------- --------------------------------
Spinup NEP     estab   NBP     transp     evap    interc  nuptake ndemand  nlosses ninflux
------ ------- ------- ------- ---------- ------- ------- ------- -------- ------- -------
   626  -3.159   0.018  -3.141   322538.0 180110.5 13932.0 14005.1    632.5   369.9   885.6
   627 195.289   0.015 195.305   455595.9 196384.2 18451.8 18648.4    684.2   332.4  1108.5
   628 -27.064   0.014 -27.049   405754.2 230283.0 25198.0 16471.0    855.2   429.6  1372.2
   629 -77.562   0.009 -77.553   398165.0 202018.2 24400.1 14763.2    560.1   488.4   785.3
   630 -18.268   0.006 -18.262   399306.0 201856.2 26107.4 14814.2    816.3   420.3  1294.7
   631 322.985   0.013 322.998   466262.7 200447.4 22432.5 18763.9    449.7   564.8   686.2
   632  -6.496   0.016  -6.480   337163.6 180948.4 18173.3 11352.9    664.0   340.1   941.1
   633 125.249   0.009 125.258   503277.5 225802.8 31991.7 22323.7    815.2   466.3  1261.6
   634 -147.048   0.015 -147.033   357142.4 249285.6 24603.2 10132.2    405.0   870.1   591.2
   635 -186.335   0.022 -186.313   327901.3 200220.2 20118.9 11380.6    515.2   646.3   759.4
   636 -255.463   0.019 -255.444   335080.3 232097.0 23146.4 13990.0    438.8  1025.2   834.5
   637  72.752   0.023  72.775   357594.4 179577.8 13193.3 18081.9    309.6  1006.0   574.2
   638  45.997   0.015  46.013   352557.5 203356.6 17015.0 13727.4    444.9   608.1   616.0
   639 270.838   0.012 270.850   393664.1 201377.4 18040.0 17043.5    830.4   630.9  1097.4
   640  -5.923   0.010  -5.913   321712.7 203313.7 17769.5 10159.2    424.3   762.5   554.9
   641   4.603   0.005   4.608   406949.6 222735.5 23522.9 14808.8    652.8   499.9   894.4
   642 -145.452   0.014 -145.438   355023.4 249973.3 19613.8 13786.4    426.8   819.0   670.8
   643 -56.017   0.019 -55.998   395068.2 203181.8 22320.8 15436.8    636.5   460.1   913.0
   644  24.486   0.020  24.505   429769.0 221122.9 25068.9 14840.3    699.3   393.0  1141.3
   645 188.441   0.014 188.455   418959.0 230155.2 25064.0 18192.4    547.3   805.4   783.1
   646 -55.541   0.013 -55.528   408301.5 221359.8 26185.2 12881.2    740.2   371.3  1058.8
   647 -62.750   0.011 -62.739   332527.1 241947.3 24931.0 13859.7    372.1   537.0   487.0
   648 -68.500   0.016 -68.484   362538.1 238227.2 18811.2 18659.7    321.6   876.6   477.5
   649 -44.776   0.018 -44.758   403309.6 202413.8 24128.4 15755.4    520.0   616.2   708.8
   650  35.490   0.017  35.507   416484.8 206561.7 26051.3 15270.4    610.3   499.6   869.9

         Carbon flux (ktC/yr)        Water (dam3/yr)                Nitrogen (MgN/yr)
       ----------------------- -------------------------- --------------------------------
Spinup NEP     estab   NBP     transp     evap    interc  nuptake ndemand  nlosses ninflux
------ ------- ------- ------- ---------- ------- ------- ------- -------- ------- -------
   651 -10.665   0.015 -10.651   335016.3 243156.3 26202.1 12733.8    425.4   574.5   566.4
   652 -191.307   0.017 -191.289   358559.8 243274.7 33830.6 16284.2    459.3  1028.2   694.8
   653 189.503   0.017 189.520   394238.6 224673.4 19097.0 14785.3    365.7  1332.4   454.9
   654 -103.577   0.022 -103.555   346817.1 250279.1 20633.1 12654.7    487.0   884.9   695.0
   655 162.535   0.017 162.551   353444.2 212007.9 19273.4 16481.8    645.6   681.7   919.1
   656 -136.122   0.017 -136.106   312703.0 242133.9 19809.0 10204.3    565.3  1074.8   749.0
   657 -45.904   0.021 -45.883   336742.4 222601.5 21229.0 12891.7    825.2   818.5  1091.4
   658 -190.104   0.019 -190.085   338326.5 210018.5 20251.1 12913.3    850.0   525.8  1255.7
   659 -274.123   0.018 -274.105   318663.7 229647.0 20916.8 13267.6    491.1   858.6   795.9
   660 100.791   0.005 100.796   477788.4 221739.3 26894.8 20912.0    847.9   731.7  1361.5
   661   3.558   0.012   3.570   331636.7 176395.3 17199.9 11758.5    619.7   528.1   874.6
   662 216.819   0.012 216.831   389347.0 204081.9 15613.0 18532.7    529.5   528.2   957.4
   663  28.786   0.009  28.795   390754.1 231552.5 25691.7 16997.5    668.7   621.3  1044.1
   664  -6.400   0.009  -6.391   417471.2 203653.5 27174.1 18295.2    732.2   562.5  1062.4
   665 305.451   0.014 305.465   387443.5 216786.1 23735.4 17273.2    379.9   879.6   513.0
   666 -172.613   0.014 -172.599   349677.2 240827.4 36991.0 12071.2    496.3   884.4   815.3
   667 157.468   0.021 157.489   359168.0 185782.2 17745.8 14797.7    427.9  1110.2   619.3
   668 194.304   0.018 194.322   419625.4 234433.9 25912.0 17347.5    515.0   966.8   680.7
   669 -68.166   0.021 -68.145   331286.7 198127.5 14904.2  7614.9    675.0   606.3   829.5
   670 -156.915   0.018 -156.897   328158.4 244299.2 19352.2 12433.1    495.1   880.2   786.0
   671 -117.575   0.019 -117.556   370851.7 224580.0 22381.4 15481.2    988.6   525.6  1488.8
   672 -229.503   0.019 -229.484   339297.2 223356.6 23877.8 14643.4    618.4   737.8   990.2
   673 -36.914   0.018 -36.896   345343.9 236952.3 19942.2 12629.7    341.2   925.4   567.6
   674  70.154   0.017  70.171   405345.3 227099.6 23397.8 18765.8    826.1   463.5  1228.1
   675  36.560   0.014  36.574   382488.5 224488.2 26414.8 18592.7    740.5   550.6   961.6

         Carbon flux (ktC/yr)        Water (dam3/yr)                Nitrogen (MgN/yr)
       ----------------------- -------------------------- --------------------------------
Spinup NEP     estab   NBP     transp     evap    interc  nuptake ndemand  nlosses ninflux
------ ------- ------- ------- ---------- ------- ------- ------- -------- ------- -------
   676 104.079   0.014 104.093   432389.1 221321.2 28498.5 15355.8    477.7   561.7   666.3
   677  88.068   0.006  88.074   423918.5 237967.3 28500.0 18043.0    754.4   536.9  1133.9
   678 256.103   0.006 256.109   413863.2 207839.5 18070.4 17410.2    479.6   922.0   565.4
   679 -161.838   0.017 -161.821   293487.7 243378.1 27840.7  8330.0    275.1   644.4   321.3
   680 -56.876   0.014 -56.863   377536.7 224083.3 23069.2 19849.5    662.8   788.6   897.8
   681  47.242   0.010  47.252   393226.0 227187.0 27067.6 19320.2    689.5   540.6   811.5
   682 237.292   0.008 237.300   424900.0 231712.8 29202.3 17052.0    424.7  1198.7   521.9
   683 -21.439   0.003 -21.436   404562.6 236512.8 29078.3 14556.7    998.2   463.5  1389.8
   684   4.719  -0.006   4.713   475022.8 222349.6 34658.3 16932.1   1019.1   629.0  1442.4
   685 100.947   0.001 100.948   356936.6 205878.5 18333.7 13113.3    536.7   725.4   553.2
   686 -86.441   0.003 -86.438   378859.0 202206.1 28088.4 15424.5    853.7   505.7  1012.9
   687 -56.941   0.001 -56.940   383308.6 204776.7 27433.9 13558.3    606.4   705.4   752.8
   688  10.302   0.011  10.313   407575.1 236192.8 27394.2 15956.6    993.6   543.2  1433.6
   689 128.488   0.015 128.503   432801.5 198672.7 22493.2 14781.5    801.4   471.6  1069.8
   690 -145.180   0.016 -145.164   307194.4 241010.5 25856.1 10862.4    460.5   599.6   557.8
   691 158.914   0.012 158.926   393231.4 204558.9 14854.6 18873.8    579.9   706.1   785.2
   692 -234.060   0.012 -234.049   354709.6 239011.3 36755.4 13888.0    547.3   687.5   840.4
   693 -140.021   0.016 -140.006   350786.7 241663.9 35515.4 15607.1    364.4  1605.0   627.7
   694 189.445   0.020 189.465   389809.7 226518.3 19210.3 14864.8    326.0  1270.0   457.2
   695 -106.944   0.020 -106.924   346261.7 251190.9 20708.8 13024.2    443.6   863.2   662.5
   696 -86.725   0.014 -86.711   365139.4 198016.1 23835.9 13786.5    959.5   954.0  1349.2
   697 104.854   0.008 104.861   369145.6 180342.1 15103.4 18476.1    380.9  1288.9   661.3
   698 -143.957   0.008 -143.949   356313.7 250045.4 21213.3 13309.4    384.5  1033.7   582.2
   699 -93.490   0.026 -93.464   331915.0 223406.4 15488.4  9325.9    554.6   588.7   835.0
   700  77.590   0.017  77.606   332311.3 174875.7 12481.4 16987.8    409.6   839.2   817.3

         Carbon flux (ktC/yr)        Water (dam3/yr)                Nitrogen (MgN/yr)
       ----------------------- -------------------------- --------------------------------
Spinup NEP     estab   NBP     transp     evap    interc  nuptake ndemand  nlosses ninflux
------ ------- ------- ------- ---------- ------- ------- ------- -------- ------- -------
   701 -227.297   0.014 -227.282   316210.8 201150.6 18412.7 11408.9    481.3   927.5   687.8
   702  88.669  -0.004  88.665   480268.6 222567.5 26982.4 21478.6    793.3   789.0  1319.0
   703 -30.666   0.008 -30.658   410811.8 202289.2 27334.4 17036.7    732.3   519.0  1098.1
   704 228.266   0.015 228.281   412110.4 232337.3 27334.7 16796.8    358.2  1095.4   536.9
   705 -282.206   0.019 -282.187   324078.4 192376.8 17021.5  2523.4    486.6   487.2   579.9
   706  52.361   0.013  52.374   352500.1 230212.0 20079.0 15199.6    644.1   443.0  1030.7
   707 -41.376   0.013 -41.363   376218.0 191007.4 18175.1 11841.8    833.8   363.3  1297.6
   708 -118.513   0.010 -118.503   372857.2 217844.4 21252.6 12834.5    733.6   436.7  1052.9
   709 -19.183   0.004 -19.179   382007.0 215995.5 20506.8 15182.4    525.5   635.7   961.3
   710  15.314   0.019  15.333   418874.3 205591.8 24651.2 20348.6    601.7   489.3   930.4
   711 180.618   0.018 180.636   392576.7 223097.7 19416.4 13921.0    334.6   841.2   515.5
   712 -201.765   0.017 -201.748   333216.5 234452.6 25425.3 11827.1    418.1   939.3   827.1
   713 232.612   0.016 232.628   382792.4 219048.2 19090.0 18123.9    567.8   683.3   930.9
   714 -257.930   0.020 -257.910   306857.5 188863.3 15592.0  3001.2    417.8   590.9   456.1
   715 -135.622   0.014 -135.608   316340.7 218654.1 13826.1  9507.9    752.8   486.3  1103.1
   716 -120.787   0.004 -120.782   346089.6 192280.7 16941.1 16080.0    864.4   364.6  1273.0
   717 -31.707   0.007 -31.700   384570.8 188803.2 17718.4 12637.9    880.9   356.9  1315.1
   718 -268.533   0.012 -268.521   343244.2 237694.1 29826.5 14721.9    539.0   738.7   915.3
   719  99.952   0.015  99.967   422763.9 206309.0 22408.2 18397.1    333.9   654.1   625.0
   720 108.102   0.015 108.117   375508.2 226209.2 25762.5 18263.0    513.9   485.0   843.9
   721 -37.320   0.017 -37.302   361418.3 253184.1 21662.8 13540.2    188.1  1332.6   319.5
   722 -99.930   0.024 -99.906   348501.3 252660.6 19080.5 12616.6    353.9   885.7   568.4
   723 -158.144   0.025 -158.119   302078.2 207542.3 15571.9  6576.3    438.5   710.5   633.8
   724  24.127   0.005  24.132   370328.4 224182.7 19080.8 22047.8    556.9   518.3   905.2
   725 228.376   0.008 228.383   410510.2 225611.3 25383.7 18812.1    258.0  1311.6   322.1

         Carbon flux (ktC/yr)        Water (dam3/yr)                Nitrogen (MgN/yr)
       ----------------------- -------------------------- --------------------------------
Spinup NEP     estab   NBP     transp     evap    interc  nuptake ndemand  nlosses ninflux
------ ------- ------- ------- ---------- ------- ------- ------- -------- ------- -------
   726  60.854  -0.000  60.853   378924.7 224378.4 26152.9 17574.8    610.5   432.9   908.3
   727 100.533   0.014 100.548   344636.5 205136.7 19279.6 11715.3    230.6   668.2   315.1
   728 144.757   0.014 144.772   353089.9 209771.4 17293.5 13481.3    407.0   575.8   586.2
   729  10.311   0.015  10.326   351478.3 253825.3 18283.5 17097.4    313.2   656.2   481.1
   730 -153.506   0.024 -153.482   318999.2 240695.9 19438.7  9592.9    269.0   918.8   437.6
   731 -176.737   0.022 -176.715   335406.6 188157.4 13607.9  7841.0    399.6   458.4   575.0
   732 -197.752   0.019 -197.733   291686.4 234341.6 16364.0 10202.8    398.3   615.9   672.5
   733 -190.295   0.015 -190.281   381914.3 202812.5 19383.1 16638.5   1022.0   374.7  1710.8
   734 -161.611   0.015 -161.596   346766.2 239169.9 30748.9 16432.1    305.1  1612.2   594.1
   735  71.496   0.023  71.519   364597.9 245008.9 18098.6 19320.0    191.4  1460.3   325.6
   736 -108.363   0.022 -108.341   351732.3 248481.9 19373.3 12567.7    344.0  1354.6   542.6
   737  -1.659   0.016  -1.643   388012.8 219709.6 22057.6 13765.5    517.2   716.3   810.3
   738 165.287   0.004 165.291   492478.3 223493.9 29751.1 21342.5    693.3   734.6  1221.3
   739 -223.829   0.009 -223.820   332449.4 190147.6 17637.0  3791.6    350.6   687.1   459.7
   740  87.342   0.011  87.353   345218.6 195670.9 15217.8 13621.4    954.2   455.2  1195.3
   741  21.140   0.010  21.150   313460.1 191924.0 15339.9 11591.0    775.4   520.0   901.9
   742 -169.860   0.014 -169.845   325839.6 213809.0 20387.6 10955.9    522.0   533.9   726.8
   743 -56.606   0.009 -56.597   403173.3 203811.1 21476.6 19327.7    792.9   486.3  1522.5
   744 -143.308   0.015 -143.293   341578.9 230074.5 25138.9 14510.6    260.9  1353.9   553.3
   745 106.296   0.017 106.313   388937.5 191195.0 14999.1 12803.9    335.3   858.0   481.8
   746 163.146   0.010 163.157   464275.3 220908.3 29663.9 18925.1    743.0   666.9  1220.6
   747  44.677   0.010  44.687   391696.3 232836.5 27238.3 15230.1    736.3   683.3  1212.1
   748 172.338   0.006 172.344   355865.5 212671.9 20940.5 14392.7    533.8   878.0   789.9
   749 -51.391   0.012 -51.378   325543.2 221540.2 24127.3 13345.9    683.9   925.5   961.3
   750 155.427   0.013 155.440   405325.6 230194.7 23088.2 15914.9    585.4   888.3   876.2

         Carbon flux (ktC/yr)        Water (dam3/yr)                Nitrogen (MgN/yr)
       ----------------------- -------------------------- --------------------------------
Spinup NEP     estab   NBP     transp     evap    interc  nuptake ndemand  nlosses ninflux
------ ------- ------- ------- ---------- ------- ------- ------- -------- ------- -------
   751  -9.302   0.009  -9.293   464522.4 222155.6 30898.7 16462.0    998.0   487.4  1577.2
   752 135.309   0.011 135.319   354854.9 212374.4 21701.7 13845.8    590.8   631.0   846.3
   753 -257.632   0.019 -257.613   293779.0 197227.1 19394.8  6771.4    550.7   543.9   782.5
   754 172.417   0.009 172.426   362287.1 214900.1 16269.2 16954.6    653.3   759.7   991.8
   755 -248.857   0.014 -248.842   336462.0 238377.5 30882.4 12499.5    567.2   620.0  1004.0
   756  92.247   0.019  92.266   419152.5 207561.3 22600.4 17164.2    423.0   971.4   710.6
   757 230.818   0.018 230.837   452228.9 199588.1 21266.8 14980.8    737.0   727.5  1241.5
   758  26.851   0.012  26.863   402527.9 235040.0 25513.4 15603.5    844.1   688.6  1425.0
   759  74.600  -0.000  74.599   486533.2 224743.7 31563.4 19127.9    876.0   729.4  1422.0
   760 -158.708   0.013 -158.696   307379.8 242909.7 26794.8  9206.4    334.9   683.3   407.5
   761 139.864   0.008 139.872   496310.6 225351.8 28533.3 22738.9    672.3   672.9  1168.2
   762  -1.268   0.011  -1.257   379725.6 221244.8 27975.9 16938.7    546.5   865.6   749.4
   763 174.849  -0.005 174.844   511505.0 227137.9 34026.0 19601.1    702.8   701.1  1095.7
   764 207.219   0.005 207.224   380413.4 209522.5 18512.4 13322.3    374.7   801.7   463.1
   765  67.524  -0.003  67.521   441754.8 224634.7 34393.1 14952.9    721.2   667.7   971.7
   766 -53.554  -0.009 -53.563   374886.0 235809.3 28272.2 12840.1    874.3   549.1  1239.1
   767 -138.338   0.012 -138.326   390742.4 205169.1 26398.4 14531.6    944.4   462.0  1334.1
   768  67.023   0.005  67.029   380819.1 228586.7 26915.1 17958.8    632.7   533.9   834.4
   769 -177.566   0.011 -177.555   341903.3 235623.1 27248.9 11681.9    345.1  1151.7   611.7
   770 226.346   0.022 226.368   410970.8 238098.1 23130.3 16802.3    423.2  1004.7   623.8
   771   5.727   0.021   5.748   345921.5 202837.7 17503.5 10996.5    691.0   447.7   994.4
   772 111.913   0.017 111.929   353103.1 208195.4 16320.3 13622.5    566.8   509.8   860.3
   773  72.093   0.008  72.101   408612.6 202081.7 21757.0 18086.6    751.9   483.5  1157.7
   774  84.688   0.006  84.694   427473.2 198124.6 21354.4 12103.0    852.2   396.0  1307.4
   775 -92.006   0.014 -91.992   316849.7 198450.3 13545.4  6837.4    686.3   473.1   828.6

         Carbon flux (ktC/yr)        Water (dam3/yr)                Nitrogen (MgN/yr)
       ----------------------- -------------------------- --------------------------------
Spinup NEP     estab   NBP     transp     evap    interc  nuptake ndemand  nlosses ninflux
------ ------- ------- ------- ---------- ------- ------- ------- -------- ------- -------
   776 -252.251   0.018 -252.233   290868.7 215246.6 15119.0  5707.3    852.5   292.9  1163.2
   777 -42.802   0.010 -42.792   324109.2 207780.9 14676.2 15984.3    751.5   348.5  1214.9
   778 -140.330   0.014 -140.316   329834.9 217684.8 19433.9 13003.5    751.9   480.6  1098.7
   779 -267.181   0.014 -267.168   352776.6 213754.0 19847.7 11132.4    896.1   357.7  1340.8
   780 -280.888   0.010 -280.877   344243.5 238737.7 28454.7 16139.3    472.2   686.8   898.5
   781 105.694   0.015 105.709   381745.3 197405.3 18876.0 18454.3    278.5  1032.6   462.7
   782 -136.933   0.014 -136.919   349049.9 240710.3 33324.3 15378.9    273.8  3287.2   555.9
   783  52.356   0.024  52.381   357326.9 244202.4 20607.2 13283.4     77.7  1837.6   235.3
   784 252.516   0.015 252.531   488804.8 223452.9 29187.3 22584.3    549.2   929.3   902.5
   785 203.855   0.015 203.870   367195.7 213882.8 23244.5 15220.0    452.0   931.1   639.5
   786  19.138   0.004  19.143   349526.5 222461.4 25773.3 14494.7    640.1   668.4   864.8
   787 -31.927   0.009 -31.918   402620.5 203281.0 27297.5 16546.4    682.4   617.8   941.2
   788 -192.438   0.015 -192.424   351863.3 245896.7 36578.9 13443.4    303.9  2673.3   547.6
   789 151.980   0.021 152.002   441716.3 228752.4 25898.5 16955.8    274.8   954.1   458.9
   790 163.587   0.016 163.603   501278.0 227089.7 33355.8 20884.6    633.7   795.2  1021.4
   791  72.844   0.006  72.849   480601.1 224029.1 36388.7 17800.1    703.4   772.2  1078.4
   792 136.865   0.007 136.871   357845.9 207408.3 18327.6 11858.0    388.1   948.6   474.9
   793 -339.421   0.021 -339.400   248091.3 242774.1 21571.1  2128.4    123.4  1452.3   274.9
   794 -149.831   0.025 -149.806   292513.9 205925.6 12602.8  8507.3    461.9   782.6   658.7
   795 -197.524   0.017 -197.506   307624.1 176003.7 12104.0 13071.4    835.2   455.7  1239.8
   796 -315.097   0.016 -315.081   325864.5 228603.1 20008.8 14606.8    464.1  1140.7   959.5
   797 -14.000   0.006 -13.994   396827.9 198202.5 21170.1 17630.6    713.0  3161.0  1210.4
   798 -82.107   0.005 -82.102   357477.7 248988.6 19521.3 14511.3    273.9  1373.0   460.2
   799 209.936   0.021 209.957   433857.5 195165.9 19041.3 16053.6    623.9   703.6  1073.3
   800 171.394   0.017 171.411   371774.4 197390.8 17421.3 13970.6    928.9   638.9  1217.2

         Carbon flux (ktC/yr)        Water (dam3/yr)                Nitrogen (MgN/yr)
       ----------------------- -------------------------- --------------------------------
Spinup NEP     estab   NBP     transp     evap    interc  nuptake ndemand  nlosses ninflux
------ ------- ------- ------- ---------- ------- ------- ------- -------- ------- -------
   801 -167.943   0.021 -167.922   282931.5 238478.2 23238.5  8946.4    355.5   812.6   420.9
   802 -114.045   0.012 -114.033   343302.2 200763.8 16695.3 14666.5    591.8   815.8   886.8
   803 -82.795   0.007 -82.789   369815.7 223126.7 21778.7 18603.8    597.6  1195.8   896.0
   804 116.438   0.013 116.450   452133.2 223600.5 23834.0 17343.4    511.8   814.7   806.5
   805  -6.250   0.014  -6.236   341712.5 243397.0 25398.6 13525.4    300.0   870.7   434.2
   806 306.076   0.015 306.091   472189.1 198510.3 20213.9 19187.2    492.1   896.2   737.3
   807 126.972   0.014 126.986   478838.9 223429.7 33984.1 16495.5    866.0   889.8  1341.0
   808  26.018   0.012  26.030   374473.9 194521.6 24929.9 13941.9    735.4   738.3   996.8
   809 -177.299   0.015 -177.283   296897.8 212841.9 17595.3  2946.7    584.6   769.8   727.9
   810 -248.917   0.015 -248.902   340241.0 246393.6 26911.8 15643.9    580.8  1901.3  1042.8
   811 132.693   0.020 132.712   362210.3 182448.5 15478.6 15794.6    569.3  1219.4   949.1
   812 -117.048   0.019 -117.028   354491.0 250253.3 19225.6 13402.6    402.6  1114.1   687.1
   813  42.956   0.020  42.977   417655.4 222220.1 21635.2 15191.0    637.8   710.2  1063.2
   814  67.950   0.021  67.971   360656.8 180429.7 16015.5 13912.4    719.8   649.9  1131.0
   815 -118.014   0.019 -117.995   355493.4 251691.8 19230.4 13230.0    395.3  1061.0   653.8
   816 203.391   0.020 203.411   385787.1 197297.7 15614.3 15967.9    942.2   633.4  1338.9
   817 109.868   0.022 109.890   322296.9 198343.8 15581.4 12893.9    622.4   764.5   865.1
   818 -464.858   0.026 -464.832   261691.8 185718.2 14360.2  -172.5    470.5   679.7   446.8
   819 -117.065   0.006 -117.059   332102.3 213096.3 15348.2 16123.5    692.7   589.8  1277.4
   820 -32.616   0.002 -32.613   318998.6 189530.1 11078.0 11048.4    612.2   669.2   782.5
   821 -81.281   0.005 -81.277   342495.3 213661.3 20272.2 17003.3    812.4   575.9  1305.4
   822 -33.496   0.014 -33.482   353614.3 234553.7 18184.1 13693.4    363.2   582.6   614.0
   823 -56.418   0.017 -56.400   347780.6 245837.1 17517.7 14318.6    359.5   554.6   634.5
   824 114.884   0.018 114.902   393141.2 195119.2 19218.3 18872.0    703.6   449.8  1129.0
   825  90.937   0.018  90.955   390873.3 195184.0 22119.3 16346.4    760.2   470.4  1161.1

         Carbon flux (ktC/yr)        Water (dam3/yr)                Nitrogen (MgN/yr)
       ----------------------- -------------------------- --------------------------------
Spinup NEP     estab   NBP     transp     evap    interc  nuptake ndemand  nlosses ninflux
------ ------- ------- ------- ---------- ------- ------- ------- -------- ------- -------
   826 102.984   0.006 102.991   463137.1 220786.0 31551.3 16779.7    941.8   552.4  1487.0
   827  98.363   0.005  98.368   371552.0 226024.3 26480.5 13095.5    577.0   721.6   813.9
   828 -192.119   0.012 -192.106   352753.3 241781.3 33656.4 12586.4    589.0   636.0   979.0
   829 195.947   0.016 195.963   419815.3 237093.2 25306.3 19426.0    578.8   735.7   894.8
   830 103.717   0.016 103.734   438521.6 226785.4 26272.2 14990.4    538.0   557.0   827.9
   831 289.717   0.014 289.731   392762.4 220836.4 21699.4 17558.0    482.3   735.0   692.8
   832 -163.780   0.012 -163.768   346589.8 244125.1 34613.1 12118.8    427.9  1299.0   777.3
   833 143.069   0.020 143.089   421842.4 208756.2 26753.1 19310.1    547.7  1046.8   861.7
   834 -113.598   0.019 -113.578   351608.4 245834.2 37404.4 13141.4    302.1  2712.8   537.3
   835 -78.733   0.022 -78.711   350711.6 245972.6 35111.5 14494.0    269.7  2499.3   517.2
   836 188.589   0.019 188.608   377611.9 229859.5 26484.3 18925.4    362.2  1086.9   483.9
   837  48.506   0.017  48.523   374967.0 194560.3 17776.5  9111.6    354.1   881.8   386.3
   838 -62.918   0.007 -62.911   394907.4 206141.5 25198.6 15372.3    970.4   576.2  1538.1
   839 -37.440   0.010 -37.430   334937.1 242428.8 20721.2 10865.2    265.5  1085.4   442.6
   840 -53.243   0.020 -53.223   397998.3 205668.0 23140.3 16404.8    946.8   497.4  1454.5
   841  56.665   0.020  56.685   410746.8 236128.3 25621.9 17151.2    759.2   642.4  1129.2
   842 -139.417   0.019 -139.398   355915.8 248675.7 20818.6 11908.4    425.1   881.2   677.5
   843 142.307   0.021 142.328   385851.7 231340.5 22120.8 15495.0    609.2   862.9   921.3
   844 -154.478   0.022 -154.456   338450.8 246270.9 19557.0 10755.3    520.6   691.2   858.5
   845  96.094   0.020  96.114   348178.6 202342.0 13395.1 14268.3    679.7   652.6   940.8
   846 -143.807   0.021 -143.786   324204.5 193469.0 20624.9 11575.7    736.0   443.5   976.7
   847 -156.584   0.018 -156.565   327414.8 243391.1 17810.2 11176.3    569.0   806.8   907.3
   848 -23.622   0.021 -23.601   364032.0 188722.2 16713.3 11437.7    905.9   421.8  1277.8
   849   6.860   0.020   6.881   382769.5 189203.2 17340.7 12451.0    932.2   422.7  1337.4
   850 -78.974   0.017 -78.957   352940.9 212354.5 19469.0 14378.4    688.8   564.2  1134.6

         Carbon flux (ktC/yr)        Water (dam3/yr)                Nitrogen (MgN/yr)
       ----------------------- -------------------------- --------------------------------
Spinup NEP     estab   NBP     transp     evap    interc  nuptake ndemand  nlosses ninflux
------ ------- ------- ------- ---------- ------- ------- ------- -------- ------- -------
   851  54.266   0.003  54.270   368295.6 223310.5 21753.4 18770.0    720.4   400.2  1017.3
   852  50.465   0.001  50.465   388111.8 215470.1 23463.8 16378.5    425.9   634.2   730.1
   853 276.822   0.005 276.828   401845.3 200848.4 17723.1 16968.0    720.6   396.6   983.1
   854 -17.357   0.013 -17.344   397855.2 202195.8 26820.9 15712.6    764.4   433.4  1079.3
   855 195.127   0.015 195.142   400306.6 232319.8 26588.6 15705.9    406.9   860.4   632.5
   856 -99.291   0.015 -99.276   374621.2 204427.5 24683.0 11313.7    676.2   372.7   912.7
   857 193.278   0.012 193.290   373796.0 220765.1 18913.8 15024.8    665.0   623.0  1004.9
   858  62.767   0.016  62.783   333054.0 196096.3 17270.3 10622.6    900.4   334.4  1068.2
   859 -186.525   0.018 -186.507   336375.6 217821.9 22068.7  9568.6    680.2   412.3   838.9
   860 116.772   0.009 116.781   363270.3 213420.9 17198.0 17070.6    688.4   588.9  1052.5
   861 -37.107   0.015 -37.092   361261.6 190380.6 19019.1 10398.4    779.8   291.5  1095.9
   862  59.440   0.010  59.451   341952.7 209818.3 17878.7 14989.2    739.3   505.1  1047.1
   863 -244.551   0.016 -244.534   323179.8 214628.1 21390.6  8376.3    742.2   308.3   952.5
   864 -126.016   0.014 -126.002   326253.5 234533.3 16762.0 12450.4    413.6   571.8   718.0
   865 -50.096   0.011 -50.084   400440.3 202951.6 21049.7 19108.9    832.4   337.2  1352.4
   866 136.925   0.014 136.939   424278.6 231909.4 25477.5 19755.0    584.1   508.9   961.0
   867  91.708   0.012  91.719   414892.2 194724.2 23817.2 18496.7    596.2   449.6   940.5
   868   3.538   0.006   3.544   389715.9 200520.6 27708.8 13029.6    761.7   433.1  1211.7
   869 162.436   0.003 162.439   373814.0 183647.8 16189.8 16179.8    259.4  1527.7   464.6
   870 -199.144   0.018 -199.126   354978.9 247210.4 35510.5 14025.6    328.3  1110.7   621.4
   871 -111.616   0.020 -111.596   352418.7 245118.9 34677.9 15393.5    203.2  2121.6   395.1
   872  23.526   0.020  23.546   338468.9 248089.3 25409.9 13860.2    148.1  1237.9   272.5
   873 152.360   0.008 152.368   429604.5 198289.3 21599.4 21959.0    422.5   592.8   724.1
   874   1.935   0.009   1.944   407998.6 206841.3 26664.0 13512.9    463.1   568.7   696.1
   875  40.955   0.012  40.966   350324.4 185849.6 17558.6 11794.7    601.9   591.5   956.8

         Carbon flux (ktC/yr)        Water (dam3/yr)                Nitrogen (MgN/yr)
       ----------------------- -------------------------- --------------------------------
Spinup NEP     estab   NBP     transp     evap    interc  nuptake ndemand  nlosses ninflux
------ ------- ------- ------- ---------- ------- ------- ------- -------- ------- -------
   876 124.272   0.009 124.282   501373.3 228028.1 31004.2 21699.6    701.7   661.2  1191.0
   877 -64.689   0.015 -64.675   397748.1 203504.5 27396.4 13003.2    455.6   567.4   650.6
   878  25.384   0.016  25.400   371482.6 228877.1 18740.3  9593.4    471.6   766.9   822.6
   879 -296.647   0.026 -296.622   316753.0 191246.6 14928.8  4535.5    491.3   475.9   657.3
   880 -353.604   0.019 -353.585   309665.4 229722.1 19388.2 12805.9    576.1   574.1  1078.3
   881 153.497   0.018 153.514   371325.4 211705.8 16270.1 20042.6    522.6   639.6   893.7
   882 -63.974   0.017 -63.957   392602.0 200159.0 24132.7 16529.5    815.3   552.3  1317.5
   883  76.936   0.013  76.949   396744.3 200094.6 26209.4 16430.0    601.3  1653.9   888.5
   884  83.298   0.005  83.303   426083.7 210241.0 25736.6 16192.4    378.9  1000.3   602.1
   885 192.731   0.011 192.742   384086.9 207879.8 17228.8 15246.1    620.8   785.5  1071.4
   886 -70.931   0.014 -70.917   378584.0 224648.4 24734.8 12019.6    479.3   704.5   645.8
   887 -258.145   0.015 -258.129   336545.0 235157.9 24210.1 12643.7    412.7  1389.5   851.9
   888  60.535   0.019  60.555   396694.8 219173.3 20968.7 18679.1    369.6  1148.8   591.8
   889 197.957   0.015 197.971   502015.9 225125.9 31263.0 22154.3    599.3  1090.0   867.3
   890 -139.266   0.022 -139.245   321745.5 210259.5 20857.5  5086.8    366.2   886.1   493.4
   891  70.071   0.000  70.071   474392.1 225370.9 27309.7 21711.6    757.1   705.6  1236.4
   892 -247.514   0.019 -247.495   308052.0 207368.6 19990.7  4811.7    436.2   771.9   569.5
   893 -77.898   0.010 -77.888   383247.0 202086.4 19848.0 16856.8    511.8   547.8   837.2
   894 -26.152   0.012 -26.139   405607.3 232719.7 24401.1 16186.1    821.2   531.4  1408.1
   895 -92.696   0.012 -92.683   366665.9 190584.9 15741.0  9361.9    386.8   687.5   515.9
   896 -79.890   0.014 -79.876   330932.4 219617.3 16107.5  9280.1    641.3   390.5   997.3
   897 -232.936   0.018 -232.918   280569.0 235692.8 16404.5  8071.5    485.4   588.6   810.7
   898 108.053   0.016 108.069   343507.4 168723.5 10829.6 18951.5    517.8   497.8  1095.6
   899 -222.525   0.019 -222.505   328591.1 225469.9 22031.1 13732.9    442.3   893.6   893.3
   900 200.781   0.004 200.785   490597.2 220343.2 27764.4 22527.4    720.7   666.7  1241.7

         Carbon flux (ktC/yr)        Water (dam3/yr)                Nitrogen (MgN/yr)
       ----------------------- -------------------------- --------------------------------
Spinup NEP     estab   NBP     transp     evap    interc  nuptake ndemand  nlosses ninflux
------ ------- ------- ------- ---------- ------- ------- ------- -------- ------- -------
   901  40.260   0.005  40.264   376970.9 214872.9 24928.3 14679.7    464.6   765.7   706.2
   902 -12.412   0.011 -12.401   352608.0 203581.1 20262.9 13053.4    453.0   826.4   585.4
   903 295.771   0.012 295.783   412666.4 207996.2 15174.6 18035.8    481.3   867.1   706.2
   904  98.927   0.010  98.937   454802.1 222922.7 33095.5 17231.6    770.9   567.4  1118.9
   905 -160.822   0.018 -160.804   296102.4 238319.3 21099.6  9638.2    371.8   584.3   420.3
   906 -268.005   0.027 -267.979   286654.4 207033.8 16398.7  5178.1    439.5   797.6   484.8
   907 -196.239   0.018 -196.221   293094.7 237559.9 18429.9 13400.9    405.4   590.3   537.0
   908  43.614   0.003  43.617   481982.5 220301.1 24601.2 23287.8    713.3   677.0  1279.4
   909 -75.583   0.009 -75.574   354218.1 240803.4 22946.4 12561.7    357.9   907.4   548.3
   910  17.607   0.017  17.625   324588.2 198866.4 16399.1 11030.5    483.5   618.1   589.6
   911   3.771   0.018   3.789   344250.7 199045.1 18563.4 14381.6    492.9   867.2   704.2
   912   3.263   0.013   3.276   394738.6 202006.2 23030.7 16001.0    781.8   681.3  1215.1
   913  70.221   0.011  70.232   366643.2 245079.1 18966.1 18937.1    226.6  1273.9   358.5
   914 267.250   0.020 267.270   398956.9 205449.2 15320.1 17403.9    403.6  1120.2   549.2
   915   5.665   0.019   5.684   353578.6 199230.1 26867.6 12290.0    626.7  1429.2   878.2
   916  75.563   0.013  75.577   403322.4 206236.9 26037.5 16074.6    595.3  4072.2  1033.5
   917 103.812   0.006 103.818   385789.9 206923.4 21221.3 16536.9    338.8  1418.2   480.6
   918  16.187   0.012  16.199   357304.2 245742.8 21063.0 11803.5    186.5  1609.0   347.9
   919 -90.930   0.024 -90.906   351766.9 255269.3 18606.2 13248.2    370.4   994.2   598.4
   920 -115.460   0.022 -115.438   306790.4 241825.0 21611.4 11985.1    366.7   794.3   501.0
   921 181.049   0.012 181.061   421139.1 227203.3 20896.4 20406.2    401.1   918.5   605.7
   922 -89.391   0.014 -89.377   325307.8 194608.9 14172.9  7169.7    573.3   643.6   717.9
   923 -231.603   0.013 -231.591   291031.8 214615.6 15696.3  5349.2    788.3   439.7  1084.0
   924 -295.688   0.010 -295.678   272915.3 232049.9 15051.5  9096.2    535.9   562.3   849.9
   925 -260.925   0.018 -260.907   315997.2 182311.3 10778.8  8942.8    649.7   427.1  1059.3

         Carbon flux (ktC/yr)        Water (dam3/yr)                Nitrogen (MgN/yr)
       ----------------------- -------------------------- --------------------------------
Spinup NEP     estab   NBP     transp     evap    interc  nuptake ndemand  nlosses ninflux
------ ------- ------- ------- ---------- ------- ------- ------- -------- ------- -------
   926 -293.861   0.019 -293.842   304233.3 181220.6 10974.3  8458.4    592.2   402.7   925.6
   927 -135.789   0.009 -135.780   350576.6 197819.8 15962.2 16341.3    654.9   373.1  1308.3
   928 -50.770   0.016 -50.754   334664.1 201875.3 14195.2 11170.7    620.4   605.7  1003.7
   929  -0.837   0.008  -0.829   369021.7 215681.4 18981.0 22791.0    455.8   725.7   774.2
   930 112.373   0.015 112.388   390660.8 199443.1 19506.8 18326.2    295.7   826.3   463.1
   931  83.427   0.014  83.442   369096.8 244119.3 19111.9 17491.9    225.5   826.0   367.9
   932 248.183   0.022 248.205   369284.1 201608.2 16379.8 16773.0    390.9   673.8   689.6
   933 -83.986   0.023 -83.964   342240.3 243379.3 22044.7 11166.8    383.3  1019.4   547.1
   934 -108.769   0.021 -108.748   347113.0 218613.9 22418.7 10542.1    508.6   515.5   725.6
   935 196.915   0.014 196.929   367596.1 175700.0 13510.1 19404.3    342.3   983.5   672.7
   936 -227.498   0.015 -227.483   331802.1 189449.8 15876.8  5329.6    355.4   608.4   457.1
   937 -150.858   0.003 -150.855   346807.9 240021.6 29029.6 17015.4    393.0   777.1   786.8
   938 301.877   0.020 301.897   414160.3 232858.3 22374.7 19508.3    206.3  1694.0   320.1
   939 188.789   0.019 188.809   399253.6 228280.3 24223.5 16531.5    489.0   915.4   768.5
   940 -34.928   0.017 -34.911   391470.1 222407.1 24604.5 12360.2    600.4   575.0   880.7
   941 239.185   0.007 239.192   397281.4 200828.5 17328.1 16720.4    814.9   545.1  1182.4
   942 110.215   0.004 110.219   390779.6 230526.2 25772.2 16627.2    635.9   652.0  1029.7
   943 107.937   0.009 107.946   363753.7 199690.4 18392.7 12612.9    839.1   626.5  1033.9
   944 -255.752   0.019 -255.732   262247.0 236358.3 20184.0  5025.8    189.8  1302.2   337.0
   945 -141.963   0.019 -141.944   295270.5 239635.7 15390.0 10625.9    347.3   728.3   657.0
   946 126.914   0.016 126.930   366179.6 191530.7 13225.3 16619.0    976.4   439.0  1369.9
   947 -68.048   0.016 -68.032   384096.4 198821.4 22879.3 16966.4    856.1   534.5  1341.5
   948   0.606   0.012   0.618   374989.3 222204.0 24529.9 18364.4    569.0   880.5   803.2
   949 -81.369   0.007 -81.362   360234.3 251330.9 20526.0 13121.1    302.9   905.4   517.9
   950  96.578   0.019  96.598   409717.7 233149.3 23689.0 17562.7    758.0   539.3  1256.5

         Carbon flux (ktC/yr)        Water (dam3/yr)                Nitrogen (MgN/yr)
       ----------------------- -------------------------- --------------------------------
Spinup NEP     estab   NBP     transp     evap    interc  nuptake ndemand  nlosses ninflux
------ ------- ------- ------- ---------- ------- ------- ------- -------- ------- -------
   951 239.097   0.020 239.117   378224.8 212175.4 21375.4 16790.7    508.7   769.0   755.1
   952 -16.077   0.017 -16.059   337592.1 214136.8 23266.5 12049.9    459.5   715.7   660.4
   953  80.825   0.011  80.836   372652.8 226229.1 23843.7 17787.0    689.3   488.7   891.6
   954 -148.751   0.013 -148.739   341446.1 232809.6 26843.7 12340.4    349.8  1154.0   614.4
   955 263.138   0.019 263.157   386631.7 205627.9 15451.2 17426.5    553.6   605.1   958.8
   956 160.320   0.017 160.337   360374.8 203581.1 15773.3 14242.3    474.3   702.4   647.4
   957  15.327   0.015  15.342   374988.3 230777.0 25627.1 14672.8    770.4   471.8  1142.1
   958 -226.943   0.016 -226.927   293933.9 236509.6 20863.8  7096.8    390.4   592.0   562.0
   959 -203.011   0.003 -203.007   339906.3 240558.2 28158.6 15251.8    472.3   749.1   887.7
   960 186.332   0.020 186.351   419674.2 199696.6 21016.5 20977.9    566.6  1230.7   942.4
   961 114.494   0.019 114.513   411226.2 198488.3 23537.9 17004.6    740.6   791.2  1181.7
   962  44.924   0.015  44.939   380377.7 217881.9 24221.7 14312.1    510.8   822.0   847.5
   963  -4.075   0.018  -4.057   343526.1 244338.9 19122.6 15720.4    326.5   712.0   446.3
   964 -141.546   0.025 -141.521   315851.5 208340.1 17437.0  6550.5    459.4   952.2   550.8
   965 -28.462   0.017 -28.445   350997.1 217184.7 14678.0 12616.9    755.2   426.6  1153.8
   966 124.220   0.012 124.232   342950.0 208924.0 17962.4 15975.0    608.1   516.5   965.6
   967 -312.668   0.021 -312.647   254276.5 201409.3 15911.9  2307.7    454.2   731.6   511.6
   968 -309.813   0.009 -309.803   304232.7 184625.0 10508.9  8940.2    570.3   452.1   815.2
   969  56.712   0.009  56.721   343079.5 197187.9 10868.7 17344.0    668.8   381.0  1143.3
   970 -101.566   0.013 -101.553   336036.3 191954.3 21321.1 13925.4    742.7   580.7  1120.3
   971  12.730   0.010  12.740   373375.6 223080.0 22091.4 20719.4    450.4  2491.9   700.9
   972 161.685   0.008 161.693   454273.9 223449.8 24387.3 18184.9    431.2  1023.2   679.2
   973 137.554   0.013 137.567   411691.0 203239.3 27295.0 16843.6    537.3  3787.0   933.0
   974 144.705   0.014 144.719   388671.4 207260.5 22180.9 16192.2    273.7  1324.4   387.6
   975 177.950   0.014 177.964   392647.1 229490.3 19033.2 12210.4    337.9  1330.3   506.7

         Carbon flux (ktC/yr)        Water (dam3/yr)                Nitrogen (MgN/yr)
       ----------------------- -------------------------- --------------------------------
Spinup NEP     estab   NBP     transp     evap    interc  nuptake ndemand  nlosses ninflux
------ ------- ------- ------- ---------- ------- ------- ------- -------- ------- -------
   976 -94.125   0.027 -94.098   313918.8 212978.6 16852.4  6722.2    483.7   856.6   725.0
   977 -71.425   0.015 -71.410   377037.9 203219.6 20510.6 17207.8    714.4  2205.7  1214.3
   978 -17.952   0.014 -17.937   381385.5 227278.6 23920.0 20321.5    371.4  2396.4   568.5
   979 -188.779   0.010 -188.769   344288.9 234355.5 25792.0 13360.9    280.6  2361.6   536.6
   980 128.353   0.014 128.367   378718.7 227407.0 24656.1 19353.9    435.4  1079.0   629.1
   981 114.532   0.016 114.549   429830.6 206369.5 28365.2 19266.7    490.9   962.6   750.8
   982 114.634   0.012 114.646   430802.9 209609.5 30142.2 18282.3    475.0   989.4   726.8
   983 172.595   0.010 172.605   362675.0 206877.9 16861.1  9872.7    268.8  1049.2   323.2
   984 -102.703   0.015 -102.688   312130.4 249476.4 19545.4 12609.2    385.7   725.9   539.6
   985 -241.579   0.022 -241.557   331896.3 231778.2 22913.2 13212.6    478.4  1088.6   887.2
   986  -5.251   0.018  -5.233   404081.4 206165.1 22102.5 15542.3    543.0   775.6   839.5
   987 102.752   0.015 102.767   363384.7 179183.7 14761.4 16002.3    471.5  1145.8   793.4
   988  59.553  -0.002  59.551   482613.5 225517.8 30335.3 18849.9    889.1   708.7  1431.3
   989 -145.883   0.014 -145.869   318229.4 208829.2 20006.9  5837.1    461.3   830.9   550.9
   990 107.125   0.011 107.136   388392.4 227763.4 21164.0 18446.5    520.5   674.3   720.6
   991  20.670   0.014  20.684   371622.9 224644.1 23989.8 14247.3    708.7   535.5  1021.3
   992 -210.686   0.017 -210.669   289066.5 239471.0 23238.7  9242.0    490.6   519.8   543.6
   993 -105.038   0.017 -105.022   330226.6 205086.7 15164.9 10855.4    493.0   740.0   671.5
   994 -85.025   0.008 -85.017   370385.0 217082.5 20301.1 20275.0    638.2   714.1   991.8
   995   7.818   0.010   7.828   370583.1 238202.0 19765.6 13492.5    276.6   673.9   447.1
   996 303.745   0.013 303.758   448881.9 197566.9 19958.7 17431.6    563.2   477.0   837.6
   997  32.214   0.011  32.226   401736.4 233258.7 25964.0 15340.0    872.5   539.0  1376.8
   998 -31.120   0.013 -31.107   410381.1 206136.8 26269.6 16772.2    829.9   543.7  1237.1
   999 146.065   0.010 146.075   375883.4 223336.6 19386.7 12203.3    405.6   686.2   567.4
  1000 -264.833   0.016 -264.817   313948.6 191329.6 15975.3  3092.5    450.9   705.3   600.7

         Carbon flux (ktC/yr)        Water (dam3/yr)                Nitrogen (MgN/yr)
       ----------------------- -------------------------- --------------------------------
Spinup NEP     estab   NBP     transp     evap    interc  nuptake ndemand  nlosses ninflux
------ ------- ------- ------- ---------- ------- ------- ------- -------- ------- -------
  1001  96.293   0.007  96.300   341788.4 194854.9 13763.1 15367.3    873.6   666.8  1096.5
  1002 -164.491   0.011 -164.481   336279.3 193090.8 21626.3 12874.5    883.8   579.3  1259.5
  1003 -23.769   0.007 -23.762   395205.5 202940.1 22628.1 17015.5    726.3  2328.0  1230.6
  1004 311.418   0.013 311.432   465867.2 199086.0 20999.3 19030.6    471.0   901.1   718.1
  1005 -100.664   0.018 -100.646   352428.3 252642.4 21064.0 11289.5    379.5  1088.1   618.2
  1006 126.973   0.022 126.995   368916.0 231634.9 22104.7 15195.2    498.8   917.7   787.1
  1007 -62.509   0.013 -62.496   448618.8 221169.3 29159.3 16353.7   1029.5   568.9  1597.3
  1008 -171.280   0.019 -171.261   302491.2 234054.5 20072.2 13009.2    365.3   622.9   492.6
  1009 -78.441   0.016 -78.424   389268.8 202622.6 22870.2 17391.0    796.7   597.1  1141.9
  1010 -65.686   0.022 -65.664   327469.3 237712.2 21830.9 10353.1    207.0  1017.3   338.9
  1011 -120.135   0.020 -120.115   335360.7 188919.5 14317.5  7533.9    378.5   508.0   536.4
  1012 -55.245   0.008 -55.237   355731.0 221184.6 20320.5 18516.4    662.7   583.5  1060.0
  1013 163.795   0.002 163.796   499835.6 223449.4 28665.3 22657.1    651.8   622.4  1117.5
  1014  29.384   0.004  29.388   384387.4 220735.5 27611.3 17978.8    498.2   937.1   705.7
  1015  44.675   0.014  44.689   395789.4 195494.9 17522.8 10049.6    308.4   759.9   336.3
  1016  38.299   0.013  38.312   380427.5 200344.9 25622.3 14782.9    716.7   727.2  1186.2
  1017 170.069   0.011 170.080   421771.3 241623.0 26290.1 18617.4    552.5  1289.2   838.4
  1018 147.618   0.019 147.637   370067.7 203040.3 19324.2 14186.4    441.0  1046.3   594.0
  1019 140.113   0.019 140.132   380902.4 230699.1 18851.4 11769.2    452.0  1275.6   683.5
  1020  85.935   0.024  85.959   366690.1 234920.2 22440.9 13144.0    585.8   844.7   935.1
  1021 -131.795   0.016 -131.779   442736.7 222927.6 28255.5 15180.0   1165.1   582.0  1714.5
  1022  62.358   0.016  62.374   353916.0 202063.1 15362.5 13619.2    643.7   605.5   857.5
  1023 -75.709   0.010 -75.699   359504.3 228692.0 24492.5 13486.3    847.9   480.8  1259.1
  1024 -380.901   0.012 -380.889   303381.4 188143.4 15096.5  2832.3    632.1   523.5   738.1
  1025 -60.533   0.005 -60.528   354133.5 193873.2 16841.0 17489.6    867.4   378.7  1343.1

         Carbon flux (ktC/yr)        Water (dam3/yr)                Nitrogen (MgN/yr)
       ----------------------- -------------------------- --------------------------------
Spinup NEP     estab   NBP     transp     evap    interc  nuptake ndemand  nlosses ninflux
------ ------- ------- ------- ---------- ------- ------- ------- -------- ------- -------
  1026 -301.500   0.019 -301.481   310580.0 184236.7 13886.2  4942.1    606.5   470.2   840.4
  1027 -13.098   0.007 -13.091   345774.4 218576.3 18450.4 18918.8    828.5   378.9  1360.0
  1028 113.670   0.012 113.683   385444.3 191686.0 20762.5 18911.8    612.7   685.1   954.3
  1029 -44.968   0.015 -44.953   342394.4 218938.8 17490.5  7743.0    777.0   343.8  1159.0
  1030  18.008   0.008  18.016   361550.6 194847.5 19291.0 16294.3    822.9   397.0  1249.6
  1031 134.700   0.013 134.713   345281.2 173770.2 13812.3 13959.8    642.5   680.8  1088.0
  1032  10.757   0.011  10.769   450375.4 220121.9 29988.3 16965.1    855.4   425.3  1409.7
  1033  92.082   0.012  92.094   340790.7 203041.0 16225.4 13335.8    428.5   602.9   554.3
  1034 -126.826   0.006 -126.820   317513.8 195741.9 22087.3 11696.6    518.1   546.0   697.6
  1035 -51.611  -0.006 -51.617   379276.0 228471.0 22997.4 14256.3    983.8   453.4  1515.0
  1036  36.742   0.012  36.754   387455.5 193447.2 19642.5 13071.9    706.4   434.2   988.4
  1037 -111.537   0.020 -111.517   339668.8 244651.2 20180.7 12593.8    443.2   915.0   677.2
  1038 -202.011   0.021 -201.990   326909.2 226053.1 21746.3 13558.6    544.8   751.6   931.2
  1039  52.045   0.019  52.064   340162.3 178990.4 14961.6 14439.9    656.7   454.5   956.7
  1040 -25.385   0.013 -25.372   380846.2 225154.8 22996.5 20343.8    464.6   620.1   726.7
  1041  91.613   0.009  91.622   377225.8 209839.5 18828.7 12509.5    303.1   733.5   475.1
  1042 105.903   0.004 105.908   362802.9 200513.5 17103.1 15386.4    376.7   573.5   543.1
  1043 130.727   0.014 130.741   354663.0 183673.7 16834.1 14692.7    473.7   531.4   782.6
  1044 271.605   0.013 271.618   395379.2 219944.3 20775.1 19564.2    405.4   525.2   616.6
  1045 -77.546   0.016 -77.530   321613.7 246685.8 19414.4 14058.4    311.3   558.6   425.4
  1046  84.520   0.020  84.540   350162.9 174143.9 14099.6 15548.5    563.3  1122.5   817.3
  1047 -129.054   0.021 -129.034   368057.0 221429.3 24154.3 10322.8    712.0   414.1   958.9
  1048  52.335   0.012  52.348   400216.9 195872.2 21029.2 17967.7    769.9   481.4  1188.5
  1049 -42.336   0.012 -42.324   324120.5 197430.2 14137.5  6655.5    654.2   457.5   794.6
  1050  -1.334  -0.004  -1.338   441102.4 220390.9 27569.0 17751.5    971.3   445.9  1562.2

         Carbon flux (ktC/yr)        Water (dam3/yr)                Nitrogen (MgN/yr)
       ----------------------- -------------------------- --------------------------------
Spinup NEP     estab   NBP     transp     evap    interc  nuptake ndemand  nlosses ninflux
------ ------- ------- ------- ---------- ------- ------- ------- -------- ------- -------
  1051 -130.868   0.018 -130.851   335681.4 241752.5 21103.2 11084.1    497.5   844.5   777.4
  1052 -79.917   0.018 -79.900   339568.8 218560.1 21390.1 15670.6    815.7   713.2  1191.7
  1053 -211.958   0.017 -211.941   349316.9 241653.1 31780.1 14151.7    485.3   746.7   812.6
  1054 182.613   0.015 182.628   407438.4 200790.2 24944.5 18297.6    501.4  2871.4   871.3
  1055  77.209   0.010  77.219   383327.6 229974.3 26285.2 18899.2    333.9  2620.3   563.3
  1056 200.785   0.015 200.800   370903.5 202287.0 15066.1 11869.0    374.6  1093.8   479.9
  1057 -136.958   0.018 -136.940   289228.6 241005.1 21028.3  7006.8    287.6  1050.1   534.9
  1058 -84.162   0.018 -84.144   389896.9 205506.3 21363.7 16373.8   1023.5   681.8  1639.6
  1059 145.315   0.019 145.334   381569.5 220593.6 17085.6 14110.4    376.1  1061.0   598.6
  1060  58.587   0.017  58.604   362233.3 223328.5 23801.7 17376.2    689.2   567.6  1070.7
  1061 -32.382   0.017 -32.364   323460.0 238943.2 21192.0 10347.8    191.8  1104.6   352.3
  1062  63.373   0.021  63.394   374724.6 217521.9 20309.3 16791.3    491.0   616.7   849.9
  1063 107.564   0.017 107.581   478871.9 224610.9 29506.3 19435.0    838.9   652.7  1221.8
  1064 -181.151   0.017 -181.134   341620.9 229550.6 26964.2 11863.2    541.7   766.5   880.6
  1065  73.968   0.013  73.981   354774.2 211683.8 16442.9 10368.9    445.0   660.1   740.9
  1066 146.242   0.020 146.263   366719.1 201307.4 14312.7 17142.2    615.9   542.4  1026.6
  1067 -194.119   0.023 -194.097   303561.3 232556.6 19836.2  9172.1    355.2   542.0   578.0
  1068 214.796   0.012 214.808   375775.0 207368.2 13159.1 17459.8    563.7   493.8   874.6
  1069 -237.451   0.017 -237.434   265671.9 234811.1 19972.0  5840.0    277.5   729.3   429.8
  1070 -84.044   0.011 -84.033   306996.8 238878.3 14152.6 16227.5    469.8   476.0   801.6
  1071 -114.698   0.019 -114.679   371831.7 216341.8 19669.6 13049.1    829.4   452.5  1160.3
  1072  15.603   0.018  15.621   344129.6 177093.0 14809.9 14001.2    755.5   447.7  1173.2
  1073   7.676   0.016   7.692   363632.4 238039.7 18941.5 14097.6    334.3   575.7   629.8
  1074  46.003   0.017  46.019   346747.3 205430.8 15364.7 10812.9    487.7   510.8   823.8
  1075 103.302   0.008 103.310   483020.5 223563.2 25802.3 22270.1    774.5   508.2  1371.8

         Carbon flux (ktC/yr)        Water (dam3/yr)                Nitrogen (MgN/yr)
       ----------------------- -------------------------- --------------------------------
Spinup NEP     estab   NBP     transp     evap    interc  nuptake ndemand  nlosses ninflux
------ ------- ------- ------- ---------- ------- ------- ------- -------- ------- -------
  1076 -104.403   0.021 -104.382   312857.3 238931.8 25788.2 10943.7    348.6   586.7   438.7
  1077 102.255   0.015 102.270   357314.7 200092.3 16261.5 15207.2    446.0   655.6   623.5
  1078 118.677   0.010 118.687   371217.6 224618.8 17527.1 12327.1    483.1   771.2   725.9
  1079 -59.472   0.014 -59.458   308732.1 197423.1 13016.2  7273.2    637.5   556.0   773.0
  1080  46.530   0.012  46.542   322167.7 200338.5 12916.5 14018.6    652.5   466.3   982.1
  1081 -269.627   0.019 -269.608   275290.7 202287.2 15791.9  5811.0    520.8   587.7   597.7
  1082  51.782   0.003  51.785   333781.3 169034.8 10643.2 19395.9    679.1   421.2  1162.8
  1083 -229.357   0.016 -229.341   295345.1 229867.9 18279.9  9741.1    444.2   401.7   695.6
  1084 -98.853   0.014 -98.840   307921.1 234674.1 16208.0 11632.8    347.2   499.1   609.4
  1085 -50.610   0.020 -50.590   303887.0 238291.1 19187.8 14113.6    404.1   463.7   616.7
  1086 206.676   0.013 206.688   395092.5 195621.5 14317.8 18921.6    847.0   457.7  1258.8
  1087 -101.448   0.020 -101.428   300862.5 234823.2 23418.8 11052.3    400.8   528.4   505.3
  1088 162.778   0.010 162.788   418572.9 192664.9 17843.7 16479.0    666.5   431.0   934.9
  1089 -124.851   0.017 -124.835   314985.8 204622.6 17556.5  7547.2    570.2   606.2   758.7
  1090 -115.428   0.013 -115.415   339072.5 241996.9 17269.7 14354.0    429.8   734.7   671.6
  1091  62.367   0.018  62.385   319702.0 196292.8 13451.1 14316.6    666.5   501.9   964.3
  1092 -101.966   0.014 -101.952   323703.7 209479.4 21336.8 15482.8    762.5   578.1  1051.4
  1093 -11.396   0.009 -11.387   394394.5 199786.3 22771.6 16094.2    733.0   448.4  1185.0
  1094 346.356   0.007 346.363   394903.8 218110.5 20624.0 19801.3    365.9   767.1   569.0
  1095  65.683   0.011  65.694   372842.0 199171.0 26565.7 12804.5    742.1   922.2  1106.1
  1096 385.751   0.013 385.764   409852.1 205166.4 18471.9 18167.9    703.3   889.0   948.3
  1097 -173.506   0.019 -173.487   320231.6 191696.8 16999.8  3777.8    393.0   882.9   417.2
  1098 -86.118   0.012 -86.105   369874.8 222510.3 20794.4 12532.7    736.2   567.6  1153.2
  1099  11.349   0.008  11.357   418226.7 222639.8 21162.4 16145.7    638.9   562.0  1095.4
  1100  -4.791   0.007  -4.783   411250.3 234843.6 23988.2 17214.1    765.1   580.0  1339.2

         Carbon flux (ktC/yr)        Water (dam3/yr)                Nitrogen (MgN/yr)
       ----------------------- -------------------------- --------------------------------
Spinup NEP     estab   NBP     transp     evap    interc  nuptake ndemand  nlosses ninflux
------ ------- ------- ------- ---------- ------- ------- ------- -------- ------- -------
  1101 212.205   0.014 212.218   388428.4 201252.0 16370.2 17844.2    459.2   652.2   893.9
  1102 -171.743   0.016 -171.727   301528.8 237908.4 25062.0  8917.9    309.3   644.8   386.6
  1103 -172.304   0.014 -172.290   348715.9 230615.9 22618.5 16480.2    406.0   959.7   804.4
  1104 100.431   0.013 100.443   398193.4 217741.6 22388.8 17379.3    348.8   925.9   591.0
  1105 107.686   0.020 107.707   364089.2 211965.2 17411.2 12122.0    224.3  1084.6   367.2
  1106  30.405   0.020  30.425   345262.6 179455.8 15489.7 14738.2    551.6   574.4   858.1
  1107 137.536   0.016 137.552   374293.0 179426.8 14615.5 18342.5    413.0   754.8   727.0
  1108 -35.967   0.011 -35.956   348155.5 240894.7 19561.6 16347.0    346.6   663.4   487.6
  1109 -35.539   0.017 -35.522   380870.9 201051.6 24197.5 13630.9    798.8  1222.8  1202.3
  1110 -79.150   0.020 -79.130   359552.6 256454.7 20390.3 13044.9    318.2  1625.5   531.7
  1111  43.152   0.022  43.174   339485.4 181012.3 15521.6 12757.2    713.3   746.4  1055.3
  1112  93.135   0.020  93.156   370545.4 182308.6 15828.7 15127.9    704.0   878.0  1120.4
  1113  96.735   0.016  96.751   451490.0 226728.7 24107.6 16724.1    581.9   846.0   999.9
  1114 221.828   0.009 221.837   424653.8 233956.9 24945.1 17446.5    483.8  1052.5   734.7
  1115 -138.644   0.013 -138.632   352363.3 192511.4 16392.6  6116.3    567.2   638.1   775.4
  1116 -251.974   0.018 -251.956   319495.3 231713.8 22083.6 12042.3    553.9   718.0  1026.4
  1117 188.071   0.018 188.089   398110.7 230647.5 19770.3 17465.8    523.3   867.3   884.5
  1118 -86.475   0.019 -86.457   389197.6 202033.1 22133.1 13280.5    744.2   481.8  1160.9
  1119  16.844   0.015  16.859   384692.0 217765.4 21776.0 15765.0    588.1   680.9  1033.8
  1120 214.700   0.019 214.719   380099.4 216522.8 19750.6 17305.9    601.6   625.5   865.2
  1121 142.487   0.018 142.504   350545.6 214385.4 20414.8 13402.8    722.6   468.3  1038.9
  1122 -274.429   0.014 -274.415   317199.5 229199.5 23384.1  9890.3    597.1   791.7   974.4
  1123 -223.056   0.019 -223.038   335902.7 241354.8 28823.2 14004.7    495.6  1095.1   860.8
  1124 353.236   0.019 353.254   405560.7 197934.9 16757.5 19215.4    718.1   719.4   997.4
  1125  99.324   0.017  99.340   351437.2 175253.1 15403.0 14262.4    496.9  1179.2   830.1

         Carbon flux (ktC/yr)        Water (dam3/yr)                Nitrogen (MgN/yr)
       ----------------------- -------------------------- --------------------------------
Spinup NEP     estab   NBP     transp     evap    interc  nuptake ndemand  nlosses ninflux
------ ------- ------- ------- ---------- ------- ------- ------- -------- ------- -------
  1126 -134.422   0.014 -134.407   305193.2 197200.0 13547.0  5699.2    580.2   607.8   639.8
  1127 -148.653   0.008 -148.645   318966.4 241623.2 17350.7 12327.6    489.9   755.6   814.7
  1128 -35.833   0.021 -35.812   342757.5 221966.9 19373.8 14089.6    754.6   577.1  1142.5
  1129 -127.022   0.014 -127.008   432519.4 216950.9 26219.9 15997.9   1103.1   415.9  1720.6
  1130 -109.651   0.016 -109.635   366562.8 197318.8 22508.7 13131.1    633.2   452.4   916.5
  1131 149.845   0.006 149.851   361525.5 176650.7 14013.5 17216.5    481.9   871.7   844.3
  1132 -161.570   0.008 -161.562   340961.6 189768.1 15414.3  6718.0    462.7   610.9   567.7
  1133 110.581   0.013 110.594   363292.4 226723.5 20549.5 16102.5    634.2   545.6  1010.5
  1134 -241.711   0.020 -241.691   290374.4 203157.4 16389.3  5400.1    657.6   583.7   838.6
  1135  82.353   0.008  82.361   393004.6 190351.1 15028.9 17210.4    694.6   411.8  1114.7
  1136 -70.562   0.013 -70.549   374925.7 198999.8 21171.3 14743.6    634.1   427.8   996.2
  1137 -181.256   0.012 -181.243   342860.1 240347.0 31244.0 14819.6    437.0   802.9   834.6
  1138 238.778   0.022 238.799   363410.4 199263.4 13540.3 14463.0    287.1   886.7   429.2
  1139  -7.655   0.019  -7.635   363736.4 221620.5 24262.6 17462.7    567.5   925.4   931.4
  1140 -183.328   0.016 -183.312   338909.8 234753.8 24277.7 13651.2    308.8  1723.2   603.9
  1141 -112.681   0.018 -112.663   347363.1 242026.3 31313.0 15482.2    291.6  2290.4   565.6
  1142 290.014   0.020 290.034   412555.6 235467.6 23544.5 17933.9    178.6  1561.3   289.5
  1143 147.849   0.018 147.867   423657.6 196673.3 21084.6 13371.9    697.7   614.7  1098.6
  1144 -53.683   0.010 -53.674   370718.5 224893.3 24421.0 16802.4    632.4   926.7   900.6
  1145 -46.369   0.006 -46.363   340224.2 245525.8 24212.2 13590.6    302.9   644.3   409.1
  1146  51.067   0.011  51.078   389556.9 229242.9 24067.3 20500.3    465.6   702.8   620.7
  1147 318.807   0.016 318.823   427744.1 207375.6 17768.2 17941.7    269.4  1071.2   367.8
  1148 -101.271   0.018 -101.253   289379.3 182931.9 18380.2  7342.7    362.4   644.1   473.9
  1149 -259.959   0.013 -259.947   335207.2 238781.6 23197.5 13294.4    379.0  1244.6   783.8
  1150   8.445   0.018   8.462   419741.2 208679.7 21555.5 16782.7    454.2   922.9   793.5

         Carbon flux (ktC/yr)        Water (dam3/yr)                Nitrogen (MgN/yr)
       ----------------------- -------------------------- --------------------------------
Spinup NEP     estab   NBP     transp     evap    interc  nuptake ndemand  nlosses ninflux
------ ------- ------- ------- ---------- ------- ------- ------- -------- ------- -------
  1151 -52.995   0.019 -52.976   392785.7 203409.7 25463.3 13669.5    753.5  1942.5  1290.2
  1152 167.718   0.015 167.734   365948.1 185527.0 16684.1 15931.8    392.8  1153.3   645.2
  1153 -20.028   0.012 -20.017   339858.2 247001.3 24689.5 13868.1    326.7   981.7   451.4
  1154 205.854   0.009 205.863   434580.0 232280.6 23062.0 19818.5    398.7  1128.8   558.3
  1155 -118.525   0.020 -118.506   331414.2 239766.4 21678.7  9048.5    357.4   802.5   655.6
  1156 170.175   0.014 170.188   374642.4 196351.9 15879.3 14686.6   1042.9   586.5  1380.5
  1157 -111.536   0.019 -111.516   303543.1 216208.3 16488.2  6621.0    558.7   986.0   706.0
  1158 -238.654   0.017 -238.638   277539.1 177375.9 13668.0  8449.5    958.3   497.2  1239.0
  1159 -203.786   0.007 -203.778   391291.2 208149.1 19600.9 17722.8   1003.5   545.4  1699.6
  1160 100.215   0.008 100.223   447275.0 220261.6 22933.1 18028.7    529.0   700.9   833.1
  1161  42.297   0.006  42.304   418219.6 236162.2 25899.6 16956.3    737.6   646.2  1280.1
  1162   3.973   0.016   3.990   363967.7 239017.2 19640.1 15978.1    317.5   813.0   464.2
  1163  14.912   0.019  14.931   402338.4 204415.9 23696.7 15159.8    474.6   802.5   703.6
  1164  84.206   0.018  84.225   391178.1 219570.9 23697.7 15591.1    482.2   738.1   862.1
  1165  27.099   0.023  27.122   375926.5 193728.9 15968.1  9766.7    414.6   781.0   529.1
  1166 145.361   0.021 145.381   343127.9 202339.5 15116.3 14667.1    684.7   701.1  1000.7
  1167 -187.510   0.013 -187.497   334985.5 198911.1 23138.3 11207.6    864.5   672.9  1222.3
  1168 249.372   0.003 249.375   425984.9 208813.7 14331.0 19622.3    500.0  1040.0   777.7
  1169 104.219   0.008 104.226   350413.2 176589.8 15625.6 14844.6    475.0  1081.3   794.9
  1170  34.078   0.015  34.093   333718.0 201249.1 16144.5 12672.4    685.4   601.6   987.5
  1171 -92.779   0.009 -92.770   349012.2 221790.6 23269.0 15559.5    915.4   460.1  1269.1
  1172 -90.837   0.017 -90.820   322889.8 238931.2 19920.6 14783.8    367.2   597.8   503.7
  1173 -106.472   0.020 -106.452   373435.4 202122.0 21764.9 13211.2    636.8   548.2   804.6
  1174  84.198   0.015  84.213   477898.3 223720.3 29981.1 18446.4    966.7   651.3  1527.8
  1175 133.859   0.014 133.873   359275.2 173232.8 16030.6 15169.9    566.7  1077.7   902.0

         Carbon flux (ktC/yr)        Water (dam3/yr)                Nitrogen (MgN/yr)
       ----------------------- -------------------------- --------------------------------
Spinup NEP     estab   NBP     transp     evap    interc  nuptake ndemand  nlosses ninflux
------ ------- ------- ------- ---------- ------- ------- ------- -------- ------- -------
  1176 -121.957   0.010 -121.947   343439.3 249207.8 21928.6 10790.1    437.4   909.0   673.4
  1177  39.573   0.020  39.593   331865.9 194353.2 15902.8 11377.6    943.1   520.3  1078.6
  1178 -204.693   0.023 -204.670   278960.6 235586.9 17058.8 12172.2    483.2   540.7   619.1
  1179 -180.052   0.020 -180.032   351092.4 216845.1 19276.0 11632.7    837.3   458.6  1100.5
  1180 -18.036   0.017 -18.019   376805.5 214404.1 19408.4 16899.8    582.0   665.4  1020.3
  1181  65.985   0.014  65.999   349956.5 178258.3 15441.8 14623.4    599.3   449.6   885.2
  1182  12.013   0.006  12.019   424771.7 207209.2 24984.0 19658.7    707.7   469.9  1228.1
  1183  49.320   0.004  49.323   389488.3 227492.8 26991.4 19621.4    290.3  1116.9   472.5
  1184 181.762   0.014 181.776   374466.8 202617.8 15427.2 11549.0    348.6   636.8   472.4
  1185 -163.111   0.021 -163.090   292352.6 210763.9 18161.9  4382.5    377.0   596.5   541.8
  1186 -168.311   0.020 -168.291   310448.3 237883.1 16182.1 12459.5    324.2   606.6   599.6
  1187 -10.117   0.012 -10.105   393205.7 225730.0 20437.6 18232.4    754.5   394.4  1304.2
  1188 -10.813   0.016 -10.797   337153.4 176252.8 15677.6 13758.7    547.5   452.3   897.8
  1189 104.682   0.008 104.690   373853.3 180589.9 15829.3 16817.9    541.6   440.0   921.9
  1190 169.198  -0.002 169.196   508237.9 225057.6 31570.3 22267.0    601.3   579.2  1099.1
  1191 -140.938   0.014 -140.923   354840.2 230878.0 28639.3 13353.1    375.2  1047.9   701.9
  1192 205.850   0.013 205.863   368105.4 209230.0 17968.5 14521.8    349.0   696.6   466.2
  1193  80.473   0.016  80.489   355523.0 216775.8 17463.8  9967.1    357.9   697.6   611.3
  1194  47.732   0.010  47.742   480152.3 227178.2 28007.9 20898.5    795.3   606.6  1237.4
  1195 -103.592   0.024 -103.569   341235.2 218532.8 19390.4  7620.8    738.2   341.2  1013.1
  1196 -204.542   0.021 -204.522   286902.0 240917.4 22307.8 10089.2    416.2   478.8   492.6
  1197 117.599   0.010 117.609   362066.5 210644.0 16744.7 18162.7    590.1   717.2   919.8
  1198 -224.915   0.012 -224.903   312825.1 194563.1 18484.1  9858.5    629.2   526.1   859.4
  1199 -76.465   0.011 -76.454   383632.9 200088.8 21310.9 15704.2    849.2   664.4  1314.9
  1200 -88.820   0.014 -88.806   356971.1 250550.0 19196.1 14677.5    267.7  1499.4   486.6

         Carbon flux (ktC/yr)        Water (dam3/yr)                Nitrogen (MgN/yr)
       ----------------------- -------------------------- --------------------------------
Spinup NEP     estab   NBP     transp     evap    interc  nuptake ndemand  nlosses ninflux
------ ------- ------- ------- ---------- ------- ------- ------- -------- ------- -------
  1201  -1.103   0.020  -1.083   385840.1 200500.2 22948.0 15472.3    744.9  1846.8  1231.4
  1202 112.632   0.019 112.651   401462.1 219813.9 22968.9 18811.7    290.9  1313.8   470.0
  1203  96.912   0.016  96.929   401769.6 220300.3 23744.2 17573.9    315.4  1224.8   499.1
  1204 179.213   0.007 179.219   427440.7 200020.2 23525.0 19333.7    570.2   914.6   890.9
  1205  10.506   0.011  10.518   391328.7 201781.1 28163.3 12018.1    835.0  1481.7  1259.2
  1206 138.254   0.012 138.266   371230.9 183722.3 15932.1 16361.5    324.1  2016.5   544.1
  1207 -97.632   0.015 -97.616   361699.8 195115.2 16410.1  7677.1    412.3   844.3   532.0
  1208 162.948   0.014 162.962   352048.2 215684.7 19112.7 16159.6    603.3   614.4   962.1
  1209 -150.257   0.011 -150.246   365187.4 200631.6 24225.4 13539.9    928.6   631.2  1354.7
  1210 141.669   0.011 141.680   354412.0 201624.8 15982.5 13858.4    627.4   734.6   935.3
  1211 -220.591   0.021 -220.571   293255.5 231771.8 18637.2 11504.2    452.5   647.8   622.4
  1212 -109.121   0.019 -109.102   321744.7 196927.6 15235.8 11612.8    555.7   657.4   721.8
  1213 -142.491   0.019 -142.471   336574.3 187778.0 14015.7  8640.9    501.5   677.1   650.0
  1214 -134.124   0.016 -134.108   295987.3 192425.1 11222.0  8436.5    684.7   464.9   919.0
  1215 -67.050  -0.000 -67.050   342842.8 217108.8 19034.6 18273.7    845.4   410.9  1397.9
  1216 161.302   0.004 161.305   403512.6 189070.8 19287.6 16087.7    569.7   567.3   796.6
  1217 -243.529   0.013 -243.516   319410.4 187282.1 15162.9  5456.5    540.7   593.0   635.1
  1218 -197.589   0.012 -197.577   285109.0 233751.9 16072.4 10029.4    491.1   528.1   794.0
  1219 -281.242   0.019 -281.223   307478.9 227404.1 18219.0 13356.2    570.4   617.2  1060.8
  1220   3.302   0.018   3.320   325326.2 236615.4 18709.5 16668.8    343.1   578.3   548.6
  1221 131.091   0.015 131.106   444234.2 218820.0 20808.0 19933.4    447.2   560.4   783.9
  1222 200.140   0.011 200.151   378227.9 176611.9 15378.8 18883.9    302.8   864.8   588.8
  1223 244.737   0.008 244.745   417720.0 230105.6 25984.5 18139.3    409.3   729.9   536.2
  1224 -16.736   0.011 -16.725   383567.8 203287.6 25827.4 12354.8    578.2   479.8   713.1
  1225 157.577   0.013 157.590   355557.9 208678.1 17548.6 13012.0    550.8   498.0   782.0

         Carbon flux (ktC/yr)        Water (dam3/yr)                Nitrogen (MgN/yr)
       ----------------------- -------------------------- --------------------------------
Spinup NEP     estab   NBP     transp     evap    interc  nuptake ndemand  nlosses ninflux
------ ------- ------- ------- ---------- ------- ------- ------- -------- ------- -------
  1226 101.402   0.014 101.416   388978.7 220856.5 23060.0 16827.0    465.7   833.6   706.3
  1227 -11.707   0.024 -11.683   345229.3 243998.2 20353.0 10847.6    288.7   802.2   491.1
  1228  55.347   0.021  55.367   339979.4 183540.5 15091.0 12934.3    749.4   360.3  1100.5
  1229 -82.753   0.015 -82.737   410369.1 208739.5 24120.2 16999.5    943.3   436.5  1539.3
  1230  43.467   0.008  43.475   423272.5 207401.4 26741.7 18725.3    663.5   582.8  1046.2
  1231 373.017   0.003 373.020   419425.4 204055.8 20013.6 17968.2    651.7   577.3   893.9
  1232 -59.268   0.013 -59.254   303650.4 200348.8 15544.6  4052.8    454.6   625.3   466.4
  1233 -247.402   0.014 -247.388   317536.1 231563.7 22127.6 12053.2    580.8   717.7  1058.6
  1234  11.663   0.019  11.682   331161.9 197338.1 11753.1 10638.3    698.4   587.2   925.0
  1235 -324.011   0.024 -323.987   295549.6 184870.1 13544.8  4617.5    545.8   488.0   756.8
  1236 -218.561   0.009 -218.552   364426.0 202620.0 18188.3 16517.3   1084.8   408.7  1816.8
  1237 -203.184   0.011 -203.173   325403.9 226106.1 21615.3 14257.8    450.9   927.3   922.0
  1238 147.270   0.011 147.281   483923.1 220742.5 26726.4 21278.5    839.5   698.7  1446.6
  1239 -35.637   0.019 -35.618   348479.8 200424.4 20816.2 11949.3    541.4   796.1   746.0
  1240 143.790   0.011 143.801   430253.2 223914.2 23323.4 16280.7    559.2   645.5   889.5
  1241  33.847   0.010  33.857   356769.1 241758.1 20771.9 12034.9    319.2   895.2   596.0
  1242   7.470   0.023   7.493   337637.0 244110.7 18242.2 11703.0    322.2   876.4   594.3
  1243 -44.512   0.021 -44.491   351387.0 188863.5 13542.6  9519.7    542.3   620.5   791.9
  1244 -78.115   0.017 -78.098   327100.9 196502.5 16995.0 13764.6    585.2   799.4   950.2
  1245 186.029   0.008 186.037   390398.0 195893.8 14910.0 17091.7   1000.3   473.1  1426.9
  1246 117.640   0.002 117.642   355717.5 193231.7 16647.2 13264.7    970.5   429.2  1176.1
  1247   5.648   0.002   5.650   351994.0 219076.3 22978.6 15944.9    884.9   390.6  1150.9
  1248 133.072   0.014 133.086   348372.4 173444.8 15244.0 15399.4    561.7   648.7   882.5
  1249 -335.077   0.020 -335.057   307571.9 189636.8 15552.4  2504.9    546.2   442.0   642.7
  1250 132.436   0.010 132.446   333793.3 210231.4 15551.8 16792.2    669.8   373.4  1094.6

         Carbon flux (ktC/yr)        Water (dam3/yr)                Nitrogen (MgN/yr)
       ----------------------- -------------------------- --------------------------------
Spinup NEP     estab   NBP     transp     evap    interc  nuptake ndemand  nlosses ninflux
------ ------- ------- ------- ---------- ------- ------- ------- -------- ------- -------
  1251 -64.635   0.009 -64.626   421265.1 215458.4 26515.4 15881.3   1020.9   439.7  1592.7
  1252 -24.082   0.015 -24.067   358235.1 189444.7 19651.5 10296.5    805.9   392.4  1055.3
  1253  22.191   0.010  22.200   375139.5 190957.0 17981.3 12081.1    868.5   403.0  1218.4
  1254  26.020   0.006  26.026   362110.0 224019.7 21341.4 14592.8    768.0   559.3  1120.3
  1255 -235.739   0.010 -235.728   292161.6 202892.3 16273.2  5166.8    732.7   518.7   926.6
  1256 -152.984   0.005 -152.979   300659.4 231381.3 14822.3 13190.4    392.3   518.0   711.1
  1257 -70.127   0.001 -70.127   374604.4 192702.5 19690.4 16699.6    798.5   364.3  1358.7
  1258 128.518   0.008 128.526   366968.4 208165.0 15956.1 14117.0    269.7   757.1   493.5
  1259 277.278   0.017 277.295   406472.5 203138.2 13969.1 20773.3    324.5   665.8   500.1
  1260 -93.482   0.022 -93.460   302093.5 239308.2 19951.5 13700.8    229.3   677.5   332.6
  1261  76.911   0.017  76.929   346277.7 196441.1 15899.1 13024.9    782.8   513.5   945.8
  1262 107.769   0.020 107.789   324552.7 208978.3 18960.5 14054.5    466.2   756.7   693.7
  1263 -183.107   0.016 -183.091   323541.3 199468.3 21290.5 10187.2    621.0   435.2   772.2
  1264 -39.310   0.007 -39.303   385640.3 204573.9 20834.7 14842.0    661.8   433.7  1025.1
  1265 -177.151   0.003 -177.148   341419.0 240452.5 30989.5 14584.4    435.0  1261.6   847.8
  1266 151.503   0.020 151.523   381388.8 199769.0 19428.4 18244.6    292.4  1348.6   455.4
  1267  72.890   0.017  72.907   422178.8 206886.0 26266.9 18939.9    604.3  1165.8  1048.6
  1268 -42.700   0.017 -42.684   364646.1 255289.0 22431.3 13153.6    186.2  1534.6   335.4
  1269  51.804   0.023  51.827   332810.9 200333.8 13564.4  9349.5    328.7   781.2   483.4
  1270 107.423   0.020 107.443   349825.2 227382.3 22390.3 15099.7    346.8   885.7   567.8
  1271  -9.773   0.014  -9.759   341984.6 195797.3 16106.6 11670.1   1014.3   590.7  1216.7
  1272 -298.065   0.024 -298.041   261581.1 201951.4 15696.5  3547.7    409.9   986.1   504.7
  1273  55.006   0.000  55.006   365935.6 219837.2 16313.6 19993.2    548.1   631.5   898.8
  1274  -2.937   0.013  -2.924   350384.1 191023.0 15503.7 12995.2    989.2   550.2  1280.4
  1275 -195.297   0.018 -195.279   260466.7 173606.5 14673.6  8250.3    498.8   633.1   595.5

         Carbon flux (ktC/yr)        Water (dam3/yr)                Nitrogen (MgN/yr)
       ----------------------- -------------------------- --------------------------------
Spinup NEP     estab   NBP     transp     evap    interc  nuptake ndemand  nlosses ninflux
------ ------- ------- ------- ---------- ------- ------- ------- -------- ------- -------
  1276 -65.913   0.012 -65.901   342777.2 234963.1 16151.2 14346.8    389.3   635.4   720.5
  1277 129.917   0.013 129.930   358048.5 170304.6 12243.8 18654.0    450.2   580.2   883.9
  1278 103.966   0.015 103.980   353013.2 199237.2 16269.8 14466.1    509.0   528.2   699.0
  1279 211.453   0.012 211.465   359590.5 205756.9 16548.0 15169.5    449.8   607.4   686.0
  1280 305.488   0.004 305.492   418559.1 211819.5 15115.7 17610.5    421.8   805.7   602.3
  1281 -265.080   0.007 -265.073   301915.5 192487.1 16399.2  2584.0    371.1   611.9   383.5
  1282 -146.150  -0.008 -146.159   374669.0 204242.2 20609.2 16346.7   1078.2   427.5  1748.1
  1283 -191.505  -0.022 -191.527   343556.4 240873.6 31554.6 15026.2    441.0  2122.6   840.7
  1284 111.160   0.021 111.181   421085.7 207736.8 23157.8 17554.0    384.0  1179.5   676.2
  1285 137.895   0.022 137.917   354007.8 201696.5 14287.2 10581.0    606.2  1007.8   943.5
  1286 -53.267   0.015 -53.252   395561.2 203968.0 24690.8 16457.8    901.0   894.4  1507.8
  1287 278.140   0.008 278.148   380709.1 216086.5 21150.1 18072.5    508.7  1241.7   754.4
  1288 -60.818   0.005 -60.813   363362.1 204343.4 24151.7 11088.5    637.8   817.3   826.7
  1289 144.479   0.014 144.493   427124.1 199255.5 20102.7 13031.4    897.3   684.8  1385.4
  1290 -251.421   0.016 -251.405   324080.0 232751.5 23373.6 11282.1    544.6  1333.9   992.5
  1291 -61.162   0.019 -61.143   365900.9 225869.3 21358.2 18041.0    636.7  2076.9   989.4
  1292  68.173   0.021  68.194   368575.4 209305.8 16631.0 11949.3    411.1  1091.9   636.8
  1293 -200.178   0.019 -200.158   340133.0 230670.1 22612.8 14445.7    458.6  1653.3   897.2
  1294  39.824   0.014  39.838   418084.9 205658.1 24219.2 18793.3    752.3  1307.9  1281.8
  1295 188.155   0.012 188.167   449445.8 225091.0 26495.6 16877.3    367.0   997.0   549.1
  1296 124.682   0.007 124.689   369049.3 183341.9 17690.5 13662.2    612.1  1007.7   961.2
  1297 102.476   0.007 102.482   371359.3 184367.3 17105.8 14275.1    641.0  1211.1  1030.5
  1298 -11.936   0.016 -11.921   367857.8 246745.9 19321.7 17291.1    357.7   858.6   556.9
  1299 -32.379   0.022 -32.356   335698.5 199120.5 13563.2  8417.3    518.5   837.8   661.9
  1300 -269.524   0.028 -269.496   278072.5 205837.3 16221.3  4176.7    583.7   855.9   722.3

         Carbon flux (ktC/yr)        Water (dam3/yr)                Nitrogen (MgN/yr)
       ----------------------- -------------------------- --------------------------------
Spinup NEP     estab   NBP     transp     evap    interc  nuptake ndemand  nlosses ninflux
------ ------- ------- ------- ---------- ------- ------- ------- -------- ------- -------
  1301 -131.889   0.012 -131.878   351896.8 215615.2 16030.0 17382.8    588.1   741.3  1079.0
  1302 -127.019   0.014 -127.006   346206.8 241346.3 17851.6 14263.7    377.8  1263.5   621.3
  1303   9.197   0.019   9.217   382939.1 200320.5 20150.8 15891.6    557.6   604.7   887.2
  1304 -97.696   0.019 -97.677   343805.8 239720.8 31494.8 14762.8    420.2  2393.3   766.5
  1305 -11.202   0.020 -11.182   348758.1 240903.5 32501.2 16148.2    271.5  3533.6   508.7
  1306 402.009   0.017 402.026   429016.6 210670.0 15893.7 19198.8    298.6  1459.9   421.9
  1307  -2.224   0.018  -2.206   294753.0 182027.2 17653.0  8513.5    475.0   745.8   649.0
  1308  30.857   0.005  30.862   414387.7 209028.9 22146.1 15799.5    652.5   673.3  1012.4
  1309  50.014   0.012  50.026   355899.0 212950.7 16274.7  9908.8    611.8   694.1   970.3
  1310 -81.065   0.022 -81.043   319372.0 241294.7 20947.5 14155.0    414.2   659.1   592.5
  1311  16.838   0.020  16.858   367119.4 206921.5 15944.3 13423.1    500.2   776.4   785.2
  1312 -70.095   0.011 -70.084   376506.2 219271.8 22042.7 19625.7    644.6   801.4   983.8
  1313  49.880   0.004  49.884   411696.1 202959.3 25120.0 16181.7    670.6  2122.3  1132.5
  1314 176.841   0.007 176.848   425343.9 238409.7 27216.4 18823.9    576.1   940.1   889.3
  1315 -156.551   0.014 -156.537   345977.5 234783.4 27587.7 11911.5    416.4  1637.7   824.5
  1316  82.674   0.015  82.689   419147.2 208547.1 25749.0 17582.6    786.4  1124.7  1257.5
  1317 204.697   0.017 204.714   364853.2 202990.4 15471.7 11033.1    423.6  1002.8   553.3
  1318 -100.581   0.018 -100.563   296184.1 243877.4 24332.0  9335.0    410.0   788.6   510.9
  1319 -220.609   0.021 -220.588   330641.4 232271.3 21693.0 14000.2    479.2  1592.2   927.5
  1320 -25.776   0.016 -25.760   407063.2 205815.5 23096.7 17629.4    904.0  1067.5  1443.8
  1321 151.044   0.014 151.057   445024.5 223980.7 25202.2 16492.3    517.2   825.6   762.6
  1322 264.208   0.004 264.213   389150.0 219238.5 21480.7 17323.9    593.0   868.0   881.3
  1323 -172.536   0.009 -172.526   341234.5 243124.5 33688.2 11626.5    522.9  1538.2   857.9
  1324 164.681   0.022 164.704   353269.6 185720.1 16591.1 14140.1    504.0  1019.8   740.4
  1325  10.825   0.020  10.845   411413.1 240085.6 25113.6 16078.5    882.6   678.5  1465.6

         Carbon flux (ktC/yr)        Water (dam3/yr)                Nitrogen (MgN/yr)
       ----------------------- -------------------------- --------------------------------
Spinup NEP     estab   NBP     transp     evap    interc  nuptake ndemand  nlosses ninflux
------ ------- ------- ------- ---------- ------- ------- ------- -------- ------- -------
  1326  79.483   0.017  79.500   393028.3 223835.1 17738.7 12273.5    674.1   565.5  1053.7
  1327 -179.877   0.014 -179.863   330074.3 190203.9 15322.5  5463.8    542.7   615.3   745.3
  1328  49.292   0.004  49.295   324609.0 199799.4 13037.1 14163.3    817.7   463.3  1259.0
  1329 -238.692   0.013 -238.679   269435.2 232765.9 20399.1 10016.6    452.5   633.8   501.3
  1330 -99.545   0.015 -99.530   331836.7 201529.8 13970.3 12345.7    550.4   698.0   793.6
  1331 116.463   0.013 116.475   359723.3 205175.6 16530.3 18332.6    639.8   550.9  1033.9
  1332 -24.275   0.013 -24.262   352870.6 216383.0 22445.7 16112.2    848.4   371.0  1197.4
  1333 -15.583   0.015 -15.568   318035.5 193498.4 13948.2  7951.4    466.2   573.1   572.4
  1334  -4.222   0.002  -4.219   437124.7 219164.1 27299.8 16866.5    981.2   468.7  1601.6
  1335 -355.193   0.018 -355.174   295083.3 186250.7 15655.0  2687.6    501.4   554.6   562.6
  1336 -54.976   0.008 -54.968   338511.2 213425.7 16913.3 15283.2    618.9   534.3  1129.4
  1337  87.274   0.015  87.289   383610.1 191622.6 18746.6 19806.3    634.2   741.1  1004.5
  1338  -9.539   0.017  -9.522   366853.6 219469.1 23755.0 17015.3    709.3   691.4  1062.5
  1339 247.033   0.013 247.046   387724.2 202654.4 15885.4 17433.5    530.1   506.1   958.4
  1340 -81.900   0.011 -81.889   293836.2 177274.6 16733.5  8960.7    499.1   529.4   699.6
  1341  13.076   0.009  13.085   359756.9 241827.9 18855.8 13939.4    281.1   738.5   573.8
  1342   4.449   0.017   4.467   363066.4 189068.0 14319.2 10455.7    354.8   650.0   529.7
  1343 -29.281   0.015 -29.266   332412.6 218931.4 15478.0 10145.2    631.0   729.7  1001.9
  1344 120.172   0.013 120.185   337538.7 209236.6 16821.5 16075.6    688.6   448.9  1109.0
  1345 -158.605   0.013 -158.592   333569.8 198933.4 20556.2 11334.3    718.4   474.7   958.1
  1346 153.247   0.008 153.255   359874.3 212553.1 17318.7 15962.0    759.9   587.7  1124.2
  1347  94.978   0.015  94.993   338332.7 201765.1 13978.1 13222.8    682.2   433.2   927.6
  1348 -122.748   0.018 -122.730   317088.9 242856.0 19272.0 10294.7    503.5   611.9   769.6
  1349 -263.346   0.024 -263.322   292000.8 194313.2 16711.4  9306.4    674.7   647.2   997.7
  1350 -231.648   0.015 -231.633   335079.3 239634.5 26527.1 15682.9    523.1   728.4   916.3

         Carbon flux (ktC/yr)        Water (dam3/yr)                Nitrogen (MgN/yr)
       ----------------------- -------------------------- --------------------------------
Spinup NEP     estab   NBP     transp     evap    interc  nuptake ndemand  nlosses ninflux
------ ------- ------- ------- ---------- ------- ------- ------- -------- ------- -------
  1351  78.946   0.021  78.966   354970.7 237235.7 18102.1 14883.2    170.9   993.9   373.4
  1352  70.999   0.023  71.023   345805.9 204274.3 14710.5 11316.3    459.7   507.5   808.3
  1353  32.609   0.012  32.621   390143.3 201308.2 20831.9 18260.4    636.0  1604.7  1114.0
  1354 253.090   0.004 253.094   502546.2 224670.1 31198.2 22947.8    536.3   938.1   937.8
  1355 139.110   0.004 139.114   398000.3 193728.8 25653.9 16624.3    572.5   889.1   852.6
  1356  49.068   0.013  49.081   406033.5 204623.0 28089.9 15386.2    814.5   549.6  1304.9
  1357 -23.559   0.017 -23.542   358370.2 256050.8 22489.4 11842.8    288.7  1350.4   451.1
  1358  -7.524   0.022  -7.502   376577.6 205357.3 22947.1 13078.9    557.2   493.0   831.9
  1359 -43.231   0.024 -43.207   333328.0 242799.3 19649.1  9963.3    387.9   663.4   685.4
  1360 -16.667   0.018 -16.649   391981.8 232210.4 21805.5 15658.4    940.1   454.9  1554.6
  1361  34.895   0.020  34.915   347542.5 178490.0 15666.4 13942.6    648.7   546.0   986.0
  1362 -196.307   0.018 -196.289   337593.1 233679.3 23899.7 13254.2    402.0  1152.3   832.9
  1363 -149.589   0.018 -149.571   331731.9 232623.0 22517.6 13603.2    344.1  2286.0   745.0
  1364  24.888   0.016  24.905   371987.6 224799.3 22051.3 19147.5    472.6  2033.7   752.6
  1365 151.546   0.015 151.561   426137.1 236114.8 25151.7 19126.4    627.5   832.2   928.6
  1366  54.435   0.011  54.445   392784.8 192891.4 17336.3  9999.0    398.3   829.2   518.6
  1367  -4.613   0.012  -4.601   337747.6 222884.1 17482.3  8531.6    570.9   530.6   862.5
  1368 -27.278   0.014 -27.265   349891.0 215387.9 19731.8 14960.5    560.7   667.3   995.2
  1369 -35.126   0.018 -35.108   323017.2 236588.4 16916.2 16665.9    333.5   968.0   514.3
  1370 -40.171   0.018 -40.152   383332.9 218852.5 21565.2 13301.8    708.3   537.1   987.3
  1371 189.938   0.013 189.951   408774.1 227725.6 22826.0 17510.3    596.6   737.8   861.8
  1372  22.929   0.003  22.932   372441.6 224127.4 24690.4 16150.7    881.6   424.9  1306.4
  1373  97.041   0.012  97.053   357116.8 220634.8 18697.3 10292.6    462.3   573.2   677.8
  1374  -6.231   0.009  -6.222   385304.1 232206.8 23863.4 14588.3    981.1   441.4  1539.0
  1375 -87.526   0.014 -87.512   314490.1 194979.8 13409.1  6894.7    665.5   534.0   771.1

         Carbon flux (ktC/yr)        Water (dam3/yr)                Nitrogen (MgN/yr)
       ----------------------- -------------------------- --------------------------------
Spinup NEP     estab   NBP     transp     evap    interc  nuptake ndemand  nlosses ninflux
------ ------- ------- ------- ---------- ------- ------- ------- -------- ------- -------
  1376 -202.608   0.012 -202.597   341214.7 238053.8 29245.6 15011.5    579.4   613.1  1101.3
  1377  46.834   0.020  46.854   361885.8 244575.5 17056.5 19548.2    288.3   816.0   445.4
  1378 203.755   0.019 203.773   372706.3 212322.2 19207.1 17338.1    534.9   836.8   791.7
  1379 -170.305   0.023 -170.282   275954.3 194857.4 13722.9  2561.4    425.8   588.2   422.2
  1380 -201.057   0.006 -201.051   334578.3 237744.2 26777.6 16097.6    519.0   948.5   965.6
  1381  22.281   0.022  22.303   334590.4 241369.8 22019.2 15757.8    264.3  1156.4   398.6
  1382  82.772   0.016  82.787   423051.2 233160.3 22919.2 20611.6    595.2   925.8   972.9
  1383 111.432   0.014 111.446   447530.2 223858.3 25782.8 17002.2    478.6   739.2   755.5
  1384 -99.088   0.010 -99.077   362377.5 254739.6 21715.0 12432.8    322.6  1090.7   512.9
  1385 163.622   0.020 163.641   408009.8 199530.3 21216.8 19516.0    586.7   603.9   960.4
  1386  21.358   0.021  21.379   404039.9 222875.7 26138.2 12006.0    544.0   536.1   861.4
  1387  76.439   0.016  76.455   353467.0 181854.5 16649.8 13528.4    608.4   541.7   982.1
  1388 277.669   0.006 277.675   468685.5 201050.6 20911.4 17959.3    577.3   473.8   958.4
  1389 -98.732   0.008 -98.724   316509.3 243823.6 25480.8 11032.2    329.5   615.1   435.0
  1390  37.230   0.015  37.245   430281.3 225980.9 22506.5 17093.3    521.7   591.6   808.0
  1391  77.022   0.015  77.037   423607.8 198255.2 23046.3 18875.6    682.9   518.9  1134.3
  1392 174.615   0.015 174.631   433737.7 198289.0 22618.0 12696.8    766.0   522.0  1151.3
  1393 -122.576   0.015 -122.562   302970.0 243652.0 24483.8  8709.2    453.7   658.8   574.9
  1394 -119.347   0.022 -119.325   358545.8 191493.6 14067.8  9859.7    546.5   638.8   692.3
  1395 -103.106   0.017 -103.090   358387.5 221923.4 21277.5 17088.6    759.2   562.5  1224.8
  1396 113.507   0.014 113.522   367700.6 202710.4 16313.2 15289.5    588.4   507.8   911.7
  1397 105.479   0.011 105.490   356884.7 183695.8 16508.3 13769.4    664.4   524.8  1058.0
  1398 114.762   0.007 114.769   366038.8 206610.8 16841.7 14395.7    656.2   507.1  1022.8
  1399  -3.125   0.013  -3.113   330741.7 245249.4 23771.9 13157.3    391.0   631.2   564.9
  1400  -5.948   0.018  -5.930   414232.1 237211.4 22981.7 18010.0    795.9   581.3  1319.5

         Carbon flux (ktC/yr)        Water (dam3/yr)                Nitrogen (MgN/yr)
       ----------------------- -------------------------- --------------------------------
Spinup NEP     estab   NBP     transp     evap    interc  nuptake ndemand  nlosses ninflux
------ ------- ------- ------- ---------- ------- ------- ------- -------- ------- -------
  1401 -34.699   0.019 -34.680   381337.0 204348.8 20218.6 14926.7    575.7   803.4   807.9
  1402  70.234   0.018  70.252   368457.7 212391.8 17331.2 11302.3    418.7   795.2   686.1
  1403 173.604   0.018 173.621   438808.2 196942.8 19113.6 16710.1    686.5   534.7  1032.0
  1404 -97.342   0.020 -97.322   323301.0 240701.2 19001.6 14375.4    455.3   582.1   610.0
  1405 -15.635   0.015 -15.620   368540.9 224648.9 22718.1 17050.7    879.3   491.4  1228.3
  1406 204.942   0.020 204.961   370128.1 213571.5 21912.3 15645.5    557.7   674.4   804.1
  1407 -179.981   0.019 -179.962   285510.5 219571.4 17460.2  3191.9    594.2   451.3   764.0
  1408 -219.032   0.017 -219.015   280371.5 194218.5 10967.7  6068.3    715.7   451.9   816.8
  1409 -316.366   0.008 -316.358   288814.3 193312.0 14738.3 11347.1    709.7   541.4  1131.9
  1410 -135.067  -0.000 -135.067   341428.1 195851.7 14749.3 15962.4    679.5   805.7  1174.6
  1411 -39.507   0.013 -39.494   354757.6 233024.6 17079.0 14496.8    366.5   651.9   656.9
  1412 286.846   0.013 286.859   410680.7 206417.2 13337.2 20057.3    484.0   451.3   786.2
  1413 143.556   0.016 143.572   341291.3 173716.8 15314.5 15088.0    492.1   811.2   816.0
  1414 -353.508   0.022 -353.487   300526.6 188779.0 15656.4  2035.4    506.5   511.3   580.0
  1415 126.966   0.007 126.973   330797.9 210786.4 14515.2 16455.9    639.9   411.0  1052.0
  1416 -236.529   0.015 -236.514   315791.9 221963.5 21494.9 12207.7    641.1   685.8  1106.0
  1417 168.421   0.014 168.435   362371.4 210211.0 17242.4 17244.5    693.5   572.3  1052.8
  1418 -116.494   0.017 -116.477   300860.9 215014.6 15951.2  6217.6    719.2   338.3   991.0
  1419  85.477   0.010  85.487   329058.7 207913.1 16104.4 15531.2    726.1   715.7  1057.8
  1420 -274.715   0.012 -274.703   287222.7 191446.7 16947.1  8418.8    710.6   514.7   995.9
  1421  55.385   0.008  55.393   337283.5 200211.9 13184.6 15148.1    675.8   431.4   976.1
  1422 -27.181   0.014 -27.168   325125.0 238121.8 21578.4 14760.9    404.0   455.8   620.4
  1423  38.834   0.016  38.850   368141.1 206109.4 15919.2 13945.3    429.8   542.3   761.3
  1424  50.256   0.015  50.270   378382.0 216703.9 16074.1 15143.0    580.0   308.6   945.8
  1425  82.402   0.015  82.417   392368.8 191761.0 19809.3 13455.3    624.1   324.6   940.5

         Carbon flux (ktC/yr)        Water (dam3/yr)                Nitrogen (MgN/yr)
       ----------------------- -------------------------- --------------------------------
Spinup NEP     estab   NBP     transp     evap    interc  nuptake ndemand  nlosses ninflux
------ ------- ------- ------- ---------- ------- ------- ------- -------- ------- -------
  1426 -324.477   0.020 -324.457   307548.0 187732.8 14893.2  3882.2    438.6   553.7   637.1
  1427 -327.977   0.013 -327.964   290631.8 185533.4 11772.6  6832.0    344.9   559.5   477.9
  1428 -234.553   0.006 -234.547   276433.1 228369.0 13590.1 11424.4    449.4   404.3   750.0
  1429  90.436   0.011  90.447   395443.4 189036.9 14398.1 17485.5    694.8   306.8  1217.8
  1430  50.013   0.010  50.024   376488.4 189642.0 19031.1 18929.4    648.9   344.6  1076.8
  1431 -141.772   0.020 -141.752   311506.1 202581.8 17455.5  7239.2    577.7   493.7   785.5
  1432 166.385   0.003 166.389   364486.4 194890.8 13892.5 17948.2    700.5   415.0   986.8
  1433  70.891   0.009  70.900   304022.3 195008.7 15005.1 13187.0    460.9   507.4   700.8
  1434 -26.505   0.011 -26.494   346536.0 217422.2 21617.9 14665.0    526.6   502.4   725.7
  1435 -190.196   0.009 -190.187   358207.2 236750.6 30934.7 15144.3    624.8   513.5  1075.6
  1436 -67.987   0.017 -67.970   340692.1 232242.7 24611.9 15069.7    173.9  1511.0   381.7
  1437 254.478   0.020 254.498   367051.2 182465.6 15866.1 16978.0    355.8   591.2   614.8
  1438 153.376   0.017 153.393   384026.0 229463.5 25727.1 19333.7    486.2   519.1   704.2
  1439 208.296   0.013 208.309   383487.7 223939.1 19700.4 12581.0    293.1  1064.3   361.8
  1440 113.639   0.003 113.643   386768.3 199527.2 22588.3 16514.6    717.2   457.4  1134.8
  1441  64.584   0.011  64.595   364594.7 224849.8 25789.3 15502.3    766.2   435.8  1107.3
  1442  72.157   0.016  72.173   347667.3 221337.5 18826.2  9463.3    389.4   824.3   542.4
  1443 -64.752   0.013 -64.738   357355.1 224815.1 22813.3 16012.0    729.2   700.3  1150.4
  1444  92.942   0.013  92.955   356113.7 198601.5 13225.1 11440.8    566.0   505.9   755.5
  1445 -61.648   0.014 -61.634   374721.5 219767.3 23308.0 12187.2    634.8   406.4   992.4
  1446 -239.375   0.015 -239.360   330853.1 232811.6 22078.3 12843.8    433.3   876.3   917.4
  1447 -109.769   0.022 -109.747   349911.7 249860.4 17498.7 14219.9    358.2   906.2   616.9
  1448  24.805   0.020  24.825   340617.4 178758.9 14629.1 13761.6    687.0   403.7  1094.5
  1449 171.946   0.016 171.962   388006.7 202803.8 14753.0 18073.9    552.3   485.5  1026.0
  1450 -161.580   0.009 -161.570   350947.9 226612.8 24395.5 15215.0    422.5   710.3   804.8

         Carbon flux (ktC/yr)        Water (dam3/yr)                Nitrogen (MgN/yr)
       ----------------------- -------------------------- --------------------------------
Spinup NEP     estab   NBP     transp     evap    interc  nuptake ndemand  nlosses ninflux
------ ------- ------- ------- ---------- ------- ------- ------- -------- ------- -------
  1451 -72.749   0.005 -72.745   357901.8 252062.2 19836.2 13057.7    334.0  1038.0   531.1
  1452 135.378   0.021 135.399   347312.7 203511.8 15599.4 13684.8    517.6   482.3   710.0
  1453 270.684   0.020 270.704   399487.7 233158.1 22516.6 16924.0    376.8   868.8   593.2
  1454 -46.708   0.020 -46.688   377786.6 201044.0 24368.0 12890.4    879.7   993.0  1357.1
  1455 179.111   0.018 179.129   364347.4 202817.3 13785.0 12789.4    444.2  1512.1   622.0
  1456 -95.489   0.017 -95.473   336274.3 248022.9 19574.8 11925.6    440.8  1362.4   757.5
  1457  71.232   0.020  71.252   344206.2 194594.4 15155.2 12854.8    974.8   918.2  1240.8
  1458 -171.715   0.023 -171.691   283865.0 234716.7 16686.2 13133.6    421.6  1073.6   549.3
  1459 -264.787   0.026 -264.760   283693.1 201373.5 14658.6  6014.3    625.1   905.8   782.9
  1460  98.337   0.012  98.349   355385.5 198125.8 11037.5 18076.2    592.1   682.7   926.6
  1461 -383.944   0.023 -383.921   277660.6 182885.8 14227.1  2472.6    443.5   608.0   507.9
  1462  13.531   0.007  13.538   308196.0 193582.3 10960.7 15117.2    804.1   412.1  1338.4
  1463 -36.254   0.004 -36.249   289866.9 189065.4 12477.4 13422.0    685.2   572.8  1002.4
  1464   5.301   0.008   5.310   310789.5 198599.3 16549.1 14169.2    622.5   715.7   942.5
  1465  -1.525   0.009  -1.516   335797.0 212471.1 20261.5 15887.1    938.7   380.8  1382.2
  1466 -37.588   0.016 -37.571   341046.4 239766.8 20003.1 12865.6    425.1   967.2   660.6
  1467 -94.070   0.023 -94.047   312120.3 214062.8 15134.4  7947.3    746.3   372.9  1106.9
  1468 -115.886   0.020 -115.866   288791.0 233349.8 15121.1 14972.3    426.5   569.7   736.4
  1469  71.262   0.019  71.281   317439.5 194120.4 12829.2 15070.4    592.7   669.1   869.0
  1470 -10.923   0.011 -10.912   440354.3 215779.5 26554.4 18820.8    826.3   562.6  1336.4
  1471  81.308  -0.001  81.307   457414.0 216998.1 31343.5 18575.2    746.8   576.9  1212.5
  1472 -141.390   0.010 -141.380   297712.7 234174.5 21721.0 11648.3    268.5   620.6   352.8
  1473 168.834   0.014 168.848   339203.4 211484.7 18872.5 15109.8    428.7   847.9   637.5
  1474  16.091   0.015  16.107   342313.6 224449.1 23479.0 13318.6    675.5   578.7  1015.4
  1475 -168.124   0.018 -168.106   289871.3 235390.6 23096.2  9729.0    344.4   823.3   399.4

         Carbon flux (ktC/yr)        Water (dam3/yr)                Nitrogen (MgN/yr)
       ----------------------- -------------------------- --------------------------------
Spinup NEP     estab   NBP     transp     evap    interc  nuptake ndemand  nlosses ninflux
------ ------- ------- ------- ---------- ------- ------- ------- -------- ------- -------
  1476 135.014   0.009 135.023   390960.8 223448.3 20589.5 19093.7    457.1   699.3   639.3
  1477 -23.453   0.010 -23.443   363414.6 212787.7 22239.9 14165.5    549.4   568.5   950.8
  1478 240.097   0.012 240.109   365994.7 213041.0 18678.6 16181.0    492.4   722.3   736.0
  1479 121.490   0.019 121.509   322275.1 211697.2 20151.2 12381.9    546.4   658.1   763.8
  1480 -223.135   0.021 -223.114   305825.1 216347.5 22243.8  6930.0    520.0   470.7   644.8
  1481 136.323   0.012 136.336   352458.0 199649.3 13143.3 17244.0    626.7   526.3  1055.1
  1482 -206.338   0.014 -206.324   294937.2 229603.8 18628.0  9797.6    328.8   535.8   526.9
  1483 -39.935   0.006 -39.929   335583.2 194458.0 16708.7 15126.2    413.2   674.3   688.6
  1484 111.935   0.006 111.940   379237.3 223172.2 22083.7 20750.4    578.0   606.1   808.0
  1485 189.196   0.015 189.211   375134.6 219998.3 18985.0 13084.2    321.4   709.9   496.5
  1486  98.269   0.013  98.282   339911.8 203987.2 17389.7 12522.6    466.2   462.4   649.6
  1487 273.438   0.008 273.446   387145.9 199426.2 17141.1 16714.3    876.5   508.6  1133.5
  1488 -143.382   0.011 -143.371   320907.8 199415.4 20043.2 10151.6    524.5   656.9   678.1
  1489 216.344  -0.001 216.343   389821.2 207979.7 13557.1 17595.2    554.1   724.4   803.3
  1490 -27.619   0.009 -27.611   350134.0 222967.5 24480.2 15915.2    631.9   656.5   857.5
  1491 188.989  -0.001 188.988   440226.9 197855.6 20708.0 15777.0    637.7   394.9   906.5
  1492 -40.196  -0.020 -40.217   373522.0 225836.8 25145.3 16810.9    666.0   738.2   930.2
  1493  85.681  -0.040  85.640   426770.1 240026.6 26425.0 17439.2    686.0   441.5  1059.3
  1494 218.872   0.003 218.875   441495.7 200113.0 23055.9 15358.4    520.1   446.5   745.2
  1495  52.537   0.006  52.543   385474.4 198313.9 24339.0 16126.0    657.7   463.8   963.6
  1496 -177.773   0.013 -177.760   340501.8 232610.8 26040.2 11976.3    511.7   941.0   931.6
  1497 -185.246   0.018 -185.228   351524.0 244517.3 33096.7 14302.8    375.7   862.2   701.3
  1498 119.609   0.020 119.629   381705.7 202292.2 20125.5 17108.8    313.5  1129.4   464.5
  1499 152.153   0.014 152.168   423887.4 201795.6 22910.7 19534.3    595.4   827.4   945.9
  1500 -49.279   0.008 -49.271   379166.4 228099.4 26821.0 16085.7    543.6   921.5   833.9

         Carbon flux (ktC/yr)        Water (dam3/yr)                Nitrogen (MgN/yr)
       ----------------------- -------------------------- --------------------------------
Spinup NEP     estab   NBP     transp     evap    interc  nuptake ndemand  nlosses ninflux
------ ------- ------- ------- ---------- ------- ------- ------- -------- ------- -------
  1501 -174.055   0.009 -174.046   353971.2 246299.5 35066.0 13596.4    278.2  3092.8   544.2
  1502 363.199   0.021 363.221   462973.3 201955.1 22410.4 18117.8    330.6  1355.6   474.8
  1503 226.800   0.019 226.819   396656.8 208268.2 17171.2 15334.6    409.2  1064.6   556.8
  1504 -63.790   0.016 -63.774   345370.6 217735.1 24499.0 12725.2    399.6   954.6   566.5
  1505 -66.596   0.008 -66.589   368696.4 218706.9 22315.9 14650.3    504.5   769.2   795.5
  1506  96.078   0.011  96.088   394183.4 231359.4 23371.9 15802.7    509.8   871.7   753.1
  1507 -87.409   0.011 -87.397   457626.1 221906.9 30612.7 16123.1   1027.0   484.3  1593.2
  1508 -235.052   0.017 -235.035   327495.0 201334.3 20720.8  9714.9    515.9   724.6   736.2
  1509  46.980   0.011  46.991   369427.2 222302.7 16060.1 13121.2    513.5   673.4   782.6
  1510  38.156   0.011  38.166   396853.7 194284.5 19353.5 12649.2    754.1   392.3  1178.6
  1511 -195.782   0.018 -195.763   300733.2 236956.9 18885.8  9344.9    340.7   709.4   587.6
  1512 167.438   0.016 167.454   376395.8 207436.9 12445.4 18686.5    493.6   483.1   782.1
  1513 -151.662   0.017 -151.645   353594.8 200669.6 23061.8 12624.0    512.5   546.9   710.4
  1514  24.986   0.008  24.995   398185.5 198183.7 20996.9 18152.3    768.6   634.1  1216.5
  1515 120.917   0.008 120.926   377070.1 195989.6 17736.9 13698.5    980.0   410.6  1308.3
  1516  53.619   0.006  53.624   334333.5 194483.5 17174.1 11593.1    802.7   430.4   932.6
  1517 -163.978   0.011 -163.967   334393.3 194943.3 22947.2 11899.7    849.4   490.9  1140.6
  1518  35.944   0.008  35.953   415505.1 235903.1 23345.4 19581.4    648.4   657.1  1089.9
  1519 -164.131   0.016 -164.115   360677.8 248086.2 20773.5 13073.2    306.6   960.0   507.7
  1520   5.085   0.021   5.107   335703.2 179841.2 15598.4 13676.2    544.2   521.2   822.5
  1521 260.108   0.018 260.126   469338.4 199294.9 20185.9 18962.3    501.4   490.6   904.5
  1522 -22.056   0.018 -22.037   333313.9 198957.8 14806.0  8131.4    475.6   564.1   605.9
  1523 -222.708   0.016 -222.691   270475.3 177468.1 15624.8  8108.5    623.6   411.2   824.0
  1524 188.874  -0.005 188.870   411755.5 206139.9 12644.3 21268.9    435.9   537.6   705.9
  1525 -15.689   0.009 -15.680   403524.0 202051.7 25937.2 19097.5    515.5   543.5   855.5

         Carbon flux (ktC/yr)        Water (dam3/yr)                Nitrogen (MgN/yr)
       ----------------------- -------------------------- --------------------------------
Spinup NEP     estab   NBP     transp     evap    interc  nuptake ndemand  nlosses ninflux
------ ------- ------- ------- ---------- ------- ------- ------- -------- ------- -------
  1526 -52.744   0.015 -52.728   337592.1 242822.0 21171.2 15514.0    182.8   930.6   282.7
  1527   3.510   0.021   3.532   338315.5 200297.9 17312.3 11511.6    445.5   575.1   548.3
  1528 205.000   0.020 205.019   362078.9 203983.7 15638.3 16243.4    537.4   556.4   909.3
  1529  93.744   0.014  93.759   331185.7 169428.3 14580.1 15112.6    474.4   917.2   759.4
  1530 -124.528   0.005 -124.523   351187.5 191945.1 21819.7 13730.6    709.4   554.5   947.9
  1531  90.659   0.007  90.666   344691.4 212145.7 19644.7 13921.7    676.2   533.0   955.2
  1532 -274.385   0.012 -274.373   337433.7 236699.0 31580.8 11825.4    610.9   537.3  1000.0
  1533 132.194   0.020 132.215   361273.9 183424.5 15792.5 15961.5    510.5   630.0   761.9
  1534  21.753   0.020  21.772   394643.7 193073.1 15746.5 11912.7    497.1   582.5   724.6
  1535 -199.885   0.019 -199.866   328471.8 189828.4 15025.4  6607.7    447.2   563.9   623.4
  1536 -35.102   0.004 -35.098   348901.8 222098.4 20345.8 18203.7    777.2   440.7  1269.8
  1537 144.878  -0.001 144.877   476463.1 219761.9 29883.0 21525.5    635.5   830.4   999.5
  1538 -127.322   0.018 -127.304   308669.8 195155.6 15412.3  4981.9    474.7   602.9   542.9
  1539 -58.770   0.011 -58.759   336485.5 219897.2 21796.9 17033.1    682.9   661.6  1104.5
  1540  55.039   0.011  55.050   407452.8 194598.0 20833.0 19038.7    693.8   662.3  1089.4
  1541 -47.332   0.014 -47.318   332706.3 244671.0 18702.4 13454.1    398.7   504.4   538.4
  1542 -25.665   0.021 -25.643   366391.7 216042.0 21554.7 15330.7    494.1   772.6   750.2
  1543   6.606   0.019   6.625   402131.7 222084.1 23670.0 14202.5    562.2   454.7   734.2
  1544 229.461   0.014 229.475   383581.8 216001.1 20537.2 17775.9    560.3   666.0   846.2
  1545 -71.802   0.005 -71.797   390663.8 202574.4 26013.9 14632.1    890.7   432.6  1282.3
  1546 115.365   0.008 115.372   415089.8 235916.2 26984.9 17742.3    672.4   555.3   997.4
  1547 -237.185   0.013 -237.172   358676.3 246930.4 36945.7 12768.9    453.0   853.9   786.7
  1548 246.624   0.015 246.638   428328.9 203111.7 23610.2 20929.4    468.5  1132.9   741.8
  1549 193.860   0.016 193.876   371960.2 206785.1 17942.8 12140.6    575.7   771.7   975.5
  1550 -126.215   0.022 -126.193   335167.0 248165.7 21481.7 10834.2    375.0  1192.6   578.2

         Carbon flux (ktC/yr)        Water (dam3/yr)                Nitrogen (MgN/yr)
       ----------------------- -------------------------- --------------------------------
Spinup NEP     estab   NBP     transp     evap    interc  nuptake ndemand  nlosses ninflux
------ ------- ------- ------- ---------- ------- ------- ------- -------- ------- -------
  1551 -410.770   0.028 -410.743   286882.5 188443.6 14359.4  1638.7    429.5   695.7   506.6
  1552 -21.346   0.015 -21.331   311545.8 197764.4 11402.2 14848.5    783.5   427.5  1235.9
  1553   0.104   0.008   0.112   358901.0 214679.5 19468.3 17756.7    547.1   584.8   827.6
  1554 -180.573   0.008 -180.565   365251.7 214451.1 22025.6 11576.4    763.6   450.6  1192.4
  1555 157.943   0.006 157.948   431367.3 192750.0 18435.0 16728.6    717.9   453.5  1166.5
  1556 184.018   0.012 184.031   377318.2 201925.3 15132.0 16279.3    558.5   627.2   789.4
  1557 -175.333   0.015 -175.318   329887.5 228807.7 25020.7 12626.3    437.5   939.6   756.1
  1558 211.072   0.017 211.089   383898.1 197136.3 16477.8 15854.9    958.9   476.6  1266.6
  1559 -216.311   0.018 -216.293   327325.3 228806.5 24214.8 11706.9    510.6   931.4   872.4
  1560 190.577   0.016 190.593   373159.0 215712.1 18669.5 17140.3    653.2   642.8   980.2
  1561 135.552   0.014 135.567   350562.5 203687.0 14934.8 13183.8    588.6   467.2   801.1
  1562  65.121   0.016  65.138   322191.7 212710.8 19990.8 12564.5    557.3   628.0   793.7
  1563 -130.126   0.014 -130.112   336714.1 224913.8 22618.1 11825.7    942.6   378.1  1345.1
  1564 -222.286   0.016 -222.270   291145.0 191062.6 12416.3  5425.4    688.4   418.2   777.7
  1565 -278.775   0.015 -278.760   292959.8 193731.7 15752.6 11113.0    614.6   557.0  1041.3
  1566 -83.508   0.008 -83.499   326253.4 232431.7 14257.2 18714.4    407.1   604.9   659.1
  1567 116.640   0.016 116.656   368474.8 192326.5 14658.2 16032.0    849.0   522.4  1169.9
  1568 -83.903   0.022 -83.881   335007.6 238898.1 20151.6 12193.2    454.8   995.5   658.3
  1569 -133.686   0.021 -133.664   339765.0 214605.6 20870.1 10862.0    649.4   469.9   883.5
  1570 178.815   0.015 178.830   383537.8 196093.0 15021.8 16859.3    951.7   495.4  1356.1
  1571 -169.181   0.013 -169.169   351378.7 236932.7 32166.1 14498.2    473.8   745.6   825.0
  1572 296.438   0.009 296.447   415601.6 234083.5 23320.1 18687.3    259.9  1178.2   390.1
  1573 -24.207   0.014 -24.193   409862.5 204964.3 26167.2 16546.7    827.5   413.8  1337.0
  1574 102.721   0.014 102.735   427939.1 207282.3 28045.6 19372.5    508.1   590.1   762.7
  1575 351.736   0.010 351.747   425391.9 209921.1 18526.1 17533.7    226.0  1015.3   343.2

         Carbon flux (ktC/yr)        Water (dam3/yr)                Nitrogen (MgN/yr)
       ----------------------- -------------------------- --------------------------------
Spinup NEP     estab   NBP     transp     evap    interc  nuptake ndemand  nlosses ninflux
------ ------- ------- ------- ---------- ------- ------- ------- -------- ------- -------
  1576 -151.046   0.008 -151.038   352385.3 246386.5 37668.1 12470.6    331.7   867.9   591.5
  1577 304.436   0.022 304.458   390171.0 209997.1 17307.7 17736.1    395.5  1010.6   723.1
  1578 -22.877   0.021 -22.856   334833.0 199208.2 18897.1 10321.6    434.2   812.3   553.3
  1579 -112.621   0.018 -112.603   352029.9 256964.7 19662.0 12913.8    361.0  1191.3   582.5
  1580 -240.755   0.025 -240.730   326789.4 190238.6 14143.2  6133.0    476.2   609.0   663.2
  1581 -214.437   0.020 -214.417   315707.1 196755.6 16353.8 12646.6    626.8   556.3  1085.8
  1582 -189.711   0.015 -189.695   342889.4 245493.2 16151.3 14743.8    378.0   775.2   704.1
  1583 -164.418   0.022 -164.396   342074.6 242351.5 16785.8 14105.9    385.4   705.3   675.2
  1584 176.117   0.017 176.133   371787.7 200493.0 13093.8 17851.9    452.3   571.1   674.6
  1585 -146.321   0.014 -146.307   349899.8 237220.2 32993.2 15076.2    331.6   892.7   640.7
  1586 108.692   0.020 108.712   388233.8 192055.3 16007.2 12779.5    244.3  1130.7   330.8
  1587   8.145   0.021   8.166   315140.2 197680.8 13551.9  8346.8    515.9   809.4   662.7
  1588 -72.282   0.016 -72.266   334155.4 212681.0 19824.2 14760.0    532.1   824.2   929.0
  1589  76.049   0.009  76.057   339084.7 200759.3 15004.8 14884.5    419.1   833.4   593.4
  1590 -40.015   0.007 -40.007   353758.0 189012.9 14795.0  9755.5    451.5   825.5   644.2
  1591 -123.316   0.016 -123.300   291139.0 238880.0 20856.0 12087.2    443.2   646.9   604.7
  1592 155.340   0.015 155.355   368040.5 209854.8 16465.8 19382.9    564.0   649.5   925.7
  1593  -6.577   0.011  -6.565   448614.7 217317.3 28882.7 16842.6    964.9   473.3  1513.8
  1594  20.619   0.005  20.624   367702.3 221535.1 25259.9 16361.0    824.2   460.8  1158.1
  1595 -43.137   0.012 -43.125   325776.9 241150.7 20286.3 13953.5    312.7   631.4   424.2
  1596 -180.032   0.026 -180.007   302853.7 207620.5 17079.9  6292.7    451.1   773.0   530.5
  1597 -50.655   0.016 -50.639   382889.9 220101.0 19360.3 15803.9    592.5   489.8   925.4
  1598 -212.513   0.016 -212.497   336326.5 229807.8 22642.2 13989.8    420.8   946.1   859.8
  1599 192.197   0.005 192.202   391900.4 222635.8 15915.4 15599.9    398.1   971.2   630.7
  1600 -143.842   0.010 -143.832   335512.5 188155.1 15128.2  6625.2    456.3   621.7   668.3

         Carbon flux (ktC/yr)        Water (dam3/yr)                Nitrogen (MgN/yr)
       ----------------------- -------------------------- --------------------------------
Spinup NEP     estab   NBP     transp     evap    interc  nuptake ndemand  nlosses ninflux
------ ------- ------- ------- ---------- ------- ------- ------- -------- ------- -------
  1601  47.522   0.012  47.533   324189.3 200214.9 14062.8 13773.4    593.3   530.0   859.2
  1602 -82.840   0.015 -82.825   341118.5 187632.8 13790.5  9551.5    451.0   694.1   632.5
  1603   6.645   0.010   6.655   357519.4 213066.8 18627.8 17462.0    514.2   730.3   912.7
  1604  68.416   0.015  68.431   391435.3 193135.4 19941.2 18667.2    702.8   573.5  1063.9
  1605 -88.019   0.019 -88.000   345141.6 246021.0 20242.5 11710.0    451.2   826.0   734.9
  1606 -261.859   0.027 -261.832   306519.7 186859.5 14034.5  4358.2    475.3   617.2   540.8
  1607 -26.245   0.016 -26.228   345056.8 212733.4 17196.8 16737.8    570.5   541.6  1034.2
  1608 -45.853   0.016 -45.837   318626.2 231141.2 16293.7 17147.0    357.5   781.5   531.9
  1609 -45.423   0.018 -45.405   375007.6 199310.9 20477.9 14644.7    591.7   510.7   820.0
  1610 121.829   0.017 121.846   375161.0 223469.4 23858.3 18537.7    707.2   460.6   994.3
  1611 253.509   0.008 253.517   496828.3 222460.8 33142.4 20954.4    636.7   683.4  1007.9
  1612 220.866   0.005 220.871   361892.8 174310.7 17448.7 15233.7    488.0  1075.2   737.4
  1613  76.325   0.005  76.329   459085.1 224532.8 33323.3 16675.8    833.5   575.8  1302.0
  1614 -122.281   0.018 -122.263   315721.6 218419.8 19987.5  4452.6    672.1   361.5   908.8
  1615   4.527   0.010   4.537   350743.6 223288.0 21762.1 17509.9    642.6   656.8  1013.0
  1616 -100.023   0.016 -100.007   360028.6 191419.1 15280.0  8364.5    476.7   680.8   615.4
  1617  19.778   0.010  19.788   365752.6 222629.1 21710.9 19065.6    611.7   869.1   957.5
  1618  97.514   0.009  97.524   386885.2 227622.3 24626.9 19288.5    627.5   486.1   880.5
  1619  99.504   0.012  99.516   357992.1 211984.8 20002.1  9583.8    263.9   803.0   380.8
  1620 -49.973   0.017 -49.956   353206.8 205430.1 19128.0 14902.6    407.1   817.2   596.9
  1621  -8.088   0.015  -8.072   333339.3 243617.2 23108.9 13152.7    320.0   737.6   461.3
  1622 278.619   0.012 278.630   417086.3 200767.4 16626.0 19960.2    724.9   475.8  1038.4
  1623 -109.298   0.022 -109.276   312727.6 241494.3 20565.7 13444.0    353.9   563.2   441.2
  1624  35.345   0.020  35.365   323331.3 200265.4 14909.9 12685.9    652.5   587.1   895.6
  1625 -276.472   0.022 -276.451   299845.5 187490.7 20216.6  9439.3    666.5   477.9   821.1

         Carbon flux (ktC/yr)        Water (dam3/yr)                Nitrogen (MgN/yr)
       ----------------------- -------------------------- --------------------------------
Spinup NEP     estab   NBP     transp     evap    interc  nuptake ndemand  nlosses ninflux
------ ------- ------- ------- ---------- ------- ------- ------- -------- ------- -------
  1626 -181.199   0.018 -181.181   293183.0 191372.6 11601.4  6490.3    674.1   452.3   792.7
  1627 -208.172   0.013 -208.160   322838.5 212246.8 18611.5 11413.3    691.4   424.1  1072.9
  1628 -29.695   0.001 -29.694   401594.2 217203.7 18892.0 16820.1    705.0   449.8  1186.9
  1629 -23.685   0.008 -23.677   374519.9 187479.8 14285.9 11978.6    472.7   625.1   670.6
  1630 178.896   0.012 178.909   380351.3 225045.4 21615.3 18181.6    494.7   832.7   755.0
  1631 -125.445   0.017 -125.428   322703.6 214711.1 17026.4  7224.0    797.6   475.3  1186.3
  1632 -171.911   0.014 -171.896   305129.1 195014.5 16622.4 11596.8    593.7   846.8   924.2
  1633  38.251   0.010  38.260   355783.5 217522.3 14294.8 13437.9    697.8   549.3  1174.1
  1634  -9.760   0.010  -9.750   358904.8 212057.7 19673.7 15384.6    595.6   661.9  1026.8
  1635  36.661   0.010  36.671   404883.5 203498.5 23348.3 18955.1    693.7   454.0  1051.3
  1636 -65.371   0.017 -65.355   345696.4 231905.9 26011.9 14260.1    259.9  1209.3   522.7
  1637  88.146   0.022  88.168   339260.7 243573.3 23815.3 14782.1    243.7   720.5   366.2
  1638 298.272   0.016 298.288   392021.2 215691.5 19534.4 19578.2    404.5   664.2   649.8
  1639 -42.944   0.019 -42.925   299088.6 197104.1 14397.2  4926.5    354.6   524.5   396.5
  1640 -130.968   0.013 -130.956   284660.1 237102.0 16776.8 13815.3    328.6   553.2   550.7
  1641 -213.458   0.023 -213.435   280853.6 232454.9 16611.0  9641.2    315.5   776.8   494.2
  1642 135.666   0.015 135.681   373571.7 223353.5 18899.5 18021.7    559.7   515.3   852.0
  1643 -198.811   0.023 -198.788   298723.8 201013.4 16453.9  6290.7    678.8   587.5   862.2
  1644 -37.738   0.006 -37.733   356713.1 213316.0 17063.5 17579.3    546.5   600.7   969.8
  1645  11.486   0.002  11.488   384666.1 196621.6 22236.8 16561.2    695.5   483.9  1062.8
  1646 374.008   0.008 374.016   431362.5 206864.9 15571.7 20508.1    315.9  1038.0   473.5
  1647  79.670   0.014  79.684   363111.6 216169.8 24894.7 14317.9    365.2   801.5   569.6
  1648 -30.672   0.017 -30.655   313627.1 244300.5 24369.2 11666.3    254.7   720.5   359.3
  1649  14.149   0.019  14.168   350489.4 208914.2 16733.4 11551.9    377.8   830.3   623.7
  1650 109.846   0.007 109.853   489171.3 223447.8 27317.9 21832.7    694.0   598.3  1178.1

         Carbon flux (ktC/yr)        Water (dam3/yr)                Nitrogen (MgN/yr)
       ----------------------- -------------------------- --------------------------------
Spinup NEP     estab   NBP     transp     evap    interc  nuptake ndemand  nlosses ninflux
------ ------- ------- ------- ---------- ------- ------- ------- -------- ------- -------
  1651 134.213   0.010 134.223   391134.5 225565.7 27378.8 15950.1    441.1   667.1   552.2
  1652 -28.947   0.014 -28.933   330130.5 200864.9 18377.8  9029.9    593.3   476.7   784.4
  1653  23.161   0.007  23.168   384377.9 207825.0 22669.6 14584.0    545.9   694.7   827.7
  1654  12.426   0.018  12.444   365307.1 202577.0 19461.2 14244.9    678.2   880.5   987.5
  1655 -48.889   0.015 -48.874   373275.3 227017.8 23269.8 17954.7    579.6   947.8   864.9
  1656  23.009   0.014  23.024   368009.0 240811.9 18952.5 17635.9    299.4   628.1   427.4
  1657  83.436   0.021  83.457   414820.5 235211.9 24867.8 17527.8    717.5   653.8  1158.9
  1658 210.489   0.020 210.509   376884.4 212814.3 22221.5 15810.4    496.3   839.2   737.9
  1659 -159.658   0.019 -159.639   313042.0 198843.4 20469.6  8246.0    465.8   773.9   620.8
  1660 243.557   0.003 243.560   394373.8 206836.2 14001.3 17627.2    513.1   954.3   750.4
  1661 -51.666   0.010 -51.656   310929.6 203277.4 17347.3  8393.3    417.5   491.7   568.9
  1662 -145.725   0.016 -145.708   331978.6 190092.0 14243.3  7593.7    533.7   685.1   667.9
  1663  50.584   0.010  50.594   347220.5 193829.3 14030.0 14440.2   1070.6   504.9  1379.2
  1664 -115.879   0.012 -115.867   336435.0 216181.7 20901.4 16091.2    800.9   770.0  1143.4
  1665 102.748   0.012 102.760   404941.7 225844.9 21846.4 17420.6    594.2   596.3   918.2
  1666 -105.294   0.015 -105.278   324578.8 235551.8 18046.1 12821.7    484.5   504.3   737.7
  1667 -74.773   0.019 -74.754   377145.4 201335.7 21489.6 14476.7    568.7   497.5   774.4
  1668  21.107   0.020  21.127   365295.6 222129.4 16996.8 10309.7    718.7   608.1  1188.5
  1669 -28.639   0.016 -28.624   382528.6 219125.0 21768.0 13343.4    701.9   477.7  1039.9
  1670 -34.831   0.013 -34.818   338968.7 238140.5 18641.9 12542.1    321.1   848.6   597.8
  1671 169.213   0.002 169.214   480378.2 221018.2 26876.2 21575.5    800.6   445.2  1338.6
  1672 -107.422   0.019 -107.403   336720.6 200694.3 21062.3 10816.0    546.2   727.6   715.7
  1673  20.759   0.014  20.773   364386.6 201945.0 18718.2 15312.2    533.7   773.6   738.2
  1674 -72.484   0.013 -72.471   356381.8 252992.4 19270.5 13727.9    322.1  1054.1   535.6
  1675  16.708   0.020  16.727   387469.6 200381.1 22907.9 15433.0    787.3   532.5  1239.7

         Carbon flux (ktC/yr)        Water (dam3/yr)                Nitrogen (MgN/yr)
       ----------------------- -------------------------- --------------------------------
Spinup NEP     estab   NBP     transp     evap    interc  nuptake ndemand  nlosses ninflux
------ ------- ------- ------- ---------- ------- ------- ------- -------- ------- -------
  1676 -118.570   0.021 -118.548   339433.1 235381.2 24888.2 14133.5    242.4  1852.9   460.9
  1677 176.638   0.021 176.659   367047.5 178783.3 14148.2 17861.0    309.1  1725.1   567.7
  1678 232.391   0.019 232.410   441024.4 197292.3 20895.8 15695.1    603.3   845.7   918.1
  1679 175.397   0.013 175.409   371935.8 199145.6 18405.3 13262.1    937.8   691.2  1175.2
  1680 -117.539   0.010 -117.529   349760.0 219947.6 24048.2  9604.8    608.3   658.9   764.1
  1681  38.557  -0.001  38.556   472597.9 224815.0 28093.9 19202.7    943.2   683.4  1541.0
  1682 -150.152   0.017 -150.135   307453.0 240529.4 25133.5 10538.3    381.3   626.3   517.1
  1683 -94.437   0.017 -94.420   363008.0 190263.0 14251.9 10573.6    421.2   650.7   546.4
  1684 -28.458   0.014 -28.444   364704.4 221201.8 22025.5 18671.3    602.3   602.1  1020.4
  1685 159.639   0.013 159.653   393124.9 220911.8 16935.4 14842.2    446.7   677.2   644.2
  1686 139.663   0.010 139.673   411631.0 195783.9 20619.8 13008.0    720.0   444.5  1146.5
  1687 -25.173   0.015 -25.157   364933.7 216070.4 22124.2 14539.7    575.1   638.1   953.2
  1688 -208.733   0.019 -208.714   334497.9 232610.1 23579.9 13004.2    446.7  1011.1   758.4
  1689  37.817   0.017  37.834   382748.6 190829.3 14486.3 11604.1    512.8   663.0   746.5
  1690 172.099   0.013 172.112   368804.2 195252.4 16154.4 15232.1    935.1   499.4  1263.3
  1691 -126.884   0.015 -126.868   325198.2 243593.8 18984.8 11098.9    507.7   967.1   749.7
  1692 -181.467   0.021 -181.447   338454.4 195924.9 20960.6 11708.7   1008.3   509.7  1404.4
  1693  50.486   0.019  50.504   388573.4 191497.5 13937.9 13457.2    519.1   917.7   775.5
  1694 149.171   0.015 149.187   351293.3 199301.3 14640.3 16009.1    618.3   703.9  1027.3
  1695 -15.124   0.001 -15.123   354827.8 221143.6 22982.2 17238.0    792.4   604.0  1051.0
  1696 170.581   0.006 170.587   408997.3 192575.5 21682.2 14232.4    549.0   618.8   757.8
  1697 124.219   0.014 124.233   351415.0 176049.2 14811.8 15607.4    548.5  1174.5   864.9
  1698 -182.541   0.016 -182.525   325102.4 202391.1 19502.9 10395.6    602.4   690.4   828.6
  1699  87.228   0.011  87.239   404936.9 198816.1 20008.7 19182.7    739.0   687.3  1150.6
  1700 -45.486   0.012 -45.474   371826.8 224336.0 24706.2 15024.4    674.9   807.9   972.9

         Carbon flux (ktC/yr)        Water (dam3/yr)                Nitrogen (MgN/yr)
       ----------------------- -------------------------- --------------------------------
Spinup NEP     estab   NBP     transp     evap    interc  nuptake ndemand  nlosses ninflux
------ ------- ------- ------- ---------- ------- ------- ------- -------- ------- -------
  1701 132.017   0.014 132.031   448011.3 226818.7 24993.3 16474.1    480.5   529.7   717.8
  1702  71.860   0.012  71.872   408589.5 204651.5 27323.0 15708.3    672.5  2815.1  1113.3
  1703 -64.831   0.020 -64.811   362520.0 260475.2 21821.0 12356.9    270.0  2307.3   424.1
  1704 -18.365   0.023 -18.343   338350.9 246995.8 18220.9 16477.7    339.3  1330.3   498.3
  1705  16.119   0.019  16.138   339382.4 200877.3 16487.5 12092.2    476.2  1123.6   604.2
  1706 125.986   0.012 125.998   370759.4 225774.3 24290.9 18833.8    502.1  1028.8   807.9
  1707 -14.125   0.009 -14.116   333985.8 240983.7 21603.2 10585.6    151.6  1535.4   313.5
  1708 196.342   0.022 196.363   386787.8 234562.5 21170.2 16214.1    417.5  1136.6   637.6
  1709 -124.881   0.023 -124.857   337964.8 218761.8 16527.7  7609.5    788.7   669.1  1213.4
  1710  -9.352   0.017  -9.335   354890.8 227161.9 20145.1 13795.5    781.5   771.0  1195.1
  1711 -126.043   0.007 -126.036   353084.8 220698.9 21490.7 15528.1   1024.3   476.9  1526.2
  1712 -116.369   0.008 -116.361   346311.4 245048.4 19503.7 12970.6    380.4   933.0   616.6
  1713 -260.359   0.026 -260.333   314373.5 187076.5 13898.6  5369.2    521.8   648.9   618.3
  1714 122.120   0.017 122.137   336806.2 208331.8 15681.8 17182.0    666.2   474.7  1094.2
  1715 -290.194   0.024 -290.170   246413.0 229265.8 17390.7  5713.0    299.4   816.2   484.4
  1716 -40.069   0.011 -40.058   325904.4 215412.7 12176.9 12406.5    635.6   377.9  1008.7
  1717 -183.905   0.014 -183.891   289653.9 174237.7 13154.5 10280.6    891.9   383.3  1274.5
  1718  50.788   0.008  50.796   402564.5 193650.2 16941.3 21216.8    729.9   417.0  1266.3
  1719  23.417   0.010  23.427   407632.4 202306.2 22630.3 15543.0    598.6   445.5   939.6
  1720 259.582   0.007 259.590   382314.3 215843.3 20536.7 17326.3    616.0   580.2   955.7
  1721 181.246   0.014 181.260   346086.0 174859.1 14682.9 14769.4    497.0   957.9   796.8
  1722 118.568   0.014 118.581   344423.2 174728.8 14764.3 14819.9    610.8   823.5   900.4
  1723 -208.762   0.015 -208.747   329689.7 229583.4 24189.9 11571.6    563.4   687.3   930.5
  1724 -14.705   0.014 -14.691   371892.6 224608.8 22674.8 17780.9    633.2   857.2   931.2
  1725  81.554   0.016  81.569   369357.3 210563.7 17261.6 10932.5    411.8   730.6   649.2

         Carbon flux (ktC/yr)        Water (dam3/yr)                Nitrogen (MgN/yr)
       ----------------------- -------------------------- --------------------------------
Spinup NEP     estab   NBP     transp     evap    interc  nuptake ndemand  nlosses ninflux
------ ------- ------- ------- ---------- ------- ------- ------- -------- ------- -------
  1726 -16.098   0.012 -16.086   380337.1 222232.0 22715.4 20254.0    504.1   845.9   753.5
  1727  24.535   0.014  24.549   370007.2 241508.3 21299.9 12761.5    204.5   879.9   376.6
  1728 -135.033   0.019 -135.014   335396.4 234388.7 24032.6 13203.7    304.0  1132.9   598.4
  1729 -148.900   0.022 -148.878   332635.4 234125.5 22911.1 13423.4    310.7  1339.1   672.7
  1730  51.862   0.018  51.880   361440.8 243951.2 16841.1 18534.2    296.7   765.0   455.1
  1731 229.049   0.013 229.062   432574.9 194782.4 19606.0 16009.5    538.0   642.5   859.0
  1732  61.929   0.007  61.936   401796.1 231202.5 25912.5 15760.4    799.4   598.3  1303.7
  1733 -119.443   0.010 -119.433   316915.2 237821.3 21513.6  8952.6    287.2   969.2   434.1
  1734 -150.622   0.011 -150.611   343790.8 241265.1 29661.9 15292.7    393.0  2556.7   736.4
  1735 173.906   0.020 173.925   376873.9 226161.7 24603.1 20064.0    394.0  2380.9   559.9
  1736 199.688   0.018 199.707   417578.2 199084.7 24506.2 18862.2    545.2  1602.4   834.3
  1737  50.433   0.015  50.448   383101.1 219243.7 25221.2 14133.3    494.7  1208.9   776.3
  1738  75.362   0.018  75.379   368626.8 225113.0 18097.8 10511.2    422.3  1191.0   641.0
  1739 -76.783   0.015 -76.768   370381.2 205387.1 22639.3 12386.1    662.2   761.9   945.9
  1740 159.899   0.016 159.915   382080.8 199638.9 16706.9 14258.3   1130.4   651.7  1534.6
  1741 -112.134   0.017 -112.117   295699.3 195344.3 13112.9  5844.8    554.3   783.2   605.0
  1742 -276.488   0.003 -276.484   331326.9 238365.8 27329.4 14593.9    601.2  1980.1  1129.4
  1743 -32.219   0.020 -32.198   369385.4 223999.4 21888.3 19835.8    476.1  3719.8   756.9
  1744 -157.334   0.018 -157.316   347947.0 242037.4 32547.4 14780.0    343.9  4706.0   638.3
  1745 -102.877   0.023 -102.854   337379.5 233974.3 25108.4 14207.8    220.8  2804.3   435.0
  1746  30.697   0.022  30.719   353992.1 242065.0 18987.6 12547.5    234.7  1390.9   468.6
  1747 191.338   0.013 191.351   412865.5 199372.5 20052.2 20437.5    617.2   800.9   984.0
  1748   4.110   0.009   4.119   412805.5 204561.5 26857.2 15858.6    834.5   776.9  1389.2
  1749  27.985   0.008  27.993   351564.5 243140.7 22194.0 11198.7    137.8  1399.9   311.7
  1750 212.376   0.022 212.398   389187.4 236013.5 21592.2 15654.9    401.2   885.0   630.7

         Carbon flux (ktC/yr)        Water (dam3/yr)                Nitrogen (MgN/yr)
       ----------------------- -------------------------- --------------------------------
Spinup NEP     estab   NBP     transp     evap    interc  nuptake ndemand  nlosses ninflux
------ ------- ------- ------- ---------- ------- ------- ------- -------- ------- -------
  1751 -137.589   0.022 -137.567   342245.8 248658.6 18822.6 11579.6    455.5  1006.9   809.2
  1752 127.744   0.017 127.760   346532.1 211699.9 17957.1 15373.2    636.9   758.6   939.1
  1753 -219.634   0.018 -219.616   273613.7 237647.1 17123.6 10922.6    488.9   560.2   666.6
  1754 -133.653   0.019 -133.634   339136.6 212505.0 18276.7 13730.3    664.1   732.4  1021.9
  1755 144.877   0.017 144.894   372063.4 200854.7 13637.4 16313.3    599.6   611.8   853.2
  1756 -116.002   0.016 -115.986   351720.6 200134.9 23015.5 11710.0    590.7   490.1   820.6
  1757 -24.696   0.013 -24.683   332202.7 180678.1 15560.7 11343.2    869.3   445.2  1343.2
  1758 -179.324   0.001 -179.323   342970.4 243224.3 29920.5 15504.7    422.5  1996.3   827.0
  1759 193.695   0.020 193.714   443650.7 223082.7 23599.2 18568.0    337.2  1149.6   554.6
  1760 113.265   0.017 113.282   379263.3 227991.7 25992.2 18646.0    497.4  1077.6   731.7
  1761 182.234   0.013 182.247   374341.1 179150.1 16641.6 16756.1    282.1  1884.7   480.8
  1762  99.849   0.006  99.855   355646.8 205169.2 18462.4 12534.1    463.2   850.7   611.8
  1763 210.000   0.013 210.013   393379.4 237807.2 23681.7 14963.0    416.8  1339.1   548.9
  1764 -108.348   0.022 -108.325   390385.6 236667.5 24511.4 13274.3   1047.8   608.8  1596.7
  1765 102.885   0.020 102.906   364328.5 212162.0 20000.5 15351.6    670.5   795.5   960.6
  1766  56.023   0.018  56.041   327632.2 212648.3 19794.3 12118.1    669.6   564.8   960.8
  1767 -272.435   0.017 -272.418   258479.8 216292.5 15697.4  1980.0    603.9   543.6   720.7
  1768 -15.498   0.001 -15.496   315563.1 207779.8 14276.1 14830.3    829.0   497.7  1275.5
  1769 -359.888   0.014 -359.874   233214.3 172296.1 13388.7  5183.6    783.5   418.8   907.5
  1770  62.780   0.004  62.784   355560.5 208849.3 13734.3 19477.2    704.9   541.6  1170.4
  1771 -166.517   0.015 -166.501   330942.3 237658.3 17072.5 12683.5    488.8   505.2   791.4
  1772 -153.424   0.023 -153.401   296476.7 229465.8 16682.9 10335.8    371.3   760.0   619.5
  1773  89.479   0.017  89.496   333239.2 197067.7 13408.8 14857.0    593.9   425.0   866.6
  1774 237.722   0.015 237.737   386392.4 194961.2 15622.9 16832.4    983.8   495.0  1360.6
  1775 -205.584   0.010 -205.574   338179.2 238548.6 31302.9 13258.8    507.4  1360.1   849.5

         Carbon flux (ktC/yr)        Water (dam3/yr)                Nitrogen (MgN/yr)
       ----------------------- -------------------------- --------------------------------
Spinup NEP     estab   NBP     transp     evap    interc  nuptake ndemand  nlosses ninflux
------ ------- ------- ------- ---------- ------- ------- ------- -------- ------- -------
  1776 116.103   0.022 116.125   383655.4 191288.6 15036.5 12951.3    339.8  1173.8   468.4
  1777 -80.739   0.024 -80.716   309359.5 237625.1 18941.9  9980.7    329.0  1110.3   616.3
  1778  25.742   0.020  25.762   366628.9 215531.0 18663.7 17014.7    531.6   835.9   924.9
  1779  31.120   0.019  31.139   362798.8 199913.9 18180.1 16219.0    455.4  1094.5   666.3
  1780 186.990   0.015 187.005   367215.8 205007.5 16088.1 15505.8    506.1   783.7   758.5
  1781 118.992   0.009 119.001   393416.1 219194.3 23184.6 17344.4    455.1  1036.2   655.5
  1782  23.185   0.023  23.208   360960.9 245035.4 19021.5 16989.4    335.9   740.0   477.9
  1783 210.031   0.019 210.050   389757.2 205570.5 15128.6 15907.8    523.3   865.6   718.2
  1784 -156.957   0.020 -156.936   288808.7 241884.1 19833.9 11397.2    325.6   657.1   403.7
  1785 -115.426   0.017 -115.409   353571.1 199336.6 21986.8 12796.6    863.4  1053.6  1251.0
  1786 125.124   0.020 125.144   363061.6 200817.7 13248.3 12549.1    554.6  1107.7   770.1
  1787 -69.897   0.016 -69.881   368228.5 198991.1 24268.1 13453.0    872.6  1842.7  1391.4
  1788 145.712   0.011 145.723   363067.6 202125.1 13409.3 13320.6    474.0  1016.4   702.7
  1789  97.503   0.004  97.506   361654.3 228219.2 22913.5 14335.7    562.7  1007.3   935.8
  1790 -181.942   0.018 -181.923   301870.7 235884.9 17426.8 13502.4    490.1   783.9   794.1
  1791 -134.818   0.017 -134.801   358011.0 197993.3 21255.9 13803.8    861.7  1328.6  1260.8
  1792  61.000   0.018  61.018   394373.2 192005.5 14929.0 13161.8    444.9  1032.3   616.0
  1793 -104.547   0.018 -104.529   301898.4 239883.3 22900.4 11663.8    414.9   739.3   548.3
  1794 -29.071   0.016 -29.056   363299.2 201554.6 17244.5 16970.6    468.4   886.5   773.6
  1795 243.305   0.014 243.320   462027.0 196437.3 19697.6 17583.2    635.3   673.9  1080.3
  1796  91.935   0.011  91.947   477450.2 222520.1 32101.2 18347.7    877.6   711.9  1395.1
  1797 130.437   0.007 130.444   357132.0 173331.3 16494.7 14889.2    562.0  1046.8   897.0
  1798 102.005   0.013 102.018   347252.6 215491.6 21300.3 13294.5    634.1   753.0   865.4
  1799 -176.014   0.013 -176.001   359681.0 200701.4 24962.0 11861.1   1030.5   441.7  1439.4
  1800 -98.482   0.016 -98.466   338695.6 201796.1 19718.2 12127.6    587.4   916.8   799.3

         Carbon flux (ktC/yr)        Water (dam3/yr)                Nitrogen (MgN/yr)
       ----------------------- -------------------------- --------------------------------
Spinup NEP     estab   NBP     transp     evap    interc  nuptake ndemand  nlosses ninflux
------ ------- ------- ------- ---------- ------- ------- ------- -------- ------- -------
  1801 108.108   0.011 108.119   355453.2 206177.0 15604.7 14503.2    610.4   544.0   902.8
  1802 -87.735   0.013 -87.722   352490.5 253380.5 19159.4 12287.5    381.6   970.0   626.1
  1803  35.286   0.016  35.302   364662.7 225780.8 22536.8 18304.0    700.1   489.9  1005.8
  1804  25.489   0.020  25.509   410301.2 204987.8 24869.6 15101.7    482.3   648.3   742.7
  1805 193.859   0.016 193.875   400933.3 235826.6 24074.5 15238.3    521.9   745.8   865.2
  1806 -133.725   0.021 -133.704   345817.2 250467.1 19464.6 11572.4    460.5   786.7   797.6
  1807 -114.448   0.023 -114.425   303055.3 195829.6 12395.2  6635.4    600.9   546.8   719.4
  1808 -211.404   0.022 -211.382   273408.1 236363.8 19991.1 10756.2    494.7   474.4   524.9
  1809 -136.427   0.014 -136.413   322392.6 228410.4 14882.6 18255.9    381.2   590.4   638.0
  1810  57.514   0.008  57.522   340396.4 194906.7 13644.2 15767.3    629.2   673.3   965.2
  1811 -154.666   0.014 -154.652   309930.8 209493.9 16210.0  8362.4    692.5   405.2   943.4
  1812 -174.110   0.017 -174.093   280964.0 234671.4 20271.4 11197.8    441.5   504.0   492.4
  1813 -46.093   0.007 -46.086   379617.7 196935.2 19682.6 17659.5    725.1   585.7  1199.2
  1814 113.297   0.015 113.312   370350.2 208803.4 16719.9 13675.7    315.9  1164.5   535.9
  1815  44.508   0.016  44.524   420855.3 205306.8 23561.9 21203.7    597.5   767.7  1042.8
  1816 181.428   0.017 181.446   447269.9 224295.8 27172.3 16991.8    332.7   821.7   544.3
  1817 281.447   0.012 281.458   425453.5 235430.6 26655.1 17478.9    355.7  1042.5   526.4
  1818   9.120   0.011   9.131   414154.4 206768.1 27519.8 16228.5    809.5   615.6  1302.4
  1819 194.715   0.013 194.728   419429.4 199214.1 25300.8 18580.4    544.9   977.8   832.7
  1820  11.008   0.017  11.025   351414.2 226845.6 19863.3  6993.1    566.6   639.5   803.8
  1821 -132.481   0.020 -132.461   295183.0 181787.8 15754.5  8382.6    801.8   462.3  1106.8
  1822 -257.263   0.013 -257.250   330429.0 235070.9 21198.5 14065.3    424.9   931.7   901.1
  1823  79.520   0.018  79.538   362519.5 181625.6 14668.8 15963.5    631.9   849.7  1039.6
  1824 183.875   0.018 183.893   427232.7 229734.9 23131.0 18876.6    495.8  1164.2   770.2
  1825 -234.569   0.016 -234.553   349550.9 242843.5 34226.5 12994.5    470.5  3542.1   832.7

         Carbon flux (ktC/yr)        Water (dam3/yr)                Nitrogen (MgN/yr)
       ----------------------- -------------------------- --------------------------------
Spinup NEP     estab   NBP     transp     evap    interc  nuptake ndemand  nlosses ninflux
------ ------- ------- ------- ---------- ------- ------- ------- -------- ------- -------
  1826 379.214   0.019 379.234   410457.8 200446.0 17918.9 19080.9    656.8  1081.6   893.9
  1827 116.901   0.020 116.921   392848.3 195067.0 22450.5 11402.1    627.2  1017.0   834.7
  1828  72.805   0.014  72.819   354789.6 199417.5 17276.4 11904.8   1099.8   809.1  1271.7
  1829 -269.915   0.020 -269.895   267431.7 194836.7 12835.1  2454.3    559.9   798.0   551.8
  1830 -51.753   0.003 -51.749   305608.5 207990.3 14934.8 14036.6    795.8   702.2  1225.3
  1831 -391.062   0.015 -391.047   228552.7 172830.9 13162.0  5072.4    769.4   584.9   872.7
  1832 -130.698   0.006 -130.692   359282.8 186497.2 10303.3 14151.8    676.7   616.6  1160.5
  1833 -136.515   0.013 -136.501   314059.4 174425.0 13427.1 12536.2    793.7   512.2  1283.1
  1834  66.964   0.011  66.974   360709.2 192788.7 11172.4 14780.5    600.5   561.6  1005.9
  1835 182.917   0.012 182.929   372078.7 198750.2 13891.6 17619.7    543.8   610.2   815.8
  1836 -374.527   0.023 -374.505   277569.2 186132.5 15268.1  1742.2    298.9   863.7   312.1
  1837 -165.240   0.012 -165.228   277912.1 191220.1  9467.2  8943.6    659.5   670.1   869.5
  1838 -199.512   0.018 -199.494   305322.4 232423.1 14677.0 13240.8    581.1   544.4   958.2
  1839 -13.673   0.015 -13.658   324298.7 186489.0 12453.6 13924.3    944.2   495.4  1263.9
  1840 -220.316   0.024 -220.293   275817.8 195157.1 14259.2  7372.0    509.6   805.5   617.7
  1841 -50.995   0.007 -50.988   347096.3 211035.4 15568.8 18198.1    547.8   613.3   968.2
  1842  96.949  -0.001  96.948   390754.5 189977.8 18811.8 19667.7    642.2   551.2  1019.2
  1843 108.482   0.004 108.486   389051.1 192877.0 21673.0 16870.5    722.5   460.3  1135.7
  1844   9.890   0.014   9.904   339540.9 218823.3 17639.5  7848.8    680.7   374.1  1025.3
  1845 139.730   0.010 139.740   345360.0 193329.1 15385.4 13180.7    980.1   468.4  1250.8
  1846 141.343   0.013 141.356   315641.5 169675.3 13063.9 14945.7    582.7  1261.8   871.6
  1847 -209.058   0.018 -209.040   280141.3 191557.5 12683.1  4087.8    608.0   467.5   615.5
  1848 -467.245   0.025 -467.221   248341.2 181770.0 11962.5  1792.0    451.2   507.5   600.0
  1849 -17.566   0.000 -17.565   315056.4 188484.1  9851.1 16068.5    987.7   398.7  1381.0
  1850 -107.546   0.009 -107.537   304153.4 205606.8 13126.9 10441.0    729.5   378.6  1126.5

         Carbon flux (ktC/yr)        Water (dam3/yr)                Nitrogen (MgN/yr)
       ----------------------- -------------------------- --------------------------------
Spinup NEP     estab   NBP     transp     evap    interc  nuptake ndemand  nlosses ninflux
------ ------- ------- ------- ---------- ------- ------- ------- -------- ------- -------
  1851 -113.793   0.004 -113.789   339324.5 190748.5 18781.7 14491.1    913.3   474.8  1486.2
  1852  79.266   0.015  79.280   356389.7 235402.7 16658.4 15379.5    236.2  1084.9   496.5
  1853 169.966   0.014 169.980   407223.5 226588.4 21981.1 19780.6    635.4   542.5  1101.9
  1854  32.469   0.020  32.489   334173.2 238230.9 24165.3 14462.4    300.2   724.0   433.3
  1855  62.897   0.014  62.911   385680.0 224202.0 23231.0 21118.9    397.5  1137.8   629.7
  1856 307.468   0.009 307.477   400161.3 204213.0 17207.2 18382.7    369.0  1185.8   693.3
  1857 240.849   0.012 240.861   364541.2 171996.3 16273.5 16766.1    314.7  1330.9   563.6
  1858  13.823   0.013  13.836   335837.8 201566.7 18984.9  9446.7    462.8   785.6   512.9
  1859  18.281   0.013  18.294   327554.9 250789.9 18321.3 15526.2    316.8   905.5   466.9
  1860 -261.614   0.026 -261.589   314888.6 190392.0 14564.7  4209.4    413.5   734.3   494.5
  1861 -33.746   0.017 -33.730   346543.1 213724.7 18034.4 16154.6    579.7   661.0  1026.2
  1862 212.868   0.013 212.881   353452.8 198080.5 13935.8 18006.1    454.0   816.0   752.1
  1863 -76.426   0.008 -76.419   331864.5 186693.4 21158.9 13524.0    571.4   637.8   798.7
  1864 108.338   0.006 108.344   333250.3 198037.2 14908.3 13776.2    661.4   519.2   989.5
  1865 -116.594   0.014 -116.580   348655.5 196900.5 21690.5 12862.6    576.5   585.0   747.2
  1866  25.780   0.013  25.793   396491.3 205043.9 22271.0 15208.9    650.3   509.6  1000.1
  1867 -160.754   0.016 -160.738   330667.6 233322.3 24124.3 12577.1    418.7  1127.4   845.7
  1868 130.897   0.020 130.917   393855.1 218307.9 20665.7 18776.9    410.6   930.5   654.2
  1869 128.416   0.022 128.438   364677.5 210884.8 17123.8 11908.5    355.4   701.8   519.1
  1870 252.999   0.014 253.013   398990.1 205017.4 14330.3 18659.5    466.0   730.2   668.3
  1871   0.271   0.009   0.280   391876.6 202577.5 26806.4 16291.8    724.8   511.9  1051.5
  1872  85.602   0.014  85.617   354779.0 221992.3 19207.2 10374.6    440.5   785.5   586.8
  1873  90.870   0.014  90.884   360442.3 231918.8 23134.1 13672.0    668.5   654.1  1012.9
  1874   4.303   0.012   4.315   320492.6 199152.3 15047.2 11902.8    842.2   435.6  1157.2
  1875 -74.097   0.009 -74.088   350656.9 220382.5 21448.0 13821.4    706.9   510.9   921.3

         Carbon flux (ktC/yr)        Water (dam3/yr)                Nitrogen (MgN/yr)
       ----------------------- -------------------------- --------------------------------
Spinup NEP     estab   NBP     transp     evap    interc  nuptake ndemand  nlosses ninflux
------ ------- ------- ------- ---------- ------- ------- ------- -------- ------- -------
  1876 -266.884   0.012 -266.872   349118.1 237688.3 30631.8 13818.1    693.8   624.6  1144.8
  1877  46.197   0.013  46.210   375329.6 225676.7 23367.6 18787.5    410.1  1409.5   658.8
  1878 -102.614   0.019 -102.595   349708.5 243280.4 34346.8 14988.6    302.3  6729.8   579.5
  1879 392.260   0.019 392.279   430215.4 211619.4 16321.2 19637.6    235.6  1966.0   373.9
  1880  84.210   0.017  84.226   361565.0 217880.6 25263.2 14617.2    351.0  1439.3   514.6
  1881  17.834   0.019  17.853   388631.6 207004.3 24632.8 13576.1    501.3  1047.1   741.8
  1882 150.478   0.016 150.494   352535.8 209499.3 17253.3 12891.9    601.9   862.4   889.6
  1883 150.829   0.014 150.843   344177.3 203600.0 13926.3 10942.6    607.9   833.1   801.4
  1884  65.686   0.013  65.699   348908.3 229256.6 22242.1 13105.2    635.2   841.1  1050.7
  1885  20.502   0.013  20.516   351275.6 202858.8 13713.0 13686.6    838.6   602.0  1298.8
  1886 -174.897   0.018 -174.880   340154.5 201123.3 22010.2 11855.1    670.2   534.3   928.4
  1887 -78.060   0.015 -78.045   386698.5 231220.6 22992.3 15079.6   1026.4   547.8  1648.5
  1888 -222.662   0.012 -222.650   335185.7 228882.1 23540.3 13969.3    535.9   771.9   978.4
  1889  -1.307   0.005  -1.302   372419.7 224595.7 22938.1 19385.7    516.9  1492.6   825.8
  1890 262.347   0.010 262.358   429378.9 230797.7 24481.6 19040.8    408.8  1588.9   581.4
  1891  41.507   0.014  41.521   414898.7 224594.9 26281.0 12987.1    665.8   882.2  1047.6
  1892 -181.877   0.016 -181.862   336258.5 236828.3 25288.8 12546.6    384.7  1875.4   782.3
  1893 292.416   0.020 292.436   385922.0 220323.4 19706.8 18990.9    514.9  1422.1   834.1
  1894 154.464   0.020 154.484   389105.0 195684.0 21407.6 11770.5    668.5  1128.9   984.4
  1895 128.072   0.014 128.086   357381.8 198820.4 17307.3 12807.8   1092.7   924.9  1301.5
  1896 -228.105   0.019 -228.085   268973.9 195038.0 13135.9  2852.4    571.2   888.1   563.3
  1897 -121.080   0.007 -121.073   326861.0 188355.0 15720.5 11207.0    897.1   705.6  1284.9
  1898 -235.370   0.009 -235.361   275081.6 234724.6 18793.8 11919.7    610.0   750.8   773.7
  1899 -158.937   0.011 -158.926   355335.8 217790.5 18604.4 20048.3    710.8   895.9  1143.5
  1900 -160.248   0.014 -160.235   348923.6 238808.6 31895.3 16221.5    411.3  3939.9   720.7

         Carbon flux (ktC/yr)        Water (dam3/yr)                Nitrogen (MgN/yr)
       ----------------------- -------------------------- --------------------------------
Year   NEP     estab   NBP     transp     evap    interc  nuptake ndemand  nlosses ninflux
------ ------- ------- ------- ---------- ------- ------- ------- -------- ------- -------
  1901 274.655   0.015 274.671   425322.6 199049.7 22802.2 22156.0    503.3  1239.6   848.3
Simulation ended.
lpjml successfully terminated, 72 grid cells processed.
Wall clock time:	128 sec, 0.00059 sec/cell/year.
Total wall clock time:	132 sec (00:02:12).
