number,values_0,values_1,values_2,values_3,values_4,values_5,values_6,values_7,values_8,values_9,values_10,values_11,values_12,values_13,values_14,values_15,datetime_start,datetime_complete,duration,params_alpha_boreal_broadleaved_summergreen_tree,params_alpha_boreal_needleleaved_evergreen_tree,params_alpha_boreal_needleleaved_summergreen_tree,params_alpha_temperate_broadleaved_evergreen_tree,params_alpha_temperate_broadleaved_summergreen_tree,params_alpha_temperate_needleleaved_evergreen_tree,params_alpha_tropical_broadleaved_evergreen_tree,params_alpha_tropical_broadleaved_raingreen_tree,params_beta_boreal_broadleaved_summergreen_tree,params_beta_boreal_needleleaved_evergreen_tree,params_beta_boreal_needleleaved_summergreen_tree,params_beta_temperate_broadleaved_evergreen_tree,params_beta_temperate_broadleaved_summergreen_tree,params_beta_temperate_needleleaved_evergreen_tree,params_beta_tropical_broadleaved_evergreen_tree,params_beta_tropical_broadleaved_raingreen_tree,system_attrs_NSGAIISampler:generation,state
0,1000000.0,1000000.0,1000000.0,1000000.0,1000000.0,1000000.0,1000000.0,1000000.0,1000000.0,1000000.0,1000000.0,1000000.0,1000000.0,1000000.0,1000000.0,1000000.0,2026-03-27 00:31:07.282142,2026-03-27 00:31:30.588522,0 days 00:00:23.306380,0.23821960365489148,0.4837400366855389,0.5079110344679815,0.8418018369983915,0.37854297209115295,0.7183246086537064,0.144510538136074,0.5002207774257248,14.336082236658784,10.831135444111748,0.9699504017181515,8.497448359305542,8.232864379143397,18.21122745855342,13.982995591941826,12.12830652555399,0,COMPLETE
1,1000000.0,1000000.0,1000000.0,1000000.0,1000000.0,1000000.0,1000000.0,1000000.0,1000000.0,1000000.0,1000000.0,1000000.0,1000000.0,1000000.0,1000000.0,1000000.0,2026-03-27 00:31:30.600346,2026-03-27 00:31:51.373892,0 days 00:00:20.773546,0.8252068731463612,0.7793193430994021,0.3733519874934069,0.7852639673696586,0.6897827337288641,0.4551457426842753,0.09757480245856286,0.8907033802106125,24.583275663429944,24.41771840671338,0.31745163282376926,10.544518269297926,0.8364158875418568,11.026034704422257,8.80093524313168,16.62119126069395,0,COMPLETE
2,1000000.0,1000000.0,1000000.0,1000000.0,1000000.0,1000000.0,1000000.0,1000000.0,1000000.0,1000000.0,1000000.0,1000000.0,1000000.0,1000000.0,1000000.0,1000000.0,2026-03-27 00:31:51.384576,2026-03-27 00:32:18.724746,0 days 00:00:27.340170,0.0241512912749558,0.45186389728790677,0.5476378858301959,0.6163418141460397,0.5813369051814351,0.20931543831533253,0.5276301466900569,0.40723130003183794,11.912368910910791,3.550070952111554,23.159468483973587,17.59400861931564,10.016821482397598,11.390436551301281,17.65348834708107,14.393113950746391,0,COMPLETE
3,1000000.0,1000000.0,1000000.0,1000000.0,1000000.0,1000000.0,1000000.0,1000000.0,1000000.0,1000000.0,1000000.0,1000000.0,1000000.0,1000000.0,1000000.0,1000000.0,2026-03-27 00:32:18.735119,2026-03-27 00:32:46.237230,0 days 00:00:27.502111,0.3960764925894198,0.036391658183773844,0.6306033671839566,0.4985727727480695,0.5414049582470064,0.13822605046233552,0.11240962745254553,0.19407415051338697,17.996295190751844,4.432597917889468,18.834682551132556,24.127677391847264,1.9226551549280746,12.829906675367138,17.692830056334586,14.177981180985585,0,COMPLETE
4,1000000.0,1000000.0,1000000.0,1000000.0,1000000.0,1000000.0,1000000.0,1000000.0,1000000.0,1000000.0,1000000.0,1000000.0,1000000.0,1000000.0,1000000.0,1000000.0,2026-03-27 00:32:46.247879,2026-03-27 00:33:06.855925,0 days 00:00:20.608046,0.8533491829725948,0.014359814650417798,0.5388455680631411,0.4271970155431605,0.11939723932836556,0.5230377257229709,0.09930086811173211,0.06846280900453577,21.70267196653569,5.090748142704381,17.727513069312398,3.6325593575886446,24.06685693345404,18.073938319277147,14.482395734341585,22.559228898153115,0,COMPLETE
5,1000000.0,1000000.0,1000000.0,1000000.0,1000000.0,1000000.0,1000000.0,1000000.0,1000000.0,1000000.0,1000000.0,1000000.0,1000000.0,1000000.0,1000000.0,1000000.0,2026-03-27 00:33:06.866612,2026-03-27 00:33:34.170365,0 days 00:00:27.303753,0.3735117282432439,0.8055922290472968,0.877651310364046,0.24557710710979366,0.16229486705368218,0.9596973616870427,0.5604344849561578,0.10625658344049084,18.714144196094235,10.906934919709421,11.567072970985047,23.946471869923815,3.690632473708493,0.23609501503786398,4.09216068275666,21.884823467027292,0,COMPLETE
6,1000000.0,1000000.0,1000000.0,1000000.0,1000000.0,1000000.0,1000000.0,1000000.0,1000000.0,1000000.0,1000000.0,1000000.0,1000000.0,1000000.0,1000000.0,1000000.0,2026-03-27 00:33:34.180823,2026-03-27 00:33:55.006250,0 days 00:00:20.825427,0.765734800642008,0.40469082162734576,0.644079441977856,0.7821392056112871,0.8948367254600785,0.9243549840048849,0.25094986023968363,0.2292072773024215,8.949532930526406,6.560615370516606,13.41704059278623,4.0609056510903825,22.593451304244187,24.443966242406564,24.231371378911184,13.942716855101331,0,COMPLETE
7,1000000.0,1000000.0,1000000.0,1000000.0,1000000.0,1000000.0,1000000.0,1000000.0,1000000.0,1000000.0,1000000.0,1000000.0,1000000.0,1000000.0,1000000.0,1000000.0,2026-03-27 00:33:55.016480,2026-03-27 00:34:15.924809,0 days 00:00:20.908329,0.2903093235365855,0.7049431420063798,0.7554137164323287,0.8227020872328393,0.8980590167226683,0.6801821244359245,0.10160265716048122,0.8505290527865682,13.523264076762183,0.6059487828798908,4.614184329254137,7.983560560108686,10.293046166003997,23.458125828716103,18.07653776331825,8.57925210922507,0,COMPLETE
8,1000000.0,1000000.0,1000000.0,1000000.0,1000000.0,1000000.0,1000000.0,1000000.0,1000000.0,1000000.0,1000000.0,1000000.0,1000000.0,1000000.0,1000000.0,1000000.0,2026-03-27 00:34:15.935206,2026-03-27 00:34:36.615514,0 days 00:00:20.680308,0.4167714524873103,0.5802792371692511,0.9309708088756314,0.41434491949063024,0.9477885207277691,0.6847282563808564,0.8258876933864981,0.08021726787904425,6.420875138814435,0.04469126220897957,13.273202463336556,24.65808825765077,6.358491529777172,23.824229602720113,0.9730365648654749,5.99845548914114,0,COMPLETE
9,1000000.0,1000000.0,1000000.0,1000000.0,1000000.0,1000000.0,1000000.0,1000000.0,1000000.0,1000000.0,1000000.0,1000000.0,1000000.0,1000000.0,1000000.0,1000000.0,2026-03-27 00:34:36.625483,2026-03-27 00:35:29.467758,0 days 00:00:52.842275,0.7051616155896335,0.11629070734523049,0.2397621396351131,0.5337385927628777,0.8456540313721869,0.6950596479048636,0.6907018324697918,0.20611706706154834,18.74726665785392,1.8977094178739848,7.369311408856651,2.9755188415630824,11.59968705009092,14.661263662106816,0.7207015800124148,18.99836318047811,0,COMPLETE
10,1000000.0,1000000.0,1000000.0,1000000.0,1000000.0,1000000.0,1000000.0,1000000.0,1000000.0,1000000.0,1000000.0,1000000.0,1000000.0,1000000.0,1000000.0,1000000.0,2026-03-27 00:35:29.477948,2026-03-27 00:35:50.225964,0 days 00:00:20.748016,0.163429111469077,0.3215169262848427,0.9796245252507122,0.42198462580039353,0.5920727490883798,0.9039532512798942,0.588804225965077,0.15650117897670857,10.734461911541036,3.6966615437899963,8.052495650013437,16.558234238451313,3.4483523100271807,23.92486741069399,16.811462400232752,12.847364101849413,0,COMPLETE
11,1000000.0,1000000.0,0.14123493423416153,0.19372411304325018,0.3188765485076979,1000000.0,1000000.0,1000000.0,1000000.0,1000000.0,1000000.0,1000000.0,0.4427694455863501,1000000.0,1000000.0,1000000.0,2026-03-27 00:35:50.235922,2026-03-27 00:37:16.952632,0 days 00:01:26.716710,0.12087254597587063,0.3592446467592388,0.5828885655161072,0.8609773266203685,0.5338092349715855,0.29356622182872544,0.7349425531099127,0.2055036438426762,18.276755046775563,24.990135124033184,4.0039634023227535,22.537739539553467,0.3297800798218504,3.406480553043026,22.213467593212247,6.502701749861743,0,COMPLETE
12,1000000.0,1000000.0,1000000.0,1000000.0,1000000.0,1000000.0,1000000.0,1000000.0,1000000.0,1000000.0,1000000.0,1000000.0,1000000.0,1000000.0,1000000.0,1000000.0,2026-03-27 00:37:16.963439,2026-03-27 00:38:10.035399,0 days 00:00:53.071960,0.033817703789204435,0.190280940657941,0.6494471808280816,0.7736109557469404,0.6460822167784525,0.30540996052141683,0.8002426776394009,0.7728498062923386,11.234969414455303,17.610490038233895,10.822526155811966,19.591745756250287,2.3808740092132887,7.752630497886702,6.390088537641453,15.327798493292129,0,COMPLETE
13,1000000.0,1000000.0,1000000.0,1000000.0,1000000.0,1000000.0,1000000.0,1000000.0,1000000.0,1000000.0,1000000.0,1000000.0,1000000.0,1000000.0,1000000.0,1000000.0,2026-03-27 00:38:10.046618,2026-03-27 00:39:23.316511,0 days 00:01:13.269893,0.2690657300012693,0.49078364496968424,0.46149969293586307,0.22133239200559368,0.5657749616956459,0.14255986340003865,0.7335802997458245,0.7507365115803012,0.19767544823482855,18.047218347345922,2.3618699632612206,6.121692610065195,22.015999700978195,1.6618425854671603,6.592611566660563,23.56646172970979,0,COMPLETE
14,1000000.0,1000000.0,1000000.0,1000000.0,1000000.0,1000000.0,1000000.0,1000000.0,1000000.0,1000000.0,1000000.0,1000000.0,1000000.0,1000000.0,1000000.0,1000000.0,2026-03-27 00:39:23.327246,2026-03-27 00:39:44.197327,0 days 00:00:20.870081,0.8702854381422328,0.6070523089966359,0.6062041487709989,0.5738786029169363,0.15856880696605774,0.2436112707010957,0.20203511366219515,0.04545049667490552,11.14923541443984,12.879729148925401,11.458931239824736,6.716752342101809,18.01858417291893,24.36897030459285,10.672713216910715,20.22362417878997,0,COMPLETE
15,1000000.0,1000000.0,1000000.0,1000000.0,1000000.0,1000000.0,1000000.0,1000000.0,1000000.0,1000000.0,1000000.0,1000000.0,1000000.0,1000000.0,1000000.0,1000000.0,2026-03-27 00:39:44.207964,2026-03-27 00:40:21.280880,0 days 00:00:37.072916,0.95460059953524,0.14916630027173805,0.47105302181621783,0.2566725885657661,0.27556024829758097,0.2513234317571546,0.41331799111235556,0.5469334758425033,7.875532329648775,3.912331502278238,14.689240158964031,2.3353637194389654,17.334880989001384,16.939016364817395,6.9124610151393275,13.605147391928584,0,COMPLETE
16,1000000.0,1000000.0,1000000.0,1000000.0,1000000.0,1000000.0,1000000.0,1000000.0,1000000.0,1000000.0,1000000.0,1000000.0,1000000.0,1000000.0,1000000.0,1000000.0,2026-03-27 00:40:21.291676,2026-03-27 00:40:48.663608,0 days 00:00:27.371932,0.928587844438662,0.40831026059906794,0.941364118894393,0.1363585087804788,0.6689521526831875,0.41054724793159847,0.7150389149621655,0.20942044024840575,2.2633530850812584,15.764082498598128,19.583398290763807,5.353151718022691,12.176861398700348,20.112124494995708,11.593020596078432,4.5494891547105905,0,COMPLETE
17,1000000.0,1000000.0,1000000.0,1000000.0,1000000.0,1000000.0,1000000.0,1000000.0,1000000.0,1000000.0,1000000.0,1000000.0,1000000.0,1000000.0,1000000.0,1000000.0,2026-03-27 00:40:48.674458,2026-03-27 00:41:15.984882,0 days 00:00:27.310424,0.7137358639501741,0.6955865732138418,0.3662873111936026,0.6506844034990305,0.23220619395567269,0.3597330908936922,0.8396035566203823,0.7544308697391566,7.285195647787277,1.2635970201995759,23.25034487729397,4.653992841863115,2.990641646611442,15.04881858178218,22.657565218407278,16.751754090776785,0,COMPLETE
18,1000000.0,1000000.0,1000000.0,1000000.0,1000000.0,1000000.0,1000000.0,1000000.0,1000000.0,1000000.0,1000000.0,1000000.0,1000000.0,1000000.0,1000000.0,1000000.0,2026-03-27 00:41:15.995324,2026-03-27 00:41:37.683327,0 days 00:00:21.688003,0.2636832641246321,0.5345627991104034,0.9367201016369655,0.9677180012133462,0.08070176654959543,0.4778687828749706,0.057383701993975356,0.9666505891971874,7.676441564236882,15.863837053013018,16.236934449947515,18.23153135378109,19.829669753816116,5.780183754761481,11.182733589644135,9.612410724227479,0,COMPLETE
19,1000000.0,1000000.0,1000000.0,1000000.0,1000000.0,1000000.0,1000000.0,1000000.0,1000000.0,1000000.0,1000000.0,1000000.0,1000000.0,1000000.0,1000000.0,1000000.0,2026-03-27 00:41:37.694235,2026-03-27 00:41:58.282482,0 days 00:00:20.588247,0.44317008344435305,0.4464980669027864,0.2201504390039585,0.8296101086440592,0.5380063795201404,0.9732511482664882,0.38896274629077526,0.7128953304164001,6.182809657963756,8.28395415900303,6.278366760218083,14.565728109643548,0.4182833527679924,4.911435594550854,24.484840866327612,4.222570600244131,0,COMPLETE
20,1000000.0,1000000.0,0.008358979814892246,1000000.0,1000000.0,1000000.0,1000000.0,1000000.0,1000000.0,1000000.0,1000000.0,1000000.0,1000000.0,1000000.0,1000000.0,1000000.0,2026-03-27 00:41:58.292994,2026-03-27 00:43:24.212007,0 days 00:01:25.919013,0.04753726255755655,0.1086233050185069,0.10750574440615002,0.8416402751726477,0.8955881919886156,0.10581243804939185,0.3961141338546061,0.7527571531020829,14.230930260381518,0.855172357302774,15.5187778870855,11.414162968050556,12.854731781064666,18.909458126219103,22.89695265693244,21.958481437006622,0,COMPLETE
21,1000000.0,1000000.0,1000000.0,1000000.0,1000000.0,1000000.0,1000000.0,1000000.0,1000000.0,1000000.0,1000000.0,1000000.0,1000000.0,1000000.0,1000000.0,1000000.0,2026-03-27 00:43:24.222049,2026-03-27 00:43:48.445792,0 days 00:00:24.223743,0.8841770346287059,0.25431923950491614,0.15922627162202357,0.6224906342993541,0.2368445467309746,0.736232436946379,0.5867131967884194,0.21688516034039915,24.734922119797506,6.8213011278631885,10.426382770113406,5.72144551243694,19.94808028353999,0.8564074947813927,1.500483276003229,7.747824055607461,0,COMPLETE
22,1000000.0,1000000.0,1000000.0,1000000.0,1000000.0,1000000.0,1000000.0,1000000.0,1000000.0,1000000.0,1000000.0,1000000.0,1000000.0,1000000.0,1000000.0,1000000.0,2026-03-27 00:43:48.456616,2026-03-27 00:44:09.049466,0 days 00:00:20.592850,0.4405537352832356,0.49745594763292544,0.5861548263126279,0.816111763335584,0.6391979139663259,0.3782284438147583,0.5406488626790934,0.6213453057576726,11.494680084104543,11.74965743647482,4.980956204901533,7.168515289384185,3.8410257963476497,10.291851207032375,10.070617088003614,16.52425539397861,0,COMPLETE
23,1000000.0,1000000.0,1000000.0,1000000.0,1000000.0,1000000.0,1000000.0,1000000.0,1000000.0,1000000.0,1000000.0,1000000.0,1000000.0,1000000.0,1000000.0,1000000.0,2026-03-27 00:44:09.060799,2026-03-27 00:44:29.676912,0 days 00:00:20.616113,0.6148707107828746,0.01610190678372378,0.5523972890400762,0.7402609899542175,0.4179036932900533,0.31391071758953676,0.7313818201357051,0.033874358542718926,14.850249142493725,20.063735447958614,16.553536513589737,11.29053923235706,17.28809301060484,16.466975658919285,11.378064051070481,17.870390602417192,0,COMPLETE
24,1000000.0,1000000.0,1000000.0,1000000.0,1000000.0,1000000.0,1000000.0,1000000.0,1000000.0,1000000.0,1000000.0,1000000.0,1000000.0,1000000.0,1000000.0,1000000.0,2026-03-27 00:44:29.689582,2026-03-27 00:45:37.031776,0 days 00:01:07.342194,0.33144811367175364,0.23305342959150716,0.6036920376069853,0.21994163404223782,0.19353741110637013,0.8545776289013114,0.6506669725224318,0.20196203073467683,1.0956583841183603,0.414028935695718,1.139103095978324,1.7194032237184462,2.253462282067398,0.958706346903445,6.970314507907033,4.299053979059572,0,COMPLETE
25,1000000.0,1000000.0,1000000.0,1000000.0,1000000.0,1000000.0,1000000.0,1000000.0,1000000.0,1000000.0,1000000.0,1000000.0,1000000.0,1000000.0,1000000.0,1000000.0,2026-03-27 00:45:37.043956,2026-03-27 00:45:57.982035,0 days 00:00:20.938079,0.7004754308109212,0.6185430983191282,0.5063322020980267,0.9851072554271587,0.20107379267517692,0.765862691917262,0.5509914895631619,0.43810642544065276,17.566377896139006,9.169565215320329,4.729637870954803,19.500909280452127,22.733380075118713,4.090024267266336,5.831084584395376,13.863424448408262,0,COMPLETE
26,1000000.0,1000000.0,1000000.0,1000000.0,1000000.0,1000000.0,1000000.0,1000000.0,1000000.0,1000000.0,1000000.0,1000000.0,1000000.0,1000000.0,1000000.0,1000000.0,2026-03-27 00:45:57.993280,2026-03-27 00:46:21.859187,0 days 00:00:23.865907,0.45588808781258305,0.23142536544648,0.06027143958050935,0.8568559693832425,0.5469777826823841,0.3352006876767508,0.9256059214155664,0.6482100404744026,20.42182004064134,24.54282135140451,4.982011407037755,19.003644522689743,3.43229147486722,10.773917247232289,19.963093516337192,17.07116834677183,0,COMPLETE
27,1000000.0,1000000.0,1000000.0,1000000.0,1000000.0,1000000.0,1000000.0,1000000.0,1000000.0,1000000.0,1000000.0,1000000.0,1000000.0,1000000.0,1000000.0,1000000.0,2026-03-27 00:46:21.869995,2026-03-27 00:47:15.032088,0 days 00:00:53.162093,0.565192615172066,0.7648196674055326,0.43499190707255087,0.08402753439047576,0.030651893850245755,0.24006653789828236,0.4585549709583348,0.3313953068683576,21.036219186718668,12.669842888654136,3.7719854406257856,19.418678437539846,6.41674312364978,22.297217760668016,12.05904741938356,23.317972821616813,0,COMPLETE
28,1000000.0,1000000.0,1000000.0,1000000.0,1000000.0,1000000.0,1000000.0,1000000.0,1000000.0,1000000.0,1000000.0,1000000.0,1000000.0,1000000.0,1000000.0,1000000.0,2026-03-27 00:47:15.043108,2026-03-27 00:47:35.723253,0 days 00:00:20.680145,0.38978130830083446,0.5091080418650433,0.7440447073825482,0.8856389215616685,0.48632324618104844,0.8150177450369714,0.21682645139293405,0.017141573306956547,23.111938556028942,17.059411890345444,11.44568782637328,18.994967083817833,16.857542929250258,20.85698131090428,20.142130897666952,16.510652747971903,0,COMPLETE
29,1000000.0,1000000.0,1000000.0,1000000.0,1000000.0,1000000.0,1000000.0,1000000.0,1000000.0,1000000.0,1000000.0,1000000.0,1000000.0,1000000.0,1000000.0,1000000.0,2026-03-27 00:47:35.734154,2026-03-27 00:47:56.354959,0 days 00:00:20.620805,0.6717872581569841,0.7593183278959428,0.4708437167741498,0.07974143359708274,0.25445652931490187,0.6250489790033037,0.031691906242296765,0.8340701137142709,21.964822933620223,0.6690245549237548,4.793407813770618,2.662189013567623,16.22795128438855,17.53675101190338,8.368582577520085,10.729307743326181,0,COMPLETE
30,1000000.0,1000000.0,1000000.0,1000000.0,1000000.0,1000000.0,1000000.0,1000000.0,1000000.0,1000000.0,1000000.0,1000000.0,1000000.0,1000000.0,1000000.0,1000000.0,2026-03-27 00:47:56.365137,2026-03-27 00:48:23.624809,0 days 00:00:27.259672,0.752463180980785,0.9662106523213966,0.051753799224270085,0.31484871427161304,0.04180616748744126,0.11227705775593351,0.71991355460579,0.4080051646084188,18.085904761594914,3.4394088561122644,9.889305996758797,22.229084301744958,10.503258909668862,4.808653592124816,17.090544948683856,1.9210061159817626,0,COMPLETE
31,1000000.0,1000000.0,1000000.0,1000000.0,1000000.0,1000000.0,1000000.0,1000000.0,1000000.0,1000000.0,1000000.0,1000000.0,1000000.0,1000000.0,1000000.0,1000000.0,2026-03-27 00:48:23.635750,2026-03-27 00:48:54.322606,0 days 00:00:30.686856,0.19434276690089075,0.3308930906123468,0.882073862033187,0.10490483734021938,0.49925951439255534,0.363415300139621,0.11013753367690134,0.5317284110038133,3.116420449198988,4.206821797106995,3.340282338905268,2.3996853794289623,0.3361337148508669,22.243207460551538,8.963115494039167,3.817053182583298,0,COMPLETE
32,1000000.0,1000000.0,0.07104179252701116,0.12120014756806992,0.24251703185001655,1000000.0,1000000.0,1000000.0,1000000.0,1000000.0,0.30471155062328403,1000000.0,1000000.0,1000000.0,1000000.0,1000000.0,2026-03-27 00:48:54.333708,2026-03-27 00:50:20.666786,0 days 00:01:26.333078,0.35240084811599076,0.9273015659119106,0.07778357637945574,0.17524519330870458,0.4067309082100382,0.048458629742033944,0.8623907708698942,0.6025534001147111,15.227149486796332,6.1458685159809505,20.08659521899448,6.502807285793374,12.334743687165258,16.655322259020945,20.845132564819007,3.3116537712887766,0,COMPLETE
33,1000000.0,1000000.0,1000000.0,1000000.0,1000000.0,1000000.0,1000000.0,1000000.0,1000000.0,1000000.0,1000000.0,1000000.0,1000000.0,1000000.0,1000000.0,1000000.0,2026-03-27 00:50:20.677628,2026-03-27 00:51:34.312709,0 days 00:01:13.635081,0.8961499694026767,0.3566939980798594,0.10323523848729411,0.41596154812974895,0.9836996465177444,0.6908369927643986,0.4621476145003659,0.021181156763885364,3.775604849713011,16.7425492005099,18.816633276113514,1.8736498279063647,7.074074042638276,0.8005203795171522,21.98155771774661,1.462074627708076,0,COMPLETE
34,1000000.0,1000000.0,1000000.0,1000000.0,1000000.0,1000000.0,1000000.0,1000000.0,1000000.0,1000000.0,1000000.0,1000000.0,1000000.0,1000000.0,1000000.0,1000000.0,2026-03-27 00:51:34.322925,2026-03-27 00:52:01.836669,0 days 00:00:27.513744,0.5993494848755931,0.4589911614231615,0.13585556606553073,0.5681708986419371,0.8461484217394958,0.34852391906958985,0.656491910978773,0.1729155547322746,12.903145417204822,9.55207551079376,1.1938183704761207,6.350748876451178,17.044111167620585,14.655599565374503,0.9286377075552279,14.72974192691959,0,COMPLETE
35,1000000.0,1000000.0,1000000.0,1000000.0,1000000.0,1000000.0,1000000.0,1000000.0,1000000.0,1000000.0,1000000.0,1000000.0,1000000.0,1000000.0,1000000.0,1000000.0,2026-03-27 00:52:01.848007,2026-03-27 00:52:22.929813,0 days 00:00:21.081806,0.6551628354766099,0.03795689498738725,0.7193652465772494,0.7595232210651798,0.7166013350713503,0.7888369435403325,0.9149766336769365,0.7517576288654945,18.375270105112065,4.39201153000311,14.205718883836672,9.6559684371485,8.60765888096151,20.514927088719766,2.1356906522727783,12.128723703752563,0,COMPLETE
36,1000000.0,1000000.0,1000000.0,1000000.0,1000000.0,1000000.0,1000000.0,1000000.0,1000000.0,1000000.0,1000000.0,1000000.0,1000000.0,1000000.0,1000000.0,1000000.0,2026-03-27 00:52:22.942482,2026-03-27 00:52:43.651795,0 days 00:00:20.709313,0.7860182504942855,0.6345949267579015,0.8676954711675072,0.3753801202217366,0.10136135427313518,0.8795027488443208,0.032510413831451875,0.2422358736401319,18.947083862844014,8.261645698016585,2.8053103836193376,18.524637190035293,7.176328329437178,16.65560120812858,15.902457946369568,13.544768991499783,0,COMPLETE
37,1000000.0,1000000.0,1000000.0,1000000.0,1000000.0,1000000.0,1000000.0,1000000.0,1000000.0,1000000.0,1000000.0,1000000.0,1000000.0,1000000.0,1000000.0,1000000.0,2026-03-27 00:52:43.663034,2026-03-27 00:54:07.876355,0 days 00:01:24.213321,0.3826649939883203,0.11861656837865918,0.02498668878531001,0.98334053867617,0.2819299011055131,0.49805619657720057,0.4561383130970711,0.43371988679020973,15.127522567911564,1.6541316656841605,12.963974835933758,19.767170802065635,8.522516124307407,2.3406477845908,9.740292135975713,16.00068957826149,0,COMPLETE
38,1000000.0,1000000.0,1000000.0,1000000.0,1000000.0,1000000.0,1000000.0,1000000.0,1000000.0,1000000.0,1000000.0,1000000.0,1000000.0,1000000.0,1000000.0,1000000.0,2026-03-27 00:54:07.886922,2026-03-27 00:54:31.903400,0 days 00:00:24.016478,0.35068283215747564,0.04863517631041256,0.8519770310093819,0.17453282025889666,0.06339905924208938,0.8435997426082747,0.5867560200110137,0.45679019582675656,1.5811641742681304,24.11146666792807,20.137523351405278,6.659799243926946,3.341552949948489,2.0989300460585225,7.471310740278318,3.0572742421388828,0,COMPLETE
39,1000000.0,1000000.0,1000000.0,1000000.0,1000000.0,1000000.0,1000000.0,1000000.0,1000000.0,1000000.0,1000000.0,1000000.0,1000000.0,1000000.0,1000000.0,1000000.0,2026-03-27 00:54:31.913871,2026-03-27 00:54:59.192526,0 days 00:00:27.278655,0.9201949343458844,0.07411160566475607,0.633654435848729,0.05231672039625198,0.874995423152256,0.7040830768589377,0.7328033365674884,0.4982926013863867,13.41423758201213,5.157280969045736,17.66313087252928,10.404320146919906,6.620837885540093,2.2552651691150567,8.164248422690822,6.112027821198079,0,COMPLETE
40,1000000.0,1000000.0,1000000.0,1000000.0,1000000.0,1000000.0,1000000.0,1000000.0,1000000.0,1000000.0,1000000.0,1000000.0,1000000.0,1000000.0,1000000.0,1000000.0,2026-03-27 00:54:59.203760,2026-03-27 00:55:19.964826,0 days 00:00:20.761066,0.9053520317661204,0.9272160667979397,0.4450254565154679,0.15664979145970534,0.8980082897770008,0.5420164187831313,0.32098451946109324,0.9308055748001929,13.27953387998731,0.3493038177202602,17.663489640457772,23.60052410920781,21.022259543702653,10.703301123081017,21.28082878412841,6.489375630956955,0,COMPLETE
41,1000000.0,1000000.0,1000000.0,1000000.0,1000000.0,1000000.0,1000000.0,1000000.0,1000000.0,1000000.0,1000000.0,1000000.0,1000000.0,1000000.0,1000000.0,1000000.0,2026-03-27 00:55:19.976071,2026-03-27 00:56:41.945090,0 days 00:01:21.969019,0.9695324378906215,0.7156153402132766,0.09673007434862858,0.9802401008067853,0.5794047513261499,0.10548093970678966,0.36920948114530955,0.08089112906320169,17.668334938464362,13.419946948700135,7.325954200026158,23.10618075923542,4.06858719167553,19.336553685076222,11.411617145352238,18.216806715213394,0,COMPLETE
42,1000000.0,1000000.0,1000000.0,1000000.0,1000000.0,1000000.0,1000000.0,1000000.0,1000000.0,1000000.0,1000000.0,1000000.0,1000000.0,1000000.0,1000000.0,1000000.0,2026-03-27 00:56:41.956023,2026-03-27 00:57:10.059386,0 days 00:00:28.103363,0.37776754311422245,0.6522668844267079,0.429313948937739,0.34021525922362744,0.7921385296514003,0.09774248367547088,0.3523662701747478,0.4803291126620029,17.602710989034904,5.196083723747718,9.175494927152666,9.518474184793995,8.698710939314005,6.965753393167479,3.285067540204025,18.37534420094413,0,COMPLETE
43,1000000.0,1000000.0,1000000.0,1000000.0,1000000.0,1000000.0,1000000.0,1000000.0,1000000.0,1000000.0,1000000.0,1000000.0,1000000.0,1000000.0,1000000.0,1000000.0,2026-03-27 00:57:10.070160,2026-03-27 00:57:37.170268,0 days 00:00:27.100108,0.09098320108207647,0.4585455671476433,0.8932774106436884,0.24521070349576607,0.5658949552372932,0.22430443153685764,0.8362910410497313,0.3657609548874256,13.559208742554823,10.143634771544889,5.501116658997596,19.589212326702693,16.0045720178543,20.59242920343388,5.916262678129147,12.932090339260919,0,COMPLETE
44,1000000.0,1000000.0,1000000.0,1000000.0,1000000.0,1000000.0,1000000.0,1000000.0,1000000.0,1000000.0,1000000.0,1000000.0,1000000.0,1000000.0,1000000.0,1000000.0,2026-03-27 00:57:37.180908,2026-03-27 00:58:49.755418,0 days 00:01:12.574510,0.5918278097569045,0.05921538627814433,0.18471930451966026,0.14459484010477675,0.8118654076515758,0.0748070681068739,0.9582475320703459,0.18571135736785702,14.348255294466695,3.4818644615565844,22.515757547718923,20.02685314514026,5.18021490057858,6.319083826684844,2.291681167440707,15.020937720550577,0,COMPLETE
45,1000000.0,1000000.0,1000000.0,1000000.0,1000000.0,1000000.0,1000000.0,1000000.0,1000000.0,1000000.0,1000000.0,1000000.0,1000000.0,1000000.0,1000000.0,1000000.0,2026-03-27 00:58:49.765886,2026-03-27 00:59:17.209048,0 days 00:00:27.443162,0.14733261584386265,0.13409685986043332,0.8572727791547206,0.5442852849734467,0.3517887870892297,0.01897301256742355,0.9866328398467235,0.5607749674899853,12.231955161321345,19.32272623174998,14.854056938644694,18.4604873064163,6.254075835134019,17.34491561464283,6.6611148835739105,14.33803979022862,0,COMPLETE
46,1000000.0,1000000.0,1000000.0,1000000.0,1000000.0,1000000.0,1000000.0,1000000.0,1000000.0,1000000.0,1000000.0,1000000.0,1000000.0,1000000.0,1000000.0,1000000.0,2026-03-27 00:59:17.220143,2026-03-27 00:59:44.468325,0 days 00:00:27.248182,0.2977310511289901,0.2864385455338908,0.18529716007524893,0.25775045345242864,0.6702724651533327,0.058813567968479176,0.9283341745555698,0.06904849423775895,23.660525379266073,1.1778946406396815,8.879388643057531,22.364747727078086,8.75534917870893,21.499611517262228,23.48703333882398,3.0483122170247796,0,COMPLETE
47,1000000.0,1000000.0,1000000.0,1000000.0,1000000.0,1000000.0,1000000.0,1000000.0,1000000.0,1000000.0,1000000.0,1000000.0,1000000.0,1000000.0,1000000.0,1000000.0,2026-03-27 00:59:44.480227,2026-03-27 01:00:05.338256,0 days 00:00:20.858029,0.6509170273504011,0.8146973832283123,0.6092300644170181,0.76274127293352,0.38904831794731015,0.7229071123723014,0.20033392700372105,0.4817218215541737,5.145134011069505,2.4173006819534533,19.966731868198373,24.681859226106685,22.303177575201634,13.739497788161632,24.72180665255011,13.141610768161886,0,COMPLETE
48,1000000.0,1000000.0,1000000.0,1000000.0,1000000.0,1000000.0,1000000.0,1000000.0,1000000.0,1000000.0,1000000.0,1000000.0,1000000.0,1000000.0,1000000.0,1000000.0,2026-03-27 01:00:05.350557,2026-03-27 01:00:26.360480,0 days 00:00:21.009923,0.44292427257117456,0.7090464386798232,0.668119707981298,0.7375981525008506,0.659533205976275,0.452606624199815,0.4549509106672219,0.7170074831278959,19.372820355855506,2.949095354013464,17.631522305689238,10.655349544586201,17.520562649767907,19.393309437116567,5.1082873364278,0.19401518139406712,0,COMPLETE
49,1000000.0,1000000.0,1000000.0,1000000.0,1000000.0,1000000.0,1000000.0,1000000.0,1000000.0,1000000.0,1000000.0,1000000.0,1000000.0,1000000.0,1000000.0,1000000.0,2026-03-27 01:00:26.371315,2026-03-27 01:00:46.881862,0 days 00:00:20.510547,0.8220233683036078,0.21445185918398804,0.5884798472427328,0.6774156236492264,0.8562013515991745,0.7568469399517427,0.5462105606194189,0.7070561849648365,0.3112439355599486,23.53059000522425,24.313381698499146,2.799024448280032,10.141524876571593,9.32099988378303,7.238700854011784,3.5010109128702473,0,COMPLETE
50,1000000.0,1000000.0,1000000.0,1000000.0,1000000.0,1000000.0,1000000.0,1000000.0,1000000.0,1000000.0,1000000.0,1000000.0,1000000.0,1000000.0,1000000.0,1000000.0,2026-03-27 01:00:46.892179,2026-03-27 01:01:07.481441,0 days 00:00:20.589262,0.7137358639501741,0.5091080418650433,0.7440447073825482,0.6983392107195241,0.6330634046309754,0.8150177450369714,0.8396035566203823,0.017141573306956547,23.111938556028942,1.2635970201995759,23.25034487729397,4.653992841863115,2.990641646611442,20.85698131090428,22.657565218407278,16.751754090776785,1,COMPLETE
51,1000000.0,1000000.0,0.09177443844695009,0.31096297085737484,0.26447590627808226,1000000.0,1000000.0,1000000.0,1000000.0,1000000.0,1000000.0,1000000.0,0.4653274918405802,1000000.0,1000000.0,1000000.0,2026-03-27 01:01:07.492737,2026-03-27 01:02:33.071703,0 days 00:01:25.578966,0.12087254597587063,0.3592446467592388,0.6494471808280816,0.7736109557469404,0.2613958420681749,0.30540996052141683,0.8002426776394009,0.2055036438426762,18.276755046775563,24.990135124033184,14.003064982436616,22.537739539553467,2.3808740092132887,3.406480553043026,22.213467593212247,15.327798493292129,1,COMPLETE
52,1000000.0,1000000.0,1000000.0,1000000.0,1000000.0,1000000.0,1000000.0,1000000.0,1000000.0,1000000.0,1000000.0,1000000.0,1000000.0,1000000.0,1000000.0,1000000.0,2026-03-27 01:02:33.082271,2026-03-27 01:03:00.477735,0 days 00:00:27.395464,0.09098320108207647,0.036391658183773844,0.6306033671839566,0.24521070349576607,0.5658949552372932,0.13822605046233552,0.11240962745254553,0.19407415051338697,17.996295190751844,10.143634771544889,5.501116658997596,24.127677391847264,16.0045720178543,12.829906675367138,17.692830056334586,12.932090339260919,1,COMPLETE
53,1000000.0,1000000.0,1000000.0,1000000.0,1000000.0,1000000.0,1000000.0,1000000.0,1000000.0,1000000.0,1000000.0,1000000.0,1000000.0,1000000.0,1000000.0,1000000.0,2026-03-27 01:03:00.489192,2026-03-27 01:03:21.182726,0 days 00:00:20.693534,0.23821960365489148,0.11861656837865918,0.5079110344679815,0.8418018369983915,0.37854297209115295,0.7183246086537064,0.4561383130970711,0.43371988679020973,15.127522567911564,10.831135444111748,0.9699504017181515,8.497448359305542,8.232864379143397,2.3406477845908,9.740292135975713,16.00068957826149,1,COMPLETE
54,1000000.0,1000000.0,1000000.0,1000000.0,1000000.0,1000000.0,1000000.0,1000000.0,1000000.0,1000000.0,1000000.0,1000000.0,1000000.0,1000000.0,1000000.0,1000000.0,2026-03-27 01:03:21.193677,2026-03-27 01:03:41.805054,0 days 00:00:20.611377,0.95460059953524,0.7049431420063798,0.47105302181621783,0.8227020872328393,0.8980590167226683,0.6801821244359245,0.41331799111235556,0.5469334758425033,7.875532329648775,6.855083257819567,14.689240158964031,7.983560560108686,17.334880989001384,23.458125828716103,18.07653776331825,13.605147391928584,1,COMPLETE
55,1000000.0,1000000.0,1000000.0,1000000.0,1000000.0,1000000.0,1000000.0,1000000.0,1000000.0,1000000.0,1000000.0,1000000.0,1000000.0,1000000.0,1000000.0,1000000.0,2026-03-27 01:03:41.817314,2026-03-27 01:04:03.447356,0 days 00:00:21.630042,0.8702854381422328,0.25431923950491614,0.15922627162202357,0.6224906342993541,0.2368445467309746,0.3595723534261718,0.04935434823176764,0.04545049667490552,11.14923541443984,12.879729148925401,10.426382770113406,5.72144551243694,18.01858417291893,24.36897030459285,10.672713216910715,7.747824055607461,1,COMPLETE
56,1000000.0,1000000.0,1000000.0,1000000.0,1000000.0,1000000.0,1000000.0,1000000.0,1000000.0,1000000.0,1000000.0,1000000.0,1000000.0,1000000.0,1000000.0,1000000.0,2026-03-27 01:04:03.457955,2026-03-27 01:04:24.136109,0 days 00:00:20.678154,0.9053520317661204,0.11629070734523049,0.4450254565154679,0.5337385927628777,0.8980082897770008,0.6950596479048636,0.32098451946109324,0.20611706706154834,13.27953387998731,1.8977094178739848,17.663489640457772,23.60052410920781,11.59968705009092,10.703301123081017,0.7207015800124148,18.99836318047811,1,COMPLETE
57,1000000.0,1000000.0,1000000.0,1000000.0,1000000.0,1000000.0,1000000.0,1000000.0,1000000.0,1000000.0,1000000.0,1000000.0,1000000.0,1000000.0,1000000.0,1000000.0,2026-03-27 01:04:24.148005,2026-03-27 01:04:45.220893,0 days 00:00:21.072888,0.4405537352832356,0.7793193430994021,0.5861548263126279,0.7852639673696586,0.6897827337288641,0.4551457426842753,0.5406488626790934,0.6213453057576726,11.494680084104543,11.74965743647482,0.31745163282376926,10.544518269297926,0.8364158875418568,11.026034704422257,10.070617088003614,16.62119126069395,1,COMPLETE
58,1000000.0,1000000.0,1000000.0,1000000.0,1000000.0,1000000.0,1000000.0,1000000.0,1000000.0,1000000.0,1000000.0,1000000.0,1000000.0,1000000.0,1000000.0,1000000.0,2026-03-27 01:04:45.231651,2026-03-27 01:05:12.662195,0 days 00:00:27.430544,0.2977310511289901,0.036391658183773844,0.18529716007524893,0.25775045345242864,0.5414049582470064,0.058813567968479176,0.9283341745555698,0.19407415051338697,23.660525379266073,1.1778946406396815,18.834682551132556,24.127677391847264,8.75534917870893,21.499611517262228,23.48703333882398,14.177981180985585,1,COMPLETE
59,1000000.0,1000000.0,1000000.0,1000000.0,1000000.0,1000000.0,1000000.0,1000000.0,1000000.0,1000000.0,1000000.0,1000000.0,1000000.0,1000000.0,1000000.0,1000000.0,2026-03-27 01:05:12.673902,2026-03-27 01:05:39.926037,0 days 00:00:27.252135,0.35068283215747564,0.4589911614231615,0.8519770310093819,0.5681708986419371,0.8461484217394958,0.34852391906958985,0.656491910978773,0.45679019582675656,12.903145417204822,24.11146666792807,20.137523351405278,6.659799243926946,3.341552949948489,2.0989300460585225,7.471310740278318,14.72974192691959,1,COMPLETE
60,1000000.0,1000000.0,1000000.0,1000000.0,1000000.0,1000000.0,1000000.0,1000000.0,1000000.0,1000000.0,1000000.0,1000000.0,1000000.0,1000000.0,1000000.0,1000000.0,2026-03-27 01:05:39.937555,2026-03-27 01:06:01.675222,0 days 00:00:21.737667,0.2636832641246321,0.5345627991104034,0.9367201016369655,0.7402609899542175,0.08070176654959543,0.4778687828749706,0.057383701993975356,0.033874358542718926,7.676441564236882,20.063735447958614,16.553536513589737,18.23153135378109,19.829669753816116,5.780183754761481,11.182733589644135,17.870390602417192,1,COMPLETE
61,1000000.0,1000000.0,1000000.0,1000000.0,1000000.0,1000000.0,1000000.0,1000000.0,1000000.0,1000000.0,1000000.0,1000000.0,1000000.0,1000000.0,1000000.0,1000000.0,2026-03-27 01:06:01.686172,2026-03-27 01:06:29.126611,0 days 00:00:27.440439,0.2977310511289901,0.2864385455338908,0.051753799224270085,0.25775045345242864,0.6702724651533327,0.11227705775593351,0.71991355460579,0.06904849423775895,23.660525379266073,1.1778946406396815,9.889305996758797,13.461772239357531,10.503258909668862,12.773455466143083,23.48703333882398,1.9210061159817626,1,COMPLETE
62,1000000.0,1000000.0,1000000.0,1000000.0,1000000.0,1000000.0,1000000.0,1000000.0,1000000.0,1000000.0,1000000.0,1000000.0,1000000.0,1000000.0,1000000.0,1000000.0,2026-03-27 01:06:29.137033,2026-03-27 01:06:56.262251,0 days 00:00:27.125218,0.04753726255755655,0.6522668844267079,0.429313948937739,0.34021525922362744,0.7921385296514003,0.10581243804939185,0.3562653660672327,0.7527571531020829,14.230930260381518,5.196083723747718,15.5187778870855,9.518474184793995,8.698710939314005,6.965753393167479,3.285067540204025,21.958481437006622,1,COMPLETE
63,1000000.0,1000000.0,1000000.0,1000000.0,1000000.0,1000000.0,1000000.0,1000000.0,1000000.0,1000000.0,1000000.0,1000000.0,1000000.0,1000000.0,1000000.0,1000000.0,2026-03-27 01:06:56.273530,2026-03-27 01:07:17.028672,0 days 00:00:20.755142,0.163429111469077,0.3215169262848427,0.9796245252507122,0.42198462580039353,0.9544008991467817,0.5481422342814269,0.588804225965077,0.15650117897670857,10.734461911541036,3.6966615437899963,8.052495650013437,16.558234238451313,3.4483523100271807,23.92486741069399,16.811462400232752,12.847364101849413,1,COMPLETE
64,1000000.0,1000000.0,1000000.0,1000000.0,1000000.0,1000000.0,1000000.0,1000000.0,1000000.0,1000000.0,1000000.0,1000000.0,1000000.0,1000000.0,1000000.0,1000000.0,2026-03-27 01:07:17.039491,2026-03-27 01:07:37.785430,0 days 00:00:20.745939,0.04753726255755655,0.1086233050185069,0.10750574440615002,0.5337385927628777,0.8456540313721869,0.6950596479048636,0.25753164586856253,0.7527571531020829,14.230930260381518,0.855172357302774,15.5187778870855,11.414162968050556,12.854731781064666,18.909458126219103,22.89695265693244,18.99836318047811,1,COMPLETE
65,1000000.0,1000000.0,0.13698015275106265,0.15650171570114949,0.29123345654810134,1000000.0,1000000.0,1000000.0,1000000.0,1000000.0,1000000.0,1000000.0,1000000.0,1000000.0,1000000.0,1000000.0,2026-03-27 01:07:37.797401,2026-03-27 01:09:03.870875,0 days 00:01:26.073474,0.11456933604383283,0.4589911614231615,0.5828885655161072,0.8609773266203685,0.5338092349715855,0.29356622182872544,0.656491910978773,0.2055036438426762,12.903145417204822,24.990135124033184,4.0039634023227535,22.537739539553467,17.044111167620585,3.406480553043026,22.213467593212247,6.502701749861743,1,COMPLETE
66,1000000.0,1000000.0,1000000.0,1000000.0,1000000.0,1000000.0,1000000.0,1000000.0,1000000.0,1000000.0,1000000.0,1000000.0,1000000.0,1000000.0,1000000.0,1000000.0,2026-03-27 01:09:03.882779,2026-03-27 01:09:24.771908,0 days 00:00:20.889129,0.3826649939883203,0.11861656837865918,0.02498668878531001,0.98334053867617,0.6689521526831875,0.41054724793159847,0.4561383130970711,0.20942044024840575,2.2633530850812584,15.764082498598128,19.583398290763807,19.767170802065635,8.522516124307407,20.112124494995708,6.6208309465199155,16.00068957826149,1,COMPLETE
67,1000000.0,1000000.0,1000000.0,1000000.0,1000000.0,1000000.0,1000000.0,1000000.0,1000000.0,1000000.0,1000000.0,1000000.0,1000000.0,1000000.0,1000000.0,1000000.0,2026-03-27 01:09:24.782484,2026-03-27 01:10:37.730262,0 days 00:01:12.947778,0.2962534075705672,0.05921538627814433,0.18471930451966026,0.14459484010477675,0.8118654076515758,0.0748070681068739,0.9582475320703459,0.378975086304058,14.348255294466695,3.4818644615565844,22.515757547718923,20.02685314514026,5.18021490057858,6.319083826684844,2.291681167440707,15.020937720550577,1,COMPLETE
68,1000000.0,1000000.0,0.02122464214673472,1000000.0,1000000.0,1000000.0,1000000.0,1000000.0,1000000.0,1000000.0,0.20168268500218295,1000000.0,1000000.0,1000000.0,1000000.0,1000000.0,2026-03-27 01:10:37.741654,2026-03-27 01:12:03.052929,0 days 00:01:25.311275,0.9053520317661204,0.9272160667979397,0.10750574440615002,0.8416402751726477,0.8980082897770008,0.10581243804939185,0.3961141338546061,0.7527571531020829,13.27953387998731,0.855172357302774,15.5187778870855,11.414162968050556,21.022259543702653,10.703301123081017,22.89695265693244,6.489375630956955,1,COMPLETE
69,1000000.0,1000000.0,0.11091092763759186,0.12389935992143417,1000000.0,1000000.0,1000000.0,1000000.0,1000000.0,1000000.0,1000000.0,1000000.0,1000000.0,1000000.0,1000000.0,1000000.0,2026-03-27 01:12:03.064794,2026-03-27 01:13:29.294211,0 days 00:01:26.229417,0.2690657300012693,0.4734016816737326,0.46149969293586307,0.22133239200559368,0.6391979139663259,0.14255986340003865,0.7335802997458245,0.6213453057576726,0.19767544823482855,11.74965743647482,2.3618699632612206,6.121692610065195,22.015999700978195,10.291851207032375,10.070617088003614,15.380899790546678,1,COMPLETE
70,1000000.0,1000000.0,1000000.0,1000000.0,1000000.0,1000000.0,1000000.0,1000000.0,1000000.0,1000000.0,1000000.0,1000000.0,1000000.0,1000000.0,1000000.0,1000000.0,2026-03-27 01:13:29.305932,2026-03-27 01:13:50.171228,0 days 00:00:20.865296,0.09098320108207647,0.3736267461345943,0.8932774106436884,0.24521070349576607,0.659533205976275,0.452606624199815,0.8362910410497313,0.7170074831278959,13.559208742554823,2.949095354013464,5.501116658997596,19.589212326702693,3.3053685487632967,20.59242920343388,5.916262678129147,0.19401518139406712,1,COMPLETE
71,1000000.0,1000000.0,1000000.0,1000000.0,1000000.0,1000000.0,1000000.0,1000000.0,1000000.0,1000000.0,1000000.0,1000000.0,1000000.0,1000000.0,1000000.0,1000000.0,2026-03-27 01:13:50.184100,2026-03-27 01:14:10.896795,0 days 00:00:20.712695,0.928587844438662,0.4464980669027864,0.941364118894393,0.1363585087804788,0.5380063795201404,0.9732511482664882,0.38896274629077526,0.20942044024840575,2.2633530850812584,15.764082498598128,19.583398290763807,5.353151718022691,12.176861398700348,4.911435594550854,11.593020596078432,4.222570600244131,1,COMPLETE
72,1000000.0,1000000.0,0.06260191504057071,0.16600909444772433,0.1643642947264558,1000000.0,1000000.0,1000000.0,1000000.0,1000000.0,0.30933620169365705,0.3525443510138102,1000000.0,1000000.0,1000000.0,1000000.0,2026-03-27 01:14:10.909578,2026-03-27 01:15:37.443102,0 days 00:01:26.533524,0.565192615172066,0.4837400366855389,0.43499190707255087,0.08402753439047576,0.37854297209115295,0.04447217856475382,0.144510538136074,0.3313953068683576,14.336082236658784,12.669842888654136,0.9699504017181515,8.497448359305542,8.232864379143397,18.21122745855342,12.05904741938356,23.317972821616813,1,COMPLETE
73,1000000.0,1000000.0,1000000.0,1000000.0,1000000.0,1000000.0,1000000.0,1000000.0,1000000.0,1000000.0,1000000.0,1000000.0,1000000.0,1000000.0,1000000.0,1000000.0,2026-03-27 01:15:37.453975,2026-03-27 01:16:30.125360,0 days 00:00:52.671385,0.7137358639501741,0.6955865732138418,0.3662873111936026,0.2566725885657661,0.23220619395567269,0.2513234317571546,0.41331799111235556,0.7544308697391566,7.285195647787277,1.2635970201995759,14.689240158964031,4.653992841863115,17.334880989001384,16.939016364817395,6.9124610151393275,16.751754090776785,1,COMPLETE
74,1000000.0,1000000.0,0.06330801825166935,0.09280105957661831,0.18893249170830073,1000000.0,1000000.0,1000000.0,1000000.0,1000000.0,0.3004504009182184,1000000.0,1000000.0,1000000.0,1000000.0,1000000.0,2026-03-27 01:16:30.136508,2026-03-27 01:17:55.387393,0 days 00:01:25.250885,0.35240084811599076,0.1086233050185069,0.10750574440615002,0.17524519330870458,0.4067309082100382,0.048458629742033944,0.3961141338546061,0.6025534001147111,15.227149486796332,0.855172357302774,15.5187778870855,11.414162968050556,12.854731781064666,18.909458126219103,22.89695265693244,21.958481437006622,1,COMPLETE
75,1000000.0,1000000.0,1000000.0,1000000.0,1000000.0,1000000.0,1000000.0,1000000.0,1000000.0,1000000.0,1000000.0,1000000.0,1000000.0,1000000.0,1000000.0,1000000.0,2026-03-27 01:17:55.398092,2026-03-27 01:18:16.294753,0 days 00:00:20.896661,0.33144811367175364,0.23305342959150716,0.5861548263126279,0.21994163404223782,0.6391979139663259,0.5815979658109312,0.6506669725224318,0.3331726869524934,11.494680084104543,0.414028935695718,1.139103095978324,7.168515289384185,3.8410257963476497,10.291851207032375,10.070617088003614,16.52425539397861,1,COMPLETE
76,1000000.0,1000000.0,0.20315207127430024,0.12322448705325945,0.13336293626944756,1000000.0,1000000.0,1000000.0,1000000.0,1000000.0,1000000.0,1000000.0,0.5581571312475536,1000000.0,1000000.0,1000000.0,2026-03-27 01:18:16.305997,2026-03-27 01:19:41.651378,0 days 00:01:25.345381,0.8533491829725948,0.3566939980798594,0.10323523848729411,0.4271970155431605,0.11939723932836556,0.6908369927643986,0.8414442611902317,0.021181156763885364,3.775604849713011,16.7425492005099,18.816633276113514,1.8736498279063647,24.06685693345404,18.073938319277147,14.482395734341585,22.559228898153115,1,COMPLETE
77,1000000.0,1000000.0,0.022491678181021397,1000000.0,0.13038368108611348,1000000.0,1000000.0,1000000.0,1000000.0,1000000.0,0.2191514902004534,1000000.0,1000000.0,1000000.0,1000000.0,1000000.0,2026-03-27 01:19:41.662525,2026-03-27 01:21:07.976087,0 days 00:01:26.313562,0.4405537352832356,0.49745594763292544,0.4450254565154679,0.816111763335584,0.6391979139663259,0.3782284438147583,0.32098451946109324,0.6213453057576726,11.494680084104543,0.3493038177202602,4.980956204901533,23.60052410920781,3.8410257963476497,0.02376839403534505,10.070617088003614,16.52425539397861,1,COMPLETE
78,1000000.0,1000000.0,1000000.0,1000000.0,1000000.0,1000000.0,1000000.0,1000000.0,1000000.0,1000000.0,1000000.0,1000000.0,1000000.0,1000000.0,1000000.0,1000000.0,2026-03-27 01:21:07.987319,2026-03-27 01:21:28.800129,0 days 00:00:20.812810,0.7860182504942855,0.6345949267579015,0.8676954711675072,0.3753801202217366,0.10136135427313518,0.8795027488443208,0.032510413831451875,0.7728498062923386,11.234969414455303,7.847605616659499,10.822526155811966,18.524637190035293,7.176328329437178,7.752630497886702,15.902457946369568,15.327798493292129,1,COMPLETE
79,1000000.0,1000000.0,1000000.0,1000000.0,1000000.0,1000000.0,1000000.0,1000000.0,1000000.0,1000000.0,1000000.0,1000000.0,1000000.0,1000000.0,1000000.0,1000000.0,2026-03-27 01:21:28.811374,2026-03-27 01:21:50.563698,0 days 00:00:21.752324,0.6148707107828746,0.01610190678372378,0.9367201016369655,0.9677180012133462,0.4179036932900533,0.4778687828749706,0.7313818201357051,0.9666505891971874,14.850249142493725,15.863837053013018,16.553536513589737,17.715868664850984,2.580052482346088,5.780183754761481,11.378064051070481,17.870390602417192,1,COMPLETE
80,1000000.0,1000000.0,1000000.0,1000000.0,1000000.0,1000000.0,1000000.0,1000000.0,1000000.0,1000000.0,1000000.0,1000000.0,1000000.0,1000000.0,1000000.0,1000000.0,2026-03-27 01:21:50.574507,2026-03-27 01:22:11.223684,0 days 00:00:20.649177,0.35240084811599076,0.9273015659119106,0.882183730943546,0.7375981525008506,0.4067309082100382,0.452606624199815,0.8623907708698942,0.7170074831278959,15.227149486796332,2.949095354013464,17.631522305689238,6.502807285793374,12.334743687165258,16.655322259020945,20.845132564819007,3.3116537712887766,1,COMPLETE
81,1000000.0,1000000.0,1000000.0,1000000.0,1000000.0,1000000.0,1000000.0,1000000.0,1000000.0,1000000.0,1000000.0,1000000.0,1000000.0,1000000.0,1000000.0,1000000.0,2026-03-27 01:22:11.234740,2026-03-27 01:23:04.866327,0 days 00:00:53.631587,0.3826649939883203,0.11861656837865918,0.02498668878531001,0.2566725885657661,0.2819299011055131,0.2513234317571546,0.3177005017844041,0.5469334758425033,7.875532329648775,1.6541316656841605,12.963974835933758,2.3353637194389654,8.522516124307407,16.939016364817395,7.9191426834640515,16.00068957826149,1,COMPLETE
82,1000000.0,1000000.0,1000000.0,1000000.0,1000000.0,1000000.0,1000000.0,1000000.0,1000000.0,1000000.0,1000000.0,1000000.0,1000000.0,1000000.0,1000000.0,1000000.0,2026-03-27 01:23:04.878353,2026-03-27 01:23:25.536734,0 days 00:00:20.658381,0.7051616155896335,0.9272160667979397,0.2397621396351131,0.15664979145970534,0.8980082897770008,0.5420164187831313,0.32098451946109324,0.20611706706154834,18.74726665785392,1.8977094178739848,7.369311408856651,23.60052410920781,21.022259543702653,10.703301123081017,21.28082878412841,6.489375630956955,1,COMPLETE
83,1000000.0,1000000.0,1000000.0,1000000.0,1000000.0,1000000.0,1000000.0,1000000.0,1000000.0,1000000.0,1000000.0,1000000.0,1000000.0,1000000.0,1000000.0,1000000.0,2026-03-27 01:23:25.547472,2026-03-27 01:23:52.849464,0 days 00:00:27.301992,0.04753726255755655,0.1086233050185069,0.10750574440615002,0.5738786029169363,0.8955881919886156,0.2436112707010957,0.3961141338546061,0.04545049667490552,11.14923541443984,12.879729148925401,15.5187778870855,11.414162968050556,18.01858417291893,0.7838323309727024,10.672713216910715,20.22362417878997,1,COMPLETE
84,1000000.0,1000000.0,1000000.0,1000000.0,1000000.0,1000000.0,1000000.0,1000000.0,1000000.0,1000000.0,1000000.0,1000000.0,1000000.0,1000000.0,1000000.0,1000000.0,2026-03-27 01:23:52.861259,2026-03-27 01:24:13.517424,0 days 00:00:20.656165,0.7137358639501741,0.6070523089966359,0.6062041487709989,0.6506844034990305,0.15856880696605774,0.3597330908936922,0.20203511366219515,0.7544308697391566,11.14923541443984,12.879729148925401,11.458931239824736,4.653992841863115,2.990641646611442,24.36897030459285,10.672713216910715,16.751754090776785,1,COMPLETE
85,1000000.0,1000000.0,1000000.0,1000000.0,1000000.0,1000000.0,1000000.0,1000000.0,1000000.0,1000000.0,1000000.0,1000000.0,1000000.0,1000000.0,1000000.0,1000000.0,2026-03-27 01:24:13.528641,2026-03-27 01:24:34.684675,0 days 00:00:21.156034,0.6148707107828746,0.01610190678372378,0.5523972890400762,0.7402609899542175,0.4179036932900533,0.31391071758953676,0.7313818201357051,0.033874358542718926,14.850249142493725,20.063735447958614,16.553536513589737,11.29053923235706,17.28809301060484,16.466975658919285,11.378064051070481,17.870390602417192,1,COMPLETE
86,1000000.0,1000000.0,1000000.0,1000000.0,1000000.0,1000000.0,1000000.0,1000000.0,1000000.0,1000000.0,1000000.0,1000000.0,1000000.0,1000000.0,1000000.0,1000000.0,2026-03-27 01:24:34.695513,2026-03-27 01:25:03.128425,0 days 00:00:28.432912,0.24962445058731159,0.6955865732138418,0.46149969293586307,0.22133239200559368,0.5657749616956459,0.3597330908936922,0.7335802997458245,0.7507365115803012,7.285195647787277,18.047218347345922,2.3618699632612206,4.653992841863115,2.990641646611442,15.04881858178218,22.657565218407278,23.56646172970979,1,COMPLETE
87,1000000.0,1000000.0,1000000.0,1000000.0,1000000.0,1000000.0,1000000.0,1000000.0,1000000.0,1000000.0,1000000.0,1000000.0,1000000.0,1000000.0,1000000.0,1000000.0,2026-03-27 01:25:03.139211,2026-03-27 01:25:30.496738,0 days 00:00:27.357527,0.8961499694026767,0.7647477678086976,0.06027143958050935,0.8568559693832425,0.5469777826823841,0.6908369927643986,0.4621476145003659,0.6482100404744026,3.775604849713011,16.7425492005099,18.816633276113514,1.8736498279063647,3.43229147486722,0.8005203795171522,19.963093516337192,1.462074627708076,1,COMPLETE
88,1000000.0,1000000.0,0.046900111772139284,0.2053317235055444,0.2212902611811311,1000000.0,1000000.0,1000000.0,1000000.0,1000000.0,1000000.0,1000000.0,1000000.0,1000000.0,1000000.0,1000000.0,2026-03-27 01:25:30.508934,2026-03-27 01:26:55.594107,0 days 00:01:25.085173,0.2636832641246321,0.3566939980798594,0.9367201016369655,0.9677180012133462,0.9836996465177444,0.6908369927643986,0.057383701993975356,0.021181156763885364,7.676441564236882,15.863837053013018,18.816633276113514,18.23153135378109,19.829669753816116,0.8005203795171522,11.182733589644135,13.08719121920797,1,COMPLETE
89,1000000.0,1000000.0,0.02374808320493468,0.5764174760698603,0.08765192461580597,1000000.0,1000000.0,1000000.0,1000000.0,1000000.0,1000000.0,1000000.0,0.4456322075516135,1000000.0,1000000.0,1000000.0,2026-03-27 01:26:55.604615,2026-03-27 01:28:20.943633,0 days 00:01:25.339018,0.752463180980785,0.9662106523213966,0.3662873111936026,0.6506844034990305,0.23220619395567269,0.11227705775593351,0.8396035566203823,0.4080051646084188,18.085904761594914,3.4394088561122644,9.889305996758797,22.229084301744958,2.990641646611442,15.04881858178218,17.090544948683856,16.751754090776785,1,COMPLETE
90,1000000.0,1000000.0,1000000.0,1000000.0,1000000.0,1000000.0,1000000.0,1000000.0,1000000.0,1000000.0,1000000.0,1000000.0,1000000.0,1000000.0,1000000.0,1000000.0,2026-03-27 01:28:20.954935,2026-03-27 01:29:13.869097,0 days 00:00:52.914162,0.565192615172066,0.7648196674055326,0.43499190707255087,0.08402753439047576,0.030651893850245755,0.24006653789828236,0.4585549709583348,0.3313953068683576,21.036219186718668,12.669842888654136,3.7719854406257856,19.418678437539846,6.41674312364978,22.297217760668016,12.05904741938356,23.317972821616813,1,COMPLETE
91,1000000.0,1000000.0,1000000.0,1000000.0,1000000.0,1000000.0,1000000.0,1000000.0,1000000.0,1000000.0,1000000.0,1000000.0,1000000.0,1000000.0,1000000.0,1000000.0,2026-03-27 01:29:13.880717,2026-03-27 01:29:38.046894,0 days 00:00:24.166177,0.09098320108207647,0.21445185918398804,0.5884798472427328,0.8902314098550518,0.6842311301540481,0.22430443153685764,0.5462105606194189,0.3657609548874256,8.740011196330348,23.53059000522425,24.313381698499146,2.799024448280032,16.0045720178543,20.59242920343388,7.238700854011784,3.5010109128702473,1,COMPLETE
92,1000000.0,1000000.0,1000000.0,1000000.0,1000000.0,1000000.0,1000000.0,1000000.0,1000000.0,1000000.0,1000000.0,1000000.0,1000000.0,1000000.0,1000000.0,1000000.0,2026-03-27 01:29:38.058359,2026-03-27 01:29:58.700036,0 days 00:00:20.641677,0.4405537352832356,0.49745594763292544,0.3662873111936026,0.816111763335584,0.6391979139663259,0.3597330908936922,0.5406488626790934,0.7544308697391566,7.285195647787277,11.74965743647482,4.980956204901533,4.653992841863115,2.990641646611442,15.04881858178218,10.070617088003614,16.52425539397861,1,COMPLETE
93,1000000.0,1000000.0,1000000.0,1000000.0,1000000.0,1000000.0,1000000.0,1000000.0,1000000.0,1000000.0,1000000.0,1000000.0,1000000.0,1000000.0,1000000.0,1000000.0,2026-03-27 01:29:58.713051,2026-03-27 01:30:22.497728,0 days 00:00:23.784677,0.8961499694026767,0.5091080418650433,0.7440447073825482,0.8856389215616685,0.48632324618104844,0.6908369927643986,0.21682645139293405,0.8066464548589748,23.111938556028942,16.7425492005099,11.44568782637328,1.8736498279063647,7.074074042638276,20.85698131090428,21.98155771774661,1.462074627708076,1,COMPLETE
94,1000000.0,1000000.0,1000000.0,1000000.0,1000000.0,1000000.0,1000000.0,1000000.0,1000000.0,1000000.0,1000000.0,1000000.0,1000000.0,1000000.0,1000000.0,1000000.0,2026-03-27 01:30:22.509925,2026-03-27 01:30:43.052983,0 days 00:00:20.543058,0.565192615172066,0.7648196674055326,0.5828885655161072,0.8609773266203685,0.5338092349715855,0.8793663081309727,0.7349425531099127,0.2055036438426762,18.276755046775563,12.669842888654136,4.0039634023227535,22.537739539553467,6.41674312364978,22.297217760668016,22.213467593212247,23.317972821616813,1,COMPLETE
95,1000000.0,1000000.0,1000000.0,1000000.0,1000000.0,1000000.0,1000000.0,1000000.0,1000000.0,1000000.0,1000000.0,1000000.0,1000000.0,1000000.0,1000000.0,1000000.0,2026-03-27 01:30:43.063731,2026-03-27 01:31:04.105332,0 days 00:00:21.041601,0.6717872581569841,0.7593183278959428,0.8932774106436884,0.24521070349576607,0.5658949552372932,0.6250489790033037,0.8362910410497313,0.3657609548874256,5.282976364793013,10.143634771544889,4.793407813770618,19.589212326702693,16.22795128438855,20.59242920343388,8.368582577520085,3.1106220746933873,1,COMPLETE
96,1000000.0,1000000.0,1000000.0,1000000.0,1000000.0,1000000.0,1000000.0,1000000.0,1000000.0,1000000.0,1000000.0,1000000.0,1000000.0,1000000.0,1000000.0,1000000.0,2026-03-27 01:31:04.116696,2026-03-27 01:31:25.032305,0 days 00:00:20.915609,0.8841770346287059,0.25431923950491614,0.10750574440615002,0.8416402751726477,0.8955881919886156,0.10581243804939185,0.5867131967884194,0.7527571531020829,24.734922119797506,0.855172357302774,15.5187778870855,5.72144551243694,19.94808028353999,18.909458126219103,1.500483276003229,21.958481437006622,1,COMPLETE
97,1000000.0,1000000.0,0.07543583877022246,0.13446831588527597,0.13609501072901997,1000000.0,1000000.0,1000000.0,1000000.0,1000000.0,0.30771115254273,1000000.0,1000000.0,1000000.0,1000000.0,1000000.0,2026-03-27 01:31:25.043734,2026-03-27 01:32:50.650468,0 days 00:01:25.606734,0.35240084811599076,0.6955865732138418,0.3662873111936026,0.17524519330870458,0.4067309082100382,0.048458629742033944,0.8396035566203823,0.6025534001147111,15.227149486796332,1.2400390863102138,23.25034487729397,4.653992841863115,2.990641646611442,16.655322259020945,22.657565218407278,3.3116537712887766,1,COMPLETE
98,1000000.0,1000000.0,1000000.0,1000000.0,1000000.0,1000000.0,1000000.0,1000000.0,1000000.0,1000000.0,1000000.0,1000000.0,1000000.0,1000000.0,1000000.0,1000000.0,2026-03-27 01:32:50.660927,2026-03-27 01:33:18.090138,0 days 00:00:27.429211,0.2690657300012693,0.6522668844267079,0.46149969293586307,0.34021525922362744,0.7921385296514003,0.14255986340003865,0.3523662701747478,0.4803291126620029,0.19767544823482855,18.047218347345922,9.175494927152666,15.107323424219128,22.015999700978195,6.965753393167479,5.271104008102445,23.56646172970979,1,COMPLETE
99,1000000.0,1000000.0,1000000.0,1000000.0,1000000.0,1000000.0,1000000.0,1000000.0,1000000.0,1000000.0,1000000.0,1000000.0,1000000.0,1000000.0,1000000.0,1000000.0,2026-03-27 01:33:18.100782,2026-03-27 01:33:38.755356,0 days 00:00:20.654574,0.163429111469077,0.5091080418650433,0.6654342142928955,0.8856389215616685,0.48632324618104844,0.9039532512798942,0.21682645139293405,0.15650117897670857,10.734461911541036,17.059411890345444,8.052495650013437,18.994967083817833,16.857542929250258,20.85698131090428,20.142130897666952,16.510652747971903,1,COMPLETE
100,1000000.0,1000000.0,1000000.0,1000000.0,1000000.0,1000000.0,1000000.0,1000000.0,1000000.0,1000000.0,1000000.0,1000000.0,1000000.0,1000000.0,1000000.0,1000000.0,2026-03-27 01:33:38.767126,2026-03-27 01:34:09.512779,0 days 00:00:30.745653,0.19434276690089075,0.9561505435713732,0.882073862033187,0.10490483734021938,0.49925951439255534,0.363415300139621,0.11013753367690134,0.5317284110038133,3.116420449198988,4.206821797106995,3.340282338905268,2.3996853794289623,0.3361337148508669,22.243207460551538,3.0539515306745133,6.567209266894421,2,COMPLETE
101,1000000.0,1000000.0,0.0473827114666458,1000000.0,0.22078599629325887,1000000.0,1000000.0,1000000.0,1000000.0,1000000.0,0.2897286727052498,1000000.0,1000000.0,1000000.0,1000000.0,1000000.0,2026-03-27 01:34:09.523758,2026-03-27 01:35:35.158325,0 days 00:01:25.634567,0.6509170273504011,0.8146973832283123,0.6092300644170181,0.76274127293352,0.4067309082100382,0.048458629742033944,0.20033392700372105,0.4817218215541737,15.227149486796332,2.4173006819534533,19.966731868198373,24.681859226106685,22.303177575201634,12.417889027941694,24.72180665255011,13.141610768161886,2,COMPLETE
102,1000000.0,1000000.0,1000000.0,1000000.0,1000000.0,1000000.0,1000000.0,1000000.0,1000000.0,1000000.0,1000000.0,1000000.0,1000000.0,1000000.0,1000000.0,1000000.0,2026-03-27 01:35:35.168988,2026-03-27 01:35:56.093908,0 days 00:00:20.924920,0.4405537352832356,0.49745594763292544,0.3689339098072169,0.816111763335584,0.8461484217394958,0.3782284438147583,0.08220625842171149,0.5012264871714414,11.494680084104543,9.55207551079376,1.1938183704761207,23.60052410920781,3.8410257963476497,14.655599565374503,0.9286377075552279,16.52425539397861,2,COMPLETE
103,1000000.0,1000000.0,1000000.0,1000000.0,1000000.0,1000000.0,1000000.0,1000000.0,1000000.0,1000000.0,1000000.0,1000000.0,1000000.0,1000000.0,1000000.0,1000000.0,2026-03-27 01:35:56.104777,2026-03-27 01:36:16.757076,0 days 00:00:20.652299,0.4405537352832356,0.9564498178024946,0.4450254565154679,0.8416402751726477,0.6391979139663259,0.3782284438147583,0.3961141338546061,0.6213453057576726,14.230930260381518,0.855172357302774,4.980956204901533,23.60052410920781,12.854731781064666,18.909458126219103,10.070617088003614,16.52425539397861,2,COMPLETE
104,1000000.0,1000000.0,1000000.0,1000000.0,1000000.0,1000000.0,1000000.0,1000000.0,1000000.0,1000000.0,1000000.0,1000000.0,1000000.0,1000000.0,1000000.0,1000000.0,2026-03-27 01:36:16.769359,2026-03-27 01:36:37.468409,0 days 00:00:20.699050,0.4405537352832356,0.49745594763292544,0.5861548263126279,0.816111763335584,0.6391979139663259,0.3782284438147583,0.5406488626790934,0.6213453057576726,11.494680084104543,11.74965743647482,4.980956204901533,7.168515289384185,3.8410257963476497,10.291851207032375,10.070617088003614,16.52425539397861,2,COMPLETE
105,1000000.0,1000000.0,1000000.0,1000000.0,1000000.0,1000000.0,1000000.0,1000000.0,1000000.0,1000000.0,1000000.0,1000000.0,1000000.0,1000000.0,1000000.0,1000000.0,2026-03-27 01:36:37.480675,2026-03-27 01:37:04.943426,0 days 00:00:27.462751,0.8220233683036078,0.7246127089853907,0.5884798472427328,0.05231672039625198,0.8562013515991745,0.7040830768589377,0.7328033365674884,0.7070561849648365,0.3112439355599486,2.264788843450092,24.313381698499146,10.404320146919906,6.620837885540093,2.2552651691150567,8.164248422690822,3.5010109128702473,2,COMPLETE
106,1000000.0,1000000.0,1000000.0,1000000.0,1000000.0,1000000.0,1000000.0,1000000.0,1000000.0,1000000.0,1000000.0,1000000.0,1000000.0,1000000.0,1000000.0,1000000.0,2026-03-27 01:37:04.954129,2026-03-27 01:37:25.602837,0 days 00:00:20.648708,0.44292427257117456,0.7090464386798232,0.8676954711675072,0.7375981525008506,0.10136135427313518,0.452606624199815,0.032510413831451875,0.7170074831278959,19.372820355855506,2.949095354013464,16.47243522439157,18.524637190035293,7.176328329437178,16.65560120812858,5.1082873364278,13.544768991499783,2,COMPLETE
107,1000000.0,1000000.0,1000000.0,1000000.0,1000000.0,1000000.0,1000000.0,1000000.0,1000000.0,1000000.0,1000000.0,1000000.0,1000000.0,1000000.0,1000000.0,1000000.0,2026-03-27 01:37:25.613862,2026-03-27 01:37:52.848195,0 days 00:00:27.234333,0.9053520317661204,0.3592446467592388,0.10750574440615002,0.8609773266203685,0.8980082897770008,0.29356622182872544,0.3961141338546061,0.7527571531020829,18.276755046775563,8.593562503907727,18.55701577014933,22.537739539553467,0.3297800798218504,10.703301123081017,22.213467593212247,0.599153944270326,2,COMPLETE
108,1000000.0,1000000.0,1000000.0,1000000.0,1000000.0,1000000.0,1000000.0,1000000.0,1000000.0,1000000.0,1000000.0,1000000.0,1000000.0,1000000.0,1000000.0,1000000.0,2026-03-27 01:37:52.859474,2026-03-27 01:38:17.099206,0 days 00:00:24.239732,0.752463180980785,0.9662106523213966,0.6468143041148995,0.5738786029169363,0.23220619395567269,0.2436112707010957,0.8396035566203823,0.4080051646084188,18.085904761594914,3.4394088561122644,9.889305996758797,22.229084301744958,2.990641646611442,24.36897030459285,10.672713216910715,16.751754090776785,2,COMPLETE
109,1000000.0,1000000.0,1000000.0,1000000.0,1000000.0,1000000.0,1000000.0,1000000.0,1000000.0,1000000.0,1000000.0,1000000.0,1000000.0,1000000.0,1000000.0,1000000.0,2026-03-27 01:38:17.111144,2026-03-27 01:38:37.740426,0 days 00:00:20.629282,0.7004754308109212,0.190280940657941,0.6494471808280816,0.7736109557469404,0.7248981284379138,0.765862691917262,0.8002426776394009,0.43810642544065276,11.234969414455303,17.610490038233895,10.822526155811966,19.591745756250287,2.3808740092132887,7.752630497886702,5.831084584395376,15.327798493292129,2,COMPLETE
110,1000000.0,1000000.0,1000000.0,1000000.0,1000000.0,1000000.0,1000000.0,1000000.0,1000000.0,1000000.0,1000000.0,1000000.0,1000000.0,1000000.0,1000000.0,1000000.0,2026-03-27 01:38:37.751156,2026-03-27 01:38:58.292222,0 days 00:00:20.541066,0.33144811367175364,0.4464980669027864,0.6036920376069853,0.4319444490590058,0.5380063795201404,0.9732511482664882,0.38896274629077526,0.36205031136261356,6.182809657963756,8.28395415900303,1.139103095978324,14.565728109643548,0.4182833527679924,0.958706346903445,24.484840866327612,4.299053979059572,2,COMPLETE
111,1000000.0,1000000.0,0.0069768511688801495,1000000.0,0.08371655739607,1000000.0,1000000.0,1000000.0,1000000.0,1000000.0,1000000.0,1000000.0,1000000.0,1000000.0,1000000.0,1000000.0,2026-03-27 01:38:58.303328,2026-03-27 01:40:24.550772,0 days 00:01:26.247444,0.9695324378906215,0.9273015659119106,0.09673007434862858,0.9727002550802128,0.5794047513261499,0.10548093970678966,0.8623907708698942,0.6025534001147111,7.788130077029203,13.419946948700135,7.325954200026158,23.10618075923542,4.06858719167553,16.655322259020945,11.411617145352238,3.3116537712887766,2,COMPLETE
112,1000000.0,1000000.0,1000000.0,1000000.0,1000000.0,1000000.0,1000000.0,1000000.0,1000000.0,1000000.0,1000000.0,1000000.0,1000000.0,1000000.0,1000000.0,1000000.0,2026-03-27 01:40:24.562520,2026-03-27 01:40:45.430700,0 days 00:00:20.868180,0.12087254597587063,0.7156153402132766,0.5828885655161072,0.9802401008067853,0.5794047513261499,0.29356622182872544,0.36920948114530955,0.08089112906320169,18.276755046775563,24.990135124033184,7.325954200026158,23.10618075923542,4.746665313162348,19.336553685076222,11.411617145352238,6.502701749861743,2,COMPLETE
113,1000000.0,1000000.0,1000000.0,1000000.0,1000000.0,1000000.0,1000000.0,1000000.0,1000000.0,1000000.0,1000000.0,1000000.0,1000000.0,1000000.0,1000000.0,1000000.0,2026-03-27 01:40:45.443549,2026-03-27 01:41:12.948180,0 days 00:00:27.504631,0.9201949343458844,0.07411160566475607,0.633654435848729,0.05231672039625198,0.874995423152256,0.7040830768589377,0.7328033365674884,0.4817218215541737,13.41423758201213,5.157280969045736,19.966731868198373,24.681859226106685,22.303177575201634,2.2552651691150567,24.72180665255011,13.141610768161886,2,COMPLETE
114,1000000.0,1000000.0,0.14123493423416153,0.19372411304325018,0.3188765485076979,1000000.0,1000000.0,1000000.0,1000000.0,1000000.0,1000000.0,1000000.0,0.4427694455863501,1000000.0,1000000.0,1000000.0,2026-03-27 01:41:12.958936,2026-03-27 01:42:39.042932,0 days 00:01:26.083996,0.12087254597587063,0.3592446467592388,0.882073862033187,0.8609773266203685,0.5338092349715855,0.29356622182872544,0.7349425531099127,0.5317284110038133,3.116420449198988,4.206821797106995,4.0039634023227535,22.537739539553467,0.3297800798218504,3.406480553043026,22.213467593212247,6.502701749861743,2,COMPLETE
115,1000000.0,1000000.0,1000000.0,1000000.0,1000000.0,1000000.0,1000000.0,1000000.0,1000000.0,1000000.0,1000000.0,1000000.0,1000000.0,1000000.0,1000000.0,1000000.0,2026-03-27 01:42:39.053936,2026-03-27 01:43:06.651293,0 days 00:00:27.597357,0.37776754311422245,0.6522668844267079,0.46149969293586307,0.22133239200559368,0.6391979139663259,0.14255986340003865,0.3523662701747478,0.6213453057576726,12.875389155733318,5.196083723747718,2.3618699632612206,24.80458369312,22.015999700978195,6.965753393167479,10.070617088003614,15.380899790546678,2,COMPLETE
116,1000000.0,1000000.0,1000000.0,1000000.0,1000000.0,1000000.0,1000000.0,1000000.0,1000000.0,1000000.0,1000000.0,1000000.0,1000000.0,1000000.0,1000000.0,1000000.0,2026-03-27 01:43:06.662162,2026-03-27 01:44:19.389116,0 days 00:01:12.726954,0.565192615172066,0.7648196674055326,0.43499190707255087,0.08402753439047576,0.030651893850245755,0.24006653789828236,0.5462105606194189,0.7070561849648365,0.3112439355599486,12.669842888654136,22.585650729416503,2.799024448280032,6.41674312364978,9.32099988378303,12.05904741938356,23.317972821616813,2,COMPLETE
117,1000000.0,1000000.0,1000000.0,1000000.0,1000000.0,1000000.0,1000000.0,1000000.0,1000000.0,1000000.0,1000000.0,1000000.0,1000000.0,1000000.0,1000000.0,1000000.0,2026-03-27 01:44:19.401762,2026-03-27 01:44:40.289091,0 days 00:00:20.887329,0.2636832641246321,0.3566939980798594,0.46149969293586307,0.22133239200559368,0.9836996465177444,0.6908369927643986,0.057383701993975356,0.021181156763885364,0.19767544823482855,3.6750373637478746,2.3618699632612206,18.23153135378109,19.829669753816116,10.291851207032375,11.182733589644135,13.08719121920797,2,COMPLETE
118,1000000.0,1000000.0,0.08907383615516835,1000000.0,0.09800865099031285,1000000.0,1000000.0,1000000.0,1000000.0,1000000.0,1000000.0,1000000.0,0.5300597828336997,1000000.0,1000000.0,1000000.0,2026-03-27 01:44:40.300353,2026-03-27 01:46:05.854043,0 days 00:01:25.553690,0.38978130830083446,0.5091080418650433,0.46149969293586307,0.8856389215616685,0.1636985569221783,0.14255986340003865,0.7335802997458245,0.017141573306956547,23.111938556028942,11.74965743647482,4.755849281974349,13.046279676790542,22.015999700978195,10.291851207032375,20.142130897666952,16.510652747971903,2,COMPLETE
119,1000000.0,1000000.0,0.11091092763759186,0.12389935992143417,1000000.0,1000000.0,1000000.0,1000000.0,1000000.0,1000000.0,1000000.0,1000000.0,1000000.0,1000000.0,1000000.0,1000000.0,2026-03-27 01:46:05.864987,2026-03-27 01:47:31.587869,0 days 00:01:25.722882,0.2690657300012693,0.4734016816737326,0.46149969293586307,0.22133239200559368,0.6391979139663259,0.14255986340003865,0.7335802997458245,0.6213453057576726,0.19767544823482855,11.74965743647482,2.3618699632612206,6.121692610065195,22.015999700978195,10.291851207032375,10.070617088003614,15.380899790546678,2,COMPLETE
120,1000000.0,1000000.0,1000000.0,1000000.0,1000000.0,1000000.0,1000000.0,1000000.0,1000000.0,1000000.0,1000000.0,1000000.0,1000000.0,1000000.0,1000000.0,1000000.0,2026-03-27 01:47:31.598214,2026-03-27 01:47:52.503254,0 days 00:00:20.905040,0.2690657300012693,0.3592446467592388,0.46149969293586307,0.8609773266203685,0.6391979139663259,0.14255986340003865,0.7349425531099127,0.2055036438426762,0.19767544823482855,11.74965743647482,4.0039634023227535,6.121692610065195,0.3297800798218504,10.291851207032375,22.213467593212247,15.380899790546678,2,COMPLETE
121,1000000.0,1000000.0,1000000.0,1000000.0,1000000.0,1000000.0,1000000.0,1000000.0,1000000.0,1000000.0,1000000.0,1000000.0,1000000.0,1000000.0,1000000.0,1000000.0,2026-03-27 01:47:52.514386,2026-03-27 01:48:19.619427,0 days 00:00:27.105041,0.8841770346287059,0.6955865732138418,0.15922627162202357,0.6224906342993541,0.4067309082100382,0.048458629742033944,0.5867131967884194,0.21688516034039915,24.734922119797506,1.2400390863102138,23.25034487729397,4.653992841863115,19.94808028353999,0.8564074947813927,22.657565218407278,7.747824055607461,2,COMPLETE
122,1000000.0,1000000.0,0.063012266336985,0.10032197112539748,0.18184856085288442,1000000.0,1000000.0,1000000.0,1000000.0,1000000.0,0.3012024368764146,1000000.0,1000000.0,1000000.0,1000000.0,1000000.0,2026-03-27 01:48:19.629731,2026-03-27 01:49:44.942305,0 days 00:01:25.312574,0.44292427257117456,0.1086233050185069,0.10750574440615002,0.17524519330870458,0.4067309082100382,0.048458629742033944,0.3961141338546061,0.7170074831278959,8.50272290479326,0.855172357302774,11.441810045107644,10.655349544586201,7.72886205309009,19.393309437116567,5.1082873364278,0.19401518139406712,2,COMPLETE
123,1000000.0,1000000.0,1000000.0,1000000.0,1000000.0,1000000.0,1000000.0,1000000.0,1000000.0,1000000.0,1000000.0,1000000.0,1000000.0,1000000.0,1000000.0,1000000.0,2026-03-27 01:49:44.953641,2026-03-27 01:50:06.111356,0 days 00:00:21.157715,0.8961499694026767,0.3566939980798594,0.10323523848729411,0.41596154812974895,0.9836996465177444,0.5420164187831313,0.32098451946109324,0.021181156763885364,3.775604849713011,16.7425492005099,18.816633276113514,18.295700952908525,7.074074042638276,10.703301123081017,21.98155771774661,2.464449027181558,2,COMPLETE
124,1000000.0,1000000.0,1000000.0,1000000.0,1000000.0,1000000.0,1000000.0,1000000.0,1000000.0,1000000.0,1000000.0,1000000.0,1000000.0,1000000.0,1000000.0,1000000.0,2026-03-27 01:50:06.122075,2026-03-27 01:50:37.738162,0 days 00:00:31.616087,0.5918278097569045,0.11209194558392759,0.18471930451966026,0.3448574070169849,0.12344215888623855,0.0748070681068739,0.9582475320703459,0.18571135736785702,14.348255294466695,3.4818644615565844,22.515757547718923,20.02685314514026,17.35322504214117,6.319083826684844,2.291681167440707,15.020937720550577,2,COMPLETE
125,1000000.0,1000000.0,1000000.0,1000000.0,1000000.0,1000000.0,1000000.0,1000000.0,1000000.0,1000000.0,1000000.0,1000000.0,1000000.0,1000000.0,1000000.0,1000000.0,2026-03-27 01:50:37.749384,2026-03-27 01:52:02.265969,0 days 00:01:24.516585,0.4405537352832356,0.49745594763292544,0.07778357637945574,0.17524519330870458,0.6391979139663259,0.048458629742033944,0.8623907708698942,0.6213453057576726,11.494680084104543,6.1458685159809505,20.08659521899448,23.60052410920781,3.8410257963476497,16.655322259020945,10.070617088003614,16.52425539397861,2,COMPLETE
126,1000000.0,1000000.0,1000000.0,1000000.0,1000000.0,1000000.0,1000000.0,1000000.0,1000000.0,1000000.0,1000000.0,1000000.0,1000000.0,1000000.0,1000000.0,1000000.0,2026-03-27 01:52:02.277201,2026-03-27 01:53:23.886009,0 days 00:01:21.608808,0.04753726255755655,0.13437646802136044,0.10750574440615002,0.8416402751726477,0.8955881919886156,0.03703116608691037,0.4561383130970711,0.7527571531020829,14.230930260381518,1.6541316656841605,15.5187778870855,19.767170802065635,8.522516124307407,2.3406477845908,9.740292135975713,16.00068957826149,2,COMPLETE
127,1000000.0,1000000.0,1000000.0,1000000.0,1000000.0,1000000.0,1000000.0,1000000.0,1000000.0,1000000.0,1000000.0,1000000.0,1000000.0,1000000.0,1000000.0,1000000.0,2026-03-27 01:53:23.896866,2026-03-27 01:53:44.726666,0 days 00:00:20.829800,0.752463180980785,0.17882708716433873,0.3662873111936026,0.816111763335584,0.6391979139663259,0.3782284438147583,0.8396035566203823,0.6213453057576726,11.494680084104543,0.3493038177202602,4.980956204901533,22.229084301744958,3.8410257963476497,15.04881858178218,10.070617088003614,16.52425539397861,2,COMPLETE
128,1000000.0,1000000.0,1000000.0,1000000.0,1000000.0,1000000.0,1000000.0,1000000.0,1000000.0,1000000.0,1000000.0,1000000.0,1000000.0,1000000.0,1000000.0,1000000.0,2026-03-27 01:53:44.739279,2026-03-27 01:55:06.902651,0 days 00:01:22.163372,0.45588808781258305,0.7156153402132766,0.09673007434862858,0.9225304358546663,0.5469777826823841,0.10548093970678966,0.36920948114530955,0.08089112906320169,20.42182004064134,24.54282135140451,7.325954200026158,23.10618075923542,3.43229147486722,19.336553685076222,19.963093516337192,17.07116834677183,2,COMPLETE
129,1000000.0,1000000.0,1000000.0,1000000.0,1000000.0,1000000.0,1000000.0,1000000.0,1000000.0,1000000.0,1000000.0,1000000.0,1000000.0,1000000.0,1000000.0,1000000.0,2026-03-27 01:55:06.914466,2026-03-27 01:55:27.839569,0 days 00:00:20.925103,0.7004754308109212,0.6185430983191282,0.5063322020980267,0.6774156236492264,0.8562013515991745,0.765862691917262,0.5509914895631619,0.5288079763928709,17.566377896139006,9.169565215320329,24.313381698499146,19.500909280452127,22.733380075118713,9.32099988378303,7.238700854011784,13.863424448408262,2,COMPLETE
130,1000000.0,1000000.0,1000000.0,1000000.0,1000000.0,1000000.0,1000000.0,1000000.0,1000000.0,1000000.0,1000000.0,1000000.0,1000000.0,1000000.0,1000000.0,1000000.0,2026-03-27 01:55:27.850754,2026-03-27 01:55:48.479923,0 days 00:00:20.629169,0.8702854381422328,0.7593183278959428,0.6062041487709989,0.5738786029169363,0.25445652931490187,0.2436112707010957,0.031691906242296765,0.8340701137142709,21.964822933620223,12.879729148925401,11.458931239824736,2.662189013567623,16.22795128438855,24.36897030459285,8.368582577520085,10.729307743326181,2,COMPLETE
131,1000000.0,1000000.0,0.0060622580821230974,1000000.0,0.22618705462988245,1000000.0,1000000.0,1000000.0,1000000.0,1000000.0,1000000.0,1000000.0,1000000.0,1000000.0,1000000.0,1000000.0,2026-03-27 01:55:48.491191,2026-03-27 01:57:14.111077,0 days 00:01:25.619886,0.9695324378906215,0.04863517631041256,0.09673007434862858,0.9802401008067853,0.6448191628896351,0.10548093970678966,0.36920948114530955,0.45679019582675656,17.668334938464362,13.419946948700135,7.325954200026158,23.10618075923542,4.06858719167553,19.336553685076222,7.471310740278318,3.0572742421388828,2,COMPLETE
132,1000000.0,1000000.0,1000000.0,1000000.0,1000000.0,1000000.0,1000000.0,1000000.0,1000000.0,1000000.0,1000000.0,1000000.0,1000000.0,1000000.0,1000000.0,1000000.0,2026-03-27 01:57:14.122056,2026-03-27 01:57:34.964704,0 days 00:00:20.842648,0.6509170273504011,0.8146973832283123,0.6092300644170181,0.76274127293352,0.38904831794731015,0.7229071123723014,0.20033392700372105,0.4817218215541737,5.145134011069505,2.4173006819534533,19.966731868198373,24.681859226106685,22.303177575201634,13.739497788161632,24.72180665255011,13.141610768161886,2,COMPLETE
133,1000000.0,1000000.0,1000000.0,1000000.0,1000000.0,1000000.0,1000000.0,1000000.0,1000000.0,1000000.0,1000000.0,1000000.0,1000000.0,1000000.0,1000000.0,1000000.0,2026-03-27 01:57:34.977066,2026-03-27 01:57:55.667768,0 days 00:00:20.690702,0.4405537352832356,0.4589911614231615,0.5861548263126279,0.816111763335584,0.6391979139663259,0.29356622182872544,0.5406488626790934,0.2055036438426762,12.903145417204822,11.74965743647482,4.0039634023227535,7.168515289384185,17.044111167620585,10.291851207032375,22.213467593212247,16.52425539397861,2,COMPLETE
134,1000000.0,1000000.0,1000000.0,1000000.0,1000000.0,1000000.0,1000000.0,1000000.0,1000000.0,1000000.0,1000000.0,1000000.0,1000000.0,1000000.0,1000000.0,1000000.0,2026-03-27 01:57:55.678956,2026-03-27 01:58:19.616681,0 days 00:00:23.937725,0.8533491829725948,0.3566939980798594,0.10497366749043864,0.4271970155431605,0.6391979139663259,0.6908369927643986,0.7335802997458245,0.6213453057576726,0.19767544823482855,16.7425492005099,2.3618699632612206,6.121692610065195,24.06685693345404,18.073938319277147,10.070617088003614,15.380899790546678,2,COMPLETE
135,1000000.0,1000000.0,0.06944969697892962,0.12233840761575142,1000000.0,1000000.0,1000000.0,1000000.0,1000000.0,1000000.0,0.3052810159710772,1000000.0,1000000.0,1000000.0,1000000.0,1000000.0,2026-03-27 01:58:19.626962,2026-03-27 01:59:45.799992,0 days 00:01:26.173030,0.2690657300012693,0.4734016816737326,0.07778357637945574,0.17524519330870458,0.6391979139663259,0.048458629742033944,0.8623907708698942,0.6025534001147111,15.227149486796332,11.74965743647482,2.3618699632612206,6.502807285793374,12.334743687165258,10.291851207032375,10.070617088003614,15.380899790546678,2,COMPLETE
136,1000000.0,1000000.0,1000000.0,1000000.0,1000000.0,1000000.0,1000000.0,1000000.0,1000000.0,1000000.0,1000000.0,1000000.0,1000000.0,1000000.0,1000000.0,1000000.0,2026-03-27 01:59:45.811101,2026-03-27 02:00:06.651583,0 days 00:00:20.840482,0.35240084811599076,0.1086233050185069,0.43151455708416425,0.816111763335584,0.4067309082100382,0.048458629742033944,0.3961141338546061,0.6025534001147111,15.227149486796332,11.74965743647482,4.980956204901533,7.168515289384185,12.854731781064666,18.909458126219103,10.070617088003614,16.52425539397861,2,COMPLETE
137,1000000.0,1000000.0,0.013166447535498501,1000000.0,1000000.0,1000000.0,1000000.0,1000000.0,1000000.0,1000000.0,1000000.0,1000000.0,1000000.0,1000000.0,1000000.0,1000000.0,2026-03-27 02:00:06.662637,2026-03-27 02:01:31.874133,0 days 00:01:25.211496,0.38978130830083446,0.5091080418650433,0.7440447073825482,0.7632013471294642,0.8980082897770008,0.10581243804939185,0.21682645139293405,0.7527571531020829,23.111938556028942,0.855172357302774,11.44568782637328,18.994967083817833,16.857542929250258,20.85698131090428,22.89695265693244,16.510652747971903,2,COMPLETE
138,1000000.0,1000000.0,1000000.0,1000000.0,1000000.0,1000000.0,1000000.0,1000000.0,1000000.0,1000000.0,1000000.0,1000000.0,1000000.0,1000000.0,1000000.0,1000000.0,2026-03-27 02:01:31.885112,2026-03-27 02:01:59.379148,0 days 00:00:27.494036,0.09098320108207647,0.4585455671476433,0.10750574440615002,0.24521070349576607,0.5658949552372932,0.22430443153685764,0.8362910410497313,0.6025534001147111,15.227149486796332,10.143634771544889,15.5187778870855,19.589212326702693,16.0045720178543,18.909458126219103,5.916262678129147,21.958481437006622,2,COMPLETE
139,1000000.0,1000000.0,1000000.0,1000000.0,1000000.0,1000000.0,1000000.0,1000000.0,1000000.0,1000000.0,1000000.0,1000000.0,1000000.0,1000000.0,1000000.0,1000000.0,2026-03-27 02:01:59.391501,2026-03-27 02:02:20.079100,0 days 00:00:20.687599,0.37776754311422245,0.1086233050185069,0.10750574440615002,0.42610040073909233,0.7921385296514003,0.7701863328191938,0.3961141338546061,0.4803291126620029,14.230930260381518,15.991012186550675,15.5187778870855,11.414162968050556,8.698710939314005,18.909458126219103,3.285067540204025,21.958481437006622,2,COMPLETE
140,1000000.0,1000000.0,1000000.0,1000000.0,1000000.0,1000000.0,1000000.0,1000000.0,1000000.0,1000000.0,1000000.0,1000000.0,1000000.0,1000000.0,1000000.0,1000000.0,2026-03-27 02:02:20.089906,2026-03-27 02:02:44.298692,0 days 00:00:24.208786,0.35068283215747564,0.3308930906123468,0.882073862033187,0.10490483734021938,0.49925951439255534,0.8435997426082747,0.2450869679437473,0.5317284110038133,1.5811641742681304,12.777639364431055,20.137523351405278,2.3996853794289623,0.3361337148508669,2.0989300460585225,7.471310740278318,3.0572742421388828,2,COMPLETE
141,1000000.0,1000000.0,0.0780714871075351,0.1293046499664471,1000000.0,1000000.0,1000000.0,1000000.0,1000000.0,1000000.0,0.30770414027806786,1000000.0,1000000.0,1000000.0,1000000.0,1000000.0,2026-03-27 02:02:44.310023,2026-03-27 02:04:10.095510,0 days 00:01:25.785487,0.04753726255755655,0.5274845482154309,0.3662873111936026,0.17524519330870458,0.8955881919886156,0.048458629742033944,0.8396035566203823,0.9270552828588717,15.227149486796332,23.100499573987648,15.5187778870855,4.653992841863115,2.239213977429966,16.655322259020945,22.657565218407278,3.3116537712887766,2,COMPLETE
142,1000000.0,1000000.0,1000000.0,1000000.0,1000000.0,1000000.0,1000000.0,1000000.0,1000000.0,1000000.0,1000000.0,1000000.0,1000000.0,1000000.0,1000000.0,1000000.0,2026-03-27 02:04:10.106848,2026-03-27 02:05:34.400489,0 days 00:01:24.293641,0.35240084811599076,0.3592446467592388,0.5828885655161072,0.17524519330870458,0.4067309082100382,0.048458629742033944,0.08803822162370761,0.6025534001147111,17.829426393986807,0.855172357302774,15.5187778870855,22.537739539553467,12.854731781064666,8.462869320251121,22.89695265693244,6.502701749861743,2,COMPLETE
143,1000000.0,1000000.0,1000000.0,1000000.0,1000000.0,1000000.0,1000000.0,1000000.0,1000000.0,1000000.0,1000000.0,1000000.0,1000000.0,1000000.0,1000000.0,1000000.0,2026-03-27 02:05:34.411621,2026-03-27 02:06:58.412875,0 days 00:01:24.001254,0.35240084811599076,0.9273015659119106,0.07778357637945574,0.17524519330870458,0.6391979139663259,0.048458629742033944,0.32098451946109324,0.6213453057576726,15.227149486796332,6.1458685159809505,20.08659521899448,23.60052410920781,3.8410257963476497,11.402938234512554,10.070617088003614,3.3116537712887766,2,COMPLETE
144,1000000.0,1000000.0,1000000.0,1000000.0,1000000.0,1000000.0,1000000.0,1000000.0,1000000.0,1000000.0,1000000.0,1000000.0,1000000.0,1000000.0,1000000.0,1000000.0,2026-03-27 02:06:58.424021,2026-03-27 02:07:22.507003,0 days 00:00:24.082982,0.35240084811599076,0.04863517631041256,0.8519770310093819,0.17453282025889666,0.06339905924208938,0.8435997426082747,0.8623907708698942,0.6025534001147111,1.5811641742681304,24.11146666792807,11.590954306285587,6.502807285793374,3.341552949948489,2.0989300460585225,20.845132564819007,3.0572742421388828,2,COMPLETE
145,1000000.0,1000000.0,1000000.0,1000000.0,1000000.0,1000000.0,1000000.0,1000000.0,1000000.0,1000000.0,1000000.0,1000000.0,1000000.0,1000000.0,1000000.0,1000000.0,2026-03-27 02:07:22.517969,2026-03-27 02:07:43.132722,0 days 00:00:20.614753,0.6551628354766099,0.03795689498738725,0.10576218919865854,0.7595232210651798,0.7166013350713503,0.7888369435403325,0.7349425531099127,0.7517576288654945,18.375270105112065,24.990135124033184,14.205718883836672,9.6559684371485,0.3297800798218504,3.406480553043026,2.1356906522727783,6.502701749861743,2,COMPLETE
146,1000000.0,1000000.0,1000000.0,1000000.0,1000000.0,1000000.0,1000000.0,1000000.0,1000000.0,1000000.0,1000000.0,1000000.0,1000000.0,1000000.0,1000000.0,1000000.0,2026-03-27 02:07:43.144063,2026-03-27 02:08:56.381532,0 days 00:01:13.237469,0.7927994668050297,0.1086233050185069,0.10750574440615002,0.17524519330870458,0.4067309082100382,0.048458629742033944,0.3961141338546061,0.6025534001147111,5.145134011069505,2.4173006819534533,2.649325750325867,0.10469585764402455,12.854731781064666,18.909458126219103,24.72180665255011,13.141610768161886,2,COMPLETE
147,1000000.0,1000000.0,1000000.0,1000000.0,1000000.0,1000000.0,1000000.0,1000000.0,1000000.0,1000000.0,1000000.0,1000000.0,1000000.0,1000000.0,1000000.0,1000000.0,2026-03-27 02:08:56.393014,2026-03-27 02:09:24.048468,0 days 00:00:27.655454,0.752463180980785,0.9662106523213966,0.3662873111936026,0.34021525922362744,0.7921385296514003,0.09774248367547088,0.8396035566203823,0.4803291126620029,18.085904761594914,5.196083723747718,9.175494927152666,9.518474184793995,2.990641646611442,6.965753393167479,3.285067540204025,16.751754090776785,2,COMPLETE
148,1000000.0,1000000.0,1000000.0,1000000.0,1000000.0,1000000.0,1000000.0,1000000.0,1000000.0,1000000.0,1000000.0,1000000.0,1000000.0,1000000.0,1000000.0,1000000.0,2026-03-27 02:09:24.060068,2026-03-27 02:10:37.158161,0 days 00:01:13.098093,0.5918278097569045,0.05921538627814433,0.18471930451966026,0.14459484010477675,0.8118654076515758,0.0748070681068739,0.9582475320703459,0.18571135736785702,14.348255294466695,3.4818644615565844,22.515757547718923,20.02685314514026,5.18021490057858,6.319083826684844,2.291681167440707,15.020937720550577,2,COMPLETE
149,1000000.0,1000000.0,1000000.0,1000000.0,1000000.0,1000000.0,1000000.0,1000000.0,1000000.0,1000000.0,1000000.0,1000000.0,1000000.0,1000000.0,1000000.0,1000000.0,2026-03-27 02:10:37.169287,2026-03-27 02:11:04.640504,0 days 00:00:27.471217,0.19434276690089075,0.3308930906123468,0.882073862033187,0.10490483734021938,0.49925951439255534,0.363415300139621,0.11013753367690134,0.6776971068541131,11.14923541443984,4.206821797106995,11.458931239824736,2.3996853794289623,18.01858417291893,24.36897030459285,10.672713216910715,3.817053182583298,2,COMPLETE
150,1000000.0,1000000.0,1000000.0,1000000.0,1000000.0,1000000.0,1000000.0,1000000.0,1000000.0,1000000.0,1000000.0,1000000.0,1000000.0,1000000.0,1000000.0,1000000.0,2026-03-27 02:11:04.652773,2026-03-27 02:11:25.251820,0 days 00:00:20.599047,0.38978130830083446,0.04863517631041256,0.8445301633074721,0.7632013471294642,0.8980082897770008,0.8435997426082747,0.21682645139293405,0.45679019582675656,23.111938556028942,24.11146666792807,20.137523351405278,6.659799243926946,16.857542929250258,2.0989300460585225,7.471310740278318,3.0572742421388828,3,COMPLETE
151,1000000.0,1000000.0,0.14292531534635797,0.2492197651205383,0.2883464081987562,1000000.0,1000000.0,1000000.0,1000000.0,1000000.0,1000000.0,1000000.0,0.4482908522142898,1000000.0,1000000.0,1000000.0,2026-03-27 02:11:25.263138,2026-03-27 02:12:52.013327,0 days 00:01:26.750189,0.35240084811599076,0.3592446467592388,0.5828885655161072,0.8609773266203685,0.4067309082100382,0.29356622182872544,0.7349425531099127,0.2055036438426762,23.053890124600418,4.192864576439151,4.0039634023227535,22.537739539553467,0.3297800798218504,3.406480553043026,20.845132564819007,3.3116537712887766,3,COMPLETE
152,1000000.0,1000000.0,0.11618533617913664,1000000.0,0.034723882155422985,1000000.0,1000000.0,1000000.0,1000000.0,1000000.0,1000000.0,1000000.0,0.5261996573154853,1000000.0,1000000.0,1000000.0,2026-03-27 02:12:52.025809,2026-03-27 02:14:18.577495,0 days 00:01:26.551686,0.38978130830083446,0.2267353245055709,0.882073862033187,0.8609773266203685,0.1636985569221783,0.14255986340003865,0.7335802997458245,0.5317284110038133,3.116420449198988,11.74965743647482,4.755849281974349,22.537739539553467,22.015999700978195,18.540574416888514,22.213467593212247,6.502701749861743,3,COMPLETE
153,1000000.0,1000000.0,1000000.0,1000000.0,1000000.0,1000000.0,1000000.0,1000000.0,1000000.0,1000000.0,1000000.0,1000000.0,1000000.0,1000000.0,1000000.0,1000000.0,2026-03-27 02:14:18.588295,2026-03-27 02:15:43.251023,0 days 00:01:24.662728,0.44292427257117456,0.1086233050185069,0.10750574440615002,0.17524519330870458,0.4067309082100382,0.048458629742033944,0.3961141338546061,0.7170074831278959,8.50272290479326,0.855172357302774,11.441810045107644,18.798610826274167,7.72886205309009,1.769062232610281,5.1082873364278,0.19401518139406712,3,COMPLETE
154,1000000.0,1000000.0,1000000.0,1000000.0,1000000.0,1000000.0,1000000.0,1000000.0,1000000.0,1000000.0,1000000.0,1000000.0,1000000.0,1000000.0,1000000.0,1000000.0,2026-03-27 02:15:43.262010,2026-03-27 02:16:04.730902,0 days 00:00:21.468892,0.04753726255755655,0.1086233050185069,0.10750574440615002,0.8416402751726477,0.8955881919886156,0.10581243804939185,0.8623907708698942,0.7527571531020829,15.227149486796332,0.855172357302774,2.3618699632612206,6.502807285793374,12.334743687165258,18.909458126219103,10.070617088003614,21.958481437006622,3,COMPLETE
155,1000000.0,1000000.0,0.30275957686011756,0.13347811415722008,0.12431689247689247,1000000.0,1000000.0,1000000.0,1000000.0,1000000.0,1000000.0,1000000.0,0.48647882810870374,1000000.0,1000000.0,1000000.0,2026-03-27 02:16:04.741877,2026-03-27 02:17:30.699972,0 days 00:01:25.958095,0.752463180980785,0.3566939980798594,0.10323523848729411,0.4271970155431605,0.23220619395567269,0.6908369927643986,0.8414442611902317,0.021181156763885364,18.085904761594914,16.7425492005099,9.889305996758797,1.8736498279063647,24.06685693345404,15.04881858178218,17.090544948683856,22.559228898153115,3,COMPLETE
156,1000000.0,1000000.0,0.006647510069491382,1000000.0,0.10795593698353806,1000000.0,1000000.0,1000000.0,1000000.0,1000000.0,1000000.0,1000000.0,1000000.0,1000000.0,1000000.0,1000000.0,2026-03-27 02:17:30.710656,2026-03-27 02:18:58.180525,0 days 00:01:27.469869,0.4858433328611808,0.9273015659119106,0.5828885655161072,0.8609773266203685,0.5794047513261499,0.10548093970678966,0.8623907708698942,0.2055036438426762,18.276755046775563,24.990135124033184,7.325954200026158,23.10618075923542,4.06858719167553,16.655322259020945,22.213467593212247,6.502701749861743,3,COMPLETE
157,1000000.0,1000000.0,1000000.0,1000000.0,1000000.0,1000000.0,1000000.0,1000000.0,1000000.0,1000000.0,1000000.0,1000000.0,1000000.0,1000000.0,1000000.0,1000000.0,2026-03-27 02:18:58.191278,2026-03-27 02:19:19.142208,0 days 00:00:20.950930,0.9053520317661204,0.5091080418650433,0.7440447073825482,0.8416402751726477,0.8980082897770008,0.8150177450369714,0.3961141338546061,0.017141573306956547,13.27953387998731,0.855172357302774,15.5187778870855,18.994967083817833,21.022259543702653,10.703301123081017,22.89695265693244,16.510652747971903,3,COMPLETE
158,1000000.0,1000000.0,0.04575653169303479,1000000.0,0.08518285051862548,1000000.0,1000000.0,1000000.0,1000000.0,1000000.0,0.24428053107576447,1000000.0,1000000.0,1000000.0,1000000.0,1000000.0,2026-03-27 02:19:19.153605,2026-03-27 02:20:45.393381,0 days 00:01:26.239776,0.3826649939883203,0.11861656837865918,0.02498668878531001,0.9727002550802128,0.5794047513261499,0.10548093970678966,0.8623907708698942,0.43371988679020973,15.127522567911564,13.419946948700135,12.963974835933758,23.10618075923542,3.012952674216892,2.3406477845908,11.411617145352238,16.00068957826149,3,COMPLETE
159,1000000.0,1000000.0,0.0468335908191061,0.20062930317023886,0.20542176783848493,1000000.0,1000000.0,1000000.0,1000000.0,1000000.0,1000000.0,1000000.0,1000000.0,1000000.0,1000000.0,1000000.0,2026-03-27 02:20:45.404125,2026-03-27 02:22:11.428071,0 days 00:01:26.023946,0.2636832641246321,0.3566939980798594,0.7440447073825482,0.9677180012133462,0.9836996465177444,0.6908369927643986,0.21682645139293405,0.7527571531020829,7.676441564236882,15.863837053013018,18.816633276113514,18.23153135378109,16.857542929250258,0.8005203795171522,22.89695265693244,13.08719121920797,3,COMPLETE
160,1000000.0,1000000.0,1000000.0,1000000.0,1000000.0,1000000.0,1000000.0,1000000.0,1000000.0,1000000.0,1000000.0,1000000.0,1000000.0,1000000.0,1000000.0,1000000.0,2026-03-27 02:22:11.438549,2026-03-27 02:22:32.961624,0 days 00:00:21.523075,0.33144811367175364,0.16089319028870247,0.6036920376069853,0.21994163404223782,0.19353741110637013,0.452606624199815,0.6506669725224318,0.7170074831278959,19.372820355855506,0.414028935695718,1.139103095978324,1.7194032237184462,2.253462282067398,19.393309437116567,5.1082873364278,0.19401518139406712,3,COMPLETE
161,1000000.0,1000000.0,1000000.0,1000000.0,1000000.0,1000000.0,1000000.0,1000000.0,1000000.0,1000000.0,1000000.0,1000000.0,1000000.0,1000000.0,1000000.0,1000000.0,2026-03-27 02:22:32.974317,2026-03-27 02:22:56.667226,0 days 00:00:23.692909,0.09098320108207647,0.4585455671476433,0.8932774106436884,0.24521070349576607,0.5658949552372932,0.22430443153685764,0.8362910410497313,0.3657609548874256,13.559208742554823,10.143634771544889,5.501116658997596,19.589212326702693,16.0045720178543,12.526062022832887,5.916262678129147,12.932090339260919,3,COMPLETE
162,1000000.0,1000000.0,1000000.0,0.13014921156456855,0.1732735399946877,1000000.0,1000000.0,1000000.0,1000000.0,1000000.0,1000000.0,1000000.0,1000000.0,1000000.0,1000000.0,1000000.0,2026-03-27 02:22:56.678097,2026-03-27 02:24:22.563750,0 days 00:01:25.885653,0.6509170273504011,0.8146973832283123,0.07778357637945574,0.17524519330870458,0.4067309082100382,0.7229071123723014,0.20033392700372105,0.6025534001147111,5.145134011069505,6.1458685159809505,20.08659521899448,6.502807285793374,12.334743687165258,13.739497788161632,20.845132564819007,3.3116537712887766,3,COMPLETE
163,1000000.0,1000000.0,0.04840799124312628,1000000.0,0.11852343386639123,1000000.0,1000000.0,1000000.0,1000000.0,1000000.0,0.29126696557982773,1000000.0,1000000.0,1000000.0,1000000.0,1000000.0,2026-03-27 02:24:22.574690,2026-03-27 02:25:48.202910,0 days 00:01:25.628220,0.2690657300012693,0.9273015659119106,0.09673007434862858,0.9727002550802128,0.5794047513261499,0.048458629742033944,0.8623907708698942,0.6025534001147111,7.788130077029203,11.74965743647482,7.325954200026158,23.10618075923542,4.06858719167553,10.291851207032375,10.070617088003614,3.3116537712887766,3,COMPLETE
164,1000000.0,1000000.0,1000000.0,1000000.0,1000000.0,1000000.0,1000000.0,1000000.0,1000000.0,1000000.0,1000000.0,1000000.0,1000000.0,1000000.0,1000000.0,1000000.0,2026-03-27 02:25:48.214628,2026-03-27 02:26:08.980706,0 days 00:00:20.766078,0.7860182504942855,0.04863517631041256,0.8676954711675072,0.3753801202217366,0.10136135427313518,0.8795027488443208,0.36920948114530955,0.45679019582675656,18.947083862844014,8.261645698016585,2.8053103836193376,18.524637190035293,7.176328329437178,19.336553685076222,15.902457946369568,13.544768991499783,3,COMPLETE
165,1000000.0,1000000.0,1000000.0,1000000.0,1000000.0,1000000.0,1000000.0,1000000.0,1000000.0,1000000.0,1000000.0,1000000.0,1000000.0,1000000.0,1000000.0,1000000.0,2026-03-27 02:26:08.991530,2026-03-27 02:27:32.798859,0 days 00:01:23.807329,0.18946474608646452,0.04863517631041256,0.8519770310093819,0.17453282025889666,0.06339905924208938,0.0748070681068739,0.9582475320703459,0.18571135736785702,1.5811641742681304,24.11146666792807,22.515757547718923,20.02685314514026,3.341552949948489,2.0989300460585225,23.595492401800847,3.0572742421388828,3,COMPLETE
166,1000000.0,1000000.0,1000000.0,0.1365624599637133,0.13793493423778483,1000000.0,1000000.0,1000000.0,1000000.0,1000000.0,1000000.0,1000000.0,1000000.0,1000000.0,1000000.0,1000000.0,2026-03-27 02:27:32.810147,2026-03-27 02:28:58.478408,0 days 00:01:25.668261,0.35068283215747564,0.04863517631041256,0.8519770310093819,0.17524519330870458,0.4067309082100382,0.8435997426082747,0.3961141338546061,0.45679019582675656,8.50272290479326,24.11146666792807,20.137523351405278,6.659799243926946,7.72886205309009,19.393309437116567,7.471310740278318,0.19401518139406712,3,COMPLETE
167,1000000.0,1000000.0,1000000.0,1000000.0,1000000.0,1000000.0,1000000.0,1000000.0,1000000.0,1000000.0,1000000.0,1000000.0,1000000.0,1000000.0,1000000.0,1000000.0,2026-03-27 02:28:58.489271,2026-03-27 02:30:11.612507,0 days 00:01:13.123236,0.04753726255755655,0.1086233050185069,0.10750574440615002,0.22133239200559368,0.6391979139663259,0.10581243804939185,0.3961141338546061,0.7527571531020829,14.230930260381518,20.67475147439997,2.3618699632612206,11.414162968050556,6.464154274522593,10.291851207032375,22.89695265693244,21.958481437006622,3,COMPLETE
168,1000000.0,1000000.0,1000000.0,1000000.0,1000000.0,1000000.0,1000000.0,1000000.0,1000000.0,1000000.0,1000000.0,1000000.0,1000000.0,1000000.0,1000000.0,1000000.0,2026-03-27 02:30:11.624691,2026-03-27 02:30:39.885138,0 days 00:00:28.260447,0.9053520317661204,0.9662106523213966,0.10750574440615002,0.6506844034990305,0.23220619395567269,0.11227705775593351,0.9588126439262885,0.7527571531020829,13.27953387998731,3.4394088561122644,9.889305996758797,11.414162968050556,21.022259543702653,10.703301123081017,17.090544948683856,16.751754090776785,3,COMPLETE
169,1000000.0,1000000.0,1000000.0,1000000.0,1000000.0,1000000.0,1000000.0,1000000.0,1000000.0,1000000.0,1000000.0,1000000.0,1000000.0,1000000.0,1000000.0,1000000.0,2026-03-27 02:30:39.896545,2026-03-27 02:31:07.134544,0 days 00:00:27.237999,0.2690657300012693,0.4734016816737326,0.46149969293586307,0.7736109557469404,0.2613958420681749,0.09279444190740233,0.8002426776394009,0.2055036438426762,0.19767544823482855,11.74965743647482,2.3618699632612206,2.2577503902287477,2.3808740092132887,10.291851207032375,10.070617088003614,15.380899790546678,3,COMPLETE
170,1000000.0,1000000.0,1000000.0,1000000.0,1000000.0,1000000.0,1000000.0,1000000.0,1000000.0,1000000.0,1000000.0,1000000.0,1000000.0,1000000.0,1000000.0,1000000.0,2026-03-27 02:31:07.146185,2026-03-27 02:31:34.442031,0 days 00:00:27.295846,0.14733261584386265,0.13409685986043332,0.3662873111936026,0.5442852849734467,0.24002632912929275,0.048458629742033944,0.9866328398467235,0.9270552828588717,12.231955161321345,19.32272623174998,14.854056938644694,4.653992841863115,6.254075835134019,16.655322259020945,22.657565218407278,14.33803979022862,3,COMPLETE
171,1000000.0,1000000.0,1000000.0,1000000.0,1000000.0,1000000.0,1000000.0,1000000.0,1000000.0,1000000.0,1000000.0,1000000.0,1000000.0,1000000.0,1000000.0,1000000.0,2026-03-27 02:31:34.455129,2026-03-27 02:31:55.203815,0 days 00:00:20.748686,0.6148707107828746,0.01610190678372378,0.6494471808280816,0.7736109557469404,0.4179036932900533,0.30540996052141683,0.8002426776394009,0.2055036438426762,14.850249142493725,24.990135124033184,16.553536513589737,22.537739539553467,17.28809301060484,16.466975658919285,22.213467593212247,17.870390602417192,3,COMPLETE
172,1000000.0,1000000.0,1000000.0,1000000.0,1000000.0,1000000.0,1000000.0,1000000.0,1000000.0,1000000.0,1000000.0,1000000.0,1000000.0,1000000.0,1000000.0,1000000.0,2026-03-27 02:31:55.215912,2026-03-27 02:32:15.835446,0 days 00:00:20.619534,0.12087254597587063,0.6345949267579015,0.6494471808280816,0.3753801202217366,0.10136135427313518,0.8795027488443208,0.8002426776394009,0.2422358736401319,18.276755046775563,8.261645698016585,14.003064982436616,18.524637190035293,7.176328329437178,16.65560120812858,22.213467593212247,13.544768991499783,3,COMPLETE
173,1000000.0,1000000.0,0.06876051271289572,0.15296271251676985,1000000.0,1000000.0,1000000.0,1000000.0,1000000.0,1000000.0,0.3096088310782216,1000000.0,1000000.0,1000000.0,1000000.0,1000000.0,2026-03-27 02:32:15.846190,2026-03-27 02:33:41.345165,0 days 00:01:25.498975,0.8533491829725948,0.5274845482154309,0.10323523848729411,0.17524519330870458,0.8955881919886156,0.048458629742033944,0.8414442611902317,0.021181156763885364,3.775604849713011,16.7425492005099,15.5187778870855,1.8736498279063647,24.06685693345404,18.073938319277147,14.482395734341585,22.559228898153115,3,COMPLETE
174,1000000.0,1000000.0,0.015223971197861896,1000000.0,1000000.0,1000000.0,1000000.0,1000000.0,1000000.0,1000000.0,0.19898995583478532,1000000.0,1000000.0,1000000.0,1000000.0,1000000.0,2026-03-27 02:33:41.355955,2026-03-27 02:35:07.467900,0 days 00:01:26.111945,0.6509170273504011,0.5091080418650433,0.6092300644170181,0.7632013471294642,0.8980082897770008,0.10581243804939185,0.21682645139293405,0.7527571531020829,15.227149486796332,0.855172357302774,19.966731868198373,18.994967083817833,16.857542929250258,12.417889027941694,22.89695265693244,13.141610768161886,3,COMPLETE
175,1000000.0,1000000.0,1000000.0,1000000.0,1000000.0,1000000.0,1000000.0,1000000.0,1000000.0,1000000.0,1000000.0,1000000.0,1000000.0,1000000.0,1000000.0,1000000.0,2026-03-27 02:35:07.479315,2026-03-27 02:35:34.958743,0 days 00:00:27.479428,0.4405537352832356,0.49745594763292544,0.4450254565154679,0.17524519330870458,0.4067309082100382,0.3782284438147583,0.32098451946109324,0.6213453057576726,15.227149486796332,1.2400390863102138,4.980956204901533,23.60052410920781,2.990641646611442,16.655322259020945,10.070617088003614,16.52425539397861,3,COMPLETE
176,1000000.0,1000000.0,1000000.0,1000000.0,1000000.0,1000000.0,1000000.0,1000000.0,1000000.0,1000000.0,1000000.0,1000000.0,1000000.0,1000000.0,1000000.0,1000000.0,2026-03-27 02:35:34.969672,2026-03-27 02:35:55.665566,0 days 00:00:20.695894,0.04753726255755655,0.8146973832283123,0.6092300644170181,0.76274127293352,0.8955881919886156,0.7229071123723014,0.20033392700372105,0.9270552828588717,5.145134011069505,2.4173006819534533,15.5187778870855,24.30367995363082,22.303177575201634,13.739497788161632,2.8237828508237666,3.3116537712887766,3,COMPLETE
177,1000000.0,1000000.0,1000000.0,1000000.0,1000000.0,1000000.0,1000000.0,1000000.0,1000000.0,1000000.0,1000000.0,1000000.0,1000000.0,1000000.0,1000000.0,1000000.0,2026-03-27 02:35:55.676624,2026-03-27 02:36:19.610252,0 days 00:00:23.933628,0.2690657300012693,0.4734016816737326,0.882073862033187,0.8609773266203685,0.6391979139663259,0.14255986340003865,0.2480268761161339,0.6213453057576726,0.19767544823482855,12.900082145603207,4.0039634023227535,6.97196887076768,22.015999700978195,3.406480553043026,22.213467593212247,6.502701749861743,3,COMPLETE
178,1000000.0,1000000.0,1000000.0,1000000.0,1000000.0,1000000.0,1000000.0,1000000.0,1000000.0,1000000.0,1000000.0,1000000.0,1000000.0,1000000.0,1000000.0,1000000.0,2026-03-27 02:36:19.621487,2026-03-27 02:36:47.109022,0 days 00:00:27.487535,0.38978130830083446,0.5091080418650433,0.6036920376069853,0.7632013471294642,0.19353741110637013,0.8545776289013114,0.6506669725224318,0.20196203073467683,1.0956583841183603,0.414028935695718,11.44568782637328,1.7194032237184462,16.857542929250258,0.958706346903445,6.970314507907033,16.510652747971903,3,COMPLETE
179,1000000.0,1000000.0,1000000.0,1000000.0,1000000.0,1000000.0,1000000.0,1000000.0,1000000.0,1000000.0,1000000.0,1000000.0,1000000.0,1000000.0,1000000.0,1000000.0,2026-03-27 02:36:47.119901,2026-03-27 02:37:39.982534,0 days 00:00:52.862633,0.565192615172066,0.7648196674055326,0.43499190707255087,0.08402753439047576,0.030651893850245755,0.24006653789828236,0.4585549709583348,0.3313953068683576,21.036219186718668,12.669842888654136,3.7719854406257856,19.418678437539846,24.310675735727337,22.297217760668016,12.05904741938356,23.317972821616813,3,COMPLETE
180,1000000.0,1000000.0,1000000.0,1000000.0,1000000.0,1000000.0,1000000.0,1000000.0,1000000.0,1000000.0,1000000.0,1000000.0,1000000.0,1000000.0,1000000.0,1000000.0,2026-03-27 02:37:39.993634,2026-03-27 02:39:03.936255,0 days 00:01:23.942621,0.04753726255755655,0.4589911614231615,0.5828885655161072,0.17524519330870458,0.8955881919886156,0.048458629742033944,0.8396035566203823,0.2055036438426762,15.227149486796332,24.990135124033184,4.0039634023227535,22.537739539553467,17.044111167620585,16.655322259020945,22.213467593212247,3.3116537712887766,3,COMPLETE
181,1000000.0,1000000.0,1000000.0,1000000.0,1000000.0,1000000.0,1000000.0,1000000.0,1000000.0,1000000.0,1000000.0,1000000.0,1000000.0,1000000.0,1000000.0,1000000.0,2026-03-27 02:39:03.947241,2026-03-27 02:39:31.325631,0 days 00:00:27.378390,0.44292427257117456,0.43349507024089257,0.3662873111936026,0.6506844034990305,0.4067309082100382,0.048458629742033944,0.3961141338546061,0.4080051646084188,18.95545368637712,3.4394088561122644,9.889305996758797,10.655349544586201,2.990641646611442,15.04881858178218,5.1082873364278,0.19401518139406712,3,COMPLETE
182,1000000.0,1000000.0,0.06958583726915919,0.12347606305402614,1000000.0,1000000.0,1000000.0,1000000.0,1000000.0,1000000.0,0.3063372039398843,1000000.0,1000000.0,1000000.0,1000000.0,1000000.0,2026-03-27 02:39:31.336930,2026-03-27 02:40:57.764545,0 days 00:01:26.427615,0.35240084811599076,0.9273015659119106,0.8680225562421504,0.17524519330870458,0.8955881919886156,0.048458629742033944,0.8623907708698942,0.6025534001147111,15.227149486796332,6.1458685159809505,20.08659521899448,6.502807285793374,2.239213977429966,9.968139857103258,22.657565218407278,3.3116537712887766,3,COMPLETE
183,1000000.0,1000000.0,1000000.0,1000000.0,1000000.0,1000000.0,1000000.0,1000000.0,1000000.0,1000000.0,1000000.0,1000000.0,1000000.0,1000000.0,1000000.0,1000000.0,2026-03-27 02:40:57.776406,2026-03-27 02:41:18.554106,0 days 00:00:20.777700,0.37776754311422245,0.6522668844267079,0.429313948937739,0.4271970155431605,0.11939723932836556,0.6908369927643986,0.4567530303761876,0.021181156763885364,3.775604849713011,5.196083723747718,9.175494927152666,9.518474184793995,24.06685693345404,6.965753393167479,14.482395734341585,18.37534420094413,3,COMPLETE
184,1000000.0,1000000.0,1000000.0,1000000.0,1000000.0,1000000.0,1000000.0,1000000.0,1000000.0,1000000.0,1000000.0,1000000.0,1000000.0,1000000.0,1000000.0,1000000.0,2026-03-27 02:41:18.564930,2026-03-27 02:41:42.502256,0 days 00:00:23.937326,0.2636832641246321,0.5091080418650433,0.7440447073825482,0.7632013471294642,0.8980082897770008,0.6908369927643986,0.057383701993975356,0.021181156763885364,7.676441564236882,15.863837053013018,11.44568782637328,18.23153135378109,19.829669753816116,0.8005203795171522,22.89695265693244,16.510652747971903,3,COMPLETE
185,1000000.0,1000000.0,0.04688634868263827,1000000.0,1000000.0,1000000.0,1000000.0,1000000.0,1000000.0,1000000.0,0.2916137386545618,1000000.0,1000000.0,1000000.0,1000000.0,1000000.0,2026-03-27 02:41:42.513283,2026-03-27 02:43:08.611658,0 days 00:01:26.098375,0.6509170273504011,0.5091080418650433,0.6092300644170181,0.7632013471294642,0.8980082897770008,0.048458629742033944,0.20033392700372105,0.7527571531020829,23.111938556028942,2.4173006819534533,19.966731868198373,24.681859226106685,16.857542929250258,20.85698131090428,24.72180665255011,13.141610768161886,3,COMPLETE
186,1000000.0,1000000.0,0.13379678095498834,1000000.0,0.5050450544953878,1000000.0,1000000.0,1000000.0,1000000.0,1000000.0,1000000.0,1000000.0,1000000.0,1000000.0,1000000.0,1000000.0,2026-03-27 02:43:08.622714,2026-03-27 02:44:33.700609,0 days 00:01:25.077895,0.12087254597587063,0.9273015659119106,0.09673007434862858,0.9727002550802128,0.5794047513261499,0.29356622182872544,0.8623907708698942,0.2055036438426762,7.788130077029203,24.990135124033184,7.325954200026158,23.10618075923542,4.06858719167553,4.1517035862774065,11.411617145352238,3.3116537712887766,3,COMPLETE
187,1000000.0,1000000.0,0.031655797223254095,0.12684578949307854,1000000.0,1000000.0,1000000.0,1000000.0,1000000.0,1000000.0,1000000.0,1000000.0,1000000.0,1000000.0,1000000.0,1000000.0,2026-03-27 02:44:33.711662,2026-03-27 02:45:59.517773,0 days 00:01:25.806111,0.8533491829725948,0.3566939980798594,0.10323523848729411,0.4271970155431605,0.9836996465177444,0.6908369927643986,0.8414442611902317,0.021181156763885364,7.676441564236882,16.7425492005099,18.816633276113514,1.8736498279063647,19.829669753816116,0.8005203795171522,14.482395734341585,22.559228898153115,3,COMPLETE
188,1000000.0,1000000.0,0.07317330643402353,0.1319636652812971,0.21236137939338204,1000000.0,1000000.0,1000000.0,1000000.0,1000000.0,0.3052103049603414,1000000.0,1000000.0,1000000.0,1000000.0,1000000.0,2026-03-27 02:45:59.529639,2026-03-27 02:47:25.235721,0 days 00:01:25.706082,0.04753726255755655,0.49745594763292544,0.4450254565154679,0.17524519330870458,0.38123091507916124,0.048458629742033944,0.32098451946109324,0.9270552828588717,11.494680084104543,23.100499573987648,14.996293360187861,5.59487262501663,23.320325499975624,16.655322259020945,10.070617088003614,16.52425539397861,3,COMPLETE
189,1000000.0,1000000.0,1000000.0,1000000.0,1000000.0,1000000.0,1000000.0,1000000.0,1000000.0,1000000.0,1000000.0,1000000.0,1000000.0,1000000.0,1000000.0,1000000.0,2026-03-27 02:47:25.247111,2026-03-27 02:47:46.205022,0 days 00:00:20.957911,0.7004754308109212,0.3592446467592388,0.6494471808280816,0.7736109557469404,0.2613958420681749,0.765862691917262,0.34567353258838385,0.2055036438426762,18.276755046775563,9.169565215320329,4.729637870954803,22.537739539553467,2.3808740092132887,12.61985613433487,22.213467593212247,13.863424448408262,3,COMPLETE
190,1000000.0,1000000.0,0.09177443844695009,0.31096297085737484,0.26447590627808226,1000000.0,1000000.0,1000000.0,1000000.0,1000000.0,1000000.0,1000000.0,0.4653274918405802,1000000.0,1000000.0,1000000.0,2026-03-27 02:47:46.217305,2026-03-27 02:49:11.131647,0 days 00:01:24.914342,0.12087254597587063,0.3592446467592388,0.6494471808280816,0.7736109557469404,0.2613958420681749,0.30540996052141683,0.8002426776394009,0.2055036438426762,18.276755046775563,24.990135124033184,14.003064982436616,22.537739539553467,2.3808740092132887,3.406480553043026,22.213467593212247,15.327798493292129,3,COMPLETE
191,1000000.0,1000000.0,1000000.0,1000000.0,1000000.0,1000000.0,1000000.0,1000000.0,1000000.0,1000000.0,1000000.0,1000000.0,1000000.0,1000000.0,1000000.0,1000000.0,2026-03-27 02:49:11.142583,2026-03-27 02:49:42.437478,0 days 00:00:31.294895,0.6717872581569841,0.4589911614231615,0.4708437167741498,0.07974143359708274,0.25445652931490187,0.34852391906958985,0.656491910978773,0.1729155547322746,12.903145417204822,9.55207551079376,1.1938183704761207,2.662189013567623,16.22795128438855,17.53675101190338,8.368582577520085,14.72974192691959,3,COMPLETE
192,1000000.0,1000000.0,0.08632002055135936,0.12131897405133021,0.0886123264897912,1000000.0,1000000.0,1000000.0,1000000.0,1000000.0,1000000.0,1000000.0,1000000.0,1000000.0,1000000.0,1000000.0,2026-03-27 02:49:42.447793,2026-03-27 02:51:08.213475,0 days 00:01:25.765682,0.04753726255755655,0.1086233050185069,0.3662873111936026,0.17524519330870458,0.4067309082100382,0.10581243804939185,0.8396035566203823,0.7527571531020829,15.227149486796332,0.855172357302774,23.25034487729397,11.414162968050556,2.990641646611442,18.909458126219103,22.89695265693244,3.3116537712887766,3,COMPLETE
193,1000000.0,1000000.0,1000000.0,1000000.0,1000000.0,1000000.0,1000000.0,1000000.0,1000000.0,1000000.0,1000000.0,1000000.0,1000000.0,1000000.0,1000000.0,1000000.0,2026-03-27 02:51:08.224402,2026-03-27 02:52:29.969479,0 days 00:01:21.745077,0.38978130830083446,0.49745594763292544,0.4450254565154679,0.816111763335584,0.6391979139663259,0.09983956834409533,0.32098451946109324,0.6213453057576726,23.111938556028942,0.3493038177202602,11.44568782637328,18.994967083817833,16.857542929250258,0.02376839403534505,22.89695265693244,16.510652747971903,3,COMPLETE
194,1000000.0,1000000.0,1000000.0,1000000.0,1000000.0,1000000.0,1000000.0,1000000.0,1000000.0,1000000.0,1000000.0,1000000.0,1000000.0,1000000.0,1000000.0,1000000.0,2026-03-27 02:52:29.981184,2026-03-27 02:52:50.779488,0 days 00:00:20.798304,0.9201949343458844,0.07411160566475607,0.5828885655161072,0.8609773266203685,0.5155282640390267,0.7040830768589377,0.7328033365674884,0.2055036438426762,13.41423758201213,5.157280969045736,21.260023930194908,16.475168318879913,0.3297800798218504,3.406480553043026,22.213467593212247,6.112027821198079,3,COMPLETE
195,1000000.0,1000000.0,0.1198078541581095,1000000.0,0.026195977858465256,1000000.0,1000000.0,1000000.0,1000000.0,1000000.0,1000000.0,1000000.0,0.5258009416290154,1000000.0,1000000.0,1000000.0,2026-03-27 02:52:50.790672,2026-03-27 02:54:15.998089,0 days 00:01:25.207417,0.38978130830083446,0.5091080418650433,0.7440447073825482,0.8856389215616685,0.1636985569221783,0.14255986340003865,0.21682645139293405,0.017141573306956547,23.111938556028942,11.74965743647482,4.755849281974349,14.017060394342668,22.015999700978195,20.85698131090428,20.142130897666952,16.510652747971903,3,COMPLETE
196,1000000.0,1000000.0,1000000.0,1000000.0,1000000.0,1000000.0,1000000.0,1000000.0,1000000.0,1000000.0,1000000.0,1000000.0,1000000.0,1000000.0,1000000.0,1000000.0,2026-03-27 02:54:16.009010,2026-03-27 02:54:36.773784,0 days 00:00:20.764774,0.5993494848755931,0.9272160667979397,0.10750574440615002,0.8416402751726477,0.8980082897770008,0.34852391906958985,0.656491910978773,0.7527571531020829,12.903145417204822,9.55207551079376,1.1938183704761207,6.350748876451178,21.022259543702653,14.655599565374503,0.9286377075552279,14.72974192691959,3,COMPLETE
197,1000000.0,1000000.0,1000000.0,1000000.0,1000000.0,1000000.0,1000000.0,1000000.0,1000000.0,1000000.0,1000000.0,1000000.0,1000000.0,1000000.0,1000000.0,1000000.0,2026-03-27 02:54:36.784484,2026-03-27 02:55:03.979833,0 days 00:00:27.195349,0.5993494848755931,0.4589911614231615,0.13585556606553073,0.5681708986419371,0.4067309082100382,0.34852391906958985,0.656491910978773,0.1729155547322746,12.903145417204822,6.1458685159809505,20.08659521899448,6.350748876451178,17.044111167620585,14.655599565374503,0.9286377075552279,14.72974192691959,3,COMPLETE
198,1000000.0,1000000.0,0.05329827349010487,0.2125556916490691,0.032131370125342,1000000.0,1000000.0,1000000.0,1000000.0,1000000.0,1000000.0,0.3807693810389417,0.46291077028820604,1000000.0,1000000.0,1000000.0,2026-03-27 02:55:03.990900,2026-03-27 02:56:29.496070,0 days 00:01:25.505170,0.19434276690089075,0.3308930906123468,0.882073862033187,0.10490483734021938,0.49925951439255534,0.29356622182872544,0.11013753367690134,0.5317284110038133,10.700245534655053,4.206821797106995,4.0039634023227535,2.3996853794289623,0.3297800798218504,3.406480553043026,14.898875124396334,6.502701749861743,3,COMPLETE
199,1000000.0,1000000.0,0.08370374478915403,0.07070591395332403,1000000.0,1000000.0,1000000.0,1000000.0,1000000.0,1000000.0,0.2708786273890188,1000000.0,1000000.0,1000000.0,1000000.0,1000000.0,2026-03-27 02:56:29.506747,2026-03-27 02:57:54.786264,0 days 00:01:25.279517,0.2636832641246321,0.4734016816737326,0.46149969293586307,0.22133239200559368,0.6391979139663259,0.14255986340003865,0.7335802997458245,0.6213453057576726,0.19767544823482855,11.74965743647482,18.816633276113514,6.121692610065195,19.829669753816116,0.8005203795171522,10.070617088003614,15.380899790546678,3,COMPLETE
200,1000000.0,1000000.0,0.047689696891050674,0.006211334591216811,1000000.0,1000000.0,1000000.0,1000000.0,1000000.0,1000000.0,0.2236593432491393,1000000.0,1000000.0,1000000.0,1000000.0,1000000.0,2026-03-27 02:57:54.797003,2026-03-27 02:59:20.674077,0 days 00:01:25.877074,0.8533491829725948,0.4734016816737326,0.46149969293586307,0.4271970155431605,0.6391979139663259,0.14255986340003865,0.8414442611902317,0.6213453057576726,3.1026710743988617,5.525152231868991,18.816633276113514,1.8736498279063647,24.06685693345404,2.282102194149232,10.070617088003614,15.380899790546678,4,COMPLETE
201,1000000.0,1000000.0,1000000.0,1000000.0,1000000.0,1000000.0,1000000.0,1000000.0,1000000.0,1000000.0,1000000.0,1000000.0,1000000.0,1000000.0,1000000.0,1000000.0,2026-03-27 02:59:20.686178,2026-03-27 02:59:48.099393,0 days 00:00:27.413215,0.04753726255755655,0.3566939980798594,0.10323523848729411,0.4271970155431605,0.23220619395567269,0.048458629742033944,0.8414442611902317,0.9270552828588717,11.494680084104543,16.7425492005099,6.570573344106687,5.59487262501663,24.06685693345404,16.655322259020945,10.070617088003614,16.52425539397861,4,COMPLETE
202,1000000.0,1000000.0,0.09266619189961285,0.17160413634519292,1000000.0,1000000.0,1000000.0,1000000.0,1000000.0,1000000.0,1000000.0,1000000.0,1000000.0,1000000.0,1000000.0,1000000.0,2026-03-27 02:59:48.109856,2026-03-27 03:01:13.410970,0 days 00:01:25.301114,0.2690657300012693,0.9273015659119106,0.46149969293586307,0.17524519330870458,0.8955881919886156,0.14255986340003865,0.7335802997458245,0.6025534001147111,4.315739410651196,6.1458685159809505,20.08659521899448,6.502807285793374,22.015999700978195,9.968139857103258,10.070617088003614,3.3116537712887766,4,COMPLETE
203,1000000.0,1000000.0,0.09141999666837643,0.17918272144064792,1000000.0,1000000.0,1000000.0,1000000.0,1000000.0,1000000.0,1000000.0,1000000.0,1000000.0,1000000.0,1000000.0,1000000.0,2026-03-27 03:01:13.421706,2026-03-27 03:02:39.222668,0 days 00:01:25.800962,0.2636832641246321,0.6955865732138418,0.46149969293586307,0.17524519330870458,0.6391979139663259,0.14255986340003865,0.7335802997458245,0.6025534001147111,15.227149486796332,9.590149851148997,18.816633276113514,6.121692610065195,19.829669753816116,16.655322259020945,22.311064866516688,3.3116537712887766,4,COMPLETE
204,1000000.0,1000000.0,0.09959608295941787,1000000.0,0.03737049224464566,1000000.0,1000000.0,1000000.0,1000000.0,1000000.0,1000000.0,1000000.0,0.4139368708030748,1000000.0,1000000.0,1000000.0,2026-03-27 03:02:39.233265,2026-03-27 03:04:05.460072,0 days 00:01:26.226807,0.752463180980785,0.5091080418650433,0.10323523848729411,0.8856389215616685,0.23220619395567269,0.14255986340003865,0.21682645139293405,0.017141573306956547,18.085904761594914,16.7425492005099,9.889305996758797,14.017060394342668,22.015999700978195,15.04881858178218,17.090544948683856,16.510652747971903,4,COMPLETE
205,1000000.0,1000000.0,1000000.0,1000000.0,1000000.0,1000000.0,1000000.0,1000000.0,1000000.0,1000000.0,1000000.0,1000000.0,1000000.0,1000000.0,1000000.0,1000000.0,2026-03-27 03:04:05.473992,2026-03-27 03:05:30.721140,0 days 00:01:25.247148,0.35240084811599076,0.9273015659119106,0.07778357637945574,0.17524519330870458,0.8980082897770008,0.10581243804939185,0.8623907708698942,0.7527571531020829,23.111938556028942,6.1458685159809505,20.08659521899448,18.994967083817833,16.857542929250258,20.85698131090428,22.89695265693244,3.3116537712887766,4,COMPLETE
206,1000000.0,1000000.0,1000000.0,1000000.0,1000000.0,1000000.0,1000000.0,1000000.0,1000000.0,1000000.0,1000000.0,1000000.0,1000000.0,1000000.0,1000000.0,1000000.0,2026-03-27 03:05:30.731916,2026-03-27 03:05:57.951421,0 days 00:00:27.219505,0.6509170273504011,0.5091080418650433,0.6092300644170181,0.4832140125976777,0.8980082897770008,0.048458629742033944,0.20033392700372105,0.4817218215541737,23.111938556028942,2.4173006819534533,19.966731868198373,24.681859226106685,22.303177575201634,12.417889027941694,24.72180665255011,13.141610768161886,4,COMPLETE
207,1000000.0,1000000.0,0.008472497838865299,1000000.0,1000000.0,1000000.0,1000000.0,1000000.0,1000000.0,1000000.0,1000000.0,1000000.0,1000000.0,1000000.0,1000000.0,1000000.0,2026-03-27 03:05:57.962964,2026-03-27 03:07:23.541598,0 days 00:01:25.578634,0.38978130830083446,0.5091080418650433,0.3662873111936026,0.7632013471294642,0.8980082897770008,0.10581243804939185,0.21682645139293405,0.4339355034992965,23.111938556028942,0.855172357302774,2.2126883313440286,18.994967083817833,16.857542929250258,18.909458126219103,22.89695265693244,16.510652747971903,4,COMPLETE
208,1000000.0,1000000.0,1000000.0,1000000.0,1000000.0,1000000.0,1000000.0,1000000.0,1000000.0,1000000.0,1000000.0,1000000.0,1000000.0,1000000.0,1000000.0,1000000.0,2026-03-27 03:07:23.553681,2026-03-27 03:08:47.323063,0 days 00:01:23.769382,0.11456933604383283,0.9273015659119106,0.05010503907559631,0.17524519330870458,0.5338092349715855,0.29356622182872544,0.656491910978773,0.6025534001147111,15.227149486796332,1.0157921694747662,20.08659521899448,22.537739539553467,12.334743687165258,3.406480553043026,22.213467593212247,6.502701749861743,4,COMPLETE
209,1000000.0,1000000.0,1000000.0,1000000.0,1000000.0,1000000.0,1000000.0,1000000.0,1000000.0,1000000.0,1000000.0,1000000.0,1000000.0,1000000.0,1000000.0,1000000.0,2026-03-27 03:08:47.336397,2026-03-27 03:10:00.106647,0 days 00:01:12.770250,0.12087254597587063,0.1086233050185069,0.10750574440615002,0.8416402751726477,0.5338092349715855,0.29356622182872544,0.3961141338546061,0.7527571531020829,14.230930260381518,24.990135124033184,15.5187778870855,22.537739539553467,12.854731781064666,3.406480553043026,22.213467593212247,6.502701749861743,4,COMPLETE
210,1000000.0,1000000.0,0.015223971197861896,1000000.0,1000000.0,1000000.0,1000000.0,1000000.0,1000000.0,1000000.0,0.19898995583478532,1000000.0,1000000.0,1000000.0,1000000.0,1000000.0,2026-03-27 03:10:00.118186,2026-03-27 03:11:25.722672,0 days 00:01:25.604486,0.6509170273504011,0.940149660145769,0.6092300644170181,0.7632013471294642,0.8980082897770008,0.10581243804939185,0.21682645139293405,0.7527571531020829,15.227149486796332,0.855172357302774,19.966731868198373,18.994967083817833,16.857542929250258,12.417889027941694,22.89695265693244,13.141610768161886,4,COMPLETE
211,1000000.0,1000000.0,1000000.0,1000000.0,1000000.0,1000000.0,1000000.0,1000000.0,1000000.0,1000000.0,1000000.0,1000000.0,1000000.0,1000000.0,1000000.0,1000000.0,2026-03-27 03:11:25.733573,2026-03-27 03:11:46.363356,0 days 00:00:20.629783,0.6509170273504011,0.5091080418650433,0.42145547237186,0.7632013471294642,0.8980082897770008,0.10581243804939185,0.144510538136074,0.7527571531020829,14.336082236658784,12.669842888654136,19.966731868198373,8.497448359305542,8.232864379143397,12.417889027941694,12.05904741938356,13.141610768161886,4,COMPLETE
212,1000000.0,1000000.0,1000000.0,1000000.0,1000000.0,1000000.0,1000000.0,1000000.0,1000000.0,1000000.0,1000000.0,1000000.0,1000000.0,1000000.0,1000000.0,1000000.0,2026-03-27 03:11:46.374579,2026-03-27 03:12:59.308408,0 days 00:01:12.933829,0.35240084811599076,0.1086233050185069,0.10750574440615002,0.8609773266203685,0.4067309082100382,0.29356622182872544,0.7349425531099127,0.7170074831278959,8.50272290479326,4.192864576439151,4.0039634023227535,22.537739539553467,16.68449281141588,3.406480553043026,5.1082873364278,0.19401518139406712,4,COMPLETE
213,1000000.0,1000000.0,1000000.0,1000000.0,1000000.0,1000000.0,1000000.0,1000000.0,1000000.0,1000000.0,1000000.0,1000000.0,1000000.0,1000000.0,1000000.0,1000000.0,2026-03-27 03:12:59.319311,2026-03-27 03:13:19.935899,0 days 00:00:20.616588,0.2690657300012693,0.43320563488083824,0.07778357637945574,0.8609773266203685,0.5338092349715855,0.048458629742033944,0.19044965499921127,0.5317284110038133,3.116420449198988,11.74965743647482,2.3618699632612206,6.502807285793374,0.3297800798218504,10.291851207032375,10.070617088003614,6.502701749861743,4,COMPLETE
214,1000000.0,1000000.0,0.13417672599008043,0.2652047830970822,0.4891419862963429,1000000.0,1000000.0,1000000.0,1000000.0,1000000.0,1000000.0,1000000.0,1000000.0,1000000.0,1000000.0,1000000.0,2026-03-27 03:13:19.946433,2026-03-27 03:14:45.545651,0 days 00:01:25.599218,0.4858433328611808,0.9273015659119106,0.5828885655161072,0.8609773266203685,0.5794047513261499,0.29356622182872544,0.8623907708698942,0.2055036438426762,18.276755046775563,24.990135124033184,7.325954200026158,22.537739539553467,4.06858719167553,3.406480553043026,22.213467593212247,6.502701749861743,4,COMPLETE
215,1000000.0,1000000.0,1000000.0,1000000.0,1000000.0,1000000.0,1000000.0,1000000.0,1000000.0,1000000.0,1000000.0,1000000.0,1000000.0,1000000.0,1000000.0,1000000.0,2026-03-27 03:14:45.556325,2026-03-27 03:15:09.805588,0 days 00:00:24.249263,0.9695324378906215,0.49745594763292544,0.4450254565154679,0.9727002550802128,0.5794047513261499,0.10548093970678966,0.32098451946109324,0.6025534001147111,7.788130077029203,23.100499573987648,7.325954200026158,5.59487262501663,4.06858719167553,16.655322259020945,13.838777546638186,3.3116537712887766,4,COMPLETE
216,1000000.0,1000000.0,1000000.0,1000000.0,1000000.0,1000000.0,1000000.0,1000000.0,1000000.0,1000000.0,1000000.0,1000000.0,1000000.0,1000000.0,1000000.0,1000000.0,2026-03-27 03:15:09.818177,2026-03-27 03:15:30.545683,0 days 00:00:20.727506,0.35240084811599076,0.9273015659119106,0.8680225562421504,0.9727002550802128,0.5794047513261499,0.10548093970678966,0.8623907708698942,0.6025534001147111,7.788130077029203,13.419946948700135,14.480048592783074,6.502807285793374,4.06858719167553,9.968139857103258,11.411617145352238,3.3116537712887766,4,COMPLETE
217,1000000.0,1000000.0,0.06730363296031527,0.12600066452887312,0.1443822138142644,1000000.0,1000000.0,1000000.0,1000000.0,1000000.0,0.30577929778533125,1000000.0,1000000.0,1000000.0,1000000.0,1000000.0,2026-03-27 03:15:30.557127,2026-03-27 03:16:56.045963,0 days 00:01:25.488836,0.35240084811599076,0.1086233050185069,0.10750574440615002,0.17524519330870458,0.4067309082100382,0.048458629742033944,0.8623907708698942,0.6025534001147111,15.227149486796332,6.1458685159809505,20.08659521899448,6.502807285793374,7.72886205309009,19.393309437116567,20.845132564819007,0.19401518139406712,4,COMPLETE
218,1000000.0,1000000.0,1000000.0,1000000.0,1000000.0,1000000.0,1000000.0,1000000.0,1000000.0,1000000.0,1000000.0,1000000.0,1000000.0,1000000.0,1000000.0,1000000.0,2026-03-27 03:16:56.057628,2026-03-27 03:18:08.814495,0 days 00:01:12.756867,0.44292427257117456,0.1086233050185069,0.3662873111936026,0.17524519330870458,0.4067309082100382,0.048458629742033944,0.3961141338546061,0.7170074831278959,15.227149486796332,0.855172357302774,23.25034487729397,0.07036114281967513,7.72886205309009,19.393309437116567,22.89695265693244,3.3116537712887766,4,COMPLETE
219,1000000.0,1000000.0,0.043012748787578846,1000000.0,1000000.0,1000000.0,1000000.0,1000000.0,1000000.0,1000000.0,0.24437453309603765,1000000.0,1000000.0,1000000.0,1000000.0,1000000.0,2026-03-27 03:18:08.825335,2026-03-27 03:19:34.034030,0 days 00:01:25.208695,0.4405537352832356,0.49745594763292544,0.4450254565154679,0.825213509398593,0.9188530021868051,0.10548093970678966,0.32098451946109324,0.6213453057576726,15.127522567911564,0.3493038177202602,18.6283626105338,23.10618075923542,17.827180233081393,2.3406477845908,6.213321170792406,16.00068957826149,4,COMPLETE
220,1000000.0,1000000.0,1000000.0,1000000.0,1000000.0,1000000.0,1000000.0,1000000.0,1000000.0,1000000.0,1000000.0,1000000.0,1000000.0,1000000.0,1000000.0,1000000.0,2026-03-27 03:19:34.045866,2026-03-27 03:19:54.555000,0 days 00:00:20.509134,0.3826649939883203,0.11861656837865918,0.02498668878531001,0.08402753439047576,0.5794047513261499,0.448020422660093,0.144510538136074,0.43371988679020973,15.127522567911564,12.669842888654136,12.963974835933758,23.10618075923542,3.012952674216892,18.21122745855342,11.411617145352238,16.00068957826149,4,COMPLETE
221,1000000.0,1000000.0,0.07722968642364858,0.1271977724068743,0.25448890171169253,1000000.0,1000000.0,1000000.0,1000000.0,1000000.0,0.3070487128745165,1000000.0,1000000.0,1000000.0,1000000.0,1000000.0,2026-03-27 03:19:54.565861,2026-03-27 03:21:20.566497,0 days 00:01:26.000636,0.35240084811599076,0.6955865732138418,0.3662873111936026,0.17524519330870458,0.5794047513261499,0.048458629742033944,0.8396035566203823,0.2055036438426762,18.276755046775563,1.2400390863102138,23.25034487729397,4.653992841863115,2.990641646611442,16.655322259020945,22.657565218407278,3.3116537712887766,4,COMPLETE
222,1000000.0,1000000.0,0.10775746938564361,1000000.0,0.38892867394679353,1000000.0,1000000.0,1000000.0,1000000.0,1000000.0,1000000.0,1000000.0,1000000.0,1000000.0,1000000.0,1000000.0,2026-03-27 03:21:20.576667,2026-03-27 03:22:46.109667,0 days 00:01:25.533000,0.19434276690089075,0.3308930906123468,0.882073862033187,0.9677180012133462,0.9836996465177444,0.29356622182872544,0.11013753367690134,0.5317284110038133,10.700245534655053,4.206821797106995,4.0039634023227535,18.23153135378109,2.211034426677409,0.8005203795171522,14.898875124396334,6.502701749861743,4,COMPLETE
223,1000000.0,1000000.0,1000000.0,1000000.0,1000000.0,1000000.0,1000000.0,1000000.0,1000000.0,1000000.0,1000000.0,1000000.0,1000000.0,1000000.0,1000000.0,1000000.0,2026-03-27 03:22:46.120692,2026-03-27 03:23:23.393995,0 days 00:00:37.273303,0.12087254597587063,0.4734016816737326,0.07778357637945574,0.17524519330870458,0.6391979139663259,0.30540996052141683,0.8623907708698942,0.6025534001147111,15.227149486796332,24.990135124033184,14.003064982436616,6.502807285793374,2.3808740092132887,10.291851207032375,10.070617088003614,15.380899790546678,4,COMPLETE
224,1000000.0,1000000.0,1000000.0,1000000.0,1000000.0,1000000.0,1000000.0,1000000.0,1000000.0,1000000.0,1000000.0,1000000.0,1000000.0,1000000.0,1000000.0,1000000.0,2026-03-27 03:23:23.405441,2026-03-27 03:24:36.241076,0 days 00:01:12.835635,0.565192615172066,0.6955865732138418,0.43499190707255087,0.08402753439047576,0.4067309082100382,0.048458629742033944,0.4842924188537502,0.6025534001147111,14.336082236658784,1.2400390863102138,0.9699504017181515,8.497448359305542,8.232864379143397,18.21122745855342,12.05904741938356,3.3116537712887766,4,COMPLETE
225,1000000.0,1000000.0,1000000.0,1000000.0,1000000.0,1000000.0,1000000.0,1000000.0,1000000.0,1000000.0,1000000.0,1000000.0,1000000.0,1000000.0,1000000.0,1000000.0,2026-03-27 03:24:36.252575,2026-03-27 03:24:56.808372,0 days 00:00:20.555797,0.2690657300012693,0.4734016816737326,0.8519770310093819,0.22133239200559368,0.4067309082100382,0.8435997426082747,0.3961141338546061,0.6320784058157981,23.852172759444052,24.11146666792807,20.137523351405278,6.121692610065195,22.015999700978195,10.291851207032375,7.471310740278318,15.380899790546678,4,COMPLETE
226,1000000.0,1000000.0,1000000.0,1000000.0,1000000.0,1000000.0,1000000.0,1000000.0,1000000.0,1000000.0,1000000.0,1000000.0,1000000.0,1000000.0,1000000.0,1000000.0,2026-03-27 03:24:56.820327,2026-03-27 03:25:17.307516,0 days 00:00:20.487189,0.6509170273504011,0.8146973832283123,0.07778357637945574,0.9802401008067853,0.6448191628896351,0.10548093970678966,0.36920948114530955,0.45679019582675656,3.2621889975285843,13.419946948700135,7.325954200026158,6.502807285793374,12.334743687165258,13.739497788161632,20.845132564819007,3.3116537712887766,4,COMPLETE
227,1000000.0,1000000.0,1000000.0,1000000.0,1000000.0,1000000.0,1000000.0,1000000.0,1000000.0,1000000.0,1000000.0,1000000.0,1000000.0,1000000.0,1000000.0,1000000.0,2026-03-27 03:25:17.320493,2026-03-27 03:25:44.441276,0 days 00:00:27.120783,0.04753726255755655,0.49745594763292544,0.4450254565154679,0.6628987467569829,0.38123091507916124,0.048458629742033944,0.32098451946109324,0.9270552828588717,11.494680084104543,23.100499573987648,14.996293360187861,5.59487262501663,23.320325499975624,16.655322259020945,10.070617088003614,16.52425539397861,4,COMPLETE
228,1000000.0,1000000.0,0.042804648427197785,1000000.0,0.03696033711759848,1000000.0,1000000.0,1000000.0,1000000.0,1000000.0,0.23490825640117896,1000000.0,0.3850035182539876,1000000.0,1000000.0,1000000.0,2026-03-27 03:25:44.454179,2026-03-27 03:27:09.896500,0 days 00:01:25.442321,0.10469953715964221,0.3592446467592388,0.5828885655161072,0.7736109557469404,0.2613958420681749,0.10548093970678966,0.8002426776394009,0.2055036438426762,18.276755046775563,24.990135124033184,7.325954200026158,22.537739539553467,4.06858719167553,3.406480553043026,22.213467593212247,15.327798493292129,4,COMPLETE
229,1000000.0,1000000.0,0.07125822809755579,0.1360772930290423,0.09267438142660109,1000000.0,1000000.0,1000000.0,1000000.0,1000000.0,0.294066063546559,1000000.0,1000000.0,1000000.0,1000000.0,1000000.0,2026-03-27 03:27:09.907384,2026-03-27 03:28:35.638400,0 days 00:01:25.731016,0.3826649939883203,0.11861656837865918,0.4450254565154679,0.17524519330870458,0.38123091507916124,0.10548093970678966,0.32098451946109324,0.43371988679020973,11.494680084104543,13.419946948700135,12.963974835933758,5.59487262501663,3.012952674216892,2.3406477845908,10.070617088003614,16.52425539397861,4,COMPLETE
230,1000000.0,1000000.0,0.06108432138730761,0.16892532824569842,0.3352488641742194,1000000.0,1000000.0,1000000.0,1000000.0,1000000.0,0.30931451633478907,0.35312986239829547,1000000.0,1000000.0,1000000.0,1000000.0,2026-03-27 03:28:35.648999,2026-03-27 03:30:01.038589,0 days 00:01:25.389590,0.11456933604383283,0.4589911614231615,0.5680831479575064,0.08402753439047576,0.5338092349715855,0.04447217856475382,0.656491910978773,0.3313953068683576,14.336082236658784,24.990135124033184,4.0039634023227535,22.537739539553467,4.492673249206467,3.406480553043026,22.213467593212247,23.317972821616813,4,COMPLETE
231,1000000.0,1000000.0,1000000.0,1000000.0,1000000.0,1000000.0,1000000.0,1000000.0,1000000.0,1000000.0,1000000.0,1000000.0,1000000.0,1000000.0,1000000.0,1000000.0,2026-03-27 03:30:01.049993,2026-03-27 03:31:22.904678,0 days 00:01:21.854685,0.12087254597587063,0.4589911614231615,0.6494471808280816,0.7736109557469404,0.2613958420681749,0.30540996052141683,0.656491910978773,0.2055036438426762,12.903145417204822,24.990135124033184,14.003064982436616,22.537739539553467,2.3808740092132887,3.406480553043026,22.213467593212247,14.733924714734936,4,COMPLETE
232,1000000.0,1000000.0,1000000.0,1000000.0,1000000.0,1000000.0,1000000.0,1000000.0,1000000.0,1000000.0,1000000.0,1000000.0,1000000.0,1000000.0,1000000.0,1000000.0,2026-03-27 03:31:22.915664,2026-03-27 03:32:47.042131,0 days 00:01:24.126467,0.35240084811599076,0.3592446467592388,0.07778357637945574,0.17524519330870458,0.2613958420681749,0.048458629742033944,0.8002426776394009,0.6025534001147111,15.227149486796332,20.954819834701457,14.003064982436616,22.537739539553467,12.334743687165258,3.406480553043026,22.213467593212247,3.3116537712887766,4,COMPLETE
233,1000000.0,1000000.0,0.029255602295419843,0.12125415370610387,0.07863968451180886,1000000.0,1000000.0,1000000.0,1000000.0,1000000.0,1000000.0,1000000.0,1000000.0,1000000.0,1000000.0,1000000.0,2026-03-27 03:32:47.053490,2026-03-27 03:34:12.668925,0 days 00:01:25.615435,0.8533491829725948,0.3566939980798594,0.10323523848729411,0.4271970155431605,0.9836996465177444,0.6908369927643986,0.21682645139293405,0.7527571531020829,7.676441564236882,16.7425492005099,18.816633276113514,1.8736498279063647,13.872765173409892,0.8005203795171522,14.482395734341585,22.559228898153115,4,COMPLETE
234,1000000.0,1000000.0,0.0475166711413869,1000000.0,0.02986225892230835,1000000.0,1000000.0,1000000.0,1000000.0,1000000.0,0.28918577821568414,1000000.0,1000000.0,1000000.0,1000000.0,1000000.0,2026-03-27 03:34:12.680725,2026-03-27 03:35:38.454080,0 days 00:01:25.773355,0.2636832641246321,0.3592446467592388,0.6494471808280816,0.7736109557469404,0.2613958420681749,0.07393182880556347,0.8002426776394009,0.6213453057576726,0.19767544823482855,11.74965743647482,14.003064982436616,22.537739539553467,19.829669753816116,0.8005203795171522,22.213467593212247,15.380899790546678,4,COMPLETE
235,1000000.0,1000000.0,1000000.0,1000000.0,1000000.0,1000000.0,1000000.0,1000000.0,1000000.0,1000000.0,1000000.0,1000000.0,1000000.0,1000000.0,1000000.0,1000000.0,2026-03-27 03:35:38.464978,2026-03-27 03:36:41.134059,0 days 00:01:02.669081,0.4858433328611808,0.9273015659119106,0.7440447073825482,0.8609773266203685,0.967891568108562,0.6908369927643986,0.21682645139293405,0.7527571531020829,18.276755046775563,24.990135124033184,18.816633276113514,16.223091708309155,16.857542929250258,0.8005203795171522,22.89695265693244,6.502701749861743,4,COMPLETE
236,1000000.0,1000000.0,1000000.0,1000000.0,1000000.0,1000000.0,1000000.0,1000000.0,1000000.0,1000000.0,1000000.0,1000000.0,1000000.0,1000000.0,1000000.0,1000000.0,2026-03-27 03:36:41.145291,2026-03-27 03:37:02.635496,0 days 00:00:21.490205,0.04753726255755655,0.8146973832283123,0.3662873111936026,0.76274127293352,0.4067309082100382,0.4182227391596416,0.20033392700372105,0.7527571531020829,15.227149486796332,0.855172357302774,19.966731868198373,24.681859226106685,2.990641646611442,18.909458126219103,23.09676141161119,13.141610768161886,4,COMPLETE
237,1000000.0,1000000.0,0.06958583726915919,0.12347606305402614,1000000.0,1000000.0,1000000.0,1000000.0,1000000.0,1000000.0,0.3063372039398843,1000000.0,1000000.0,1000000.0,1000000.0,1000000.0,2026-03-27 03:37:02.646801,2026-03-27 03:38:28.408323,0 days 00:01:25.761522,0.35240084811599076,0.9273015659119106,0.8680225562421504,0.17524519330870458,0.8955881919886156,0.048458629742033944,0.8623907708698942,0.6025534001147111,15.227149486796332,6.1458685159809505,20.08659521899448,6.502807285793374,2.239213977429966,9.968139857103258,22.657565218407278,3.3116537712887766,4,COMPLETE
238,1000000.0,1000000.0,1000000.0,1000000.0,1000000.0,1000000.0,1000000.0,1000000.0,1000000.0,1000000.0,1000000.0,1000000.0,1000000.0,1000000.0,1000000.0,1000000.0,2026-03-27 03:38:28.421138,2026-03-27 03:38:48.925882,0 days 00:00:20.504744,0.8533491829725948,0.3592446467592388,0.10323523848729411,0.8609773266203685,0.4067309082100382,0.6908369927643986,0.7349425531099127,0.2055036438426762,23.053890124600418,16.7425492005099,18.816633276113514,1.8736498279063647,24.06685693345404,18.073938319277147,10.900544347010323,3.3116537712887766,4,COMPLETE
239,1000000.0,1000000.0,1000000.0,0.08541164852128821,0.10459249909391756,1000000.0,1000000.0,1000000.0,1000000.0,1000000.0,1000000.0,0.28688182674090484,1000000.0,1000000.0,1000000.0,1000000.0,2026-03-27 03:38:48.938513,2026-03-27 03:40:14.500776,0 days 00:01:25.562263,0.2690657300012693,0.4734016816737326,0.07778357637945574,0.10106587474488772,0.4067309082100382,0.8820301922020268,0.7335802997458245,0.6213453057576726,15.227149486796332,6.1458685159809505,2.3618699632612206,6.502807285793374,12.334743687165258,16.655322259020945,20.845132564819007,3.3116537712887766,4,COMPLETE
240,1000000.0,1000000.0,1000000.0,1000000.0,1000000.0,1000000.0,1000000.0,1000000.0,1000000.0,1000000.0,1000000.0,1000000.0,1000000.0,1000000.0,1000000.0,1000000.0,2026-03-27 03:40:14.511733,2026-03-27 03:40:41.824564,0 days 00:00:27.312831,0.6462241857476497,0.4734016816737326,0.07778357637945574,0.7632013471294642,0.6391979139663259,0.048458629742033944,0.21682645139293405,0.6025534001147111,3.5729761457947893,11.74965743647482,19.966731868198373,6.502807285793374,16.857542929250258,12.417889027941694,10.070617088003614,15.380899790546678,4,COMPLETE
241,1000000.0,1000000.0,1000000.0,1000000.0,1000000.0,1000000.0,1000000.0,1000000.0,1000000.0,1000000.0,1000000.0,1000000.0,1000000.0,1000000.0,1000000.0,1000000.0,2026-03-27 03:40:41.835229,2026-03-27 03:41:03.147028,0 days 00:00:21.311799,0.8220233683036078,0.21445185918398804,0.5884798472427328,0.6774156236492264,0.8562013515991745,0.7568469399517427,0.5462105606194189,0.7070561849648365,0.3112439355599486,23.53059000522425,24.313381698499146,2.799024448280032,10.141524876571593,9.32099988378303,7.238700854011784,3.5010109128702473,4,COMPLETE
242,1000000.0,1000000.0,0.006647510069491382,1000000.0,0.10795593698353806,1000000.0,1000000.0,1000000.0,1000000.0,1000000.0,1000000.0,1000000.0,1000000.0,1000000.0,1000000.0,1000000.0,2026-03-27 03:41:03.158313,2026-03-27 03:42:29.090992,0 days 00:01:25.932679,0.4858433328611808,0.07051941277168566,0.09673007434862858,0.8609773266203685,0.5794047513261499,0.10548093970678966,0.8623907708698942,0.2055036438426762,7.788130077029203,13.419946948700135,6.671600197910619,23.10618075923542,4.06858719167553,16.655322259020945,11.411617145352238,11.261511533235144,4,COMPLETE
243,1000000.0,1000000.0,0.07549743284785279,0.13612683641696782,0.19590790599756125,1000000.0,1000000.0,1000000.0,1000000.0,1000000.0,0.3071679045562793,1000000.0,1000000.0,1000000.0,1000000.0,1000000.0,2026-03-27 03:42:29.102878,2026-03-27 03:43:54.902929,0 days 00:01:25.800051,0.38531818514404753,0.4734016816737326,0.4450254565154679,0.17524519330870458,0.38123091507916124,0.048458629742033944,0.7335802997458245,0.9270552828588717,0.19767544823482855,11.74965743647482,14.996293360187861,5.59487262501663,22.015999700978195,10.291851207032375,10.070617088003614,16.52425539397861,4,COMPLETE
244,1000000.0,1000000.0,0.08370374478915403,0.07070591395332403,1000000.0,1000000.0,1000000.0,1000000.0,1000000.0,1000000.0,0.2708786273890188,1000000.0,1000000.0,1000000.0,1000000.0,1000000.0,2026-03-27 03:43:54.914301,2026-03-27 03:45:20.532530,0 days 00:01:25.618229,0.2636832641246321,0.4734016816737326,0.46149969293586307,0.22133239200559368,0.6391979139663259,0.14255986340003865,0.7335802997458245,0.6213453057576726,0.19767544823482855,11.74965743647482,18.816633276113514,6.121692610065195,19.829669753816116,0.8005203795171522,10.070617088003614,15.380899790546678,4,COMPLETE
245,1000000.0,1000000.0,1000000.0,1000000.0,1000000.0,1000000.0,1000000.0,1000000.0,1000000.0,1000000.0,1000000.0,1000000.0,1000000.0,1000000.0,1000000.0,1000000.0,2026-03-27 03:45:20.544346,2026-03-27 03:45:44.382401,0 days 00:00:23.838055,0.12087254597587063,0.5091080418650433,0.5828885655161072,0.8856389215616685,0.1636985569221783,0.29356622182872544,0.7349425531099127,0.2055036438426762,18.276755046775563,24.990135124033184,4.755849281974349,3.5123216350251387,22.015999700978195,7.176349336480675,22.213467593212247,6.502701749861743,4,COMPLETE
246,1000000.0,1000000.0,0.08895319201656561,0.3658530288541604,0.24895346838966467,1000000.0,1000000.0,1000000.0,1000000.0,1000000.0,1000000.0,1000000.0,0.5158312285065616,1000000.0,1000000.0,1000000.0,2026-03-27 03:45:44.393856,2026-03-27 03:47:09.987209,0 days 00:01:25.593353,0.12087254597587063,0.2267353245055709,0.882073862033187,0.8609773266203685,0.1636985569221783,0.30540996052141683,0.7335802997458245,0.2055036438426762,3.116420449198988,11.74965743647482,14.003064982436616,22.537739539553467,2.3808740092132887,3.406480553043026,22.213467593212247,6.502701749861743,4,COMPLETE
247,1000000.0,1000000.0,0.07612553488707645,0.1321930165271185,0.17094937098844787,1000000.0,1000000.0,1000000.0,1000000.0,1000000.0,0.3068984789894727,1000000.0,1000000.0,1000000.0,1000000.0,1000000.0,2026-03-27 03:47:09.999912,2026-03-27 03:48:36.414418,0 days 00:01:26.414506,0.04753726255755655,0.49745594763292544,0.3662873111936026,0.17524519330870458,0.5505952433029866,0.048458629742033944,0.8396035566203823,0.9270552828588717,15.227149486796332,23.100499573987648,15.5187778870855,4.653992841863115,2.239213977429966,16.655322259020945,14.614548027788308,16.52425539397861,4,COMPLETE
248,1000000.0,1000000.0,0.11091092763759186,0.12389935992143417,1000000.0,1000000.0,1000000.0,1000000.0,1000000.0,1000000.0,1000000.0,1000000.0,1000000.0,1000000.0,1000000.0,1000000.0,2026-03-27 03:48:36.424962,2026-03-27 03:50:02.276191,0 days 00:01:25.851229,0.2690657300012693,0.4734016816737326,0.46149969293586307,0.22133239200559368,0.6391979139663259,0.14255986340003865,0.22734372305168113,0.6213453057576726,0.19767544823482855,11.74965743647482,2.3618699632612206,6.121692610065195,22.015999700978195,10.291851207032375,10.070617088003614,15.380899790546678,4,COMPLETE
249,1000000.0,1000000.0,1000000.0,1000000.0,1000000.0,1000000.0,1000000.0,1000000.0,1000000.0,1000000.0,1000000.0,1000000.0,1000000.0,1000000.0,1000000.0,1000000.0,2026-03-27 03:50:02.288363,2026-03-27 03:50:29.582706,0 days 00:00:27.294343,0.6509170273504011,0.9273015659119106,0.8387060522917666,0.250944211986152,0.38904831794731015,0.048458629742033944,0.20033392700372105,0.6025534001147111,7.788130077029203,11.74965743647482,7.325954200026158,24.681859226106685,4.06858719167553,13.739497788161632,10.070617088003614,13.141610768161886,4,COMPLETE
250,1000000.0,1000000.0,1000000.0,1000000.0,1000000.0,1000000.0,1000000.0,1000000.0,1000000.0,1000000.0,1000000.0,1000000.0,1000000.0,1000000.0,1000000.0,1000000.0,2026-03-27 03:50:29.593263,2026-03-27 03:50:50.275725,0 days 00:00:20.682462,0.38978130830083446,0.4734016816737326,0.46149969293586307,0.8856389215616685,0.4067309082100382,0.34325165935849433,0.7335802997458245,0.017141573306956547,15.227149486796332,6.1458685159809505,4.755849281974349,6.502807285793374,22.015999700978195,16.655322259020945,20.142130897666952,3.3116537712887766,5,COMPLETE
251,1000000.0,1000000.0,0.08137576098113451,0.1549522934904523,0.06546033503110324,1000000.0,1000000.0,1000000.0,1000000.0,1000000.0,1000000.0,1000000.0,1000000.0,1000000.0,1000000.0,1000000.0,2026-03-27 03:50:50.286695,2026-03-27 03:52:15.951326,0 days 00:01:25.664631,0.9695324378906215,0.9273015659119106,0.09673007434862858,0.17524519330870458,0.38123091507916124,0.10548093970678966,0.32098451946109324,0.43371988679020973,7.788130077029203,13.419946948700135,21.312155098786334,5.59487262501663,3.012952674216892,16.655322259020945,13.619341780303014,4.74227393535199,5,COMPLETE
252,1000000.0,1000000.0,1000000.0,0.13445922301803243,0.11943011251992491,1000000.0,1000000.0,1000000.0,1000000.0,1000000.0,1000000.0,1000000.0,1000000.0,1000000.0,1000000.0,1000000.0,2026-03-27 03:52:15.962861,2026-03-27 03:53:42.415737,0 days 00:01:26.452876,0.35068283215747564,0.7955922247876615,0.8519770310093819,0.17524519330870458,0.4067309082100382,0.8435997426082747,0.3961141338546061,0.8966552455811728,15.227149486796332,21.09805960762797,20.137523351405278,6.659799243926946,7.72886205309009,18.909458126219103,7.471310740278318,3.4671497291246975,5,COMPLETE
253,1000000.0,1000000.0,1000000.0,1000000.0,1000000.0,1000000.0,1000000.0,1000000.0,1000000.0,1000000.0,1000000.0,1000000.0,1000000.0,1000000.0,1000000.0,1000000.0,2026-03-27 03:53:42.426928,2026-03-27 03:54:09.920775,0 days 00:00:27.493847,0.19434276690089075,0.3308930906123468,0.43499190707255087,0.3874982015314117,0.49925951439255534,0.04447217856475382,0.11013753367690134,0.3313953068683576,10.700245534655053,4.206821797106995,4.0039634023227535,8.497448359305542,8.232864379143397,3.406480553043026,12.05904741938356,23.317972821616813,5,COMPLETE
254,1000000.0,1000000.0,1000000.0,1000000.0,1000000.0,1000000.0,1000000.0,1000000.0,1000000.0,1000000.0,1000000.0,1000000.0,1000000.0,1000000.0,1000000.0,1000000.0,2026-03-27 03:54:09.931893,2026-03-27 03:54:37.067840,0 days 00:00:27.135947,0.19434276690089075,0.07051941277168566,0.882073862033187,0.10490483734021938,0.49925951439255534,0.29356622182872544,0.11013753367690134,0.2055036438426762,7.788130077029203,4.206821797106995,4.0039634023227535,2.3996853794289623,0.3297800798218504,16.655322259020945,11.411617145352238,11.261511533235144,5,COMPLETE
255,1000000.0,1000000.0,1000000.0,1000000.0,1000000.0,1000000.0,1000000.0,1000000.0,1000000.0,1000000.0,1000000.0,1000000.0,1000000.0,1000000.0,1000000.0,1000000.0,2026-03-27 03:54:37.078697,2026-03-27 03:56:01.984838,0 days 00:01:24.906141,0.35240084811599076,0.4589911614231615,0.5680831479575064,0.17524519330870458,0.5338092349715855,0.04447217856475382,0.656491910978773,0.3313953068683576,14.336082236658784,24.990135124033184,23.25034487729397,22.537739539553467,4.492673249206467,3.406480553043026,22.213467593212247,3.3116537712887766,5,COMPLETE
256,1000000.0,1000000.0,0.09177443844695009,0.31096297085737484,0.26447590627808226,1000000.0,1000000.0,1000000.0,1000000.0,1000000.0,1000000.0,1000000.0,0.4653274918405802,1000000.0,1000000.0,1000000.0,2026-03-27 03:56:01.995316,2026-03-27 03:57:28.408877,0 days 00:01:26.413561,0.12087254597587063,0.3592446467592388,0.6494471808280816,0.7736109557469404,0.2613958420681749,0.30540996052141683,0.8002426776394009,0.2055036438426762,21.088770349497096,24.990135124033184,9.364852130457994,22.537739539553467,2.3808740092132887,3.406480553043026,22.213467593212247,15.327798493292129,5,COMPLETE
257,1000000.0,1000000.0,1000000.0,1000000.0,1000000.0,1000000.0,1000000.0,1000000.0,1000000.0,1000000.0,1000000.0,1000000.0,1000000.0,1000000.0,1000000.0,1000000.0,2026-03-27 03:57:28.419548,2026-03-27 03:57:55.683518,0 days 00:00:27.263970,0.8533491829725948,0.9662106523213966,0.10323523848729411,0.4271970155431605,0.11939723932836556,0.11227705775593351,0.8396035566203823,0.021181156763885364,18.085904761594914,16.7425492005099,9.889305996758797,22.229084301744958,24.06685693345404,18.073938319277147,14.482395734341585,16.751754090776785,5,COMPLETE
258,1000000.0,1000000.0,0.021455662338325823,1000000.0,0.16398124880067366,1000000.0,1000000.0,1000000.0,1000000.0,1000000.0,0.21888499820795343,1000000.0,1000000.0,1000000.0,1000000.0,1000000.0,2026-03-27 03:57:55.695436,2026-03-27 03:59:21.505853,0 days 00:01:25.810417,0.38978130830083446,0.49745594763292544,0.4450254565154679,0.816111763335584,0.6391979139663259,0.3782284438147583,0.7335802997458245,0.6213453057576726,3.116420449198988,0.3493038177202602,4.980956204901533,22.537739539553467,3.8410257963476497,0.02376839403534505,22.213467593212247,16.52425539397861,5,COMPLETE
259,1000000.0,1000000.0,0.05342175621816116,0.17323026643210854,0.17245737311232137,1000000.0,1000000.0,1000000.0,1000000.0,1000000.0,0.30943266193611607,0.3569220654456002,1000000.0,1000000.0,1000000.0,1000000.0,2026-03-27 03:59:21.516963,2026-03-27 04:00:47.059872,0 days 00:01:25.542909,0.565192615172066,0.1086233050185069,0.43499190707255087,0.08402753439047576,0.4067309082100382,0.048458629742033944,0.144510538136074,0.3313953068683576,14.336082236658784,12.669842888654136,20.08659521899448,8.497448359305542,8.232864379143397,5.017799374338482,12.05904741938356,0.19401518139406712,5,COMPLETE
260,1000000.0,1000000.0,0.13328388566657096,0.18566073493300048,0.49546048002271514,1000000.0,1000000.0,1000000.0,1000000.0,1000000.0,1000000.0,1000000.0,1000000.0,1000000.0,1000000.0,1000000.0,2026-03-27 04:00:47.072875,2026-03-27 04:02:12.951139,0 days 00:01:25.878264,0.12087254597587063,0.3592446467592388,0.02498668878531001,0.8609773266203685,0.5794047513261499,0.29356622182872544,0.8623907708698942,0.5317284110038133,15.127522567911564,13.419946948700135,12.963974835933758,23.10618075923542,3.012952674216892,3.406480553043026,22.213467593212247,6.502701749861743,5,COMPLETE
261,1000000.0,1000000.0,0.04065101852603986,1000000.0,1000000.0,1000000.0,1000000.0,1000000.0,1000000.0,1000000.0,0.23381722590999393,1000000.0,1000000.0,1000000.0,1000000.0,1000000.0,2026-03-27 04:02:12.962319,2026-03-27 04:03:38.845848,0 days 00:01:25.883529,0.35240084811599076,0.3592446467592388,0.6092300644170181,0.7632013471294642,0.8980082897770008,0.10581243804939185,0.7349425531099127,0.7527571531020829,15.227149486796332,0.855172357302774,19.966731868198373,18.994967083817833,16.857542929250258,3.406480553043026,22.89695265693244,13.141610768161886,5,COMPLETE
262,1000000.0,1000000.0,0.09959608295941787,1000000.0,0.03737049224464566,1000000.0,1000000.0,1000000.0,1000000.0,1000000.0,1000000.0,1000000.0,0.4139368708030748,1000000.0,1000000.0,1000000.0,2026-03-27 04:03:38.857562,2026-03-27 04:05:04.285337,0 days 00:01:25.427775,0.752463180980785,0.5091080418650433,0.10323523848729411,0.8856389215616685,0.23220619395567269,0.14255986340003865,0.21682645139293405,0.017141573306956547,18.085904761594914,16.7425492005099,9.889305996758797,14.017060394342668,22.015999700978195,15.04881858178218,17.090544948683856,16.510652747971903,5,COMPLETE
263,1000000.0,1000000.0,0.13787856468257906,0.2715435271021052,0.2784978283259503,1000000.0,1000000.0,1000000.0,1000000.0,1000000.0,1000000.0,1000000.0,0.509960899922021,1000000.0,1000000.0,1000000.0,2026-03-27 04:05:04.295955,2026-03-27 04:06:30.785985,0 days 00:01:26.490030,0.12087254597587063,0.3592446467592388,0.5828885655161072,0.8609773266203685,0.2613958420681749,0.29356622182872544,0.7349425531099127,0.2055036438426762,23.053890124600418,24.990135124033184,4.0039634023227535,22.537739539553467,0.3297800798218504,3.406480553043026,20.845132564819007,3.3116537712887766,5,COMPLETE
264,1000000.0,1000000.0,1000000.0,1000000.0,1000000.0,1000000.0,1000000.0,1000000.0,1000000.0,1000000.0,1000000.0,1000000.0,1000000.0,1000000.0,1000000.0,1000000.0,2026-03-27 04:06:30.798084,2026-03-27 04:06:51.474215,0 days 00:00:20.676131,0.2636832641246321,0.3566939980798594,0.7440447073825482,0.9677180012133462,0.5794047513261499,0.6908369927643986,0.8623907708698942,0.7527571531020829,7.676441564236882,13.419946948700135,18.816633276113514,23.10618075923542,16.857542929250258,16.655322259020945,22.89695265693244,3.3116537712887766,5,COMPLETE
265,1000000.0,1000000.0,1000000.0,1000000.0,1000000.0,1000000.0,1000000.0,1000000.0,1000000.0,1000000.0,1000000.0,1000000.0,1000000.0,1000000.0,1000000.0,1000000.0,2026-03-27 04:06:51.486778,2026-03-27 04:07:28.816171,0 days 00:00:37.329393,0.38978130830083446,0.940149660145769,0.3662873111936026,0.7632013471294642,0.8980082897770008,0.20591201770106995,0.21682645139293405,0.4339355034992965,15.227149486796332,0.855172357302774,2.2126883313440286,18.994967083817833,16.857542929250258,18.909458126219103,22.89695265693244,16.510652747971903,5,COMPLETE
266,1000000.0,1000000.0,0.07612553488707645,0.1321930165271185,0.17094937098844787,1000000.0,1000000.0,1000000.0,1000000.0,1000000.0,0.30689848308507506,1000000.0,1000000.0,1000000.0,1000000.0,1000000.0,2026-03-27 04:07:28.829837,2026-03-27 04:08:54.086407,0 days 00:01:25.256570,0.2690657300012693,0.4734016816737326,0.3662873111936026,0.17524519330870458,0.5505952433029866,0.04040259565218363,0.7335802997458245,0.6213453057576726,15.227149486796332,22.410620031147946,15.5187778870855,4.653992841863115,2.239213977429966,16.655322259020945,20.845132564819007,3.3116537712887766,5,COMPLETE
267,1000000.0,1000000.0,1000000.0,1000000.0,1000000.0,1000000.0,1000000.0,1000000.0,1000000.0,1000000.0,1000000.0,1000000.0,1000000.0,1000000.0,1000000.0,1000000.0,2026-03-27 04:08:54.097378,2026-03-27 04:09:14.792148,0 days 00:00:20.694770,0.2690657300012693,0.4837400366855389,0.07778357637945574,0.17524519330870458,0.6391979139663259,0.6437087514198359,0.144510538136074,0.6025534001147111,15.227149486796332,11.74965743647482,2.3618699632612206,6.502807285793374,12.334743687165258,18.21122745855342,12.05904741938356,15.380899790546678,5,COMPLETE
268,1000000.0,1000000.0,0.006223630496619944,1000000.0,0.09602653270385546,1000000.0,1000000.0,1000000.0,1000000.0,1000000.0,1000000.0,1000000.0,1000000.0,1000000.0,1000000.0,1000000.0,2026-03-27 04:09:14.803660,2026-03-27 04:10:40.086185,0 days 00:01:25.282525,0.4858433328611808,0.07051941277168566,0.09673007434862858,0.8609773266203685,0.5794047513261499,0.10548093970678966,0.8623907708698942,0.6025534001147111,7.788130077029203,0.855172357302774,15.5187778870855,11.414162968050556,4.06858719167553,16.655322259020945,22.89695265693244,11.261511533235144,5,COMPLETE
269,1000000.0,1000000.0,0.07206522108750461,0.10100766384527046,0.016317546985236683,1000000.0,1000000.0,1000000.0,1000000.0,1000000.0,0.2734909217942797,1000000.0,0.43316327831846047,1000000.0,1000000.0,1000000.0,2026-03-27 04:10:40.097613,2026-03-27 04:12:06.359963,0 days 00:01:26.262350,0.04753726255755655,0.3592446467592388,0.6494471808280816,0.17524519330870458,0.2613958420681749,0.10581243804939185,0.8002426776394009,0.6213453057576726,15.227149486796332,0.855172357302774,14.003064982436616,11.414162968050556,2.990641646611442,7.006334444527836,22.89695265693244,15.380899790546678,5,COMPLETE
270,1000000.0,1000000.0,0.14089564149469558,0.2761583957714575,0.2717394130619178,1000000.0,1000000.0,1000000.0,1000000.0,1000000.0,1000000.0,1000000.0,0.5160403356543539,1000000.0,1000000.0,1000000.0,2026-03-27 04:12:06.371781,2026-03-27 04:13:31.897762,0 days 00:01:25.525981,0.12087254597587063,0.9662106523213966,0.3662873111936026,0.8609773266203685,0.23220619395567269,0.29356622182872544,0.7349425531099127,0.4080051646084188,18.276755046775563,24.990135124033184,4.0039634023227535,22.537739539553467,0.3297800798218504,3.406480553043026,22.213467593212247,16.751754090776785,5,COMPLETE
271,1000000.0,1000000.0,0.0061010982797275945,1000000.0,0.07929894421181209,1000000.0,1000000.0,1000000.0,1000000.0,1000000.0,1000000.0,1000000.0,0.43784004096053136,1000000.0,1000000.0,1000000.0,2026-03-27 04:13:31.910230,2026-03-27 04:14:58.310382,0 days 00:01:26.400152,0.04753726255755655,0.5091080418650433,0.3662873111936026,0.8856389215616685,0.23220619395567269,0.10581243804939185,0.8396035566203823,0.017141573306956547,18.085904761594914,16.7425492005099,23.25034487729397,11.414162968050556,2.423793970968869,18.909458126219103,17.090544948683856,3.3116537712887766,5,COMPLETE
272,1000000.0,1000000.0,0.008358979814892246,1000000.0,1000000.0,1000000.0,1000000.0,1000000.0,1000000.0,1000000.0,1000000.0,1000000.0,1000000.0,1000000.0,1000000.0,1000000.0,2026-03-27 04:14:58.322103,2026-03-27 04:16:23.643892,0 days 00:01:25.321789,0.04753726255755655,0.1086233050185069,0.10750574440615002,0.8416402751726477,0.8955881919886156,0.10581243804939185,0.3961141338546061,0.7527571531020829,14.230930260381518,0.855172357302774,15.5187778870855,11.414162968050556,12.854731781064666,18.909458126219103,22.89695265693244,21.958481437006622,5,COMPLETE
273,1000000.0,1000000.0,1000000.0,1000000.0,1000000.0,1000000.0,1000000.0,1000000.0,1000000.0,1000000.0,1000000.0,1000000.0,1000000.0,1000000.0,1000000.0,1000000.0,2026-03-27 04:16:23.655533,2026-03-27 04:16:47.584440,0 days 00:00:23.928907,0.38978130830083446,0.5091080418650433,0.8680225562421504,0.8856389215616685,0.1636985569221783,0.048458629742033944,0.8623907708698942,0.6025534001147111,23.111938556028942,11.74965743647482,4.755849281974349,6.502807285793374,17.679140386531834,9.968139857103258,22.657565218407278,3.3116537712887766,5,COMPLETE
274,1000000.0,1000000.0,0.1399672123618173,0.2697130560797611,0.10201073820626863,1000000.0,1000000.0,1000000.0,1000000.0,1000000.0,1000000.0,1000000.0,1000000.0,1000000.0,1000000.0,1000000.0,2026-03-27 04:16:47.594936,2026-03-27 04:18:12.899658,0 days 00:01:25.304722,0.38978130830083446,0.3592446467592388,0.5828885655161072,0.8609773266203685,0.8980082897770008,0.29356622182872544,0.7349425531099127,0.2055036438426762,23.111938556028942,0.855172357302774,2.2126883313440286,22.537739539553467,16.857542929250258,3.406480553043026,22.89695265693244,16.510652747971903,5,COMPLETE
275,1000000.0,1000000.0,0.044129018866818776,1000000.0,0.08185498607493193,1000000.0,1000000.0,1000000.0,1000000.0,1000000.0,0.23296798798864532,1000000.0,1000000.0,1000000.0,1000000.0,1000000.0,2026-03-27 04:18:12.911110,2026-03-27 04:19:38.370263,0 days 00:01:25.459153,0.6509170273504011,0.2267353245055709,0.6092300644170181,0.8609773266203685,0.8980082897770008,0.10581243804939185,0.7335802997458245,0.2055036438426762,3.116420449198988,0.855172357302774,19.966731868198373,18.994967083817833,2.3808740092132887,3.406480553043026,22.89695265693244,13.141610768161886,5,COMPLETE
276,1000000.0,1000000.0,0.0762462407972791,0.12506316825949976,0.08624914262603793,1000000.0,1000000.0,1000000.0,1000000.0,1000000.0,0.30665056160201287,1000000.0,1000000.0,1000000.0,1000000.0,1000000.0,2026-03-27 04:19:38.381785,2026-03-27 04:21:03.973010,0 days 00:01:25.591225,0.04753726255755655,0.6955865732138418,0.4450254565154679,0.17524519330870458,0.38123091507916124,0.048458629742033944,0.8396035566203823,0.16440088640289807,15.227149486796332,23.100499573987648,14.996293360187861,5.59487262501663,2.990641646611442,16.655322259020945,10.070617088003614,3.3116537712887766,5,COMPLETE
277,1000000.0,1000000.0,0.0060622580821230974,1000000.0,0.22618705462988245,1000000.0,1000000.0,1000000.0,1000000.0,1000000.0,1000000.0,1000000.0,1000000.0,1000000.0,1000000.0,1000000.0,2026-03-27 04:21:03.983891,2026-03-27 04:22:29.453538,0 days 00:01:25.469647,0.9695324378906215,0.04863517631041256,0.09673007434862858,0.9802401008067853,0.6448191628896351,0.10548093970678966,0.36920948114530955,0.45679019582675656,17.668334938464362,13.419946948700135,7.325954200026158,23.10618075923542,4.06858719167553,19.336553685076222,7.471310740278318,3.0572742421388828,5,COMPLETE
278,1000000.0,1000000.0,1000000.0,1000000.0,1000000.0,1000000.0,1000000.0,1000000.0,1000000.0,1000000.0,1000000.0,1000000.0,1000000.0,1000000.0,1000000.0,1000000.0,2026-03-27 04:22:29.464865,2026-03-27 04:22:56.676643,0 days 00:00:27.211778,0.10469953715964221,0.3566939980798594,0.5828885655161072,0.4271970155431605,0.2613958420681749,0.10548093970678966,0.8414442611902317,0.2055036438426762,18.276755046775563,24.990135124033184,7.325954200026158,5.310779933355615,4.06858719167553,15.04881858178218,17.090544948683856,22.559228898153115,5,COMPLETE
279,1000000.0,1000000.0,0.13915243520812368,0.3020555718520435,0.27830044177985297,1000000.0,1000000.0,1000000.0,1000000.0,1000000.0,1000000.0,1000000.0,0.520477169756436,1000000.0,1000000.0,1000000.0,2026-03-27 04:22:56.687817,2026-03-27 04:24:22.448331,0 days 00:01:25.760514,0.38978130830083446,0.3592446467592388,0.37881872822938856,0.8609773266203685,0.1636985569221783,0.29356622182872544,0.21682645139293405,0.2055036438426762,23.111938556028942,11.74965743647482,4.0039634023227535,14.017060394342668,0.3297800798218504,3.406480553043026,20.845132564819007,3.3116537712887766,5,COMPLETE
280,1000000.0,1000000.0,1000000.0,1000000.0,1000000.0,1000000.0,1000000.0,1000000.0,1000000.0,1000000.0,1000000.0,1000000.0,1000000.0,1000000.0,1000000.0,1000000.0,2026-03-27 04:24:22.459741,2026-03-27 04:24:43.116880,0 days 00:00:20.657139,0.8533491829725948,0.1086233050185069,0.10750574440615002,0.8416402751726477,0.8955881919886156,0.6908369927643986,0.8414442611902317,0.021181156763885364,3.775604849713011,16.7425492005099,18.816633276113514,11.414162968050556,12.854731781064666,18.073938319277147,14.177445862641697,21.958481437006622,5,COMPLETE
281,1000000.0,1000000.0,1000000.0,1000000.0,1000000.0,1000000.0,1000000.0,1000000.0,1000000.0,1000000.0,1000000.0,1000000.0,1000000.0,1000000.0,1000000.0,1000000.0,2026-03-27 04:24:43.129595,2026-03-27 04:25:35.988069,0 days 00:00:52.858474,0.12087254597587063,0.9662106523213966,0.5828885655161072,0.6506844034990305,0.5338092349715855,0.29356622182872544,0.7349425531099127,0.2055036438426762,18.085904761594914,24.990135124033184,4.0039634023227535,22.537739539553467,2.990641646611442,3.406480553043026,17.090544948683856,6.502701749861743,5,COMPLETE
282,1000000.0,1000000.0,1000000.0,1000000.0,1000000.0,1000000.0,1000000.0,1000000.0,1000000.0,1000000.0,1000000.0,1000000.0,1000000.0,1000000.0,1000000.0,1000000.0,2026-03-27 04:25:35.998740,2026-03-27 04:26:48.523965,0 days 00:01:12.525225,0.752463180980785,0.3566939980798594,0.10323523848729411,0.17524519330870458,0.23220619395567269,0.048458629742033944,0.3961141338546061,0.021181156763885364,8.50272290479326,0.855172357302774,12.218802434046061,10.655349544586201,24.06685693345404,15.04881858178218,17.090544948683856,0.19401518139406712,5,COMPLETE
283,1000000.0,1000000.0,1000000.0,1000000.0,1000000.0,1000000.0,1000000.0,1000000.0,1000000.0,1000000.0,1000000.0,1000000.0,1000000.0,1000000.0,1000000.0,1000000.0,2026-03-27 04:26:48.536333,2026-03-27 04:28:01.238638,0 days 00:01:12.702305,0.4858433328611808,0.9432907106905322,0.10323523848729411,0.4271970155431605,0.9836996465177444,0.6908369927643986,0.8623907708698942,0.7527571531020829,7.788130077029203,13.419946948700135,18.816633276113514,1.8736498279063647,24.55081350685049,16.655322259020945,14.482395734341585,22.559228898153115,5,COMPLETE
284,1000000.0,1000000.0,1000000.0,1000000.0,1000000.0,1000000.0,1000000.0,1000000.0,1000000.0,1000000.0,1000000.0,1000000.0,1000000.0,1000000.0,1000000.0,1000000.0,2026-03-27 04:28:01.250496,2026-03-27 04:28:21.874989,0 days 00:00:20.624493,0.2690657300012693,0.7364373894558626,0.07778357637945574,0.8416402751726477,0.4750278378885954,0.10581243804939185,0.7335802997458245,0.6213453057576726,15.227149486796332,6.1458685159809505,23.50722827388635,6.502807285793374,12.334743687165258,18.909458126219103,22.89695265693244,21.958481437006622,5,COMPLETE
285,1000000.0,1000000.0,1000000.0,1000000.0,1000000.0,1000000.0,1000000.0,1000000.0,1000000.0,1000000.0,1000000.0,1000000.0,1000000.0,1000000.0,1000000.0,1000000.0,2026-03-27 04:28:21.887611,2026-03-27 04:28:49.056072,0 days 00:00:27.168461,0.8533491829725948,0.4734016816737326,0.46149969293586307,0.4271970155431605,0.5794047513261499,0.10548093970678966,0.8414442611902317,0.6213453057576726,15.127522567911564,5.525152231868991,22.531560636783503,23.10618075923542,3.012952674216892,2.3406477845908,10.070617088003614,15.380899790546678,5,COMPLETE
286,1000000.0,1000000.0,0.09486877291838876,0.18401424737000216,0.11713439311189293,1000000.0,1000000.0,1000000.0,1000000.0,1000000.0,1000000.0,0.3420562852212902,0.29521689998023715,1000000.0,1000000.0,1000000.0,2026-03-27 04:28:49.066839,2026-03-27 04:30:14.433603,0 days 00:01:25.366764,0.19434276690089075,0.3308930906123468,0.882073862033187,0.10490483734021938,0.49925951439255534,0.36693387508421677,0.11013753367690134,0.017141573306956547,23.111938556028942,11.74965743647482,4.755849281974349,13.046279676790542,0.3297800798218504,3.406480553043026,14.898875124396334,18.520927783868206,5,COMPLETE
287,1000000.0,1000000.0,0.05329827349010487,0.2125556916490691,0.032131370125342,1000000.0,1000000.0,1000000.0,1000000.0,1000000.0,1000000.0,0.3807693810389417,0.46291077028820604,1000000.0,1000000.0,1000000.0,2026-03-27 04:30:14.444570,2026-03-27 04:31:40.039620,0 days 00:01:25.595050,0.19434276690089075,0.3308930906123468,0.882073862033187,0.10490483734021938,0.49925951439255534,0.29356622182872544,0.11013753367690134,0.5317284110038133,23.053890124600418,4.192864576439151,4.0039634023227535,2.3996853794289623,0.3297800798218504,3.406480553043026,20.845132564819007,6.502701749861743,5,COMPLETE
288,1000000.0,1000000.0,0.09959608295941787,1000000.0,0.03737049224464566,1000000.0,1000000.0,1000000.0,1000000.0,1000000.0,1000000.0,1000000.0,0.4139368708030748,1000000.0,1000000.0,1000000.0,2026-03-27 04:31:40.050809,2026-03-27 04:33:05.482140,0 days 00:01:25.431331,0.752463180980785,0.5091080418650433,0.10323523848729411,0.8856389215616685,0.23220619395567269,0.14255986340003865,0.21682645139293405,0.017141573306956547,18.085904761594914,15.577813155897998,9.889305996758797,14.017060394342668,22.015999700978195,15.04881858178218,17.090544948683856,16.510652747971903,5,COMPLETE
289,1000000.0,1000000.0,0.1390064982555531,0.3133406631190176,0.31775320758023295,1000000.0,1000000.0,1000000.0,1000000.0,1000000.0,1000000.0,1000000.0,0.44347743373616233,1000000.0,1000000.0,1000000.0,2026-03-27 04:33:05.493132,2026-03-27 04:34:31.638521,0 days 00:01:26.145389,0.10469953715964221,0.6246355191408778,0.5828885655161072,0.7736109557469404,0.5338092349715855,0.29356622182872544,0.7349425531099127,0.2055036438426762,18.276755046775563,24.990135124033184,4.0039634023227535,22.537739539553467,0.3297800798218504,3.406480553043026,22.213467593212247,15.327798493292129,5,COMPLETE
290,1000000.0,1000000.0,1000000.0,1000000.0,1000000.0,1000000.0,1000000.0,1000000.0,1000000.0,1000000.0,1000000.0,1000000.0,1000000.0,1000000.0,1000000.0,1000000.0,2026-03-27 04:34:31.650165,2026-03-27 04:34:52.279917,0 days 00:00:20.629752,0.2636832641246321,0.1086233050185069,0.7440447073825482,0.9677180012133462,0.9836996465177444,0.6908369927643986,0.21682645139293405,0.7527571531020829,7.676441564236882,0.855172357302774,2.023656010965579,18.23153135378109,2.990641646611442,10.399728220171827,22.89695265693244,3.3116537712887766,5,COMPLETE
291,1000000.0,1000000.0,1000000.0,1000000.0,1000000.0,1000000.0,1000000.0,1000000.0,1000000.0,1000000.0,1000000.0,1000000.0,1000000.0,1000000.0,1000000.0,1000000.0,2026-03-27 04:34:52.290945,2026-03-27 04:35:45.077399,0 days 00:00:52.786454,0.12087254597587063,0.3592446467592388,0.10323523848729411,0.4271970155431605,0.11939723932836556,0.30540996052141683,0.8414442611902317,0.021181156763885364,18.276755046775563,24.990135124033184,18.816633276113514,1.8736498279063647,24.06685693345404,18.073938319277147,5.278232162040012,22.559228898153115,5,COMPLETE
292,1000000.0,1000000.0,0.017975171427717696,1000000.0,1000000.0,1000000.0,1000000.0,1000000.0,1000000.0,1000000.0,0.19827988235546457,1000000.0,1000000.0,1000000.0,1000000.0,1000000.0,2026-03-27 04:35:45.089458,2026-03-27 04:37:11.430975,0 days 00:01:26.341517,0.6509170273504011,0.940149660145769,0.6092300644170181,0.8609773266203685,0.8980082897770008,0.10548093970678966,0.8623907708698942,0.2055036438426762,15.227149486796332,0.855172357302774,19.966731868198373,23.10618075923542,4.06858719167553,12.417889027941694,22.89695265693244,11.261511533235144,5,COMPLETE
293,1000000.0,1000000.0,0.06245311532747284,0.08874613636366083,0.020755807410378493,1000000.0,1000000.0,1000000.0,1000000.0,1000000.0,0.29957578042203165,1000000.0,0.467619069427573,1000000.0,1000000.0,1000000.0,2026-03-27 04:37:11.442256,2026-03-27 04:38:38.145821,0 days 00:01:26.703565,0.752463180980785,0.5091080418650433,0.10750574440615002,0.17524519330870458,0.23220619395567269,0.048458629742033944,0.8623907708698942,0.6025534001147111,15.227149486796332,16.7425492005099,20.08659521899448,12.532756196355933,7.72886205309009,15.04881858178218,20.845132564819007,0.19401518139406712,5,COMPLETE
294,1000000.0,1000000.0,0.06400020306737804,0.09285569680457272,0.2156732855987893,1000000.0,1000000.0,1000000.0,1000000.0,1000000.0,0.30234990464904143,1000000.0,1000000.0,1000000.0,1000000.0,1000000.0,2026-03-27 04:38:38.156952,2026-03-27 04:40:03.895055,0 days 00:01:25.738103,0.8533491829725948,0.3566939980798594,0.10750574440615002,0.17524519330870458,0.4067309082100382,0.048458629742033944,0.8414442611902317,0.6025534001147111,15.227149486796332,0.855172357302774,18.816633276113514,11.414162968050556,24.06685693345404,18.909458126219103,14.482395734341585,21.958481437006622,5,COMPLETE
295,1000000.0,1000000.0,1000000.0,1000000.0,1000000.0,1000000.0,1000000.0,1000000.0,1000000.0,1000000.0,1000000.0,1000000.0,1000000.0,1000000.0,1000000.0,1000000.0,2026-03-27 04:40:03.906683,2026-03-27 04:40:31.119352,0 days 00:00:27.212669,0.4858433328611808,0.4734016816737326,0.46149969293586307,0.3385614797204918,0.5794047513261499,0.10548093970678966,0.8414442611902317,0.6213453057576726,18.276755046775563,24.990135124033184,7.325954200026158,23.10618075923542,4.06858719167553,2.282102194149232,5.620871480086767,15.380899790546678,5,COMPLETE
296,1000000.0,1000000.0,0.056067731209305194,0.1792994777967494,1000000.0,1000000.0,1000000.0,1000000.0,1000000.0,1000000.0,0.3075722233921413,0.35326944179960545,1000000.0,1000000.0,1000000.0,1000000.0,2026-03-27 04:40:31.131140,2026-03-27 04:41:57.847579,0 days 00:01:26.716439,0.565192615172066,0.9273015659119106,0.3345124105779843,0.08402753439047576,0.8955881919886156,0.048458629742033944,0.8623907708698942,0.3313953068683576,15.227149486796332,6.1458685159809505,20.08659521899448,8.497448359305542,8.232864379143397,18.21122745855342,16.39409714766326,23.317972821616813,5,COMPLETE
297,1000000.0,1000000.0,0.06771437784818893,0.11677791132913683,1000000.0,1000000.0,1000000.0,1000000.0,1000000.0,1000000.0,0.30259104212931076,1000000.0,1000000.0,1000000.0,1000000.0,1000000.0,2026-03-27 04:41:57.858591,2026-03-27 04:43:24.755507,0 days 00:01:26.896916,0.8533491829725948,0.49745594763292544,0.6931719543930492,0.17524519330870458,0.8955881919886156,0.048458629742033944,0.32098451946109324,0.576341930543883,11.494680084104543,23.100499573987648,14.996293360187861,7.519491035209787,24.06685693345404,16.655322259020945,15.20854077955055,16.52425539397861,5,COMPLETE
298,1000000.0,1000000.0,0.03215319256202905,0.12538575598400473,0.2762088085940256,1000000.0,1000000.0,1000000.0,1000000.0,1000000.0,1000000.0,1000000.0,1000000.0,1000000.0,1000000.0,1000000.0,2026-03-27 04:43:24.770692,2026-03-27 04:44:50.791514,0 days 00:01:26.020822,0.8533491829725948,0.9273015659119106,0.5828885655161072,0.4271970155431605,0.9836996465177444,0.6908369927643986,0.21682645139293405,0.7527571531020829,18.276755046775563,16.7425492005099,18.816633276113514,1.8736498279063647,4.06858719167553,0.8005203795171522,22.213467593212247,6.502701749861743,5,COMPLETE
299,1000000.0,1000000.0,1000000.0,1000000.0,1000000.0,1000000.0,1000000.0,1000000.0,1000000.0,1000000.0,1000000.0,1000000.0,1000000.0,1000000.0,1000000.0,1000000.0,2026-03-27 04:44:50.802040,2026-03-27 04:45:18.071932,0 days 00:00:27.269892,0.565192615172066,0.3592446467592388,0.43499190707255087,0.5976064319774876,0.37854297209115295,0.04447217856475382,0.7349425531099127,0.2055036438426762,18.276755046775563,24.990135124033184,0.9699504017181515,8.497448359305542,8.232864379143397,18.21122745855342,12.05904741938356,6.502701749861743,5,COMPLETE
300,1000000.0,1000000.0,0.1384194106214048,0.2838314852942643,0.2939073840501126,1000000.0,1000000.0,1000000.0,1000000.0,1000000.0,1000000.0,1000000.0,0.45094436612019667,1000000.0,1000000.0,1000000.0,2026-03-27 04:45:18.081857,2026-03-27 04:46:43.817356,0 days 00:01:25.735499,0.04753726255755655,0.3592446467592388,0.5458001053054167,0.9096545072856802,0.4067309082100382,0.29356622182872544,0.7349425531099127,0.017141573306956547,23.053890124600418,15.266835368450463,23.25034487729397,22.537739539553467,0.3297800798218504,3.406480553043026,20.845132564819007,3.3116537712887766,6,COMPLETE
301,1000000.0,1000000.0,1000000.0,1000000.0,1000000.0,1000000.0,1000000.0,1000000.0,1000000.0,1000000.0,1000000.0,1000000.0,1000000.0,1000000.0,1000000.0,1000000.0,2026-03-27 04:46:43.827270,2026-03-27 04:47:11.462262,0 days 00:00:27.634992,0.8533491829725948,0.49745594763292544,0.46149969293586307,0.44484156133223607,0.6391979139663259,0.14255986340003865,0.7335802997458245,0.6213453057576726,3.1026710743988617,0.3493038177202602,18.816633276113514,22.537739539553467,3.8410257963476497,2.282102194149232,22.213467593212247,16.52425539397861,6,COMPLETE
302,1000000.0,1000000.0,1000000.0,1000000.0,1000000.0,1000000.0,1000000.0,1000000.0,1000000.0,1000000.0,1000000.0,1000000.0,1000000.0,1000000.0,1000000.0,1000000.0,2026-03-27 04:47:11.472716,2026-03-27 04:48:36.363856,0 days 00:01:24.891140,0.19434276690089075,0.1828571383384135,0.09673007434862858,0.9802401008067853,0.6448191628896351,0.348803473307367,0.11013753367690134,0.017141573306956547,23.111938556028942,13.419946948700135,7.325954200026158,13.046279676790542,4.06858719167553,3.406480553043026,7.471310740278318,18.520927783868206,6,COMPLETE
303,1000000.0,1000000.0,0.055082002782298536,0.17303488714635543,0.08696135176006217,1000000.0,1000000.0,1000000.0,1000000.0,1000000.0,0.30849892064368944,0.356126675721944,0.46738394401376127,1000000.0,1000000.0,1000000.0,2026-03-27 04:48:36.375031,2026-03-27 04:50:01.845893,0 days 00:01:25.470862,0.5431698367584615,0.9662106523213966,0.3662873111936026,0.08402753439047576,0.23220619395567269,0.04447217856475382,0.8396035566203823,0.4080051646084188,18.085904761594914,12.669842888654136,9.889305996758797,8.497448359305542,8.232864379143397,18.21122745855342,17.090544948683856,16.751754090776785,6,COMPLETE
304,1000000.0,1000000.0,0.0639706916163208,0.1640979412892465,0.12042230507350331,1000000.0,1000000.0,1000000.0,1000000.0,1000000.0,0.30649731531108876,0.3446606145666647,0.45678518915784294,1000000.0,1000000.0,1000000.0,2026-03-27 04:50:01.856371,2026-03-27 04:51:28.422557,0 days 00:01:26.566186,0.19434276690089075,0.8899758876513563,0.882073862033187,0.10490483734021938,0.49925951439255534,0.08608370178797989,0.11013753367690134,0.5317284110038133,23.053890124600418,4.192864576439151,4.0039634023227535,2.3996853794289623,0.3297800798218504,3.406480553043026,20.845132564819007,6.502701749861743,6,COMPLETE
305,1000000.0,1000000.0,1000000.0,1000000.0,1000000.0,1000000.0,1000000.0,1000000.0,1000000.0,1000000.0,1000000.0,1000000.0,1000000.0,1000000.0,1000000.0,1000000.0,2026-03-27 04:51:28.432219,2026-03-27 04:52:05.337437,0 days 00:00:36.905218,0.04753726255755655,0.5091080418650433,0.3662873111936026,0.4271970155431605,0.6391979139663259,0.10581243804939185,0.8396035566203823,0.017141573306956547,18.085904761594914,16.7425492005099,23.25034487729397,11.414162968050556,2.423793970968869,18.909458126219103,17.090544948683856,15.380899790546678,6,COMPLETE
306,1000000.0,1000000.0,1000000.0,1000000.0,1000000.0,1000000.0,1000000.0,1000000.0,1000000.0,1000000.0,1000000.0,1000000.0,1000000.0,1000000.0,1000000.0,1000000.0,2026-03-27 04:52:05.347285,2026-03-27 04:53:30.149183,0 days 00:01:24.801898,0.35240084811599076,0.940149660145769,0.6092300644170181,0.17524519330870458,0.8980082897770008,0.10548093970678966,0.8396035566203823,0.6025534001147111,15.227149486796332,1.2400390863102138,23.25034487729397,23.10618075923542,4.06858719167553,16.655322259020945,22.657565218407278,3.3116537712887766,6,COMPLETE
307,1000000.0,1000000.0,0.23882379627650088,0.1005033950143011,0.15686298084658484,1000000.0,1000000.0,1000000.0,1000000.0,1000000.0,1000000.0,1000000.0,1000000.0,1000000.0,1000000.0,1000000.0,2026-03-27 04:53:30.159048,2026-03-27 04:54:55.956981,0 days 00:01:25.797933,0.8533491829725948,0.16310877804978838,0.10750574440615002,0.17524519330870458,0.4067309082100382,0.6908369927643986,0.21682645139293405,0.7170074831278959,3.0371569819346744,0.855172357302774,11.441810045107644,1.8736498279063647,13.872765173409892,0.8005203795171522,5.1082873364278,0.19401518139406712,6,COMPLETE
308,1000000.0,1000000.0,0.042804648427197785,1000000.0,0.03696033711759848,1000000.0,1000000.0,1000000.0,1000000.0,1000000.0,0.23490825640117896,1000000.0,0.3850035182539876,1000000.0,1000000.0,1000000.0,2026-03-27 04:54:55.968473,2026-03-27 04:56:21.576670,0 days 00:01:25.608197,0.10469953715964221,0.07051941277168566,0.09673007434862858,0.7736109557469404,0.2613958420681749,0.10548093970678966,0.8623907708698942,0.6025534001147111,18.276755046775563,24.990135124033184,7.325954200026158,22.537739539553467,4.06858719167553,3.406480553043026,22.213467593212247,11.664837089442198,6,COMPLETE
309,1000000.0,1000000.0,1000000.0,1000000.0,1000000.0,1000000.0,1000000.0,1000000.0,1000000.0,1000000.0,1000000.0,1000000.0,1000000.0,1000000.0,1000000.0,1000000.0,2026-03-27 04:56:21.588475,2026-03-27 04:57:34.421361,0 days 00:01:12.832886,0.19434276690089075,0.3308930906123468,0.882073862033187,0.10490483734021938,0.49925951439255534,0.36693387508421677,0.5106237225027389,0.017141573306956547,23.111938556028942,11.74965743647482,4.755849281974349,13.046279676790542,0.3297800798218504,3.406480553043026,16.60044634208157,18.520927783868206,6,COMPLETE
310,1000000.0,1000000.0,1000000.0,1000000.0,1000000.0,1000000.0,1000000.0,1000000.0,1000000.0,1000000.0,1000000.0,1000000.0,1000000.0,1000000.0,1000000.0,1000000.0,2026-03-27 04:57:34.433057,2026-03-27 04:58:01.609255,0 days 00:00:27.176198,0.9053520317661204,0.2267353245055709,0.882073862033187,0.8609773266203685,0.8980082897770008,0.30540996052141683,0.3961141338546061,0.2055036438426762,13.27953387998731,11.74965743647482,15.5187778870855,11.414162968050556,2.3808740092132887,10.703301123081017,22.89695265693244,6.502701749861743,6,COMPLETE
311,1000000.0,1000000.0,0.28069437197175967,0.12941121641833522,0.12717609829006452,1000000.0,1000000.0,1000000.0,1000000.0,1000000.0,1000000.0,1000000.0,0.5592969579456796,1000000.0,1000000.0,1000000.0,2026-03-27 04:58:01.619952,2026-03-27 04:59:27.999331,0 days 00:01:26.379379,0.8533491829725948,0.9273015659119106,0.10323523848729411,0.4271970155431605,0.11939723932836556,0.6908369927643986,0.21682645139293405,0.021181156763885364,3.775604849713011,16.7425492005099,18.816633276113514,1.8736498279063647,24.06685693345404,16.19613701957512,14.482395734341585,6.502701749861743,6,COMPLETE
312,1000000.0,1000000.0,0.056067731209305194,0.1792994777967494,1000000.0,1000000.0,1000000.0,1000000.0,1000000.0,1000000.0,0.3075722233921413,0.35326944179960545,1000000.0,1000000.0,1000000.0,1000000.0,2026-03-27 04:59:28.010233,2026-03-27 05:00:53.538456,0 days 00:01:25.528223,0.19434276690089075,0.9273015659119106,0.3345124105779843,0.08402753439047576,0.8955881919886156,0.048458629742033944,0.8623907708698942,0.5317284110038133,15.227149486796332,4.206821797106995,20.08659521899448,8.497448359305542,8.232864379143397,3.406480553043026,16.39409714766326,6.502701749861743,6,COMPLETE
313,1000000.0,1000000.0,1000000.0,1000000.0,1000000.0,1000000.0,1000000.0,1000000.0,1000000.0,1000000.0,1000000.0,1000000.0,1000000.0,1000000.0,1000000.0,1000000.0,2026-03-27 05:00:53.549811,2026-03-27 05:01:20.866773,0 days 00:00:27.316962,0.752463180980785,0.9662106523213966,0.3662873111936026,0.45672504778275136,0.23220619395567269,0.048458629742033944,0.3165420641768346,0.4080051646084188,15.227149486796332,3.4394088561122644,20.08659521899448,12.532756196355933,7.72886205309009,15.04881858178218,20.845132564819007,16.751754090776785,6,COMPLETE
314,1000000.0,1000000.0,0.13787856468257906,0.2715435271021052,0.2784978283259503,1000000.0,1000000.0,1000000.0,1000000.0,1000000.0,1000000.0,1000000.0,0.509960899922021,1000000.0,1000000.0,1000000.0,2026-03-27 05:01:20.879067,2026-03-27 05:02:46.951716,0 days 00:01:26.072649,0.9621378062289149,0.3592446467592388,0.5828885655161072,0.8609773266203685,0.2613958420681749,0.29356622182872544,0.7349425531099127,0.7802362005344214,23.17176966667919,24.990135124033184,4.0039634023227535,22.537739539553467,0.3297800798218504,3.406480553043026,20.845132564819007,3.3116537712887766,6,COMPLETE
315,1000000.0,1000000.0,0.07779091486557299,0.130673344752164,0.07147349910192205,1000000.0,1000000.0,1000000.0,1000000.0,1000000.0,0.3069530145390315,1000000.0,0.5147759356477251,1000000.0,1000000.0,1000000.0,2026-03-27 05:02:46.962946,2026-03-27 05:04:12.601316,0 days 00:01:25.638370,0.35240084811599076,0.3566939980798594,0.3662873111936026,0.17524519330870458,0.23220619395567269,0.048458629742033944,0.8414442611902317,0.021181156763885364,18.085904761594914,1.2400390863102138,23.25034487729397,4.653992841863115,2.990641646611442,16.655322259020945,17.090544948683856,22.559228898153115,6,COMPLETE
316,1000000.0,1000000.0,1000000.0,1000000.0,1000000.0,1000000.0,1000000.0,1000000.0,1000000.0,1000000.0,1000000.0,1000000.0,1000000.0,1000000.0,1000000.0,1000000.0,2026-03-27 05:04:12.612041,2026-03-27 05:04:39.988001,0 days 00:00:27.375960,0.752463180980785,0.3566939980798594,0.4579190134980443,0.27001302950937733,0.9836996465177444,0.6908369927643986,0.8623907708698942,0.6025534001147111,7.676441564236882,16.7425492005099,18.816633276113514,12.532756196355933,7.72886205309009,0.8005203795171522,20.845132564819007,22.559228898153115,6,COMPLETE
317,1000000.0,1000000.0,1000000.0,1000000.0,1000000.0,1000000.0,1000000.0,1000000.0,1000000.0,1000000.0,1000000.0,1000000.0,1000000.0,1000000.0,1000000.0,1000000.0,2026-03-27 05:04:39.999577,2026-03-27 05:06:04.450486,0 days 00:01:24.450909,0.9695324378906215,0.4589911614231615,0.09673007434862858,0.17524519330870458,0.38123091507916124,0.10548093970678966,0.4859827659270316,0.6628918552496237,7.788130077029203,13.419946948700135,6.386152875644349,22.537739539553467,4.492673249206467,3.406480553043026,22.213467593212247,23.317972821616813,6,COMPLETE
318,1000000.0,1000000.0,1000000.0,1000000.0,1000000.0,1000000.0,1000000.0,1000000.0,1000000.0,1000000.0,1000000.0,1000000.0,1000000.0,1000000.0,1000000.0,1000000.0,2026-03-27 05:06:04.462062,2026-03-27 05:06:31.780686,0 days 00:00:27.318624,0.4405537352832356,0.49745594763292544,0.4450254565154679,0.816111763335584,0.6391979139663259,0.14255986340003865,0.6195672720344976,0.6213453057576726,11.494680084104543,0.3493038177202602,18.816633276113514,1.8736498279063647,24.06685693345404,2.282102194149232,13.810981356147375,15.380899790546678,6,COMPLETE
319,1000000.0,1000000.0,1000000.0,1000000.0,1000000.0,1000000.0,1000000.0,1000000.0,1000000.0,1000000.0,1000000.0,1000000.0,1000000.0,1000000.0,1000000.0,1000000.0,2026-03-27 05:06:31.792163,2026-03-27 05:06:52.297469,0 days 00:00:20.505306,0.04753726255755655,0.1086233050185069,0.3662873111936026,0.8856389215616685,0.4067309082100382,0.8182045849550945,0.8396035566203823,0.7527571531020829,18.085904761594914,16.7425492005099,23.25034487729397,11.414162968050556,2.990641646611442,18.909458126219103,22.89695265693244,7.994816016248828,6,COMPLETE
320,1000000.0,1000000.0,1000000.0,1000000.0,1000000.0,1000000.0,1000000.0,1000000.0,1000000.0,1000000.0,1000000.0,1000000.0,1000000.0,1000000.0,1000000.0,1000000.0,2026-03-27 05:06:52.309573,2026-03-27 05:07:12.966880,0 days 00:00:20.657307,0.35240084811599076,0.6955865732138418,0.882073862033187,0.8609773266203685,0.1636985569221783,0.30540996052141683,0.8396035566203823,0.2055036438426762,3.116420449198988,1.2400390863102138,14.003064982436616,22.537739539553467,2.3808740092132887,16.655322259020945,22.657565218407278,6.502701749861743,6,COMPLETE
321,1000000.0,1000000.0,1000000.0,1000000.0,1000000.0,1000000.0,1000000.0,1000000.0,1000000.0,1000000.0,1000000.0,1000000.0,1000000.0,1000000.0,1000000.0,1000000.0,2026-03-27 05:07:12.979121,2026-03-27 05:07:40.296877,0 days 00:00:27.317756,0.3826649939883203,0.11861656837865918,0.02498668878531001,0.4271970155431605,0.9836996465177444,0.6908369927643986,0.8623907708698942,0.43371988679020973,18.276755046775563,13.419946948700135,12.963974835933758,23.10618075923542,4.06858719167553,0.8005203795171522,22.213467593212247,16.00068957826149,6,COMPLETE
322,1000000.0,1000000.0,1000000.0,1000000.0,1000000.0,1000000.0,1000000.0,1000000.0,1000000.0,1000000.0,1000000.0,1000000.0,1000000.0,1000000.0,1000000.0,1000000.0,2026-03-27 05:07:40.310280,2026-03-27 05:08:07.482650,0 days 00:00:27.172370,0.35240084811599076,0.3566939980798594,0.3662873111936026,0.4271970155431605,0.3105510481524791,0.6908369927643986,0.8396035566203823,0.6025534001147111,15.227149486796332,1.2400390863102138,9.889759210749885,4.653992841863115,2.990641646611442,16.655322259020945,14.482395734341585,22.559228898153115,6,COMPLETE
323,1000000.0,1000000.0,0.02798054221786014,1000000.0,0.13516261538276741,1000000.0,1000000.0,1000000.0,1000000.0,1000000.0,0.20391914275538467,1000000.0,1000000.0,1000000.0,1000000.0,1000000.0,2026-03-27 05:08:07.493448,2026-03-27 05:09:32.863236,0 days 00:01:25.369788,0.9695324378906215,0.3592446467592388,0.09673007434862858,0.9802401008067853,0.6448191628896351,0.10548093970678966,0.7349425531099127,0.45679019582675656,17.668334938464362,13.419946948700135,7.325954200026158,23.10618075923542,4.06858719167553,9.469738011380311,20.79011135963805,3.3116537712887766,6,COMPLETE
324,1000000.0,1000000.0,1000000.0,1000000.0,1000000.0,1000000.0,1000000.0,1000000.0,1000000.0,1000000.0,1000000.0,1000000.0,1000000.0,1000000.0,1000000.0,1000000.0,2026-03-27 05:09:32.874063,2026-03-27 05:10:10.174434,0 days 00:00:37.300371,0.44292427257117456,0.3308930906123468,0.882073862033187,0.17524519330870458,0.4067309082100382,0.29356622182872544,0.3961141338546061,0.7170074831278959,23.053890124600418,0.855172357302774,4.0039634023227535,2.3996853794289623,7.72886205309009,19.393309437116567,5.1082873364278,0.19401518139406712,6,COMPLETE
325,1000000.0,1000000.0,0.056067731209305194,0.1792994777967494,1000000.0,1000000.0,1000000.0,1000000.0,1000000.0,1000000.0,0.3075722233921413,0.35326944179960545,1000000.0,1000000.0,1000000.0,1000000.0,2026-03-27 05:10:10.187374,2026-03-27 05:11:35.666672,0 days 00:01:25.479298,0.565192615172066,0.9273015659119106,0.3345124105779843,0.08402753439047576,0.8955881919886156,0.048458629742033944,0.8623907708698942,0.3313953068683576,15.227149486796332,6.1458685159809505,14.820970368827199,8.497448359305542,8.232864379143397,18.21122745855342,16.39409714766326,9.153801444334722,6,COMPLETE
326,1000000.0,1000000.0,1000000.0,1000000.0,1000000.0,1000000.0,1000000.0,1000000.0,1000000.0,1000000.0,1000000.0,1000000.0,1000000.0,1000000.0,1000000.0,1000000.0,2026-03-27 05:11:35.677539,2026-03-27 05:11:59.488496,0 days 00:00:23.810957,0.12087254597587063,0.2267353245055709,0.882073862033187,0.8609773266203685,0.1636985569221783,0.30540996052141683,0.7335802997458245,0.2055036438426762,15.948311705887345,11.74965743647482,9.889305996758797,1.8736498279063647,24.06685693345404,15.04881858178218,17.090544948683856,22.559228898153115,6,COMPLETE
327,1000000.0,1000000.0,0.06108432138730761,0.16892532824569842,0.3352488641742194,1000000.0,1000000.0,1000000.0,1000000.0,1000000.0,0.30931451633478907,0.35312986239829547,1000000.0,1000000.0,1000000.0,1000000.0,2026-03-27 05:11:59.500157,2026-03-27 05:13:25.220211,0 days 00:01:25.720054,0.8533491829725948,0.4589911614231615,0.4627743674764352,0.08402753439047576,0.5338092349715855,0.04447217856475382,0.656491910978773,0.3313953068683576,7.676441564236882,24.990135124033184,18.816633276113514,22.537739539553467,4.492673249206467,0.8005203795171522,22.213467593212247,22.559228898153115,6,COMPLETE
328,1000000.0,1000000.0,0.08542048145245444,0.1296737319967024,0.20541288820449316,1000000.0,1000000.0,1000000.0,1000000.0,1000000.0,1000000.0,1000000.0,1000000.0,1000000.0,1000000.0,1000000.0,2026-03-27 05:13:25.231501,2026-03-27 05:14:51.031234,0 days 00:01:25.799733,0.565192615172066,0.3566939980798594,0.10323523848729411,0.4271970155431605,0.37854297209115295,0.6908369927643986,0.144510538136074,0.021181156763885364,3.775604849713011,12.669842888654136,0.9699504017181515,1.8736498279063647,8.232864379143397,18.21122745855342,12.05904741938356,22.559228898153115,6,COMPLETE
329,1000000.0,1000000.0,1000000.0,1000000.0,1000000.0,1000000.0,1000000.0,1000000.0,1000000.0,1000000.0,1000000.0,1000000.0,1000000.0,1000000.0,1000000.0,1000000.0,2026-03-27 05:14:51.042280,2026-03-27 05:15:11.639962,0 days 00:00:20.597682,0.04753726255755655,0.3566939980798594,0.8829174034384935,0.4271970155431605,0.4067309082100382,0.6908369927643986,0.6627026961831178,0.7527571531020829,15.227149486796332,0.855172357302774,23.25034487729397,1.8736498279063647,24.06685693345404,18.909458126219103,5.331503884010926,22.559228898153115,6,COMPLETE
330,1000000.0,1000000.0,0.020951071017320674,1000000.0,1000000.0,1000000.0,1000000.0,1000000.0,1000000.0,1000000.0,0.21943127112767374,1000000.0,1000000.0,1000000.0,1000000.0,1000000.0,2026-03-27 05:15:11.651623,2026-03-27 05:16:37.865992,0 days 00:01:26.214369,0.2636832641246321,0.3566939980798594,0.4450254565154679,0.816111763335584,0.9836996465177444,0.3782284438147583,0.7335802997458245,0.7527571531020829,7.676441564236882,15.863837053013018,18.816633276113514,18.23153135378109,16.857542929250258,0.02376839403534505,22.89695265693244,16.52425539397861,6,COMPLETE
331,1000000.0,1000000.0,1000000.0,1000000.0,0.20821397353098475,1000000.0,1000000.0,1000000.0,1000000.0,1000000.0,1000000.0,1000000.0,1000000.0,1000000.0,1000000.0,1000000.0,2026-03-27 05:16:37.876751,2026-03-27 05:18:02.737176,0 days 00:01:24.860425,0.19434276690089075,0.9273015659119106,0.882073862033187,0.9727002550802128,0.49925951439255534,0.9372747842682263,0.8623907708698942,0.6025534001147111,10.700245534655053,4.206821797106995,4.0039634023227535,23.10618075923542,4.06858719167553,16.655322259020945,11.411617145352238,3.3116537712887766,6,COMPLETE
332,1000000.0,1000000.0,0.07168492266775141,0.10777699119321946,0.48685986715559654,1000000.0,1000000.0,1000000.0,1000000.0,1000000.0,0.27244997764443346,1000000.0,1000000.0,1000000.0,1000000.0,1000000.0,2026-03-27 05:18:02.748914,2026-03-27 05:19:28.413647,0 days 00:01:25.664733,0.521736806452696,0.9337990206042488,0.6494471808280816,0.17524519330870458,0.6448191628896351,0.10548093970678966,0.8002426776394009,0.45679019582675656,17.668334938464362,0.855172357302774,7.325954200026158,11.414162968050556,4.06858719167553,7.006334444527836,22.89695265693244,3.0572742421388828,6,COMPLETE
333,1000000.0,1000000.0,1000000.0,1000000.0,1000000.0,1000000.0,1000000.0,1000000.0,1000000.0,1000000.0,1000000.0,1000000.0,1000000.0,1000000.0,1000000.0,1000000.0,2026-03-27 05:19:28.425602,2026-03-27 05:19:55.700821,0 days 00:00:27.275219,0.12087254597587063,0.2267353245055709,0.882073862033187,0.9802401008067853,0.1636985569221783,0.10548093970678966,0.7335802997458245,0.2055036438426762,3.116420449198988,13.419946948700135,7.325954200026158,1.2757620140464951,2.3808740092132887,19.336553685076222,7.471310740278318,3.0572742421388828,6,COMPLETE
334,1000000.0,1000000.0,1000000.0,0.08919349579475593,0.04714603450859917,1000000.0,1000000.0,1000000.0,1000000.0,1000000.0,1000000.0,0.2880029895051988,0.39823927661320047,1000000.0,1000000.0,1000000.0,2026-03-27 05:19:55.711962,2026-03-27 05:21:21.529899,0 days 00:01:25.817937,0.2690657300012693,0.3566939980798594,0.10323523848729411,0.10106587474488772,0.2192999616837112,0.6908369927643986,0.8414442611902317,0.021181156763885364,5.265302379179622,16.7425492005099,2.3618699632612206,6.502807285793374,24.06685693345404,18.073938319277147,20.845132564819007,22.559228898153115,6,COMPLETE
335,1000000.0,1000000.0,1000000.0,1000000.0,1000000.0,1000000.0,1000000.0,1000000.0,1000000.0,1000000.0,1000000.0,1000000.0,1000000.0,1000000.0,1000000.0,1000000.0,2026-03-27 05:21:21.541334,2026-03-27 05:21:58.863279,0 days 00:00:37.321945,0.752463180980785,0.3308930906123468,0.10750574440615002,0.10490483734021938,0.4005479962088678,0.36693387508421677,0.11013753367690134,0.017141573306956547,23.111938556028942,11.74965743647482,4.755849281974349,12.532756196355933,0.3297800798218504,15.04881858178218,20.845132564819007,0.19401518139406712,6,COMPLETE
336,1000000.0,1000000.0,1000000.0,1000000.0,1000000.0,1000000.0,1000000.0,1000000.0,1000000.0,1000000.0,1000000.0,1000000.0,1000000.0,1000000.0,1000000.0,1000000.0,2026-03-27 05:21:58.875280,2026-03-27 05:22:51.538788,0 days 00:00:52.663508,0.12087254597587063,0.1086233050185069,0.6494471808280816,0.7588902285518637,0.4067309082100382,0.30540996052141683,0.144510538136074,0.2055036438426762,14.336082236658784,12.669842888654136,14.003064982436616,22.537739539553467,2.3808740092132887,5.017799374338482,12.05904741938356,0.19401518139406712,6,COMPLETE
337,1000000.0,1000000.0,1000000.0,1000000.0,1000000.0,1000000.0,1000000.0,1000000.0,1000000.0,1000000.0,1000000.0,1000000.0,1000000.0,1000000.0,1000000.0,1000000.0,2026-03-27 05:22:51.550549,2026-03-27 05:23:12.232295,0 days 00:00:20.681746,0.44292427257117456,0.3592446467592388,0.882073862033187,0.8609773266203685,0.4067309082100382,0.29356622182872544,0.3961141338546061,0.5317284110038133,3.116420449198988,0.855172357302774,4.0039634023227535,22.537739539553467,0.3297800798218504,19.393309437116567,22.213467593212247,0.19401518139406712,6,COMPLETE
338,1000000.0,1000000.0,0.01879419568981233,1000000.0,0.7860977110986667,1000000.0,1000000.0,1000000.0,1000000.0,1000000.0,0.19777186877735753,1000000.0,1000000.0,1000000.0,1000000.0,1000000.0,2026-03-27 05:23:12.243130,2026-03-27 05:24:38.108398,0 days 00:01:25.865268,0.6509170273504011,0.940149660145769,0.6092300644170181,0.8609773266203685,0.8980082897770008,0.10548093970678966,0.8623907708698942,0.2055036438426762,15.227149486796332,0.855172357302774,19.966731868198373,24.607180155166073,2.3808740092132887,12.417889027941694,22.89695265693244,13.141610768161886,6,COMPLETE
339,1000000.0,1000000.0,0.048328538486700934,1000000.0,0.02836718458643108,1000000.0,1000000.0,1000000.0,1000000.0,1000000.0,0.28982630688050776,1000000.0,1000000.0,1000000.0,1000000.0,1000000.0,2026-03-27 05:24:38.120027,2026-03-27 05:26:03.382400,0 days 00:01:25.262373,0.2636832641246321,0.3592446467592388,0.6494471808280816,0.7736109557469404,0.2613958420681749,0.07393182880556347,0.8002426776394009,0.6213453057576726,0.19767544823482855,11.74965743647482,14.003064982436616,22.537739539553467,11.67831276546445,0.8005203795171522,22.213467593212247,15.380899790546678,6,COMPLETE
340,1000000.0,1000000.0,1000000.0,0.12333738897600133,0.08543108761993576,1000000.0,1000000.0,1000000.0,1000000.0,1000000.0,1000000.0,1000000.0,1000000.0,1000000.0,1000000.0,1000000.0,2026-03-27 05:26:03.394739,2026-03-27 05:27:28.789431,0 days 00:01:25.394692,0.04753726255755655,0.1086233050185069,0.3662873111936026,0.17524519330870458,0.4067309082100382,0.6867684103227236,0.8396035566203823,0.7527571531020829,15.227149486796332,0.855172357302774,23.25034487729397,11.414162968050556,2.990641646611442,18.909458126219103,22.89695265693244,3.3116537712887766,6,COMPLETE
341,1000000.0,1000000.0,0.09279355398653719,0.08722383274680635,0.3648338966873747,1000000.0,1000000.0,1000000.0,1000000.0,1000000.0,1000000.0,1000000.0,1000000.0,1000000.0,1000000.0,1000000.0,2026-03-27 05:27:28.802315,2026-03-27 05:28:54.243844,0 days 00:01:25.441529,0.8533491829725948,0.4734016816737326,0.6209470874830791,0.4271970155431605,0.6391979139663259,0.14255986340003865,0.8414442611902317,0.6213453057576726,3.1026710743988617,5.525152231868991,18.816633276113514,1.8736498279063647,24.06685693345404,6.697459903424459,23.67776267311684,15.380899790546678,6,COMPLETE
342,1000000.0,1000000.0,1000000.0,1000000.0,1000000.0,1000000.0,1000000.0,1000000.0,1000000.0,1000000.0,1000000.0,1000000.0,1000000.0,1000000.0,1000000.0,1000000.0,2026-03-27 05:28:54.254516,2026-03-27 05:30:06.995380,0 days 00:01:12.740864,0.6509170273504011,0.04863517631041256,0.09673007434862858,0.9802401008067853,0.6448191628896351,0.10548093970678966,0.36920948114530955,0.7527571531020829,12.910406976316251,0.855172357302774,7.325954200026158,18.994967083817833,16.857542929250258,12.417889027941694,22.89695265693244,3.0572742421388828,6,COMPLETE
343,1000000.0,1000000.0,0.05360522133624592,0.016345630081307082,1000000.0,1000000.0,1000000.0,1000000.0,1000000.0,1000000.0,0.2792131282874428,1000000.0,1000000.0,1000000.0,1000000.0,1000000.0,2026-03-27 05:30:07.006238,2026-03-27 05:31:32.337238,0 days 00:01:25.331000,0.6509170273504011,0.9116169995690447,0.6494471808280816,0.7632013471294642,0.8980082897770008,0.10581243804939185,0.21682645139293405,0.7527571531020829,15.227149486796332,11.74965743647482,14.003064982436616,0.22763654555512242,19.829669753816116,0.8005203795171522,22.89695265693244,15.380899790546678,6,COMPLETE
344,1000000.0,1000000.0,1000000.0,1000000.0,1000000.0,1000000.0,1000000.0,1000000.0,1000000.0,1000000.0,1000000.0,1000000.0,1000000.0,1000000.0,1000000.0,1000000.0,2026-03-27 05:31:32.348211,2026-03-27 05:31:59.684072,0 days 00:00:27.335861,0.8533491829725948,0.3566939980798594,0.4450254565154679,0.816111763335584,0.9836996465177444,0.6908369927643986,0.21682645139293405,0.7527571531020829,7.676441564236882,0.3493038177202602,4.980956204901533,1.8736498279063647,13.872765173409892,0.02376839403534505,14.482395734341585,16.52425539397861,6,COMPLETE
345,1000000.0,1000000.0,0.07301190901384674,0.10690708115231794,0.017283344047649894,1000000.0,1000000.0,1000000.0,1000000.0,1000000.0,0.274098420990725,1000000.0,0.42009835319517336,1000000.0,1000000.0,1000000.0,2026-03-27 05:31:59.695284,2026-03-27 05:33:25.461311,0 days 00:01:25.766027,0.11456933604383283,0.3592446467592388,0.5680831479575064,0.17524519330870458,0.2613958420681749,0.10581243804939185,0.656491910978773,0.3313953068683576,15.227149486796332,24.990135124033184,4.0039634023227535,11.414162968050556,4.492673249206467,7.006334444527836,22.213467593212247,15.380899790546678,6,COMPLETE
346,1000000.0,1000000.0,0.045413955826315903,1000000.0,0.03249285137313896,1000000.0,1000000.0,1000000.0,1000000.0,1000000.0,0.24412535201599078,1000000.0,1000000.0,1000000.0,1000000.0,1000000.0,2026-03-27 05:33:25.472205,2026-03-27 05:34:52.281872,0 days 00:01:26.809667,0.3826649939883203,0.3592446467592388,0.4450254565154679,0.7736109557469404,0.38123091507916124,0.10548093970678966,0.32098451946109324,0.2055036438426762,11.494680084104543,24.990135124033184,7.325954200026158,22.537739539553467,3.012952674216892,2.3406477845908,10.070617088003614,15.327798493292129,6,COMPLETE
347,1000000.0,1000000.0,0.044674927008113784,1000000.0,1000000.0,1000000.0,1000000.0,1000000.0,1000000.0,1000000.0,0.2642420090860438,1000000.0,1000000.0,1000000.0,1000000.0,1000000.0,2026-03-27 05:34:52.293774,2026-03-27 05:36:17.941355,0 days 00:01:25.647581,0.8533491829725948,0.2267353245055709,0.10323523848729411,0.7896036276292848,0.9836996465177444,0.10581243804939185,0.7335802997458245,0.295108344765465,3.116420449198988,16.7425492005099,18.816633276113514,18.994967083817833,13.872765173409892,0.8005203795171522,22.89695265693244,13.141610768161886,6,COMPLETE
348,1000000.0,1000000.0,0.06411919162443047,0.10571657263488203,0.28372763886504326,1000000.0,1000000.0,1000000.0,1000000.0,1000000.0,0.30324635870036737,1000000.0,1000000.0,1000000.0,1000000.0,1000000.0,2026-03-27 05:36:17.952887,2026-03-27 05:37:44.533457,0 days 00:01:26.580570,0.44292427257117456,0.9273015659119106,0.10750574440615002,0.17524519330870458,0.5794047513261499,0.048458629742033944,0.8623907708698942,0.6025534001147111,8.50272290479326,13.419946948700135,7.325954200026158,10.655349544586201,4.06858719167553,16.655322259020945,11.411617145352238,0.19401518139406712,6,COMPLETE
349,1000000.0,1000000.0,0.0762462407972791,0.12506316825949976,0.08624914262603793,1000000.0,1000000.0,1000000.0,1000000.0,1000000.0,0.30665056160201287,1000000.0,1000000.0,1000000.0,1000000.0,1000000.0,2026-03-27 05:37:44.544470,2026-03-27 05:39:10.344372,0 days 00:01:25.799902,0.04753726255755655,0.6955865732138418,0.4344387011232426,0.17524519330870458,0.38123091507916124,0.048458629742033944,0.8396035566203823,0.16440088640289807,15.227149486796332,23.100499573987648,14.996293360187861,5.59487262501663,2.990641646611442,16.655322259020945,10.070617088003614,3.3116537712887766,6,COMPLETE
350,1000000.0,1000000.0,0.13698434400272141,0.16105658765575143,0.29542105731108836,1000000.0,1000000.0,1000000.0,1000000.0,1000000.0,1000000.0,1000000.0,1000000.0,1000000.0,1000000.0,1000000.0,2026-03-27 05:39:10.356025,2026-03-27 05:40:36.003777,0 days 00:01:25.647752,0.19434276690089075,0.940149660145769,0.6092300644170181,0.8609773266203685,0.8980082897770008,0.29356622182872544,0.8623907708698942,0.2055036438426762,10.700245534655053,0.855172357302774,19.966731868198373,24.607180155166073,2.3808740092132887,3.406480553043026,14.898875124396334,13.141610768161886,7,COMPLETE
351,1000000.0,1000000.0,0.01564148746319585,1000000.0,0.0955292419929319,1000000.0,1000000.0,1000000.0,1000000.0,1000000.0,0.19742447437954247,1000000.0,1000000.0,1000000.0,1000000.0,1000000.0,2026-03-27 05:40:36.015380,2026-03-27 05:42:01.405538,0 days 00:01:25.390158,0.6509170273504011,0.940149660145769,0.6092300644170181,0.7632013471294642,0.6024314699199232,0.10581243804939185,0.21682645139293405,0.7527571531020829,15.227149486796332,0.855172357302774,19.966731868198373,22.597092278473525,16.857542929250258,12.417889027941694,22.89695265693244,13.141610768161886,7,COMPLETE
352,1000000.0,1000000.0,0.07185565071444801,0.14920691522102508,1000000.0,1000000.0,1000000.0,1000000.0,1000000.0,1000000.0,0.3083928350581675,0.315507084715959,1000000.0,1000000.0,1000000.0,1000000.0,2026-03-27 05:42:01.417481,2026-03-27 05:43:28.174574,0 days 00:01:26.757093,0.8533491829725948,0.5590415933152213,0.10750574440615002,0.15966199401250572,0.9836996465177444,0.048458629742033944,0.21682645139293405,0.7527571531020829,15.227149486796332,16.7425492005099,20.08659521899448,1.8736498279063647,7.72886205309009,2.18106675286599,14.482395734341585,0.19401518139406712,7,COMPLETE
353,1000000.0,1000000.0,0.07699640477152986,0.1378397511137226,1000000.0,1000000.0,1000000.0,1000000.0,1000000.0,1000000.0,0.3058373681045316,1000000.0,1000000.0,1000000.0,1000000.0,1000000.0,2026-03-27 05:43:28.185549,2026-03-27 05:44:53.938813,0 days 00:01:25.753264,0.35240084811599076,0.6955865732138418,0.10323523848729411,0.17524519330870458,0.9836996465177444,0.048458629742033944,0.8396035566203823,0.7527571531020829,15.227149486796332,1.2400390863102138,23.25034487729397,4.653992841863115,13.872765173409892,0.8005203795171522,22.657565218407278,22.559228898153115,7,COMPLETE
354,1000000.0,1000000.0,0.0625554283461577,0.16187842398551225,0.32642243761769496,1000000.0,1000000.0,1000000.0,1000000.0,1000000.0,0.30896069793303166,0.35283692229579555,1000000.0,1000000.0,1000000.0,1000000.0,2026-03-27 05:44:53.950075,2026-03-27 05:46:20.985008,0 days 00:01:27.034933,0.565192615172066,0.4837400366855389,0.43499190707255087,0.08402753439047576,0.5338092349715855,0.04447217856475382,0.656491910978773,0.3313953068683576,14.336082236658784,24.990135124033184,0.9699504017181515,8.497448359305542,4.492673249206467,3.406480553043026,12.05904741938356,23.317972821616813,7,COMPLETE
355,1000000.0,1000000.0,0.04824321797044832,1000000.0,0.03425896228327362,1000000.0,1000000.0,1000000.0,1000000.0,1000000.0,0.28968797255824247,1000000.0,0.3705115241676874,1000000.0,1000000.0,1000000.0,2026-03-27 05:46:20.996185,2026-03-27 05:47:46.916837,0 days 00:01:25.920652,0.8533491829725948,0.4589911614231615,0.6494471808280816,0.7736109557469404,0.2613958420681749,0.04447217856475382,0.8002426776394009,0.6213453057576726,7.676441564236882,11.74965743647482,18.816633276113514,22.537739539553467,4.492673249206467,0.8005203795171522,22.213467593212247,22.559228898153115,7,COMPLETE
356,1000000.0,1000000.0,1000000.0,1000000.0,1000000.0,1000000.0,1000000.0,1000000.0,1000000.0,1000000.0,1000000.0,1000000.0,1000000.0,1000000.0,1000000.0,1000000.0,2026-03-27 05:47:46.928359,2026-03-27 05:48:14.196577,0 days 00:00:27.268218,0.8533491829725948,0.3592446467592388,0.10323523848729411,0.7736109557469404,0.9836996465177444,0.08166971367050493,0.8002426776394009,0.021181156763885364,18.276755046775563,16.7425492005099,18.816633276113514,1.8736498279063647,19.829669753816116,0.8005203795171522,14.482395734341585,22.559228898153115,7,COMPLETE
357,1000000.0,1000000.0,0.061558047931196805,0.15725330907794766,0.14470358480294762,1000000.0,1000000.0,1000000.0,1000000.0,1000000.0,0.31046934135587445,0.3511421757436485,1000000.0,1000000.0,1000000.0,1000000.0,2026-03-27 05:48:14.208938,2026-03-27 05:49:39.445045,0 days 00:01:25.236107,0.04753726255755655,0.6997242335582243,0.9298369183713273,0.08402753439047576,0.4067309082100382,0.04447217856475382,0.8396035566203823,0.3313953068683576,14.336082236658784,0.855172357302774,4.0039634023227535,23.460464575864812,4.492673249206467,18.909458126219103,22.89695265693244,23.317972821616813,7,COMPLETE
358,1000000.0,1000000.0,1000000.0,1000000.0,1000000.0,1000000.0,1000000.0,1000000.0,1000000.0,1000000.0,1000000.0,1000000.0,1000000.0,1000000.0,1000000.0,1000000.0,2026-03-27 05:49:39.457049,2026-03-27 05:50:06.701662,0 days 00:00:27.244613,0.8161986533742611,0.11861656837865918,0.4450254565154679,0.7632013471294642,0.8980082897770008,0.10548093970678966,0.32098451946109324,0.7527571531020829,15.227149486796332,13.419946948700135,12.963974835933758,5.59487262501663,19.829669753816116,0.8005203795171522,10.070617088003614,16.52425539397861,7,COMPLETE
359,1000000.0,1000000.0,0.055035457084249007,0.1690411972540259,0.49770284351115796,1000000.0,1000000.0,1000000.0,1000000.0,1000000.0,0.30865439459983735,0.3552985099504069,1000000.0,1000000.0,1000000.0,1000000.0,2026-03-27 05:50:06.713425,2026-03-27 05:51:32.278598,0 days 00:01:25.565173,0.6086447328152642,0.35366313547615585,0.43499190707255087,0.08402753439047576,0.6391979139663259,0.048458629742033944,0.32098451946109324,0.3313953068683576,14.336082236658784,0.3493038177202602,4.980956204901533,8.497448359305542,3.8410257963476497,0.02376839403534505,10.070617088003614,16.52425539397861,7,COMPLETE
360,1000000.0,1000000.0,1000000.0,1000000.0,1000000.0,1000000.0,1000000.0,1000000.0,1000000.0,1000000.0,1000000.0,1000000.0,1000000.0,1000000.0,1000000.0,1000000.0,2026-03-27 05:51:32.291658,2026-03-27 05:51:53.097055,0 days 00:00:20.805397,0.8533491829725948,0.9273015659119106,0.5680831479575064,0.17524519330870458,0.2613958420681749,0.6908369927643986,0.21682645139293405,0.3313953068683576,15.227149486796332,24.990135124033184,18.816633276113514,11.414162968050556,4.492673249206467,7.006334444527836,14.482395734341585,15.380899790546678,7,COMPLETE
361,1000000.0,1000000.0,0.021455662338325823,1000000.0,0.16398124880067366,1000000.0,1000000.0,1000000.0,1000000.0,1000000.0,0.21888499820795343,1000000.0,1000000.0,1000000.0,1000000.0,1000000.0,2026-03-27 05:51:53.107847,2026-03-27 05:53:18.941317,0 days 00:01:25.833470,0.4898434945240583,0.49745594763292544,0.4450254565154679,0.816111763335584,0.6391979139663259,0.3782284438147583,0.7335802997458245,0.6213453057576726,3.116420449198988,0.3493038177202602,4.980956204901533,22.537739539553467,3.8410257963476497,0.02376839403534505,22.213467593212247,16.52425539397861,7,COMPLETE
362,1000000.0,1000000.0,0.054817381101188646,0.17564810882307763,0.1042209558592487,1000000.0,1000000.0,1000000.0,1000000.0,1000000.0,0.30851263345398394,0.3530303070379544,1000000.0,1000000.0,1000000.0,1000000.0,2026-03-27 05:53:18.952288,2026-03-27 05:54:46.074932,0 days 00:01:27.122644,0.6509170273504011,0.4837400366855389,0.43499190707255087,0.08402753439047576,0.37854297209115295,0.04447217856475382,0.7335802997458245,0.2055036438426762,3.116420449198988,12.669842888654136,0.9699504017181515,18.994967083817833,2.3808740092132887,18.21122745855342,22.89695265693244,13.141610768161886,7,COMPLETE
363,1000000.0,1000000.0,1000000.0,0.12444857346935621,0.07849122947297463,1000000.0,1000000.0,1000000.0,1000000.0,1000000.0,1000000.0,1000000.0,1000000.0,1000000.0,1000000.0,1000000.0,2026-03-27 05:54:46.085759,2026-03-27 05:56:11.461017,0 days 00:01:25.375258,0.04753726255755655,0.4734016816737326,0.3662873111936026,0.17524519330870458,0.4067309082100382,0.8820301922020268,0.7335802997458245,0.6213453057576726,15.227149486796332,6.1458685159809505,23.25034487729397,6.502807285793374,2.990641646611442,16.655322259020945,20.845132564819007,3.3116537712887766,7,COMPLETE
364,1000000.0,1000000.0,0.06108432138730761,0.16892532824569842,0.3352488641742194,1000000.0,1000000.0,1000000.0,1000000.0,1000000.0,0.30931451633478907,0.35312986239829547,1000000.0,1000000.0,1000000.0,1000000.0,2026-03-27 05:56:11.472020,2026-03-27 05:57:37.831912,0 days 00:01:26.359892,0.11456933604383283,0.4589911614231615,0.5680831479575064,0.08402753439047576,0.5338092349715855,0.04447217856475382,0.656491910978773,0.3313953068683576,14.336082236658784,24.990135124033184,4.0039634023227535,22.537739539553467,4.492673249206467,3.406480553043026,22.213467593212247,23.317972821616813,7,COMPLETE
365,1000000.0,1000000.0,0.06541041273781464,0.15981788817018527,0.04979856368257688,1000000.0,1000000.0,1000000.0,1000000.0,1000000.0,0.3093579199641651,0.35183226368832543,0.49888648286368154,1000000.0,1000000.0,1000000.0,2026-03-27 05:57:37.843229,2026-03-27 05:59:04.071826,0 days 00:01:26.228597,0.752463180980785,0.9662106523213966,0.3662873111936026,0.08402753439047576,0.23220619395567269,0.04447217856475382,0.8396035566203823,0.4080051646084188,14.800605389035345,3.4394088561122644,9.889305996758797,22.229084301744958,2.990641646611442,18.412067126677332,17.090544948683856,16.751754090776785,7,COMPLETE
366,1000000.0,1000000.0,1000000.0,1000000.0,1000000.0,1000000.0,1000000.0,1000000.0,1000000.0,1000000.0,1000000.0,1000000.0,1000000.0,1000000.0,1000000.0,1000000.0,2026-03-27 05:59:04.083202,2026-03-27 06:00:28.223658,0 days 00:01:24.140456,0.12087254597587063,0.5091080418650433,0.882073862033187,0.8609773266203685,0.8980082897770008,0.17994942718738266,0.21682645139293405,0.7527571531020829,3.116420449198988,4.206821797106995,4.0039634023227535,22.537739539553467,16.857542929250258,12.417889027941694,22.89695265693244,6.502701749861743,7,COMPLETE
367,1000000.0,1000000.0,0.02255261337631753,1000000.0,0.14742271897611045,1000000.0,1000000.0,1000000.0,1000000.0,1000000.0,0.21995693558029697,1000000.0,1000000.0,1000000.0,1000000.0,1000000.0,2026-03-27 06:00:28.234786,2026-03-27 06:01:53.968181,0 days 00:01:25.733395,0.4405537352832356,0.04863517631041256,0.9718128564602398,0.9802401008067853,0.6448191628896351,0.3782284438147583,0.36920948114530955,0.45679019582675656,11.494680084104543,0.3493038177202602,7.325954200026158,23.60052410920781,4.06858719167553,0.02376839403534505,7.471310740278318,16.52425539397861,7,COMPLETE
368,1000000.0,1000000.0,1000000.0,0.1269030444682478,0.10010229716979412,1000000.0,1000000.0,1000000.0,1000000.0,1000000.0,1000000.0,1000000.0,0.4854597595110227,1000000.0,1000000.0,1000000.0,2026-03-27 06:01:53.980692,2026-03-27 06:03:19.734038,0 days 00:01:25.753346,0.8533491829725948,0.6523769636822712,0.46149969293586307,0.4271970155431605,0.2613958420681749,0.916423487548272,0.8414442611902317,0.3313953068683576,15.227149486796332,5.525152231868991,18.816633276113514,1.8736498279063647,4.492673249206467,7.006334444527836,13.638774042250393,1.4298346318364445,7,COMPLETE
369,1000000.0,1000000.0,1000000.0,1000000.0,1000000.0,1000000.0,1000000.0,1000000.0,1000000.0,1000000.0,1000000.0,1000000.0,1000000.0,1000000.0,1000000.0,1000000.0,2026-03-27 06:03:19.745231,2026-03-27 06:04:12.562511,0 days 00:00:52.817280,0.12087254597587063,0.5091080418650433,0.22556619811117898,0.17524519330870458,0.2613958420681749,0.30540996052141683,0.8002426776394009,0.6025534001147111,18.276755046775563,16.7425492005099,14.003064982436616,22.537739539553467,7.72886205309009,6.79239198615362,22.213467593212247,0.19401518139406712,7,COMPLETE
370,1000000.0,1000000.0,0.11989227495675724,1000000.0,0.040910334155377655,1000000.0,1000000.0,1000000.0,1000000.0,1000000.0,1000000.0,1000000.0,0.5260006079518581,1000000.0,1000000.0,1000000.0,2026-03-27 06:04:12.573112,2026-03-27 06:05:38.342429,0 days 00:01:25.769317,0.19434276690089075,0.3308930906123468,0.7440447073825482,0.8856389215616685,0.1636985569221783,0.14255986340003865,0.11013753367690134,0.017141573306956547,23.111938556028942,4.192864576439151,4.755849281974349,15.719576166994049,22.015999700978195,20.85698131090428,20.142130897666952,16.510652747971903,7,COMPLETE
371,1000000.0,1000000.0,0.016678399975844988,1000000.0,1000000.0,1000000.0,1000000.0,1000000.0,1000000.0,1000000.0,0.19892566510107684,1000000.0,1000000.0,1000000.0,1000000.0,1000000.0,2026-03-27 06:05:38.354667,2026-03-27 06:07:04.522895,0 days 00:01:26.168228,0.6509170273504011,0.5091080418650433,0.10323523848729411,0.8856389215616685,0.8980082897770008,0.10548093970678966,0.21682645139293405,0.2055036438426762,18.085904761594914,16.7425492005099,19.966731868198373,14.017060394342668,22.015999700978195,12.417889027941694,17.090544948683856,16.510652747971903,7,COMPLETE
372,1000000.0,1000000.0,1000000.0,1000000.0,1000000.0,1000000.0,1000000.0,1000000.0,1000000.0,1000000.0,1000000.0,1000000.0,1000000.0,1000000.0,1000000.0,1000000.0,2026-03-27 06:07:04.533862,2026-03-27 06:07:57.386858,0 days 00:00:52.852996,0.2636832641246321,0.9539385218506246,0.4450254565154679,0.7736109557469404,0.2613958420681749,0.6403832791700316,0.8002426776394009,0.6213453057576726,11.494680084104543,24.990135124033184,7.325954200026158,22.537739539553467,11.67831276546445,0.8005203795171522,10.070617088003614,15.327798493292129,7,COMPLETE
373,1000000.0,1000000.0,0.06636735194373007,0.15742612724022187,1000000.0,1000000.0,1000000.0,1000000.0,1000000.0,1000000.0,0.2914950093032706,0.3242468510507654,1000000.0,1000000.0,1000000.0,1000000.0,2026-03-27 06:07:57.398213,2026-03-27 06:09:23.124434,0 days 00:01:25.726221,0.19434276690089075,0.2267353245055709,0.6092300644170181,0.10490483734021938,0.8980082897770008,0.10581243804939185,0.11013753367690134,0.5317284110038133,23.053890124600418,0.855172357302774,24.735292958601956,18.994967083817833,16.50692708412729,3.406480553043026,22.89695265693244,13.141610768161886,7,COMPLETE
374,1000000.0,1000000.0,0.02003546815645036,1000000.0,0.0765237997009057,1000000.0,1000000.0,1000000.0,1000000.0,1000000.0,0.19761288633518134,1000000.0,1000000.0,1000000.0,1000000.0,1000000.0,2026-03-27 06:09:23.135396,2026-03-27 06:10:48.887885,0 days 00:01:25.752489,0.04753726255755655,0.3592446467592388,0.6494471808280816,0.7736109557469404,0.2613958420681749,0.10581243804939185,0.8002426776394009,0.6213453057576726,0.19767544823482855,0.855172357302774,14.003064982436616,11.414162968050556,15.577168048946557,10.711564785139362,22.213467593212247,15.380899790546678,7,COMPLETE
375,1000000.0,1000000.0,0.05367248130970326,0.17354843155947314,0.2320350862090779,1000000.0,1000000.0,1000000.0,1000000.0,1000000.0,0.3079180775800623,0.35380214617843037,1000000.0,1000000.0,1000000.0,1000000.0,2026-03-27 06:10:48.899584,2026-03-27 06:12:14.393185,0 days 00:01:25.493601,0.565192615172066,0.9273015659119106,0.3345124105779843,0.08402753439047576,0.4275669210810305,0.048458629742033944,0.8623907708698942,0.3313953068683576,15.227149486796332,6.1458685159809505,20.08659521899448,8.497448359305542,8.232864379143397,18.21122745855342,16.39409714766326,23.317972821616813,7,COMPLETE
376,1000000.0,1000000.0,1000000.0,1000000.0,1000000.0,1000000.0,1000000.0,1000000.0,1000000.0,1000000.0,1000000.0,1000000.0,1000000.0,1000000.0,1000000.0,1000000.0,2026-03-27 06:12:14.403968,2026-03-27 06:12:41.776103,0 days 00:00:27.372135,0.7756047875436489,0.9273015659119106,0.6494471808280816,0.7736109557469404,0.8955881919886156,0.048458629742033944,0.8623907708698942,0.2055036438426762,18.276755046775563,24.990135124033184,14.003064982436616,3.753301699544548,2.3808740092132887,3.406480553043026,16.39409714766326,9.153801444334722,7,COMPLETE
377,1000000.0,1000000.0,1000000.0,1000000.0,1000000.0,1000000.0,1000000.0,1000000.0,1000000.0,1000000.0,1000000.0,1000000.0,1000000.0,1000000.0,1000000.0,1000000.0,2026-03-27 06:12:41.787877,2026-03-27 06:13:03.540747,0 days 00:00:21.752870,0.7990507556317827,0.04863517631041256,0.882073862033187,0.9802401008067853,0.6448191628896351,0.29356622182872544,0.3564822771652863,0.45679019582675656,17.668334938464362,4.192864576439151,7.325954200026158,23.10618075923542,0.3297800798218504,19.336553685076222,7.471310740278318,6.502701749861743,7,COMPLETE
378,1000000.0,1000000.0,0.05849688195308041,0.17054800610231038,0.16401866548001778,1000000.0,1000000.0,1000000.0,1000000.0,1000000.0,1000000.0,0.35745653324535875,1000000.0,1000000.0,1000000.0,1000000.0,2026-03-27 06:13:03.551944,2026-03-27 06:14:28.971713,0 days 00:01:25.419769,0.3826649939883203,0.11861656837865918,0.4450254565154679,0.08402753439047576,0.38123091507916124,0.10548093970678966,0.144510538136074,0.3313953068683576,14.336082236658784,13.419946948700135,0.9699504017181515,8.497448359305542,22.19150472819343,18.21122745855342,12.05904741938356,16.52425539397861,7,COMPLETE
379,1000000.0,1000000.0,0.02272262706262874,0.04191742329848574,0.04798310333390871,1000000.0,1000000.0,1000000.0,1000000.0,1000000.0,0.2726527951764648,1000000.0,1000000.0,1000000.0,1000000.0,1000000.0,2026-03-27 06:14:28.984442,2026-03-27 06:15:54.530098,0 days 00:01:25.545656,0.8533491829725948,0.3592446467592388,0.10323523848729411,0.4271970155431605,0.2613958420681749,0.10581243804939185,0.21682645139293405,0.7527571531020829,15.227149486796332,16.7425492005099,4.0039634023227535,1.8736498279063647,13.872765173409892,0.8005203795171522,14.482395734341585,15.380899790546678,7,COMPLETE
380,1000000.0,1000000.0,0.056067731209305194,0.1792994777967494,1000000.0,1000000.0,1000000.0,1000000.0,1000000.0,1000000.0,0.3075722233921413,0.35326944179960545,1000000.0,1000000.0,1000000.0,1000000.0,2026-03-27 06:15:54.541851,2026-03-27 06:17:20.419691,0 days 00:01:25.877840,0.565192615172066,0.9273015659119106,0.3345124105779843,0.08402753439047576,0.8955881919886156,0.048458629742033944,0.8623907708698942,0.3313953068683576,15.227149486796332,6.1458685159809505,14.820970368827199,8.497448359305542,8.232864379143397,18.21122745855342,16.39409714766326,9.153801444334722,7,COMPLETE
381,1000000.0,1000000.0,0.07895736520131794,0.1520060000259075,0.31395264680634716,1000000.0,1000000.0,1000000.0,1000000.0,1000000.0,1000000.0,1000000.0,1000000.0,1000000.0,1000000.0,1000000.0,2026-03-27 06:17:20.430282,2026-03-27 06:18:45.903602,0 days 00:01:25.473320,0.9695324378906215,0.6955865732138418,0.3662873111936026,0.17524519330870458,0.6448191628896351,0.10548093970678966,0.36920948114530955,0.6025534001147111,15.227149486796332,1.2400390863102138,7.325954200026158,4.653992841863115,2.990641646611442,19.336553685076222,12.35270758779745,3.0572742421388828,7,COMPLETE
382,1000000.0,1000000.0,0.055331777354677106,0.17163246640621788,0.09874432642820746,1000000.0,1000000.0,1000000.0,1000000.0,1000000.0,0.3098459108903137,0.3548218307870056,0.4368906603930623,1000000.0,1000000.0,1000000.0,2026-03-27 06:18:45.914290,2026-03-27 06:20:11.221501,0 days 00:01:25.307211,0.565192615172066,0.5091080418650433,0.43499190707255087,0.08402753439047576,0.23220619395567269,0.048458629742033944,0.144510538136074,0.3313953068683576,14.336082236658784,12.669842888654136,9.889305996758797,14.017060394342668,22.015999700978195,5.017799374338482,12.05904741938356,0.19401518139406712,7,COMPLETE
383,1000000.0,1000000.0,0.02328680347526522,0.5753954324505931,0.07265633145010883,1000000.0,1000000.0,1000000.0,1000000.0,1000000.0,1000000.0,1000000.0,0.38773213217563335,1000000.0,1000000.0,1000000.0,2026-03-27 06:20:11.232057,2026-03-27 06:21:37.156085,0 days 00:01:25.924028,0.752463180980785,0.9662106523213966,0.3662873111936026,0.6506844034990305,0.25763378986772073,0.11227705775593351,0.8396035566203823,0.4080051646084188,18.085904761594914,3.4394088561122644,9.889305996758797,22.229084301744958,2.990641646611442,15.04881858178218,17.090544948683856,16.751754090776785,7,COMPLETE
384,1000000.0,1000000.0,0.007168613470403505,1000000.0,0.06055730385929816,1000000.0,1000000.0,1000000.0,1000000.0,1000000.0,1000000.0,1000000.0,0.3796675860020544,1000000.0,1000000.0,1000000.0,2026-03-27 06:21:37.167645,2026-03-27 06:23:03.125287,0 days 00:01:25.957642,0.9695324378906215,0.04863517631041256,0.09673007434862858,0.9802401008067853,0.2613958420681749,0.10548093970678966,0.656491910978773,0.3313953068683576,15.227149486796332,13.419946948700135,7.325954200026158,23.10618075923542,4.06858719167553,16.671954034427014,22.213467593212247,3.0572742421388828,7,COMPLETE
385,1000000.0,1000000.0,0.04713020114749396,1000000.0,0.02954478187032487,1000000.0,1000000.0,1000000.0,1000000.0,1000000.0,0.2846556815199882,1000000.0,1000000.0,1000000.0,1000000.0,1000000.0,2026-03-27 06:23:03.136082,2026-03-27 06:24:28.423001,0 days 00:01:25.286919,0.4858433328611808,0.3592446467592388,0.6494471808280816,0.7736109557469404,0.2613958420681749,0.07393182880556347,0.8002426776394009,0.6025534001147111,7.788130077029203,0.855172357302774,1.0406327391692842,22.537739539553467,19.829669753816116,16.655322259020945,22.213467593212247,7.660977282828712,7,COMPLETE
386,1000000.0,1000000.0,0.06344519929540438,0.15984199504328617,0.07718417579242182,1000000.0,1000000.0,1000000.0,1000000.0,1000000.0,0.2925039645970904,0.3372835035011941,1000000.0,1000000.0,1000000.0,1000000.0,2026-03-27 06:24:28.433679,2026-03-27 06:25:54.378438,0 days 00:01:25.944759,0.19434276690089075,0.04863517631041256,0.09673007434862858,0.10490483734021938,0.6448191628896351,0.10548093970678966,0.11013753367690134,0.45679019582675656,17.668334938464362,4.192864576439151,7.325954200026158,5.513291425202985,0.3297800798218504,3.406480553043026,7.471310740278318,6.502701749861743,7,COMPLETE
387,1000000.0,1000000.0,0.03233319758298854,1000000.0,0.06155822237769738,1000000.0,1000000.0,1000000.0,1000000.0,1000000.0,0.20828147069625025,1000000.0,0.3941034764673458,1000000.0,1000000.0,1000000.0,2026-03-27 06:25:54.388996,2026-03-27 06:27:20.122198,0 days 00:01:25.733202,0.10469953715964221,0.07051941277168566,0.09673007434862858,0.9802401008067853,0.2613958420681749,0.10548093970678966,0.8623907708698942,0.45679019582675656,18.276755046775563,5.303501942283226,7.325954200026158,22.537739539553467,4.06858719167553,7.743629492631297,7.471310740278318,11.664837089442198,7,COMPLETE
388,1000000.0,1000000.0,0.07758795026409995,0.12836647886496624,0.19254004993078505,1000000.0,1000000.0,1000000.0,1000000.0,1000000.0,0.30601946321798357,1000000.0,1000000.0,1000000.0,1000000.0,1000000.0,2026-03-27 06:27:20.133149,2026-03-27 06:28:45.639549,0 days 00:01:25.506400,0.752463180980785,0.6955865732138418,0.10750574440615002,0.17524519330870458,0.4067309082100382,0.048458629742033944,0.8396035566203823,0.35260253500832944,12.53903813805493,1.2400390863102138,23.25034487729397,4.653992841863115,16.546564484997614,16.655322259020945,22.657565218407278,0.19401518139406712,7,COMPLETE
389,1000000.0,1000000.0,0.044129018866818776,1000000.0,0.08185498607493193,1000000.0,1000000.0,1000000.0,1000000.0,1000000.0,0.23296798798864532,1000000.0,1000000.0,1000000.0,1000000.0,1000000.0,2026-03-27 06:28:45.652306,2026-03-27 06:30:10.837475,0 days 00:01:25.185169,0.6509170273504011,0.2267353245055709,0.6092300644170181,0.8609773266203685,0.8980082897770008,0.10581243804939185,0.7335802997458245,0.2055036438426762,3.116420449198988,0.855172357302774,19.966731868198373,18.994967083817833,2.3808740092132887,3.406480553043026,22.89695265693244,13.141610768161886,7,COMPLETE
390,1000000.0,1000000.0,1000000.0,1000000.0,1000000.0,1000000.0,1000000.0,1000000.0,1000000.0,1000000.0,1000000.0,1000000.0,1000000.0,1000000.0,1000000.0,1000000.0,2026-03-27 06:30:10.850468,2026-03-27 06:30:48.790548,0 days 00:00:37.940080,0.04753726255755655,0.4734016816737326,0.6494471808280816,0.17524519330870458,0.6391979139663259,0.3626414604268391,0.8002426776394009,0.6213453057576726,15.227149486796332,0.855172357302774,14.003064982436616,1.8736498279063647,2.990641646611442,7.006334444527836,19.625190594867107,15.380899790546678,7,COMPLETE
391,1000000.0,1000000.0,0.04742621461872854,1000000.0,0.09817893103840646,1000000.0,1000000.0,1000000.0,1000000.0,1000000.0,0.2668984133332113,1000000.0,1000000.0,1000000.0,1000000.0,1000000.0,2026-03-27 06:30:48.801489,2026-03-27 06:32:14.147410,0 days 00:01:25.345921,0.6509170273504011,0.893201102881611,0.6092300644170181,0.8609773266203685,0.8980082897770008,0.10581243804939185,0.7335802997458245,0.3313953068683576,7.676441564236882,0.855172357302774,19.966731868198373,22.537739539553467,2.3808740092132887,0.8005203795171522,22.213467593212247,7.148814406474547,7,COMPLETE
392,1000000.0,1000000.0,1000000.0,1000000.0,1000000.0,1000000.0,1000000.0,1000000.0,1000000.0,1000000.0,1000000.0,1000000.0,1000000.0,1000000.0,1000000.0,1000000.0,2026-03-27 06:32:14.158298,2026-03-27 06:32:41.461832,0 days 00:00:27.303534,0.2690657300012693,0.11861656837865918,0.4450254565154679,0.10106587474488772,0.2192999616837112,0.6908369927643986,0.8414442611902317,0.021181156763885364,11.494680084104543,16.7425492005099,2.3618699632612206,6.502807285793374,3.012952674216892,2.3406477845908,20.845132564819007,22.559228898153115,7,COMPLETE
393,1000000.0,1000000.0,0.0588687836024024,0.17416886123363487,0.0278908906491177,1000000.0,1000000.0,1000000.0,1000000.0,1000000.0,1000000.0,0.3430076762330818,0.5267908995247036,1000000.0,1000000.0,1000000.0,2026-03-27 06:32:41.472825,2026-03-27 06:34:07.622473,0 days 00:01:26.149648,0.04753726255755655,0.3566939980798594,0.10323523848729411,0.10106587474488772,0.2192999616837112,0.10581243804939185,0.8414442611902317,0.7640220930212918,5.265302379179622,16.7425492005099,2.3618699632612206,6.502807285793374,2.423793970968869,18.073938319277147,20.845132564819007,3.3116537712887766,7,COMPLETE
394,1000000.0,1000000.0,0.06725421352220931,0.15565394481260578,0.30986927337925796,1000000.0,1000000.0,1000000.0,1000000.0,1000000.0,0.3097910579227484,0.3346563476440993,1000000.0,1000000.0,1000000.0,1000000.0,2026-03-27 06:34:07.633956,2026-03-27 06:35:33.215036,0 days 00:01:25.581080,0.565192615172066,0.9273015659119106,0.882073862033187,0.10490483734021938,0.49925951439255534,0.048458629742033944,0.8623907708698942,0.017141573306956547,15.227149486796332,11.74965743647482,14.820970368827199,8.497448359305542,8.232864379143397,3.406480553043026,16.39409714766326,2.4743859630738445,7,COMPLETE
395,1000000.0,1000000.0,0.058799431974473744,0.16603858246683328,0.5031526887531236,1000000.0,1000000.0,1000000.0,1000000.0,1000000.0,0.30808824773900806,0.3520818745527862,1000000.0,1000000.0,1000000.0,1000000.0,2026-03-27 06:35:33.226491,2026-03-27 06:36:58.704974,0 days 00:01:25.478483,0.565192615172066,0.49745594763292544,0.4450254565154679,0.08402753439047576,0.6391979139663259,0.04447217856475382,0.144510538136074,0.6213453057576726,14.336082236658784,0.3493038177202602,4.980956204901533,23.60052410920781,3.8410257963476497,0.02376839403534505,12.05904741938356,16.52425539397861,7,COMPLETE
396,1000000.0,1000000.0,0.056067731209305194,0.1792994777967494,1000000.0,1000000.0,1000000.0,1000000.0,1000000.0,1000000.0,0.3075722233921413,0.35326944179960545,1000000.0,1000000.0,1000000.0,1000000.0,2026-03-27 06:36:58.716378,2026-03-27 06:38:24.478207,0 days 00:01:25.761829,0.565192615172066,0.9273015659119106,0.3345124105779843,0.08402753439047576,0.8955881919886156,0.048458629742033944,0.8623907708698942,0.3313953068683576,15.227149486796332,6.1458685159809505,14.820970368827199,8.497448359305542,8.232864379143397,18.21122745855342,16.39409714766326,9.153801444334722,7,COMPLETE
397,1000000.0,1000000.0,0.0609366818466177,0.16633412987104695,1000000.0,1000000.0,1000000.0,1000000.0,1000000.0,1000000.0,0.30862006128255726,0.35471648958477225,1000000.0,1000000.0,1000000.0,1000000.0,2026-03-27 06:38:24.489728,2026-03-27 06:39:50.113016,0 days 00:01:25.623288,0.4405537352832356,0.9273015659119106,0.4450254565154679,0.08402753439047576,0.8955881919886156,0.048458629742033944,0.8623907708698942,0.3313953068683576,15.227149486796332,0.3493038177202602,4.980956204901533,8.497448359305542,3.8410257963476497,18.21122745855342,16.39409714766326,9.153801444334722,7,COMPLETE
398,1000000.0,1000000.0,0.05411822875377454,0.17430686342624835,0.49890862799045577,1000000.0,1000000.0,1000000.0,1000000.0,1000000.0,0.3090929748065365,0.354192373158127,1000000.0,1000000.0,1000000.0,1000000.0,2026-03-27 06:39:50.125144,2026-03-27 06:41:15.507572,0 days 00:01:25.382428,0.565192615172066,0.4589911614231615,0.4627743674764352,0.08402753439047576,0.5338092349715855,0.048458629742033944,0.656491910978773,0.3313953068683576,15.227149486796332,6.1458685159809505,20.08659521899448,22.537739539553467,8.232864379143397,18.21122745855342,16.39409714766326,23.317972821616813,7,COMPLETE
399,1000000.0,1000000.0,1000000.0,1000000.0,1000000.0,1000000.0,1000000.0,1000000.0,1000000.0,1000000.0,1000000.0,1000000.0,1000000.0,1000000.0,1000000.0,1000000.0,2026-03-27 06:41:15.518753,2026-03-27 06:41:36.501564,0 days 00:00:20.982811,0.565192615172066,0.1086233050185069,0.3662873111936026,0.6506844034990305,0.23220619395567269,0.5092700444526677,0.144510538136074,0.3313953068683576,18.085904761594914,3.4394088561122644,9.889305996758797,8.497448359305542,8.232864379143397,15.04881858178218,12.05904741938356,0.19401518139406712,7,COMPLETE
400,1000000.0,1000000.0,0.08589567338714188,0.1772981085546383,0.1403032919541158,1000000.0,1000000.0,1000000.0,1000000.0,1000000.0,1000000.0,0.36088836428643944,0.3324848124936948,1000000.0,1000000.0,1000000.0,2026-03-27 06:41:36.513909,2026-03-27 06:43:02.845346,0 days 00:01:26.331437,0.8533491829725948,0.4734016816737326,0.46149969293586307,0.10490483734021938,0.3321926726884462,0.36693387508421677,0.11013753367690134,0.6213453057576726,3.1026710743988617,5.525152231868991,4.755849281974349,1.8736498279063647,0.3297800798218504,3.406480553043026,10.070617088003614,24.147748977676457,8,COMPLETE
401,1000000.0,1000000.0,0.06964931806793456,0.1732956868790933,1000000.0,1000000.0,1000000.0,1000000.0,1000000.0,1000000.0,1000000.0,0.3311205220096299,1000000.0,1000000.0,1000000.0,1000000.0,2026-03-27 06:43:02.856437,2026-03-27 06:44:28.419162,0 days 00:01:25.562725,0.565192615172066,0.9273015659119106,0.3662873111936026,0.10090178806463944,0.8955881919886156,0.11227705775593351,0.8396035566203823,0.3313953068683576,15.227149486796332,6.1458685159809505,9.889305996758797,22.229084301744958,8.232864379143397,18.21122745855342,17.090544948683856,9.153801444334722,8,COMPLETE
402,1000000.0,1000000.0,0.05436940769915819,0.1758448440680261,0.11153875648603914,1000000.0,1000000.0,1000000.0,1000000.0,1000000.0,1000000.0,0.3401773964797279,0.509144276922045,1000000.0,1000000.0,1000000.0,2026-03-27 06:44:28.430286,2026-03-27 06:45:53.967645,0 days 00:01:25.537359,0.5431698367584615,0.3566939980798594,0.3662873111936026,0.10106587474488772,0.23220619395567269,0.10581243804939185,0.8396035566203823,0.4080051646084188,5.265302379179622,16.7425492005099,9.889305996758797,6.502807285793374,2.423793970968869,18.073938319277147,1.690644196379288,3.3116537712887766,8,COMPLETE
403,1000000.0,1000000.0,1000000.0,1000000.0,1000000.0,1000000.0,1000000.0,1000000.0,1000000.0,1000000.0,1000000.0,1000000.0,1000000.0,1000000.0,1000000.0,1000000.0,2026-03-27 06:45:53.979197,2026-03-27 06:46:17.890298,0 days 00:00:23.911101,0.19434276690089075,0.3308930906123468,0.882073862033187,0.9802401008067853,0.2613958420681749,0.29356622182872544,0.11013753367690134,0.45679019582675656,18.276755046775563,5.303501942283226,7.325954200026158,2.3996853794289623,0.3297800798218504,3.7116199887181645,20.845132564819007,11.664837089442198,8,COMPLETE
404,1000000.0,1000000.0,1000000.0,1000000.0,1000000.0,1000000.0,1000000.0,1000000.0,1000000.0,1000000.0,1000000.0,1000000.0,1000000.0,1000000.0,1000000.0,1000000.0,2026-03-27 06:46:17.901884,2026-03-27 06:46:45.073311,0 days 00:00:27.171427,0.6509170273504011,0.940149660145769,0.6092300644170181,0.7632013471294642,0.8980082897770008,0.10581243804939185,0.21682645139293405,0.7527571531020829,15.227149486796332,0.855172357302774,19.966731868198373,7.011897612380028,16.857542929250258,11.043714510881207,22.89695265693244,13.141610768161886,8,COMPLETE
405,1000000.0,1000000.0,0.06725421352220931,0.15565394481260578,0.30986927337925796,1000000.0,1000000.0,1000000.0,1000000.0,1000000.0,0.3097910579227484,0.3346563476440993,1000000.0,1000000.0,1000000.0,1000000.0,2026-03-27 06:46:45.084876,2026-03-27 06:48:10.825412,0 days 00:01:25.740536,0.565192615172066,0.9273015659119106,0.882073862033187,0.10490483734021938,0.49925951439255534,0.048458629742033944,0.8623907708698942,0.017141573306956547,15.227149486796332,11.74965743647482,14.820970368827199,8.497448359305542,8.232864379143397,3.406480553043026,16.39409714766326,2.4743859630738445,8,COMPLETE
406,1000000.0,1000000.0,0.062172077262725944,0.16089214162185375,0.1593701518760815,1000000.0,1000000.0,1000000.0,1000000.0,1000000.0,0.30998124401650595,0.3518671437628501,1000000.0,1000000.0,1000000.0,1000000.0,2026-03-27 06:48:10.837147,2026-03-27 06:49:37.598832,0 days 00:01:26.761685,0.04753726255755655,0.4837400366855389,0.43499190707255087,0.08402753439047576,0.37854297209115295,0.04447217856475382,0.7335802997458245,0.2055036438426762,15.227149486796332,12.669842888654136,0.9699504017181515,11.414162968050556,2.990641646611442,7.006334444527836,22.89695265693244,15.380899790546678,8,COMPLETE
407,1000000.0,1000000.0,0.05279608957702266,0.17382474531204933,0.022916563777106956,1000000.0,1000000.0,1000000.0,1000000.0,1000000.0,0.3083248813398859,0.35319385746705545,0.43539884132752554,1000000.0,1000000.0,1000000.0,2026-03-27 06:49:37.609648,2026-03-27 06:51:04.938765,0 days 00:01:27.329117,0.19434276690089075,0.9273015659119106,0.6494471808280816,0.08402753439047576,0.2613958420681749,0.04447217856475382,0.8002426776394009,0.6213453057576726,15.227149486796332,4.206821797106995,20.08659521899448,8.497448359305542,4.492673249206467,0.8005203795171522,16.39409714766326,6.502701749861743,8,COMPLETE
408,1000000.0,1000000.0,0.0061010982797275945,1000000.0,0.07929894421181209,1000000.0,1000000.0,1000000.0,1000000.0,1000000.0,1000000.0,1000000.0,0.43784004096053136,1000000.0,1000000.0,1000000.0,2026-03-27 06:51:04.950346,2026-03-27 06:52:30.808124,0 days 00:01:25.857778,0.04753726255755655,0.5091080418650433,0.3662873111936026,0.8856389215616685,0.23220619395567269,0.10581243804939185,0.8396035566203823,0.017141573306956547,18.085904761594914,16.7425492005099,23.25034487729397,11.414162968050556,2.423793970968869,18.909458126219103,17.090544948683856,3.3116537712887766,8,COMPLETE
409,1000000.0,1000000.0,1000000.0,1000000.0,1000000.0,1000000.0,1000000.0,1000000.0,1000000.0,1000000.0,1000000.0,1000000.0,1000000.0,1000000.0,1000000.0,1000000.0,2026-03-27 06:52:30.819003,2026-03-27 06:53:43.330836,0 days 00:01:12.511833,0.752463180980785,0.5091080418650433,0.10750574440615002,0.17524519330870458,0.23220619395567269,0.048458629742033944,0.8623907708698942,0.6025534001147111,15.227149486796332,16.7425492005099,20.08659521899448,12.532756196355933,7.72886205309009,15.04881858178218,4.683478178342205,0.19401518139406712,8,COMPLETE
410,1000000.0,1000000.0,0.06157929547938698,0.019824598282410573,0.030649766564660372,1000000.0,1000000.0,1000000.0,1000000.0,1000000.0,1000000.0,1000000.0,1000000.0,1000000.0,1000000.0,1000000.0,2026-03-27 06:53:43.342127,2026-03-27 06:55:08.912736,0 days 00:01:25.570609,0.8533491829725948,0.4734016816737326,0.09673007434862858,0.4271970155431605,0.2613958420681749,0.14255986340003865,0.8623907708698942,0.6213453057576726,5.655321896949962,24.990135124033184,7.325954200026158,1.8736498279063647,24.06685693345404,3.406480553043026,22.213467593212247,11.664837089442198,8,COMPLETE
411,1000000.0,1000000.0,0.05831827187266561,0.1711416423790709,1000000.0,1000000.0,1000000.0,1000000.0,1000000.0,1000000.0,0.3090469897379479,0.35227620510931595,1000000.0,1000000.0,1000000.0,1000000.0,2026-03-27 06:55:08.925098,2026-03-27 06:56:34.609437,0 days 00:01:25.684339,0.565192615172066,0.5091080418650433,0.43499190707255087,0.08402753439047576,0.5338092349715855,0.04447217856475382,0.656491910978773,0.3313953068683576,14.336082236658784,24.990135124033184,0.9699504017181515,14.017060394342668,24.502157083178492,5.017799374338482,12.05904741938356,23.317972821616813,8,COMPLETE
412,1000000.0,1000000.0,0.04038921482819461,1000000.0,1000000.0,1000000.0,1000000.0,1000000.0,1000000.0,1000000.0,0.23327578700172724,1000000.0,1000000.0,1000000.0,1000000.0,1000000.0,2026-03-27 06:56:34.620549,2026-03-27 06:58:00.153153,0 days 00:01:25.532604,0.6509170273504011,0.4589911614231615,0.6092300644170181,0.7632013471294642,0.6024314699199232,0.10581243804939185,0.21682645139293405,0.3313953068683576,14.336082236658784,24.990135124033184,19.966731868198373,22.597092278473525,16.857542929250258,3.406480553043026,22.213467593212247,13.141610768161886,8,COMPLETE
413,1000000.0,1000000.0,0.006477016372444483,1000000.0,0.23962145085772474,1000000.0,1000000.0,1000000.0,1000000.0,1000000.0,1000000.0,1000000.0,1000000.0,1000000.0,1000000.0,1000000.0,2026-03-27 06:58:00.165328,2026-03-27 06:59:26.499977,0 days 00:01:26.334649,0.9695324378906215,0.04863517631041256,0.09673007434862858,0.9802401008067853,0.6448191628896351,0.10548093970678966,0.8396035566203823,0.45679019582675656,17.668334938464362,13.419946948700135,9.889305996758797,23.10618075923542,4.06858719167553,18.21122745855342,7.471310740278318,3.0572742421388828,8,COMPLETE
414,1000000.0,1000000.0,1000000.0,1000000.0,1000000.0,1000000.0,1000000.0,1000000.0,1000000.0,1000000.0,1000000.0,1000000.0,1000000.0,1000000.0,1000000.0,1000000.0,2026-03-27 06:59:26.511073,2026-03-27 06:59:53.886753,0 days 00:00:27.375680,0.5431698367584615,0.9662106523213966,0.3662873111936026,0.5950115987854553,0.38123091507916124,0.10548093970678966,0.4483428101139545,0.4080051646084188,14.336082236658784,12.669842888654136,1.3081060226452772,8.497448359305542,8.232864379143397,18.21122745855342,17.090544948683856,16.751754090776785,8,COMPLETE
415,1000000.0,1000000.0,0.10777980755440296,0.18662700541503227,0.34515416217130246,1000000.0,1000000.0,1000000.0,1000000.0,1000000.0,1000000.0,0.33821362770716756,1000000.0,1000000.0,1000000.0,1000000.0,2026-03-27 06:59:53.899441,2026-03-27 07:01:19.456666,0 days 00:01:25.557225,0.5006712500733038,0.3308930906123468,0.882073862033187,0.10490483734021938,0.49925951439255534,0.36693387508421677,0.11013753367690134,0.5317284110038133,23.111938556028942,11.74965743647482,24.735292958601956,18.994967083817833,16.50692708412729,3.406480553043026,14.898875124396334,13.141610768161886,8,COMPLETE
416,1000000.0,1000000.0,0.06365073515277533,0.16249649642896843,0.06089557669557732,1000000.0,1000000.0,1000000.0,1000000.0,1000000.0,0.30267144070366564,0.3486047541180797,0.5238792682536618,1000000.0,1000000.0,1000000.0,2026-03-27 07:01:19.467981,2026-03-27 07:02:45.205005,0 days 00:01:25.737024,0.8533491829725948,0.3566939980798594,0.10323523848729411,0.10106587474488772,0.2192999616837112,0.10581243804939185,0.8414442611902317,0.7640220930212918,15.227149486796332,16.7425492005099,2.3618699632612206,1.8736498279063647,2.423793970968869,0.8005203795171522,20.845132564819007,3.3116537712887766,8,COMPLETE
417,1000000.0,1000000.0,0.05438563004006106,0.17316292240924225,0.06672245443514448,1000000.0,1000000.0,1000000.0,1000000.0,1000000.0,0.30788359922122116,0.3521266998448827,0.43726822442987895,1000000.0,1000000.0,1000000.0,2026-03-27 07:02:45.218866,2026-03-27 07:04:10.854426,0 days 00:01:25.635560,0.04753726255755655,0.3592446467592388,0.6494471808280816,0.08402753439047576,0.2613958420681749,0.04447217856475382,0.8002426776394009,0.3313953068683576,14.336082236658784,0.855172357302774,14.003064982436616,11.414162968050556,4.492673249206467,10.711564785139362,22.213467593212247,15.380899790546678,8,COMPLETE
418,1000000.0,1000000.0,0.03183857524634852,1000000.0,0.0570846067106486,1000000.0,1000000.0,1000000.0,1000000.0,1000000.0,0.20935570312500584,1000000.0,0.39287632470770567,1000000.0,1000000.0,1000000.0,2026-03-27 07:04:10.865429,2026-03-27 07:05:37.306733,0 days 00:01:26.441304,0.04753726255755655,0.3592446467592388,0.5680831479575064,0.7736109557469404,0.2613958420681749,0.10581243804939185,0.8002426776394009,0.3313953068683576,0.19767544823482855,24.990135124033184,14.003064982436616,11.414162968050556,4.492673249206467,7.006334444527836,1.0878842385756367,15.380899790546678,8,COMPLETE
419,1000000.0,1000000.0,0.05870477675781518,0.17005150679758557,0.08703753133762573,1000000.0,1000000.0,1000000.0,1000000.0,1000000.0,1000000.0,0.3542040207198008,1000000.0,1000000.0,1000000.0,1000000.0,2026-03-27 07:05:37.317858,2026-03-27 07:07:02.637694,0 days 00:01:25.319836,0.19434276690089075,0.04863517631041256,0.09673007434862858,0.08402753439047576,0.6448191628896351,0.10548093970678966,0.11013753367690134,0.4080051646084188,14.800605389035345,3.4394088561122644,9.889305996758797,5.513291425202985,0.3297800798218504,18.412067126677332,11.937407159769554,16.751754090776785,8,COMPLETE
420,1000000.0,1000000.0,0.06108432138730761,0.16892532824569842,0.3352488641742194,1000000.0,1000000.0,1000000.0,1000000.0,1000000.0,0.30931451633478907,0.35312986239829547,1000000.0,1000000.0,1000000.0,1000000.0,2026-03-27 07:07:02.648722,2026-03-27 07:08:28.426879,0 days 00:01:25.778157,0.11456933604383283,0.4589911614231615,0.5680831479575064,0.08402753439047576,0.5338092349715855,0.04447217856475382,0.656491910978773,0.3313953068683576,14.336082236658784,24.990135124033184,4.0039634023227535,22.537739539553467,4.492673249206467,3.406480553043026,12.05904741938356,23.317972821616813,8,COMPLETE
421,1000000.0,1000000.0,0.06354082715376076,0.16222685991164892,0.09260282013902219,1000000.0,1000000.0,1000000.0,1000000.0,1000000.0,0.3028237113960359,0.3549414453393165,1000000.0,1000000.0,1000000.0,1000000.0,2026-03-27 07:08:28.439929,2026-03-27 07:09:54.135292,0 days 00:01:25.695363,0.8533491829725948,0.4589911614231615,0.6494471808280816,0.08402753439047576,0.2613958420681749,0.10548093970678966,0.144510538136074,0.6213453057576726,14.336082236658784,13.419946948700135,0.9699504017181515,8.497448359305542,22.19150472819343,0.8005203795171522,22.213467593212247,16.52425539397861,8,COMPLETE
422,1000000.0,1000000.0,0.03219121676902291,1000000.0,1000000.0,1000000.0,1000000.0,1000000.0,1000000.0,1000000.0,0.20788825462530794,1000000.0,1000000.0,1000000.0,1000000.0,1000000.0,2026-03-27 07:09:54.147127,2026-03-27 07:11:19.467638,0 days 00:01:25.320511,0.10469953715964221,0.07051941277168566,0.09673007434862858,0.9802401008067853,0.8980082897770008,0.10581243804939185,0.21682645139293405,0.45679019582675656,15.227149486796332,5.303501942283226,7.325954200026158,22.537739539553467,16.857542929250258,7.743629492631297,22.89695265693244,13.141610768161886,8,COMPLETE
423,1000000.0,1000000.0,0.008231628338659567,1000000.0,1000000.0,1000000.0,1000000.0,1000000.0,1000000.0,1000000.0,1000000.0,1000000.0,1000000.0,1000000.0,1000000.0,1000000.0,2026-03-27 07:11:19.478646,2026-03-27 07:12:44.602007,0 days 00:01:25.123361,0.9695324378906215,0.5590415933152213,0.10750574440615002,0.9802401008067853,0.9836996465177444,0.10548093970678966,0.21682645139293405,0.7527571531020829,17.668334938464362,13.419946948700135,20.08659521899448,23.10618075923542,4.06858719167553,19.336553685076222,7.471310740278318,0.19401518139406712,8,COMPLETE
424,1000000.0,1000000.0,1000000.0,1000000.0,1000000.0,1000000.0,1000000.0,1000000.0,1000000.0,1000000.0,1000000.0,1000000.0,1000000.0,1000000.0,1000000.0,1000000.0,2026-03-27 07:12:44.612690,2026-03-27 07:13:11.721268,0 days 00:00:27.108578,0.8533491829725948,0.3811564838830513,0.6092300644170181,0.4271970155431605,0.8980082897770008,0.10581243804939185,0.21682645139293405,0.6213453057576726,15.227149486796332,5.525152231868991,18.816633276113514,18.994967083817833,24.660015912366433,12.417889027941694,10.070617088003614,13.141610768161886,8,COMPLETE
425,1000000.0,1000000.0,1000000.0,1000000.0,1000000.0,1000000.0,1000000.0,1000000.0,1000000.0,1000000.0,1000000.0,1000000.0,1000000.0,1000000.0,1000000.0,1000000.0,2026-03-27 07:13:11.733261,2026-03-27 07:13:39.750633,0 days 00:00:28.017372,0.565192615172066,0.9662106523213966,0.3662873111936026,0.6506844034990305,0.4067309082100382,0.048458629742033944,0.8396035566203823,0.3573897918350033,14.336082236658784,12.669842888654136,20.08659521899448,8.497448359305542,8.232864379143397,15.04881858178218,7.8099734276184805,16.751754090776785,8,COMPLETE
426,1000000.0,1000000.0,0.027800894734899773,0.24867794963046386,0.06953206414627142,1000000.0,1000000.0,1000000.0,1000000.0,1000000.0,1000000.0,1000000.0,0.449835246360243,1000000.0,1000000.0,1000000.0,2026-03-27 07:13:39.762128,2026-03-27 07:15:05.701464,0 days 00:01:25.939336,0.19434276690089075,0.3308930906123468,0.882073862033187,0.23352336851052583,0.49925951439255534,0.29356622182872544,0.11013753367690134,0.5317284110038133,10.700245534655053,5.4492536853244,4.0039634023227535,2.3996853794289623,0.3297800798218504,3.406480553043026,14.898875124396334,6.502701749861743,8,COMPLETE
427,1000000.0,1000000.0,1000000.0,1000000.0,1000000.0,1000000.0,1000000.0,1000000.0,1000000.0,1000000.0,1000000.0,1000000.0,1000000.0,1000000.0,1000000.0,1000000.0,2026-03-27 07:15:05.712877,2026-03-27 07:15:37.352619,0 days 00:00:31.639742,0.2690657300012693,0.1086233050185069,0.10323523848729411,0.10106587474488772,0.4067309082100382,0.36126558107878737,0.144510538136074,0.3313953068683576,5.265302379179622,16.7425492005099,23.076486373542313,6.502807285793374,24.06685693345404,18.073938319277147,20.845132564819007,22.559228898153115,8,COMPLETE
428,1000000.0,1000000.0,0.06630361703399576,0.15349337139503547,1000000.0,1000000.0,1000000.0,1000000.0,1000000.0,1000000.0,0.30780532855619425,0.3213610989649968,1000000.0,1000000.0,1000000.0,1000000.0,2026-03-27 07:15:37.365063,2026-03-27 07:17:07.328156,0 days 00:01:29.963093,0.8533491829725948,0.5590415933152213,0.10750574440615002,0.15966199401250572,0.9836996465177444,0.048458629742033944,0.21682645139293405,0.530380593957727,15.227149486796332,16.7425492005099,20.08659521899448,1.1785183738590708,7.72886205309009,2.18106675286599,14.482395734341585,0.19401518139406712,8,COMPLETE
429,1000000.0,1000000.0,1000000.0,1000000.0,1000000.0,1000000.0,1000000.0,1000000.0,1000000.0,1000000.0,1000000.0,1000000.0,1000000.0,1000000.0,1000000.0,1000000.0,2026-03-27 07:17:07.338670,2026-03-27 07:17:27.915933,0 days 00:00:20.577263,0.565192615172066,0.3566939980798594,0.10323523848729411,0.08402753439047576,0.2192999616837112,0.6908369927643986,0.8414442611902317,0.021181156763885364,5.265302379179622,16.7425492005099,2.3618699632612206,8.497448359305542,24.06685693345404,3.406480553043026,20.845132564819007,23.317972821616813,8,COMPLETE
430,1000000.0,1000000.0,0.06110159290546634,0.16943354848607373,0.0601353200841336,1000000.0,1000000.0,1000000.0,1000000.0,1000000.0,0.2926313348631865,0.3476268228921469,1000000.0,1000000.0,1000000.0,1000000.0,2026-03-27 07:17:27.926125,2026-03-27 07:18:53.311517,0 days 00:01:25.385392,0.8533491829725948,0.2267353245055709,0.10323523848729411,0.10490483734021938,0.2613958420681749,0.10581243804939185,0.21682645139293405,0.5317284110038133,13.606542522166201,0.855172357302774,4.0039634023227535,1.8736498279063647,13.872765173409892,3.406480553043026,22.89695265693244,13.141610768161886,8,COMPLETE
431,1000000.0,1000000.0,0.031311454423824533,1000000.0,0.1541719530234512,1000000.0,1000000.0,1000000.0,1000000.0,1000000.0,0.21255415426244514,1000000.0,1000000.0,1000000.0,1000000.0,1000000.0,2026-03-27 07:18:53.321661,2026-03-27 07:20:18.426672,0 days 00:01:25.105011,0.521736806452696,0.9337990206042488,0.6494471808280816,0.8856389215616685,0.6448191628896351,0.10548093970678966,0.8396035566203823,0.45679019582675656,17.668334938464362,16.7425492005099,7.325954200026158,11.414162968050556,4.06858719167553,7.006334444527836,22.89695265693244,3.3116537712887766,8,COMPLETE
432,1000000.0,1000000.0,0.0483008992524574,1000000.0,0.03984956354824103,1000000.0,1000000.0,1000000.0,1000000.0,1000000.0,0.290048539213718,1000000.0,0.37032125472451066,1000000.0,1000000.0,1000000.0,2026-03-27 07:20:18.437915,2026-03-27 07:21:44.980510,0 days 00:01:26.542595,0.4858433328611808,0.3592446467592388,0.6494471808280816,0.7736109557469404,0.2613958420681749,0.07393182880556347,0.8002426776394009,0.6025534001147111,7.676441564236882,11.74965743647482,18.816633276113514,22.537739539553467,4.492673249206467,0.8005203795171522,22.213467593212247,22.559228898153115,8,COMPLETE
433,1000000.0,1000000.0,0.058384083990333936,0.16634540266780093,0.13126057445891107,1000000.0,1000000.0,1000000.0,1000000.0,1000000.0,0.3091390833892291,0.3497148372563433,1000000.0,1000000.0,1000000.0,1000000.0,2026-03-27 07:21:44.991438,2026-03-27 07:23:11.874714,0 days 00:01:26.883276,0.565192615172066,0.8689762511359254,0.3345124105779843,0.08402753439047576,0.4275669210810305,0.048458629742033944,0.8623907708698942,0.3313953068683576,11.494680084104543,6.1458685159809505,20.08659521899448,22.537739539553467,3.012952674216892,2.3406477845908,10.070617088003614,23.317972821616813,8,COMPLETE
434,1000000.0,1000000.0,0.06259389028424113,0.17213267058883194,1000000.0,1000000.0,1000000.0,1000000.0,1000000.0,1000000.0,1000000.0,0.34253589242111165,1000000.0,1000000.0,1000000.0,1000000.0,2026-03-27 07:23:11.885342,2026-03-27 07:24:38.222296,0 days 00:01:26.336954,0.671398191548086,0.940149660145769,0.6092300644170181,0.10106587474488772,0.8980082897770008,0.10581243804939185,0.8414442611902317,0.7640220930212918,15.227149486796332,0.855172357302774,1.0253196255307249,6.502807285793374,16.857542929250258,18.073938319277147,16.701410197300667,3.3116537712887766,8,COMPLETE
435,1000000.0,1000000.0,0.04261133898937537,1000000.0,1000000.0,1000000.0,1000000.0,1000000.0,1000000.0,1000000.0,0.23340726510221954,1000000.0,1000000.0,1000000.0,1000000.0,1000000.0,2026-03-27 07:24:38.232783,2026-03-27 07:26:04.368729,0 days 00:01:26.135946,0.9695324378906215,0.07051941277168566,0.09673007434862858,0.9802401008067853,0.8868133735393243,0.10548093970678966,0.8623907708698942,0.6025534001147111,18.276755046775563,13.419946948700135,7.325954200026158,23.10618075923542,4.06858719167553,3.406480553043026,22.213467593212247,3.0572742421388828,8,COMPLETE
436,1000000.0,1000000.0,1000000.0,1000000.0,1000000.0,1000000.0,1000000.0,1000000.0,1000000.0,1000000.0,1000000.0,1000000.0,1000000.0,1000000.0,1000000.0,1000000.0,2026-03-27 07:26:04.380085,2026-03-27 07:27:17.249348,0 days 00:01:12.869263,0.752463180980785,0.9662106523213966,0.882073862033187,0.10490483734021938,0.25763378986772073,0.11227705775593351,0.5179432497884575,0.4080051646084188,18.085904761594914,3.4394088561122644,14.820970368827199,8.497448359305542,2.990641646611442,15.04881858178218,16.39409714766326,2.4743859630738445,8,COMPLETE
437,1000000.0,1000000.0,0.03225961594023692,1000000.0,0.021851193574041625,1000000.0,1000000.0,1000000.0,1000000.0,1000000.0,0.20905665034953408,1000000.0,0.38616351242877334,1000000.0,1000000.0,1000000.0,2026-03-27 07:27:17.259572,2026-03-27 07:28:42.612735,0 days 00:01:25.353163,0.04753726255755655,0.3592446467592388,0.6494471808280816,0.9802401008067853,0.2613958420681749,0.10548093970678966,0.8623907708698942,0.6213453057576726,3.7906099691321935,5.303501942283226,18.046720998391393,11.414162968050556,2.990641646611442,7.743629492631297,7.471310740278318,11.664837089442198,8,COMPLETE
438,1000000.0,1000000.0,0.0481945160410122,1000000.0,0.04619254154963644,1000000.0,1000000.0,1000000.0,1000000.0,1000000.0,0.29036870502679224,1000000.0,0.5548919979848446,1000000.0,1000000.0,1000000.0,2026-03-27 07:28:42.624287,2026-03-27 07:30:08.087958,0 days 00:01:25.463671,0.565192615172066,0.3592446467592388,0.4450254565154679,0.7736109557469404,0.055297148476597904,0.07393182880556347,0.144510538136074,0.6213453057576726,14.336082236658784,0.3493038177202602,4.980956204901533,22.537739539553467,11.67831276546445,0.02376839403534505,22.213467593212247,15.380899790546678,8,COMPLETE
439,1000000.0,1000000.0,0.03155445136502466,1000000.0,0.04317997800934982,1000000.0,1000000.0,1000000.0,1000000.0,1000000.0,0.20868879871419807,1000000.0,0.387861507043637,1000000.0,1000000.0,1000000.0,2026-03-27 07:30:08.098909,2026-03-27 07:31:33.987116,0 days 00:01:25.888207,0.10469953715964221,0.07051941277168566,0.09673007434862858,0.9802401008067853,0.2613958420681749,0.10548093970678966,0.8623907708698942,0.45679019582675656,17.668334938464362,13.419946948700135,7.325954200026158,23.10618075923542,4.06858719167553,7.743629492631297,7.471310740278318,3.0572742421388828,8,COMPLETE
440,1000000.0,1000000.0,0.0744653373478228,0.12631416905660775,0.15970939223755032,1000000.0,1000000.0,1000000.0,1000000.0,1000000.0,0.2755366443202531,1000000.0,1000000.0,1000000.0,1000000.0,1000000.0,2026-03-27 07:31:33.998076,2026-03-27 07:32:59.612827,0 days 00:01:25.614751,0.565192615172066,0.9273015659119106,0.5680831479575064,0.17524519330870458,0.4275669210810305,0.10581243804939185,0.656491910978773,0.3313953068683576,15.227149486796332,24.990135124033184,22.208082446775638,8.497448359305542,4.492673249206467,7.006334444527836,1.0359044616466122,15.380899790546678,8,COMPLETE
441,1000000.0,1000000.0,0.04867781705458066,1000000.0,0.04776423391584207,1000000.0,1000000.0,1000000.0,1000000.0,1000000.0,0.2909456563569735,1000000.0,0.37414455760905985,1000000.0,1000000.0,1000000.0,2026-03-27 07:32:59.624517,2026-03-27 07:34:25.291666,0 days 00:01:25.667149,0.9695324378906215,0.04863517631041256,0.09673007434862858,0.9802401008067853,0.2613958420681749,0.04447217856475382,0.144510538136074,0.3313953068683576,14.336082236658784,12.669842888654136,7.325954200026158,8.497448359305542,4.06858719167553,18.21122745855342,22.213467593212247,23.317972821616813,8,COMPLETE
442,1000000.0,1000000.0,1000000.0,1000000.0,1000000.0,1000000.0,1000000.0,1000000.0,1000000.0,1000000.0,1000000.0,1000000.0,1000000.0,1000000.0,1000000.0,1000000.0,2026-03-27 07:34:25.302521,2026-03-27 07:34:46.080755,0 days 00:00:20.778234,0.6509170273504011,0.4734016816737326,0.6092300644170181,0.7632013471294642,0.2619433022715222,0.8820301922020268,0.21682645139293405,0.7527571531020829,15.227149486796332,0.855172357302774,2.3618699632612206,18.994967083817833,12.334743687165258,12.417889027941694,22.89695265693244,13.141610768161886,8,COMPLETE
443,1000000.0,1000000.0,0.006633402835694646,1000000.0,0.08023512779132203,1000000.0,1000000.0,1000000.0,1000000.0,1000000.0,1000000.0,1000000.0,1000000.0,1000000.0,1000000.0,1000000.0,2026-03-27 07:34:46.094432,2026-03-27 07:36:12.085250,0 days 00:01:25.990818,0.9695324378906215,0.04863517631041256,0.4450254565154679,0.9802401008067853,0.38123091507916124,0.10548093970678966,0.656491910978773,0.3313953068683576,15.227149486796332,13.419946948700135,0.9699504017181515,13.053224636775019,22.19150472819343,18.21122745855342,12.05904741938356,16.52425539397861,8,COMPLETE
444,1000000.0,1000000.0,1000000.0,1000000.0,1000000.0,1000000.0,1000000.0,1000000.0,1000000.0,1000000.0,1000000.0,1000000.0,1000000.0,1000000.0,1000000.0,1000000.0,2026-03-27 07:36:12.096052,2026-03-27 07:36:39.960959,0 days 00:00:27.864907,0.19434276690089075,0.04863517631041256,0.4539260584246995,0.9124057685729652,0.2613958420681749,0.08608370178797989,0.38002576509928365,0.9045081359973564,23.053890124600418,13.419946948700135,21.866290382989828,2.3996853794289623,0.3297800798218504,16.671954034427014,22.213467593212247,3.0572742421388828,8,COMPLETE
445,1000000.0,1000000.0,0.05876400995386531,0.1730707959942527,0.027452595486474062,1000000.0,1000000.0,1000000.0,1000000.0,1000000.0,1000000.0,0.3558233177472374,0.44065897405809495,1000000.0,1000000.0,1000000.0,2026-03-27 07:36:39.971988,2026-03-27 07:38:05.513831,0 days 00:01:25.541843,0.9695324378906215,0.936770211895547,0.09673007434862858,0.02505724614909409,0.2613958420681749,0.10548093970678966,0.656491910978773,0.3313953068683576,15.227149486796332,13.419946948700135,13.333409336000726,23.10618075923542,4.06858719167553,16.671954034427014,22.213467593212247,3.0572742421388828,8,COMPLETE
446,1000000.0,1000000.0,0.05730874722998871,0.16836841159802854,1000000.0,1000000.0,1000000.0,1000000.0,1000000.0,1000000.0,0.2901971647964441,0.35195882291410585,1000000.0,1000000.0,1000000.0,1000000.0,2026-03-27 07:38:05.524701,2026-03-27 07:39:31.121600,0 days 00:01:25.596899,0.565192615172066,0.49745594763292544,0.6092300644170181,0.08402753439047576,0.8980082897770008,0.10581243804939185,0.11013753367690134,0.6213453057576726,10.702498125977646,18.70689864146042,24.735292958601956,23.60052410920781,3.8410257963476497,3.406480553043026,22.89695265693244,13.141610768161886,8,COMPLETE
447,1000000.0,1000000.0,0.018854297342345883,1000000.0,0.06864236103945356,1000000.0,1000000.0,1000000.0,1000000.0,1000000.0,0.19934236194946836,1000000.0,1000000.0,1000000.0,1000000.0,1000000.0,2026-03-27 07:39:31.133280,2026-03-27 07:40:57.531255,0 days 00:01:26.397975,0.9695324378906215,0.5091080418650433,0.09673007434862858,0.7632013471294642,0.2613958420681749,0.10548093970678966,0.656491910978773,0.3313953068683576,19.035063199384908,0.855172357302774,19.966731868198373,23.10618075923542,16.857542929250258,12.417889027941694,22.89695265693244,13.141610768161886,8,COMPLETE
448,1000000.0,1000000.0,0.04360487672557024,1000000.0,0.06029373225211789,1000000.0,1000000.0,1000000.0,1000000.0,1000000.0,0.23197173201018045,1000000.0,0.3904040770999789,1000000.0,1000000.0,1000000.0,2026-03-27 07:40:57.541781,2026-03-27 07:42:22.894517,0 days 00:01:25.352736,0.8386868672214082,0.4837400366855389,0.43499190707255087,0.8950654001891877,0.2613958420681749,0.10581243804939185,0.656491910978773,0.3313953068683576,1.2834873462514285,24.990135124033184,0.9699504017181515,11.414162968050556,4.492673249206467,3.406480553043026,22.89695265693244,15.380899790546678,8,COMPLETE
449,1000000.0,1000000.0,0.04572810408848066,1000000.0,0.07128492128264355,1000000.0,1000000.0,1000000.0,1000000.0,1000000.0,0.28215286352022395,1000000.0,0.4989248082144517,1000000.0,1000000.0,1000000.0,2026-03-27 07:42:22.905310,2026-03-27 07:43:49.002323,0 days 00:01:26.097013,0.752463180980785,0.6937853599849547,0.3662873111936026,0.6506844034990305,0.25763378986772073,0.08608370178797989,0.8396035566203823,0.5317284110038133,23.053890124600418,3.4394088561122644,4.0039634023227535,22.229084301744958,0.3297800798218504,3.406480553043026,17.090544948683856,6.502701749861743,8,COMPLETE
450,1000000.0,1000000.0,0.04265637002634607,1000000.0,0.0529217295849733,1000000.0,1000000.0,1000000.0,1000000.0,1000000.0,0.23367641681413492,1000000.0,1000000.0,1000000.0,1000000.0,1000000.0,2026-03-27 07:43:49.013309,2026-03-27 07:45:15.691736,0 days 00:01:26.678427,0.9695324378906215,0.04863517631041256,0.09673007434862858,0.9802401008067853,0.49925951439255534,0.10548093970678966,0.8623907708698942,0.7439419043668899,15.227149486796332,13.419946948700135,7.325954200026158,23.10618075923542,8.232864379143397,3.406480553043026,16.39409714766326,2.4743859630738445,9,COMPLETE
451,1000000.0,1000000.0,0.0435895801675282,1000000.0,0.03989296201765035,1000000.0,1000000.0,1000000.0,1000000.0,1000000.0,0.23393678782366117,1000000.0,0.39704936222339554,1000000.0,1000000.0,1000000.0,2026-03-27 07:45:15.703802,2026-03-27 07:46:41.243668,0 days 00:01:25.539866,0.10469953715964221,0.9662106523213966,0.3662873111936026,0.7736109557469404,0.23220619395567269,0.10548093970678966,0.8002426776394009,0.2055036438426762,18.085904761594914,12.669842888654136,7.325954200026158,22.537739539553467,8.232864379143397,3.406480553043026,22.213467593212247,15.327798493292129,9,COMPLETE
452,1000000.0,1000000.0,0.06358680107435108,0.16087200332777055,0.1149159373429048,1000000.0,1000000.0,1000000.0,1000000.0,1000000.0,0.30987702073219703,0.3553925425226888,1000000.0,1000000.0,1000000.0,1000000.0,2026-03-27 07:46:41.254756,2026-03-27 07:48:07.774907,0 days 00:01:26.520151,0.04753726255755655,0.8051414486763342,0.3662873111936026,0.08402753439047576,0.37854297209115295,0.04447217856475382,0.8396035566203823,0.2055036438426762,18.085904761594914,12.669842888654136,9.889305996758797,1.285003750113633,2.990641646611442,7.006334444527836,17.090544948683856,16.751754090776785,9,COMPLETE
453,1000000.0,1000000.0,1000000.0,1000000.0,1000000.0,1000000.0,1000000.0,1000000.0,1000000.0,1000000.0,1000000.0,1000000.0,1000000.0,1000000.0,1000000.0,1000000.0,2026-03-27 07:48:07.786606,2026-03-27 07:48:38.256039,0 days 00:00:30.469433,0.9695324378906215,0.5091080418650433,0.09673007434862858,0.23352336851052583,0.49925951439255534,0.29356622182872544,0.656491910978773,0.5317284110038133,19.035063199384908,5.4492536853244,4.0039634023227535,23.10618075923542,0.3297800798218504,12.417889027941694,14.898875124396334,13.141610768161886,9,COMPLETE
454,1000000.0,1000000.0,0.0558655275741224,0.17656963674048082,0.02922013340447378,1000000.0,1000000.0,1000000.0,1000000.0,1000000.0,1000000.0,0.3561533669565828,0.4541368033843022,1000000.0,1000000.0,1000000.0,2026-03-27 07:48:38.268669,2026-03-27 07:50:03.728485,0 days 00:01:25.459816,0.5431698367584615,0.9662106523213966,0.6494471808280816,0.08402753439047576,0.2613958420681749,0.10548093970678966,0.8623907708698942,0.6213453057576726,3.7906099691321935,5.303501942283226,13.917663566963203,11.414162968050556,2.990641646611442,18.21122745855342,7.471310740278318,16.751754090776785,9,COMPLETE
455,1000000.0,1000000.0,0.06253927747553205,0.16330056300294735,0.10691961573045693,1000000.0,1000000.0,1000000.0,1000000.0,1000000.0,0.3094586608688988,0.3474391917257119,1000000.0,1000000.0,1000000.0,1000000.0,2026-03-27 07:50:03.742276,2026-03-27 07:51:29.431314,0 days 00:01:25.689038,0.565192615172066,0.35366313547615585,0.4450254565154679,0.08402753439047576,0.39868967210470596,0.04447217856475382,0.32098451946109324,0.3313953068683576,14.336082236658784,0.3493038177202602,4.980956204901533,22.335523414150014,3.8410257963476497,0.02376839403534505,10.070617088003614,16.52425539397861,9,COMPLETE
456,1000000.0,1000000.0,0.054768502094762736,0.1774625408845458,0.08011425648632861,1000000.0,1000000.0,1000000.0,1000000.0,1000000.0,0.3089980020444227,0.34482282013051846,0.4612244561274201,1000000.0,1000000.0,1000000.0,2026-03-27 07:51:29.442729,2026-03-27 07:52:55.276518,0 days 00:01:25.833789,0.19434276690089075,0.6997242335582243,0.882073862033187,0.10490483734021938,0.49925951439255534,0.04447217856475382,0.11013753367690134,0.5317284110038133,14.336082236658784,0.855172357302774,4.0039634023227535,2.3996853794289623,0.3297800798218504,18.909458126219103,20.845132564819007,23.317972821616813,9,COMPLETE
457,1000000.0,1000000.0,0.05259131527305338,0.1734509726750535,0.45493545962247167,1000000.0,1000000.0,1000000.0,1000000.0,1000000.0,0.30841217954638434,0.3552441232912912,1000000.0,1000000.0,1000000.0,1000000.0,2026-03-27 07:52:55.287776,2026-03-27 07:54:21.699221,0 days 00:01:26.411445,0.10469953715964221,0.07051941277168566,0.43499190707255087,0.08402753439047576,0.6391979139663259,0.048458629742033944,0.8623907708698942,0.3313953068683576,14.336082236658784,0.3493038177202602,1.8683655077116856,22.537739539553467,3.8410257963476497,0.02376839403534505,10.070617088003614,16.52425539397861,9,COMPLETE
458,1000000.0,1000000.0,0.0676927141023282,0.17772675521471418,0.025740174391778458,1000000.0,1000000.0,1000000.0,1000000.0,1000000.0,1000000.0,0.35956488678107024,0.4030484577126775,1000000.0,1000000.0,1000000.0,2026-03-27 07:54:21.710562,2026-03-27 07:55:48.368401,0 days 00:01:26.657839,0.565192615172066,0.4734016816737326,0.3345124105779843,0.08402753439047576,0.2613958420681749,0.14255986340003865,0.8623907708698942,0.6213453057576726,5.655321896949962,24.990135124033184,1.4812230059433484,1.8736498279063647,8.232864379143397,3.406480553043026,16.39409714766326,11.664837089442198,9,COMPLETE
459,1000000.0,1000000.0,0.0189142089090286,1000000.0,0.08308782426798514,1000000.0,1000000.0,1000000.0,1000000.0,1000000.0,0.19771764793505436,1000000.0,0.3818165916585355,1000000.0,1000000.0,1000000.0,2026-03-27 07:55:48.379414,2026-03-27 07:57:14.310574,0 days 00:01:25.931160,0.9695324378906215,0.5091080418650433,0.09673007434862858,0.7736109557469404,0.2613958420681749,0.10548093970678966,0.656491910978773,0.3313953068683576,19.035063199384908,8.304586251207612,13.627447231975506,13.680539800962423,4.492673249206467,12.417889027941694,22.89695265693244,13.141610768161886,9,COMPLETE
460,1000000.0,1000000.0,0.05943331578724355,0.16807280620126536,0.4989088104347767,1000000.0,1000000.0,1000000.0,1000000.0,1000000.0,0.3099352055335348,0.3563229268251097,1000000.0,1000000.0,1000000.0,1000000.0,2026-03-27 07:57:14.321439,2026-03-27 07:58:40.098493,0 days 00:01:25.777054,0.8171878188358248,0.4837400366855389,0.3345124105779843,0.08402753439047576,0.5338092349715855,0.04447217856475382,0.8623907708698942,0.3313953068683576,15.227149486796332,24.990135124033184,20.08659521899448,8.497448359305542,8.232864379143397,3.406480553043026,16.39409714766326,23.317972821616813,9,COMPLETE
461,1000000.0,1000000.0,0.0610659726470396,0.17668424228870303,0.03474789128971423,1000000.0,1000000.0,1000000.0,1000000.0,1000000.0,1000000.0,0.3438929671750486,0.4387152875906108,1000000.0,1000000.0,1000000.0,2026-03-27 07:58:40.110075,2026-03-27 08:00:06.281710,0 days 00:01:26.171635,0.5431698367584615,0.9662106523213966,0.3662873111936026,0.10106587474488772,0.25763378986772073,0.11227705775593351,0.8396035566203823,0.36028096281875116,5.265302379179622,20.58973407088788,9.889305996758797,6.502807285793374,2.423793970968869,15.04881858178218,17.090544948683856,3.3116537712887766,9,COMPLETE
462,1000000.0,1000000.0,0.03233319758298854,1000000.0,0.06155822237769738,1000000.0,1000000.0,1000000.0,1000000.0,1000000.0,0.20828147069625025,1000000.0,0.3941034764673458,1000000.0,1000000.0,1000000.0,2026-03-27 08:00:06.293120,2026-03-27 08:01:31.744620,0 days 00:01:25.451500,0.10469953715964221,0.07051941277168566,0.09673007434862858,0.9802401008067853,0.2613958420681749,0.10548093970678966,0.8623907708698942,0.45679019582675656,18.276755046775563,5.303501942283226,7.325954200026158,22.537739539553467,4.06858719167553,7.743629492631297,22.537374531709148,11.664837089442198,9,COMPLETE
463,1000000.0,1000000.0,1000000.0,1000000.0,1000000.0,1000000.0,1000000.0,1000000.0,1000000.0,1000000.0,1000000.0,1000000.0,1000000.0,1000000.0,1000000.0,1000000.0,2026-03-27 08:01:31.756067,2026-03-27 08:02:44.683913,0 days 00:01:12.927846,0.8533491829725948,0.6997242335582243,0.9298369183713273,0.08402753439047576,0.4067309082100382,0.10581243804939185,0.49809825953062825,0.3313953068683576,13.606542522166201,0.855172357302774,4.0039634023227535,23.460464575864812,4.492673249206467,18.909458126219103,22.89695265693244,13.141610768161886,9,COMPLETE
464,1000000.0,1000000.0,0.06469576738540526,0.15843935645876642,1000000.0,1000000.0,1000000.0,1000000.0,1000000.0,1000000.0,0.2922094186107146,0.3283434160862755,1000000.0,1000000.0,1000000.0,1000000.0,2026-03-27 08:02:44.697267,2026-03-27 08:04:10.908807,0 days 00:01:26.211540,0.19434276690089075,0.5091080418650433,0.882073862033187,0.10490483734021938,0.49925951439255534,0.10548093970678966,0.656491910978773,0.017141573306956547,23.111938556028942,11.74965743647482,19.966731868198373,13.046279676790542,16.857542929250258,3.406480553043026,22.89695265693244,18.520927783868206,9,COMPLETE
465,1000000.0,1000000.0,1000000.0,1000000.0,1000000.0,1000000.0,1000000.0,1000000.0,1000000.0,1000000.0,1000000.0,1000000.0,1000000.0,1000000.0,1000000.0,1000000.0,2026-03-27 08:04:10.920584,2026-03-27 08:05:24.171303,0 days 00:01:13.250719,0.8533491829725948,0.04863517631041256,0.10323523848729411,0.9802401008067853,0.2613958420681749,0.10581243804939185,0.36920948114530955,0.5317284110038133,13.606542522166201,0.855172357302774,7.325954200026158,23.10618075923542,13.872765173409892,3.406480553043026,22.89695265693244,13.141610768161886,9,COMPLETE
466,1000000.0,1000000.0,0.07752855643809214,0.11395087120865022,0.021852056628004345,1000000.0,1000000.0,1000000.0,1000000.0,1000000.0,0.2671712005240429,1000000.0,0.4192971889375429,1000000.0,1000000.0,1000000.0,2026-03-27 08:05:24.182637,2026-03-27 08:06:50.297127,0 days 00:01:26.114490,0.8533491829725948,0.5597548891758126,0.6494471808280816,0.17524519330870458,0.2613958420681749,0.10581243804939185,0.8002426776394009,0.6213453057576726,6.369017684455729,11.74965743647482,18.816633276113514,11.414162968050556,4.492673249206467,12.034656027523406,22.89695265693244,15.380899790546678,9,COMPLETE
467,1000000.0,1000000.0,0.07168492266775141,0.10777699119321946,0.48685986715559654,1000000.0,1000000.0,1000000.0,1000000.0,1000000.0,0.27244997764443346,1000000.0,1000000.0,1000000.0,1000000.0,1000000.0,2026-03-27 08:06:50.308094,2026-03-27 08:08:15.725749,0 days 00:01:25.417655,0.8533491829725948,0.9337990206042488,0.09673007434862858,0.17524519330870458,0.6448191628896351,0.10548093970678966,0.8002426776394009,0.45679019582675656,1.7324016907778115,24.990135124033184,7.325954200026158,11.414162968050556,4.06858719167553,7.006334444527836,22.89695265693244,3.0572742421388828,9,COMPLETE
468,1000000.0,1000000.0,0.06725421352220931,0.15565394481260578,0.30986927337925796,1000000.0,1000000.0,1000000.0,1000000.0,1000000.0,0.3097910579227484,0.3346563476440993,1000000.0,1000000.0,1000000.0,1000000.0,2026-03-27 08:08:15.737333,2026-03-27 08:09:40.921897,0 days 00:01:25.184564,0.565192615172066,0.9273015659119106,0.882073862033187,0.10490483734021938,0.49925951439255534,0.048458629742033944,0.8623907708698942,0.017141573306956547,15.227149486796332,11.74965743647482,14.820970368827199,8.497448359305542,8.232864379143397,3.406480553043026,16.39409714766326,2.4743859630738445,9,COMPLETE
469,1000000.0,1000000.0,1000000.0,1000000.0,1000000.0,1000000.0,1000000.0,1000000.0,1000000.0,1000000.0,1000000.0,1000000.0,1000000.0,1000000.0,1000000.0,1000000.0,2026-03-27 08:09:40.932964,2026-03-27 08:11:03.271123,0 days 00:01:22.338159,0.04753726255755655,0.3308930906123468,0.43499190707255087,0.08402753439047576,0.37854297209115295,0.36693387508421677,0.7335802997458245,0.2055036438426762,23.111938556028942,12.669842888654136,0.9699504017181515,11.414162968050556,0.3297800798218504,3.406480553043026,14.898875124396334,15.380899790546678,9,COMPLETE
470,1000000.0,1000000.0,0.058010109551413926,0.1725453221428853,0.013978909530368065,1000000.0,1000000.0,1000000.0,1000000.0,1000000.0,1000000.0,0.35190082276955337,0.5405987373152503,1000000.0,1000000.0,1000000.0,2026-03-27 08:11:03.282705,2026-03-27 08:12:28.981620,0 days 00:01:25.698915,0.8533491829725948,0.5590415933152213,0.10750574440615002,0.10106587474488772,0.04545187486714061,0.10581243804939185,0.8414442611902317,0.7527571531020829,15.227149486796332,16.7425492005099,2.3618699632612206,1.8736498279063647,2.423793970968869,18.073938319277147,20.845132564819007,0.19401518139406712,9,COMPLETE
471,1000000.0,1000000.0,0.09352856316225429,0.1944171952083894,0.36984926991124006,1000000.0,1000000.0,1000000.0,1000000.0,1000000.0,1000000.0,0.38287664166538826,1000000.0,1000000.0,1000000.0,1000000.0,2026-03-27 08:12:28.992961,2026-03-27 08:13:55.079669,0 days 00:01:26.086708,0.8533491829725948,0.1086233050185069,0.46149969293586307,0.08402753439047576,0.6391979139663259,0.29844276810749343,0.8414442611902317,0.6213453057576726,3.1026710743988617,5.525152231868991,20.08659521899448,8.497448359305542,8.232864379143397,5.017799374338482,10.070617088003614,0.19401518139406712,9,COMPLETE
472,1000000.0,1000000.0,0.047672417798384,1000000.0,0.03589772528188808,1000000.0,1000000.0,1000000.0,1000000.0,1000000.0,0.25550480913847967,1000000.0,0.5558022064430267,1000000.0,1000000.0,1000000.0,2026-03-27 08:13:55.091404,2026-03-27 08:15:20.422085,0 days 00:01:25.330681,0.6509170273504011,0.3592446467592388,0.5828885655161072,0.7736109557469404,0.06603478949672317,0.10581243804939185,0.21682645139293405,0.2055036438426762,18.276755046775563,0.855172357302774,7.325954200026158,22.537739539553467,4.06858719167553,1.4721859524399943,22.213467593212247,13.141610768161886,9,COMPLETE
473,1000000.0,1000000.0,0.05436940769915819,0.1758448440680261,0.11153875648603914,1000000.0,1000000.0,1000000.0,1000000.0,1000000.0,1000000.0,0.3401773964797279,0.509144276922045,1000000.0,1000000.0,1000000.0,2026-03-27 08:15:20.433978,2026-03-27 08:16:46.494219,0 days 00:01:26.060241,0.5431698367584615,0.3566939980798594,0.3662873111936026,0.10106587474488772,0.23220619395567269,0.10581243804939185,0.8396035566203823,0.4080051646084188,5.265302379179622,16.7425492005099,9.889305996758797,6.502807285793374,2.423793970968869,18.073938319277147,1.690644196379288,20.661602492886065,9,COMPLETE
474,1000000.0,1000000.0,0.06394908044480324,0.16428713782152574,0.027206803453266357,1000000.0,1000000.0,1000000.0,1000000.0,1000000.0,0.30941030351393656,0.353120489555678,0.5005523209244609,1000000.0,1000000.0,1000000.0,2026-03-27 08:16:46.507266,2026-03-27 08:18:12.116092,0 days 00:01:25.608826,0.6086447328152642,0.35366313547615585,0.43499190707255087,0.08402753439047576,0.23220619395567269,0.10581243804939185,0.32098451946109324,0.4080051646084188,5.265302379179622,16.7425492005099,9.889305996758797,8.497448359305542,2.423793970968869,0.02376839403534505,10.070617088003614,16.52425539397861,9,COMPLETE
475,1000000.0,1000000.0,1000000.0,1000000.0,1000000.0,1000000.0,1000000.0,1000000.0,1000000.0,1000000.0,1000000.0,1000000.0,1000000.0,1000000.0,1000000.0,1000000.0,2026-03-27 08:18:12.128663,2026-03-27 08:18:33.316499,0 days 00:00:21.187836,0.21892602696680238,0.7726543396945966,0.5828885655161072,0.10106587474488772,0.2192999616837112,0.6836991511734238,0.8414442611902317,0.2055036438426762,18.276755046775563,24.990135124033184,23.16429641503616,22.537739539553467,4.06858719167553,3.406480553043026,19.85669923118598,3.3116537712887766,9,COMPLETE
476,1000000.0,1000000.0,0.06565911222079124,0.1603041034016667,0.045110276155075915,1000000.0,1000000.0,1000000.0,1000000.0,1000000.0,0.3103134232846726,0.3373478329431262,0.4331174653744374,1000000.0,1000000.0,1000000.0,2026-03-27 08:18:33.328181,2026-03-27 08:19:58.679202,0 days 00:01:25.351021,0.2690657300012693,0.9662106523213966,0.3662873111936026,0.10106587474488772,0.23220619395567269,0.04447217856475382,0.8414442611902317,0.48763614631799707,5.265302379179622,16.7425492005099,9.889305996758797,8.497448359305542,24.06685693345404,18.21122745855342,20.845132564819007,16.751754090776785,9,COMPLETE
477,1000000.0,1000000.0,1000000.0,1000000.0,1000000.0,1000000.0,1000000.0,1000000.0,1000000.0,1000000.0,1000000.0,1000000.0,1000000.0,1000000.0,1000000.0,1000000.0,2026-03-27 08:19:58.690588,2026-03-27 08:21:11.198915,0 days 00:01:12.508327,0.9695324378906215,0.936770211895547,0.09673007434862858,0.02505724614909409,0.6448191628896351,0.10548093970678966,0.656491910978773,0.45679019582675656,15.227149486796332,13.419946948700135,7.325954200026158,23.10618075923542,4.06858719167553,19.336553685076222,7.471310740278318,3.0572742421388828,9,COMPLETE
478,1000000.0,1000000.0,0.03233319758298854,1000000.0,0.06155822237769738,1000000.0,1000000.0,1000000.0,1000000.0,1000000.0,0.20828147069625025,1000000.0,0.3941034764673458,1000000.0,1000000.0,1000000.0,2026-03-27 08:21:11.210233,2026-03-27 08:22:37.404340,0 days 00:01:26.194107,0.10469953715964221,0.936770211895547,0.09673007434862858,0.9802401008067853,0.2613958420681749,0.10548093970678966,0.656491910978773,0.3313953068683576,5.093585516438099,13.419946948700135,7.325954200026158,22.537739539553467,4.06858719167553,7.743629492631297,22.213467593212247,3.0572742421388828,9,COMPLETE
479,1000000.0,1000000.0,0.03225961594023692,1000000.0,0.021851193574041625,1000000.0,1000000.0,1000000.0,1000000.0,1000000.0,0.20905665034953408,1000000.0,0.38616351242877334,1000000.0,1000000.0,1000000.0,2026-03-27 08:22:37.415225,2026-03-27 08:24:03.680805,0 days 00:01:26.265580,0.04753726255755655,0.3592446467592388,0.6494471808280816,0.9802401008067853,0.2613958420681749,0.10548093970678966,0.8623907708698942,0.6213453057576726,3.7906099691321935,5.303501942283226,18.046720998391393,11.414162968050556,2.990641646611442,7.743629492631297,7.471310740278318,11.664837089442198,9,COMPLETE
480,1000000.0,1000000.0,0.054187280814671994,0.17369722371872753,0.14788722954121325,1000000.0,1000000.0,1000000.0,1000000.0,1000000.0,1000000.0,0.35733473489354756,1000000.0,1000000.0,1000000.0,1000000.0,2026-03-27 08:24:03.691766,2026-03-27 08:25:29.050002,0 days 00:01:25.358236,0.5369652889783663,0.936770211895547,0.9370688380320779,0.08402753439047576,0.4275669210810305,0.10548093970678966,0.8623907708698942,0.3313953068683576,15.227149486796332,6.1458685159809505,20.08659521899448,8.497448359305542,4.06858719167553,16.671954034427014,16.39409714766326,3.0572742421388828,9,COMPLETE
481,1000000.0,1000000.0,0.015223971197861896,1000000.0,1000000.0,1000000.0,1000000.0,1000000.0,1000000.0,1000000.0,0.19898995583478532,1000000.0,1000000.0,1000000.0,1000000.0,1000000.0,2026-03-27 08:25:29.061201,2026-03-27 08:26:54.551641,0 days 00:01:25.490440,0.3875442255404469,0.940149660145769,0.6092300644170181,0.7632013471294642,0.8980082897770008,0.10581243804939185,0.21682645139293405,0.7527571531020829,15.227149486796332,0.855172357302774,19.966731868198373,18.994967083817833,16.857542929250258,12.417889027941694,22.89695265693244,13.141610768161886,9,COMPLETE
482,1000000.0,1000000.0,0.005741053965346521,0.42773962477044125,0.07070987190562172,1000000.0,1000000.0,1000000.0,1000000.0,1000000.0,1000000.0,1000000.0,0.37706087003838673,1000000.0,1000000.0,1000000.0,2026-03-27 08:26:54.562797,2026-03-27 08:28:20.311718,0 days 00:01:25.748921,0.9695324378906215,0.936770211895547,0.09673007434862858,0.644937980007998,0.2613958420681749,0.10548093970678966,0.656491910978773,0.3313953068683576,15.227149486796332,13.419946948700135,13.333409336000726,23.10618075923542,4.06858719167553,16.671954034427014,22.213467593212247,3.0572742421388828,9,COMPLETE
483,1000000.0,1000000.0,0.08265461364668461,0.11343262064875217,0.014418557739373596,1000000.0,1000000.0,1000000.0,1000000.0,1000000.0,1000000.0,1000000.0,0.47444100962562763,1000000.0,1000000.0,1000000.0,2026-03-27 08:28:20.322147,2026-03-27 08:29:46.422903,0 days 00:01:26.100756,0.752463180980785,0.5091080418650433,0.09673007434862858,0.17524519330870458,0.23220619395567269,0.10548093970678966,0.656491910978773,0.6025534001147111,15.227149486796332,16.7425492005099,24.48474724447197,12.532756196355933,4.06858719167553,16.671954034427014,22.213467593212247,0.19401518139406712,9,COMPLETE
484,1000000.0,1000000.0,0.060178130434687276,0.17453562474776138,0.1142501914676621,1000000.0,1000000.0,1000000.0,1000000.0,1000000.0,1000000.0,0.3521622697433055,1000000.0,1000000.0,1000000.0,1000000.0,2026-03-27 08:29:46.434131,2026-03-27 08:31:12.887172,0 days 00:01:26.453041,0.9695324378906215,0.04863517631041256,0.09673007434862858,0.08402753439047576,0.4275669210810305,0.10548093970678966,0.8623907708698942,0.3313953068683576,15.227149486796332,13.419946948700135,20.08659521899448,23.10618075923542,3.012952674216892,16.671954034427014,22.213467593212247,3.0572742421388828,9,COMPLETE
485,1000000.0,1000000.0,0.06280849415189833,0.019885365943772406,0.15001450901702446,1000000.0,1000000.0,1000000.0,1000000.0,1000000.0,1000000.0,1000000.0,1000000.0,1000000.0,1000000.0,1000000.0,2026-03-27 08:31:12.900499,2026-03-27 08:32:39.271162,0 days 00:01:26.370663,0.8533491829725948,0.9273015659119106,0.882073862033187,0.4271970155431605,0.49925951439255534,0.14255986340003865,0.8623907708698942,0.017141573306956547,15.227149486796332,11.74965743647482,7.325954200026158,1.8736498279063647,4.551606827363844,3.406480553043026,22.213467593212247,2.4743859630738445,9,COMPLETE
486,1000000.0,1000000.0,0.06720423628483896,0.1603429574924473,0.07195973182475367,1000000.0,1000000.0,1000000.0,1000000.0,1000000.0,0.28628140458214435,0.3224558228059493,0.528249468050657,1000000.0,1000000.0,1000000.0,2026-03-27 08:32:39.281819,2026-03-27 08:34:04.997005,0 days 00:01:25.715186,0.752463180980785,0.4734016816737326,0.3662873111936026,0.10490483734021938,0.25763378986772073,0.11227705775593351,0.8396035566203823,0.4080051646084188,18.085904761594914,5.525152231868991,9.889305996758797,22.229084301744958,0.3297800798218504,3.406480553043026,17.090544948683856,24.147748977676457,9,COMPLETE
487,1000000.0,1000000.0,0.06020240340914479,0.1646646676553168,0.2076361839170225,1000000.0,1000000.0,1000000.0,1000000.0,1000000.0,0.3079640833018867,0.3505823342895917,1000000.0,1000000.0,1000000.0,1000000.0,2026-03-27 08:34:05.008242,2026-03-27 08:35:30.558739,0 days 00:01:25.550497,0.565192615172066,0.1086233050185069,0.43499190707255087,0.08402753439047576,0.4067309082100382,0.048458629742033944,0.144510538136074,0.3313953068683576,14.336082236658784,12.669842888654136,20.08659521899448,24.804498349631668,8.232864379143397,5.017799374338482,12.05904741938356,0.19401518139406712,9,COMPLETE
488,1000000.0,1000000.0,0.05573938559573064,0.16933911705837384,0.05549930000770822,1000000.0,1000000.0,1000000.0,1000000.0,1000000.0,0.30866485908595537,0.35500348233203594,0.5035781881145229,1000000.0,1000000.0,1000000.0,2026-03-27 08:35:30.570594,2026-03-27 08:36:58.199283,0 days 00:01:27.628689,0.016769392478542484,0.3566939980798594,0.3662873111936026,0.08402753439047576,0.23220619395567269,0.04447217856475382,0.8396035566203823,0.3313953068683576,14.336082236658784,12.669842888654136,9.889305996758797,6.502807285793374,2.423793970968869,18.073938319277147,12.05904741938356,13.87965715065266,9,COMPLETE
489,1000000.0,1000000.0,0.061774035049256305,0.1648472002103928,1000000.0,1000000.0,1000000.0,1000000.0,1000000.0,1000000.0,0.3082431556252494,0.34743924283785466,1000000.0,1000000.0,1000000.0,1000000.0,2026-03-27 08:36:58.210866,2026-03-27 08:38:24.089289,0 days 00:01:25.878423,0.8533491829725948,0.9273015659119106,0.882073862033187,0.10490483734021938,0.49925951439255534,0.048458629742033944,0.8623907708698942,0.5317284110038133,13.606542522166201,0.855172357302774,14.820970368827199,1.8736498279063647,13.872765173409892,3.406480553043026,16.39409714766326,2.4743859630738445,9,COMPLETE
490,1000000.0,1000000.0,0.047194179359082745,1000000.0,0.03362503933174095,1000000.0,1000000.0,1000000.0,1000000.0,1000000.0,0.26587909741705634,1000000.0,0.37819121720665283,1000000.0,1000000.0,1000000.0,2026-03-27 08:38:24.100208,2026-03-27 08:39:49.667953,0 days 00:01:25.567745,0.8533491829725948,0.3566939980798594,0.10323523848729411,0.7736109557469404,0.2613958420681749,0.10548093970678966,0.8414442611902317,0.7640220930212918,15.227149486796332,24.990135124033184,2.3618699632612206,22.537739539553467,4.06858719167553,0.8005203795171522,20.845132564819007,3.3116537712887766,9,COMPLETE
491,1000000.0,1000000.0,0.06271322283280671,0.16395856454602425,0.14190863241360582,1000000.0,1000000.0,1000000.0,1000000.0,1000000.0,0.3095754270211527,0.3410572318679912,1000000.0,1000000.0,1000000.0,1000000.0,2026-03-27 08:39:49.680192,2026-03-27 08:41:16.421183,0 days 00:01:26.740991,0.2690657300012693,0.4734016816737326,0.43499190707255087,0.10106587474488772,0.4067309082100382,0.048458629742033944,0.32098451946109324,0.6213453057576726,15.227149486796332,6.1458685159809505,4.980956204901533,6.502807285793374,3.8410257963476497,0.02376839403534505,10.070617088003614,3.3116537712887766,9,COMPLETE
492,1000000.0,1000000.0,1000000.0,1000000.0,1000000.0,1000000.0,1000000.0,1000000.0,1000000.0,1000000.0,1000000.0,1000000.0,1000000.0,1000000.0,1000000.0,1000000.0,2026-03-27 08:41:16.434527,2026-03-27 08:41:43.785296,0 days 00:00:27.350769,0.2690657300012693,0.9662106523213966,0.07778357637945574,0.6506844034990305,0.25763378986772073,0.11227705775593351,0.7335802997458245,0.6213453057576726,8.184985262798328,6.1458685159809505,9.889305996758797,6.502807285793374,12.334743687165258,15.04881858178218,17.090544948683856,3.3116537712887766,9,COMPLETE
493,1000000.0,1000000.0,0.06725421352220931,0.15565394481260578,0.30986927337925796,1000000.0,1000000.0,1000000.0,1000000.0,1000000.0,0.3097910579227484,0.3346563476440993,1000000.0,1000000.0,1000000.0,1000000.0,2026-03-27 08:41:43.796536,2026-03-27 08:43:10.282664,0 days 00:01:26.486128,0.565192615172066,0.5456066501431177,0.3345124105779843,0.10490483734021938,0.49925951439255534,0.048458629742033944,0.8623907708698942,0.017141573306956547,15.227149486796332,6.1458685159809505,20.08659521899448,8.497448359305542,8.232864379143397,18.21122745855342,16.39409714766326,23.317972821616813,9,COMPLETE
494,1000000.0,1000000.0,0.10367560488239952,0.1816733535989031,0.3420498883675625,1000000.0,1000000.0,1000000.0,1000000.0,1000000.0,1000000.0,0.341299646962739,1000000.0,1000000.0,1000000.0,1000000.0,2026-03-27 08:43:10.293430,2026-03-27 08:44:36.202941,0 days 00:01:25.909511,0.2690657300012693,0.3308930906123468,0.5930542355787319,0.10490483734021938,0.49925951439255534,0.36693387508421677,0.7335802997458245,0.017141573306956547,23.111938556028942,5.725342886855845,2.3618699632612206,13.046279676790542,22.827296465708134,3.406480553043026,20.845132564819007,3.3116537712887766,9,COMPLETE
495,1000000.0,1000000.0,0.07182299095268074,0.15110688594247954,0.0820866063821451,1000000.0,1000000.0,1000000.0,1000000.0,1000000.0,0.291835039821853,0.31864623539148024,0.4453494219512934,1000000.0,1000000.0,1000000.0,2026-03-27 08:44:36.214790,2026-03-27 08:46:01.827196,0 days 00:01:25.612406,0.10469953715964221,0.07051941277168566,0.882073862033187,0.10490483734021938,0.2613958420681749,0.10548093970678966,0.11013753367690134,0.5317284110038133,23.053890124600418,13.419946948700135,4.0039634023227535,23.10618075923542,4.06858719167553,3.406480553043026,7.471310740278318,6.502701749861743,9,COMPLETE
496,1000000.0,1000000.0,0.06116901304185144,0.16045728782496382,0.13663054355564155,1000000.0,1000000.0,1000000.0,1000000.0,1000000.0,0.3106358405141865,0.3517531555020584,1000000.0,1000000.0,1000000.0,1000000.0,2026-03-27 08:46:01.839635,2026-03-27 08:47:28.417559,0 days 00:01:26.577924,0.04753726255755655,0.4837400366855389,0.43499190707255087,0.08402753439047576,0.37854297209115295,0.04447217856475382,0.32098451946109324,0.2055036438426762,14.336082236658784,5.945173329985636,4.980956204901533,8.497448359305542,2.990641646611442,7.006334444527836,10.070617088003614,15.380899790546678,9,COMPLETE
497,1000000.0,1000000.0,1000000.0,1000000.0,1000000.0,1000000.0,1000000.0,1000000.0,1000000.0,1000000.0,1000000.0,1000000.0,1000000.0,1000000.0,1000000.0,1000000.0,2026-03-27 08:47:28.428725,2026-03-27 08:47:55.767038,0 days 00:00:27.338313,0.8533491829725948,0.5590415933152213,0.9285218134727293,0.9802401008067853,0.2613958420681749,0.10548093970678966,0.8623907708698942,0.388694854874627,15.227149486796332,5.303501942283226,9.42667053701849,1.8736498279063647,2.990641646611442,2.18106675286599,7.471310740278318,0.19401518139406712,9,COMPLETE
498,1000000.0,1000000.0,0.09489035487385042,0.18069963057272348,0.12609947552396764,1000000.0,1000000.0,1000000.0,1000000.0,1000000.0,1000000.0,0.34684399163031165,0.2971818992918316,1000000.0,1000000.0,1000000.0,2026-03-27 08:47:55.777922,2026-03-27 08:49:21.829741,0 days 00:01:26.051819,0.3401846617141334,0.4837400366855389,0.43499190707255087,0.10490483734021938,0.49925951439255534,0.36693387508421677,0.4037234811700273,0.17792774542776807,14.336082236658784,12.669842888654136,18.47974762592139,8.497448359305542,0.3297800798218504,3.406480553043026,12.05904741938356,23.317972821616813,9,COMPLETE
499,1000000.0,1000000.0,0.062172077262725944,0.16089214162185375,0.1593701518760815,1000000.0,1000000.0,1000000.0,1000000.0,1000000.0,0.30998124401650595,0.3518671437628501,1000000.0,1000000.0,1000000.0,1000000.0,2026-03-27 08:49:21.840651,2026-03-27 08:50:47.446406,0 days 00:01:25.605755,0.565192615172066,0.4837400366855389,0.4450254565154679,0.08402753439047576,0.37854297209115295,0.04447217856475382,0.144510538136074,0.6213453057576726,14.336082236658784,12.669842888654136,4.980956204901533,11.414162968050556,2.990641646611442,7.006334444527836,22.89695265693244,13.294968207342675,9,COMPLETE
