--------------------------------------
Running config: /home/druijsch/LPJmL5/dev15oct2025/config_files/2026_04_08_run_for_10_locations/tropical_broadleaved_raingreen_tree/spinup/configs/tropical_broadleaved_raingreen_tree_patch4_config_spinup.cjson
SLURM task ID: 1
Node: tcn180.local.snellius.surf.nl
--------------------------------------
******************************************************************************
****        _     ____     _           _       ____        _  ___         ****
****       | |   |  _ \   | |_ __ ___ | |     | ___|      / |/ _ \        ****
****       | |   | |_) |  | | '_ ` _ \| |     |___ \      | | | | |       ****
****       | |___|  __/ |_| | | | | | | |___   ___) |  _  | | |_| |       ****
****       |_____|_|   \___/|_| |_| |_|_____| |____/  (_) |_|\___/        ****
****                                                                      ****
****                 lpjml C Version 5.10.1 (Apr 14 2026)                 ****
****    Dynamic global vegetation model with natural and managed land     ****
****                     Compiled for Linux with MPI                      ****
****       (C) Potsdam Institute for Climate Impact Research (PIK),       ****
****                          see COPYRIGHT file                          ****
****              Authors, and contributors see AUTHORS file              ****
**** This version of LPJmL is licensed under GNU AGPL Version 3 or later  ****
****        See LICENSE file or go to http://www.gnu.org/licenses/        ****
****                 or invoke lpjml -l to print license                  ****
****      https://gitlab.pik-potsdam.de/lpjml/wur_team/lpjml-wur.git      ****
****          GIT hash: 5e6f8e1bb5c5d5f3357da68b6c43e9517864f3c2          ****
****                                                                      ****
******************************************************************************

Running for user druijsch on tcn180.local.snellius.surf.nl at Tue Apr 14 16:16:41 2026
Reading configuration from '/home/druijsch/LPJmL5/dev15oct2025/config_files/2026_04_08_run_for_10_locations/tropical_broadleaved_raingreen_tree/spinup/configs/tropical_broadleaved_raingreen_tree_patch4_config_spinup.cjson'.
==============================================================================
/----------------------------------------------------------\
|institution: Potsdam Institute for Climate Impact Research|
|contact:                                                  |
|comment:                                                  |
\----------------------------------------------------------/
Simulation "LPJmL Run" running on 50 tasks
Simulation with shuffle spinup climate, equilsoil is called, 
nitrogen limitation, permafrost, Johansen conductivity, 
percolation heattransfer, GSI phenology, NPP controlled BNF.
Cultivation types: none, biomass, annual crop
Working directory: /gpfs/home5/druijsch/LPJmL5/dev15oct2025
cpp processed configuration file written to `/projects/prjs2023/chapter3/lpjml_output/2026_04_08_run_for_10_locations/tropical_broadleaved_raingreen_tree/patch_4/output/lpjml_config_spinup.json`.
Starting from scratch.
Input files:
Variable     Fmt  Varname  Filename
------------ ---- -------- ---------------------------------------------------
soil         cdf  soilcode /projects/prjs2023/chapter3/lpjml_input/run_for_10_locations/tropical_broadleaved_raingreen_tree/patch_4/soil.nc
temp         cdf  tas      /projects/prjs2023/chapter3/lpjml_input/run_for_10_locations/tropical_broadleaved_raingreen_tree/patch_4/temp.nc
prec         cdf  pr       /projects/prjs2023/chapter3/lpjml_input/run_for_10_locations/tropical_broadleaved_raingreen_tree/patch_4/prec.nc
lwdown       cdf  rlds     /projects/prjs2023/chapter3/lpjml_input/run_for_10_locations/tropical_broadleaved_raingreen_tree/patch_4/lwdown.nc
swdown       cdf  rsds     /projects/prjs2023/chapter3/lpjml_input/run_for_10_locations/tropical_broadleaved_raingreen_tree/patch_4/swdown.nc
no3_depo     cdf  noy      /projects/prjs2023/chapter3/lpjml_input/ndep-noy_histsoc_monthly_1901_2021_units.nc
nh4_depo     cdf  nhx      /projects/prjs2023/chapter3/lpjml_input/ndep-nhx_histsoc_monthly_1901_2021_units.nc
soilpH       cdf  soil_ph  /projects/prjs2023/chapter3/lpjml_input/hwsd_soil_data_all_land_oceanfilled.nc
co2          txt           /projects/prjs2023/chapter3/lpjml_input/co2_1832-2023.dat
windspeed    cdf  sfcwind  /projects/prjs2023/chapter3/lpjml_input/run_for_10_locations/tropical_broadleaved_raingreen_tree/patch_4/wind.nc
------------ ---- -------- ---------------------------------------------------
Writing restart file '/home/druijsch/LPJmL5/dev15oct2025/restart/2026_04_08_run_for_10_locations/tropical_broadleaved_raingreen_tree/patch_4/restart_1901_nv_stdfire.lpj' after year 1901.
Random seed: 2
Number of output files:       1
Output written in year:       -1020
Byte order in output files:   little endian

Variable   Fmt  Unit Type   tstep nbd Filename
---------- ---- ---- ------ ----- --- -----------------------------------------
globalflux txt  -    float  year    1 /projects/prjs2023/chapter3/lpjml_output/2026_04_08_run_for_10_locations/tropical_broadleaved_raingreen_tree/patch_4/output/globalflux_spinup.csv + .json
---------- ---- ---- ------ ----- --- -----------------------------------------
Spinup years:                  3000
Cycle length during spinup:      30
First year:                    1901
Last year:                     1901
Number of grid cells:            72
==============================================================================
Memory allocated for output: 344 bytes/cell
Simulation begins...
Spinup using climate starting from year 1901

         Carbon flux (ktC/yr)        Water (dam3/yr)                Nitrogen (MgN/yr)
       ----------------------- -------------------------- --------------------------------
Spinup NEP     estab   NBP     transp     evap    interc  nuptake ndemand  nlosses ninflux
------ ------- ------- ------- ---------- ------- ------- ------- -------- ------- -------
 -1099 -3253.426   0.643 -3252.783        0.0 5525450.2     0.0     0.0      0.0 496253.2  2907.0
 -1098 -3150.224   0.037 -3150.187       28.5 4459347.3     5.9   161.0      0.0 346182.6  2907.0
 -1097 -2884.606  -0.098 -2884.704     3064.4 5628726.1    50.7  2942.4      0.4 377898.8  2909.0
 -1096 -15.505  -0.413 -15.919   516525.0 4251433.6  2197.0 47336.7      9.6 241178.2  2961.1
 -1095 8864.405  -0.099 8864.306  6107882.1 798918.2 272279.1 179063.4   1043.7 109903.7  4176.8
 -1094 6939.009   0.003 6939.012  5781486.6 467702.7 1173027.4 142599.8   1149.3 60089.3  4414.6
 -1093 6104.016   0.003 6104.019  6533046.0 461123.1 1322078.1 136843.0   2281.5 61013.5  6410.5
 -1092 284.905   0.004 284.909  5017759.4 644281.7 758259.7 85202.7   2360.8 40123.2  8676.3
 -1091  32.990   0.003  32.994  5006104.5 590374.6 595962.9 83727.5   2719.3 35763.5 10273.9
 -1090 914.181   0.003 914.184  5669900.4 381575.9 705299.8 92350.6   3472.1 35084.1 14094.8
 -1089 2790.774   0.003 2790.777  7129243.3 756215.8 982186.0 126346.8   4977.8 46305.9 17308.2
 -1088 -610.201   0.003 -610.198  6030229.8 568143.8 613074.3 88281.0   3666.3 34447.0 15889.5
 -1087 1110.105   0.002 1110.107  6884164.8 551036.7 762737.4 108992.6   5056.5 31527.2 19963.4
 -1086 -19.974   0.003 -19.971  6280997.5 343537.0 627583.7 93074.5   4234.1 26592.1 18003.6
 -1085 375.974   0.002 375.976  6812593.6 542534.4 692322.0 98777.5   5315.7 26186.3 21799.4
 -1084  32.830   0.001  32.831  6771109.7 542076.2 659546.4 94579.3   5541.7 30243.1 22833.2
 -1083 -760.310   0.002 -760.308  5826664.9 390058.1 404866.9 83110.2   4494.1 44382.6 18623.4
 -1082 -15.934   0.002 -15.932  5896019.6 589531.8 630233.5 93829.5   4307.8 128760.7 17866.6
 -1081 -183.121   0.001 -183.119  6221054.5 317454.8 526387.0 84670.3   4986.5 55895.1 20080.9
 -1080 -1340.420   0.003 -1340.417  4934441.1 392465.5 319076.3 77924.5   3435.3 32948.9 14303.4
 -1079 423.034   0.002 423.036  5794587.3 438834.2 448079.2 97012.2   4501.4 32070.5 17211.9
 -1078 -351.629   0.002 -351.627  5696199.5 379072.6 370023.9 85927.7   4958.0 27432.7 19156.5
 -1077 -379.953   0.002 -379.951  5116242.9 330095.7 472404.2 82765.9   4151.9 31925.8 16567.8
 -1076 385.955   0.001 385.955  6182561.3 436213.2 490096.2 98574.6   6170.7 27538.5 21602.4
 -1075 158.146  -0.001 158.145  6505153.3 681635.5 507079.7 92454.6   7424.5 26589.2 26215.8

         Carbon flux (ktC/yr)        Water (dam3/yr)                Nitrogen (MgN/yr)
       ----------------------- -------------------------- --------------------------------
Spinup NEP     estab   NBP     transp     evap    interc  nuptake ndemand  nlosses ninflux
------ ------- ------- ------- ---------- ------- ------- ------- -------- ------- -------
 -1074 -267.431  -0.000 -267.431  5828280.3 491397.2 643641.7 90460.2   6354.5 85439.8 22005.3
 -1073 -547.518  -0.000 -547.519  5867124.8 427191.2 508340.3 86732.7   6732.6 61825.3 22374.4
 -1072 -66.235  -0.000 -66.235  5688390.5 551189.7 403266.0 95986.7   7013.7 53136.0 21590.8
 -1071 452.506  -0.002 452.504  5898729.0 522554.0 599274.0 101326.7   7768.5 31117.8 23244.6
 -1070 -480.762  -0.002 -480.764  5631243.0 548846.6 477902.6 92438.7   8422.3 19656.8 22761.4
 -1069 243.467  -0.001 243.466  5379471.1 438464.7 596560.0 102697.2   7474.6 24722.4 19745.8
 -1068 192.378  -0.002 192.376  5426311.0 550824.2 473271.2 104148.6   8410.1 20195.2 21284.6
 -1067 545.413  -0.001 545.412  5072293.0 381863.7 523834.1 104095.0   6975.3 23313.6 17563.7
 -1066 -22.207  -0.000 -22.207  5369447.5 317049.6 613611.4 102387.7   8434.5 23023.9 19200.0
 -1065  76.398  -0.002  76.396  5142365.7 383283.9 533233.0 101587.3   8445.2 21342.9 18977.7
 -1064 117.686  -0.004 117.681  5335528.8 427458.5 472645.0 103622.8   9833.3 17588.9 20641.7
 -1063 273.570  -0.004 273.565  5209046.6 484506.4 633275.3 105927.0   9415.4 20175.9 19492.3
 -1062 -169.257  -0.003 -169.260  4951038.5 464415.8 561756.9 104035.9   8409.9 18551.9 16436.4
 -1061 522.815  -0.003 522.812  5176908.7 479239.0 695600.9 111126.4  10092.4 20988.2 18515.9
 -1060 480.966  -0.002 480.965  5053721.0 382296.9 659572.6 106273.6   8750.7 20920.3 15592.0
 -1059  46.273  -0.002  46.272  5260208.7 392539.7 594054.0 107490.4  10682.4 19139.7 17745.2
 -1058 -1302.160   0.002 -1302.158  4440883.3 366936.3 497567.5 91876.4   7960.5 17732.3 11840.1
 -1057 -249.319   0.001 -249.318  4397841.0 361691.7 501749.7 107021.5   7542.4 22354.6 10359.6
 -1056 179.479  -0.002 179.477  4735725.8 359848.8 628255.2 109996.7  10610.5 24765.8 14253.8
 -1055 1121.397  -0.003 1121.394  5280438.7 506369.4 681210.3 121267.4  10251.7 17825.8 13537.9
 -1054 1192.971  -0.004 1192.968  5517789.3 561921.0 1066068.2 118604.5  12830.5 21450.5 17797.1
 -1053 264.584  -0.003 264.581  5325551.9 390614.2 1059082.6 110410.3  11603.9 22557.4 14276.0
 -1052  -8.813  -0.002  -8.815  5085400.1 527117.8 1239441.9 108240.1  10501.7 26803.2 11900.3
 -1051 380.227  -0.003 380.224  5651829.3 429173.9 1006289.9 116323.9  15830.1 16805.7 16197.4
 -1050 595.341  -0.003 595.337  5610793.7 377626.0 1088670.7 115070.7  13746.0 16809.3 13852.0

         Carbon flux (ktC/yr)        Water (dam3/yr)                Nitrogen (MgN/yr)
       ----------------------- -------------------------- --------------------------------
Spinup NEP     estab   NBP     transp     evap    interc  nuptake ndemand  nlosses ninflux
------ ------- ------- ------- ---------- ------- ------- ------- -------- ------- -------
 -1049 291.817  -0.003 291.814  5516752.6 358525.2 1287557.7 112481.1  13322.4 19559.5 12970.4
 -1048  -9.745  -0.003  -9.748  5620185.0 293288.1 1107143.6 108844.7  11574.8 22588.9 11705.8
 -1047 -1735.418   0.002 -1735.416  4830091.9 306494.2 695416.6 94499.8   8056.1 18069.9  7852.1
 -1046 744.341  -0.001 744.339  5185108.3 358829.8 1107739.2 125872.9  12295.0 25461.6 10489.2
 -1045 1807.638  -0.002 1807.636  6057596.0 562100.6 1507813.4 124424.0  13681.8 24379.9 12625.1
 -1044  46.475  -0.001  46.475  5857397.1 327839.6 1318690.8 104356.1   9180.9 18809.7  8764.4
 -1043 677.749  -0.001 677.748  5957174.2 437793.2 1440810.3 125999.3  14523.8 21322.2 12244.3
 -1042 456.182  -0.001 456.181  6276463.7 366748.4 1261141.4 113352.0  12910.9 18269.3 11322.3
 -1041 -169.089  -0.000 -169.089  5817270.0 338613.9 959643.6 106801.0   9325.7 22668.8  8057.4
 -1040 130.866  -0.000 130.865  5695298.1 265912.8 1224363.7 112832.8  12107.8 26515.7 10200.6
 -1039 -416.558  -0.000 -416.558  5495241.4 271190.6 1046059.9 102938.8  10513.1 20244.5  7916.5
 -1038 1248.815  -0.001 1248.814  6098178.4 481747.5 1482368.6 132996.2  15825.6 22382.7 12003.1
 -1037 -269.446   0.000 -269.446  5942822.3 413161.4 1076341.5 102982.7   8188.8 16400.6  6748.7
 -1036 976.439  -0.001 976.439  6115656.4 631204.1 1539726.2 122957.6  10565.7 22778.7  8729.6
 -1035 1201.472  -0.000 1201.471  6372504.7 530733.0 1775608.7 119113.4  14043.4 21882.1 11600.9
 -1034 335.245  -0.000 335.244  5907668.5 365039.6 1731088.5 108426.0  11023.8 22142.4  9661.6
 -1033 779.952  -0.000 779.951  6245193.7 529153.9 1818654.9 119165.7  16724.2 20418.3 13109.3
 -1032 -204.361  -0.000 -204.361  5842775.8 314086.3 1462944.4 99612.3  10275.6 18061.8  8776.6
 -1031 -376.465   0.000 -376.464  5468735.5 320448.6 1144843.7 111810.4   8594.4 23378.5  6782.4
 -1030 295.563  -0.001 295.562  6106341.7 360507.9 1272980.6 109367.4  14909.9 19112.3 11379.3
 -1029 -1981.111   0.003 -1981.108  4669470.6 278064.6 800748.2 84934.9   4687.4 20398.6  4536.8
 -1028 268.226  -0.002 268.224  5376475.0 364515.8 1016128.1 110127.5   6120.0 31914.3  5549.9
 -1027 1193.328  -0.002 1193.327  6333351.4 631091.5 1354763.9 119164.9  10635.4 24706.9  9157.9
 -1026 1038.206  -0.000 1038.205  6422024.3 420432.3 1424623.4 110326.4  11984.5 19931.7 10457.2
 -1025  35.069  -0.000  35.069  5868672.5 310125.7 1351392.6 98629.9   8621.9 22101.2  7428.5

         Carbon flux (ktC/yr)        Water (dam3/yr)                Nitrogen (MgN/yr)
       ----------------------- -------------------------- --------------------------------
Spinup NEP     estab   NBP     transp     evap    interc  nuptake ndemand  nlosses ninflux
------ ------- ------- ------- ---------- ------- ------- ------- -------- ------- -------
 -1024 492.388  -0.000 492.388  5815856.5 358706.4 1633917.4 115721.0  12626.5 25763.1 10017.1
 -1023 -583.470   0.001 -583.469  5259579.3 277275.8 1252169.4 89805.8   7105.6 33250.0  6431.6
 -1022 161.240  -0.001 161.239  5910307.4 316701.7 1083837.3 107593.3  17296.6 16708.5 11937.7
 -1021 -430.058   0.000 -430.057  5556478.4 399506.2 1070345.4 96624.0   6537.4 25205.3  6057.7
 -1020 -1229.112   0.002 -1229.110  4626099.2 299996.2 801647.9 90886.9   4334.8 23637.4  4498.0
 -1019 987.834  -0.001 987.833  5469311.3 334914.6 1269514.4 112454.4  13741.3 33925.8 10432.6
 -1018 -1483.307   0.002 -1483.306  4759907.8 273356.8 733285.0 85334.5   3924.5 21556.1  4054.5
 -1017 1898.218  -0.002 1898.216  6088739.2 487518.5 1278507.2 128291.6  12819.8 25310.4 11035.4
 -1016  34.066  -0.000  34.065  6059066.7 402662.3 992603.8 94599.4   7499.9 16062.7  6310.0
 -1015 -245.072   0.000 -245.072  4726882.4 267340.4 1261040.8 95553.5   7381.7 39989.8  6815.6
 -1014 389.852  -0.000 389.852  5800580.6 388396.1 1105552.7 110115.9  11572.9 18679.7  9561.4
 -1013  37.298   0.000  37.298  5757310.6 315335.9 913054.8 98541.1   8078.6 21816.0  7081.1
 -1012 222.304  -0.000 222.304  5408423.1 447604.5 1461058.0 101313.1  10556.2 27462.1  8992.6
 -1011 -1874.042   0.007 -1874.035  5008194.8 273317.6 756073.0 81485.8   3321.6 26151.8  3952.2
 -1010 139.415  -0.005 139.410  5247192.8 325687.9 783931.3 108127.6   9769.2 23811.4  7532.3
 -1009 638.119  -0.001 638.117  5387128.8 338729.7 1147800.9 98387.6   7975.6 26997.2  7528.2
 -1008 950.319  -0.000 950.319  5960566.1 381575.2 1072832.2 107900.8   8755.6 23281.1  7846.7
 -1007 -1499.083   0.006 -1499.077  4630706.1 269017.2 720964.8 83830.6   3485.1 21101.7  3721.5
 -1006 173.431  -0.004 173.426  5262857.4 409766.5 903515.0 101415.3   5735.2 30558.3  5511.0
 -1005 1018.759  -0.001 1018.758  5655787.1 376751.0 1030035.6 107061.6   8955.1 21032.9  8069.5
 -1004 574.928  -0.000 574.928  5783864.4 242454.3 1024480.6 94204.6   9354.5 22221.3  8251.4
 -1003 -1539.103   0.011 -1539.093  4385006.0 285805.7 712112.5 90419.5   3385.3 21819.4  3757.5
 -1002 -1271.544  -0.004 -1271.549  4032455.4 307519.6 619734.1 91567.3   3940.5 23899.2  4106.5
 -1001 1973.731  -0.004 1973.727  5685228.3 310715.3 960623.3 117034.0  12879.6 24194.1  8868.7
 -1000 536.735  -0.001 536.734  5885554.4 409175.7 889001.4 97192.2   6377.2 19154.2  5292.8

         Carbon flux (ktC/yr)        Water (dam3/yr)                Nitrogen (MgN/yr)
       ----------------------- -------------------------- --------------------------------
Spinup NEP     estab   NBP     transp     evap    interc  nuptake ndemand  nlosses ninflux
------ ------- ------- ------- ---------- ------- ------- ------- -------- ------- -------
  -999 1190.944  -0.001 1190.943  6287934.4 338054.5 1263593.1 106547.9  10182.2 24682.9  8754.1
  -998 369.914  -0.000 369.914  5935752.5 237525.3 1054792.4 88072.9   9926.5 18711.7  9032.6
  -997 -170.457   0.001 -170.457  5346382.2 260661.2 974137.8 95276.4   9452.3 23060.5  7422.8
  -996 534.568  -0.000 534.567  5584873.4 379744.1 1109056.6 107283.1  10931.8 16691.2  8958.4
  -995 200.546   0.000 200.546  5604914.1 331323.0 1275679.1 94200.8   9217.2 16031.9  8090.1
  -994 441.142  -0.000 441.142  5773234.9 324747.8 1379505.3 99888.2  12738.1 28531.0 10645.5
  -993  76.459   0.000  76.460  5938836.0 233993.4 1095404.9 87177.5  12268.8 21327.9 10703.8
  -992 -172.032   0.001 -172.031  5529408.3 335417.2 902259.6 103883.2   9463.4 18414.3  7588.6
  -991  43.187  -0.000  43.187  5144785.5 319808.4 1003485.7 99518.5   7986.9 18470.2  6598.1
  -990 -172.592   0.000 -172.591  4911360.1 278756.8 1134915.2 87738.9   9312.5 25515.7  8187.2
  -989 -286.051   0.001 -286.050  5010777.3 280027.7 1099874.7 91164.5   9715.2 28600.8  8279.9
  -988 -144.767   0.000 -144.766  5506836.5 270097.0 893323.3 89397.7  13507.1 18606.6 10647.9
  -987 1082.402  -0.001 1082.402  6050235.6 630035.9 1283410.9 111809.9  12768.9 14817.0 11075.6
  -986 206.376  -0.000 206.376  6039049.7 274266.2 1108007.8 88498.6  10330.1 16847.2 10193.8
  -985 -457.104   0.001 -457.104  5723873.5 348195.4 1034607.2 94353.4   9808.9 14653.0  8732.0
  -984 -259.638   0.000 -259.637  5725861.0 350370.4 1008328.3 94477.2  10155.7 15049.8  8910.2
  -983   1.542   0.000   1.542  5777329.7 240714.7 987752.8 84647.9  14457.9 15164.6 12736.7
  -982 1154.944  -0.001 1154.943  6008858.1 529597.4 1473351.4 109354.7  16896.0 21288.4 14063.8
  -981 193.079  -0.000 193.079  6087027.9 320484.7 1034321.3 88436.0  14197.3 10048.0 12363.1
  -980 313.381  -0.000 313.381  5692413.9 389195.9 1113790.9 99715.2  11133.7 15981.7  9956.6
  -979 713.746  -0.000 713.745  6253595.4 464422.4 1398796.3 103654.5  16984.9 13450.2 14123.9
  -978 781.043  -0.000 781.043  6436530.9 459910.1 1432668.7 99415.2  15850.8 12070.8 13667.5
  -977 221.834   0.000 221.835  5927479.2 324466.7 1416347.4 88951.6  12844.3 17983.1 10935.4
  -976 -219.006   0.001 -219.005  5886947.2 234067.4 1111840.6 85759.8  13223.0 15388.2 11468.2
  -975 -350.168   0.001 -350.168  5642207.0 338991.8 1093222.2 100771.6   8861.3 20547.0  7499.6

         Carbon flux (ktC/yr)        Water (dam3/yr)                Nitrogen (MgN/yr)
       ----------------------- -------------------------- --------------------------------
Spinup NEP     estab   NBP     transp     evap    interc  nuptake ndemand  nlosses ninflux
------ ------- ------- ------- ---------- ------- ------- ------- -------- ------- -------
  -974 947.079  -0.001 947.078  6297418.1 466875.1 1360995.8 103498.6  18236.7 13592.2 14219.0
  -973 435.190  -0.000 435.190  6308810.5 356562.6 1190243.7 93341.0  12875.4 12399.5 11401.3
  -972 -637.062   0.001 -637.061  5466698.5 308639.9 968886.5 85195.1   7985.5 15293.7  7456.0
  -971 436.438  -0.000 436.437  5789361.4 298248.2 1187378.8 103238.9  14805.7 15231.7 11375.1
  -970 -250.174   0.001 -250.174  5750732.9 405863.6 1002662.8 89741.3   8409.9 16146.0  8003.8
  -969 515.783  -0.000 515.782  5978427.9 360557.8 1146312.9 100986.4  14587.3 14816.5 12029.3
  -968 536.061  -0.000 536.061  5786668.4 361783.8 1516916.4 97148.2  13093.3 25367.6 11433.2
  -967  53.227   0.000  53.227  5904461.1 315425.9 902613.2 90592.9  10220.9 22607.4  8888.7
  -966 -151.909   0.000 -151.909  5486486.1 300080.0 909391.6 91332.8  10718.4 20648.5  8946.7
  -965 693.570  -0.000 693.570  6078237.4 608884.7 1399926.1 104698.5  13085.1 15791.5 11168.6
  -964 172.715   0.000 172.715  6076494.5 264794.8 1155248.3 87366.6  10583.9 17453.0  9975.5
  -963 674.929  -0.001 674.929  6314694.8 456897.0 1390998.4 103661.8  18843.7 13341.5 14611.9
  -962 632.708  -0.000 632.708  6477709.1 610473.3 1439257.9 97047.1  11729.3 12209.3 10311.4
  -961 340.036   0.000 340.036  6189828.4 293653.7 1248900.5 90800.5  13570.4 11761.5 11198.7
  -960 669.389  -0.000 669.388  6167484.2 401764.9 1441450.6 102535.2  16287.1 13814.4 12976.7
  -959 208.309   0.000 208.310  6044418.3 370013.9 1086941.3 88075.0  14413.1 10927.0 11414.1
  -958  44.816   0.000  44.816  5705749.1 368045.2 1085142.1 94005.0  13274.9 14074.8 10504.8
  -957 -1689.153   0.004 -1689.150  4353388.6 287189.6 747766.4 83673.8   4569.3 17529.2  4414.6
  -956 402.584  -0.001 402.582  5031863.1 310873.1 877136.5 103640.9   8472.6 23914.5  6701.8
  -955 850.202  -0.001 850.201  5692728.6 330026.3 1201132.9 91007.6  12477.3 21204.6 10896.9
  -954 -413.125   0.001 -413.124  4994052.1 263375.7 1141686.7 77732.0   6944.8 32194.6  6877.7
  -953 849.881  -0.001 849.880  6358275.3 486809.0 1122887.5 111224.8  19552.7  9543.7 14663.9
  -952 293.035  -0.000 293.035  5762154.8 311844.7 938245.6 87698.2   6427.0 16047.1  5654.5
  -951 -1175.618   0.001 -1175.617  4918575.5 296245.7 729364.7 79565.8   6415.0 16461.5  6380.6
  -950 -123.869   0.001 -123.868  5030027.8 273264.1 835061.2 92518.0  12701.1 21187.7  9950.4

         Carbon flux (ktC/yr)        Water (dam3/yr)                Nitrogen (MgN/yr)
       ----------------------- -------------------------- --------------------------------
Spinup NEP     estab   NBP     transp     evap    interc  nuptake ndemand  nlosses ninflux
------ ------- ------- ------- ---------- ------- ------- ------- -------- ------- -------
  -949 226.183  -0.000 226.182  5495651.2 352167.7 947900.2 95646.9   7876.8 21406.3  7261.0
  -948 646.766  -0.001 646.766  5920305.0 304669.5 1057380.0 97457.3  13526.5 14541.3 11467.0
  -947 1005.195  -0.001 1005.194  6142139.0 425322.0 1243144.5 100436.4  13920.3 14138.7 12362.2
  -946 389.321  -0.000 389.321  6064401.6 370450.6 980000.1 86472.6  13486.4 10657.6 11576.8
  -945 866.336  -0.001 866.336  6237442.3 458699.6 1350635.2 104613.7  14528.8 14838.6 12792.6
  -944 -115.946   0.001 -115.945  5819321.2 331012.9 877995.0 83433.4   9087.3 11902.9  7557.2
  -943 853.953  -0.001 853.952  6080192.5 473563.5 1364920.2 104921.3  15800.0 14844.6 13260.7
  -942 186.350  -0.000 186.350  6030639.0 317460.4 1055274.4 86495.4  13979.5 10122.1 11277.1
  -941 -284.148   0.001 -284.147  5714509.3 393918.7 986165.5 93625.8   9499.6 13410.5  7856.4
  -940 -100.808   0.001 -100.807  4804222.7 278272.0 1116001.1 90020.7   9451.9 26826.7  7913.6
  -939  18.452   0.000  18.453  5425630.4 315178.6 954873.9 96205.3  11325.0 14641.5  8583.1
  -938 104.054   0.000 104.054  5717573.4 312259.2 841813.4 87861.6  10553.9 15717.9  9142.7
  -937 -338.728   0.000 -338.727  4649442.1 271615.9 1134387.8 83774.6   9271.0 29905.6  8687.9
  -936 102.553   0.001 102.554  5691145.3 273011.1 1034352.7 92394.5  14111.5 20592.5 11666.9
  -935 -117.253   0.000 -117.253  5744348.9 250044.0 942265.6 81257.0  14029.8 14368.4 13083.2
  -934 491.183  -0.000 491.182  5606754.5 398138.0 982228.6 101123.9  12103.3 15366.1 11080.7
  -933 -593.404   0.001 -593.403  4904801.9 268028.9 1108718.1 76429.8   8136.9 23803.5  8184.5
  -932 -314.472   0.001 -314.471  5405227.0 456645.7 1208837.4 90857.0  14111.6 18342.1 11326.9
  -931 552.915  -0.001 552.914  6041154.7 479235.6 1167978.8 96873.4  18464.0 10653.1 16547.9
  -930 -1384.181   0.001 -1384.180  4874123.6 279494.2 620651.4 73171.7   7048.8 10857.2  7423.6
  -929 674.097  -0.001 674.096  5467648.8 309100.9 957813.0 100812.3  13294.7 16455.4 12023.6
  -928 -1154.133   0.001 -1154.132  4826523.4 277444.3 601079.2 77328.6   5864.1 14210.0  6225.7
  -927 -96.550   0.000 -96.550  4939810.1 342011.4 743267.5 92213.6   9309.4 20459.2  8548.3
  -926 340.026  -0.001 340.025  5537537.3 246271.7 867584.6 86540.9  12566.6 18013.1 12448.4
  -925 1226.341  -0.001 1226.340  5884884.2 438280.5 1126244.4 106471.4  13414.5 16302.0 12621.9

         Carbon flux (ktC/yr)        Water (dam3/yr)                Nitrogen (MgN/yr)
       ----------------------- -------------------------- --------------------------------
Spinup NEP     estab   NBP     transp     evap    interc  nuptake ndemand  nlosses ninflux
------ ------- ------- ------- ---------- ------- ------- ------- -------- ------- -------
  -924 -758.585   0.001 -758.584  5220744.8 302719.3 676758.8 73228.4   6051.2 14483.9  6448.2
  -923  62.160   0.000  62.160  5248575.0 305344.4 769879.0 96768.3  12928.8 20860.5 11068.4
  -922 560.040  -0.001 560.040  5682603.9 299906.9 1027303.2 92594.3  13439.0 12576.4 11871.3
  -921  22.037  -0.000  22.037  5556430.7 256569.3 857520.4 83033.5  11118.6 15373.9 10072.7
  -920 914.898  -0.001 914.898  5889019.0 410420.7 1224570.9 106310.1  15498.0 13799.8 13201.0
  -919 373.373  -0.000 373.373  5930847.9 325915.0 1246203.5 85400.3  12769.4 15171.8 11597.0
  -918 294.963  -0.000 294.963  6018324.5 331344.1 1125798.9 95391.6  12841.1 10514.9 11107.2
  -917 -594.376   0.001 -594.375  5040719.0 256688.2 1173282.7 76201.6   8274.0 25109.9  8096.8
  -916 111.863   0.000 111.863  5690349.3 327344.8 1206189.9 95415.5  17330.4 17119.9 13177.9
  -915 -1376.485   0.002 -1376.482  4840997.5 269197.2 648773.4 76941.4   6562.7 13007.2  6538.6
  -914 1283.340  -0.001 1283.339  5891635.6 490881.1 1141798.3 109590.9  18854.7 16328.0 14557.2
  -913 1322.761  -0.001 1322.760  6597687.2 510141.5 1106222.1 96149.7  14844.1  7506.8 13506.7
  -912 -898.098   0.001 -898.097  5168590.6 298072.5 720495.6 73167.7   4988.0 14538.3  5237.9
  -911 719.231  -0.000 719.231  5957135.1 334674.7 1156314.2 104439.0  15083.1 20247.9 11936.2
  -910 -395.475   0.000 -395.475  5524124.5 310946.8 860565.2 79157.2   7748.8 12152.0  7828.2
  -909  -4.368   0.000  -4.368  5629727.9 238602.5 967104.7 86304.5  14071.7 16670.7 12388.8
  -908 -1473.025   0.005 -1473.020  4848877.8 279136.0 656224.5 78560.6   3761.2 24963.9  4100.6
  -907 -81.503  -0.003 -81.506  4940118.4 346136.3 729878.8 87330.8   8822.0 20657.2  8308.7
  -906 1413.709  -0.001 1413.707  6209579.3 490871.6 1002174.9 108651.3  15530.2 10957.5 13776.8
  -905 758.855  -0.001 758.854  6033366.1 272901.4 987309.5 82839.4   8743.5 18115.0  9034.5
  -904 371.093  -0.000 371.093  6173696.9 365078.7 1026199.9 93962.6  13903.5 12492.6 12392.3
  -903  81.087   0.000  81.087  5660936.5 313725.0 899914.7 89000.8   8217.2 13512.0  7432.7
  -902 -100.968   0.001 -100.968  5679931.4 311226.7 811407.1 86825.0  11063.9 15121.2  9962.2
  -901 -73.294   0.000 -73.294  5458439.9 300143.0 810166.1 87231.2  10664.1 17070.7  9374.9
  -900 -554.816   0.001 -554.815  5028795.4 333771.3 823986.7 82214.2   7813.2 16624.2  7484.1

         Carbon flux (ktC/yr)        Water (dam3/yr)                Nitrogen (MgN/yr)
       ----------------------- -------------------------- --------------------------------
Spinup NEP     estab   NBP     transp     evap    interc  nuptake ndemand  nlosses ninflux
------ ------- ------- ------- ---------- ------- ------- ------- -------- ------- -------
  -899 -415.598   0.001 -415.597  5077051.8 330217.6 801389.8 85881.2   8655.3 16945.9  8275.1
  -898 692.338  -0.001 692.337  5735390.8 334042.1 1003922.2 98562.2  12428.7 12769.2 11058.0
  -897 330.142  -0.000 330.141  5693128.8 331739.4 777784.5 88736.2   9057.6 12459.8  7819.9
  -896 152.288   0.000 152.288  5342196.5 293731.8 818892.8 85216.2   9336.3 17466.8  8218.3
  -895 -325.093   0.001 -325.092  5216242.5 318063.7 808047.7 87885.3   8841.4 13056.6  7394.9
  -894 -318.026   0.001 -318.025  5174501.4 406287.3 892831.9 82612.1   7631.1 16251.8  7715.4
  -893 577.795  -0.000 577.795  5599919.8 249970.1 1003630.2 89876.1  12666.0 19829.8 11449.5
  -892 658.560  -0.001 658.559  5948440.3 301158.1 1046610.6 90757.1  13358.8 12915.1 11655.2
  -891  44.795   0.000  44.795  5888553.3 327820.2 984634.4 85645.6   8256.2 15662.7  7905.6
  -890 -345.101   0.000 -345.100  5429543.3 311559.7 852804.4 81277.0   8935.5 12435.9  8636.2
  -889 900.035  -0.001 900.034  6080309.3 489394.8 1421148.2 100914.2  19117.5 34591.8 15790.1
  -888 278.900  -0.000 278.900  6098312.3 241782.2 1084280.2 79269.1  11154.7 17432.1 11053.4
  -887 248.672  -0.000 248.671  6037673.4 337021.5 1103105.2 91739.8  14520.5 10958.5 12067.0
  -886 -177.896   0.000 -177.896  5773869.2 389107.7 948472.2 84455.3   9800.3 13288.4  9503.5
  -885 -353.543   0.001 -353.543  4954054.0 263702.7 1058718.2 83043.6   9832.6 21367.9  9084.4
  -884 -362.244   0.001 -362.243  5379357.8 311653.3 839381.5 85904.3  12146.7 12104.9 10250.6
  -883 531.254  -0.000 531.253  5563626.2 335861.5 1374710.6 95991.8  15440.0 13103.8 13597.3
  -882 1060.652  -0.001 1060.651  6528851.4 527446.4 1131159.1 96652.0  16930.5  7263.5 14913.5
  -881 -50.844   0.000 -50.844  5980363.5 324909.9 1026058.9 81899.4   8461.5 13317.0  8334.5
  -880  94.797  -0.000  94.797  5839469.3 334081.9 1051616.0 90613.8  14588.6  9795.0 12686.8
  -879 596.876  -0.000 596.875  6330366.3 328690.4 1216141.5 94984.9  15321.8 13477.9 12941.2
  -878 370.067  -0.000 370.067  6121170.5 295906.5 1145049.3 86730.1  14271.4  9714.2 12239.2
  -877 -462.396   0.001 -462.395  5152661.0 264885.3 1098702.8 81586.2   9254.7 21844.7  8575.4
  -876 177.945   0.000 177.945  6081452.3 359685.4 1082351.0 93520.5  19029.8 12859.6 14294.9
  -875 -77.313   0.000 -77.313  5932936.4 422615.1 891119.1 87952.4  12826.1  8763.3 11363.1

         Carbon flux (ktC/yr)        Water (dam3/yr)                Nitrogen (MgN/yr)
       ----------------------- -------------------------- --------------------------------
Spinup NEP     estab   NBP     transp     evap    interc  nuptake ndemand  nlosses ninflux
------ ------- ------- ------- ---------- ------- ------- ------- -------- ------- -------
  -874 -202.359   0.000 -202.359  5264783.5 249831.0 896028.7 81560.4  12651.9 13961.6 10704.8
  -873 226.659  -0.000 226.659  5569300.8 430490.6 915047.2 91821.5  15232.4 13277.1 12458.4
  -872 -29.881   0.000 -29.881  5595457.2 333803.8 994378.9 88883.9   8246.4 17435.1  7961.5
  -871 -347.886   0.001 -347.885  5383000.8 248575.9 883112.7 82499.3  13841.6 13133.4 11418.9
  -870 -238.611   0.000 -238.610  5155502.8 253599.5 866108.2 86125.6  12877.6 16119.4 10734.9
  -869 764.545  -0.001 764.544  5980965.5 331235.8 1136150.1 101464.9  15143.2 17272.9 13001.6
  -868 197.347  -0.000 197.347  5894880.0 245974.9 1066546.5 82926.9  11537.6 12941.1 11537.4
  -867 735.290  -0.000 735.289  6371995.9 532609.5 1136714.6 101189.6  18805.0  6724.3 15598.9
  -866 -329.754   0.000 -329.753  5514990.2 316807.3 879213.0 77408.9   8499.2 10714.9  8514.6
  -865 -429.926   0.001 -429.926  5223645.0 313754.6 863374.3 87241.3   9897.3 12618.9  9129.9
  -864 981.922  -0.001 981.922  6236055.8 520315.0 1126610.8 106164.0  18653.6  8207.6 14844.1
  -863 458.065  -0.000 458.065  5966490.0 445172.3 942016.8 81954.0  13416.8  9326.2 11779.6
  -862 614.918  -0.000 614.918  6194230.4 330934.8 1229131.5 96902.7  13322.3 17022.2 11816.9
  -861 581.889  -0.000 581.888  6181669.9 397217.7 1343558.5 93089.8  15857.8  8401.0 13845.6
  -860   0.804   0.001   0.804  5669206.2 306537.6 980456.7 87856.5   9763.4 12906.4  8451.3
  -859 -186.097   0.001 -186.096  5718581.0 253992.8 997087.4 79931.2  14860.5 12888.4 12845.5
  -858 -460.130   0.001 -460.129  4868709.9 271376.3 1069389.9 88043.9  10028.5 24893.2  8958.9
  -857 -321.026   0.001 -321.025  5671261.9 332889.0 974094.8 89422.5  12796.4 12428.5 10452.1
  -856 176.264  -0.000 176.264  5884094.2 300943.8 1049273.0 88079.8  16571.7 10863.5 14183.4
  -855 323.222  -0.000 323.222  5647454.6 348176.6 1388096.8 91019.9  14812.7 11207.5 13571.3
  -854 -1371.196   0.001 -1371.195  4878434.8 276057.9 646317.6 75388.1   7546.4 10622.2  7274.0
  -853 114.765   0.000 114.765  5344783.5 254876.4 864815.4 87490.9  14698.7 18546.4 12895.8
  -852 623.514  -0.001 623.513  5530305.5 341989.2 1322641.6 98003.7  13470.1 14833.0 12873.0
  -851 350.649  -0.000 350.649  5804271.1 325807.4 1165832.4 84142.7  13593.3 13766.7 12672.3
  -850 -489.990   0.001 -489.989  5089254.3 269279.9 1015084.1 81024.0   9059.1 19645.4  9159.7

         Carbon flux (ktC/yr)        Water (dam3/yr)                Nitrogen (MgN/yr)
       ----------------------- -------------------------- --------------------------------
Spinup NEP     estab   NBP     transp     evap    interc  nuptake ndemand  nlosses ninflux
------ ------- ------- ------- ---------- ------- ------- ------- -------- ------- -------
  -849 359.785  -0.000 359.784  6117016.7 591070.7 1212918.0 98596.1  18333.3  8505.5 15213.4
  -848 674.149  -0.001 674.149  6436117.7 334785.4 1141690.3 91492.8  14659.8  9483.4 13570.8
  -847 -432.278   0.000 -432.278  5528156.2 316620.6 852901.4 78566.9   9420.6  9789.4  9231.6
  -846 -175.008   0.000 -175.007  5408473.2 447612.0 1280528.5 89162.0  12831.3 18493.1 11196.2
  -845 -1238.828   0.002 -1238.825  5058929.0 292997.7 624662.7 76759.2   6255.8 17790.0  6444.6
  -844  83.935  -0.001  83.934  5276920.2 346743.9 997229.6 92882.1  13861.5 14880.5 11979.7
  -843 -83.610  -0.000 -83.611  5384466.3 312971.5 781716.8 84701.2   8926.9 14550.9  9205.9
  -842 980.115  -0.001 980.114  6046453.2 484497.3 1343919.1 98460.5  17858.8 16833.3 16127.2
  -841 354.682  -0.000 354.682  6032865.4 337849.5 997356.7 85210.6  11964.0  8338.2 12043.6
  -840 326.898  -0.000 326.898  6171697.4 359026.9 1067829.2 91096.3  14532.3 12209.8 13270.0
  -839 -588.317   0.001 -588.316  5007809.2 250600.1 1128610.3 74602.7   8852.3 22389.1  8862.0
  -838 -164.522   0.001 -164.521  5680932.9 252899.7 914475.9 87363.0  16560.3 14612.0 13812.8
  -837 389.554  -0.000 389.554  5649511.7 341884.3 972984.4 97972.1  13122.6 13294.7 12163.1
  -836 483.767  -0.000 483.767  5989561.6 296453.5 1068663.5 89102.2  13837.8 10589.9 12317.6
  -835 -129.221   0.000 -129.221  5848028.8 327351.3 989163.9 89009.3   9019.0 13999.4  8679.4
  -834 -608.854   0.001 -608.853  5006689.5 251950.7 1104901.9 76360.2   9569.8 22058.5  9309.8
  -833 -277.952   0.000 -277.951  5606709.0 392842.3 858903.1 92598.2  14534.8 12670.2 11838.6
  -832 467.629  -0.000 467.628  5829104.9 337325.9 1017556.7 93999.5  14230.8  9709.5 12560.2
  -831 271.731  -0.000 271.731  5758633.6 325790.7 782849.8 90619.7  11645.1  9674.8 10774.6
  -830 -182.889   0.000 -182.889  5512816.6 331191.6 974447.0 84632.6   8613.1 15597.9  8449.4
  -829 136.559  -0.000 136.559  5815913.1 432062.7 891647.9 88546.4  16842.6 10708.2 13953.4
  -828 963.657  -0.001 963.657  6100599.5 485217.3 1428803.6 99102.0  17038.1 15962.5 15181.7
  -827 352.408  -0.000 352.408  6106702.8 438828.5 941082.3 81543.4  14087.4  8648.1 12526.7
  -826 -1629.940   0.005 -1629.936  4817652.3 294844.4 668804.3 72878.6   3457.2 24796.0  3683.9
  -825 -260.199  -0.002 -260.201  4942405.8 340484.0 738353.2 87190.3   9201.4 20159.9  8389.8

         Carbon flux (ktC/yr)        Water (dam3/yr)                Nitrogen (MgN/yr)
       ----------------------- -------------------------- --------------------------------
Spinup NEP     estab   NBP     transp     evap    interc  nuptake ndemand  nlosses ninflux
------ ------- ------- ------- ---------- ------- ------- ------- -------- ------- -------
  -824 248.590  -0.000 248.589  5424393.2 322225.5 718638.0 96478.8  10475.8 14431.7  9463.5
  -823 688.719  -0.001 688.718  5302027.1 472646.1 1158364.9 85011.2  10783.5 22297.3 10143.4
  -822 519.597  -0.001 519.597  5815540.1 322974.8 1137333.0 86797.7  13399.6 17837.6 12161.1
  -821 569.831  -0.001 569.831  6103750.4 298375.0 1053902.6 91568.7  12936.9 12171.8 11292.4
  -820 -1248.351   0.002 -1248.349  5101135.4 284937.8 647670.5 72233.3   3935.6 21881.0  4011.7
  -819 -1409.428   0.002 -1409.426  4280981.7 278824.1 591996.2 84683.9   7157.5 17311.5  6480.3
  -818 573.731  -0.001 573.730  5344749.6 250722.6 789486.2 89807.6  16080.3 20662.7 12761.1
  -817 966.684  -0.001 966.683  5684104.5 329037.9 1059435.7 91840.3  11414.6 23999.9 10861.1
  -816 646.727  -0.001 646.726  6029416.0 339654.2 1000793.5 93468.9  10834.9 11047.5 10183.0
  -815 -90.945  -0.000 -90.945  5747347.3 260640.6 836964.4 78789.0  10983.6 13552.0  9939.1
  -814 113.440   0.000 113.441  5371158.2 319301.4 863937.8 98183.2   8972.4 16928.8  7752.4
  -813 562.424  -0.000 562.424  6303414.4 355391.1 1145934.8 93568.9  14321.6 11876.3 12162.3
  -812  21.794   0.000  21.794  5830639.5 338763.7 783774.8 81278.4   9724.5  9824.8  8536.7
  -811 -17.112   0.000 -17.111  5380301.7 297163.8 814707.8 87026.6   9979.6 19141.3  8821.3
  -810 -642.582   0.001 -642.581  5027840.4 332211.2 821759.9 80907.2   8105.8 17031.4  7664.5
  -809 -1603.568   0.007 -1603.561  4636069.2 293717.9 614725.9 73212.6   3954.0 23734.2  4227.3
  -808 600.344  -0.004 600.340  5291974.0 255423.3 767110.8 84246.2  15708.3 21494.4 12540.5
  -807 -910.110   0.001 -910.109  4530119.0 282075.8 541331.6 79986.4   4463.6 19039.7  4574.5
  -806 -530.764   0.001 -530.763  4427918.0 293914.9 556651.6 84401.4   6901.8 20180.2  6387.4
  -805 470.179  -0.001 470.178  5374570.3 384317.4 753625.4 90757.6  13803.8 13737.1 12008.4
  -804 1309.872  -0.001 1309.871  6197764.1 605842.3 1073283.5 95541.8   9994.5 15624.1 10203.2
  -803 487.943  -0.001 487.943  5965872.0 397236.1 905560.7 81881.9   9929.9 11283.0 10708.4
  -802 207.271  -0.000 207.270  5760302.1 373556.7 1285155.2 86762.5  12644.1 18990.6 12389.3
  -801 220.663  -0.000 220.662  5926075.0 325680.1 1150840.9 82321.6  13732.4 15465.5 12512.6
  -800 692.692  -0.001 692.692  6519645.4 489114.4 1104754.5 96337.4  16840.7  7159.6 14354.5

         Carbon flux (ktC/yr)        Water (dam3/yr)                Nitrogen (MgN/yr)
       ----------------------- -------------------------- --------------------------------
Spinup NEP     estab   NBP     transp     evap    interc  nuptake ndemand  nlosses ninflux
------ ------- ------- ------- ---------- ------- ------- ------- -------- ------- -------
  -799 -176.608   0.000 -176.607  5908873.0 397967.4 902929.1 76587.6   8048.5 12743.9  8206.8
  -798 -35.613   0.000 -35.613  5817008.3 328933.4 1065010.1 78094.7  15650.0  5273.9 12561.8
  -797 460.838  -0.001 460.837  6349253.8 487217.3 1127857.0 91343.5  18638.0  8475.9 15364.1
  -796 -327.994   0.001 -327.993  5254892.2 275519.3 1033733.6 71650.2   8316.5 18325.6  8083.6
  -795 -667.162   0.001 -667.161  5574793.0 403047.9 868694.6 79902.5  14258.3 14314.6 11356.1
  -794  91.837   0.000  91.837  5556185.4 333726.1 1132541.3 84635.9  16125.3 13703.2 13699.8
  -793 370.536  -0.000 370.535  5896540.5 429475.1 1150509.4 85945.0  17874.3 11125.7 15614.5
  -792 -303.412   0.000 -303.412  5847546.9 325519.9 934212.4 77433.6  11381.7 11839.6 10479.3
  -791 190.939  -0.000 190.938  5920523.8 399949.1 1171712.0 86901.1  19670.1 11124.9 16706.6
  -790 172.060  -0.000 172.060  5975614.8 337145.8 1022608.9 82146.9  15900.9  9342.6 13574.9
  -789 468.438  -0.000 468.437  6223651.4 339531.4 1124040.5 90064.1  16293.4 12193.6 14328.0
  -788 169.003  -0.000 169.003  6180788.4 365069.4 1042430.9 81583.8  15761.6  9964.9 14180.9
  -787 279.932  -0.000 279.932  6004070.4 398672.0 1235807.7 88370.6  18230.8 10395.9 15823.8
  -786 449.242  -0.000 449.242  6307784.0 462582.8 1261955.2 85968.8  18691.5  9686.2 16331.4
  -785 -90.241   0.000 -90.241  5960817.2 241601.3 1084361.8 79382.2  13196.5 13069.1 12293.2
  -784 370.398  -0.000 370.397  6228565.3 333197.2 1161627.3 93154.6  18702.8 12014.2 14936.9
  -783 543.466  -0.000 543.466  6465741.7 530729.7 1140669.5 90330.1  18278.5  7692.7 15876.1
  -782 -1480.419   0.003 -1480.416  4882444.0 269539.0 665157.0 69059.6   7390.9 10163.9  6869.4
  -781 344.677  -0.002 344.676  5389377.6 249893.1 973795.2 94585.2  13010.9 17599.4 11773.3
  -780 -388.571   0.000 -388.571  4937001.6 254370.7 1030396.3 75163.7   9059.1 20493.9  9001.6
  -779 -126.416   0.000 -126.416  5554432.8 279965.4 758797.2 90562.9  15711.0 15781.7 13074.0
  -778 584.170  -0.001 584.169  5974297.2 465221.1 1143032.0 91175.4  18224.2 10224.4 16625.3
  -777 265.809  -0.000 265.809  5992902.7 338883.4 1012732.9 84770.9  14587.0  9133.1 13195.3
  -776 -372.116   0.000 -372.116  5547953.1 245042.1 847801.1 77005.5  13552.6 11243.0 12110.0
  -775 -376.447   0.000 -376.447  5231060.7 245578.8 838421.5 85274.7  13484.1 12496.3 11486.8

         Carbon flux (ktC/yr)        Water (dam3/yr)                Nitrogen (MgN/yr)
       ----------------------- -------------------------- --------------------------------
Spinup NEP     estab   NBP     transp     evap    interc  nuptake ndemand  nlosses ninflux
------ ------- ------- ------- ---------- ------- ------- ------- -------- ------- -------
  -774 -1457.607   0.002 -1457.605  4412578.0 269224.6 602561.5 80429.1   7224.1 10458.8  6687.3
  -773 821.214  -0.001 821.213  5521146.1 374038.7 874277.9 99987.8  17194.2 13579.3 13763.3
  -772 471.474  -0.000 471.474  5417961.0 319841.7 786684.4 86351.8   9173.8 11615.5  8572.1
  -771 665.566  -0.001 665.565  6182983.7 537212.9 1011683.6 94017.5  17048.4  8058.1 15803.6
  -770 366.289  -0.000 366.289  5767485.9 335898.0 1334336.7 84992.1  13710.5 11436.3 13369.5
  -769 316.000  -0.000 316.000  6042705.5 336437.1 1035236.1 87776.9  15040.0 12095.5 12940.4
  -768 325.121  -0.000 325.121  6186027.4 359606.5 1042559.5 88815.5  15364.9 12188.4 13754.6
  -767 141.023   0.000 141.023  5889358.8 432983.3 902261.5 82642.9  15740.2 10871.7 13639.9
  -766 -219.313   0.001 -219.312  4981020.3 268047.1 1025749.3 85762.6   9427.4 18024.8  8858.3
  -765 204.897  -0.000 204.897  5982159.3 360670.7 1030364.2 93150.2  18696.5 11486.6 14592.3
  -764 -1004.118   0.001 -1004.117  5076645.6 276708.6 685936.8 72861.5   8384.0 10917.7  7819.4
  -763  23.748   0.000  23.748  5337303.8 253081.7 864803.2 89105.2  15190.8 13321.9 13267.6
  -762 612.416  -0.000 612.415  5699741.0 297371.8 1002851.4 97571.4  14252.0 11462.9 12426.8
  -761 -1187.152   0.001 -1187.151  4849138.1 271445.7 616416.0 73516.8   7035.7 10277.9  6571.9
  -760 -114.294   0.000 -114.293  4987435.9 251160.2 783170.4 92192.3  14478.4 12618.2 11428.1
  -759 819.689  -0.001 819.689  5725564.5 363441.4 950032.9 98111.5  14206.9 10627.5 13059.5
  -758 331.738  -0.000 331.738  5729933.3 342558.5 951812.7 87360.9  12484.2  7280.1 12110.4
  -757 699.135  -0.000 699.134  6168810.9 338264.1 1113469.3 94870.5  14656.1 10114.2 13318.5
  -756 757.090  -0.000 757.090  6404545.4 542940.5 1109907.8 94386.2  17075.5  6245.8 15309.5
  -755 -48.784   0.000 -48.784  5721671.4 453380.9 1314113.1 81355.1  11216.9 14842.1 10277.9
  -754 -195.980   0.001 -195.979  5661623.5 325788.1 807301.7 89529.3  15459.0 11560.2 12852.5
  -753 -422.397   0.001 -422.397  5156480.3 246198.7 878630.4 79999.5  13539.2 10092.5 11234.4
  -752 -82.202   0.001 -82.202  4783033.1 274923.4 993263.7 91128.2  11135.1 17000.5  9744.6
  -751  16.345   0.000  16.345  5518373.0 348678.1 1053687.2 88592.5  16320.8 11239.6 13116.0
  -750  90.679  -0.000  90.679  5692052.2 255979.7 897532.0 80900.4  14159.3 13490.0 13466.8

         Carbon flux (ktC/yr)        Water (dam3/yr)                Nitrogen (MgN/yr)
       ----------------------- -------------------------- --------------------------------
Spinup NEP     estab   NBP     transp     evap    interc  nuptake ndemand  nlosses ninflux
------ ------- ------- ------- ---------- ------- ------- ------- -------- ------- -------
  -749 278.984  -0.000 278.984  5477597.1 338556.0 1161105.9 95293.0  14458.4 14700.5 12694.4
  -748 -37.685   0.000 -37.685  5662344.9 350006.0 767263.2 85552.7  13700.8  9521.5 12620.8
  -747 -1642.235   0.006 -1642.228  4684884.0 300414.1 608486.3 69764.1   4466.6 13521.9  4424.0
  -746 -1323.543   0.000 -1323.542  4383879.6 312834.4 500448.3 75672.0   4781.4 17888.9  4981.9
  -745 844.067  -0.002 844.065  5231737.0 253930.2 664489.0 86261.1  14525.3 19466.5 13079.4
  -744 1609.696  -0.002 1609.694  5915493.6 569020.3 1057732.6 94435.2  13602.8 24855.8 14114.3
  -743 555.253  -0.001 555.251  6112238.1 314424.5 896756.2 79240.0  12151.1 15284.0 12264.5
  -742 -441.462  -0.000 -441.462  5631094.1 428293.0 783046.2 78789.2  10224.8 13442.4 10241.5
  -741 -401.082   0.000 -401.082  5387969.9 454156.2 1117264.8 82843.6  12270.1 16634.6 11438.6
  -740 384.825  -0.001 384.824  5977276.3 418942.6 1074299.5 90104.0  19297.1 11859.9 16764.4
  -739 392.636  -0.000 392.635  5925042.3 335027.7 1083821.1 81623.3  14256.8 12641.5 13053.7
  -738 -131.261   0.000 -131.261  5758408.3 407511.8 828737.4 80025.1  11316.9 12603.1 10490.2
  -737 -1318.860   0.002 -1318.859  4702842.8 261991.9 594687.9 72054.2   7534.4 11646.4  7197.4
  -736 642.199  -0.001 642.198  5314897.9 328251.6 1016361.1 99333.1  16490.2 16543.4 13491.3
  -735 -176.688   0.000 -176.688  5049145.3 262779.5 971151.5 72607.8   8448.2 22192.3  8740.2
  -734 166.404   0.000 166.404  5398528.1 331969.2 773683.4 89633.6  13575.7 15152.8 11793.7
  -733 141.222  -0.000 141.221  5866030.6 311217.1 950209.9 85701.9  15563.3 10010.9 14564.3
  -732 251.036  -0.000 251.036  5603823.5 391708.5 1220608.8 84185.1  14632.5 11646.3 13681.2
  -731 -380.210   0.001 -380.209  5298383.9 278067.1 930945.5 79149.7   9913.5 16919.3  9705.9
  -730 355.357  -0.001 355.356  5992938.9 481733.0 1108079.7 90657.7  22204.2 11072.1 17726.1
  -729 -120.497   0.000 -120.497  5846865.0 336787.3 883539.6 80583.0  10510.7 10974.0 10161.2
  -728 238.990  -0.000 238.990  5922997.0 343356.0 978830.0 88277.0  17199.8 10288.7 14099.9
  -727 829.438  -0.001 829.437  6346969.7 538330.1 1042885.1 93357.6  18797.7  8691.8 16453.2
  -726 -811.688   0.001 -811.687  5239459.4 278380.8 673671.8 68450.1   8112.1 11605.2  7664.8
  -725 287.489  -0.000 287.489  5470576.6 336246.7 985322.6 96966.8  15851.5 11058.0 12634.7

         Carbon flux (ktC/yr)        Water (dam3/yr)                Nitrogen (MgN/yr)
       ----------------------- -------------------------- --------------------------------
Spinup NEP     estab   NBP     transp     evap    interc  nuptake ndemand  nlosses ninflux
------ ------- ------- ------- ---------- ------- ------- ------- -------- ------- -------
  -724 219.625  -0.000 219.625  5847460.6 251011.5 885765.4 77827.6  13860.1 12234.5 13140.3
  -723 889.649  -0.001 889.649  6121411.4 525791.2 1059665.4 102794.4  17813.3  9378.8 15060.3
  -722 -151.372   0.000 -151.372  5626860.4 313870.6 830458.7 74537.1   9125.7  8640.5  8555.4
  -721 -114.452   0.000 -114.452  5385638.7 454156.6 1248435.9 89227.3  12873.8 15670.6 10942.2
  -720  -4.749   0.000  -4.749  5701763.0 301633.7 790060.0 85902.0  14566.4 12799.1 12401.5
  -719 166.416  -0.000 166.416  5697017.3 344058.0 1018499.9 88326.7  16251.2  9334.4 13346.3
  -718 207.061  -0.000 207.061  5877823.4 307384.5 1044460.5 87767.7  15982.2  9060.5 13743.3
  -717   3.768   0.000   3.768  5731543.3 335169.5 1078257.4 83233.3  15142.4 10509.6 12698.7
  -716 228.452  -0.000 228.452  5771855.6 343346.2 1038739.9 91348.1  16204.2 10365.8 13303.0
  -715 214.903  -0.000 214.903  5994082.4 374331.5 1021741.4 86159.0  16048.6  9275.7 14168.0
  -714 455.739  -0.000 455.739  6048567.5 527604.6 1389742.9 87574.0  19034.9 10217.3 16871.4
  -713  54.349   0.000  54.349  5895533.4 335835.3 1201360.6 82699.7  15567.2 10256.0 13788.1
  -712 456.658  -0.000 456.658  6193497.6 530332.4 1109210.3 92733.3  20677.6  7901.9 17113.7
  -711 -535.149   0.001 -535.148  5248533.1 276777.5 1032045.4 76307.4   9568.8 15402.1  9241.6
  -710 -684.850   0.001 -684.849  5393954.8 314996.7 805417.4 81982.6  14844.9 10345.4 11973.7
  -709 -73.045   0.000 -73.045  5378113.4 304972.7 763464.4 87998.0  14520.6 13715.9 12624.9
  -708 -496.478   0.000 -496.478  5197575.0 329764.6 768101.5 80812.2  11437.9  9369.8 10536.1
  -707 166.798  -0.000 166.797  5389889.1 359080.1 916069.3 93073.1  14760.4  9115.2 13300.1
  -706  75.779  -0.000  75.779  5583228.3 346140.2 1025014.3 84540.6  13509.5  9481.7 12304.7
  -705 144.371  -0.000 144.371  5544373.0 344270.7 745966.4 90187.6  13521.4  9924.3 12299.3
  -704 -254.859   0.000 -254.859  5504961.2 437374.1 820625.1 84790.9  12589.9  7694.2 11402.6
  -703 246.520   0.000 246.520  5055274.4 317368.6 850529.3 92052.3  11028.8 11273.3  9614.4
  -702 -1667.719   0.002 -1667.717  4567015.5 276585.4 609938.6 70348.6   7730.2  8968.6  7408.0
  -701 275.233  -0.000 275.233  5198845.8 427044.1 762255.5 94431.4  15043.4 11313.5 12756.1
  -700 147.731  -0.000 147.730  5494365.2 429571.5 760777.6 88450.6  10155.0  8475.8  9606.4

         Carbon flux (ktC/yr)        Water (dam3/yr)                Nitrogen (MgN/yr)
       ----------------------- -------------------------- --------------------------------
Spinup NEP     estab   NBP     transp     evap    interc  nuptake ndemand  nlosses ninflux
------ ------- ------- ------- ---------- ------- ------- ------- -------- ------- -------
  -699 -114.236   0.000 -114.236  5136708.5 328319.1 713583.1 85668.8   9629.2  9141.7  8485.1
  -698 -102.211   0.000 -102.211  5065307.1 301779.4 736521.3 86729.4  10342.7 12592.9  9439.5
  -697  93.162  -0.000  93.162  5263919.9 351540.0 988024.1 84426.4  12452.2 11162.4 11195.8
  -696 1035.852  -0.001 1035.851  6201946.7 527354.2 1024156.8 101434.0  17048.7  9013.4 15165.5
  -695 1029.804  -0.001 1029.803  6389216.7 472337.4 1199931.9 87945.6  15529.6 11699.7 14530.6
  -694 261.760  -0.000 261.760  5941853.0 344289.0 1013630.4 82239.9  12821.3 11113.3 11468.9
  -693 475.928  -0.000 475.928  6195897.7 602475.7 1285687.6 90065.6  14829.6  9014.2 13330.3
  -692 124.149   0.000 124.149  5932028.1 324374.8 1228055.3 82460.7  14866.2 18227.5 13087.5
  -691 125.707  -0.000 125.707  6053920.0 366819.6 1075088.2 87518.5  17062.6 13614.9 14288.3
  -690 -1128.548   0.001 -1128.547  5076134.0 279299.6 707129.6 71003.9   9468.1 12520.1  8519.2
  -689  -0.849   0.000  -0.849  5168818.1 469362.0 1192703.1 91253.0  13738.3 18575.8 11939.6
  -688 -1404.030   0.001 -1404.029  4778031.2 272028.9 603085.2 73851.7   9542.4 11510.3  8708.9
  -687 927.524  -0.001 927.523  5835666.3 524378.2 974610.5 104383.7  20554.1  9796.2 16174.9
  -686 520.889  -0.001 520.888  5975687.7 301826.6 994422.2 83363.3  13724.4  8885.9 12990.7
  -685 570.075  -0.000 570.075  6157948.1 615989.9 1202854.1 89090.8  14875.3 10033.2 14376.4
  -684 -308.455   0.000 -308.454  5767175.8 449562.8 1265041.2 77533.5  11610.5 13497.9 11086.8
  -683 -452.104   0.001 -452.103  5659637.9 324119.8 943643.3 85845.7  13756.3 11552.9 11792.6
  -682 -745.975   0.001 -745.974  4976997.5 253707.8 1037485.8 74720.3  11416.1 17070.0 10711.8
  -681 -435.676   0.001 -435.675  5503459.1 327297.1 868376.7 89047.3  15113.3 12437.9 12493.1
  -680 287.703  -0.001 287.702  5810739.6 402089.9 1098785.5 87608.9  19175.7  9671.9 17729.3
  -679 -65.318  -0.000 -65.318  5921212.8 434563.1 781277.7 81510.0  15281.8  7904.8 14587.9
  -678 -241.153  -0.000 -241.153  5340824.8 459435.1 1174929.7 84846.8  12252.9 13792.3 11789.4
  -677 -174.319  -0.000 -174.319  5622740.7 347347.5 1007246.2 86164.3  16189.8 10774.8 14074.6
  -676   5.861  -0.000   5.861  5680287.6 254962.5 864669.0 81295.8  14367.4 13347.6 13848.0
  -675 285.930  -0.000 285.929  5547961.9 326462.5 1110373.6 95082.9  14522.5 15751.5 12934.9

         Carbon flux (ktC/yr)        Water (dam3/yr)                Nitrogen (MgN/yr)
       ----------------------- -------------------------- --------------------------------
Spinup NEP     estab   NBP     transp     evap    interc  nuptake ndemand  nlosses ninflux
------ ------- ------- ------- ---------- ------- ------- ------- -------- ------- -------
  -674 -101.331   0.000 -101.331  5772259.8 325094.4 930456.0 86183.2  10947.4 11769.5 10149.0
  -673 -110.568  -0.000 -110.568  5822475.1 255098.9 892397.2 79690.3  15219.0 12490.3 14154.5
  -672 -239.772   0.000 -239.772  5344534.9 246943.2 834465.4 87068.1  13440.1 14593.8 11791.7
  -671 277.630  -0.000 277.630  5193010.2 317814.3 847652.6 96490.5  10712.3 13183.2  9515.0
  -670 -107.472  -0.000 -107.472  5645291.9 350486.4 1050671.7 84951.5  13883.7 10669.8 12416.9
  -669 -526.960   0.001 -526.959  4886589.9 252946.1 1059320.7 78785.8   9779.3 21611.8  9516.5
  -668 417.136  -0.000 417.135  6014974.3 603152.1 1161635.3 97142.9  19413.4 11136.4 16047.5
  -667 -49.580  -0.000 -49.580  5927763.1 327077.8 930328.5 83363.0  10869.5 10511.5 10692.1
  -666 -1116.736   0.001 -1116.735  5106805.0 282202.4 661467.3 74367.9  10515.5 11672.5  9715.2
  -665 -1444.573   0.003 -1444.570  4536472.0 301340.5 559324.7 80850.4   5834.3 15870.3  5671.6
  -664 839.475  -0.002 839.473  5210733.3 354476.9 1071495.2 97368.2  17576.3 18204.2 14619.0
  -663 600.435  -0.001 600.434  5997730.5 434293.0 711886.6 82095.5  12700.4 10259.3 12786.5
  -662 -717.709   0.000 -717.709  4863743.3 282117.5 604308.8 73419.0   6966.3 13427.5  7008.6
  -661 159.552  -0.001 159.551  5297756.9 421350.3 773622.3 92405.4  16547.7 12276.2 14014.6
  -660 1082.330  -0.001 1082.329  5824317.5 396959.7 1098390.8 98853.4  14507.6 11124.7 13859.7
  -659 482.302  -0.000 482.302  5703335.5 313243.6 836096.6 83375.9   9731.4 11427.4  8749.0
  -658 -38.679   0.000 -38.679  5675291.2 347057.6 1052171.7 83318.5  12894.4 11463.2 11888.8
  -657 -1062.322   0.002 -1062.321  4989450.6 289295.1 603059.5 76552.1   5601.0 17074.2  5254.0
  -656 765.531  -0.001 765.530  5795120.3 338565.3 1034357.0 102344.4  17564.0 16042.3 14274.1
  -655  38.766  -0.000  38.766  5804736.6 394286.1 841871.2 79450.1  10934.6  9710.7 10741.0
  -654 214.359  -0.000 214.359  5707617.1 244762.9 1007573.1 88097.9  12814.3 13253.9 12077.1
  -653  96.120   0.000  96.120  5687211.1 277140.4 795450.6 88125.8  13472.2 11806.6 11358.3
  -652 -33.081   0.000 -33.081  5410330.8 274958.6 798654.5 85581.4  11921.5 11274.7 10020.5
  -651 667.324  -0.000 667.324  5977536.4 593242.0 1205373.5 94925.7  14407.8  8829.2 13313.2
  -650 280.289  -0.000 280.288  5962739.5 436089.3 884081.7 82289.2  15190.8  8274.1 13469.3

         Carbon flux (ktC/yr)        Water (dam3/yr)                Nitrogen (MgN/yr)
       ----------------------- -------------------------- --------------------------------
Spinup NEP     estab   NBP     transp     evap    interc  nuptake ndemand  nlosses ninflux
------ ------- ------- ------- ---------- ------- ------- ------- -------- ------- -------
  -649 -328.401   0.001 -328.400  5197883.9 331027.0 818956.5 85851.1   8753.5  8703.4  8032.7
  -648 735.847  -0.000 735.846  5991154.4 335501.8 1121927.2 98518.8  16149.0 11315.8 13384.1
  -647 876.828  -0.001 876.827  6434328.7 538010.7 1117051.4 92335.0  17167.7  5943.0 15027.3
  -646 -1006.010   0.002 -1006.008  5021510.0 279414.8 714417.2 67985.2   7278.7  8095.9  6717.3
  -645 -12.572   0.000 -12.571  4652469.1 282917.5 949787.9 92563.0  10570.5 15635.6  9390.3
  -644 662.066  -0.001 662.066  5920289.1 468632.7 1166905.7 92225.0  20846.6  8165.6 17077.9
  -643 -516.984   0.001 -516.983  5095930.9 251815.3 1066639.3 69678.1   8853.2 25876.1  9204.0
  -642 -822.413   0.001 -822.411  4871271.4 253140.6 1014675.4 79602.4  12008.2 23116.3 10843.4
  -641 -37.846   0.000 -37.846  5252542.0 326915.2 782752.8 88467.4  15792.5 13512.1 13248.7
  -640 437.761  -0.001 437.760  6041856.5 343919.5 1019170.1 88005.8  17486.5  9443.7 16154.6
  -639 -68.259  -0.000 -68.260  5802574.5 446477.0 819764.8 77313.0  16564.5  8271.5 15825.5
  -638 -1495.376   0.002 -1495.374  4641378.1 273742.5 586949.7 72461.0   8501.7 10084.0  8347.5
  -637 291.750  -0.001 291.750  5249103.1 251033.8 888652.5 94269.7  14317.5 15628.0 13356.3
  -636  92.849  -0.000  92.849  5580567.8 332548.4 833148.2 84796.0  11514.7  9535.8 11026.8
  -635  64.694  -0.000  64.694  5729269.8 439088.6 785610.0 82271.6  16935.8  8893.4 15710.0
  -634 671.864  -0.001 671.864  5989107.5 605240.8 1123644.7 91624.9  14289.7  8030.4 14404.4
  -633  55.194  -0.000  55.194  5879782.9 349326.7 1023581.9 81432.9  13440.3  9713.8 12816.3
  -632  14.327  -0.000  14.327  5611166.2 347426.7 1036003.8 87350.6  13981.4 12348.4 12571.1
  -631 268.953  -0.000 268.953  5593739.6 337370.8 1344182.2 91223.6  16003.9 12947.8 14197.1
  -630 -831.732   0.001 -831.731  5232910.4 276309.8 672205.4 72672.5   9313.7 12106.9  8589.0
  -629 -56.486   0.000 -56.485  4745149.9 274647.6 937198.0 91607.4  11725.4 17755.1 10552.0
  -628 665.252  -0.001 665.252  6008061.3 606699.5 1151458.2 93287.0  17281.0  9580.5 15377.5
  -627 428.186  -0.000 428.185  6271018.0 366442.5 1004586.9 86846.5  14894.2  9030.5 14539.7
  -626 -231.869   0.000 -231.869  5643430.5 451026.7 1246671.5 82330.5  12354.2 13723.8 11290.8
  -625 -459.774   0.000 -459.774  5527897.3 311851.3 804621.3 83301.7  13182.6  9927.2 11711.8

         Carbon flux (ktC/yr)        Water (dam3/yr)                Nitrogen (MgN/yr)
       ----------------------- -------------------------- --------------------------------
Spinup NEP     estab   NBP     transp     evap    interc  nuptake ndemand  nlosses ninflux
------ ------- ------- ------- ---------- ------- ------- ------- -------- ------- -------
  -624 -1030.059   0.001 -1030.058  4842918.2 278074.5 654401.8 79321.4   9765.2 12262.1  8926.8
  -623 362.367  -0.000 362.367  5306958.6 327140.2 1055631.7 97172.1  17985.3 13029.8 14127.2
  -622 932.032  -0.001 932.031  6126724.9 468950.9 1146583.7 91596.9  17832.7 10489.3 16772.0
  -621 139.006  -0.000 139.006  5959232.3 246119.8 1023739.3 81557.2  12250.2 12728.8 12220.0
  -620 -72.837  -0.000 -72.837  5689809.8 333871.1 764656.1 88891.6  15599.5  9523.0 13671.3
  -619 -336.323   0.000 -336.322  4734567.3 266676.2 1056058.4 78920.6  10698.5 18506.3 10193.7
  -618 402.108  -0.000 402.108  5757270.4 398908.7 1162575.3 96748.3  21128.9 10226.1 16873.1
  -617 -135.165   0.000 -135.165  5718988.8 245966.8 844466.0 75787.2  13323.1  9550.4 12254.7
  -616 -15.559   0.000 -15.559  5362386.8 328779.1 762058.5 96985.6  13050.3  9375.9 11308.5
  -615 -96.144   0.000 -96.143  4810706.4 283816.4 967734.4 84578.0  10850.3 15659.6  9947.4
  -614 633.444  -0.001 633.444  5947014.9 471078.5 1185630.7 96657.1  21006.2  9281.0 17131.8
  -613 103.843  -0.000 103.843  5963222.7 245540.7 1045564.1 82790.8  12301.8 12208.6 12220.4
  -612 -146.171   0.000 -146.171  5809357.0 245853.1 1044394.0 87622.5  14877.6 12838.5 13145.9
  -611 464.321  -0.000 464.321  6093354.7 469993.5 1208736.0 93309.8  20855.9  9812.4 17527.5
  -610  60.022  -0.000  60.022  5797255.9 331231.2 785634.9 85623.8  13997.9  8413.7 12765.4
  -609 -40.559   0.000 -40.559  5457596.9 346334.2 1002816.5 86822.3  13670.3  8378.8 12599.3
  -608  34.566   0.000  34.566  5673337.6 440110.6 885781.6 86034.8  16820.1  9030.2 14203.2
  -607 286.934  -0.000 286.934  5644181.2 338692.8 1055036.1 95534.2  13717.8  9105.4 12068.1
  -606 -493.406   0.001 -493.405  4965651.2 254155.3 1105413.7 76795.1   9594.4 19125.2  9185.2
  -605 -469.930   0.000 -469.929  5413870.4 248912.5 833679.7 84095.8  17001.0 13475.7 13579.5
  -604  20.500  -0.000  20.500  5579698.8 430752.5 804900.9 95917.5  14586.5  8822.5 12525.5
  -603 -74.864   0.000 -74.864  5444348.7 334258.2 921649.1 88633.7   9660.9 10901.8  9410.4
  -602 -1311.270   0.002 -1311.268  4947248.2 303944.3 586224.2 75900.1   6038.3 12634.5  5759.8
  -601 571.358  -0.001 571.357  5291954.2 333329.0 987768.4 96155.4  17222.7 16456.2 13888.9
  -600 606.614  -0.001 606.613  5755282.3 349787.0 880236.9 88695.9  13259.0  9862.1 12975.7

         Carbon flux (ktC/yr)        Water (dam3/yr)                Nitrogen (MgN/yr)
       ----------------------- -------------------------- --------------------------------
Spinup NEP     estab   NBP     transp     evap    interc  nuptake ndemand  nlosses ninflux
------ ------- ------- ------- ---------- ------- ------- ------- -------- ------- -------
  -599 507.112  -0.001 507.112  5775526.0 327012.1 1092853.0 87569.3  13556.3 13320.7 12440.6
  -598 246.312  -0.000 246.312  5528484.6 318661.1 844910.1 87683.2  10890.5 14104.0  9968.6
  -597 -440.105   0.000 -440.105  5714345.0 325646.4 937417.7 84911.4  10917.5 12002.1 10398.8
  -596 469.183  -0.000 469.183  6130046.3 599509.7 1189888.3 93409.0  17173.1  9648.2 15556.9
  -595 136.822  -0.000 136.822  6005707.1 256796.0 900477.8 77874.5  14036.9 11710.2 13534.2
  -594  81.049   0.000  81.049  5663246.7 243716.9 1035236.4 93563.4  12932.7 17623.7 12014.8
  -593 269.925  -0.000 269.924  5930538.6 339615.8 1033374.6 92815.0  16865.1  9960.4 13637.0
  -592 -1302.731   0.002 -1302.730  4954458.0 269550.2 629064.0 73318.6   8203.2 11207.5  7479.3
  -591  77.425  -0.000  77.425  4694146.0 277090.1 912338.3 96255.6  11498.8 20150.9 10312.4
  -590 -1289.678   0.001 -1289.677  4720346.0 272738.6 577852.5 76839.6   8850.6 10840.1  7944.5
  -589 1115.896  -0.001 1115.895  5654162.6 503829.5 1211121.6 104539.3  20809.7 15509.8 16823.6
  -588 708.385  -0.001 708.385  5729807.2 322626.3 814697.5 83275.3   9979.7 11234.6  9713.2
  -587 -46.115  -0.000 -46.116  5598749.4 339626.8 1335163.5 86607.3  14895.7 12293.4 14582.6
  -586 -69.334  -0.000 -69.335  5750600.6 351359.9 1044121.7 84917.6  15344.0 11971.9 13612.8
  -585  28.442  -0.000  28.442  5608381.0 348900.1 1045836.1 88648.1  14943.6 12250.7 12896.2
  -584 431.561  -0.000 431.561  5987960.8 363294.8 1011095.6 93576.4  16507.8 11516.4 14398.2
  -583 -81.929   0.000 -81.929  5695823.2 449123.2 1256252.3 83838.2  12130.7 13868.1 10879.1
  -582  81.900  -0.000  81.900  5754714.5 327069.6 1157201.9 89861.1  17770.9 11832.2 14474.1
  -581 652.351  -0.001 652.351  6053472.4 497644.9 1389305.3 90962.2  19103.9 10893.7 17272.6
  -580 -610.081   0.001 -610.080  5245524.5 250986.2 1108596.3 71837.0   9227.2 17944.9  9229.1
  -579 -263.604   0.000 -263.604  5749073.0 432157.4 811126.2 93727.2  18849.1 10313.2 14514.1
  -578  74.026  -0.000  74.026  5559205.9 438909.4 846923.4 84713.9  16718.6  9398.0 14393.7
  -577 -47.715   0.000 -47.715  5499228.2 331195.5 929661.3 90741.9   9945.8 11392.6  9431.5
  -576 -360.244   0.000 -360.243  5538164.9 394753.5 855037.5 84237.6  12869.5  9757.0 11540.5
  -575  40.588  -0.000  40.587  5486753.3 345843.1 1031181.8 87665.9  14246.0 10174.2 12460.8

         Carbon flux (ktC/yr)        Water (dam3/yr)                Nitrogen (MgN/yr)
       ----------------------- -------------------------- --------------------------------
Spinup NEP     estab   NBP     transp     evap    interc  nuptake ndemand  nlosses ninflux
------ ------- ------- ------- ---------- ------- ------- ------- -------- ------- -------
  -574 851.343  -0.001 851.342  6088501.6 339957.2 1091553.3 97915.8  16199.3 13397.5 14326.4
  -573 268.322  -0.000 268.322  5972010.0 256681.5 915586.8 77169.8  13483.8 11584.7 12838.0
  -572 330.848  -0.000 330.848  5766003.1 298415.6 1062477.5 97892.8  14814.4 12667.3 12630.8
  -571 417.076  -0.000 417.076  6125067.5 363207.1 1056920.6 91376.3  16025.7 11024.6 13927.1
  -570  71.847   0.000  71.847  5556880.9 316480.0 907184.4 86421.7  11197.5 11696.4  9831.6
  -569 -547.978   0.001 -547.977  5460512.5 246919.4 883745.8 79359.7  14866.1  9797.4 12358.3
  -568 -410.408   0.001 -410.408  5262219.3 396314.5 881286.9 91368.7  11468.1  9850.4 10395.3
  -567 813.104  -0.001 813.103  5871552.1 498150.8 1365743.4 96281.7  19222.8 11732.1 16838.1
  -566 406.798  -0.000 406.797  5869144.8 335822.5 1404182.3 85364.9  14930.5 11368.4 13980.8
  -565 -185.537   0.000 -185.537  5822296.7 325194.7 987203.3 86025.0  11658.3 11660.6 10394.5
  -564 -173.966   0.000 -173.966  5686829.3 349681.0 1092445.2 86438.9  16359.1 11200.7 13518.8
  -563 -269.901   0.000 -269.901  5544116.0 395492.8 884366.0 87498.6  13438.1 11848.9 11842.5
  -562 101.276  -0.000 101.276  5576101.5 343734.1 985806.1 90128.3  15602.5  8901.2 13643.6
  -561 -327.236   0.000 -327.235  5395771.9 317406.8 820413.5 82168.4  11078.3  9080.4 10207.1
  -560 -229.813   0.001 -229.813  4847905.8 271762.0 980640.7 88380.6  10985.4 16507.5 10194.4
  -559 -372.985   0.001 -372.984  4961637.5 272075.6 953224.7 88427.8  12162.9 16234.2 10540.4
  -558 342.821  -0.001 342.820  5755694.6 403864.0 1129340.8 93194.4  21302.1 10727.7 17664.5
  -557 695.681  -0.001 695.680  6076579.0 503631.6 1335086.4 87884.1  17564.1  9902.8 17313.1
  -556  89.233  -0.000  89.232  6029160.2 303539.3 1044018.4 86657.4  14847.8  8537.8 14072.2
  -555 -75.924  -0.000 -75.925  5782564.3 447623.2 876623.5 86139.2  17392.6 10168.7 15048.1
  -554 -428.043   0.001 -428.043  4957001.8 270209.9 1001202.2 88118.8  10076.0 16817.6  9507.2
  -553 -759.190   0.001 -759.189  4900541.8 254546.4 1042568.1 79929.2  12256.8 18500.7 10673.3
  -552 255.259  -0.001 255.258  5715655.2 403625.2 1119757.9 96973.9  22033.3 10876.5 17663.6
  -551 801.025  -0.001 801.024  6265240.7 344192.9 1068435.1 91978.7  15825.3 10194.5 14806.1
  -550 -312.004   0.000 -312.004  5658713.6 457597.3 1241167.4 80398.4  11400.3 13561.3 11046.1

         Carbon flux (ktC/yr)        Water (dam3/yr)                Nitrogen (MgN/yr)
       ----------------------- -------------------------- --------------------------------
Spinup NEP     estab   NBP     transp     evap    interc  nuptake ndemand  nlosses ninflux
------ ------- ------- ------- ---------- ------- ------- ------- -------- ------- -------
  -549 183.987  -0.000 183.987  6046070.1 608573.2 1205556.2 92214.8  17756.1  9390.3 16291.9
  -548 -30.595  -0.000 -30.595  5859725.0 336530.5 772137.9 86234.8  14748.9  8475.8 13815.7
  -547 -204.368   0.000 -204.368  5504839.3 258300.0 905797.2 80115.9  14485.5 11157.3 13527.4
  -546 174.222  -0.000 174.222  5497887.7 343846.2 977600.9 99071.3  14582.1 10184.6 12915.9
  -545 -28.903  -0.000 -28.903  5599708.0 329759.3 782524.8 88429.5  12820.0  8370.3 11350.0
  -544 742.543  -0.000 742.542  5817343.7 498176.1 1406558.5 95731.6  18142.4 11609.1 16180.7
  -543 172.209  -0.000 172.209  5893930.3 327934.5 811714.4 86868.8  12832.5  9077.1 11532.3
  -542 -1757.173   0.004 -1757.169  4621741.0 309478.8 633060.4 72949.8   3533.9 15066.6  3589.9
  -541 292.506  -0.002 292.505  4631047.0 286100.4 822073.4 92812.7  12304.6 25547.7 10136.7
  -540 584.905  -0.001 584.904  5347539.4 324112.2 753748.3 91387.7  11476.5 15261.7 10288.1
  -539 216.798  -0.001 216.798  5879579.4 246365.6 938041.4 85016.8  11301.9 15015.8 11579.0
  -538 -136.749  -0.000 -136.749  5524913.1 314626.6 756018.8 85028.3  10287.9 10734.8  9429.5
  -537 949.042  -0.001 949.041  6069606.0 461595.9 1145638.0 103482.0  16839.8 12005.8 14768.8
  -536 -285.184   0.001 -285.183  5222800.3 249759.7 1061881.3 71340.4   7883.6 22752.3  7888.2
  -535 142.296  -0.000 142.296  5819110.7 338697.5 1000392.5 100877.6  17946.7 14865.1 13675.0
  -534 441.925  -0.000 441.925  6044995.7 338984.6 1018985.3 92393.3  14924.5 10711.0 13003.2
  -533 845.831  -0.000 845.830  6350622.6 605646.8 1236790.0 94109.2  14747.0 10561.2 13724.7
  -532 204.134   0.000 204.134  5967434.1 326028.7 806148.7 86365.3  12443.0  9667.2 11088.6
  -531 -352.150   0.001 -352.149  5258471.0 322348.8 812019.6 89447.9  10871.8  9547.8  9117.2
  -530  15.966   0.000  15.967  5405554.4 255677.5 915026.1 86339.1  14483.1 11668.0 12325.5
  -529 -83.383   0.000 -83.383  4902126.3 271489.1 1004259.4 91623.2   9962.1 19543.2  9038.6
  -528 -99.302   0.000 -99.301  5587676.2 326825.4 947258.9 91383.2  12964.5 11507.5 10550.4
  -527 248.869  -0.000 248.869  5878148.0 341266.4 1024670.0 92200.4  16896.9  8082.3 13951.7
  -526 -232.071   0.000 -232.071  5594225.4 245363.4 856065.3 79021.3  14136.2  9246.0 12173.9
  -525  76.259   0.000  76.260  5356784.1 462976.7 1234925.4 94378.9  12804.7 15114.0 10853.1

         Carbon flux (ktC/yr)        Water (dam3/yr)                Nitrogen (MgN/yr)
       ----------------------- -------------------------- --------------------------------
Spinup NEP     estab   NBP     transp     evap    interc  nuptake ndemand  nlosses ninflux
------ ------- ------- ------- ---------- ------- ------- ------- -------- ------- -------
  -524  48.119   0.000  48.119  5447445.1 324454.5 857540.5 87922.9  12807.3 11834.2 11570.0
  -523 -104.975  -0.000 -104.975  5567677.2 339813.1 1361529.3 87794.4  17419.7  9675.1 15268.6
  -522 -99.208  -0.000 -99.208  5743508.5 353931.2 1055985.1 85286.5  15994.0 10784.7 13860.8
  -521 507.330  -0.000 507.329  5957124.2 471794.8 1204134.4 94047.2  19619.9 10956.8 17201.4
  -520 -1415.633   0.001 -1415.632  5029784.2 272771.1 628196.7 71387.3   8979.2  9541.0  8342.1
  -519 310.177  -0.000 310.176  5303926.4 328069.0 1067116.7 99727.0  15736.0 14014.1 13267.3
  -518 779.218  -0.001 779.217  5938330.8 399421.5 1151462.2 92563.0  17090.1  9679.8 16128.8
  -517 -600.124   0.001 -600.124  5186470.4 251770.0 1063294.4 72614.0   8981.0 18229.1  9311.5
  -516 344.662  -0.000 344.662  5951332.9 346102.5 1053709.8 99722.6  20517.3 13187.3 16506.5
  -515 -320.493  -0.000 -320.494  5687115.0 247566.6 823694.1 75856.3  14546.5  9186.5 13095.3
  -514 364.029  -0.000 364.028  5783223.8 364524.2 990639.5 98506.6  16146.1 11388.7 14222.7
  -513 659.531  -0.001 659.530  6064321.0 499900.7 1371461.7 92244.5  17561.2 10312.0 16770.3
  -512 -33.011   0.000 -33.011  6075508.6 244027.5 1063496.8 85049.1  12665.6 11696.4 12373.0
  -511 335.392  -0.000 335.392  5973516.6 396616.8 1235090.0 95734.4  19308.2  9799.6 16478.0
  -510 690.674  -0.000 690.674  6419616.7 343110.4 1155161.0 94640.2  16392.6 10710.1 14212.6
  -509 688.465  -0.000 688.464  6449643.6 558392.5 1145904.0 95318.3  17705.0  8016.4 15605.6
  -508 592.137   0.000 592.137  6336807.5 612632.5 1330435.9 91208.2  14976.7  8600.0 13793.4
  -507  35.067   0.001  35.068  5875648.6 333371.8 1510143.6 88152.0  15706.0  9798.3 14050.5
  -506 -38.172   0.000 -38.171  5805981.1 326975.9 1262172.4 89698.6  16957.1 11674.2 13670.3
  -505 -1189.744   0.001 -1189.741  5112704.5 279527.9 727906.7 75754.6  10404.1 12414.8  8837.4
  -504 -1701.867   0.005 -1701.862  4527351.5 304431.8 599133.9 81350.3   5609.4 16741.2  5207.6
  -503 830.752  -0.003 830.749  5520356.9 375473.5 836333.2 100407.7  18592.9 15042.8 14242.8
  -502 414.899  -0.001 414.898  5846524.6 441137.5 736779.6 86641.0  11684.4  9530.0 10958.1
  -501 -859.843   0.001 -859.842  4637230.8 291604.4 616987.1 75749.9   5955.0 13144.4  5741.3
  -500 931.051  -0.001 931.050  5701386.3 466123.6 1077936.6 109257.7  19441.1 13786.4 15799.5

         Carbon flux (ktC/yr)        Water (dam3/yr)                Nitrogen (MgN/yr)
       ----------------------- -------------------------- --------------------------------
Spinup NEP     estab   NBP     transp     evap    interc  nuptake ndemand  nlosses ninflux
------ ------- ------- ------- ---------- ------- ------- ------- -------- ------- -------
  -499 747.413  -0.001 747.412  5847301.8 337866.8 1291178.7 87577.6  13218.6 14791.7 12651.7
  -498  76.715  -0.000  76.714  5886862.5 393515.7 861924.8 84780.8  11307.8 12583.7 10223.0
  -497 216.008  -0.000 216.008  5732525.9 438834.9 867311.2 87172.6  15142.7 11576.0 12853.8
  -496 -22.254   0.000 -22.254  5588737.9 329314.7 953711.3 95289.0   8729.0 12925.0  7990.6
  -495 -1534.995   0.002 -1534.994  4693495.2 264176.5 624702.9 76203.4   7495.1 10594.3  6697.8
  -494 559.630  -0.001 559.629  5252593.1 357133.5 876561.2 104188.4  14493.1 11886.9 11538.0
  -493 -748.018   0.001 -748.017  4796661.2 285050.3 630568.5 75269.7   6026.4 11828.5  5545.2
  -492 1104.380  -0.001 1104.379  5817495.7 590062.5 1112513.2 108460.9  14881.8 11516.0 12719.7
  -491 423.771  -0.000 423.771  5814211.9 324273.8 746256.9 85997.0  10827.4  8727.9  9393.2
  -490 916.295  -0.001 916.294  5979251.4 466511.7 1198670.6 99666.1  15406.3  9551.6 14279.8
  -489 -319.593   0.000 -319.593  5126835.2 252413.0 1100156.9 72813.9   8073.2 19720.3  7986.7
  -488 159.826   0.000 159.827  5876016.2 297622.9 1026109.7 100230.5  15943.3 16407.7 13114.6
  -487 -60.174   0.000 -60.174  5731916.2 392216.6 873301.9 86439.7  11965.8 12946.2 10781.6
  -486 -129.312   0.000 -129.312  5620445.8 327274.8 950377.5 90212.2  10905.3 11828.5  9723.4
  -485 780.017  -0.000 780.017  6237567.6 549017.1 1075184.2 100359.9  20037.4  8605.7 16363.1
  -484 -1293.992   0.010 -1293.982  5113709.4 306763.9 619293.1 70745.3   4687.7 11688.3  4363.9
  -483 246.736  -0.008 246.728  5288962.3 273381.9 826141.6 89525.3  14797.6 14661.3 12431.8
  -482 790.884  -0.001 790.883  5842739.2 368220.7 956936.8 100802.3  14235.2 11933.6 12884.1
  -481 188.501  -0.000 188.501  5866550.6 244740.8 1009328.7 85292.7  11716.8 11445.1 11361.6
  -480 221.827  -0.000 221.827  5744850.8 328098.4 1138012.6 91843.6  16034.4 10473.5 13067.2
  -479 134.524  -0.000 134.524  5905502.1 257815.0 897501.1 79986.6  14240.2 12361.7 13125.6
  -478 141.591  -0.000 141.591  5638730.2 446431.7 867354.3 92244.2  15674.4 13402.8 13335.9
  -477  91.956   0.000  91.956  5567181.8 352429.8 1076823.3 91266.8  12440.1 10457.6 11120.7
  -476 -17.263   0.000 -17.263  5808759.5 432390.9 843423.0 92152.0  14506.8  8640.2 12247.8
  -475 -303.924   0.001 -303.924  5383076.5 402216.3 887741.7 85188.0  10712.2  9165.6 10008.8

         Carbon flux (ktC/yr)        Water (dam3/yr)                Nitrogen (MgN/yr)
       ----------------------- -------------------------- --------------------------------
Spinup NEP     estab   NBP     transp     evap    interc  nuptake ndemand  nlosses ninflux
------ ------- ------- ------- ---------- ------- ------- ------- -------- ------- -------
  -474 127.013   0.000 127.013  5582597.3 248795.9 1025933.8 91367.7  14334.2 12311.6 12534.8
  -473 109.500   0.000 109.501  5383427.0 325638.3 858505.0 89326.4  12225.4  9796.1 10618.8
  -472 -155.706   0.000 -155.706  5727049.6 248693.3 1023688.7 86837.9  14146.9 10694.7 13059.6
  -471  -4.123   0.000  -4.123  5360614.4 326859.7 845695.0 88781.8  12822.6  9260.6 11308.7
  -470   9.296  -0.000   9.296  5787415.0 343813.5 1007084.1 89813.9  16673.9  7011.6 13938.9
  -469 -185.089   0.000 -185.089  5563002.7 456064.8 1222180.0 85048.8  12617.2 16684.6 11375.2
  -468 590.469  -0.000 590.469  6172018.8 549327.3 1051783.6 97601.3  21120.7 10437.6 17346.3
  -467 -131.804  -0.000 -131.804  5938410.5 246999.8 1036972.5 83655.0  12956.4 12454.0 12551.3
  -466 -613.748   0.001 -613.748  5172973.9 268910.0 990252.9 84254.7  11409.6 15982.3 10079.2
  -465 -160.639   0.000 -160.639  5587488.2 328269.1 1110165.8 90642.9  19967.9 12679.4 15255.3
  -464 452.065  -0.001 452.064  5909724.2 402051.7 1166597.0 91853.2  18321.1 11131.1 16514.2
  -463 140.827  -0.000 140.827  5788314.0 337524.3 1368922.7 87081.7  15801.9 13342.5 14411.1
  -462 -407.062   0.000 -407.062  5638755.1 315809.9 820442.8 82287.3  11694.3 10987.2 10669.6
  -461 480.903  -0.000 480.903  5930470.2 469040.8 1212975.7 100028.8  19163.5 11262.3 16664.9
  -460 -1021.383   0.001 -1021.382  5285293.0 299788.4 617459.0 74037.5   6150.5 13893.7  5699.2
  -459 -99.381   0.000 -99.381  5363761.5 258675.6 857981.7 89356.3  16029.2 14697.5 13724.2
  -458 145.334  -0.000 145.334  5367808.8 459172.1 1187571.5 96429.8  11584.4 17876.6 10423.6
  -457 -17.608  -0.000 -17.608  5748890.6 329294.1 915310.5 89951.2  12457.9 11427.7 11163.9
  -456 109.696  -0.000 109.696  5754264.9 330975.4 1122997.9 90069.2  16629.7 11602.4 14353.8
  -455 650.534  -0.001 650.534  6207075.7 347902.8 1094165.6 95162.4  16749.0 11442.4 14976.8
  -454 -44.121  -0.000 -44.122  6079151.9 439852.5 842370.9 86429.7  14376.7  8258.9 12896.4
  -453 598.537  -0.001 598.536  5894443.2 502286.2 1412214.6 94756.8  18027.0 11502.6 16328.4
  -452 -677.032   0.001 -677.031  5247088.4 251346.0 1126081.8 73047.0   9153.4 18695.2  8963.7
  -451 242.212  -0.000 242.212  5858561.3 502476.6 1372623.4 97075.0  21413.1 13442.1 17433.6
  -450 -726.428   0.001 -726.427  5200577.3 252312.8 1090609.2 73747.4   9491.8 17939.0  9429.7

         Carbon flux (ktC/yr)        Water (dam3/yr)                Nitrogen (MgN/yr)
       ----------------------- -------------------------- --------------------------------
Spinup NEP     estab   NBP     transp     evap    interc  nuptake ndemand  nlosses ninflux
------ ------- ------- ------- ---------- ------- ------- ------- -------- ------- -------
  -449 -323.064   0.000 -323.064  5546641.4 351471.8 1025068.4 92398.5  17554.3 12217.2 13901.7
  -448 -112.828  -0.000 -112.828  5570931.3 329148.6 912345.5 90963.2  11885.7 11793.7 10893.8
  -447 -115.029  -0.000 -115.029  5895902.0 438617.3 801222.4 88896.2  16424.0  8131.9 14387.4
  -446 -356.299   0.000 -356.299  4909462.0 273460.3 960417.4 84966.0  10426.5 15134.7 10050.0
  -445  15.226  -0.000  15.226  5558504.7 330378.2 1097963.8 92480.6  19157.8 12620.0 14967.4
  -444 580.411  -0.001 580.410  5969463.8 506558.2 1329642.7 90072.2  18082.7 10831.0 17364.3
  -443 -723.558   0.001 -723.557  5204151.0 253411.5 1071077.5 73237.1   9183.4 18161.4  9420.6
  -442  24.111  -0.000  24.110  5695435.8 404190.8 1148227.1 97198.5  21626.4 11619.2 17454.8
  -441 -149.426  -0.000 -149.426  5800113.0 330025.3 917971.9 86225.4  12198.4 10227.3 11501.2
  -440 -1529.417   0.001 -1529.416  4963724.3 276493.6 597974.6 74976.1  10319.8  9916.1  9345.2
  -439 -57.735  -0.000 -57.735  5047755.3 337894.4 685987.9 102182.6  14317.0 10202.9 12311.9
  -438 -63.080  -0.000 -63.081  5426534.5 446820.7 760400.8 89568.2  11977.7  7503.5 11024.5
  -437 489.200  -0.001 489.199  5329353.5 482887.5 1121359.4 90844.9  12130.0 17330.9 11018.2
  -436 -836.087   0.001 -836.086  5074355.6 281169.8 643490.4 78139.8   8607.1 13812.0  8118.4
  -435 -68.575  -0.000 -68.575  5269839.0 331926.8 875785.0 99304.9  11151.9 13531.0 10000.3
  -434 211.989  -0.001 211.988  5755885.0 443592.5 808900.0 88633.5  17188.5 10192.3 14944.9
  -433 946.592  -0.001 946.591  6048429.9 470766.8 1163922.7 101068.3  16024.8 10348.6 15138.9
  -432 502.397  -0.000 502.397  6071794.3 341946.7 1040976.5 89583.5  13434.7  8244.1 11906.6
  -431 711.875  -0.001 711.875  6337478.9 341788.7 1154228.4 97371.8  14896.4 12213.2 13022.2
  -430 -89.162   0.000 -89.161  6065972.1 433186.9 884079.3 86881.2  13378.3  8232.2 11646.8
  -429   9.199   0.000   9.199  5578923.3 438931.0 922738.4 89090.3  15425.4  9410.2 12591.6
  -428  59.569   0.000  59.569  5497395.9 347887.4 1133062.5 93896.6  11971.8 10539.4 10390.6
  -427  36.440   0.000  36.440  5620904.2 276066.3 856710.9 93145.6  12602.2 14308.1 10504.8
  -426 -1800.106   0.010 -1800.097  4680710.2 306279.9 630343.1 72890.1   3907.6 12446.7  3972.6
  -425  92.888  -0.007  92.882  4944217.5 272315.3 716427.0 88304.7  13322.2 15531.8 10370.1

         Carbon flux (ktC/yr)        Water (dam3/yr)                Nitrogen (MgN/yr)
       ----------------------- -------------------------- --------------------------------
Spinup NEP     estab   NBP     transp     evap    interc  nuptake ndemand  nlosses ninflux
------ ------- ------- ------- ---------- ------- ------- ------- -------- ------- -------
  -424 930.950  -0.001 930.948  5613007.2 340355.4 899499.3 99421.1  11835.2 12130.4 10679.4
  -423 527.899  -0.001 527.898  5527413.5 318391.2 802144.6 88935.0   8722.9 11783.9  7433.3
  -422 -197.148  -0.000 -197.148  5744794.2 429796.5 802013.2 85814.4  12110.1  7746.4 10936.3
  -421 -65.598   0.000 -65.598  4846374.1 281108.2 942616.1 88783.4   9709.3 16227.4  8901.4
  -420 265.183  -0.001 265.182  5606567.9 340266.7 931811.3 91138.5  16232.6  8488.4 13137.5
  -419 -109.949   0.000 -109.949  5430423.5 321630.2 787813.7 82419.1   9095.4  8169.7  8304.8
  -418 -198.383   0.000 -198.382  5253319.4 247088.6 829286.7 87877.5  12279.7 10540.9 10087.6
  -417 -168.442   0.000 -168.441  5171004.0 322556.3 748201.2 97060.6  10382.4  7405.7  8397.3
  -416 553.686  -0.000 553.686  5578698.9 294270.6 1003556.2 90880.4  12730.1  7734.9 10790.1
  -415 -889.792   0.001 -889.791  4921508.7 281889.4 666782.3 76901.1   6607.4  8741.6  6083.2
  -414 -21.963   0.000 -21.962  4548924.3 273858.8 986487.7 96381.1  12120.2 20699.9 10246.4
  -413 933.137  -0.001 933.137  6047115.9 609424.2 1138632.7 94321.1  17469.0  9323.3 14721.0
  -412 928.371  -0.001 928.370  6272796.2 399861.5 1191855.9 92515.3  15137.7 22908.8 14006.7
  -411 281.168  -0.000 281.168  5851770.4 335539.3 1406804.5 86875.1  14662.3 35112.5 13438.6
  -410  17.740   0.000  17.740  5920712.0 448185.2 896639.4 83562.3  16804.6 11574.7 14546.8
  -409 -271.332   0.000 -271.332  5702061.5 430740.1 857306.9 92327.6  13748.8  9172.7 11853.2
  -408 -1190.756   0.002 -1190.755  4637813.8 288282.8 683922.3 77586.4   8070.1 11257.9  7324.1
  -407 -47.435   0.000 -47.435  4531283.7 273945.4 970410.4 92133.8  13063.9 22570.4 10651.7
  -406 902.961  -0.001 902.960  5880753.9 506175.6 1268673.6 91410.9  20834.1 12928.8 17357.5
  -405 271.026  -0.000 271.025  5957935.9 352994.6 1038455.2 81995.0  12499.4 10003.4 11835.8
  -404 -56.750  -0.000 -56.750  5621749.6 352264.1 1055807.0 88766.7  13850.1 12199.8 12278.9
  -403 237.869  -0.000 237.868  5788763.9 341631.9 1027313.4 94012.0  16396.0 10425.4 13648.3
  -402 -255.287   0.000 -255.287  5625492.5 314023.6 819350.4 81918.3  11556.7  9901.2 10413.5
  -401 -512.101   0.001 -512.100  4829177.2 255828.4 1069319.2 82564.1  10311.2 20107.1  9600.2
  -400 -277.587   0.001 -277.587  5459003.3 451108.8 1185835.7 90117.7  16022.6 15767.8 12434.1

         Carbon flux (ktC/yr)        Water (dam3/yr)                Nitrogen (MgN/yr)
       ----------------------- -------------------------- --------------------------------
Spinup NEP     estab   NBP     transp     evap    interc  nuptake ndemand  nlosses ninflux
------ ------- ------- ------- ---------- ------- ------- ------- -------- ------- -------
  -399 -316.405   0.000 -316.405  5549827.4 317101.8 763074.7 83625.1  13194.3  8852.9 12093.1
  -398 -1133.008   0.002 -1133.006  4894886.8 298380.1 565692.7 78891.9   6566.1 14656.6  6396.5
  -397 713.959  -0.002 713.958  5648106.7 478938.1 1052407.5 99667.0  20632.3 12061.0 17273.4
  -396 534.208  -0.000 534.207  5586841.7 327336.4 797553.7 83842.4  10380.7 10528.5 10290.2
  -395 484.068  -0.000 484.068  6129662.4 348280.4 1057924.9 92507.9  15410.3 10363.0 14749.6
  -394 -1077.366   0.001 -1077.364  5235005.9 302655.9 594468.3 72968.2   6519.2 11540.2  6473.1
  -393 -488.506   0.000 -488.506  5090804.9 403661.0 801074.0 89877.8  12693.2 10609.7 11221.7
  -392  -8.450  -0.000  -8.451  5526732.1 254925.3 826694.4 82303.2  15061.9 10917.2 14154.7
  -391 295.347  -0.000 295.347  5590196.2 254974.2 835709.4 88086.2  13494.2 13343.8 12890.1
  -390 -239.143   0.000 -239.143  4811047.1 258507.3 1005348.4 82870.5   8707.7 24435.0  8722.6
  -389 -38.366  -0.000 -38.366  5527357.6 339065.3 710110.9 93698.7  16967.5 11765.8 14166.0
  -388 -213.754   0.000 -213.754  5595169.5 435473.6 781711.0 83975.4  13125.1  7119.9 12024.6
  -387 786.547  -0.001 786.547  5803955.9 502087.0 1309277.2 93779.9  18079.3 10708.3 16606.2
  -386 -323.835   0.001 -323.834  5387263.2 268958.1 980123.7 75410.0   9309.2 14794.6  9273.8
  -385 -632.874   0.001 -632.873  5040689.5 270833.3 950668.8 87088.8  12377.4 15700.2 10774.0
  -384 -324.273   0.000 -324.273  5675908.4 257549.5 838373.1 78746.4  18055.3 11688.9 15540.4
  -383  97.386  -0.000  97.386  5411944.2 285358.6 748265.0 93272.2  13526.3 16382.0 12327.8
  -382 -379.018   0.000 -379.018  5280088.7 328575.9 750707.6 80301.4  10892.5  8665.9 10311.9
  -381 -32.978  -0.000 -32.978  5428247.7 347526.4 993050.5 91666.9  14292.3 10568.1 12705.7
  -380 -446.922   0.001 -446.922  4912703.6 254733.8 1012680.1 78225.8   9972.3 19333.6  9828.2
  -379  15.262  -0.000  15.262  5523956.0 330806.2 1058915.2 92748.7  19394.6 12815.7 15333.7
  -378 141.651  -0.000 141.650  5660355.5 343219.6 714235.1 87250.0  14779.5  8954.8 14032.7
  -377 -19.827  -0.000 -19.827  5472764.2 352404.4 930830.8 85476.6  13567.8  7958.3 13043.7
  -376 -412.025   0.000 -412.024  5435424.3 248989.8 818652.1 79388.7  14009.2  9035.1 12539.9
  -375 734.855  -0.000 734.855  5890229.8 603969.8 1166857.1 100781.1  14742.1  7895.4 13804.3

         Carbon flux (ktC/yr)        Water (dam3/yr)                Nitrogen (MgN/yr)
       ----------------------- -------------------------- --------------------------------
Spinup NEP     estab   NBP     transp     evap    interc  nuptake ndemand  nlosses ninflux
------ ------- ------- ------- ---------- ------- ------- ------- -------- ------- -------
  -374 190.403  -0.000 190.403  5982606.9 445006.6 864410.0 83150.4  15536.8  7950.9 14147.5
  -373 216.517  -0.000 216.517  5605101.3 331274.4 1162411.4 93920.1  14370.9 10770.1 12745.2
  -372 -134.541   0.000 -134.541  5629809.4 450698.9 1266444.6 84744.1  12710.8 14544.9 10992.8
  -371 -415.056   0.000 -415.055  5621038.4 245382.2 856387.6 80025.7  15712.7 10645.1 13250.4
  -370 681.783  -0.000 681.782  5941665.0 608017.1 1207064.0 100595.3  15735.4  9179.4 14207.1
  -369 -1268.744   0.002 -1268.742  5131797.3 273127.0 633956.0 71959.9   8695.4  9233.7  7983.4
  -368 -166.306  -0.000 -166.306  5109265.1 400578.0 819668.5 94641.8  11941.6 11623.6 10218.7
  -367 884.492  -0.001 884.491  5836128.1 507384.4 1304196.3 95378.7  18128.7 11804.0 16911.5
  -366 438.086  -0.000 438.086  6109662.4 302618.2 1026049.7 87357.0  14523.3  8893.2 13536.8
  -365 -965.104   0.001 -965.103  5142034.7 282097.1 679461.6 74788.2   9416.8 12489.7  8619.3
  -364 -22.702   0.000 -22.702  5176632.6 474716.6 1168114.4 94170.4  14706.6 17769.9 12202.6
  -363 192.355  -0.000 192.354  5633250.7 348125.3 940335.4 92062.0  16143.0  9388.1 14455.7
  -362  28.400  -0.000  28.400  5896825.1 436370.2 811742.2 88130.6  14805.6  7645.7 13428.9
  -361 700.699  -0.001 700.698  5935127.7 474199.8 1199026.3 96424.4  17746.9  9144.1 16343.6
  -360 -217.736   0.000 -217.736  5624261.3 316537.5 829322.9 80867.4  10669.8  8500.8  9859.7
  -359 -332.622   0.000 -332.622  5326127.1 246501.1 861869.8 87010.2  13987.0 10824.6 11676.7
  -358 -179.480   0.000 -179.479  4733028.8 264834.0 1060194.5 88411.3  10469.5 20620.6  9488.3
  -357   7.171   0.000   7.171  5609048.2 248878.8 1008101.5 94144.2  15675.8 14590.7 13188.6
  -356 181.024  -0.000 181.023  5867807.8 304249.4 1010873.8 92409.5  16975.2  8845.5 14688.0
  -355 -127.042   0.000 -127.042  5686395.7 400975.8 855487.1 86949.8  13337.2 10036.7 12030.1
  -354 -45.310   0.000 -45.310  5712993.5 258223.5 889265.0 81592.9  15097.7 10745.1 13739.7
  -353 -217.499   0.000 -217.499  5382740.7 399929.2 859122.6 95453.9  11328.1 11396.0 10742.1
  -352 -71.278   0.000 -71.277  5386299.6 337262.9 756887.7 92255.4  13271.1  7722.0 11693.4
  -351 -333.775   0.001 -333.774  5135361.3 331949.5 753728.0 88266.1  11045.8  7566.9  9768.6
  -350 123.353  -0.000 123.352  5282926.2 436381.3 822020.8 87292.2  15250.2  8566.6 12539.4

         Carbon flux (ktC/yr)        Water (dam3/yr)                Nitrogen (MgN/yr)
       ----------------------- -------------------------- --------------------------------
Spinup NEP     estab   NBP     transp     evap    interc  nuptake ndemand  nlosses ninflux
------ ------- ------- ------- ---------- ------- ------- ------- -------- ------- -------
  -349 617.310  -0.001 617.309  5605596.9 298334.1 1000540.9 96961.3  12842.7  9479.7 11252.3
  -348 -236.804   0.000 -236.804  4980517.8 256423.8 1060940.1 78706.5   8468.8 20526.3  8369.2
  -347 801.248  -0.000 801.248  6125321.7 546673.0 1039571.5 106186.1  21873.9 12287.2 16853.0
  -346 189.228  -0.000 189.227  6066795.4 438157.6 837153.7 85133.5  13018.8  7302.5 11758.7
  -345 -344.367   0.000 -344.366  5405721.5 397181.6 893196.7 85003.2  10134.3  9065.4  9757.8
  -344 -1556.425   0.002 -1556.422  4454926.5 278368.0 624149.7 77264.6   7225.9  9174.0  6673.5
  -343 701.749  -0.001 701.748  5364591.3 336633.4 911558.4 104140.4  14531.1 10661.7 11909.1
  -342 625.490  -0.001 625.489  5814792.7 255009.3 839952.1 82537.8  12199.0 11572.9 11725.5
  -341 -75.289   0.000 -75.288  4841069.2 258858.8 1023800.9 81800.3   8123.0 26673.1  8081.9
  -340   6.257   0.000   6.257  5684941.4 250221.0 980382.4 94144.8  14835.6 19334.8 12632.4
  -339 273.195  -0.000 273.194  5918311.1 304121.7 988262.3 92557.5  16321.1 13435.4 14156.4
  -338 290.328  -0.000 290.328  5544173.1 325681.0 837522.9 87331.3  11443.1 14850.4 10498.3
  -337 524.054  -0.001 524.053  6050676.1 509491.1 1362945.0 91459.5  18072.4 11236.9 17014.3
  -336 117.281   0.000 117.281  5961995.7 283031.6 821555.1 85916.8  12875.2 11046.2 12088.3
  -335  98.223  -0.000  98.223  5495672.7 338728.1 1393180.1 91529.6  16231.5 10727.1 14134.0
  -334 -665.955   0.001 -665.954  5155477.7 251480.1 1095366.0 75620.8   9963.5 19323.5  9530.2
  -333 -300.814   0.001 -300.813  5684327.6 257680.5 874250.9 84391.6  18174.7 13826.3 15065.9
  -332 436.983  -0.000 436.982  5636546.8 343050.8 989519.1 100167.4  16005.4 11863.4 13512.0
  -331 -876.191   0.001 -876.190  5197354.4 283830.5 660400.8 73701.3   9432.1 11433.9  8872.7
  -330 -60.429   0.000 -60.429  5385831.8 256614.5 850725.3 86828.2  15461.5 12660.3 13856.1
  -329 430.437  -0.000 430.437  5179396.3 330456.8 815122.1 97351.2  10663.6 13221.5 10061.3
  -328 -443.732   0.000 -443.731  5406010.5 331996.6 773108.7 80725.2  11170.6  8393.9 10488.9
  -327 -255.335   0.000 -255.335  4851463.3 275380.2 937496.7 88427.2  10922.7 14739.7 10466.0
  -326 491.019  -0.001 491.018  5722861.7 408482.3 1123950.9 95806.7  20439.9  9188.2 17207.9
  -325 842.923  -0.001 842.922  6302798.6 348720.0 1074657.1 91127.3  15540.1 10348.6 14686.3

         Carbon flux (ktC/yr)        Water (dam3/yr)                Nitrogen (MgN/yr)
       ----------------------- -------------------------- --------------------------------
Spinup NEP     estab   NBP     transp     evap    interc  nuptake ndemand  nlosses ninflux
------ ------- ------- ------- ---------- ------- ------- ------- -------- ------- -------
  -324 -69.916  -0.000 -69.916  5835867.0 286054.9 812835.2 84751.4  12870.7 10889.9 12249.4
  -323 -14.256  -0.000 -14.256  5674285.8 344200.7 1034932.5 91217.4  16474.7  8327.9 13633.6
  -322 -334.553   0.000 -334.552  5673261.3 398025.9 877039.5 85568.5  13426.4  8987.9 12022.1
  -321 -402.760   0.000 -402.759  5461236.0 399223.1 866905.0 86075.4  13063.4  8523.1 11595.2
  -320  82.977   0.000  82.978  5191531.3 322148.4 845962.9 90398.3  12291.2 10128.5 10921.6
  -319 -522.902   0.000 -522.901  5454833.7 404517.2 851386.6 83103.0  12459.9  8152.5 11570.1
  -318 206.983  -0.000 206.982  5380413.8 345060.3 1312014.6 94906.9  16496.9 12083.9 14643.6
  -317 -145.360  -0.000 -145.361  5656957.6 250491.7 830792.1 78788.1  14370.2 11689.5 12792.4
  -316 449.116  -0.000 449.116  5644810.0 341075.6 1007212.3 101438.4  15030.8 11111.1 12739.8
  -315 -213.172   0.000 -213.172  5563138.4 317002.6 812939.7 82972.8  10626.3 10194.9  9945.6
  -314 162.130  -0.000 162.130  5536205.0 342861.7 981022.0 97046.1  14598.1  9342.8 12945.3
  -313  21.481   0.000  21.481  5586292.8 331010.5 782724.1 90362.9  12893.7  7713.7 11213.2
  -312 -350.929   0.001 -350.929  5161985.6 327399.6 784790.5 88755.5  10722.2  7954.9  8930.2
  -311 -1182.899   0.002 -1182.897  4339991.5 302854.8 651170.1 78263.6   6402.0 11450.8  5974.0
  -310 582.558  -0.001 582.557  5228649.4 256194.8 907588.2 99509.7  15235.3 16619.3 12683.1
  -309 696.301  -0.001 696.300  5791663.2 344291.9 947902.5 93923.2  13949.6 10109.8 12371.1
  -308 1063.500  -0.001 1063.499  6236749.8 473512.3 1166675.8 96730.2  15863.7 12202.5 14693.0
  -307 1014.459  -0.001 1014.458  6246721.9 503514.1 1409107.3 90940.4  16063.6 16264.0 14750.3
  -306 246.350   0.000 246.350  6187456.2 300567.6 1097489.9 86367.6  14002.9 10579.8 12375.7
  -305 428.821  -0.000 428.821  6018014.1 502074.1 1471918.7 93281.0  18445.9 13857.2 16333.7
  -304 -351.794   0.001 -351.793  5922577.6 395819.3 942903.2 83462.1  12578.4 11034.2 11378.9
  -303 405.174  -0.000 405.173  5909977.9 496979.0 1464413.3 94970.0  19877.7 11547.7 17041.8
  -302  79.374  -0.000  79.374  5985342.7 335320.8 1055793.5 87954.4  15201.0  8273.3 13550.6
  -301 -423.460   0.000 -423.460  5670805.0 393286.9 937929.2 86491.7  12784.2  9796.4 11291.6
  -300 -1535.474   0.008 -1535.467  4833358.6 303089.7 627135.0 77257.4   5798.0 13505.4  5289.1

         Carbon flux (ktC/yr)        Water (dam3/yr)                Nitrogen (MgN/yr)
       ----------------------- -------------------------- --------------------------------
Spinup NEP     estab   NBP     transp     evap    interc  nuptake ndemand  nlosses ninflux
------ ------- ------- ------- ---------- ------- ------- ------- -------- ------- -------
  -299 327.784  -0.006 327.778  5174605.5 363418.3 946766.6 97214.8  15979.1 14429.5 11973.2
  -298 1360.031  -0.001 1360.029  6210713.7 548290.1 993599.2 102278.5  17256.2 10886.1 15613.3
  -297 440.019  -0.001 440.018  5897024.1 361133.8 1045474.6 83063.4  11809.6 11366.9 10869.6
  -296 764.092  -0.001 764.091  6187016.8 343920.1 1126565.9 98034.0  14845.3 16074.6 13102.2
  -295 -195.750   0.000 -195.750  5792472.4 451625.2 1297353.6 81848.0  11009.2 15643.0 10014.2
  -294 -322.720   0.000 -322.720  5753865.8 325751.7 972563.6 90563.5  13389.4 12370.1 11045.4
  -293 374.572  -0.001 374.571  5997642.5 399208.6 1221548.0 94156.4  19809.1 10120.7 16560.7
  -292 -181.331   0.000 -181.331  5789725.5 450621.1 1281627.1 82944.5  12226.5 14627.8 10798.7
  -291 -391.792   0.000 -391.792  5706567.1 394855.8 884566.9 88482.6  14781.1 11009.5 12452.7
  -290 -400.208   0.000 -400.208  5518596.8 394161.9 873681.0 87501.3  13197.8 10140.6 11583.4
  -289 -10.881   0.000 -10.881  5599523.8 247109.8 1020653.6 91367.8  14618.2 12948.1 12915.1
  -288  99.135   0.000  99.135  5401790.6 326951.6 847754.9 91355.1  12465.9 10568.7 11010.2
  -287  59.713  -0.000  59.712  5697106.3 330955.9 1135215.2 91325.0  16346.5 10332.6 14056.1
  -286 -588.767   0.000 -588.767  5041185.5 252614.4 1065876.2 77618.0   9809.5 18922.3  9555.6
  -285 -85.149   0.000 -85.149  5710834.8 302311.8 992308.6 98177.4  19431.4 11129.3 15315.1
  -284 516.572  -0.001 516.571  6032070.9 370395.8 982530.0 93862.6  16855.2  9887.4 14967.9
  -283 -273.083   0.000 -273.083  5610064.3 320060.9 803596.2 82457.7  10914.7  9337.0 10100.5
  -282 -1543.843   0.002 -1543.842  4603680.7 273251.5 611502.4 79957.7   7793.5 10487.0  7249.7
  -281 462.947  -0.001 462.947  5215352.7 478764.9 1074183.1 99187.1  14950.0 20025.7 12097.7
  -280 1100.316  -0.001 1100.315  6107058.3 476209.5 1124565.5 97035.5  16847.7 11649.3 16231.1
  -279  -3.478  -0.000  -3.478  5769471.5 456749.0 1222531.0 82380.8  10191.7 15128.2  9948.3
  -278 -193.443   0.000 -193.443  5855231.0 259927.5 888190.8 82043.5  15038.1 12719.9 14197.9
  -277 356.853  -0.000 356.853  5861915.4 367571.3 1002868.4 102345.7  16115.4 13617.0 14097.0
  -276 276.843  -0.000 276.843  5851205.3 330519.5 1160955.3 90678.0  15023.3 11022.1 13030.7
  -275 -627.328   0.001 -627.327  5118908.1 251594.6 1095574.7 77143.8   9583.7 19788.2  9211.1

         Carbon flux (ktC/yr)        Water (dam3/yr)                Nitrogen (MgN/yr)
       ----------------------- -------------------------- --------------------------------
Spinup NEP     estab   NBP     transp     evap    interc  nuptake ndemand  nlosses ninflux
------ ------- ------- ------- ---------- ------- ------- ------- -------- ------- -------
  -274 -564.220   0.000 -564.220  5482528.0 247437.4 825370.3 86884.9  17537.0 12877.7 13748.9
  -273 125.401  -0.000 125.401  5609832.2 256098.0 864588.1 88140.3  14898.4 13416.2 13400.1
  -272 -79.976  -0.000 -79.977  5420726.1 398604.6 841092.5 95404.5  10677.6 11793.3 10359.4
  -271 778.457  -0.000 778.457  6063089.7 348758.0 1080732.9 97636.8  15647.1 11259.1 13843.5
  -270 164.144  -0.000 164.144  5960122.0 260024.9 908580.7 80107.9  13988.4  9320.3 13023.1
  -269 692.975  -0.001 692.974  6002413.7 619464.9 1239645.6 102546.9  13798.1  9570.8 13102.7
  -268 -1352.222   0.002 -1352.220  5125028.7 274362.4 650267.4 72592.5   8247.4  9320.2  7487.3
  -267  57.783  -0.001  57.782  4715516.4 281118.4 933492.2 96709.2  11496.4 19345.7  9921.6
  -266 465.295  -0.000 465.294  5694280.7 345431.2 982880.7 96643.0  16869.9  8833.4 13817.9
  -265 205.640  -0.000 205.639  5735401.5 338895.9 754286.3 90378.8  13247.3  8478.8 12276.1
  -264 -163.488   0.000 -163.488  5353633.6 283506.6 809658.5 87783.5  11633.6 10596.2 10418.6
  -263 178.718  -0.000 178.718  5499228.1 331940.3 1143883.1 94795.8  15895.8 10630.1 13203.0
  -262 415.952  -0.000 415.951  5925308.0 342336.3 1037723.5 94712.3  16136.0  8402.9 13413.2
  -261 -1098.482   0.004 -1098.478  5212252.5 300937.6 615998.6 75437.6   6100.1 12998.9  5554.1
  -260 442.936  -0.003 442.933  5209070.8 349361.2 1296356.3 101346.4  16837.6 17056.5 13837.5
  -259 220.104  -0.000 220.104  5934108.3 248275.3 1003012.1 87246.6  13157.2 15852.1 12645.2
  -258 -42.122  -0.000 -42.122  5753835.1 330938.7 925338.8 89891.6  12591.7 11250.0 11138.6
  -257 -228.676   0.000 -228.676  5649923.2 452828.3 1219373.8 86368.6  13106.1 14121.1 11643.2
  -256 -421.962   0.000 -421.962  5617763.2 247408.6 826248.1 81151.3  16047.6 10666.6 13623.3
  -255 -400.667   0.001 -400.667  4795170.8 257218.8 1026331.7 86194.1  10053.7 20915.1  9552.4
  -254 -1466.906   0.001 -1466.905  4815238.1 272773.6 572916.1 81303.9  11283.3 12017.5  9537.5
  -253 551.899  -0.001 551.898  5377049.2 300905.2 904964.9 103965.7  18109.4 11188.0 14257.8
  -252 945.716  -0.001 945.715  6087988.3 370030.4 926587.0 93573.8  15239.5  9818.2 14290.7
  -251 413.281  -0.001 413.281  6006720.1 304097.0 995679.4 90335.6  14163.1  9120.4 13041.6
  -250 -1345.205   0.002 -1345.203  4941109.1 273856.0 607493.2 75124.8   8299.4 10401.0  7606.2

         Carbon flux (ktC/yr)        Water (dam3/yr)                Nitrogen (MgN/yr)
       ----------------------- -------------------------- --------------------------------
Spinup NEP     estab   NBP     transp     evap    interc  nuptake ndemand  nlosses ninflux
------ ------- ------- ------- ---------- ------- ------- ------- -------- ------- -------
  -249 871.374  -0.001 871.373  5531671.2 404553.4 1099571.8 108494.0  19387.1 10979.5 15446.0
  -248 1119.639  -0.001 1119.638  6354896.1 617372.6 1171233.8 90703.9  14072.9  8059.3 14000.4
  -247 -661.484   0.001 -661.484  5275162.9 253336.3 1085168.8 73241.4   8369.1 19083.8  8840.3
  -246 -181.841   0.000 -181.840  5538315.8 331592.2 1114441.8 96191.1  19251.6 13584.8 15061.7
  -245 -438.176   0.001 -438.175  5173262.4 271847.8 956293.4 83093.4  10856.2 15743.1 10148.4
  -244 118.583  -0.000 118.583  5853799.5 371360.7 953951.1 94306.6  20364.3 10480.4 16362.9
  -243 -446.060   0.000 -446.060  5205166.1 273293.4 940698.3 82262.3  10202.1 15049.6 10020.1
  -242 123.362  -0.000 123.361  5850904.1 372451.5 943882.5 94573.6  20073.1 10032.1 16270.8
  -241 -467.531   0.000 -467.531  5194875.1 273506.1 934537.5 81811.8  10148.6 14727.8 10031.2
  -240 -166.672  -0.000 -166.672  5557516.4 351740.4 900847.5 91594.6  18572.7  9159.2 15508.4
  -239 -164.219  -0.000 -164.220  5589253.3 455611.3 1162704.0 84881.6  12519.8 12811.7 11752.2
  -238 -417.946  -0.000 -417.946  5545506.8 317783.1 760715.7 85925.2  12755.5  9458.6 11953.5
  -237 603.199  -0.001 603.199  5813922.7 506871.6 1298212.4 96085.5  18497.3 12557.2 17320.1
  -236 -775.500   0.001 -775.500  5412275.0 301042.8 588645.6 76234.1   6782.2 12505.6  6347.2
  -235 205.983  -0.000 205.982  5420361.2 342559.0 963429.6 100279.8  15803.8 11358.1 13171.0
  -234 795.713  -0.001 795.712  6176785.4 616070.4 1168246.9 93805.2  15113.3  9025.8 14774.9
  -233 -129.832  -0.000 -129.832  5836023.2 246752.6 851481.7 77974.8  13068.4  9810.6 11969.5
  -232 666.178  -0.001 666.177  5989817.4 608289.5 1228203.9 102785.0  14062.3  9575.4 13392.5
  -231 -154.823   0.000 -154.822  5807718.0 245556.0 882836.1 78796.4  12922.3  9892.5 11601.5
  -230 333.255  -0.000 333.255  5825510.4 367077.6 1048056.8 101400.1  15620.9 11500.7 13450.8
  -229 135.754  -0.000 135.754  5811252.6 449775.0 898762.7 86933.7  15912.6  9055.1 13444.4
  -228 -225.595   0.000 -225.595  5321940.4 327228.9 805348.8 95268.1  10833.0  8040.2  8686.0
  -227 797.415  -0.000 797.415  5692086.5 397197.8 1232212.5 99700.3  17043.9  8058.0 14205.6
  -226 193.880   0.000 193.881  5808883.0 277686.6 852129.5 86842.5  11763.3  9676.9 10096.6
  -225 594.630  -0.000 594.629  5777286.9 396384.8 1274965.6 99047.9  17246.6  7697.9 14539.7

         Carbon flux (ktC/yr)        Water (dam3/yr)                Nitrogen (MgN/yr)
       ----------------------- -------------------------- --------------------------------
Spinup NEP     estab   NBP     transp     evap    interc  nuptake ndemand  nlosses ninflux
------ ------- ------- ------- ---------- ------- ------- ------- -------- ------- -------
  -224  87.573   0.000  87.573  5607215.7 319096.5 927953.6 87230.0  10632.2  8639.1  9059.7
  -223 352.335   0.000 352.335  6114575.6 604881.4 1308366.8 93503.7  15896.9  6881.2 14269.7
  -222 460.396  -0.000 460.396  6149734.6 392960.5 1305829.4 94196.4  17778.7  7879.2 15664.2
  -221 -333.147   0.000 -333.146  5682682.5 243842.9 928442.4 78242.4  13998.5 10129.0 11799.1
  -220 -70.593   0.001 -70.593  5142672.4 318727.4 918954.4 98000.2  12081.6 11345.2  9842.8
  -219 -681.266   0.001 -681.265  5459954.3 401283.2 914997.6 83755.2  12525.8  8300.6 11188.5
  -218 553.139  -0.001 553.138  5795505.7 498735.6 1398620.7 96862.1  20451.3 10250.3 17314.4
  -217 -427.062   0.001 -427.061  5301073.6 268516.6 1027320.6 78655.0   9814.6 15424.1  9434.5
  -216 -56.605   0.000 -56.605  5827772.6 371453.3 1017828.4 95342.0  20677.7 12750.3 16025.6
  -215 442.481  -0.001 442.480  6071157.4 475874.7 1209277.9 92110.3  19349.1  9624.5 17408.4
  -214 383.098  -0.000 383.098  6014487.5 395937.0 1240296.2 90378.4  17644.3  9157.9 16369.2
  -213 -208.159   0.000 -208.159  6036303.6 444637.1 865261.8 89060.8  14825.9  8975.8 13181.4
  -212 -662.051   0.001 -662.051  4778888.4 259386.3 1109244.6 82331.9  10212.7 19610.5  9610.7
  -211 -324.491   0.000 -324.490  5571431.2 326969.3 936777.0 97316.9  12606.7 13002.1 10868.4
  -210 -62.847  -0.000 -62.848  5691175.6 278838.1 800068.3 92105.1  14418.0 11984.7 12870.3
  -209 -71.374  -0.000 -71.375  5647168.0 261752.2 883300.3 83641.7  14532.8 11205.9 13215.9
  -208 768.030  -0.001 768.029  5970413.9 344422.6 1100055.9 107167.5  15213.6 15646.4 13400.3
  -207 -1082.151   0.001 -1082.150  5213550.6 281803.5 695633.1 73822.7   8152.6 10162.9  7630.7
  -206 589.172  -0.000 589.172  5798494.4 600154.2 1196426.1 105683.0  15308.6  9374.5 13554.7
  -205 -218.961  -0.000 -218.961  5722889.1 246579.2 863011.5 81149.6  13089.4  9542.4 11771.6
  -204 -74.820   0.000 -74.820  5381092.1 277357.5 822668.1 98527.7  12119.4 13909.0 10440.9
  -203  90.949  -0.000  90.949  5404201.9 481547.0 1235619.5 90200.5  12376.7 15468.5 10846.0
  -202 -486.689   0.001 -486.688  5093872.5 269135.0 1004435.9 89944.7  10465.9 18345.3  9576.3
  -201 -124.232  -0.000 -124.232  5570210.8 336255.7 755369.8 95362.4  18268.3 10045.0 14631.8
  -200  15.935  -0.000  15.935  5406535.0 482590.9 1209973.0 86577.1  12213.4 15161.7 11228.6

         Carbon flux (ktC/yr)        Water (dam3/yr)                Nitrogen (MgN/yr)
       ----------------------- -------------------------- --------------------------------
Spinup NEP     estab   NBP     transp     evap    interc  nuptake ndemand  nlosses ninflux
------ ------- ------- ------- ---------- ------- ------- ------- -------- ------- -------
  -199 -687.094   0.001 -687.094  4967759.5 251972.0 1067140.2 82424.9  10139.9 24174.2  9701.1
  -198 329.703  -0.001 329.703  5918459.8 475079.1 1158735.6 100427.9  22410.0 13021.1 17964.8
  -197  69.177  -0.000  69.177  5821405.4 360491.2 1045692.6 85997.7  14086.3 11630.6 12971.5
  -196 -10.561  -0.000 -10.561  5606740.7 277894.6 814422.6 92943.5  13430.4 15574.9 11981.6
  -195 -279.673   0.000 -279.673  5659523.9 444473.2 832191.0 92019.8  14195.9  8023.2 12121.5
  -194 120.401  -0.000 120.401  5387181.9 481331.2 1228296.7 90699.4  12112.1 15781.2 10828.2
  -193 162.527   0.000 162.527  5453426.8 322997.7 873123.1 93378.1  12192.7 13279.1 10935.3
  -192 422.410  -0.000 422.410  5973278.3 396068.1 1231400.0 95675.8  18103.2  9589.4 16181.6
  -191 145.211   0.000 145.211  5663004.9 320734.2 899073.4 87749.9  11185.4 11689.9 10242.0
  -190 -434.122   0.000 -434.122  5844043.2 444815.2 863558.2 89379.3  14792.5  8450.4 12895.2
  -189 -555.316   0.001 -555.315  5130476.0 332022.8 822018.6 86730.5  10445.6  9806.4  9500.4
  -188 751.789  -0.001 751.788  5969035.0 597052.5 1233732.9 103827.3  15780.7  9338.3 13663.6
  -187 889.624  -0.001 889.623  6450762.5 341673.4 1157374.9 95596.6  14586.1 11244.4 13152.9
  -186 -1099.706   0.001 -1099.705  5184757.6 280165.5 726007.4 73092.5   8311.3 11487.8  7536.0
  -185 -338.333   0.000 -338.332  5111839.4 324896.5 781429.3 96011.1  12011.7 10087.1  9935.4
  -184 144.853   0.000 144.853  4973915.6 315020.1 872932.0 97538.7  10647.8 11915.2  8862.5
  -183 714.425  -0.001 714.424  6103199.9 550781.0 1088897.1 99920.7  18628.7  7441.9 15616.9
  -182  73.044  -0.000  73.043  5718936.6 276072.5 844499.5 85930.2  11107.2 10040.0  9702.3
  -181 692.445  -0.001 692.445  5904859.9 494028.6 1453308.8 99546.1  18349.4 12024.6 15542.5
  -180 393.112  -0.000 393.112  6337529.3 368571.5 1105559.2 89823.7  14656.1 10115.3 13285.6
  -179  90.427  -0.000  90.427  5717639.2 332756.6 1494655.3 92615.1  15770.4 14859.7 13444.9
  -178 555.247  -0.000 555.246  6163382.0 491423.5 1517256.8 94428.4  19307.2 12794.9 16551.3
  -177 -81.666   0.001 -81.665  5901204.7 325573.8 859723.8 87107.7  13464.4  9385.4 11475.9
  -176 -736.959   0.001 -736.958  5286682.2 397655.8 962046.9 85055.4  10449.4 11321.3  9711.0
  -175 -47.280   0.000 -47.280  5536099.2 246987.3 1074057.1 93843.5  14917.7 14631.8 12688.6

         Carbon flux (ktC/yr)        Water (dam3/yr)                Nitrogen (MgN/yr)
       ----------------------- -------------------------- --------------------------------
Spinup NEP     estab   NBP     transp     evap    interc  nuptake ndemand  nlosses ninflux
------ ------- ------- ------- ---------- ------- ------- ------- -------- ------- -------
  -174 -39.588   0.000 -39.588  5712960.0 243879.2 1066303.0 92241.1  14545.9 13030.7 12578.2
  -173 -453.637   0.000 -453.637  5441432.0 319455.9 835124.8 85880.6  11998.3  9024.7 10459.3
  -172 -21.876   0.000 -21.876  5527583.6 244625.4 1044953.5 95616.2  13982.3 14010.5 12458.5
  -171 -65.548   0.000 -65.548  5741233.5 245229.6 1039676.2 91009.6  14647.1 11730.0 12909.5
  -170 -100.249  -0.000 -100.249  5655767.8 279131.9 814351.0 91901.7  14762.9 10791.4 12548.3
  -169 -325.982   0.000 -325.982  5496633.6 336965.7 946846.6 89927.7  11046.7  8985.2 10044.1
  -168 -108.811  -0.000 -108.812  5673777.4 457865.0 856711.0 91989.3  17770.9  8780.5 14899.5
  -167 -255.935   0.000 -255.935  5573384.4 443143.5 829325.0 96190.8  12415.2  6554.6 10895.3
  -166 -216.646   0.000 -216.646  4797698.8 281990.9 974689.7 89840.3  10180.5 15159.6  9238.9
  -165 935.746  -0.001 935.745  6099024.0 551116.8 1057963.4 106445.9  21484.8  7272.6 16251.4
  -164 511.654  -0.000 511.654  6237739.0 373487.5 1054110.9 90671.0  13544.7  7651.8 12662.9
  -163 617.113  -0.000 617.113  6267203.4 604594.4 1301782.7 96832.1  13990.4  6674.5 12933.3
  -162 -184.313   0.000 -184.313  6082011.5 439940.2 905570.0 88290.7  12717.0  6617.0 11124.6
  -161 -651.672   0.001 -651.671  5121090.6 330182.5 866592.6 87757.6   9441.3  8372.5  8439.9
  -160 -1720.412   0.002 -1720.410  4382782.0 274069.9 643966.0 83318.8   7181.4  8546.8  6322.1
  -159 -58.052   0.000 -58.052  5246901.1 443827.5 762674.9 103798.2  13773.5  8090.5 10329.9
  -158 225.432  -0.000 225.432  5218949.2 289626.2 745820.4 91692.7   9889.5 11218.2  8562.7
  -157 307.489  -0.001 307.488  5402380.1 258017.0 845167.9 86275.2  12537.0 11459.2 11183.0
  -156 127.827  -0.000 127.827  5545576.8 335872.5 909918.2 96563.0   8136.8 10841.2  7390.1
  -155 759.616  -0.001 759.615  5982045.8 392034.8 1187013.9 102021.2  16401.8  9565.1 14372.2
  -154 586.840  -0.001 586.839  6138924.4 339935.0 1054962.3 89292.0  13073.2 10457.1 11428.9
  -153 -1361.289   0.001 -1361.287  4855085.3 270640.3 654736.4 75372.0   6434.9 10065.7  5644.4
  -152 857.881  -0.001 857.880  5835331.2 461059.3 1173364.2 112416.0  18568.1 10277.7 15070.4
  -151 240.824  -0.000 240.823  5787073.2 317276.4 788984.3 83427.8  10624.9  7015.5  8877.2
  -150 769.912  -0.001 769.912  6055748.7 587293.9 1279182.2 99892.1  12235.0  7113.8 11250.8

         Carbon flux (ktC/yr)        Water (dam3/yr)                Nitrogen (MgN/yr)
       ----------------------- -------------------------- --------------------------------
Spinup NEP     estab   NBP     transp     evap    interc  nuptake ndemand  nlosses ninflux
------ ------- ------- ------- ---------- ------- ------- ------- -------- ------- -------
  -149 931.034  -0.000 931.034  6384974.2 486519.1 1488860.8 95629.6  16754.0 30428.3 15166.0
  -148 -446.688   0.001 -446.687  5364194.0 265377.6 1088355.2 75704.3   8534.2 35446.8  8182.5
  -147 -1450.026   0.003 -1450.023  5007346.4 298000.2 636099.3 80929.6   7561.6 24455.8  6508.2
  -146 186.156  -0.002 186.154  5234424.1 340028.0 1312989.5 100785.2  18774.9 20794.7 14318.5
  -145 344.767  -0.000 344.767  5582918.6 318092.3 852587.8 88003.6  11733.6 15281.9 10448.1
  -144 -1646.556   0.002 -1646.554  4794545.9 275141.7 620681.8 72623.7   8406.8 11567.8  7790.6
  -143 496.846  -0.001 496.845  5256279.3 342370.8 1236492.4 104252.0  15605.1 14881.3 13319.3
  -142 666.718  -0.001 666.717  6013417.2 338980.8 975439.5 90920.0  14634.1 10663.9 13052.2
  -141 -116.843  -0.000 -116.843  5605457.6 315305.4 800614.3 81254.8   9832.9 11955.8  9141.9
  -140 751.294  -0.000 751.293  6150289.4 541739.3 1069776.3 106181.4  17787.1 10432.4 15272.8
  -139 -110.775   0.000 -110.775  5663233.1 242284.5 876256.3 78603.2  12106.8 10289.5 10441.5
  -138 391.394  -0.000 391.394  5869284.7 363729.7 1051595.3 99588.7  14897.7 11864.8 12655.2
  -137  75.458   0.000  75.459  5668585.7 464681.0 1294588.2 86692.1  11087.2 15004.0  9906.7
  -136 563.245  -0.000 563.245  6253897.0 596330.9 1280346.9 96874.7  16640.3 10534.8 14526.4
  -135  79.070   0.000  79.070  6000135.0 272002.7 867789.6 85697.4  12564.6 11351.2 11251.0
  -134 -1675.798   0.011 -1675.787  4757680.9 306615.8 634500.1 74436.8   4498.9 14435.1  4197.1
  -133 856.475  -0.009 856.465  5247405.1 368366.3 1195926.2 101279.5  17004.5 19804.2 13022.1
  -132 533.530  -0.001 533.529  6033544.4 243179.1 957974.6 84388.2  11660.4 16375.1 11343.7
  -131 816.879  -0.001 816.878  6127282.1 498042.9 1325032.9 92859.9  17712.7 14236.8 15977.8
  -130 270.563  -0.000 270.563  5824158.0 314602.0 871649.3 84576.3  10095.4 12375.8  8914.1
  -129  44.369   0.000  44.369  6064154.4 366246.3 1038901.4 89743.6  15563.8 11190.5 14038.8
  -128 594.507  -0.001 594.506  6295897.7 338755.1 1134878.5 96991.6  16031.3 12383.2 13768.8
  -127 -173.659   0.001 -173.658  5849863.2 391607.5 912567.2 82021.3  11386.5  9974.8 10453.8
  -126 629.837  -0.001 629.837  6134703.6 592848.7 1273457.4 97415.7  15386.2  9351.6 13579.2
  -125 860.570  -0.000 860.570  6560948.4 550118.8 1148651.1 96091.7  17073.2  8322.5 14947.9

         Carbon flux (ktC/yr)        Water (dam3/yr)                Nitrogen (MgN/yr)
       ----------------------- -------------------------- --------------------------------
Spinup NEP     estab   NBP     transp     evap    interc  nuptake ndemand  nlosses ninflux
------ ------- ------- ------- ---------- ------- ------- ------- -------- ------- -------
  -124 -46.381   0.001 -46.380  5985623.1 440201.7 900882.6 86124.1  12827.8  7400.2 11045.7
  -123 -1306.240   0.002 -1306.238  4638492.4 281474.0 721694.0 77263.4   7496.0 10380.4  6568.3
  -122 -302.238   0.001 -302.237  5012774.7 317196.2 758579.5 96952.3  11959.2  9581.5  9080.5
  -121 -472.959   0.000 -472.959  4827752.6 346857.0 762981.6 84897.2   8888.5 10145.0  8036.8
  -120 -211.228   0.000 -211.228  5168436.9 325367.3 734527.4 94917.0  12400.7  8649.4 10467.6
  -119 967.036  -0.001 967.035  5864764.5 464927.5 1142432.1 96148.9  17858.6 10179.4 15213.2
  -118 1179.666  -0.001 1179.665  6388238.5 544100.5 1086464.9 94760.1  15726.4  7429.3 14058.8
  -117 227.742  -0.000 227.742  5795356.4 362453.3 1116789.3 80804.0  11076.9 10580.6  9923.6
  -116 711.557  -0.001 711.557  6278461.0 545184.6 1146662.1 103020.6  17856.5 11138.8 14688.5
  -115 -145.981   0.000 -145.980  5667914.7 243764.5 918668.1 76895.5  12104.9 10364.7  9949.7
  -114 -261.254   0.000 -261.253  4903813.7 270633.3 1048863.9 89326.7  10110.3 16690.3  8608.1
  -113 -80.544   0.000 -80.544  5515660.9 332517.3 1417841.6 93588.1  18576.8 20749.6 14517.7
  -112 -353.188   0.000 -353.188  5650929.5 242156.4 879743.2 77182.4  14377.6 10995.1 12193.8
  -111 -267.876   0.000 -267.876  5481304.4 324114.3 963457.9 94563.0  11322.2 12478.6  9763.3
  -110 -257.672   0.000 -257.672  5581405.3 328095.0 775661.2 89049.5  15488.7  8589.4 13178.4
  -109 447.696  -0.000 447.696  5919218.9 595653.9 1228182.3 91175.4  14942.9  8070.4 13625.9
  -108 -1229.383   0.005 -1229.378  5206305.0 301571.9 621636.6 73727.0   5831.2 12086.9  5618.7
  -107 553.287  -0.004 553.283  5739534.1 601322.9 1155535.6 101379.5  16693.1 10875.4 14077.6
  -106 738.225  -0.001 738.224  6204193.3 498159.1 1357643.7 89886.1  16695.3 12199.0 16480.1
  -105 -407.634   0.000 -407.634  5673989.2 318518.3 831555.8 77899.2  10099.5  9932.5  9769.6
  -104 503.509  -0.000 503.509  6056762.9 545141.9 1091395.9 103669.1  19712.4  9404.7 16293.4
  -103 584.288  -0.000 584.288  6379257.9 341046.9 1152183.0 92506.9  15099.1 11561.6 13436.6
  -102 -1560.595   0.002 -1560.593  4969765.8 272999.4 659781.9 71427.7   8009.4 10367.4  7169.7
  -101 166.454  -0.000 166.454  5397729.9 248929.9 985893.5 98305.6  12778.7 17688.9 11711.2
  -100 -36.592  -0.000 -36.592  5836577.3 437140.3 807410.3 91360.5  14106.2  8429.1 12254.7

         Carbon flux (ktC/yr)        Water (dam3/yr)                Nitrogen (MgN/yr)
       ----------------------- -------------------------- --------------------------------
Spinup NEP     estab   NBP     transp     evap    interc  nuptake ndemand  nlosses ninflux
------ ------- ------- ------- ---------- ------- ------- ------- -------- ------- -------
   -99 743.950  -0.001 743.949  6074892.2 338998.2 1099455.0 97672.3  14220.9 12737.2 12733.8
   -98 717.041  -0.001 717.041  6381179.7 600546.4 1262558.6 91763.9  14170.9  8358.9 13213.0
   -97 -71.502   0.000 -71.501  5898599.0 321881.3 824168.6 84582.4  12073.1  9040.0 10608.7
   -96 -717.766   0.001 -717.765  5254459.9 399179.0 927221.7 84242.7   9755.8 10541.6  9376.8
   -95 173.886  -0.000 173.885  5409647.3 337312.1 1389427.7 96921.2  17141.8 13617.8 13969.1
   -94 349.595  -0.000 349.595  6040848.8 295491.6 1062661.7 89930.6  16094.9 12293.6 13509.2
   -93  97.472  -0.000  97.472  5535192.1 316653.3 901250.1 89803.7  11509.0 14112.7  9834.0
   -92 -611.514   0.000 -611.514  5638660.0 393054.4 913757.1 82830.9  12207.2 10895.3 11064.6
   -91 467.900  -0.000 467.899  6030213.2 339229.4 1133466.0 99533.0  17314.4 12497.8 14141.1
   -90 -275.332   0.000 -275.331  5643175.7 244188.1 886737.4 78355.6  13434.8  9344.3 11361.8
   -89 797.053  -0.001 797.052  6063879.0 544248.2 1111247.9 108592.6  18723.3  8111.5 14831.4
   -88  48.484  -0.000  48.484  5794807.6 272885.7 863400.8 84417.1  11304.9 10364.8  9489.3
   -87 -1835.921   0.006 -1835.915  4320638.8 290700.5 654297.0 75720.7   6341.8  9250.5  5513.0
   -86 660.269  -0.004 660.265  5190504.9 482011.2 1083371.3 97686.7  12656.0 22392.9 10561.7
   -85 1210.128  -0.001 1210.126  6333150.8 548601.2 1009292.8 100063.3  16632.0 12664.8 15080.8
   -84 424.740  -0.001 424.739  6016588.6 330326.1 977350.5 85256.6  12213.7  9360.2 11241.4
   -83 -90.273   0.000 -90.272  5672779.8 451395.0 1274577.5 85523.5  10991.5 15975.4  9640.7
   -82 -630.356   0.001 -630.355  5194462.2 265224.6 1005060.5 85641.4  10799.2 18527.9  9602.9
   -81 -665.987   0.001 -665.986  5076380.1 267121.6 964617.7 87491.4  13059.4 16941.9 10662.6
   -80 -69.261   0.000 -69.261  5377544.5 324900.3 813454.6 89791.0  15280.0 13021.3 12569.6
   -79 -345.482   0.000 -345.482  5721414.2 327388.1 898551.2 85823.8  11759.1 10842.6 10958.1
   -78 -275.077  -0.000 -275.077  5691847.9 325803.8 896997.5 88376.3  12450.7 10187.9 11221.7
   -77  36.869  -0.001  36.869  5718138.6 326448.2 1094053.3 89831.1  16909.8 11254.1 14446.8
   -76 219.460  -0.001 219.459  5920763.4 298091.3 998530.6 90670.0  16180.1  9954.9 14106.9
   -75 117.458  -0.000 117.458  5781899.9 355629.2 1043420.1 87713.0  14148.4 11429.6 12183.8

         Carbon flux (ktC/yr)        Water (dam3/yr)                Nitrogen (MgN/yr)
       ----------------------- -------------------------- --------------------------------
Spinup NEP     estab   NBP     transp     evap    interc  nuptake ndemand  nlosses ninflux
------ ------- ------- ------- ---------- ------- ------- ------- -------- ------- -------
   -74 158.469  -0.000 158.469  5824658.3 258376.3 893191.2 84368.0  13744.0 14112.8 12534.2
   -73 701.793  -0.001 701.792  6102742.9 604079.9 1234207.2 102054.7  13962.0 11845.5 13132.2
   -72 871.187  -0.000 871.186  6581672.4 558496.5 1124376.6 94134.2  16451.9  8419.2 14751.3
   -71 -19.909   0.001 -19.909  5793148.2 327565.9 827706.5 86277.3  12699.3  8785.2 11150.5
   -70 -1785.691   0.003 -1785.687  4331886.9 280051.4 657027.4 74479.3   6384.5  9879.0  5896.4
   -69 693.009  -0.002 693.007  5571307.6 373786.0 913201.4 103204.9  14536.4 13821.8 12517.2
   -68 459.171  -0.001 459.171  5782161.4 334923.4 925084.2 88272.4  11687.0  8938.3 11428.7
   -67 1057.976  -0.001 1057.974  6130021.5 495197.7 1357336.9 96568.9  16163.7 13620.4 14739.9
   -66 466.490  -0.000 466.490  5994168.7 333464.6 1407762.8 86601.2  13678.1 12457.5 12581.7
   -65 142.923   0.000 142.923  5912841.0 328865.1 1028128.3 89502.9  14582.6 10091.5 12593.8
   -64 -682.550   0.001 -682.549  5050617.0 248709.8 1124441.3 76352.6   9639.4 19470.6  9025.0
   -63 -1255.786   0.001 -1255.785  5043725.7 296402.0 598092.8 84412.0   7512.9 17570.3  6920.5
   -62 589.830  -0.001 589.830  5791082.5 343659.4 1033606.7 103940.5  18911.2 15422.9 14744.3
   -61 316.955  -0.000 316.954  5990358.5 259544.2 869047.4 79014.8  13487.4 10910.9 12697.8
   -60 774.241  -0.001 774.241  5959127.1 497234.7 1372841.5 99984.4  16674.7 16792.8 15594.4
   -59 -160.117   0.000 -160.117  5891973.6 453318.7 1287445.2 81221.1  10703.4 14429.7  9886.9
   -58 -170.285   0.000 -170.284  5508057.7 320982.7 884869.0 90529.2  13022.6 13054.2 11443.1
   -57 -1393.304   0.001 -1393.303  5051161.4 278682.1 682464.5 75238.5  10543.3 11023.8  9339.2
   -56 484.016  -0.000 484.016  5538489.3 394256.9 1136679.2 104126.9  20270.0 10142.6 16008.3
   -55 825.312  -0.001 825.311  6301544.0 471424.9 1184398.3 91989.7  17367.8  9425.7 16239.5
   -54 205.767  -0.000 205.767  5828692.4 335082.5 1395527.1 87188.8  14670.9 10657.6 13607.8
   -53 -374.776   0.000 -374.776  5658571.2 313915.0 839328.6 82688.6  11197.2 10637.9  9990.4
   -52 -85.950   0.000 -85.950  5667756.0 257255.9 908117.1 87995.0  14814.1 14004.2 13113.3
   -51 906.783  -0.001 906.782  6147814.0 552252.1 1085905.1 108792.7  18363.0 10373.6 15130.8
   -50 224.302  -0.000 224.302  5984877.1 327236.8 1033832.6 85969.7  12856.0  7615.9 11839.3

         Carbon flux (ktC/yr)        Water (dam3/yr)                Nitrogen (MgN/yr)
       ----------------------- -------------------------- --------------------------------
Spinup NEP     estab   NBP     transp     evap    interc  nuptake ndemand  nlosses ninflux
------ ------- ------- ------- ---------- ------- ------- ------- -------- ------- -------
   -49 -16.389   0.000 -16.389  5434910.3 314993.8 920380.1 90445.4  10643.3 10892.9  8939.0
   -48 -66.678   0.000 -66.678  5707028.6 328412.6 1206405.9 91378.5  16277.0 10821.0 13438.7
   -47  19.166   0.000  19.166  5844759.8 258764.9 929001.3 83890.9  14941.1 12032.7 13159.9
   -46 -327.928   0.000 -327.927  5459788.0 394211.4 905507.9 94427.1  11594.5 12634.3 10315.3
   -45 -462.234   0.001 -462.234  5444021.3 396512.9 897530.5 87766.5  11613.3  9653.5 10565.7
   -44 186.912  -0.000 186.912  5560651.3 327893.5 1158741.7 95162.0  16317.8 11206.8 13220.4
   -43 -93.522   0.000 -93.522  5618671.7 455780.5 1265040.9 86938.7  12355.6 16325.5 10750.8
   -42  18.380  -0.000  18.380  5646777.0 336424.6 1386318.8 92697.9  18037.6 11923.3 14990.8
   -41 -753.602   0.001 -753.601  5126244.4 250160.8 1090058.8 75105.7  10002.2 19105.2  9579.5
   -40 -628.765   0.000 -628.764  5393642.1 316264.1 785106.8 91619.3  14966.3 11518.9 12214.6
   -39 -1109.137   0.001 -1109.136  4853952.7 279266.8 644508.3 80856.2   9664.5 12229.2  8942.8
   -38  -8.368  -0.000  -8.368  5235470.2 349422.2 964738.2 96958.7  15764.3 11689.0 12738.3
   -37 622.799  -0.001 622.798  5955296.1 368386.0 953857.2 95386.4  15763.0 11939.3 14475.7
   -36 -82.097  -0.000 -82.097  5673858.8 458548.3 1205755.3 84207.0  11286.5 15005.8 10610.7
   -35 -172.371  -0.000 -172.371  5718309.5 357236.1 1035061.3 88945.4  15751.1 11386.3 13520.7
   -34 177.211  -0.000 177.211  5814880.6 298142.0 1018503.4 95058.0  16103.7 11126.2 13886.4
   -33 156.137  -0.000 156.137  5913106.2 259419.6 892954.8 82295.7  14255.2 12791.1 12943.0
   -32 -86.483   0.000 -86.482  5461085.0 455430.0 1254445.7 94852.5  11395.5 18965.4 10161.4
   -31 -573.680   0.001 -573.680  5215768.0 266479.3 998759.2 86239.4  10796.9 16833.0  9743.6
   -30 -421.726   0.000 -421.726  5594548.5 395653.6 844698.2 89965.5  16762.2 10902.2 13252.4
   -29 -41.417  -0.000 -41.417  5535311.3 332800.1 745628.3 91886.2  14310.2  8158.7 12693.1
   -28 -1621.600   0.003 -1621.597  4612045.0 316278.6 575266.5 72152.8   3540.7 13735.0  3494.1
   -27 545.055  -0.001 545.054  5227331.5 352410.3 849262.1 95168.7  14295.6 15772.7 11434.5
   -26 1251.834  -0.002 1251.833  5982724.6 403508.6 1024915.9 99180.8  14204.4 15779.7 13798.0
   -25 818.727  -0.001 818.726  6187378.9 343683.7 948831.7 86965.9  12822.1 12849.3 11818.5

         Carbon flux (ktC/yr)        Water (dam3/yr)                Nitrogen (MgN/yr)
       ----------------------- -------------------------- --------------------------------
Spinup NEP     estab   NBP     transp     evap    interc  nuptake ndemand  nlosses ninflux
------ ------- ------- ------- ---------- ------- ------- ------- -------- ------- -------
   -24 331.971  -0.000 331.971  5904281.5 274324.5 789795.4 86069.5  11524.6 15706.7 10259.3
   -23   4.959  -0.000   4.959  5613871.0 329984.4 971669.3 89888.3  13248.2  9990.5 11545.1
   -22 581.911  -0.000 581.911  5969022.8 391221.6 1213731.7 97201.9  16646.7  9898.7 14563.6
   -21 -177.501   0.001 -177.501  5706798.5 312584.1 833772.7 79633.1  10117.0  9583.0  9190.8
   -20 -419.053   0.000 -419.053  5461387.9 388894.8 888982.0 91679.9  11263.3 11194.1 10151.2
   -19 222.676  -0.000 222.676  5615505.2 325226.8 1155706.2 95423.7  16014.2 11855.3 13050.3
   -18  91.862  -0.000  91.862  5941802.2 435771.4 842604.6 90010.0  14696.1  8853.3 12337.9
   -17 791.636  -0.001 791.635  6124669.4 340450.9 1137209.9 97813.8  14936.1 11497.1 12850.6
   -16 106.679   0.000 106.679  6023959.1 240553.6 1083292.7 84863.0  12507.3 11068.1 11626.1
   -15 -197.619   0.000 -197.618  5893449.2 437431.5 867232.2 91610.7  15412.7  7146.7 12397.7
   -14 767.394  -0.001 767.393  5949752.9 491716.0 1441499.7 97145.4  18746.6 10806.7 15993.0
   -13 919.236  -0.000 919.235  6583273.3 555404.0 1155276.1 94557.3  17561.4  7262.1 15137.0
   -12 -523.964   0.001 -523.963  5264505.9 267584.4 1084398.8 78911.0   9139.4 15211.9  8593.6
   -11  71.018  -0.000  71.018  5832071.3 392568.2 1261267.7 96323.1  23083.2 10781.0 17001.9
   -10 -93.438   0.000 -93.438  5856786.1 274510.6 851836.0 85226.2  14061.4 10812.5 12204.4
    -9 348.126  -0.000 348.125  5855696.2 498995.3 1436707.0 91948.7  19782.9 10576.4 16933.3
    -8 -458.035   0.000 -458.035  5716432.1 317288.7 859690.5 80213.5  11500.1  8397.7 10355.8
    -7 217.297  -0.000 217.297  5696669.7 393644.1 1250930.3 98656.9  19383.4  9492.5 16242.9
    -6 -639.011   0.001 -639.011  5260299.0 267549.6 1036161.2 80076.5  10568.4 14398.1  9775.5
    -5 -465.049   0.000 -465.049  5732275.2 445293.1 824138.6 90455.2  20033.3  8557.8 15149.0
    -4 113.920  -0.000 113.919  5773980.1 371144.7 1007268.8 91272.2  17049.2  8899.2 14851.9
    -3 -1253.059   0.001 -1253.058  5052356.0 281629.5 672537.3 75926.6   9487.1  9589.5  8717.5
    -2 104.748  -0.000 104.748  4918531.0 321662.3 811847.7 101769.4  12766.5 11927.3 10498.9
    -1 -1362.889   0.001 -1362.887  4812320.8 290519.9 636083.3 75492.4   9009.4  9387.8  8484.8
     0 -1625.826   0.005 -1625.822  4363602.6 317875.1 527617.0 81872.0   4895.0 13635.5  4736.1

         Carbon flux (ktC/yr)        Water (dam3/yr)                Nitrogen (MgN/yr)
       ----------------------- -------------------------- --------------------------------
Spinup NEP     estab   NBP     transp     evap    interc  nuptake ndemand  nlosses ninflux
------ ------- ------- ------- ---------- ------- ------- ------- -------- ------- -------
     1 1424.383  -0.003 1424.380  5726315.7 511461.2 1031494.9 102631.5  20971.8 20913.9 16847.5
     2 1176.336  -0.002 1176.334  6369855.0 481802.5 1013158.4 86785.6  14563.1 15647.3 15649.0
     3 743.824  -0.002 743.823  6259431.6 481203.4 1100209.8 88462.0  14852.5 17588.2 14919.6
     4 -171.037  -0.000 -171.037  5745214.6 247327.3 819180.9 74708.1  11671.1 13965.0 10439.6
     5 -92.239  -0.000 -92.239  5505180.5 272514.9 792460.2 94146.3  11902.3 16754.7 10031.0
     6 -478.101   0.000 -478.101  5583026.5 436949.5 813477.6 89836.4  12714.0  8756.8 10966.3
     7 683.682  -0.001 683.681  6023554.5 542146.4 1054343.2 103342.8  17515.1  8435.2 14729.6
     8 897.065  -0.001 897.065  6389259.3 601832.2 1248451.1 92482.1  13195.9  7620.4 12183.7
     9 829.155  -0.000 829.155  6554258.1 556793.5 1138399.7 96444.0  16083.1  7734.8 14166.7
    10 -542.207   0.001 -542.206  5236850.5 267593.0 1064781.2 79066.6   8644.2 14465.5  8239.7
    11 -1522.583   0.007 -1522.577  4988750.7 301345.7 623254.4 80617.2   7837.6 14641.5  6666.7
    12 606.153  -0.006 606.147  5724456.0 482547.2 1142361.3 105042.0  21643.3 11788.6 16353.3
    13 425.176  -0.001 425.175  5895960.3 326305.4 1142027.7 87056.3  14127.8 12901.6 12528.9
    14 132.734  -0.000 132.734  5787099.8 326708.5 1170208.0 89235.3  15131.0 14722.3 12743.5
    15  93.009  -0.000  93.009  5930020.8 342249.7 1057947.8 92729.1  16300.5 10537.0 13369.5
    16 -78.901  -0.000 -78.901  5835072.4 330970.0 1018960.8 89606.5  15663.1  9422.9 13592.4
    17 -766.083   0.001 -766.083  5072349.2 249498.5 1117919.3 77172.1   9945.6 17849.3  9415.2
    18 -1341.047   0.003 -1341.044  5038109.8 298267.8 591297.4 84633.1   8202.3 16758.6  7396.4
    19 -1223.722  -0.001 -1223.723  4497294.9 292761.5 613674.5 85346.7  10470.8 13807.3  8831.9
    20 1007.900  -0.001 1007.899  5776953.3 541641.2 934141.8 108078.9  21238.6  9131.3 16161.4
    21 -1366.164   0.001 -1366.162  4842087.5 277247.2 579390.0 70079.0   6444.5  8679.5  6038.0
    22 535.795  -0.001 535.794  5366288.0 298595.8 909316.7 105888.4  15962.7 11674.2 12222.3
    23 737.663  -0.001 737.662  6061459.7 369986.1 942160.6 94366.5  14344.6  9434.7 13509.1
    24 357.816  -0.001 357.815  5833077.1 327907.0 1117754.1 89858.5  13697.4 11586.6 12168.1
    25 -13.426  -0.000 -13.426  5736066.2 328326.2 772119.6 89949.3  13339.2 10173.7 11695.8

         Carbon flux (ktC/yr)        Water (dam3/yr)                Nitrogen (MgN/yr)
       ----------------------- -------------------------- --------------------------------
Spinup NEP     estab   NBP     transp     evap    interc  nuptake ndemand  nlosses ninflux
------ ------- ------- ------- ---------- ------- ------- ------- -------- ------- -------
    26 506.655  -0.000 506.655  6025000.0 342521.3 1124997.9 96005.4  14585.7 12037.1 12768.1
    27 209.927  -0.000 209.927  6057445.2 341556.7 1069254.9 90941.5  15047.0  8071.3 12798.9
    28   2.398   0.000   2.398  5542403.7 318564.2 906026.6 88786.9  11303.3 10854.8  9838.6
    29 -413.182   0.000 -413.181  5562775.9 327899.6 806029.9 89081.9  13927.0  7512.7 11846.0
    30  68.913  -0.000  68.913  5556427.7 339101.0 1052597.0 91999.2  14433.8  7421.8 12101.9
    31 312.119  -0.000 312.119  5893163.6 339248.6 1060660.7 95054.4  15497.9  7792.0 12707.0
    32 -243.574   0.000 -243.574  5710454.9 393882.2 914668.8 85420.0  11672.1  8435.3 10484.1
    33 189.742  -0.000 189.742  5628466.2 326273.9 1195014.7 94184.6  15964.3 10122.7 12874.3
    34 284.922  -0.000 284.922  5959903.2 299585.7 1081705.2 93981.4  15993.1 10835.3 13248.4
    35 178.821  -0.000 178.821  5882750.8 449185.7 911658.1 86913.5  16611.0 11939.1 13727.9
    36 -74.073   0.000 -74.073  5518833.4 276815.8 855770.8 92795.3  11710.6 14023.6  9725.1
    37  -5.567   0.000  -5.567  5606900.6 249581.1 1073621.0 90748.3  13746.7 12803.0 11996.9
    38 -1747.423   0.002 -1747.421  4708276.2 269448.8 644069.8 77054.9   8188.0  8681.4  6997.1
    39 -1622.442   0.004 -1622.437  4337419.5 316844.2 539766.5 81603.0   4326.7 15098.6  4408.8
    40 356.445  -0.001 356.444  4986679.9 330936.4 580455.0 97634.9  12614.0 11996.8 10258.0
    41 1298.968  -0.002 1298.965  5433153.0 357407.9 1075191.8 92916.8  12982.2 24862.7 12164.0
    42 445.320  -0.001 445.319  5886960.7 334858.2 812623.4 84485.0   9369.5 22422.6  9599.1
    43 336.873  -0.001 336.872  5830625.2 340565.3 879553.7 87417.3  13764.4 14907.9 12798.9
    44 300.893  -0.001 300.893  5569569.2 317385.0 811599.8 86704.5  10490.1 13457.6  9471.4
    45   7.676   0.000   7.676  5811606.0 257107.4 853215.3 80016.6  13040.3 13041.9 12510.5
    46 215.176  -0.001 215.175  5267239.1 320820.3 827095.3 96479.3  10420.5 14275.9  9203.2
    47 545.199  -0.000 545.198  6212716.4 606270.9 1192267.9 91081.5  14254.0  9643.9 13681.7
    48 296.352  -0.000 296.352  5987768.2 326551.7 1151488.8 87353.4  14065.7 12625.1 12801.8
    49 -219.495   0.001 -219.494  5577116.1 313900.2 820708.5 81727.6  10946.3 11886.2  9836.3
    50 172.697  -0.000 172.697  5609747.6 326927.9 1154239.7 96177.9  15594.9 13852.2 12717.4

         Carbon flux (ktC/yr)        Water (dam3/yr)                Nitrogen (MgN/yr)
       ----------------------- -------------------------- --------------------------------
Spinup NEP     estab   NBP     transp     evap    interc  nuptake ndemand  nlosses ninflux
------ ------- ------- ------- ---------- ------- ------- ------- -------- ------- -------
    51 129.083   0.000 129.083  5819508.6 277257.7 817233.8 87655.2  13615.5 13519.4 11596.6
    52  10.292  -0.000  10.292  5610413.7 330653.7 992423.0 89600.9  14590.7  8938.6 12571.0
    53 -27.614   0.000 -27.614  5623916.3 272458.4 828636.3 89142.1  12691.7 11396.1 10716.3
    54 227.474  -0.000 227.474  5823335.5 367931.7 1034258.1 93658.7  15862.3  9383.5 13297.4
    55 -1193.921   0.001 -1193.919  4875599.4 281132.3 687690.5 75339.8   7835.5  9810.6  6898.5
    56 -461.026   0.001 -461.026  4822149.7 343438.6 735940.3 92480.3  10368.4 10472.0  8989.9
    57 253.980  -0.001 253.979  5381966.9 442866.8 803526.4 93299.4  16650.3 10627.9 13230.1
    58 560.017  -0.001 560.016  5455130.1 481229.5 1160435.6 89204.7  10745.0 16383.6 10079.6
    59 785.901  -0.000 785.901  5981980.3 395156.4 1184931.7 97403.9  16980.3 11860.6 15139.8
    60 -1246.539   0.001 -1246.537  5139062.2 272203.9 630574.2 70968.3   7925.8 10773.3  7056.8
    61 -1511.881   0.002 -1511.879  4250204.8 279071.9 582190.1 86045.1   7336.3 11843.1  6356.5
    62 263.316  -0.000 263.316  4638396.6 286725.7 814238.2 97416.7  13517.5 20888.7 10931.6
    63 1428.887  -0.001 1428.886  6117993.3 554868.1 931121.8 98860.7  18939.9  8306.1 16349.3
    64 615.738  -0.001 615.737  5945568.3 331089.6 1083408.9 85422.5  12538.8 10933.7 11571.4
    65 -208.199   0.000 -208.199  5774520.6 396847.2 856063.1 84294.1  11902.6 10721.2 11068.3
    66 -1570.209   0.003 -1570.206  4717903.5 270042.2 611217.5 74353.3   8111.2  9358.4  7419.6
    67 -1358.742   0.001 -1358.741  4133686.7 290829.7 543445.6 86514.3   7473.9 11923.9  6407.2
    68 590.895  -0.001 590.894  5171170.1 348324.3 858203.0 100517.7  14700.2 13001.1 11823.1
    69 603.538  -0.001 603.537  5684606.3 329844.0 812215.9 90796.1   9247.2 11618.9  9395.7
    70 -149.628  -0.000 -149.628  5216252.6 269005.0 885953.8 81831.3   9185.5 16744.4  9272.2
    71 -134.317  -0.000 -134.317  5561766.8 452620.4 1110814.2 88469.7  13895.8 23162.7 12057.8
    72 112.508  -0.000 112.508  5900699.7 258373.5 812738.8 78971.4  14981.7 12816.7 14384.2
    73  93.505  -0.000  93.505  5474962.1 451840.5 1142568.3 92670.1  11287.4 18139.4 10522.7
    74 826.969  -0.001 826.968  6289721.1 552718.6 1002838.2 95549.3  18982.6  8608.6 16935.2
    75 742.435  -0.000 742.435  6329399.0 480063.2 1179260.1 88642.6  16945.1  9606.9 16285.1

         Carbon flux (ktC/yr)        Water (dam3/yr)                Nitrogen (MgN/yr)
       ----------------------- -------------------------- --------------------------------
Spinup NEP     estab   NBP     transp     evap    interc  nuptake ndemand  nlosses ninflux
------ ------- ------- ------- ---------- ------- ------- ------- -------- ------- -------
    76 216.523  -0.000 216.523  6107532.2 302062.7 1040932.7 86685.2  15003.8  9101.6 13542.2
    77 166.803  -0.000 166.803  5705495.6 337391.6 1387854.3 88995.0  16509.6 10855.6 14337.5
    78 124.357   0.000 124.357  5645537.4 325045.9 880709.1 85734.0  12059.6 11730.9 10913.1
    79 244.879  -0.000 244.879  5951776.0 401114.0 1229797.1 90977.1  18710.4  9035.1 16545.6
    80 542.356  -0.001 542.355  6286561.0 613856.5 1261305.1 88490.6  16282.9  8271.1 15263.0
    81 -1371.211   0.002 -1371.209  5165659.6 274299.3 652172.4 72439.6   9362.2  9002.7  8338.0
    82 -288.362   0.000 -288.362  4969979.1 336380.7 756213.7 91733.7  10472.3 11208.3  9349.6
    83 351.291  -0.000 351.290  5563586.6 339395.9 977023.4 97748.6  15019.8  9162.3 13053.5
    84 263.550  -0.000 263.550  5755305.7 356692.8 1030520.9 87441.7  13983.4  9786.0 12328.6
    85 256.035  -0.000 256.035  5409282.7 324651.7 855309.4 88951.5  11389.2 13344.3 10517.0
    86 -1296.188   0.004 -1296.184  5077537.9 303655.7 599009.7 74064.4   6434.1 13150.3  6029.3
    87 831.111  -0.003 831.108  5741531.0 550812.6 973477.4 105555.7  19966.4  9790.6 16016.6
    88 307.605  -0.001 307.604  5898338.8 260093.6 852270.2 78130.5  12863.9  9843.4 12525.8
    89 192.360  -0.000 192.359  5529275.7 351212.8 1033033.4 95232.0  12117.1 12052.0 11055.5
    90 215.494  -0.000 215.494  5792711.2 439444.9 860082.7 87789.2  15548.6 12206.7 13605.9
    91 -216.357   0.000 -216.357  5323605.3 323391.6 809011.9 86312.8   9205.6 10264.0  8389.4
    92  46.561  -0.000  46.561  5522091.2 345663.4 1063770.9 94011.2  13528.6 10881.3 11543.7
    93 449.043  -0.000 449.043  5875090.0 339313.6 1035885.7 96979.7  15275.3 10001.9 12648.1
    94 -80.320   0.000 -80.320  5805954.8 394610.7 893470.3 85370.9  11860.5  9415.4 10650.8
    95 119.346  -0.000 119.346  5635022.5 339707.0 1001686.2 92052.2  14504.8  7499.2 12463.3
    96 -366.195   0.001 -366.194  5560347.1 395168.7 895792.7 85337.3  11200.1  7816.5 10308.1
    97 -1541.189   0.009 -1541.180  4701715.9 309253.4 598840.2 74558.4   4487.5 10865.3  4250.1
    98 509.384  -0.007 509.377  5228382.8 267672.2 754777.2 88937.6  16085.5 14186.5 12816.5
    99 701.778  -0.001 701.777  5491304.3 351557.2 922650.8 94826.0  11150.7 12527.1 10458.5
   100 262.073  -0.001 262.072  5598660.6 455554.8 1124782.7 85748.9  10098.0 37297.1  9625.4

         Carbon flux (ktC/yr)        Water (dam3/yr)                Nitrogen (MgN/yr)
       ----------------------- -------------------------- --------------------------------
Spinup NEP     estab   NBP     transp     evap    interc  nuptake ndemand  nlosses ninflux
------ ------- ------- ------- ---------- ------- ------- ------- -------- ------- -------
   101 350.082  -0.001 350.081  5978900.9 301831.0 965150.1 91063.1  15744.2 13484.9 13451.6
   102 764.952  -0.000 764.952  6024515.2 405149.9 1151270.7 91626.2  17064.7 11044.3 14990.2
   103 -57.425   0.000 -57.424  5835234.8 245961.4 839044.1 74975.7  12731.4 10241.1 11249.5
   104 -363.193   0.000 -363.193  5421071.6 392178.7 858839.7 90752.4  11035.9 11387.9 10114.4
   105 -1453.790   0.009 -1453.780  4805571.6 300939.2 585042.3 75254.1   5196.1 13592.1  4824.0
   106 203.641  -0.007 203.634  5120836.8 354035.4 785920.8 95094.3  11782.9 14222.1  9785.7
   107 -21.758  -0.001 -21.759  5523702.0 401906.2 751524.8 84520.2  11902.2 11021.2 11274.3
   108 894.962  -0.001 894.961  5826894.5 405296.0 1062712.5 94954.5  16239.1 10343.1 15253.8
   109 469.693  -0.001 469.692  6003100.6 438993.2 812594.5 81162.6  14688.7  8926.6 13594.1
   110 972.876  -0.001 972.876  6213018.7 544832.7 1037592.5 101754.2  15575.1  8142.0 13850.5
   111 957.408  -0.000 957.408  6344860.0 473250.4 1206796.2 91341.7  15903.7  8154.7 14483.2
   112 -134.552   0.001 -134.552  5883245.4 326240.8 972210.3 82517.4   9912.6  8294.8  9200.9
   113 -167.773   0.000 -167.773  5752776.7 338833.3 997145.2 88749.5  16055.7  6850.3 13611.7
   114 -460.702   0.001 -460.701  5137760.8 267936.3 1002971.6 82315.0  10591.1 12427.1  9736.8
   115 -322.924   0.000 -322.923  5495012.8 449647.0 1211286.4 88721.3  15844.3 19719.6 12157.2
   116 -112.800   0.000 -112.800  5868008.2 256821.2 865803.6 78429.2  16250.7 13349.8 14647.5
   117 -1166.449   0.005 -1166.444  4911611.5 297894.0 575471.7 82352.3   6195.6 18098.4  5583.6
   118 -136.225  -0.003 -136.228  5019877.9 343689.4 689143.5 96151.6  15072.3 10432.7 12330.8
   119 -1130.056   0.001 -1130.055  4519262.2 303637.5 598860.5 74054.5   7936.7 10956.8  7491.4
   120 -59.711  -0.000 -59.711  4927992.6 298991.0 686068.6 95139.5  13512.7 13668.8 11548.8
   121 -1032.461   0.001 -1032.460  4559548.2 303064.3 576454.5 74567.2   7618.8 10434.5  7239.9
   122 -1469.512   0.005 -1469.507  4237147.6 323776.1 488436.0 79291.9   4469.0 14589.2  4395.1
   123 951.930  -0.003 951.927  5155146.3 475401.3 838469.0 90776.1  14944.0 26007.0 12392.8
   124 124.464  -0.001 124.463  5080294.5 276703.2 743252.5 78359.4   8645.8 29671.2  9672.3
   125 -399.392  -0.000 -399.392  5044449.1 275099.0 766544.1 81547.0  10422.6 20325.1 10496.2

         Carbon flux (ktC/yr)        Water (dam3/yr)                Nitrogen (MgN/yr)
       ----------------------- -------------------------- --------------------------------
Spinup NEP     estab   NBP     transp     evap    interc  nuptake ndemand  nlosses ninflux
------ ------- ------- ------- ---------- ------- ------- ------- -------- ------- -------
   126 -733.806   0.000 -733.806  4934781.4 258072.6 832934.2 74997.8  10725.4 19114.0 11022.3
   127 196.433  -0.001 196.432  5778455.2 371538.2 787784.6 91876.6  18523.5 11451.2 16927.8
   128 648.067  -0.001 648.066  6049094.3 522356.6 1123129.2 83611.0  16247.1 11530.4 17452.9
   129 138.591  -0.001 138.591  5981245.2 350875.9 928420.5 80336.0  12815.5  9938.5 12661.1
   130 190.039  -0.000 190.039  5834168.0 302972.7 932044.2 90133.3  14483.9 11384.5 13422.0
   131 -387.064   0.001 -387.063  5249966.1 269408.4 907434.5 80663.1   9894.8 17464.1  9463.1
   132 -207.551  -0.000 -207.551  5867427.3 435110.8 751802.8 87573.3  18217.1  9521.3 14994.3
   133 297.666  -0.001 297.665  5774101.5 339419.1 948047.1 88348.7  15089.1  8383.9 13184.3
   134 926.610  -0.001 926.610  6357483.1 546848.4 1016703.7 92813.7  18268.0  7739.5 16289.9
   135 710.730  -0.000 710.730  6157135.0 403007.7 1185328.7 86953.1  16109.3  8009.2 15023.5
   136 147.304   0.000 147.305  6096052.2 301558.5 1044167.4 84206.4  15149.7  8843.2 13654.1
   137 174.672  -0.000 174.672  6051434.8 367243.8 1028836.3 88870.6  17340.6  9746.3 14906.5
   138 -278.379   0.000 -278.379  5791063.9 328362.8 960883.5 83764.5  12309.3  9262.2 10978.8
   139 -556.568   0.000 -556.568  5548806.1 315491.9 811712.6 80589.9  13149.8  7960.0 11573.1
   140 -279.414   0.000 -279.414  5588129.7 432765.9 812032.1 91341.3  16413.0  6925.6 13406.4
   141  76.028   0.000  76.028  5104674.5 321119.0 842951.6 86369.4  11571.4  9057.6 10257.2
   142 -1335.661   0.001 -1335.660  4805298.5 291019.9 651216.4 72685.6   9913.3  8333.2  8998.7
   143 -144.404   0.000 -144.404  4614429.8 286509.1 870173.5 91353.8  14210.9 14702.7 11513.9
   144 955.308  -0.001 955.307  5922283.9 548706.3 968438.4 95827.8  21484.4  6525.3 17425.9
   145 -44.049  -0.000 -44.049  5778039.7 335475.2 899640.1 81133.0  10279.8  7101.1 10359.3
   146 143.994  -0.001 143.994  5855097.2 406243.8 1159489.8 89166.3  18575.7  7669.2 17148.1
   147 195.584  -0.000 195.584  6135759.3 369144.3 999097.8 89379.1  16690.7  9747.1 15374.9
   148 -143.069   0.000 -143.069  5917278.2 258885.8 893386.3 78410.9  14595.2 11170.3 13836.1
   149 717.593  -0.001 717.593  6066003.1 554183.0 1061848.1 105356.8  18905.7 10663.1 16026.1
   150 -14.937   0.000 -14.937  6068803.7 440818.6 851287.0 85210.7  13487.4  6939.2 12033.2

         Carbon flux (ktC/yr)        Water (dam3/yr)                Nitrogen (MgN/yr)
       ----------------------- -------------------------- --------------------------------
Spinup NEP     estab   NBP     transp     evap    interc  nuptake ndemand  nlosses ninflux
------ ------- ------- ------- ---------- ------- ------- ------- -------- ------- -------
   151 144.621  -0.000 144.621  5464109.5 338533.1 1412872.0 92512.2  15275.0  9865.5 13648.9
   152 -47.629   0.000 -47.629  5973044.6 245904.9 1072906.0 86764.3  14086.6 13486.3 12605.7
   153 -349.928   0.000 -349.928  5632721.3 451782.9 1278390.4 86192.3  13961.6 14644.1 11544.5
   154 -264.973   0.000 -264.973  5856498.6 258638.6 904252.8 80406.3  16669.9 11740.9 14708.1
   155 -1524.396   0.002 -1524.395  4673954.2 274007.6 611640.3 82887.6   8549.7 12763.5  7688.6
   156  21.451  -0.000  21.451  5052637.1 290704.0 735976.6 100202.8  14987.4 15368.1 11746.0
   157 -38.992   0.000 -38.992  5241715.0 340772.8 710671.0 89819.4  12023.2  8286.1 10806.2
   158 145.481  -0.000 145.481  5332600.8 367556.8 912731.7 89045.8  12749.1  8487.5 11954.0
   159 804.974  -0.001 804.974  5919589.3 509512.0 1324356.5 94997.3  17372.3 11252.6 16475.3
   160 949.210  -0.001 949.209  6472693.1 557830.1 1082348.6 93676.3  16984.1  7526.2 15734.5
   161 607.597  -0.000 607.596  6363025.6 349578.1 1158471.3 92045.0  14516.3 10946.8 13334.7
   162 509.543  -0.000 509.543  6361756.7 347784.4 1183397.4 93206.0  15606.3 10849.3 13795.5
   163 -1628.454   0.002 -1628.452  5010226.7 274877.6 669842.7 71524.4   8557.6  9503.7  7776.3
   164 328.542  -0.001 328.541  5614097.3 368036.5 984206.7 102952.7  14653.6 11979.4 13006.9
   165 321.587  -0.000 321.587  5904675.8 301020.7 1023192.2 92612.4  14531.9  8471.5 12806.0
   166  92.820  -0.000  92.820  5867927.2 246488.9 1039131.8 89491.7  13159.3 12562.5 11888.3
   167 -174.186   0.000 -174.186  5755688.2 329049.5 953312.8 90874.7  12480.5  9243.1 10541.4
   168 -106.209  -0.000 -106.209  5880265.4 257959.5 902243.1 82582.9  15436.7 10291.1 13852.5
   169 -72.443   0.000 -72.443  5380615.7 332277.4 768664.3 100936.8  12687.1  8872.1 10833.9
   170 -1773.653   0.011 -1773.642  4590594.2 314980.7 593369.1 70378.4   3342.7 11383.4  3572.5
   171 -1208.794  -0.006 -1208.799  4084214.4 311782.6 490133.0 81236.1   6450.4 12394.0  5843.4
   172 1560.933  -0.002 1560.931  5765114.6 595090.0 945232.4 110833.6  16265.7 12095.7 13258.6
   173 771.183  -0.002 771.181  5911403.5 356883.7 904538.1 82355.4  11085.0 15356.3 10997.8
   174 512.385  -0.001 512.383  5827024.4 445497.2 789494.8 85407.4  13447.1 18865.5 12654.5
   175 553.604  -0.001 553.603  5606865.6 339478.7 1286677.2 95227.1  12746.7 24464.8 11696.3

         Carbon flux (ktC/yr)        Water (dam3/yr)                Nitrogen (MgN/yr)
       ----------------------- -------------------------- --------------------------------
Spinup NEP     estab   NBP     transp     evap    interc  nuptake ndemand  nlosses ninflux
------ ------- ------- ------- ---------- ------- ------- ------- -------- ------- -------
   176 -854.865   0.001 -854.864  5301604.2 294466.1 595628.0 73180.5   5897.8 16346.1  5312.9
   177 -150.577   0.000 -150.577  4789370.7 278430.7 910726.4 91334.1  11174.6 20913.1 10461.1
   178 100.466  -0.000 100.466  5665038.2 437689.3 803978.5 87074.5  18131.8 10830.0 15052.4
   179 960.246  -0.001 960.245  6162878.9 548652.9 1014578.2 100439.7  16270.4  8901.0 14858.0
   180 415.423  -0.000 415.423  5924491.8 332790.4 1142472.3 86716.6  13584.4  9854.0 12111.8
   181 -213.693   0.000 -213.692  5676935.3 245216.8 857854.2 78314.1  13513.7 11025.8 11544.6
   182 -409.212   0.000 -409.212  4820688.7 258363.6 1067860.9 84966.8   9785.9 21058.2  9164.6
   183 -236.893   0.001 -236.893  5569298.4 330446.5 912182.6 94165.9  14367.9 12030.5 11516.2
   184 -1052.548   0.006 -1052.542  5183269.0 300779.1 576575.1 77772.5   7495.6 12299.8  7272.9
   185 -56.790  -0.004 -56.794  4709285.1 292155.3 869850.7 89546.8  13035.3 17701.0 11249.8
   186 632.507  -0.001 632.506  5721642.2 412771.8 1076248.8 94058.0  19034.9  9200.7 16737.7
   187 294.654  -0.000 294.654  5660540.6 331140.7 809035.9 83300.6  10798.5 11178.5 10822.6
   188 -309.447   0.000 -309.447  5627348.6 342132.3 736023.2 86760.5  14231.2  7921.1 13546.5
   189 -73.421  -0.000 -73.421  5542836.0 343251.3 987498.5 89413.8  15086.3  7722.7 13281.0
   190 -38.695  -0.000 -38.696  5652852.2 282650.8 782563.8 88788.4  14153.7 10539.0 12499.6
   191 -36.586  -0.000 -36.586  5631482.1 250219.1 1000701.9 88256.2  13694.1 10897.4 12661.4
   192 539.414  -0.001 539.413  5977585.9 509581.1 1336831.1 93509.3  19405.3 10017.7 17153.5
   193 156.473  -0.000 156.473  6116571.1 258878.7 901182.8 77917.6  14292.8  9992.2 13410.2
   194  18.501   0.000  18.501  5721598.6 258025.0 906013.4 87587.5  13719.2 15283.4 12705.2
   195 -1302.224   0.008 -1302.216  4890519.7 298994.7 600827.7 81385.2   5393.2 17145.1  4836.7
   196 -1032.576  -0.005 -1032.581  4440114.2 311971.8 601824.2 84289.5   9164.1 13780.7  7749.1
   197 -50.012   0.000 -50.012  4924442.9 335284.1 669597.1 98136.3  13243.6  9219.7 11132.1
   198 457.429  -0.001 457.428  5465018.9 302443.7 915900.3 90893.4  14482.4  8191.8 12634.7
   199 1228.184  -0.001 1228.183  6209283.8 551540.3 993459.1 98569.3  17120.2  7389.4 15769.0
   200 321.949  -0.001 321.949  5901388.3 345860.6 960671.6 84859.5  12417.1  6265.6 12109.3

         Carbon flux (ktC/yr)        Water (dam3/yr)                Nitrogen (MgN/yr)
       ----------------------- -------------------------- --------------------------------
Spinup NEP     estab   NBP     transp     evap    interc  nuptake ndemand  nlosses ninflux
------ ------- ------- ------- ---------- ------- ------- ------- -------- ------- -------
   201 611.359  -0.001 611.358  6135249.8 474606.4 1219257.2 94260.6  17179.7  7822.0 15899.1
   202 -1082.235   0.001 -1082.234  5205879.1 280883.4 697006.9 71356.6   8481.8  8505.7  7905.8
   203 -1648.080   0.002 -1648.078  4231424.9 282947.2 598656.5 82672.7   7504.8  8684.2  6702.2
   204 624.948  -0.001 624.947  5310493.1 338823.1 877469.1 103463.4  17164.3  8866.5 12692.6
   205 741.343  -0.001 741.342  5772114.4 331295.5 1043099.2 89582.3  13468.5 11665.4 12488.2
   206  57.005  -0.000  57.005  5674865.3 454602.0 1169809.2 83321.5  11015.6 28686.2 10342.0
   207 221.743  -0.000 221.743  5903407.9 345345.4 984401.5 94335.8  16824.7 13210.3 13990.4
   208 178.982  -0.000 178.982  5627028.2 325507.6 842083.3 86973.6  11330.1 12868.7 10478.7
   209 -149.731   0.000 -149.731  5782197.9 351825.7 1050092.3 86690.9  14364.8 10912.1 12615.4
   210 -1360.689   0.001 -1360.688  4827150.3 269609.3 612051.8 77567.7   8191.7 12190.2  7513.5
   211 931.093  -0.001 931.093  5677723.1 508180.3 1261928.7 105640.4  19396.2 15545.4 16352.0
   212 1249.389  -0.001 1249.388  6472611.4 619083.8 1183682.5 90308.4  14078.4  8799.9 13487.4
   213 -118.002   0.000 -118.002  5868398.1 247748.1 868703.0 77211.1  11944.7 10042.0 10946.3
   214 131.192  -0.000 131.192  5430630.7 338458.3 1390632.0 100007.1  15197.1 11736.1 13457.4
   215 -263.233   0.000 -263.233  5744669.1 245599.7 870379.3 79320.6  14333.8 10680.4 12268.8
   216 -1517.545   0.003 -1517.542  4576980.1 268820.8 624090.2 82910.4   7627.6 11147.6  6730.5
   217  15.225  -0.001  15.224  5266832.6 437675.3 754378.8 103025.2  15014.9 10325.5 11334.7
   218 1241.979  -0.001 1241.978  5874107.4 510202.3 1277083.3 96838.3  17376.9 11961.1 15738.1
   219 662.256  -0.001 662.255  6048192.1 331652.6 1139268.6 87048.3  13691.5 11300.0 12407.1
   220 -201.712   0.000 -201.712  5673294.1 453605.4 1263220.6 84873.0  11407.4 15789.3 10390.5
   221 -165.831   0.000 -165.831  5829617.0 444640.8 870055.7 88032.2  18627.6 10484.1 15438.8
   222  -4.758  -0.000  -4.758  5656681.1 442668.7 864829.4 89738.2  16569.5 11024.1 13806.8
   223 -35.854   0.000 -35.853  5437168.8 280050.4 812107.8 93001.9  11794.8 13370.0 10043.3
   224 -1688.200   0.014 -1688.185  4631578.9 319741.8 588596.9 73432.4   4055.6 13374.6  4116.8
   225 -1279.644  -0.009 -1279.653  4061514.9 316968.7 491917.0 81681.4   6884.9 15089.6  6127.6

         Carbon flux (ktC/yr)        Water (dam3/yr)                Nitrogen (MgN/yr)
       ----------------------- -------------------------- --------------------------------
Spinup NEP     estab   NBP     transp     evap    interc  nuptake ndemand  nlosses ninflux
------ ------- ------- ------- ---------- ------- ------- ------- -------- ------- -------
   226 1095.899  -0.002 1095.897  5184343.6 473177.0 919906.6 102641.9  15034.5 27092.0 11911.7
   227 877.703  -0.002 877.701  5662076.1 343405.2 637939.2 89098.0  11425.1 14055.6 11205.9
   228 1185.077  -0.001 1185.076  6133463.3 550228.5 959479.6 96654.7  13935.4 10162.0 13306.2
   229 414.883  -0.000 414.883  5979136.0 258361.1 854579.9 78673.4  11393.2 11459.3 10961.7
   230 767.077  -0.000 767.076  6089917.0 347077.7 1083756.7 101731.9  13709.2 15386.5 12264.8
   231 -170.997   0.000 -170.996  5784798.9 453014.9 1245501.4 81448.0  10425.8 15817.0  9792.9
   232 -136.699   0.000 -136.699  5742198.7 335724.6 767442.9 89949.5  15867.0 10963.2 13365.6
   233 -43.066  -0.000 -43.066  5459992.2 473206.2 1222714.8 83439.5  12159.5 15120.4 11075.5
   234 -161.557   0.000 -161.556  5805003.3 246535.3 1025213.1 89450.6  14579.2 14127.5 12908.2
   235 -22.894  -0.000 -22.894  5733738.4 336876.8 757186.5 90124.3  16198.3  9082.0 13546.5
   236 123.625  -0.000 123.625  5599046.5 331538.7 1146289.5 88906.7  15094.2 10861.8 12931.4
   237 -16.740  -0.000 -16.740  5962375.3 435067.7 835475.4 89290.6  15521.1  8653.3 13155.2
   238 -1487.180   0.011 -1487.169  4816315.6 301560.3 609216.3 73505.1   4536.6 13486.8  4040.0
   239 124.141  -0.008 124.133  4541191.6 300462.8 916044.7 90886.2  12165.8 28038.5 10255.4
   240 1005.678  -0.001 1005.677  5986160.8 483210.1 1068043.8 94926.2  19694.8 12625.1 16872.2
   241 949.607  -0.001 949.606  6182598.7 515204.4 1302321.6 86951.3  15102.5 11804.9 15116.9
   242 142.180  -0.000 142.180  6156170.1 303470.5 1029550.5 86517.6  13864.4  8951.9 12957.1
   243 162.066  -0.000 162.066  6055651.2 371095.3 1021503.3 92426.6  16738.8 10392.2 14681.3
   244 -308.061   0.000 -308.061  5703023.3 451550.4 1254865.4 84104.5  12569.1 13766.1 11106.4
   245 -125.365   0.000 -125.365  5784060.7 281946.9 805052.3 90274.0  15749.8 11803.0 13181.5
   246 -136.491   0.000 -136.491  5693315.0 248079.9 1020457.9 87885.7  14216.8 12125.0 12782.7
   247 -1539.331   0.002 -1539.330  4892456.1 272467.2 604671.9 74653.5   9648.3  9197.9  8388.9
   248 792.257  -0.001 792.256  5592256.1 516739.9 1232233.8 103648.4  20321.5 14125.0 16876.1
   249 1053.112  -0.001 1053.111  6230303.4 406621.7 1144369.8 90051.9  16237.6  8813.3 15297.6
   250 587.129  -0.001 587.128  6137831.2 406086.6 1204800.0 89376.5  15572.9  9354.9 15084.0

         Carbon flux (ktC/yr)        Water (dam3/yr)                Nitrogen (MgN/yr)
       ----------------------- -------------------------- --------------------------------
Spinup NEP     estab   NBP     transp     evap    interc  nuptake ndemand  nlosses ninflux
------ ------- ------- ------- ---------- ------- ------- ------- -------- ------- -------
   251 -41.595   0.000 -41.595  5872553.0 339039.0 788237.0 87632.1  13889.8  8838.3 12715.4
   252 -426.163   0.001 -426.163  4958266.5 279663.6 1007455.8 83628.3  10642.8 14790.5 10102.2
   253  35.315  -0.000  35.315  5676336.0 345486.4 1020394.5 98422.4  19240.8  9172.4 14390.8
   254 737.325  -0.000 737.325  6279775.2 564602.0 1067979.9 95995.3  18627.4  7951.6 16431.6
   255 583.772  -0.000 583.772  6280033.9 484418.7 1245089.9 91422.3  17415.5  8660.7 16138.3
   256 -80.027   0.000 -80.027  6018794.1 261104.7 940044.8 78305.5  14458.4 10860.2 13249.3
   257 372.283  -0.000 372.282  5769684.7 403113.1 1259721.1 102922.9  17561.7 11604.1 15197.2
   258 -41.589   0.000 -41.589  6066640.6 259828.9 945636.6 78644.7  14614.0 10733.3 13234.8
   259 -81.411   0.000 -81.411  5251005.1 329739.9 901218.1 96680.3  11193.6 14345.2 10025.5
   260 275.399  -0.000 275.399  5951215.2 513414.4 1432121.5 92004.8  19411.5  9716.0 17104.7
   261 -1154.796   0.001 -1154.795  5358507.5 284985.6 709457.6 73693.8  10319.4  9741.7  9327.7
   262 367.113  -0.000 367.112  5531312.8 404204.9 1194969.8 102187.8  17394.1  9598.4 15146.2
   263 302.405  -0.000 302.405  6127236.9 370953.6 1034096.6 90944.5  16181.0  8421.2 14923.4
   264 -286.451   0.000 -286.451  5736238.3 334121.8 970396.6 88078.3  11915.7  9125.5 10887.8
   265 -485.958   0.001 -485.957  5550368.8 457459.5 1255201.3 86982.1  13997.7 13192.3 12047.1
   266 -268.862   0.000 -268.862  5850131.6 446928.7 813312.8 91667.8  18833.9  8674.1 15355.3
   267 138.891  -0.000 138.890  5813076.4 373336.5 998157.3 94627.9  16536.4  9050.1 14839.7
   268 -192.704  -0.000 -192.704  5720557.6 332868.5 941912.2 90971.9  11361.6  9214.5 10430.6
   269 -196.931   0.000 -196.931  5680562.3 285461.6 805647.3 92945.9  14329.7 10856.0 12396.8
   270 -577.295   0.000 -577.295  5381132.9 407177.3 865783.3 87967.9  11618.7  8413.3 10617.1
   271 -69.350  -0.000 -69.350  5428953.6 474556.1 1195576.3 92264.4  12734.8 16216.3 11279.1
   272 -334.315   0.000 -334.315  5562817.4 250109.6 835349.3 84416.2  14683.8 12999.9 12587.8
   273 -1341.947   0.002 -1341.945  4830543.2 298847.4 587520.2 84560.7   4951.9 16581.0  4500.6
   274 421.937  -0.001 421.936  5236266.6 483257.0 1073403.4 96678.7  13139.5 22492.6 11284.1
   275  42.704  -0.000  42.704  5552433.5 458276.2 1139869.5 89529.7  11142.8 18575.1 10607.4

         Carbon flux (ktC/yr)        Water (dam3/yr)                Nitrogen (MgN/yr)
       ----------------------- -------------------------- --------------------------------
Spinup NEP     estab   NBP     transp     evap    interc  nuptake ndemand  nlosses ninflux
------ ------- ------- ------- ---------- ------- ------- ------- -------- ------- -------
   276 -52.063  -0.000 -52.064  5745107.7 354952.3 993873.4 91412.2  14950.0 12379.0 13263.5
   277 610.812  -0.001 610.811  6063836.5 624646.2 1161597.1 96455.9  14996.7 10694.3 14565.8
   278 -134.697  -0.000 -134.697  5859012.8 455264.9 1235797.0 85539.6  11116.0 14475.5 10473.2
   279 -471.017   0.000 -471.017  5612614.2 316891.5 808211.6 87829.5  12195.1 10855.6 10972.1
   280   4.910  -0.000   4.910  5585125.5 348562.6 1050262.9 96772.3  14533.4 12634.0 12269.8
   281 385.460  -0.000 385.460  5913095.2 300868.0 1036172.1 97935.2  15546.3 12365.0 13051.8
   282 406.507  -0.000 406.507  5892719.0 340251.3 1001492.8 92840.6  14623.1  9993.0 12658.0
   283 169.362   0.000 169.362  5835040.3 351053.0 1107719.7 89205.2  13478.5 10524.6 11492.9
   284  90.016   0.000  90.016  5709130.9 352584.0 1110252.2 93131.7  14106.3 12542.6 11822.2
   285 225.727  -0.000 225.727  5736034.5 339022.8 1026751.8 95523.0  14935.2 10276.3 12813.2
   286  28.832   0.000  28.832  5742039.4 279626.9 852913.6 90849.6  12904.9 11919.4 10882.6
   287 610.688  -0.000 610.687  6061964.4 349156.8 1159189.7 98616.2  16032.5 11858.0 13246.9
   288 280.950  -0.000 280.950  5809101.1 336651.6 1461570.7 91865.8  15317.8  9520.6 13572.9
   289 -1131.002   0.001 -1131.001  5298686.9 301982.8 644749.9 77608.6   6700.9 14735.0  5868.8
   290 124.396  -0.000 124.396  5374891.1 331143.0 1138294.7 100259.1  17765.9 15116.7 13524.8
   291 540.680  -0.000 540.679  6083016.1 368763.2 1021807.1 94294.8  16934.2 10096.2 14553.5
   292 -319.382   0.000 -319.382  5610329.1 320660.3 830462.4 83307.4  10894.5  9438.5  9788.6
   293 -1230.282   0.001 -1230.281  4787721.6 285448.0 679522.3 83108.9   8954.8 11743.8  7897.0
   294 697.454  -0.000 697.454  5735118.0 346658.3 1044510.0 105345.6  18401.3 13955.8 14320.9
   295 981.091  -0.001 981.091  6281892.9 477652.8 1186480.9 94010.0  17027.1  8580.8 15895.5
   296 804.057  -0.001 804.057  6208950.7 508130.8 1418572.9 90476.2  16318.0 10632.3 15569.3
   297  82.493   0.000  82.493  6171604.3 302568.2 1101005.9 90083.8  14351.8  8994.3 12902.1
   298   5.971  -0.000   5.970  5671058.5 336533.0 1451818.4 93258.4  16762.8 11840.4 14196.2
   299 -1506.922   0.001 -1506.921  5075421.4 272214.4 656050.7 75867.5   9334.6 10649.1  8052.3
   300 -324.338   0.000 -324.338  5159124.0 398802.8 840301.9 98308.8  11952.8 12946.1  9953.9

         Carbon flux (ktC/yr)        Water (dam3/yr)                Nitrogen (MgN/yr)
       ----------------------- -------------------------- --------------------------------
Spinup NEP     estab   NBP     transp     evap    interc  nuptake ndemand  nlosses ninflux
------ ------- ------- ------- ---------- ------- ------- ------- -------- ------- -------
   301 500.304  -0.001 500.303  5829637.6 368240.2 980086.9 98284.7  15863.6 10429.4 13716.9
   302 -1422.894   0.004 -1422.890  4991756.1 306611.1 592107.1 73796.3   4265.2 12447.8  3950.2
   303 181.471  -0.002 181.468  4654907.7 289706.6 840966.3 95784.3  11602.7 23351.6  9787.1
   304 355.953  -0.001 355.952  5527770.6 353908.9 940041.2 92569.0  14460.5 13767.4 12461.3
   305 725.979  -0.001 725.978  6036899.1 370893.9 938110.6 96345.9  14178.5 14777.5 13452.1
   306 889.923  -0.001 889.922  6313616.1 621456.7 1177354.3 93336.0  13852.1  9587.4 13396.3
   307 -104.743   0.000 -104.743  5881972.3 246797.7 858150.3 78764.9  12226.4 10795.1 10962.9
   308 -1530.809   0.006 -1530.803  4800222.3 299421.2 606574.0 82121.7   4536.7 16292.5  4304.2
   309 475.682  -0.004 475.678  4917523.2 324805.8 762874.0 102580.6  12103.5 15705.0  9769.8
   310 403.244  -0.001 403.243  5704190.1 332115.0 1055514.4 90439.0  14109.6 13595.8 12786.3
   311 284.452  -0.000 284.452  5728000.9 334334.4 730357.0 90637.6  12618.4  9540.3 11331.8
   312 100.642  -0.000 100.642  5521974.8 348753.9 1037781.3 86196.3  11493.0 10084.9 10575.4
   313 444.403  -0.000 444.403  5638081.4 336649.9 1348240.6 96582.0  15132.3 18127.1 13318.0
   314 475.227  -0.000 475.227  5953037.8 327079.3 1158662.6 88970.4  15225.4 12440.8 12763.9
   315 197.596   0.000 197.596  5596889.8 322685.8 880473.1 86855.0  11127.2 13218.3  9961.1
   316 -1440.350   0.009 -1440.341  5080029.8 301207.6 616493.6 74028.0   5916.4 14233.5  5362.6
   317 -282.190  -0.007 -282.197  4979131.5 266352.6 776091.3 88762.5  14692.5 14033.5 11472.9
   318 -55.194  -0.000 -55.194  5132359.7 252813.9 778630.5 87752.6  12451.1 12972.2 10492.2
   319 1053.281  -0.001 1053.280  5796004.9 509064.7 1274761.3 101070.0  16659.6 14153.5 15505.9
   320 286.497  -0.000 286.497  6131203.6 247557.2 1010534.3 83986.2  11648.5 12255.1 11599.9
   321 175.833  -0.000 175.833  5925696.3 345279.1 1014753.6 93598.5  16721.9  9473.4 13846.7
   322  19.001  -0.000  19.001  5852631.2 354672.6 1059259.1 86868.4  14892.3 10813.3 12776.6
   323 -611.850   0.001 -611.849  4996840.5 251887.2 1073153.4 79588.1   9953.8 20705.1  9400.9
   324 -1544.416   0.001 -1544.415  4862501.9 270210.5 590393.1 80283.1  11776.9 12278.3  9428.8
   325 -200.374  -0.000 -200.374  5068717.9 251093.2 754058.7 91628.2  16911.4 12458.1 12396.9

         Carbon flux (ktC/yr)        Water (dam3/yr)                Nitrogen (MgN/yr)
       ----------------------- -------------------------- --------------------------------
Spinup NEP     estab   NBP     transp     evap    interc  nuptake ndemand  nlosses ninflux
------ ------- ------- ------- ---------- ------- ------- ------- -------- ------- -------
   326  97.864   0.000  97.864  4779680.2 265849.9 953724.6 85775.9   9836.1 22914.9  9399.3
   327  93.250  -0.000  93.250  5510405.1 333099.8 849395.6 93069.4  12686.1 11474.6 11283.1
   328 -939.430   0.004 -939.426  5197132.3 304170.6 548188.5 77686.8   7055.4 11900.5  7064.6
   329 -128.317  -0.002 -128.320  5165860.5 342987.1 813424.5 92710.0  11478.4 11568.3 10660.0
   330 -17.573  -0.000 -17.573  5703421.0 258144.4 792987.4 79691.4  15522.8 10562.8 14715.3
   331 134.948  -0.000 134.948  5466087.7 332453.5 842078.1 95939.6   9628.2 10464.5  9747.7
   332   9.608  -0.000   9.608  5807014.0 250060.6 952103.4 86272.8  13298.8 10509.0 13013.6
   333 187.608  -0.000 187.607  5893690.4 303066.7 960087.6 91950.1  16624.1  7617.9 14507.0
   334 960.857  -0.001 960.857  6310715.0 553864.3 1013428.6 96610.9  18458.7  7497.9 16354.4
   335 930.036  -0.001 930.036  6471879.2 563097.0 1063205.8 93129.0  16437.0  6480.3 15130.9
   336 761.874  -0.000 761.874  6211033.9 509336.2 1418289.9 88690.8  16719.3  9379.6 15762.3
   337  -6.598   0.001  -6.597  6078499.5 259909.2 939714.5 76479.4  14168.3 10249.7 13297.8
   338 -278.745   0.000 -278.744  5616515.0 246058.6 1068090.6 92955.2  13652.7 15908.6 12445.6
   339 -621.434   0.000 -621.434  5600431.8 246408.3 865356.8 78556.5  16456.8  9550.5 13305.4
   340 637.447  -0.000 637.447  5933205.8 551086.0 1062100.6 103039.3  20287.1  8083.0 16366.6
   341 -21.349  -0.000 -21.350  5825856.4 356849.0 1086847.1 82749.9  13757.1  7857.8 12260.6
   342 -1309.889   0.004 -1309.885  5011947.6 302581.1 614901.7 78840.3   6471.6 14733.0  5957.7
   343 467.219  -0.003 467.216  5702052.0 621816.9 1143273.2 98991.8  17158.4 10440.9 14361.7
   344 -196.835  -0.000 -196.835  5699266.1 322010.3 787060.1 81850.5  11433.2  8231.0 10691.0
   345 -416.686   0.000 -416.685  4913147.9 271853.4 962295.0 88735.4  10216.8 15541.5  9817.6
   346 -208.611  -0.000 -208.611  5753315.0 441905.3 785397.2 92010.6  19314.3  8823.1 15042.0
   347 -89.396  -0.000 -89.396  5393610.1 338250.2 736777.8 88871.9  13098.4  7247.9 11963.2
   348 -309.216   0.000 -309.216  5364340.1 339574.1 906648.7 86190.1   9858.6  9240.5  9425.1
   349  76.294  -0.000  76.293  5635191.2 329277.7 1107422.5 92857.6  17387.5 10549.5 14316.9
   350 724.569  -0.001 724.568  6231888.7 347266.0 1086005.2 94635.9  16480.4 11629.0 14727.8

         Carbon flux (ktC/yr)        Water (dam3/yr)                Nitrogen (MgN/yr)
       ----------------------- -------------------------- --------------------------------
Spinup NEP     estab   NBP     transp     evap    interc  nuptake ndemand  nlosses ninflux
------ ------- ------- ------- ---------- ------- ------- ------- -------- ------- -------
   351 -248.772   0.000 -248.771  5768727.8 246178.0 860756.2 76410.0  12982.2  9933.8 11378.9
   352 -437.786   0.000 -437.786  5221937.4 322957.4 811142.4 90543.1  10396.6 10257.5  9090.5
   353 -1234.626   0.001 -1234.625  4695304.2 286166.9 664654.4 81281.0   8450.3 11184.4  7613.5
   354 -1681.049   0.008 -1681.041  4352648.9 317908.7 543244.2 80782.1   4921.3 14631.0  4634.6
   355 186.183  -0.005 186.178  4870881.8 276442.6 630898.2 87285.0  15631.0 15438.4 11801.3
   356 1071.739  -0.002 1071.737  5475055.2 331667.7 916890.7 93779.5  12626.2 17999.6 11909.9
   357 231.603  -0.001 231.602  5706492.5 405420.0 747469.7 82958.6  10399.2 11244.4 10394.1
   358 433.879  -0.001 433.879  5658105.4 330601.8 1034088.3 90055.0  13536.6 12906.4 12249.2
   359 277.907  -0.001 277.907  5765990.6 336732.8 717285.8 88849.2  13080.4 13567.6 11785.5
   360 308.461  -0.000 308.461  5462302.1 340123.0 1305795.9 90211.5  13895.9 22936.7 12872.0
   361 756.054  -0.000 756.053  6145327.2 508611.9 1346725.4 90343.7  17612.7 13477.2 16529.3
   362 289.897   0.000 289.897  5931312.2 338307.1 1370649.0 86561.7  14734.1  9968.7 13861.6
   363 102.894   0.000 102.894  5636035.5 324639.8 876255.6 85781.5  11744.4 12406.4 10730.3
   364 -592.406   0.001 -592.405  5528052.8 317239.4 821382.8 82031.4  11707.8  9863.6 10569.8
   365 -504.765   0.000 -504.764  4793479.2 259546.8 1051810.1 82997.3  10874.3 19770.7 10132.8
   366  28.378   0.000  28.378  5346876.2 329273.6 818628.9 92940.3  13310.3 14012.0 11720.7
   367 113.903  -0.000 113.903  5863405.8 344716.9 987761.8 90225.8  16286.7  8475.5 14096.4
   368  20.732  -0.000  20.732  5700942.2 338166.6 748934.0 88536.4  14444.5  8054.2 13040.0
   369  72.897  -0.000  72.897  5663781.0 298517.0 1022676.5 90236.7  15298.7  8105.0 12995.8
   370 653.006  -0.001 653.005  6169093.9 616801.2 1217346.7 93698.2  15937.4  8242.5 14563.5
   371  29.491   0.000  29.491  6112274.1 245333.6 1059241.3 85337.9  12820.5 11854.0 12258.5
   372 -103.570   0.000 -103.570  5796308.7 355359.0 1087620.3 89004.1  16143.1 10399.2 13099.0
   373 -177.531   0.000 -177.531  5536318.3 451859.8 1265905.0 88947.0  13005.2 15540.9 11005.5
   374  12.950  -0.000  12.950  5789697.5 340470.9 987094.5 91074.1  17472.9  9107.4 14584.8
   375 546.640  -0.000 546.640  6164241.0 617977.9 1237461.2 91384.3  16160.4  8119.1 15022.2

         Carbon flux (ktC/yr)        Water (dam3/yr)                Nitrogen (MgN/yr)
       ----------------------- -------------------------- --------------------------------
Spinup NEP     estab   NBP     transp     evap    interc  nuptake ndemand  nlosses ninflux
------ ------- ------- ------- ---------- ------- ------- ------- -------- ------- -------
   376  60.095  -0.000  60.095  6046282.8 457174.1 895823.1 84793.1  16496.6  8796.6 14507.7
   377 655.280  -0.001 655.280  6128388.9 561601.1 1116062.7 101534.3  18476.8  8539.9 15552.9
   378 660.636  -0.000 660.635  6283998.3 619712.8 1300573.5 90450.9  14778.8  7230.8 13596.9
   379 -1106.164   0.002 -1106.163  5300177.3 283466.1 730609.1 73417.1   9312.0 10093.2  8397.4
   380 -1693.434   0.002 -1693.432  4254473.9 279408.2 621926.6 81884.2   7321.0 10439.6  6388.1
   381 1126.671  -0.001 1126.670  5486482.8 405150.3 1057480.0 107773.1  18448.1 11403.6 14468.6
   382 821.724  -0.001 821.723  6196210.4 373127.8 957788.2 88704.0  13730.9  9095.2 13672.2
   383 -1378.743   0.001 -1378.742  4894641.0 277788.6 608200.7 72308.0   7417.2  9014.8  6836.0
   384 210.338  -0.000 210.338  5161779.2 480220.2 1098033.5 98925.2  13228.8 21389.7 11762.0
   385  45.708  -0.000  45.708  5550519.7 455888.1 1145854.7 86743.5  11879.2 18285.9 11108.9
   386 -51.956  -0.000 -51.956  5860177.1 260338.6 839396.3 79870.1  14680.5 12724.7 14161.7
   387 720.988  -0.001 720.987  5971035.9 351707.8 1044073.4 102643.2  15361.8 17027.5 14228.5
   388 859.539  -0.001 859.538  6422649.4 351697.2 1089833.2 92891.1  14811.8 11090.9 13702.0
   389 555.489  -0.000 555.489  6297248.6 481000.2 1235369.1 90792.7  16822.8  9594.2 16091.7
   390 -397.477   0.001 -397.476  5751058.1 245586.5 887134.6 77021.3  13534.5 10132.5 12089.6
   391 -597.571   0.001 -597.570  4789741.9 257175.9 1093762.3 86761.2  10149.3 20721.3  9416.5
   392 -489.003   0.001 -489.003  5531787.0 396964.3 850615.8 93151.3  16010.8 11482.2 12789.6
   393  58.336   0.000  58.336  5314247.4 328793.7 834676.4 89212.7  12043.6 10673.8 11096.2
   394 -263.310   0.000 -263.310  5638922.8 358733.3 1026999.6 87337.9  15492.2  9208.6 13410.4
   395 -1108.823   0.001 -1108.822  4973733.4 283600.2 651765.3 79067.9  10027.8 11801.7  9306.9
   396 596.357  -0.001 596.356  5656100.2 474521.0 1120475.5 102003.8  21058.3 10090.8 17140.2
   397 153.745  -0.000 153.744  5941736.1 260956.8 865114.3 77908.1  13879.5 10146.9 13629.6
   398 -297.007   0.000 -297.007  5379921.4 248925.1 830742.5 87456.1  12769.2 14154.5 11442.2
   399 165.998  -0.000 165.998  5430231.6 347174.4 955381.8 99016.2  13924.4  8353.1 12478.3
   400 547.185  -0.000 547.184  5910438.3 403683.8 1200709.2 94049.9  16845.5  7960.2 15549.1

         Carbon flux (ktC/yr)        Water (dam3/yr)                Nitrogen (MgN/yr)
       ----------------------- -------------------------- --------------------------------
Spinup NEP     estab   NBP     transp     evap    interc  nuptake ndemand  nlosses ninflux
------ ------- ------- ------- ---------- ------- ------- ------- -------- ------- -------
   401 -717.856   0.001 -717.855  5184804.1 252336.4 1094407.9 75541.8   9348.8 17852.3  9309.0
   402 -282.294   0.000 -282.293  5746184.8 445813.4 799643.4 97844.0  19475.8  9802.4 14797.2
   403 609.865  -0.001 609.864  5839902.6 513182.0 1343053.8 92969.0  18257.6 10105.5 16786.8
   404 -113.082  -0.000 -113.082  5929402.4 400275.4 881402.1 86207.2  12793.7  8803.1 11931.7
   405 -1665.551   0.002 -1665.550  4734464.8 275261.1 627185.8 75453.3   8217.0  9407.5  7548.0
   406 410.294  -0.001 410.293  5391939.0 300392.2 933292.4 106778.9  15383.3 11687.7 12595.2
   407 1125.187  -0.001 1125.186  6194367.1 619452.2 1146258.1 96494.4  14057.2  8315.3 13805.7
   408 620.679  -0.001 620.678  6348036.1 375529.1 1016385.9 92029.3  14090.3  9606.5 13715.6
   409 234.064  -0.000 234.064  5995713.4 348155.9 1054197.8 94101.8  14769.7  8864.7 13013.3
   410 676.610  -0.000 676.609  6318574.1 349090.0 1150621.1 97808.7  16095.5 11961.2 13998.9
   411 725.203  -0.000 725.203  6435949.7 349142.1 1177172.6 95398.8  15311.5 11881.9 13418.6
   412 -135.890   0.001 -135.889  6060630.8 446462.5 896665.0 88001.5  14105.6  8538.3 12166.0
   413 -1823.152   0.003 -1823.149  4510184.7 275102.3 665757.6 76132.2   7216.7  9996.2  6441.2
   414 716.393  -0.002 716.392  5278113.9 351695.6 1256216.5 107519.3  14822.2 16193.7 12467.8
   415 456.514  -0.001 456.513  6058502.6 440021.4 802251.7 89072.8  13553.8 10023.4 12154.0
   416 982.767  -0.001 982.766  6207653.5 555374.4 1075776.9 101311.7  15766.6  9494.0 14101.8
   417 -217.685   0.000 -217.685  5583920.3 321192.0 843675.4 81217.5   8877.5  9678.8  8042.7
   418 187.798  -0.000 187.798  5606827.8 326564.4 1193983.6 100650.0  15071.3 13709.9 12167.0
   419 812.102  -0.001 812.101  6348261.2 345529.3 1159353.8 99091.9  15956.0 12235.7 13355.0
   420 249.855   0.000 249.855  6086283.2 259063.0 954723.9 81649.2  13381.7 11544.6 11796.4
   421 627.964  -0.000 627.964  5854941.2 402303.0 1288718.0 106239.2  16468.2 12080.0 13923.6
   422 -141.622   0.001 -141.622  5962671.5 329300.0 1029897.9 88015.2  10617.7 10252.3  9474.0
   423 -574.045   0.000 -574.044  5609512.8 246209.2 911789.8 82881.6  15192.2 10014.6 12073.8
   424 -124.234   0.000 -124.234  5334210.0 473767.6 1277801.3 97564.6  13453.0 16050.4 10914.8
   425 -1214.410   0.001 -1214.409  5109730.6 284288.8 689866.0 79794.2  10812.0 11968.4  9279.6

         Carbon flux (ktC/yr)        Water (dam3/yr)                Nitrogen (MgN/yr)
       ----------------------- -------------------------- --------------------------------
Spinup NEP     estab   NBP     transp     evap    interc  nuptake ndemand  nlosses ninflux
------ ------- ------- ------- ---------- ------- ------- ------- -------- ------- -------
   426 -201.395  -0.000 -201.395  5317019.3 437792.9 838210.9 94841.9  18738.5 10388.5 14290.7
   427 128.047  -0.000 128.047  5533727.4 252118.5 1005522.0 95607.7  12633.9 13752.0 11911.3
   428 203.567  -0.000 203.567  5691927.7 332551.3 1132620.2 94386.1  16721.2  9896.5 13617.7
   429 -732.448   0.001 -732.447  5074274.5 254539.4 1072668.0 77833.5   9635.5 19097.3  9344.6
   430 324.306  -0.000 324.306  5967128.6 353074.7 1056699.7 101613.6  21365.0 13298.8 16479.6
   431 -377.529  -0.000 -377.529  5668219.1 323826.5 792129.8 82586.4  11638.0  8715.4 10805.4
   432 -217.680   0.000 -217.680  5659012.6 441542.5 808798.7 95842.8  14872.0  8444.9 12871.8
   433 153.737  -0.000 153.737  5641018.0 303122.0 1022755.7 95338.1  15312.3  8647.2 13113.5
   434  19.732  -0.000  19.732  5885812.4 440535.8 828963.8 93431.9  14908.9  7447.0 12629.4
   435   3.094  -0.000   3.094  5453816.8 472137.2 1249895.7 90016.7  11638.8 14833.2 10370.7
   436 -22.875   0.000 -22.875  5671121.9 338637.7 782470.8 95463.6  15270.8 10501.9 12729.1
   437 -532.224   0.000 -532.224  5164194.8 340065.7 812285.0 82953.6   9141.7 10192.1  8515.2
   438 306.196  -0.000 306.196  5775379.2 366445.7 1021530.9 103464.3  16693.9 11285.5 13620.6
   439 -14.915  -0.000 -14.915  5632630.8 462593.6 1264855.1 89029.7  11449.3 14573.1 10135.7
   440 554.664  -0.000 554.664  6200655.1 616257.4 1248415.3 96653.5  17005.6 10960.3 15049.9
   441 -988.915   0.001 -988.914  5388604.1 283356.4 708753.1 74834.8   9088.7 11786.3  8227.3
   442  73.225   0.000  73.225  5455129.3 339978.1 1031327.9 103772.3  16134.1 11128.7 12685.5
   443 -126.255   0.000 -126.255  5631177.8 452173.7 1259383.1 88526.5  12030.3 15711.5 10666.0
   444 264.790  -0.000 264.789  6060232.8 368954.8 1028002.3 96564.1  18184.2 10857.7 15129.9
   445 -750.298   0.001 -750.297  5111834.6 253099.2 1095458.4 77102.9   9529.5 20481.7  9180.6
   446 -383.843   0.001 -383.842  5577525.5 331454.1 918127.7 96560.7  15245.0 13214.0 11861.0
   447 -1047.437   0.001 -1047.436  5197381.8 303504.6 581855.1 80499.1   7617.7 13532.8  7334.7
   448 -535.427   0.000 -535.426  4956377.9 343470.2 726983.4 91902.4  12133.2 11890.3 10462.0
   449 -1376.333   0.002 -1376.331  4717734.7 303727.5 551751.6 80779.7   4816.3 14473.2  4414.5
   450 1142.126  -0.002 1142.124  5717105.9 477624.0 984573.1 106131.9  20131.4 14643.6 16242.3

         Carbon flux (ktC/yr)        Water (dam3/yr)                Nitrogen (MgN/yr)
       ----------------------- -------------------------- --------------------------------
Spinup NEP     estab   NBP     transp     evap    interc  nuptake ndemand  nlosses ninflux
------ ------- ------- ------- ---------- ------- ------- ------- -------- ------- -------
   451 765.480  -0.001 765.479  6050000.4 306119.0 920266.2 88715.1  12640.2 10506.3 12099.1
   452 -241.132   0.000 -241.132  5214000.4 270823.7 924957.2 82860.7   8591.4 19492.4  8216.0
   453 -200.456  -0.000 -200.456  5749582.6 257709.3 841543.5 83667.9  15389.2 16201.9 13909.6
   454 141.661  -0.000 141.661  5472818.2 335091.1 722929.0 99942.3  12162.4 12612.3 10976.8
   455 747.458  -0.001 747.457  6043566.1 344884.7 1080916.3 95722.1  13361.0 12836.9 12267.8
   456 303.303  -0.000 303.303  5918185.3 331137.3 1165668.0 89814.7  13838.7 11601.3 12249.2
   457 -69.798   0.000 -69.798  5987514.4 434291.5 851751.7 90357.0  14279.3  9918.6 12302.9
   458 -264.432   0.000 -264.432  5571214.9 329007.2 974058.2 91024.5   9558.9 12313.9  8797.2
   459 -452.245   0.000 -452.244  5435212.6 321655.5 820237.6 86923.5  11773.7 10321.0  9963.7
   460 740.822  -0.000 740.821  5804653.9 397011.1 1209409.5 105209.2  18194.8 10462.3 14786.0
   461 1033.167  -0.001 1033.166  6536050.4 550481.6 1119338.6 97415.1  17087.2  7428.5 14631.3
   462 -248.592   0.001 -248.591  5583353.6 322758.4 872219.3 78883.7   8920.5  8319.2  7923.3
   463 -117.365   0.000 -117.365  5542496.2 439931.9 919541.2 93053.8  16214.8 10064.6 12845.9
   464 -1692.665   0.003 -1692.662  4366780.5 283119.5 648214.1 79035.2   5828.7  8947.6  5229.9
   465 488.604  -0.001 488.603  5237647.4 362552.8 871070.0 101424.4  13556.6  9934.0 11013.0
   466 1107.916  -0.001 1107.915  5929880.3 401096.7 1130249.0 97857.9  14662.6  8987.5 13558.3
   467 568.455  -0.001 568.454  5956859.6 329824.1 1145574.5 87087.5  12868.2 11183.1 11445.4
   468 384.685  -0.000 384.684  5993188.2 343820.4 1049714.2 94184.2  14452.8 13442.5 11937.0
   469 327.314  -0.000 327.314  6023781.5 343385.0 1067660.7 93733.8  15106.6 12244.0 12311.5
   470 -1062.741   0.001 -1062.739  5196944.8 279584.2 705892.9 75006.1   8727.4 12931.1  7691.2
   471  60.837   0.000  60.838  5434268.2 249008.5 1012727.3 98977.0  14694.2 15261.5 12581.0
   472 150.929  -0.000 150.929  5685490.0 345121.9 964992.3 92974.3  15442.8  7585.6 13215.0
   473 -332.374   0.000 -332.374  5434862.5 323869.1 808277.8 83158.0  10247.6  7727.9  9245.8
   474  -5.126  -0.000  -5.126  5497831.5 436730.6 863858.4 93219.2  16343.2  9845.5 13284.3
   475 -242.347   0.000 -242.347  5261909.4 327760.2 770266.6 93782.8  10324.6  7629.4  8357.5

         Carbon flux (ktC/yr)        Water (dam3/yr)                Nitrogen (MgN/yr)
       ----------------------- -------------------------- --------------------------------
Spinup NEP     estab   NBP     transp     evap    interc  nuptake ndemand  nlosses ninflux
------ ------- ------- ------- ---------- ------- ------- ------- -------- ------- -------
   476 997.989  -0.001 997.988  5843955.2 505905.2 1361598.0 99284.7  18029.8 10934.5 15303.5
   477 325.194  -0.000 325.194  5982849.4 352214.3 1103446.8 84773.1  12372.8 10713.1 11138.5
   478 -295.676   0.000 -295.675  5625486.1 397526.3 912892.2 89657.7  11245.2 12845.3 10174.8
   479 -1554.275   0.007 -1554.267  4864344.9 298767.2 623856.6 76917.6   5074.7 13738.8  4511.5
   480 -961.242  -0.003 -961.245  4380579.9 309393.2 591496.0 86244.0   8767.5 14995.8  7196.2
   481 185.523  -0.001 185.522  5144611.2 342414.9 800716.9 99426.7  10752.2 12997.1  9395.3
   482 -54.615  -0.001 -54.615  5395559.2 257385.6 738739.9 82969.2  13431.5 11381.3 11895.8
   483 583.755  -0.001 583.754  5415653.6 473517.6 1087681.1 91449.0  10461.8 20438.1 10066.7
   484 262.671  -0.000 262.671  5682143.5 332578.0 715377.1 92423.4  12642.7 14421.2 11298.6
   485 251.459  -0.000 251.459  5689383.9 339336.0 989653.9 90951.5  12398.7 10433.6 11374.3
   486 243.668  -0.000 243.668  5839930.9 337497.4 962555.9 92027.0  13576.5  9138.1 12347.7
   487 171.766   0.000 171.766  5772609.8 345485.5 1068573.1 88103.3  12814.0 10209.9 11250.5
   488 -491.830   0.001 -491.829  4985209.7 251357.0 1080588.2 80400.5   9064.3 24815.2  8643.2
   489 -1138.716   0.001 -1138.715  5058636.8 277797.3 652021.5 83217.7  11423.3 16093.9  9283.5
   490 701.553  -0.001 701.552  5696730.4 500299.7 1285382.8 101077.4  21306.4 14373.7 17068.4
   491 368.930  -0.000 368.929  6022695.7 350450.0 1038393.2 83755.4  13312.8 10788.1 12134.3
   492 735.733  -0.000 735.733  6179318.5 346792.9 1109168.5 97444.8  15177.2 15672.8 13581.1
   493 268.713  -0.000 268.713  6084652.3 345818.4 1060518.8 89442.4  14875.5  9606.1 12908.4
   494 100.741   0.000 100.741  6004576.0 302440.0 1078033.1 90191.4  16079.4 10246.3 13580.1
   495 -37.762   0.000 -37.761  5775460.1 281077.9 840050.6 89021.6  14126.1 13302.5 11715.9
   496 -1724.834   0.004 -1724.831  4573110.8 274373.7 636607.7 73169.1   7714.4  9689.1  6744.0
   497 -903.398  -0.001 -903.398  4365616.4 297577.0 589723.4 87876.9   8097.4 14794.3  6725.6
   498 -150.543  -0.000 -150.543  4899592.9 260293.7 723180.1 91498.6  14413.7 13135.6 11501.6
   499 -706.809   0.001 -706.808  4531757.9 295255.4 580197.1 81990.4   6246.4 11916.3  5782.8
   500 -968.773   0.001 -968.773  4265502.6 300325.5 558342.8 86672.1   7406.8 13155.2  6907.3

         Carbon flux (ktC/yr)        Water (dam3/yr)                Nitrogen (MgN/yr)
       ----------------------- -------------------------- --------------------------------
Spinup NEP     estab   NBP     transp     evap    interc  nuptake ndemand  nlosses ninflux
------ ------- ------- ------- ---------- ------- ------- ------- -------- ------- -------
   501 570.831  -0.001 570.830  5158059.9 368461.1 783748.2 98268.1  13663.2  9914.9 12044.7
   502 132.128  -0.001 132.127  4910240.5 268204.6 908486.3 78402.3   8438.2 23382.0  9011.2
   503 -85.555  -0.000 -85.555  5400270.4 252686.0 739429.8 83608.6  13866.8 13704.0 12201.7
   504 187.159  -0.000 187.159  5482452.2 329647.6 837655.8 95216.5   9374.9 10608.8  9100.6
   505 173.274  -0.000 173.273  5447082.1 326833.0 787551.2 86950.4  10888.2  9731.8 10415.3
   506 553.075  -0.001 553.074  6161084.1 345864.6 1034513.9 94207.9  15743.0  9900.8 14392.1
   507 112.258  -0.000 112.258  5844592.6 351274.0 1025740.7 82470.2  13157.5  9086.0 12264.6
   508 162.144   0.000 162.144  5807709.4 255391.4 881949.8 82497.8  13918.8 15374.6 13037.3
   509 395.453  -0.000 395.453  5797060.1 299910.0 1019203.8 98418.7  14968.8 13055.5 12561.2
   510 -48.211   0.000 -48.210  5686295.2 450741.1 1238452.6 83289.9  11927.1 19647.0 10513.1
   511 -548.428   0.001 -548.427  5222714.7 270653.6 982968.6 82593.7  11255.5 18922.6 10104.0
   512 -796.403   0.001 -796.403  4979897.7 255175.5 1017744.3 77941.2  12898.1 17482.3 10903.9
   513 -62.541  -0.000 -62.541  5521094.7 345389.8 696039.4 91480.8  19548.1  9653.5 15559.3
   514 150.790  -0.000 150.790  5395834.6 346519.1 1267381.0 83880.7  15574.2 10629.8 14703.3
   515 475.676  -0.000 475.676  5984138.4 510122.8 1304489.6 86205.9  18397.7 14208.1 17683.0
   516 358.004  -0.000 358.004  6085730.9 404043.2 1178493.8 86274.5  17451.1  8215.1 16669.1
   517 504.986  -0.000 504.986  6307414.7 555272.1 1072980.8 89967.2  18363.0  7726.3 16854.5
   518 -1144.961   0.003 -1144.958  5244702.7 304048.6 614562.9 72683.1   6983.8 12820.5  6719.5
   519 -10.649  -0.002 -10.651  5268963.3 332533.1 1080386.9 93731.9  17850.3 13613.7 14295.1
   520 -366.488   0.001 -366.487  5128962.4 270663.4 936277.4 80585.8  10681.5 15568.3 10225.5
   521 -793.897   0.001 -793.896  4925397.2 255526.7 982843.7 78696.8  12373.0 17754.2 11061.3
   522 -1534.897   0.001 -1534.896  4824736.0 275067.5 544270.4 79093.3  12854.6 10954.8 10714.3
   523 523.461  -0.001 523.460  4930547.7 327505.1 721654.0 99626.2  13948.7 13437.2 11995.0
   524  22.082  -0.001  22.081  5544053.4 465791.5 1075028.1 83559.5  11943.7 13004.7 11681.0
   525 448.376  -0.001 448.375  6032189.8 619936.6 1086818.8 89709.8  16030.1  8970.9 16164.9

         Carbon flux (ktC/yr)        Water (dam3/yr)                Nitrogen (MgN/yr)
       ----------------------- -------------------------- --------------------------------
Spinup NEP     estab   NBP     transp     evap    interc  nuptake ndemand  nlosses ninflux
------ ------- ------- ------- ---------- ------- ------- ------- -------- ------- -------
   526 412.374  -0.001 412.373  6096233.5 405205.0 1124857.0 87952.3  16588.0  8626.9 16562.5
   527 532.197  -0.001 532.196  6334865.1 554856.9 1038833.1 91436.8  17551.3  7923.7 16730.9
   528  63.698  -0.000  63.698  6011967.2 345351.7 1028307.9 88255.6  15121.6  8843.9 13522.8
   529 -96.373  -0.000 -96.374  5760237.2 332925.4 777190.7 88400.5  14677.6  9319.9 12840.6
   530  79.751  -0.000  79.751  5563511.0 328349.9 1168316.8 89344.0  15158.2 11340.7 12878.5
   531 -1020.381   0.001 -1020.380  5140683.9 276565.7 688230.7 75605.7   9449.9 12458.1  8434.2
   532 -146.098   0.000 -146.098  5165035.6 281842.6 782498.2 95649.8  14148.7 14629.9 11396.0
   533 207.833   0.000 207.833  5118572.2 322860.3 832373.3 91875.5  11137.0 11507.1  9684.1
   534 -458.988   0.000 -458.988  5339750.4 252445.5 822578.8 80367.9  14077.9  9844.5 11887.3
   535 -296.339   0.000 -296.339  5101003.7 250142.4 814869.0 88485.7  12778.3 11295.3 10764.2
   536  22.507   0.000  22.507  4774910.1 283920.2 928730.5 94101.3  10682.1 17348.6  9343.4
   537 169.801   0.000 169.801  5181103.7 330023.0 816429.1 90130.8  12654.2  9916.3 11226.7
   538 -1660.205   0.002 -1660.203  4729446.0 278922.2 590043.6 71826.1   8577.0  7516.9  8243.2
   539 1008.076  -0.001 1008.075  5633776.4 472134.9 1034634.3 106654.4  20149.7  9789.3 16480.0
   540  56.238  -0.001  56.238  5548003.9 321175.0 743833.4 78259.1   9508.6  6911.6  9476.6
   541 401.873  -0.001 401.872  5794939.6 367364.8 956029.2 96799.8  14841.3  8816.9 13898.0
   542 -194.063  -0.000 -194.063  5546806.4 246545.0 820217.6 79691.4  12857.2  8105.5 11399.4
   543 276.393  -0.000 276.393  5547688.3 248961.3 997545.3 95415.8  12602.0 12563.9 11752.9
   544 -135.474   0.000 -135.474  5645623.9 328588.3 923925.6 89741.7  10765.9  7654.9  9824.5
   545  66.070  -0.000  66.070  5707016.0 337429.5 958780.4 90391.1  15270.1  5986.2 13534.1
   546 -319.566   0.000 -319.566  5346744.0 331779.9 788740.3 82424.3  10274.0  6566.1  9612.9
   547 -1520.564   0.003 -1520.562  4396103.9 278381.9 603291.1 79650.2   6983.6  7663.8  6548.1
   548 1214.857  -0.001 1214.856  5698462.6 344466.1 961769.0 107310.7  18455.2 12317.9 13965.9
   549 846.279  -0.001 846.278  6009832.2 344013.8 948471.4 87390.2  12762.9  6618.3 12002.8
   550 250.766  -0.000 250.765  5687932.0 327891.7 748681.7 87626.1  11525.7  6292.4 10158.3

         Carbon flux (ktC/yr)        Water (dam3/yr)                Nitrogen (MgN/yr)
       ----------------------- -------------------------- --------------------------------
Spinup NEP     estab   NBP     transp     evap    interc  nuptake ndemand  nlosses ninflux
------ ------- ------- ------- ---------- ------- ------- ------- -------- ------- -------
   551 314.574  -0.000 314.574  5763058.6 372534.5 1008098.4 91094.2  13765.8  7360.5 12700.0
   552 778.571  -0.000 778.571  6205441.8 602314.0 1237749.6 94089.6  14003.5  5905.5 13148.6
   553 845.668  -0.000 845.667  6471958.2 341838.6 1155561.2 93331.9  14677.8  7993.0 13053.3
   554  85.101   0.000  85.101  5601329.8 317862.0 916148.9 84418.8  10614.2  8012.4  9356.2
   555 -260.924   0.000 -260.924  5667592.7 334912.0 1031764.9 86648.4  15219.6  5604.5 13375.6
   556 -482.907   0.001 -482.907  5322695.9 325079.6 834379.4 82495.5  11291.7  5936.8  9950.3
   557 -270.439   0.001 -270.438  5218829.6 329944.1 778597.3 95043.3  13909.2  5872.6 11411.7
   558  -7.853  -0.000  -7.853  5290062.2 352906.6 1059390.5 85041.1  13523.9  6973.0 11406.3
   559 -152.972   0.000 -152.972  5369711.8 247931.5 846895.2 84536.2  13785.7  9393.7 11664.3
   560 266.397  -0.000 266.397  5524915.0 255453.9 887089.5 87392.0  13980.2 10773.6 12370.9
   561 851.070  -0.001 851.069  5752472.2 397216.8 1202065.6 103417.7  16200.4  8311.1 14281.8
   562 -993.082   0.001 -993.081  5233294.4 279428.9 696776.7 69647.9   8396.4  7364.3  7671.7
   563 -1569.215   0.008 -1569.207  4455179.3 313243.9 578589.8 78196.0   4647.4 10755.4  4714.3
   564 878.856  -0.006 878.850  5452289.9 389190.5 814377.1 98899.7  16618.8  8968.4 13744.3
   565 578.600  -0.001 578.599  5381159.7 329283.6 741645.5 85047.8   9601.7  7891.5  9305.5
   566 -64.380  -0.000 -64.381  5512218.6 477216.2 1094242.5 81499.7  11046.4 14493.1 11324.9
   567 -191.318  -0.000 -191.318  5591999.4 398166.4 788477.5 87193.1  13035.2 22237.0 12186.2
   568 675.375  -0.001 675.374  5867293.9 400417.2 1102398.0 94683.9  17150.8 17448.7 15746.4
   569 370.971  -0.000 370.970  6063926.3 257217.1 858531.0 78689.4  12987.6 27810.4 12441.4
   570 309.821  -0.000 309.821  5326860.7 322452.0 838154.2 95723.4  10187.4 25503.1  9110.9
   571  -4.846   0.001  -4.846  5446389.8 322889.2 850935.2 86807.4  10659.1 15507.8  9797.7
   572 436.018  -0.001 436.018  6096124.8 471044.6 1189967.2 95346.4  18632.6 11880.2 16821.5
   573 101.616   0.000 101.616  5981580.1 243465.3 1039038.0 84968.3  12595.0 12365.2 12102.8
   574 597.194  -0.001 597.193  6207010.9 612603.2 1230451.0 94823.0  17039.0  9201.0 14862.2
   575 -408.445   0.001 -408.444  5427988.4 268531.8 1022785.7 77313.8   9413.4 25500.4  9039.1

         Carbon flux (ktC/yr)        Water (dam3/yr)                Nitrogen (MgN/yr)
       ----------------------- -------------------------- --------------------------------
Spinup NEP     estab   NBP     transp     evap    interc  nuptake ndemand  nlosses ninflux
------ ------- ------- ------- ---------- ------- ------- ------- -------- ------- -------
   576 -33.603   0.000 -33.603  5792080.2 301476.7 1030212.1 96995.8  19340.9 18092.2 15165.1
   577 -179.417   0.000 -179.416  5634573.5 245162.2 845344.5 78757.1  14815.0 11200.2 12569.2
   578 408.766  -0.000 408.766  5638452.9 340497.7 1018712.8 100962.7  15582.6 10267.1 12694.0
   579 465.026  -0.000 465.025  6113051.8 369724.2 1030102.9 92150.4  16100.4  9124.4 14291.5
   580  72.269  -0.000  72.269  5866531.2 455295.1 886972.4 84952.2  16431.0  8746.7 14001.5
   581 197.033  -0.000 197.033  5750903.8 299251.8 1071460.5 96716.8  15030.7  9095.2 12480.4
   582 -88.769   0.000 -88.769  5632471.2 453287.4 1292459.7 88717.7  12503.2 13692.1 10569.4
   583  -2.141   0.000  -2.141  5797859.7 281058.7 833202.1 91736.5  15294.6 12139.0 12589.7
   584 -141.002   0.000 -141.002  5488583.1 280232.6 829053.3 89960.9  13346.9 11351.6 11087.9
   585 139.697  -0.000 139.697  5628778.2 342890.1 1044167.3 94579.7  15555.5  8268.4 12613.3
   586 -398.147   0.001 -398.146  5129830.1 270548.7 1012531.2 85430.6  10231.7 13855.5  9327.2
   587 -43.991   0.000 -43.991  5537941.2 339811.2 756807.6 95946.6  18337.3  8435.2 14357.3
   588 -452.880   0.000 -452.880  5155351.1 343517.1 782936.7 81326.0  10037.7  7222.6  9399.6
   589 736.668  -0.001 736.667  5838076.4 473440.9 1179155.8 103452.4  19391.7  8882.0 16519.5
   590  32.113  -0.000  32.113  5823629.5 330829.6 957787.4 85885.8  10454.0  7710.4 10006.5
   591 199.233  -0.000 199.233  6014766.8 371175.5 1034664.1 94065.6  17282.9  7339.0 14987.9
   592 -143.736   0.000 -143.736  5879817.6 444557.0 846933.4 90083.8  15078.2  5489.8 13040.4
   593 -179.047   0.000 -179.047  5343569.7 281061.1 826915.2 90163.1  12482.1  9011.2 10839.8
   594 182.327  -0.000 182.327  5493923.8 330671.5 1165971.9 93799.2  16223.5  9172.0 13146.3
   595  88.709  -0.000  88.709  5693894.3 280663.2 829548.8 90672.0  13582.0  9941.3 11687.6
   596 -400.271   0.000 -400.271  4857954.6 264865.9 1088873.3 80242.6  10321.2 16626.4  9636.4
   597  70.600  -0.000  70.600  5443026.5 340612.6 1358838.8 100270.7  18777.1 20512.4 14982.8
   598 255.749  -0.000 255.749  5818445.3 328068.5 1154050.8 90849.4  15803.4 14043.4 13767.5
   599 -222.841   0.000 -222.841  5721656.6 399364.2 886411.6 87988.9  13203.6 10505.8 11879.8
   600  19.933   0.000  19.933  5323334.7 326920.3 874185.0 91502.6  12040.1 11170.6 10784.0

         Carbon flux (ktC/yr)        Water (dam3/yr)                Nitrogen (MgN/yr)
       ----------------------- -------------------------- --------------------------------
Spinup NEP     estab   NBP     transp     evap    interc  nuptake ndemand  nlosses ninflux
------ ------- ------- ------- ---------- ------- ------- ------- -------- ------- -------
   601 -295.858   0.000 -295.858  5567439.0 280078.1 819040.4 91181.0  14168.3 10822.1 12403.6
   602 -567.974   0.000 -567.973  5294365.5 407799.2 866960.1 86957.9  11628.3  8703.9 10748.5
   603 -440.541   0.000 -440.541  5206997.7 252768.9 826917.4 86293.1  14445.0  9941.1 11834.4
   604 384.092  -0.000 384.092  5436305.9 250506.3 994978.6 99242.3  13179.0 13786.4 11938.6
   605 893.114  -0.001 893.113  6133419.7 346766.5 1086019.2 100244.9  15629.4 10724.2 13806.8
   606 -245.557   0.000 -245.557  5601523.8 322138.3 830913.4 81749.0   9731.1  7228.8  9104.2
   607 -34.338  -0.000 -34.338  5480259.4 357025.5 1082356.3 96212.7  13724.8  9789.0 11806.9
   608 234.214  -0.000 234.214  5667032.3 339233.2 1006106.4 97273.1  14793.1  8563.3 13041.2
   609 895.086  -0.001 895.085  6127743.4 498978.3 1442910.1 96567.5  17953.1 12491.9 16180.4
   610 -72.254   0.001 -72.253  5851226.0 456824.6 1340405.1 84407.5  11154.9 15907.2 10100.6
   611 264.928  -0.000 264.928  5948249.1 395880.8 1283756.8 96888.3  19725.6 10626.8 16652.3
   612 197.810  -0.000 197.810  6078756.4 344801.0 1100147.7 93249.8  16639.1  8924.0 13696.4
   613 607.017  -0.000 607.016  6291086.4 347967.3 1183246.8 97649.9  16932.9 12406.2 14354.0
   614 208.991   0.000 208.991  6079768.1 347445.1 1121654.7 92983.9  15756.0  9045.4 13164.8
   615 515.807  -0.000 515.807  6087619.2 502095.0 1514372.7 93993.8  19014.7 12182.6 16640.2
   616 259.573   0.000 259.573  6309006.7 373705.5 1131072.6 93032.0  16230.7  8993.7 14234.1
   617 -1397.749   0.002 -1397.747  5164926.9 307653.8 660276.5 77184.7   6248.7 14199.0  5500.4
   618 -425.730  -0.000 -425.730  5335723.5 447809.9 820597.4 99776.2  14903.2 10407.0 11467.4
   619 877.530  -0.001 877.529  5898104.4 471961.0 1191237.4 102021.4  18536.5 10153.6 15720.0
   620 551.762  -0.000 551.762  5814294.8 337397.6 1408820.9 90800.7  14296.4 10481.7 12963.9
   621  -2.658   0.000  -2.658  5983658.7 242037.8 1083196.0 87973.0  13026.4 14299.1 11921.0
   622   0.763   0.000   0.763  5738232.2 328007.6 1202902.3 93651.4  17329.6 12826.3 13626.9
   623 -404.290   0.000 -404.290  5561682.1 318043.3 846639.5 85435.3  11914.7 10579.6 10430.5
   624 -208.962   0.000 -208.961  5647968.4 440041.4 849304.1 98140.5  15223.5  9392.6 12466.9
   625 751.308  -0.000 751.307  6013732.3 343606.0 1133660.2 99739.1  15847.4 12169.3 13291.2

         Carbon flux (ktC/yr)        Water (dam3/yr)                Nitrogen (MgN/yr)
       ----------------------- -------------------------- --------------------------------
Spinup NEP     estab   NBP     transp     evap    interc  nuptake ndemand  nlosses ninflux
------ ------- ------- ------- ---------- ------- ------- ------- -------- ------- -------
   626 357.794  -0.000 357.793  6034185.9 345023.6 1087059.3 92600.7  14677.3  8164.1 12454.4
   627  91.006  -0.000  91.006  5829462.2 335151.0 1051238.5 93382.9  14339.5  8306.2 12508.2
   628 -259.942   0.001 -259.942  5724883.3 329588.9 1017691.1 91500.5  10900.3  9660.7  9451.7
   629 -144.376   0.000 -144.376  5790997.6 258712.5 940977.6 86475.2  15948.0 10904.4 13453.6
   630 334.642  -0.000 334.642  5716714.7 299789.8 1078191.4 106045.2  15595.9 10713.7 12380.6
   631 282.762  -0.000 282.762  5811358.1 336898.0 1033961.8 94239.0  14345.9  7762.6 12263.7
   632 282.822  -0.000 282.822  5922690.4 342712.2 1102337.4 96074.0  14772.3  7413.1 12103.5
   633 -1231.678   0.001 -1231.677  5093526.8 281409.3 726524.3 78232.4   8457.4  9366.6  7303.7
   634 701.868  -0.000 701.868  5774864.0 468034.2 1205883.8 110242.0  19555.2  9424.3 15628.7
   635 -154.232   0.000 -154.232  5762948.2 398813.9 904762.1 84776.3  10583.2  7214.6  9970.2
   636 268.315  -0.000 268.314  5871918.0 370042.4 1054078.6 98972.3  15930.9  8083.9 13533.5
   637 292.454  -0.000 292.454  5670828.8 337539.4 1432790.7 96427.0  15401.3 17257.8 13419.4
   638 281.866  -0.000 281.866  5892089.5 328496.1 1222068.2 92984.0  15782.0 16254.6 12872.4
   639 -537.724   0.001 -537.723  5210607.4 269343.6 1059526.9 85379.1   9915.9 18654.9  8930.6
   640 -131.758   0.000 -131.758  5620255.8 330002.2 1178517.8 96096.5  19984.3 13659.3 14672.2
   641  -4.186  -0.000  -4.186  5736716.2 282423.1 825233.3 91889.6  14528.2 12393.1 12478.0
   642 595.391  -0.001 595.390  6017120.5 476398.5 1236944.2 98893.6  18814.1  9926.1 16123.5
   643  54.416  -0.000  54.416  6004290.6 262315.8 937060.8 82013.2  13742.7 11103.9 12522.8
   644 -140.261   0.000 -140.260  5500214.7 279671.6 851634.7 99668.0  12389.2 17302.9 10609.9
   645 -621.568   0.001 -621.567  5197534.3 339378.3 827701.9 87234.8  10269.2  9680.3  9018.0
   646 -218.882   0.000 -218.882  5307361.9 280083.7 821102.2 99317.8  12856.8 13052.6 10792.7
   647 697.129  -0.001 697.128  5745819.4 399767.8 1217517.0 101736.8  17640.4  8984.8 14800.3
   648 -52.005   0.000 -52.005  5757538.0 459398.0 1295608.5 87283.9  10978.6 14501.9  9922.1
   649 -157.545   0.000 -157.545  5870567.8 262115.5 921354.8 84951.4  15579.0 13572.7 13797.9
   650 -20.343   0.000 -20.343  5673838.2 260775.9 917132.6 91798.9  14458.5 16620.5 12751.3

         Carbon flux (ktC/yr)        Water (dam3/yr)                Nitrogen (MgN/yr)
       ----------------------- -------------------------- --------------------------------
Spinup NEP     estab   NBP     transp     evap    interc  nuptake ndemand  nlosses ninflux
------ ------- ------- ------- ---------- ------- ------- ------- -------- ------- -------
   651 679.054  -0.000 679.053  5799227.6 400471.7 1239543.8 106717.2  16520.3 12734.9 14501.3
   652 105.999   0.000 105.999  5903937.7 334788.9 815344.8 89784.7  13037.7  9193.9 11461.1
   653 550.881  -0.000 550.881  6043833.1 562316.9 1142447.8 101613.0  17277.9  7790.4 14468.6
   654 583.220  -0.000 583.220  6246122.0 476851.0 1311042.3 96632.8  17568.8  8789.0 15535.4
   655 -1439.780   0.002 -1439.778  5199059.4 306157.1 662362.7 74360.9   5171.8 12713.3  4529.9
   656 656.820  -0.001 656.819  5764484.3 474502.0 1191405.5 108165.1  19196.0 12908.7 15508.6
   657 -236.370   0.000 -236.370  5601981.2 320147.9 830990.8 83023.7   9443.4  8741.9  8663.2
   658 -465.730   0.001 -465.729  4800517.5 260230.1 1088198.1 87344.7   9440.2 22187.6  8901.8
   659 200.549   0.001 200.550  5888015.2 369974.5 1002831.0 103437.8  19138.2 13816.6 14944.8
   660 -1083.125   0.001 -1083.123  5171279.3 283354.8 674389.6 76815.4   8618.1 10864.1  7961.0
   661 189.051   0.000 189.051  5421462.2 339911.6 983778.5 105967.6  16593.2  9959.0 12773.1
   662 282.335   0.000 282.335  5493125.0 325411.4 843969.9 92448.2  10460.8 10692.4  9560.3
   663 -379.356   0.000 -379.355  5635847.0 336419.1 936989.6 90013.3  10584.9  9967.9 10017.8
   664 -598.550   0.000 -598.550  5460607.8 248957.4 833872.4 85462.8  14789.8  9751.0 12554.4
   665 -1601.747   0.008 -1601.739  4631089.5 309670.6 575611.1 82109.7   4355.3 13180.4  4376.1
   666  22.459  -0.005  22.454  4977014.9 336439.7 635677.5 99784.5  12436.3 10213.3  9910.1
   667 710.621  -0.002 710.619  5499034.9 344436.0 870604.7 94323.6  12037.7  9247.7 11072.2
   668   8.693  -0.001   8.692  5404177.2 332238.8 726325.6 84084.5   8139.6  9609.8  7747.7
   669 335.316  -0.001 335.316  5563851.9 439227.0 804927.6 92337.8  13538.6 11180.9 11893.7
   670 1106.283  -0.001 1106.282  6117290.2 466235.3 1157525.0 104837.8  14071.9 11073.4 12897.9
   671  18.721  -0.000  18.720  5928635.9 325874.0 953586.9 83810.4   8282.9  9677.5  7413.4
   672 217.681  -0.000 217.681  6075317.9 362769.7 1036213.3 95268.7  15304.3  9253.2 13132.1
   673 699.933  -0.000 699.933  6305549.9 339806.6 1143869.1 97678.8  14917.5 10751.4 12727.7
   674 -215.519   0.001 -215.519  5872121.5 324952.3 995139.7 85380.7   9469.3  8428.3  8587.2
   675 -162.009   0.000 -162.009  5836731.3 242622.0 1066132.3 90767.4  14296.1 10853.4 12278.1

         Carbon flux (ktC/yr)        Water (dam3/yr)                Nitrogen (MgN/yr)
       ----------------------- -------------------------- --------------------------------
Spinup NEP     estab   NBP     transp     evap    interc  nuptake ndemand  nlosses ninflux
------ ------- ------- ------- ---------- ------- ------- ------- -------- ------- -------
   676 -93.495   0.000 -93.495  5670623.2 275491.6 829049.1 91439.3  14085.9 10002.6 11043.5
   677 -265.504   0.000 -265.504  5499791.7 339055.1 953149.3 89264.5  10341.0  8489.6  8915.7
   678 -90.399  -0.000 -90.399  5620627.6 351360.2 1069028.1 91174.9  14875.9  8517.4 12129.4
   679 758.984  -0.001 758.983  5935581.7 395465.8 1219794.1 101823.2  17596.0  9054.7 14849.4
   680 917.437  -0.001 917.436  6457109.1 609191.4 1281611.3 92372.5  14474.9 15062.5 13231.7
   681  -8.594   0.001  -8.593  6134373.0 242895.5 1105909.7 84694.6  11786.8 29363.8 11186.7
   682 -553.111   0.000 -553.111  5526106.4 319372.4 862352.1 87216.1  12134.3 11655.8 10218.5
   683 -381.512   0.001 -381.511  5466636.7 329095.4 978464.0 95397.5  11781.4 10668.2  9976.6
   684 -1325.642   0.001 -1325.641  4973822.0 282522.0 681030.8 78293.3  10495.7  9053.0  9003.6
   685 -70.052   0.000 -70.052  5230347.8 351967.2 994463.0 96440.2  16208.3  9692.3 12397.0
   686 -61.446  -0.000 -61.447  5430394.2 249730.3 813534.2 84969.0  13382.1 10643.0 11641.3
   687 320.814  -0.000 320.813  5596815.8 256702.5 867822.1 91066.6  13051.9 12155.5 11728.7
   688  40.958  -0.000  40.958  5522769.4 332890.2 928426.9 99581.5   9057.8 10321.8  8352.0
   689 -11.814  -0.000 -11.814  5711049.7 339362.9 974641.6 92481.2  14694.0  6340.0 13125.6
   690 606.894  -0.000 606.894  5955124.4 397141.9 1217926.8 97837.8  17177.3  7006.5 15182.7
   691  95.986  -0.000  95.986  5900367.9 356172.9 1104167.9 87978.6  13215.4  8908.1 11589.0
   692 -65.625   0.000 -65.625  5574576.8 329746.4 804431.8 96290.9  13087.1 10567.7 10933.4
   693 -383.711   0.001 -383.711  5233981.4 327617.7 804939.4 90998.9  11099.9  7602.1  8984.1
   694 801.578  -0.000 801.578  5938069.6 547411.6 1101287.3 104632.9  17966.0  6518.9 14082.8
   695 926.097  -0.001 926.096  6299410.2 471728.7 1278482.3 96476.8  16298.0  7914.8 14613.4
   696 389.834   0.000 389.834  6091867.9 300124.3 1126741.6 90368.7  13908.9  7475.3 11603.5
   697 215.372   0.000 215.372  5699680.1 334163.4 1499380.3 96773.2  15510.8 39382.6 12840.5
   698 556.326  -0.000 556.326  6286304.7 472167.9 1329875.6 95492.6  18967.1 20797.3 15906.1
   699 616.490  -0.000 616.490  6435919.2 567854.0 1199336.5 96555.6  18228.1 10021.6 15465.7
   700 -14.223   0.000 -14.223  5781103.4 334853.7 1539017.0 90066.9  15790.1 10223.1 13677.9

         Carbon flux (ktC/yr)        Water (dam3/yr)                Nitrogen (MgN/yr)
       ----------------------- -------------------------- --------------------------------
Spinup NEP     estab   NBP     transp     evap    interc  nuptake ndemand  nlosses ninflux
------ ------- ------- ------- ---------- ------- ------- ------- -------- ------- -------
   701 -474.750   0.000 -474.750  5816537.9 396696.6 978301.3 87163.1  14021.3 10711.9 11529.0
   702 -1443.947   0.001 -1443.946  4874262.9 281234.6 733034.0 79831.6   9154.0 11640.7  7755.6
   703 -545.067   0.000 -545.067  4987946.6 251266.3 842218.9 93479.9  14014.0 12766.7 10955.1
   704 -359.396   0.000 -359.396  5009735.7 340268.0 775403.2 95848.0   9361.6 10893.0  8081.7
   705 914.956  -0.001 914.955  5831784.3 502359.6 1348706.2 105481.8  18404.3 14626.9 16180.9
   706 -83.143  -0.000 -83.143  5754520.5 320979.8 832777.9 81748.1   9674.8 10402.9  8840.9
   707  22.653  -0.000  22.653  5562331.7 334346.6 1013361.7 99948.9  13974.0 10184.9 12233.5
   708 -86.730   0.000 -86.730  5666716.6 276092.0 847134.0 92375.3  12660.0 11748.0 10669.9
   709 -424.189   0.000 -424.189  4820631.7 268877.6 1099650.2 85986.4  10222.1 20272.0  9191.9
   710 -534.507   0.000 -534.506  5371578.3 245824.1 856415.0 89073.0  15837.0 12672.0 12476.2
   711 968.166  -0.001 968.165  6030871.4 554517.6 1066000.9 112273.7  17921.3  9102.7 14976.1
   712 428.691  -0.000 428.690  6215817.8 376247.9 1063493.0 92981.8  13836.2  8415.2 12780.4
   713 -1651.769   0.007 -1651.762  5008429.4 311895.1 631440.2 75087.7   4315.2 12102.6  4162.2
   714 1149.654  -0.006 1149.648  5738064.4 522943.5 1246748.3 106927.6  18990.4 16969.6 15561.7
   715 1313.632  -0.001 1313.630  6596525.7 565537.7 1043971.5 97416.1  15279.2 10327.7 14097.2
   716  57.772  -0.000  57.772  6079851.7 451542.9 852514.1 88304.1  11473.6  8545.8 10113.4
   717  -3.967  -0.000  -3.967  5566421.4 334537.3 1022473.4 94640.8  12282.7  8569.9 11193.7
   718 -233.923   0.001 -233.922  5484590.4 321926.6 810325.5 94103.0  11878.6  7637.1  9432.4
   719  13.178   0.000  13.178  5448122.8 257644.8 917263.3 89280.3  13737.0 10406.7 11451.6
   720 287.890  -0.000 287.890  5641420.9 246779.5 1055059.1 100096.6  12502.2 15190.8 10893.1
   721 820.771  -0.001 820.770  6226428.6 472330.1 1253444.0 102237.9  18017.1  9252.3 15010.9
   722 898.809  -0.000 898.808  6409455.4 473314.9 1298250.5 97101.3  16112.8  7844.8 14138.7
   723 -1580.451   0.002 -1580.450  4946577.2 277109.2 681659.7 73451.3   6941.5  7920.4  5838.3
   724 219.246   0.000 219.246  5454067.5 250263.3 1009200.7 103609.9  13154.0 14464.8 11037.6
   725 -311.025   0.000 -311.025  5395101.2 329729.1 802243.9 88470.2  10098.1  7480.5  8824.2

         Carbon flux (ktC/yr)        Water (dam3/yr)                Nitrogen (MgN/yr)
       ----------------------- -------------------------- --------------------------------
Spinup NEP     estab   NBP     transp     evap    interc  nuptake ndemand  nlosses ninflux
------ ------- ------- ------- ---------- ------- ------- ------- -------- ------- -------
   726  72.006  -0.000  72.006  5584812.1 247442.2 1026638.5 98469.4  12869.0 12639.2 11714.5
   727 248.195  -0.000 248.194  5756190.2 327711.2 1154002.4 96801.4  16054.4  9500.0 12986.0
   728 297.506  -0.000 297.506  5846020.7 327537.4 1178242.8 94841.4  15117.5 16881.9 12617.8
   729 -191.156   0.000 -191.156  5697553.0 456033.6 1296395.5 88733.6  11849.9 21972.4 10270.4
   730 522.560  -0.000 522.560  6277765.2 347304.3 1138835.1 101022.3  18121.1 13307.4 15042.8
   731 679.212  -0.000 679.212  6254334.2 502099.0 1458337.0 92955.8  17945.4 12011.2 16052.4
   732 667.841  -0.000 667.841  6532066.9 347351.5 1195931.8 96843.5  15107.6 12012.0 13113.9
   733 -505.764   0.001 -505.763  5721162.5 246480.9 938114.1 80631.8  13274.2 10764.1 11267.1
   734 -438.173   0.001 -438.173  5306941.3 329898.3 826916.7 102565.7  13278.4  9573.6 10399.7
   735  66.636  -0.000  66.636  5350940.5 489512.7 1271547.6 89958.2  13251.7 15601.6 10958.5
   736 554.881  -0.000 554.880  6102953.4 475746.0 1265697.3 99873.1  19375.9 11418.4 16341.3
   737 -37.322   0.000 -37.322  5916774.4 276863.5 871783.6 88804.0  12595.6 12637.7 11038.3
   738 -1493.743   0.001 -1493.742  4786270.1 287398.3 715652.4 78550.6   8481.0 11618.4  7093.2
   739 651.220  -0.001 651.220  5671491.0 502450.1 1339043.6 105876.3  18602.1 15069.5 15883.3
   740 -369.184   0.000 -369.183  5404073.3 268878.5 1002403.1 78378.6   8805.6 17441.8  8554.1
   741 -742.991   0.001 -742.990  5031312.4 270931.2 974162.5 92497.8  11962.4 18468.0 10372.0
   742 -247.841  -0.000 -247.841  5597736.7 282019.4 772686.6 94727.3  17771.6 13472.1 14181.2
   743 -494.620  -0.000 -494.620  5432314.6 249559.4 811398.6 81308.5  14130.4 10255.6 12254.8
   744 448.059  -0.001 448.058  5737595.5 369951.5 973536.6 104808.3  15417.1 11246.9 13393.7
   745 700.987  -0.001 700.986  6074443.7 507971.0 1363923.5 95124.6  16840.1 10786.6 16046.0
   746 -1041.672   0.001 -1041.672  5391252.3 280552.3 694317.7 75474.5   9106.1 10931.1  8280.6
   747 -389.461   0.000 -389.460  5287426.4 332884.2 926347.4 101408.4  11437.9 12039.7  9897.8
   748 -1434.906   0.003 -1434.903  5005933.4 304417.2 582586.0 80715.5   6308.9 12819.0  5911.6
   749 864.058  -0.002 864.056  5792276.2 604269.6 1071057.7 104582.3  16869.0 11552.8 13914.2
   750 -33.346  -0.001 -33.347  5660313.4 325513.8 758953.7 83547.7   9406.2  9202.5  9181.0

         Carbon flux (ktC/yr)        Water (dam3/yr)                Nitrogen (MgN/yr)
       ----------------------- -------------------------- --------------------------------
Spinup NEP     estab   NBP     transp     evap    interc  nuptake ndemand  nlosses ninflux
------ ------- ------- ------- ---------- ------- ------- ------- -------- ------- -------
   751 -1076.593   0.001 -1076.592  4798276.6 281655.2 643887.6 82795.7   7556.0 11598.3  6891.3
   752 -1639.494   0.004 -1639.490  4395797.4 314890.1 542848.1 85220.8   4564.8 14648.4  4173.2
   753  99.301  -0.001  99.300  5020915.1 411265.2 678964.4 95862.0  11483.7 12548.6  9712.1
   754 -1193.138   0.003 -1193.136  4634749.4 315020.7 494845.8 73611.0   3326.5 14704.9  3591.0
   755 279.321  -0.001 279.320  4964804.1 330305.6 595809.5 102302.9  11419.7 11626.8  9389.4
   756 515.580  -0.002 515.579  5338086.0 258490.6 729701.1 82272.4  11451.0 13374.6 11383.5
   757 686.695  -0.001 686.694  5595641.5 352608.0 829891.7 96573.2  10300.7 12218.8 10429.5
   758 127.840  -0.001 127.839  5754971.4 330443.5 854332.1 84634.2   7602.1 11068.5  7545.5
   759 -1040.346   0.001 -1040.345  4877266.3 286206.0 623277.6 76378.0   6849.1 10893.3  6741.1
   760 638.649  -0.001 638.648  5613657.3 393212.3 1079165.3 108794.1  18165.6 10747.6 14983.4
   761 -862.281   0.001 -862.280  5167464.6 273491.6 637096.8 69514.5   6808.7  9588.1  6628.4
   762 795.527  -0.001 795.526  5887836.1 588624.8 1126618.5 102877.7  15536.4  8865.7 13697.0
   763 -818.192   0.000 -818.192  5233308.3 275292.5 650619.8 70369.9   7803.0 11126.6  7586.9
   764 156.274  -0.000 156.273  5308947.8 348891.1 984514.3 93260.1  13266.2 12398.8 11523.0
   765 -810.488   0.000 -810.487  4952286.4 273350.6 639720.0 77245.9   8143.3 15918.5  7725.6
   766   6.648  -0.000   6.648  5275485.5 328290.1 857351.1 95429.2  11119.7 11629.6 10048.8
   767 -148.823  -0.001 -148.824  5456014.6 248210.2 780413.9 81740.4  13969.4 10034.6 12218.4
   768 494.060  -0.000 494.060  5565089.2 247834.1 951090.1 93147.4  12300.9 13861.4 11697.9
   769 457.983  -0.001 457.983  6014070.9 368291.2 960221.2 92808.8  15338.4  9228.0 13807.3
   770 -238.596   0.000 -238.596  5451427.8 330952.3 775727.4 79758.4   9585.0  7355.4  9036.8
   771 222.306  -0.000 222.306  5558451.1 326001.1 1114798.4 96092.4  15193.8 11068.9 12962.7
   772 377.114  -0.000 377.114  5838193.5 325478.7 1134180.3 90164.8  15324.5 13293.7 13061.0
   773 140.327  -0.000 140.326  5985436.6 438418.5 829397.3 89848.8  14578.6 22208.8 12557.3
   774 181.585  -0.000 181.585  5602073.6 332198.1 995846.6 90182.5  13328.2 14673.6 12141.4
   775 197.916   0.000 197.916  5722103.9 446060.2 880510.3 86349.7  15572.4 12661.1 13102.7

         Carbon flux (ktC/yr)        Water (dam3/yr)                Nitrogen (MgN/yr)
       ----------------------- -------------------------- --------------------------------
Spinup NEP     estab   NBP     transp     evap    interc  nuptake ndemand  nlosses ninflux
------ ------- ------- ------- ---------- ------- ------- ------- -------- ------- -------
   776 890.480  -0.000 890.480  6110729.8 552710.9 1105293.3 105219.7  16320.8 10093.1 13886.4
   777 -1502.851   0.014 -1502.837  4941285.6 314769.6 627259.6 68374.5   3500.3 11429.5  3732.4
   778 -268.799  -0.010 -268.809  4782784.6 365900.0 696891.3 87589.9   9912.5 12711.2  8337.7
   779 229.283  -0.001 229.283  5249770.1 286934.1 716283.7 94419.2  11520.9 12707.8 10375.1
   780 -131.474   0.000 -131.473  5190596.1 328452.9 702407.6 86562.7  10776.1  7515.2  8900.7
   781 -346.070   0.001 -346.069  5076177.8 413145.7 801277.0 82920.4   8840.4  8602.2  8853.9
   782 -210.416   0.000 -210.416  5128791.8 328144.6 707259.4 90231.0  11456.6  7072.3 10176.9
   783 880.649  -0.001 880.648  5865629.3 338723.9 1020494.8 93415.5  14608.6 11009.8 12955.8
   784 -918.165   0.001 -918.164  4973155.4 283763.1 646762.2 68580.0   7230.6  8674.8  6963.8
   785 -1487.099   0.004 -1487.094  4326199.8 313828.2 551343.6 77377.0   3955.4 12237.1  4290.1
   786 733.005  -0.002 733.003  5278361.0 255321.8 799050.4 92647.2  14677.2 14654.9 12924.4
   787  32.336  -0.001  32.335  5425436.9 259624.1 699167.2 75417.8  11836.8 10800.2 11323.2
   788 194.273  -0.000 194.273  5289469.1 329688.8 662664.4 91829.6  10957.0  7486.1  9716.9
   789 -24.617   0.000 -24.617  5216428.7 285467.0 718995.4 81484.2   9930.8  9282.2  9274.2
   790 -1128.068   0.002 -1128.066  4441676.5 296961.2 602769.4 72636.5   6721.3  8181.9  6492.3
   791 -1091.098   0.002 -1091.097  4210947.4 297212.5 566487.5 82700.1   8202.7  9420.4  7587.5
   792 250.204  -0.001 250.204  5125908.6 349134.9 861364.5 90549.5  14391.4  8912.5 12341.8
   793 1156.405  -0.002 1156.403  6124865.5 340358.2 948536.8 92587.3  14072.2 18066.3 14133.5
   794 -1053.769   0.000 -1053.769  4978070.8 276916.8 564179.1 65693.0   7068.9 10718.3  7130.6
   795 461.629  -0.001 461.628  5484629.9 339472.6 885463.1 96680.4  13147.4  9494.3 12247.0
   796 542.632  -0.001 542.631  6129082.1 367489.8 918532.6 86747.0  14155.2  8797.8 14422.7
   797 404.682  -0.000 404.681  6035906.4 301266.7 964260.8 85543.6  14250.5  8788.5 13203.0
   798 752.305  -0.000 752.304  6243851.3 469412.8 1153143.2 90477.0  17451.9 24697.4 16155.0
   799 194.826   0.000 194.826  5919983.9 335153.4 967740.7 81773.0  13702.3 25405.2 13138.3
   800 -530.697   0.001 -530.696  5123742.0 267415.0 980967.6 78637.9  10000.6 15681.5  9994.4

         Carbon flux (ktC/yr)        Water (dam3/yr)                Nitrogen (MgN/yr)
       ----------------------- -------------------------- --------------------------------
Spinup NEP     estab   NBP     transp     evap    interc  nuptake ndemand  nlosses ninflux
------ ------- ------- ------- ---------- ------- ------- ------- -------- ------- -------
   801  81.104  -0.000  81.104  5834024.3 399088.6 1150768.8 91413.2  22180.9 22748.3 17963.1
   802 -165.844   0.000 -165.844  5824682.2 397930.4 845395.1 80800.5  13382.1 40443.0 12630.3
   803 429.209  -0.000 429.209  6056232.5 610347.8 1184212.8 88420.0  16265.8 12040.5 15594.0
   804  11.471  -0.000  11.471  5933485.6 278757.7 806879.6 83478.8  13810.5 11489.1 13038.8
   805 305.058  -0.001 305.057  5822949.7 399739.0 1198168.2 89216.0  18549.1  8432.8 16656.3
   806 -10.171  -0.000 -10.171  5876927.5 337163.8 989198.0 82727.4  15424.6  7968.3 14392.4
   807 -1197.137   0.001 -1197.136  5076095.1 277132.3 680770.1 74918.0   9653.6 10089.5  8978.5
   808 -279.146   0.000 -279.146  5358358.7 436727.6 785071.6 97050.5  14404.0  8199.4 12160.2
   809 -1538.261   0.002 -1538.259  4336572.2 284203.0 583700.9 75649.9   6949.5  8979.6  6517.3
   810 -40.319   0.000 -40.319  4909679.3 330613.1 651715.2 100881.5  13641.5 10263.5 10626.7
   811 634.625  -0.001 634.624  5531976.7 343109.2 884246.9 89154.8  12604.6  8920.0 11648.8
   812 1106.028  -0.001 1106.027  6228369.1 470912.2 1101290.6 96000.9  15547.0 11869.0 15366.8
   813 302.852  -0.000 302.852  5870272.1 276730.6 788404.5 82621.2  10954.4 12736.2 10158.6
   814 121.229  -0.000 121.228  5746891.6 344159.3 1017579.8 90799.8  13672.6  9318.7 11840.2
   815 615.078  -0.001 615.078  6236609.9 468367.4 1214651.2 95615.1  17440.6 10875.5 15706.5
   816 -492.517   0.001 -492.516  5288918.6 266909.9 1018005.9 76643.7   9031.0 15579.9  8867.6
   817 -227.658   0.000 -227.658  5381354.4 322140.0 858433.2 91421.8  14424.4 13216.6 11969.0
   818 378.686  -0.001 378.685  6050350.5 501756.6 1362468.4 90790.5  19297.7 14151.4 17517.3
   819 -754.673   0.000 -754.672  5230029.9 250105.7 1084330.2 70421.2   9179.8 18872.6  9409.0
   820 -358.890   0.000 -358.890  5669688.5 451235.1 832834.2 89234.9  17945.8 12855.8 15078.1
   821 470.270  -0.001 470.270  6010190.2 605588.9 1180775.3 94301.0  15012.5  9731.5 14534.5
   822 689.134  -0.001 689.134  6468777.8 344033.7 1109771.7 91847.2  15317.6 10876.1 13989.1
   823 367.017  -0.001 367.016  6291142.2 475571.7 1246349.6 89564.1  17189.2  9856.5 16254.9
   824 -260.380  -0.000 -260.380  6017034.5 441047.1 873033.4 85138.9  14334.6  8594.1 12667.1
   825 -407.878   0.000 -407.878  5618028.9 436650.3 865882.8 89941.4  13988.5  8321.8 11760.7

         Carbon flux (ktC/yr)        Water (dam3/yr)                Nitrogen (MgN/yr)
       ----------------------- -------------------------- --------------------------------
Spinup NEP     estab   NBP     transp     evap    interc  nuptake ndemand  nlosses ninflux
------ ------- ------- ------- ---------- ------- ------- ------- -------- ------- -------
   826 -1308.722   0.002 -1308.721  4597503.0 284332.6 689581.1 78689.5   8119.7 11309.8  7142.3
   827 -463.274   0.001 -463.274  4823165.0 343425.5 739890.5 91478.0  10745.0 11751.6  9065.9
   828 -89.718   0.000 -89.718  5181194.8 330777.9 721021.8 96449.2  12045.4  9589.1 10619.0
   829  38.890  -0.000  38.890  5326144.8 352407.7 877583.2 85770.9   9017.4 11104.0  8509.2
   830 -107.897  -0.000 -107.897  5442289.8 278063.9 769270.1 89946.4  12510.0 12221.2 11168.3
   831 -1630.852   0.007 -1630.844  4535676.4 325412.4 566909.2 70716.4   3597.6 12226.0  3628.5
   832  31.797  -0.004  31.793  4934751.5 337760.9 620115.5 95838.8  11527.1 11281.7  9397.1
   833 -42.137  -0.001 -42.138  4918036.6 266381.1 700258.9 80233.4  11103.9 12850.6 10183.7
   834 108.130  -0.000 108.130  5164650.7 325336.0 665394.9 91923.6   9716.9  9805.2  8156.4
   835 -216.718   0.000 -216.718  5018859.8 322811.3 688434.9 84116.8   8682.8  9511.8  7167.7
   836 488.783  -0.001 488.783  5345988.1 255329.9 901843.9 88891.3  12422.8 14753.6 11728.8
   837 1057.998  -0.001 1057.997  6145625.5 499843.1 1268326.2 90982.4  17396.8 29332.3 16131.6
   838 143.190  -0.000 143.190  5829658.0 249066.9 826056.7 70835.0  10975.4 23073.9  9973.4
   839 647.655  -0.000 647.655  6062967.4 337619.8 1091642.8 97469.4  15245.4 16423.3 12975.2
   840 -197.702   0.000 -197.702  5669367.7 248603.7 854553.4 72683.2  12268.4 10270.5 10925.0
   841 -292.324   0.000 -292.323  5471002.2 323591.6 938833.6 90616.1  10849.5 10673.7  9813.8
   842 340.030  -0.001 340.030  6092228.8 465997.2 1182716.1 91002.6  19936.3  9458.9 17516.8
   843 -307.800   0.000 -307.799  5581298.6 318997.9 811442.1 76542.4  10993.2  7859.7 10349.6
   844 530.549  -0.001 530.548  5976153.9 465208.6 1192524.6 96271.1  19204.6  9481.9 16709.2
   845  93.305  -0.000  93.305  5846584.9 356888.5 1076443.6 81178.7  13660.5 10214.9 12268.1
   846 -103.620   0.000 -103.620  5802547.8 438207.3 842523.1 88656.4  14910.7 10399.5 12705.9
   847 573.570  -0.001 573.569  5985803.2 467827.4 1227652.5 92426.0  18457.0  9973.3 16371.1
   848 145.562  -0.000 145.562  5899486.4 331212.0 1021357.6 83566.9  14735.7  7893.4 13403.9
   849  -3.894   0.000  -3.894  5741880.9 330039.2 1026711.7 86583.9  15085.9  7670.7 13428.2
   850 -663.379   0.001 -663.378  4965270.6 252211.5 1111890.4 75112.7  10121.0 16989.2  9774.2

         Carbon flux (ktC/yr)        Water (dam3/yr)                Nitrogen (MgN/yr)
       ----------------------- -------------------------- --------------------------------
Spinup NEP     estab   NBP     transp     evap    interc  nuptake ndemand  nlosses ninflux
------ ------- ------- ------- ---------- ------- ------- ------- -------- ------- -------
   851 -313.851   0.001 -313.851  5655589.3 244154.8 1014366.1 90541.3  15287.0 15531.9 13702.8
   852 -754.816   0.001 -754.815  5019946.6 251911.3 1030695.3 76716.6  11112.6 17605.0 10471.0
   853 -641.826   0.001 -641.825  4974703.9 271209.1 909933.3 88489.9  13654.3 16177.3 11331.0
   854 -701.362   0.000 -701.361  5399156.3 251926.6 759299.0 77925.8  17551.4 10368.4 15004.4
   855 -204.701  -0.000 -204.701  5238711.4 318465.9 722161.6 89223.5  11490.8 10162.3 11062.4
   856  58.283  -0.000  58.282  5594630.0 258063.4 816722.6 82480.2  13919.5 12110.8 13741.5
   857 -1011.050   0.005 -1011.045  4851029.7 298748.8 555052.8 82039.2   5240.2 16588.0  5000.4
   858 -66.300  -0.004 -66.304  4651388.9 293692.6 849226.6 92550.1  12443.3 19002.2 11205.1
   859 195.454  -0.001 195.454  5469284.6 281499.6 724279.6 90409.8  14413.0 12468.7 13101.1
   860 -1187.356   0.005 -1187.351  4900105.7 305171.1 545390.6 73000.6   5192.5 11103.0  5004.0
   861 321.364  -0.004 321.359  5193185.8 370373.0 815161.1 97174.5  13784.9 10142.5 12753.2
   862 -1066.558   0.002 -1066.556  4904701.9 303111.1 528887.7 73038.3   4638.3 11255.1  4621.1
   863 177.904  -0.000 177.904  5025640.8 295915.7 660976.4 94606.6  11959.1 14339.5 10897.2
   864 1012.147  -0.001 1012.145  5976010.1 341369.2 948024.9 94273.8  13582.7 13006.3 13509.9
   865  27.600  -0.001  27.600  5604572.5 251502.9 771974.5 75520.8  11068.5 10153.8 10547.6
   866  26.626  -0.000  26.626  5483653.8 330703.7 875919.9 92746.2   8870.7 10716.0  8724.6
   867 -149.115   0.000 -149.115  5767021.2 434802.5 785323.3 87312.6  13533.2  6818.5 12394.0
   868 383.552  -0.000 383.552  5627438.7 296925.1 980402.3 89488.6  14526.6  7973.2 12913.1
   869 577.782  -0.001 577.782  5718111.1 336577.7 1326325.8 90575.0  14956.7 24569.6 13619.6
   870 311.964  -0.000 311.964  5814372.1 327468.0 768843.3 84984.9  13432.5 11916.1 11942.2
   871 -168.677   0.001 -168.676  5280250.5 323316.6 778604.0 84417.4  11375.7  9097.6  9848.4
   872 579.385  -0.000 579.384  5646300.5 391611.0 1207300.2 93759.0  18012.1  8919.0 15332.9
   873  47.519   0.000  47.519  5999504.4 435612.7 850251.2 82689.4  14147.6  7280.5 12583.9
   874  79.784   0.000  79.784  5599013.8 257238.9 910179.6 81612.3  14059.8 10782.4 12787.8
   875 351.195  -0.000 351.195  5711099.3 338650.6 1045201.8 97115.8  15133.0  9826.8 12443.8

         Carbon flux (ktC/yr)        Water (dam3/yr)                Nitrogen (MgN/yr)
       ----------------------- -------------------------- --------------------------------
Spinup NEP     estab   NBP     transp     evap    interc  nuptake ndemand  nlosses ninflux
------ ------- ------- ------- ---------- ------- ------- ------- -------- ------- -------
   876 -1003.416   0.001 -1003.415  5067788.6 274045.1 695001.5 72249.8   8610.2  9776.4  7726.8
   877 -15.393   0.000 -15.393  5346881.0 255158.3 864296.0 87857.4  15149.3 12004.9 13252.8
   878 1063.939  -0.001 1063.938  6047414.6 547932.9 1036900.6 104811.9  18115.1  8535.2 15418.3
   879 948.722  -0.001 948.721  6213950.8 501891.0 1402647.2 87017.0  16346.9  9739.1 15623.8
   880 277.069   0.000 277.069  6292648.6 371479.6 1075794.1 84968.9  15249.3  9256.9 14294.4
   881 -1272.304   0.005 -1272.298  5109724.2 303499.2 636178.1 72626.2   6748.0 13011.9  6206.6
   882 -547.002  -0.003 -547.005  4990654.7 259420.8 808628.1 86284.0  15538.4 11750.3 12144.0
   883 397.970  -0.001 397.970  5520724.2 297348.3 980184.4 98843.1  15748.3  9423.3 13144.3
   884 223.523  -0.000 223.522  5814931.4 259955.1 864235.1 79776.5  13893.0 10687.1 13108.6
   885 223.618   0.000 223.618  5235510.1 324879.0 847834.7 94936.2  10393.2 12547.5  9675.7
   886 -231.933   0.000 -231.932  5592524.2 281196.2 802696.7 86307.5  13310.9  9615.5 12170.6
   887  95.980  -0.000  95.980  5760450.9 369304.2 1001271.3 91369.6  16584.1  7590.5 14391.8
   888 -557.431   0.001 -557.431  4971662.1 258125.7 1060418.3 77449.6   9988.4 15119.1  9838.0
   889 -1230.124   0.001 -1230.123  4927907.4 282979.2 637641.2 80781.9  12308.8 12454.6 10313.9
   890 -1534.595   0.002 -1534.593  4305995.2 279886.4 555523.3 79911.5   8923.9  9129.9  8050.8
   891 -788.526   0.001 -788.526  4337090.6 295678.0 540028.6 88478.7   9991.2 11812.6  8518.8
   892 -1223.540   0.001 -1223.539  4108391.9 292190.1 488173.2 81251.8   7166.8  9887.6  6920.1
   893 611.089  -0.001 611.088  5176093.7 256386.6 679269.4 91450.3  16076.5 13482.4 13715.9
   894 736.349  -0.001 736.348  5509347.8 338793.1 762015.7 94644.3   7757.7 11678.3  8038.7
   895 931.280  -0.001 931.278  6028017.2 513485.7 1181211.2 91167.0  15987.2 22708.3 16699.3
   896 982.510  -0.001 982.509  6458676.3 554126.4 994909.0 89737.4  15784.3 15334.1 15822.8
   897 608.255  -0.001 608.254  6342767.1 345326.7 1088366.4 88130.5  13877.9 11954.5 13605.1
   898 -36.233   0.000 -36.233  5786137.4 336560.0 1375516.6 83679.7  15078.5 10048.7 14263.0
   899 147.566  -0.000 147.566  6137592.3 364129.8 1033699.0 88635.5  17109.3  9626.5 14925.5
   900 -1060.708   0.001 -1060.707  5163992.6 277036.2 686672.1 72254.1   9655.5 11433.0  8785.9

         Carbon flux (ktC/yr)        Water (dam3/yr)                Nitrogen (MgN/yr)
       ----------------------- -------------------------- --------------------------------
Spinup NEP     estab   NBP     transp     evap    interc  nuptake ndemand  nlosses ninflux
------ ------- ------- ------- ---------- ------- ------- ------- -------- ------- -------
   901 -309.571   0.000 -309.571  4587684.3 267226.8 1014349.9 88972.2  12009.3 20891.6 10859.4
   902 -212.981   0.000 -212.980  5464855.8 396094.4 817681.6 87646.6  15013.0 10712.3 12469.0
   903  63.371  -0.000  63.370  5597584.4 350662.4 1004547.1 86411.4  14105.9 10327.5 12805.6
   904 -890.830   0.001 -890.829  5000864.6 280007.5 646500.6 76775.4   9570.5 12816.6  8995.8
   905 113.611  -0.000 113.611  5171002.9 473361.6 1122606.4 93100.8  14893.3 16950.6 12413.1
   906 -1270.254   0.001 -1270.253  4867905.6 273706.2 576417.8 75402.2   9790.7 10236.2  9022.3
   907 888.616  -0.001 888.615  5483523.8 404063.6 1060088.4 103367.4  19746.8 11011.1 16268.3
   908 -650.262   0.000 -650.262  5269071.0 283246.9 626982.4 70840.9   8863.6 10669.5  8983.1
   909 633.740  -0.001 633.740  5678121.2 473297.9 1105818.8 100618.7  19347.4 10964.6 17222.6
   910 381.974  -0.001 381.974  5809679.6 328574.9 1098780.2 85671.2  14900.0 10504.7 13977.2
   911 -199.932  -0.000 -199.933  5692172.1 398992.5 853503.8 84518.7  12849.5 10202.6 12155.8
   912  99.663  -0.000  99.663  5767282.9 301262.0 1014336.5 92365.7  16492.4  9009.4 14267.6
   913 -77.874   0.000 -77.874  5614076.9 451613.5 1227363.4 86211.9  12728.9 14929.9 11311.6
   914 -23.572  -0.000 -23.572  5754950.0 352715.3 1046458.9 88929.0  16214.4 10379.0 13702.5
   915 309.008  -0.000 309.008  5821954.5 300876.8 1027095.3 94235.9  16288.2 10563.2 13986.7
   916 419.978  -0.000 419.977  5994659.7 300581.4 1045912.8 92447.5  15980.6 10138.9 13584.0
   917 -34.795   0.000 -34.795  5775719.2 396348.4 896037.3 87461.3  12342.4 11140.1 11047.4
   918 749.263  -0.000 749.262  6132211.6 345232.9 1137471.7 97428.7  16225.1 12019.6 13876.9
   919 771.782  -0.001 771.781  6299330.9 474793.3 1271387.8 93255.0  17658.6  9032.9 16143.2
   920 621.829  -0.001 621.829  6124187.2 398244.0 1300296.0 91442.3  17120.2  9269.4 15412.5
   921 -355.873   0.001 -355.872  5663024.1 318871.1 883840.9 81088.3  11078.5  9815.0 10074.9
   922 -112.790   0.000 -112.790  5575410.9 448961.8 911791.4 90979.6  17849.0 11022.1 14463.6
   923 791.732  -0.000 791.732  6037517.0 555047.9 1123435.1 102956.7  18650.9  8088.0 15446.9
   924 745.783  -0.001 745.782  6314907.5 346253.1 1189680.4 92220.7  15207.5  9999.9 13295.0
   925 593.180  -0.001 593.179  6139134.2 503007.2 1517664.0 90077.5  18046.3  9648.4 16273.4

         Carbon flux (ktC/yr)        Water (dam3/yr)                Nitrogen (MgN/yr)
       ----------------------- -------------------------- --------------------------------
Spinup NEP     estab   NBP     transp     evap    interc  nuptake ndemand  nlosses ninflux
------ ------- ------- ------- ---------- ------- ------- ------- -------- ------- -------
   926 509.899  -0.000 509.899  6194560.5 499762.2 1546907.1 88598.3  17981.8  9844.5 16337.1
   927 -260.689   0.001 -260.688  5980145.0 261720.0 994850.4 79502.3  14626.0 10597.9 13427.8
   928 -1756.519   0.002 -1756.518  4604655.8 277486.2 674969.9 83934.7   8676.7 12740.9  7432.3
   929 765.830  -0.001 765.829  5795009.0 603020.1 1172027.0 105500.4  16759.5 11305.8 13630.3
   930  12.088  -0.000  12.088  5894325.7 399220.1 880807.5 84633.7  11568.9  9958.9 11072.9
   931 -120.091   0.000 -120.091  5456606.4 460668.4 1255471.5 89204.8  12320.8 14768.9 10956.5
   932  23.845   0.000  23.845  5453717.9 325084.4 868856.5 91033.1  13240.5 13071.3 11713.7
   933 345.073  -0.000 345.073  6080373.8 475403.3 1213090.7 93829.1  19364.3  9941.7 17267.0
   934 -42.980   0.000 -42.980  5825901.4 280246.1 830554.6 86798.6  13207.8 12063.1 12089.5
   935  31.596  -0.000  31.596  5460772.7 339247.4 1400264.0 92525.3  16641.1 11002.0 14189.5
   936 536.965  -0.000 536.964  6080096.4 500231.5 1425835.5 92893.2  18765.8 11147.2 17019.5
   937  -6.231   0.000  -6.231  5905198.9 332269.7 814474.9 88335.3  13886.4  8777.0 12354.1
   938 -634.599   0.001 -634.598  5116247.8 339350.3 839982.9 83032.7   9650.8 10305.4  8992.5
   939 -536.071   0.001 -536.070  5102359.2 331242.2 816522.2 91656.1  11212.3 10899.2  9820.6
   940 -113.785   0.000 -113.785  5287937.7 280459.7 806742.7 95802.7  13021.9 13442.6 11155.1
   941 -136.479   0.000 -136.479  4847796.2 285467.5 967277.2 87830.2  10789.7 16865.1  9732.7
   942 -129.705   0.000 -129.705  5470096.1 332262.5 924418.4 93252.7  12541.9 10606.0 10611.9
   943 -451.252   0.001 -451.252  5089681.3 270873.6 965600.1 86491.9  10492.2 14525.6  9981.2
   944 603.587  -0.001 603.586  6023827.1 344814.0 1050673.8 100662.6  20397.1 13254.7 16388.5
   945 840.506  -0.001 840.506  6330231.6 346330.0 1096527.2 92486.1  15331.1 11592.4 14096.6
   946 -614.653   0.001 -614.652  5238939.1 270610.7 1016772.9 76848.4   9082.3 16131.2  9104.0
   947 -800.586   0.000 -800.585  5412439.5 249757.8 837955.9 82578.7  17079.6 12300.1 14066.9
   948 565.733  -0.000 565.732  5896192.7 605476.5 1183662.0 100816.8  16168.3  9576.9 14704.2
   949 600.235  -0.001 600.235  6265865.8 475394.0 1221430.1 91045.3  17032.7  9591.6 16673.8
   950 -293.893   0.000 -293.892  5808039.7 331703.5 983080.4 85479.0  11118.7 10519.9 10647.9

         Carbon flux (ktC/yr)        Water (dam3/yr)                Nitrogen (MgN/yr)
       ----------------------- -------------------------- --------------------------------
Spinup NEP     estab   NBP     transp     evap    interc  nuptake ndemand  nlosses ninflux
------ ------- ------- ------- ---------- ------- ------- ------- -------- ------- -------
   951 -1241.680   0.001 -1241.679  5138740.9 303859.6 618133.0 78863.9   7941.6 13596.4  7278.7
   952 -394.997   0.000 -394.997  4552052.5 271397.6 996999.4 90029.3  12289.3 23081.8 11090.0
   953  38.408  -0.000  38.408  5541909.8 249600.6 965900.0 92099.5  15497.8 14671.2 13510.1
   954 362.873  -0.001 362.872  5974594.4 373821.4 959310.4 93337.5  16857.8 10095.4 15510.8
   955 139.612  -0.000 139.612  5527830.2 328056.8 834954.7 87045.5  11477.1 11846.7 11194.3
   956 -322.233   0.000 -322.233  5651945.2 360347.6 1038733.6 87233.4  15041.2 10549.3 13563.3
   957 -184.922  -0.000 -184.922  5572425.6 331143.5 924197.7 92767.9  11732.8 11968.1 10945.1
   958 610.354  -0.001 610.354  6188732.0 345715.4 1088486.1 97421.8  17448.6 11588.1 15482.7
   959 100.341  -0.000 100.341  5830682.1 335965.7 780047.1 88537.1  13573.5  8776.1 12493.0
   960 -379.790   0.000 -379.790  5550102.7 440153.9 851450.6 88891.1  12566.0  8013.6 11127.3
   961 -295.945   0.000 -295.945  5465444.8 434562.1 846135.2 94020.0  12999.2  8023.1 11112.7
   962 -119.394   0.000 -119.394  4671067.5 270525.9 1063209.5 88414.0  11012.3 21770.2  9695.0
   963  52.850   0.000  52.850  5457335.7 454468.4 1224608.8 91186.0  13766.9 17015.3 11071.5
   964 -1352.462   0.001 -1352.461  4951277.1 274033.6 612577.3 78299.4   9010.3 11724.5  8117.9
   965 1046.347  -0.001 1046.346  5850198.6 538726.2 990640.1 112008.1  20829.0 10684.1 15796.8
   966 -1073.569   0.001 -1073.567  5143250.4 305313.7 593748.5 71511.1   4139.7 13069.1  3924.4
   967 -1446.083   0.002 -1446.081  4160190.1 296853.5 560632.0 83352.1   6711.0 14420.4  6075.5
   968 1321.453  -0.002 1321.452  5652650.5 510214.5 1146316.8 108456.2  20453.8 19770.4 16349.0
   969 658.755  -0.001 658.754  5931155.7 357993.1 970879.2 81812.2  11607.8 13300.4 11457.7
   970 454.054  -0.001 454.053  5860984.9 302808.3 991016.3 94408.3  13515.1 13055.6 12227.2
   971 690.933  -0.001 690.932  6215200.7 611678.5 1213944.1 93827.5  14779.0 10950.6 13886.5
   972  88.539   0.000  88.539  6000983.2 278992.3 836805.5 86062.6  12544.0 11637.1 11557.3
   973  46.250  -0.000  46.250  5740373.7 299253.6 1070052.5 91989.6  15975.1  9470.3 13240.5
   974 -252.212   0.000 -252.212  5691772.1 393913.4 904121.8 87614.4  12868.3 10635.0 11270.3
   975 762.813  -0.001 762.813  6151774.0 545772.1 1105739.9 100869.1  19599.7  7831.6 15903.0

         Carbon flux (ktC/yr)        Water (dam3/yr)                Nitrogen (MgN/yr)
       ----------------------- -------------------------- --------------------------------
Spinup NEP     estab   NBP     transp     evap    interc  nuptake ndemand  nlosses ninflux
------ ------- ------- ------- ---------- ------- ------- ------- -------- ------- -------
   976 -1454.549   0.002 -1454.547  4867062.6 274094.9 654574.4 71886.8   7079.1  8470.0  6382.6
   977 624.185  -0.001 624.184  5462371.7 296514.9 976461.2 103427.3  13421.1 11299.1 11147.7
   978 1182.521  -0.001 1182.520  6245281.2 606403.4 1201914.6 97004.4  13145.4  8424.8 12630.5
   979 504.937  -0.001 504.936  6360975.3 369929.1 1058512.8 89702.8  13724.3  9612.1 13237.7
   980 -62.653   0.000 -62.653  5902113.4 242619.1 1081803.7 88137.6  12823.9 11960.9 11959.3
   981 -396.706   0.000 -396.706  5567544.5 244581.7 886021.9 83617.8  15149.8  9538.8 12111.8
   982 -309.696   0.000 -309.696  5233188.5 246632.4 868412.1 89884.2  13402.3 10872.2 10738.0
   983 132.009  -0.000 132.009  5394530.2 440463.5 870195.2 94879.2  15483.8  9998.8 12588.0
   984 307.888  -0.000 307.888  5407474.0 481819.6 1237809.5 92480.4  11502.4 14956.6 10445.3
   985 402.637  -0.000 402.636  6021743.7 368820.4 1044548.0 97545.0  16739.9 10813.4 14311.4
   986  92.621   0.000  92.621  5915459.8 260431.7 929889.6 82020.3  14214.5 10066.1 12964.9
   987 322.521  -0.000 322.521  5479638.1 335591.2 1429407.7 102510.8  15285.5 13963.7 13306.3
   988 -968.104   0.001 -968.103  5254375.4 279780.7 708526.2 75151.9   9261.3 12478.9  8368.0
   989 -1610.928   0.002 -1610.926  4298166.3 281916.9 610399.0 83758.2   7994.2 11438.2  6943.1
   990 -126.248   0.000 -126.248  4809311.3 347374.3 673909.4 95773.2  11418.3 12951.3  9688.3
   991  61.118  -0.000  61.118  5072987.1 341433.3 697199.4 90154.1   8993.3 11699.5  8778.9
   992 1258.317  -0.001 1258.316  5780263.1 400549.3 1084759.7 104400.1  15559.5 11752.9 14367.1
   993 -1110.584   0.001 -1110.583  5003203.4 275107.6 597143.0 70724.8   6456.9  9380.0  6019.6
   994 948.208  -0.001 948.207  5779234.8 600199.8 1111054.3 108721.3  15768.6 10624.3 13480.0
   995 1188.817  -0.001 1188.816  6476430.0 343945.2 1073935.8 95474.3  14069.5 10853.1 13146.1
   996 312.848  -0.001 312.847  5965847.4 336900.1 998050.2 86796.6  12736.8  8385.8 12324.6
   997 -188.407   0.001 -188.406  5742714.1 325095.9 983501.9 88691.2  10414.7  9656.8  9525.5
   998 -390.079   0.000 -390.079  5548153.7 244734.4 873342.0 83638.3  14672.8  9723.2 12101.9
   999 967.371  -0.001 967.371  6015079.7 542564.0 1085689.0 109985.5  19245.1  7849.3 15045.0
  1000 1123.170  -0.001 1123.170  6275515.0 499622.3 1455826.2 93509.5  16129.0  9706.3 14595.0

         Carbon flux (ktC/yr)        Water (dam3/yr)                Nitrogen (MgN/yr)
       ----------------------- -------------------------- --------------------------------
Spinup NEP     estab   NBP     transp     evap    interc  nuptake ndemand  nlosses ninflux
------ ------- ------- ------- ---------- ------- ------- ------- -------- ------- -------
  1001 -424.258   0.001 -424.256  5396779.4 268341.7 1080500.5 76007.0   8629.7 18102.0  8292.8
  1002 -179.805   0.000 -179.805  5769236.3 301362.7 1080779.5 97926.9  19242.1 11788.5 14896.8
  1003 166.864  -0.000 166.864  5899067.4 301005.1 1072956.5 92973.5  17382.3  9719.3 14151.0
  1004 138.233  -0.000 138.232  5771947.3 338240.3 1020934.8 91317.2  15950.1  9056.1 13619.1
  1005 579.547  -0.000 579.547  6151853.5 471332.3 1275777.3 94858.1  18660.0  9186.1 16387.0
  1006 -386.717   0.000 -386.716  5656158.0 318498.9 873145.5 81897.0  11012.2  9447.8  9897.4
  1007 -1292.936   0.001 -1292.935  4795848.0 281230.5 706743.2 82644.2   9518.7 11643.8  8246.7
  1008 192.145   0.000 192.145  5203640.0 479764.4 1170593.3 95675.4  15032.0 17555.7 12125.3
  1009 -175.544   0.000 -175.544  5507011.3 246605.6 833591.2 83321.8  14310.3 11438.3 12497.5
  1010 863.479  -0.001 863.479  5922167.3 346809.8 1083785.9 103541.8  15621.9 14273.8 14047.7
  1011 770.249  -0.001 770.248  6131595.0 508544.0 1412649.2 90858.9  16742.3  9826.1 16103.8
  1012 610.104  -0.000 610.103  6325360.9 621643.8 1295038.5 90808.4  15188.8  7963.1 14497.6
  1013 -1238.520   0.001 -1238.519  5318878.6 281332.9 730990.7 74253.6   9918.8 10266.3  9290.5
  1014 569.190  -0.000 569.190  5749147.5 602044.0 1231671.2 101380.0  14948.5  9380.1 13116.8
  1015 631.075  -0.001 631.074  6143890.6 501079.8 1434253.9 90914.7  17360.4  9936.8 16413.5
  1016 -48.355  -0.000 -48.356  6057366.4 300456.7 1099340.2 88927.6  15277.6  8538.9 14000.9
  1017 -269.405   0.000 -269.405  5712113.7 328343.7 1001701.7 92615.1  12914.7 11429.8 10836.8
  1018 -52.180  -0.000 -52.180  5742099.6 327855.1 1200402.8 93570.3  17681.2 11742.0 14253.1
  1019 731.370  -0.000 731.369  6238186.2 564030.1 1116364.4 99981.8  20149.1  8586.0 16679.6
  1020 -372.526   0.000 -372.526  5660654.5 322513.5 866385.6 83062.3  10682.1  9736.0  9667.3
  1021 -1289.146   0.001 -1289.145  4815476.8 278736.8 710522.1 83796.5   9068.4 12117.8  7788.8
  1022  -2.688   0.000  -2.688  5245987.0 351525.9 1035903.6 100520.9  15956.3 11875.0 12136.7
  1023 227.413  -0.000 227.413  5645861.6 327284.0 940228.3 96182.4  10528.9 12244.0  9714.8
  1024 853.738  -0.001 853.737  6103745.7 502314.4 1394996.5 96984.8  18425.9 12602.8 16761.6
  1025 213.784  -0.000 213.784  6172012.4 447357.5 869988.5 89471.4  13710.3  8528.9 12118.0

         Carbon flux (ktC/yr)        Water (dam3/yr)                Nitrogen (MgN/yr)
       ----------------------- -------------------------- --------------------------------
Spinup NEP     estab   NBP     transp     evap    interc  nuptake ndemand  nlosses ninflux
------ ------- ------- ------- ---------- ------- ------- ------- -------- ------- -------
  1026 753.824  -0.001 753.824  5948439.5 498670.2 1475503.1 98831.9  17154.6 12537.3 15575.2
  1027  48.447   0.001  48.447  6110966.8 241953.8 1120912.1 87441.9  12519.5 13026.8 11725.8
  1028 -217.403   0.000 -217.403  5931755.2 446517.5 892520.5 95022.5  16629.5  9346.0 13202.4
  1029 738.109  -0.000 738.108  6113410.5 559566.6 1151164.8 103477.7  18811.5  8080.5 15234.0
  1030 -83.262   0.000 -83.262  5932457.4 446629.4 907446.5 89663.5  12973.4  7039.7 10885.7
  1031 335.105  -0.000 335.105  5447899.2 337955.7 1487883.0 98442.6  15512.3 10976.9 12950.7
  1032 -1031.860   0.001 -1031.860  5221868.2 277512.3 741568.3 77365.5   9183.7 13304.7  7796.2
  1033 -45.082   0.000 -45.082  5299175.9 353187.6 1099397.7 98806.5  14340.5 13127.0 11452.5
  1034  91.065  -0.000  91.065  5779920.3 441369.6 858059.0 97598.8  14410.6 10505.1 12199.6
  1035 -69.006   0.000 -69.006  5534698.7 332004.2 988959.9 92487.3   9669.6 11489.3  8851.6
  1036  96.265  -0.000  96.265  5703989.5 333211.4 1021436.1 94963.1  16072.4  8735.8 13257.1
  1037 748.980  -0.000 748.979  6150081.4 469673.1 1272655.0 99277.7  18001.4  9156.3 15745.1
  1038 464.482  -0.000 464.482  6233769.3 371238.2 1105290.1 93216.1  14852.2  8638.3 13156.8
  1039 226.613  -0.000 226.613  5967966.4 344144.5 1127830.7 96054.0  14748.4  8192.2 12092.4
  1040 656.956  -0.001 656.956  6272382.6 609608.5 1352831.3 99003.9  15269.8  7920.6 13524.0
  1041 -1456.185   0.002 -1456.183  5087642.2 278398.7 697516.5 75524.0   7824.0  9758.3  6720.8
  1042 401.347  -0.000 401.346  5375519.9 327417.2 1157391.0 104568.5  14302.4 15019.5 11708.7
  1043 548.844  -0.000 548.843  5946223.3 343263.0 1057993.3 97246.3  14508.0 10509.0 12570.4
  1044 -1100.277   0.001 -1100.276  5204739.2 303956.1 632523.1 77118.0   5497.7 15511.9  4816.5
  1045 144.660  -0.000 144.660  5207109.7 488465.9 1195409.3 98596.8  13508.5 23330.0 11246.2
  1046 251.646  -0.001 251.645  5584379.7 339329.1 1360113.0 95902.0  16185.7 14329.1 14424.7
  1047 143.354  -0.000 143.354  5861515.4 276947.3 824198.9 91446.7  13330.0 12433.6 11789.5
  1048 -286.816   0.000 -286.816  5675345.4 445290.9 843058.5 92841.1  13862.7  8393.2 11756.3
  1049  41.432  -0.000  41.432  5480698.7 453582.5 874345.0 90480.5  15637.6 10125.2 12685.8
  1050 -1132.896   0.002 -1132.895  4605971.9 292620.7 681104.6 83600.9   6323.4 12405.4  5704.2

         Carbon flux (ktC/yr)        Water (dam3/yr)                Nitrogen (MgN/yr)
       ----------------------- -------------------------- --------------------------------
Spinup NEP     estab   NBP     transp     evap    interc  nuptake ndemand  nlosses ninflux
------ ------- ------- ------- ---------- ------- ------- ------- -------- ------- -------
  1051 1049.902  -0.001 1049.901  5763768.8 468631.4 1129989.4 111243.7  19384.7 12318.3 15180.4
  1052 1205.644  -0.001 1205.643  6389057.1 606569.6 1215136.7 93503.7  12582.5  8169.4 11947.7
  1053 137.679  -0.000 137.679  5926271.4 324983.7 810746.2 86643.9  11242.2  8488.2  9751.8
  1054 141.408  -0.000 141.408  5642653.4 295503.6 1092372.1 95800.0  13445.3  8944.9 11381.3
  1055 702.256  -0.001 702.255  6244890.9 604693.3 1305027.6 101291.5  14930.4  8615.0 13365.1
  1056 264.553   0.000 264.553  6087986.6 460365.6 939618.0 85879.6  14789.4 10871.6 12836.7
  1057 615.958  -0.000 615.958  6138143.4 342057.1 1208395.0 103984.7  14500.8 13704.6 12356.0
  1058 -295.700   0.001 -295.699  5646926.1 243349.4 941954.2 81725.8  12789.9  9131.3 10326.1
  1059 754.767  -0.000 754.766  6049232.7 552599.6 1166109.1 112400.4  18887.6  7781.0 14316.6
  1060  64.033   0.000  64.034  5964222.4 240817.7 1132220.6 86764.0  11757.6 10474.5 10672.8
  1061 545.134  -0.000 545.134  6235702.1 342828.0 1216307.4 102304.8  17367.6 10285.2 13519.5
  1062 -769.330   0.001 -769.329  5104889.4 252361.8 1195544.9 76274.0   9046.4 18080.3  8466.0
  1063 -1398.153   0.001 -1398.151  4970207.2 279701.8 706409.9 84697.8   9826.9 16151.3  8676.3
  1064 280.488  -0.000 280.488  5595378.3 366814.8 999998.9 103647.0  18302.1 10916.9 14075.8
  1065 -1546.474   0.001 -1546.473  4759851.2 276386.3 621611.2 75278.0   7347.6  8494.6  6560.3
  1066 391.892  -0.000 391.892  4921762.6 315070.0 788541.1 106045.9  11413.9 12955.5  8641.6
  1067 853.983  -0.001 853.982  6071695.9 343930.1 1044684.3 97457.5  14489.1 11137.5 13218.8
  1068 132.020  -0.001 132.020  5770757.5 360103.2 1053352.6 85698.4  12025.1  9347.6 11233.7
  1069 655.062  -0.001 655.061  6140741.0 343713.6 1122934.9 100844.2  15117.0 15344.6 13540.2
  1070 -256.162   0.000 -256.162  5778101.9 454954.6 1296551.7 83485.9  11031.0 21355.2 10064.5
  1071 -206.351   0.000 -206.351  5748991.6 278655.1 833373.3 92394.9  15079.5 16670.0 12507.5
  1072  56.401  -0.000  56.401  5739181.4 341337.7 1051026.9 94899.9  16114.6  9978.5 12913.3
  1073 656.044  -0.000 656.043  6287343.3 344290.1 1144890.4 98339.1  16143.3 12593.9 13895.6
  1074 -1519.452   0.002 -1519.451  5017527.0 275233.6 656193.1 73248.8   7751.0 10284.3  6893.7
  1075 -1152.567   0.001 -1152.566  4459041.4 290678.2 643337.4 90121.6   7908.7 14927.7  6673.0

         Carbon flux (ktC/yr)        Water (dam3/yr)                Nitrogen (MgN/yr)
       ----------------------- -------------------------- --------------------------------
Spinup NEP     estab   NBP     transp     evap    interc  nuptake ndemand  nlosses ninflux
------ ------- ------- ------- ---------- ------- ------- ------- -------- ------- -------
  1076 934.435  -0.001 934.434  5554957.5 400194.0 1094616.8 109081.5  19045.8 11612.4 15040.7
  1077 648.385  -0.001 648.385  5949724.3 328228.4 1113917.7 88551.8  13103.1 12305.4 11921.9
  1078 873.408  -0.001 873.408  6347652.9 557610.2 1077250.7 99458.0  16982.1  9951.4 15202.9
  1079 128.422  -0.000 128.422  6004563.5 459958.1 902187.6 83370.4  14644.0  9991.8 12921.0
  1080 -93.308   0.000 -93.308  5588712.9 354622.1 1119332.3 93743.8  12245.1 11438.6 10776.3
  1081 -1532.590   0.002 -1532.588  4759969.7 270874.5 650941.4 79276.7   7566.5 11927.0  6654.4
  1082 549.247  -0.001 549.246  5282342.3 341607.2 1304877.9 107876.2  16874.2 15080.4 13246.9
  1083 1143.786  -0.001 1143.785  6448806.2 342359.1 1101112.8 96474.5  14926.5 13646.3 13169.2
  1084 878.447  -0.001 878.446  6503745.3 344761.7 1155529.5 94015.0  13967.7 12741.5 12417.1
  1085 516.142  -0.000 516.142  6174584.5 397188.3 1298500.3 93053.9  16321.7 10370.8 14443.9
  1086 -676.784   0.001 -676.783  5329315.8 268162.6 1078825.3 79151.8   9376.8 17362.0  8807.9
  1087  18.256   0.000  18.256  5834255.1 397086.0 1248779.9 98210.0  22560.1 11704.7 17007.8
  1088 -20.182  -0.000 -20.182  5913158.7 337051.6 1022574.3 87924.1  15683.8  8778.0 13744.0
  1089 -1621.901   0.002 -1621.899  4867825.7 273270.1 648424.7 74557.4   8557.2 10233.1  7624.6
  1090 785.310  -0.001 785.309  5753292.4 469118.5 1135932.5 109325.4  18421.7 12677.1 15518.8
  1091 397.848  -0.000 397.848  5636293.8 321135.3 854343.9 86652.1   9700.4 11183.9  8817.2
  1092 407.381  -0.000 407.380  6159390.1 612497.6 1233491.7 93986.8  14377.7  9295.8 13780.4
  1093  78.535  -0.000  78.535  6123548.9 301219.7 1068165.6 90841.9  14754.3  9323.7 13352.7
  1094 -1251.319   0.001 -1251.317  5142831.6 300099.3 628641.7 77899.4   5984.6 15808.0  5349.7
  1095 116.932  -0.000 116.932  5434345.8 298280.7 998007.9 104103.3  17775.9 12659.4 13624.1
  1096 -269.949   0.000 -269.949  5171251.6 269559.9 968228.9 86358.9   9657.1 18412.1  8977.0
  1097 476.520  -0.001 476.519  5953476.6 503335.9 1328528.8 95628.2  21410.7 14287.8 17616.7
  1098 173.899  -0.000 173.899  5992012.3 279339.2 810194.2 87616.7  12567.4 11454.1 11614.3
  1099 -195.913   0.000 -195.913  5514408.8 278389.2 818718.5 89951.6  12294.0 13122.8 10424.7
  1100 -413.134   0.000 -413.134  5462948.9 335427.9 945425.1 90902.2  10444.7 11597.7  9240.9

         Carbon flux (ktC/yr)        Water (dam3/yr)                Nitrogen (MgN/yr)
       ----------------------- -------------------------- --------------------------------
Spinup NEP     estab   NBP     transp     evap    interc  nuptake ndemand  nlosses ninflux
------ ------- ------- ------- ---------- ------- ------- ------- -------- ------- -------
  1101 -147.787   0.000 -147.786  5337107.1 324900.3 851956.6 93509.4  12234.8 11881.2 10430.8
  1102 495.507  -0.000 495.506  5928666.5 396775.6 1192160.5 97059.5  18497.6  9278.8 15674.9
  1103 400.546  -0.000 400.546  6254665.6 366873.7 1040128.6 90904.1  14929.2  8657.0 13536.1
  1104 -637.790   0.001 -637.789  5071348.1 254541.1 1110733.9 76681.4   8940.0 19981.7  8650.6
  1105 -1730.306   0.002 -1730.304  4767703.5 271267.2 612205.1 83827.9  10397.1 13812.6  8564.3
  1106 388.409  -0.001 388.408  5466041.7 336516.4 932362.2 105418.0  18087.9 11283.0 12985.7
  1107 716.280  -0.001 716.279  5770951.7 337912.2 1302394.6 92582.8  14191.0 13191.9 13070.5
  1108  12.598  -0.000  12.598  5786205.5 453239.1 1231035.9 83880.2  11074.7 16204.4 10037.7
  1109  98.622  -0.000  98.622  5961231.0 296982.2 1034813.3 94415.0  16613.8 10715.8 13944.5
  1110 674.802  -0.000 674.802  6229329.3 470019.9 1222965.1 96414.5  18509.2 11317.2 16125.5
  1111 359.509  -0.000 359.509  6144043.3 341606.3 1072795.8 90803.9  14484.4  9716.4 12438.6
  1112 269.430  -0.000 269.430  6042875.9 341624.2 1086982.0 94350.2  15253.2 10688.8 12620.6
  1113  20.860   0.000  20.860  5839938.2 277193.8 861028.8 89729.8  13253.2 14023.6 11142.4
  1114 -548.900   0.001 -548.900  5246586.7 329000.8 847108.7 84798.0  10278.9 10544.3  8807.3
  1115 650.894  -0.000 650.893  5869410.2 493073.1 1422567.5 103051.8  19821.1 14168.8 16422.6
  1116 522.034  -0.000 522.034  6382989.9 368727.9 1082627.0 90008.3  15138.2  9679.0 13626.3
  1117 -395.034   0.000 -395.033  5565253.4 318578.7 872075.7 83039.3  10348.9 10364.3  9210.5
  1118 -107.532   0.000 -107.532  5608593.0 258277.9 935258.2 90503.1  15099.1 13357.1 12822.0
  1119 -553.902   0.001 -553.901  4752491.3 257515.9 1108672.7 85667.9   9737.8 24083.4  8972.9
  1120 -1298.008   0.001 -1298.007  5001973.0 303233.8 594982.9 84419.6   8477.4 17097.8  7320.2
  1121 -1649.250   0.003 -1649.247  4539257.6 309430.6 549793.0 79718.9   5546.4 16781.3  5281.6
  1122 867.668  -0.001 867.667  5543731.6 373045.2 795451.5 99928.1  18436.2 14012.3 14362.5
  1123 475.684  -0.001 475.683  5609437.1 336030.1 655223.6 85523.1  10807.1  9099.2 10395.5
  1124  82.492  -0.000  82.492  4830090.2 287044.2 866752.2 84527.6   8759.9 18483.6  8515.1
  1125 249.799  -0.001 249.798  5468645.7 342984.6 1237006.3 92083.5  16277.5 16378.9 14373.7

         Carbon flux (ktC/yr)        Water (dam3/yr)                Nitrogen (MgN/yr)
       ----------------------- -------------------------- --------------------------------
Spinup NEP     estab   NBP     transp     evap    interc  nuptake ndemand  nlosses ninflux
------ ------- ------- ------- ---------- ------- ------- ------- -------- ------- -------
  1126 251.590  -0.001 251.589  5950037.2 443594.2 813707.2 82712.0  15119.5 11014.7 14180.7
  1127 718.006  -0.001 718.005  6090775.3 470918.5 1163918.8 98641.6  16103.5 12042.1 15126.6
  1128 -140.687   0.000 -140.686  5693193.7 313482.5 810708.4 78131.2   9741.3 10135.2  9083.4
  1129 -1149.940   0.001 -1149.939  4841684.0 275278.1 670516.0 80813.9   8149.7 12661.0  7287.2
  1130 -10.535   0.000 -10.535  5350239.1 253717.6 842863.5 91952.4  16058.8 13551.4 13243.4
  1131 674.138  -0.001 674.137  5507555.0 337680.5 1298162.7 101420.8  14271.4 13015.0 12792.6
  1132 967.998  -0.001 967.997  6247038.3 501502.2 1362914.2 90155.2  16888.7 11960.9 15822.6
  1133 -155.578   0.000 -155.578  5814489.8 316564.7 836035.2 78633.2   9913.1 10103.2  9162.3
  1134 -1605.797   0.003 -1605.794  4616196.2 268554.4 633903.1 79415.5   7590.4 11557.3  6890.9
  1135 313.914  -0.002 313.913  5257517.9 358418.0 893111.7 102463.3  14488.9 11475.7 12013.8
  1136 360.217  -0.000 360.216  5753801.9 255117.0 852652.6 82436.3  12939.2 11471.8 12107.3
  1137 100.615  -0.000 100.615  5385968.4 322276.4 747513.8 97402.6  10605.6  9320.5  8707.3
  1138  99.281  -0.000  99.281  5406394.3 437896.8 852588.5 85813.4  13824.5  8804.6 11705.9
  1139 941.783  -0.001 941.782  6036255.3 594883.7 1218416.5 100929.3  12361.5  8125.6 11599.8
  1140 457.527  -0.000 457.526  6307291.8 365253.7 1057337.0 89035.5  14010.6  8367.3 13041.8
  1141 -202.228   0.001 -202.227  5589475.6 323610.4 810127.7 88425.6  12181.1  6711.5  9934.9
  1142 -615.281   0.001 -615.281  4965573.5 340925.3 815519.8 83879.6   9219.7  7527.1  8196.1
  1143 105.653  -0.000 105.653  5374489.0 352939.5 969747.9 96316.0  15178.7  7475.7 12476.6
  1144 856.285  -0.000 856.285  6144874.9 594197.7 1235498.2 94109.6  14208.0  6891.1 12959.6
  1145 656.777  -0.001 656.777  6209005.6 394914.4 1261008.5 92227.0  16091.0  7675.4 14511.9
  1146 -30.724   0.000 -30.723  6008872.1 242308.2 1087121.5 83509.4  12707.5 11061.9 11836.5
  1147 -158.693   0.000 -158.692  5727683.6 357400.6 1114304.1 88327.8  16147.3 14111.1 12606.1
  1148 178.618  -0.000 178.618  5803494.7 340844.3 1066795.9 95080.5  16577.6 11912.7 13178.1
  1149 307.054  -0.000 307.054  6136810.0 366946.3 1063528.6 91417.7  17039.9 10487.9 14273.3
  1150 -23.615   0.000 -23.615  5912447.3 259673.9 937909.9 79612.4  14803.2 11101.4 13109.3

         Carbon flux (ktC/yr)        Water (dam3/yr)                Nitrogen (MgN/yr)
       ----------------------- -------------------------- --------------------------------
Spinup NEP     estab   NBP     transp     evap    interc  nuptake ndemand  nlosses ninflux
------ ------- ------- ------- ---------- ------- ------- ------- -------- ------- -------
  1151 134.162   0.000 134.162  5725850.6 299627.6 1076912.5 100070.7  16064.7 11509.8 12925.9
  1152 238.539  -0.000 238.538  5927987.8 343290.7 1070420.7 93508.7  16224.2  8902.9 13170.9
  1153 492.498  -0.000 492.498  6042470.0 398093.1 1271110.6 94226.5  18133.8  9097.9 15593.1
  1154 -393.056   0.001 -393.056  5710694.4 318157.8 868093.8 81416.4  11181.3  8988.5  9896.5
  1155 442.508  -0.000 442.507  5996305.3 345487.5 1159578.9 101835.7  17375.2 12643.8 14239.1
  1156 -625.335   0.001 -625.335  5284519.0 269610.2 1051926.0 79527.9   9928.2 14666.2  9271.0
  1157 400.753  -0.000 400.753  6063383.1 557497.5 1087523.7 101271.1  24197.9  9417.8 17436.2
  1158 112.971  -0.000 112.971  5991770.2 347880.6 1059630.4 88842.4  16075.2  7899.4 13531.2
  1159 -529.941   0.000 -529.940  5605545.5 246915.5 882898.1 77963.9  14739.8 10231.8 12483.5
  1160 -246.497   0.000 -246.496  5362547.2 280745.9 824505.8 95431.0  13543.1 14064.8 11274.8
  1161 -433.618   0.000 -433.618  5407226.1 337402.5 946091.1 88157.3  11086.8  9590.1  9998.2
  1162 -376.078   0.000 -376.077  5478216.4 466017.7 1219918.0 88910.8  14413.0 13598.6 12173.2
  1163 -291.825   0.000 -291.825  5749486.1 259881.5 873972.5 80151.0  16690.8 11883.4 14935.4
  1164 -647.411   0.001 -647.410  4750869.0 256433.3 1034734.7 85150.5  10056.9 24066.7  9649.8
  1165  96.656  -0.001  96.656  5746338.3 509713.4 1289648.4 93472.9  22037.7 14341.5 18575.7
  1166 130.776  -0.000 130.776  5640611.9 329622.4 829583.0 85140.7  11811.5 10532.5 11526.7
  1167 -392.209  -0.000 -392.209  5793145.3 306294.0 1009569.3 90492.1  16147.5  8835.6 15105.1
  1168 -250.519  -0.000 -250.519  5656758.7 357016.5 1029369.6 89872.4  15955.5 10751.8 13755.1
  1169  41.353  -0.000  41.352  5510357.0 341865.8 1340473.8 93415.4  16516.0 11527.7 14644.2
  1170 117.936  -0.000 117.936  5611057.9 325674.6 858497.8 89262.0  11776.2 12218.6 10927.8
  1171 -380.965   0.000 -380.965  5805421.4 247027.7 1035639.2 88457.0  13752.6 12676.5 13070.9
  1172 -420.043   0.000 -420.042  5567617.6 456085.7 1224878.2 89186.2  13767.2 14258.4 11806.3
  1173 -270.843  -0.000 -270.843  5809442.9 259881.7 875927.0 82354.9  16291.6 12121.0 14661.4
  1174 -1078.901   0.001 -1078.900  4899531.6 282651.8 653431.6 86277.9   8750.2 15221.1  8163.4
  1175 289.315  -0.001 289.314  5201931.1 345927.8 1283652.7 102607.8  16900.4 12414.8 14279.7

         Carbon flux (ktC/yr)        Water (dam3/yr)                Nitrogen (MgN/yr)
       ----------------------- -------------------------- --------------------------------
Spinup NEP     estab   NBP     transp     evap    interc  nuptake ndemand  nlosses ninflux
------ ------- ------- ------- ---------- ------- ------- ------- -------- ------- -------
  1176 801.900  -0.001 801.900  6236564.7 475412.5 1170048.7 94534.2  17599.9 10329.1 16548.3
  1177 -532.168   0.000 -532.168  5303522.1 270156.0 997724.6 78203.1   8806.6 17429.7  8792.1
  1178 -553.532   0.001 -553.531  5464519.8 455912.1 1213419.8 91674.7  14840.5 16723.1 12302.4
  1179 -123.678  -0.000 -123.678  5700250.7 283895.5 778712.8 93187.4  15783.1 12003.8 13770.3
  1180 -635.454   0.001 -635.454  4887604.7 260563.9 1030976.9 79558.6  10007.2 19098.7  9733.9
  1181  20.714  -0.000  20.713  5672064.0 346548.9 962566.0 100384.5  19624.3 11365.7 15279.8
  1182 -289.251  -0.000 -289.252  5654002.3 250232.8 811327.9 79153.0  13969.5 10788.0 12811.4
  1183 692.751  -0.001 692.750  5965727.6 612669.8 1174753.7 102581.5  14252.7  9647.0 13810.7
  1184 127.274  -0.000 127.274  6045773.9 456947.8 869611.7 84985.6  15446.6  9596.0 14122.8
  1185 -1617.648   0.002 -1617.646  4664503.5 274879.7 630432.0 79318.3   7009.7 10700.1  6488.4
  1186 955.971  -0.001 955.970  5770823.2 343642.3 1013784.5 109731.3  15104.4 15884.2 12800.9
  1187 162.270  -0.000 162.270  5886100.0 330705.3 913057.5 86677.0   9152.6 10458.0  8964.7
  1188 237.541  -0.000 237.541  5922902.0 343651.9 1012565.6 95857.4  15167.2  9307.0 13149.3
  1189 403.851  -0.000 403.850  5999173.2 342253.5 1034774.8 95917.0  14724.3  8911.1 12621.4
  1190 -995.006   0.001 -995.005  5186682.9 277439.9 692827.4 76887.1   8169.6 11011.1  7194.3
  1191 316.215  -0.000 316.215  5638075.5 364433.0 1000292.8 105899.2  17357.6 10668.5 13643.0
  1192 469.128  -0.000 469.128  5820019.4 327289.5 1157577.6 93982.1  14264.7 10953.3 12276.2
  1193 -1332.644   0.001 -1332.643  4915906.0 272083.5 636439.0 76249.8   7338.2 10784.9  6454.3
  1194 -1050.344   0.001 -1050.343  4438337.2 289759.0 632526.2 91373.7   8391.0 13228.9  6900.9
  1195 1288.836  -0.001 1288.835  5842521.8 536230.5 962270.7 113610.6  19255.8  8867.2 14803.8
  1196 1281.129  -0.001 1281.128  6195058.9 398479.7 1163278.1 95088.3  13864.1  8500.7 12904.8
  1197 -1219.824   0.002 -1219.821  5206133.6 306212.0 618221.1 70339.2   4042.4 10960.4  3991.2
  1198 -344.371  -0.000 -344.372  5114088.0 402597.2 818333.2 93100.8  10703.4 10655.6  9216.4
  1199 362.722  -0.001 362.721  5603081.3 299473.0 967434.3 98234.4  14962.0  8896.5 12938.1
  1200 1035.378  -0.001 1035.377  6195797.1 470198.8 1163821.7 98028.3  17381.7  9341.3 15731.6

         Carbon flux (ktC/yr)        Water (dam3/yr)                Nitrogen (MgN/yr)
       ----------------------- -------------------------- --------------------------------
Spinup NEP     estab   NBP     transp     evap    interc  nuptake ndemand  nlosses ninflux
------ ------- ------- ------- ---------- ------- ------- ------- -------- ------- -------
  1201 575.379  -0.001 575.378  6177366.0 299667.9 1048288.7 87917.1  13633.9 10092.1 11889.5
  1202 -566.104   0.001 -566.103  5087563.8 250028.9 1108550.1 77288.2   8745.5 37822.3  8334.7
  1203 -891.117   0.001 -891.116  4944290.6 251002.3 1059909.7 84387.9  11521.8 26700.0 10114.7
  1204 -212.979   0.000 -212.979  5761037.0 435339.3 784071.7 95125.5  19204.8 10961.8 14729.5
  1205 260.763  -0.001 260.762  5713661.4 299910.2 994927.5 92108.3  15305.5  9511.9 13569.3
  1206 356.568  -0.001 356.568  5694598.3 337164.7 1346650.5 90638.0  16150.2 11359.5 14169.9
  1207 687.995  -0.000 687.995  6159397.5 499554.1 1393596.1 91221.1  17739.5 11218.5 16568.0
  1208 -1023.820   0.001 -1023.819  5393558.1 302044.8 625965.7 73899.3   6313.7 13791.9  5685.1
  1209 -543.166   0.000 -543.165  5044190.2 250397.5 823157.6 89209.6  14781.3 13458.5 11892.8
  1210 291.212   0.000 291.212  5059338.0 321732.5 827927.4 99954.3  11114.7 12852.2  9735.2
  1211 -100.475  -0.000 -100.475  5535589.1 477560.0 1184899.2 86259.3  12766.9 14794.8 11500.9
  1212  92.395  -0.000  92.395  5672514.2 328860.4 1114635.2 91383.3  16694.8 12217.3 14336.9
  1213 516.225  -0.001 516.224  6010430.3 502124.0 1354937.0 90658.1  18304.8 10946.7 17191.4
  1214  45.769  -0.000  45.769  6025784.2 452914.5 876953.6 83667.9  15995.7  8931.8 14539.4
  1215 -190.776   0.000 -190.775  5685575.3 246144.0 1053256.9 91905.6  12821.3 14324.4 12157.2
  1216 -64.825  -0.000 -64.825  5738239.0 337337.6 989336.8 91816.3  17149.9  8230.7 14030.4
  1217 630.593  -0.001 630.592  6054115.3 497307.7 1406702.8 93001.4  18494.3 10335.4 16714.1
  1218 755.849  -0.000 755.848  6494159.5 343892.5 1164405.4 94256.4  15494.8 10415.8 13583.0
  1219 201.977   0.000 201.977  6238269.5 370203.9 1095323.7 89835.1  15422.4  9581.0 13939.6
  1220 377.801  -0.000 377.800  6043373.5 395699.3 1301906.2 95243.6  18287.5  9543.4 15648.0
  1221 -61.929   0.001 -61.928  5922335.4 277353.6 878708.1 86783.2  13584.7 11820.8 11514.5
  1222  19.466  -0.000  19.466  5466432.9 336840.5 1466714.3 93796.2  16886.1 11006.5 13809.2
  1223 -375.303   0.000 -375.303  5637587.9 315260.1 867415.1 83973.9  12161.0 10463.5 10372.0
  1224 -97.677   0.000 -97.677  5625305.2 257933.5 932843.7 87285.7  15816.0 13431.0 13470.5
  1225 237.709  -0.000 237.709  5519030.5 328920.0 1187335.8 99477.0  15604.2 14895.4 12875.1

         Carbon flux (ktC/yr)        Water (dam3/yr)                Nitrogen (MgN/yr)
       ----------------------- -------------------------- --------------------------------
Spinup NEP     estab   NBP     transp     evap    interc  nuptake ndemand  nlosses ninflux
------ ------- ------- ------- ---------- ------- ------- ------- -------- ------- -------
  1226 -685.076   0.001 -685.075  5038837.1 252074.7 1115817.6 76074.5   9843.0 19811.7  9321.7
  1227 322.756  -0.000 322.756  5972026.9 346810.8 1093866.1 101628.5  21393.2 13143.6 16256.7
  1228 183.259  -0.000 183.259  5965936.8 348050.1 1034990.1 89383.8  16305.6  8157.3 14092.7
  1229 -503.904   0.000 -503.904  5600004.6 249213.0 866314.5 77973.2  14566.4 10487.3 12884.2
  1230 -473.429   0.000 -473.429  5269188.8 248290.0 855220.1 87974.5  13925.1 12251.9 11856.0
  1231 -251.643   0.000 -251.643  4824216.3 274983.7 978898.2 92563.9  10667.0 16970.9  9775.6
  1232 -173.758  -0.000 -173.758  5581818.9 455030.4 835582.9 90889.8  19076.4 10073.4 15577.2
  1233 295.039  -0.000 295.038  5807346.6 371699.4 993804.5 96500.3  15494.6  9386.2 14197.4
  1234 -36.468  -0.000 -36.468  5762862.4 452362.8 860980.8 86325.7  16667.4  7941.6 14544.8
  1235 572.333  -0.001 572.333  5850263.8 507736.4 1387911.4 97731.3  17435.3 11261.0 16359.5
  1236 -295.106   0.000 -295.106  5794387.2 248563.5 883926.9 77983.6  13508.2  9450.0 11986.2
  1237 161.923  -0.000 161.923  5774906.5 366657.7 1050060.1 102158.8  16001.0 11282.1 13769.3
  1238 -1267.598   0.001 -1267.597  5058404.6 284069.5 697082.7 75753.3   8901.2 10149.7  8159.5
  1239 -492.062   0.000 -492.062  5076340.4 405528.8 830673.4 93906.8  11568.8 10980.2 10126.5
  1240 -106.950   0.000 -106.950  5317562.1 284319.7 763018.3 92897.5  12445.3 11979.3 11107.8
  1241 839.743  -0.001 839.742  5942721.0 342422.8 1062578.8 99107.9  15095.2 12272.6 13343.6
  1242 899.656  -0.001 899.655  6343214.7 343647.3 1109997.1 96421.6  13912.0 10849.1 12732.4
  1243 867.647  -0.001 867.646  6248625.5 502017.4 1439668.2 94470.1  16258.0 12620.9 15165.4
  1244 -282.794   0.001 -282.793  5936549.8 398202.2 942088.1 83145.0  11013.9 11029.4 10402.9
  1245 -526.344   0.001 -526.343  5010852.1 267825.4 1052829.8 88624.5  10362.5 16184.1  9391.4
  1246 -650.752   0.001 -650.751  5025174.7 269796.0 1007637.2 91210.4  12797.0 16784.7 10342.1
  1247 -239.441   0.000 -239.441  5676582.4 247643.5 1012653.8 91079.8  17341.8 13768.4 13838.1
  1248  72.129  -0.000  72.128  5619349.5 341570.3 1333697.9 91772.6  17788.8 12312.1 15160.5
  1249 536.297  -0.001 536.296  6056568.3 504527.2 1369572.2 91635.1  18201.7 10787.4 17190.5
  1250 -1015.094   0.001 -1015.093  5380760.6 306288.7 614997.0 76497.9   6813.3 13211.9  6246.2

         Carbon flux (ktC/yr)        Water (dam3/yr)                Nitrogen (MgN/yr)
       ----------------------- -------------------------- --------------------------------
Spinup NEP     estab   NBP     transp     evap    interc  nuptake ndemand  nlosses ninflux
------ ------- ------- ------- ---------- ------- ------- ------- -------- ------- -------
  1251 -1325.671   0.001 -1325.670  4494623.2 295663.1 641085.7 85846.7   9518.0 14445.5  8298.7
  1252 159.193  -0.001 159.192  5176807.3 363031.4 873193.8 100913.6  15561.4 10270.2 13056.9
  1253 270.180  -0.001 270.179  5621642.5 346293.1 910518.8 91037.1  12883.1  8821.9 12580.0
  1254 -293.279   0.000 -293.279  5341310.7 330388.5 770725.2 84317.5   9423.3  9495.1  8898.0
  1255 -1535.801   0.002 -1535.798  4422575.7 277864.2 595456.6 81679.0   6562.5 10541.0  6205.4
  1256 1171.364  -0.001 1171.363  5713410.5 342547.3 968087.7 111582.1  17406.6 16597.1 13554.1
  1257 796.344  -0.001 796.343  6081040.6 302637.3 961529.1 88382.1  12738.8 10149.2 11835.6
  1258 -1245.187   0.001 -1245.186  4864716.0 273825.1 606194.1 76537.7   6339.7 10445.7  5723.3
  1259 209.591  -0.000 209.590  5264840.7 347856.6 977573.0 102394.8  14595.4 12344.1 11438.5
  1260 275.228  -0.000 275.227  5592136.6 450838.5 1176364.2 91697.5  10597.5 26994.7  9932.9
  1261 -288.868   0.000 -288.867  5247909.0 268073.2 956889.7 86379.2   9865.6 20183.9  9208.9
  1262 -1073.404   0.001 -1073.403  5090089.2 299406.7 573176.0 81180.8   8133.9 16497.5  7201.0
  1263  89.388  -0.000  89.387  5398829.5 257323.0 814104.0 89957.7  16260.0 15255.4 13859.2
  1264 492.350  -0.001 492.349  5673889.9 255859.6 839747.7 90718.2  12619.9 15912.8 11884.5
  1265 276.113  -0.000 276.113  5478245.3 326953.1 735984.8 98230.8  10262.8 11128.6  8685.7
  1266 -371.512   0.000 -371.512  5292598.4 402470.3 857272.1 84747.4   8482.7 10810.9  8295.4
  1267 -331.388   0.000 -331.388  5169354.4 252194.3 823744.9 88092.6  13110.9 11316.3 10992.6
  1268 1090.005  -0.001 1090.005  5923312.4 464262.4 1172530.6 107699.3  17473.8 10508.8 14874.9
  1269 465.002  -0.000 465.002  5932486.5 442536.3 885585.4 82890.4  13542.5  8586.6 11685.3
  1270 -339.340   0.001 -339.340  5192255.1 338269.7 821527.0 89295.7   7883.3 10301.9  6770.6
  1271 -267.349   0.001 -267.348  4838910.3 279471.2 998985.2 93497.1  10778.9 17182.5  9332.3
  1272 -1601.359   0.002 -1601.357  4617392.4 273534.8 613811.4 76555.8   9128.6  8951.8  7782.0
  1273 -135.330   0.000 -135.330  4871537.5 341292.7 702420.2 93687.9  11186.9  9437.9  9448.7
  1274 166.129  -0.000 166.128  4830643.1 277788.5 882234.1 88443.2  10362.7 16859.3  9828.2
  1275 592.491  -0.001 592.490  5720490.3 345058.8 935876.8 95192.8  16640.5  8839.1 13752.6

         Carbon flux (ktC/yr)        Water (dam3/yr)                Nitrogen (MgN/yr)
       ----------------------- -------------------------- --------------------------------
Spinup NEP     estab   NBP     transp     evap    interc  nuptake ndemand  nlosses ninflux
------ ------- ------- ------- ---------- ------- ------- ------- -------- ------- -------
  1276 991.868  -0.001 991.867  6282477.4 346960.5 1058066.1 94015.6  14430.0 12778.5 13589.4
  1277 300.818  -0.000 300.818  5840191.2 339915.9 1365318.3 86275.8  14251.8 22033.7 13436.7
  1278 111.062   0.000 111.062  5845574.3 330049.6 1176481.3 87031.3  15534.0 12075.1 13345.6
  1279  57.342   0.000  57.342  5756986.2 330011.7 1181548.8 88391.6  16278.4 11803.3 13592.8
  1280 -74.892   0.000 -74.891  5760779.3 349350.1 1089895.1 85961.3  15425.9 10737.3 12895.3
  1281 534.585  -0.000 534.585  5932687.5 504896.9 1410360.3 93066.8  19156.4 13170.9 16969.8
  1282 -204.929   0.000 -204.928  5833421.3 245562.8 889721.9 76749.0  13846.1  9298.9 12072.8
  1283 -155.402   0.000 -155.402  5345749.9 329471.3 792533.9 97777.0  13289.4  9435.1 11148.2
  1284   1.011   0.000   1.011  5485258.7 256957.4 913047.0 81677.1  14704.5 10626.4 12718.9
  1285 176.899  -0.000 176.899  5538902.5 439036.2 879183.9 94518.3  16105.1 11350.2 13165.1
  1286 -222.743   0.000 -222.742  5254892.9 250140.1 868303.2 84518.2  11861.5 10701.3  9937.3
  1287 -1619.957   0.010 -1619.947  4518032.2 313240.1 595088.4 79953.3   3710.3 13281.8  3798.1
  1288 716.718  -0.007 716.710  5252372.7 268383.7 734390.7 88404.4  15128.1 15947.3 12087.1
  1289 967.269  -0.001 967.267  5546929.7 382220.8 827926.0 98543.5  10068.8 12335.2  9706.5
  1290 690.153  -0.001 690.153  6030381.4 374103.1 928500.7 89833.6  12484.7 10205.2 12016.8
  1291 771.254  -0.000 771.253  6180747.0 637921.8 1152551.9 90932.2  12167.3  9512.5 11612.0
  1292 -1360.385   0.002 -1360.383  5027563.8 270319.5 614379.7 71150.1   7556.4  9676.4  7127.3
  1293 530.831  -0.001 530.830  5583601.5 365017.5 930350.8 102145.6  14686.5 11158.6 12682.2
  1294 -48.356  -0.000 -48.356  5503425.5 247773.4 803443.9 79715.5  11578.3  9415.5 10248.3
  1295  74.988  -0.000  74.988  5318107.0 281005.8 770110.5 93441.8  10937.5 12668.3  9032.6
  1296 168.632  -0.000 168.632  5580279.8 338412.6 992076.9 92602.1  12902.0  7681.5 11510.5
  1297 395.552  -0.000 395.552  5889257.9 339791.7 1009631.8 94167.7  14106.1  7248.6 12166.9
  1298 106.313   0.000 106.313  5689529.5 455517.2 1239504.8 86595.8  11367.7 17588.4 10068.3
  1299 205.025  -0.000 205.025  5895732.8 437341.9 869897.6 87661.3  17259.8 20032.7 14393.1
  1300 -1410.533   0.003 -1410.530  4626358.1 262617.0 626265.9 77768.4   6541.7 12892.9  5840.2

         Carbon flux (ktC/yr)        Water (dam3/yr)                Nitrogen (MgN/yr)
       ----------------------- -------------------------- --------------------------------
Spinup NEP     estab   NBP     transp     evap    interc  nuptake ndemand  nlosses ninflux
------ ------- ------- ------- ---------- ------- ------- ------- -------- ------- -------
  1301 139.944  -0.001 139.943  4603349.3 271327.1 957713.4 94860.5  10383.7 25861.2  9216.7
  1302 971.896  -0.001 971.895  5978359.1 478551.1 1108461.0 95339.8  19889.6 12422.6 16775.4
  1303 372.916  -0.000 372.916  6048626.3 258692.6 874864.8 75966.5  12466.2 12421.6 12155.3
  1304   1.745   0.000   1.745  5394780.8 354951.4 748038.8 95630.6  11613.6 10716.1 10341.4
  1305 -330.786   0.001 -330.786  5226020.5 338554.2 755799.0 85440.3  11391.6  8044.3  9847.3
  1306 -43.784   0.000 -43.784  5346566.0 349664.1 1032193.2 84914.0  13105.4  9436.8 11460.7
  1307 393.467  -0.000 393.467  5728015.9 339865.4 1007251.0 95670.3  15406.5  9351.2 12945.6
  1308 158.440  -0.000 158.440  5933962.6 251771.5 910708.0 78721.0  14375.3 10525.1 13311.2
  1309 -1431.666   0.002 -1431.664  4670031.1 268258.6 618623.8 78006.0   7394.0 11356.8  6685.1
  1310 909.496  -0.001 909.495  5515112.8 415983.6 1093761.6 106613.0  20238.6 10771.5 15260.3
  1311 -1135.448   0.001 -1135.447  5048218.4 270334.3 598004.9 67899.3   7467.7  8231.4  7166.6
  1312 901.868  -0.001 901.868  5713418.7 615224.0 1093389.8 102396.3  14683.0  9644.6 12727.0
  1313 366.351  -0.000 366.351  6044691.3 306248.9 991588.7 87407.7  14271.2  8385.2 13591.5
  1314 -166.934   0.000 -166.934  5693874.3 334201.0 910207.0 84947.3  11297.9 11495.6 10446.0
  1315 153.889  -0.000 153.889  5993996.4 364549.3 985517.7 90418.9  17874.6  9024.0 15264.9
  1316 -334.082   0.000 -334.082  5606661.0 246635.2 830391.3 77325.1  14390.7  9128.8 12575.6
  1317  93.832  -0.000  93.832  5502262.8 432291.2 841891.3 92532.5  16404.0  9982.4 13533.4
  1318 708.579  -0.000 708.578  5763551.4 407680.8 1175632.7 99306.1  15220.7  8381.4 13873.9
  1319 375.015  -0.000 375.015  6204921.0 361785.9 1032236.6 89931.7  14947.5  7145.5 13521.5
  1320 -321.932   0.000 -321.932  5577243.7 245274.4 872625.8 79989.6  13206.1  8472.0 11102.5
  1321 -148.435   0.001 -148.434  5299621.3 279170.7 817450.5 95031.8  12199.9 12122.6  9862.8
  1322 -1667.920   0.010 -1667.910  4547022.9 319444.9 584997.1 72173.0   3956.5 10014.7  4067.9
  1323 157.314  -0.006 157.308  4935954.5 344974.6 617530.7 94791.5  12766.2  9010.9 10245.8
  1324 831.844  -0.001 831.842  5487831.2 343584.2 848775.0 89966.0  11906.5  8179.4 11193.2
  1325 268.132  -0.001 268.132  5701019.4 333923.8 827947.3 86250.7   8491.7  9758.3  8648.2

         Carbon flux (ktC/yr)        Water (dam3/yr)                Nitrogen (MgN/yr)
       ----------------------- -------------------------- --------------------------------
Spinup NEP     estab   NBP     transp     evap    interc  nuptake ndemand  nlosses ninflux
------ ------- ------- ------- ---------- ------- ------- ------- -------- ------- -------
  1326 952.270  -0.001 952.269  6252426.2 538788.5 983702.5 97317.9  17273.5  7805.8 15678.4
  1327 1176.419  -0.001 1176.418  6284781.5 507322.9 1319634.4 89670.7  15573.7 20813.1 14647.6
  1328 317.257  -0.000 317.257  5794768.5 316342.4 868934.5 81373.5   9761.9 26005.2  8585.4
  1329 243.270  -0.000 243.270  5913998.3 400702.0 1219217.3 90776.4  17121.5 14484.1 15335.3
  1330 -1387.167   0.001 -1387.165  5043584.7 270596.4 634761.1 69751.5   8620.6 13679.4  7840.0
  1331 -1445.668   0.003 -1445.665  4516587.1 298140.1 561985.5 80224.8   4311.5 18514.5  4038.2
  1332 739.073  -0.001 739.072  5308609.5 254364.1 819983.3 93888.7  15306.8 19663.7 13195.0
  1333 547.018  -0.001 547.017  5770092.6 441912.6 737615.1 83191.8  14797.8 11830.5 13867.0
  1334 -676.381   0.000 -676.381  4828327.5 287307.7 595284.4 74766.1   6254.2 12516.2  6163.3
  1335 773.387  -0.001 773.386  5662757.7 504861.5 1203606.3 101837.0  19043.2 16197.9 16609.3
  1336 -355.250   0.000 -355.250  5305768.5 251685.5 984243.3 68064.9   8360.3 22030.0  8901.1
  1337 -134.595  -0.000 -134.595  5831005.5 429521.0 752103.7 92119.1  16791.2 11478.0 14042.6
  1338 773.248  -0.001 773.247  6084246.2 603777.2 1129542.5 90629.4  13844.3  9516.7 13619.9
  1339 343.666  -0.000 343.666  5774585.1 319006.0 835496.5 83249.4  10484.6 11571.4  9737.2
  1340  60.876   0.000  60.876  5897115.0 340703.2 1008656.7 87986.2  15084.1  9479.0 13426.2
  1341 658.288  -0.001 658.288  6278846.2 344498.8 1096270.9 93602.8  16167.3 11694.2 14438.9
  1342 755.610  -0.000 755.609  6218603.4 503399.0 1394263.1 87184.5  17286.9 10847.7 16236.4
  1343 711.068  -0.000 711.068  6485406.7 551238.3 1116808.4 90454.9  17295.9  7816.4 15810.5
  1344 -1161.224   0.007 -1161.217  5207682.2 303159.8 639636.0 70646.8   6094.7 13498.7  5656.3
  1345 -107.296  -0.005 -107.301  5344828.2 266328.7 859932.9 85468.2  15007.4 14252.0 13194.4
  1346 -1252.453   0.002 -1252.451  4785230.6 299081.5 579922.8 79644.2   5433.9 15862.7  5072.9
  1347 143.114  -0.001 143.113  5210977.0 351125.2 927826.1 91964.8  15073.1 13224.3 12459.3
  1348 850.495  -0.001 850.494  5988691.2 476160.0 1085763.8 92402.7  17472.7 12730.2 16831.6
  1349 -89.485  -0.000 -89.486  5810745.3 400950.1 826385.4 78329.5  11794.5 10965.7 11642.2
  1350 -142.051   0.000 -142.051  5494928.8 336258.0 737473.3 86703.5  14097.3  8426.2 12723.5

         Carbon flux (ktC/yr)        Water (dam3/yr)                Nitrogen (MgN/yr)
       ----------------------- -------------------------- --------------------------------
Spinup NEP     estab   NBP     transp     evap    interc  nuptake ndemand  nlosses ninflux
------ ------- ------- ------- ---------- ------- ------- ------- -------- ------- -------
  1351 504.735  -0.000 504.734  5919375.3 344894.0 1074859.1 91026.7  15197.4 10950.2 13675.4
  1352 -1459.674   0.001 -1459.673  4910984.7 271894.1 613696.2 69183.7   8250.6  8805.6  7834.5
  1353 311.978  -0.000 311.978  5416701.5 296598.6 934329.6 99286.6  14841.4 10836.9 12671.5
  1354 -787.389   0.001 -787.389  5061937.2 288495.8 626581.1 73534.6   8035.2 10260.9  7816.8
  1355 -239.527   0.000 -239.527  5307212.6 427349.2 752557.2 95194.3  15105.6  7876.2 12551.5
  1356 -206.438  -0.000 -206.438  5150616.3 259598.0 768137.2 81677.7  13195.4  9254.2 11457.2
  1357 1038.115  -0.001 1038.114  5865458.3 469687.2 1108640.0 100446.2  17477.3  9689.7 15345.3
  1358 297.158  -0.000 297.158  5975383.5 251680.7 888311.1 75724.9  12297.5  8940.9 11762.5
  1359 644.336  -0.000 644.336  6005542.7 360944.2 1104278.1 99953.4  13845.8 12076.8 12362.6
  1360 -322.307   0.001 -322.306  5806360.7 338348.7 941578.8 81116.6   9770.0  8135.8  9382.7
  1361  25.084  -0.000  25.084  5873619.1 339069.8 1026088.5 91666.0  17235.8  7514.1 13775.7
  1362 232.263  -0.000 232.263  6062318.2 368025.4 1014813.9 90023.3  16653.0  7593.7 14237.1
  1363 245.266  -0.000 245.266  6125562.5 359673.4 1028226.5 89803.9  16346.2  7309.6 14030.5
  1364 527.049  -0.000 527.048  6223911.6 618943.8 1237605.0 89803.5  15042.6  6776.2 13720.8
  1365 -238.688   0.001 -238.688  5925259.9 329316.2 978283.7 83924.5  10732.8  8236.7  9912.8
  1366 427.639  -0.000 427.639  6046995.9 499602.4 1417698.4 93134.6  20712.8 17567.8 17480.8
  1367 734.350  -0.001 734.349  6496127.3 547325.1 1128536.5 91762.4  18512.9  8432.2 16023.9
  1368 -734.258   0.001 -734.257  5134293.6 251818.8 1142722.3 70553.7   9113.2 18842.5  8916.3
  1369 -529.221   0.001 -529.221  5471954.1 450566.1 1237794.7 87406.5  12887.3 16905.5 11248.9
  1370 -209.220   0.000 -209.220  5652416.0 283831.8 787183.1 87827.0  15986.7 11805.2 13723.4
  1371 -543.813   0.000 -543.812  5302202.1 322708.9 778907.2 79577.5  12285.6  8899.0 11098.3
  1372 -117.190   0.000 -117.190  5462298.2 249324.3 984040.9 91071.6  14311.5 13305.6 13112.4
  1373 623.731  -0.001 623.730  6107285.5 550967.5 1014546.8 94232.6  20874.4  7101.6 17475.7
  1374 -223.283   0.000 -223.283  5787666.0 334498.6 922954.4 82091.7  11201.9  8179.3 10765.2
  1375 -212.172  -0.000 -212.172  5770248.6 444968.5 847325.6 83987.9  18593.1  8275.9 15756.1

         Carbon flux (ktC/yr)        Water (dam3/yr)                Nitrogen (MgN/yr)
       ----------------------- -------------------------- --------------------------------
Spinup NEP     estab   NBP     transp     evap    interc  nuptake ndemand  nlosses ninflux
------ ------- ------- ------- ---------- ------- ------- ------- -------- ------- -------
  1376 -165.626   0.000 -165.626  5420413.5 337243.6 751922.8 91142.0  13626.7  6999.5 12173.1
  1377  63.716  -0.000  63.716  5307625.7 481290.6 1186357.1 85509.4  12728.0 14314.9 11518.6
  1378 -1111.956   0.001 -1111.955  5060081.0 298523.3 595921.6 77999.4   6704.5 15700.0  6205.4
  1379 -163.636  -0.000 -163.636  5303281.1 436030.7 806933.0 92359.2  18472.1 11945.9 14659.9
  1380  53.196  -0.000  53.195  5321627.2 331964.0 726777.3 93504.4  11384.0  8696.8 10072.2
  1381 717.146  -0.001 717.145  5668924.4 401654.7 1157925.5 95484.7  16370.8  9151.3 14515.4
  1382 -100.040   0.000 -100.040  5847550.2 327181.7 943491.6 84235.2  10045.5  9366.7  9664.2
  1383 -162.568   0.000 -162.568  5677791.6 280959.3 807330.5 89108.9  13938.8 11101.2 12122.9
  1384 534.277  -0.000 534.277  5968105.9 469682.8 1204007.3 96664.0  18982.2  8731.5 16210.8
  1385 -77.577   0.000 -77.577  5992371.1 431646.2 852442.7 85644.4  13320.6  6464.1 11744.0
  1386 -189.107   0.000 -189.107  5386110.3 277190.8 831866.3 89159.7  11660.4 10715.6 10138.8
  1387  91.692  -0.000  91.692  5597670.2 338135.7 1051266.5 93670.3  14696.3  7892.0 12070.9
  1388 152.352  -0.000 152.352  5763481.2 337396.4 1007714.4 91511.3  14004.6  7101.9 12361.8
  1389 665.238  -0.001 665.237  5998340.8 394672.1 1257573.9 97342.3  17032.6  7812.9 14605.9
  1390 127.302   0.000 127.302  5881780.5 277011.0 860107.2 85317.6  12072.6  9507.8 10145.1
  1391 -509.227   0.000 -509.226  5553087.2 434975.6 877638.4 89955.8  13125.7  6059.4 10666.8
  1392  71.585   0.000  71.585  5399092.1 358241.4 1005886.5 92948.1  13222.3  7180.6 11528.5
  1393 699.733  -0.000 699.733  5886738.4 394678.6 1252291.2 99413.5  17392.7  7358.7 14564.9
  1394 916.737  -0.001 916.736  6289354.5 495258.5 1474810.3 93344.4  17376.4 15043.6 15354.1
  1395 736.298  -0.000 736.298  6461721.6 605424.2 1349842.3 90498.8  14288.4 12661.8 13125.2
  1396 -21.296   0.001 -21.296  5942764.9 328266.7 1286589.9 86563.7  14553.1 13645.7 12739.7
  1397 -69.607   0.000 -69.607  5886722.8 342142.1 1131242.6 93106.1  17518.4 10563.5 13595.3
  1398 -89.975   0.000 -89.975  5738916.9 327855.3 1249982.1 89588.9  17240.7 12301.5 13695.2
  1399 259.260  -0.000 259.260  5925086.7 398598.0 1296382.8 93327.8  19790.7  9995.9 16236.5
  1400 -344.696   0.000 -344.696  5870849.7 327157.9 1024216.4 86214.8  12311.6 10715.0 10647.3

         Carbon flux (ktC/yr)        Water (dam3/yr)                Nitrogen (MgN/yr)
       ----------------------- -------------------------- --------------------------------
Spinup NEP     estab   NBP     transp     evap    interc  nuptake ndemand  nlosses ninflux
------ ------- ------- ------- ---------- ------- ------- ------- -------- ------- -------
  1401 -604.468   0.001 -604.467  5644796.4 398297.9 917169.5 86545.7  15133.3  9906.8 12522.7
  1402 -1806.257   0.002 -1806.255  4640440.4 277712.4 632667.9 75203.4   9379.2  9348.4  8325.0
  1403 277.163  -0.001 277.162  5211059.8 361131.3 866179.6 101184.5  15584.9 10822.4 12798.0
  1404 241.501  -0.001 241.500  5525208.5 468449.4 1139292.2 86336.1  10836.4 16576.0 10453.8
  1405  26.217  -0.000  26.217  5764678.6 247225.4 978850.6 89116.8  13615.0 15461.5 12905.8
  1406 -1003.459   0.001 -1003.458  5172440.6 302928.7 574629.1 78201.2   7573.8 14892.9  7019.8
  1407 675.586  -0.001 675.585  5810888.9 545344.1 975170.7 106887.0  19955.6 10714.2 16451.8
  1408 268.086  -0.001 268.085  5900430.2 455948.1 826241.4 83642.1  14789.8  9162.8 13457.4
  1409 -351.768   0.000 -351.768  5450826.0 400859.6 855860.7 88920.1   9427.3 10782.6  9129.8
  1410 -486.377   0.000 -486.377  5349322.5 400375.7 854304.7 88278.6  10369.7 10640.0  9953.7
  1411 730.333  -0.001 730.333  6030279.2 339279.0 1076837.4 101310.8  15753.7 13184.8 13314.4
  1412 237.206  -0.000 237.206  5817705.3 353472.9 1070006.7 85236.8  12175.1 10011.5 10974.5
  1413 356.214  -0.000 356.214  5666268.4 334372.0 1394182.8 97012.8  14637.2 17057.7 12825.7
  1414 826.041  -0.001 826.041  6254026.8 493335.9 1441430.2 93788.2  17835.6 13697.4 15719.2
  1415 -1089.745   0.002 -1089.743  5364798.0 299442.7 649118.6 72977.0   5326.4 14932.0  4660.9
  1416 149.539  -0.000 149.539  5639749.5 367426.8 1012814.3 101311.3  16152.6 14432.9 13362.9
  1417 -1435.777   0.003 -1435.773  4996862.5 299639.0 607980.9 74748.7   4704.8 14137.9  4321.8
  1418 1098.159  -0.002 1098.157  5841895.5 538968.2 964778.9 109991.7  19026.6 12281.8 14767.5
  1419 -1363.266   0.002 -1363.263  5011482.4 310570.3 580931.2 68249.9   3202.9 13507.3  3675.1
  1420 -109.610   0.000 -109.610  5086769.4 411064.1 755972.2 92549.7  10071.2 15235.3  8588.3
  1421 588.232  -0.001 588.230  5523037.3 331108.5 1017549.3 94164.3  13604.2 17545.5 12488.3
  1422 917.406  -0.001 917.405  6029326.5 402611.8 1106502.6 93203.4  15645.5 13515.5 14732.2
  1423 -1158.981   0.001 -1158.981  5058992.1 273074.6 602692.7 68839.2   7146.3 14989.7  6712.4
  1424 891.975  -0.001 891.974  5917539.3 528831.6 987740.6 109616.6  17058.4 11644.8 14323.1
  1425 450.593  -0.001 450.592  5939356.2 339238.2 944226.7 84391.2  11653.7  8398.9 11502.5

         Carbon flux (ktC/yr)        Water (dam3/yr)                Nitrogen (MgN/yr)
       ----------------------- -------------------------- --------------------------------
Spinup NEP     estab   NBP     transp     evap    interc  nuptake ndemand  nlosses ninflux
------ ------- ------- ------- ---------- ------- ------- ------- -------- ------- -------
  1426 915.626  -0.001 915.626  6144343.0 493832.0 1376173.8 94155.9  16777.1 12461.4 15149.0
  1427 864.075  -0.000 864.075  6362944.6 493286.9 1428280.4 88080.7  16234.8 12197.2 15037.6
  1428 563.901  -0.000 563.901  6474849.9 340668.2 1180539.3 90835.5  14375.1 11238.4 12967.7
  1429 -172.164   0.001 -172.163  5885693.5 332959.6 1052696.2 84475.0  14527.6  9261.5 13165.1
  1430 -404.076   0.000 -404.076  5859865.2 427667.9 884473.9 87295.8  15350.0  8526.2 12700.1
  1431 -1718.374   0.004 -1718.370  4438095.5 273730.3 646164.2 75103.3   7577.4 10142.3  6733.4
  1432 119.150  -0.002 119.148  4610388.4 286968.1 866510.2 96003.4  11981.9 23083.6  9995.3
  1433 421.794  -0.001 421.793  5284789.7 324620.9 785078.9 88870.4  12166.1 12437.4 10732.1
  1434 -406.340  -0.000 -406.340  5448576.4 323426.4 756173.5 79753.2  10149.8 10000.5  9894.1
  1435 -104.574  -0.000 -104.574  5344968.4 325956.8 723188.1 94670.9  12570.4  9001.6 11132.0
  1436 385.518  -0.001 385.518  5724061.6 375098.0 962658.0 90378.2  14427.7  9579.1 13113.0
  1437 326.880  -0.001 326.879  5878247.0 337183.7 1002064.7 91071.0  13580.0  8642.4 11946.1
  1438 157.434  -0.000 157.434  5919816.4 241431.8 1029812.9 87513.2  11945.5 12233.3 11141.3
  1439 777.802  -0.001 777.801  6348675.1 540435.1 1083818.2 100931.1  19123.1  7554.6 15315.5
  1440   0.197   0.000   0.197  5986234.1 431426.4 863548.7 84359.2  11645.1  6032.5 10034.4
  1441 171.475   0.000 171.475  5624506.4 246951.6 1060431.7 90507.7  12649.2 12139.5 11391.1
  1442 758.121  -0.001 758.120  6302254.2 542361.8 1119717.3 101757.0  19225.6  6665.3 15045.2
  1443 827.558  -0.000 827.558  6387150.9 600474.6 1309292.9 90455.0  12983.5  6207.7 11869.1
  1444 103.878   0.001 103.878  5994331.0 450493.8 946206.6 82072.9  14904.4  7551.9 12709.8
  1445 -340.041   0.001 -340.041  5421358.3 275508.9 874135.7 90238.3  11401.8 11751.2  9470.1
  1446  23.392   0.000  23.392  5706089.1 368732.1 1071654.3 91937.8  16598.7  7742.6 13403.6
  1447 473.470  -0.000 473.470  6094207.8 465701.3 1269174.1 96127.8  18657.7  7640.9 15875.3
  1448 179.836  -0.000 179.836  6001124.0 340397.3 1102087.6 88009.8  14857.9  6287.2 12389.0
  1449 -133.498   0.000 -133.498  5493534.2 316742.8 930152.1 87589.2  11584.4  9029.9  9805.9
  1450 -101.461   0.000 -101.461  5986609.5 367527.3 1079988.5 89709.2  17523.0  7092.7 14398.1

         Carbon flux (ktC/yr)        Water (dam3/yr)                Nitrogen (MgN/yr)
       ----------------------- -------------------------- --------------------------------
Spinup NEP     estab   NBP     transp     evap    interc  nuptake ndemand  nlosses ninflux
------ ------- ------- ------- ---------- ------- ------- ------- -------- ------- -------
  1451 383.940  -0.000 383.940  6112386.8 467306.5 1270382.1 95017.9  19299.1  7378.5 16436.1
  1452 100.043   0.000 100.043  5865688.2 326617.6 1232172.0 88336.1  14963.6 12215.4 12689.8
  1453 -466.045   0.000 -466.045  5528816.4 314747.2 867763.0 84070.5  11100.8 19617.1  9548.0
  1454  76.667   0.000  76.667  5721954.0 297065.7 1083827.1 101221.8  16529.9 13040.0 13007.4
  1455 121.407  -0.000 121.407  5851247.6 449815.2 905281.7 88518.6  16734.4 11314.0 13755.7
  1456 656.323  -0.000 656.322  6073231.5 469851.9 1279377.5 102774.1  17048.7 10220.3 14837.9
  1457 -573.351   0.001 -573.350  5300514.8 268584.5 1075923.3 79650.5   8903.7 15096.8  8246.5
  1458 -552.103   0.001 -552.102  5488547.7 452846.6 1287351.0 91415.5  15513.7 19639.2 11883.6
  1459 -1712.789   0.001 -1712.788  4919133.0 275673.9 620696.6 77086.1  10970.8 11323.6  9317.2
  1460 -23.378  -0.000 -23.378  5257158.8 348078.8 973748.2 99495.6  16070.8 12951.3 12549.6
  1461 879.686  -0.001 879.685  5971700.5 504137.3 1305532.5 94201.4  17357.4 14563.7 16527.6
  1462 288.091  -0.000 288.091  5750798.2 322751.6 861380.6 85551.0  10298.9 11956.6  9622.2
  1463 -321.947   0.000 -321.947  5429246.8 323811.7 874232.3 87418.8  11210.0 12247.2 10502.4
  1464 -1703.634   0.003 -1703.631  4977126.7 306109.1 604534.3 75236.7   6411.7 13669.8  6172.0
  1465 129.120  -0.001 129.118  5282986.4 254652.5 894963.5 95537.3  15478.0 18033.2 13428.6
  1466 774.212  -0.001 774.211  6086238.7 475215.2 1081851.9 96333.1  17813.8 11169.9 16464.8
  1467 945.170  -0.001 945.169  6446583.5 550228.4 1023612.6 95279.5  15759.3  8300.3 14905.9
  1468 -219.950  -0.000 -219.951  5773346.7 455290.7 1240044.3 81778.5  10182.4 15826.6  9588.0
  1469 -188.595   0.000 -188.595  5533698.0 319615.0 864255.1 90628.0  12574.3 14301.1 11013.9
  1470 -1369.757   0.001 -1369.756  5064139.0 279557.2 670603.1 74903.0   9423.7 12156.2  8691.5
  1471 -1245.865   0.002 -1245.863  4462994.2 290745.2 620236.0 87355.4   9123.4 13973.5  7833.3
  1472 447.897  -0.001 447.897  5191952.4 471800.7 1056801.4 96631.7  14932.6 20982.1 12042.8
  1473 -843.460   0.001 -843.459  5098544.6 295079.1 553795.8 76903.8   5369.7 17347.4  4923.5
  1474 -148.701  -0.000 -148.702  5267663.3 334401.6 831297.0 98344.3  10722.2 16243.5  9902.3
  1475 704.330  -0.001 704.329  5968533.3 401163.3 1078499.1 96660.6  17932.7 11671.5 16121.5

         Carbon flux (ktC/yr)        Water (dam3/yr)                Nitrogen (MgN/yr)
       ----------------------- -------------------------- --------------------------------
Spinup NEP     estab   NBP     transp     evap    interc  nuptake ndemand  nlosses ninflux
------ ------- ------- ------- ---------- ------- ------- ------- -------- ------- -------
  1476 -106.488  -0.000 -106.488  5708344.7 314229.7 767900.8 78490.4   9611.7 10232.0  9261.1
  1477 -470.235   0.000 -470.235  4870612.8 256312.7 1023319.4 82251.9   8763.0 24766.4  8661.5
  1478 -1183.413   0.001 -1183.412  5041458.8 294035.5 565794.2 84042.5   7700.8 18879.6  6778.9
  1479 -1521.778   0.003 -1521.775  4547041.7 302228.5 533366.5 81181.3   5314.5 18300.6  5109.1
  1480 363.433  -0.001 363.432  5075637.8 295404.0 621084.3 96300.7  13802.4 18410.1 11444.6
  1481 673.779  -0.001 673.778  5184145.4 323250.7 703649.0 90786.2   8981.3 14473.2  8163.9
  1482 843.599  -0.001 843.598  6121887.3 341524.9 966171.6 89854.0  13534.1 15993.6 13325.3
  1483 -186.598  -0.000 -186.598  5730038.9 397629.4 799449.0 75957.0   9901.7  9809.6 10371.5
  1484 112.895  -0.000 112.895  5676871.0 249317.5 954055.9 85943.2  12530.8 13520.1 12217.2
  1485 749.288  -0.001 749.287  6240007.8 536362.4 1010941.1 97596.1  18936.2  8069.6 16107.3
  1486 424.882  -0.000 424.881  5921914.4 326892.5 1124717.0 82659.5  13314.9 10100.9 12147.9
  1487 -385.385   0.001 -385.384  5207993.8 266364.5 979077.2 79618.8   9659.9 18303.5  9111.2
  1488 -467.228   0.000 -467.228  5604480.2 391663.0 837788.8 85103.1  15639.8 13351.6 12646.0
  1489 -31.749  -0.000 -31.749  5617867.4 344092.1 1012811.8 85010.2  15100.8 10433.1 12918.6
  1490 662.741  -0.001 662.741  6110624.3 605112.3 1175439.0 91646.9  15756.3 10532.5 14691.4
  1491 196.920  -0.000 196.920  6039889.0 336163.4 979182.2 82943.4  14186.9  8557.2 13480.9
  1492 478.443  -0.001 478.442  6192297.7 603492.1 1239975.9 88980.7  15568.0  8871.9 14751.2
  1493 -159.131   0.001 -159.130  5964627.8 324647.0 977751.5 83164.7  11457.1 10218.9 10648.9
  1494 -141.817  -0.000 -141.817  5748254.8 336814.4 996342.0 87463.4  17254.7  8528.6 14492.7
  1495 -176.189   0.000 -176.189  5870337.0 430409.6 841484.1 86302.4  15919.1  7305.8 13355.0
  1496 289.367  -0.000 289.367  5817403.8 364619.7 1025679.7 91492.1  16220.3  9267.7 13879.2
  1497 -133.419   0.000 -133.419  5573916.0 326169.8 785501.9 88889.9  13152.0  7021.5 11121.6
  1498 -541.229   0.001 -541.228  5199240.9 403370.9 880082.2 81669.5   9605.7  8935.5  9200.3
  1499 -270.091   0.000 -270.091  5467192.2 436136.9 813398.2 92124.6  13317.0  7470.6 11207.0
  1500 914.027  -0.001 914.026  5944240.0 589657.4 1195051.2 96237.0  14264.7  8651.0 12651.8

         Carbon flux (ktC/yr)        Water (dam3/yr)                Nitrogen (MgN/yr)
       ----------------------- -------------------------- --------------------------------
Spinup NEP     estab   NBP     transp     evap    interc  nuptake ndemand  nlosses ninflux
------ ------- ------- ------- ---------- ------- ------- ------- -------- ------- -------
  1501 171.379  -0.000 171.378  5766739.0 323690.5 788507.5 84365.7  11768.7  7308.8 10451.5
  1502  76.506  -0.000  76.506  5392931.2 350789.8 1003897.9 87972.2  12233.1  7138.3 11408.5
  1503  19.187   0.000  19.187  5547331.8 351666.2 1098389.6 87418.6  12874.0  9260.6 11274.4
  1504 -526.940   0.000 -526.939  4864168.2 251336.9 1094648.1 78714.0   9659.8 26033.6  9173.1
  1505 -727.201   0.001 -727.201  4915326.0 250177.0 1046383.3 80698.9  11185.0 26528.3 10165.1
  1506 -477.275   0.000 -477.275  5404029.1 312474.9 763621.9 87683.6  14068.8 11976.7 11896.3
  1507 -964.583   0.001 -964.582  4853645.1 276294.4 632719.4 77998.2   9238.9 12336.5  8714.9
  1508 -320.075   0.000 -320.075  5084059.3 395834.0 787237.7 90971.4  12818.1 11140.3 11269.3
  1509 905.470  -0.001 905.469  6000984.9 540226.4 979527.7 98401.6  18616.2  8291.6 16364.0
  1510 208.920  -0.001 208.920  5798708.8 336008.8 937688.5 82649.6  13091.5  6811.7 12921.0
  1511 629.636  -0.001 629.636  6161126.7 338798.0 1095926.7 93854.9  15069.4 10322.9 13659.2
  1512  10.689  -0.000  10.688  5815201.5 352761.3 1085019.1 82833.5  12954.9  9206.2 11801.7
  1513  40.823   0.000  40.823  5769470.9 256341.0 917138.6 82927.4  14313.8 14379.4 12972.5
  1514 -111.518   0.000 -111.518  5705794.7 431312.8 843877.1 95656.1  13910.4 10445.3 11718.3
  1515 -230.602   0.000 -230.601  4921857.1 270742.3 1005227.8 82682.0  10063.3 16293.2  9402.6
  1516 -445.595   0.001 -445.594  5016224.5 269005.0 979868.7 88338.3  12149.7 16216.1 10162.9
  1517 -31.762  -0.000 -31.762  5753044.6 301503.3 997087.1 90872.8  19559.9 10303.9 15510.6
  1518   2.551  -0.000   2.551  5725346.6 327546.2 914890.4 87297.9  12160.6 10677.4 10926.7
  1519 453.077  -0.000 453.077  6110351.8 473703.0 1183602.9 91149.8  19398.7  9725.1 17384.1
  1520 198.345  -0.000 198.344  5997540.9 344765.5 1033691.8 87957.3  15804.9  8559.2 13873.9
  1521 -26.477  -0.000 -26.477  5783204.7 338940.4 996089.2 87968.6  15593.3  8736.6 13983.4
  1522 -52.900  -0.000 -52.900  5819592.0 445962.1 882967.5 84368.8  17354.7  9272.0 14815.9
  1523 166.521  -0.000 166.521  5715949.8 341231.2 1050528.4 95905.9  14870.1  9500.1 12729.9
  1524  69.115  -0.000  69.115  5752046.8 352813.3 1093152.2 87602.6  14524.7 10126.0 12326.0
  1525 -230.642   0.000 -230.642  5501504.7 246616.3 876693.6 82455.2  13980.2 12499.7 11783.5

         Carbon flux (ktC/yr)        Water (dam3/yr)                Nitrogen (MgN/yr)
       ----------------------- -------------------------- --------------------------------
Spinup NEP     estab   NBP     transp     evap    interc  nuptake ndemand  nlosses ninflux
------ ------- ------- ------- ---------- ------- ------- ------- -------- ------- -------
  1526  -1.685   0.000  -1.685  5347766.9 461004.1 1258922.9 94542.5  12474.3 16305.7 10625.7
  1527  97.176  -0.000  97.176  5722124.4 329714.3 1164533.8 92686.1  17179.0 11688.2 14152.6
  1528  99.526   0.000  99.526  5521525.2 325031.8 874837.6 88220.8  12001.8 12207.1 11035.8
  1529 -106.254  -0.000 -106.254  5616883.1 340379.9 1387573.9 90359.2  16940.2 10455.9 14893.4
  1530 -92.153   0.000 -92.153  5991671.6 439095.8 840561.9 88765.6  16024.4  8482.4 13862.3
  1531 -1459.931   0.003 -1459.929  4834652.9 304585.7 609135.2 75593.7   4996.1 14348.6  4562.8
  1532 -148.562  -0.001 -148.563  5029953.1 332273.1 688280.3 97744.3  13080.0 12330.9 10894.5
  1533 473.375  -0.001 473.375  5478042.4 340472.9 930161.6 91403.2  13028.2 10472.3 11889.9
  1534 1094.470  -0.001 1094.469  6127528.2 503414.0 1300533.1 95684.0  16383.1 14724.8 15880.7
  1535 1033.879  -0.001 1033.878  6371194.8 498937.5 1383324.4 88700.1  15694.9 12002.7 15132.1
  1536  -7.353   0.001  -7.352  6092542.7 242643.1 1071533.3 80932.3  11330.7 13445.6 11193.1
  1537 -1221.942   0.001 -1221.941  5137987.4 278564.4 697056.2 77083.8  10157.0 13390.5  8732.5
  1538 -224.903   0.000 -224.903  5335208.1 433275.6 844347.7 94287.9  18096.4 11672.7 14334.9
  1539 814.464  -0.001 814.463  5988660.1 602389.7 1192194.9 99153.3  13661.5  9561.4 12990.0
  1540  47.681  -0.000  47.681  6090481.4 437054.0 844446.7 85740.8  13372.0  7640.1 12067.9
  1541 -83.619   0.000 -83.619  5407369.7 467058.6 1261309.4 88659.3  11917.5 15267.2 10776.5
  1542 -663.531   0.001 -663.531  5024264.8 250504.3 1086242.2 79433.5  10635.9 19780.8  9723.0
  1543 -201.497   0.000 -201.496  5593212.5 278640.2 785392.6 95219.2  16649.5 14649.1 13314.6
  1544 -1379.331   0.005 -1379.326  4888613.7 304090.3 578970.4 74295.8   5476.4 13945.5  5105.1
  1545 -170.723  -0.003 -170.726  4960766.0 260670.4 727240.9 87736.0  13981.5 15020.1 11558.5
  1546 283.149  -0.001 283.149  5381798.9 336000.7 825859.6 96887.3   9061.8 12915.2  8689.8
  1547  52.743  -0.000  52.743  5502917.1 334864.7 696945.0 90795.6  12711.8  9032.8 11717.0
  1548 -211.228  -0.000 -211.228  5413846.4 447637.7 774602.0 87770.2  11158.3  7351.6 10341.8
  1549 235.814   0.000 235.814  5014661.4 316390.5 813615.9 95420.4   9971.0 11269.1  8380.1
  1550 758.735  -0.001 758.734  6037036.3 468139.5 1147749.0 95793.2  18210.0  9867.6 15981.7

         Carbon flux (ktC/yr)        Water (dam3/yr)                Nitrogen (MgN/yr)
       ----------------------- -------------------------- --------------------------------
Spinup NEP     estab   NBP     transp     evap    interc  nuptake ndemand  nlosses ninflux
------ ------- ------- ------- ---------- ------- ------- ------- -------- ------- -------
  1551 1049.483  -0.001 1049.482  6270203.9 495353.5 1374195.9 91584.0  16106.8 13682.0 15124.2
  1552 195.384   0.000 195.384  5801493.1 314912.9 901371.2 83493.2   9877.0 14098.5  8670.7
  1553 -665.065   0.001 -665.064  5430627.7 318091.3 848101.1 80102.4  10664.2 10936.3  9811.2
  1554 -283.907   0.000 -283.907  5372997.8 274838.7 821230.0 94394.8  13778.2 14408.6 11527.0
  1555  -4.564  -0.000  -4.564  5457237.8 345902.8 977592.7 89476.5  14761.7  8653.2 12598.0
  1556  15.130  -0.000  15.130  5596988.7 351588.0 1074337.3 87662.1  13256.9 10006.5 11617.7
  1557 410.931  -0.000 410.930  5986950.9 363667.1 1036262.7 96229.2  16046.8 10926.8 13752.1
  1558 -371.387   0.001 -371.387  5212333.7 268280.8 1023248.0 81668.6   9484.3 14482.7  8888.1
  1559 155.863  -0.000 155.863  5952954.4 365938.6 1019457.9 97004.4  20009.3 10699.8 15140.9
  1560 -1165.943   0.005 -1165.937  5153853.9 299630.6 607263.0 73581.1   5831.3 11524.3  5351.4
  1561 120.917  -0.004 120.913  5218395.6 357943.3 982350.3 95769.8  14871.7 11828.1 11909.4
  1562 -998.950   0.001 -998.948  4987679.5 298476.4 572702.1 77816.4   5582.7 14998.1  5214.3
  1563 -51.469  -0.000 -51.469  5206468.4 336137.4 841352.8 96541.3  11514.2 12153.7 10284.4
  1564 218.073  -0.001 218.072  5699845.1 445045.9 785181.3 87901.7  17104.8  9500.2 15115.6
  1565 -174.050  -0.000 -174.050  5417024.1 403514.3 813445.5 86280.2   9581.9  8917.9  9621.3
  1566 135.850  -0.000 135.849  5424145.0 471261.1 1147842.8 88013.4  12352.9 16018.1 11390.2
  1567 -310.839   0.000 -310.838  5123406.5 268491.9 940838.1 85905.0  10213.5 24822.4  9656.5
  1568 413.055  -0.001 413.055  6007504.0 470709.2 1131567.9 94228.3  21580.0 15033.5 17686.2
  1569 136.409  -0.000 136.409  5882420.0 277321.2 786581.1 84169.2  12709.1 12602.6 11957.7
  1570 -346.128   0.001 -346.128  5019379.7 270548.5 969307.0 84157.8  10104.0 16136.2  9577.6
  1571 -210.130   0.000 -210.130  5527657.1 332537.7 737833.9 92302.1  17117.0 10192.3 13922.6
  1572 -435.073   0.000 -435.072  5157794.5 334701.6 766479.0 79892.3   9878.5  9513.8  9382.4
  1573 -313.239   0.000 -313.239  5211584.5 247740.7 809159.2 87039.6  14231.1 10987.4 11872.2
  1574 -151.142   0.000 -151.142  5154901.1 249814.9 806478.9 87753.2  12530.9 11298.9 10506.4
  1575 276.994  -0.000 276.993  5360710.7 348275.4 1010866.6 95240.1  12326.6 10208.8 10935.5

         Carbon flux (ktC/yr)        Water (dam3/yr)                Nitrogen (MgN/yr)
       ----------------------- -------------------------- --------------------------------
Spinup NEP     estab   NBP     transp     evap    interc  nuptake ndemand  nlosses ninflux
------ ------- ------- ------- ---------- ------- ------- ------- -------- ------- -------
  1576 197.459  -0.000 197.459  5521379.5 328963.8 750692.9 93764.9  12241.9  8496.4 10949.2
  1577 246.314   0.000 246.314  5112954.0 320730.9 855704.9 90663.2  10089.1  9560.1  8600.4
  1578 156.213  -0.000 156.213  5628765.8 330061.1 1143875.3 90173.6  15728.4  9884.3 13597.6
  1579 724.956  -0.000 724.956  6172879.5 468280.3 1219483.1 95443.2  18183.3 10244.6 16426.4
  1580 774.472  -0.001 774.471  6227677.5 497756.3 1439431.9 89008.1  17260.3 12264.3 16038.8
  1581 -275.434   0.001 -275.434  5941931.9 395410.3 935406.1 81545.2  11929.2 10443.7 11054.2
  1582 342.080  -0.000 342.080  5991523.7 467499.2 1273256.6 95874.3  19325.6  9786.5 16540.7
  1583 501.597  -0.000 501.597  6255503.1 468821.2 1288234.8 91189.3  18715.5  9312.1 16498.5
  1584 -73.885   0.000 -73.885  5850481.9 355515.7 1148456.3 83765.3  14519.1 10461.0 12376.7
  1585 -155.573   0.000 -155.573  5556965.3 329114.1 822671.7 92739.2  14882.8 10498.2 12319.0
  1586 574.245  -0.001 574.244  5812802.4 497033.2 1462999.4 92872.0  19200.1 11264.1 16432.7
  1587 124.261   0.000 124.261  6051777.5 451285.8 932897.3 84861.9  16423.6  9059.2 14017.0
  1588 -682.528   0.001 -682.528  4834675.8 255087.8 1150784.6 81446.5   9436.4 21516.7  8932.5
  1589 -168.650   0.000 -168.649  5588951.6 327574.4 1170296.0 96316.8  18231.4 13952.5 14323.9
  1590 513.427  -0.001 513.427  5970056.2 500504.5 1400780.5 91699.3  18924.5 11106.5 17215.1
  1591 441.914  -0.001 441.914  6136553.0 398446.5 1261122.0 91322.4  17274.3  8766.4 15854.3
  1592 -1188.312   0.001 -1188.311  5300746.6 304940.2 638346.6 74782.4   6657.2 13649.4  6135.9
  1593 -1393.809   0.001 -1393.808  4476161.0 294971.3 653138.3 85649.0   9986.7 14114.1  8473.1
  1594 236.888  -0.000 236.888  5274370.8 252994.4 923865.4 99031.2  15852.8 15847.8 13304.4
  1595 160.696  -0.000 160.695  5559948.2 458393.1 1141279.7 88449.7  11920.5 15564.2 10858.6
  1596 -1363.078   0.001 -1363.077  4972358.0 275282.5 580617.1 77100.9   9375.9 11282.3  8654.8
  1597  33.236  -0.000  33.236  5098633.0 287488.0 721293.2 100696.0  14470.9 16054.7 12016.4
  1598 607.012  -0.001 607.011  5820785.9 370984.3 926696.0 94189.3  14859.0 10154.4 13780.7
  1599 1025.432  -0.001 1025.431  6277225.5 557195.0 1019119.3 99559.8  16357.1  8085.1 15151.9
  1600 930.183  -0.001 930.182  6245036.0 500800.2 1387439.4 92200.2  15989.2 10337.6 15262.4

         Carbon flux (ktC/yr)        Water (dam3/yr)                Nitrogen (MgN/yr)
       ----------------------- -------------------------- --------------------------------
Spinup NEP     estab   NBP     transp     evap    interc  nuptake ndemand  nlosses ninflux
------ ------- ------- ------- ---------- ------- ------- ------- -------- ------- -------
  1601 210.063  -0.000 210.063  6005841.2 327166.1 1208995.9 86820.7  13912.4 11116.6 12570.1
  1602 454.879  -0.001 454.878  6068550.7 496217.6 1466396.6 93888.2  18163.1 12264.2 16503.5
  1603 -814.506   0.001 -814.505  5238052.5 249154.3 1156997.1 73363.3   9326.6 19167.1  9134.7
  1604 -373.233   0.000 -373.233  5781647.8 438529.2 837874.7 96448.2  17758.2 10858.1 13786.2
  1605 572.548  -0.001 572.548  5931538.4 470111.7 1223051.2 96044.2  18577.5 10024.1 16423.3
  1606 684.591  -0.001 684.590  6169683.7 496129.0 1439272.8 90252.6  17797.0 11093.1 16493.7
  1607 -817.436   0.001 -817.435  5216633.1 249668.3 1148287.4 72173.9   9102.1 19016.4  9051.8
  1608 -616.021   0.001 -616.020  5430395.7 452929.2 1254504.6 91522.7  13921.7 16965.8 11869.8
  1609 -370.885   0.000 -370.884  5711119.2 259771.3 877819.3 81023.8  16901.0 11994.0 15170.1
  1610 -36.873  -0.000 -36.873  5510708.8 247775.1 1002702.1 95115.0  14050.7 17548.7 12900.9
  1611 -1135.655   0.001 -1135.654  5136074.2 286276.3 649755.5 76135.6  10956.4 11705.2 10030.2
  1612  38.824  -0.000  38.824  5140713.6 347315.9 1271049.4 97533.5  17182.1 11847.9 14974.3
  1613 -931.300   0.001 -931.300  5194236.0 281705.2 637391.4 75659.8  10398.9 11539.5  9977.0
  1614 728.617  -0.001 728.617  5773722.4 546151.4 982214.4 105172.4  21062.4  9253.6 17042.5
  1615 759.572  -0.001 759.572  6217786.4 616166.1 1175872.7 89425.3  14456.4  8101.9 14664.0
  1616 555.660  -0.001 555.660  6173703.7 504517.0 1392109.0 88365.6  16814.0 10494.8 16713.3
  1617 351.673  -0.000 351.672  6260518.2 611999.7 1275816.4 89078.2  14939.7  8670.6 14881.5
  1618 -414.799   0.001 -414.799  5933131.3 243352.2 1085897.1 83778.8  13179.5 12043.1 13087.3
  1619 -1715.372   0.001 -1715.371  4901751.5 277672.1 638327.6 78333.1  11119.6 11011.4  9403.0
  1620 -375.969   0.000 -375.969  5122998.8 395380.2 811034.7 96723.1  13604.1 12627.9 11292.3
  1621 831.355  -0.001 831.354  5782077.9 396843.7 1136477.8 99220.4  17450.0 10517.1 15757.5
  1622 -263.347   0.000 -263.347  5291464.1 268618.5 972373.4 79583.8   8943.6 17527.6  8909.2
  1623 -367.089   0.000 -367.089  5466765.1 457154.4 1196461.9 89685.6  14547.3 17491.5 12309.7
  1624  39.787  -0.000  39.787  5452340.2 326714.6 822931.5 90637.9  13349.3 12764.0 12407.3
  1625 -262.041  -0.000 -262.041  5853254.8 446995.1 795739.0 87963.4  15540.2  8695.9 14012.7

         Carbon flux (ktC/yr)        Water (dam3/yr)                Nitrogen (MgN/yr)
       ----------------------- -------------------------- --------------------------------
Spinup NEP     estab   NBP     transp     evap    interc  nuptake ndemand  nlosses ninflux
------ ------- ------- ------- ---------- ------- ------- ------- -------- ------- -------
  1626 -22.112  -0.000 -22.112  5529835.7 454332.7 834889.0 87368.7  15829.6 10287.5 14039.2
  1627 -40.420  -0.000 -40.420  5401418.1 276161.9 798228.2 92930.9  11539.3 14095.7 10193.0
  1628 -171.443   0.000 -171.442  5311603.9 283130.2 799857.7 89122.0  11566.8 12917.0  9765.7
  1629 779.552  -0.001 779.551  5854781.6 495878.2 1364998.5 99812.1  18204.9 13451.9 16252.2
  1630 -113.484   0.000 -113.484  5742371.6 315712.8 837270.5 79242.7   9770.1 10708.6  9022.7
  1631 755.985  -0.001 755.985  6134595.7 546572.9 1107496.2 107819.1  18161.3 10077.1 15285.1
  1632 -231.219   0.000 -231.219  5784307.0 396413.1 926801.5 82263.6  10575.4  9491.9  9972.0
  1633 722.903  -0.000 722.903  6146681.1 545073.8 1134593.8 104405.1  18914.1  8385.9 15050.2
  1634 -447.908   0.001 -447.907  5051202.2 255229.4 1152166.1 73925.6   8713.5 18847.9  8525.9
  1635 -490.331   0.000 -490.331  5414142.0 243913.5 875589.3 89631.8  15667.1 14738.4 12420.8
  1636 469.021  -0.000 469.021  5818669.0 364981.7 1036703.2 101053.6  16051.4 11706.7 13456.9
  1637 689.066  -0.001 689.065  6016882.8 392066.4 1258948.2 96953.9  16720.5  8834.8 14770.8
  1638 -1228.096   0.003 -1228.094  5253644.5 302250.4 641606.8 71927.5   5448.9 12272.0  4976.7
  1639 -61.730  -0.001 -61.732  5277564.6 452158.3 835343.0 94728.7  17130.7 12122.8 13605.9
  1640 289.301  -0.000 289.301  5382538.3 478201.3 1193975.7 92911.7  11263.9 19770.2 10514.3
  1641 762.688  -0.001 762.687  6205299.0 341619.1 1098849.3 99045.6  16558.3 17641.5 14488.8
  1642 -250.162   0.000 -250.162  5675980.1 317860.7 836630.7 79485.7  10043.0 11722.0  9412.1
  1643 -1593.616   0.002 -1593.614  4586127.8 271050.4 634428.6 80844.5   7664.0 12335.7  6942.2
  1644  14.398  -0.001  14.397  4547592.5 272608.7 960951.5 96036.9  11462.5 26732.1  9987.1
  1645 495.675  -0.001 495.674  5733263.7 298530.3 951996.5 95049.2  17093.9 12265.1 14190.8
  1646 357.464  -0.001 357.464  5797634.4 357319.9 1010556.8 87424.0  12874.0 13655.6 11750.5
  1647 -516.396   0.001 -516.395  4972714.5 250901.1 1053075.8 79128.9   8904.4 23598.9  8881.8
  1648 305.574  -0.000 305.574  5810984.5 394107.5 1149117.8 100605.8  21224.6 12550.3 17129.2
  1649 -1319.295   0.001 -1319.294  5080736.5 271875.7 603275.5 73492.8   8837.9 10432.3  8226.1
  1650 -976.633   0.001 -976.632  4483411.1 290780.4 607592.0 88952.5   9624.6 14939.3  8113.7

         Carbon flux (ktC/yr)        Water (dam3/yr)                Nitrogen (MgN/yr)
       ----------------------- -------------------------- --------------------------------
Spinup NEP     estab   NBP     transp     evap    interc  nuptake ndemand  nlosses ninflux
------ ------- ------- ------- ---------- ------- ------- ------- -------- ------- -------
  1651 -212.734   0.000 -212.734  4894942.7 341010.6 682635.8 92361.8  10447.5 12628.1  9567.9
  1652 641.758  -0.001 641.757  5482839.9 325644.9 1019162.4 97954.7  14509.1 15542.3 12968.8
  1653 472.553  -0.001 472.553  5885344.0 258652.9 834189.0 80500.4  12998.6 14011.3 12719.4
  1654 -68.943  -0.000 -68.944  5499377.0 394989.8 836040.5 92804.6   9863.3 14786.7  9762.5
  1655 690.773  -0.000 690.772  6096369.7 600612.5 1191463.0 95738.1  14125.3 10653.4 13559.3
  1656 -101.153   0.000 -101.153  5849761.4 454012.1 1256666.3 83365.7  11439.4 15626.0 10616.9
  1657 -233.751   0.000 -233.751  5774725.8 322410.0 955431.9 90349.6  12705.4 12833.1 11079.4
  1658 -1145.009   0.002 -1145.007  5167755.1 295403.4 601364.8 76948.8   7058.2 15034.4  6597.0
  1659 -377.068  -0.000 -377.068  5133489.1 398469.3 803781.8 92231.4  12461.6 13663.3 10870.8
  1660 267.781  -0.001 267.780  5482534.2 349444.5 983278.7 90674.6  13854.8 12858.9 12229.0
  1661 555.665  -0.001 555.664  5680637.5 324827.5 1096506.9 93240.9  14474.5 15864.3 12857.6
  1662 913.985  -0.001 913.984  6141539.5 496325.7 1360109.4 91862.4  17135.7 15029.2 16198.5
  1663 -411.993   0.001 -411.992  5413921.2 265652.1 1017712.4 76579.8   8745.9 19274.9  8746.0
  1664 243.223  -0.000 243.223  6047109.9 600426.5 1217775.6 96228.0  18992.9 12035.0 15965.6
  1665 -283.327  -0.000 -283.327  5736132.0 314043.2 823353.0 80202.0  11291.9 10297.4 10457.3
  1666 -153.249   0.000 -153.248  5414520.3 451157.2 1249163.1 91286.1  13204.0 16506.3 11289.5
  1667 -60.583   0.000 -60.583  5815405.3 257654.3 890123.4 81383.6  16026.9 13157.2 14391.9
  1668 895.994  -0.001 895.993  6098602.4 546220.0 1061226.6 106044.3  18691.6 11525.4 15811.8
  1669 137.603  -0.000 137.603  5877856.9 277736.5 834352.9 84069.8  12039.9 12196.7 10890.7
  1670 495.632  -0.000 495.632  6075269.0 340752.0 1150311.8 95804.9  16015.9 12686.0 13490.0
  1671 -1178.016   0.001 -1178.015  5139047.6 279322.8 712447.1 72266.2   8453.8 10926.1  7771.7
  1672 -503.282   0.001 -503.281  5116865.1 398525.4 853656.0 91348.8  11753.6 11951.7 10106.4
  1673 -385.616   0.001 -385.616  5292949.5 399537.4 838684.6 86626.8  11371.9 10953.9 10577.1
  1674 821.414  -0.001 821.413  5904352.3 464778.8 1153520.4 98938.7  19130.2 11533.6 16482.9
  1675 498.243  -0.001 498.242  6000054.1 300642.8 1028576.4 87102.2  14218.8  9288.1 12914.5

         Carbon flux (ktC/yr)        Water (dam3/yr)                Nitrogen (MgN/yr)
       ----------------------- -------------------------- --------------------------------
Spinup NEP     estab   NBP     transp     evap    interc  nuptake ndemand  nlosses ninflux
------ ------- ------- ------- ---------- ------- ------- ------- -------- ------- -------
  1676 433.178  -0.000 433.178  6095735.8 367160.3 1037266.3 92609.5  15685.1 11391.4 13870.4
  1677 194.347  -0.000 194.346  5728146.3 334607.3 1417122.6 89954.3  15392.3 15443.5 13678.2
  1678  99.576  -0.000  99.576  5882016.6 328951.4 1028314.9 88346.8  15592.0 10387.2 13557.3
  1679 -499.037   0.001 -499.036  5151176.6 265761.7 1040354.7 82687.3  10265.7 16692.8  9417.3
  1680 -212.344   0.000 -212.344  5586066.0 276113.3 817182.4 91490.2  17569.1 14805.5 13682.6
  1681 -1181.975   0.001 -1181.974  4817374.0 283875.2 667133.5 75304.1   9443.0 11646.3  8529.9
  1682 653.867  -0.001 653.867  5501738.8 395466.2 1120966.7 103749.7  19602.5 11538.7 15876.4
  1683 921.524  -0.001 921.524  6155180.3 497868.3 1344173.9 89135.2  16944.2 11623.1 16642.8
  1684 638.662  -0.001 638.662  6348300.9 609564.2 1249056.4 88428.0  14523.1  9235.6 14508.7
  1685 474.816  -0.000 474.816  6429848.8 561502.3 1131505.8 92776.2  17170.0  8629.8 16075.1
  1686 -200.530  -0.000 -200.530  5844992.2 329932.2 1045481.3 86050.2  15239.6  8993.3 13847.7
  1687 -777.322   0.001 -777.321  4990024.5 248960.7 1135251.6 76439.6  10545.9 18316.9  9766.3
  1688  25.614   0.000  25.614  5898233.7 364914.3 1018100.6 97600.0  18416.1 13043.8 15354.3
  1689 573.604  -0.001 573.604  6028411.8 496704.6 1385341.5 90476.4  18511.8 11975.1 17260.2
  1690 -552.401   0.001 -552.400  5337632.9 267480.3 1022365.1 77835.2   9790.2 16067.1  9475.4
  1691 114.610  -0.000 114.610  5913075.6 472800.5 1200350.2 95654.0  22859.1 11960.9 18129.3
  1692  62.539  -0.000  62.539  5954215.3 298946.9 1044044.7 88200.4  16283.6  9433.1 14583.7
  1693 519.650  -0.000 519.650  5999924.6 497794.0 1400499.5 91690.8  19282.3 12548.7 17312.0
  1694  86.537   0.000  86.537  5709393.7 319524.1 899377.3 85231.4  11410.3 11855.3 10502.5
  1695 -458.774   0.001 -458.773  5754772.5 243332.2 1070634.5 85912.3  14186.1 13146.7 13296.1
  1696 -206.771   0.000 -206.771  5637754.5 336264.0 990000.3 91634.0  18153.5  8914.0 14980.6
  1697 103.213  -0.000 103.212  5588157.8 337219.6 1387594.0 90136.2  16963.4 10453.3 14899.1
  1698 -217.671   0.000 -217.671  5762513.7 394866.1 889749.5 86327.7  13799.3 10826.5 12257.8
  1699 -207.722   0.000 -207.722  5741288.8 440667.5 839434.2 90726.2  15473.3  8936.3 13087.9
  1700 649.256  -0.000 649.255  5970216.3 601732.0 1237459.9 95862.1  14920.0  9666.3 13729.8

         Carbon flux (ktC/yr)        Water (dam3/yr)                Nitrogen (MgN/yr)
       ----------------------- -------------------------- --------------------------------
Spinup NEP     estab   NBP     transp     evap    interc  nuptake ndemand  nlosses ninflux
------ ------- ------- ------- ---------- ------- ------- ------- -------- ------- -------
  1701 106.584   0.000 106.585  5884292.0 277853.5 843321.5 87937.2  13243.1 11641.9 12131.9
  1702 158.515  -0.000 158.515  5701954.9 298803.7 1073816.4 92165.0  15970.6  9423.0 13303.1
  1703 656.300  -0.000 656.299  6128581.7 472276.8 1263376.3 97987.7  18793.7 11616.0 16230.6
  1704 -205.804   0.000 -205.804  5721704.4 456256.7 1331786.8 82037.8  11577.0 16164.3 10460.0
  1705 -119.090   0.000 -119.090  5679692.3 326774.4 1207336.9 91924.0  18035.2 13017.0 14494.1
  1706 -166.659   0.000 -166.659  5765697.9 243697.3 1069278.7 87530.4  14947.8 14004.2 13235.4
  1707 506.680  -0.000 506.680  6141100.2 344789.0 1129679.5 97250.1  19052.1 12582.7 15799.0
  1708 -427.104   0.000 -427.103  5627658.4 321677.6 845294.6 80864.1  11366.6  9842.3 10507.6
  1709 651.130  -0.000 651.129  6027653.8 552938.7 1102392.5 103539.6  20156.9  9700.2 16482.9
  1710 -378.842   0.000 -378.841  5561036.3 321499.4 854287.4 79459.6  10694.5  9421.4  9939.4
  1711 -126.284   0.000 -126.284  5545951.8 243240.3 1066730.5 93946.7  14440.6 14879.4 12696.4
  1712 499.964  -0.000 499.964  6078822.3 472795.8 1237902.6 96595.2  20591.7 10055.1 17105.4
  1713 627.284  -0.000 627.283  6135251.7 499007.4 1452718.2 89651.0  17795.6 11607.3 16672.7
  1714 -1094.347   0.001 -1094.345  5340524.1 305333.9 647496.0 73209.8   6526.5 14066.6  5952.7
  1715 319.775  -0.000 319.775  5730667.3 342764.8 1108887.5 102970.8  17048.9 16624.8 14105.0
  1716 711.847  -0.000 711.846  6312125.7 558184.2 1100287.6 95432.6  18182.7  8211.7 16278.2
  1717 165.800  -0.000 165.800  5991175.2 347406.8 1081448.9 89528.6  15126.8  8798.4 13208.3
  1718 -210.353   0.000 -210.352  5928186.8 441848.9 880543.1 88938.0  15120.5  9317.9 12860.6
  1719 -75.416   0.000 -75.416  5594046.1 259112.3 937682.0 84628.9  14715.5 12340.2 12972.4
  1720 -1459.554   0.003 -1459.551  4800735.7 299116.1 629030.9 81064.1   4913.2 17519.8  4358.6
  1721 571.631  -0.001 571.630  5246330.4 347172.2 1253189.1 100743.4  17108.8 19533.5 13678.0
  1722 539.329  -0.001 539.328  5775074.9 338644.9 1311551.8 88713.1  14812.9 12988.2 13820.7
  1723 475.375  -0.000 475.375  6180286.4 368929.1 1012579.9 90297.6  15448.1 11695.7 14102.3
  1724 567.954  -0.001 567.954  6263554.7 606359.8 1250757.0 92621.8  14900.4 11148.3 14211.5
  1725 -1401.291   0.001 -1401.289  5121296.8 273767.0 650592.5 72375.4   8214.1 11520.8  7559.4

         Carbon flux (ktC/yr)        Water (dam3/yr)                Nitrogen (MgN/yr)
       ----------------------- -------------------------- --------------------------------
Spinup NEP     estab   NBP     transp     evap    interc  nuptake ndemand  nlosses ninflux
------ ------- ------- ------- ---------- ------- ------- ------- -------- ------- -------
  1726 891.378  -0.001 891.377  5816129.7 594654.6 1175966.0 105452.9  14634.9 12884.4 12427.8
  1727 874.700  -0.001 874.699  6479499.0 340660.4 1120622.7 93575.2  14078.1 12949.0 13049.4
  1728 298.078  -0.000 298.078  6243186.7 370520.5 1066020.6 89056.4  14646.1 11033.6 13744.5
  1729 204.526  -0.000 204.526  6165445.2 367323.8 1076685.2 92107.9  15991.3 11443.3 13853.9
  1730 -232.244   0.000 -232.243  5673194.0 453055.8 1318941.3 86324.4  12304.8 16098.8 10544.1
  1731 -81.724   0.000 -81.724  5782074.4 328772.0 1021772.8 92236.7  17473.6 10793.2 14122.6
  1732 -230.155   0.000 -230.154  5754211.8 321711.7 986503.9 88311.5  11645.0 11897.9 10181.8
  1733 558.580  -0.000 558.580  6227737.9 340367.9 1138434.6 98200.1  18117.6 12954.4 14924.4
  1734 -42.427   0.000 -42.427  5790962.2 325855.2 810184.9 86862.7  13439.3  9047.0 11708.4
  1735  44.094   0.000  44.094  5569891.3 247643.7 1072402.9 88198.7  13202.0 13913.8 12013.8
  1736 -270.659   0.000 -270.659  5792288.2 437244.3 863148.7 92939.7  15270.4  8443.9 12322.4
  1737 -418.682   0.000 -418.681  4736340.3 262986.8 1095411.6 82143.6  10547.7 20580.6  9646.2
  1738 770.586  -0.000 770.586  6123753.9 547311.1 1068812.0 103861.6  21687.7 10800.3 16262.7
  1739 202.778  -0.000 202.778  5970944.4 261922.5 924352.1 78694.6  12941.3 11555.5 12101.4
  1740 -477.347   0.001 -477.346  4931304.2 267658.0 1032586.9 90411.7   9773.2 20939.5  8941.8
  1741 -229.222   0.000 -229.222  5676460.0 454899.9 867862.5 87725.9  19970.1 11870.1 15352.3
  1742 -194.372   0.000 -194.372  5403237.8 328306.0 771095.3 92797.7  12797.8  9635.3 11402.6
  1743 610.363  -0.000 610.363  5937085.8 597633.7 1220519.9 92343.1  14279.8  9116.8 13196.9
  1744 -73.095   0.000 -73.095  5795089.4 327680.5 795013.7 85785.4  13109.9  8420.2 11923.1
  1745  49.262  -0.000  49.262  5707631.5 369934.7 1048819.8 90683.9  15335.6  9434.4 13667.1
  1746 519.292  -0.000 519.291  6174439.2 338513.7 1150551.7 96942.8  16181.0 11499.0 13898.3
  1747 -223.261   0.000 -223.261  5958450.8 438684.4 879091.6 85121.4  13668.1  7316.3 11999.4
  1748 -489.504   0.000 -489.503  5205709.4 250025.2 890478.8 84080.6  13386.7 10124.1 10927.8
  1749 697.754  -0.000 697.753  5916271.4 336715.2 1141865.2 103849.9  16972.4 13071.5 13390.7
  1750 -367.358   0.000 -367.358  5521578.3 320434.7 857517.4 78388.0   9636.4  8136.1  8733.7

         Carbon flux (ktC/yr)        Water (dam3/yr)                Nitrogen (MgN/yr)
       ----------------------- -------------------------- --------------------------------
Spinup NEP     estab   NBP     transp     evap    interc  nuptake ndemand  nlosses ninflux
------ ------- ------- ------- ---------- ------- ------- ------- -------- ------- -------
  1751 508.357  -0.000 508.357  5922768.2 464960.9 1257334.9 103391.5  19315.0 10594.3 15962.8
  1752 -1313.423   0.003 -1313.420  5149783.9 299803.0 643656.1 70053.5   5086.4 11090.0  4570.9
  1753 226.246  -0.002 226.245  5180566.9 483062.2 1163147.4 93836.5  13100.6 25488.0 11119.5
  1754 -621.772   0.000 -621.772  4918485.3 254113.1 1033012.1 77225.4   9681.1 30813.3  9576.8
  1755 -324.945   0.000 -324.945  5508721.4 352981.5 990205.8 92090.8  17506.0 17416.7 14346.3
  1756 -40.949  -0.000 -40.950  5670571.6 258239.6 845021.2 80615.6  14497.8 14552.0 14082.0
  1757 364.336  -0.001 364.335  5674546.1 341754.5 977538.3 99254.0  14851.5 13617.6 13039.3
  1758  84.532  -0.000  84.532  5738096.0 332663.6 753308.9 87470.2  13455.0 10373.8 12430.9
  1759 -237.372   0.000 -237.372  5350986.0 279756.5 807962.5 85914.4  11903.7 13082.5 10745.2
  1760 -22.185   0.000 -22.185  5537417.2 249622.5 1017294.6 89708.7  13868.7 14518.1 12702.9
  1761 141.013  -0.000 141.013  5596244.2 337136.5 1356866.1 93328.6  16939.8 11904.1 14412.4
  1762 183.843  -0.000 183.843  5860087.9 327422.2 1160405.2 88496.1  15837.3 12378.0 13537.2
  1763 -359.446   0.000 -359.446  5572345.1 314503.4 826433.0 82919.7  11303.3 11326.9 10272.5
  1764 -305.132   0.000 -305.132  5537006.2 322916.1 954428.7 93319.3  11243.4 13599.9  9987.1
  1765 -1331.365   0.003 -1331.361  5064927.3 297751.3 598390.4 76576.6   6598.2 14405.0  6150.3
  1766 -1535.215   0.003 -1535.213  4425356.7 316986.7 528381.7 78248.9   4772.9 18386.4  4700.5
  1767 1682.902  -0.002 1682.900  5847580.7 529941.9 813827.2 107186.7  20706.9 14682.3 15457.0
  1768 -1001.273   0.001 -1001.272  5000715.5 315204.3 516436.8 65108.9   3170.9 16390.9  3601.2
  1769 549.538  -0.001 549.537  5406838.7 341284.1 835134.9 100633.2  14960.6 15489.7 12717.1
  1770 -918.159   0.001 -918.158  4992818.0 297896.8 534188.1 71045.8   4150.5 15517.7  4069.5
  1771 918.131  -0.001 918.130  5803327.6 463167.0 1013559.7 105187.7  19062.4 16990.5 16466.0
  1772 1156.195  -0.001 1156.193  6422570.0 337048.1 1010180.7 88148.3  12899.1 17338.2 12811.8
  1773 527.163  -0.001 527.162  5958491.3 327694.9 1104156.7 81520.2  12409.8 19889.1 11584.7
  1774 -412.765   0.001 -412.764  5196945.9 266392.4 966816.2 77658.9   8957.6 24192.6  8674.4
  1775 -273.566   0.000 -273.566  5604661.4 330017.8 737771.1 89611.3  16333.6 12823.0 13607.0

         Carbon flux (ktC/yr)        Water (dam3/yr)                Nitrogen (MgN/yr)
       ----------------------- -------------------------- --------------------------------
Spinup NEP     estab   NBP     transp     evap    interc  nuptake ndemand  nlosses ninflux
------ ------- ------- ------- ---------- ------- ------- ------- -------- ------- -------
  1776 557.750  -0.001 557.749  5883449.6 496984.3 1328745.5 89776.1  17727.5 13449.0 16719.9
  1777 735.854  -0.001 735.853  6485600.8 338861.0 1113053.1 89774.9  14911.0 12033.5 13776.4
  1778 -731.809   0.001 -731.808  5122022.7 251234.0 1090487.9 69425.0   8854.2 20484.5  9208.8
  1779 -576.892   0.000 -576.892  5569357.8 393241.2 842551.3 87954.1  12346.3 13743.1 11938.6
  1780  -3.560  -0.000  -3.560  5567523.8 327241.1 1101238.0 88450.7  16163.4 12847.1 14265.3
  1781 -648.466   0.000 -648.465  5017492.4 252096.4 1026940.8 74038.7  10157.2 19712.1  9994.2
  1782 -513.377   0.001 -513.377  5428617.4 450537.2 1140073.9 87893.6  15598.1 17018.0 12816.3
  1783 -195.357  -0.000 -195.357  5638156.1 350818.9 962789.3 85445.7  16625.3 10932.9 14696.2
  1784 -190.009  -0.000 -190.010  5470379.3 452968.3 1137469.9 84364.7  12918.6 15984.1 11893.2
  1785 -40.378  -0.000 -40.378  5849697.6 301313.4 959453.7 89030.5  17352.7 10075.4 15325.8
  1786  59.433  -0.000  59.432  5807978.0 444219.5 809935.4 84023.9  17098.3 10857.6 15264.9
  1787 207.855  -0.000 207.855  5778586.7 300820.2 994242.3 92977.0  14779.7 11391.9 13202.8
  1788 132.283  -0.000 132.283  5855506.9 438262.4 847495.9 84276.8  16573.1 11217.6 14404.2
  1789 -333.722   0.000 -333.722  5324975.8 321258.0 798111.1 85242.0   9676.9 11554.7  9023.3
  1790 -46.699   0.000 -46.699  5424393.6 463360.0 1209178.6 91203.9  12905.1 17161.8 11129.4
  1791 200.845  -0.000 200.845  5918594.9 301629.7 1023709.5 91858.5  17003.7 10962.8 14303.4
  1792 676.438  -0.001 676.438  6094494.6 504423.1 1377520.3 90794.4  18328.3 12959.6 16718.4
  1793 595.077  -0.000 595.077  6238459.6 401859.8 1246572.4 89875.9  16781.0  9790.7 15206.0
  1794 -347.373   0.001 -347.372  5870917.2 399051.8 916730.6 82017.4  12260.2 10792.8 11323.0
  1795 -153.366   0.000 -153.366  5580567.1 341771.5 1011575.5 90379.5  15799.1  9360.9 13541.1
  1796 -1201.945   0.001 -1201.944  4975580.8 282061.6 688099.1 75031.0   9514.0 11030.7  8629.4
  1797 321.510  -0.000 321.510  5183663.6 347825.2 1284479.2 100076.1  17901.7 13886.4 14404.0
  1798 -764.270   0.001 -764.269  5245126.1 298083.1 584780.5 75096.1   6838.4 15113.1  6521.1
  1799 -369.197   0.000 -369.197  5051968.3 253545.3 784313.8 86911.6  14878.6 14102.3 12443.2
  1800 -107.623   0.000 -107.623  5249584.1 396358.4 808068.4 91858.5  10896.2 11602.7 10492.1

         Carbon flux (ktC/yr)        Water (dam3/yr)                Nitrogen (MgN/yr)
       ----------------------- -------------------------- --------------------------------
Spinup NEP     estab   NBP     transp     evap    interc  nuptake ndemand  nlosses ninflux
------ ------- ------- ------- ---------- ------- ------- ------- -------- ------- -------
  1801 330.400  -0.001 330.400  5529983.5 329811.9 1077274.2 92158.3  15365.9 13395.2 13644.3
  1802 795.044  -0.001 795.044  6119602.8 475770.2 1163286.5 93006.0  18011.0 10989.0 16824.5
  1803  20.699  -0.000  20.699  5969823.3 247393.4 1033104.6 82716.8  12439.9 13631.0 12322.5
  1804 -175.955   0.000 -175.955  5838651.5 259156.5 897498.7 80088.0  15509.0 13446.4 14170.3
  1805 -352.933   0.000 -352.933  5295651.7 316087.0 803972.5 91126.0  11039.0 13131.8 10086.1
  1806 669.203  -0.000 669.202  5934143.9 473656.3 1192937.3 98839.5  18791.3 11568.7 16497.4
  1807 218.713  -0.000 218.712  5974057.6 445220.2 882729.6 82524.8  16014.5  9767.9 14117.8
  1808 572.380  -0.001 572.380  5853200.3 402235.7 1241959.8 98516.1  16466.3 10475.9 14771.3
  1809 -195.752   0.001 -195.752  5768674.2 452587.1 1309325.5 82042.0  11931.1 15073.9 10608.8
  1810 -128.486   0.000 -128.486  5490494.7 324740.6 889542.1 88496.7  13483.3 13319.6 11823.6
  1811 409.401  -0.000 409.400  6199987.8 552982.8 1092149.3 95350.2  20574.0  8479.5 17099.2
  1812 442.526  -0.001 442.526  6041182.4 404299.9 1244771.0 89962.1  17691.9  8960.5 15877.0
  1813  66.200  -0.000  66.200  6058237.7 301039.2 1092762.0 86802.7  16125.5  9867.7 13882.3
  1814 -1534.758   0.001 -1534.757  4898573.5 273322.3 649424.7 74486.0   9141.5 11759.4  8036.7
  1815 -322.904   0.000 -322.904  5035811.3 250318.4 802550.2 91517.9  15061.4 13957.0 11799.1
  1816 199.836  -0.000 199.836  5273651.1 280482.8 771232.0 94765.9  11758.0 14905.3 10218.7
  1817 -417.672   0.000 -417.671  5075283.2 343754.9 756142.1 83217.2   9434.4 10914.9  8904.1
  1818 -321.054   0.000 -321.054  5130045.7 253250.5 803861.2 88665.2  13653.9 12302.8 11562.2
  1819 -103.490   0.000 -103.490  5411460.5 433952.4 785334.9 96888.6  12547.9  8155.6 10953.4
  1820 1042.957  -0.001 1042.956  5965057.5 540768.6 1025577.7 101561.8  17010.8  8083.9 14381.8
  1821 521.422  -0.000 521.422  5919213.1 343351.4 1032942.9 88102.1  12581.9  7608.8 11436.2
  1822 385.199  -0.000 385.199  6078894.7 365019.6 1049102.1 92471.9  14683.6  8954.6 13223.3
  1823 226.416  -0.000 226.416  5908028.8 340219.7 1077379.0 91959.7  14379.7  7831.8 12114.1
  1824 -340.216   0.001 -340.216  5459653.3 317509.8 853582.9 82408.9  10251.8  8369.3  9080.1
  1825 -289.373   0.001 -289.373  5304067.2 326710.1 796956.3 96377.0  12901.2  7876.0 10416.8

         Carbon flux (ktC/yr)        Water (dam3/yr)                Nitrogen (MgN/yr)
       ----------------------- -------------------------- --------------------------------
Spinup NEP     estab   NBP     transp     evap    interc  nuptake ndemand  nlosses ninflux
------ ------- ------- ------- ---------- ------- ------- ------- -------- ------- -------
  1826 -161.237   0.001 -161.237  4734360.4 286691.5 985383.7 87763.9  11618.3 15520.8  9742.1
  1827 185.935  -0.000 185.934  5518289.3 344606.3 971051.2 91835.8  17201.0  7970.6 13549.6
  1828 -318.015   0.001 -318.015  5093594.6 270476.8 995794.8 81947.4   9323.7 14394.6  9097.2
  1829 -138.153   0.000 -138.153  5638903.7 444150.2 846681.5 90301.9  19980.6  9812.5 15690.7
  1830 -1354.969   0.003 -1354.966  4845748.7 302656.6 589361.6 75440.6   5049.5 11921.4  4859.1
  1831 484.350  -0.002 484.349  5353049.4 343205.6 887175.7 97014.5  15895.1  9346.0 13030.5
  1832 978.250  -0.001 978.248  6042373.5 512128.4 1244868.9 91868.0  16400.1 30731.4 16381.1
  1833 458.191  -0.001 458.191  6111255.4 344949.5 990010.1 86418.8  13971.7 19627.0 12983.8
  1834  12.735  -0.000  12.735  5865811.4 445804.8 860020.8 82358.8  15737.2 12602.6 14356.2
  1835 -86.921   0.000 -86.921  5564310.7 349561.3 1063018.4 89932.3  13158.2 13540.7 11723.6
  1836 552.327  -0.001 552.326  5968654.0 502756.3 1381902.6 93348.3  18609.3 15070.3 16786.8
  1837 163.467   0.000 163.468  6061408.3 440339.0 895241.2 82128.5  15940.2  9860.6 14128.8
  1838 541.384  -0.000 541.384  6055667.3 472781.2 1251748.0 98358.2  17359.1 12102.1 15526.0
  1839 -508.855   0.001 -508.854  5302318.9 268819.4 1043787.9 78714.7   9519.5 17115.9  9021.9
  1840 -1682.582   0.001 -1682.581  4826310.4 271218.6 621413.0 76789.3  11390.0 12865.3  9259.5
  1841 -134.880   0.000 -134.880  4591475.3 267291.0 954787.5 91233.3  13177.7 24337.1 10954.9
  1842 234.327  -0.001 234.327  5702940.0 437131.0 753261.9 92289.1  16845.8  9971.7 13671.3
  1843  39.937  -0.000  39.937  5675899.9 435798.0 780329.3 87496.7  12158.7  9112.2 11456.3
  1844 921.330  -0.001 921.329  6033838.6 544574.9 1030752.5 99903.6  17211.9  8998.2 15062.6
  1845 -285.147   0.000 -285.147  5219034.8 272839.0 988577.0 77874.6   8696.3 15721.9  8676.3
  1846  14.424  -0.000  14.424  5530868.2 340835.5 1341890.7 94271.4  19037.9 13414.9 14934.9
  1847 147.638  -0.000 147.638  5927124.8 439193.0 860145.6 83178.7  16958.5 10620.1 14860.3
  1848 654.731  -0.000 654.731  5953317.5 503043.9 1386504.2 94930.6  17454.0 14392.7 16177.6
  1849 -485.560   0.001 -485.559  5404994.0 269828.0 1026248.0 76827.8   9380.6 17032.2  9079.5
  1850 405.031  -0.000 405.031  6085066.5 547825.8 1068627.8 99019.8  23322.5 10364.1 17476.1

         Carbon flux (ktC/yr)        Water (dam3/yr)                Nitrogen (MgN/yr)
       ----------------------- -------------------------- --------------------------------
Spinup NEP     estab   NBP     transp     evap    interc  nuptake ndemand  nlosses ninflux
------ ------- ------- ------- ---------- ------- ------- ------- -------- ------- -------
  1851 110.812  -0.000 110.812  6008493.4 303907.6 1052857.6 86485.7  16066.9  9724.6 14097.5
  1852 597.744  -0.001 597.744  6234327.0 344498.2 1139139.5 94139.0  17307.4 12815.4 14680.1
  1853 -310.853   0.000 -310.852  5873631.4 335452.0 988596.1 82576.4  10657.6 11576.4  9831.9
  1854 265.402  -0.000 265.402  5967611.5 400887.1 1241301.3 92943.3  19784.9 11196.9 16589.4
  1855 505.672  -0.000 505.671  6295422.9 611142.9 1274611.3 88524.5  16193.3  9867.5 15021.3
  1856  13.204   0.000  13.205  5712250.3 319591.5 919180.4 84056.3  11468.7 12260.1 10468.8
  1857 -331.625   0.000 -331.625  5560342.9 337139.5 1435299.3 87616.6  17510.8 11743.9 15095.7
  1858 -68.361   0.000 -68.361  5705489.9 328590.7 1193256.9 87732.2  17831.7 12049.1 14649.0
  1859 -363.566   0.000 -363.565  5523530.0 451536.8 1273393.6 83472.1  14010.6 15163.1 11875.1
  1860 207.966  -0.000 207.965  5864183.9 506237.7 1382076.4 91064.6  21223.2 11054.9 18432.2
  1861 -797.497   0.001 -797.496  5134641.9 253817.3 1086669.6 73128.4  10200.7 17882.6 10134.1
  1862 -260.179   0.001 -260.179  5285486.1 328116.5 824913.8 90860.5  15256.3 14256.8 12874.5
  1863 -328.567   0.000 -328.567  5780033.9 441989.4 793046.5 85787.9  16575.6  8410.7 14984.2
  1864  24.978  -0.000  24.978  5138310.9 326780.1 825521.2 87854.0  11968.0 11593.9 11463.8
  1865 -385.532   0.000 -385.532  5614210.5 259378.6 865586.1 77796.1  15613.3 11358.7 14950.5
  1866 -55.909  -0.000 -55.910  5499586.1 257848.3 858215.2 86676.1  14515.8 14860.9 13973.7
  1867 462.818  -0.001 462.818  5763320.4 371517.2 971461.3 98230.6  15797.0 13214.0 14372.5
  1868 -624.639   0.001 -624.638  5022594.4 256433.6 1050912.4 74165.1   9364.9 19325.5  9627.9
  1869 -1667.688   0.001 -1667.686  4776612.9 278268.4 579014.0 79082.8  12117.9 12827.0 10325.7
  1870 105.410  -0.001 105.410  5168237.9 347384.1 923988.7 96993.3  17388.4 13235.4 13790.9
  1871  -4.406  -0.001  -4.407  5460636.7 255214.3 766213.3 80032.7  13445.9 12812.1 12794.5
  1872 1114.332  -0.001 1114.331  6010400.2 543678.5 994204.7 104617.7  17059.1 10276.2 15908.1
  1873 -141.226  -0.000 -141.226  5591279.4 322015.5 796603.2 77857.4   9663.6  9425.2  9478.1
  1874  51.705   0.000  51.705  5179865.9 323900.8 853667.6 93243.5  11263.0 13004.3 10400.3
  1875 -580.036   0.001 -580.036  5347413.0 331163.5 792553.9 81104.6  11504.8  9654.7 10589.3

         Carbon flux (ktC/yr)        Water (dam3/yr)                Nitrogen (MgN/yr)
       ----------------------- -------------------------- --------------------------------
Spinup NEP     estab   NBP     transp     evap    interc  nuptake ndemand  nlosses ninflux
------ ------- ------- ------- ---------- ------- ------- ------- -------- ------- -------
  1876 -213.626   0.000 -213.626  5241764.3 334560.5 748434.8 95340.3  13321.8  8894.7 11977.2
  1877 752.551  -0.001 752.550  5892936.2 596050.3 1187625.2 92563.2  14303.7  9040.0 13041.0
  1878 144.673  -0.000 144.673  5753127.1 331219.5 781668.2 85687.2  12559.2  8277.6 11697.0
  1879 -82.316   0.000 -82.316  5316783.2 350970.3 1090612.2 85545.8  12490.9 10154.6 11506.8
  1880 -535.747   0.000 -535.747  4832064.6 253805.3 1087308.2 79869.3  10120.2 26784.9  9796.5
  1881 -196.584   0.000 -196.584  5631271.0 255898.8 881990.1 84351.7  16728.6 17345.8 15040.2
  1882 355.074  -0.000 355.073  5472196.0 330852.1 1124439.2 95247.0  15423.6 16567.1 13595.9
  1883 170.298  -0.000 170.297  5787758.3 443586.3 866090.5 83724.0  16721.6 10682.2 15206.3
  1884 -297.148   0.000 -297.148  5307960.6 320224.3 819511.1 84761.9  10530.5 11446.5  9992.0
  1885  10.866  -0.000  10.866  5430441.4 347475.9 1071599.9 92100.1  14689.8 12499.7 12795.1
  1886 107.829  -0.000 107.829  5695594.5 255120.8 918079.5 82778.9  15017.6 14293.2 13947.7
  1887 -207.903   0.000 -207.902  5381305.6 357137.6 930896.1 92155.0   9480.0 14606.5  9110.4
  1888 329.349  -0.000 329.349  6026054.1 372011.0 1001849.5 90701.8  16750.2 11688.4 15070.9
  1889 606.195  -0.000 606.195  6131292.0 622562.4 1218419.5 89684.2  15365.8 10153.9 14931.0
  1890 -243.557   0.000 -243.557  5694841.3 317089.6 842883.8 78816.5  11095.0 11117.7 10669.5
  1891 -105.719   0.000 -105.719  5438083.0 280125.0 829464.0 91568.0  13915.9 15449.7 12371.8
  1892 260.259  -0.000 260.259  5756335.6 365549.0 1038609.9 91742.2  17127.6 10590.8 14750.1
  1893 -1249.092   0.002 -1249.090  4990258.0 299641.4 624861.8 73201.0   5456.6 12858.5  4973.0
  1894 308.831  -0.001 308.830  5172941.9 366968.3 894867.8 96390.4  14449.5 12538.2 12888.0
  1895  22.115  -0.000  22.115  4999174.6 275274.0 932378.9 81601.4   9430.2 17400.2  9758.6
  1896 180.480  -0.000 180.480  5594398.2 439967.0 824771.4 89584.2  18120.2 11626.0 15339.3
  1897 385.626  -0.001 385.625  5547869.5 346659.2 945841.7 92136.5  12663.8  9118.4 12396.5
  1898 778.488  -0.001 778.487  5895298.5 398375.9 1202893.0 94922.8  16663.1  8900.2 15354.2
  1899 872.139  -0.000 872.139  6287803.5 610634.7 1261196.2 90338.5  14670.3  8001.4 14358.9
  1900 186.332   0.000 186.332  5877975.7 333461.7 817796.0 85942.4  13235.7 10116.4 12246.7

         Carbon flux (ktC/yr)        Water (dam3/yr)                Nitrogen (MgN/yr)
       ----------------------- -------------------------- --------------------------------
Year   NEP     estab   NBP     transp     evap    interc  nuptake ndemand  nlosses ninflux
------ ------- ------- ------- ---------- ------- ------- ------- -------- ------- -------
  1901 -400.051   0.001 -400.050  5475311.4 434836.1 885252.8 87266.2  13285.4  7522.0 11937.0
Simulation ended.
lpjml successfully terminated, 72 grid cells processed.
Wall clock time:	135 sec, 0.00062 sec/cell/year.
Total wall clock time:	139 sec (00:02:19).
