--------------------------------------
Running config: /home/druijsch/LPJmL5/dev15oct2025/config_files/2026_04_08_run_for_10_locations/boreal_broadleaved_summergreen_tree/spinup/configs/boreal_broadleaved_summergreen_tree_patch7_config_spinup.cjson
SLURM task ID: 0
Node: tcn180.local.snellius.surf.nl
--------------------------------------
******************************************************************************
****        _     ____     _           _       ____        _  ___         ****
****       | |   |  _ \   | |_ __ ___ | |     | ___|      / |/ _ \        ****
****       | |   | |_) |  | | '_ ` _ \| |     |___ \      | | | | |       ****
****       | |___|  __/ |_| | | | | | | |___   ___) |  _  | | |_| |       ****
****       |_____|_|   \___/|_| |_| |_|_____| |____/  (_) |_|\___/        ****
****                                                                      ****
****                 lpjml C Version 5.10.1 (Apr 14 2026)                 ****
****    Dynamic global vegetation model with natural and managed land     ****
****                     Compiled for Linux with MPI                      ****
****       (C) Potsdam Institute for Climate Impact Research (PIK),       ****
****                          see COPYRIGHT file                          ****
****              Authors, and contributors see AUTHORS file              ****
**** This version of LPJmL is licensed under GNU AGPL Version 3 or later  ****
****        See LICENSE file or go to http://www.gnu.org/licenses/        ****
****                 or invoke lpjml -l to print license                  ****
****      https://gitlab.pik-potsdam.de/lpjml/wur_team/lpjml-wur.git      ****
****          GIT hash: 5e6f8e1bb5c5d5f3357da68b6c43e9517864f3c2          ****
****                                                                      ****
******************************************************************************

Running for user druijsch on tcn180.local.snellius.surf.nl at Tue Apr 14 16:43:39 2026
Reading configuration from '/home/druijsch/LPJmL5/dev15oct2025/config_files/2026_04_08_run_for_10_locations/boreal_broadleaved_summergreen_tree/spinup/configs/boreal_broadleaved_summergreen_tree_patch7_config_spinup.cjson'.
==============================================================================
/----------------------------------------------------------\
|institution: Potsdam Institute for Climate Impact Research|
|contact:                                                  |
|comment:                                                  |
\----------------------------------------------------------/
Simulation "LPJmL Run" running on 50 tasks
Simulation with shuffle spinup climate, equilsoil is called, 
nitrogen limitation, permafrost, Johansen conductivity, 
percolation heattransfer, GSI phenology, NPP controlled BNF.
Cultivation types: none, biomass, annual crop
Working directory: /gpfs/home5/druijsch/LPJmL5/dev15oct2025
cpp processed configuration file written to `/projects/prjs2023/chapter3/lpjml_output/2026_04_08_run_for_10_locations/boreal_broadleaved_summergreen_tree/patch_7/output/lpjml_config_spinup.json`.
Starting from scratch.
Input files:
Variable     Fmt  Varname  Filename
------------ ---- -------- ---------------------------------------------------
soil         cdf  soilcode /projects/prjs2023/chapter3/lpjml_input/run_for_10_locations/boreal_broadleaved_summergreen_tree/patch_7/soil.nc
temp         cdf  tas      /projects/prjs2023/chapter3/lpjml_input/run_for_10_locations/boreal_broadleaved_summergreen_tree/patch_7/temp.nc
prec         cdf  pr       /projects/prjs2023/chapter3/lpjml_input/run_for_10_locations/boreal_broadleaved_summergreen_tree/patch_7/prec.nc
lwdown       cdf  rlds     /projects/prjs2023/chapter3/lpjml_input/run_for_10_locations/boreal_broadleaved_summergreen_tree/patch_7/lwdown.nc
swdown       cdf  rsds     /projects/prjs2023/chapter3/lpjml_input/run_for_10_locations/boreal_broadleaved_summergreen_tree/patch_7/swdown.nc
no3_depo     cdf  noy      /projects/prjs2023/chapter3/lpjml_input/ndep-noy_histsoc_monthly_1901_2021_units.nc
nh4_depo     cdf  nhx      /projects/prjs2023/chapter3/lpjml_input/ndep-nhx_histsoc_monthly_1901_2021_units.nc
soilpH       cdf  soil_ph  /projects/prjs2023/chapter3/lpjml_input/hwsd_soil_data_all_land_oceanfilled.nc
co2          txt           /projects/prjs2023/chapter3/lpjml_input/co2_1832-2023.dat
windspeed    cdf  sfcwind  /projects/prjs2023/chapter3/lpjml_input/run_for_10_locations/boreal_broadleaved_summergreen_tree/patch_7/wind.nc
------------ ---- -------- ---------------------------------------------------
Writing restart file '/home/druijsch/LPJmL5/dev15oct2025/restart/2026_04_08_run_for_10_locations/boreal_broadleaved_summergreen_tree/patch_7/restart_1901_nv_stdfire.lpj' after year 1901.
Random seed: 2
Number of output files:       1
Output written in year:       -1020
Byte order in output files:   little endian

Variable   Fmt  Unit Type   tstep nbd Filename
---------- ---- ---- ------ ----- --- -----------------------------------------
globalflux txt  -    float  year    1 /projects/prjs2023/chapter3/lpjml_output/2026_04_08_run_for_10_locations/boreal_broadleaved_summergreen_tree/patch_7/output/globalflux_spinup.csv + .json
---------- ---- ---- ------ ----- --- -----------------------------------------
Spinup years:                  3000
Cycle length during spinup:      30
First year:                    1901
Last year:                     1901
Number of grid cells:            72
==============================================================================
Memory allocated for output: 344 bytes/cell
Simulation begins...
Spinup using climate starting from year 1901

         Carbon flux (ktC/yr)        Water (dam3/yr)                Nitrogen (MgN/yr)
       ----------------------- -------------------------- --------------------------------
Spinup NEP     estab   NBP     transp     evap    interc  nuptake ndemand  nlosses ninflux
------ ------- ------- ------- ---------- ------- ------- ------- -------- ------- -------
 -1099 -302.232   0.410 -301.822        0.0 538427.0     0.0     0.0      0.0 23255.4   523.5
 -1098 -317.721   0.332 -317.388        0.5 1062764.3     2.4    36.6      0.4 16557.3   523.9
 -1097 -317.516   0.131 -317.385       15.4 871075.1     3.9   217.3      0.8 12028.6   524.4
 -1096 -305.313   0.186 -305.127      343.2 935496.6    13.3  1201.6      6.2 11064.2   530.5
 -1095 -50.487   0.112 -50.374     9832.6 1193794.8    93.5  6663.2     28.0  9095.1   558.8
 -1094 668.893  -0.018 668.875   140433.5 1003352.1  1601.7 21291.9    350.0 29289.7   915.6
 -1093 1421.354  -0.042 1421.313   571219.9 691027.5 12206.6 32740.8   1732.5 29655.1  2322.8
 -1092 2037.084  -0.060 2037.024   844759.2 469751.7 29945.8 38483.5   1888.9  6135.6  1812.3
 -1091 2288.465  -0.026 2288.439   994814.7 495720.1 44597.1 39084.3   2378.0 11033.0  2073.9
 -1090 1793.604   0.002 1793.606   859373.8 369923.0 29900.0 27860.1   2686.8  6772.0  2037.6
 -1089 805.788   0.004 805.792   797893.4 452862.9 52976.4  2481.4   1755.3  3342.2  1763.5
 -1088 1257.164  -0.008 1257.156   875543.4 451575.5 28767.5 25272.3   3509.1  4853.8  3246.2
 -1087 1267.004  -0.012 1266.992   941069.1 485172.4 52780.2 24550.5   3535.6 18927.4  3308.3
 -1086 1526.745  -0.000 1526.744   976521.8 447563.8 36455.1 29228.6   3740.9  6478.4  3536.6
 -1085 804.866  -0.000 804.866   889523.9 501109.0 57041.5 20303.5   2802.3  7345.4  2622.1
 -1084 963.108  -0.000 963.108   999506.2 514398.5 55764.2 26669.8   4362.4 11659.3  4097.1
 -1083 463.179   0.000 463.179   852492.7 487889.0 50871.9 15292.9   4780.2 11473.4  4134.6
 -1082 245.058   0.001 245.058   919763.2 444444.8 47040.3 14685.3   5964.3 15309.6  5153.3
 -1081 276.608   0.002 276.611   866539.4 359669.9 37472.6 10704.4   6325.2 13336.4  5392.9
 -1080  93.316   0.003  93.319   910916.1 394441.0 59249.2  9014.7   5615.1 16893.4  4841.3
 -1079  78.450   0.007  78.457   815375.0 370736.3 36371.0  9512.6   5519.8 14828.1  4546.6
 -1078  54.176   0.006  54.182   792083.1 374935.7 48093.5  8793.1   6179.8 19945.6  4918.9
 -1077 113.631   0.008 113.639   884215.4 447212.4 51465.9  8646.8   6651.2 19439.0  5761.4
 -1076  56.616   0.007  56.622   835464.6 423706.9 38961.1 10058.8   6456.0 12423.1  5545.9
 -1075 100.866   0.005 100.871   894657.1 361626.8 50220.4  8132.5   6790.3 28965.2  5704.3

         Carbon flux (ktC/yr)        Water (dam3/yr)                Nitrogen (MgN/yr)
       ----------------------- -------------------------- --------------------------------
Spinup NEP     estab   NBP     transp     evap    interc  nuptake ndemand  nlosses ninflux
------ ------- ------- ------- ---------- ------- ------- ------- -------- ------- -------
 -1074  13.712   0.004  13.715   880797.0 483399.1 41531.5 10542.9   6634.5 18455.2  5865.3
 -1073  59.256   0.011  59.267   718787.7 322187.1 24170.9 10780.1   5867.7 16714.7  4230.5
 -1072 -48.354   0.016 -48.337   797386.6 269768.0 38507.6  4115.4   5376.7 15310.3  4062.3
 -1071  42.999   0.005  43.004   882002.1 441170.8 50934.1 12021.1   6616.3 21926.6  5755.7
 -1070  60.309   0.003  60.312  1017646.2 437075.1 46026.8  9838.4   7855.3 18257.9  6791.2
 -1069 228.451  -0.000 228.451   981896.5 408045.4 61709.6 16194.9   7705.1 24379.6  6640.9
 -1068 117.681   0.008 117.689   896971.6 306302.3 45037.8  5441.8   6244.8 16319.3  4756.2
 -1067  78.772   0.009  78.782   833848.1 325554.0 42742.0  8351.3   5668.5 15188.9  4633.8
 -1066 164.665   0.003 164.668   894537.9 334412.9 38284.8  9846.7   7613.5 13967.0  6312.7
 -1065 -94.705   0.019 -94.686   786334.0 310640.4 43942.6  4670.8   5327.7 13096.6  4226.0
 -1064  25.015   0.001  25.017   835416.3 323637.5 35265.0 10851.5   7655.1 12159.7  5866.4
 -1063  18.682   0.006  18.688   845594.9 366902.8 57327.7  8552.7   7257.4 12442.0  5375.9
 -1062  63.081   0.007  63.088   791299.4 395584.1 44908.8  9517.9   6145.2 12233.2  4913.7
 -1061  97.199   0.002  97.202   861695.1 381050.1 56578.6 10546.7   7718.2 17641.7  5837.1
 -1060  59.648   0.010  59.657   841446.2 370470.8 45416.4  8792.9   6421.5 13152.0  5184.1
 -1059  88.356   0.004  88.360   821896.9 376209.1 54314.8  9783.9   7321.5 15091.9  5670.5
 -1058 119.873   0.007 119.880   859290.1 357404.9 48592.3  7393.8   7650.7 11509.3  6111.4
 -1057 158.555  -0.003 158.553  1011720.6 405994.2 65713.6 11703.8   8040.7 14324.8  7080.9
 -1056 110.693   0.004 110.697   890248.2 402565.6 65274.3  9707.9   6994.2 13703.1  5674.2
 -1055 237.639  -0.001 237.637   956308.3 318143.8 47902.7 10600.2   7383.8 14144.4  6071.8
 -1054 211.414  -0.001 211.413   933509.0 424675.8 66033.4 13810.9   7894.4 16924.2  6524.8
 -1053 188.849  -0.000 188.849   985111.2 389296.3 75026.7 13730.0   8749.5 21681.1  7007.1
 -1052 -10.809  -0.000 -10.810   957370.9 416715.9 62568.2  9094.4   8618.0 17770.4  6622.4
 -1051  82.775   0.000  82.775   862026.3 308397.0 55618.7  9512.4   8526.4 16335.4  6282.0
 -1050  73.134   0.005  73.140   818682.9 373527.5 54718.1  8349.2   7634.9 14830.0  5799.0

         Carbon flux (ktC/yr)        Water (dam3/yr)                Nitrogen (MgN/yr)
       ----------------------- -------------------------- --------------------------------
Spinup NEP     estab   NBP     transp     evap    interc  nuptake ndemand  nlosses ninflux
------ ------- ------- ------- ---------- ------- ------- ------- -------- ------- -------
 -1049 106.114   0.001 106.115   792503.5 349915.3 45131.4 11218.7   8032.6 13490.8  5965.1
 -1048 159.010  -0.001 159.009   884457.9 317831.0 47826.2  8880.1   8535.0 12368.3  6746.3
 -1047  -3.200   0.008  -3.191   786458.7 314941.5 56839.9  5796.2   7679.0 11313.4  5619.1
 -1046 146.532  -0.003 146.529   935756.4 393944.0 69212.5 14966.1   8886.3 10481.1  7202.2
 -1045  12.870   0.003  12.873   922577.4 419525.1 73127.3  6671.3   7788.6 10632.6  5807.8
 -1044 208.058  -0.002 208.056  1007400.8 411492.5 74013.1 16437.5   9204.9 14608.8  7644.5
 -1043  42.321  -0.000  42.321   964625.5 422953.2 77614.5  9581.5   8418.4 16859.1  6855.2
 -1042  33.509  -0.000  33.509   921613.1 366922.4 58238.3 11393.2   9236.7  9400.9  7178.0
 -1041 106.214  -0.000 106.213   836891.3 374188.7 72758.5 10283.4   8237.5 10650.3  6171.9
 -1040 211.755  -0.000 211.755   920405.8 321998.0 52833.8 11197.7   8891.0  8099.5  7246.1
 -1039 -55.660   0.009 -55.652   794762.2 374359.1 75992.7  8949.3   6707.3  8006.7  4967.0
 -1038 106.705  -0.005 106.700   945163.8 472047.7 69717.1 14124.6   8960.4 11039.2  7415.0
 -1037  74.723   0.001  74.723   866828.7 307628.1 58523.4  8824.4   7683.2  7553.6  5639.2
 -1036 125.528  -0.000 125.528   872630.8 389289.1 63597.1 13207.0   8442.7  7295.6  6778.9
 -1035 -49.362   0.004 -49.358   862219.9 363270.0 79868.9  7401.7   7737.4  7257.8  5512.5
 -1034  13.791  -0.002  13.789   834572.3 475526.9 57490.7 11341.6   8507.8  6762.0  6862.6
 -1033  79.417  -0.001  79.416   905262.1 410099.8 80744.6 10034.0   8451.6  9413.6  6556.9
 -1032 167.284  -0.001 167.283   963933.9 408317.5 84974.0 16568.3   9470.2 11720.9  7879.5
 -1031 -37.262   0.004 -37.258   809452.3 371136.4 63173.0  7875.2   8140.6  9237.6  6047.4
 -1030  28.852  -0.002  28.851   818692.6 334714.1 60866.3 11137.8   9226.3  8831.3  7073.8
 -1029  70.850   0.003  70.853   802890.3 365744.0 65749.2  7786.6   8858.6  8015.8  6752.7
 -1028 110.452  -0.001 110.451   831485.2 362873.9 53370.9 12920.4   7995.4  7729.9  6535.3
 -1027 128.246  -0.001 128.245   854404.4 405649.8 67857.8 12629.1   9103.8  7205.3  7214.9
 -1026  77.126  -0.000  77.126   870914.6 420390.9 85737.1 10592.2   8687.7  8946.6  6821.2
 -1025 159.169  -0.001 159.169   945913.3 410566.4 89124.3 16233.2   9909.7 10870.2  8006.3

         Carbon flux (ktC/yr)        Water (dam3/yr)                Nitrogen (MgN/yr)
       ----------------------- -------------------------- --------------------------------
Spinup NEP     estab   NBP     transp     evap    interc  nuptake ndemand  nlosses ninflux
------ ------- ------- ------- ---------- ------- ------- ------- -------- ------- -------
 -1024 -31.093  -0.000 -31.094   760407.4 451679.5 69766.1  9429.7   8975.8  7315.9  6763.8
 -1023 163.575  -0.000 163.575   844375.8 442242.9 87719.8 11115.8   8905.5  8502.4  7190.5
 -1022 146.876  -0.001 146.875   934634.8 400311.9 76397.3 13884.0   9415.3  7013.4  7689.9
 -1021 119.356  -0.001 119.355   834611.0 381418.2 71056.0 11496.7   9250.4  6413.1  7096.4
 -1020 160.257  -0.000 160.257   861302.8 361379.3 98699.1 13953.8   9127.5  7344.0  7173.8
 -1019  67.575   0.001  67.577   680813.6 306264.8 63667.4 12685.0   8708.1  5708.8  6183.0
 -1018  72.645   0.002  72.647   736546.9 344888.8 75565.6  9249.2   9201.5  5304.8  6902.9
 -1017 122.181  -0.002 122.179   825944.3 455034.6 89261.6 16131.0   9271.0  6783.8  7639.4
 -1016 107.701   0.000 107.701   773820.3 314697.2 71417.4 11640.5   8536.7  5282.6  6079.5
 -1015 117.660   0.001 117.661   764099.1 405018.3 86292.3 12865.9   8758.8  5392.0  6897.8
 -1014 167.566  -0.001 167.565   780107.7 370772.9 91407.7 15015.0   9489.0  6814.2  6902.6
 -1013  89.895  -0.000  89.895   711343.3 383215.6 96616.1 13093.2   8781.6  5977.1  6385.3
 -1012  41.817  -0.001  41.816   799887.1 391450.7 90787.9 14761.7   9736.9  4469.7  7367.9
 -1011 243.713  -0.001 243.713   765231.1 317560.9 78422.4 15139.6  10043.1  4182.7  7270.8
 -1010 157.545  -0.001 157.544   741576.3 337736.6 75832.6 15081.6   9791.5  4010.9  6932.0
 -1009 226.875  -0.001 226.874   755639.7 383906.8 119193.8 18728.8   9917.8  5137.7  7513.6
 -1008 198.410  -0.001 198.409   739722.9 365086.5 110057.4 15713.6  10203.8  6104.2  7219.1
 -1007 128.816   0.001 128.817   693100.3 377974.7 97873.4 13534.3   9505.3  3856.6  7149.7
 -1006 226.578  -0.001 226.577   768460.5 357365.9 93612.0 16648.3   9646.8  3557.6  7396.0
 -1005 200.447  -0.000 200.447   692783.6 354772.3 111201.8 16625.0   9858.5  4875.0  6781.2
 -1004 181.840   0.001 181.841   645565.8 315495.4 75180.4 15079.0   8851.8  3110.0  5608.7
 -1003 -17.935   0.009 -17.926   619395.0 327711.6 95881.4 10694.3   9495.7  2954.7  6753.6
 -1002 120.667  -0.001 120.666   668502.6 355457.3 87391.3 14458.0   9186.7  2991.5  7085.6
 -1001  50.112   0.000  50.113   588140.6 319316.3 49348.1 15124.7   8604.9  2572.1  5759.3
 -1000  58.394   0.001  58.394   687134.7 275176.5 77823.2 12172.5   9057.4  2643.9  6053.5

         Carbon flux (ktC/yr)        Water (dam3/yr)                Nitrogen (MgN/yr)
       ----------------------- -------------------------- --------------------------------
Spinup NEP     estab   NBP     transp     evap    interc  nuptake ndemand  nlosses ninflux
------ ------- ------- ------- ---------- ------- ------- ------- -------- ------- -------
  -999  74.847  -0.000  74.847   696942.1 344226.6 93389.0 15954.2   8376.0  3308.5  6099.9
  -998  49.637   0.002  49.639   639649.1 307611.0 62120.3 12828.1   7918.5  2632.0  4965.6
  -997 -158.869   0.018 -158.851   635330.8 384230.4 93254.5 10951.1   7826.0  3347.3  5166.2
  -996 108.802  -0.010 108.792   719584.6 396420.7 86449.4 16174.2   9302.3  4227.0  6892.2
  -995 235.099  -0.002 235.097   790199.5 391502.3 107177.1 18868.0   9725.7  3985.8  7594.5
  -994  49.954  -0.000  49.954   639610.7 351336.8 72693.0 14275.7   8849.8  2726.7  6251.5
  -993 170.762   0.003 170.765   680736.2 311492.0 63129.5 16502.7   8597.9  2755.3  6028.3
  -992  12.719  -0.002  12.717   687616.8 297791.4 71967.3 13042.1   9294.4  2636.6  6068.5
  -991  21.137   0.002  21.138   670315.8 368624.9 79269.0 13560.0   8381.2  2746.1  6050.2
  -990 193.356  -0.001 193.355   736698.9 427617.0 99581.6 15429.0   9264.1  3357.8  7294.0
  -989 192.442  -0.001 192.441   751202.9 451598.8 102534.5 15701.8   9206.2  3605.9  7292.8
  -988 106.845  -0.001 106.844   720089.1 456478.3 107940.2 16648.3   9248.6  4286.7  6673.7
  -987 291.319  -0.002 291.318   759938.4 426969.4 99797.8 19016.8   9789.6  2784.7  7636.0
  -986 324.564  -0.001 324.563   710959.1 320992.5 85488.3 17131.9   9744.0  2508.2  7446.2
  -985 119.253   0.000 119.253   626025.2 336748.0 83044.5 16570.6   8445.4  2658.0  5969.0
  -984 168.832  -0.000 168.832   657739.3 349573.3 80056.5 18102.2   9067.2  2813.3  6646.7
  -983 212.348   0.001 212.349   630763.8 305834.5 74100.3 17007.2   8877.7  2326.7  5962.6
  -982  46.444   0.000  46.445   669612.3 359753.4 122558.9 14320.5   8789.9  3339.9  5761.6
  -981 263.594  -0.001 263.592   791119.6 392920.2 101185.3 19851.6  10302.2  2964.5  7900.3
  -980 229.236  -0.001 229.234   693822.4 368169.3 117069.9 18918.8  10074.0  3807.5  7276.1
  -979 215.674  -0.001 215.673   689463.7 433375.9 128317.9 20028.1  10094.2  3693.6  7544.4
  -978 176.367  -0.001 176.366   688335.9 433298.5 136020.3 20209.5  10214.9  3910.0  7687.1
  -977  71.607   0.000  71.607   591412.8 357211.0 96919.4 18525.6   9688.2  2221.0  6581.4
  -976 227.651   0.000 227.651   626904.6 305315.6 84427.6 18459.7   9850.2  2301.0  6581.6
  -975  69.378   0.001  69.379   600289.3 338777.9 89738.6 16790.2   9061.7  2430.1  6199.0

         Carbon flux (ktC/yr)        Water (dam3/yr)                Nitrogen (MgN/yr)
       ----------------------- -------------------------- --------------------------------
Spinup NEP     estab   NBP     transp     evap    interc  nuptake ndemand  nlosses ninflux
------ ------- ------- ------- ---------- ------- ------- ------- -------- ------- -------
  -974 166.919  -0.000 166.918   673374.9 431546.9 124680.8 19463.2  10737.2  3933.6  7851.9
  -973 121.286  -0.001 121.285   634270.3 344311.3 104923.2 17107.3  10319.1  2764.3  7320.4
  -972 175.351  -0.000 175.351   618224.1 379376.2 106280.5 16867.0   9474.0  2746.5  6667.3
  -971  73.783   0.001  73.783   538466.1 315085.2 62178.2 16978.6   9411.1  1958.3  5966.1
  -970 168.829   0.000 168.830   651230.6 356482.7 100854.9 16869.0  10432.3  1964.5  7368.7
  -969 153.659  -0.000 153.659   612407.3 311957.5 101511.1 16963.0  10061.9  1997.5  7177.0
  -968 158.712   0.000 158.712   616138.4 463424.4 106927.0 17153.1   9813.8  2195.1  7242.8
  -967 227.502  -0.000 227.502   606756.9 357162.3 128735.3 17120.2   9727.2  2945.6  6732.5
  -966 182.814   0.001 182.815   599771.2 340952.0 130116.8 17037.0   9664.9  2718.6  6678.4
  -965 238.215  -0.001 238.215   652576.4 421593.3 118721.3 18630.7  10634.0  1844.3  7859.8
  -964 277.490  -0.000 277.490   649840.2 322329.0 97439.3 17810.4  10527.3  1491.7  7825.1
  -963 172.200  -0.001 172.199   626510.9 421752.6 136760.3 18822.6  10585.1  2748.7  7536.1
  -962 200.393  -0.001 200.392   650911.7 415807.8 124377.8 19422.1  10491.1  1864.6  7870.3
  -961  62.536   0.002  62.538   513804.0 306607.8 67656.1 16005.9   9473.6  1595.9  5666.2
  -960 132.327   0.000 132.327   647141.9 419787.4 135635.2 17962.9  10061.1  3123.4  7306.9
  -959 220.592  -0.001 220.591   730597.4 383355.0 118112.9 20207.7  10973.3  2526.9  8136.0
  -958 272.667  -0.001 272.667   719056.2 362433.2 124328.1 19733.8  10625.5  2459.0  8011.4
  -957 179.750   0.002 179.751   613840.1 378161.8 120595.0 17548.7  10103.4  2090.0  7418.9
  -956 175.982   0.003 175.985   623434.1 333253.9 109729.2 17483.6   9562.6  2341.7  6903.9
  -955 201.224  -0.002 201.223   596708.1 322945.6 95635.7 18862.2  10502.8  1697.7  7439.2
  -954 238.755   0.003 238.758   633613.2 405771.2 133506.6 16794.3  10211.6  2501.2  7516.2
  -953 131.788  -0.001 131.787   598016.7 326287.0 119707.7 16944.4   9972.8  2903.1  6914.6
  -952  45.430   0.003  45.433   631687.5 384985.9 108069.3 18628.1   9624.8  2371.6  7089.1
  -951 225.769  -0.002 225.767   687208.3 370356.0 148638.5 19232.0  11228.9  2587.4  8136.2
  -950  12.083   0.021  12.104   594477.2 417753.8 134059.3 15825.9   8061.8  3157.1  5847.5

         Carbon flux (ktC/yr)        Water (dam3/yr)                Nitrogen (MgN/yr)
       ----------------------- -------------------------- --------------------------------
Spinup NEP     estab   NBP     transp     evap    interc  nuptake ndemand  nlosses ninflux
------ ------- ------- ------- ---------- ------- ------- ------- -------- ------- -------
  -949 188.712  -0.012 188.700   661257.9 392974.5 87308.5 19667.5   8633.5  2196.6  6653.4
  -948  34.044   0.001  34.045   538563.9 308086.0 64081.0 16976.5   8888.3  1521.5  5488.6
  -947 131.284  -0.000 131.284   663907.0 422296.1 134377.0 18755.7   9696.3  2994.7  7168.2
  -946 231.364  -0.001 231.363   749211.3 387103.9 117542.4 20799.0  10677.5  2431.4  8021.3
  -945 204.123  -0.001 204.121   674111.5 435039.6 139412.2 20914.1  10361.6  3214.0  7701.1
  -944 183.127  -0.001 183.125   666432.3 342096.9 102833.4 20762.3  10578.8  1828.4  7453.4
  -943 250.317  -0.001 250.315   659843.5 428613.9 152467.7 22170.0  10507.3  3584.7  7610.9
  -942 269.050  -0.001 269.049   717493.6 365268.5 139980.0 20852.6  10847.6  3018.8  8001.7
  -941 147.890   0.001 147.890   621194.1 310680.9 122728.7 19792.5   9879.2  2878.1  6769.2
  -940 200.727   0.001 200.728   619502.1 399447.5 150253.0 18375.9  10463.8  3299.8  7302.2
  -939  53.736   0.008  53.744   614354.1 380802.6 114798.3 18514.2   9852.4  2959.9  7093.7
  -938 158.117  -0.002 158.115   581152.5 343672.0 140952.1 18274.3  10070.6  3479.0  6698.6
  -937 189.317   0.002 189.319   623054.1 407198.5 138374.1 17710.6  10324.0  3096.5  7512.2
  -936 232.994  -0.002 232.993   631354.2 349973.7 104012.0 18748.1  10943.9  1802.8  7762.2
  -935  54.383   0.006  54.389   544956.5 297818.7 88735.9 17181.4   8671.7  1805.3  5462.6
  -934  56.382  -0.002  56.379   593507.4 357322.4 130438.5 18603.9  10823.8  3101.5  7098.9
  -933 131.231   0.001 131.232   618343.2 436793.6 128892.7 18176.3  10116.5  3064.8  7393.4
  -932  77.654  -0.002  77.651   649132.2 403522.1 127380.0 20195.5  10504.8  2415.1  7627.2
  -931 275.157  -0.001 275.156   665181.0 431980.2 146494.6 20750.7  10911.4  3538.3  7902.2
  -930 175.785   0.000 175.785   615349.5 389723.8 129734.6 18911.1  10266.6  2234.3  7455.6
  -929 112.813   0.001 112.815   535730.7 314779.5 70898.5 19072.2   9770.8  1760.0  6076.1
  -928 154.612   0.002 154.614   574997.4 350149.7 120582.9 16840.3  10633.1  1933.2  7208.5
  -927  13.247   0.013  13.260   562576.9 385736.6 102606.2 17766.4   8599.8  2360.6  6348.5
  -926 197.887  -0.007 197.880   596386.4 326742.1 78178.7 18217.5   8964.3  1612.1  6280.2
  -925 143.956  -0.001 143.955   645197.6 423706.7 132427.9 18501.8   9387.7  3139.8  6897.5

         Carbon flux (ktC/yr)        Water (dam3/yr)                Nitrogen (MgN/yr)
       ----------------------- -------------------------- --------------------------------
Spinup NEP     estab   NBP     transp     evap    interc  nuptake ndemand  nlosses ninflux
------ ------- ------- ------- ---------- ------- ------- ------- -------- ------- -------
  -924 149.939  -0.001 149.937   695644.3 410771.3 140249.2 21043.4  10724.0  3185.7  7992.5
  -923 166.199  -0.001 166.198   601139.7 341455.8 135207.3 18979.5   9228.7  2883.1  6462.3
  -922  83.294   0.001  83.294   528632.2 317322.4 67735.8 19419.4   9193.8  1529.7  5777.1
  -921  37.489   0.012  37.500   573089.7 417376.4 138197.1 18314.3   8729.0  3010.0  5988.5
  -920 157.834  -0.007 157.826   664771.8 441524.2 136285.6 20644.9   9537.1  3079.7  7161.6
  -919 180.171  -0.001 180.171   627160.0 388697.3 94823.5 21104.1   9976.7  1771.2  7046.3
  -918 197.810  -0.000 197.809   596750.0 356222.2 111281.4 18786.5   9622.4  2603.9  6992.6
  -917 252.202  -0.001 252.201   645585.9 439045.5 135331.0 19915.6   9742.5  2910.0  7226.6
  -916 158.499   0.000 158.499   565418.0 342821.8 100635.3 20214.6   9594.0  1707.7  6406.4
  -915 213.180  -0.000 213.180   598288.4 346679.8 120952.9 17972.6  10342.2  2093.9  7115.8
  -914 214.820  -0.001 214.819   652703.8 439305.1 142738.2 21321.0  10877.6  3068.2  7725.5
  -913 103.473   0.000 103.473   596091.2 347925.7 125168.0 18823.5   9648.1  3429.2  6680.3
  -912 148.164  -0.001 148.162   682314.3 407091.2 154608.4 23267.4  11070.5  3888.5  7953.7
  -911  64.147  -0.000  64.146   594781.0 351888.1 141012.0 20341.9   9275.1  3033.6  6531.7
  -910  51.682   0.000  51.682   556385.4 381128.8 121111.5 19678.5   9139.7  2382.2  5893.2
  -909 232.342   0.000 232.342   585316.0 315367.7 91471.6 21318.1   9734.3  1882.4  6425.6
  -908 124.214   0.000 124.214   575155.6 303041.9 109314.2 20058.0  10642.2  1893.8  6848.0
  -907  23.505   0.005  23.510   538070.6 401284.7 111147.7 18318.7   8900.2  2521.3  6147.2
  -906 132.189  -0.002 132.186   592462.9 315255.6 116111.9 19438.9  10028.0  3780.2  7042.5
  -905 213.309  -0.001 213.307   660821.5 387249.0 96708.9 22317.6  10717.4  2308.6  7864.4
  -904  97.106  -0.000  97.105   574117.3 306309.6 112115.7 19181.0   9821.1  2550.3  6787.9
  -903 187.904   0.000 187.904   597254.1 359985.2 112926.7 19796.0   9241.7  2820.1  6578.7
  -902 206.725  -0.000 206.725   580344.8 343103.6 139564.8 20174.5   9871.6  3259.0  6513.1
  -901 175.764  -0.000 175.764   575539.5 340602.9 141515.1 19226.0   9921.7  3029.1  6544.0
  -900   5.639   0.013   5.652   549524.5 379533.4 109512.9 18192.9   8581.0  2356.4  6153.9

         Carbon flux (ktC/yr)        Water (dam3/yr)                Nitrogen (MgN/yr)
       ----------------------- -------------------------- --------------------------------
Spinup NEP     estab   NBP     transp     evap    interc  nuptake ndemand  nlosses ninflux
------ ------- ------- ------- ---------- ------- ------- ------- -------- ------- -------
  -899  74.484  -0.680  73.805   577326.3 379359.9 106393.4 19405.2   8762.8  2330.7  6355.7
  -898 143.241   0.003 143.244   578590.7 370947.1 104003.5 19431.6   9343.4  2366.6  6720.1
  -897 246.817   0.002 246.819   670395.6 360055.8 96722.8 22535.0  10539.1  1920.6  7517.7
  -896 229.315   0.002 229.318   599671.3 394253.2 141488.3 20245.3   8786.1  2872.5  5968.3
  -895 247.409   0.001 247.410   654140.3 329361.1 105377.9 22600.6  10360.6  1854.4  7311.2
  -894 288.031   0.001 288.032   656020.5 390744.6 126388.5 21780.4   9752.5  1706.3  6867.4
  -893 306.053   0.000 306.053   629005.9 332283.6 110969.0 21023.6  10037.7  1650.4  7076.8
  -892 -78.482   0.003 -78.479   462251.4 303763.3 73471.1 18410.0   8332.4  1652.9  4583.6
  -891  65.745  -0.004  65.741   553443.9 368201.9 93863.1 19700.9   8949.0  1789.6  5744.3
  -890  52.010   0.004  52.014   549221.6 368198.9 110036.9 19214.4   8707.3  2061.0  6087.5
  -889  91.394   0.001  91.394   604060.4 391740.5 139061.2 20671.4   9337.3  3067.0  6420.7
  -888 248.839  -0.001 248.838   646296.2 399087.0 97062.3 22479.3  10151.5  1719.3  7361.6
  -887  71.542   0.001  71.543   532731.5 352825.2 111682.9 18015.1   8559.6  2263.1  5756.2
  -886 273.864  -0.005 273.859   644491.9 398082.3 114248.9 22957.0   9888.8  1671.2  6982.6
  -885 264.336  -0.004 264.332   597975.5 424456.4 144416.0 19276.5   9365.9  2301.1  6662.1
  -884  65.735   0.001  65.736   574244.1 416153.8 113543.0 20361.1   9033.7  2232.9  6328.7
  -883 141.925  -0.000 141.924   588215.2 462837.1 116557.8 21371.0   9455.8  1959.3  6600.0
  -882 223.415  -0.001 223.414   602499.0 331023.7 123655.6 20759.7   9775.2  2865.8  6836.2
  -881 118.363  -0.002 118.362   631085.2 399797.7 100178.7 23103.2   9268.1  2295.4  6682.9
  -880 200.730  -0.003 200.727   627442.0 371031.3 145807.1 22348.4  10413.0  2875.6  6977.9
  -879  73.918  -0.002  73.916   586091.1 391857.9 142772.4 21340.9   8764.1  2672.5  5866.4
  -878 -72.854   0.001 -72.854   484340.6 308426.6 73342.5 19947.0   8446.5  1618.3  4612.3
  -877 208.931   0.000 208.932   586303.6 428840.0 142407.5 20370.1   9683.8  2458.4  6474.6
  -876 111.489  -0.000 111.489   616631.4 362513.7 110739.8 21806.6  10260.1  2309.9  7159.4
  -875 218.743  -0.000 218.743   615259.6 311447.1 112673.3 21543.7   9449.9  2303.2  6453.0

         Carbon flux (ktC/yr)        Water (dam3/yr)                Nitrogen (MgN/yr)
       ----------------------- -------------------------- --------------------------------
Spinup NEP     estab   NBP     transp     evap    interc  nuptake ndemand  nlosses ninflux
------ ------- ------- ------- ---------- ------- ------- ------- -------- ------- -------
  -874 101.213   0.003 101.216   584855.2 397078.5 151121.2 20498.4   8710.7  3127.5  5864.9
  -873 228.735  -0.002 228.733   689422.8 371236.0 128680.0 22755.1  10620.1  2230.6  7452.9
  -872 138.602  -0.001 138.602   607333.9 386092.8 100524.2 21605.3   8886.0  2173.4  6232.4
  -871  83.627   0.003  83.631   601226.1 400044.5 153650.6 20997.8   9045.5  3136.6  6218.6
  -870  94.472   0.001  94.473   625951.2 443446.4 150871.7 21438.0   9448.7  3104.0  6642.6
  -869 100.794   0.001 100.795   615204.7 401725.0 136197.4 21850.6   9356.2  2133.4  6526.1
  -868 298.810   0.001 298.811   626351.3 365167.0 107309.7 22039.0   9762.2  1547.6  6694.2
  -867  84.650   0.002  84.652   578132.9 296927.0 129266.5 20417.4   8817.8  2918.2  5874.8
  -866  74.413   0.001  74.414   611766.7 412467.8 115689.1 22957.2   9576.9  2589.6  6658.6
  -865 161.884   0.001 161.885   599331.9 370365.5 119079.0 20837.8   8946.3  2372.6  6231.9
  -864 186.137   0.001 186.138   616237.9 314664.9 127086.3 21849.4   9766.2  3257.9  6751.2
  -863 226.028  -0.001 226.026   711553.4 387140.0 134019.0 24072.5  10697.3  2647.8  7537.7
  -862  78.771  -0.001  78.769   605446.9 396011.7 145760.6 21179.3   8759.1  2817.0  6125.4
  -861 168.705  -0.002 168.703   654469.3 424063.6 160417.8 23179.0   9433.6  3830.7  6503.9
  -860 108.394  -0.002 108.392   655042.9 394184.5 124287.1 22268.1   9206.3  2755.4  6437.8
  -859 250.207  -0.000 250.207   632778.8 318566.1 97155.4 22077.2   9355.1  1937.3  6115.6
  -858 176.989   0.000 176.989   611059.2 411672.8 155045.8 19232.4   9453.9  2891.2  6412.7
  -857  45.609   0.000  45.609   629603.4 390138.0 98596.5 22170.0   9637.5  2823.7  6687.5
  -856 -49.607   0.001 -49.606   515175.2 315283.0 70445.5 19737.3   8917.4  1886.9  5292.6
  -855  42.599  -0.000  42.599   571521.6 458801.7 115783.5 20707.1   9549.9  1947.7  6449.6
  -854 206.008  -0.000 206.007   596587.1 369952.4 119779.8 19348.7   9986.1  2203.1  6764.2
  -853 232.336   0.000 232.336   601488.5 324163.8 88942.4 21406.6   9166.7  1739.4  6383.6
  -852  10.047   0.001  10.048   569043.3 448881.9 116408.3 19674.3   9104.1  1872.6  6406.6
  -851 186.962  -0.000 186.961   584756.8 350207.0 96274.4 22326.2   9983.3  1814.8  6717.4
  -850 247.936  -0.000 247.936   622813.7 424531.4 140624.9 19369.4   9788.9  2307.1  6938.3

         Carbon flux (ktC/yr)        Water (dam3/yr)                Nitrogen (MgN/yr)
       ----------------------- -------------------------- --------------------------------
Spinup NEP     estab   NBP     transp     evap    interc  nuptake ndemand  nlosses ninflux
------ ------- ------- ------- ---------- ------- ------- ------- -------- ------- -------
  -849 160.252  -0.001 160.251   642774.6 437853.4 126251.9 23335.9  10162.2  1910.0  7288.6
  -848 109.216   0.000 109.216   587511.7 363212.8 137212.9 20642.3   8564.2  1976.5  5943.6
  -847  50.144   0.002  50.146   548832.2 390097.2 116045.3 20692.6   8271.7  1986.6  5558.6
  -846 158.657  -0.003 158.655   656007.0 393717.3 130481.4 24630.6  10193.5  1984.0  7088.0
  -845 332.519  -0.001 332.518   657531.1 321198.9 114277.0 23290.0  10435.8  1587.4  7156.5
  -844 303.405  -0.001 303.404   654037.9 391544.8 170936.7 24042.7  11023.1  2462.2  7599.9
  -843  99.193   0.001  99.194   583610.6 395786.4 129204.0 20218.3   8949.6  2107.3  6088.9
  -842 151.830   0.000 151.830   642330.9 379728.1 162335.4 23089.9   9556.7  2913.0  6455.9
  -841 194.858  -0.001 194.857   657018.6 375025.4 150746.9 25217.3  10946.3  2924.6  7186.8
  -840 130.099  -0.001 130.099   619665.3 342717.4 126563.9 21872.8  10153.1  1992.9  6599.1
  -839 289.872  -0.000 289.871   653245.4 436395.7 155856.5 22172.5   9772.7  2561.2  6877.5
  -838 135.792   0.004 135.796   576666.4 340949.6 97384.6 21309.3   8451.1  1553.4  5293.5
  -837 117.474  -0.001 117.473   613021.6 366121.5 145445.9 22178.4  10483.7  2666.5  6583.9
  -836 -35.805   0.001 -35.804   504024.4 315838.4 72421.6 20064.7   8701.8  1498.6  4921.3
  -835  53.598   0.000  53.598   579757.2 366557.0 96432.3 21778.6   8988.5  1718.6  5881.9
  -834 148.127  -0.000 148.127   610262.9 421061.7 134171.7 21126.5   9611.1  2345.7  6832.3
  -833 216.126  -0.001 216.125   651966.7 389476.2 116376.6 22174.5   9960.3  1464.1  6873.6
  -832 126.704   0.000 126.704   565371.3 358430.9 117182.7 19611.8   9143.4  1983.2  6234.1
  -831 255.406  -0.001 255.405   674513.5 357395.8 105735.4 25319.8  10842.8  1689.2  7460.7
  -830 188.457  -0.000 188.456   617509.7 382989.9 105573.2 22577.9   8772.6  1927.3  6006.6
  -829 276.426  -0.001 276.425   694437.7 326527.2 140239.0 23819.9  10578.1  1996.3  7404.0
  -828 124.248  -0.000 124.248   641887.0 408832.9 168407.6 21866.5   9284.6  2685.5  6229.5
  -827 270.127  -0.001 270.126   722309.9 381855.7 142056.9 25291.3  10812.8  2210.8  7533.6
  -826 226.908  -0.000 226.908   652828.6 345290.8 124584.5 23818.4  10497.3  1463.0  6948.0
  -825  85.571   0.002  85.573   584878.2 389067.2 132087.8 20767.7   8893.6  1887.7  5992.3

         Carbon flux (ktC/yr)        Water (dam3/yr)                Nitrogen (MgN/yr)
       ----------------------- -------------------------- --------------------------------
Spinup NEP     estab   NBP     transp     evap    interc  nuptake ndemand  nlosses ninflux
------ ------- ------- ------- ---------- ------- ------- ------- -------- ------- -------
  -824 195.373  -0.002 195.371   671548.6 327878.7 112420.4 24591.8  11259.0  1650.9  7456.7
  -823 118.040  -0.001 118.039   673660.9 421257.8 150608.0 23976.6  10244.6  1748.4  7090.7
  -822 240.506   0.000 240.506   610849.1 322222.5 116076.9 22722.2  10080.2  1527.6  6642.7
  -821  70.690   0.001  70.691   528439.4 315808.5 79097.7 20550.9   9343.3  1468.1  5545.6
  -820 117.196   0.001 117.197   606701.2 316846.2 116305.6 21929.9  10920.9  1379.4  6732.8
  -819  96.678   0.000  96.678   583127.4 383392.2 130868.9 19915.8  10172.2  1440.7  6778.8
  -818 201.463   0.001 201.464   596890.5 318488.5 91729.8 22024.9   9581.2  1330.0  6502.3
  -817 -24.353   0.001 -24.352   517669.6 316907.9 101127.9 20498.3   9365.4  1248.5  5904.3
  -816 104.715   0.000 104.715   565656.0 363149.7 108694.9 20900.8  10060.8  1594.8  6738.7
  -815  88.055  -0.000  88.055   607829.7 435147.4 147424.0 21841.1   9224.0  2445.5  6600.8
  -814 109.135  -0.000 109.135   620618.8 381826.0 110697.8 22156.1   9190.3  1660.5  6552.9
  -813 153.474  -0.000 153.474   606252.3 369416.8 134878.5 22779.9   9018.5  1425.0  6367.3
  -812 189.903  -0.001 189.902   623737.8 344540.1 106431.5 23950.9  10004.8  1171.2  6431.1
  -811 243.715  -0.001 243.715   605638.7 388808.1 151697.0 23111.6   9065.9  1962.8  5935.7
  -810 129.487   0.004 129.492   589637.1 365120.0 124256.1 21302.9   8601.0  1542.5  6125.9
  -809 248.529  -0.004 248.525   657771.5 321866.4 114553.8 24924.5  10715.7  1155.0  7140.7
  -808 216.693   0.000 216.693   586336.0 333092.8 97043.9 21508.6   8867.9  1113.5  5719.9
  -807  67.902   0.001  67.903   565988.1 342339.1 127758.4 19925.3   9889.0  1086.3  6519.7
  -806 177.657  -0.001 177.656   665187.3 374429.3 157422.9 23603.1  10952.1  1478.7  7491.2
  -805 275.522  -0.001 275.522   691751.8 326821.2 136409.3 23095.7  10444.5  1459.9  7418.9
  -804 238.211  -0.001 238.211   658937.3 426426.7 140792.4 23992.6  10156.5  1212.6  7272.6
  -803 208.029  -0.000 208.029   633966.1 362913.8 157224.6 23465.7  10750.0  1884.4  6985.3
  -802 111.215  -0.000 111.215   613371.6 456631.2 136074.4 22867.4   9808.5  1154.7  6667.9
  -801 228.169   0.000 228.169   610174.1 336782.5 113980.2 23685.3  10323.0  1094.0  6842.0
  -800 165.239   0.000 165.240   623089.2 301525.1 140028.3 21756.1  10484.0  1879.3  7061.4

         Carbon flux (ktC/yr)        Water (dam3/yr)                Nitrogen (MgN/yr)
       ----------------------- -------------------------- --------------------------------
Spinup NEP     estab   NBP     transp     evap    interc  nuptake ndemand  nlosses ninflux
------ ------- ------- ------- ---------- ------- ------- ------- -------- ------- -------
  -799 162.752  -0.001 162.752   696168.0 388121.8 132049.5 24497.0  10929.7  1192.9  7522.8
  -798  21.687   0.001  21.688   562827.4 345308.9 130835.8 20480.8   9247.3    47.3  6149.0
  -797 256.857  -0.001 256.856   639193.5 333909.9 135219.2 28797.3   9879.2   115.3  6961.8
  -796 362.286  -0.001 362.285   685015.6 440726.8 161773.1 27389.8   9987.1    80.4  7135.6
  -795 358.187  -0.001 358.186   732882.1 385198.0 139796.2 28757.5  10112.9   157.7  7162.6
  -794 185.753   0.000 185.753   592057.7 310425.4 124144.1 24608.3   9186.5    73.2  5773.4
  -793 321.222  -0.000 321.222   701936.2 421109.5 182871.1 27279.8  10081.6   188.6  6977.9
  -792 250.166  -0.000 250.166   701568.5 385592.4 122750.3 28550.8   9788.6   159.5  6836.6
  -791 280.350  -0.001 280.350   712928.7 417472.1 189196.1 26702.8  10009.8   276.0  6898.7
  -790 248.369  -0.000 248.369   677764.2 386452.5 146753.0 27018.5  10201.5   256.4  7069.7
  -789 222.981   0.000 222.981   682781.7 376223.5 174406.7 27069.4   9488.6   299.5  6418.7
  -788 147.122   0.000 147.123   639251.8 329340.9 149065.1 25235.7   9906.2   281.9  6036.2
  -787 248.650  -0.000 248.650   715199.2 417928.5 190507.1 26513.0  10233.5   437.6  7067.0
  -786 242.361  -0.001 242.361   746908.1 436426.0 185721.3 29468.3  11317.9   462.8  7719.8
  -785 337.388  -0.000 337.387   721157.9 362891.5 138142.7 27202.6  10376.4   309.2  7163.1
  -784  18.362   0.001  18.364   641922.4 334703.9 179917.1 25538.3   8631.7   495.8  5380.8
  -783 100.981   0.000 100.982   640027.3 320658.8 156074.8 28367.9   9008.1   596.5  5702.7
  -782 228.391  -0.001 228.390   686393.9 398137.3 153342.1 29638.0  10590.5   419.7  7134.0
  -781 440.128  -0.001 440.127   744656.1 315419.4 133744.2 28470.6  10930.0   387.9  7656.8
  -780 266.276  -0.000 266.276   679991.1 395987.8 182822.1 25727.9   9467.0   478.0  6385.5
  -779 192.832   0.001 192.833   658288.3 350532.5 186577.5 27450.7   9534.8   524.6  5785.5
  -778 246.355  -0.001 246.355   722755.6 419637.6 187556.2 28279.4  11384.1   515.2  7397.5
  -777 109.144   0.000 109.144   644457.1 372585.2 154472.7 24726.5   9161.5   439.1  6163.3
  -776 202.611   0.000 202.611   708111.1 412346.7 195312.6 30012.3   9383.1   749.0  6389.8
  -775 108.636   0.002 108.638   711035.8 431176.0 190278.0 27575.2   9300.1   660.9  6436.1

         Carbon flux (ktC/yr)        Water (dam3/yr)                Nitrogen (MgN/yr)
       ----------------------- -------------------------- --------------------------------
Spinup NEP     estab   NBP     transp     evap    interc  nuptake ndemand  nlosses ninflux
------ ------- ------- ------- ---------- ------- ------- ------- -------- ------- -------
  -774 195.020  -0.002 195.018   693334.9 370448.4 155774.8 27087.3  10267.4   314.9  6871.2
  -773 281.020  -0.001 281.019   727162.0 306173.7 147912.5 26940.7  10571.1   345.1  7124.7
  -772 146.404   0.001 146.404   690637.9 348132.3 149423.0 25487.4   9056.9   415.2  6126.1
  -771 180.183  -0.000 180.183   696549.8 292840.1 154523.3 28722.4  10402.8   410.1  7081.5
  -770 138.927  -0.001 138.926   700715.8 451640.1 155517.2 28521.4  10006.5   315.1  6947.1
  -769 316.086  -0.001 316.085   688252.1 351160.4 154605.8 26578.4   9617.7   457.6  6709.9
  -768 268.544  -0.001 268.543   737207.4 327731.8 156606.8 31240.9   9938.3   390.1  6923.1
  -767 454.478  -0.001 454.477   816713.1 326528.5 178648.8 34379.6  10397.8   372.1  7217.0
  -766 395.575   0.000 395.575   730879.5 417450.1 208806.7 28445.1   9396.2   383.1  6453.1
  -765 233.433  -0.000 233.433   744067.3 336329.6 165702.2 32567.1  10166.3   324.1  6750.5
  -764 333.019  -0.001 333.018   791663.5 362708.1 226365.7 32041.6  10837.4   363.1  7097.2
  -763 217.563   0.001 217.564   667965.7 275611.6 138213.3 28406.8   8334.8   337.6  5388.7
  -762 -500.837   0.011 -500.827   475360.9 279883.0 99849.5 17506.3   6344.0   396.6  3022.2
  -761 -65.074  -0.003 -65.077   576175.1 339996.9 144035.8 28206.4   9167.4   345.9  5593.5
  -760 156.243  -0.001 156.242   706035.6 380853.9 177255.4 32914.5   8921.6   405.3  6188.8
  -759 329.698  -0.002 329.696   754462.3 332962.8 142307.0 32080.7  10017.3   357.6  7111.5
  -758 409.182  -0.002 409.181   732881.3 343103.3 186377.7 31214.8   9854.0   436.5  6460.7
  -757 264.882  -0.000 264.882   717979.4 365026.4 189218.0 30664.5   7567.3   383.1  5068.8
  -756 155.246   0.000 155.246   689217.5 308015.5 173073.5 31196.2   7549.6   541.1  5139.8
  -755 300.733  -0.002 300.731   837205.6 400573.0 189581.2 40629.3  10131.7   599.8  6975.9
  -754 592.632  -0.002 592.630   837947.5 292775.3 157776.2 33742.5  10369.3   442.7  6872.5
  -753 132.397   0.004 132.401   724875.0 439432.2 227461.9 30014.1   6637.3   815.1  4399.8
  -752 522.742  -0.002 522.739   836734.2 415999.3 215729.9 34660.3   9107.4   570.6  6602.8
  -751 495.696  -0.002 495.694   853339.6 358187.2 238285.3 41516.5  10890.7   598.8  7410.4
  -750 129.636   0.003 129.639   698218.6 317878.2 142409.4 27109.3   6867.4   514.8  4201.9

         Carbon flux (ktC/yr)        Water (dam3/yr)                Nitrogen (MgN/yr)
       ----------------------- -------------------------- --------------------------------
Spinup NEP     estab   NBP     transp     evap    interc  nuptake ndemand  nlosses ninflux
------ ------- ------- ------- ---------- ------- ------- ------- -------- ------- -------
  -749 -499.464   0.002 -499.462   557590.4 278377.6 148760.4 21199.8   6252.9   661.6  3345.1
  -748 201.849  -0.002 201.847   747342.3 290843.4 133292.8 38369.6   9362.8   525.5  5896.4
  -747 147.776  -0.001 147.776   695372.5 311286.3 151555.0 32507.4   8185.9   490.1  5243.1
  -746  31.429   0.000  31.429   668781.6 306618.2 154714.5 32724.1   8336.3   470.2  5281.9
  -745 -186.321   0.003 -186.319   581178.2 300053.9 128393.8 26583.7   6402.3   552.1  3862.4
  -744 -177.102   0.003 -177.099   659681.9 355127.9 190651.6 30120.3   6620.6   851.3  4186.7
  -743  73.949  -0.001  73.948   623759.4 307510.7 84988.7 32854.2   8126.8   617.8  5099.7
  -742 315.754  -0.002 315.753   717450.8 334118.4 150332.6 33723.5   9308.1   672.7  6024.1
  -741  94.675  -0.002  94.673   727484.3 332698.4 181251.8 31824.6   8731.9   615.8  5830.7
  -740 546.734  -0.002 546.732   836252.9 398297.7 209644.7 37068.3   8509.4   868.8  6079.2
  -739 428.331  -0.001 428.330   770045.3 353233.1 148068.2 37275.2   8777.6   770.4  6042.6
  -738 563.451  -0.001 563.449   825021.0 315733.6 184032.6 38671.3   9529.6   593.3  6113.3
  -737  93.702   0.001  93.703   670435.3 306693.3 190046.3 28449.1   8619.6   529.8  5305.2
  -736  77.032   0.001  77.032   679832.5 282480.8 152879.7 36248.6   8937.3   584.6  5473.5
  -735 461.641  -0.001 461.640   770856.6 382259.3 202406.3 37407.3   9949.2   505.3  6253.1
  -734 163.294   0.000 163.294   728069.1 334809.3 176253.3 31992.5   8187.0   650.6  5417.6
  -733 -50.759   0.001 -50.758   612895.2 286868.1 106058.1 30017.1   7955.2   485.7  4577.9
  -732 -64.110   0.001 -64.110   646021.4 409703.3 174479.3 33073.4   9191.2   544.4  5668.7
  -731 437.120  -0.001 437.119   762163.1 391164.3 206310.7 37169.5   9905.8   553.8  6668.5
  -730 428.052  -0.002 428.050   827335.8 396226.3 215993.6 41011.5  10466.7   537.7  6968.0
  -729 409.706  -0.001 409.706   801156.2 345515.6 158158.0 35839.5   7705.8   575.0  5401.5
  -728 227.384   0.000 227.385   719421.3 297185.8 193509.4 31702.3   8252.5   584.5  5541.1
  -727 435.442  -0.000 435.441   818968.0 291956.6 196844.9 41107.3   9446.9   927.3  6465.3
  -726 555.632  -0.002 555.630   947073.6 357162.0 258343.2 43698.4  11060.4   787.9  7201.4
  -725 266.938   0.000 266.939   757325.0 291702.1 209993.7 29435.3   8671.3   630.1  5568.7

         Carbon flux (ktC/yr)        Water (dam3/yr)                Nitrogen (MgN/yr)
       ----------------------- -------------------------- --------------------------------
Spinup NEP     estab   NBP     transp     evap    interc  nuptake ndemand  nlosses ninflux
------ ------- ------- ------- ---------- ------- ------- ------- -------- ------- -------
  -724 322.834   0.001 322.835   765572.7 280740.6 163387.5 37990.8   8973.8   772.3  5830.2
  -723 -151.548   0.001 -151.547   707598.4 249759.0 203485.9 31135.5   7354.5   584.3  4618.1
  -722  79.068   0.004  79.072   757339.6 398500.3 171706.2 39571.6   8538.9   808.5  5561.4
  -721 365.993  -0.004 365.989   899774.7 329903.3 212084.7 38571.9   9795.7   831.0  6090.3
  -720 336.535  -0.000 336.535   785065.9 288623.8 240815.8 31692.7   7896.9   824.9  5090.9
  -719 255.014  -0.000 255.014   774557.3 300217.0 197713.4 36231.1   8689.5   701.8  5850.8
  -718 -32.315   0.001 -32.314   660293.4 287107.9 116032.2 32968.4   7577.6   729.2  4400.2
  -717 211.820  -0.001 211.819   791301.6 330633.4 245819.0 43471.9  10756.1   613.6  6404.3
  -716 138.518   0.000 138.518   729499.1 335372.4 191367.9 30496.1   8713.2   627.5  5620.4
  -715 330.807  -0.001 330.807   819955.3 305017.7 190183.2 40098.3  10136.1   799.7  6564.0
  -714 274.074  -0.000 274.074   852352.5 336017.1 257403.7 38975.1   8805.1  1037.9  5577.8
  -713 224.719  -0.000 224.719   778803.4 335211.3 170842.6 38671.2   9872.7   590.9  6021.3
  -712 303.152  -0.000 303.152   811793.3 256647.9 204964.2 37467.1   9698.1   675.3  6126.9
  -711 477.372  -0.001 477.372   878846.7 394417.5 251461.3 39469.6  10399.6   777.2  6894.4
  -710  29.442   0.006  29.448   762015.6 375317.1 196986.5 33593.6   8001.3   695.2  5332.5
  -709 245.755  -0.003 245.752   778543.0 298872.1 240424.1 36399.2   8603.2   896.3  5280.7
  -708  89.314   0.002  89.315   754074.8 316526.4 190497.7 35835.8   7787.9   627.8  5433.9
  -707 341.832  -0.001 341.830   824492.9 312835.2 223819.7 40774.6   9415.7   878.0  5964.1
  -706 495.133  -0.002 495.132   876728.8 330848.9 267983.5 45400.3   9152.6   644.6  6145.3
  -705 293.047  -0.001 293.046   867141.0 295717.4 186221.7 37128.4   8794.6   655.5  5423.8
  -704 -197.086   0.002 -197.084   768086.2 273923.8 207222.3 28636.7   5431.4  1370.8  3185.2
  -703 -220.237   0.001 -220.236   705232.9 294352.4 193271.9 34490.2   5932.9  1426.6  3938.2
  -702 -14.133   0.001 -14.133   723587.3 306812.8 186449.2 38393.9  10247.8   695.5  6119.9
  -701 376.550  -0.002 376.549   896275.5 278064.9 202277.5 44854.8  11185.8   618.0  6879.9
  -700 154.918   0.000 154.919   793539.5 274306.2 189696.9 31734.9   7683.2   741.7  4934.9

         Carbon flux (ktC/yr)        Water (dam3/yr)                Nitrogen (MgN/yr)
       ----------------------- -------------------------- --------------------------------
Spinup NEP     estab   NBP     transp     evap    interc  nuptake ndemand  nlosses ninflux
------ ------- ------- ------- ---------- ------- ------- ------- -------- ------- -------
  -699  66.532  -0.000  66.532   767776.8 262131.5 172353.5 39563.5   7559.8   838.1  4967.2
  -698 -54.007   0.001 -54.006   703630.1 320843.6 243510.6 33272.9   6833.4  1036.4  4425.4
  -697 458.454  -0.002 458.453   859669.4 320967.3 256851.0 54380.8  10719.6   734.5  7216.9
  -696 352.832  -0.000 352.832   824571.5 294734.0 209108.4 34399.1   8142.2   868.7  5456.4
  -695 540.359  -0.002 540.357   935913.4 385095.2 258708.8 50729.6  10293.7  1248.2  6888.4
  -694 540.945  -0.001 540.944   908917.9 296287.5 258781.3 38881.0   9002.6  1153.8  5908.1
  -693 419.479  -0.000 419.479   866784.0 343723.7 261840.6 44813.0   8243.6   928.7  5826.2
  -692 -584.777   0.007 -584.770   646677.5 247164.5 201470.7 23402.6   5587.5  1444.0  2721.3
  -691  28.430  -0.002  28.428   738443.5 270575.9 194542.7 38884.9   8099.9  1331.8  5147.0
  -690 316.648  -0.001 316.647   892158.1 320271.5 259473.5 44537.2  10210.1  1076.8  6546.1
  -689 293.549  -0.001 293.548   896071.9 290637.3 245601.6 40311.1   9240.4  1148.2  6175.2
  -688 231.860   0.001 231.860   776135.9 293954.1 220031.2 34292.2   8587.9  1143.5  5583.9
  -687 274.823   0.000 274.824   840348.6 247103.2 217183.4 44935.0   8847.1  1118.6  5898.0
  -686  28.890   0.001  28.891   723482.4 280087.5 126722.4 36665.0   7451.9  1058.8  4413.6
  -685 144.057   0.000 144.057   763326.9 346186.0 227741.2 44051.3  10172.2  1119.9  5998.6
  -684 -82.931  -0.000 -82.931   790408.1 285839.6 243314.3 37150.2   9735.4   930.7  5757.8
  -683  46.540   0.000  46.540   790171.4 298457.4 174514.6 37343.8   7780.5   990.1  5117.1
  -682 294.769   0.000 294.769   793534.0 361480.6 234418.7 40861.0   9368.0   946.5  6018.7
  -681  88.096   0.000  88.097   791657.5 326135.8 171794.9 39818.8   7499.5   931.6  5047.0
  -680 334.566  -0.001 334.565   865231.3 365323.6 259243.5 44246.2   9463.4  1180.8  6057.9
  -679 541.232  -0.001 541.231   923717.2 292795.7 201338.8 43343.1   8843.0  1032.2  6046.2
  -678 167.838  -0.001 167.837   868254.5 283365.4 258371.1 39294.9   7789.6  1050.0  5534.1
  -677 589.857  -0.001 589.857   918713.5 303755.1 299508.0 52215.8   8682.2  1166.3  5939.1
  -676  23.536   0.002  23.538   770385.9 257274.1 191011.6 30040.5   5380.5  1171.3  3161.0
  -675 -1136.158   0.012 -1136.146   575556.3 245699.8 183977.4 14178.8   2366.4  4238.7  1326.5

         Carbon flux (ktC/yr)        Water (dam3/yr)                Nitrogen (MgN/yr)
       ----------------------- -------------------------- --------------------------------
Spinup NEP     estab   NBP     transp     evap    interc  nuptake ndemand  nlosses ninflux
------ ------- ------- ------- ---------- ------- ------- ------- -------- ------- -------
  -674 -43.762  -0.004 -43.766   742223.1 313918.0 124263.4 47373.9   6038.9  1851.3  4277.3
  -673 -57.944   0.000 -57.944   703165.0 239466.3 125971.1 30475.9   5445.6  1212.3  3764.2
  -672 -381.598   0.003 -381.595   705191.4 344589.0 202902.0 32516.4   4072.5  2449.7  2825.7
  -671 302.129  -0.003 302.126   852771.0 336824.8 150774.1 46281.0   7016.5  1846.8  5743.3
  -670 698.243  -0.003 698.240   944957.8 317111.5 228932.8 51964.3   8822.0  1113.4  6900.1
  -669 722.800  -0.002 722.798   913471.4 386710.8 222096.1 35221.3   6848.8  1586.2  5496.7
  -668 562.538  -0.001 562.537   896379.1 338916.7 232521.4 45857.2   6523.7  1672.3  5232.5
  -667 -91.714   0.001 -91.713   827307.8 281702.9 181610.0 34857.9   4814.5  1806.4  2671.5
  -666 211.869  -0.001 211.869   913425.4 283986.3 266574.4 46398.6   7989.6  1282.8  5513.3
  -665 294.208  -0.000 294.208   839747.2 239103.6 198232.1 42010.9   7489.7  1272.1  4892.9
  -664 -450.724   0.002 -450.722   708409.3 381842.0 219549.1 25152.0   6499.0  1404.7  4103.4
  -663  37.302   0.000  37.302   812187.3 235351.0 187097.5 44258.6   6573.1  1805.3  4121.8
  -662 316.256  -0.001 316.255   903573.2 288418.8 252971.0 47210.2   8377.0  1177.7  5851.9
  -661 696.183  -0.001 696.182   977439.7 257779.7 223108.0 46109.0   8686.7  1284.7  6233.3
  -660 535.194  -0.001 535.193   956988.4 354564.3 280059.3 41573.4   7477.1  1854.1  5569.2
  -659 420.541   0.001 420.542   950126.4 352124.8 217406.7 43785.6   6734.3  1940.7  4871.2
  -658 623.196  -0.001 623.195   986768.3 299595.2 301250.2 54340.7   9844.9  1070.8  6302.6
  -657 215.741   0.001 215.742   874827.3 272888.2 222944.4 34288.1   7115.3  1342.9  4202.4
  -656 -302.477   0.001 -302.476   834927.3 316855.0 258620.8 35302.5   5332.0  1544.9  3249.2
  -655 -159.881   0.002 -159.879   773438.5 306118.2 220449.0 41891.2   7648.8  1589.3  4724.8
  -654 -155.125   0.001 -155.124   720851.9 240086.8 182405.8 35608.1   7864.4  1236.2  4707.9
  -653 -468.367   0.001 -468.366   690141.8 259206.7 240784.0 30436.6   5676.8  1718.4  3099.4
  -652 126.443  -0.000 126.443   781876.2 278853.8 221155.9 48174.4   8762.5  1272.3  5663.5
  -651 512.942  -0.002 512.940   894873.7 352669.2 209619.6 47814.8  10280.2  1318.2  6843.9
  -650 487.070  -0.001 487.069   922988.8 257698.0 221333.5 40155.4   9070.0  1122.2  6160.9

         Carbon flux (ktC/yr)        Water (dam3/yr)                Nitrogen (MgN/yr)
       ----------------------- -------------------------- --------------------------------
Spinup NEP     estab   NBP     transp     evap    interc  nuptake ndemand  nlosses ninflux
------ ------- ------- ------- ---------- ------- ------- ------- -------- ------- -------
  -649 -326.551   0.018 -326.533   701848.3 413674.3 179154.0 26414.6   3652.1  1934.4  2313.1
  -648 171.836  -0.007 171.829   855454.9 327469.3 198258.3 45081.6   5175.0  1685.2  4093.9
  -647  77.481  -0.001  77.481   878239.7 281342.2 187630.6 34806.5   3451.3  2583.7  2425.6
  -646 725.100  -0.003 725.097  1076181.9 348136.8 241262.2 58978.7   7749.3  2712.7  6341.9
  -645 618.004  -0.001 618.003   940994.8 348609.0 252776.5 35842.8   5609.0  2098.2  4418.1
  -644 529.100  -0.002 529.098   991876.7 370209.0 264057.9 51503.5   6932.8  2200.7  5326.9
  -643 651.489  -0.001 651.488   998922.2 382203.4 258027.1 43634.3   6197.4  2238.5  4429.4
  -642 416.387  -0.000 416.387   944786.2 369161.9 266881.6 42080.3   6032.8  2006.5  4102.0
  -641 -294.313  -0.015 -294.328   836895.1 306045.4 229260.8 33055.6   4528.6  3170.1  2685.4
  -640 -135.720   0.001 -135.720   861687.8 289140.1 238488.4 44121.9   6993.3  1847.6  4660.9
  -639 186.577  -0.001 186.576   919729.7 287475.6 226767.3 49865.7   8721.4  1476.0  5667.9
  -638 -141.857  -0.016 -141.873   770455.2 327595.0 212845.9 29825.8   8184.2  1676.4  5052.5
  -637 222.184  -0.000 222.184   855602.9 248958.4 183500.7 48882.1  10178.6  1544.6  6280.0
  -636 -669.486   0.003 -669.484   749418.4 278098.8 175686.9 24935.0   4072.2  4001.0  2459.9
  -635 108.941  -0.001 108.940   860377.8 256195.7 199185.9 48845.9   8471.6  1472.8  5901.1
  -634 229.224  -0.001 229.223   827322.2 338355.1 213811.2 41765.5   8358.2  1730.5  5961.0
  -633 201.422  -0.001 201.421   879035.4 293872.4 270688.7 46464.4   7155.6  1509.1  4708.3
  -632 484.477  -0.001 484.476   943959.9 304909.2 281887.6 51894.3   7822.2  1728.2  5456.0
  -631 -117.826   0.001 -117.825   839170.0 380477.0 231287.1 28405.0   5807.6  2015.0  3945.7
  -630 495.452  -0.018 495.435  1009987.5 297088.9 282174.7 60986.5   8209.8  1975.3  5963.6
  -629 502.159  -0.017 502.143   917522.8 332835.4 281469.5 37359.7   6211.2  1802.5  4518.2
  -628 418.940  -0.000 418.939   936220.4 335147.0 259294.7 52854.5   7921.8  1743.7  5547.1
  -627 -386.230  -0.015 -386.245   784303.1 236296.2 239088.0 26428.0   4731.1  2974.2  2345.1
  -626 -282.784  -0.016 -282.800   834365.4 285935.7 252813.0 44617.6   7140.6  2063.6  4723.3
  -625 -481.396   0.013 -481.383   705097.9 341992.8 187705.7 28996.4   3670.8  2991.9  2199.6

         Carbon flux (ktC/yr)        Water (dam3/yr)                Nitrogen (MgN/yr)
       ----------------------- -------------------------- --------------------------------
Spinup NEP     estab   NBP     transp     evap    interc  nuptake ndemand  nlosses ninflux
------ ------- ------- ------- ---------- ------- ------- ------- -------- ------- -------
  -624 321.609  -0.006 321.603   951353.8 316333.6 238340.4 55890.5   7538.4  2091.9  5583.9
  -623 -214.930   0.001 -214.929   761992.6 253475.3 167806.7 24292.1   4260.4  2967.4  2363.8
  -622 130.405  -0.001 130.403   858067.3 366678.4 227737.9 54614.5   7365.4  2621.9  5288.2
  -621 504.789  -0.001 504.787   897834.4 300182.5 174506.0 41618.0   7253.6  1732.5  5164.2
  -620 -579.016   0.002 -579.015   787136.4 238429.7 180026.6 24978.2   2266.7  4673.9  1242.1
  -619 -101.428  -0.000 -101.428   772895.6 369355.8 209501.5 41861.9   4553.3  4319.3  3213.8
  -618 232.078  -0.002 232.077   907699.0 356967.9 235451.0 50100.5   6490.5  3064.4  5091.2
  -617 381.089   0.006 381.095   980735.5 473956.6 224356.9 49586.3   4074.8  3536.5  2611.7
  -616 937.183  -0.005 937.178  1122138.9 295471.0 168368.0 44027.4   5472.1  2861.5  3825.0
  -615 173.718  -0.065 173.653   907289.7 365929.1 258015.4 30827.6   3039.1  4387.3  1799.3
  -614 118.628  -0.068 118.561   938138.0 374087.5 251088.9 55575.0   6227.4  2335.1  4459.4
  -613 329.965  -0.001 329.964   916378.8 299864.8 187863.4 43546.6   6705.0  1933.4  4419.4
  -612 -614.379   0.003 -614.376   743583.3 235727.8 189125.1 26843.1   3320.0  3215.4  1697.6
  -611 -477.566   0.001 -477.566   792595.7 356355.8 219800.6 38735.8   3277.7  4381.1  2062.8
  -610 -30.567  -0.001 -30.568   874821.0 283482.3 152703.7 50814.2   6670.1  2580.9  4262.4
  -609 -148.426  -0.017 -148.443   874965.8 283666.7 211040.5 32404.1   4957.8  3513.8  3121.0
  -608 472.299  -0.002 472.296   992564.8 293572.0 198704.2 58826.1   6629.6  2403.0  5288.2
  -607  43.330   0.000  43.330   841370.8 303714.6 199460.4 29290.2   4528.2  3340.2  2857.6
  -606 397.304  -0.001 397.302   933486.3 372892.2 222101.6 50914.8   6757.1  2449.1  5158.7
  -605 -25.330  -0.014 -25.344   909348.3 365959.3 255766.2 38929.2   3965.8  2922.0  2164.0
  -604 330.899  -0.001 330.898   986577.2 250413.7 194491.5 47333.6   6078.2  2650.2  3958.3
  -603 -333.541   0.002 -333.539   856985.2 271523.4 173451.9 28908.0   3551.8  3741.0  1897.7
  -602 -510.793   0.002 -510.791   742495.0 227956.4 178454.2 35272.7   3833.7  5021.9  2237.2
  -601 -1385.315   0.020 -1385.295   580032.8 287691.3 136514.0  9991.4   2177.7  7946.8  1204.4
  -600  23.331  -0.009  23.321   786275.1 318767.4 125560.7 48218.9   4864.1  4558.4  3471.1

         Carbon flux (ktC/yr)        Water (dam3/yr)                Nitrogen (MgN/yr)
       ----------------------- -------------------------- --------------------------------
Spinup NEP     estab   NBP     transp     evap    interc  nuptake ndemand  nlosses ninflux
------ ------- ------- ------- ---------- ------- ------- ------- -------- ------- -------
  -599 103.035  -0.002 103.033   762163.7 299249.0 100818.8 33944.1   3890.0  3850.1  2754.0
  -598 144.297  -0.002 144.295   858236.4 285492.8 124548.7 40355.4   4183.9  5243.0  3429.4
  -597 301.579  -0.002 301.577   914573.1 283814.1 120106.5 42825.5   4403.5  3291.1  3307.5
  -596 301.372  -0.002 301.370   864254.7 322735.9 175448.2 42314.0   5252.8  2618.7  4281.3
  -595 -781.665   0.010 -781.655   653677.5 214881.9 131995.5 15702.9   2034.5  5927.2   995.0
  -594 -294.554  -0.001 -294.555   700998.3 239709.6 111819.3 32480.5   2264.3  7388.4  1639.5
  -593 -518.099   0.002 -518.097   680210.1 283558.5 116627.2 25355.3   1602.1  9698.6  1999.4
  -592  45.040  -0.002  45.038   777284.4 323832.1 116443.8 51956.5   6642.4  2392.4  5297.2
  -591 607.717  -0.004 607.713   928759.9 356740.5 159436.7 40403.2   7378.0  1780.1  6230.9
  -590 463.455  -0.002 463.453   897051.9 346266.2 151410.0 37849.8   5919.2  2502.1  4875.1
  -589 411.625  -0.031 411.593  1017166.5 318211.8 211078.6 44245.6   4410.8  3341.8  3039.4
  -588 516.531  -0.050 516.481  1031328.5 329782.7 170266.3 37944.6   4735.1  4026.3  3569.3
  -587 -191.841   0.001 -191.840   842480.5 356287.5 190996.0 28720.0   5303.5  2967.3  3397.9
  -586 379.179  -0.002 379.177   986679.9 297188.2 240258.7 59011.0   8001.6  2250.1  5681.1
  -585 535.674  -0.001 535.673  1032282.5 292303.2 256716.7 44968.9   8492.4  1501.1  5673.2
  -584  49.133  -0.015  49.118   902900.6 264988.8 202924.3 28221.0   6158.4  2420.9  3737.8
  -583 -173.140  -0.000 -173.140   909094.0 267009.3 235068.7 42064.6   7592.6  2081.0  4998.9
  -582 -799.827  -0.035 -799.861   708299.1 236102.3 163121.1 17820.3   3914.9  4665.9  1766.8
  -581 -26.402  -0.004 -26.406   877799.8 327370.2 185316.2 41998.3   4578.5  4403.1  2812.6
  -580 802.227  -0.004 802.224  1041921.5 381228.1 177276.2 42973.9   7661.8  2662.6  5926.4
  -579 -41.587   0.001 -41.586   906326.7 224796.5 168090.6 25231.2   3902.7  4138.4  2202.0
  -578 287.806  -0.002 287.804   954312.3 236752.8 183783.9 51161.7   6244.4  1849.6  4435.3
  -577 -283.225  -0.030 -283.255   859343.1 288597.1 150892.7 25144.9   4309.8  3778.8  2492.3
  -576 -284.903  -0.032 -284.935   779282.1 249360.6 172947.1 40662.6   6251.7  2294.0  3824.1
  -575  -4.240  -0.001  -4.241   892722.7 280789.8 219849.2 45479.2   6288.8  2353.6  3975.0

         Carbon flux (ktC/yr)        Water (dam3/yr)                Nitrogen (MgN/yr)
       ----------------------- -------------------------- --------------------------------
Spinup NEP     estab   NBP     transp     evap    interc  nuptake ndemand  nlosses ninflux
------ ------- ------- ------- ---------- ------- ------- ------- -------- ------- -------
  -574  89.340  -0.001  89.339   929235.0 311951.6 194975.5 37036.2   7119.4  1820.1  4891.2
  -573 -626.561   0.015 -626.547   722333.1 247854.2 137552.4 16880.0   1858.2  4708.2  1059.6
  -572 -1265.584   0.066 -1265.518   466168.2 263145.4 61604.3  1500.4   1489.3 11262.6  1034.3
  -571 241.995  -0.030 241.964   654569.3 321625.4 50257.9 48631.4   2919.0  8412.9  2234.0
  -570 447.712  -0.004 447.707   883318.5 318108.9 71079.8 34910.9   4212.4  5907.1  3810.4
  -569 485.473   0.002 485.475   942943.0 384256.3 114338.7 41976.6   3116.4  4484.6  2872.8
  -568 842.378  -0.009 842.370  1085373.2 320303.5 111041.2 40466.9   4254.6  3758.1  4209.2
  -567  18.023  -0.001  18.022   975322.2 282532.2 173094.8 29844.0   2546.0  5390.4  1820.9
  -566 100.279  -0.002 100.278   955728.1 395936.7 142492.6 41906.1   4792.0  3080.3  4090.1
  -565 119.120  -0.001 119.119   968147.1 287420.4 125553.3 39208.7   4546.6  3096.2  3144.8
  -564 221.811  -0.001 221.809  1017102.5 281238.3 211276.2 46775.3   5126.2  2652.7  3588.8
  -563 -166.536   0.001 -166.535   883525.2 286174.3 169215.3 29481.2   6030.4  2539.2  3690.2
  -562 -160.942   0.001 -160.942   895548.7 268865.0 185711.9 32874.4   4411.7  4229.8  2812.8
  -561 -119.553   0.001 -119.552   860793.7 304519.4 153668.9 37035.3   4082.5  2790.5  2894.3
  -560 273.467  -0.002 273.465   966862.0 339254.4 189227.4 42293.6   7442.9  1856.9  5216.5
  -559 378.697  -0.002 378.695  1026391.5 362848.6 198687.6 36202.6   8043.0  1560.9  5830.5
  -558 367.066  -0.002 367.064  1125290.4 349441.2 220476.1 38188.7   8213.5  2465.2  6200.0
  -557 397.746  -0.001 397.745  1208074.3 334962.1 239448.6 41332.0   7740.4  2570.5  5796.6
  -556 -386.058   0.007 -386.050   778998.3 280020.0 92606.3 21246.1   4426.4  2968.5  2434.2
  -555 270.183  -0.003 270.180   976450.8 250559.7 166162.3 43707.3   5967.5  2472.7  3907.7
  -554 139.781  -0.000 139.780   938321.2 345520.6 200909.5 29807.9   5990.0  2081.4  4245.8
  -553 240.887  -0.001 240.886  1016404.3 357865.3 193071.4 39585.9   8096.4  1956.1  5666.8
  -552 186.814  -0.001 186.813  1055723.8 336988.7 222758.7 36905.9   7770.1  2578.1  5364.4
  -551 299.847  -0.001 299.845  1135312.2 315828.2 208677.2 41289.9   8155.8  2229.6  5939.9
  -550 -224.232  -0.001 -224.233   983467.0 269322.8 221178.4 31479.4   5788.6  2580.0  3712.2

         Carbon flux (ktC/yr)        Water (dam3/yr)                Nitrogen (MgN/yr)
       ----------------------- -------------------------- --------------------------------
Spinup NEP     estab   NBP     transp     evap    interc  nuptake ndemand  nlosses ninflux
------ ------- ------- ------- ---------- ------- ------- ------- -------- ------- -------
  -549 -67.972  -0.002 -67.974   896981.3 303615.2 207594.4 37234.3   7418.0  2522.0  4681.6
  -548 -847.782   0.016 -847.766   803861.5 233509.4 148949.4 16330.8   2985.8  5070.6  1722.9
  -547 -857.440   0.029 -857.412   588160.0 268419.4 94222.0 16234.7   1606.0  8792.5  1059.7
  -546 -73.627  -0.017 -73.644   769253.6 322305.6 113952.5 39238.2   3992.1  5587.1  2755.6
  -545 445.540  -0.004 445.536   956076.2 277464.5 94589.5 39774.1   5740.8  2875.0  4322.9
  -544  65.322  -0.002  65.321   982646.7 329360.3 160338.3 28498.0   3407.9  6209.9  2589.9
  -543 444.200  -0.003 444.197  1049492.9 272269.2 122147.9 44620.5   5986.0  2952.1  4981.9
  -542 -347.887   0.003 -347.885   798740.2 255228.4 143746.9 20591.8   2607.0  7051.1  1609.7
  -541 -145.930   0.001 -145.930   866353.3 345912.5 172222.4 35200.7   4405.6  3883.7  3308.9
  -540 -81.446  -0.000 -81.447   910904.8 324087.2 132080.1 39635.5   6097.1  3164.4  4368.3
  -539  46.832  -0.001  46.831   876467.2 229603.2 126469.4 35621.3   8731.6  1805.8  5597.4
  -538 -584.327   0.005 -584.323   727601.4 262843.0 138068.5 14824.1   2359.3  5186.3  2048.5
  -537 243.028  -0.003 243.025   931993.4 363738.9 142600.3 46628.0   6970.6  2778.0  5176.1
  -536 582.670  -0.003 582.666  1033940.6 368092.8 156417.5 34710.1   7328.9  2972.4  5885.2
  -535 104.624  -0.000 104.623   903497.3 285089.8 149140.5 26638.7   4511.7  3548.4  3205.9
  -534  33.327  -0.001  33.326   904530.4 289767.1 152236.0 36677.9   5807.6  2670.0  4256.6
  -533 108.385  -0.001 108.384   953775.0 314292.3 173104.9 41333.2   8382.4  1871.6  5865.6
  -532 -702.812   0.006 -702.806   817239.6 226257.1 137697.9 14988.4   3771.3  4471.1  1918.2
  -531 -619.637   0.002 -619.635   759893.6 269570.2 107839.0 22109.2   2101.4  8328.2  1539.2
  -530 -788.336   0.017 -788.319   597216.6 258644.0 79036.0 20068.5   1580.7  7979.2  1137.6
  -529  69.603  -0.007  69.596   806344.3 358578.6 98577.6 39464.3   4096.4  3879.6  3481.4
  -528 389.049  -0.004 389.045   956603.7 320451.5 78469.4 36823.4   5615.2  2278.6  4643.4
  -527  79.848  -0.002  79.847   850153.6 277520.4 105896.2 25809.5   4134.6  4026.4  3274.6
  -526 184.574   0.003 184.577   974371.2 391616.6 148905.3 41291.8   4251.1  3454.2  3610.8
  -525 385.757  -0.006 385.751  1142031.7 322761.3 148433.7 37719.3   6398.8  3205.2  5753.2

         Carbon flux (ktC/yr)        Water (dam3/yr)                Nitrogen (MgN/yr)
       ----------------------- -------------------------- --------------------------------
Spinup NEP     estab   NBP     transp     evap    interc  nuptake ndemand  nlosses ninflux
------ ------- ------- ------- ---------- ------- ------- ------- -------- ------- -------
  -524  19.527   0.001  19.528   934061.0 269241.4 131832.0 26020.5   3734.7  7002.9  2705.2
  -523 -659.238  -0.003 -659.241   752361.5 380391.5 127925.9 28755.2   5192.4  2927.7  3332.1
  -522 531.597  -0.008 531.588  1064797.9 327985.3 161782.5 55124.9   9134.4  2305.2  6272.0
  -521 451.577  -0.003 451.574  1054640.5 365291.2 165241.4 31171.0   8356.6  1953.8  5696.1
  -520 -53.716   0.002 -53.714   888180.8 340938.6 142297.5 26918.6   5991.8  2344.1  4200.7
  -519 -314.879   0.002 -314.877   813293.0 250440.3 114253.6 28387.2   4669.4  3880.0  2915.3
  -518 259.156  -0.003 259.153  1051443.9 357049.5 158890.4 45389.5   7908.6  3044.8  5860.0
  -517 678.803  -0.003 678.800  1160996.4 374054.1 162598.6 36706.8   8585.7  2330.3  6585.9
  -516 152.882  -0.001 152.882  1076294.2 287363.9 185046.4 28355.7   4888.2  2300.2  3534.5
  -515 -264.397   0.005 -264.392   977460.1 355845.6 200715.7 29301.6   2238.9  5288.5  1720.0
  -514 112.399  -0.002 112.397  1027482.5 273839.9 149319.5 45628.0   7965.9  2421.2  5216.4
  -513 -140.490   0.003 -140.486  1029446.6 314752.7 200295.6 26573.8   5116.9  3307.9  3254.7
  -512  84.604  -0.001  84.603   995273.8 287513.9 137432.1 37058.7   9136.2  1773.6  5585.1
  -511 -161.041   0.001 -161.041  1009710.2 340301.8 195573.8 28521.5   5346.8  1909.0  3730.5
  -510 157.603  -0.001 157.601  1153788.2 324998.8 179031.9 44151.1   9240.7  2044.9  6128.8
  -509 -184.810   0.001 -184.809   976725.6 272393.9 160197.5 22693.0   3564.8  3058.1  2905.3
  -508 204.765  -0.002 204.763  1098521.5 332354.0 169567.7 49696.6  10035.8  1910.7  6512.6
  -507 -1002.209   0.043 -1002.166   726816.1 385908.4 137095.4 10466.3   4779.2  3295.7  2478.4
  -506 -20.610  -0.019 -20.630   740790.5 311094.6 84077.4 27526.2   3041.1  5765.7  2034.1
  -505 697.820  -0.005 697.815  1155046.6 299748.7 137173.8 45276.5   6911.7  2926.4  5985.1
  -504 139.591  -0.001 139.590   929552.2 230345.8 116569.0 25721.6   5174.0  2872.4  3853.8
  -503 -537.457   0.002 -537.455   808537.3 260419.0 121771.2 23246.3   3278.2  6213.7  2495.9
  -502 -392.815   0.001 -392.814   831261.0 219291.6 111828.8 28388.8   4036.2  5131.2  2724.2
  -501 144.254  -0.003 144.251  1077737.9 282549.4 151489.8 49622.7   7607.2  1597.8  5941.9
  -500 432.946  -0.003 432.943  1047817.3 360804.6 154987.9 32870.6   8473.9  1825.6  6076.3

         Carbon flux (ktC/yr)        Water (dam3/yr)                Nitrogen (MgN/yr)
       ----------------------- -------------------------- --------------------------------
Spinup NEP     estab   NBP     transp     evap    interc  nuptake ndemand  nlosses ninflux
------ ------- ------- ------- ---------- ------- ------- ------- -------- ------- -------
  -499 -36.261  -0.000 -36.262   954038.0 374947.0 145582.7 22282.9   5506.7  2696.5  3944.2
  -498 -123.464   0.000 -123.463   913027.9 263984.6 151717.9 39451.8   6021.9  3157.9  3947.1
  -497 -47.606  -0.000 -47.607   971347.3 219014.7 164030.1 37138.3   6872.9  1520.3  4363.3
  -496 -406.283   0.003 -406.280   862113.7 286526.6 121075.9 20649.7   4369.7  5008.1  2652.4
  -495 -422.710   0.002 -422.709   774942.0 273909.4 129731.3 30016.3   6644.3  2110.6  4053.0
  -494 -33.595  -0.001 -33.596   936218.2 277933.5 154159.2 41654.3   7806.1  2092.2  4677.3
  -493 523.546  -0.003 523.542  1196799.1 302764.3 181604.1 42617.0   9730.9  1324.3  6792.5
  -492 240.825  -0.001 240.824   987627.0 306769.7 172445.2 26539.3   7904.2  1872.4  5333.2
  -491 -701.205   0.014 -701.191   841373.4 228993.1 131653.3 13204.9   2551.0  5395.0  1429.5
  -490  28.794  -0.006  28.788   894112.2 362395.3 151343.7 39674.8   3822.1  4637.7  2694.7
  -489 429.189  -0.003 429.186  1040272.7 360507.4 155296.4 38377.6   7056.8  3035.9  5670.1
  -488 -821.122   0.035 -821.087   610713.9 263021.1 68378.1  8714.3   2910.5  6553.5  1385.0
  -487 224.912  -0.016 224.896   773674.1 293062.3 81566.8 35484.9   3484.4  5580.0  2443.5
  -486 -173.226   0.000 -173.226   805043.7 276675.5 79218.8 22483.2   3450.4  7176.6  2584.1
  -485 -45.934  -0.002 -45.935   872475.0 247171.4 109014.7 37284.9   4078.2  3515.5  3479.4
  -484 463.150  -0.004 463.146  1046591.4 279960.9 102009.5 45926.0   7282.3  1945.1  5953.2
  -483 -679.486   0.032 -679.454   679575.2 245064.7 90065.9  7656.8   2163.1  5595.0  1218.5
  -482 -366.894  -0.012 -366.907   726999.5 251874.5 77878.7 22414.1   1897.8 12180.1  2067.0
  -481 197.075  -0.003 197.071   845010.8 262803.1 74271.0 40090.0   6069.2  2287.9  4900.3
  -480 -868.584   0.024 -868.560   626227.8 243144.5 74580.7  9149.4   2292.2  7193.0  1640.3
  -479  63.985  -0.010  63.975   703590.0 247040.7 46110.1 32807.2   3186.5  4229.2  2029.9
  -478 340.882  -0.004 340.878   915732.7 251880.7 77882.5 39543.6   5054.0  2654.1  4534.6
  -477 452.332  -0.005 452.327  1022306.4 316575.6 117695.6 40754.9   5613.1  2449.6  5048.9
  -476  12.243  -0.001  12.242   942555.0 241201.0 103847.9 23662.3   4320.9  4212.1  3115.2
  -475 -13.844  -0.002 -13.846   883833.1 242586.8 109521.3 37603.0   5314.9  2302.4  3802.4

         Carbon flux (ktC/yr)        Water (dam3/yr)                Nitrogen (MgN/yr)
       ----------------------- -------------------------- --------------------------------
Spinup NEP     estab   NBP     transp     evap    interc  nuptake ndemand  nlosses ninflux
------ ------- ------- ------- ---------- ------- ------- ------- -------- ------- -------
  -474 -333.949   0.001 -333.948   796917.1 207866.5 104830.3 26127.7   4692.6  2766.0  2634.1
  -473 -354.316   0.002 -354.314   775506.0 255635.0 96081.6 26929.6   3237.3  7605.9  2555.1
  -472 -59.093  -0.001 -59.094   850913.1 226048.5 91571.7 38061.0   9164.7  1604.6  5410.7
  -471 -333.284   0.002 -333.282   792754.2 255290.1 95296.4 18817.7   4016.2  5414.9  2920.0
  -470 -67.620  -0.001 -67.621   851276.9 276402.3 98867.5 36606.1   6710.5  2176.2  4396.9
  -469 119.748  -0.003 119.745  1024823.4 298494.0 127926.3 35379.3   9299.3  1811.3  6129.0
  -468 176.699  -0.001 176.698   983194.6 240203.4 135473.4 23877.2   5239.3  2345.3  3797.7
  -467 313.050  -0.002 313.048  1059685.8 279618.5 119995.6 38860.5   7864.2  1945.4  6092.5
  -466 -16.415   0.001 -16.414   965544.8 299493.7 174493.0 24380.1   4424.7  2524.5  3132.3
  -465 -592.246   0.015 -592.231   757898.8 288187.1 111850.2 22870.4   4469.1  4091.6  2517.2
  -464 258.727  -0.008 258.718  1031741.0 367543.9 141515.2 46193.0   8688.1  2856.1  5921.1
  -463 294.741  -0.003 294.738  1075536.6 394576.6 125793.1 29318.1   9077.3  1540.4  6011.0
  -462 101.451  -0.000 101.450   951259.4 274419.3 142073.0 24581.6   5591.8  2643.4  3999.1
  -461 183.100  -0.001 183.098  1030926.7 338612.2 176881.5 41066.6   6770.5  2282.4  4854.8
  -460 -56.589   0.001 -56.588   937005.0 244912.4 145185.2 26035.7   5517.2  3026.0  3367.2
  -459 -1064.728   0.097 -1064.631   599000.8 246629.6 99067.8  4971.8   1484.9  6674.6   933.5
  -458  34.519  -0.049  34.470   703042.0 368867.4 70297.2 42568.0   3298.9  5250.8  2594.9
  -457 353.481  -0.003 353.478   941063.9 277087.8 72092.9 24104.6   5093.7  3903.9  3641.1
  -456 -560.945   0.010 -560.935   703171.0 239941.9 78979.6 16312.7   3031.4  6617.4  1958.4
  -455 325.837  -0.007 325.829   986943.1 289981.9 98230.1 43012.1   4975.0  2909.6  4213.1
  -454 -139.396   0.000 -139.395   884945.6 230876.1 94214.3 20787.0   3403.3  5858.8  2468.8
  -453  92.719  -0.003  92.716  1030596.9 283362.9 125945.3 40822.7   4551.9  3046.9  3557.2
  -452 639.337  -0.004 639.332  1147175.4 371459.5 130696.2 37724.3   7691.1  2669.6  6490.6
  -451 131.449  -0.001 131.447  1115297.5 287123.9 169994.8 25607.4   4812.1  3242.4  3376.6
  -450 290.110  -0.002 290.108  1132608.3 349447.3 167884.4 34948.4   7101.8  2707.8  5932.2

         Carbon flux (ktC/yr)        Water (dam3/yr)                Nitrogen (MgN/yr)
       ----------------------- -------------------------- --------------------------------
Spinup NEP     estab   NBP     transp     evap    interc  nuptake ndemand  nlosses ninflux
------ ------- ------- ------- ---------- ------- ------- ------- -------- ------- -------
  -449 267.907  -0.001 267.906  1144957.1 266112.6 206050.8 39970.6   6319.1  2329.6  4546.4
  -448 -369.807   0.010 -369.797   950135.0 265785.2 129513.2 18966.4   4556.6  3625.0  2651.6
  -447 -640.965   0.026 -640.939   795659.3 185813.9 124461.8 14451.5   2782.2  6686.9  1957.4
  -446 287.409  -0.015 287.393   916595.1 359249.1 121584.2 35604.2   4881.0  2042.3  3878.4
  -445 -220.153   0.001 -220.152   821895.1 298702.8 92967.7 22507.5   4794.6  3278.4  3143.8
  -444 -40.636  -0.002 -40.638  1031430.1 280670.2 143619.4 39800.0   6580.2  2718.1  4627.0
  -443 455.629  -0.003 455.626  1129458.1 364461.0 143568.5 34638.8   9474.2  2168.4  6828.8
  -442 249.411  -0.002 249.409  1138067.5 332417.9 176441.6 27576.0   7839.1  2535.2  5709.1
  -441 236.788  -0.001 236.787  1164028.8 283870.8 123064.6 32480.3   7000.8  2035.5  5203.6
  -440 -397.839   0.005 -397.834   836934.3 262873.9 148706.8 21653.8   5479.4  2897.7  3311.8
  -439 -290.105  -0.000 -290.105   922784.4 221026.3 120092.3 27951.2   6423.3  2377.1  3707.9
  -438 -688.961   0.023 -688.939   767160.7 228049.1 118223.6 16604.9   2527.2  7482.8  1976.8
  -437   2.888  -0.011   2.876   894677.8 287114.6 106422.1 40664.4   5906.9  2406.3  4228.4
  -436 560.718  -0.004 560.713  1188640.4 272694.9 147705.3 36797.0   7827.2  2021.6  6344.2
  -435 -20.167   0.001 -20.167   982193.4 248765.5 109320.9 18208.7   4558.5  3614.7  2945.3
  -434   2.765  -0.001   2.764  1020137.5 219737.3 144402.3 39309.7   6599.6  2020.0  4846.9
  -433  77.568  -0.001  77.567  1010645.1 337494.0 166077.5 34532.6   6816.1  2029.0  4468.5
  -432  30.757   0.000  30.757   965352.9 289425.7 140374.1 25880.6   5487.3  2952.6  3706.2
  -431   4.946  -0.000   4.945  1088460.6 280029.0 171272.4 37405.1   7313.7  1786.1  4940.0
  -430 -623.992   0.024 -623.967   856935.1 213391.1 139292.6 13958.1   2814.5  5032.7  1938.9
  -429 391.226  -0.013 391.213  1004245.3 251753.2 119077.8 44351.7   5989.5  1632.9  4387.9
  -428 414.145  -0.003 414.143  1114617.0 282135.7 173497.7 34510.7   6097.1  2069.0  4377.5
  -427  -0.592   0.000  -0.592  1007912.5 289898.7 169297.2 22134.6   5062.7  2907.9  3185.2
  -426 -160.405   0.001 -160.404   917510.5 207702.6 135002.3 32144.6   5946.7  2527.1  3823.7
  -425 -492.117   0.010 -492.107   892924.4 372589.0 161634.6 26163.7   2746.3  6261.3  2119.8

         Carbon flux (ktC/yr)        Water (dam3/yr)                Nitrogen (MgN/yr)
       ----------------------- -------------------------- --------------------------------
Spinup NEP     estab   NBP     transp     evap    interc  nuptake ndemand  nlosses ninflux
------ ------- ------- ------- ---------- ------- ------- ------- -------- ------- -------
  -424  26.869  -0.005  26.865   988447.0 316554.1 119381.4 39149.0   9407.4  1624.8  5663.9
  -423 -23.219  -0.000 -23.219   976718.6 294540.4 116929.4 24271.7   6739.2  2965.6  4364.4
  -422 -530.903   0.006 -530.898   869558.7 189114.6 123274.0 18337.2   4758.8  4120.2  2675.3
  -421 169.101  -0.003 169.098   973859.6 329641.9 136651.9 35518.8   5815.5  1495.9  4267.1
  -420 158.060  -0.002 158.058  1056467.3 281631.3 147873.1 30085.9   6721.7  2292.2  4597.4
  -419  -1.205  -0.000  -1.205   949276.2 294711.1 128701.4 26169.9   4039.4  2576.4  3000.6
  -418 -135.531   0.001 -135.530  1010658.1 318261.8 169217.8 33918.0   4921.2  3271.9  3365.9
  -417  57.978  -0.002  57.976  1057251.9 261083.8 121646.0 35263.8   8166.3  1743.2  5381.0
  -416 -1151.995   0.111 -1151.884   507330.5 256415.4 57802.1 -4286.8   1653.6  7670.1  1061.2
  -415 742.528  -0.058 742.470   868769.3 419073.7 60179.1 50536.5   2445.2  6776.0  2166.1
  -414 1042.809  -0.006 1042.803  1135826.5 354130.4 88999.6 30682.9   5877.8  4579.3  5554.5
  -413 179.095  -0.002 179.093   973862.4 322270.8 109516.8 26584.2   4589.7  2789.4  4208.2
  -412  22.924  -0.002  22.923  1057304.5 341464.5 146568.3 32184.9   4737.7  3408.6  4033.8
  -411  12.766  -0.002  12.764  1078623.4 394949.6 118939.3 34132.0   6085.8  2625.5  5143.1
  -410 215.391  -0.002 215.389  1157455.7 245269.1 142969.1 38306.2   7139.6  2099.7  5598.3
  -409 -705.048   0.032 -705.017   849016.7 219882.5 129211.9 10098.5   3040.6  6712.8  1802.5
  -408 504.298  -0.017 504.280  1120189.3 304258.6 132637.8 43258.1   4268.5  2600.6  3814.3
  -407 358.902  -0.002 358.900  1069015.7 310583.9 141899.8 25276.9   5679.1  3122.0  4618.3
  -406 -149.432  -0.000 -149.432  1064365.4 284327.0 167527.1 25721.6   3963.5  4261.6  2864.7
  -405 273.300  -0.002 273.298  1221894.4 290319.1 184162.2 47536.1   8534.9  1872.4  6453.1
  -404 316.145  -0.001 316.143  1201890.5 268617.0 199719.0 34576.3   7535.0  1540.7  4991.5
  -403 -285.160   0.005 -285.155   918896.3 284981.8 142949.3 13984.2   3346.5  3140.8  2695.6
  -402 -355.076   0.001 -355.075   892369.6 278654.8 135449.0 24862.7   4997.0  3185.3  3085.3
  -401 -60.260  -0.000 -60.260   987178.8 313934.7 150700.6 33737.4   7404.6  2364.3  4853.3
  -400 -390.028  -0.000 -390.028   975314.1 260954.7 151465.6 30172.6   7624.7  1689.4  4681.0

         Carbon flux (ktC/yr)        Water (dam3/yr)                Nitrogen (MgN/yr)
       ----------------------- -------------------------- --------------------------------
Spinup NEP     estab   NBP     transp     evap    interc  nuptake ndemand  nlosses ninflux
------ ------- ------- ------- ---------- ------- ------- ------- -------- ------- -------
  -399 -300.634   0.002 -300.632   864608.6 253228.6 129684.6 21907.6   5573.9  2638.6  3335.8
  -398 -283.630   0.002 -283.629   825787.1 217556.7 111853.3 27601.0   5298.2  3377.6  3186.8
  -397 -78.456  -0.001 -78.457   944491.6 343351.7 138580.1 35297.0   5792.6  2286.5  3849.6
  -396 -12.134  -0.000 -12.134   966451.6 311075.6 109552.0 28069.2   5884.3  3690.1  4116.4
  -395  10.855  -0.001  10.853  1062538.7 261379.7 147367.9 34386.3   7303.2  1681.8  4824.1
  -394 -397.222   0.004 -397.218   839767.0 246364.2 119274.7 17149.4   3412.1  4809.4  2575.0
  -393 -483.080   0.001 -483.079   801092.4 272194.1 112199.0 29398.5   5106.9  3815.2  2903.2
  -392 -798.540   0.044 -798.497   619661.8 220899.0 68562.7 11442.3   1679.1  5290.8  1075.7
  -391 -424.285  -0.010 -424.295   549376.2 252736.7 37811.6 20404.6   1221.3  9600.2  1253.5
  -390 366.507  -0.007 366.500   879983.4 333578.9 66145.6 44400.1   5412.7  3515.9  4382.6
  -389  93.364  -0.003  93.361   904674.3 263941.8 65993.3 23112.1   4904.4  3132.6  3259.9
  -388 -337.354   0.001 -337.353   792434.3 248196.1 76062.0 19512.9   2325.9  8293.2  2038.3
  -387  32.533  -0.003  32.530   996398.4 299737.8 99133.8 45519.4   4347.4  3653.4  3529.5
  -386 684.525  -0.005 684.521  1149894.4 393199.4 111904.4 35761.5   7581.1  2244.1  6490.5
  -385 467.794  -0.003 467.790  1134310.7 365984.7 136573.2 28118.7   6057.2  1977.2  5495.5
  -384 -497.530   0.017 -497.512   818353.8 237456.9 97042.4 18003.0   3516.7  3569.8  1772.2
  -383 -253.501  -0.006 -253.507   836593.7 278511.8 112182.0 23080.0   2622.7  7068.4  2267.8
  -382  18.241  -0.002  18.239   911394.0 280353.6 98101.6 37527.4   5269.0  2403.0  4213.1
  -381 423.037  -0.004 423.033  1130063.2 290852.3 148126.2 44369.5   6767.7  2104.8  5312.4
  -380 276.176  -0.002 276.174  1066211.8 340925.6 149247.5 26198.9   6724.0  2363.3  5124.4
  -379 -851.515   0.041 -851.474   726104.2 257180.5 106028.4  8455.9   2806.6  6744.4  1551.8
  -378 125.100  -0.020 125.080   844530.7 256305.6 74713.8 32498.4   3752.5  4452.1  2277.3
  -377 104.167  -0.002 104.165   943735.8 277451.4 119904.5 27467.5   3882.3  5167.1  3101.2
  -376 131.269   0.001 131.270  1035467.6 379347.7 132674.7 36265.2   4024.6  3049.3  3121.5
  -375 364.779  -0.005 364.774  1137071.5 328542.6 122923.1 33789.6   6850.1  2161.3  5936.5

         Carbon flux (ktC/yr)        Water (dam3/yr)                Nitrogen (MgN/yr)
       ----------------------- -------------------------- --------------------------------
Spinup NEP     estab   NBP     transp     evap    interc  nuptake ndemand  nlosses ninflux
------ ------- ------- ------- ---------- ------- ------- ------- -------- ------- -------
  -374   7.405  -0.001   7.404  1065245.8 218760.3 140716.5 27927.7   5812.6  1836.1  4057.5
  -373 -938.722   0.064 -938.658   681791.0 283025.2 92159.8  6958.8   2231.1  8089.8  1386.0
  -372 395.043  -0.034 395.009   874191.5 348350.9 71394.6 44002.7   4744.9  3679.2  3769.0
  -371 242.328  -0.003 242.325  1045250.0 323352.1 120240.6 23084.1   4692.2  4486.1  3444.7
  -370 260.903  -0.003 260.900  1088864.8 326947.2 112256.7 33212.3   6088.9  2494.4  5679.4
  -369 -380.057   0.003 -380.054   816372.1 274000.8 109115.0 21277.5   4664.1  3782.4  3155.7
  -368 -213.861  -0.000 -213.861   906493.0 253460.3 101653.1 34670.1   6433.9  2199.6  4198.6
  -367 -132.005  -0.001 -132.006   985912.7 273028.9 129475.9 28472.1   4231.2  3981.7  3341.4
  -366 -387.462   0.004 -387.458   731379.6 261303.8 52226.3 20216.2   4504.2  3812.5  2401.2
  -365 294.258  -0.003 294.255  1148142.5 279441.3 129160.9 41625.6   6445.8  2204.5  5129.3
  -364 -39.310  -0.002 -39.311  1035622.9 245071.0 127017.3 25163.9   6928.4  2070.7  4702.5
  -363  83.415  -0.001  83.414  1021345.5 263104.3 149739.8 25747.2   4933.5  4027.0  3515.1
  -362 -389.906   0.006 -389.901   949546.6 217219.5 122234.6 22217.7   3795.7  5906.6  2330.1
  -361 166.414  -0.004 166.410  1024385.0 344702.4 132587.4 42754.6   5933.0  1630.2  4076.6
  -360   2.605  -0.000   2.604   970411.6 299513.4 121655.6 21072.6   4681.0  2917.3  3337.1
  -359 -139.781   0.003 -139.778  1018339.7 321762.7 157798.6 31823.2   4754.4  3522.6  3170.5
  -358 247.701  -0.003 247.698  1127063.0 352438.3 148545.3 35675.3   8480.0  2055.2  5942.3
  -357 -536.999   0.017 -536.982   867828.6 232610.0 118851.9 15363.1   5957.0  2101.9  2858.5
  -356 -1114.699   0.132 -1114.567   447247.3 252736.4 39084.1 -2075.7    559.6  8065.4   864.9
  -355 565.559  -0.072 565.487   639120.4 374513.6 27303.6 49866.5   2763.8  6231.4  2250.7
  -354 -300.156   0.002 -300.154   712124.4 233533.9 39386.2  7808.8   3719.0  6187.2  2152.8
  -353  16.889  -0.002  16.886   788197.8 255097.0 49572.2 32311.8   3454.7  4531.4  2614.6
  -352 -234.575  -0.001 -234.576   806170.6 245406.2 46772.3 22721.1   2740.4  4105.1  2206.2
  -351 -238.422   0.000 -238.422   809867.8 275398.5 47743.9 27349.3   2195.1  5438.9  1976.1
  -350 431.903  -0.004 431.900  1003203.1 292102.7 71392.4 44442.3   4787.3  2490.6  4279.3

         Carbon flux (ktC/yr)        Water (dam3/yr)                Nitrogen (MgN/yr)
       ----------------------- -------------------------- --------------------------------
Spinup NEP     estab   NBP     transp     evap    interc  nuptake ndemand  nlosses ninflux
------ ------- ------- ------- ---------- ------- ------- ------- -------- ------- -------
  -349 -737.294   0.037 -737.257   563806.1 260354.6 34445.3  7043.7   2586.3  6795.9  1539.1
  -348 761.654  -0.021 761.633   900326.9 374929.8 54003.6 37198.0   3297.6  4214.7  3421.0
  -347 212.234  -0.003 212.230   973284.1 285454.9 75167.7 27482.4   3601.9  3662.8  3420.1
  -346 281.854  -0.004 281.850  1087934.6 274413.0 72985.1 34499.3   5084.5  2552.3  4949.4
  -345 -12.669  -0.002 -12.671   932215.9 253321.1 83509.3 28840.9   4962.7  2152.7  3762.6
  -344 -346.789   0.001 -346.787   800780.2 275910.7 87649.1 23462.0   4908.6  2873.3  3523.3
  -343 -88.553  -0.002 -88.555   928193.2 280464.5 82687.7 34377.5   7316.6  1790.3  4835.4
  -342 -439.193   0.005 -439.188   795999.0 241408.6 72208.4 15124.6   5308.5  2205.6  2645.2
  -341  82.924  -0.003  82.921   919362.4 307722.5 98661.5 33945.4   5854.4  2734.4  4166.1
  -340 -124.537  -0.001 -124.537   862043.9 244502.5 82339.3 25671.2   7039.3  1444.0  4122.1
  -339 -977.197   0.116 -977.081   477129.3 245008.0 35124.4   161.2   1337.2  6235.1  1120.4
  -338 193.808  -0.058 193.750   615038.6 371615.1 27479.8 35047.8   2794.4  6732.5  2405.7
  -337 832.872  -0.007 832.865  1119550.0 348521.8 61705.7 36800.0   5128.6  3278.0  4720.4
  -336 609.722  -0.005 609.716  1090599.6 367286.2 78628.9 30046.7   4859.9  3239.6  4765.4
  -335  52.971  -0.002  52.969   992615.5 381694.9 81591.1 26503.7   4622.7  2596.5  4464.5
  -334  89.912  -0.002  89.910  1058273.3 346921.9 110811.8 32365.7   5739.5  2500.2  5417.9
  -333 -667.836   0.037 -667.799   748945.7 233714.7 72350.9 12205.9   3136.4  4871.0  1556.5
  -332 -107.315  -0.016 -107.331   716379.5 309471.4 59437.6 21986.1   1993.0  7341.3  2589.1
  -331 401.920  -0.005 401.915  1213415.0 328751.6 98878.3 43461.6   7416.9  1426.7  6866.8
  -330 -340.481   0.005 -340.476   820032.8 213679.0 67133.0 13047.2   4513.6  2438.9  2410.2
  -329 -223.961  -0.000 -223.961   812126.1 257246.9 67179.6 24511.5   3440.0  6817.2  2999.0
  -328 -127.014  -0.001 -127.015   864259.7 278647.5 77834.1 29208.5   5883.1  2061.6  4072.8
  -327 281.806  -0.003 281.804  1037261.8 345962.9 103870.0 31093.7   7605.3  1448.2  5490.3
  -326 280.437  -0.003 280.434  1198640.1 359240.5 124439.0 29245.5   8277.5  1982.4  6478.0
  -325 325.120  -0.003 325.117  1283617.2 317790.2 134262.6 30949.1   7055.0  1937.3  6181.7

         Carbon flux (ktC/yr)        Water (dam3/yr)                Nitrogen (MgN/yr)
       ----------------------- -------------------------- --------------------------------
Spinup NEP     estab   NBP     transp     evap    interc  nuptake ndemand  nlosses ninflux
------ ------- ------- ------- ---------- ------- ------- ------- -------- ------- -------
  -324 -55.101   0.000 -55.101  1069958.3 276720.8 145832.9 21186.5   4206.5  3102.1  2833.3
  -323 -99.558   0.001 -99.557  1003155.5 251315.4 117848.0 29698.5   5851.3  2057.8  3936.6
  -322 -372.635   0.001 -372.634   954055.3 260971.1 122049.1 29369.6   7629.0  1367.9  4038.9
  -321 -612.166   0.018 -612.148   830576.5 224392.5 111561.6 21415.5   5882.0  2496.1  2758.5
  -320 -203.599  -0.005 -203.604   816988.6 259387.9 80187.5 26639.7   5274.5  5359.8  3413.2
  -319 -181.687  -0.002 -181.689   889568.9 249249.9 92701.0 27063.3   9400.5  1223.0  4708.8
  -318 -952.448   0.058 -952.390   640022.1 397951.3 68935.4 14422.7   4501.7  2206.3  2402.9
  -317 657.510  -0.028 657.482   940800.1 456176.5 69747.3 39227.4   4193.1  2546.4  3310.3
  -316 747.354  -0.007 747.347  1097010.6 341513.4 69838.6 28648.1   6654.2  2679.9  5929.7
  -315  88.160  -0.002  88.158   977278.7 313123.0 90376.8 22219.0   4583.6  2723.9  4145.6
  -314 -31.203  -0.001 -31.204  1026888.2 281810.9 123860.5 31964.1   4982.2  3318.8  4115.0
  -313 -117.733  -0.001 -117.735  1007062.6 256576.1 93161.4 30447.5   5488.1  2324.1  3779.6
  -312 -630.212   0.005 -630.207   845230.9 264953.5 79390.9 14631.2   1927.3  5576.9  1645.3
  -311 121.840  -0.003 121.837  1141872.6 303117.5 117285.7 39688.9   4442.6  3544.5  4711.4
  -310 -132.433  -0.000 -132.433   903208.9 218212.1 90058.8 24975.8   6553.2  1678.6  4098.9
  -309 -270.423   0.002 -270.421   796670.0 270500.5 88706.7 19414.9   2784.5  4317.6  2844.8
  -308  99.036  -0.003  99.033  1053067.5 369595.1 115922.2 39841.6   8565.1  1312.9  5867.1
  -307 143.571  -0.002 143.569  1174871.1 332207.5 140645.8 26301.2   6874.0  2072.9  4772.4
  -306 -406.644   0.007 -406.636   758257.7 260544.6 57400.3 15634.2   4159.0  4222.4  2247.0
  -305 -46.683  -0.002 -46.686   999082.0 296883.0 116049.5 27251.5   3308.0  4494.4  3020.3
  -304   4.737  -0.002   4.735  1013651.6 298397.8 99203.0 34335.9   7167.2  2128.3  5180.6
  -303 -147.799  -0.001 -147.799  1011487.0 272812.5 133046.4 24161.3   4032.9  3302.8  3318.1
  -302 125.678  -0.002 125.677  1108877.5 281645.4 141014.5 33226.2   6869.6  2365.1  4772.3
  -301 -131.121   0.000 -131.121   994513.8 268793.1 120076.5 26642.6   6353.6  1613.9  3809.5
  -300 -503.983   0.016 -503.967   783609.6 209579.0 104033.5 16297.9   2324.6  4218.7  1881.5

         Carbon flux (ktC/yr)        Water (dam3/yr)                Nitrogen (MgN/yr)
       ----------------------- -------------------------- --------------------------------
Spinup NEP     estab   NBP     transp     evap    interc  nuptake ndemand  nlosses ninflux
------ ------- ------- ------- ---------- ------- ------- ------- -------- ------- -------
  -299 138.399  -0.008 138.391  1022101.8 307243.7 118380.1 39108.9   4444.2  4759.2  3810.3
  -298 -13.805  -0.001 -13.806  1000156.1 289108.5 111296.5 21980.2   5201.8  2172.5  3886.7
  -297 461.052  -0.004 461.048  1297965.4 314660.2 149413.7 45463.4   9224.7  1445.3  7268.7
  -296 123.735  -0.001 123.734  1173879.9 290841.7 152793.1 22581.7   6346.1  1917.7  4292.1
  -295 -458.346   0.001 -458.344  1009249.4 256667.2 155112.2 23567.9   4537.8  3047.7  2906.3
  -294 -355.194   0.003 -355.191   936758.4 253305.1 102970.8 29373.0   5145.2  3814.8  3115.1
  -293   9.013  -0.002   9.011  1099298.0 333348.1 150133.6 37836.5   8597.4  1931.3  5108.6
  -292  92.078  -0.003  92.075  1220217.7 318950.3 144856.8 32918.2  11504.1  1547.8  6494.8
  -291 -533.694   0.018 -533.676   897863.9 238389.2 135492.7 15437.2   6361.6  2387.2  3081.2
  -290 -493.614   0.003 -493.611   789122.6 243539.3 110900.8 19425.1   4361.1  4265.4  2261.4
  -289 -395.734   0.006 -395.728   770018.1 221825.1 83056.3 21023.8   3924.1  2730.2  2199.6
  -288 -192.911  -0.002 -192.914   788224.3 262584.7 69721.8 25928.8   3115.4  7716.4  2708.4
  -287 -419.308   0.002 -419.306   732135.6 248099.0 64617.9 23597.0   4571.6  4360.0  2835.6
  -286 365.174  -0.004 365.170   989563.4 341760.3 89340.0 41798.2   8598.4  2233.4  6064.1
  -285 -625.577   0.026 -625.551   609731.4 256105.2 40796.2  5380.9   3749.5  5225.4  1885.4
  -284 133.384  -0.012 133.372   802319.7 265346.4 53968.2 28794.9   3711.5  4626.7  2924.1
  -283  83.074  -0.002  83.072   857238.8 313918.2 65980.0 27460.5   4210.8  2942.9  3607.3
  -282   7.464  -0.002   7.463   858586.7 297092.9 72875.8 34283.2   5355.3  2429.3  4554.3
  -281  32.008  -0.004  32.004  1022057.6 293106.8 90779.5 34083.1   7708.2  1907.2  6103.2
  -280 424.050  -0.004 424.046  1069875.6 363204.0 117813.2 31668.0   6459.0  2081.9  5312.8
  -279  55.462  -0.002  55.460  1088262.2 300990.5 132148.3 29127.3   5860.3  2972.4  4784.9
  -278 -809.445   0.060 -809.385   717108.6 213343.6 87561.1  8234.5   3210.3  5144.2  1460.9
  -277 -195.294  -0.026 -195.319   715036.6 267087.8 57941.9 23209.2   1864.7 10027.3  2107.7
  -276 -291.765   0.001 -291.764   736081.3 268426.2 58126.7 24464.0   3648.9  4709.1  2596.2
  -275 502.474  -0.005 502.470  1004762.5 342755.8 82179.0 41895.6   6791.0  2202.7  5611.1

         Carbon flux (ktC/yr)        Water (dam3/yr)                Nitrogen (MgN/yr)
       ----------------------- -------------------------- --------------------------------
Spinup NEP     estab   NBP     transp     evap    interc  nuptake ndemand  nlosses ninflux
------ ------- ------- ------- ---------- ------- ------- ------- -------- ------- -------
  -274 193.864  -0.002 193.862  1026050.8 348023.6 115285.2 24386.5   4780.8  2772.8  3532.9
  -273 -23.970  -0.001 -23.971   903865.8 250935.1 76972.7 25985.6   5264.5  2355.4  3509.5
  -272 -487.369   0.011 -487.358   791658.1 235646.6 97015.3 24328.0   4443.5  3965.2  2588.2
  -271  39.883  -0.006  39.877   964866.5 273226.8 101375.6 34601.9   5215.5  2526.4  3770.6
  -270 -624.670   0.039 -624.631   713987.7 243949.5 65514.3  7987.0   1792.6  3789.9  1281.2
  -269 224.530  -0.019 224.510   781810.7 342827.6 62099.5 32396.9   3298.3  3852.2  3122.1
  -268 -192.881   0.002 -192.879   761876.3 300432.3 62941.5 26593.8   4833.8  2349.8  3690.2
  -267 559.724  -0.005 559.719  1064288.8 373312.1 84787.9 37629.5   7415.9  1568.7  6060.8
  -266 280.554  -0.004 280.550   988386.6 326730.7 79708.7 25109.2   6148.0  1818.2  5091.7
  -265  35.953  -0.002  35.951   998488.0 254148.5 89474.9 26177.4   5437.6  2265.7  3797.9
  -264 -155.065   0.001 -155.064   931376.5 304450.1 121041.4 23509.3   3362.1  4991.3  2637.7
  -263 -415.044   0.003 -415.042   795795.3 238590.3 84171.7 27327.1   4701.8  3509.7  2916.9
  -262 -60.644  -0.001 -60.645   897494.1 270804.1 88515.3 30077.8   6337.4  1947.7  4116.1
  -261  -4.315  -0.001  -4.316   915488.2 247175.7 90420.6 27959.0   6859.2  1987.5  4459.2
  -260 -757.060   0.028 -757.032   733543.4 380430.0 86218.2 14185.8   3765.0  3220.8  2320.0
  -259 367.150  -0.014 367.136   865029.6 284901.6 66176.6 41812.5   6561.8  1812.7  4876.2
  -258 -126.965   0.001 -126.965   835877.5 272177.6 65258.1 15884.0   3011.2  4502.3  2643.6
  -257 -141.900  -0.003 -141.902   937962.2 264070.2 93030.3 37828.8   6631.6  2320.5  4815.4
  -256  60.642  -0.002  60.639  1015338.7 319071.6 123485.7 26193.2   6261.7  2394.8  4182.9
  -255 369.623  -0.003 369.620  1135199.4 364437.1 125234.2 32203.9   7768.2  2038.1  6394.7
  -254 -175.293   0.001 -175.292   884504.7 301249.2 111842.5 23116.1   5665.3  2554.6  3883.3
  -253 -633.348   0.037 -633.311   637860.9 253879.7 49806.1 16212.2   3926.8  5021.1  1866.8
  -252  -4.060  -0.017  -4.076   784351.4 264661.9 64388.3 34618.0   4608.9  3908.7  3029.4
  -251 -545.946   0.015 -545.931   601082.7 255834.6 36073.3 10663.1   3847.8  4899.6  1980.8
  -250 193.193  -0.007 193.186   787691.7 304886.9 52035.1 32757.8   4902.8  2302.9  3842.4

         Carbon flux (ktC/yr)        Water (dam3/yr)                Nitrogen (MgN/yr)
       ----------------------- -------------------------- --------------------------------
Spinup NEP     estab   NBP     transp     evap    interc  nuptake ndemand  nlosses ninflux
------ ------- ------- ------- ---------- ------- ------- ------- -------- ------- -------
  -249 507.403  -0.006 507.397  1116673.4 390147.6 82481.4 37079.5   7305.5  2003.7  6551.3
  -248 623.407  -0.006 623.401  1186180.3 349959.6 86109.8 33844.9   6831.7  1904.5  6670.8
  -247 149.137  -0.002 149.136  1026938.5 315222.0 125187.5 23552.2   5114.3  2297.7  4437.1
  -246 -698.172   0.028 -698.144   736998.5 261545.2 87873.9 13867.9   3110.8  6783.6  1930.2
  -245 504.114  -0.015 504.100   973164.4 374409.9 91377.4 37265.1   4970.3  2092.1  4472.4
  -244 239.879  -0.003 239.876  1013685.0 273624.3 87348.3 29612.3   5860.0  2597.2  4572.6
  -243 208.720  -0.002 208.718  1057835.8 342535.0 130072.6 26303.6   5728.7  1619.8  4704.3
  -242 -82.185  -0.000 -82.185   990844.6 254973.2 109649.2 28929.5   6152.1  2354.1  4092.6
  -241  65.761  -0.001  65.760  1050456.0 330128.8 144451.1 29363.7   6938.4  1399.3  4762.4
  -240  34.687  -0.001  34.686  1085155.6 265516.7 152369.5 29454.0   7292.7  1806.3  4740.1
  -239 -112.522  -0.001 -112.523  1100636.6 265976.6 147069.9 30634.9   7600.6  1378.7  5031.9
  -238 -290.484   0.008 -290.476   920396.4 242567.0 129394.0 16189.2   4999.0  2996.9  2985.9
  -237 -90.584  -0.003 -90.586  1042506.6 278222.5 146947.3 31142.0   5181.5  3587.3  3675.0
  -236  33.159  -0.000  33.159   999111.6 255851.3 111432.1 31005.4   7709.7  1755.3  4656.1
  -235 -271.735   0.004 -271.731   822120.0 297874.6 106474.0 18038.1   3020.0  3461.8  2733.0
  -234 -130.061  -0.001 -130.062   939372.7 308275.9 115547.1 32723.3   9020.5  1325.0  5218.9
  -233 -257.153   0.003 -257.150   958390.7 314578.2 141068.8 23285.7   5234.2  2439.8  3220.2
  -232  69.759  -0.002  69.756  1052042.8 325131.9 119407.1 34098.4  10263.6  1262.4  6191.8
  -231 -227.845   0.002 -227.843   987184.6 305104.3 148711.0 19631.0   5107.6  2468.9  3177.1
  -230  29.606  -0.048  29.558  1034026.4 272888.4 112006.2 35149.1   8993.3  1534.5  5330.7
  -229 116.273  -0.000 116.273  1089291.4 245546.1 135323.0 29807.8   9109.9  1150.6  5435.9
  -228 -743.171   0.028 -743.143   843786.9 261364.4 95814.5  6274.9   2703.4  4554.1  1600.6
  -227 299.996  -0.015 299.980  1007877.3 373566.0 109997.2 37118.0   3700.6  3973.8  3265.0
  -226 514.630  -0.004 514.626  1151174.4 351047.9 121471.6 33151.4   5672.4  2552.8  4684.5
  -225 457.816  -0.003 457.813  1257000.0 351253.6 154292.3 31906.7   6155.1  2530.0  5616.0

         Carbon flux (ktC/yr)        Water (dam3/yr)                Nitrogen (MgN/yr)
       ----------------------- -------------------------- --------------------------------
Spinup NEP     estab   NBP     transp     evap    interc  nuptake ndemand  nlosses ninflux
------ ------- ------- ------- ---------- ------- ------- ------- -------- ------- -------
  -224 150.122  -0.001 150.122  1167009.5 314138.4 125340.2 29594.3   5158.5  3912.7  4272.4
  -223 -344.003   0.002 -344.001   922245.7 304564.0 142828.5 24285.5   6507.6  2000.6  4221.3
  -222 -92.952  -0.000 -92.952  1087831.4 331336.3 163077.2 37252.6   7251.5  1645.2  4602.5
  -221 129.059  -0.002 129.057  1209487.1 374744.7 171772.7 34411.4   9862.0  1959.1  5958.5
  -220  47.648  -0.000  47.647  1095378.1 298546.7 124864.5 24469.6   7155.6  2335.0  4619.4
  -219 -669.091   0.023 -669.068   864990.2 239457.4 138231.9 20795.9   6238.2  2103.8  2959.4
  -218 -78.837  -0.010 -78.847   947873.2 296333.3 130448.8 29435.0   3451.5  3111.6  2823.4
  -217 412.182  -0.003 412.179  1161404.4 370077.2 138738.3 34951.9   9077.3  1589.2  6111.6
  -216 -77.368  -0.000 -77.369  1005459.7 255231.2 121406.5 23115.5   6847.3  2055.4  3986.3
  -215  21.320  -0.001  21.319  1053047.5 340934.6 154403.5 33612.1   6811.2  1576.2  4383.7
  -214 224.577  -0.002 224.576  1206529.7 336198.5 171812.3 33159.2   7931.2  2539.9  5525.0
  -213 -187.544   0.002 -187.542  1117305.3 241545.9 140054.8 22770.0   6297.1  2016.5  3725.1
  -212   3.274  -0.000   3.274  1022677.4 299469.6 159264.0 32034.4   5268.0  2468.7  3549.2
  -211 -455.476   0.010 -455.466   889883.0 282018.8 105456.0 20832.1   3645.0  5234.0  2281.5
  -210 -159.607  -0.003 -159.610   925320.3 267695.9 124370.7 28858.8   4455.6  3664.6  2971.0
  -209 -601.793   0.023 -601.770   770047.1 223013.8 82184.2 16520.7   4319.3  2832.0  2111.7
  -208  32.419  -0.011  32.407   926678.2 295316.9 86551.6 34463.5   2845.9  4913.7  2883.5
  -207 463.575  -0.004 463.571  1216348.6 311225.5 124019.4 38863.4   6162.8  1569.8  5403.6
  -206 112.765  -0.002 112.763   976889.1 312846.9 117472.5 22614.3   6252.2  1666.6  4430.9
  -205 -293.266   0.001 -293.264   981795.4 303801.0 147485.1 23564.2   3665.3  3456.6  2476.5
  -204  97.607  -0.002  97.605  1059964.7 308735.6 138938.7 39824.5   6207.3  2229.0  4142.2
  -203 -49.908  -0.002 -49.910  1086949.7 249159.3 142881.0 31224.0   7516.2  1460.9  5009.8
  -202 197.296  -0.001 197.295  1086229.2 307451.8 161794.2 25892.0   6007.3  1652.2  4117.1
  -201 -660.045   0.014 -660.031   911961.1 255586.1 114855.2 14590.3   4286.8  4256.2  2061.8
  -200 -361.213  -0.005 -361.217   893418.0 304069.6 117948.9 30636.6   3510.9  4911.0  2576.2

         Carbon flux (ktC/yr)        Water (dam3/yr)                Nitrogen (MgN/yr)
       ----------------------- -------------------------- --------------------------------
Spinup NEP     estab   NBP     transp     evap    interc  nuptake ndemand  nlosses ninflux
------ ------- ------- ------- ---------- ------- ------- ------- -------- ------- -------
  -199 168.662  -0.002 168.660  1015873.5 316575.3 128219.2 38541.1   6845.3  2729.8  4875.1
  -198 184.992  -0.002 184.990  1059647.1 346263.4 141944.1 29455.4   6444.8  1757.2  4327.0
  -197 429.849  -0.002 429.847  1217896.4 285390.0 175963.2 38524.0   6502.9  2145.9  4826.4
  -196 -102.630   0.001 -102.629  1030085.0 291447.6 160411.9 18102.0   4302.7  3442.3  2805.9
  -195 -548.680   0.015 -548.666   905925.8 185443.1 127403.7 22827.7   4223.7  4359.8  2391.6
  -194 -205.573  -0.007 -205.580   939227.6 264661.3 118132.3 38399.6   5435.9  1983.8  3518.6
  -193 -39.077  -0.000 -39.077   911252.4 259215.2 96129.4 21822.5   5048.1  4892.1  3550.7
  -192 156.932  -0.002 156.929  1124806.6 347535.9 144733.5 37318.1   8310.2  2494.3  5652.4
  -191 271.168  -0.002 271.166  1139789.6 321774.9 113574.2 30688.9   7101.3  2358.0  5025.3
  -190 -582.884   0.014 -582.870   897983.2 185370.3 120509.3 10179.7   3908.9  4800.8  2162.2
  -189 -184.745  -0.003 -184.749   834792.4 274529.5 91462.5 20859.2   2021.6  4581.5  2004.7
  -188  32.007  -0.001  32.006   887454.4 322912.0 93885.8 38580.2   5362.2  2542.6  4066.9
  -187  58.752  -0.001  58.750  1022324.3 271431.8 112106.2 29213.8   5214.6  2642.4  3618.9
  -186 362.225  -0.003 362.222  1219150.8 299170.0 144537.8 39582.1   5455.4  1984.6  4942.1
  -185 -466.882   0.006 -466.876   930660.6 224029.7 105676.9 11138.7   3787.9  4313.9  1979.7
  -184 -252.258   0.000 -252.258   831722.1 304544.9 90144.7 25949.3   3052.1  8363.1  2656.7
  -183 -49.592  -0.001 -49.593   954313.5 253265.1 106177.5 34616.0   5222.9  2819.8  3997.5
  -182 345.915  -0.003 345.912  1115685.2 356681.5 124746.6 37019.5   8042.8  1617.9  5583.3
  -181 289.237  -0.002 289.235  1196489.8 286911.5 157876.1 28740.4   6730.5  1868.2  4929.7
  -180 124.043  -0.001 124.042  1073520.2 268626.9 128894.0 28432.7   6812.8  2486.8  4589.6
  -179 -1328.937   0.098 -1328.838   561722.6 459034.0 70825.1 19517.5   3596.4  3724.5  2003.9
  -178 1070.976  -0.047 1070.929   965066.3 473493.1 54679.2 46787.4   4340.2  4133.9  3907.1
  -177 1103.263  -0.008 1103.255  1192732.2 285575.9 72032.5 27095.5   7627.9  2802.9  6071.1
  -176 -399.080   0.002 -399.078   866982.1 284396.6 106522.0 18184.2   3471.1  5200.7  2261.0
  -175 -480.632   0.004 -480.629   784005.3 219205.3 85667.1 25481.0   4069.2  2711.4  2427.4

         Carbon flux (ktC/yr)        Water (dam3/yr)                Nitrogen (MgN/yr)
       ----------------------- -------------------------- --------------------------------
Spinup NEP     estab   NBP     transp     evap    interc  nuptake ndemand  nlosses ninflux
------ ------- ------- ------- ---------- ------- ------- ------- -------- ------- -------
  -174 -411.552   0.002 -411.550   760506.9 220530.6 68919.3 24536.2   3175.4  4291.5  2238.4
  -173 -298.724   0.002 -298.721   751607.0 276386.4 68204.6 21051.7   2246.2  6255.5  2529.5
  -172 163.432  -0.002 163.430   856155.6 244501.7 62106.4 39675.6   6152.9  2201.2  4385.1
  -171 -344.659   0.001 -344.658   770566.5 229081.9 65494.8 20400.8   4044.6  2597.0  2829.6
  -170 -87.282  -0.001 -87.282   861559.6 278060.8 83283.8 26345.4   3891.1  4175.3  3022.0
  -169 270.631  -0.003 270.627   983852.7 282755.3 66092.6 36883.6   5544.7  1860.4  4426.6
  -168 398.103  -0.004 398.099  1074043.2 240979.7 100625.4 31767.0   6633.7  1499.4  5406.0
  -167 -390.270   0.003 -390.267   849400.0 229126.1 99832.0 13109.3   3134.6  5049.5  2096.0
  -166 267.322  -0.002 267.320  1002237.7 331219.3 111237.0 32090.5   4405.0  2256.9  3845.6
  -165  92.850  -0.002  92.848  1022283.9 304033.2 110243.6 31094.4   5159.4  2138.1  4220.8
  -164 258.804  -0.003 258.801  1113078.6 286958.4 104261.2 37132.5   7550.1  1785.2  5775.5
  -163 -81.208   0.001 -81.207   942086.2 310468.0 126316.9 22727.7   6760.5  1651.2  4519.5
  -162 -612.886   0.030 -612.856   802107.4 184263.6 109805.9 13963.2   3030.0  4452.1  2260.1
  -161 -105.706  -0.011 -105.717   794047.2 298887.6 77820.0 25511.3   2853.1  3801.2  2438.0
  -160 -70.082  -0.000 -70.083   831669.1 299768.2 78339.8 34526.8   5727.2  2107.5  4084.9
  -159 -31.833  -0.001 -31.834   937225.6 205342.1 83241.8 26791.6   5845.2  2696.3  3753.5
  -158 159.259  -0.002 159.257   967208.9 271295.7 105230.5 29164.2   5438.8  2183.9  3595.2
  -157 -305.926   0.004 -305.922   802646.1 225119.1 75567.5 18188.5   4479.0  2347.9  2344.7
  -156 -228.522   0.001 -228.522   808212.8 269173.4 64627.2 22072.2   2587.8  6439.7  2473.9
  -155 169.236  -0.003 169.233  1054096.5 358133.4 109183.7 39649.7   6950.4  2002.1  5412.8
  -154 454.964  -0.004 454.961  1108060.8 343225.9 91873.3 30339.0   7920.8  1583.1  6256.1
  -153 -23.436  -0.000 -23.436   954164.5 313095.8 110498.5 23875.2   6267.9  1597.5  4394.3
  -152 156.158  -0.002 156.155  1093597.0 361971.3 139815.7 38150.3   8336.6  1384.9  5871.3
  -151 -228.553   0.001 -228.552   994493.3 250300.6 114976.3 17700.4   5519.0  2474.9  3138.6
  -150 -368.856   0.002 -368.853   829212.2 305907.7 121654.7 24153.9   4228.4  3539.5  3095.7

         Carbon flux (ktC/yr)        Water (dam3/yr)                Nitrogen (MgN/yr)
       ----------------------- -------------------------- --------------------------------
Spinup NEP     estab   NBP     transp     evap    interc  nuptake ndemand  nlosses ninflux
------ ------- ------- ------- ---------- ------- ------- ------- -------- ------- -------
  -149 -129.995  -0.000 -129.995   987668.5 279926.8 132441.7 32680.8   4432.1  2773.2  3497.8
  -148 341.151  -0.002 341.149  1138758.2 376256.3 138048.3 34382.5   9288.5  1539.6  6285.5
  -147 -83.553   0.000 -83.553   938546.7 259110.8 112910.1 22124.8   6792.8  2124.4  4288.6
  -146 -773.845   0.019 -773.826   761100.4 371775.8 107215.6 12376.2   3556.5  3999.0  2202.5
  -145 122.746  -0.007 122.738   893455.0 305027.3 69406.4 35368.0   5227.4  4344.4  4056.0
  -144 -64.217  -0.001 -64.218   857734.8 289754.6 86109.3 25093.7   6995.5  1853.0  4513.3
  -143 -118.997  -0.002 -118.998   888059.7 377853.7 91312.8 28439.5   7419.4  1549.1  4691.0
  -142 167.510  -0.002 167.508   946857.5 292549.6 94677.9 27851.3   6408.5  1902.6  4488.5
  -141  54.758  -0.001  54.757   934140.2 297941.9 106226.4 24022.7   5623.6  1936.2  4022.9
  -140  -4.767  -0.000  -4.767   970589.1 251353.3 118273.5 28300.0   4854.3  2685.1  3845.9
  -139 212.245  -0.002 212.243  1163948.7 387351.3 150434.1 39476.0   8120.1  1773.5  6062.6
  -138 266.775  -0.002 266.773  1126393.3 270522.8 122499.2 29236.8   9111.1  1512.8  5648.2
  -137 -331.561   0.001 -331.560  1005625.0 248675.0 158131.2 21712.1   6571.9  2061.5  3973.9
  -136 -237.348   0.001 -237.347   887567.9 302217.6 137073.4 29222.3   7344.6  1715.4  4414.4
  -135 -171.445   0.001 -171.444   928610.1 254016.8 139716.4 29511.8   5478.7  2439.4  3208.0
  -134 -110.077   0.001 -110.076   892711.7 217249.5 111111.7 29152.1   7609.1  1857.6  4237.0
  -133 -809.098   0.026 -809.073   735184.0 377373.2 102674.8 11680.7   4300.0  3057.9  2481.7
  -132 353.886  -0.009 353.878   857913.4 280092.1 71316.5 40746.2   7475.5  1760.5  4884.6
  -131  47.680  -0.002  47.678   962891.2 292628.6 111679.1 23829.1   3474.8  2953.5  3195.3
  -130 167.825  -0.002 167.822  1028970.9 332244.2 90175.6 31964.6   6460.0  2787.5  4964.8
  -129  -2.163  -0.001  -2.164   941473.2 229248.4 103573.1 27142.7   6550.2  2680.6  4083.5
  -128  70.057  -0.001  70.056  1048848.6 285595.6 133034.4 31188.9   5900.9  1831.4  4191.4
  -127 -290.941   0.002 -290.940   884053.0 270956.3 117768.1 24448.5   5398.5  2049.2  3142.0
  -126 -232.575   0.003 -232.572   822063.9 310071.0 111265.3 26043.5   4966.2  1731.3  3471.8
  -125 -45.903  -0.001 -45.903   906413.9 249133.2 109271.1 30784.8   4081.3  2617.4  3446.0

         Carbon flux (ktC/yr)        Water (dam3/yr)                Nitrogen (MgN/yr)
       ----------------------- -------------------------- --------------------------------
Spinup NEP     estab   NBP     transp     evap    interc  nuptake ndemand  nlosses ninflux
------ ------- ------- ------- ---------- ------- ------- ------- -------- ------- -------
  -124 213.390  -0.002 213.388  1075398.4 258905.4 105634.0 36143.0   7363.4  1738.0  4878.7
  -123 499.795  -0.003 499.791  1237386.2 261898.8 159573.5 35753.0   7655.5  1399.3  5718.3
  -122 -544.110   0.008 -544.102   907129.3 225026.5 113218.4  6459.1   4103.5  4295.0  1970.5
  -121 -315.292   0.002 -315.290   774970.2 317433.5 96660.1 16613.3   1895.8  7467.0  2174.2
  -120 -266.159   0.000 -266.158   858025.6 239915.2 81469.9 30664.4   4723.0  3948.2  3028.0
  -119 123.654  -0.003 123.652   954462.5 360858.5 111099.7 39271.5   5756.3  2087.8  4121.2
  -118 259.990  -0.002 259.988  1042848.6 297745.1 115127.3 27967.6   5694.3  1772.9  4266.4
  -117 615.027  -0.004 615.023  1294661.5 319672.5 158899.1 43092.7   8417.1  1502.1  7155.5
  -116 112.929  -0.000 112.928  1078372.6 279212.8 146115.3 20112.3   4758.6  2187.5  3445.4
  -115  94.215  -0.001  94.214  1179473.9 373148.9 180743.4 37688.8   7252.6  2213.6  5570.3
  -114 356.178  -0.001 356.177  1213676.1 355716.1 177753.7 32048.4   9024.5  1541.8  6281.5
  -113 -1000.218   0.065 -1000.154   702507.7 442766.6 98373.8 17555.9   5386.5  2688.2  2975.8
  -112 623.193  -0.023 623.170   991697.5 440211.1 99781.9 43277.4   5974.2  3364.9  4490.8
  -111 693.263  -0.009 693.255  1188810.7 302988.8 88066.8 25084.0   7699.4  1603.7  5778.4
  -110 -603.934   0.007 -603.927   887503.3 230484.5 102370.5  7992.5   3083.3  4848.2  1660.1
  -109 -227.840  -0.000 -227.840   827012.8 314496.2 97819.3 23163.1   3203.8  5238.5  2773.1
  -108 -414.202   0.003 -414.199   765079.6 221757.4 83785.6 25769.6   3828.1  5079.4  2850.3
  -107 -121.849  -0.001 -121.850   824962.4 313556.8 84245.0 33426.6   5269.2  2319.1  3969.0
  -106  11.240  -0.002  11.237   977585.8 298320.5 104796.9 31461.5   4823.1  3674.2  3969.9
  -105 234.515  -0.003 234.512   993697.3 348293.5 91406.6 28709.5   7382.9  2140.6  5459.6
  -104 132.315  -0.001 132.314  1011913.2 254115.0 116131.1 24752.5   4889.8  2455.8  3895.8
  -103 319.110  -0.003 319.108  1213493.7 324848.0 136703.4 38977.6   6704.3  1854.6  5911.2
  -102 -343.786   0.009 -343.777   844628.0 328829.3 108417.7 23445.6   5303.8  2461.2  3446.0
  -101 216.542  -0.004 216.538   962736.5 242508.7 93229.9 38465.4   8498.0  1586.4  5031.7
  -100 -547.175   0.023 -547.152   786530.6 185315.5 104194.9  9862.9   2633.6  4789.3  2004.1

         Carbon flux (ktC/yr)        Water (dam3/yr)                Nitrogen (MgN/yr)
       ----------------------- -------------------------- --------------------------------
Spinup NEP     estab   NBP     transp     evap    interc  nuptake ndemand  nlosses ninflux
------ ------- ------- ------- ---------- ------- ------- ------- -------- ------- -------
   -99 268.267  -0.010 268.257   988002.4 290619.2 97817.8 43324.3   4815.1  2638.6  3567.1
   -98 227.500  -0.003 227.498   952045.1 310257.4 104776.0 24714.2   6132.3  1710.2  4489.6
   -97 -488.671   0.003 -488.668   859049.5 234475.5 83663.6 12797.9   2453.6  5065.8  1683.9
   -96 -287.819   0.001 -287.818   818404.3 274670.2 92477.9 33619.4   4197.5  4552.5  2590.7
   -95 -800.373   0.044 -800.328   661731.6 391177.7 67977.6 22124.8   3610.8  2712.3  2239.3
   -94 -29.335  -0.012 -29.347   629331.7 303250.2 28897.7 27307.1   3016.8  3906.1  2001.1
   -93 237.594  -0.003 237.591   862684.2 290755.9 47442.9 27666.2   4741.9  5836.1  3582.9
   -92 279.630  -0.005 279.625   894143.8 280718.8 58431.8 32751.0   6466.8  2236.2  5010.4
   -91 253.935  -0.003 253.931   990821.0 278994.6 90585.6 28238.8   4250.4  2904.5  3517.0
   -90   0.738   0.002   0.740   986283.6 361523.1 112123.7 26250.6   3747.1  3333.0  3109.5
   -89 361.250  -0.006 361.243  1122700.1 304437.5 108442.2 35871.1   6201.9  2442.2  5763.6
   -88 487.137  -0.003 487.134  1164330.9 349347.0 130735.0 33617.8   5899.0  2056.3  5051.7
   -87 -31.140   0.002 -31.139   976381.2 284721.9 116754.1 26997.9   5758.6  1888.9  4241.8
   -86 -135.540  -0.002 -135.542  1064011.9 256070.9 138690.2 34775.5   8291.2  1788.0  5363.7
   -85   7.086   0.000   7.086  1005189.9 239863.4 131777.1 23695.6   5321.2  2299.8  3750.1
   -84 237.224  -0.002 237.222  1171618.0 274395.9 159502.0 37374.8   8074.4  1770.0  5159.1
   -83   9.477  -0.001   9.476  1112284.1 267930.0 158866.0 28265.3   7357.6  1615.7  4717.6
   -82 184.920  -0.000 184.920  1102129.3 298004.8 174091.6 25980.5   6613.6  1468.6  4244.4
   -81  91.253   0.001  91.254  1100546.9 327242.2 177304.9 30007.8   7466.6  1376.5  4738.2
   -80 -186.906   0.004 -186.902   956519.0 301485.7 123937.1 26193.7   6050.4  3653.6  3845.6
   -79 -361.476   0.002 -361.475   917083.6 262963.0 102792.0 23340.7   6025.5  2421.6  3423.4
   -78 -377.997   0.002 -377.995   866811.6 261533.4 91085.1 23987.9   5097.9  3623.2  3160.3
   -77 -835.565   0.041 -835.524   680202.4 237426.5 77384.5 10210.2   3259.3  5654.9  1918.7
   -76 -526.438  -0.005 -526.443   542459.0 272752.5 26672.3 22170.2   3227.2  5235.0  1840.6
   -75 568.309  -0.009 568.301  1020731.0 335905.5 70971.1 50696.0   6783.5  1623.6  5043.9

         Carbon flux (ktC/yr)        Water (dam3/yr)                Nitrogen (MgN/yr)
       ----------------------- -------------------------- --------------------------------
Spinup NEP     estab   NBP     transp     evap    interc  nuptake ndemand  nlosses ninflux
------ ------- ------- ------- ---------- ------- ------- ------- -------- ------- -------
   -74 -143.159   0.000 -143.158   782574.8 261092.4 54010.9 13987.7   4663.3  2431.5  2785.1
   -73 -81.334  -0.002 -81.337   816330.9 319648.6 74647.3 33061.7   4686.7  2848.8  3907.4
   -72 -15.191  -0.002 -15.193   886288.9 257235.2 84990.3 27917.9   4072.4  2841.0  3594.8
   -71 485.813  -0.005 485.808  1101645.8 285501.5 76861.7 40552.2   7435.0  1688.9  6160.0
   -70 -110.890   0.001 -110.890   839117.4 328743.9 99112.6 20837.0   4554.7  3864.8  3182.8
   -69 -24.468  -0.002 -24.470   948512.5 236541.6 99305.7 38851.2   6865.1  2438.7  4402.6
   -68 161.882  -0.002 161.881  1023869.6 277889.3 137438.2 27732.7   6366.0  2492.9  4303.9
   -67 134.401  -0.002 134.399  1150986.7 311098.0 157947.9 31189.9   5166.5  2335.0  3819.2
   -66 -89.493   0.001 -89.492   998173.5 389188.4 124610.2 25760.0   6382.1  2077.4  4258.3
   -65 176.685  -0.001 176.684  1053307.6 274413.4 157600.8 34097.0   5461.5  3418.2  3728.4
   -64 313.499  -0.002 313.497  1107788.2 337651.1 160685.4 35658.4   7104.4  1418.4  5061.9
   -63 -422.904   0.009 -422.895   836414.5 234302.3 133259.4 13587.7   4108.2  4818.7  2324.3
   -62 -57.868  -0.002 -57.870   983825.7 308861.5 119846.2 27599.7   2991.6  4363.2  2956.7
   -61 -747.682   0.061 -747.621   679246.2 246337.8 77861.4 10905.5   1639.9  4543.9  1202.7
   -60 114.407  -0.027 114.381   823576.7 358849.4 74492.6 37539.0   2424.6  6810.7  2663.1
   -59 563.352  -0.006 563.346  1165281.0 366679.9 89765.1 34515.4   8043.7  2205.4  6437.3
   -58 115.963  -0.001 115.962   969119.3 267466.9 90704.1 20447.8   4254.4  5421.0  3463.5
   -57 135.515  -0.002 135.513  1199432.7 269592.6 151215.7 38438.3   6887.2  1972.5  5962.1
   -56 255.214  -0.002 255.212  1171191.5 340743.4 157812.5 30974.5   7315.2  1973.9  5604.1
   -55 449.432  -0.003 449.429  1269885.5 374186.2 161254.7 36594.7   8271.6  1810.7  6545.0
   -54 -857.762   0.055 -857.707   743424.1 444812.6 94165.4 20775.4   3914.9  3485.6  2528.2
   -53 687.940  -0.029 687.911   944354.4 371965.5 83345.5 35549.2   5543.4  4458.5  4286.3
   -52 -475.876   0.018 -475.858   791172.3 219870.6 78578.2  7430.2   3669.8  4716.3  1810.9
   -51  -3.238  -0.003  -3.240   814325.7 261239.2 84154.0 29684.8   2671.5  9220.9  2873.8
   -50 501.240  -0.005 501.235  1141271.8 301481.4 111720.6 41552.1   6955.0  1713.1  5283.7

         Carbon flux (ktC/yr)        Water (dam3/yr)                Nitrogen (MgN/yr)
       ----------------------- -------------------------- --------------------------------
Spinup NEP     estab   NBP     transp     evap    interc  nuptake ndemand  nlosses ninflux
------ ------- ------- ------- ---------- ------- ------- ------- -------- ------- -------
   -49 261.479  -0.002 261.477  1059873.7 296087.8 95841.7 24159.8   4533.1  4372.1  3556.8
   -48 -543.761   0.010 -543.750   778440.8 236797.2 89728.5 15105.9   3666.7  6085.6  2207.5
   -47 -446.132   0.004 -446.128   720729.0 224018.6 61425.2 18102.6   3477.3  4282.1  1905.7
   -46 -113.632  -0.002 -113.634   794352.8 245425.9 67828.3 30263.2   4355.4  3915.2  2912.5
   -45 -75.592  -0.002 -75.594   824062.2 245277.5 73402.5 30579.3   5425.0  1990.8  3479.6
   -44 -713.441   0.034 -713.407   651396.3 241147.5 58935.5  6890.9   2894.8  6444.9  1956.1
   -43 552.631  -0.020 552.611   919444.3 334995.1 53787.9 42642.2   5244.6  2708.4  4512.4
   -42 161.877  -0.003 161.874   875506.3 381228.0 68260.3 23045.2   4924.7  2648.8  3939.2
   -41 377.593  -0.004 377.589  1032100.7 357798.8 95764.9 34816.4   5668.4  2608.2  5352.8
   -40  16.427  -0.001  16.426   906023.3 293785.9 92933.8 21592.0   4029.0  3315.9  3156.7
   -39 301.266  -0.003 301.263  1201746.4 279364.3 136263.7 41925.7   6774.8  1973.8  6015.7
   -38 457.805  -0.003 457.802  1197704.0 274364.9 156309.6 35104.0   6999.9  1435.7  5317.0
   -37 -191.176   0.002 -191.174   962979.6 241193.8 123673.3 16688.5   4907.1  4033.7  2957.1
   -36 -367.504   0.001 -367.503   969038.7 250715.5 139463.3 34110.2   6981.0  2160.5  4173.9
   -35 283.391  -0.002 283.389  1141226.8 270144.3 162540.4 37311.6   9014.0  1392.5  5397.8
   -34 -845.331   0.094 -845.237   580966.8 249024.2 55849.8 -2127.9   3059.0  6225.3  1482.9
   -33 -238.631  -0.023 -238.654   556859.0 286084.1 33588.9 18722.9   1622.0  8003.0  1496.1
   -32 246.236  -0.014 246.222   871407.2 296053.0 62991.4 39091.1   4424.1  3648.1  3512.4
   -31 585.078  -0.005 585.073  1030274.4 352339.1 89448.6 28236.5   5986.9  2032.2  4991.5
   -30 162.470  -0.003 162.467   971919.5 295467.3 86317.2 29796.0   5598.2  2086.3  4327.1
   -29 -462.670   0.003 -462.667   825945.4 233074.9 73662.3 14065.2   2333.2  4754.3  1660.1
   -28 -313.968   0.003 -313.965   757362.3 257061.4 70242.0 23953.2   2164.9  6636.6  2283.3
   -27 180.705  -0.003 180.702  1028088.5 303475.2 99431.7 41012.0   5079.7  3521.1  4178.9
   -26 379.956  -0.004 379.952  1140311.2 356964.2 115094.0 29989.1   7961.0  2387.4  6000.6
   -25 401.960  -0.003 401.957  1131873.9 329874.0 100285.3 27044.4   7085.0  1956.4  6021.5

         Carbon flux (ktC/yr)        Water (dam3/yr)                Nitrogen (MgN/yr)
       ----------------------- -------------------------- --------------------------------
Spinup NEP     estab   NBP     transp     evap    interc  nuptake ndemand  nlosses ninflux
------ ------- ------- ------- ---------- ------- ------- ------- -------- ------- -------
   -24 204.443  -0.001 204.442  1101476.8 284736.7 144009.8 27029.1   5239.8  2304.7  3761.2
   -23 115.828  -0.001 115.827  1118370.6 260523.3 160007.6 29703.6   5859.8  2644.8  4266.5
   -22 235.110  -0.001 235.109  1228838.7 331900.8 170712.8 35879.1   7244.8  1968.1  5681.7
   -21 216.703  -0.001 216.702  1139678.6 308617.5 139561.1 28387.1   7572.6  1844.2  5139.3
   -20 -594.334   0.036 -594.298   897734.2 238849.4 141938.8 19824.2   5580.3  3131.8  2699.2
   -19 -854.831   0.073 -854.758   612958.7 258536.7 69324.8  3412.8    980.0  6876.3  1284.4
   -18 219.674  -0.041 219.634   751747.4 261444.9 48276.3 36703.9   3204.3  5940.8  2486.4
   -17 602.696  -0.006 602.690  1072942.2 279089.1 84584.1 31019.6   5326.3  2236.8  4298.2
   -16 114.738  -0.002 114.736   904030.0 256621.8 79113.0 25632.3   4399.8  2617.2  3077.5
   -15 -471.131   0.010 -471.121   782105.1 182135.4 88175.7 14861.7   2175.7  6633.3  2130.8
   -14 210.781  -0.006 210.776  1023179.8 301920.9 94883.3 35942.7   3978.0  3533.9  3335.0
   -13 422.468  -0.004 422.464  1115562.2 314541.3 104172.5 31512.1   6731.3  2001.2  5419.8
   -12 589.452  -0.004 589.449  1256629.7 377322.9 130377.9 30448.8   7094.7  1719.3  6441.2
   -11 306.928  -0.002 306.926  1263074.2 342100.1 160722.6 29454.8   6566.9  2707.6  5759.0
   -10 253.501  -0.001 253.500  1207980.9 313476.4 165269.4 30748.5   5999.8  2489.7  4437.8
    -9 -76.284   0.000 -76.283  1191990.1 248719.0 188444.0 27682.6   5944.5  2247.5  4053.9
    -8 -86.221   0.002 -86.219  1032991.4 292498.7 142550.3 28035.4   6894.0  2114.3  4222.0
    -7 -13.128  -0.000 -13.129  1153208.1 323243.7 177774.5 31840.0   8657.4  2402.1  5123.5
    -6 278.286  -0.001 278.285  1241495.5 349883.3 170930.6 32323.9  10837.4  1434.8  6488.0
    -5 -608.546   0.037 -608.509   960776.0 228245.6 136238.1 10233.9   5520.9  3106.4  2737.3
    -4 -224.855  -0.013 -224.868   843493.6 241310.9 96550.8 22828.2   3709.7  5264.2  2539.8
    -3 235.423  -0.003 235.420  1192445.0 284709.1 139581.7 41038.0   8574.5  1502.5  5956.3
    -2 -24.046   0.000 -24.046   967220.0 251004.2 101908.4 18800.1   5601.8  4041.5  3730.8
    -1 140.103  -0.002 140.101  1224522.3 256065.8 159018.5 37395.0   9137.6  1410.2  6188.9
     0 -275.652   0.003 -275.650   873871.1 204674.1 116817.9 15419.2   5397.8  3313.7  3097.7

         Carbon flux (ktC/yr)        Water (dam3/yr)                Nitrogen (MgN/yr)
       ----------------------- -------------------------- --------------------------------
Spinup NEP     estab   NBP     transp     evap    interc  nuptake ndemand  nlosses ninflux
------ ------- ------- ------- ---------- ------- ------- ------- -------- ------- -------
     1 -240.913   0.001 -240.913   971063.6 306687.7 139432.7 28476.1   4012.7  5332.0  3321.7
     2 219.398  -0.003 219.396  1142684.0 375157.5 138176.4 41311.5  10291.6  1439.5  6571.7
     3 441.059  -0.003 441.056  1176886.4 349177.6 154771.6 30294.4   8610.2  1517.8  5673.0
     4  -5.383   0.002  -5.381  1126172.5 348468.3 185234.6 21312.1   4867.2  2769.7  3158.6
     5 -12.685  -0.001 -12.685  1090652.5 285939.9 169072.5 31239.7   6360.8  2214.0  3872.0
     6 -568.759   0.026 -568.733   925128.2 180652.1 131499.5 16475.7   4821.0  3474.5  2615.5
     7   9.281  -0.011   9.269   899162.7 263273.3 105808.9 31329.3   3366.4  3026.4  2919.4
     8 355.112  -0.003 355.109  1129306.8 331098.7 114400.3 37750.3   9488.4  1427.5  6398.1
     9 -107.487   0.001 -107.486   960171.8 237140.9 126350.0 15658.4   3783.3  2992.2  3047.8
    10 300.988  -0.002 300.986  1181492.1 370902.9 146175.0 40918.2   8541.8  1555.1  6437.3
    11 -104.017   0.001 -104.016   953251.3 255083.0 118356.7 22849.3   6742.5  2069.0  4079.9
    12 -161.990   0.000 -161.989   990387.6 340644.9 149001.2 30962.9   5328.3  2297.0  3409.0
    13 -630.199   0.024 -630.175   773872.3 284880.8 96979.4 14688.1   4297.1  4753.7  2407.4
    14 -475.736  -0.006 -475.742   696716.6 258953.4 68483.1 19469.4   3933.7  5159.5  2428.9
    15 114.416  -0.003 114.413   877244.0 287638.3 72545.9 35071.2   5851.1  2307.4  4237.0
    16 287.226  -0.003 287.222  1043400.5 295998.7 111126.0 28055.1   6614.9  2279.4  4772.7
    17 484.793  -0.003 484.790  1098956.3 356398.4 119547.3 33011.4   6259.0  2040.9  5540.4
    18 -96.781   0.001 -96.780   894709.4 240935.7 106881.3 20630.5   4296.1  3875.2  3012.2
    19   3.175  -0.001   3.174  1140363.7 292018.6 148891.6 39979.0   5544.7  3182.2  5016.3
    20 -41.687  -0.000 -41.687   996999.3 239988.6 126341.6 23910.3   5441.0  1889.9  3879.5
    21  34.508  -0.001  34.507  1028999.7 344147.7 121122.9 34847.2   8679.4  1398.8  5504.9
    22 -634.877   0.034 -634.843   663252.6 253178.5 58996.0  9843.2   4234.2  4962.8  1904.1
    23 -43.126  -0.014 -43.140   794310.9 261329.0 71354.5 29109.6   4017.2  6135.5  2782.6
    24 -416.544   0.003 -416.541   725804.9 268403.6 65616.0 17066.0   4329.3  4438.8  2747.9
    25  89.575  -0.003  89.572   891170.6 238257.2 66937.0 35107.2   5960.3  2139.3  3920.3

         Carbon flux (ktC/yr)        Water (dam3/yr)                Nitrogen (MgN/yr)
       ----------------------- -------------------------- --------------------------------
Spinup NEP     estab   NBP     transp     evap    interc  nuptake ndemand  nlosses ninflux
------ ------- ------- ------- ---------- ------- ------- ------- -------- ------- -------
    26 152.192  -0.003 152.190   992542.0 315339.6 98854.2 28199.1   4686.5  2985.0  3607.6
    27 -33.032  -0.001 -33.033   884825.2 309926.8 86822.9 22413.3   2839.7  4807.0  2991.3
    28  12.928  -0.001  12.927   965003.3 299425.6 85079.9 33416.5   5403.2  3535.6  4268.2
    29 -162.091  -0.001 -162.092   923261.3 225786.2 92698.7 24723.2   6058.3  2244.7  3660.8
    30 -182.523   0.001 -182.522   816519.2 311709.7 92332.8 21785.2   2606.3  5775.2  2819.2
    31 -27.269  -0.001 -27.270   914594.3 301137.6 95718.9 34867.5   6707.9  1620.5  4440.1
    32  14.675  -0.001  14.674   946075.9 279457.5 104634.9 29643.7   8463.6  1320.6  4878.8
    33 -792.624   0.056 -792.568   658369.4 238910.9 76678.3  3240.2   2013.2  6426.3  1430.3
    34 -518.854  -0.001 -518.855   493450.3 285890.5 22696.6 18503.0   2465.2  6220.9  1549.2
    35 841.396  -0.016 841.380   969768.6 311478.3 50320.9 49421.9   5709.0  2562.6  4816.3
    36 438.976  -0.005 438.972   958122.4 333377.8 75355.2 25251.1   4983.5  2948.8  3861.0
    37 348.331  -0.004 348.328   968537.9 251135.5 70506.9 35044.0   5930.5  1863.3  5778.6
    38 -292.357   0.001 -292.355   792221.0 278467.7 87554.5 23831.9   5138.9  2502.5  3868.5
    39 -20.594  -0.002 -20.596   900909.6 231878.0 78029.1 33409.1   7009.0  1946.0  5004.4
    40 -426.087   0.002 -426.085   809308.2 265077.2 69697.4 15707.2   2741.0  4509.3  2114.0
    41 -458.059   0.008 -458.051   742484.2 382650.8 75363.2 27320.5   3797.5  3412.6  2663.5
    42 243.524  -0.005 243.519   931631.4 309347.6 61999.0 39074.4   6262.0  1826.7  4541.8
    43 311.826  -0.004 311.822  1012262.2 281243.2 112867.8 24568.1   6000.9  2391.4  4369.8
    44 153.714  -0.001 153.713  1007997.0 298478.8 92662.2 26584.3   4554.1  3926.0  3811.1
    45 -523.053   0.017 -523.036   750959.1 213828.6 78472.4 16121.4   3762.7  3863.2  1883.2
    46 -125.835  -0.005 -125.840   783954.5 270713.3 63929.7 23884.2   2948.7  7234.3  2645.7
    47 140.476  -0.003 140.473   920952.6 324009.2 83108.9 37345.8   8129.8  1729.8  5783.8
    48 -623.280   0.019 -623.260   685520.6 242123.4 67695.3  6945.6   3968.9  5186.9  2249.7
    49 235.266  -0.010 235.256   831570.9 307148.7 61856.3 29687.4   4481.9  3006.7  3578.8
    50 -219.725   0.001 -219.724   747384.8 260666.6 58719.8 21080.7   3951.5  4287.8  2884.0

         Carbon flux (ktC/yr)        Water (dam3/yr)                Nitrogen (MgN/yr)
       ----------------------- -------------------------- --------------------------------
Spinup NEP     estab   NBP     transp     evap    interc  nuptake ndemand  nlosses ninflux
------ ------- ------- ------- ---------- ------- ------- ------- -------- ------- -------
    51 236.577  -0.003 236.573   934028.6 296418.1 82511.1 36631.0   5378.8  2269.3  4043.9
    52 438.685  -0.004 438.681  1079491.7 291678.7 107757.0 32066.8   6298.6  1610.5  4993.0
    53 437.986  -0.003 437.983  1066634.5 312542.4 118675.9 29948.1   4779.5  2170.8  3848.4
    54 193.461  -0.002 193.460  1045968.7 230427.3 111502.1 30564.2   5857.6  2281.3  4602.2
    55 184.850  -0.002 184.848  1235907.7 275241.0 168739.1 35271.6   7295.7  1415.1  5905.6
    56 -211.509   0.004 -211.505   935440.0 246158.7 130940.6 17350.3   4660.6  2270.3  3139.4
    57  20.742  -0.002  20.740  1061099.4 230368.8 135021.9 35227.3   8272.4  1354.1  5225.7
    58 -358.226   0.001 -358.225   974495.7 267807.5 147835.3 25171.3   7601.2  1650.0  4253.4
    59 107.941  -0.001 107.940  1113294.7 337007.3 162569.5 33812.3   9383.0  1839.6  5716.9
    60 -39.540   0.004 -39.535  1011546.7 347547.1 128697.6 27617.8   9490.3  1214.3  5364.3
    61 -124.306  -0.001 -124.307   893098.2 286718.7 120886.6 24819.3   8138.8  1401.5  4508.7
    62 253.312  -0.001 253.311  1076301.7 330302.4 149053.8 32290.1   9959.4  1181.7  5784.6
    63  39.388  -0.001  39.387  1034242.4 292040.3 136788.4 25635.1   7325.9  1195.7  4604.4
    64 -74.954   0.001 -74.954   946878.2 304767.2 107313.9 27688.2   7368.7  1499.6  4293.6
    65 -330.081   0.002 -330.079   886187.5 240962.0 128900.7 27330.5   7768.5  1576.2  3939.2
    66 -348.292   0.002 -348.290   771073.9 271295.8 111486.0 24650.0   6656.8  1828.8  3688.8
    67 -198.758   0.001 -198.757   850170.0 286729.8 101767.9 28131.3   9182.0  1238.3  4697.4
    68 428.554  -0.004 428.551  1141037.9 299120.6 149731.9 38028.2  11577.9  1052.8  6711.8
    69  -6.242   0.001  -6.242   975393.8 281306.5 104748.4 15949.2   5735.3  2131.8  3610.5
    70  79.514  -0.000  79.513   993135.4 316156.0 153697.5 31361.7   6405.1  1499.5  4478.6
    71 -143.861  -0.001 -143.862  1026234.0 308489.4 146676.8 33700.7   9185.5  1432.9  5692.9
    72 -797.564   0.052 -797.512   703753.2 215164.2 93146.2  5185.1   4032.8  3890.7  1769.7
    73  94.016  -0.022  93.994   792910.6 320813.8 79471.9 34254.0   3090.8  5072.8  2550.3
    74 282.300  -0.003 282.297   962697.6 258149.8 94621.6 29122.5   4437.2  3272.6  3726.4
    75 615.622  -0.005 615.617  1196391.0 398138.6 118084.2 41294.5   6923.8  2028.8  6685.5

         Carbon flux (ktC/yr)        Water (dam3/yr)                Nitrogen (MgN/yr)
       ----------------------- -------------------------- --------------------------------
Spinup NEP     estab   NBP     transp     evap    interc  nuptake ndemand  nlosses ninflux
------ ------- ------- ------- ---------- ------- ------- ------- -------- ------- -------
    76 -321.754   0.005 -321.749   732898.4 256770.6 59174.2 14469.7   2920.4  5677.8  1706.4
    77 -497.843   0.017 -497.826   742609.9 390226.6 80297.4 24212.9   2929.6  5062.2  2057.9
    78 280.746  -0.009 280.737   927988.8 312154.2 70373.9 37342.9   4794.2  5227.8  4050.7
    79 388.936  -0.004 388.932  1120822.8 368364.9 116886.5 34607.6   7521.7  2609.9  6204.3
    80 474.972  -0.004 474.968  1163773.0 338093.9 114835.4 34277.9   7473.1  2071.2  6496.5
    81 -275.429   0.002 -275.427   834750.3 275973.9 118743.7 21789.1   5019.7  3043.0  3484.1
    82 -118.752  -0.000 -118.752   907043.0 273664.0 111055.9 26757.4   5744.0  2384.3  4141.8
    83 -80.119   0.000 -80.119   891907.6 277998.5 106928.0 29132.8   5451.2  2895.1  3972.9
    84 282.692  -0.003 282.689  1136232.4 303194.8 158588.3 43970.5   9203.1  1249.5  6437.7
    85 -12.795   0.001 -12.794   979356.2 300963.3 115217.3 19975.3   5805.6  3521.6  3959.7
    86 -264.784   0.002 -264.782   846274.7 214263.9 116850.4 25699.9   6038.8  2954.2  3657.2
    87 -275.319   0.002 -275.317   861066.5 277916.6 121355.6 28139.0   4065.5  3406.9  3326.6
    88 -83.358  -0.000 -83.358   907491.9 256918.3 87795.6 34674.6   8750.7  1257.9  4749.2
    89 127.111  -0.002 127.109  1037353.9 281480.9 146256.6 32930.9   5924.4  2469.1  4242.4
    90 170.159  -0.002 170.157  1081332.6 273883.4 136091.1 31268.2   9229.2  1135.5  5779.5
    91 -357.683   0.007 -357.676   850927.6 296429.4 125262.2 13427.3   3594.4  3283.1  2572.3
    92 259.901  -0.004 259.897  1078390.9 293695.7 156354.7 43533.1   6613.6  2255.9  4731.4
    93 -81.117   0.001 -81.116   917314.9 300688.6 121017.1 20039.7   4999.7  2789.8  3395.7
    94 -199.289   0.000 -199.289   909769.5 275788.8 124918.2 35873.5   7358.0  1464.9  4421.0
    95  11.226  -0.000  11.225   943539.8 268393.7 147917.0 30097.6   5760.1  2662.9  3621.0
    96 -32.688  -0.001 -32.689   949713.3 277428.2 126794.1 31279.1   7774.7  1350.2  4554.5
    97 -455.037   0.006 -455.031   769719.4 213823.8 115391.9 15471.1   2692.7  4492.4  1956.4
    98 -732.586   0.051 -732.535   591256.7 256210.1 63759.6  9799.9   1342.0  6877.2  1062.1
    99 388.465  -0.024 388.441   875313.6 361792.2 72563.6 44572.8   3045.4  5402.3  3064.1
   100 404.565  -0.006 404.560  1053975.5 339271.5 86072.4 30499.5   6686.4  2434.5  5616.1

         Carbon flux (ktC/yr)        Water (dam3/yr)                Nitrogen (MgN/yr)
       ----------------------- -------------------------- --------------------------------
Spinup NEP     estab   NBP     transp     evap    interc  nuptake ndemand  nlosses ninflux
------ ------- ------- ------- ---------- ------- ------- ------- -------- ------- -------
   101 -558.480   0.011 -558.469   621896.2 257697.5 45414.0 12936.7   2909.3  6399.8  1708.5
   102 585.232  -0.007 585.225  1029925.6 372159.9 87358.7 35968.5   3809.0  4179.3  3587.3
   103 358.301  -0.004 358.297  1136491.6 414459.9 111785.8 35817.2   4964.3  3592.5  5493.3
   104 346.295  -0.003 346.292  1126878.6 308369.6 99931.6 33590.4   5680.1  2914.1  5616.5
   105 -343.029   0.003 -343.026   801459.0 217463.6 106684.7 19852.8   3328.4  5308.6  2351.1
   106 -378.031   0.003 -378.029   815700.6 296864.5 77880.3 23885.6   2889.1  5868.6  2564.3
   107 -167.156  -0.001 -167.156   843563.1 248593.2 90428.8 33343.7   5964.4  2457.9  3837.0
   108 149.393  -0.003 149.391  1029951.3 350045.9 124754.4 34375.0   6828.5  1949.1  5133.8
   109 552.737  -0.004 552.733  1275913.6 319427.5 120728.8 37941.9   9038.1  1725.9  7215.5
   110   9.495  -0.000   9.495  1006093.2 279042.7 134139.1 19979.6   4341.1  2774.0  3362.3
   111 298.679  -0.003 298.676  1195195.2 380086.7 156873.2 44913.9   8122.3  1924.1  6715.4
   112 106.391   0.000 106.391  1072560.2 279385.9 119669.1 25051.0   5237.7  2740.6  3343.3
   113 -37.471   0.001 -37.470  1002296.0 257538.7 172347.3 29294.2   5155.3  3561.8  3463.9
   114 180.687  -0.001 180.686  1093926.8 342092.8 172998.5 37075.7   7856.9  1378.7  5337.5
   115 -207.401  -0.001 -207.401  1065927.7 293096.4 168924.4 30632.9   9429.8  1490.0  5395.9
   116 -972.249   0.082 -972.168   694433.9 212983.3 103208.0   734.6   3490.9  4349.8  1451.9
   117 -226.895  -0.031 -226.926   636229.2 277116.9 52575.2 22861.8   1464.7  9232.6  1747.1
   118 -239.511  -0.001 -239.513   819237.0 267330.0 57769.3 23701.4   3211.7  5182.8  2358.8
   119 440.712  -0.005 440.706  1112001.5 320172.5 100738.9 46470.8   5081.4  2810.0  4880.2
   120 394.821  -0.004 394.817  1020738.0 275545.2 109987.7 25449.8   5122.2  2882.6  3752.1
   121 533.803  -0.004 533.799  1285755.9 280151.6 148374.4 38659.1   6462.7  2103.3  6422.8
   122 -91.006   0.001 -91.005   914828.6 212034.1 119478.2 20480.3   4403.7  3754.1  3031.9
   123 -527.984   0.002 -527.982   903509.9 271247.6 138067.2 31294.8   4924.8  3569.5  3335.4
   124 125.479  -0.001 125.478  1022815.8 320372.3 145984.1 36325.9   8325.3  1650.5  5145.4
   125 244.058  -0.001 244.057  1087398.5 349574.7 152885.6 29645.1   9241.8  1237.7  5706.0

         Carbon flux (ktC/yr)        Water (dam3/yr)                Nitrogen (MgN/yr)
       ----------------------- -------------------------- --------------------------------
Spinup NEP     estab   NBP     transp     evap    interc  nuptake ndemand  nlosses ninflux
------ ------- ------- ------- ---------- ------- ------- ------- -------- ------- -------
   126 181.855  -0.001 181.853  1079508.8 342839.5 158874.9 29729.2   8794.6  1411.9  5765.6
   127 -318.733   0.002 -318.731   911942.4 233207.3 133473.4 19430.7   5234.1  4040.0  2952.2
   128 -166.236   0.000 -166.236  1018918.1 289906.9 157273.9 32676.9   5796.8  3341.9  4038.2
   129 384.414  -0.003 384.411  1220328.3 302564.8 176279.7 42256.6  11148.0  1365.1  7023.9
   130 -773.767   0.065 -773.702   639826.9 250189.6 66147.0   333.8   3559.2  5711.0  1559.3
   131 491.647  -0.032 491.616   849045.1 408067.5 86029.2 33789.7   3409.1  4518.3  3011.5
   132 158.402  -0.002 158.399   993709.1 253680.8 91519.2 24200.7   4183.3  3695.5  3072.5
   133 -27.404  -0.000 -27.405   881792.0 270217.9 94008.1 26750.5   3446.0  4714.2  2826.9
   134  87.050  -0.002  87.048   998821.4 278321.2 113205.0 36806.1   5259.2  2158.5  4087.0
   135 492.901  -0.004 492.897  1296534.5 369288.4 144941.1 39796.4   8306.1  2456.6  6990.7
   136 -233.937   0.003 -233.933   815052.3 280284.6 57237.0 16298.1   4203.9  3706.3  2589.1
   137 -147.392   0.001 -147.391   908557.1 231521.7 105900.8 29348.6   3731.3  6288.3  2601.8
   138 -163.023   0.001 -163.022   903956.3 282317.0 85852.1 29907.9   4829.1  4155.8  3208.1
   139 -302.872   0.002 -302.870   835536.6 263171.5 102845.0 23918.2   3755.4  3408.9  2815.3
   140 -264.269   0.001 -264.268   862328.2 196999.8 95792.1 26335.6   4383.2  4507.5  2850.9
   141 -79.261  -0.000 -79.262   879023.0 260356.5 83843.0 32440.0   4818.1  4834.8  3515.0
   142 368.378  -0.004 368.374  1200093.2 282402.9 136213.1 39707.1   9726.4  1232.7  6692.7
   143 438.958  -0.002 438.955  1090662.9 324282.7 145288.2 23271.0   7290.9  1237.5  5300.8
   144  57.443  -0.000  57.443  1046021.3 290887.9 139729.5 25812.7   5010.7  2094.8  3731.6
   145 204.621  -0.001 204.620  1139123.1 290060.1 113744.7 38865.1   6563.1  1802.8  4849.2
   146 118.042  -0.001 118.041  1127311.0 325779.8 185155.4 30381.5   6449.0  2011.1  4471.2
   147 188.349  -0.001 188.349  1124208.0 267639.8 144150.0 35254.2   8303.7  2217.3  5135.3
   148 -1090.739   0.116 -1090.623   686960.5 228971.8 107812.3 -2386.6   2176.7  4918.7   914.8
   149 -17.787  -0.045 -17.832   634037.8 325849.0 58500.7 30006.6   1913.9  9573.5  2202.0
   150 876.899  -0.011 876.888  1136309.1 283757.1 72287.7 38287.8   4988.8  2426.0  4411.3

         Carbon flux (ktC/yr)        Water (dam3/yr)                Nitrogen (MgN/yr)
       ----------------------- -------------------------- --------------------------------
Spinup NEP     estab   NBP     transp     evap    interc  nuptake ndemand  nlosses ninflux
------ ------- ------- ------- ---------- ------- ------- ------- -------- ------- -------
   151 -253.435   0.003 -253.432   843260.4 377792.1 84711.2 20020.8   3176.6  4575.3  2331.8
   152 382.233  -0.004 382.229   951912.4 253420.2 82117.4 39936.0   5718.8  3098.7  4240.8
   153 -307.880  -0.001 -307.881   917195.3 241629.1 113001.2 24660.9   4031.0  3648.7  3045.2
   154 -614.901   0.029 -614.871   702536.0 217203.7 72382.3 16480.2   3470.8  5022.0  1890.2
   155 -64.154  -0.012 -64.166   736073.7 295467.7 66561.4 36226.1   4856.1  3353.5  3439.7
   156 311.030  -0.004 311.026   969968.8 293041.5 90064.1 33487.9   6382.4  2108.7  4249.1
   157 327.833  -0.004 327.830  1012856.3 233139.3 83586.4 27148.9   5959.9  2097.5  4176.8
   158 165.065  -0.001 165.063   982185.4 268554.3 134246.9 25645.3   3611.0  5034.7  2893.1
   159 116.604  -0.002 116.602  1149458.2 305378.8 148742.2 35855.1   4376.4  3114.2  3339.6
   160 318.280  -0.002 318.278  1146716.6 293031.2 139933.5 33737.1   5900.5  2275.2  4487.9
   161 403.185  -0.002 403.183  1289288.5 301411.2 163385.0 36161.3   6612.9  1973.0  5350.6
   162 -56.664   0.002 -56.662  1134287.7 277542.0 172183.7 22350.0   2941.1  3005.9  2577.8
   163 -336.811   0.007 -336.804   855580.7 303285.0 131228.7 27458.2   4747.1  3808.4  2947.1
   164 -52.731  -0.002 -52.733   979151.0 226503.9 113489.6 32169.3   7210.4  2488.4  3949.7
   165 -862.433   0.084 -862.349   564608.9 250713.1 52493.4  2510.3   3018.7  6626.5  1503.9
   166 349.558  -0.037 349.521   703254.1 303965.1 45872.2 39589.5   3719.7  3174.8  2926.3
   167 -46.337   0.000 -46.336   841634.3 275340.9 57502.8 14865.4   3332.4  5240.6  2687.1
   168 -463.252   0.003 -463.249   683698.1 224832.9 49713.0 20184.5   2502.5  5180.6  1714.5
   169 -179.057  -0.001 -179.057   773071.8 242452.5 43946.9 25820.9   2072.4  6199.4  2112.6
   170 -188.076   0.001 -188.075   774341.3 264760.3 54932.3 26604.5   3020.2  5487.7  2745.5
   171 -84.547  -0.001 -84.548   788254.1 322516.4 60450.5 33875.6   5634.1  2229.0  4071.0
   172 344.366  -0.005 344.361   966914.8 338555.0 71289.4 36610.6   8447.2  1561.6  6022.7
   173 449.049  -0.005 449.043  1101498.8 291455.9 115431.6 31291.9   5904.4  1866.5  4576.8
   174 340.890  -0.003 340.887  1118440.9 276110.8 113793.0 28805.0   6436.2  1962.2  5255.0
   175 -1187.979   0.082 -1187.897   557036.9 456332.1 58488.3 20751.5   2871.6  5109.0  1842.9

         Carbon flux (ktC/yr)        Water (dam3/yr)                Nitrogen (MgN/yr)
       ----------------------- -------------------------- --------------------------------
Spinup NEP     estab   NBP     transp     evap    interc  nuptake ndemand  nlosses ninflux
------ ------- ------- ------- ---------- ------- ------- ------- -------- ------- -------
   176 1253.992  -0.039 1253.953   914338.2 358795.6 35339.0 43740.8   4566.6  3469.6  4156.3
   177 662.641  -0.006 662.635  1031798.8 369313.9 86910.8 22034.3   4959.1  2509.5  4548.5
   178 401.124  -0.004 401.120  1136275.9 304660.2 99083.1 33379.5   5506.6  2385.2  5726.9
   179 -30.717  -0.000 -30.717   979952.1 279937.1 114753.9 24409.5   3776.0  3637.4  3292.2
   180 -36.259  -0.001 -36.259   951388.0 311507.1 87266.9 33228.0   5745.0  2652.8  4323.9
   181 -53.224   0.001 -53.223  1041307.6 318734.6 139274.5 30482.3   5783.5  2856.1  3923.3
   182 314.377  -0.003 314.374  1150569.9 351586.6 134107.7 31488.4   8625.7  1823.1  6136.4
   183 -284.793   0.005 -284.788   953101.4 272424.4 98434.4 16064.8   4694.6  4304.0  2861.9
   184 -418.973   0.005 -418.969   789904.4 209370.2 96967.6 21054.5   3287.1  4378.8  2428.5
   185  69.409  -0.002  69.407   969875.3 342021.1 109291.6 30701.6   5526.1  2388.4  3910.4
   186 261.221  -0.003 261.218  1162998.2 357794.6 125341.0 33149.6   9103.4  1914.2  6309.2
   187 286.906  -0.002 286.904  1169199.4 321842.1 102591.8 27724.5   7324.5  2221.2  5400.0
   188 -467.490   0.003 -467.487   930342.5 222195.5 102033.1 12455.0   5052.4  3940.0  2558.8
   189 -231.501   0.002 -231.499   808140.8 307772.2 91510.0 21764.5   2469.6  6581.3  2726.3
   190  19.692  -0.001  19.691   995720.5 301596.8 114288.2 34915.0   6563.3  1912.0  4201.1
   191  91.311  -0.001  91.310   957549.7 225226.9 94565.0 30265.2   8670.4  1287.9  5344.2
   192 -141.458   0.000 -141.458   980311.4 272008.3 131609.9 23610.5   3817.2  2819.4  3298.8
   193 -348.157   0.003 -348.154   845726.3 246602.7 84595.5 22891.8   5855.7  2139.0  3035.1
   194 -743.461   0.076 -743.384   589787.9 217591.6 62130.5  8854.4   1639.4  6287.9  1154.2
   195 -112.186  -0.032 -112.217   644212.1 271037.0 39790.9 27660.5   1742.6  7869.6  2134.6
   196 570.487  -0.006 570.481  1126099.2 327994.1 80917.9 39280.4   6459.5  2035.2  5545.3
   197 205.436  -0.004 205.432   959578.4 235059.5 70305.0 20784.3   5254.6  2445.8  3630.8
   198 -823.250   0.076 -823.174   508150.9 256395.0 35291.0  7297.2   2057.6  7236.3  1405.5
   199 350.521  -0.035 350.486   751715.4 329066.1 44949.8 34024.4   2061.7  5450.1  2142.9
   200 928.001  -0.008 927.993  1165681.6 325516.7 73191.8 38912.6   4838.9  2567.0  4802.7

         Carbon flux (ktC/yr)        Water (dam3/yr)                Nitrogen (MgN/yr)
       ----------------------- -------------------------- --------------------------------
Spinup NEP     estab   NBP     transp     evap    interc  nuptake ndemand  nlosses ninflux
------ ------- ------- ------- ---------- ------- ------- ------- -------- ------- -------
   201 669.562  -0.006 669.557  1134606.3 381060.4 94841.8 35731.6   4584.4  2851.7  4809.8
   202 473.907  -0.004 473.902  1335514.9 317586.4 137667.3 37201.5   5230.6  2896.4  6095.0
   203 -142.347   0.001 -142.347   983172.7 273562.4 116566.3 23406.3   5360.1  2562.9  4126.1
   204 -123.958  -0.000 -123.958   990115.2 261178.9 110887.3 32118.9   6742.0  1982.6  4491.5
   205 -476.754   0.011 -476.743   813088.9 262830.0 89648.5 18702.4   5043.0  3799.6  2834.3
   206 -73.028  -0.006 -73.034   988670.3 263063.0 109302.1 37891.0   8162.1  2042.2  5114.1
   207  41.711  -0.001  41.710   925996.7 264741.0 99733.4 18463.9   6143.4  2365.8  3880.0
   208 -73.871   0.001 -73.871   959122.2 284418.6 96376.6 27832.6   5807.8  3575.3  4069.9
   209 238.406  -0.002 238.404  1148304.6 276219.4 149093.5 37890.3   9344.3  1231.0  5795.8
   210 -186.235   0.001 -186.234   891217.8 318941.8 113318.0 17311.5   7245.9  1713.1  4087.8
   211 -27.722  -0.001 -27.723  1115544.3 281232.8 146244.8 36400.8   8274.7  1642.5  4938.4
   212 135.828  -0.001 135.827  1066811.7 311787.2 130544.1 28780.4  10672.7  1378.7  5822.9
   213 -249.079   0.004 -249.075   991970.7 305608.9 152499.8 17838.0   4523.7  3342.6  2887.2
   214 -421.106   0.012 -421.094   889346.0 412644.9 98832.2 27235.2   7628.3  1841.5  4323.7
   215 245.934  -0.005 245.929  1067407.3 360584.4 133943.6 36512.4   7772.9  2890.0  4766.9
   216  48.323   0.003  48.326   979124.1 328607.7 106282.3 23730.0   8522.9  1397.6  4876.1
   217 -244.412   0.002 -244.410   945429.9 194283.4 108709.9 19789.7   5597.7  3014.5  3233.5
   218  42.255  -0.002  42.253  1035621.3 281452.5 127664.3 35400.3   4918.6  2942.3  3660.4
   219 -172.231  -0.000 -172.231   877346.0 307495.9 88580.6 20900.5   6232.2  2290.2  3642.5
   220 -108.489  -0.002 -108.491   998543.4 251416.9 123556.7 35625.0   8625.4  1949.3  5090.2
   221 254.776  -0.002 254.774  1092099.5 228346.4 127628.2 29571.2   9091.5  1246.2  5391.0
   222  31.651  -0.000  31.650  1058077.8 257180.9 139215.1 25153.3   7361.2  1392.1  4601.8
   223 -112.003   0.001 -112.002   965902.1 288823.0 145445.4 22864.2   4537.5  3213.0  2967.5
   224 -149.608   0.001 -149.607   884789.5 214849.5 112226.2 31598.3   6054.4  2554.2  3655.1
   225 -374.655   0.003 -374.653   781989.9 312020.2 105576.6 24096.4   6092.3  2373.3  3552.6

         Carbon flux (ktC/yr)        Water (dam3/yr)                Nitrogen (MgN/yr)
       ----------------------- -------------------------- --------------------------------
Spinup NEP     estab   NBP     transp     evap    interc  nuptake ndemand  nlosses ninflux
------ ------- ------- ------- ---------- ------- ------- ------- -------- ------- -------
   226 -57.791  -0.002 -57.793  1021577.7 268622.6 115096.8 36959.8  10352.9  1541.8  5657.7
   227 -339.727   0.001 -339.726   893774.2 231534.5 94433.6 11116.7   5491.8  3813.8  2884.3
   228 -134.694   0.001 -134.693   871015.7 291844.3 109489.3 30953.4   3311.2  4939.5  3169.8
   229 -16.683  -0.000 -16.684   907565.4 261706.0 81609.5 34143.4   7454.8  1612.5  4429.9
   230  -3.271  -0.001  -3.272   986132.3 268946.3 115212.0 27117.4   4118.4  2383.0  3354.9
   231 -171.569  -0.001 -171.570   975036.7 286814.4 126386.8 29770.8   5755.3  1920.2  4140.9
   232 -339.142   0.001 -339.141   893386.0 230025.4 98013.3 16883.7   5139.5  3618.0  2778.3
   233 -306.609   0.000 -306.609   908888.5 293606.6 120788.7 31876.7   4417.2  3795.4  3108.6
   234 -154.845   0.000 -154.845   841690.8 222424.7 99058.2 29946.3   6856.9  1685.6  3967.2
   235 -446.649   0.004 -446.644   769627.6 237061.9 76663.1 16348.4   2204.6  5032.5  1871.5
   236 -768.890   0.045 -768.845   636114.3 295473.5 55647.7 10262.9   1170.1  7369.5  1430.5
   237 277.997  -0.021 277.975   795377.1 240540.7 42210.1 36625.9   3512.6  4699.0  2800.2
   238 307.726  -0.003 307.723   867824.9 239349.6 51637.1 26721.5   4790.4  3194.6  3903.1
   239 296.010  -0.003 296.006   927647.4 364680.5 78574.0 29603.0   5185.2  2903.3  4594.6
   240 361.323  -0.004 361.319  1015010.0 382993.4 94185.1 33577.9   5611.8  2288.2  5204.9
   241 276.759  -0.003 276.756  1140403.9 353368.9 119902.8 33044.9   5095.9  2984.7  4572.8
   242 -132.839   0.002 -132.837   791696.3 269985.9 51621.0 22353.7   4320.0  3370.8  2866.7
   243 -277.505   0.001 -277.504   856154.3 234631.5 94491.2 28965.7   5054.1  3574.0  3108.1
   244 -180.525  -0.002 -180.527   952884.2 288344.2 108988.2 35176.1   8623.7  1582.9  5350.2
   245 112.246  -0.001 112.244   977249.2 275246.1 122410.6 23208.0   6735.8  1680.5  4137.1
   246  94.152  -0.001  94.151   931037.7 228232.6 101178.0 31286.4   7779.4  1192.8  5133.9
   247 -328.010   0.003 -328.007   776132.8 274269.3 105660.4 21601.0   5684.3  2172.8  3509.0
   248 116.669  -0.002 116.667  1077100.4 303334.4 128161.0 35826.3   7553.7  1639.5  4995.8
   249 525.879  -0.003 525.876  1252110.5 373555.7 142514.8 32548.5   9889.6  2118.8  6934.0
   250 517.307  -0.003 517.304  1357370.3 367576.5 165285.1 30022.8   8854.1  2354.4  7177.1

         Carbon flux (ktC/yr)        Water (dam3/yr)                Nitrogen (MgN/yr)
       ----------------------- -------------------------- --------------------------------
Spinup NEP     estab   NBP     transp     evap    interc  nuptake ndemand  nlosses ninflux
------ ------- ------- ------- ---------- ------- ------- ------- -------- ------- -------
   251 217.926  -0.001 217.925  1183865.9 259792.3 129676.8 27761.5   7053.5  1864.5  5064.7
   252 -91.980   0.002 -91.978  1032526.8 326147.4 174974.1 23017.7   4204.2  3011.5  3237.2
   253 -249.162   0.002 -249.160   919036.1 303525.5 129958.5 28201.2   5658.6  2454.7  3522.9
   254 -128.061   0.001 -128.060  1001467.6 273140.8 132527.5 32529.3   6955.7  1614.0  4401.2
   255 251.247  -0.002 251.245  1204151.4 385736.8 154663.8 38826.4  11788.6  1222.0  7075.5
   256 -629.435   0.032 -629.403   830365.7 235355.6 110410.1  6008.9   4669.5  2292.2  2046.5
   257 260.965  -0.016 260.949   987593.6 380187.5 117454.1 30936.9   3550.0  3747.5  3159.6
   258  97.248  -0.001  97.247   955573.9 264474.0 83667.3 29928.3   5917.3  2256.0  4164.8
   259 -297.565   0.003 -297.563   821425.9 261494.8 93454.2 20274.7   3444.4  6412.2  2817.8
   260 -113.676  -0.001 -113.677  1030858.9 295802.3 126451.9 33707.0   6312.3  2181.9  4533.2
   261 400.451  -0.003 400.447  1317993.5 336248.8 145335.6 39062.0  10333.4  1519.1  7640.2
   262 349.100  -0.002 349.098  1198188.3 348743.0 160294.1 25513.8   8418.6  1688.4  6081.6
   263 197.461  -0.001 197.460  1141824.5 279043.1 134162.3 30444.5   7713.5  1987.5  5522.5
   264 -311.589   0.005 -311.584   940614.1 278690.3 115317.9 21121.5   4728.6  3368.7  2861.8
   265 -435.634  -0.000 -435.634   932776.7 244657.3 142716.0 26727.5   5484.7  2303.8  3567.8
   266 -469.885   0.006 -469.879   845797.9 189255.1 111761.3 20214.0   4632.6  3266.4  2824.1
   267 -179.391  -0.000 -179.392   868771.0 224115.9 93979.0 32708.5   5114.8  3289.6  3134.5
   268 -118.587  -0.000 -118.587   892974.6 290208.9 80432.0 25429.4   5728.8  2850.8  3736.3
   269  -0.488  -0.001  -0.489   937621.1 272150.4 117903.5 28859.7   5821.9  1992.1  3651.8
   270  53.369  -0.002  53.367   950458.2 260533.2 105791.3 31546.3   7783.5  1390.1  4956.1
   271 -278.348  -0.000 -278.349   925699.4 244078.9 131620.6 24327.5   5343.8  2173.5  3455.6
   272 -68.544  -0.001 -68.545   995193.5 309288.7 150656.0 30770.6   5646.8  2629.8  3581.6
   273 121.032  -0.001 121.031   995707.4 263182.2 111308.4 32929.3   8095.8  1705.7  5266.8
   274 -423.221   0.001 -423.220   910655.5 278030.1 141546.1 22562.4   5061.9  2463.6  3172.2
   275 -167.687  -0.001 -167.688   959556.5 248878.5 139297.4 36697.7   7632.3  1888.2  4709.0

         Carbon flux (ktC/yr)        Water (dam3/yr)                Nitrogen (MgN/yr)
       ----------------------- -------------------------- --------------------------------
Spinup NEP     estab   NBP     transp     evap    interc  nuptake ndemand  nlosses ninflux
------ ------- ------- ------- ---------- ------- ------- ------- -------- ------- -------
   276 412.983  -0.002 412.981  1125076.2 281712.5 168836.9 38266.9   8065.2  1422.5  5235.8
   277 -134.266   0.002 -134.264   895410.7 312578.5 142161.4 18222.2   6694.3  1691.2  4166.2
   278 -363.531   0.001 -363.530   924419.3 243745.8 146013.5 31073.3   5609.2  2459.9  3373.5
   279 -223.804   0.002 -223.802   850624.4 265501.3 119866.3 24328.7   5571.2  3023.3  3286.1
   280 349.285  -0.002 349.283  1092785.1 293479.5 155360.0 42931.8   7992.4  1802.6  5173.2
   281 -768.832   0.059 -768.773   602772.6 257888.9 53980.8   685.3   3330.6  5973.8  1618.3
   282 396.712  -0.028 396.684   836874.6 351036.4 74586.4 33903.8   3537.1  5169.0  2872.2
   283 894.133  -0.006 894.127  1192981.9 330517.1 105785.3 44561.3   5388.8  1956.5  5393.1
   284 580.619  -0.004 580.616  1195530.8 312489.5 141549.3 34590.7   5675.9  2162.8  5328.6
   285 107.283  -0.001 107.282  1104532.8 274808.9 154029.8 25104.9   5342.6  2871.8  4154.1
   286 128.285  -0.001 128.284  1065223.0 300259.4 155118.6 35349.0   4951.3  2204.9  3689.5
   287 141.162  -0.001 141.161  1167723.3 262395.5 160503.3 35475.6   6560.6  1421.9  4900.2
   288 -589.500   0.011 -589.488   874085.4 362445.5 137314.0 12847.4   3902.2  3211.4  2395.8
   289  34.852  -0.004  34.848   892100.6 241721.7 102105.8 34231.8   5079.5  3668.3  3575.7
   290 -897.606   0.061 -897.545   647518.5 287141.4 73287.8  5518.0   1110.6  6666.2  1300.9
   291 353.263  -0.029 353.234   792039.9 294053.5 48854.8 43665.1   4596.4  3416.2  3628.0
   292 273.661  -0.003 273.658   905524.1 313673.7 71252.8 21751.6   5154.4  2500.9  4021.7
   293 458.937  -0.005 458.933  1205689.2 299102.1 116772.3 38932.9   5920.7  2326.2  5977.8
   294 252.401  -0.002 252.398  1114538.5 269178.1 124503.3 28515.4   4954.4  2277.1  4257.7
   295 188.490  -0.002 188.488  1060457.6 350743.8 139884.1 33660.4   4861.6  2374.9  3878.0
   296  65.686  -0.001  65.685  1174212.1 319575.6 165737.7 30828.5   5190.0  3273.3  3928.4
   297 -404.904   0.009 -404.895   758772.8 258107.8 65318.3 19038.9   3834.0  4329.5  2072.7
   298 -908.561   0.051 -908.510   634779.7 421523.1 67540.7 19627.7   2735.9  4274.8  1802.3
   299 588.606  -0.026 588.581   844335.6 373581.3 53282.9 39052.2   4605.7  2602.9  4079.0
   300 436.682  -0.005 436.677   978207.4 286824.6 67579.9 30437.5   7348.6  2359.6  5317.5

         Carbon flux (ktC/yr)        Water (dam3/yr)                Nitrogen (MgN/yr)
       ----------------------- -------------------------- --------------------------------
Spinup NEP     estab   NBP     transp     evap    interc  nuptake ndemand  nlosses ninflux
------ ------- ------- ------- ---------- ------- ------- ------- -------- ------- -------
   301 -216.650  -0.000 -216.651   849433.2 231459.8 75842.2 20587.0   4195.1  4635.7  3109.4
   302 -153.678  -0.000 -153.678   840265.0 247331.4 75262.5 31872.6   5082.7  3294.6  3887.5
   303  45.970  -0.002  45.968   946155.9 356487.2 104792.5 30217.2   5986.0  1856.7  4451.4
   304 455.771  -0.005 455.766  1165594.9 315284.8 126548.9 41568.4   8309.2  1376.9  6406.6
   305  91.206  -0.001  91.204   997921.6 254708.4 107368.9 21240.4   5756.3  2831.3  3835.4
   306 -140.085   0.001 -140.084   908437.0 304390.8 121346.1 26551.1   6085.8  1773.6  4244.3
   307 -241.062   0.003 -241.059   965860.9 307704.9 142365.4 29591.9   4378.6  2873.9  2881.0
   308  88.479  -0.003  88.477   991018.0 258718.2 103392.9 35125.8   8075.1  1995.8  4984.8
   309 -254.846   0.002 -254.844   838898.7 290865.5 97193.3 17265.2   3819.3  6222.3  2964.2
   310 -620.751   0.013 -620.738   720237.4 239815.6 77692.7 14704.0   3934.0  5587.0  2254.8
   311   3.499  -0.005   3.493   872687.1 239868.3 66068.3 33233.9   5452.7  3009.3  3303.8
   312 308.650  -0.003 308.647  1064807.0 301974.6 112294.2 35279.6   4941.6  4055.5  4175.6
   313 -398.300   0.016 -398.284   808625.2 402440.5 83844.3 20346.6   4993.4  2236.8  3393.5
   314 -42.830  -0.007 -42.837   790354.5 292070.7 64266.9 26564.6   4342.4  4372.4  3063.9
   315 108.773  -0.002 108.771   923494.9 274424.5 70415.0 32397.4   5117.9  4684.8  3921.4
   316   4.895  -0.001   4.894   868741.7 225872.9 80930.9 26241.3   5759.7  2815.7  4006.2
   317 -194.315  -0.001 -194.315   932278.0 347454.9 117405.6 25524.1   3882.0  3451.8  2910.3
   318 224.033  -0.003 224.031  1100732.1 387635.2 126620.8 38628.1   7588.7  2302.9  5789.6
   319 416.187  -0.003 416.184  1256734.2 339749.3 142662.1 32068.5   7766.6  1886.6  5997.0
   320 158.811  -0.001 158.810  1047198.3 275843.9 114460.1 27669.2   7199.9  1869.4  5032.4
   321 -225.549   0.003 -225.545   802741.5 265690.8 111436.3 19290.6   2404.4  5448.7  2527.9
   322 290.925  -0.002 290.922  1154029.8 292681.5 152664.7 43062.1   7243.7  1506.3  5196.7
   323 208.975  -0.001 208.974  1064680.2 333534.8 149306.4 25947.5   7038.9  1777.4  4690.4
   324 -319.224   0.003 -319.221   839766.1 299590.3 121051.4 21962.2   5480.5  3003.9  3435.6
   325 -43.216  -0.001 -43.217  1051731.4 318016.8 150664.6 31430.3   6856.9  2094.3  4410.6

         Carbon flux (ktC/yr)        Water (dam3/yr)                Nitrogen (MgN/yr)
       ----------------------- -------------------------- --------------------------------
Spinup NEP     estab   NBP     transp     evap    interc  nuptake ndemand  nlosses ninflux
------ ------- ------- ------- ---------- ------- ------- ------- -------- ------- -------
   326 292.593  -0.002 292.591  1131269.9 354556.2 145277.8 31995.5   8936.0  1638.1  6128.9
   327 -331.535   0.003 -331.531   935412.1 280060.1 103912.9 17275.7   4495.2  4420.0  2709.4
   328 -430.483   0.004 -430.479   784928.1 214173.8 100598.6 19568.6   2731.7  4291.1  2131.0
   329 -307.666   0.001 -307.665   822976.4 294315.7 69502.2 23070.4   2718.7  5991.2  2452.9
   330 -630.124   0.025 -630.099   659662.1 224353.1 56852.1 18204.4   2403.1  4970.2  1669.6
   331 -127.258  -0.009 -127.267   756993.0 291023.2 43274.1 30663.0   2798.4  6356.0  2682.5
   332 209.672  -0.003 209.669   847236.4 238050.2 59544.8 35162.6   6232.2  1494.8  4416.8
   333 -917.358   0.090 -917.268   479992.1 252418.7 28813.0  -497.6   1889.4  6559.8  1396.6
   334 281.837  -0.041 281.796   699853.8 349004.4 34111.7 33313.2   2226.8  5597.0  2368.5
   335 1071.018  -0.008 1071.010  1165888.6 354218.4 55459.7 44818.9   4580.1  2472.4  5246.4
   336 763.207  -0.007 763.200  1263556.7 390084.3 84057.1 38798.3   4541.2  2862.3  5197.0
   337 283.770  -0.003 283.767  1002147.0 264971.9 69802.3 30068.7   4343.6  3123.9  3992.0
   338 -489.536   0.003 -489.534   806253.0 224313.1 86632.0 23802.1   3525.1  3819.7  2579.6
   339 -367.525   0.003 -367.522   914916.9 315409.4 107819.7 27888.8   2933.3  5323.2  2833.1
   340 199.634  -0.006 199.628  1089705.2 308678.9 102969.9 40616.7   8251.3  1819.5  6047.8
   341 740.845  -0.005 740.840  1344048.4 322590.0 140456.8 42240.0   9461.5  1449.4  7454.5
   342 -50.142   0.001 -50.141   962840.1 251146.9 120312.5 13035.9   5034.2  3280.3  3287.0
   343 -443.946   0.004 -443.942   829173.7 304908.8 123811.2 24713.5   4653.7  3143.3  3297.1
   344 -403.167   0.004 -403.163   807856.0 267092.0 96136.9 19848.0   3342.1  2933.7  2761.2
   345 244.590  -0.003 244.587  1005854.3 345677.8 110522.1 37019.2   7434.2  1692.5  5045.9
   346 -159.084   0.000 -159.083   952340.1 248628.1 98639.2 18710.9   5714.6  2483.3  3496.2
   347 -342.540   0.001 -342.539   873561.4 228306.4 84748.7 22470.8   4136.1  3484.0  2399.0
   348 -215.950   0.001 -215.949   839975.2 293262.6 73911.4 28008.1   3832.6  4718.7  2895.4
   349 -662.688   0.022 -662.666   684106.6 239984.4 69828.8 13391.4   3827.3  5380.0  2241.5
   350 343.008  -0.011 342.997   965594.8 312608.8 75728.2 43080.8   6907.0  1993.1  4887.9

         Carbon flux (ktC/yr)        Water (dam3/yr)                Nitrogen (MgN/yr)
       ----------------------- -------------------------- --------------------------------
Spinup NEP     estab   NBP     transp     evap    interc  nuptake ndemand  nlosses ninflux
------ ------- ------- ------- ---------- ------- ------- ------- -------- ------- -------
   351 259.722   0.001 259.723  1024219.5 364149.8 107508.7 21958.5   5597.6  2200.1  4074.6
   352 359.544  -0.007 359.536  1047516.1 343020.8 93299.0 27845.1   6482.0  1904.4  5577.2
   353 408.525  -0.003 408.522  1261120.7 282922.6 148376.9 35061.1   6555.6  1817.5  6119.0
   354 -108.742   0.001 -108.740   904899.3 215821.3 113786.4 20158.2   4719.5  3356.8  3270.8
   355 -350.438   0.003 -350.435   940069.0 344184.5 141595.1 21824.8   2962.8  4215.9  2592.8
   356 -237.241   0.001 -237.240   861706.7 294061.6 85089.7 31200.4   6537.8  2296.5  4166.3
   357 -162.915  -0.001 -162.915   887831.9 253571.5 101492.9 31166.5   8714.8  1555.4  4693.9
   358 -767.619   0.052 -767.567   654418.9 240703.5 72388.3  4105.8   2078.8  5729.2  1527.8
   359 351.811  -0.025 351.786   802330.1 275469.0 47586.3 37821.5   4671.3  2806.5  3385.7
   360 -206.317   0.009 -206.308   755873.8 406944.8 60998.0 19764.6   4226.5  2926.8  3105.3
   361 443.306  -0.009 443.298  1065848.7 354795.9 85682.3 38139.9   5417.1  2229.7  4707.5
   362 352.287  -0.004 352.283  1025220.6 416904.1 79729.0 29580.8   6092.3  2106.2  5351.1
   363 148.445  -0.002 148.443   997202.7 291752.9 85193.6 26225.2   4827.4  4319.7  4102.9
   364 -158.176   0.001 -158.176   877186.6 274153.2 97374.7 23042.5   4802.2  2982.0  3571.0
   365 161.000  -0.002 160.998  1000833.5 331939.4 116320.4 34476.8   6729.8  1927.8  5302.7
   366 -40.299   0.000 -40.299   922937.0 285865.2 92609.6 23032.4   4974.7  4512.7  3696.9
   367 -102.867  -0.000 -102.867   891425.2 274896.2 97700.5 26332.0   6106.2  2067.4  3996.8
   368 -138.106  -0.001 -138.107   936136.1 251868.3 95930.6 27042.9   7079.2  1731.1  4133.4
   369 -882.925   0.096 -882.829   497312.3 252549.0 42394.6  2572.3   2151.1  7028.3  1447.7
   370 569.622  -0.045 569.577   695767.9 407931.6 39681.8 44325.0   4200.3  2348.1  3843.4
   371 388.276  -0.004 388.272   868922.2 243488.9 57539.9 25737.5   5572.2  1865.4  4312.4
   372 165.987  -0.003 165.984  1019894.9 297978.3 100138.7 30137.2   4141.2  3199.1  3968.0
   373 -29.098  -0.003 -29.101  1009554.4 317727.1 97472.4 29666.3   6466.7  2262.8  5385.6
   374 151.159  -0.002 151.157  1016828.5 280196.0 122511.5 27180.1   5299.6  3460.5  4057.7
   375 187.243  -0.002 187.241  1013981.6 310409.2 112688.5 33323.1   6202.0  1706.2  5096.9

         Carbon flux (ktC/yr)        Water (dam3/yr)                Nitrogen (MgN/yr)
       ----------------------- -------------------------- --------------------------------
Spinup NEP     estab   NBP     transp     evap    interc  nuptake ndemand  nlosses ninflux
------ ------- ------- ------- ---------- ------- ------- ------- -------- ------- -------
   376 143.030  -0.002 143.028  1066325.1 219273.8 127553.8 31086.4   6388.0  1526.7  4500.8
   377 -82.025   0.001 -82.024   962361.5 274376.9 127188.9 22245.3   3379.3  3220.8  2925.3
   378 162.339  -0.002 162.337  1104176.0 319496.1 128528.9 41705.6   9087.5  1656.3  6133.7
   379 284.194  -0.002 284.193  1226687.3 243741.7 172973.2 31250.5   7645.4  1670.8  5172.3
   380 -302.945   0.006 -302.939   847387.1 269844.3 127945.2 15420.4   6056.1  2539.6  3470.9
   381 234.287  -0.003 234.283  1163517.4 353648.1 151349.7 29819.2   7583.1  2306.2  5803.8
   382 257.483  -0.002 257.481  1146237.1 275441.2 123685.5 33033.7   7807.4  2091.4  5448.3
   383 -275.283   0.003 -275.280   860336.7 294479.4 127041.2 20318.0   5803.0  2845.0  3490.3
   384 -183.033  -0.001 -183.034  1036785.4 247495.2 136720.3 30301.5   7918.1  2033.1  5010.1
   385 -224.716  -0.000 -224.716  1001089.1 232769.1 143950.4 26768.5   7181.0  2214.7  4326.1
   386 -815.514   0.077 -815.437   689247.9 212930.1 85551.3  6113.6   3483.8  3835.1  1638.8
   387 186.271  -0.034 186.238   821824.2 334618.9 66693.9 36041.9   1983.1  7471.3  2476.4
   388 521.597  -0.005 521.592  1090043.5 308218.3 94995.0 31391.4   4462.2  2635.0  3669.1
   389 520.765  -0.004 520.760  1094788.5 353180.5 116808.8 33638.6   4371.3  3053.9  3664.5
   390 243.863  -0.000 243.863  1138098.6 360468.7 150736.7 29543.6   4081.1  3805.0  3162.4
   391 349.090  -0.003 349.086  1189789.9 347329.4 152280.0 33692.8   5944.9  3062.5  5257.7
   392 -535.276   0.020 -535.255   896510.2 258889.6 133505.4 19519.8   4112.9  3919.1  2202.6
   393 -187.049  -0.007 -187.055   827976.6 261823.3 88672.7 22278.9   3253.3  6790.1  2614.3
   394 340.896  -0.003 340.893  1145120.5 281442.6 139942.5 48274.3   7794.6  1874.4  5227.1
   395 491.714  -0.003 491.710  1285744.1 283631.2 162721.3 30709.0   8173.7  1524.3  5705.7
   396 112.864  -0.001 112.864  1111706.8 325266.3 167845.2 22692.1   6120.1  2338.1  3862.0
   397 -979.785   0.111 -979.674   738121.1 233451.5 101774.1  6459.9   2060.1  5985.9   952.1
   398 -116.655  -0.035 -116.690   717871.1 402874.6 67468.3 28172.0   1598.2  8832.1  1768.7
   399 881.782  -0.012 881.771  1161800.5 326709.0 93420.7 37473.9   5296.9  2722.5  4372.5
   400 821.139  -0.005 821.134  1280995.3 348829.2 126095.5 32664.4   4638.4  3503.0  4336.0

         Carbon flux (ktC/yr)        Water (dam3/yr)                Nitrogen (MgN/yr)
       ----------------------- -------------------------- --------------------------------
Spinup NEP     estab   NBP     transp     evap    interc  nuptake ndemand  nlosses ninflux
------ ------- ------- ------- ---------- ------- ------- ------- -------- ------- -------
   401 474.464  -0.004 474.460  1275435.1 354935.2 146645.8 30273.0   4968.8  3581.6  5074.6
   402 -659.749   0.040 -659.709   912157.6 203212.0 126451.2 11446.3   2871.8  5737.9  1656.1
   403 218.822  -0.020 218.802   996791.4 325239.8 103154.5 31918.6   2136.3  4037.0  2054.7
   404 163.143  -0.002 163.140  1045445.8 291891.4 98467.5 32606.8   5348.1  2672.4  3790.1
   405 -301.365   0.003 -301.363   811488.5 269125.3 100285.9 20669.6   4680.9  3726.2  3063.3
   406 -636.117   0.037 -636.081   631914.8 255058.5 42787.5 13591.3   3755.1  5528.6  1927.4
   407 269.449  -0.018 269.431   813015.1 346654.2 61433.6 36557.2   5871.5  2225.2  4296.8
   408 -26.394  -0.001 -26.395   881455.1 225916.2 69788.8 20138.4   5233.5  3851.6  3329.8
   409 -11.821  -0.001 -11.822   884491.8 299634.9 73046.6 25525.0   4672.8  3261.4  3533.0
   410 243.700  -0.003 243.697  1104434.1 304551.7 101250.1 36562.0   6279.8  1498.7  5010.5
   411 175.510  -0.002 175.508  1114752.5 294058.2 115639.5 25225.2   4278.1  1953.2  3508.3
   412 -390.092   0.008 -390.084   886556.6 215620.1 100916.2 15070.2   2336.1  4947.8  2026.7
   413   1.618  -0.003   1.616   871456.5 278476.4 82847.0 34660.5   4472.8  2759.2  3322.2
   414 -123.081  -0.001 -123.082   914911.3 371352.7 87766.6 28455.5   6526.6  1804.5  3927.8
   415 -140.649   0.000 -140.649   947314.6 205301.0 93019.2 21383.3   4753.6  4021.4  2907.5
   416 109.367  -0.001 109.366   968681.8 244250.5 101171.5 32535.9   3691.1  3001.8  3070.6
   417 392.159  -0.003 392.156  1078908.0 333628.9 98941.3 32540.1   7456.8  1657.1  5204.3
   418 -533.837   0.033 -533.804   769394.2 243805.7 85897.0  6314.7   3910.7  6170.7  2232.4
   419 375.733  -0.017 375.716  1017203.7 299780.8 93926.1 34643.2   4512.4  2947.1  3416.3
   420 -578.046   0.042 -578.004   727501.7 243848.9 63448.1  7994.5   1613.9  4615.6  1261.0
   421 522.016  -0.018 521.998   969632.4 389989.4 77195.7 35245.8   2965.2  3796.5  3154.2
   422 629.060  -0.005 629.055  1173031.5 321907.6 67231.8 32460.5   5321.9  2489.1  5255.4
   423 -74.276  -0.000 -74.276  1042235.6 308669.2 128518.1 22567.9   4184.5  3212.6  3195.2
   424 -28.766  -0.003 -28.769  1157227.3 312237.5 117059.1 35033.8   7084.6  2682.9  6123.6
   425 297.548  -0.002 297.546  1281658.0 257932.3 153347.5 34312.6   7661.8  1731.7  6121.1

         Carbon flux (ktC/yr)        Water (dam3/yr)                Nitrogen (MgN/yr)
       ----------------------- -------------------------- --------------------------------
Spinup NEP     estab   NBP     transp     evap    interc  nuptake ndemand  nlosses ninflux
------ ------- ------- ------- ---------- ------- ------- ------- -------- ------- -------
   426 117.108  -0.001 117.107  1141147.2 210988.8 139012.5 25505.4   7153.6  1429.0  4737.8
   427 -736.077   0.064 -736.013   822543.2 242641.7 108314.3 13732.1   4491.8  2806.5  1981.4
   428 -719.835   0.057 -719.778   554782.6 270610.3 47971.3  6159.2    844.5  9140.9  1319.7
   429 811.537  -0.044 811.492   854277.9 441145.5 51813.4 46376.8   4421.3  3225.6  4215.2
   430 741.142  -0.006 741.136  1139977.7 303769.9 90347.9 25351.0   5069.4  2699.4  4244.9
   431 -140.097   0.001 -140.096   908815.4 297722.8 90152.5 14552.5   2491.1  4845.9  2640.2
   432 -265.631   0.002 -265.629   888795.2 193093.9 86424.9 24959.7   3829.9  4553.3  2754.4
   433 -629.284   0.048 -629.235   572320.0 245437.3 35636.4 16493.1   2841.9  5928.8  1610.1
   434  60.818  -0.021  60.797   737918.9 241884.5 44437.2 32377.6   3305.4  4242.6  2801.6
   435 436.651  -0.006 436.645  1004614.9 287910.8 64251.2 34009.2   6949.5  1819.4  5272.2
   436  56.593  -0.002  56.591   927406.3 234959.2 68806.1 18776.6   5049.9  3086.8  3225.4
   437 -244.464   0.002 -244.462   808717.5 314710.9 76734.8 19210.3   2357.9  5331.2  2511.2
   438 -27.239  -0.001 -27.240   902775.6 234164.0 73279.7 32695.7   5344.4  3206.7  3714.1
   439   4.320  -0.003   4.317   992952.8 283730.0 92678.3 32068.7   7040.0  1833.9  5076.3
   440  91.645  -0.002  91.643   942857.2 307726.4 95791.2 24068.7   7302.5  1713.8  4960.6
   441 228.761  -0.002 228.759  1191836.9 255311.4 137495.2 33145.0   6638.4  1579.7  5212.6
   442 -20.566   0.001 -20.565   936578.4 260689.8 99421.3 17844.3   4331.2  2762.2  3166.6
   443 -183.284  -0.001 -183.285  1034504.4 269089.0 124590.4 34331.6   7839.9  1691.1  5020.6
   444 -132.700   0.001 -132.699   946515.7 209446.2 105850.4 21907.5   6507.5  3124.5  3382.8
   445  79.167  -0.001  79.167  1011829.7 319699.8 129025.7 31956.2   8097.4  1548.4  4818.1
   446 -227.169   0.005 -227.163   919525.5 275424.8 89338.6 18952.3   5410.3  3046.4  3249.2
   447 -335.118   0.001 -335.117   795958.7 210037.7 92255.8 21491.3   3959.2  3536.6  2702.8
   448 -266.302   0.004 -266.299   787868.8 303182.4 80686.3 21275.0   2967.4  3725.9  2743.9
   449 -57.022  -0.001 -57.023   835173.5 227628.1 73082.1 30432.4   6126.9  2715.2  3950.7
   450 135.675  -0.003 135.672   974041.9 353696.9 104413.3 31253.7   6934.7  1615.1  4514.2

         Carbon flux (ktC/yr)        Water (dam3/yr)                Nitrogen (MgN/yr)
       ----------------------- -------------------------- --------------------------------
Spinup NEP     estab   NBP     transp     evap    interc  nuptake ndemand  nlosses ninflux
------ ------- ------- ------- ---------- ------- ------- ------- -------- ------- -------
   451 -412.589   0.013 -412.575   672291.8 252464.0 46311.8 11506.4   3848.7  4522.8  1982.1
   452 425.546  -0.007 425.539   962052.9 359519.4 89038.3 29582.3   4558.1  2319.1  4003.2
   453 -180.988   0.001 -180.987   802633.7 252326.8 63067.3 22235.3   3997.6  2658.2  2218.9
   454 -330.702   0.002 -330.700   769967.4 241659.6 58256.3 24016.4   2545.1  5741.9  2405.7
   455 -11.893  -0.002 -11.895   967272.5 318141.4 88515.0 35645.1   5263.0  2952.4  4019.5
   456 -533.763   0.006 -533.757   732353.4 277640.4 66837.7 10480.5   3943.3  4340.3  2366.9
   457  35.663  -0.002  35.661   881176.9 206393.7 64174.4 25377.0   4189.1  3752.4  3206.8
   458  83.143  -0.002  83.141   908512.1 271306.5 60794.8 29396.9   4408.0  2532.0  3557.2
   459 -21.697  -0.001 -21.698   859949.3 275789.0 77706.3 23241.8   3970.1  3071.5  3122.0
   460 346.166  -0.004 346.162  1105213.5 365332.7 108681.3 38937.7   6639.2  2628.4  5833.9
   461 529.038  -0.004 529.035  1206716.7 317403.1 113629.4 31263.9   7221.1  1897.5  6306.4
   462 381.353  -0.002 381.350  1128231.2 330567.4 115386.4 26114.5   6213.2  1767.1  5391.5
   463 100.826  -0.001 100.825  1137151.6 228909.9 143839.9 28889.9   6777.8  1647.3  5090.3
   464 -396.100   0.011 -396.089   828589.6 313183.6 122709.6 21116.0   5602.6  3182.4  3525.4
   465  36.665  -0.004  36.660   990264.4 288403.6 131366.0 26469.3   6592.8  2298.4  4396.8
   466 266.474  -0.002 266.472  1197486.6 350470.6 143747.7 32820.1   8558.3  1475.0  6287.5
   467  17.811  -0.000  17.810  1015822.2 308465.0 101106.2 23343.6   7574.0  1686.7  4720.3
   468 -105.155   0.001 -105.154   946114.4 262008.6 115674.7 23997.0   6273.7  2063.3  3910.2
   469 -145.655   0.001 -145.654   942041.1 290945.2 113810.7 26185.6   7341.7  1465.0  4333.1
   470 150.496  -0.002 150.494  1243399.0 296522.8 157866.4 33524.5  11239.5  1157.6  6893.4
   471 -216.990   0.004 -216.986   910332.4 212101.1 113265.7 19500.1   8951.7  1174.4  4522.5
   472 -89.630  -0.001 -89.631   925686.8 267402.0 140508.6 24987.8   5776.4  2441.2  3805.2
   473 -89.132  -0.000 -89.132   934442.4 300311.7 111330.3 27248.0   6170.0  1362.6  4071.7
   474 147.803  -0.002 147.802  1090424.5 241377.5 126503.4 31797.9  10285.3  1221.8  6026.3
   475 -531.038   0.010 -531.028   866313.8 259350.0 98889.6  9853.2   4790.2  3241.5  2572.5

         Carbon flux (ktC/yr)        Water (dam3/yr)                Nitrogen (MgN/yr)
       ----------------------- -------------------------- --------------------------------
Spinup NEP     estab   NBP     transp     evap    interc  nuptake ndemand  nlosses ninflux
------ ------- ------- ------- ---------- ------- ------- ------- -------- ------- -------
   476 -110.663  -0.003 -110.667   941770.7 343367.1 119341.5 28415.1   3629.3  4951.0  3460.7
   477 260.647  -0.003 260.644  1189180.9 329733.4 140273.8 40887.8  10335.3  1422.6  7347.9
   478 -22.291  -0.001 -22.292   981350.0 285188.7 114430.2 23059.7   8257.1  1303.1  4821.2
   479 -442.641   0.009 -442.632   769781.9 213615.4 105698.6 15159.2   2806.2  4002.2  2116.7
   480 194.472  -0.004 194.468  1108140.7 309106.1 122225.5 35730.6   4547.0  3516.7  4761.7
   481 -63.118  -0.000 -63.118   948637.3 264575.2 85878.5 21838.0   5012.8  2631.0  3472.4
   482 -191.056   0.001 -191.055   973791.5 310855.1 134224.8 28859.7   4922.4  2723.3  3347.1
   483   8.063  -0.003   8.060  1118080.1 321875.2 123583.0 36364.8   9442.5  1576.2  6488.8
   484 -326.976   0.002 -326.974   913458.2 230817.9 99776.0 14032.0   5473.4  3346.3  2899.1
   485 -252.736   0.002 -252.734   792117.4 315061.8 97082.3 25477.1   2702.9  5874.7  2869.6
   486  34.024  -0.001  34.023  1014405.3 289303.7 126161.5 35931.9   7431.0  2203.1  4855.3
   487 522.205  -0.003 522.201  1193560.6 303821.4 151497.4 39250.4   8505.8  1312.6  6081.0
   488 325.055  -0.002 325.053  1096730.5 343250.6 152505.4 23969.2   7690.8  1673.6  5435.5
   489 185.418  -0.001 185.417  1232362.1 277607.6 184389.4 32718.0   7129.4  1648.7  5437.6
   490 -176.161   0.001 -176.160  1076591.0 263422.9 184747.2 23096.6   5105.7  2213.7  3598.8
   491 191.269  -0.001 191.268  1219987.6 296339.1 193160.7 41323.4  10814.5  1475.0  6784.4
   492 -102.933   0.001 -102.932  1107761.4 294868.7 172258.8 23615.6   7506.7  1359.7  4331.6
   493 -242.070   0.003 -242.067   869592.4 302406.9 127870.3 21528.5   3319.1  2670.3  2963.0
   494 -759.748   0.049 -759.699   620410.6 257971.7 55289.4 10772.0   3852.9  5133.0  1790.6
   495  89.579  -0.022  89.557   808211.1 336575.2 77801.7 34328.6   4497.9  2916.2  3087.4
   496 268.881  -0.003 268.878   950091.1 300632.1 80656.5 30350.6   7618.6  1510.9  5482.2
   497 409.938  -0.004 409.934  1255762.9 299977.7 129893.9 33531.2   8765.7  1350.3  7209.2
   498  31.115  -0.000  31.115  1058866.1 317284.9 148869.9 21506.1   5684.9  2305.9  4286.9
   499 196.967  -0.003 196.964  1322048.5 321229.6 163953.7 37263.2   8528.8  1736.9  7546.6
   500 223.957  -0.002 223.955  1283014.1 265100.8 176757.4 33276.9   8637.2  1208.5  6597.5

         Carbon flux (ktC/yr)        Water (dam3/yr)                Nitrogen (MgN/yr)
       ----------------------- -------------------------- --------------------------------
Spinup NEP     estab   NBP     transp     evap    interc  nuptake ndemand  nlosses ninflux
------ ------- ------- ------- ---------- ------- ------- ------- -------- ------- -------
   501  56.913  -0.000  56.913  1091850.9 260401.7 171433.5 23256.5   6695.5  2071.1  4358.4
   502  91.738  -0.000  91.738  1086876.4 336441.3 168399.3 33002.5   7725.8  1153.9  5274.0
   503 -290.430   0.002 -290.427  1035063.0 321346.9 178850.0 23733.2   5721.3  2108.8  3323.5
   504 -139.134  -0.000 -139.134  1052381.1 280681.7 113149.1 31265.4   9093.5  1177.9  5032.0
   505 -294.900   0.004 -294.895   875262.7 251526.1 114840.6 21228.5   5559.0  4098.7  3598.5
   506 -120.956  -0.001 -120.958  1046309.5 266142.7 139358.0 31598.0   8566.7  1211.0  4878.9
   507 190.995  -0.002 190.993  1118041.3 288923.4 165715.7 33849.6   7340.2  1612.1  4935.3
   508 -867.666   0.065 -867.600   734639.0 239250.0 95193.4  2291.1   2694.7  3299.6  1218.3
   509 -969.659   0.082 -969.576   412381.7 270448.2 25266.0  3054.2   1118.6 10504.8  1259.7
   510 641.326  -0.055 641.270   728798.1 430219.7 30405.9 49075.8   2676.9  4412.5  2541.6
   511 896.233  -0.007 896.226  1076210.1 377114.0 70633.5 31828.4   4766.9  2686.2  5099.0
   512 378.418  -0.005 378.414  1063145.7 387849.8 89828.1 32204.4   4762.7  2589.7  5416.8
   513 -44.171  -0.002 -44.173   948146.1 259696.3 82482.2 27470.1   4316.4  3568.4  3246.8
   514 -854.446   0.044 -854.403   664464.5 416670.2 72706.5 22420.6   2869.3  4354.0  2115.1
   515 466.923  -0.024 466.900  1005834.1 393343.9 82733.2 44109.5   4990.4  2636.3  4434.7
   516 764.987  -0.006 764.981  1276312.1 387535.4 106608.5 35434.7   8046.5  3093.1  6968.1
   517 489.804  -0.004 489.800  1223799.9 309102.4 118037.2 30381.5   5998.7  2512.8  5925.3
   518 297.142  -0.002 297.140  1154567.1 270127.2 112469.3 34148.7   5594.1  2559.6  5171.4
   519 -947.529   0.064 -947.465   690679.5 282493.8 88524.1  5541.6   1982.6  7072.1  1554.1
   520 593.918  -0.029 593.888   920711.7 406371.9 76225.0 40976.5   3769.8  3473.1  3554.0
   521 674.941  -0.006 674.935  1154871.4 369450.9 103599.1 31927.9   5523.5  2860.5  5381.6
   522 -173.328   0.001 -173.326   891939.4 306635.1 103754.6 22374.9   4708.3  3080.9  3505.3
   523 -180.512   0.000 -180.512   952262.0 269232.3 91702.0 32991.1   6143.2  3529.7  4255.4
   524 -255.261  -0.002 -255.263  1004773.4 249824.8 121244.9 31123.6   9229.1  1456.3  5256.9
   525 -129.336   0.001 -129.335   893408.3 312958.6 111247.3 23509.3   8048.7  1612.3  4665.3

         Carbon flux (ktC/yr)        Water (dam3/yr)                Nitrogen (MgN/yr)
       ----------------------- -------------------------- --------------------------------
Spinup NEP     estab   NBP     transp     evap    interc  nuptake ndemand  nlosses ninflux
------ ------- ------- ------- ---------- ------- ------- ------- -------- ------- -------
   526 148.562  -0.002 148.560  1100393.0 338930.0 143129.4 32104.6   7460.9  2151.9  5036.8
   527 377.264  -0.003 377.262  1198099.0 303423.3 134922.4 32583.8   8380.5  1694.3  5911.7
   528 354.901  -0.002 354.899  1155879.9 302077.5 129167.5 27702.7   7238.1  1656.7  5287.8
   529 -570.937   0.014 -570.924   964582.3 242307.1 121539.7 11802.0   4691.0  3880.0  2177.7
   530 -876.860   0.078 -876.781   623149.9 297450.3 70063.6  6129.7    874.2  9717.4  1306.1
   531 800.658  -0.042 800.616   991715.9 392164.3 69835.3 50942.1   4304.3  2796.5  4252.4
   532 732.307  -0.005 732.301  1118496.6 282066.3 100377.5 23475.5   5094.8  3326.7  3991.5
   533 100.176  -0.001 100.175  1031415.6 266163.1 93876.1 25326.3   4155.4  5009.2  3646.0
   534 -232.154   0.001 -232.152  1021612.5 314228.5 143640.4 29254.7   5265.2  2810.2  3736.8
   535  98.392  -0.001  98.391  1148303.5 371150.2 144582.5 37399.8   7586.4  2194.4  5419.4
   536 421.047  -0.000 421.047  1231281.9 361160.6 145696.0 29130.1   8842.1  1277.0  6252.9
   537 -74.164   0.002 -74.162  1011930.0 300674.2 113285.8 21489.6   5161.7  4025.5  3578.1
   538 -402.772   0.003 -402.769   836849.5 273884.0 113687.8 25976.2   6419.7  2409.7  3769.0
   539 177.051  -0.003 177.047  1094703.5 357859.8 130090.0 37375.2  10368.8  1270.4  5827.3
   540   0.654  -0.001   0.652   990086.2 297035.9 117901.1 16903.5   5243.1  2065.7  3426.3
   541 -270.442   0.002 -270.440   924858.0 216697.4 112919.6 24574.3   5213.3  4041.6  3011.1
   542 -233.802   0.003 -233.799   997120.6 321556.9 141625.7 31368.6   5673.9  2419.5  3490.1
   543  -7.131  -0.001  -7.132   996399.2 271530.6 100175.9 30582.9  10669.7  1094.5  5825.0
   544 -388.972   0.009 -388.963   839147.4 259408.1 85261.6 17049.4   3128.9  4118.5  2416.8
   545  75.491  -0.005  75.486   956064.0 284299.9 117938.8 31569.2   6053.8  2449.0  4029.2
   546  89.134  -0.002  89.132   962725.3 303343.5 100345.4 25161.1   5069.0  1797.1  3752.7
   547 -144.471   0.001 -144.470   868999.1 287240.9 102686.9 26429.7   6077.1  2363.8  4038.9
   548 111.139  -0.002 111.137  1107769.8 276183.4 126202.6 39303.7   8178.0  1410.1  5298.7
   549 -51.703   0.001 -51.703   916873.0 301255.7 105486.6 16956.3   3282.4  2817.5  3038.5
   550 -220.995   0.000 -220.995   947525.9 249484.8 100729.2 28710.0   6262.4  2276.9  3642.9

         Carbon flux (ktC/yr)        Water (dam3/yr)                Nitrogen (MgN/yr)
       ----------------------- -------------------------- --------------------------------
Spinup NEP     estab   NBP     transp     evap    interc  nuptake ndemand  nlosses ninflux
------ ------- ------- ------- ---------- ------- ------- ------- -------- ------- -------
   551 -419.513   0.003 -419.509   857283.9 250267.4 97379.1 20640.6   2850.6  6364.0  2514.0
   552 -34.133  -0.001 -34.135   887653.8 311082.5 101382.7 34425.5   7845.0  1423.0  4914.0
   553  65.129  -0.001  65.127  1018037.3 266184.6 118088.7 27357.1   5872.2  2005.8  3960.1
   554 -87.641   0.001 -87.640   911857.6 291434.1 94735.0 22565.7   4288.3  5305.8  3287.4
   555  77.154  -0.001  77.152  1011838.8 279342.0 130916.2 34715.2   6747.9  2375.5  4470.9
   556  92.651  -0.001  92.650   972687.1 298874.3 110861.3 24879.1   4975.7  1727.1  3603.1
   557 -335.310   0.002 -335.309   918281.9 232411.5 104808.2 19375.8   4836.9  3285.1  2656.2
   558 135.816  -0.001 135.815  1063647.4 293173.4 140429.4 41165.2   4730.7  4904.1  3873.6
   559 -133.491   0.000 -133.490  1029948.4 347868.0 152160.3 23911.4   5651.1  2382.4  3583.2
   560 -275.292   0.002 -275.290   868949.6 248322.6 92481.2 23827.7   6473.9  1859.2  3539.8
   561  53.022  -0.001  53.021  1032244.2 344151.3 137301.1 35530.8   5748.2  2444.9  4295.7
   562 518.347  -0.003 518.343  1391035.6 334091.0 155031.8 40302.5  11288.8  1430.3  7943.9
   563 -100.173   0.002 -100.172   926525.2 216228.1 122576.8 14943.6   5776.2  2953.3  3567.5
   564 -547.104   0.007 -547.097   837869.8 249784.3 102688.0 15513.8   2103.2  7843.0  2261.4
   565 -128.518  -0.000 -128.519   863818.0 286391.1 77663.6 24489.3   4250.9  5961.8  3383.5
   566 -144.977  -0.002 -144.979   970062.9 277690.4 103511.4 35946.7   8017.2  2029.6  5676.2
   567 -89.784  -0.001 -89.785   889657.9 256396.3 99424.4 25048.8   7006.1  1649.1  4229.3
   568 172.633  -0.002 172.631  1050356.6 343583.3 136449.4 32477.6   6263.3  2071.2  4702.5
   569  66.356  -0.000  66.356   948443.6 257888.9 89986.1 27335.3   6300.3  2112.4  4028.1
   570 -248.470   0.003 -248.467   818546.6 258519.7 95462.1 22255.5   3106.4  7664.6  2690.7
   571 -143.384   0.001 -143.383   894019.2 264658.8 88340.3 28380.7   5742.2  4254.0  3995.9
   572 157.323  -0.003 157.320  1025608.7 365604.8 125542.1 37603.6   9437.4  1389.0  5880.1
   573 164.787  -0.001 164.785   959122.8 274676.6 104648.5 26858.7   8192.1  1248.4  5015.0
   574 -355.268   0.002 -355.266   811735.8 309007.3 118715.9 18481.2   4633.1  2006.4  3238.1
   575 116.999  -0.001 116.998   979592.3 321467.9 129632.6 29905.8   5420.1  1864.6  3873.2

         Carbon flux (ktC/yr)        Water (dam3/yr)                Nitrogen (MgN/yr)
       ----------------------- -------------------------- --------------------------------
Spinup NEP     estab   NBP     transp     evap    interc  nuptake ndemand  nlosses ninflux
------ ------- ------- ------- ---------- ------- ------- ------- -------- ------- -------
   576 -602.584   0.023 -602.560   635488.6 257446.9 52538.4 14153.7   3448.8  5619.1  1755.2
   577  49.297  -0.007  49.290   893665.9 354450.0 89134.6 31858.4   3938.2  4177.9  3022.7
   578 476.106  -0.007 476.100  1031024.8 341088.0 76996.0 33026.6   6493.7  2144.6  5831.6
   579 237.165  -0.003 237.162  1011139.9 270073.0 93214.9 28752.5   5875.6  2472.6  4677.4
   580 227.372  -0.002 227.370  1079529.2 257669.4 121722.5 32928.4   6292.1  1491.0  5145.6
   581 -840.471   0.075 -840.396   549295.0 257155.7 49787.7  5470.4   2337.3  6670.4  1338.3
   582 390.265  -0.035 390.230   799257.6 369160.0 55479.6 39388.3   3455.2  3476.1  3021.4
   583 421.939  -0.004 421.935   999788.8 288056.9 89215.4 26143.7   4085.4  4199.3  3290.6
   584 261.747  -0.003 261.745  1025592.1 288337.0 104973.0 31161.0   4619.8  2637.7  4016.9
   585  71.663  -0.002  71.661   987018.9 284277.3 93484.3 27675.7   5372.8  2080.0  4777.7
   586 207.856  -0.002 207.854  1095107.4 365519.8 128179.5 32172.0   6603.8  1315.1  5719.8
   587 -144.953  -0.001 -144.954   990635.3 256027.3 101946.7 25457.4   5774.1  2212.4  3706.6
   588 -371.844   0.007 -371.836   815490.8 303872.2 103821.3 18679.7   2225.4  5292.8  2240.9
   589 184.743  -0.005 184.739  1009227.2 361559.3 113935.4 42426.1   6739.1  1727.2  4701.3
   590 164.673  -0.001 164.672  1033783.3 285273.3 91269.7 24423.7   5461.5  2082.0  3634.3
   591 -313.171   0.002 -313.169   896972.2 211978.8 109164.7 20958.4   4153.4  4613.2  2693.8
   592 -415.583   0.004 -415.579   831227.9 208129.8 97511.7 21449.2   3755.2  3753.8  2533.3
   593  71.300  -0.002  71.297   947566.7 270949.3 105173.0 34058.8   4972.2  2806.9  3303.4
   594 -249.836   0.001 -249.835   816028.2 246251.6 79003.1 20203.8   4844.2  3292.1  3077.3
   595 137.880  -0.002 137.878   978792.0 278047.5 108520.9 34497.4   6010.5  2103.7  3926.2
   596 416.379  -0.003 416.377  1091862.7 330220.0 123194.4 32333.0   7919.3  1433.0  5884.7
   597 -807.451   0.056 -807.395   695251.8 427561.8 80028.8 16457.4   4307.7  2622.2  2598.8
   598 353.262  -0.025 353.237   772480.0 338538.8 51407.4 29502.3   3884.2  4130.0  3137.6
   599 346.106  -0.004 346.102   939917.1 272638.2 70716.1 30840.3   6003.0  2535.5  4469.9
   600 -111.487   0.001 -111.486   846368.7 261404.3 75054.9 19204.4   3655.9  6556.2  2987.3

         Carbon flux (ktC/yr)        Water (dam3/yr)                Nitrogen (MgN/yr)
       ----------------------- -------------------------- --------------------------------
Spinup NEP     estab   NBP     transp     evap    interc  nuptake ndemand  nlosses ninflux
------ ------- ------- ------- ---------- ------- ------- ------- -------- ------- -------
   601   2.694  -0.002   2.692   946035.0 282764.3 103293.7 34451.6   5827.3  2077.8  4010.5
   602 153.870  -0.003 153.867   977510.2 261064.9 92116.4 32382.8   7435.6  1223.5  5024.3
   603 -134.923   0.000 -134.923   971795.3 303658.1 131594.2 20663.0   3985.7  3103.3  2798.0
   604 120.560  -0.001 120.558   993320.0 273476.5 95509.3 38499.7   8293.9  1641.4  5702.1
   605 -61.182   0.000 -61.182  1004512.9 261826.0 119008.4 25252.8   3691.3  1956.1  3217.2
   606 -238.274   0.002 -238.272   862656.2 297266.9 103226.9 20334.0   2770.8  3308.2  2663.8
   607 379.321  -0.003 379.318  1127107.6 288350.7 136391.8 44676.2   7004.1  1743.4  4949.1
   608 248.892  -0.002 248.890  1081271.8 271409.6 143429.7 22058.6   6122.8  2468.4  4106.9
   609  71.423  -0.001  71.422  1165434.2 304278.4 163088.2 28766.2   4496.6  2233.4  3394.7
   610  24.451  -0.002  24.449  1152117.8 303200.7 152562.2 35400.2   7403.0  2218.4  5213.3
   611 211.594  -0.001 211.593  1182034.4 326310.2 182118.0 29475.0   7078.1  2260.3  4798.3
   612 217.785  -0.000 217.785  1134807.7 297092.1 144195.9 29614.2   7209.6  1971.7  4905.9
   613 -67.412   0.001 -67.411  1148935.8 277976.9 173943.5 28688.6   6625.5  1604.8  4050.0
   614 -225.592   0.005 -225.587   868590.4 296934.8 128050.8 19774.6   2839.7  2885.2  2755.5
   615 -94.282  -0.001 -94.283  1091367.9 304025.6 158144.1 30920.7   6061.5  1965.3  4142.7
   616  75.600  -0.001  75.599  1054220.7 267390.7 123887.3 32708.5   8233.6  1830.3  4843.0
   617 -398.794   0.008 -398.786   829315.5 231883.9 121969.0 15359.7   4969.8  3576.1  2775.4
   618 -600.340   0.025 -600.315   755502.9 228209.6 98219.7 11900.3   2041.7  6073.5  1850.1
   619 371.340  -0.013 371.327   952639.5 388649.1 90121.0 41051.8   5175.7  1837.5  4077.0
   620 123.548  -0.002 123.545   958856.3 391917.7 92737.4 23855.5   5386.9  2368.4  4095.3
   621  53.097  -0.001  53.096   923589.1 245577.2 94264.3 32661.2   6458.2  1854.1  4476.4
   622 -861.559   0.071 -861.488   630629.1 245717.4 66830.9  4637.2    912.4  6523.0  1298.4
   623 239.823  -0.033 239.790   721969.3 356071.7 47441.2 34786.9   3483.8  3768.9  2973.2
   624 188.125  -0.003 188.122   932126.9 214801.5 65072.6 22935.8   4003.0  4345.8  3070.4
   625 340.076  -0.004 340.072  1045888.0 276332.0 90924.9 35927.9   4166.0  2170.9  3470.0

         Carbon flux (ktC/yr)        Water (dam3/yr)                Nitrogen (MgN/yr)
       ----------------------- -------------------------- --------------------------------
Spinup NEP     estab   NBP     transp     evap    interc  nuptake ndemand  nlosses ninflux
------ ------- ------- ------- ---------- ------- ------- ------- -------- ------- -------
   626 -15.866  -0.001 -15.867   903648.2 311093.4 82052.1 20462.9   2652.6  4825.0  2953.2
   627 172.571  -0.002 172.569  1056730.3 289441.7 117603.9 35878.6   5541.1  2760.0  4341.0
   628 231.694  -0.002 231.692  1054264.3 281631.8 86472.3 29486.3   4951.5  2068.6  3689.0
   629 -728.917   0.060 -728.857   706821.1 212301.1 76424.9  7286.0   2055.3  5026.8  1243.1
   630 -866.922   0.084 -866.838   421280.9 265970.9 23514.0  5093.0   1114.0  9172.2  1302.8
   631 580.707  -0.053 580.654   714793.5 416199.0 35889.5 42661.3   2391.4  4574.2  2404.6
   632 832.080  -0.008 832.072  1018154.0 343620.3 48739.5 31062.9   4250.0  2991.9  4340.7
   633 743.062  -0.007 743.055  1274715.0 337169.3 95021.3 42604.9   4904.1  2190.5  6113.1
   634 430.449  -0.004 430.445  1140044.7 373880.8 109836.5 32529.2   5348.8  2615.8  5435.0
   635  74.808  -0.002  74.806  1053459.6 288565.5 105585.9 27586.9   5348.8  2661.1  4379.3
   636 -428.266   0.007 -428.260   901802.3 208245.8 104662.3 20390.9   3775.0  4883.4  2639.0
   637 -553.598   0.022 -553.576   765537.9 397740.5 82000.5 25482.3   4630.8  2358.3  2856.7
   638 -59.750  -0.010 -59.760   775428.1 296755.9 60875.0 29300.3   5264.6  3479.4  3441.6
   639 547.000  -0.004 546.995  1051656.2 352310.2 96829.9 34812.9   8208.0  1693.3  5458.3
   640 -259.026   0.001 -259.025   828899.4 303692.0 75441.6 15495.3   5342.2  2855.1  3335.0
   641  87.975  -0.002  87.973   975529.0 277421.8 107640.6 36562.4   6316.8  1975.8  4134.3
   642 395.497  -0.004 395.494  1122969.8 366428.1 120967.9 33854.1   8660.9  1174.8  6195.0
   643 -478.998   0.023 -478.975   838202.0 230871.4 90203.1  9108.4   3950.4  3274.4  1885.1
   644 -57.867  -0.009 -57.876   854335.8 283748.4 96141.5 21357.6   2768.8  5937.3  2371.4
   645 102.929  -0.002 102.928   933158.6 282096.5 88753.3 33053.1   5545.4  1978.6  4235.3
   646 168.953  -0.002 168.951  1007724.4 274524.2 114845.5 29061.3   5617.9  2160.0  3805.2
   647 351.807  -0.003 351.804  1201771.0 354824.1 137182.2 33436.4   7454.2  1704.0  6124.5
   648 193.524  -0.003 193.521  1253293.2 319728.7 139788.9 31758.2   7931.2  1827.3  6237.5
   649 -878.977   0.090 -878.886   738064.6 207173.9 94445.0  4989.2   3309.6  4167.8  1439.5
   650 -326.139   0.012 -326.127   516126.9 265436.4 37518.9 13855.7   1058.5  7999.2  1206.8

         Carbon flux (ktC/yr)        Water (dam3/yr)                Nitrogen (MgN/yr)
       ----------------------- -------------------------- --------------------------------
Spinup NEP     estab   NBP     transp     evap    interc  nuptake ndemand  nlosses ninflux
------ ------- ------- ------- ---------- ------- ------- ------- -------- ------- -------
   651 557.750  -0.029 557.722   935858.1 409681.9 75822.1 48099.5   4342.7  3469.0  3740.5
   652 870.630  -0.007 870.623  1184601.5 279861.3 75564.7 29944.4   7114.5  2188.4  5656.4
   653 -44.731   0.000 -44.731   963771.0 283068.2 116278.8 16168.4   2404.5  5483.3  2476.2
   654 283.437  -0.003 283.434  1201786.9 380675.4 132292.8 46587.2   7122.9  1986.3  6362.8
   655  27.732   0.000  27.732   997305.9 248028.3 114061.6 21928.5   5261.2  3057.8  3447.6
   656 -114.420   0.000 -114.420  1022989.5 335619.7 144329.0 30424.1   4651.2  3062.8  3143.4
   657 -198.541   0.003 -198.538   942041.1 293985.7 118645.7 23191.8   4770.2  2636.1  3141.5
   658 101.144  -0.002 101.142  1026294.7 311170.2 135060.7 33342.6   7847.8  1916.1  4835.4
   659 -277.909   0.002 -277.907   920341.9 232203.2 113458.8 18029.0   5753.1  3726.6  3112.8
   660 128.471  -0.002 128.469  1188124.9 277752.3 149550.9 35237.8   8927.7  1423.4  5877.3
   661 -65.423   0.001 -65.422   939085.1 258900.4 110011.5 17171.7   5821.1  2195.3  3748.5
   662 -120.917   0.001 -120.916   950920.8 285552.5 100724.1 28449.7   6386.4  3052.3  4214.8
   663 -226.195   0.001 -226.194   928702.8 259763.5 89641.6 25113.0   6772.1  1741.1  3927.8
   664 -198.184   0.001 -198.183   972705.0 307973.2 136004.3 26821.1   6309.4  1963.7  3679.7
   665  69.574  -0.002  69.572  1003286.2 263743.8 99179.5 29721.8  10083.3  1327.3  5610.0
   666 -582.510   0.013 -582.497   804684.5 262894.9 82065.3  8132.0   2552.7  3977.5  1911.7
   667 -104.051  -0.004 -104.054   771927.8 328525.8 71840.0 21632.8   2323.0  5800.1  2803.5
   668  31.607  -0.002  31.605   887376.7 321009.0 79832.5 32860.1   6228.7  1695.8  4531.6
   669 365.663  -0.003 365.659  1086143.8 256497.0 99337.2 32615.1   8584.1  1430.6  6188.4
   670 225.834  -0.002 225.831  1036079.7 357980.5 125520.1 26713.3   6834.8  1669.6  5007.9
   671  57.534  -0.000  57.534  1021079.7 283455.5 97001.3 25126.4   5208.9  2453.1  3670.2
   672 -322.279   0.002 -322.277   887797.6 213021.3 110164.2 23753.9   5139.8  3921.3  3037.6
   673 -50.587  -0.001 -50.588  1033696.4 283555.2 125293.9 34639.5   7043.3  1637.1  4432.5
   674 -174.495   0.001 -174.494   922443.4 284993.6 89030.8 20307.9   4229.6  2715.7  3065.4
   675 -257.736   0.001 -257.735   828621.9 214849.3 95129.7 28826.7   6611.7  1514.2  3590.6

         Carbon flux (ktC/yr)        Water (dam3/yr)                Nitrogen (MgN/yr)
       ----------------------- -------------------------- --------------------------------
Spinup NEP     estab   NBP     transp     evap    interc  nuptake ndemand  nlosses ninflux
------ ------- ------- ------- ---------- ------- ------- ------- -------- ------- -------
   676 -130.690   0.001 -130.689   882251.7 264584.6 112023.4 23863.9   4677.3  3412.3  3117.6
   677  92.508  -0.002  92.507   971369.3 270371.6 82905.7 33252.4   7059.8  1440.4  4662.5
   678 337.703  -0.003 337.700  1111430.5 284329.5 146717.8 34218.2   7741.1  1254.2  5212.9
   679 279.026  -0.002 279.024  1153596.3 343607.9 156733.1 25581.5   8342.2  1701.2  5794.6
   680 187.021  -0.001 187.019  1147779.4 324480.1 144442.8 30831.5   8769.9  1676.8  6381.8
   681 -618.851   0.031 -618.819   814983.9 207288.3 124310.0 14808.9   5328.0  2018.7  2432.0
   682 -232.974  -0.004 -232.978   712745.5 296611.4 85821.7 17750.7   1910.6  6759.9  2135.3
   683  18.660  -0.003  18.656   898407.3 283585.0 70474.7 30544.9   4744.0  3720.1  3489.8
   684 328.703  -0.004 328.700  1164433.3 279204.0 127825.6 38367.4   7316.7  1557.1  5858.0
   685 455.722  -0.003 455.719  1163732.3 288016.8 149113.5 33247.5   7634.9  1303.5  5665.8
   686 -36.926   0.002 -36.924  1059528.9 350518.9 162442.0 20134.0   5331.6  2230.1  3606.2
   687 -392.096   0.002 -392.094   861100.4 242440.1 98978.8 23107.2   6005.8  2224.3  3331.8
   688 -336.364   0.005 -336.359   806835.9 267194.9 78208.3 22510.5   2819.9  6094.9  2482.5
   689  29.100  -0.002  29.097   956965.6 281812.5 115407.5 33020.7   6372.8  2297.5  4290.0
   690 405.343  -0.003 405.340  1180447.3 359909.2 131185.7 34706.9   8534.5  1664.2  6398.1
   691 700.931  -0.004 700.927  1361533.2 317834.3 161417.1 39498.9   9277.1  1548.4  7483.8
   692 -295.469   0.002 -295.467  1006913.3 247547.4 127056.0 11782.8   4858.1  2922.1  2618.4
   693 -640.598   0.014 -640.584   794635.9 268358.3 93509.1 16107.7   1859.4  7803.6  1563.7
   694 -119.428  -0.004 -119.432   846630.4 303078.7 97322.9 28075.0   2838.8  5402.7  2994.6
   695 442.282  -0.004 442.277  1189411.1 405011.0 114354.5 46860.9   8692.4  1630.6  7014.9
   696 -323.274   0.004 -323.270   737954.4 257930.3 55628.5 11285.8   3821.0  4328.7  2033.1
   697 -519.454   0.021 -519.433   742600.1 391499.3 78519.5 19299.9   3205.6  4058.9  2285.3
   698 475.374  -0.012 475.361  1012751.3 421019.7 89863.4 43019.1   6467.7  2451.8  5614.4
   699 349.185  -0.003 349.181  1068056.4 302015.8 106304.3 28760.7   5558.0  2227.5  4756.6
   700 186.133  -0.003 186.131  1082361.1 408364.8 103377.9 30887.2   6311.6  2124.1  5544.7

         Carbon flux (ktC/yr)        Water (dam3/yr)                Nitrogen (MgN/yr)
       ----------------------- -------------------------- --------------------------------
Spinup NEP     estab   NBP     transp     evap    interc  nuptake ndemand  nlosses ninflux
------ ------- ------- ------- ---------- ------- ------- ------- -------- ------- -------
   701 -70.936  -0.001 -70.937   970063.5 273057.4 115034.2 29179.9   6150.0  2207.3  4336.8
   702 105.932  -0.002 105.930  1157642.0 258479.1 156583.5 36737.8   6284.8  1993.5  5170.5
   703 -134.508   0.003 -134.505  1028009.2 307571.2 159927.2 22710.5   5862.6  2585.4  3675.8
   704  -8.926  -0.003  -8.928  1005094.0 316817.5 121544.7 29332.4   8374.6  1546.8  5358.9
   705 -75.493  -0.000 -75.493  1077539.3 279310.2 162609.8 27905.6   6616.1  2278.9  4389.6
   706  50.752  -0.001  50.751  1003862.8 319216.7 127064.0 29168.5   8080.8  1586.3  5049.2
   707  85.949  -0.000  85.948  1044598.1 267247.8 160534.2 27878.1   6826.5  2461.6  4387.7
   708 100.825  -0.000 100.824  1059506.6 289477.4 162234.8 29959.2   6469.9  1508.9  4029.7
   709 179.295  -0.001 179.294  1090030.9 312817.7 163825.9 31983.0   8947.3  1214.7  5719.2
   710 -248.913   0.003 -248.909  1024485.9 324778.1 177448.5 21824.1   5752.0  2124.1  3385.0
   711 -52.301  -0.002 -52.303  1080243.3 284087.4 145053.8 34077.0   9798.2  1189.1  5629.2
   712 142.916  -0.001 142.915  1116028.3 274799.8 130783.6 31226.4  11102.3  1204.6  6024.4
   713 -339.991   0.011 -339.980   847998.2 232701.5 130951.6 15194.1   5746.7  3230.9  3179.0
   714 -211.493  -0.003 -211.497   937992.0 325783.7 142344.8 28019.9   4113.1  4728.2  3315.7
   715  90.581  -0.002  90.579  1068792.2 306989.0 129414.7 34886.9   9198.5  1421.4  5807.2
   716 142.860  -0.001 142.858  1105725.9 253252.3 123683.6 28440.0   8063.6  1550.4  4964.8
   717  97.340  -0.001  97.339  1036452.7 265317.5 158374.1 26154.3   5892.2  2794.5  3917.3
   718 -296.324   0.001 -296.322   968378.0 249313.3 121302.3 23302.5   5036.4  2968.2  2805.2
   719 -900.693   0.087 -900.606   609041.4 251474.8 82197.4  8800.9   1531.4  6728.7   980.3
   720   4.627  -0.038   4.589   653591.9 290489.3 46514.5 37341.1   2825.0  5284.0  2587.1
   721 350.419  -0.005 350.414   969271.4 360694.9 86566.4 29966.3   5798.1  2007.4  4240.0
   722 559.976  -0.005 559.971  1095171.9 381142.8 105032.8 34055.2   6368.8  2220.1  5728.8
   723 119.590  -0.001 119.589   970710.5 335683.0 105425.6 28520.0   5550.9  2630.1  4540.4
   724 -59.077  -0.001 -59.078   934905.9 230907.7 101626.3 33622.9   7516.8  1633.6  5047.9
   725 -374.910   0.006 -374.904   780453.2 264630.7 101982.4 17017.8   2445.1  4190.5  2435.3

         Carbon flux (ktC/yr)        Water (dam3/yr)                Nitrogen (MgN/yr)
       ----------------------- -------------------------- --------------------------------
Spinup NEP     estab   NBP     transp     evap    interc  nuptake ndemand  nlosses ninflux
------ ------- ------- ------- ---------- ------- ------- ------- -------- ------- -------
   726 -60.332  -0.002 -60.333   837202.0 234583.2 83142.9 36004.5   6450.6  1709.5  3864.8
   727 -855.352   0.059 -855.293   627906.6 244609.7 61526.2  3394.5    998.2  6371.6  1313.1
   728 -45.351  -0.026 -45.377   638344.8 292689.2 37440.2 29990.5   2989.7  4551.1  2312.4
   729 535.875  -0.006 535.869  1006429.9 309955.6 60615.1 39994.6   6013.5  2756.3  5160.2
   730 455.898  -0.005 455.893  1066122.9 288167.2 89648.1 30535.2   4737.6  2628.1  4185.1
   731  96.326  -0.002  96.324  1068099.4 326491.4 114689.2 29923.6   2770.3  4176.6  2932.0
   732 301.373  -0.003 301.370  1173204.2 327434.5 122314.5 36748.4   5976.7  2242.9  5604.4
   733   2.153   0.003   2.156  1066120.0 351055.8 147360.0 25927.9   3366.1  3170.4  2594.4
   734 148.034  -0.005 148.029  1099305.1 257369.3 108794.6 33900.7   6626.8  2248.8  4735.1
   735 -401.102   0.001 -401.101   968858.8 273872.4 145803.4 22274.7   3970.9  3962.9  2619.8
   736 124.201  -0.002 124.199  1056697.8 339094.3 150258.6 42211.7   7235.3  2089.9  4687.6
   737 183.405  -0.001 183.404  1087915.3 296993.8 157323.5 25773.4   6224.3  1879.0  3712.2
   738 331.326  -0.002 331.324  1303644.4 251558.2 184875.0 37645.9   8909.2  1322.8  6264.8
   739 -109.667   0.001 -109.666  1106924.2 252398.0 188340.9 19730.3   5072.3  2309.7  3452.8
   740 168.228   0.000 168.228  1153595.3 344438.4 176660.6 35315.5   9161.8  1661.9  5760.7
   741 100.376   0.000 100.376  1115781.4 333439.5 176457.0 28789.0   9292.4  1231.8  5331.1
   742 -95.721   0.001 -95.720  1042944.5 305509.3 167967.1 26443.2   7681.5  1424.3  4159.0
   743 -156.697   0.003 -156.694  1057235.6 305035.0 180640.2 29163.8   7566.4  1783.2  4308.4
   744 -39.500  -0.002 -39.502  1051522.5 264696.2 132391.0 29561.6  10665.2  1263.1  5431.3
   745 -163.613   0.001 -163.612  1048561.2 288398.4 173989.3 24930.9   6569.5  2438.4  4205.2
   746 174.963  -0.002 174.961  1299020.9 312618.1 181016.8 37200.4  11865.0  1288.7  7411.3
   747 -261.133   0.005 -261.128   981284.5 253842.8 116592.7 18715.3   6004.0  2507.2  3567.2
   748 -461.683   0.004 -461.679   781870.3 215717.6 115450.4 18377.3   3027.5  4426.7  2109.0
   749 -368.309   0.003 -368.307   774289.6 325056.6 97346.3 27019.2   4224.0  2930.5  3179.8
   750 -252.632   0.001 -252.631   809877.0 280725.6 84536.9 24415.7   3629.5  3485.7  2897.9

         Carbon flux (ktC/yr)        Water (dam3/yr)                Nitrogen (MgN/yr)
       ----------------------- -------------------------- --------------------------------
Spinup NEP     estab   NBP     transp     evap    interc  nuptake ndemand  nlosses ninflux
------ ------- ------- ------- ---------- ------- ------- ------- -------- ------- -------
   751 397.368  -0.004 397.363  1160331.0 300340.9 116491.7 46730.7   8229.4  1869.4  6315.0
   752  73.122  -0.001  73.121   916362.5 226708.9 95579.1 19736.1   6015.4  2788.3  4228.2
   753 -431.691   0.002 -431.689   801547.6 277845.1 107561.4 24709.0   4578.7  3597.5  2661.2
   754 -377.884   0.002 -377.882   749565.0 219766.9 87007.6 24066.6   2663.6  4632.8  2287.7
   755 -428.948   0.002 -428.946   777697.1 271401.1 63977.6 24169.1   2416.4  5305.0  2096.2
   756 -611.469   0.025 -611.444   615000.2 258042.9 51553.2 18197.1   1716.4  5546.1  1271.6
   757 182.031  -0.013 182.019   847725.2 314461.8 72511.6 39223.6   4269.2  4265.6  3299.4
   758 439.805  -0.004 439.801   988913.1 312402.4 60895.1 30631.6   5282.4  2000.2  4371.7
   759 567.224  -0.005 567.219  1207975.0 290311.6 120516.9 36339.5   5550.1  2293.7  5566.1
   760 434.137  -0.003 434.134  1170473.2 356825.4 140899.0 30694.7   5539.3  3695.4  5361.8
   761 519.857  -0.003 519.854  1414789.5 326973.6 168306.5 40602.5   6643.0  2695.6  7283.9
   762  64.401   0.000  64.401  1009003.1 309162.5 156994.8 25811.4   5892.7  2199.5  4517.1
   763  35.387  -0.000  35.387  1171775.0 251205.2 191206.9 38174.1   6709.0  1590.8  5048.8
   764 167.500  -0.001 167.499  1136177.5 267575.7 200436.8 34941.3   8111.2  1485.9  5051.5
   765 134.273  -0.001 134.273  1229033.2 280100.3 203049.4 30957.5   9533.3  1314.5  5877.9
   766 -409.989   0.014 -409.975   925922.1 255304.8 124278.9 16232.5   5315.6  3064.0  3008.7
   767 -283.847  -0.003 -283.850   930084.7 324163.9 152387.0 22996.5   4000.8  3114.4  2859.2
   768  19.778  -0.001  19.778   993690.9 276136.2 107038.4 33792.2   9122.9  1402.7  6046.8
   769 -542.217   0.006 -542.211   825536.0 219196.8 101342.2 15960.4   2684.8  4697.4  2536.1
   770 -233.211  -0.000 -233.212   818733.7 298322.5 89600.2 23152.2   4818.5  2844.7  3290.6
   771 -463.433   0.004 -463.429   722992.6 255255.9 72207.4 18987.1   4603.2  4101.9  2831.9
   772 -314.094   0.001 -314.093   726452.9 253664.5 62509.8 23570.6   4374.3  3979.1  2897.8
   773 -59.451  -0.001 -59.452   856840.2 210218.7 69306.9 30329.0   4902.3  3673.7  3529.4
   774 232.449  -0.003 232.446   980791.6 296125.3 98695.2 32823.6   6211.3  2241.4  4552.9
   775 571.918  -0.004 571.913  1134557.6 295777.0 98464.1 36226.9   7449.5  1385.7  6399.3

         Carbon flux (ktC/yr)        Water (dam3/yr)                Nitrogen (MgN/yr)
       ----------------------- -------------------------- --------------------------------
Spinup NEP     estab   NBP     transp     evap    interc  nuptake ndemand  nlosses ninflux
------ ------- ------- ------- ---------- ------- ------- ------- -------- ------- -------
   776 113.886  -0.001 113.884   993415.0 285832.1 115582.2 22717.5   4299.0  2654.3  3526.9
   777 254.280  -0.002 254.278  1075013.2 272792.9 108866.4 40214.8   6813.8  1947.7  5685.9
   778 -365.536   0.004 -365.531   826955.3 300488.9 116261.6 14831.9   2519.8  4191.5  2264.8
   779  31.390  -0.002  31.388   940004.4 278944.0 120954.6 32968.8   5220.0  2584.0  3501.0
   780  65.899  -0.002  65.897   976275.0 232226.9 100968.4 31685.2   6880.7  1686.4  4449.3
   781 -391.984   0.004 -391.980   816639.5 275335.1 117737.0 21708.6   4780.7  3674.2  2683.6
   782 -462.281   0.002 -462.279   788174.3 239146.5 78495.0 18729.1   2201.7  4704.3  1796.0
   783  10.714  -0.001  10.713   959029.6 316805.6 102746.2 36744.7   4396.2  3901.1  3494.8
   784 409.134  -0.004 409.130  1180018.9 311780.1 137260.1 38145.9   7051.6  1533.9  5795.5
   785  36.824  -0.000  36.824   914088.5 219051.5 109252.9 19902.9   5495.7  2659.6  3728.9
   786 -505.615   0.009 -505.606   770667.8 257801.5 101168.6 22485.3   3931.4  3215.7  2306.1
   787 -225.874   0.003 -225.871   878690.8 327552.7 113058.3 27285.4   2698.2  5644.2  2542.7
   788 265.435  -0.006 265.429  1032136.8 280315.0 85862.5 39715.7   9043.0  1607.5  6137.8
   789  17.499  -0.001  17.499   934952.6 314071.2 125915.9 17881.2   4415.0  3958.6  3029.4
   790 353.606  -0.003 353.603  1231866.0 284702.6 151845.1 44420.4   7873.4  1633.6  6726.8
   791 495.660  -0.003 495.657  1271114.5 268751.7 170515.7 33818.2   8384.7  1481.6  6425.5
   792 367.030  -0.001 367.028  1173164.0 271342.5 196612.3 31694.5   6913.9  1551.7  4922.0
   793 -73.483   0.001 -73.482  1074818.1 293767.0 177598.6 24435.3   5597.2  1980.4  3622.5
   794 -382.784   0.004 -382.780   830553.0 312078.6 134996.4 27167.9   6470.4  1938.9  3733.7
   795 -37.385  -0.000 -37.386   936057.9 270035.2 116843.8 30343.6   7866.5  1607.9  4569.4
   796   3.468  -0.001   3.467   957753.5 251678.9 122022.2 28428.7   8312.6  1770.7  4559.5
   797 -801.412   0.067 -801.345   568198.2 255150.3 54600.9  4419.3   3348.1  5803.4  1591.8
   798 431.967  -0.032 431.935   805847.5 440559.1 69333.2 42562.4   5166.6  2590.7  4151.6
   799 715.697  -0.006 715.691  1125521.3 300521.0 106777.5 27838.9   6704.4  1943.9  5412.0
   800 557.163  -0.003 557.160  1111030.3 367232.2 129937.4 28904.7   4841.0  2072.4  4971.0

         Carbon flux (ktC/yr)        Water (dam3/yr)                Nitrogen (MgN/yr)
       ----------------------- -------------------------- --------------------------------
Spinup NEP     estab   NBP     transp     evap    interc  nuptake ndemand  nlosses ninflux
------ ------- ------- ------- ---------- ------- ------- ------- -------- ------- -------
   801 342.562  -0.003 342.559  1218239.6 357378.9 156550.2 35601.3   5764.3  2872.7  5919.5
   802 220.015  -0.002 220.013  1153810.1 292461.4 136705.1 33617.0   6706.5  2738.4  5468.9
   803 -328.949   0.005 -328.944   855789.2 304442.1 147931.4 22810.5   4763.2  2259.7  3227.3
   804 -150.119   0.000 -150.119   918635.0 260198.1 141828.7 27762.8   4698.6  3318.5  3072.4
   805 225.080  -0.002 225.078  1148794.0 353100.2 155328.6 41480.2   9381.3  1866.3  6489.9
   806 372.030  -0.002 372.028  1190081.3 274769.9 166216.4 30613.1   9351.3  1382.7  5785.8
   807 493.467  -0.002 493.465  1332673.4 282407.0 198242.3 35232.8   8149.5  1348.3  6360.3
   808 -578.483   0.031 -578.451   926880.0 176812.1 152868.2  8383.4   3776.8  5236.7  2068.2
   809 -108.687  -0.011 -108.699   799060.5 298887.7 103932.1 27465.2   3996.4  3289.1  2804.1
   810 -113.981  -0.001 -113.982   945707.5 231778.7 99513.7 32108.3   6870.5  1837.8  4235.5
   811 -217.824   0.002 -217.822   815540.3 311847.7 102434.3 18634.9   2619.4  4623.3  2779.9
   812 128.541  -0.002 128.539  1034058.9 369943.5 129525.9 45490.7   9152.3  1407.7  6118.2
   813 342.757  -0.002 342.755  1071472.1 318180.3 145715.1 26634.2   7733.6  1513.6  4885.9
   814 151.621  -0.001 151.621  1004374.0 259567.0 130377.6 24051.7   6258.9  1703.2  4371.2
   815 168.431  -0.001 168.429  1084237.4 351915.4 167185.1 36754.2   7817.4  1445.9  5509.1
   816 333.386  -0.001 333.385  1125859.9 338183.9 179669.8 29958.2   7591.0  1558.0  5330.4
   817 -127.182   0.002 -127.179   973859.5 304214.3 133047.0 25192.8   5769.5  3427.6  3816.2
   818 -201.725   0.001 -201.724  1043949.2 266636.7 175195.3 31069.7   6957.0  1953.1  4346.8
   819 224.226  -0.001 224.225  1111882.5 355983.1 163565.5 35469.9  10671.3  1495.7  6407.3
   820  72.817  -0.001  72.816  1079324.9 246292.0 161316.3 28918.5   9542.8  1156.5  5477.4
   821 -406.656   0.006 -406.649   832238.5 307766.1 151952.6 19693.9   7258.5  1645.0  4048.4
   822 -109.056  -0.001 -109.057   981858.9 267848.9 138696.6 29902.8   5865.4  2150.4  3932.4
   823 125.870  -0.002 125.868  1013765.7 350360.6 150863.7 39364.2   7002.9  1493.0  4605.7
   824 -261.675   0.002 -261.673   965013.1 234978.2 130965.6 17673.2   4834.5  3829.1  2703.0
   825 -445.016   0.004 -445.013   832866.8 187303.4 115464.2 22803.9   3230.7  4898.8  2090.9

         Carbon flux (ktC/yr)        Water (dam3/yr)                Nitrogen (MgN/yr)
       ----------------------- -------------------------- --------------------------------
Spinup NEP     estab   NBP     transp     evap    interc  nuptake ndemand  nlosses ninflux
------ ------- ------- ------- ---------- ------- ------- ------- -------- ------- -------
   826 383.899  -0.003 383.895  1164289.1 273754.2 140171.5 47533.6   7377.7  1700.0  5333.0
   827 -17.578  -0.000 -17.578   912909.5 263878.7 119911.2 16535.7   4546.2  2744.0  3135.9
   828 -377.898   0.002 -377.896   879585.7 236398.6 107533.0 25229.7   4370.9  4048.1  2549.4
   829 -343.723   0.002 -343.721   824565.7 295984.4 87286.7 28877.7   2907.0  6236.9  2418.6
   830 -87.441  -0.001 -87.441   908463.6 271386.4 120937.2 33880.2   5421.8  3091.9  3421.7
   831  98.780  -0.002  98.778   925293.8 228608.7 101039.6 32283.0   7454.5  1842.9  4854.4
   832 -584.496   0.004 -584.491   798213.0 269498.5 86259.1 11424.9   2243.7  5412.2  1737.9
   833 -194.415  -0.001 -194.416   906173.8 361457.9 116048.3 27852.2   2982.3  5207.7  2462.6
   834 314.082  -0.004 314.078  1029918.8 279572.8 88041.3 41764.7   7120.5  2209.8  5767.3
   835 -482.161   0.003 -482.158   828663.9 270712.4 86919.2 12396.0   2103.1  5826.9  1539.6
   836 -323.878   0.002 -323.875   760707.5 274981.1 80516.7 26711.6   2847.8  5052.9  2015.9
   837 -97.324  -0.001 -97.325   906269.9 297887.8 106423.7 35369.6   2954.1  7371.3  3151.5
   838 260.291  -0.004 260.287  1071339.0 404506.4 123256.4 38733.5   7812.8  2496.3  5985.9
   839 575.079  -0.004 575.075  1192485.8 325371.8 130776.0 35129.9   7566.7  1945.0  6363.1
   840  18.413   0.001  18.414  1036975.4 348372.8 164549.2 23084.7   3200.3  3262.1  2453.4
   841 282.030  -0.003 282.027  1106485.9 288785.4 111039.1 40067.5   5985.7  2544.1  4673.3
   842 174.043  -0.001 174.042  1042924.4 341437.4 170232.6 33142.4   5698.3  2123.1  3991.6
   843 -46.921   0.001 -46.919   954039.9 299586.2 144314.3 24492.4   4257.4  3495.7  3112.0
   844 165.494  -0.001 165.493  1042819.3 346894.9 168323.7 37522.6   6405.1  2132.1  4433.1
   845 433.251  -0.002 433.250  1192255.5 284809.8 202251.8 42384.3   7480.6  1810.8  5362.5
   846 -636.903   0.028 -636.876   885383.9 229470.8 146073.2  7091.1   3492.3  5592.5  1928.5
   847 313.011  -0.011 313.000   964757.6 379928.1 124591.7 37295.0   4240.9  2847.3  2970.7
   848 377.472  -0.003 377.469  1116480.2 276023.3 150586.5 30604.0   5391.2  3185.5  4010.6
   849 227.038  -0.002 227.036  1118668.5 267720.5 165132.0 31547.3   5138.0  3077.0  3846.0
   850 296.244  -0.001 296.242  1110387.3 341839.9 168735.8 36987.4   6190.8  2108.1  5020.3

         Carbon flux (ktC/yr)        Water (dam3/yr)                Nitrogen (MgN/yr)
       ----------------------- -------------------------- --------------------------------
Spinup NEP     estab   NBP     transp     evap    interc  nuptake ndemand  nlosses ninflux
------ ------- ------- ------- ---------- ------- ------- ------- -------- ------- -------
   851 -374.910   0.008 -374.902   884277.5 231400.4 135802.5 22631.6   5194.6  2501.7  2592.5
   852 -102.122  -0.001 -102.123   917167.4 307016.5 148198.3 30230.1   4617.2  5052.2  3264.0
   853  62.333  -0.001  62.332  1005713.5 339045.7 152872.5 32508.9   7407.6  1752.5  4709.2
   854 -46.579   0.002 -46.577  1045262.9 372200.7 167232.4 30290.5   7102.4  2215.1  4559.2
   855 118.309  -0.003 118.305  1031723.0 313323.3 131800.3 29155.1   8146.2  1596.9  5357.0
   856 -853.585   0.062 -853.522   712802.3 220620.0 100628.6  5384.2   3148.6  4954.7  1347.5
   857 -226.805  -0.026 -226.832   664484.1 263915.2 58785.4 23061.3   1415.1  8711.1  1657.0
   858 294.478  -0.003 294.474   946425.6 363708.1 91940.6 38433.7   4874.4  2489.0  4040.6
   859 406.040  -0.004 406.036  1030298.4 347914.3 102928.3 31026.1   5640.8  2345.4  4281.2
   860 227.325  -0.002 227.323   974468.6 227626.6 95376.2 28192.7   5131.1  2982.5  4067.7
   861 -38.258  -0.000 -38.259   947781.1 275327.8 137841.3 27218.9   3982.8  4538.5  3133.8
   862 -44.948  -0.000 -44.949   931120.4 251204.4 106029.4 33625.1   4938.4  3398.4  3596.6
   863 -179.229   0.001 -179.229   912841.5 296084.8 131382.1 25676.9   3985.2  4304.3  2832.7
   864 151.441  -0.002 151.439  1097684.0 266310.4 135891.8 42442.0   7267.7  1518.3  5055.3
   865 -56.611   0.003 -56.608  1036187.3 343202.3 157832.8 23018.9   3588.8  2388.0  2658.0
   866 197.045  -0.003 197.041  1094114.8 283208.4 107235.8 36504.1   6702.7  2015.1  4632.6
   867 -549.336   0.018 -549.318   851047.6 181364.2 124493.2 10769.9   2884.2  4200.2  1787.5
   868 -822.694   0.064 -822.630   522616.4 256430.6 39902.8  6777.0   2196.0  7191.8  1365.1
   869 286.536  -0.032 286.504   707358.2 429750.4 42975.7 38822.7   2664.2  3607.7  2207.5
   870 578.125  -0.006 578.119   982140.3 266032.1 57824.0 33252.2   4768.2  2900.5  3747.8
   871 -321.921   0.001 -321.921   820624.1 278129.0 62237.8 16521.1   1811.4  6488.6  1612.9
   872 195.469  -0.003 195.465  1017724.3 357124.4 102913.6 46225.9   4827.3  3591.4  4339.6
   873 440.954  -0.004 440.950  1121979.6 266448.4 92368.7 32715.2   5864.3  2125.5  4827.8
   874 -678.932   0.037 -678.895   729976.6 213671.1 78003.8  7441.0   2189.0  4873.0  1155.6
   875  -4.528  -0.015  -4.543   711739.6 315102.1 58627.9 21572.4   1544.5  9248.8  2294.2

         Carbon flux (ktC/yr)        Water (dam3/yr)                Nitrogen (MgN/yr)
       ----------------------- -------------------------- --------------------------------
Spinup NEP     estab   NBP     transp     evap    interc  nuptake ndemand  nlosses ninflux
------ ------- ------- ------- ---------- ------- ------- ------- -------- ------- -------
   876 669.227  -0.006 669.222  1229439.1 331853.9 100591.8 50662.6   5925.0  1930.9  6273.8
   877 -281.480   0.005 -281.475   801638.0 225563.2 70801.6 13573.1   3401.6  3994.8  1816.3
   878 -90.331  -0.002 -90.333   838314.6 251796.9 91854.6 27994.1   2753.0  7113.5  3136.9
   879 370.107  -0.004 370.103  1208858.3 381866.4 112528.3 45870.9   7263.9  2086.8  6157.2
   880 495.901  -0.004 495.897  1126380.3 286423.7 99383.6 30673.0   7768.9  2364.7  5599.0
   881 -196.883   0.002 -196.881   870519.8 234073.6 113181.0 16187.4   4267.6  4051.7  2703.4
   882 -314.451   0.004 -314.447   930130.9 350147.4 135051.7 25024.6   2803.4  5517.0  2459.3
   883 -386.754   0.002 -386.751   707892.5 265888.8 50217.2 23964.2   4791.4  3169.1  2641.5
   884 -579.046   0.029 -579.017   640811.1 237780.3 55744.3 14658.8   2610.3  4058.4  1726.1
   885 -104.626  -0.013 -104.639   741504.2 282753.7 48471.8 26512.5   3487.1  6473.3  2932.6
   886 274.934  -0.004 274.930   937274.5 308746.2 76517.5 32730.8   6455.2  1839.5  4555.8
   887 437.580  -0.004 437.576  1003027.0 258173.5 72950.8 30100.0   6886.0  1821.9  5373.4
   888 340.969  -0.003 340.966  1033722.6 350099.8 111156.6 26975.0   6225.2  2165.6  5357.2
   889 351.437  -0.003 351.434  1222387.4 293939.7 144882.5 34259.3   6325.4  1953.7  5731.2
   890 -266.036   0.005 -266.032   841138.1 290179.7 104427.1 23159.2   5648.1  2281.5  3849.5
   891 373.161  -0.004 373.157  1248168.9 289381.8 140693.0 42184.4   9946.4  1479.7  7060.7
   892 -17.425   0.001 -17.424   913214.4 276671.6 113367.7 20063.9   7268.4  1731.6  4383.3
   893 -550.115   0.023 -550.092   766476.5 223911.4 86693.7 15878.8   4925.9  2739.9  2280.4
   894 -150.470  -0.007 -150.477   769450.4 283367.1 60964.9 24688.8   2787.5  6841.4  2537.4
   895  74.457  -0.003  74.455  1000976.4 297375.6 104804.0 35938.1   5680.5  2743.9  4277.4
   896 476.572  -0.004 476.568  1106333.3 317773.8 108315.8 31559.0   8391.2  1402.9  5865.8
   897 523.218  -0.004 523.214  1252710.1 324452.6 134058.7 31372.0   7364.3  1563.7  6044.0
   898 -436.453   0.004 -436.448   903108.8 361339.6 126380.6 11622.9   3519.2  4016.7  2357.9
   899  59.104  -0.001  59.103   972370.0 243332.5 105091.1 37353.1   5540.3  4016.1  3754.3
   900 304.087  -0.003 304.084  1225039.9 280074.3 159587.0 38803.9   7799.8  1641.6  5852.8

         Carbon flux (ktC/yr)        Water (dam3/yr)                Nitrogen (MgN/yr)
       ----------------------- -------------------------- --------------------------------
Spinup NEP     estab   NBP     transp     evap    interc  nuptake ndemand  nlosses ninflux
------ ------- ------- ------- ---------- ------- ------- ------- -------- ------- -------
   901 231.676  -0.001 231.675  1071406.1 303672.4 155761.7 25061.6   7456.5  1821.4  5056.6
   902 -484.249   0.014 -484.236   868618.8 257394.1 136112.9 20743.2   5623.6  2579.3  2859.3
   903 194.944  -0.007 194.937  1043538.6 288359.8 143548.1 35866.0   4999.6  3804.4  3861.8
   904 295.034  -0.003 295.031  1236955.2 287824.8 164625.1 32977.2   8726.7  1342.8  6052.7
   905 -217.476  -0.000 -217.476  1027540.3 226682.3 156012.4 21386.6   7483.9  1896.3  4528.9
   906 -311.677   0.003 -311.673   827296.4 273051.4 126950.0 25187.9   6240.8  2691.2  3766.4
   907 197.241  -0.002 197.239  1144767.7 353861.9 151355.0 34478.5   9273.1  2031.4  6265.5
   908 543.486  -0.003 543.482  1423300.9 316777.2 173003.9 38889.3  10742.4  1581.5  7940.4
   909 315.175  -0.001 315.174  1146183.5 333483.8 178292.9 26090.8   7748.9  1796.4  5129.0
   910 -633.901   0.044 -633.857   804784.3 278704.2 119466.4  9337.6   3507.2  6192.0  1871.3
   911  86.402  -0.020  86.382   836687.5 278560.1 92941.0 34086.7   4790.1  3265.8  3044.7
   912 -924.973   0.094 -924.879   496510.6 248147.0 41853.2   651.0   2496.3  7053.7  1483.0
   913 522.060  -0.044 522.016   749238.6 394748.6 41848.9 42991.2   3887.0  4421.2  3176.6
   914 1006.374  -0.009 1006.366  1154483.9 319877.9 88816.3 39455.1   5672.6  2501.6  5396.4
   915 -412.121   0.006 -412.115   659632.7 261333.1 43566.5 13675.6   3112.8  5584.2  1857.4
   916 -726.589   0.040 -726.549   518564.0 259690.9 31028.9 12290.5   2169.2  7748.9  1464.3
   917 522.555  -0.022 522.534   784471.5 300243.6 37746.9 38135.9   3433.8  4031.7  3038.7
   918 285.963  -0.004 285.959   968100.4 289102.8 68794.0 31255.7   4172.3  2868.8  3573.0
   919 341.247  -0.005 341.242   988718.2 380650.5 82895.8 36363.0   4902.5  2838.8  4854.3
   920 462.768  -0.005 462.763  1195021.3 369494.6 110010.8 35480.8   5647.7  3770.6  6189.6
   921 422.727  -0.004 422.723  1127240.3 339394.4 100230.2 31660.4   5284.6  3536.2  5461.6
   922 349.883  -0.003 349.881  1189392.9 232390.7 135823.3 36150.7   5723.2  2735.2  5174.1
   923 -118.481   0.001 -118.479  1011118.6 265107.4 145279.3 22760.6   3439.5  5095.7  2831.7
   924 156.439  -0.001 156.437  1230414.7 302172.8 156996.4 43730.2   7510.5  2039.0  5917.5
   925 -36.880  -0.000 -36.880  1133705.2 281399.1 179492.0 25360.9   3820.7  2618.1  3133.4

         Carbon flux (ktC/yr)        Water (dam3/yr)                Nitrogen (MgN/yr)
       ----------------------- -------------------------- --------------------------------
Spinup NEP     estab   NBP     transp     evap    interc  nuptake ndemand  nlosses ninflux
------ ------- ------- ------- ---------- ------- ------- ------- -------- ------- -------
   926  90.405  -0.001  90.404  1240762.9 312972.6 186602.4 34620.3   7429.3  2405.5  4888.1
   927 -646.419   0.045 -646.374   883019.7 224193.2 115309.0 11227.8   4890.2  3241.2  2095.5
   928 -201.869  -0.009 -201.878   741887.2 300272.0 89541.3 23224.1   4011.7  5362.4  2606.9
   929 191.777  -0.007 191.770   967147.5 323747.4 101545.9 37350.1   8527.7  1906.6  5363.2
   930 -351.473   0.003 -351.471   850357.1 232613.6 105063.5 17252.9   5795.8  2672.6  2996.6
   931 -233.019  -0.001 -233.020   921146.6 235405.3 113821.5 29039.1   5321.9  2535.4  3458.2
   932 -25.610   0.000 -25.610   909627.6 255243.0 91522.1 26107.3   5548.7  4495.9  3849.6
   933 208.831  -0.003 208.829  1047250.1 349459.4 129426.1 36938.5   8494.1  1564.2  5458.8
   934 320.732  -0.002 320.730  1089254.7 302998.8 142766.3 25377.7   6547.8  1972.7  4117.1
   935 -650.646   0.041 -650.605   760674.3 408191.3 89325.4 21949.7   4991.6  2514.5  3057.2
   936 696.277  -0.023 696.254  1085947.1 375548.4 107944.1 42361.4   6885.3  3896.3  4980.6
   937 533.979  -0.004 533.975  1128064.6 261827.1 99860.3 24389.5   7577.6  1963.3  5161.2
   938 -378.615   0.014 -378.601   834685.1 295237.8 118000.5 11315.3   2043.0  6393.3  2060.2
   939 -230.295  -0.003 -230.298   832652.8 276304.5 98316.0 25041.8   4230.7  4997.0  2941.5
   940 170.932  -0.002 170.930   967390.1 273067.1 113046.7 37254.2   5649.9  3022.8  3608.0
   941 440.504  -0.003 440.502  1097640.9 338488.6 130049.5 31637.3   8002.8  1428.5  5721.1
   942  63.752  -0.001  63.751  1032516.0 281707.9 97527.0 24841.9   6208.9  1836.7  4124.8
   943  98.539  -0.000  98.539  1030185.2 305446.5 149733.6 27968.0   6361.3  1506.3  4383.2
   944  20.961  -0.001  20.960  1110092.3 295567.5 147975.1 32793.9   7407.3  1519.8  4871.6
   945 -18.805   0.000 -18.805  1086270.0 282963.1 149479.9 27156.7   5083.1  1833.1  3652.9
   946 147.780  -0.001 147.780  1062118.7 323826.8 156746.0 30335.8   6535.1  1522.8  4276.7
   947 -52.769   0.002 -52.767  1079129.8 360957.3 169398.8 27795.2   6670.6  2112.8  4118.0
   948  34.968  -0.002  34.966  1078377.7 311238.2 144104.1 30415.0  10101.2  1423.8  5838.4
   949 -16.887  -0.000 -16.887  1038668.0 328804.3 162124.4 28333.4   6812.1  1832.6  3970.1
   950 -212.298   0.005 -212.293   983980.8 277301.7 109465.6 23617.7   5526.0  3195.4  3249.5

         Carbon flux (ktC/yr)        Water (dam3/yr)                Nitrogen (MgN/yr)
       ----------------------- -------------------------- --------------------------------
Spinup NEP     estab   NBP     transp     evap    interc  nuptake ndemand  nlosses ninflux
------ ------- ------- ------- ---------- ------- ------- ------- -------- ------- -------
   951 -446.777   0.008 -446.768   789587.0 212270.2 110017.3 18679.8   3491.1  3880.0  2372.9
   952  33.234  -0.004  33.230   923374.6 341391.9 116228.1 32773.1   6607.9  2818.7  4335.1
   953 -200.749   0.001 -200.749   849211.5 243133.3 94127.7 23706.6   7573.5  1487.1  4099.5
   954 -446.815   0.003 -446.812   819694.3 215972.2 83720.0 17621.2   2638.8  5691.0  2598.9
   955 -101.001  -0.000 -101.001   866910.9 286317.4 73690.5 26531.2   5420.7  4235.6  3966.4
   956 336.742  -0.004 336.738  1100515.3 306644.3 121274.7 41320.3   9176.3  1410.5  6405.2
   957  74.275  -0.001  74.274   984303.4 288543.5 86669.0 18188.6   5999.7  1946.2  4044.3
   958  74.375  -0.001  74.374  1047068.4 258760.9 130594.5 31679.2   4845.2  2652.5  3623.0
   959 -488.354   0.004 -488.350   882948.5 257123.2 95129.7 15905.3   2030.9  4907.2  1696.8
   960 -450.998   0.005 -450.993   776301.7 235198.3 89482.1 19613.9   2090.9  7562.5  1983.6
   961 -180.880   0.000 -180.879   830839.9 195079.7 76326.5 28027.6   3294.8  4621.9  2396.8
   962 472.234  -0.004 472.230   994255.6 324941.7 97639.2 44821.5   6358.7  1634.7  5028.5
   963 130.518  -0.003 130.515  1011242.5 284982.7 113532.8 24864.4   6580.4  2152.7  4606.7
   964 -159.309   0.001 -159.307   840401.6 282546.5 105017.4 24135.1   5366.5  2987.1  3694.3
   965  28.194  -0.001  28.192   990980.9 256175.1 115342.6 38176.2   7139.7  1829.9  4831.7
   966 369.913  -0.003 369.911  1083048.5 269765.4 107226.3 33967.2   9048.9  1486.7  5810.1
   967 -325.749   0.003 -325.746   796925.6 311697.6 117340.1 16876.0   5324.5  3060.2  3226.7
   968  73.439  -0.002  73.438  1088836.7 289740.9 142936.0 33384.7   6175.2  2307.8  4406.7
   969 560.131  -0.003 560.128  1244155.8 306173.5 166584.2 42072.8   9064.7  1566.1  6761.4
   970 -752.345   0.063 -752.282   639819.0 251183.1 64791.8  1043.5   3203.4  6621.9  1447.7
   971 432.464  -0.028 432.436   785764.4 372512.8 70398.0 34355.0   3301.8  4204.6  2771.3
   972  94.376  -0.002  94.375   925804.1 274076.1 100416.9 21681.1   3937.8  4424.6  3015.5
   973 -332.386   0.003 -332.382   674153.7 256439.3 44570.8 24548.8   3370.7  4699.8  2078.9
   974 -62.708  -0.001 -62.709   823744.0 261445.8 77003.1 32009.0   5339.5  2751.8  3576.4
   975 -46.202  -0.001 -46.203   869956.3 249293.2 93858.2 26324.4   3654.6  3279.6  3294.5

         Carbon flux (ktC/yr)        Water (dam3/yr)                Nitrogen (MgN/yr)
       ----------------------- -------------------------- --------------------------------
Spinup NEP     estab   NBP     transp     evap    interc  nuptake ndemand  nlosses ninflux
------ ------- ------- ------- ---------- ------- ------- ------- -------- ------- -------
   976 200.812  -0.003 200.809  1009675.2 360305.6 90229.2 37419.1   7891.1  1549.6  6039.6
   977 -372.812   0.004 -372.809   690282.7 257970.4 48722.9 15397.0   4394.4  3805.1  2312.9
   978  64.668  -0.002  64.666   853128.5 310561.8 90202.4 28914.7   5350.3  2276.5  4175.5
   979 -204.149   0.000 -204.149   845040.3 222619.7 88010.0 25625.6   4862.5  4116.4  3148.9
   980 -32.410  -0.001 -32.411   840711.1 245585.8 83260.0 35960.4   7085.1  1530.9  4627.8
   981 -206.969   0.006 -206.963   909936.0 325648.9 118225.2 22277.1   2942.7  2759.7  2585.1
   982 204.024  -0.005 204.018  1095747.0 388492.5 127429.1 37714.5   8067.1  2212.6  5951.1
   983 511.800  -0.001 511.799  1275264.6 295892.1 120457.4 33485.8   9332.9  1279.5  6975.1
   984 -220.299   0.001 -220.298  1010691.3 274039.7 146875.7 20377.1   5719.5  2769.5  3668.8
   985 -272.621   0.001 -272.620   909457.8 213410.4 120055.0 26284.9   5047.3  4815.0  2917.5
   986 -755.185   0.064 -755.120   665039.5 237035.8 77199.8 10720.0   2371.2  4235.5  1232.4
   987 -199.018  -0.029 -199.047   655598.2 403858.8 53679.4 28870.0   3020.8  3938.3  2482.6
   988 855.813  -0.007 855.806  1238326.2 329977.9 93183.1 48086.9   7693.7  1801.8  6837.7
   989 114.590  -0.001 114.589   895967.5 295413.0 84548.7 21442.8   6058.4  2254.5  4229.8
   990 164.916  -0.002 164.914   953198.9 285726.4 94419.6 26960.2   5749.1  2056.8  4359.4
   991 -88.288   0.000 -88.287   895575.9 272241.3 101380.7 22752.5   4335.5  3313.3  3224.7
   992 221.081  -0.002 221.079  1113061.9 351951.7 131024.7 40067.8   6892.2  2413.6  5454.3
   993 199.096  -0.002 199.095  1060027.9 346452.7 115086.9 30816.6   7746.2  1588.9  5370.8
   994 -34.502   0.000 -34.502   969168.8 322234.4 122905.0 27227.5   7772.1  1497.7  4968.1
   995   3.712  -0.000   3.712  1048610.2 259953.9 133571.1 28284.5   5208.2  2766.4  3636.8
   996 101.965  -0.001 101.964  1031449.1 264216.1 149416.4 31145.8   5338.0  2913.0  3557.5
   997 -71.481   0.001 -71.481  1029753.3 272717.8 105164.6 26695.4   4928.8  2498.6  3122.3
   998 -223.673   0.003 -223.670  1007485.8 297989.3 155985.5 28279.6   4421.0  2877.3  2940.2
   999 157.881  -0.003 157.878  1110586.1 286700.9 135577.4 37754.3   8467.5  1434.6  5324.5
  1000 343.610  -0.002 343.608  1289098.9 343791.3 171758.5 33023.6   8929.4  1704.5  5819.2

         Carbon flux (ktC/yr)        Water (dam3/yr)                Nitrogen (MgN/yr)
       ----------------------- -------------------------- --------------------------------
Spinup NEP     estab   NBP     transp     evap    interc  nuptake ndemand  nlosses ninflux
------ ------- ------- ------- ---------- ------- ------- ------- -------- ------- -------
  1001 441.145  -0.001 441.144  1231679.5 344489.5 177669.3 26948.6   8268.6  1515.0  5708.4
  1002 -882.826   0.087 -882.739   624116.9 256138.1 65372.3  2916.5   2913.0  6184.0  1339.0
  1003 -842.461   0.049 -842.412   435369.3 286584.0 26533.0  7265.0   1961.4  9064.8  1364.4
  1004 483.768  -0.045 483.723   785558.5 385556.4 50232.1 42613.7   2818.3  6081.3  2594.2
  1005 1060.540  -0.008 1060.532  1166689.4 393474.8 76469.1 38945.7   5020.6  2690.6  5213.1
  1006 299.290  -0.003 299.286  1012419.7 327724.9 85828.6 24660.6   3550.2  3859.5  3474.5
  1007 325.721  -0.003 325.717  1254712.3 284064.2 138180.2 41734.2   5134.1  2739.7  5518.7
  1008 -120.327  -0.002 -120.328  1086547.4 243952.8 132371.1 27719.7   5738.7  2891.1  4466.1
  1009 -192.329   0.000 -192.329  1061605.1 298835.3 158629.8 26024.3   4969.9  3314.7  3270.6
  1010 110.666  -0.001 110.665  1208290.0 300492.7 147241.2 38761.0   7534.0  1929.1  5548.3
  1011 -62.920   0.000 -62.920  1103270.6 295466.3 162818.5 25031.7   3806.8  2517.1  3207.7
  1012 -12.007   0.000 -12.007  1054718.4 310781.4 138549.5 32640.6   8557.1  1809.3  5306.1
  1013 175.763  -0.001 175.762  1228023.5 242283.9 175887.5 35223.0   7189.8  1722.1  5013.2
  1014 -335.973   0.004 -335.969   904073.6 295335.2 142668.4 15328.8   6380.2  2164.1  3685.3
  1015 -161.256   0.000 -161.256  1010493.9 266792.1 149852.7 27808.4   3693.2  3586.1  2955.1
  1016 -515.177   0.018 -515.160   709895.7 259191.6 57513.6 18460.1   4220.7  4659.2  2089.7
  1017 -128.093  -0.004 -128.097   833881.7 290761.9 66627.8 28512.2   3888.1  5003.3  2862.7
  1018 -656.176   0.014 -656.161   698001.3 239796.0 65424.8 11757.7   3223.4  6332.6  2049.1
  1019 334.011  -0.009 334.002   929288.7 276796.5 68728.9 40710.8   4540.1  3212.2  3717.2
  1020 610.215  -0.006 610.209  1060110.3 363056.1 73711.2 32161.6   6485.2  2142.6  5566.7
  1021 657.620  -0.005 657.615  1296520.0 284319.9 133280.2 34560.8   5761.1  2532.5  5708.0
  1022 377.081  -0.002 377.079  1205768.4 272547.5 164640.3 32853.9   4942.4  2642.5  4092.2
  1023 -425.419   0.005 -425.414   945798.4 284084.3 104768.7 17854.0   3882.0  5297.7  2450.1
  1024 -204.199  -0.000 -204.199  1015009.8 273059.5 133973.2 29170.9   3444.6  4080.5  3087.7
  1025 -218.225   0.001 -218.224  1013820.6 246352.8 109542.4 28042.6   5582.4  2931.7  3561.1

         Carbon flux (ktC/yr)        Water (dam3/yr)                Nitrogen (MgN/yr)
       ----------------------- -------------------------- --------------------------------
Spinup NEP     estab   NBP     transp     evap    interc  nuptake ndemand  nlosses ninflux
------ ------- ------- ------- ---------- ------- ------- ------- -------- ------- -------
  1026 -26.096  -0.001 -26.098  1053662.1 275461.6 135919.0 34320.2   4787.8  3890.7  3480.2
  1027  64.302  -0.001  64.301  1003382.4 276760.8 105636.8 31827.0   8775.7  1654.9  5192.9
  1028 -769.745   0.053 -769.692   770126.7 179274.8 106610.7  5368.9   1973.0  5865.3  1647.5
  1029 185.831  -0.023 185.808   842039.5 291081.5 72860.2 34116.2   2418.0  4279.3  2385.8
  1030 555.635  -0.005 555.630  1121045.7 265456.9 83738.0 33464.0   5045.9  2500.7  4027.7
  1031 -670.979   0.030 -670.948   727913.5 404141.7 71522.5 19396.8   2939.8  4519.6  2044.4
  1032 1024.511  -0.019 1024.491  1229942.7 363778.0 95637.6 49662.7   6621.6  2848.2  5946.7
  1033 725.935  -0.006 725.930  1233329.1 295676.2 128972.9 32076.0   6385.1  1993.4  5477.0
  1034 -483.938   0.027 -483.911   935488.4 230072.4 112506.5  9475.4   3354.9  5834.1  2202.7
  1035 -179.342  -0.008 -179.350   871659.5 281118.5 71109.2 26376.1   3604.3  5004.2  2723.2
  1036 197.349  -0.003 197.346  1010472.0 277418.1 111504.8 36736.4   5059.7  3850.3  3693.9
  1037 492.820  -0.004 492.816  1142351.2 359460.5 120452.5 36782.7   6804.7  1715.5  5074.3
  1038 145.837  -0.001 145.836  1062479.9 249905.9 115725.5 23385.1   5270.0  3332.2  3488.0
  1039 -201.169   0.002 -201.167   911259.8 281230.1 113039.4 21125.2   3525.2  3872.8  2886.1
  1040 -204.186   0.001 -204.186   953492.4 302757.3 120335.2 36615.8   8315.5  1519.5  5031.6
  1041 -372.859   0.003 -372.856   806514.3 271829.9 106222.0 22312.1   6494.6  2190.0  3637.1
  1042 -445.500   0.004 -445.497   778439.7 247846.6 78184.4 21031.6   5587.8  3523.8  3062.3
  1043   0.985  -0.002   0.983   886903.5 278334.7 82962.8 31071.3   6296.6  2351.6  4019.0
  1044  62.183  -0.001  62.181   912649.5 250075.1 87155.4 26393.3   7084.9  2177.6  4501.5
  1045 -334.389  -0.000 -334.390   920145.9 279902.1 115420.4 23660.2   5295.7  2410.3  3597.9
  1046 -722.924   0.030 -722.894   678833.9 411052.2 69264.0 24230.0   5013.2  2388.9  2966.7
  1047 645.059  -0.015 645.044   983779.9 354601.6 79995.9 40056.7   6120.5  2676.8  4283.5
  1048 259.391  -0.003 259.388  1013688.7 203489.8 84851.5 21338.2   4897.7  2782.8  3453.6
  1049 453.443  -0.004 453.439  1092412.8 232979.3 104647.2 36893.1   5200.5  1942.0  4297.7
  1050 320.119  -0.003 320.116  1221728.7 290741.7 151828.2 32636.6   5379.0  2834.2  4750.6

         Carbon flux (ktC/yr)        Water (dam3/yr)                Nitrogen (MgN/yr)
       ----------------------- -------------------------- --------------------------------
Spinup NEP     estab   NBP     transp     evap    interc  nuptake ndemand  nlosses ninflux
------ ------- ------- ------- ---------- ------- ------- ------- -------- ------- -------
  1051 127.307  -0.001 127.306  1088384.9 336573.7 151671.0 29226.5   5496.6  2534.3  4013.4
  1052 -114.971   0.001 -114.970   984260.2 304424.8 138404.4 27483.6   6072.1  2401.2  4286.9
  1053 -776.710   0.031 -776.679   816957.1 234555.4 93333.4 12622.8   2075.9  4543.6  1417.5
  1054 -952.171   0.095 -952.076   454927.6 264693.8 31050.4  5816.2   1464.9  9265.2  1286.8
  1055 657.394  -0.052 657.342   687749.2 419718.2 31573.2 53510.9   3536.0  3110.0  3336.4
  1056 1000.341  -0.008 1000.333  1101727.4 260085.1 64168.5 32069.1   6685.8  2306.6  5158.8
  1057 171.530  -0.004 171.527  1052136.3 316023.1 96132.6 25712.3   4000.6  2828.9  3360.8
  1058 -145.955   0.003 -145.952  1010558.9 354992.0 118136.0 26856.7   3021.4  4291.3  2615.0
  1059 237.851  -0.006 237.844  1136377.2 296523.9 112006.2 37803.3   5903.9  2624.8  5282.7
  1060 310.713  -0.002 310.710  1132514.1 283689.9 98402.8 33196.2   7085.5  1885.3  5798.2
  1061 -118.341   0.001 -118.340  1055461.3 253021.1 129360.9 22855.4   2547.3  3980.3  2510.0
  1062   3.194  -0.000   3.194  1033982.4 323087.0 138379.1 34689.3   5397.7  2730.3  3815.2
  1063 212.743  -0.002 212.741  1248684.4 268181.4 163791.6 36484.9   7819.2  1601.6  5344.9
  1064 -385.400   0.006 -385.394   947458.8 202787.3 123734.0 11966.7   5112.6  4472.0  2778.0
  1065 -346.915   0.001 -346.914   822518.1 295381.3 104101.2 25841.2   5874.4  2675.6  3656.7
  1066 -112.233   0.000 -112.233   951372.7 267358.7 86478.7 30014.9   7117.2  3104.8  4425.2
  1067   8.284  -0.001   8.283  1081811.4 263372.5 125076.8 30540.1   8045.0  1418.0  4782.8
  1068 305.699  -0.002 305.697  1157205.8 282043.3 150776.7 33456.2   6472.5  2102.4  4638.9
  1069  -8.851  -0.000  -8.851  1113479.6 291171.2 145972.2 22166.1   6163.1  1653.5  3953.7
  1070 -343.535   0.001 -343.535  1000804.5 262755.8 144429.4 27277.7   5151.8  2422.6  3456.9
  1071 -26.543   0.000 -26.542  1013454.7 252208.2 141263.6 29560.1   5967.8  2440.1  3558.1
  1072 -16.397   0.000 -16.397   972032.2 258171.5 117276.4 26764.6   6363.8  2067.9  3850.4
  1073   8.681  -0.001   8.681  1118904.1 283803.2 147177.3 32320.0   7994.0  1369.1  4825.0
  1074 -279.402   0.004 -279.398   860975.7 310080.5 118247.6 21972.5   6728.2  1935.5  3813.3
  1075 290.200  -0.003 290.197  1264285.9 275312.3 156491.4 40273.9  10654.2  1359.9  6824.0

         Carbon flux (ktC/yr)        Water (dam3/yr)                Nitrogen (MgN/yr)
       ----------------------- -------------------------- --------------------------------
Spinup NEP     estab   NBP     transp     evap    interc  nuptake ndemand  nlosses ninflux
------ ------- ------- ------- ---------- ------- ------- ------- -------- ------- -------
  1076 331.226  -0.002 331.224  1200102.3 335356.3 166900.0 25657.9   8695.4  1884.8  5598.8
  1077 -146.639   0.002 -146.637   979942.9 302139.4 111830.1 22082.4   6220.3  2488.3  3826.9
  1078 -125.054   0.001 -125.053   997906.2 238641.8 133157.2 25050.9   4808.4  2821.9  3510.2
  1079 205.965  -0.002 205.963  1247549.7 301782.5 139199.0 42852.8  10065.4  1479.1  6814.9
  1080 224.317  -0.001 224.316  1164485.9 279436.6 181654.9 31204.3   7164.9  2268.2  4701.8
  1081 -403.808   0.006 -403.803   850079.1 318916.3 133884.3 17594.2   6482.5  2281.1  3616.7
  1082 -837.645   0.031 -837.614   690920.7 426035.2 76449.0 20082.5   5322.9  2520.8  3179.3
  1083 718.829  -0.015 718.814  1082611.8 347333.8 90152.6 45138.7   7720.1  3208.8  5365.6
  1084 321.006  -0.003 321.002  1098012.8 306885.7 115877.4 23978.1   5476.5  1886.5  4312.0
  1085 317.945  -0.003 317.942  1167639.2 342615.8 144160.2 31081.3   5249.4  2903.3  4734.4
  1086 456.669  -0.002 456.667  1268898.5 372677.5 153004.3 33058.4   6996.1  2560.1  6476.0
  1087 241.741  -0.002 241.739  1270934.4 343035.1 178328.4 33240.7   6919.1  2661.5  6016.9
  1088 267.809  -0.001 267.808  1252150.4 263903.2 183366.7 31966.5   6478.0  2506.9  4650.7
  1089 -233.203   0.002 -233.201   966657.1 309671.2 147657.6 24483.2   5683.0  2636.8  3613.7
  1090  24.338  -0.001  24.337  1126757.0 341702.3 169000.0 37963.6   8739.6  1692.3  5412.3
  1091 -123.639   0.001 -123.638  1008841.2 297583.5 130738.0 22950.9   5802.4  4164.8  3695.6
  1092 -449.078   0.005 -449.073   885607.7 308794.0 137472.3 27048.8   8767.7  1539.3  4561.4
  1093 -1002.767   0.106 -1002.661   516970.5 252692.3 47869.6  2645.1   2581.1  6720.2  1487.5
  1094 -37.424  -0.045 -37.469   625538.2 313466.3 36740.7 35053.3   3865.6  6753.8  2817.1
  1095 -605.512   0.014 -605.499   566464.9 259195.0 25319.3  7224.7   3962.8  5682.3  1958.4
  1096 639.351  -0.010 639.341   935365.9 382818.9 50004.6 34779.9   4065.4  2391.4  4051.5
  1097 489.836  -0.007 489.829  1088899.5 390594.6 64881.2 37467.8   4429.6  2589.0  4397.6
  1098 447.528  -0.005 447.523  1065331.7 373746.7 78676.2 32153.9   4940.3  3065.9  5066.2
  1099 285.760  -0.004 285.757  1053386.1 298093.4 98872.0 32013.6   4838.4  2675.0  4780.8
  1100 159.319  -0.002 159.317  1075079.0 276555.9 81667.4 31216.9   5200.6  2249.3  4818.2

         Carbon flux (ktC/yr)        Water (dam3/yr)                Nitrogen (MgN/yr)
       ----------------------- -------------------------- --------------------------------
Spinup NEP     estab   NBP     transp     evap    interc  nuptake ndemand  nlosses ninflux
------ ------- ------- ------- ---------- ------- ------- ------- -------- ------- -------
  1101 -229.265   0.001 -229.264   925486.9 259390.3 93079.0 24155.1   4300.7  5463.9  3513.5
  1102 -63.420  -0.002 -63.422  1094673.1 354320.5 134039.9 37435.6   8268.5  2408.7  6228.5
  1103 272.851  -0.003 272.848  1147495.4 289169.0 105928.2 34959.8   9545.7  1814.8  6420.9
  1104 190.782  -0.001 190.781  1082851.1 325045.7 150997.4 24377.2   7542.7  1838.1  5149.8
  1105 -371.119   0.003 -371.116   847635.1 295771.3 125439.4 20912.6   5747.6  2921.2  3546.9
  1106 -90.882   0.000 -90.882   949222.0 264011.6 109529.2 25564.3   6305.1  2155.2  4096.5
  1107 -598.255   0.020 -598.234   807633.6 402318.8 97155.4 24065.3   6387.2  1925.2  3802.8
  1108 198.142  -0.012 198.130  1025067.7 319018.1 106528.6 42078.6   8863.6  2490.9  5488.0
  1109 -652.748   0.046 -652.702   619855.0 252663.2 49382.0  4252.4   3870.4  5238.5  1952.9
  1110 448.140  -0.022 448.118   880935.4 409600.1 76771.9 43007.9   4772.6  2772.4  3730.1
  1111 509.303  -0.004 509.299  1011942.9 321932.5 80869.7 25981.6   5236.3  3086.7  4269.9
  1112 174.553  -0.002 174.551   985879.4 296853.3 97454.1 26258.3   4800.1  2748.9  3819.1
  1113  84.185  -0.001  84.183  1039512.0 289638.5 132158.3 31250.0   4918.4  2525.0  3588.3
  1114 -40.719  -0.000 -40.719   966433.8 259712.2 116746.4 27387.6   5070.9  2223.4  3768.8
  1115 -91.662  -0.001 -91.663  1077038.4 273253.9 150876.2 32795.0   5472.0  3267.8  3974.0
  1116 105.410  -0.001 105.408  1063939.2 262134.7 119528.0 33392.8   7783.2  2280.9  4753.0
  1117 -354.761   0.008 -354.752   893241.3 266598.8 124874.4 14619.1   3832.9  3269.6  2612.4
  1118 -766.855   0.058 -766.797   673155.1 224093.8 74784.6 11077.5   2839.6  4532.2  1358.4
  1119 408.705  -0.029 408.676   819883.9 363394.3 72772.2 41568.5   4129.8  4289.5  3292.8
  1120 160.601  -0.002 160.598   897091.0 247983.5 73763.9 21614.2   5010.9  3443.8  3459.3
  1121 -378.740   0.003 -378.737   768131.2 255575.8 76078.9 19029.5   2099.0  5496.2  2095.5
  1122 -392.199   0.001 -392.197   821932.2 254664.6 67324.7 24868.0   2696.1  6630.0  2659.5
  1123 -165.897  -0.002 -165.899   868715.6 251111.8 67600.8 33804.3   5494.7  3034.2  3476.1
  1124 246.597  -0.003 246.594   973984.9 356538.4 101727.1 29832.3   5642.9  2035.1  4268.3
  1125 -65.745  -0.001 -65.746   916012.5 391006.4 89557.2 25301.7   5787.9  2082.5  4155.9

         Carbon flux (ktC/yr)        Water (dam3/yr)                Nitrogen (MgN/yr)
       ----------------------- -------------------------- --------------------------------
Spinup NEP     estab   NBP     transp     evap    interc  nuptake ndemand  nlosses ninflux
------ ------- ------- ------- ---------- ------- ------- ------- -------- ------- -------
  1126 410.201  -0.004 410.198  1134048.8 259046.3 111021.5 39471.8   7143.5  1860.6  5704.9
  1127 245.369  -0.002 245.367  1066290.4 341708.0 140646.5 28709.3   5324.1  2428.4  3775.1
  1128 -111.961   0.001 -111.960   960607.7 292918.4 123450.6 20915.6   3797.3  4211.6  2832.0
  1129 239.878  -0.002 239.876  1226516.9 256752.0 163999.9 40416.9   6525.9  2167.1  5179.0
  1130 -936.974   0.097 -936.877   717986.8 206079.9 91767.5  1444.7   2342.7  5110.4  1057.8
  1131 -162.224  -0.036 -162.260   632148.8 417434.8 51662.8 24206.4   1975.4  6664.5  1697.6
  1132 672.692  -0.010 672.683  1117535.3 340406.2 89020.0 43279.0   4448.0  4018.0  3783.8
  1133 529.239  -0.005 529.234  1050543.2 334847.0 88458.0 26343.8   5042.9  3555.4  4449.1
  1134 -141.710   0.001 -141.709   877114.8 283975.9 100938.8 25572.5   4315.2  4243.3  3273.8
  1135  -8.879  -0.001  -8.880  1007702.3 273726.0 130240.3 36537.6   6119.6  3201.8  4235.7
  1136 -560.066   0.025 -560.042   810214.5 237089.4 83046.9 13085.1   3442.9  3262.7  1611.9
  1137 -244.142  -0.009 -244.151   770914.8 247506.7 57909.2 21154.0   1900.7  8135.8  1821.7
  1138 287.881  -0.004 287.878  1015459.9 279637.1 88522.1 41508.5   5924.7  2028.2  4500.4
  1139  49.150  -0.002  49.148   909625.6 308649.7 96695.9 23213.1   6294.1  2103.5  4176.6
  1140 -306.540   0.001 -306.538   871357.4 213534.3 93564.3 21509.5   4379.2  5256.3  2737.5
  1141 -368.076   0.001 -368.075   865714.1 247665.0 78971.4 26508.5   4702.4  3838.5  2757.9
  1142 -272.239   0.002 -272.237   796352.2 311207.6 83533.6 23131.6   2921.1  4350.4  2681.3
  1143 206.537  -0.003 206.534  1000385.7 285825.4 107248.2 37900.1   6605.7  2536.5  4521.8
  1144 349.067  -0.003 349.063  1022546.9 312763.9 103317.3 30036.4   7611.5  1439.3  5434.4
  1145 263.542  -0.002 263.540  1126448.4 337221.7 143317.9 26626.0   6190.4  2451.5  4724.4
  1146 261.778  -0.002 261.776  1109068.4 280874.8 110653.5 34160.9   7647.0  1964.6  5800.3
  1147  84.986  -0.000  84.986  1093234.0 265189.7 164183.0 32326.9   4486.4  4903.7  3573.3
  1148 -265.795   0.002 -265.793   894989.3 297774.6 117617.5 18795.9   3210.9  3089.2  2823.2
  1149 -195.916   0.001 -195.915   955900.5 240723.7 110619.1 30548.2   7286.4  2467.0  3881.1
  1150 -812.491   0.071 -812.419   681493.1 232646.7 79639.1  7576.5   3126.1  3986.2  1536.7

         Carbon flux (ktC/yr)        Water (dam3/yr)                Nitrogen (MgN/yr)
       ----------------------- -------------------------- --------------------------------
Spinup NEP     estab   NBP     transp     evap    interc  nuptake ndemand  nlosses ninflux
------ ------- ------- ------- ---------- ------- ------- ------- -------- ------- -------
  1151 -908.222   0.083 -908.139   404157.9 268934.6 21897.3  4871.4   1145.3  9905.9  1286.1
  1152 272.185  -0.053 272.132   583579.8 416666.3 24755.6 40016.0   2918.7  5901.7  2555.4
  1153 1157.233  -0.010 1157.224  1211814.6 420377.2 61231.7 38526.7   7025.5  2797.3  6344.2
  1154 513.989  -0.006 513.983  1074463.9 368047.5 65999.9 28034.3   5156.3  2952.7  5682.7
  1155 319.219  -0.004 319.215  1112596.6 289236.9 102728.4 34438.9   4286.4  2913.4  4453.2
  1156 170.004  -0.002 170.002  1053034.1 353767.3 122214.6 28587.5   4591.6  2576.1  4456.4
  1157 102.422  -0.002 102.420  1089705.5 292113.7 123942.3 32889.4   5424.5  2168.5  4548.5
  1158 290.597  -0.002 290.595  1141069.9 315170.8 112919.0 33060.9   6725.7  2077.4  5765.2
  1159  56.653   0.002  56.655  1147470.7 345025.7 167195.5 27455.9   5235.5  2770.6  3710.4
  1160  86.517  -0.002  86.515  1136230.5 283716.7 160551.4 28596.5   5999.9  2442.3  3854.1
  1161 -281.923   0.004 -281.919  1016907.5 245955.1 111245.7 24066.9   5371.1  2274.6  3219.9
  1162 -490.325   0.001 -490.324   965422.9 226586.4 138747.6 25289.5   5567.6  2368.4  3469.5
  1163 -836.693   0.072 -836.621   690911.2 212415.6 79824.0  9265.4   3677.6  3752.5  1703.8
  1164 375.246  -0.031 375.215   794186.2 374031.7 70162.7 42087.7   5271.9  4030.7  3859.0
  1165 373.386  -0.005 373.381  1104973.3 324968.7 102607.4 24467.9   6184.3  2555.8  4540.3
  1166 239.796  -0.003 239.793  1085284.5 324527.6 87752.3 25204.1   5902.8  3091.7  4697.1
  1167 -707.442   0.049 -707.394   607850.6 251234.3 45137.5  9723.6   3022.2  6393.9  1555.7
  1168 580.610  -0.024 580.586   961520.0 359392.8 79010.4 43631.1   3481.8  3796.3  3250.5
  1169  73.374  -0.003  73.372   926832.7 390077.7 77398.1 21424.9   5068.5  2623.1  3939.5
  1170  56.685  -0.002  56.684   976933.4 287224.0 76212.7 29565.7   4590.8  5158.2  3876.2
  1171 -149.239  -0.000 -149.239   878453.5 218622.9 86101.0 29291.2   6291.0  2110.5  4168.9
  1172 -365.905  -0.000 -365.905   909175.7 235467.7 106588.1 27725.6   4705.3  3191.8  3379.0
  1173 -631.115   0.030 -631.085   705742.6 214467.1 66405.3 13382.8   3758.5  3960.8  1839.1
  1174 466.966  -0.016 466.950  1035578.5 314550.0 84863.3 43132.0   4231.6  5174.0  4540.8
  1175  18.464  -0.001  18.463   909054.2 369943.8 80195.0 19561.6   5701.7  2293.3  3887.2

         Carbon flux (ktC/yr)        Water (dam3/yr)                Nitrogen (MgN/yr)
       ----------------------- -------------------------- --------------------------------
Spinup NEP     estab   NBP     transp     evap    interc  nuptake ndemand  nlosses ninflux
------ ------- ------- ------- ---------- ------- ------- ------- -------- ------- -------
  1176 486.613  -0.005 486.609  1098264.5 373862.8 110413.6 38664.8   6591.1  2555.8  5421.9
  1177 538.644  -0.003 538.641  1167420.3 346036.0 133685.6 27360.9   5696.0  2336.8  4900.3
  1178 -153.807  -0.001 -153.808  1089243.2 281913.1 143150.6 27064.2   5693.2  2835.5  4054.9
  1179 -80.929   0.001 -80.928  1025819.1 241812.4 147165.8 26081.6   4773.5  3994.5  3186.7
  1180  70.006  -0.001  70.006  1073406.7 299739.6 150547.3 36799.4   7858.8  1439.8  5188.8
  1181 -179.276   0.002 -179.274   907575.0 281502.5 115212.4 18736.4   3571.2  2863.6  2873.7
  1182 -132.567   0.003 -132.563  1051838.3 341341.3 153946.3 34156.1   6316.3  2101.8  3711.3
  1183  24.469  -0.003  24.467  1060623.3 315694.9 127142.9 29429.2  10361.3  1339.2  5647.2
  1184 -50.589  -0.000 -50.589  1059281.2 210786.7 138803.5 26518.8   7590.9  1279.0  4386.1
  1185 -388.019   0.005 -388.014   812226.0 309013.3 114815.3 20214.6   5918.6  3007.2  3431.8
  1186 109.983  -0.003 109.980  1116321.2 269367.3 127677.3 34541.8   7733.0  1439.8  4914.0
  1187 -237.154   0.002 -237.152   934229.6 281283.4 91675.7 16426.6   3456.5  3605.6  2471.2
  1188 -178.596   0.002 -178.594   858656.3 269347.1 93644.2 22284.1   2588.0  4028.7  2813.4
  1189 -44.187  -0.001 -44.188   931039.5 298192.9 96371.8 34623.3   6364.2  1756.7  4178.1
  1190 378.805  -0.003 378.801  1271940.9 299234.0 145122.9 38140.1   9816.6  1205.1  6829.9
  1191 -84.027   0.000 -84.026   976695.1 212721.8 118300.9 17454.8   6100.2  2726.8  3515.3
  1192 -758.235   0.049 -758.186   703720.6 259030.1 87664.6 11207.4   3292.5  6139.0  1910.8
  1193 163.146  -0.022 163.123   773658.7 324032.8 64077.6 38770.4   5845.9  2052.9  4066.2
  1194 729.260  -0.006 729.253  1272240.0 300861.2 111737.6 37091.6   9357.8  1359.9  7025.5
  1195 203.196  -0.002 203.194  1051036.9 242493.9 116210.7 17488.1   4927.4  2008.3  3772.6
  1196 354.608  -0.003 354.606  1302536.0 365080.9 149656.7 37191.3   6995.6  2535.7  6658.7
  1197 284.429  -0.002 284.427  1148468.5 261273.0 121050.3 31508.2   6615.9  2207.9  5053.6
  1198 -785.462   0.046 -785.417   817470.5 265909.0 132159.2 14995.2   3779.9  5208.0  1846.0
  1199 -923.286   0.092 -923.194   454828.3 261416.9 33777.9  1534.1   1813.4  7778.9  1326.1
  1200 635.839  -0.056 635.784   729557.9 492474.3 42367.9 46963.5   3319.1  3807.1  2962.5

         Carbon flux (ktC/yr)        Water (dam3/yr)                Nitrogen (MgN/yr)
       ----------------------- -------------------------- --------------------------------
Spinup NEP     estab   NBP     transp     evap    interc  nuptake ndemand  nlosses ninflux
------ ------- ------- ------- ---------- ------- ------- ------- -------- ------- -------
  1201 -121.714   0.002 -121.712   667980.7 302651.3 21249.1 17104.6   3029.8  5387.2  2095.6
  1202 741.250  -0.007 741.243  1000256.0 359682.6 64116.6 39666.6   4367.1  4023.1  4407.7
  1203 400.185  -0.005 400.180  1001473.3 368727.5 82430.5 32044.6   5346.6  3006.6  5332.5
  1204 -85.772  -0.001 -85.773   927517.7 223302.8 83864.8 23377.7   4003.5  4778.3  3124.6
  1205 -633.642   0.035 -633.606   588437.3 248825.0 37939.9 16589.0   2919.7  6039.5  1667.1
  1206  10.027  -0.018  10.009   735892.5 405201.1 53064.9 34787.5   4337.7  2552.8  3309.3
  1207 440.497  -0.006 440.491  1085315.8 335150.8 86452.6 36865.8   6164.1  2468.3  5054.4
  1208 459.977  -0.004 459.973  1069060.7 275339.7 79122.4 27820.2   6651.5  2209.1  5612.2
  1209 -215.100   0.003 -215.097   969050.9 350297.6 129187.1 19748.7   3136.9  4373.0  2346.5
  1210 -16.598  -0.003 -16.600  1037046.1 309199.1 90945.4 34987.8   5644.7  4138.8  4627.1
  1211 -186.866  -0.002 -186.868  1026501.3 242128.6 121737.6 30749.9   7842.8  2089.2  5000.3
  1212 -626.767   0.031 -626.736   737794.8 234935.4 83162.0  8495.8   4257.0  6083.3  2330.1
  1213 340.332  -0.016 340.316  1009005.6 327259.5 94736.3 35807.7   4187.0  3455.8  3281.4
  1214 706.281  -0.005 706.276  1249674.2 307772.8 103000.1 35746.0   7235.1  1969.7  6117.4
  1215 -384.607   0.010 -384.597   873556.1 244188.4 104441.4 14846.3   4405.1  2548.4  2237.7
  1216  15.274  -0.004  15.270   922682.7 268108.4 124426.4 30699.4   3617.9  4856.8  2913.6
  1217  74.308  -0.002  74.306  1150507.0 311665.0 134688.1 35088.0   5569.0  2328.4  4120.1
  1218 324.751  -0.003 324.749  1229323.3 309687.3 137420.1 33326.1   7415.5  1954.0  5550.4
  1219 -354.233   0.005 -354.227   963156.5 234838.6 117762.2 14341.4   3517.3  4668.2  2539.9
  1220 163.705  -0.003 163.702  1128397.7 335398.9 143599.7 37355.6   6486.6  2793.5  4750.2
  1221 334.483  -0.002 334.481  1185056.3 325401.7 147035.0 31423.5   7405.7  2079.7  4928.4
  1222 -851.161   0.064 -851.097   748292.3 420941.2 85560.2 20255.7   4942.3  2740.6  2974.9
  1223 654.255  -0.035 654.221   914191.8 390215.0 77168.1 35191.4   5645.5  4380.7  4393.9
  1224 -357.571   0.017 -357.554   812818.9 217303.3 73546.8  9064.1   4017.5  4608.2  2036.6
  1225 -796.079   0.064 -796.016   592171.6 255427.5 51859.4  9438.0   1053.3 10848.2  1513.8

         Carbon flux (ktC/yr)        Water (dam3/yr)                Nitrogen (MgN/yr)
       ----------------------- -------------------------- --------------------------------
Spinup NEP     estab   NBP     transp     evap    interc  nuptake ndemand  nlosses ninflux
------ ------- ------- ------- ---------- ------- ------- ------- -------- ------- -------
  1226 831.163  -0.034 831.129   865891.2 422072.8 48913.4 50375.7   4952.4  3624.3  4595.3
  1227 712.845  -0.007 712.839  1105814.6 309412.4 84168.8 26783.0   5640.7  2754.6  4468.7
  1228 -44.324  -0.001 -44.325   918317.1 305892.3 83637.2 17667.8   2756.5  5628.1  3044.0
  1229  26.325   0.001  26.326  1044448.2 369378.1 121131.9 37205.7   5124.1  2685.3  4230.9
  1230 263.036  -0.001 263.035  1200225.5 377147.6 133505.8 32942.3   6822.8  2742.2  5680.6
  1231 468.848  -0.001 468.847  1261909.3 361293.6 140558.4 28383.3   7334.0  1810.9  6160.4
  1232 129.433  -0.000 129.432  1200952.6 270819.1 141998.8 29619.2   6791.8  1675.3  5014.8
  1233 -562.224   0.019 -562.205   916118.7 237805.9 115763.2 13373.3   3144.5  5750.4  2219.6
  1234 199.749  -0.011 199.738  1037152.3 258935.5 108222.8 34900.2   5745.0  1845.4  4177.2
  1235 -75.329  -0.001 -75.330  1061970.9 307367.8 134370.9 21564.4   4392.6  4187.2  3458.2
  1236  18.563  -0.001  18.562  1145614.6 366423.2 149452.8 32522.7   6912.5  2522.1  4892.8
  1237  98.307  -0.002  98.305  1106580.8 259667.6 115178.5 28439.8   8032.9  1954.1  4848.5
  1238 158.605  -0.001 158.604  1262585.6 257528.0 171767.6 32389.8   7787.7  1538.8  5336.9
  1239 -675.721   0.050 -675.671   874460.2 229544.4 125572.7 14971.3   5600.0  3211.6  2548.1
  1240 -56.576  -0.024 -56.599   852314.4 301114.7 101233.5 20841.0   3566.9  4513.4  2521.9
  1241 342.777  -0.003 342.774  1144205.5 269726.6 114830.8 34307.3   6314.7  1870.9  4779.8
  1242  45.229  -0.001  45.228  1118653.8 288451.5 127027.8 23916.5   3716.6  2434.1  3113.3
  1243 -26.502  -0.001 -26.503  1087756.6 301159.1 140321.2 29715.2   3125.9  4123.4  3022.9
  1244 -99.411  -0.000 -99.411  1038533.4 281597.0 114691.6 32547.8   6889.2  2149.6  4126.8
  1245  72.927  -0.000  72.926  1057158.8 293156.8 138185.2 26160.0   5171.0  2196.0  3463.3
  1246 170.961  -0.001 170.960  1118437.6 328740.6 147716.6 30131.0   7560.7  1426.9  4793.4
  1247 -442.016   0.011 -442.005   916039.2 252975.9 112998.4 18928.2   7116.9  1639.5  3489.9
  1248 -723.263   0.017 -723.245   751074.8 351063.4 91395.9  9826.1   2904.0  6746.5  1899.7
  1249 340.784  -0.011 340.774  1051825.3 336832.2 94235.1 42208.7   4842.2  4172.8  3807.5
  1250 389.965  -0.003 389.961  1042831.4 271103.5 83015.2 27565.3   6322.1  2790.2  4845.0

         Carbon flux (ktC/yr)        Water (dam3/yr)                Nitrogen (MgN/yr)
       ----------------------- -------------------------- --------------------------------
Spinup NEP     estab   NBP     transp     evap    interc  nuptake ndemand  nlosses ninflux
------ ------- ------- ------- ---------- ------- ------- ------- -------- ------- -------
  1251 176.388  -0.002 176.385  1191751.5 286279.2 140137.9 29491.7   4355.3  2832.1  4415.5
  1252  55.216  -0.001  55.215  1059152.2 259495.4 142997.0 24644.4   4973.6  3491.8  3682.0
  1253 126.548  -0.001 126.547  1133896.0 264295.2 148310.9 32661.2   5614.3  2946.5  4093.2
  1254 -118.062   0.001 -118.061  1010147.7 277553.5 121101.4 22673.0   4084.6  2355.0  2997.1
  1255 -307.329   0.003 -307.326   861493.6 277791.9 109667.1 25933.5   5382.9  3467.5  3430.6
  1256  34.825  -0.002  34.823  1133409.6 265899.8 129344.3 37656.5   7864.3  1584.2  4961.3
  1257 -910.461   0.103 -910.358   576758.8 247894.7 49503.5 -2449.9   2522.2  5991.2  1406.4
  1258 392.490  -0.046 392.443   679390.9 370937.1 42114.1 40230.6   3570.7  3212.4  2953.7
  1259 1031.479  -0.009 1031.470  1229028.6 324877.4 88974.8 38941.6   6902.0  1756.7  6275.2
  1260 141.647  -0.004 141.643  1094531.9 302207.6 105236.6 21706.0   5471.5  3146.2  4541.9
  1261 105.154  -0.001 105.153  1073396.8 319512.2 131823.2 25667.3   4989.4  2663.2  4319.2
  1262 -228.659   0.001 -228.657   913344.5 252454.1 100654.4 28238.2   5143.6  3305.1  3608.6
  1263 -891.373   0.100 -891.273   614817.1 244325.0 66000.8  9030.4   1727.3  5968.1  1150.8
  1264 -288.574  -0.009 -288.582   508385.2 270220.7 27975.3 24793.9   1349.1  7142.9  1474.3
  1265 -117.403  -0.018 -117.421   756165.9 254911.7 39044.6 23087.4   2510.6  5326.8  2448.0
  1266 206.856  -0.004 206.851   855327.0 284337.6 53244.3 32624.8   5042.1  3047.0  3598.7
  1267  44.903  -0.003  44.900   956095.9 316491.8 84272.8 23926.2   4096.3  3667.9  3059.9
  1268 595.281  -0.006 595.275  1168193.6 399468.9 91487.7 40374.1   6589.0  2495.6  6356.5
  1269 599.157  -0.004 599.153  1233382.4 288601.4 105354.3 31863.8   5982.9  2451.3  5392.0
  1270 -349.203   0.010 -349.193   903021.6 290487.5 105634.8 12501.2   2631.7  5815.9  2251.7
  1271 177.173  -0.005 177.168  1033341.4 333077.7 117246.9 31482.6   4895.6  3551.5  3894.6
  1272 -320.269   0.003 -320.266   850720.7 355157.3 85993.0 28245.0   5739.8  2275.6  3913.0
  1273 169.939  -0.002 169.937   976195.9 282551.8 90060.1 32313.9   7454.3  1639.7  4582.5
  1274 310.464  -0.002 310.462  1082547.8 323510.0 122644.4 25720.2   7622.3  1400.5  4843.8
  1275 -41.115   0.000 -41.115   973913.5 300169.6 101658.2 20544.7   5951.7  2062.6  3881.9

         Carbon flux (ktC/yr)        Water (dam3/yr)                Nitrogen (MgN/yr)
       ----------------------- -------------------------- --------------------------------
Spinup NEP     estab   NBP     transp     evap    interc  nuptake ndemand  nlosses ninflux
------ ------- ------- ------- ---------- ------- ------- ------- -------- ------- -------
  1276 -30.721  -0.001 -30.721  1124950.5 282899.9 132189.7 31973.9   7134.1  1344.9  4692.2
  1277 -537.493   0.015 -537.478   859657.5 362100.7 105708.4 13270.8   4389.6  2424.5  2694.4
  1278 -286.625   0.000 -286.625   768898.3 269771.7 69214.4 23333.1   4256.3  4737.7  2735.7
  1279 -372.980   0.001 -372.979   742175.2 246158.8 62118.0 18421.6   4215.8  4789.1  2632.8
  1280 479.780  -0.005 479.775  1109362.3 307415.3 98473.0 46496.4   8019.7  1581.2  5873.8
  1281 249.628  -0.003 249.625  1138000.2 333135.4 116420.0 22890.5   5938.8  2340.9  4435.4
  1282 192.350  -0.002 192.348  1158058.0 379644.4 138612.9 27502.3   6786.1  2511.7  5180.9
  1283  42.743  -0.001  42.742  1100347.7 255138.7 105867.4 25294.4   6765.1  1864.2  4682.2
  1284 -964.826   0.128 -964.698   623676.1 240325.6 78741.7  5785.8   1290.2  6360.1   902.0
  1285 573.272  -0.062 573.210   764487.1 345813.9 44909.5 42515.6   2816.0  3126.9  2649.6
  1286 516.224  -0.005 516.219  1082236.9 366333.0 94440.7 21019.3   4921.1  4163.8  3848.9
  1287 257.766  -0.003 257.764  1044808.8 265662.7 80383.3 27928.3   5423.5  2917.4  4825.0
  1288 -764.266   0.078 -764.188   630121.7 248014.6 61331.2  8785.3   1706.7  5772.3  1267.9
  1289 210.435  -0.037 210.398   765957.9 350391.6 59896.9 30748.3   2935.7  5525.1  2558.0
  1290 567.045  -0.006 567.039  1030432.3 280494.3 59190.0 33180.7   5118.7  2763.5  4517.6
  1291 267.201  -0.004 267.198   996239.4 316316.6 82622.7 26783.7   5409.1  1695.9  4682.2
  1292 -262.761   0.001 -262.760   838023.1 276255.9 83452.6 22774.0   4764.3  2940.5  3497.5
  1293  -9.932  -0.002  -9.934   976443.2 235974.8 79627.4 34736.1   7341.8  2044.1  4662.7
  1294 -45.949  -0.000 -45.949  1043325.6 326069.9 121721.1 23618.7   5921.2  2208.6  3835.1
  1295 207.650  -0.003 207.647  1102842.9 310714.3 118250.6 29027.2   7054.7  1598.1  4628.1
  1296  90.682  -0.001  90.681  1028041.2 254567.4 103498.2 22364.7   5856.5  1784.8  3951.5
  1297 -45.156   0.001 -45.156   975535.6 283930.5 104074.1 24457.3   5742.8  2148.7  3661.9
  1298 -249.380  -0.001 -249.381  1053960.1 259851.3 127348.9 32006.9   7852.2  1559.1  4775.9
  1299  98.882  -0.001  98.880  1117128.4 213671.9 127633.9 30321.1   8695.8  1163.4  5015.9
  1300 -346.976   0.010 -346.966   830965.0 305712.7 109764.3 15915.0   6023.0  2914.2  3391.9

         Carbon flux (ktC/yr)        Water (dam3/yr)                Nitrogen (MgN/yr)
       ----------------------- -------------------------- --------------------------------
Spinup NEP     estab   NBP     transp     evap    interc  nuptake ndemand  nlosses ninflux
------ ------- ------- ------- ---------- ------- ------- ------- -------- ------- -------
  1301 215.407  -0.005 215.402  1059392.2 322799.0 120495.6 30854.0   7760.9  1555.0  5189.0
  1302 158.623  -0.002 158.621  1092460.1 334602.5 134158.9 28585.3   6836.5  1463.6  4338.8
  1303 -861.156   0.092 -861.064   772220.6 230525.8 85823.4  4822.9   2509.9  4828.8  1091.0
  1304 -74.238  -0.040 -74.279   685488.2 277268.0 41408.1 22766.1   1428.3  8585.3  1600.2
  1305 -163.161  -0.002 -163.163   849713.5 261883.5 51079.4 19931.9   2931.4  5114.6  2095.9
  1306 394.628  -0.004 394.623  1077998.8 301091.5 89451.0 45588.3   3670.9  5049.5  3559.8
  1307  95.237  -0.002  95.235   939616.5 306972.0 76669.7 19629.6   4163.7  3785.7  3241.0
  1308 -496.802   0.008 -496.794   778551.3 239536.8 64056.8 17761.0   3759.3  3463.8  1840.8
  1309 -139.138  -0.000 -139.138   779293.7 277167.8 64958.1 30543.7   4460.9  3316.5  3271.7
  1310 412.152  -0.005 412.147  1149634.1 376818.2 94884.3 43486.9   8672.4  2001.1  6364.4
  1311 163.982  -0.002 163.980  1017865.6 370513.0 77914.1 27502.0   7619.4  1776.6  5199.2
  1312 252.775  -0.002 252.773  1041489.4 330248.4 93808.5 26239.4   7085.2  1745.6  5142.4
  1313 -818.500   0.095 -818.405   555714.0 248903.0 42339.2  2504.0   2447.5  7129.5  1448.4
  1314  85.607  -0.041  85.566   703518.0 349190.7 35623.4 27627.6   2557.3  7624.9  2242.8
  1315 487.605  -0.006 487.600   956124.0 239497.2 54612.7 33492.8   4386.2  3861.4  3480.0
  1316 184.792  -0.003 184.789  1028423.2 342323.1 93586.7 27879.1   3952.5  3210.3  3138.1
  1317 546.455  -0.005 546.450  1246817.8 298236.0 92927.0 37432.4   6205.3  2383.2  6188.1
  1318 232.761  -0.002 232.758  1178949.0 337626.8 131643.6 26271.7   5356.4  3008.3  4691.4
  1319 143.353  -0.002 143.352  1162284.6 272809.8 106956.7 30405.9   6560.2  2772.7  5082.0
  1320 -231.113   0.002 -231.111  1088438.8 308450.6 152475.4 22770.8   4711.2  3063.2  3086.2
  1321  -9.989  -0.001  -9.990  1104977.3 290829.0 135943.6 32097.1   6868.0  2041.0  4124.2
  1322 -243.387   0.005 -243.382   922177.3 202156.8 108057.3 20974.3   6294.9  2653.2  3530.4
  1323 -639.781   0.027 -639.755   795569.1 257292.3 77792.1 11648.5   2252.0  5547.3  1705.3
  1324 -83.270  -0.011 -83.281   766820.2 335883.4 66887.0 24790.0   2430.9  5909.8  2754.0
  1325  98.389  -0.002  98.387   981819.3 290916.1 66441.8 32410.9   6161.7  1760.8  4298.0

         Carbon flux (ktC/yr)        Water (dam3/yr)                Nitrogen (MgN/yr)
       ----------------------- -------------------------- --------------------------------
Spinup NEP     estab   NBP     transp     evap    interc  nuptake ndemand  nlosses ninflux
------ ------- ------- ------- ---------- ------- ------- ------- -------- ------- -------
  1326  27.169  -0.001  27.168   966708.9 246541.4 95486.3 21566.0   4357.1  2421.9  3540.7
  1327 266.434  -0.003 266.431  1250690.9 363929.5 120461.2 35937.5   7442.4  1766.1  5934.2
  1328 240.059  -0.002 240.058  1133250.3 315327.4 94432.9 25565.9   6045.5  3306.6  4528.1
  1329  93.155  -0.001  93.154  1186381.6 329814.3 151259.4 26872.2   7399.8  2542.2  5178.0
  1330 -75.886   0.001 -75.886  1051309.8 340853.4 116756.1 27024.4   7316.2  1970.5  4663.6
  1331 -240.220   0.002 -240.218   916589.2 209061.9 109706.6 25757.5   6843.3  2461.8  3764.1
  1332 -785.562   0.063 -785.499   782057.6 247942.7 83844.8 13294.7   3922.3  2999.5  2056.1
  1333 369.287  -0.027 369.260   889144.9 280121.0 70860.7 43306.8   5780.0  2182.0  4167.4
  1334 701.620  -0.006 701.614  1259116.9 297841.7 119542.3 27948.7   8430.8  1550.1  5985.7
  1335  29.388  -0.001  29.387  1128058.7 265176.7 139916.6 15580.5   4654.4  3350.4  3559.1
  1336 126.832  -0.001 126.831  1147283.5 348629.5 139980.5 32332.5   6902.2  2385.7  5590.8
  1337 -617.823   0.038 -617.785   882810.4 200845.4 111900.1 11237.8   3313.8  4686.7  2026.7
  1338 153.595  -0.016 153.579   848773.6 339387.7 80545.9 32601.8   4282.8  2074.4  3238.6
  1339 -66.232   0.000 -66.231   880418.5 251475.6 76076.9 20502.0   4264.1  5738.3  3209.6
  1340 -72.892  -0.001 -72.893   899521.4 272033.0 82208.3 27887.0   5692.9  2675.7  3787.4
  1341 159.430  -0.003 159.427  1118336.8 294172.6 112760.9 33783.2   7419.7  1486.3  4942.4
  1342  50.498  -0.001  50.496  1101128.2 306747.7 129644.9 22772.2   3847.4  2357.2  3424.0
  1343 172.688  -0.002 172.686  1137702.4 300192.0 124959.5 29822.0   6500.1  1920.5  4718.5
  1344 156.750  -0.001 156.749  1100149.6 257184.6 110075.8 29570.3   6877.2  2082.3  4724.0
  1345 -1080.413   0.149 -1080.264   618273.7 239299.8 80482.1  1213.4   1298.9  6087.1   867.6
  1346 -291.960  -0.028 -291.988   528776.8 319989.3 29161.1 19209.9   1711.0 10290.1  1976.7
  1347 988.154  -0.029 988.125  1031398.5 377514.2 63933.6 45519.3   4387.1  2908.7  4036.0
  1348 786.509  -0.008 786.501  1141306.8 373354.9 88867.5 28423.2   5599.3  2852.2  4974.0
  1349  63.408  -0.003  63.405  1016011.5 284459.4 92247.8 25014.1   4711.9  3227.5  3673.0
  1350 -603.475   0.016 -603.458   832410.9 230211.5 73949.2 14037.5   2290.8  4876.9  1689.0

         Carbon flux (ktC/yr)        Water (dam3/yr)                Nitrogen (MgN/yr)
       ----------------------- -------------------------- --------------------------------
Spinup NEP     estab   NBP     transp     evap    interc  nuptake ndemand  nlosses ninflux
------ ------- ------- ------- ---------- ------- ------- ------- -------- ------- -------
  1351  61.399  -0.008  61.391   984196.1 321188.3 87215.8 31707.3   3128.4  4755.6  2983.4
  1352 -119.319   0.002 -119.318   871915.5 316051.7 79087.2 27881.2   5560.8  2237.8  3891.4
  1353 -434.663   0.012 -434.651   666890.3 256612.8 39694.8 17390.8   4247.1  4801.6  2173.2
  1354 512.028  -0.009 512.019  1136093.1 305153.7 87980.3 40904.0   6648.2  2041.5  5360.5
  1355 -101.012  -0.000 -101.012   946253.8 190949.9 79108.6 13649.1   4635.2  3788.2  2934.8
  1356 -23.993  -0.001 -23.993  1014211.4 309210.8 108721.8 31951.2   4613.0  2470.3  3275.5
  1357 475.111  -0.005 475.106  1199501.1 384456.4 110255.2 36358.4   8149.6  1867.0  6448.7
  1358 -586.566   0.034 -586.531   849621.8 228529.4 82180.4  6252.5   3580.0  4163.1  1620.1
  1359 185.945  -0.016 185.930   949836.3 294024.7 79149.9 25012.9   1822.8  6602.1  2324.1
  1360 -87.563   0.000 -87.563   936572.7 282159.7 67773.0 23482.7   3128.7  4010.2  2636.3
  1361 -98.172  -0.000 -98.172   878304.8 271108.8 75225.5 27278.1   3485.0  3761.4  3094.7
  1362  80.176  -0.002  80.174   980055.7 253509.1 80698.4 33452.0   7193.3  1956.5  4472.2
  1363 -90.417  -0.000 -90.417   944133.8 234585.1 88238.2 20815.3   6312.1  2570.4  3621.5
  1364 -126.765  -0.000 -126.766   917205.6 298226.1 97490.9 26265.5   7611.6  1580.3  4690.2
  1365 -256.346   0.003 -256.343   879571.0 255225.1 76266.9 21061.5   4994.6  3344.5  3275.7
  1366 -42.649  -0.002 -42.652  1022779.0 282472.9 110550.6 32026.7   5473.1  2709.8  4066.6
  1367 242.616  -0.003 242.614  1117507.1 309732.7 112501.8 28617.7   8707.1  1391.5  5578.7
  1368 456.095  -0.003 456.092  1247314.7 359583.4 130590.5 29382.5   9105.3  1601.3  6635.3
  1369 -318.953   0.001 -318.952  1049033.3 245317.4 140577.0 17794.8   6205.7  2230.3  3762.8
  1370 -80.745   0.001 -80.744  1014395.4 246483.5 136432.2 28007.9   5702.9  2567.4  3514.1
  1371 -203.211   0.005 -203.206   940107.5 253341.0 112802.1 24086.6   6224.7  1985.6  3627.2
  1372 -323.946   0.003 -323.943   852582.0 218569.6 96188.9 23765.2   7521.2  1471.2  3678.6
  1373 -106.364  -0.000 -106.364   863166.1 244416.6 102617.7 22663.5   3801.2  3365.1  3327.7
  1374 233.378  -0.003 233.375  1107125.7 307116.5 81368.9 36509.2   8825.5  1368.7  5802.1
  1375 202.752  -0.002 202.750  1102662.0 221765.3 119106.9 25467.9   8816.2  1241.8  5385.3

         Carbon flux (ktC/yr)        Water (dam3/yr)                Nitrogen (MgN/yr)
       ----------------------- -------------------------- --------------------------------
Spinup NEP     estab   NBP     transp     evap    interc  nuptake ndemand  nlosses ninflux
------ ------- ------- ------- ---------- ------- ------- ------- -------- ------- -------
  1376 -651.829   0.023 -651.806   854193.9 257144.9 88650.0  5979.5   3077.1  4061.2  1822.8
  1377 -141.742  -0.010 -141.752   878290.4 322571.6 92348.9 27443.0   3922.0  4132.4  3144.2
  1378 -82.569  -0.000 -82.569   850125.6 218258.3 80522.7 26582.5   4960.1  3579.4  3497.6
  1379  70.567  -0.002  70.565  1000424.0 264861.1 100015.2 35188.1   6564.0  1912.3  4675.4
  1380 -451.524   0.002 -451.522   863066.2 258663.2 77550.0 12665.6   4063.2  3675.7  2371.3
  1381 150.911  -0.002 150.909  1051166.0 344357.4 114489.9 37058.5   5643.9  3015.3  4376.1
  1382 366.472  -0.003 366.469  1156289.5 309321.9 84357.6 31092.7   7427.6  1805.2  5554.2
  1383  15.322  -0.000  15.322  1016372.1 253621.6 129626.2 19512.7   4643.3  2909.9  3154.1
  1384 138.553  -0.002 138.552  1098851.0 351043.0 139014.5 37198.3   7542.7  1545.2  5617.6
  1385 -344.623   0.003 -344.620   978674.8 228663.6 120633.2 15368.6   4578.2  4447.0  2562.1
  1386 -29.636   0.000 -29.636   975493.4 256073.1 122061.8 27009.2   4296.6  3204.5  2985.6
  1387 -64.178  -0.000 -64.179   957873.4 264553.1 104952.0 27627.0   6620.8  1875.7  4286.1
  1388  43.865  -0.001  43.864  1056643.1 278163.9 139663.5 29196.8   7514.6  1891.1  4828.0
  1389 252.817  -0.002 252.815  1211458.0 344288.1 151625.7 31897.7   8550.0  1508.9  6135.1
  1390 256.876  -0.002 256.874  1187795.9 330260.8 154180.9 27948.0   8191.8  1601.4  5373.3
  1391 -409.805   0.014 -409.790  1005280.8 177051.0 135050.1 14912.5   5292.6  3067.2  2917.2
  1392  78.544  -0.006  78.538   994355.1 280047.7 141105.3 29080.0   4828.9  3342.4  3429.1
  1393 222.970  -0.002 222.968  1202772.0 344623.6 152081.9 35143.0   7811.0  1665.5  5878.4
  1394 210.103  -0.002 210.101  1318447.9 344455.0 168851.9 30770.7   8877.0  1791.1  6200.3
  1395  -0.063  -0.000  -0.063  1110330.9 309766.9 153696.7 25823.1   8930.7  1478.1  5631.5
  1396 -940.666   0.091 -940.575   673695.5 243736.7 94437.9  3264.3   1950.8  5409.5  1443.7
  1397 144.741  -0.041 144.700   715788.4 359456.2 55337.8 33612.6   4066.0  3541.2  3008.5
  1398  86.888  -0.002  86.885   857740.2 287865.2 62436.1 20858.8   5014.1  2893.3  3562.6
  1399 367.952  -0.004 367.948  1125212.2 363994.0 108444.1 36272.0   6846.3  2899.8  5813.1
  1400 437.526  -0.003 437.522  1186739.1 306091.8 84651.3 29897.7   6509.2  1975.1  5429.9

         Carbon flux (ktC/yr)        Water (dam3/yr)                Nitrogen (MgN/yr)
       ----------------------- -------------------------- --------------------------------
Spinup NEP     estab   NBP     transp     evap    interc  nuptake ndemand  nlosses ninflux
------ ------- ------- ------- ---------- ------- ------- ------- -------- ------- -------
  1401 -359.111   0.003 -359.108   902552.5 235419.8 113052.5 19907.1   4930.1  2822.5  2964.6
  1402 -334.823   0.002 -334.821   793566.5 272254.0 97916.9 25021.2   5285.6  2906.5  3500.6
  1403  11.754  -0.001  11.753   995500.9 281695.5 118952.2 32198.5   7140.5  2471.8  4586.9
  1404  41.382  -0.003  41.379  1087859.9 292593.1 118374.8 29932.4   8486.6  1537.5  5730.1
  1405 -202.386   0.001 -202.385   899709.2 212156.0 103596.4 20486.9   6875.4  1737.0  3968.9
  1406 -444.201   0.018 -444.183   743048.6 213740.6 88324.5 16558.6   2188.5  5580.2  2145.3
  1407 -84.393  -0.007 -84.400   837133.0 298014.4 89331.4 27051.9   3102.4  4151.0  3165.7
  1408 465.649  -0.004 465.645  1249257.2 333321.2 95924.5 43184.4   9332.3  1523.5  7370.4
  1409 -151.121  -0.000 -151.122   932165.5 280940.8 101580.0 18892.5   6464.8  2071.8  3783.6
  1410 -441.319   0.004 -441.315   819520.7 233399.4 102075.7 24537.9   4856.0  3231.1  2651.4
  1411  22.195  -0.002  22.193   993194.8 264310.5 106034.8 34398.2   5603.1  3150.6  3789.1
  1412 337.423  -0.003 337.420  1132999.6 289326.8 139310.7 34679.0   6548.3  1955.4  4755.3
  1413 -586.149   0.026 -586.123   818324.4 392627.7 98527.4 12336.5   5439.4  2321.2  3129.7
  1414 320.369  -0.015 320.355  1068069.4 346842.7 117421.8 41359.5   6069.1  3111.1  4430.5
  1415 341.660  -0.003 341.657  1044689.7 269419.6 98174.2 27714.4   7487.7  2265.7  5258.2
  1416 -476.383   0.008 -476.375   863231.0 247536.9 98387.2 14475.4   2668.6  6061.9  2356.6
  1417 -199.498  -0.001 -199.499   814991.3 243623.1 81216.2 25679.1   4402.6  4439.2  3188.4
  1418 -156.524  -0.000 -156.525   861886.2 286949.0 94741.7 30021.2   3729.7  3426.8  3462.1
  1419 291.680  -0.003 291.677  1069081.4 279669.0 84169.4 38654.2   9483.1  1349.2  6295.3
  1420 -381.818   0.001 -381.817   842355.5 272840.3 100752.2 15635.5   5786.0  2642.2  3070.6
  1421 -791.353   0.052 -791.301   645584.9 239281.7 65625.8  8816.6   1560.0  6413.3  1531.9
  1422 660.237  -0.027 660.210   954343.7 431884.0 65654.0 51087.6   6439.4  2828.7  5244.4
  1423 746.459  -0.006 746.454  1093317.8 366304.5 74954.6 29567.0   8373.0  2223.7  5991.9
  1424 249.128  -0.003 249.125  1083161.9 251140.5 112366.0 22678.6   6070.5  1932.9  4999.8
  1425 309.224  -0.003 309.221  1190082.0 281298.8 141823.5 32349.0   6029.6  2251.3  5022.4

         Carbon flux (ktC/yr)        Water (dam3/yr)                Nitrogen (MgN/yr)
       ----------------------- -------------------------- --------------------------------
Spinup NEP     estab   NBP     transp     evap    interc  nuptake ndemand  nlosses ninflux
------ ------- ------- ------- ---------- ------- ------- ------- -------- ------- -------
  1426 115.719  -0.002 115.718  1205308.5 302816.2 161748.1 30299.7   4924.7  2790.9  3753.8
  1427  59.200  -0.001  59.199  1243329.5 329566.7 174384.6 31371.1   6710.3  2522.1  5110.7
  1428 110.918  -0.001 110.917  1243822.4 299490.3 167728.0 32445.9   7368.8  1979.2  5421.6
  1429  17.137   0.001  17.138  1081133.7 248759.8 176970.3 26173.1   5595.5  3047.3  3643.4
  1430 -537.402   0.024 -537.378   964275.8 211255.5 136740.0 17622.4   4336.1  5096.6  2349.5
  1431 -181.090  -0.008 -181.098   822748.1 292206.7 99449.7 29314.4   5678.4  2174.8  3531.8
  1432 259.342  -0.002 259.340  1088630.9 337934.4 128749.5 32859.5   9537.6  1475.7  5718.1
  1433 -45.763  -0.000 -45.764   998297.8 309424.3 101574.6 22133.6   6635.8  2960.4  4340.1
  1434 -292.081   0.001 -292.080   896374.0 258228.8 113407.6 21032.7   6086.9  2016.5  3556.0
  1435 -459.204   0.002 -459.201   877466.8 231470.0 93845.9 20202.7   5294.9  3416.8  2924.4
  1436 -420.522   0.002 -420.519   835412.7 252148.0 85021.5 25719.9   3410.3  5476.7  2786.0
  1437 -191.302  -0.000 -191.303   845531.8 300053.0 81475.0 27834.4   5948.3  2094.5  3918.2
  1438  83.925  -0.002  83.923   917800.5 263213.8 82581.1 32487.2   9342.7  1220.3  5619.1
  1439 -134.101   0.000 -134.101   871556.8 244421.1 104850.5 19713.6   3492.5  2810.4  3270.1
  1440 154.361  -0.002 154.359  1068650.1 258728.4 99996.3 37216.3   6924.1  1683.6  4887.1
  1441 -149.663   0.000 -149.663   874001.7 212900.6 99171.2 22948.3   5569.3  1758.0  3084.5
  1442 -151.558   0.001 -151.556   862581.3 240682.3 112712.2 25073.6   3078.3  5688.8  2965.3
  1443 210.423  -0.003 210.421  1096709.3 332921.6 113337.1 43265.8   9661.2  1564.2  6546.8
  1444 174.973  -0.002 174.971  1063946.3 222359.6 131757.3 27003.7   7657.9  1359.4  4834.0
  1445 -109.898   0.001 -109.897   964908.9 290450.1 145541.5 19276.5   4402.2  3571.4  2925.2
  1446 -111.947   0.000 -111.947   954929.1 221412.2 118446.8 35489.9   6548.8  2280.1  3875.5
  1447  89.422  -0.002  89.420  1035840.5 347772.4 149276.9 35270.9   8572.7  1414.0  5112.9
  1448  -1.899   0.000  -1.899   980177.3 296127.9 127013.5 20658.1   6031.8  2145.6  3855.5
  1449 -189.738   0.002 -189.736   947253.6 286315.8 115787.2 27374.9   6259.0  3207.0  4108.1
  1450 -305.119   0.001 -305.118   909474.9 219134.4 119183.8 26801.9   7870.8  2276.2  3997.9

         Carbon flux (ktC/yr)        Water (dam3/yr)                Nitrogen (MgN/yr)
       ----------------------- -------------------------- --------------------------------
Spinup NEP     estab   NBP     transp     evap    interc  nuptake ndemand  nlosses ninflux
------ ------- ------- ------- ---------- ------- ------- ------- -------- ------- -------
  1451  50.747  -0.001  50.745  1009854.0 352587.2 143189.6 36563.9   9360.8  1350.7  5310.9
  1452 -487.129   0.008 -487.121   808867.8 287181.2 101389.0 13070.4   5222.3  3040.4  2840.6
  1453 -66.559  -0.002 -66.562   868111.9 275298.8 101295.2 29096.7   5366.7  2793.1  3399.7
  1454 -708.461   0.037 -708.424   581171.9 255292.6 44520.5 11740.7   3272.1  5896.7  1679.7
  1455 607.840  -0.020 607.820   928344.6 294169.0 64333.7 46051.0   5603.7  1945.2  4719.4
  1456 487.235  -0.005 487.230  1035290.6 378801.5 96647.0 29277.2   6177.4  1907.0  5192.3
  1457 453.480  -0.003 453.477  1100455.4 373637.2 122759.7 28640.8   5308.6  2467.4  5275.6
  1458 -66.764  -0.002 -66.766  1086464.8 320290.5 131514.4 32662.8   5804.2  2659.8  5111.0
  1459 -296.430   0.002 -296.428   847964.0 282019.6 117525.7 26520.1   5231.3  3251.8  3661.6
  1460 111.431  -0.002 111.429  1130195.2 291982.0 156715.5 42416.5   9489.7  1557.5  6395.1
  1461 -25.886  -0.001 -25.887  1111575.9 318005.6 163310.7 24154.0   6529.3  2313.7  4359.1
  1462  34.463  -0.000  34.463  1051856.6 316904.2 116996.5 30316.2   6538.8  2983.4  4653.8
  1463 -202.203   0.002 -202.201   918211.5 255914.7 115988.4 25055.0   5603.4  4160.7  3768.3
  1464 -357.697   0.002 -357.695   829701.1 214087.3 114042.9 26845.5   6673.3  2729.1  3632.1
  1465 -682.820   0.019 -682.801   762846.2 256122.7 91236.2 20323.6   4717.3  2194.4  2524.2
  1466  49.396  -0.007  49.389   906702.2 366980.3 100926.6 39558.3   5595.0  2175.7  3781.9
  1467 249.056  -0.003 249.053  1030034.4 301874.8 108488.6 26776.9   6478.3  1778.0  4693.2
  1468 338.709  -0.004 338.705  1205337.4 337740.0 129247.6 35280.8   8134.1  2122.1  6466.0
  1469   3.409   0.001   3.409   956476.7 258467.5 115788.2 20809.0   4047.4  6497.7  3010.1
  1470  65.263  -0.001  65.262  1194555.8 259751.4 175800.2 42706.8   7625.8  2010.6  5818.0
  1471 246.536  -0.002 246.534  1246962.5 254340.7 185455.1 34002.6   8968.6  1496.3  5989.4
  1472 -390.727   0.001 -390.726  1013261.9 224612.4 174158.7 20298.5   6925.5  1933.2  3987.0
  1473 -409.329   0.004 -409.325   810369.2 209392.0 132658.7 24212.3   4912.7  4064.7  2691.0
  1474 -425.347   0.003 -425.343   819805.0 293491.7 86446.0 22604.2   2722.3  6266.9  2268.4
  1475 129.626  -0.002 129.624  1056869.2 349205.5 128203.2 41308.0   7681.2  2437.6  5252.3

         Carbon flux (ktC/yr)        Water (dam3/yr)                Nitrogen (MgN/yr)
       ----------------------- -------------------------- --------------------------------
Spinup NEP     estab   NBP     transp     evap    interc  nuptake ndemand  nlosses ninflux
------ ------- ------- ------- ---------- ------- ------- ------- -------- ------- -------
  1476 389.886  -0.003 389.883  1082861.7 344401.4 110579.1 29476.4   8496.4  1809.5  5897.7
  1477 275.005  -0.002 275.003  1070566.2 321809.7 153982.0 27418.2   6384.0  2511.8  4850.2
  1478 -427.339   0.005 -427.334   817481.6 238402.8 127477.4 17563.3   3567.3  5914.7  2207.6
  1479 -511.725   0.006 -511.719   735568.1 261944.5 91201.5 17271.6   1777.1  6883.0  1811.4
  1480 -184.274  -0.000 -184.274   867391.9 313522.9 95890.5 24398.2   3434.5  4568.9  2768.8
  1481  50.625  -0.002  50.623   962256.4 279541.3 78987.9 38323.4   5232.1  3627.2  4346.8
  1482 217.347  -0.003 217.344  1067939.6 279707.1 115616.7 33030.8   6364.1  1937.3  4927.9
  1483 -104.577  -0.001 -104.577   907082.3 276361.1 108788.8 23339.3   5120.1  2445.2  3250.5
  1484 -438.358   0.003 -438.355   794950.5 215072.4 100101.7 25032.4   4129.6  3209.6  2277.9
  1485 -128.484  -0.000 -128.484   841663.2 247092.1 102325.3 29743.0   3155.9  5700.7  3066.7
  1486  49.830  -0.002  49.828   925572.3 323021.4 83682.2 36644.8   7110.7  1746.7  4710.5
  1487 429.064  -0.003 429.061  1066764.6 336478.0 131948.7 31915.7   7570.5  1771.1  5333.6
  1488 -124.763  -0.000 -124.763   948887.7 286271.8 121664.9 26327.9   6437.2  1847.7  4016.0
  1489 115.024  -0.001 115.023  1067079.9 275116.7 158315.6 38374.3   4784.2  4120.4  3748.0
  1490 -188.030   0.001 -188.030   900902.2 306364.5 136698.8 24426.7   7207.8  1583.7  4416.5
  1491  -9.664  -0.000  -9.664   967755.6 267527.5 152482.5 31891.1   5685.3  2983.1  3700.0
  1492  43.557  -0.001  43.556   980313.8 307350.7 140306.5 34068.7   7913.3  1334.4  5107.1
  1493 -376.213   0.003 -376.210   872768.2 262835.5 105134.1 17960.7   4012.5  5003.0  2525.4
  1494  37.217  -0.001  37.216   979596.3 270118.8 139436.8 34744.2   5254.7  3333.4  3621.1
  1495 -278.835   0.002 -278.834   945625.5 227378.4 117305.8 21494.5   4281.5  5067.7  2638.0
  1496 -180.510   0.000 -180.509   892874.2 220265.5 107607.8 32283.5   4504.1  3819.4  2962.4
  1497 -400.650   0.001 -400.649   869445.5 249619.1 100665.4 22752.5   5004.5  3530.0  2823.2
  1498 -379.316   0.001 -379.315   801794.4 278260.9 104547.8 30028.0   5294.7  3915.0  3040.7
  1499 -453.879   0.004 -453.875   768451.2 190797.5 92209.4 18146.6   2725.2  4650.0  2201.2
  1500 172.309  -0.003 172.307   877420.6 318781.0 87814.0 39436.2   6371.2  1639.7  4609.5

         Carbon flux (ktC/yr)        Water (dam3/yr)                Nitrogen (MgN/yr)
       ----------------------- -------------------------- --------------------------------
Spinup NEP     estab   NBP     transp     evap    interc  nuptake ndemand  nlosses ninflux
------ ------- ------- ------- ---------- ------- ------- ------- -------- ------- -------
  1501 -370.150   0.001 -370.148   831558.0 240318.2 77092.8 13553.3   3421.7  4438.8  2089.6
  1502  93.402  -0.002  93.401   920629.6 289556.0 111655.2 37225.8   4180.2  4413.9  3339.3
  1503 558.752  -0.004 558.748  1147782.8 317640.8 134656.1 45993.8   6717.6  1716.6  5734.0
  1504 484.605  -0.003 484.602  1098071.7 357662.2 141081.0 28983.0   6963.6  2520.6  5691.3
  1505 188.995  -0.001 188.994  1033981.0 336708.9 159507.9 27646.7   5769.4  2664.4  4545.7
  1506 -333.582   0.003 -333.579   869173.0 283585.6 132731.1 20078.7   3080.3  4750.9  2453.0
  1507 172.242  -0.002 172.240  1169784.6 275542.6 162632.3 43023.4   7625.0  2113.5  5660.7
  1508 -253.768   0.003 -253.766   904177.4 244477.9 133709.7 23354.3   6543.8  1829.8  3626.1
  1509 -194.667   0.001 -194.666   879730.7 240458.6 127771.8 25158.6   3255.0  3689.6  2881.4
  1510 199.450  -0.002 199.448  1116205.8 289958.8 149526.7 44217.3   8949.0  1522.8  5657.8
  1511 329.162  -0.002 329.160  1141845.0 296328.9 158505.3 30466.5   6840.3  1713.7  4769.1
  1512 300.616  -0.001 300.615  1157606.1 280416.2 199512.2 35373.5   5344.6  2244.5  4061.6
  1513 -964.083   0.081 -964.003   728055.3 240513.1 110430.8   748.2   1797.1  4393.1   932.5
  1514 -198.044  -0.026 -198.070   652647.6 246555.3 61459.8 22624.9   1574.3 10485.3  1858.5
  1515 550.654  -0.008 550.645  1010997.5 360784.3 90577.4 39768.4   5371.2  1929.3  4738.7
  1516 675.520  -0.005 675.515  1121561.2 380001.6 113196.5 31329.1   6048.9  2042.0  5435.7
  1517 -448.353   0.005 -448.349   701148.4 261748.5 54087.4 15521.4   3098.7  5480.6  1858.3
  1518 -176.094   0.000 -176.093   847363.3 285729.4 69407.4 22955.8   3204.0  6812.2  2567.9
  1519  81.453  -0.003  81.450   962906.3 366792.6 106073.9 42470.9   6095.2  2114.9  4861.6
  1520 232.736  -0.003 232.734   981907.3 320990.9 95092.8 28074.4   5712.2  2497.3  4543.9
  1521 146.609  -0.002 146.607  1070592.5 284334.4 140566.1 28529.8   5885.7  2366.6  4359.6
  1522 307.543  -0.002 307.540  1157416.6 270445.8 135265.8 38125.9   6699.4  1759.1  5709.9
  1523 -155.184   0.002 -155.182   908405.8 297066.9 124734.9 18865.9   4008.0  4121.5  2928.7
  1524 179.144  -0.002 179.142  1141567.4 291308.2 173975.6 48770.0   8468.4  1626.4  5862.0
  1525 -102.332   0.003 -102.329  1055494.6 355091.7 173597.7 21857.5   5740.6  2202.3  3598.5

         Carbon flux (ktC/yr)        Water (dam3/yr)                Nitrogen (MgN/yr)
       ----------------------- -------------------------- --------------------------------
Spinup NEP     estab   NBP     transp     evap    interc  nuptake ndemand  nlosses ninflux
------ ------- ------- ------- ---------- ------- ------- ------- -------- ------- -------
  1526 -99.490  -0.003 -99.494  1129928.5 292315.3 158089.1 35304.6   9579.8  1613.4  5927.8
  1527 -753.251   0.040 -753.212   733329.9 240718.8 101999.1  5749.3   3817.8  6230.6  1967.3
  1528 104.276  -0.017 104.260   840564.2 296705.9 71086.1 30533.5   3733.8  6587.3  3020.5
  1529 -189.448   0.003 -189.445   842399.5 380888.8 83360.2 26796.7   5334.7  2476.0  3631.8
  1530 -12.901  -0.002 -12.903   931591.9 219342.9 88419.0 28388.0   4565.0  4436.9  3062.3
  1531 -88.471   0.000 -88.471   831994.5 219428.2 85865.3 28079.7   4217.9  4578.2  2912.3
  1532 -453.564   0.002 -453.562   793471.0 269560.3 68915.2 20384.7   2055.2  5885.4  1804.3
  1533 -196.105   0.000 -196.104   785008.9 322251.6 73324.6 30020.4   2618.9  6747.1  2882.9
  1534 193.043  -0.004 193.039  1068647.3 336967.5 111255.5 43382.2   6816.6  1867.0  4959.6
  1535 532.048  -0.004 532.043  1215045.7 366903.5 132206.2 33104.9   8066.4  2170.7  5954.2
  1536 287.279  -0.002 287.277  1051648.4 280941.2 112015.9 28150.2   7422.5  1910.0  5285.9
  1537 110.340  -0.001 110.340  1152582.6 250817.9 169986.2 32983.0   4317.3  3363.0  4243.2
  1538  51.171  -0.001  51.170  1079380.1 215111.8 153944.4 33173.2   7106.5  1603.0  4616.3
  1539 -352.723   0.003 -352.720   855732.6 300467.3 145671.9 21058.6   5670.5  2331.5  3507.9
  1540 -665.104   0.029 -665.075   780289.4 184120.4 112930.5 12930.4   2373.5  6290.4  1859.5
  1541 160.160  -0.013 160.147   911838.6 293850.2 92919.6 42411.0   4573.8  2794.4  3219.5
  1542 489.466  -0.004 489.462  1030596.6 323563.5 119469.2 29259.2   6351.1  3226.0  4872.1
  1543  58.222  -0.001  58.222   985545.9 285178.6 134209.8 21922.7   4095.9  4091.1  2911.6
  1544 -71.125   0.000 -71.124   910302.5 217560.0 109558.4 32070.4   5603.0  2721.7  3917.9
  1545 -311.492   0.006 -311.486   928483.1 357371.8 140830.4 26469.0   3274.6  4481.8  2571.1
  1546 128.682  -0.005 128.678  1047256.1 294146.3 92776.7 39016.9   8037.2  1625.6  5161.2
  1547 -556.561   0.004 -556.557   866326.5 229892.2 97241.9  8337.6   3566.3  4101.5  1887.3
  1548 -452.968   0.005 -452.963   763843.7 237961.7 88148.8 15981.5   1815.2  7199.2  1741.0
  1549  61.058  -0.001  61.057   881179.8 263664.0 66362.5 29503.6   3409.7  6271.3  2920.9
  1550 323.072  -0.004 323.068  1016631.5 377446.3 101034.1 39770.0   6431.3  2265.9  5433.6

         Carbon flux (ktC/yr)        Water (dam3/yr)                Nitrogen (MgN/yr)
       ----------------------- -------------------------- --------------------------------
Spinup NEP     estab   NBP     transp     evap    interc  nuptake ndemand  nlosses ninflux
------ ------- ------- ------- ---------- ------- ------- ------- -------- ------- -------
  1551 347.246  -0.003 347.243  1150320.0 346511.5 129303.9 32169.7   5243.6  3169.2  4374.1
  1552 215.489  -0.002 215.487  1088282.8 324175.6 105461.8 27935.7   5555.0  3509.9  4513.4
  1553 -202.892   0.001 -202.891   898620.6 260983.7 120021.0 21540.5   4637.1  3292.8  3205.8
  1554 -19.239  -0.001 -19.240   964740.8 270683.2 131850.8 31859.8   5256.7  2501.3  3523.1
  1555 179.918  -0.002 179.916  1078676.2 275262.5 146081.7 34408.7   6872.7  2042.8  4706.5
  1556 515.771  -0.003 515.769  1213770.0 288599.6 174938.3 41136.9   7302.1  1326.4  5475.7
  1557 -137.384   0.001 -137.383   973482.5 246066.4 138211.7 17398.5   5175.4  3475.7  3086.3
  1558  24.062   0.001  24.062  1026056.1 329818.4 164772.7 30284.1   6601.0  1674.9  4391.5
  1559 -168.890   0.001 -168.889   954951.3 253717.0 129837.2 29916.0   7734.1  1890.6  4208.8
  1560 -348.775   0.003 -348.773   816971.7 234019.3 119761.3 22231.6   6015.0  3054.6  3373.5
  1561  -5.030  -0.001  -5.030  1029952.5 293203.0 144407.7 34221.4   6366.1  2865.4  4429.8
  1562 -249.486   0.001 -249.485   849109.0 255098.9 110606.1 20798.2   6388.3  2436.7  3856.9
  1563 -353.435   0.002 -353.433   823977.6 293813.4 86773.6 24554.3   4098.1  3729.4  2902.8
  1564  71.865  -0.002  71.863  1006753.5 238023.9 113586.7 36632.7   9790.5  1352.6  5836.0
  1565 -228.378   0.000 -228.378   858895.8 281107.0 113364.3 21863.5   7467.6  1543.8  4119.9
  1566 -282.373  -0.000 -282.373   896316.8 247143.4 130543.5 30051.7   6085.1  2130.9  3961.4
  1567 280.895  -0.002 280.894  1004934.9 333996.9 141378.3 31941.7   8165.8  1531.8  5312.8
  1568 287.008  -0.002 287.006  1068888.5 368066.8 149293.8 33340.2   8952.8  1426.2  6097.7
  1569 305.163  -0.001 305.161  1062650.5 312521.4 164585.2 27092.0   6418.2  1939.1  4274.3
  1570 311.898  -0.001 311.897  1101024.5 325654.7 175530.6 31229.9   7410.0  1478.8  5572.3
  1571 -326.925   0.002 -326.924   950318.5 252359.4 133491.0 22447.5   6159.2  2228.9  3430.6
  1572 -464.873   0.009 -464.864   776850.9 307354.0 122910.6 20346.7   2538.0  5619.4  2330.5
  1573 -118.067   0.000 -118.067   944902.4 343014.6 133189.3 34904.0   5281.7  3295.8  3491.9
  1574 208.354  -0.002 208.352  1113583.9 384672.5 145199.5 33083.4   8786.7  2051.3  6019.7
  1575 541.367  -0.000 541.367  1282919.2 319541.3 168331.6 38185.4   9716.8  1345.3  7333.4

         Carbon flux (ktC/yr)        Water (dam3/yr)                Nitrogen (MgN/yr)
       ----------------------- -------------------------- --------------------------------
Spinup NEP     estab   NBP     transp     evap    interc  nuptake ndemand  nlosses ninflux
------ ------- ------- ------- ---------- ------- ------- ------- -------- ------- -------
  1576 -370.303   0.003 -370.300   955225.5 255448.2 124878.0 11627.6   4627.5  3278.5  2390.0
  1577 -293.599   0.001 -293.597   824524.7 307564.8 102864.3 24697.8   3019.9  8653.6  2574.6
  1578 -674.753   0.009 -674.744   708677.8 247966.9 79091.4 14761.9   3729.9  5830.5  2332.9
  1579 334.124  -0.006 334.118   989739.6 387734.9 87935.9 43175.9   6978.5  2170.1  5578.4
  1580 352.437  -0.003 352.434  1130016.4 358748.9 118138.5 30791.3   5748.5  2835.6  4838.7
  1581 250.630  -0.002 250.627  1059377.6 310405.7 106454.2 29972.9   6781.6  2367.2  5298.8
  1582  41.457  -0.001  41.456   998630.9 348143.6 143108.6 29144.1   4768.5  2412.0  3461.4
  1583 228.938  -0.002 228.936  1086033.1 362150.0 150002.3 38353.4   6515.8  2291.3  5164.1
  1584 486.122  -0.002 486.120  1228269.3 291951.5 186012.6 40730.0   6905.8  2073.0  5376.9
  1585 -749.592   0.021 -749.571   899467.2 258261.6 126050.5  4518.5   2949.6  4934.4  1532.2
  1586  -5.088  -0.009  -5.097   934660.7 356061.6 119612.4 29757.7   2076.1  7951.5  2238.5
  1587 391.238  -0.003 391.235  1191481.2 313290.5 118682.7 41412.0   7607.5  2083.0  6291.1
  1588 181.421  -0.001 181.420  1031586.7 343585.7 145166.9 26181.5   6077.4  2200.4  4467.1
  1589 -814.916   0.050 -814.866   702865.7 266176.7 93090.8  5965.2   2783.3  7198.3  1704.3
  1590 336.074  -0.024 336.050   941987.6 357245.2 83250.5 39533.9   3977.7  4233.3  3349.5
  1591 811.230  -0.006 811.224  1283611.8 385778.9 112056.3 34572.6   7183.4  3659.5  6731.4
  1592 478.051  -0.003 478.049  1149921.0 274120.3 105204.4 28329.5   5708.4  2641.2  5001.6
  1593  90.320  -0.001  90.319  1193239.7 287508.7 168702.7 31658.1   4010.6  3116.6  4145.5
  1594 -483.094   0.011 -483.083   857437.2 208029.5 119485.0 21805.1   5215.1  2626.3  2753.6
  1595 -404.645  -0.002 -404.648   881050.4 248275.0 120776.8 26721.0   3886.1  4654.6  2848.3
  1596 -260.061   0.001 -260.060   831137.3 281514.9 99565.0 31144.7   6633.0  2546.1  4141.4
  1597  49.230  -0.002  49.229   979283.0 278577.6 120858.8 34380.1   7884.6  1650.3  4471.8
  1598 196.132  -0.002 196.130   998377.0 230542.9 105748.4 27263.8   7937.2  1639.5  4658.5
  1599   7.791   0.000   7.791   979711.0 263790.7 123759.4 21965.4   4762.6  2554.9  3633.3
  1600 237.246  -0.002 237.244  1229244.8 354654.1 156930.6 41454.0   7974.8  1847.9  5864.5

         Carbon flux (ktC/yr)        Water (dam3/yr)                Nitrogen (MgN/yr)
       ----------------------- -------------------------- --------------------------------
Spinup NEP     estab   NBP     transp     evap    interc  nuptake ndemand  nlosses ninflux
------ ------- ------- ------- ---------- ------- ------- ------- -------- ------- -------
  1601 -148.159   0.001 -148.158   919903.4 304829.5 103978.3 19693.0   5532.2  3140.2  3347.5
  1602 -24.440  -0.001 -24.441  1067539.1 277479.0 154154.3 37690.2   6025.0  2986.9  4030.3
  1603 394.067  -0.002 394.065  1145412.1 356062.1 153597.7 34588.6   9633.3  1802.3  6066.9
  1604 -654.595   0.036 -654.559   857368.1 209836.3 128550.9  4651.7   3438.6  4841.4  2022.8
  1605 431.044  -0.016 431.027   963003.9 388486.2 105974.6 37766.2   3957.5  2727.8  2935.5
  1606 329.303  -0.003 329.300  1164269.7 336131.8 139496.4 30645.3   4475.9  4324.5  3509.6
  1607 382.244  -0.002 382.242  1158026.0 360090.8 145050.9 32611.5   6701.6  2636.1  5645.9
  1608 -283.078   0.001 -283.077  1011976.1 257074.2 153780.7 24310.1   5209.9  3116.0  3380.3
  1609 -882.326   0.079 -882.247   678549.6 215750.6 89023.6 10284.3   3022.7  4998.5  1431.3
  1610   8.480  -0.033   8.447   666170.7 281275.4 47704.7 33839.2   2554.8  5576.7  2255.9
  1611 500.490  -0.005 500.486  1127125.1 281194.9 96013.2 35056.4   4666.3  2772.8  4723.3
  1612 -176.488   0.008 -176.479   844685.4 382613.7 78282.3 20460.8   4871.1  2577.6  3408.0
  1613 682.232  -0.009 682.223  1250871.3 322734.7 117227.7 43796.2   6931.0  2279.9  6312.4
  1614 227.064  -0.002 227.063  1053202.5 243349.7 115478.0 21814.0   4353.6  2737.1  3547.7
  1615 280.149  -0.002 280.147  1138617.8 327277.4 123227.4 37044.8   6776.3  2057.9  5817.1
  1616 -103.629   0.000 -103.629  1045076.4 264480.6 154775.4 23619.5   3614.8  3337.2  2872.6
  1617  36.216  -0.001  36.216  1037593.4 314050.5 134536.5 35755.5   7516.9  2018.2  5257.5
  1618 -742.235   0.048 -742.187   802923.0 210012.0 109020.7 11254.4   4477.3  2799.4  1970.6
  1619 -59.475  -0.017 -59.492   727828.8 302745.5 72862.5 31878.5   3453.3  5198.8  2441.7
  1620 117.281  -0.003 117.278   921290.7 265716.7 81501.4 34454.2   7322.4  2170.1  4566.6
  1621 373.998  -0.004 373.994  1085500.1 340926.3 123952.9 28899.2   5946.2  2474.9  4439.5
  1622 670.893  -0.003 670.890  1250621.3 374987.8 134162.3 31925.0   7314.0  2146.7  6266.6
  1623 -37.220  -0.001 -37.221  1109425.4 291444.8 146913.1 27001.8   5805.1  2746.1  4130.8
  1624 -146.314   0.002 -146.312   926183.2 248451.6 114794.3 24203.3   3948.9  6465.1  2970.3
  1625 -597.965   0.022 -597.943   852053.2 182012.4 112058.4 16026.9   3898.6  3915.9  2426.9

         Carbon flux (ktC/yr)        Water (dam3/yr)                Nitrogen (MgN/yr)
       ----------------------- -------------------------- --------------------------------
Spinup NEP     estab   NBP     transp     evap    interc  nuptake ndemand  nlosses ninflux
------ ------- ------- ------- ---------- ------- ------- ------- -------- ------- -------
  1626 457.320  -0.010 457.310  1029250.7 250115.9 95879.6 45490.1   6266.7  1610.0  4471.5
  1627  82.549  -0.001  82.548   994031.5 298517.3 121922.8 16648.8   4444.4  4265.1  3043.3
  1628 157.762  -0.002 157.760  1048350.1 261801.9 133215.7 33271.4   5420.3  2150.0  3682.6
  1629  95.060  -0.002  95.059  1157544.7 276221.3 153564.9 29529.6   5983.9  2072.2  4382.2
  1630 149.102  -0.001 149.101  1037353.9 310572.6 123766.1 27986.8   5974.6  2302.2  4256.8
  1631 -101.550   0.001 -101.549   996790.3 240166.5 134993.4 24766.0   4358.8  3147.0  3346.6
  1632 -51.040  -0.000 -51.040  1050367.7 286496.3 125770.0 40383.8   8330.5  1709.1  4894.9
  1633 -178.773   0.002 -178.772   931550.6 232184.6 131277.1 20092.2   3444.3  3711.2  2808.8
  1634 334.939  -0.002 334.937  1172286.1 359388.7 144345.6 42602.7  10316.7  1486.7  6438.1
  1635 -140.824   0.001 -140.823  1062223.3 322823.4 168298.0 17304.5   5151.9  2936.2  3078.0
  1636  -6.714  -0.000  -6.715  1039719.7 261391.3 125727.4 34468.5   8474.4  1900.2  4822.0
  1637 123.236  -0.001 123.235  1135665.4 332357.1 172367.9 30921.7   8468.5  2091.9  5166.1
  1638 119.581  -0.000 119.581  1072227.6 262409.5 128414.3 29126.6   8572.4  1798.7  5126.2
  1639 -197.287   0.001 -197.286  1021578.8 250289.0 153222.6 27044.0   5675.6  1899.1  3474.3
  1640 -519.333   0.002 -519.331   936657.1 270716.9 151049.1 27191.4   5842.3  2513.2  3433.5
  1641 -22.177  -0.000 -22.177  1059602.2 259395.2 144059.6 35715.7   7795.5  1673.9  4330.9
  1642 -300.994   0.005 -300.989   866047.8 294127.0 119208.2 15020.2   2900.7  3403.0  2503.8
  1643 -267.829   0.002 -267.827   795006.2 298184.3 94911.4 29992.7   6021.2  2351.3  3760.3
  1644 394.253  -0.003 394.250  1048439.4 338787.5 113992.3 38467.7   9417.2  1602.6  5929.3
  1645 -784.794   0.060 -784.734   573794.4 265227.7 43751.6  1449.1   3226.1  6140.8  1596.6
  1646 710.236  -0.027 710.210   923954.4 381983.6 67247.3 44855.6   3610.7  3332.1  3526.5
  1647 665.459  -0.006 665.453  1083236.6 383867.4 86232.9 29049.9   6213.8  3176.5  5969.2
  1648 378.342  -0.004 378.338  1144936.9 361668.8 120415.1 29630.2   5116.4  3430.4  5214.1
  1649 166.822  -0.002 166.821  1059526.5 352265.5 109860.9 34541.6   5569.9  2690.7  5200.5
  1650 254.622  -0.003 254.619  1288562.2 278839.7 158296.8 39471.9   8122.1  1524.2  6871.8

         Carbon flux (ktC/yr)        Water (dam3/yr)                Nitrogen (MgN/yr)
       ----------------------- -------------------------- --------------------------------
Spinup NEP     estab   NBP     transp     evap    interc  nuptake ndemand  nlosses ninflux
------ ------- ------- ------- ---------- ------- ------- ------- -------- ------- -------
  1651 -89.251   0.001 -89.250   956747.3 252860.5 126935.6 17815.9   4360.8  2813.5  3054.0
  1652 -755.928   0.041 -755.887   715100.6 247321.0 91530.1 11910.1   3468.3  6868.6  2011.0
  1653 -302.443  -0.011 -302.454   673799.7 251023.0 50451.3 23238.8   3093.1  4295.7  1736.8
  1654 -63.975  -0.003 -63.978   790585.7 251173.8 63584.5 31277.3   4434.1  3620.9  2944.9
  1655  83.925  -0.003  83.922   846649.2 313315.0 76496.8 29889.0   5820.5  1771.9  4189.4
  1656 -33.863  -0.003 -33.866   935733.4 261021.7 92863.5 29026.2   5569.3  2513.0  4032.1
  1657   9.257  -0.001   9.256   928709.4 269186.8 75546.5 25168.7   4647.4  3309.9  3320.7
  1658 -225.996   0.001 -225.994   811691.5 215687.4 86685.1 24970.5   3939.2  4957.1  2854.4
  1659 -319.912   0.001 -319.912   802182.9 274673.4 87568.4 31478.9   5444.2  3092.8  3165.6
  1660 287.038  -0.003 287.035  1056709.7 285368.8 118189.3 40390.8   5824.4  2480.6  4320.4
  1661 -552.616   0.015 -552.601   748984.0 284496.5 78616.0  6825.8   4282.8  4882.6  2437.9
  1662 359.643  -0.009 359.635  1031810.3 319442.5 95006.5 36087.2   4154.5  3485.4  3454.9
  1663 654.290  -0.004 654.286  1162707.6 389260.5 112104.3 32408.5   6564.6  2178.0  6068.7
  1664 220.140  -0.002 220.138  1036116.7 322002.3 117057.2 29127.1   6005.1  1874.7  4984.3
  1665 -380.341   0.011 -380.330   837776.5 258743.0 110624.6 15459.1   2483.7  3901.4  2279.1
  1666 -17.237  -0.006 -17.242   957362.0 268574.3 113434.7 38900.1   5334.1  3063.0  3687.8
  1667 -669.772   0.037 -669.735   704253.2 219371.5 73846.8  8444.5   3405.7  4612.5  1630.6
  1668  95.252  -0.009  95.243   772332.7 281358.0 70498.6 27253.1   2201.0  7563.5  2698.0
  1669 612.188  -0.003 612.185  1109464.6 377603.5 89512.2 39700.6   5626.8  2199.2  5059.8
  1670 623.225  -0.003 623.222  1196067.0 279463.2 115264.4 32266.9   5215.2  1932.1  4659.0
  1671 439.787  -0.004 439.782  1284369.3 288665.5 157680.0 32598.6   4347.3  2459.9  4411.6
  1672 -429.029   0.005 -429.024   921215.8 234753.4 130363.1 18416.0   4270.0  3881.5  2512.9
  1673 -496.996   0.003 -496.993   815921.7 237985.8 108644.2 23880.6   4177.7  3786.3  2256.0
  1674 117.671  -0.003 117.667   991806.4 345119.7 116291.2 34913.5   5249.8  2384.4  3669.0
  1675 -540.724   0.022 -540.702   657868.0 251522.5 50875.0 12405.0   3332.3  5602.2  1727.9

         Carbon flux (ktC/yr)        Water (dam3/yr)                Nitrogen (MgN/yr)
       ----------------------- -------------------------- --------------------------------
Spinup NEP     estab   NBP     transp     evap    interc  nuptake ndemand  nlosses ninflux
------ ------- ------- ------- ---------- ------- ------- ------- -------- ------- -------
  1676  -1.082  -0.008  -1.090   830620.0 252366.1 65547.9 28225.1   3969.0  4976.6  2835.5
  1677 -83.101  -0.002 -83.103   846466.2 388926.1 73912.0 27713.5   5164.8  1912.3  3774.6
  1678 244.962  -0.003 244.959  1016718.2 295835.4 104713.4 32208.1   5495.0  3172.5  4141.3
  1679 519.709  -0.003 519.705  1117213.9 363984.4 115468.9 31445.8   5673.5  1606.9  5181.8
  1680 281.988  -0.002 281.986  1102981.7 324731.2 131270.1 28129.7   5066.4  2346.3  3824.3
  1681 393.371  -0.003 393.368  1329181.9 262851.5 165256.2 38085.5   6802.7  1508.4  6235.6
  1682 210.835  -0.001 210.834  1207697.5 326824.4 176507.9 26628.9   6282.9  2403.6  4791.6
  1683 136.297  -0.001 136.296  1301390.4 326893.2 189338.2 33558.2   7034.4  2322.2  5187.9
  1684 -113.927   0.003 -113.924  1036700.0 317888.9 150324.8 27561.7   7371.8  1917.8  4786.9
  1685 -220.181   0.002 -220.180   960097.5 231523.2 143900.7 25266.2   3707.8  2863.8  3077.4
  1686 220.398  -0.002 220.396  1182691.7 274082.8 156957.1 37380.3   7839.5  2135.8  4892.2
  1687 290.027  -0.001 290.026  1138772.1 330629.4 162979.7 28972.9   7512.9  1491.0  4945.8
  1688 -523.493   0.013 -523.480   922845.9 230326.2 133633.3 11918.2   3949.4  5477.1  2446.2
  1689 -62.310  -0.005 -62.315  1016149.1 308698.2 134884.0 28038.4   3795.2  3795.3  3130.4
  1690 307.267  -0.002 307.266  1163282.9 366031.1 140456.4 33865.5   8015.0  1774.7  6045.3
  1691 208.357  -0.002 208.355  1144831.7 353281.6 150447.8 31854.0   7737.0  1524.2  5476.3
  1692 -721.721   0.062 -721.659   667815.9 252137.1 60946.2  5361.6   2986.9  6458.9  1439.6
  1693 201.445  -0.031 201.414   897288.5 360209.0 83987.1 32799.9   2573.8  6901.1  2380.7
  1694 422.482  -0.004 422.479  1100672.7 331051.8 79961.8 29934.0   5165.7  3957.4  4431.8
  1695 -105.077  -0.000 -105.077   895925.7 221165.1 91532.6 24941.7   5499.9  2296.3  3640.9
  1696 -79.754   0.000 -79.754   940396.0 264089.5 126952.5 28765.3   4294.7  3816.6  3272.5
  1697 -216.945  -0.000 -216.945   934380.7 376049.1 101343.1 28419.5   5720.7  1749.2  3885.8
  1698 -100.921  -0.001 -100.921   940821.5 266041.2 102761.2 32837.6   7037.0  1998.8  4097.4
  1699 -564.522   0.023 -564.499   800452.0 178720.0 98648.8 10182.8   2368.3  4970.6  1814.3
  1700 267.336  -0.011 267.325   868098.6 327909.6 78679.1 36528.0   4683.0  1899.3  3638.0

         Carbon flux (ktC/yr)        Water (dam3/yr)                Nitrogen (MgN/yr)
       ----------------------- -------------------------- --------------------------------
Spinup NEP     estab   NBP     transp     evap    interc  nuptake ndemand  nlosses ninflux
------ ------- ------- ------- ---------- ------- ------- ------- -------- ------- -------
  1701  93.539  -0.001  93.538   948586.7 266852.5 100933.1 21132.4   4323.6  3501.5  3099.4
  1702 -435.700   0.014 -435.686   663443.8 252398.4 43953.6 18641.2   3144.7  5660.4  1798.2
  1703 424.789  -0.009 424.780   969887.1 375384.7 84943.4 41810.5   5142.3  2481.2  3978.3
  1704 313.207  -0.004 313.202  1093693.6 321472.5 99067.4 30049.3   6501.9  2693.7  5282.8
  1705 -508.621   0.011 -508.610   758784.7 243144.1 79249.7 11333.7   3497.9  6523.9  2202.0
  1706 145.070  -0.004 145.065   850549.4 235592.4 69816.4 33314.7   4666.5  2797.3  3310.2
  1707 -18.584  -0.001 -18.585   979855.7 270729.5 93450.8 28999.6   3126.4  3607.8  3089.0
  1708 -149.598   0.000 -149.598   867627.6 304849.9 86198.5 23344.7   3058.9  3002.9  2857.0
  1709  99.982  -0.002  99.981   976855.2 256854.6 98483.3 34362.7   4894.8  2567.9  3952.4
  1710 420.669  -0.004 420.665  1082705.5 340311.7 97590.8 33756.8   6878.9  1705.5  5498.3
  1711 -119.914   0.001 -119.914   921427.8 217475.7 104217.5 21078.4   5561.6  2081.9  3209.7
  1712 -72.221   0.000 -72.220   985950.5 336454.0 130702.1 33103.1   4001.9  4005.2  2939.0
  1713  10.185  -0.001  10.184  1121066.8 323276.5 146711.2 33127.9   5966.7  2895.7  4147.9
  1714  90.610  -0.001  90.610  1006975.4 258891.4 111133.8 27695.8   7342.0  2043.4  4616.8
  1715 -125.077   0.001 -125.076  1025032.4 292603.2 133402.0 25423.7   4055.7  3482.3  3129.8
  1716 -127.893   0.001 -127.892   951504.3 274105.5 124639.5 28736.7   3698.8  2912.9  3236.8
  1717 239.424  -0.002 239.422  1089803.2 316377.9 113303.5 38179.7   8746.6  1443.8  5608.9
  1718 -415.524   0.007 -415.517   960646.2 210047.6 123309.1 10462.2   4881.8  3737.0  2540.5
  1719 -774.007   0.071 -773.937   658136.2 220228.9 71993.5  7990.1   1432.2  4238.2   930.9
  1720 -104.105  -0.031 -104.136   664063.9 266187.2 44623.1 25525.5   1404.0  8435.2  1843.9
  1721 -176.311   0.000 -176.311   774791.8 387984.1 58807.2 26753.6   3628.1  3353.7  2646.8
  1722 213.084  -0.004 213.079   888115.1 402508.8 62154.2 36106.2   5349.9  2267.8  4208.1
  1723 368.615  -0.004 368.611   973884.4 263400.1 70953.2 31724.9   5903.6  2995.9  4395.7
  1724 134.775  -0.002 134.773   929708.0 318918.1 93603.7 26587.6   5615.5  1880.9  4500.3
  1725 -251.593   0.002 -251.592   805933.0 278640.1 89939.3 25607.4   4806.7  3068.5  3441.2

         Carbon flux (ktC/yr)        Water (dam3/yr)                Nitrogen (MgN/yr)
       ----------------------- -------------------------- --------------------------------
Spinup NEP     estab   NBP     transp     evap    interc  nuptake ndemand  nlosses ninflux
------ ------- ------- ------- ---------- ------- ------- ------- -------- ------- -------
  1726  25.393  -0.002  25.391   958221.3 322403.6 96394.1 37997.0   8891.6  1573.9  5728.5
  1727  87.392  -0.002  87.391  1032993.7 262496.4 116774.6 25693.7   5948.4  2430.9  4021.5
  1728 -210.342   0.001 -210.341   916626.6 246196.8 99345.4 21035.1   3809.3  4215.4  2867.6
  1729 -131.821   0.000 -131.821   909422.0 238277.2 96526.4 31217.4   5505.5  3086.9  3305.2
  1730 -117.897  -0.002 -117.899   983106.2 270009.5 118776.5 32863.3   8005.6  1719.7  4920.9
  1731 201.806  -0.002 201.805  1026334.2 269447.2 139614.4 25315.9   6150.2  2651.6  4129.9
  1732   9.585   0.000   9.585  1022243.2 273304.4 99883.0 26002.3   4755.4  2539.7  3223.0
  1733   7.822  -0.000   7.821  1060579.6 253368.8 139273.9 32594.1   5139.2  2442.2  3559.6
  1734 -560.018   0.010 -560.008   876376.3 257577.3 97111.6 13243.1   2124.5  4086.4  1700.4
  1735 -354.239   0.002 -354.237   777128.0 274305.9 75445.6 24783.7   3025.7  4471.3  2036.1
  1736 -376.582   0.007 -376.575   746551.9 191163.4 75635.5 18302.3   2042.8  7119.7  2015.8
  1737 476.766  -0.004 476.762   982564.5 329993.8 84683.2 46821.9   6519.7  1621.3  5082.3
  1738 224.026  -0.002 224.025   992117.7 279618.6 97055.6 20899.9   4849.8  2574.1  3711.4
  1739 101.820  -0.002 101.818   937799.1 259378.7 78003.9 29448.9   5704.4  2129.2  3929.1
  1740  32.786  -0.003  32.784   979991.3 316157.0 125545.2 25361.4   4401.9  2864.4  3522.8
  1741 172.734  -0.002 172.732  1112437.6 291125.5 120161.4 38025.1   8282.9  1547.6  6041.4
  1742 -587.550   0.008 -587.542   872212.5 258900.2 95541.9  9323.2   3789.2  4468.4  2013.1
  1743 -174.033  -0.001 -174.034   827983.4 312221.2 94046.0 27363.5   4029.7  3847.0  3176.1
  1744 -422.052   0.001 -422.051   815618.4 239026.4 70024.4 22296.5   3031.7  4089.5  2111.5
  1745 -333.173   0.001 -333.172   827697.0 257817.7 73891.0 29441.0   3312.7  6342.1  2826.0
  1746 120.076  -0.003 120.073  1010735.5 297694.1 100736.0 39448.3   7466.7  1695.2  4851.3
  1747 -211.107   0.001 -211.106   882301.1 228886.3 92047.1 13071.6   3846.5  4056.2  2695.7
  1748  43.336   0.001  43.337   990499.9 317485.0 120739.6 39380.5   5075.5  2260.1  3465.5
  1749 491.091  -0.005 491.086  1193717.1 325127.7 122721.9 34834.1   8323.3  1674.0  6080.9
  1750 -155.034   0.000 -155.033   921263.7 295765.5 115495.1 12843.2   2859.9  3344.5  2631.4

         Carbon flux (ktC/yr)        Water (dam3/yr)                Nitrogen (MgN/yr)
       ----------------------- -------------------------- --------------------------------
Spinup NEP     estab   NBP     transp     evap    interc  nuptake ndemand  nlosses ninflux
------ ------- ------- ------- ---------- ------- ------- ------- -------- ------- -------
  1751 260.018  -0.002 260.016  1054954.4 355153.1 135130.5 40428.6   6048.7  2296.5  4543.8
  1752  41.803   0.000  41.803   961767.3 256493.2 115172.1 25223.4   5170.3  3134.1  3531.0
  1753 -460.260   0.001 -460.259   918572.8 276473.5 140179.1 27751.4   4903.3  3100.6  3295.2
  1754 105.336  -0.001 105.335  1009417.2 313637.0 142668.5 36612.9   8371.0  1654.7  5273.5
  1755 268.698  -0.002 268.696  1129725.4 285815.2 170235.6 33192.7   7760.2  1471.3  4939.7
  1756 -930.319   0.093 -930.226   703530.8 242342.8 93641.7 -1769.4   1947.9  3701.6   965.5
  1757 -45.484  -0.040 -45.524   609277.6 356188.7 48161.5 23017.9   1579.7  9523.0  2156.3
  1758 526.204  -0.006 526.199  1000467.2 276791.6 60741.3 37263.2   5424.2  2428.5  4425.5
  1759  75.214  -0.002  75.213   930019.0 321849.9 96726.3 20272.6   3521.4  4888.7  2842.7
  1760 163.420  -0.002 163.417   932280.3 238061.8 81618.9 40147.7   6025.4  1985.0  5045.0
  1761 -598.698   0.006 -598.691   767781.3 354807.8 88827.3 13557.9   3564.0  3753.4  2403.9
  1762 -211.086   0.000 -211.086   760204.7 272291.9 59829.5 25572.9   4002.8  5035.0  2868.4
  1763  29.740  -0.002  29.738   852017.5 289640.4 71987.3 32684.5   5327.4  2736.9  4029.0
  1764 127.803  -0.002 127.801   927360.7 284673.4 66899.4 26315.0   5137.3  2857.5  3903.0
  1765 -127.953   0.000 -127.953   827288.1 220546.9 80830.6 23674.0   4480.6  3979.7  3365.4
  1766 -341.752   0.002 -341.750   760133.1 257763.5 75117.5 23343.6   2512.9  5153.3  2487.8
  1767 -105.905  -0.001 -105.905   845395.0 290978.8 87351.2 31393.7   3626.9  3456.0  3460.3
  1768 391.874  -0.004 391.870  1062585.3 286087.7 78930.3 38875.4   9211.0  1392.0  6339.5
  1769 -99.711   0.001 -99.711   844414.2 312258.5 88562.2 13042.2   2978.9  3512.1  2901.6
  1770 -50.470  -0.000 -50.471   885793.0 251335.0 89975.4 35037.5   6055.4  2679.0  4305.1
  1771  53.855  -0.002  53.853   972704.1 352240.4 122100.2 32472.8   6184.4  1897.9  4154.4
  1772 271.819  -0.002 271.817  1120770.2 307129.3 132152.2 31386.8   6547.9  1903.7  4737.3
  1773 -766.074   0.048 -766.025   738064.5 271731.3 92210.2  4372.8   2560.3  6098.6  1701.0
  1774 729.897  -0.024 729.873   942228.4 399538.9 82488.6 39189.3   4314.4  2467.6  4076.3
  1775 388.660  -0.004 388.657  1034607.3 267264.3 83231.7 27101.4   4903.0  2832.1  3655.3

         Carbon flux (ktC/yr)        Water (dam3/yr)                Nitrogen (MgN/yr)
       ----------------------- -------------------------- --------------------------------
Spinup NEP     estab   NBP     transp     evap    interc  nuptake ndemand  nlosses ninflux
------ ------- ------- ------- ---------- ------- ------- ------- -------- ------- -------
  1776 -78.723  -0.001 -78.724  1005101.2 324805.3 131128.5 25184.6   2678.4  6496.5  2698.1
  1777 136.441  -0.002 136.439  1160747.4 319927.8 133239.1 39356.0   6532.2  2140.5  5467.1
  1778 216.090  -0.002 216.088  1068070.1 331740.3 143903.2 29827.2   6394.2  1651.3  4620.5
  1779 -389.219   0.003 -389.216   903069.0 258892.4 126946.0 21462.2   5322.7  2814.5  2865.8
  1780 -836.245   0.067 -836.178   656375.8 239044.9 74462.6  6056.1   1070.1  6307.4  1327.7
  1781 695.172  -0.033 695.139   873196.1 402649.9 62693.9 49120.0   5647.4  3100.8  4691.4
  1782 444.100  -0.005 444.095  1067288.9 301515.9 91452.8 23494.0   6965.4  2713.0  5241.5
  1783 423.088  -0.003 423.085  1156319.3 286721.7 138778.3 33547.1   5694.9  2549.2  4880.5
  1784 -233.362  -0.001 -233.362  1028162.9 285297.3 135453.9 24092.3   5656.3  3033.6  4225.2
  1785 -759.377   0.067 -759.310   582707.9 248631.8 50274.8 11278.1   2960.3  6789.6  1515.9
  1786 636.182  -0.032 636.151   890773.8 313981.4 62611.4 46403.1   4913.4  2464.6  4290.1
  1787 -528.791   0.019 -528.773   617027.5 257834.1 37177.3  5263.0   3318.5  6180.0  1813.7
  1788 809.868  -0.012 809.856  1002741.2 271831.8 61284.0 36858.7   3830.3  2896.3  3641.8
  1789 -132.481  -0.000 -132.481   842200.9 320730.6 71201.1 19873.8   3547.6  4592.5  3025.8
  1790 -76.653  -0.003 -76.656   972362.1 288321.6 83696.4 39718.4   5894.8  3043.7  5355.1
  1791 -518.727   0.012 -518.716   619971.0 254654.1 39473.0 14710.4   3495.3  5918.2  1920.1
  1792 198.722  -0.006 198.716   954540.5 325688.5 73370.2 31596.3   3463.4  6080.3  3318.5
  1793 536.998  -0.005 536.993  1218729.8 393090.4 93420.6 35605.0   6947.7  3032.7  6982.6
  1794 479.786  -0.004 479.781  1163761.6 310062.3 88381.4 31031.7   6174.6  2659.0  5730.9
  1795 109.452  -0.001 109.451  1022267.5 262281.3 138816.7 23284.3   3917.8  4471.0  3172.8
  1796 318.806  -0.003 318.804  1309962.5 287933.1 159514.1 42700.6   6314.5  1906.7  5963.2
  1797 -818.996   0.064 -818.932   759134.9 400085.9 93714.8 16963.9   4184.3  3443.4  2508.3
  1798 635.132  -0.034 635.099   893339.7 313169.2 74079.8 38285.2   4858.1  3991.4  3756.1
  1799  17.517   0.002  17.519  1007376.3 359242.0 117586.9 19849.4   3794.2  4541.0  2921.0
  1800  23.567  -0.004  23.562  1018505.1 292038.9 97849.1 32088.8   7228.5  2524.9  4862.7

         Carbon flux (ktC/yr)        Water (dam3/yr)                Nitrogen (MgN/yr)
       ----------------------- -------------------------- --------------------------------
Spinup NEP     estab   NBP     transp     evap    interc  nuptake ndemand  nlosses ninflux
------ ------- ------- ------- ---------- ------- ------- ------- -------- ------- -------
  1801 -823.166   0.065 -823.101   668813.2 241155.5 71509.1  5052.4   2261.9  6561.8  1616.3
  1802 665.325  -0.034 665.291   894595.7 439936.3 63491.5 45430.3   4788.1  2649.0  4265.4
  1803 654.636  -0.005 654.631  1029981.1 287367.4 70688.8 30088.1   5767.5  2453.3  4919.6
  1804 -785.261   0.085 -785.176   620726.6 220329.1 62836.0  3669.9   1264.6  6807.3  1023.9
  1805 -98.153  -0.036 -98.190   629984.3 345580.4 42406.2 19624.3   1393.1  8457.6  1853.1
  1806 671.197  -0.007 671.190  1056124.0 391783.1 70117.4 45797.4   4896.6  2930.1  5054.9
  1807 658.434  -0.006 658.428  1193522.9 305770.5 82941.7 33660.0   5953.4  2600.0  5961.8
  1808 265.603  -0.003 265.599  1162904.7 345450.9 123877.2 26912.9   5017.3  3855.3  4714.3
  1809  67.405  -0.003  67.402  1245848.9 320778.3 124774.5 33387.7   6253.3  3258.0  5823.8
  1810 -136.037   0.002 -136.035   976286.2 249219.9 105236.2 22598.8   4234.9  6228.3  3284.4
  1811 -229.945   0.002 -229.943   986420.6 235414.4 123189.5 30032.3   5192.4  3561.5  3791.8
  1812 249.343  -0.003 249.341  1304256.2 361306.4 144885.4 42481.2  10974.9  2012.0  7046.0
  1813 -270.765   0.007 -270.758   846897.8 264332.2 58900.1 13183.2   5738.6  2806.5  2891.6
  1814 -223.902   0.001 -223.901   825401.6 287253.8 97980.6 25877.7   5233.4  3574.2  3289.1
  1815  14.176  -0.001  14.175  1059441.4 325732.6 131953.1 32722.2   7183.6  2221.7  4532.2
  1816 240.243  -0.003 240.241  1110401.4 305774.7 130253.3 26856.5   7426.7  2015.0  4713.9
  1817 -17.342   0.000 -17.342   990868.1 254030.6 118370.9 21086.7   5300.7  2213.4  3648.2
  1818 -206.954   0.002 -206.952  1036629.3 303683.5 150172.4 29243.1   5239.0  2922.5  3370.6
  1819 -270.775   0.002 -270.773  1016757.4 225423.8 112525.1 25616.2   6500.5  2504.2  3682.0
  1820 -40.284   0.001 -40.283   962586.4 240635.0 113917.0 29294.6   4124.8  2605.6  3256.0
  1821 249.764  -0.002 249.762  1089040.5 318149.4 106408.3 33873.2   8624.3  1444.2  5659.5
  1822 -12.410  -0.000 -12.411  1015338.3 240533.5 118554.9 21190.4   7046.6  2435.4  3856.6
  1823 -210.613   0.000 -210.613   883098.9 284571.1 109617.2 20720.2   4006.4  3136.2  3041.9
  1824 -234.497   0.001 -234.496   916535.6 284486.8 110651.1 28595.4   6437.0  1762.6  3721.2
  1825 -497.765   0.005 -497.760   878071.4 232272.4 92451.7 18351.1   5507.5  3442.8  2922.0

         Carbon flux (ktC/yr)        Water (dam3/yr)                Nitrogen (MgN/yr)
       ----------------------- -------------------------- --------------------------------
Spinup NEP     estab   NBP     transp     evap    interc  nuptake ndemand  nlosses ninflux
------ ------- ------- ------- ---------- ------- ------- ------- -------- ------- -------
  1826  85.143  -0.002  85.140   967175.2 347271.7 117798.1 32529.1   5708.9  2212.2  3964.2
  1827 175.475  -0.002 175.473  1068961.5 284164.3 130058.1 28547.4   7359.3  2150.4  4897.1
  1828 401.012  -0.002 401.010  1134162.6 350473.3 140108.3 28740.2   6866.8  1378.3  5392.3
  1829 210.064  -0.002 210.062  1176868.9 282365.0 139599.0 31269.8   7725.6  1559.8  5680.7
  1830 -477.091   0.018 -477.072   818547.0 247411.1 120320.2 13698.8   3813.6  4303.7  2276.7
  1831 -196.836  -0.005 -196.841   772342.0 324752.3 85707.4 20295.4   2203.8  6482.4  2651.1
  1832   8.809  -0.002   8.807  1082067.6 323974.6 121423.9 37504.0   6135.9  2019.1  4532.3
  1833 278.422  -0.003 278.420  1051504.5 325572.0 99381.0 27842.1   7591.3  1705.7  5563.8
  1834 230.906  -0.002 230.904  1161357.9 264536.5 130871.6 29462.2   8145.6  1425.1  5893.3
  1835 108.534  -0.001 108.533  1136266.8 280135.2 168290.7 31474.1   5841.8  2956.9  4338.3
  1836 -220.904   0.001 -220.903  1063692.3 309246.3 166218.0 24104.8   4880.3  3002.8  3620.1
  1837  98.601  -0.001  98.600  1192185.0 294800.3 143237.6 38221.3  10458.1  1579.6  6420.3
  1838   8.089  -0.001   8.088  1063923.1 337097.2 162625.6 27165.1   7859.1  1846.1  4501.2
  1839 161.721  -0.000 161.721  1114801.9 333230.1 168623.0 27363.5   8098.6  1474.0  5061.2
  1840 -412.052   0.009 -412.043   864784.5 338496.4 125999.4 22426.7   7334.0  1924.1  4063.3
  1841 154.938  -0.004 154.934  1043398.0 328626.6 136967.1 33328.9   9462.2  1676.2  5608.7
  1842 -511.356   0.022 -511.334   860254.0 210251.7 115812.6 10050.2   4123.9  3821.6  2516.2
  1843 -238.531  -0.005 -238.535   804446.8 204297.4 86383.7 20671.7   2876.5  3710.7  2169.0
  1844  27.232  -0.002  27.230   928751.8 252933.6 93866.8 37282.0   4356.2  2910.5  3604.6
  1845 617.073  -0.004 617.069  1194643.0 396810.9 114977.4 36833.4   9259.9  1482.1  6808.2
  1846 -185.767   0.003 -185.764   943295.7 399742.0 103501.4 18495.2   6596.0  1880.6  4461.3
  1847 310.103  -0.004 310.099  1136534.3 263563.5 125056.9 37355.0   7765.1  1829.2  5915.0
  1848 -96.813  -0.000 -96.813  1050935.8 311878.1 154416.1 22911.4   4921.1  3431.5  3658.8
  1849 216.537  -0.001 216.536  1141993.6 365159.9 152292.8 34042.4   8487.9  1878.6  6131.6
  1850 -27.900  -0.000 -27.900  1057273.0 292157.6 137574.8 27027.9   6774.6  1734.6  4558.8

         Carbon flux (ktC/yr)        Water (dam3/yr)                Nitrogen (MgN/yr)
       ----------------------- -------------------------- --------------------------------
Spinup NEP     estab   NBP     transp     evap    interc  nuptake ndemand  nlosses ninflux
------ ------- ------- ------- ---------- ------- ------- ------- -------- ------- -------
  1851 -399.973   0.012 -399.961   770813.9 272828.7 58235.0 21841.3   5202.1  2903.5  2869.0
  1852  69.402  -0.005  69.397  1010734.9 288660.8 116424.1 34582.2   6086.6  2480.0  4104.9
  1853 -179.975   0.001 -179.974   921506.7 289403.6 88272.2 19861.6   4178.9  3306.5  3054.9
  1854 122.165  -0.002 122.163  1084460.3 346749.3 137099.9 37360.3   7555.2  2117.6  5348.4
  1855 342.667  -0.003 342.664  1164404.7 332936.0 126299.8 33050.3   9870.2  1566.5  6606.4
  1856 -220.818   0.002 -220.816   893687.7 253084.7 112884.2 16110.7   4467.7  5334.5  3170.1
  1857 -908.997   0.046 -908.952   679415.9 406105.0 83364.7 22602.3   5507.1  2773.2  3172.0
  1858 221.222  -0.015 221.207   775052.7 327927.6 53117.7 32020.4   5452.3  3314.1  3748.0
  1859 317.666  -0.006 317.661  1024371.1 294238.2 83086.8 30990.9   8310.9  2582.8  5806.6
  1860 135.381  -0.003 135.378  1065028.1 297200.9 119246.1 26989.0   5541.5  2880.0  4323.0
  1861 311.745  -0.003 311.743  1128322.4 374578.7 124891.3 32516.9   7287.9  2517.2  6535.6
  1862 -55.062   0.000 -55.062   956260.0 284651.7 102147.7 22955.8   4706.6  5212.8  3617.0
  1863 -429.938   0.003 -429.935   866431.4 187944.9 108208.8 21658.4   4646.2  3880.1  2903.9
  1864 -123.315   0.000 -123.315   875969.7 257687.7 83546.1 30319.6   4976.1  4970.1  3568.1
  1865 -564.333   0.013 -564.320   720692.4 220999.7 70572.2 15207.0   4945.8  2980.8  2369.6
  1866 -496.280   0.026 -496.254   574962.7 230917.2 46045.4 15110.4   1745.7  6214.8  1471.2
  1867 -164.910  -0.012 -164.922   738180.6 255435.0 45967.7 26807.6   2692.6  6649.2  2786.2
  1868 465.798  -0.005 465.793   977759.9 375919.0 70291.5 36236.7   7622.7  1703.1  6206.9
  1869 168.031  -0.003 168.028   884994.4 320976.4 72310.4 25944.7   6716.5  1587.9  5057.2
  1870 471.759  -0.005 471.754  1148509.6 317890.5 115340.0 38454.7   8015.3  1540.3  6735.8
  1871 167.590   0.000 167.590  1067488.8 364959.6 135991.2 23033.6   5468.6  2919.7  4310.8
  1872 251.071  -0.004 251.067  1131702.3 292009.8 128100.2 31151.9   6452.7  2264.4  5489.9
  1873 256.147  -0.002 256.145  1094317.3 328018.2 120778.9 31601.2   6410.3  1901.2  5408.5
  1874 -80.613   0.001 -80.612   959394.6 260408.8 114655.7 23748.9   4604.7  4907.9  3398.2
  1875 -325.194   0.003 -325.191   886301.1 256068.9 118674.8 23098.2   5127.7  3179.1  3205.2

         Carbon flux (ktC/yr)        Water (dam3/yr)                Nitrogen (MgN/yr)
       ----------------------- -------------------------- --------------------------------
Spinup NEP     estab   NBP     transp     evap    interc  nuptake ndemand  nlosses ninflux
------ ------- ------- ------- ---------- ------- ------- ------- -------- ------- -------
  1876 -488.622   0.003 -488.619   863130.4 236126.3 91834.6 21332.6   5343.4  3512.0  2872.3
  1877 -230.705   0.001 -230.704   828997.4 306513.2 102087.7 30515.3   6001.3  1972.3  4002.9
  1878 -434.622   0.002 -434.621   816434.8 237148.3 75493.7 18672.2   3766.7  3418.1  2480.9
  1879 149.877  -0.002 149.875  1027720.3 303016.9 118533.0 41549.1   5934.8  3338.7  4482.9
  1880 350.115  -0.003 350.113  1038366.3 354090.9 122631.9 28928.0   8830.6  1463.9  5992.4
  1881 -691.113   0.044 -691.068   716130.5 239089.3 82360.0  4742.9   3316.0  3739.0  1605.5
  1882 -689.476   0.033 -689.443   557719.7 272346.0 43348.5  8119.9    904.3  9721.5  1459.8
  1883 1003.783  -0.028 1003.755   966562.7 332853.6 46636.2 48620.8   4244.1  2492.3  4631.0
  1884 237.007  -0.003 237.003   886518.8 333189.4 66636.3 21628.9   4074.5  3098.4  3687.1
  1885 335.621  -0.004 335.617  1068729.2 320655.9 106856.1 40738.6   5495.7  2459.1  5548.4
  1886 -197.985   0.001 -197.984   806322.2 250427.9 69855.1 22261.4   4447.7  2636.4  2918.9
  1887 -281.632   0.001 -281.631   809678.1 273370.6 66448.8 26346.9   3157.2  5097.7  2938.4
  1888 -145.678  -0.001 -145.679   860545.8 227939.5 80380.9 32996.1   6518.2  2333.6  3969.0
  1889  87.754  -0.002  87.751   911544.7 315821.0 96533.3 29105.4   9210.6  1452.8  5706.3
  1890 -214.683   0.001 -214.682   824090.8 269404.3 94164.7 15478.2   4426.0  2739.4  3136.1
  1891  97.759  -0.002  97.757   943173.5 282841.9 112310.5 32514.9   5820.9  2074.0  4015.9
  1892 208.262  -0.002 208.259   990614.5 238819.4 99036.0 32371.6   7442.6  1526.8  5190.2
  1893 -115.546   0.001 -115.545   855857.0 237556.7 103816.3 20259.1   5716.5  2856.4  3802.3
  1894 -28.221  -0.000 -28.221   922717.6 275710.5 135414.6 32217.1   5605.4  2850.7  3930.5
  1895 319.527  -0.002 319.525  1078421.4 361507.9 136919.5 34103.4   8566.6  1153.1  6040.0
  1896 281.539  -0.002 281.537  1169559.3 293729.0 135565.6 31798.5  10026.6  1214.7  6648.0
  1897  79.876  -0.000  79.876  1036300.2 267123.9 163344.6 22114.5   6363.8  2233.1  4284.1
  1898 193.173  -0.001 193.172  1184347.6 339615.8 178408.6 36089.5   7890.2  1582.8  6032.8
  1899 203.083  -0.001 203.082  1170816.1 318993.1 159210.5 33722.6  10191.4  1547.7  6576.1
  1900 -782.210   0.037 -782.173   844112.8 234162.7 112717.3  5059.9   2605.1  4407.8  1548.9

         Carbon flux (ktC/yr)        Water (dam3/yr)                Nitrogen (MgN/yr)
       ----------------------- -------------------------- --------------------------------
Year   NEP     estab   NBP     transp     evap    interc  nuptake ndemand  nlosses ninflux
------ ------- ------- ------- ---------- ------- ------- ------- -------- ------- -------
  1901 -311.116  -0.006 -311.122   725214.2 265209.3 84259.5 20088.4   1877.0  8304.9  1890.0
Simulation ended.
lpjml successfully terminated, 72 grid cells processed.
Wall clock time:	138 sec, 0.00064 sec/cell/year.
Total wall clock time:	143 sec (00:02:23).
