--------------------------------------
Running config: /home/druijsch/LPJmL5/dev15oct2025/config_files/2026_04_08_run_for_10_locations/boreal_broadleaved_summergreen_tree/spinup/configs/boreal_broadleaved_summergreen_tree_patch4_config_spinup.cjson
SLURM task ID: 1
Node: tcn415.local.snellius.surf.nl
--------------------------------------
******************************************************************************
****        _     ____     _           _       ____        _  ___         ****
****       | |   |  _ \   | |_ __ ___ | |     | ___|      / |/ _ \        ****
****       | |   | |_) |  | | '_ ` _ \| |     |___ \      | | | | |       ****
****       | |___|  __/ |_| | | | | | | |___   ___) |  _  | | |_| |       ****
****       |_____|_|   \___/|_| |_| |_|_____| |____/  (_) |_|\___/        ****
****                                                                      ****
****                 lpjml C Version 5.10.1 (Apr 14 2026)                 ****
****    Dynamic global vegetation model with natural and managed land     ****
****                     Compiled for Linux with MPI                      ****
****       (C) Potsdam Institute for Climate Impact Research (PIK),       ****
****                          see COPYRIGHT file                          ****
****              Authors, and contributors see AUTHORS file              ****
**** This version of LPJmL is licensed under GNU AGPL Version 3 or later  ****
****        See LICENSE file or go to http://www.gnu.org/licenses/        ****
****                 or invoke lpjml -l to print license                  ****
****      https://gitlab.pik-potsdam.de/lpjml/wur_team/lpjml-wur.git      ****
****          GIT hash: 5e6f8e1bb5c5d5f3357da68b6c43e9517864f3c2          ****
****                                                                      ****
******************************************************************************

Running for user druijsch on tcn415.local.snellius.surf.nl at Tue Apr 14 16:43:39 2026
Reading configuration from '/home/druijsch/LPJmL5/dev15oct2025/config_files/2026_04_08_run_for_10_locations/boreal_broadleaved_summergreen_tree/spinup/configs/boreal_broadleaved_summergreen_tree_patch4_config_spinup.cjson'.
==============================================================================
/----------------------------------------------------------\
|institution: Potsdam Institute for Climate Impact Research|
|contact:                                                  |
|comment:                                                  |
\----------------------------------------------------------/
Simulation "LPJmL Run" running on 50 tasks
Simulation with shuffle spinup climate, equilsoil is called, 
nitrogen limitation, permafrost, Johansen conductivity, 
percolation heattransfer, GSI phenology, NPP controlled BNF.
Cultivation types: none, biomass, annual crop
Working directory: /gpfs/home5/druijsch/LPJmL5/dev15oct2025
cpp processed configuration file written to `/projects/prjs2023/chapter3/lpjml_output/2026_04_08_run_for_10_locations/boreal_broadleaved_summergreen_tree/patch_4/output/lpjml_config_spinup.json`.
Starting from scratch.
Input files:
Variable     Fmt  Varname  Filename
------------ ---- -------- ---------------------------------------------------
soil         cdf  soilcode /projects/prjs2023/chapter3/lpjml_input/run_for_10_locations/boreal_broadleaved_summergreen_tree/patch_4/soil.nc
temp         cdf  tas      /projects/prjs2023/chapter3/lpjml_input/run_for_10_locations/boreal_broadleaved_summergreen_tree/patch_4/temp.nc
prec         cdf  pr       /projects/prjs2023/chapter3/lpjml_input/run_for_10_locations/boreal_broadleaved_summergreen_tree/patch_4/prec.nc
lwdown       cdf  rlds     /projects/prjs2023/chapter3/lpjml_input/run_for_10_locations/boreal_broadleaved_summergreen_tree/patch_4/lwdown.nc
swdown       cdf  rsds     /projects/prjs2023/chapter3/lpjml_input/run_for_10_locations/boreal_broadleaved_summergreen_tree/patch_4/swdown.nc
no3_depo     cdf  noy      /projects/prjs2023/chapter3/lpjml_input/ndep-noy_histsoc_monthly_1901_2021_units.nc
nh4_depo     cdf  nhx      /projects/prjs2023/chapter3/lpjml_input/ndep-nhx_histsoc_monthly_1901_2021_units.nc
soilpH       cdf  soil_ph  /projects/prjs2023/chapter3/lpjml_input/hwsd_soil_data_all_land_oceanfilled.nc
co2          txt           /projects/prjs2023/chapter3/lpjml_input/co2_1832-2023.dat
windspeed    cdf  sfcwind  /projects/prjs2023/chapter3/lpjml_input/run_for_10_locations/boreal_broadleaved_summergreen_tree/patch_4/wind.nc
------------ ---- -------- ---------------------------------------------------
Writing restart file '/home/druijsch/LPJmL5/dev15oct2025/restart/2026_04_08_run_for_10_locations/boreal_broadleaved_summergreen_tree/patch_4/restart_1901_nv_stdfire.lpj' after year 1901.
Random seed: 2
Number of output files:       1
Output written in year:       -1020
Byte order in output files:   little endian

Variable   Fmt  Unit Type   tstep nbd Filename
---------- ---- ---- ------ ----- --- -----------------------------------------
globalflux txt  -    float  year    1 /projects/prjs2023/chapter3/lpjml_output/2026_04_08_run_for_10_locations/boreal_broadleaved_summergreen_tree/patch_4/output/globalflux_spinup.csv + .json
---------- ---- ---- ------ ----- --- -----------------------------------------
Spinup years:                  3000
Cycle length during spinup:      30
First year:                    1901
Last year:                     1901
Number of grid cells:            63
==============================================================================
Memory allocated for output: 344 bytes/cell
Simulation begins...
Spinup using climate starting from year 1901

         Carbon flux (ktC/yr)        Water (dam3/yr)                Nitrogen (MgN/yr)
       ----------------------- -------------------------- --------------------------------
Spinup NEP     estab   NBP     transp     evap    interc  nuptake ndemand  nlosses ninflux
------ ------- ------- ------- ---------- ------- ------- ------- -------- ------- -------
 -1099 -249.638   0.273 -249.364        0.0 402046.5     0.0     0.0      0.0 11137.5   329.5
 -1098 -298.054   0.221 -297.833        0.2 475344.4     1.0    27.9      0.1 33237.4   329.7
 -1097 -320.892   0.085 -320.806        9.9 611916.4     3.0   142.5      0.6 13184.4   330.5
 -1096 -405.851   0.117 -405.734      158.3 559134.9     8.7   715.4      2.6  8071.3   334.0
 -1095 -194.487   0.073 -194.414     3417.6 481852.1    40.1  3083.7     12.6  7391.4   349.6
 -1094  84.899   0.023  84.922    43149.5 588967.9   463.9  8642.8    161.9  5104.2   627.5
 -1093 791.182  -0.038 791.143   238288.0 545465.2  4341.7 21303.9    801.6 11193.9  1591.9
 -1092 1754.340  -0.041 1754.299   588544.8 377334.9 16472.9 36914.2   1076.7 12183.3  1871.5
 -1091 1926.615  -0.005 1926.609   633946.2 285562.1 30684.5 32550.3   1084.1  5046.5  1274.8
 -1090 1312.130   0.000 1312.130   526874.2 263447.9 41974.3 16733.4   1276.6  5315.4  1103.6
 -1089 935.346  -0.000 935.345   505026.0 291643.6 24156.7 16416.9   1637.8  6055.4  1579.7
 -1088 735.501  -0.016 735.485   423222.6 235045.1 19058.3 10741.2   1546.4  4652.7  1585.9
 -1087 909.031  -0.004 909.027   503253.4 264753.3 31120.6 13977.1   2472.6  4870.1  2350.8
 -1086 493.752   0.001 493.753   404639.2 267242.8 17664.7  9973.2   1570.0  4768.0  1581.2
 -1085 763.846  -0.000 763.846   493563.3 254347.8 30307.6 12616.7   2660.2  4334.9  2517.0
 -1084 722.575   0.000 722.575   500390.1 254514.2 32682.8 12296.4   2410.5  4714.1  2395.7
 -1083 669.418   0.000 669.418   515686.9 284018.3 32008.4 11374.5   2656.0  5746.9  2721.0
 -1082 392.751   0.001 392.752   460362.3 308863.4 23778.6  9784.6   2527.5  4713.1  2727.9
 -1081 117.196   0.004 117.200   388271.1 245759.7 17649.9  8311.1   2018.0  3623.1  1948.3
 -1080 248.225   0.003 248.227   470757.9 273984.9 22212.9  9823.5   3176.7  3638.7  3031.7
 -1079 112.184   0.005 112.188   426632.2 221892.7 17715.8  3305.9   2856.2  3188.9  2818.7
 -1078  92.012   0.005  92.016   472248.6 268084.4 29140.5  2792.1   3929.3  3602.2  3558.5
 -1077 -143.847   0.008 -143.839   378384.9 242645.8 14275.5  3472.2   3594.5  2928.8  2963.9
 -1076 -61.296   0.013 -61.283   412162.3 266978.3 16237.5  5814.3   2812.9  2796.0  2803.5
 -1075  17.259   0.006  17.266   458147.1 239190.2 17522.8  3594.0   3239.1  2723.0  3407.8

         Carbon flux (ktC/yr)        Water (dam3/yr)                Nitrogen (MgN/yr)
       ----------------------- -------------------------- --------------------------------
Spinup NEP     estab   NBP     transp     evap    interc  nuptake ndemand  nlosses ninflux
------ ------- ------- ------- ---------- ------- ------- ------- -------- ------- -------
 -1074 -50.881   0.010 -50.871   443468.2 261318.8 18158.9  4652.8   3234.5  2914.3  3381.2
 -1073 -14.557  -0.061 -14.617   473622.9 211049.3 12988.6  5355.4   3489.1  2814.9  3580.3
 -1072 -57.689   0.013 -57.677   378872.1 234846.7 11276.3  4222.1   2758.9  2780.3  2719.2
 -1071 -14.955   0.009 -14.946   445832.1 224812.4 24024.9  6016.7   3512.3  2992.1  3183.5
 -1070  -6.660   0.013  -6.647   386605.4 224754.0 15843.2  3729.5   3077.6  3095.1  2827.0
 -1069 -45.982   0.009 -45.973   436074.2 275588.9 21640.1  6004.8   3353.8  3417.3  3297.1
 -1068 -25.620   0.013 -25.607   390873.0 247760.9 10339.7  3659.9   3129.3  2946.5  3046.7
 -1067 -124.501   0.010 -124.492   368644.9 206896.0 16316.3  5941.3   3329.9  3083.4  2883.2
 -1066 -101.016   0.010 -101.006   412663.3 237238.5 12888.1  7225.1   3062.8  3099.5  3085.0
 -1065  11.437   0.012  11.449   413270.1 224146.7 16734.7  5037.3   3907.3  3168.0  3524.8
 -1064 -30.988   0.008 -30.980   418594.5 258500.8 15801.0  4413.6   3527.3  3185.2  3282.6
 -1063 108.699   0.002 108.701   385732.2 270380.4 19201.0  4393.6   2637.0  3255.3  2877.2
 -1062 111.676   0.008 111.683   419629.6 270947.9 18951.9  4779.9   3373.1  3175.5  3383.5
 -1061 139.869   0.015 139.884   406259.2 290984.9 19014.1  3801.4   2801.9  3206.5  3058.5
 -1060  -0.422   0.009  -0.413   404681.9 225677.6 16300.5  5462.6   3787.9  2998.8  3549.1
 -1059   2.921   0.006   2.927   479812.6 280354.5 25280.1  4293.5   3920.9  3298.0  3808.7
 -1058  41.519   0.011  41.529   476380.2 290771.8 22097.9  4748.7   3643.3  3222.0  3743.1
 -1057  50.208   0.009  50.217   472973.4 287747.2 20229.5  6880.7   3450.6  3175.2  3588.5
 -1056 120.577   0.007 120.584   522641.5 305535.1 25369.7  5098.0   4076.6  3204.6  4101.6
 -1055  17.228   0.009  17.237   399564.9 248530.5 12498.6  3849.7   3265.7  3051.3  3107.9
 -1054 -169.262   0.016 -169.246   329542.9 224963.7 17170.4  2255.0   2626.3  3071.4  2233.8
 -1053 128.136   0.005 128.141   449967.1 284466.1 23093.7  8273.8   3392.2  3177.5  3423.5
 -1052  57.026   0.010  57.036   428190.1 280597.1 19896.9  3403.9   3731.4  3009.4  3626.4
 -1051 123.337   0.005 123.342   468738.9 264108.2 29043.4  6892.0   3838.8  3234.2  3763.9
 -1050  52.919   0.010  52.928   425028.0 267141.8 19131.2  4536.4   3127.1  3258.0  3076.4

         Carbon flux (ktC/yr)        Water (dam3/yr)                Nitrogen (MgN/yr)
       ----------------------- -------------------------- --------------------------------
Spinup NEP     estab   NBP     transp     evap    interc  nuptake ndemand  nlosses ninflux
------ ------- ------- ------- ---------- ------- ------- ------- -------- ------- -------
 -1049  76.725   0.012  76.737   397342.3 255300.8 18503.6  2938.0   3544.8  3219.5  3399.3
 -1048 -33.367   0.005 -33.363   426544.2 238966.7 15119.1  8645.6   3127.3  3306.2  3199.5
 -1047  43.725   0.012  43.737   468215.0 283866.2 24026.4  3585.3   3989.7  3250.3  3786.6
 -1046 101.399   0.006 101.404   460379.3 281664.4 27552.1  5882.2   3681.7  3349.9  3594.2
 -1045  86.591   0.009  86.600   459786.5 271308.6 22657.0  5449.7   3313.5  3361.0  3454.0
 -1044  81.949   0.005  81.954   458352.3 282331.4 28112.9  5321.9   3744.6  3427.5  3628.2
 -1043 159.812   0.008 159.820   460076.5 236074.8 31558.3  4683.7   4017.6  3462.0  3708.6
 -1042 133.943   0.005 133.948   466079.6 265179.5 34418.5  6033.7   4034.8  3512.6  3821.8
 -1041 137.309   0.005 137.314   470598.2 269095.4 31685.4  4002.2   4193.4  3933.0  3901.2
 -1040  71.353   0.010  71.363   411218.4 236217.0 19286.3  6475.0   3227.3  3468.2  3197.4
 -1039 146.026   0.009 146.036   484938.3 293913.3 30096.1  4157.4   4284.9  3155.2  4085.3
 -1038 -26.978   0.012 -26.966   353879.3 246951.6 19561.4  2615.8   3192.0  3069.9  3001.3
 -1037  10.280   0.008  10.288   385331.7 250784.0 13846.9  6050.6   3313.4  2979.1  3162.3
 -1036   4.063   0.014   4.077   380349.2 255909.4 27788.9  4690.5   3199.3  3084.4  3320.5
 -1035 -15.997   0.002 -15.995   448788.9 283164.5 23813.3  7049.7   3389.0  3216.9  3526.9
 -1034  -6.596   0.006  -6.590   456889.0 279467.6 24585.9  5357.7   3644.1  3175.0  3738.4
 -1033 -19.662   0.003 -19.660   460683.0 272584.1 25993.4  8262.9   3339.5  3285.6  3402.5
 -1032  25.423   0.004  25.427   465295.6 278386.2 34119.9  5809.2   3881.0  3533.7  3733.9
 -1031  52.063   0.005  52.068   424907.5 219003.0 26706.6  5897.9   4232.3  3546.8  3749.8
 -1030  81.899  -0.001  81.899   494970.3 259161.3 41068.2  8472.5   4178.8  3966.0  4003.9
 -1029  14.365   0.003  14.369   483106.9 277408.7 34271.5  5063.6   4195.1  4314.6  4030.9
 -1028  48.562   0.012  48.574   430531.7 220258.8 23188.3  5931.2   3447.4  3260.9  3364.4
 -1027  98.939   0.004  98.943   403337.8 250796.9 34998.9  4962.2   3436.7  3435.4  3509.8
 -1026  67.671   0.002  67.673   449237.3 239539.2 38483.9  6544.2   4213.5  3620.3  3873.6
 -1025  80.371   0.005  80.376   430406.7 269871.9 38069.5  6097.0   3821.7  3453.4  3555.7

         Carbon flux (ktC/yr)        Water (dam3/yr)                Nitrogen (MgN/yr)
       ----------------------- -------------------------- --------------------------------
Spinup NEP     estab   NBP     transp     evap    interc  nuptake ndemand  nlosses ninflux
------ ------- ------- ------- ---------- ------- ------- ------- -------- ------- -------
 -1024  47.468   0.011  47.479   429331.7 262835.8 30268.5  4762.3   3817.2  3218.9  3730.9
 -1023 -116.011   0.001 -116.009   374256.7 232490.5 22396.7  7712.1   4046.4  3098.9  3289.1
 -1022 -71.915  -0.054 -71.968   377461.9 214508.8 25544.9  5376.8   3557.3  3122.9  2960.5
 -1021 -32.592   0.008 -32.584   406188.8 243790.5 22749.1  7067.1   3171.3  3202.3  3270.1
 -1020 -38.397   0.005 -38.392   448860.1 282963.0 29262.6  7623.6   3818.2  3293.0  3710.0
 -1019 -24.450   0.009 -24.441   401265.1 269870.6 26793.4  4226.6   3923.3  3395.1  3645.3
 -1018 -110.988   0.001 -110.987   455030.6 283874.7 32887.3  8280.7   3895.6  3472.3  3809.4
 -1017 -178.218   0.011 -178.207   352192.7 238417.2 26368.2  3988.7   3299.3  3407.9  2944.3
 -1016 -72.465   0.005 -72.460   391890.9 252208.5 18790.3  7244.6   3460.3  3284.2  3277.9
 -1015 -181.614   0.010 -181.604   377811.9 231715.1 24687.9  4861.5   3447.5  3247.7  3115.0
 -1014 -31.431   0.016 -31.415   331630.2 258828.4 31738.7  5138.9   2945.0  3305.0  2791.9
 -1013  60.938   0.005  60.944   405820.1 276017.4 32138.8  6422.9   4148.4  3489.2  3828.3
 -1012  75.923   0.010  75.933   390539.6 286084.7 29270.2  5954.5   3946.4  3296.8  3762.8
 -1011  66.992   0.011  67.003   374366.5 268904.4 32455.2  6918.9   3522.3  3293.2  3430.4
 -1010  32.087   0.006  32.093   378499.8 265030.3 26383.9  5805.6   4001.8  3154.5  3485.2
 -1009  69.542   0.007  69.548   395997.8 275256.7 37788.6  6505.2   3795.4  3327.6  3542.0
 -1008 128.175   0.019 128.194   352027.7 282828.3 34285.1  4077.7   3290.1  3153.1  3194.9
 -1007   0.348   0.017   0.365   373459.8 297479.3 31290.1  5571.1   3962.1  2969.5  3680.0
 -1006  32.097  -0.082  32.015   356561.3 263549.2 23301.2  6033.1   3148.6  2996.9  3244.0
 -1005  63.454   0.024  63.477   331387.8 305721.6 32240.0  5037.9   3199.8  2934.1  3156.0
 -1004   1.555   0.017   1.572   375040.2 292874.2 37075.5  5809.1   3711.9  3358.3  3548.9
 -1003 -63.142   0.013 -63.129   369239.7 302961.3 33909.3  6975.8   3722.3  4412.6  3610.5
 -1002  13.939   0.011  13.950   381160.1 303573.3 36681.3  7445.0   3822.2  3821.3  3626.2
 -1001  85.571   0.008  85.580   384436.6 223634.0 29217.7  7384.0   3832.0  3321.6  3574.8
 -1000  24.399   0.011  24.409   341555.8 244329.0 24060.6  7712.8   3355.6  3322.2  3100.7

         Carbon flux (ktC/yr)        Water (dam3/yr)                Nitrogen (MgN/yr)
       ----------------------- -------------------------- --------------------------------
Spinup NEP     estab   NBP     transp     evap    interc  nuptake ndemand  nlosses ninflux
------ ------- ------- ------- ---------- ------- ------- ------- -------- ------- -------
  -999  94.352  -0.001  94.351   407155.5 286283.4 50093.0 10976.7   3979.1  3538.0  3780.8
  -998 123.489   0.006 123.495   442245.4 259263.7 50300.1  7056.9   4031.4  4036.1  3684.3
  -997 193.298   0.002 193.299   462704.4 283592.6 52365.8 10233.8   4316.7  5002.4  4159.5
  -996 130.295   0.013 130.308   346780.0 275207.2 46890.8  5953.0   3297.1  4530.0  3134.3
  -995  71.386   0.008  71.394   364776.5 273991.2 46589.9  7804.3   3979.4  4122.6  3482.3
  -994  80.611   0.018  80.629   320028.7 271500.0 35296.6  5125.3   4033.6  4050.4  3532.0
  -993  33.309   0.002  33.311   390301.4 267673.8 46626.5  9957.2   3655.5  4634.7  3348.7
  -992 -24.650   0.005 -24.645   355595.6 263414.1 36026.9  7992.3   3911.0  6112.9  3304.2
  -991  25.904   0.003  25.907   354831.5 223699.8 37666.7  9218.1   4193.8  5303.5  3556.7
  -990 -123.157  -0.002 -123.159   356823.5 238336.0 33746.5 10441.1   4196.5  4663.0  3392.4
  -989 -169.806  -0.001 -169.807   348662.1 229450.4 34127.3  9501.1   4263.6  4613.9  3227.0
  -988 152.404  -0.001 152.402   441026.6 280584.7 54480.3 10578.2   4514.5  4662.4  4192.0
  -987  83.271   0.001  83.272   354411.3 255889.5 50570.8  7747.6   3527.0  4862.0  3346.1
  -986 -93.671   0.005 -93.666   357225.8 239899.6 34486.1  8730.2   3736.8  4467.6  3232.4
  -985  31.951   0.007  31.957   343438.9 224024.8 30127.8  8119.7   3758.7  4304.2  3331.3
  -984  46.440   0.011  46.450   323606.0 227795.5 29238.0  7750.8   3637.0  4249.2  3293.0
  -983  86.727   0.012  86.739   363054.5 273000.2 50326.6  7244.7   4137.0  5016.4  3703.6
  -982  28.612   0.001  28.614   347421.1 273806.6 43683.5 10919.9   3392.0  7305.7  3061.0
  -981  -8.431   0.007  -8.424   312714.1 229359.3 35263.7  7933.9   3813.6  5998.8  3022.2
  -980  36.042   0.012  36.054   310471.2 283249.1 46520.5  8694.2   3079.8  4600.5  2867.8
  -979 -96.016   0.013 -96.003   285390.3 249461.9 31882.4  6817.3   3386.3  4036.9  2886.2
  -978 -37.017   0.012 -37.005   279975.3 250829.0 30493.3  7689.2   3189.5  3975.9  2770.4
  -977  77.927   0.015  77.942   299056.2 280694.1 32614.3  7816.4   3638.5  3873.4  3332.9
  -976  57.491  -0.003  57.488   373272.6 275293.5 47688.8 11239.7   3458.7  4528.9  3138.7
  -975 -66.393   0.010 -66.383   319943.2 225019.9 30261.0  9194.0   3144.4  5458.5  2823.2

         Carbon flux (ktC/yr)        Water (dam3/yr)                Nitrogen (MgN/yr)
       ----------------------- -------------------------- --------------------------------
Spinup NEP     estab   NBP     transp     evap    interc  nuptake ndemand  nlosses ninflux
------ ------- ------- ------- ---------- ------- ------- ------- -------- ------- -------
  -974 -43.450   0.012 -43.438   290859.4 252879.4 32889.2  7219.2   3377.4  5168.6  2958.9
  -973 200.164   0.000 200.165   345259.0 268991.5 53920.2 12675.4   4137.8  5656.9  3544.7
  -972 235.683   0.001 235.684   340008.2 271096.6 46779.2  9519.0   3973.2  7079.5  3564.1
  -971 248.951   0.000 248.951   378418.6 220324.8 37392.5  9241.0   4276.9  4737.3  3886.6
  -970 173.435   0.009 173.443   340384.8 246156.0 34464.1  9021.5   3240.8  4420.1  3141.5
  -969 205.417   0.001 205.418   365518.3 261187.2 59250.4 11550.8   4571.3  4998.9  3784.9
  -968 128.528   0.006 128.534   362749.7 264953.1 44065.6  8203.9   3980.8  6333.6  3570.7
  -967 194.475  -0.001 194.474   380456.6 260693.4 51722.5 11920.7   4295.9  4515.5  3609.9
  -966 302.852   0.002 302.854   379835.3 255523.3 54239.1 10058.9   4553.3  4254.9  3799.4
  -965 204.230   0.011 204.242   314570.6 245174.2 57919.7  8132.7   3624.7  4201.3  3329.8
  -964  13.232   0.010  13.242   318410.4 245077.3 39307.0  9673.4   3723.2  3941.4  3140.6
  -963  12.727   0.015  12.742   287134.9 254264.4 37431.2  7129.1   3790.4  3660.0  3228.2
  -962 142.780   0.013 142.793   283022.3 265608.2 51083.0  9733.6   3437.1  3550.4  3201.6
  -961 123.166   0.002 123.167   336418.5 231738.8 38080.5  9665.2   4090.8  3498.4  3708.8
  -960 234.091   0.005 234.096   345681.8 230869.9 59425.6 10682.0   4160.8  3319.1  3471.0
  -959 134.426   0.006 134.432   306648.9 231545.1 39860.7  9126.3   3609.6  3168.4  2941.9
  -958  23.918   0.006  23.923   307763.7 229693.0 38192.9 10783.7   3634.9  3106.1  2819.6
  -957  47.102   0.003  47.105   354878.1 286628.0 51491.5 11178.8   4202.1  3084.6  3646.6
  -956  95.470  -0.057  95.413   345179.5 224577.4 45188.4 11279.0   4172.5  3055.4  3253.7
  -955  29.807   0.004  29.811   338964.3 273902.1 46118.9 10001.5   3757.1  3031.8  3287.2
  -954 -39.812  -0.001 -39.813   366621.7 251987.3 42359.1 12868.4   3421.4  2980.7  2914.2
  -953 135.917   0.001 135.918   379320.3 241601.0 48033.5 11474.4   3691.2  2968.1  3397.2
  -952  81.027  -0.000  81.026   359309.5 222328.1 48197.4 12578.6   4356.5  2957.0  3421.7
  -951  34.357  -0.000  34.357   390470.7 269844.9 54401.9 12684.3   3962.0  3070.8  3469.7
  -950 260.310  -0.001 260.309   423924.2 281941.2 72749.6 13089.2   4832.4  2959.2  4158.1

         Carbon flux (ktC/yr)        Water (dam3/yr)                Nitrogen (MgN/yr)
       ----------------------- -------------------------- --------------------------------
Spinup NEP     estab   NBP     transp     evap    interc  nuptake ndemand  nlosses ninflux
------ ------- ------- ------- ---------- ------- ------- ------- -------- ------- -------
  -949  10.768   0.004  10.773   335939.4 211545.0 40980.4 10423.3   3522.3  2875.1  2935.3
  -948 178.722  -0.000 178.722   386140.7 215647.5 47212.1 11786.9   4834.0  2787.6  4030.0
  -947 247.554   0.002 247.556   372140.9 220241.5 71005.1 12177.5   4589.0  2714.9  3560.8
  -946 138.290   0.004 138.294   322886.4 225961.0 47213.7  9890.5   3826.7  2600.1  2923.4
  -945 -72.806   0.006 -72.800   303187.9 241104.6 43651.7 10235.5   3366.5  2580.0  2613.3
  -944 175.576   0.001 175.577   356668.6 284219.8 45762.6 12457.9   4495.0  2462.9  3621.4
  -943  12.566   0.009  12.574   302702.8 245138.2 42986.2  8100.4   3697.6  2482.4  3046.7
  -942  79.231   0.008  79.239   304848.6 229880.1 41022.5 10887.6   3745.7  2357.9  2912.4
  -941   2.277   0.004   2.280   332910.4 257426.6 32816.5 12279.7   3483.5  2286.4  3002.3
  -940 -187.780  -0.000 -187.781   307206.0 228551.0 41301.6 11420.9   4075.3  2297.5  2813.7
  -939  21.827  -0.002  21.825   340850.1 218049.6 45304.3 13016.5   4099.6  2313.8  3077.3
  -938 171.569  -0.001 171.568   393971.8 261935.4 56524.2 14010.6   4308.5  2537.5  3662.2
  -937 112.284   0.000 112.285   362793.7 252122.7 45759.2 10947.1   3648.9  2292.3  3162.3
  -936  56.124   0.002  56.126   319018.4 229767.2 44000.2 11205.7   3507.1  2203.0  2750.4
  -935 193.208   0.003 193.211   375551.6 255399.2 65508.5 10939.6   4557.8  2274.8  3682.1
  -934 140.636  -0.013 140.623   309042.3 276777.3 60495.0 10561.0   3116.7  2397.6  2725.7
  -933  62.834   0.004  62.838   331143.9 259775.0 42255.5 10401.9   3844.5  2181.3  3306.1
  -932 160.132  -0.001 160.132   320050.1 281528.3 51526.6 11054.4   4274.7  2041.3  3391.6
  -931   2.182   0.007   2.189   293561.8 243811.4 40985.1  8886.5   3503.8  2030.3  2846.7
  -930 179.239   0.004 179.243   347097.3 289070.7 54192.6 12583.9   4237.0  1961.8  3509.6
  -929 228.099  -0.000 228.099   362142.6 218796.8 43474.7 11208.0   4112.4  1882.3  3492.2
  -928 196.905  -0.013 196.892   355711.7 278554.9 59462.2 11839.0   4326.4  1849.6  3542.5
  -927 296.470   0.001 296.472   353801.6 270542.6 59992.8 13186.9   4207.5  1846.3  3510.1
  -926 220.169  -0.072 220.097   388635.6 255855.8 70340.3 11776.6   4467.3  1939.1  3680.0
  -925 287.621   0.002 287.623   390088.9 229923.8 72431.3 14597.8   4291.4  2002.7  3371.8

         Carbon flux (ktC/yr)        Water (dam3/yr)                Nitrogen (MgN/yr)
       ----------------------- -------------------------- --------------------------------
Spinup NEP     estab   NBP     transp     evap    interc  nuptake ndemand  nlosses ninflux
------ ------- ------- ------- ---------- ------- ------- ------- -------- ------- -------
  -924 241.838   0.003 241.841   384003.6 265863.0 60661.7 13025.9   4042.1  1856.8  3410.2
  -923 336.579   0.000 336.579   408303.8 256975.8 65982.1 13986.3   5008.8  1771.3  3872.0
  -922 260.507   0.002 260.509   371181.0 208307.5 54050.1 10917.6   4576.9  1600.5  3601.8
  -921 334.664   0.005 334.669   405014.4 275984.8 80112.9 13017.0   5048.5  1537.4  4054.6
  -920 245.844   0.003 245.848   368112.9 229443.7 78069.2 11424.4   4793.0  1486.0  3512.0
  -919 127.022   0.011 127.033   332433.5 267044.0 54970.2  9278.2   4506.7  1410.3  3367.8
  -918  26.441   0.002  26.443   350439.4 276172.2 55812.2 15583.3   3457.2  1396.3  2600.8
  -917  37.455   0.007  37.462   328776.6 252938.7 50363.9  9748.8   3807.0  1351.1  3000.0
  -916  87.233   0.012  87.246   300806.1 263143.3 50767.9  9720.2   4251.6  1317.7  3162.3
  -915  60.168  -0.001  60.168   357146.6 289495.1 61312.3 14619.3   4285.7  1351.0  3555.9
  -914 -63.739   0.005 -63.734   296596.5 242066.8 47394.1  8711.3   3344.5  1352.8  2544.1
  -913 267.322  -0.000 267.321   385186.9 251602.5 50993.2 14192.8   3904.2  1301.2  3489.6
  -912 163.213   0.000 163.213   380792.1 272405.0 57727.6 12993.8   4258.6  1355.1  3527.5
  -911 276.263  -0.004 276.259   428120.3 288361.2 82024.0 15408.9   5053.0  1396.1  4025.6
  -910 280.817  -0.004 280.813   376294.5 264364.0 68043.9 12527.6   4543.6  1305.7  3560.8
  -909 189.864   0.001 189.865   407463.7 250948.1 78357.0 12163.7   4808.3  1407.4  3722.6
  -908 104.677   0.001 104.678   357245.8 260645.6 69538.8 13266.3   3980.7  1334.5  3161.5
  -907 267.730  -0.003 267.727   378163.7 268585.5 68090.2 14399.1   4538.1  1244.1  3526.8
  -906 272.364   0.000 272.365   412254.3 244557.1 59021.5 11816.9   4607.8  1210.1  3819.6
  -905  28.846   0.001  28.847   353267.7 239766.1 51104.0 11502.8   4216.8  1142.7  3219.8
  -904 164.667  -0.000 164.667   383955.3 251327.7 80110.7 10888.0   5654.8  1133.1  3832.5
  -903  36.363  -0.002  36.362   347805.1 226173.0 54688.1 11280.6   5231.4  1114.4  3799.7
  -902 180.237  -0.004 180.232   405394.3 258948.5 64305.8 15197.0   4704.2  1202.9  3724.4
  -901 295.454  -0.003 295.452   402940.2 249894.3 66659.8 11721.7   5185.0  1103.8  3787.3
  -900 214.739   0.000 214.740   370313.1 269481.1 67441.4  9670.6   5007.6  1045.7  3725.0

         Carbon flux (ktC/yr)        Water (dam3/yr)                Nitrogen (MgN/yr)
       ----------------------- -------------------------- --------------------------------
Spinup NEP     estab   NBP     transp     evap    interc  nuptake ndemand  nlosses ninflux
------ ------- ------- ------- ---------- ------- ------- ------- -------- ------- -------
  -899 129.548   0.002 129.550   369697.3 273430.4 65322.3  9369.2   5161.5  1046.6  3895.7
  -898 -44.437   0.008 -44.430   324234.8 275327.9 54872.3  9709.5   4003.6   997.3  3173.3
  -897 -89.149   0.005 -89.144   313128.1 281403.0 46076.5  8836.5   4993.2   919.0  3414.0
  -896  56.385   0.002  56.387   347221.0 267798.6 56107.3  9685.0   5306.5   956.1  3760.0
  -895  10.194   0.004  10.198   320317.0 287044.6 44483.7  9139.3   4904.8   902.4  3536.3
  -894  -1.507   0.012  -1.495   300545.7 263877.1 37925.1  9329.1   3824.4   915.9  3298.4
  -893 -75.806   0.005 -75.801   299419.2 261355.2 36500.5 10521.1   4179.3   848.0  3293.0
  -892  64.068  -0.002  64.066   326918.2 233077.4 36154.9  8372.9   4991.9   825.6  3741.8
  -891 -54.173   0.012 -54.161   276567.5 225226.4 32156.3  9093.7   3698.1   842.1  2992.9
  -890 157.918  -0.002 157.916   310018.9 292685.6 45789.3  9306.4   4604.7   849.9  3636.5
  -889  42.771   0.000  42.772   324471.9 280319.4 47896.3 10518.9   3999.0   856.8  3440.6
  -888  10.023  -0.001  10.021   314527.7 251483.9 36617.1 11121.9   3922.4   797.0  3285.5
  -887  97.709   0.002  97.711   308251.7 281508.3 42041.2 10283.2   3731.2   769.6  3091.2
  -886  88.802   0.004  88.806   301120.9 259536.4 34480.9  9628.3   3716.8   776.8  3272.6
  -885 -37.775  -0.005 -37.780   313526.6 253091.6 34479.2 11888.7   5132.9   752.8  3663.7
  -884 228.406  -0.000 228.405   345859.5 273394.9 49195.6 12046.9   4312.6   829.5  3532.5
  -883 143.515   0.001 143.516   350141.4 265472.8 45456.5 11004.2   4155.3   859.4  3560.6
  -882 227.277  -0.002 227.275   389985.9 254430.1 45848.9 13634.3   3821.9   771.7  3517.3
  -881 120.970   0.002 120.972   336799.4 222505.0 36812.3 12679.6   3462.6   813.6  3011.4
  -880 215.197   0.007 215.205   316828.3 284519.3 59602.0 10190.3   3753.2   789.5  3141.1
  -879 179.757  -0.005 179.753   381769.0 294543.9 71153.8 12782.6   5407.8   768.8  3954.8
  -878 165.146  -0.000 165.146   371276.7 213513.2 44873.8 10058.0   4789.1   739.6  3798.0
  -877 -133.284   0.001 -133.283   299277.9 230665.3 43208.9 11819.6   4728.8   740.2  3024.9
  -876 235.345  -0.002 235.344   378303.6 250103.2 69622.6 15022.2   4977.8   782.9  3779.9
  -875  45.796  -0.000  45.795   332445.1 253501.6 36942.3 10661.1   4026.1   736.2  3196.5

         Carbon flux (ktC/yr)        Water (dam3/yr)                Nitrogen (MgN/yr)
       ----------------------- -------------------------- --------------------------------
Spinup NEP     estab   NBP     transp     evap    interc  nuptake ndemand  nlosses ninflux
------ ------- ------- ------- ---------- ------- ------- ------- -------- ------- -------
  -874 317.913  -0.002 317.911   423484.8 279759.1 71491.9 15273.9   4929.0   787.9  4123.6
  -873  98.068   0.001  98.069   320923.5 227122.9 47601.9 10191.6   4246.2   770.7  3089.3
  -872 -12.286   0.007 -12.279   321373.2 223922.6 39158.0 13286.2   3406.7   765.3  2778.2
  -871 361.532  -0.003 361.528   404252.2 287249.6 70775.6 12882.2   5186.0   769.8  4031.9
  -870 307.078  -0.001 307.077   403357.9 286362.5 75172.1 10061.3   5247.5   738.8  4031.5
  -869  88.576  -0.000  88.575   383433.5 288404.6 82007.8 11644.2   5416.7   743.1  3908.5
  -868 -34.419   0.001 -34.418   331019.6 240190.3 46363.2 10713.0   4332.2   687.0  3292.9
  -867 113.791   0.003 113.794   368891.2 249757.0 48978.8  8855.3   4781.4   671.7  3800.6
  -866  97.168  -0.000  97.168   342243.6 279229.7 54683.5  9544.7   4962.6   708.2  3802.7
  -865 106.618   0.000 106.619   342666.8 279197.5 54587.2  9200.3   4805.6   735.7  3811.5
  -864  67.826   0.003  67.829   359736.8 252967.8 46319.4  9923.7   4355.0   703.1  3792.2
  -863 -36.615   0.005 -36.610   298909.7 236426.2 39651.6 10658.6   4402.8   653.9  3356.0
  -862  82.542  -0.004  82.537   377234.8 299944.9 65814.3 15398.5   4809.7   672.3  3874.9
  -861 205.461  -0.001 205.460   372315.9 233028.5 65686.6 11193.1   4825.3   663.5  3729.5
  -860  81.369  -0.001  81.368   337835.7 228809.2 48874.1 11624.4   4926.8   643.9  3814.3
  -859 104.876  -0.001 104.875   402169.5 254047.0 69180.9 14298.5   4168.5   751.6  3553.4
  -858 -121.116  -0.001 -121.117   342235.5 235203.7 46153.5 15101.6   4082.3   637.3  2862.7
  -857 -52.644   0.006 -52.638   333974.0 217335.2 40713.0 13352.2   3232.6   663.2  2709.2
  -856 209.604  -0.005 209.600   396177.7 218191.4 46675.5 14674.6   4872.7   677.4  3854.4
  -855  91.456  -0.001  91.455   371207.6 254524.7 55006.7 12800.7   4240.9   667.2  3502.1
  -854 143.527  -0.002 143.525   401006.1 280101.8 67104.4 14802.5   4519.7   690.9  3649.5
  -853 194.268  -0.000 194.267   430279.7 252586.3 79729.0 13249.1   4414.7   814.0  3576.1
  -852  52.264   0.000  52.264   406229.3 258629.6 62480.8 14676.4   3999.8   733.7  3382.5
  -851  -8.551   0.001  -8.550   370929.6 262949.0 59849.2 13435.8   3926.8   753.8  3133.3
  -850 -196.156  -0.002 -196.158   380299.9 236699.4 53290.9 18744.0   4063.7   964.3  2748.0

         Carbon flux (ktC/yr)        Water (dam3/yr)                Nitrogen (MgN/yr)
       ----------------------- -------------------------- --------------------------------
Spinup NEP     estab   NBP     transp     evap    interc  nuptake ndemand  nlosses ninflux
------ ------- ------- ------- ---------- ------- ------- ------- -------- ------- -------
  -849  42.503  -0.197  42.306   360667.3 247070.6 77345.5 13520.4   3526.1  1223.6  3038.6
  -848 187.932  -0.001 187.931   469553.2 280901.2 92833.9 19697.7   4802.3  1348.0  3862.3
  -847 203.851  -0.000 203.851   414281.8 262772.2 77589.2 14328.4   4559.3  1123.3  3479.6
  -846  56.581   0.001  56.582   403492.7 272863.6 73233.5 13345.2   5283.1  1112.3  3721.9
  -845 -47.317   0.003 -47.315   367395.6 259390.8 76602.6 10872.5   4979.4  1167.4  3535.7
  -844 -58.465   0.001 -58.465   381596.1 264553.7 77468.6 12894.2   4936.9  1204.9  3435.7
  -843 101.072   0.001 101.073   362750.3 269247.3 69430.8  9213.7   5266.0  1097.8  3689.2
  -842 -44.710   0.003 -44.707   365853.7 262598.1 65178.8 11660.3   4694.4  1115.8  3597.8
  -841  34.208   0.010  34.218   323390.6 284214.5 65397.8  9759.0   4242.2  1041.2  3227.8
  -840  12.722  -0.002  12.720   355171.5 256814.0 71861.2 10568.8   5564.8  1050.6  3758.1
  -839 -78.082   0.004 -78.079   321240.3 256582.1 45971.8  9398.1   4151.4  1009.3  3321.3
  -838  10.569   0.002  10.571   351180.1 258991.1 67005.3 11450.9   4661.0  1056.5  3513.9
  -837  21.888  -0.073  21.815   297562.1 283950.9 58983.4 11193.9   3353.3  1053.4  2912.7
  -836 131.091  -0.003 131.088   356641.3 226283.7 39829.6 12828.4   4773.6  1018.6  3727.1
  -835 -13.955   0.009 -13.945   297522.6 217282.4 36536.2 10485.6   3563.4  1029.0  2866.4
  -834  72.764  -0.001  72.763   321104.2 267277.8 41330.3 11054.8   3984.8  1025.6  3279.0
  -833  95.388   0.005  95.393   304708.8 258552.2 38838.4 10858.1   3578.5   990.9  3123.7
  -832  30.793   0.000  30.793   314891.3 284255.6 45868.0 11342.9   4030.6   962.3  3124.7
  -831  89.995  -0.000  89.994   327693.1 283440.3 42698.5 10599.9   4828.6   958.8  3517.7
  -830  33.005   0.004  33.009   302958.8 223048.6 35789.5 11021.0   3707.3   988.8  3029.0
  -829  90.209   0.001  90.211   302060.2 237003.8 39886.4 11647.6   4301.7   953.4  3273.3
  -828  42.544  -0.001  42.543   348477.0 271992.7 50930.3 13705.3   4100.1   949.7  3281.5
  -827  71.471  -0.000  71.471   319717.8 233188.5 41618.2 11567.5   4010.7   960.5  3075.2
  -826  76.570  -0.002  76.569   336638.9 269867.4 56358.2 14796.3   3743.3  1004.5  3113.4
  -825 234.076  -0.002 234.074   364301.2 274184.1 57099.8 13893.2   4313.5  1007.9  3468.6

         Carbon flux (ktC/yr)        Water (dam3/yr)                Nitrogen (MgN/yr)
       ----------------------- -------------------------- --------------------------------
Spinup NEP     estab   NBP     transp     evap    interc  nuptake ndemand  nlosses ninflux
------ ------- ------- ------- ---------- ------- ------- ------- -------- ------- -------
  -824 140.521  -0.002 140.519   358278.2 282417.5 48997.3 11973.8   4675.4  1027.8  3571.1
  -823 156.127  -0.002 156.126   358133.8 286771.8 57182.3 12657.8   4780.8   990.9  3650.2
  -822  88.551   0.001  88.552   336794.6 269934.9 48647.3 10112.5   4590.4   971.5  3433.8
  -821 174.698  -0.004 174.694   391999.3 219914.0 43550.5 17376.3   4087.0   959.7  3485.6
  -820 109.844   0.001 109.844   322772.4 255386.1 62342.9 11812.6   3804.3   980.7  3008.7
  -819 153.754  -0.002 153.752   381697.5 283191.3 63731.4 13955.9   4746.4   958.4  3661.4
  -818 173.390  -0.001 173.389   411988.2 256150.8 75650.6 12787.2   4588.1  1023.5  3620.5
  -817  52.678   0.001  52.678   358807.4 269544.5 54898.0 12289.2   4031.5  1015.0  3281.5
  -816  51.195  -0.001  51.193   387535.4 272622.8 57276.5 18559.0   3332.6   962.0  2510.0
  -815 372.649  -0.001 372.648   450176.4 281555.3 82511.5 14869.1   4995.1   990.6  4056.3
  -814 127.083   0.000 127.083   379437.6 227287.4 60172.1 12894.3   5319.9  1002.3  3819.2
  -813 175.591  -0.001 175.590   447495.4 282580.4 92421.4 18227.2   4904.0  1090.5  3828.8
  -812  20.236   0.000  20.236   366638.2 273045.3 61597.9 11458.5   4823.8   967.2  3285.3
  -811 198.786   0.000 198.786   419650.7 252009.5 72264.2 13367.7   5615.4  1055.1  3846.8
  -810 184.919   0.001 184.920   383890.0 272734.1 71103.3  9701.9   5213.6  1009.5  3758.8
  -809 -11.844   0.004 -11.840   330516.3 261277.6 70285.6 10164.5   4467.0  1004.4  3386.7
  -808 -49.606  -0.000 -49.607   390405.8 257695.9 74169.3 12085.2   5022.0   994.4  3697.1
  -807   5.550  -0.001   5.549   387888.9 282155.2 65051.6 14566.8   4640.0   971.6  3660.1
  -806  67.368  -0.000  67.368   393309.5 269132.6 61216.4 13672.3   4345.5   991.1  3462.8
  -805 -17.310   0.001 -17.309   341934.2 230512.3 50275.4 12628.4   4492.2   967.5  3212.2
  -804  12.451   0.001  12.452   341232.3 260642.9 70125.1 14054.1   4033.9  1048.7  3272.8
  -803  66.033   0.002  66.035   340615.5 283038.3 67740.5 11803.8   3793.8  1028.5  3121.5
  -802 -12.374  -0.000 -12.375   377276.0 261532.1 54214.3 11814.2   4843.9  1007.1  3661.7
  -801  -8.699   0.000  -8.699   356963.9 267465.6 52582.4 12667.2   4025.5  1031.9  3238.9
  -800 140.629  -0.001 140.628   423556.3 250401.1 54275.9 17708.4   3661.7  1004.6  3271.9

         Carbon flux (ktC/yr)        Water (dam3/yr)                Nitrogen (MgN/yr)
       ----------------------- -------------------------- --------------------------------
Spinup NEP     estab   NBP     transp     evap    interc  nuptake ndemand  nlosses ninflux
------ ------- ------- ------- ---------- ------- ------- ------- -------- ------- -------
  -799  40.475   0.000  40.475   358117.5 252235.2 47324.4 13166.7   3447.6  1050.0  3062.5
  -798 -63.295   0.002 -63.294   360933.3 276957.2 57585.9 11751.4   4643.9     2.8  3291.5
  -797  93.739  -0.001  93.738   391057.7 245359.3 54619.0 12453.6   4717.3     9.5  3762.5
  -796 -142.982  -0.001 -142.983   341513.7 239787.8 46958.1 14744.4   4939.2    17.0  3266.1
  -795 107.591  -0.413 107.178   349286.6 253356.7 44314.9 14179.3   3383.1    21.7  3055.4
  -794  93.266   0.001  93.267   360582.9 271125.9 49664.3 12386.5   4503.3    13.6  3437.1
  -793 237.191  -0.000 237.190   422043.0 233059.9 72850.6 18601.0   4210.2    24.9  3333.4
  -792 125.229   0.001 125.230   366155.1 215321.4 43933.2 13898.4   3270.1    39.0  2751.9
  -791 307.681   0.000 307.681   422743.3 227547.3 79741.0 14405.5   5256.1    43.7  3785.6
  -790  63.504   0.001  63.505   358649.5 275203.4 62030.8 12337.7   4037.9    25.2  3040.4
  -789  83.415   0.000  83.416   401303.2 282109.5 86694.1 14018.1   5624.9    13.4  3818.2
  -788 149.666  -0.000 149.665   406331.0 247867.1 84736.2 13436.7   5412.7    12.6  3827.4
  -787 174.915   0.000 174.916   399045.8 231554.9 81115.6 12261.0   5263.8    16.4  3706.4
  -786 -113.411   0.003 -113.408   306902.1 244582.0 50798.5 10012.3   4079.9    22.9  3047.1
  -785  40.189  -0.000  40.189   348959.6 247465.1 44960.8 14400.9   4004.4    18.9  3186.7
  -784  79.733  -0.001  79.733   387350.3 289883.2 77014.8 12996.7   5539.4     8.0  3871.7
  -783 111.931  -0.001 111.930   393448.0 248340.9 52213.3 13388.4   4368.5    11.5  3746.9
  -782  85.008   0.000  85.008   392993.4 283682.5 64255.4 15523.0   4513.6    22.1  3641.1
  -781 125.212   0.000 125.212   379284.1 243509.8 48310.6 15422.3   3319.5    20.8  2752.4
  -780 152.751  -0.000 152.751   369982.0 253892.7 50702.4 14847.0   3565.1    11.0  2781.1
  -779 259.283  -0.001 259.282   402830.5 249654.6 67758.7 16444.4   4598.2    21.9  3359.6
  -778 -28.817   0.001 -28.816   328671.9 242524.8 51720.2 10625.6   3782.8    43.1  2950.0
  -777 122.903  -0.000 122.903   364360.3 275117.9 55874.6 17257.4   3399.1    16.8  2772.2
  -776 296.436  -0.001 296.435   434814.0 280962.9 78743.4 14234.3   5294.1    22.0  3980.9
  -775 256.980  -0.001 256.979   442110.9 285356.5 82869.4 13381.6   5269.5    40.2  3987.0

         Carbon flux (ktC/yr)        Water (dam3/yr)                Nitrogen (MgN/yr)
       ----------------------- -------------------------- --------------------------------
Spinup NEP     estab   NBP     transp     evap    interc  nuptake ndemand  nlosses ninflux
------ ------- ------- ------- ---------- ------- ------- ------- -------- ------- -------
  -774  60.077  -0.001  60.076   409110.1 284098.6 72763.1 13229.6   4826.2    30.6  3740.9
  -773 191.536  -0.003 191.533   434834.1 251475.2 88321.1 16800.8   5057.7     7.5  3742.9
  -772  64.092  -0.001  64.091   391892.9 224895.4 61719.0 15176.8   4993.7    11.4  3698.2
  -771 250.957  -0.001 250.957   463220.3 251197.4 63321.0 19934.2   3514.5    18.7  3156.9
  -770 104.672  -0.001 104.672   438558.9 254380.1 66370.3 16986.7   3851.1    22.0  3129.4
  -769 118.870  -0.028 118.842   429663.3 268674.8 70117.8 18941.7   3170.1    19.9  2279.0
  -768 293.028  -0.002 293.026   461608.6 238509.2 99210.1 18848.9   4523.0    15.4  3175.0
  -767 138.645   0.000 138.645   403391.8 225745.0 63629.2 15105.3   3843.9    18.5  2781.0
  -766 -226.212   0.001 -226.212   380630.9 238443.4 60953.1 18093.3   3910.0    19.7  2385.0
  -765 309.186  -0.001 309.185   466315.1 241728.2 96762.1 21891.6   4428.0    31.0  3272.3
  -764 207.666  -0.000 207.665   466006.1 257402.7 77279.6 17111.2   4059.4    26.5  3181.3
  -763 240.894   0.000 240.894   497310.9 248561.2 98056.9 19602.4   4393.2    35.5  3369.4
  -762 210.865  -0.000 210.864   459334.6 213699.5 69819.1 18611.7   3702.4    37.6  2694.3
  -761 118.983   0.000 118.983   450371.5 267907.8 92750.6 18436.4   4144.5    34.6  2950.7
  -760 460.522  -0.000 460.522   550016.9 278874.9 110076.9 20450.5   5029.3    50.1  4099.4
  -759 226.327   0.000 226.327   503429.7 245498.5 114758.4 15735.9   5929.4    62.4  3871.1
  -758  46.625   0.006  46.631   386542.8 275716.7 99522.7 11903.4   4162.8    38.8  2988.5
  -757 -10.725  -0.002 -10.727   463404.5 279354.4 106951.0 15877.1   5661.6    40.0  3891.9
  -756  78.593   0.001  78.594   456667.6 239575.2 71376.9 14037.5   4989.8    41.9  3878.0
  -755 -60.751   0.001 -60.750   405050.6 272334.7 74973.3 15607.5   5233.0    48.0  3620.8
  -754 -52.096   0.000 -52.095   387349.3 281199.1 62253.4 14677.0   4963.6    54.9  3441.1
  -753 232.686  -0.001 232.686   469877.4 280278.9 90204.3 17859.6   5248.6    82.4  4059.9
  -752 -219.560   0.000 -219.560   365690.4 239005.5 57150.9 14908.1   4802.5    68.3  2917.3
  -751 102.384  -0.002 102.382   424705.3 260815.3 80425.4 21651.4   3658.2    57.2  2865.4
  -750 235.514  -0.001 235.513   459162.1 249466.6 88899.8 17784.2   4174.6    52.4  3335.3

         Carbon flux (ktC/yr)        Water (dam3/yr)                Nitrogen (MgN/yr)
       ----------------------- -------------------------- --------------------------------
Spinup NEP     estab   NBP     transp     evap    interc  nuptake ndemand  nlosses ninflux
------ ------- ------- ------- ---------- ------- ------- ------- -------- ------- -------
  -749  81.127  -0.000  81.127   420491.9 267898.4 65949.7 16477.3   3585.4    81.0  3000.9
  -748 133.239  -0.001 133.238   451424.9 274292.6 65076.2 23081.6   3009.0    84.2  2099.2
  -747 173.430   0.000 173.430   419987.8 252230.9 85610.7 18673.0   3029.6   100.4  2187.9
  -746 197.145  -0.184 196.960   436103.9 253936.6 87009.9 19910.8   3373.0    81.4  2656.7
  -745 283.635   0.001 283.635   521475.4 245359.0 99412.3 21832.7   3862.3    89.7  3052.7
  -744 190.836   0.000 190.836   512755.0 253142.6 90932.0 23384.9   3104.2    98.6  2463.1
  -743 345.540   0.002 345.542   497934.6 210921.6 74827.5 20230.6   3699.9    69.3  2632.4
  -742  31.138   0.001  31.139   399016.7 240673.6 68133.8 16061.3   2908.9    77.8  2289.5
  -741 132.276   0.001 132.277   461278.7 269477.4 84855.4 20160.2   4441.2    73.7  3225.8
  -740 272.631   0.000 272.632   493766.7 224713.8 106734.3 19720.3   4593.1    82.9  3299.4
  -739 103.173   0.002 103.174   432965.6 263201.2 76297.6 15589.8   4363.3    84.9  3141.0
  -738  61.452   0.001  61.453   444157.4 245820.5 62004.6 21671.3   3156.0    90.3  2644.8
  -737 167.813  -0.001 167.813   498481.4 272665.8 90642.6 20848.6   4741.5    76.5  3621.8
  -736 163.814   0.000 163.814   452901.2 261602.1 76577.6 16229.1   3962.9    77.7  3051.5
  -735 -66.572  -0.000 -66.573   455344.4 247526.1 72185.4 19699.3   3133.1    89.5  2249.4
  -734 -334.123   0.000 -334.122   350089.5 212197.9 76618.2 14652.2   2814.8   101.9  1465.6
  -733 231.888  -0.021 231.867   464201.1 217076.0 64900.2 23336.3   3147.1   107.9  2432.4
  -732 -74.105  -0.000 -74.106   425627.1 240097.9 74919.4 17628.9   3213.8   102.5  2434.1
  -731 -241.294  -0.000 -241.295   410737.6 231931.3 64738.4 20530.7   3351.8   120.1  2188.3
  -730 -284.646   0.002 -284.644   345860.8 232033.6 62680.1 13327.3   2622.1   143.3  1899.2
  -729 125.639  -0.000 125.639   414805.0 207918.0 50787.3 21381.9   2598.2   143.4  2131.8
  -728 164.207  -0.000 164.207   415346.8 262713.7 70855.8 19753.3   2863.1   144.8  2150.4
  -727 222.908  -0.001 222.907   429438.0 228285.9 69699.9 18448.9   3383.0   109.4  2697.2
  -726  84.157  -0.001  84.156   435534.0 246586.5 76985.2 19423.5   3532.4   111.0  2739.7
  -725 194.935  -0.001 194.934   431498.6 263002.4 74584.1 20560.6   3109.3   102.4  2244.2

         Carbon flux (ktC/yr)        Water (dam3/yr)                Nitrogen (MgN/yr)
       ----------------------- -------------------------- --------------------------------
Spinup NEP     estab   NBP     transp     evap    interc  nuptake ndemand  nlosses ninflux
------ ------- ------- ------- ---------- ------- ------- ------- -------- ------- -------
  -724 189.027  -0.001 189.026   457453.8 237630.6 99746.9 19439.6   3760.6   106.5  2763.0
  -723 349.422   0.001 349.423   512662.0 239345.4 76534.2 22084.2   3306.6   118.9  2904.1
  -722 308.897  -0.000 308.897   456205.9 253029.5 92632.5 22668.4   3148.6   118.8  2540.3
  -721 232.609  -0.000 232.608   458751.7 258612.8 89117.3 18874.3   3917.7   136.4  2942.9
  -720 360.179  -0.001 360.178   522090.3 236873.6 94793.9 23022.1   4539.7   115.0  3409.4
  -719 135.315   0.000 135.316   441227.2 256829.3 88626.5 16606.9   3393.3   137.7  2446.5
  -718 -49.866   0.000 -49.865   386704.2 194194.5 74164.7 15384.4   3927.0    80.6  2475.6
  -717 -224.877   0.001 -224.876   383506.6 239605.3 94277.2 17216.7   3299.3    95.7  2101.2
  -716  58.140   0.000  58.140   410634.3 256961.7 72385.7 18808.6   3799.8    87.6  2934.6
  -715 141.494  -0.002 141.492   455171.2 230521.0 102220.9 18398.0   5287.5    75.0  3701.2
  -714 169.627  -0.001 169.625   479986.2 246854.5 84670.1 20416.7   4010.5    78.1  3362.9
  -713 146.400  -0.001 146.400   445933.8 255374.5 72541.2 17290.4   4437.0    78.8  3486.6
  -712 333.705  -0.000 333.704   537774.4 235501.2 76732.5 25615.7   3410.1    97.4  2923.2
  -711 -484.457   0.001 -484.456   368790.0 225370.8 71387.6 13199.5   2970.9    94.6  1630.7
  -710 287.959  -0.001 287.958   448650.1 248822.0 88271.8 26045.0   3096.7   116.2  2520.7
  -709 411.007  -0.001 411.006   522479.7 232763.6 92871.6 23292.6   4414.3   143.4  3484.0
  -708 434.821  -0.001 434.821   502201.6 254965.7 97784.0 20156.4   4363.4   144.5  3592.1
  -707 148.086   0.002 148.088   407913.4 258690.0 105696.2 14986.2   3560.0   151.2  2866.4
  -706  38.592  -0.000  38.592   472096.9 249188.8 97881.0 20264.8   4597.8    81.5  3361.0
  -705  43.722   0.001  43.723   424390.3 267728.1 74425.5 15613.7   4595.3    91.0  3145.5
  -704 -210.914   0.001 -210.913   384687.2 236243.9 54875.4 16142.8   3710.5    99.9  2597.2
  -703 -418.546   0.001 -418.545   347777.1 205907.6 72144.2 17001.2   2938.6   101.3  1720.6
  -702 161.547  -0.002 161.545   501508.3 267566.1 83809.0 26751.1   3597.0   120.4  3129.2
  -701 156.495  -0.000 156.495   431300.5 219786.7 67936.4 19740.7   2836.2   116.8  2091.8
  -700 -151.114   0.003 -151.111   405621.8 240998.3 55290.6 20416.3   2427.4   117.8  1806.7

         Carbon flux (ktC/yr)        Water (dam3/yr)                Nitrogen (MgN/yr)
       ----------------------- -------------------------- --------------------------------
Spinup NEP     estab   NBP     transp     evap    interc  nuptake ndemand  nlosses ninflux
------ ------- ------- ------- ---------- ------- ------- ------- -------- ------- -------
  -699 -341.139  -0.001 -341.140   351457.0 260835.2 72968.4 16421.2   2632.6   142.2  1576.4
  -698 337.358  -0.002 337.357   495231.8 234964.9 85108.3 27150.0   3665.1   185.8  2951.4
  -697 252.794  -0.001 252.794   474556.3 250872.7 99216.5 21941.5   3515.5   169.7  2873.9
  -696 364.737  -0.000 364.736   487216.4 223540.1 81965.8 19802.7   3877.9   132.0  3325.1
  -695 -222.399   0.001 -222.397   358221.8 225058.7 71030.9 12882.5   2900.0   143.6  2016.8
  -694 234.021   0.001 234.022   407842.1 261580.2 92160.4 20764.7   2862.7   142.0  2575.4
  -693 173.744  -0.001 173.743   405851.6 231371.1 91950.7 19322.3   3681.1   128.4  3190.8
  -692 213.722  -0.000 213.721   454573.2 257000.8 71597.4 19612.2   3965.7   194.8  3330.8
  -691 403.574  -0.002 403.572   561745.0 232656.8 113832.4 30140.1   3667.1   158.4  2944.3
  -690 300.267  -0.001 300.266   530714.7 243586.2 93692.1 20102.7   3474.7   155.7  2753.3
  -689 353.469  -0.001 353.468   511818.0 259912.0 100421.4 24225.7   3865.3   145.8  2798.6
  -688 233.969  -0.001 233.968   518838.5 263131.6 113961.1 22643.1   4305.9   148.0  3296.0
  -687 403.798  -0.000 403.797   536056.1 225242.9 97348.9 22027.2   3810.3   139.8  2832.7
  -686 -82.626   0.001 -82.625   400202.7 191811.6 91661.8 15612.5   3328.5   138.8  1855.8
  -685 -15.656   0.002 -15.654   384718.8 216465.4 111742.6 18854.0   3217.7   143.8  2403.6
  -684 166.735  -0.001 166.735   481575.5 261657.2 92850.6 22115.7   4698.7   183.0  3563.0
  -683 -51.410   0.001 -51.409   420170.3 199912.3 65225.8 17408.3   3277.7   150.4  2380.8
  -682 -55.028   0.001 -55.027   408762.1 229889.8 76042.8 15836.3   3671.2   147.3  2572.7
  -681 -289.764   0.002 -289.763   345562.6 190123.3 60427.4 14486.3   2643.5   136.9  1773.9
  -680 266.869  -0.001 266.868   464958.3 205916.8 100280.1 22556.6   4339.0   152.6  3449.0
  -679  31.472  -0.000  31.472   431511.0 238666.1 53684.7 18628.3   3587.2   137.4  2841.6
  -678 -29.569   0.001 -29.569   422392.3 254067.6 83898.5 21308.1   3343.0   124.9  2365.2
  -677  98.882  -0.002  98.880   459329.8 243411.7 98241.6 25265.6   3131.9   138.8  2385.1
  -676 303.768  -0.000 303.767   514535.2 235412.9 108943.7 23006.2   3568.7   129.9  2873.6
  -675 204.151   0.000 204.151   482764.7 257666.7 83297.0 23967.0   3101.4   152.5  2524.6

         Carbon flux (ktC/yr)        Water (dam3/yr)                Nitrogen (MgN/yr)
       ----------------------- -------------------------- --------------------------------
Spinup NEP     estab   NBP     transp     evap    interc  nuptake ndemand  nlosses ninflux
------ ------- ------- ------- ---------- ------- ------- ------- -------- ------- -------
  -674  30.312   0.000  30.312   488849.6 206978.9 67478.2 24044.0   2162.7   172.0  1777.6
  -673 363.987  -0.001 363.986   559886.0 230974.4 120771.2 28109.7   2920.9   190.5  2154.6
  -672 751.902  -0.001 751.900   655898.8 262958.4 137366.2 33266.1   3654.5   182.5  2882.8
  -671 -51.789   0.001 -51.789   455998.6 208927.8 104834.4 17833.6   3437.8   179.5  1862.8
  -670  58.425  -0.000  58.425   526511.1 250530.7 130853.3 26994.9   3549.3   201.2  2531.1
  -669  -0.494   0.001  -0.493   451634.8 223416.9 96647.6 15146.6   3148.6   191.7  2074.7
  -668  63.773   0.001  63.774   417403.3 225540.7 117535.5 21403.9   2972.3   184.8  2291.6
  -667  22.050   0.000  22.050   457648.9 203388.4 68831.2 20574.1   3177.3   221.5  2407.8
  -666  97.121  -0.000  97.121   504556.6 237242.6 96315.0 23873.6   3733.0   200.3  2929.2
  -665 212.827  -0.000 212.827   475331.2 242808.8 108855.0 22508.6   3700.7   177.8  2687.4
  -664 143.321  -0.000 143.321   528162.6 238870.9 93429.5 24393.6   3577.0   190.4  2869.2
  -663 -175.480   0.002 -175.479   449722.7 234785.5 69262.3 22229.2   2482.1   210.6  1688.3
  -662 -190.994   0.001 -190.993   455016.4 236418.3 100325.7 23404.5   2840.6   216.4  1993.1
  -661  89.862  -0.000  89.862   449387.5 217017.6 81373.4 22910.8   3428.9   222.5  2416.4
  -660 243.102  -0.001 243.101   527205.6 218643.9 127853.4 27711.1   3758.1   239.1  2917.0
  -659 137.584  -0.001 137.584   482117.6 209268.5 95993.9 22755.9   3652.1   261.8  2391.8
  -658  48.952  -0.001  48.951   524453.5 249305.4 127070.3 24686.6   3428.4   286.7  2621.4
  -657 238.451  -0.000 238.450   484008.7 233347.1 122176.2 23541.1   3352.0   277.1  2539.0
  -656 232.062  -0.001 232.061   565706.4 250055.1 149547.0 29821.4   4551.0   257.6  3462.4
  -655 217.439   0.000 217.440   474084.9 233528.8 87478.3 20102.3   3409.4   262.1  2550.4
  -654 -97.280   0.001 -97.279   445973.5 223081.7 85807.4 23020.9   3858.5   257.6  2685.7
  -653 353.379  -0.000 353.378   525401.5 225023.9 110588.7 24331.9   5301.7   273.7  3229.6
  -652 377.340  -0.000 377.340   545189.8 224166.6 114672.1 21848.5   4425.2   400.3  3286.4
  -651 135.341   0.001 135.342   456508.8 219524.0 122542.8 19436.7   3772.2   290.8  3078.5
  -650  81.464   0.001  81.465   463390.3 217809.5 83737.9 22462.2   3853.1   268.7  2697.2

         Carbon flux (ktC/yr)        Water (dam3/yr)                Nitrogen (MgN/yr)
       ----------------------- -------------------------- --------------------------------
Spinup NEP     estab   NBP     transp     evap    interc  nuptake ndemand  nlosses ninflux
------ ------- ------- ------- ---------- ------- ------- ------- -------- ------- -------
  -649 224.351  -0.000 224.351   499988.8 244221.9 109048.8 26841.5   3686.4   254.2  2935.0
  -648 201.070  -0.001 201.068   560738.1 246860.6 144381.5 27662.8   3725.7   282.4  2965.5
  -647 313.144  -0.000 313.143   555026.3 215934.0 102295.9 20704.9   3662.5   215.4  2833.9
  -646 -118.470   0.001 -118.470   490668.3 232413.1 109902.3 23951.4   2915.2   227.7  2082.9
  -645 -417.001   0.000 -417.000   437229.2 225266.2 87919.4 22173.1   3563.6   240.4  2077.5
  -644 -509.050   0.002 -509.048   370392.6 219582.0 83139.2 12283.0   2244.4   274.6  1508.6
  -643  21.092  -0.000  21.092   449317.2 227249.1 80631.6 25781.4   2295.8   280.3  1946.8
  -642 -298.192   0.001 -298.191   364617.7 218947.6 81948.1 14887.9   2161.5   259.2  1545.5
  -641 -544.577   0.001 -544.576   324166.2 198021.1 81338.5 16771.1   2187.6   290.1  1281.9
  -640 252.516  -0.002 252.514   551265.3 256780.5 113567.3 36954.9   3149.7   323.6  3009.1
  -639 171.425  -0.000 171.425   444428.6 211063.3 75855.0 21184.4   2927.1   316.3  2294.4
  -638 189.338  -0.001 189.336   526426.7 262605.6 107300.0 27420.8   3519.5   330.0  2954.3
  -637  14.491   0.000  14.492   452159.5 219378.6 80593.1 22914.0   2685.9   334.1  2150.4
  -636  25.401   0.001  25.401   415532.9 191427.9 71588.4 17729.3   3137.9   336.5  2319.6
  -635 123.589   0.001 123.590   422167.3 208510.3 80298.5 25027.8   2918.2   377.1  2267.2
  -634 132.547   0.001 132.548   437937.0 239077.8 109912.4 25395.7   3026.6   345.3  2490.2
  -633 204.050  -0.002 204.048   511211.6 242760.9 113769.8 23962.4   3483.0   456.7  2804.7
  -632 323.185  -0.001 323.184   516367.6 235780.3 119884.3 22633.4   3102.5   382.1  2478.0
  -631 214.061   0.000 214.061   510384.5 231176.5 98460.1 22801.6   3335.7   348.3  2856.3
  -630 145.762  -0.000 145.761   542398.7 242708.1 104130.6 28830.5   3182.9   365.1  2600.5
  -629 -255.879   0.000 -255.879   444010.6 223474.7 87279.4 21762.3   3528.3   359.8  2104.7
  -628 220.976  -0.000 220.976   452146.9 222848.1 121397.8 25935.0   2809.3   385.9  2211.6
  -627 468.209  -0.001 468.208   593674.1 219311.9 144412.1 29313.3   4035.6   428.4  3077.3
  -626 354.800  -0.000 354.800   538536.9 247482.1 118579.3 23486.9   3316.7   394.2  2422.8
  -625 287.362   0.000 287.362   490754.8 232424.6 128338.0 22849.6   3224.8   405.3  2346.2

         Carbon flux (ktC/yr)        Water (dam3/yr)                Nitrogen (MgN/yr)
       ----------------------- -------------------------- --------------------------------
Spinup NEP     estab   NBP     transp     evap    interc  nuptake ndemand  nlosses ninflux
------ ------- ------- ------- ---------- ------- ------- ------- -------- ------- -------
  -624  57.931   0.001  57.932   515274.0 230614.9 115755.2 26024.7   3194.7   449.8  2401.2
  -623 184.493   0.000 184.493   492417.1 251016.2 99901.6 23753.4   4215.6   362.8  2841.4
  -622 -414.816   0.001 -414.815   420755.7 227602.3 86928.1 17874.8   2510.2   436.9  1741.5
  -621  -8.891   0.000  -8.891   455619.4 218651.6 82001.0 27529.4   2760.7   416.8  2256.2
  -620 -88.387   0.001 -88.387   399190.4 255130.7 89703.6 17584.8   3962.8   390.1  2269.8
  -619 -271.306   0.001 -271.305   368547.2 220458.6 85230.2 14085.0   2829.4   420.2  1916.9
  -618  84.981   0.000  84.981   446400.7 192558.5 120742.3 25458.6   3007.0   384.4  2223.5
  -617 502.128  -0.001 502.127   572090.8 258599.7 121380.7 28179.7   4155.6   424.7  3521.5
  -616  12.163   0.000  12.164   434292.4 258888.5 86848.7 19060.2   3524.2   446.6  2414.8
  -615 -670.766   0.001 -670.764   344753.5 217457.3 79088.4 16385.1   3187.2   391.7  1829.2
  -614 -426.994   0.001 -426.993   342828.1 217784.1 71457.1 15585.0   2467.2   396.3  1866.2
  -613  68.677  -0.000  68.677   431758.1 217135.5 63776.0 30889.5   2571.9   390.9  2410.4
  -612   0.990  -0.000   0.990   404096.4 215586.4 65239.3 22528.9   3250.3   354.9  2739.7
  -611 -120.562   0.001 -120.561   364500.2 216573.6 69742.7 13394.5   3453.4   363.8  2564.5
  -610 277.113  -0.001 277.112   451057.0 257656.9 73219.4 28026.3   3091.3   407.4  2603.4
  -609 158.602   0.000 158.602   383956.0 246394.5 101408.7 19326.6   2617.3   444.7  2454.2
  -608  73.666  -0.000  73.666   401691.5 210233.9 69961.5 22976.4   3515.2   345.7  2825.4
  -607  78.585  -0.001  78.584   440296.1 243422.5 84539.4 27497.0   2634.7   368.2  2188.9
  -606 -177.366   0.001 -177.365   365356.0 217484.9 78079.9 12709.0   2596.5   349.0  1941.6
  -605 465.827  -0.001 465.825   513946.8 251039.6 114943.4 31024.9   3512.5   374.3  3134.1
  -604 -147.032   0.001 -147.032   386294.4 231205.4 61975.8 20330.4   2698.2   398.0  2078.5
  -603 -458.027   0.004 -458.023   335337.8 199335.1 63009.1 15482.8   1974.8   376.2  1495.1
  -602 127.421  -0.002 127.419   413648.0 230725.4 91109.0 25505.8   2822.0   394.7  2443.2
  -601 206.021   0.000 206.022   456379.1 244943.2 74930.2 23954.7   3193.8   378.3  2874.7
  -600 131.883   0.002 131.885   443705.5 257678.8 99542.7 24157.9   2507.6   415.4  2475.0

         Carbon flux (ktC/yr)        Water (dam3/yr)                Nitrogen (MgN/yr)
       ----------------------- -------------------------- --------------------------------
Spinup NEP     estab   NBP     transp     evap    interc  nuptake ndemand  nlosses ninflux
------ ------- ------- ------- ---------- ------- ------- ------- -------- ------- -------
  -599 179.824  -0.001 179.824   464467.4 245904.9 78369.1 25480.7   3615.0   384.3  2883.9
  -598  53.543  -0.001  53.542   484857.3 208607.9 85784.4 26359.7   2978.7   518.7  2228.3
  -597  47.378   0.001  47.380   469486.4 210764.1 71462.4 22573.3   1958.2   525.8  1731.1
  -596 167.788   0.001 167.789   450801.9 216363.3 117326.2 25484.7   2468.0   509.1  2217.7
  -595 210.031   0.000 210.031   565582.1 235132.5 126828.8 25732.2   3379.5   546.9  2674.8
  -594 -58.347   0.002 -58.346   481964.0 223757.9 85502.7 26979.2   2388.0   599.9  1970.4
  -593  63.776   0.001  63.778   450209.2 235825.0 106873.7 26337.3   2752.6   522.0  1982.5
  -592  29.102   0.001  29.102   461164.9 251810.1 118099.0 22517.8   4061.8   501.7  2886.0
  -591 -498.307   0.001 -498.306   396794.7 221431.7 86490.1 19532.2   3191.1   539.8  1853.7
  -590 174.629  -0.001 174.628   503761.0 256915.0 112220.2 29845.3   3444.0   558.9  2660.6
  -589 263.557  -0.002 263.555   541801.4 229859.2 114429.2 30188.4   2836.3   589.3  2256.6
  -588  69.820  -0.002  69.818   462712.3 203804.7 102219.4 17361.4   3752.6   628.7  2382.1
  -587 148.653  -0.002 148.651   539873.9 247192.5 103668.4 28875.3   2732.5   680.0  2230.8
  -586  41.508  -0.001  41.507   523479.2 240983.9 133361.6 23134.9   3216.1   688.7  2456.4
  -585 187.068  -0.000 187.068   523119.8 234713.7 133777.6 22549.3   3232.3   688.5  2462.1
  -584 363.559  -0.000 363.558   557244.8 219584.2 151747.7 24834.9   3786.4   644.8  2867.6
  -583 215.520   0.000 215.520   514941.1 249739.3 115072.6 22089.2   3859.2   616.8  2934.2
  -582  15.531   0.001  15.532   442839.9 243589.2 98235.2 20816.0   3767.5   607.3  2571.5
  -581  25.409  -0.001  25.408   538273.7 239132.9 110283.3 34852.1   3411.3   684.7  2687.8
  -580 -47.710   0.000 -47.710   458601.1 227674.8 92938.5 12514.6   3378.5   635.0  2228.8
  -579 -459.835   0.001 -459.834   355698.2 227023.8 70299.2 19320.4   2143.5   626.6  1431.9
  -578 -580.651   0.003 -580.648   341980.5 206191.7 78178.6 14123.6   2180.4   665.3  1295.3
  -577 -251.031   0.001 -251.030   379220.9 201112.0 57983.3 21363.4   2660.1   685.2  2210.9
  -576 105.424  -0.000 105.424   424075.6 223639.9 62508.6 23588.8   2814.3   710.2  2814.0
  -575 120.314  -0.003 120.312   481792.7 241691.7 95735.4 22961.6   3687.3   665.0  3116.3

         Carbon flux (ktC/yr)        Water (dam3/yr)                Nitrogen (MgN/yr)
       ----------------------- -------------------------- --------------------------------
Spinup NEP     estab   NBP     transp     evap    interc  nuptake ndemand  nlosses ninflux
------ ------- ------- ------- ---------- ------- ------- ------- -------- ------- -------
  -574 379.874  -0.001 379.873   545747.0 244575.0 123687.8 26196.3   3432.2   643.3  3122.7
  -573 349.248  -0.000 349.247   564706.8 228564.7 119758.8 23371.1   3299.4   698.2  2733.6
  -572 343.326   0.000 343.326   524277.0 195010.5 88914.6 26320.2   2815.8   742.2  2297.3
  -571 237.108  -0.000 237.108   521918.0 209873.7 144369.1 24191.7   2918.8   670.7  2026.3
  -570 158.931   0.000 158.931   508350.2 205832.5 100743.3 22388.7   3602.1   697.0  2640.8
  -569 599.336  -0.001 599.335   658668.0 257710.8 145656.0 32157.6   3606.2   776.4  3039.1
  -568  65.824   0.001  65.825   455214.0 231480.3 90002.5 20625.9   2674.1   767.6  2175.1
  -567  88.188  -0.001  88.187   536873.7 229550.7 117817.7 31940.8   4018.2   680.2  2964.6
  -566  73.416  -0.000  73.416   526839.9 235445.2 103828.6 21407.9   4365.4   685.4  3025.0
  -565 -66.988   0.001 -66.986   474694.9 201335.8 79645.5 17945.1   2989.8   750.7  2243.6
  -564  43.618   0.000  43.618   507387.2 233677.5 128081.9 23966.7   3220.1   754.7  2392.6
  -563 101.020   0.001 101.021   453680.3 227715.1 83495.2 23077.2   2877.5   707.3  2537.2
  -562  19.864   0.001  19.865   414140.6 250761.0 115208.3 20440.2   3675.1   656.8  2848.7
  -561 199.463  -0.001 199.462   485384.4 236351.3 102674.8 24499.2   4743.3   679.8  3571.9
  -560 -452.228   0.000 -452.228   397446.1 218813.5 79709.7 16921.2   3551.4   742.9  2136.6
  -559 -736.796   0.001 -736.795   359844.5 216971.7 76729.5 16829.0   2761.8   714.6  1678.2
  -558 281.563  -0.001 281.562   514396.1 201878.4 115420.7 30502.9   3063.2   713.9  2469.6
  -557 321.254  -0.001 321.253   544750.6 230112.5 102181.2 29878.7   2417.2   723.4  2179.1
  -556 291.359  -0.001 291.359   494344.4 190869.8 89373.1 20048.3   3211.7   680.9  2519.0
  -555 -522.662   0.003 -522.660   350194.6 200433.2 85836.8 10903.0   1597.6   697.5  1074.2
  -554 -805.387   0.001 -805.386   339443.5 222964.0 67012.9 17728.9   2040.5   780.7  1529.8
  -553 -126.472  -0.000 -126.472   401913.9 219721.1 65627.7 23861.9   1900.2   772.3  1832.4
  -552 334.105  -0.001 334.104   478927.5 190868.6 108114.9 28350.5   2123.4   745.4  1709.8
  -551 420.460  -0.002 420.458   555682.3 248484.2 122808.6 31007.5   2728.7   730.8  2581.4
  -550 337.046  -0.001 337.045   517687.9 247025.1 99837.6 22859.2   3365.6   723.5  2835.6

         Carbon flux (ktC/yr)        Water (dam3/yr)                Nitrogen (MgN/yr)
       ----------------------- -------------------------- --------------------------------
Spinup NEP     estab   NBP     transp     evap    interc  nuptake ndemand  nlosses ninflux
------ ------- ------- ------- ---------- ------- ------- ------- -------- ------- -------
  -549 180.062  -0.000 180.062   439381.3 221579.3 117517.8 22148.9   2591.1   737.3  2229.7
  -548 135.690  -0.000 135.690   494418.2 261569.1 90597.0 23762.1   3657.0   808.2  2786.0
  -547 174.006  -0.000 174.006   532621.1 224275.6 129439.4 22676.9   3032.6   819.9  2370.4
  -546 181.625   0.000 181.625   470107.0 252009.4 121950.3 23907.0   2504.5   795.5  2269.2
  -545 -26.864   0.000 -26.863   454497.1 254518.8 90468.5 21556.9   3790.0   749.8  2571.3
  -544  32.669  -0.000  32.669   496530.7 223653.2 110435.7 29981.2   3153.8   823.7  2475.7
  -543 -35.286   0.000 -35.286   446992.5 255940.4 92423.8 17258.9   4011.4   771.7  2584.9
  -542  19.772   0.001  19.772   412512.5 226905.8 115160.5 21266.9   2970.3   849.8  2204.2
  -541 -404.549   0.001 -404.548   410431.5 220375.7 80561.3 23896.2   3503.4   786.8  2199.6
  -540 -190.540   0.001 -190.539   411381.5 201199.0 89156.3 22786.2   3193.8   832.2  2067.3
  -539 -75.431   0.000 -75.431   444623.5 222980.4 75255.4 28589.8   2315.2   868.0  1954.1
  -538 314.342  -0.000 314.342   468152.4 232887.7 105434.1 22194.8   3794.2   836.8  3113.3
  -537 -204.727   0.001 -204.726   387880.7 214770.7 81315.3 13283.6   2502.2   943.2  1976.5
  -536   5.244   0.000   5.245   438309.6 224799.5 81122.7 24351.4   2469.1   807.4  2193.4
  -535 -132.216   0.002 -132.215   386136.7 228049.4 92321.5 25580.0   2253.2   770.1  1768.9
  -534 -219.754   0.002 -219.752   366133.9 226368.7 88154.3 22023.0   3127.0   752.1  2208.3
  -533 -32.093   0.001 -32.092   366965.5 219154.3 99851.0 17265.3   3894.5   759.3  2985.8
  -532 170.577  -0.000 170.577   472810.1 260584.7 75615.0 22512.3   3835.6  1012.6  3164.5
  -531   9.710  -0.000   9.710   411702.0 251602.5 79454.1 18485.6   3042.0   873.3  2260.2
  -530  92.603   0.001  92.603   487765.4 224399.7 114704.0 24840.7   2977.5   864.7  2594.4
  -529 -305.768   0.000 -305.768   427638.4 222850.1 75879.7 25878.9   2850.9   905.9  2154.7
  -528 -34.799   0.001 -34.798   418766.6 193420.0 67670.2 20081.4   2256.7   862.4  1976.5
  -527 114.964  -0.000 114.963   453464.2 234650.8 94028.2 30585.4   2252.3   879.5  1897.7
  -526 453.924  -0.001 453.922   536164.3 251355.3 127218.5 23317.1   4379.7   847.7  3502.8
  -525 167.699  -0.001 167.698   472367.6 246668.8 104754.5 19081.0   3531.0   888.9  2819.5

         Carbon flux (ktC/yr)        Water (dam3/yr)                Nitrogen (MgN/yr)
       ----------------------- -------------------------- --------------------------------
Spinup NEP     estab   NBP     transp     evap    interc  nuptake ndemand  nlosses ninflux
------ ------- ------- ------- ---------- ------- ------- ------- -------- ------- -------
  -524 -180.549  -0.000 -180.550   404234.5 201205.3 94046.2 21013.6   3054.1   859.2  2030.3
  -523  93.252  -0.002  93.250   516559.7 247197.9 92283.5 31324.0   2867.6   912.8  2536.7
  -522 131.180  -0.004 131.176   525548.9 240199.3 121511.5 24184.5   2947.1   940.4  2392.9
  -521 -128.902   0.000 -128.902   417922.8 214938.6 86481.1 14030.5   2316.0   891.1  1779.5
  -520 206.435   0.000 206.435   534641.6 262165.6 113345.0 29446.7   2825.6   883.5  2625.2
  -519 128.325  -0.000 128.325   474220.7 247531.1 91220.4 21610.0   3540.6   853.9  2746.8
  -518 265.553  -0.001 265.552   560319.0 211757.4 132805.2 29407.5   3798.4   978.0  2919.8
  -517  90.576   0.000  90.576   469041.2 226622.6 94420.5 16066.9   2422.9   936.1  1968.2
  -516   0.243  -0.000   0.243   492267.2 241076.1 148788.1 29320.7   3116.0   876.8  2530.0
  -515 428.178  -0.000 428.177   600721.4 257026.4 141384.0 24964.4   4697.0   919.8  3615.6
  -514 189.598  -0.000 189.598   542255.6 218665.0 148743.3 23695.1   4206.0   956.1  3147.4
  -513 117.439  -0.000 117.439   549582.9 231657.7 119763.5 29178.6   3565.8   893.1  2853.5
  -512 -76.285   0.001 -76.285   461083.6 220081.9 87163.7 24589.2   3977.4   894.5  2739.2
  -511 348.028  -0.000 348.028   510883.3 196683.1 140091.4 21254.3   5394.4   869.2  3436.6
  -510 188.371  -0.001 188.370   550302.2 247287.6 152552.4 25950.2   4129.5   893.4  3261.9
  -509 305.291   0.000 305.291   553920.6 212959.1 106572.6 19433.7   3755.1   872.6  2946.1
  -508  25.180   0.001  25.181   438922.0 219096.0 128231.2 19976.9   2660.3   889.5  2129.8
  -507 -30.969   0.000 -30.969   526538.5 242694.2 100007.1 27513.6   3362.9  1044.4  2786.7
  -506  -7.241   0.000  -7.241   496100.3 254428.2 96110.2 23690.0   3548.7   925.1  2616.9
  -505 -46.616  -0.001 -46.617   545057.5 242998.9 105041.5 32440.5   3135.9  1030.7  2469.2
  -504 100.194   0.001 100.195   484691.5 245011.7 120392.4 19645.3   3375.0   960.7  2400.9
  -503 306.662  -0.001 306.661   592487.3 218260.8 147472.0 27505.0   3543.3  1024.3  2728.3
  -502 -158.105   0.001 -158.104   470626.8 234035.9 78296.8 21649.3   2607.1  1058.6  1866.9
  -501 -327.916   0.001 -327.915   460937.8 236081.9 110029.5 26357.5   3160.4  1065.5  2204.3
  -500 -267.487   0.001 -267.486   422647.6 222805.7 85743.8 16437.4   3620.3  1055.5  2384.5

         Carbon flux (ktC/yr)        Water (dam3/yr)                Nitrogen (MgN/yr)
       ----------------------- -------------------------- --------------------------------
Spinup NEP     estab   NBP     transp     evap    interc  nuptake ndemand  nlosses ninflux
------ ------- ------- ------- ---------- ------- ------- ------- -------- ------- -------
  -499  61.431  -0.000  61.430   523427.8 235043.4 95495.1 30247.0   3243.3  1086.1  2735.5
  -498  53.865   0.001  53.866   469977.2 236973.6 81690.2 24087.9   2610.3  1142.6  2290.4
  -497 -46.272  -0.000 -46.272   436048.3 212410.9 85275.1 21721.5   3543.5  1065.8  2517.1
  -496 -225.644   0.001 -225.643   418937.8 207363.5 72150.8 18216.1   3014.6  1098.8  2343.4
  -495  53.064  -0.000  53.063   511937.8 256200.6 110993.2 27308.8   3670.6  1099.3  3099.4
  -494 108.688   0.001 108.688   426866.8 251576.3 115219.7 20764.6   3116.2  1031.3  2583.0
  -493 -54.716  -0.000 -54.716   484829.6 236291.2 96613.5 27334.5   4579.0  1016.8  3320.1
  -492 222.857  -0.001 222.856   454093.1 227688.8 113883.5 17468.7   4027.0  1048.0  2919.9
  -491 139.768  -0.000 139.768   498153.1 262536.2 91009.1 21983.3   3561.1  1338.4  2844.5
  -490 -325.851   0.001 -325.850   378839.3 218461.6 83285.8 13913.5   2648.7  1111.1  2044.8
  -489 -20.785   0.000 -20.785   440626.1 226050.6 81518.6 23223.4   2559.4  1038.5  2282.6
  -488 -118.406   0.001 -118.406   378778.8 181380.1 81748.5 18832.1   2993.9   981.8  2187.7
  -487 -193.889   0.001 -193.888   361131.1 219717.0 69164.4 21951.3   2774.3   965.3  2610.0
  -486 -98.133  -0.000 -98.133   408829.1 194725.3 60116.8 21822.3   3548.5   972.3  2906.7
  -485 271.218  -0.001 271.217   505191.5 210984.4 80154.0 21404.0   3471.0   988.0  3162.2
  -484  33.773  -0.000  33.773   412021.9 229388.4 99974.1 20326.2   2763.0   944.1  2343.4
  -483 109.344  -0.001 109.343   537476.6 230348.6 113831.3 25710.5   3301.3   976.4  2887.7
  -482 324.059  -0.001 324.058   574785.0 223101.1 130687.4 30005.6   3075.6  1089.9  2642.2
  -481  33.336   0.000  33.337   476456.4 222248.1 82012.0 24069.0   2604.6  1016.4  2245.4
  -480 104.117   0.001 104.118   440781.2 244829.3 91672.2 19901.4   3918.1   955.7  2799.9
  -479 174.435  -0.000 174.435   573910.6 236494.6 122411.1 31788.8   2674.4  1099.2  2335.4
  -478  78.800  -0.001  78.800   479933.5 218523.0 87020.0 21314.3   2085.5  1110.9  1708.0
  -477 -80.905  -0.000 -80.906   514241.8 247199.7 125623.4 24358.1   2655.2  1083.3  2102.3
  -476 -110.855   0.001 -110.854   454022.0 231775.4 72388.7 24668.6   2444.5  1046.6  1902.9
  -475 -175.580   0.002 -175.578   406330.9 230984.9 80763.6 24691.3   2728.3  1071.6  2349.3

         Carbon flux (ktC/yr)        Water (dam3/yr)                Nitrogen (MgN/yr)
       ----------------------- -------------------------- --------------------------------
Spinup NEP     estab   NBP     transp     evap    interc  nuptake ndemand  nlosses ninflux
------ ------- ------- ------- ---------- ------- ------- ------- -------- ------- -------
  -474 -201.487   0.000 -201.487   429799.8 220460.3 77377.6 26666.9   3472.4  1052.8  2642.8
  -473 -84.318  -0.001 -84.319   419510.6 201645.8 89495.8 19966.9   4651.4  1033.0  2935.9
  -472 -75.725  -0.001 -75.726   451730.1 224952.2 77633.8 28832.2   2435.7  1125.1  2056.9
  -471 -63.835  -0.000 -63.836   421357.6 201858.0 91187.7 18585.5   4078.0  1052.1  2743.2
  -470  43.483  -0.000  43.483   479759.0 252763.2 99223.0 31964.2   2157.3  1132.3  1723.3
  -469 -77.304   0.000 -77.304   418809.1 238036.9 104852.0 15210.6   3455.5  1058.8  2307.4
  -468 115.166   0.000 115.167   465476.4 210565.8 93493.0 22516.3   2811.3  1075.3  2483.0
  -467 -465.315   0.001 -465.314   346665.6 212754.6 77249.4 22311.2   2042.2  1061.6  1528.9
  -466 -598.510   0.001 -598.509   337635.0 217268.0 69523.9 18153.1   3651.2  1034.0  2142.3
  -465 117.911  -0.000 117.911   416677.0 239142.8 72384.9 23827.2   3324.6  1062.6  2821.7
  -464 358.291  -0.002 358.289   542798.9 211252.2 112743.3 29899.3   2992.9  1159.4  2710.8
  -463 290.236  -0.001 290.235   527364.6 237283.9 88921.5 22291.8   2458.8  1106.9  2363.0
  -462 385.918  -0.001 385.917   532980.3 238835.8 111494.5 26891.5   2540.1  1159.8  2388.7
  -461 -247.322   0.001 -247.321   399919.7 217142.2 84858.0 14927.1   2293.4  1208.1  1848.0
  -460 135.050   0.000 135.050   451901.0 231741.0 109478.7 27578.6   2633.7  1078.2  2407.4
  -459 126.760  -0.000 126.759   547485.0 232458.0 122137.0 23240.6   3660.3  1102.6  3017.5
  -458 174.044  -0.001 174.044   520930.4 253618.5 104190.9 25512.5   3160.0  1237.0  2563.1
  -457 -78.647   0.001 -78.646   425951.5 193646.4 75432.1 16778.2   2211.0  1165.3  1841.8
  -456  70.366   0.000  70.366   448786.4 242404.5 91266.8 25366.6   2947.1  1150.3  2559.7
  -455 136.217  -0.001 136.215   571142.4 252216.2 137034.1 36940.1   3414.3  1213.9  2918.7
  -454 -81.187   0.000 -81.187   448498.2 231567.0 71309.2 16462.8   2808.3  1152.0  2015.8
  -453 -181.370   0.000 -181.370   462227.3 227899.4 114239.6 30122.4   2751.1  1219.4  1912.1
  -452 -144.335   0.000 -144.334   431205.4 224229.7 91449.2 14796.6   3481.6  1183.8  2487.1
  -451 -130.703   0.000 -130.703   449555.5 221267.1 110828.5 29833.5   2563.0  1197.1  1919.0
  -450 -111.213   0.000 -111.212   419518.6 224025.5 87623.5 15911.6   3523.2  1168.2  2578.6

         Carbon flux (ktC/yr)        Water (dam3/yr)                Nitrogen (MgN/yr)
       ----------------------- -------------------------- --------------------------------
Spinup NEP     estab   NBP     transp     evap    interc  nuptake ndemand  nlosses ninflux
------ ------- ------- ------- ---------- ------- ------- ------- -------- ------- -------
  -449 -136.429   0.001 -136.429   416655.0 227411.8 115506.0 20680.2   2725.5  1170.6  2091.6
  -448  45.827   0.000  45.828   426162.1 192726.9 68809.5 19806.2   2918.4  1170.2  2651.2
  -447 -90.621   0.000 -90.621   414234.8 230929.4 61443.9 23778.5   2909.6  1165.5  2411.6
  -446 -920.894   0.002 -920.892   301483.7 216197.3 73787.3 14420.8   2577.2  1204.1  1480.1
  -445 158.701  -0.001 158.700   416485.4 238083.0 68683.5 26682.8   2991.7  1164.9  2688.1
  -444 219.251  -0.002 219.249   529506.7 237852.7 89530.8 34372.3   2458.4  1317.7  2385.4
  -443 129.411  -0.001 129.410   455573.1 226244.9 81279.8 14462.4   2644.2  1213.0  2339.0
  -442 266.635  -0.001 266.635   481853.3 190466.7 129631.1 25762.1   2429.5  1213.5  1900.4
  -441  47.898   0.000  47.898   432138.1 193216.2 72707.1 17465.4   2681.5  1209.8  2434.3
  -440 102.735   0.000 102.735   499165.1 259115.3 110101.8 27089.8   3229.8  1220.8  2990.4
  -439  19.357  -0.000  19.357   446142.2 260968.4 85849.3 20435.0   3917.1  1185.1  2840.6
  -438 -274.206   0.001 -274.205   369295.7 227310.0 64680.4 18239.6   2959.8  1244.6  2089.5
  -437 -193.293   0.001 -193.292   383871.0 245783.9 94655.4 21602.5   3400.7  1219.1  2360.6
  -436  10.081  -0.000  10.081   459845.7 233771.9 91508.1 29798.4   3273.8  1220.5  2809.9
  -435 111.657  -0.001 111.657   438562.0 197057.7 67092.8 17208.4   3406.6  1216.4  2856.3
  -434 186.576  -0.000 186.576   431591.2 206607.1 79286.5 21990.5   2827.4  1254.2  2379.0
  -433 -311.953   0.001 -311.952   375278.0 225851.1 77337.7 16847.6   2636.5  1227.4  2133.7
  -432  85.546  -0.000  85.546   442466.1 235530.3 89602.2 32369.5   2591.9  1214.6  2282.1
  -431  49.980  -0.001  49.979   470607.9 242834.3 129808.7 26053.8   4879.5  1154.1  3589.5
  -430  57.111  -0.000  57.111   432641.6 228287.1 64619.2 17999.4   3495.7  1166.7  2622.5
  -429 -251.519   0.001 -251.518   368013.8 206481.8 81532.2 16674.5   2310.2  1221.2  1554.0
  -428  25.909  -0.001  25.909   459724.7 242950.9 108285.0 26238.0   3028.2  1265.3  2614.0
  -427 512.107  -0.000 512.107   548448.7 222445.7 102429.6 22988.8   3448.2  1266.6  2936.7
  -426 266.896  -0.000 266.896   469643.9 231960.9 112964.2 19913.4   2817.0  1272.6  2633.3
  -425 399.766  -0.000 399.766   584436.8 258140.7 132196.2 25041.7   4223.4  1246.6  3686.2

         Carbon flux (ktC/yr)        Water (dam3/yr)                Nitrogen (MgN/yr)
       ----------------------- -------------------------- --------------------------------
Spinup NEP     estab   NBP     transp     evap    interc  nuptake ndemand  nlosses ninflux
------ ------- ------- ------- ---------- ------- ------- ------- -------- ------- -------
  -424  -3.955   0.001  -3.954   448953.1 239772.4 101864.3 26510.2   2922.8  1298.3  2382.1
  -423 -364.000   0.000 -364.000   365059.1 198018.0 90959.7 17558.5   4636.2  1137.1  2554.9
  -422 -168.220  -0.000 -168.220   417565.7 233489.1 62412.5 25464.4   2877.0  1227.1  2223.4
  -421 -1046.243   0.003 -1046.241   302317.4 214492.1 77375.1 10962.3   2329.5  1285.7  1327.5
  -420  83.908  -0.000  83.908   381411.8 242286.8 90436.8 25122.4   2215.2  1218.6  2248.5
  -419 401.839  -0.002 401.837   478087.4 231964.4 89088.3 29524.7   3045.3  1261.4  2829.7
  -418 697.631  -0.002 697.630   587078.3 252904.1 120362.7 25512.2   3278.5  1367.9  3162.4
  -417  10.187   0.000  10.188   434108.1 255672.1 89190.3 16876.3   3083.2  1251.7  2294.6
  -416  -3.157   0.001  -3.156   412902.4 183095.9 86822.7 19833.9   3282.4  1219.0  2646.5
  -415 -312.579   0.001 -312.578   401968.2 224207.0 95644.9 25934.5   2932.6  1155.4  2393.3
  -414 -12.374  -0.000 -12.375   448301.3 226719.7 76998.9 20017.4   4097.2  1167.9  3064.2
  -413 114.975  -0.000 114.974   404050.1 220123.1 107757.7 19428.5   2899.0  1170.6  2606.4
  -412 305.562  -0.001 305.561   518533.1 206246.7 124514.6 24195.0   3689.0  1355.5  3232.6
  -411 170.962  -0.000 170.962   507361.6 234172.5 92644.9 24395.4   3004.9  1199.7  2790.6
  -410  76.647  -0.000  76.647   453124.0 215615.7 84470.0 24879.4   2838.1  1226.2  2280.4
  -409 -212.200   0.000 -212.199   418266.8 233227.4 68085.3 23758.9   2594.8  1218.4  1930.4
  -408 -211.171   0.000 -211.171   441484.3 234313.0 101534.0 27922.9   3124.5  1231.5  2430.0
  -407  35.705  -0.000  35.704   460754.6 225780.1 88053.0 18753.9   3617.8  1236.9  2772.4
  -406 -41.682  -0.000 -41.682   466233.0 220116.5 112445.1 28962.1   2501.0  1266.1  1912.4
  -405  83.523  -0.001  83.523   487500.4 234768.3 123620.9 21444.8   3909.0  1259.9  3041.4
  -404 247.779  -0.000 247.779   510307.0 230511.4 127185.6 21868.6   3176.3  1286.8  2628.6
  -403 114.969   0.001 114.969   456016.9 231760.7 110536.6 28926.0   2546.1  1238.6  2153.4
  -402  57.717   0.001  57.717   417182.2 227236.1 115900.7 18391.1   4563.5  1210.3  3120.6
  -401 -132.539   0.001 -132.538   402564.3 218827.3 90444.4 16151.8   3072.7  1316.9  2424.2
  -400 -139.306   0.001 -139.305   390009.0 236238.7 101260.1 22515.8   3425.4  1167.2  2549.8

         Carbon flux (ktC/yr)        Water (dam3/yr)                Nitrogen (MgN/yr)
       ----------------------- -------------------------- --------------------------------
Spinup NEP     estab   NBP     transp     evap    interc  nuptake ndemand  nlosses ninflux
------ ------- ------- ------- ---------- ------- ------- ------- -------- ------- -------
  -399 107.118  -0.000 107.118   423695.1 230288.6 103743.4 24442.4   3735.9  1221.8  3099.1
  -398  62.289   0.000  62.289   414958.9 229569.6 108847.5 21325.4   3203.3  1306.5  2793.9
  -397 -254.457   0.001 -254.457   380157.2 220049.3 77624.8 17228.0   3224.9  1184.5  2595.7
  -396 148.581  -0.001 148.580   474467.6 204679.7 84198.1 30437.5   3859.9  1235.9  3240.3
  -395 213.856  -0.001 213.855   551354.2 255821.4 137290.1 31546.3   3336.1  1285.0  2978.2
  -394 188.929   0.001 188.929   470430.3 243898.3 116387.9 18793.0   2907.6  1249.4  2432.5
  -393 151.013  -0.000 151.012   474421.0 229232.0 83479.5 25198.9   2491.5  1282.6  2394.8
  -392 103.089  -0.000 103.089   544529.5 232389.1 129957.6 23990.7   3744.5  1365.1  2934.8
  -391 181.005  -0.000 181.005   587695.5 235983.9 133540.6 26847.8   2781.3  1576.4  2372.2
  -390 -58.438  -0.000 -58.438   495776.8 233607.5 100421.8 19079.4   2289.7  1617.5  1930.5
  -389 -499.813   0.001 -499.811   367626.0 248161.0 102747.0 15325.4   2108.3  1489.3  1309.6
  -388 -459.202   0.001 -459.201   354603.2 226596.1 68194.8 22672.5   2034.5  1522.3  1531.3
  -387 -283.149   0.000 -283.149   431702.2 226911.9 101146.6 32005.3   2693.4  1506.0  1969.2
  -386 -469.699   0.000 -469.699   386684.9 216038.8 76565.2 19900.9   3479.4  1487.4  2190.1
  -385 -639.629   0.001 -639.629   354763.9 215402.1 75834.0 21069.8   2411.3  1549.8  1610.4
  -384 172.785  -0.001 172.784   510093.1 227532.2 112080.7 30101.5   2672.1  1551.8  2245.7
  -383 602.358  -0.002 602.356   605219.2 230225.7 105900.0 27916.8   2800.8  1678.5  2409.8
  -382 524.286  -0.001 524.285   554055.4 238787.2 119764.4 22969.7   2536.9  1761.1  2355.7
  -381  77.409   0.000  77.409   513421.6 234240.0 133216.5 21335.5   2604.0  1759.6  2274.7
  -380 -19.625   0.001 -19.624   457112.6 217866.7 96618.5 18758.2   2561.9  1602.1  2252.7
  -379 -152.855   0.002 -152.853   379182.1 238895.1 92662.2 20954.5   2936.4  1505.4  2389.4
  -378 -22.556  -0.001 -22.556   439791.1 263872.2 82872.9 27357.6   3398.3  1629.2  2594.7
  -377  83.819   0.001  83.820   382404.6 243270.4 111166.1 17829.6   2785.3  1607.4  2439.5
  -376 274.786  -0.001 274.785   536911.5 254733.9 121729.7 24764.1   4972.1  1537.1  3886.3
  -375  40.516   0.000  40.517   419334.0 224041.0 111899.8 15735.3   3398.2  1599.9  2919.2

         Carbon flux (ktC/yr)        Water (dam3/yr)                Nitrogen (MgN/yr)
       ----------------------- -------------------------- --------------------------------
Spinup NEP     estab   NBP     transp     evap    interc  nuptake ndemand  nlosses ninflux
------ ------- ------- ------- ---------- ------- ------- ------- -------- ------- -------
  -374   2.615   0.000   2.615   433615.6 214382.7 78309.0 22904.5   3361.0  1678.8  2834.5
  -373 -11.239  -0.000 -11.239   447365.0 256918.4 82799.0 23342.1   3630.8  1471.0  2959.7
  -372 128.502  -0.001 128.501   506428.0 252459.4 97105.3 29126.2   3286.5  1609.6  2745.9
  -371 619.882  -0.001 619.881   596483.1 253237.9 135296.3 26019.2   3562.8  1535.9  3152.7
  -370  90.352   0.001  90.352   441269.1 221540.1 128178.6 17498.5   2630.4  1547.5  2324.6
  -369  -7.699   0.001  -7.698   521215.5 265478.7 120603.3 25186.9   3722.8  1550.9  3105.4
  -368  50.847   0.000  50.848   456891.5 232235.3 82507.6 23957.5   3147.5  1449.8  2630.8
  -367  24.933  -0.001  24.933   519537.0 228661.9 110086.9 31691.0   4438.8  1427.9  3255.8
  -366 227.501  -0.000 227.500   492543.2 189803.0 93522.9 17237.6   4765.8  1412.1  3087.0
  -365 -228.742   0.001 -228.741   439381.3 224062.6 108175.5 22538.4   2997.6  1388.7  2309.5
  -364  80.621  -0.000  80.621   487816.1 251808.2 106485.3 23818.4   4853.1  1400.2  3495.8
  -363  60.226   0.001  60.227   395835.5 244467.9 120022.9 20652.0   2991.6  1376.0  2470.9
  -362 -243.611   0.001 -243.610   402277.4 230153.0 65165.0 20188.3   3879.1  1335.7  2607.4
  -361 -691.436   0.001 -691.434   304372.0 217669.7 77700.1 11982.9   2466.1  1393.7  1685.4
  -360 313.289  -0.001 313.287   472941.8 234791.9 92691.1 30270.0   3367.1  1443.4  3148.7
  -359 498.401  -0.001 498.399   552089.1 253276.6 122085.6 23134.4   3829.7  1570.4  3559.4
  -358 -49.535   0.000 -49.534   432347.7 225436.0 86180.4 15111.5   2745.2  1430.4  2450.8
  -357 -418.089   0.001 -418.088   339961.9 210948.5 74834.1 22944.4   2443.6  1298.0  1943.7
  -356  38.622  -0.000  38.622   412489.4 180803.2 74453.4 19792.0   4641.6  1265.2  3415.1
  -355 -117.880   0.001 -117.879   358000.8 216900.5 69475.4 20257.6   2872.8  1274.6  2696.0
  -354   7.080   0.000   7.080   480671.5 235408.0 106311.3 23341.5   3851.1  1299.3  3087.0
  -353 139.513  -0.001 139.512   463426.1 231496.7 68723.5 24845.1   2416.9  1425.0  2510.9
  -352 174.984  -0.001 174.983   475332.5 254944.5 81876.8 22821.3   3597.9  1333.5  2904.3
  -351 -28.661   0.000 -28.661   411023.4 248932.6 86650.6 18689.8   2896.0  1375.4  2113.6
  -350 -87.501   0.001 -87.500   382069.4 204745.8 80857.8 20450.8   2700.3  1343.1  2160.7

         Carbon flux (ktC/yr)        Water (dam3/yr)                Nitrogen (MgN/yr)
       ----------------------- -------------------------- --------------------------------
Spinup NEP     estab   NBP     transp     evap    interc  nuptake ndemand  nlosses ninflux
------ ------- ------- ------- ---------- ------- ------- ------- -------- ------- -------
  -349 -30.828  -0.000 -30.828   424474.3 195439.3 80790.3 24877.6   3576.1  1326.8  2890.1
  -348 -398.748   0.001 -398.747   340900.4 205097.2 81130.1 14375.6   2414.4  1252.1  1843.3
  -347  21.023  -0.000  21.022   414967.1 203735.8 82976.0 23943.5   2884.7  1239.1  2704.4
  -346 -329.749   0.000 -329.749   343392.8 225729.8 57657.5 22714.3   2236.3  1251.6  1763.3
  -345 -115.926  -0.000 -115.926   365297.4 223601.3 67107.6 24481.1   2737.6  1307.0  2603.9
  -344 105.932  -0.000 105.931   478330.8 266532.8 94673.7 28597.2   3575.4  1296.3  3098.0
  -343 205.237  -0.002 205.236   466932.3 238766.9 90172.4 24501.7   2255.6  1301.1  1963.6
  -342 103.687   0.000 103.688   483793.1 231792.4 118499.7 21917.3   2753.8  1296.3  2244.5
  -341  89.195  -0.001  89.194   477797.3 230304.7 85422.3 20964.4   2298.1  1367.7  2072.5
  -340 -398.062   0.001 -398.061   351988.5 209184.3 79423.0 20604.4   1818.5  1309.6  1417.6
  -339 210.845  -0.001 210.845   426576.8 178361.0 79206.9 23981.2   3237.3  1261.4  2633.7
  -338 -557.958   0.001 -557.956   319544.4 194438.2 87282.2 12321.7   1933.2  1307.4  1084.3
  -337 246.527  -0.002 246.525   532729.7 238694.1 91330.9 42746.0   2414.5  1430.6  2331.0
  -336 607.504  -0.002 607.502   565336.7 221295.1 105936.9 22009.4   3941.3  1381.7  3233.7
  -335 314.042  -0.001 314.041   533048.2 230183.3 100766.8 24615.6   2674.5  1454.6  2505.4
  -334  -8.408   0.000  -8.408   460966.2 226507.1 97663.4 20259.2   2458.5  1373.9  2003.4
  -333  87.812   0.000  87.812   490040.6 226553.3 135712.3 24715.9   2670.8  1366.3  2001.7
  -332  44.875   0.001  44.875   471822.5 253717.2 107990.6 34306.6   2346.3  1458.7  1792.8
  -331 -74.319  -0.000 -74.319   450548.0 226114.3 108309.3 24991.6   4151.9  1329.7  2844.0
  -330 230.650  -0.000 230.649   541226.5 234357.8 131762.1 21971.0   5021.9  1392.0  3303.2
  -329 146.475  -0.001 146.474   495642.2 207801.0 102850.2 24361.0   3600.5  1597.4  2598.8
  -328 399.727  -0.001 399.726   542971.2 237661.0 127651.8 26828.0   2933.1  1540.3  2479.0
  -327 -549.581   0.001 -549.580   402356.7 216188.3 98563.2 18600.1   2632.6  1576.9  1588.4
  -326 224.720  -0.001 224.720   514878.5 199604.1 144750.6 27178.0   3473.3  1479.8  2528.8
  -325 188.975  -0.001 188.975   552213.0 241856.5 158737.1 30876.0   3603.6  1487.2  2969.0

         Carbon flux (ktC/yr)        Water (dam3/yr)                Nitrogen (MgN/yr)
       ----------------------- -------------------------- --------------------------------
Spinup NEP     estab   NBP     transp     evap    interc  nuptake ndemand  nlosses ninflux
------ ------- ------- ------- ---------- ------- ------- ------- -------- ------- -------
  -324 420.375  -0.000 420.375   575339.0 216397.4 128638.9 21567.0   4608.6  1475.0  3305.0
  -323  60.232   0.001  60.233   460543.4 232337.9 122246.1 27915.8   2910.7  1578.8  2207.8
  -322 -131.597   0.002 -131.596   386888.2 222200.2 88305.6 21991.3   4261.1  1369.3  2918.6
  -321 -38.194   0.001 -38.193   419346.1 227067.3 80312.0 24476.6   4801.5  1378.0  3241.3
  -320 -41.446  -0.001 -41.446   450401.1 204104.5 92055.2 23523.1   6474.5  1406.0  3753.0
  -319  78.473  -0.000  78.473   441584.2 233582.9 80642.7 24483.5   3075.3  1492.8  2760.0
  -318  31.507  -0.001  31.506   490956.4 234538.0 97791.0 26131.8   4047.4  1431.3  3167.7
  -317 563.856  -0.001 563.855   603992.5 254857.5 144307.2 30219.3   3954.3  1520.5  3185.3
  -316   7.128   0.000   7.129   453869.5 234223.8 119253.8 24939.6   2535.9  1489.5  1863.9
  -315 -19.024   0.001 -19.024   398678.7 224937.8 126467.0 17172.0   4103.3  1420.3  2773.3
  -314 -27.092   0.002 -27.090   364960.0 241384.1 127029.0 21816.9   3038.6  1543.9  2606.4
  -313 -126.156   0.000 -126.156   403219.9 255635.0 85151.5 20260.8   4765.8  1351.6  3093.3
  -312 -160.289   0.000 -160.289   374920.8 250075.9 85093.2 18995.1   3777.0  1428.6  2652.9
  -311 -79.294  -0.000 -79.295   443831.8 233537.5 96307.2 29040.9   3621.5  1402.6  3083.6
  -310 -62.174  -0.000 -62.174   416490.0 220812.4 74957.1 26644.2   3940.0  1317.5  3168.2
  -309  85.487  -0.000  85.486   413203.3 231170.3 95260.9 27181.2   3873.8  1272.8  2798.6
  -308 -389.174   0.001 -389.173   318953.1 212168.3 80020.2  8282.8   3789.5  1278.2  2420.1
  -307 133.511  -0.001 133.510   484336.7 227498.6 97503.9 35238.9   3182.2  1333.4  2964.6
  -306 351.372  -0.001 351.371   467284.1 188131.5 84882.7 22127.7   4195.3  1273.3  3303.1
  -305   5.423  -0.000   5.423   441261.0 218177.6 111382.6 25784.3   2590.0  1281.5  2064.3
  -304 126.504   0.000 126.504   417716.7 225746.7 81369.3 25278.8   3214.0  1271.0  2930.8
  -303 101.337  -0.001 101.336   495812.1 225408.3 111478.1 33216.1   4114.6  1247.1  3279.0
  -302 275.108   0.000 275.108   415649.9 243460.3 125321.0 20254.1   3277.1  1221.7  2679.2
  -301 112.085   0.000 112.085   427893.4 225109.5 83657.8 27723.0   3493.6  1225.2  2965.6
  -300  53.733   0.002  53.735   419359.4 251909.6 112110.1 24566.6   3579.1  1211.5  2682.1

         Carbon flux (ktC/yr)        Water (dam3/yr)                Nitrogen (MgN/yr)
       ----------------------- -------------------------- --------------------------------
Spinup NEP     estab   NBP     transp     evap    interc  nuptake ndemand  nlosses ninflux
------ ------- ------- ------- ---------- ------- ------- ------- -------- ------- -------
  -299 180.565  -0.002 180.563   498867.1 236745.0 120924.8 21784.6   3024.2  1271.4  2442.6
  -298 444.542  -0.001 444.541   532766.8 204154.2 103060.0 23250.4   2721.5  1276.5  2484.4
  -297 -101.086   0.000 -101.086   462242.0 230765.5 132847.7 19841.2   2357.5  1268.9  1898.5
  -296 113.258  -0.000 113.258   533699.4 242014.8 153288.9 33266.1   3360.9  1279.8  3023.2
  -295 171.124  -0.000 171.124   493507.2 246080.5 115686.5 24301.0   4370.5  1223.6  3286.2
  -294 -55.818   0.001 -55.817   417840.6 194722.2 81722.6 17424.4   2586.5  1251.3  2113.3
  -293 296.320  -0.000 296.320   504244.6 192523.2 145365.4 27666.1   3433.4  1289.6  2762.2
  -292 185.957  -0.000 185.957   491253.1 243244.0 116493.3 24824.5   3487.7  1255.5  2784.9
  -291   4.101   0.001   4.102   420455.0 227059.3 88618.1 27397.9   2572.8  1217.2  2357.3
  -290   0.044   0.000   0.044   426253.8 227662.0 84549.4 29030.9   3717.8  1182.8  2971.8
  -289 -174.173   0.000 -174.172   417179.2 222178.7 82981.1 27408.6   4413.4  1179.8  3137.9
  -288 -35.303  -0.001 -35.303   417141.5 200742.9 97100.0 21070.8   5670.3  1172.9  3246.6
  -287 172.189  -0.001 172.189   466543.3 262715.8 97269.7 26499.1   2842.2  1253.3  2430.6
  -286 -65.143  -0.000 -65.143   468943.2 231159.8 98256.0 26030.1   1785.5  1342.7  1346.3
  -285 -261.343   0.001 -261.342   357637.1 179687.3 103085.2 16733.7   1585.5  1231.3   973.1
  -284  32.771  -0.000  32.771   458943.6 207112.6 147331.4 32494.6   2290.8  1217.3  1739.2
  -283 337.818  -0.000 337.818   495822.1 233911.9 122251.3 26456.3   3196.4  1284.8  2900.6
  -282  91.730  -0.000  91.730   501080.4 256048.1 129145.2 27490.4   3123.8  1414.7  2882.4
  -281 147.676  -0.000 147.676   482078.4 250714.5 118675.1 28120.4   3971.7  1219.1  3031.1
  -280 -332.526   0.001 -332.525   372260.3 216666.1 93515.2 14986.0   2417.4  1236.2  1678.1
  -279 254.828  -0.000 254.828   486590.0 241962.0 112555.6 33849.7   3145.8  1253.6  2581.2
  -278  54.885   0.002  54.886   496381.8 248873.7 130677.7 23488.1   2119.1  1259.8  1567.8
  -277 423.690  -0.002 423.688   589161.5 223434.0 149077.8 33902.6   2534.6  1334.4  2128.2
  -276 200.939  -0.000 200.938   495226.5 249457.8 107692.2 23441.7   2677.4  1256.3  2193.9
  -275 -197.452   0.000 -197.452   475692.5 232768.9 104344.1 24882.7   2331.9  1380.4  1792.8

         Carbon flux (ktC/yr)        Water (dam3/yr)                Nitrogen (MgN/yr)
       ----------------------- -------------------------- --------------------------------
Spinup NEP     estab   NBP     transp     evap    interc  nuptake ndemand  nlosses ninflux
------ ------- ------- ------- ---------- ------- ------- ------- -------- ------- -------
  -274 494.155  -0.001 494.154   569330.6 250355.8 156485.4 32715.3   3312.5  1317.9  2688.0
  -273   4.733   0.002   4.734   513273.4 244214.9 144365.8 19684.6   2518.3  1356.5  1840.2
  -272 -16.104   0.000 -16.103   478233.0 238601.8 92779.8 30782.5   2308.2  1418.4  2104.1
  -271 -14.090  -0.001 -14.091   534318.5 248327.6 158642.9 35712.8   4678.2  1293.5  3368.3
  -270 161.905   0.000 161.905   557883.1 235245.3 143703.8 18605.9   3712.2  1390.6  2802.1
  -269  84.908  -0.000  84.908   485590.2 228718.6 137406.7 22792.0   2345.4  1640.9  1984.2
  -268 -81.200   0.001 -81.198   536512.9 287050.1 127193.5 29662.7   2667.3  1748.5  2226.4
  -267 -612.616   0.000 -612.616   418292.2 226360.1 94894.3 20555.3   2660.4  1552.5  1702.4
  -266 -268.854   0.001 -268.852   430147.3 246279.1 109929.6 31931.7   1998.1  1543.3  1403.3
  -265 -628.453   0.001 -628.452   350828.1 249217.7 95455.2  8696.7   2696.6  1523.0  1435.1
  -264 206.906   0.000 206.907   508153.5 222614.1 103583.2 30333.8   3127.5  1615.9  2443.8
  -263 124.585  -0.000 124.585   456263.8 250744.6 88637.1 18257.9   2846.1  1575.4  2567.3
  -262 -29.765   0.000 -29.765   481060.5 246991.3 98832.1 38319.7   1881.4  1542.5  1540.0
  -261 -210.002   0.002 -210.000   384535.2 239169.5 112988.4 15088.6   2490.6  1435.8  1779.2
  -260 -21.823  -0.001 -21.824   511714.9 239718.1 90477.8 27456.4   3049.1  1459.5  2792.0
  -259 -111.387  -0.000 -111.387   473041.7 223776.1 78691.3 31435.2   2124.8  1535.0  1900.4
  -258 -76.966   0.000 -76.966   418641.8 191676.3 71807.8 15622.1   2814.3  1442.0  2290.1
  -257 113.883  -0.001 113.882   481001.4 242640.0 101363.7 25429.8   3307.5  1481.6  2695.2
  -256 423.706  -0.001 423.705   564689.7 257353.1 131792.6 27920.9   3413.4  1467.7  3007.8
  -255 -255.890   0.001 -255.890   406606.7 225835.6 91419.4 13602.2   2323.0  1473.0  1864.0
  -254 -177.036   0.001 -177.035   444309.6 254326.6 111688.1 27744.2   2826.0  1368.6  2516.8
  -253  -0.030  -0.000  -0.031   446719.4 190396.2 86637.6 22939.5   3596.2  1371.4  2882.5
  -252  -4.769  -0.001  -4.769   476399.4 211639.6 133436.9 24711.0   3072.4  1351.2  2430.3
  -251 188.347  -0.000 188.347   494809.9 188120.9 89149.6 23542.5   3137.0  1346.0  2749.8
  -250 -125.335   0.000 -125.334   458641.9 251334.4 115231.2 24345.3   2875.0  1325.3  2494.3

         Carbon flux (ktC/yr)        Water (dam3/yr)                Nitrogen (MgN/yr)
       ----------------------- -------------------------- --------------------------------
Spinup NEP     estab   NBP     transp     evap    interc  nuptake ndemand  nlosses ninflux
------ ------- ------- ------- ---------- ------- ------- ------- -------- ------- -------
  -249 229.485  -0.001 229.484   528468.5 206254.4 133730.3 25706.6   3669.6  1355.5  2896.3
  -248 183.696  -0.000 183.696   461226.5 225633.0 119610.9 20070.9   2554.7  1379.3  2346.2
  -247 -40.353   0.000 -40.353   483701.4 229177.2 93022.7 21732.3   2532.6  1514.4  2266.8
  -246 -144.300   0.001 -144.300   397850.1 237920.0 94364.1 20238.2   2662.5  1296.4  2210.7
  -245 -636.328   0.000 -636.327   407862.8 222096.4 80487.9 28650.2   2258.9  1494.3  1647.6
  -244 300.708  -0.001 300.707   549360.3 214103.1 132448.9 33487.8   3069.5  1398.3  2517.5
  -243 -370.957   0.000 -370.956   433268.6 220328.8 87013.9 18989.6   2360.6  1423.9  1684.7
  -242 303.395  -0.001 303.394   564346.7 213256.1 142078.4 34773.6   2905.4  1428.7  2366.0
  -241 -386.465   0.001 -386.465   437584.6 220360.4 92083.4 18788.7   2588.4  1451.1  1743.6
  -240  -7.598   0.001  -7.597   403796.4 243486.3 125238.7 24959.2   2377.1  1427.4  2128.6
  -239  77.010  -0.000  77.010   481791.2 243186.7 105536.9 28137.2   3965.2  1427.0  2921.1
  -238 222.926  -0.001 222.926   471422.6 228742.7 116427.2 22814.0   2939.1  1480.5  2333.1
  -237  48.737  -0.000  48.737   515917.3 223434.3 117569.0 29970.2   2559.8  1573.8  2225.3
  -236  28.642   0.000  28.642   444708.0 233813.6 123781.7 24307.6   3552.9  1410.3  2713.3
  -235  -4.933  -0.000  -4.933   464922.9 234717.7 110058.6 30710.0   3037.4  1426.0  2232.8
  -234  16.461   0.000  16.461   406889.3 219648.7 123808.6 15348.8   3818.1  1394.8  2766.1
  -233 397.200  -0.001 397.199   591190.6 260286.7 140834.9 28252.0   4353.7  1729.1  3612.0
  -232  49.167   0.000  49.167   441346.5 224843.1 125756.4 17929.1   3013.7  1557.8  2597.0
  -231 334.688  -0.000 334.688   594253.8 261609.9 141924.7 28942.3   4236.0  1683.5  3520.9
  -230 127.316  -0.000 127.316   537625.9 218987.0 149874.5 23692.6   3964.6  1536.6  3093.0
  -229  25.525   0.001  25.525   451302.3 214333.5 92797.7 24107.7   3216.6  1433.0  2480.3
  -228 -189.939   0.000 -189.939   445562.4 265483.2 98002.8 24968.8   3659.5  1478.5  2561.3
  -227 223.235  -0.001 223.234   509016.2 198130.3 142493.8 23978.1   3457.7  1516.7  2640.8
  -226 301.907  -0.000 301.906   557482.2 226210.5 119969.6 24562.5   3325.0  1467.6  2554.0
  -225 290.454  -0.000 290.454   532240.3 197904.6 149908.0 21575.4   3309.1  1499.0  2743.1

         Carbon flux (ktC/yr)        Water (dam3/yr)                Nitrogen (MgN/yr)
       ----------------------- -------------------------- --------------------------------
Spinup NEP     estab   NBP     transp     evap    interc  nuptake ndemand  nlosses ninflux
------ ------- ------- ------- ---------- ------- ------- ------- -------- ------- -------
  -224 -25.319   0.000 -25.318   482091.4 207338.5 106339.5 26583.2   3498.1  1434.1  2628.8
  -223  -5.738  -0.000  -5.738   468826.1 237863.4 132208.6 25106.0   2772.3  1491.3  2345.0
  -222 242.506  -0.001 242.505   555903.9 207773.2 149927.5 26968.7   3698.0  1662.5  2931.6
  -221 501.285  -0.001 501.285   620434.2 256994.1 157364.0 27605.4   3784.0  1539.4  3046.2
  -220 -217.864   0.001 -217.863   450059.4 204753.8 114921.8 18369.1   3599.4  1519.9  2326.1
  -219 -137.928   0.001 -137.927   461321.9 238631.7 92228.0 32080.4   2569.0  1569.6  2303.0
  -218 -92.207  -0.000 -92.207   516056.0 228521.0 122223.0 34734.0   4460.1  1468.0  3228.5
  -217 -583.946   0.001 -583.945   410459.2 218365.4 95965.8 16735.2   4136.9  1506.6  2272.1
  -216 217.805  -0.001 217.804   539961.1 211931.4 151072.1 32258.7   3622.3  1521.5  2693.9
  -215 -241.830   0.001 -241.830   425991.0 220502.8 95269.2 14886.5   2306.3  1502.9  1687.2
  -214 388.152  -0.000 388.151   540686.5 199447.5 148717.0 29784.6   2936.3  1513.8  2370.2
  -213 -70.211   0.000 -70.210   452474.1 234787.6 79082.7 24428.3   2579.2  1503.1  1969.5
  -212 -496.445   0.001 -496.444   374296.4 225499.1 100702.4 14108.0   2694.0  1508.1  1862.0
  -211 -512.140   0.002 -512.138   331752.5 184752.9 76016.0 18443.2   1883.0  1488.4  1395.5
  -210 266.090  -0.000 266.090   498138.4 218091.3 101753.6 32474.6   3512.4  1535.5  2750.3
  -209 142.641   0.002 142.643   504056.6 257290.6 112810.6 22170.5   2277.9  1721.5  2065.8
  -208 214.526  -0.003 214.523   587274.2 256288.7 134316.9 30688.5   2580.5  1728.4  2470.8
  -207 109.326  -0.001 109.325   541019.9 238376.8 105659.6 27922.1   2797.2  1694.4  2466.9
  -206 157.382  -0.000 157.382   466399.4 227548.5 125529.8 18296.8   2948.2  1723.3  2527.3
  -205 447.287  -0.001 447.286   617926.9 258611.1 147235.5 30389.6   3499.5  2069.9  3082.8
  -204 261.233   0.000 261.233   557749.0 227661.6 123867.5 22006.6   3413.3  1826.2  2532.2
  -203 136.707   0.000 136.707   512622.1 244206.4 121042.3 23840.4   3537.7  1771.0  2740.4
  -202 -784.584   0.002 -784.581   364821.3 218701.3 95065.7 19344.5   2989.8  1628.8  1698.5
  -201 -295.597  -0.000 -295.598   398120.5 254204.3 92743.0 22600.8   3104.0  1647.4  1990.6
  -200   2.327  -0.000   2.327   436531.4 238322.2 104342.1 22828.9   3249.8  1668.6  2353.3

         Carbon flux (ktC/yr)        Water (dam3/yr)                Nitrogen (MgN/yr)
       ----------------------- -------------------------- --------------------------------
Spinup NEP     estab   NBP     transp     evap    interc  nuptake ndemand  nlosses ninflux
------ ------- ------- ------- ---------- ------- ------- ------- -------- ------- -------
  -199 -279.242   0.001 -279.241   386881.5 219287.7 89190.4 16821.3   2199.8  1578.5  1755.7
  -198 -765.267   0.002 -765.264   283914.9 211053.9 80188.8 12670.9   1872.8  1550.7  1330.7
  -197 126.032  -0.001 126.031   484069.7 233412.6 95707.1 30926.9   2481.7  1593.2  2527.1
  -196 512.757  -0.001 512.755   536083.5 217554.8 96918.4 27132.6   2835.0  1568.5  2438.7
  -195 130.611  -0.001 130.610   469512.9 233424.9 64341.1 24907.3   2457.5  1600.6  2184.4
  -194 -16.505  -0.000 -16.506   437849.1 244525.1 104322.8 22934.8   3058.3  1557.8  2227.2
  -193 -177.106   0.000 -177.105   403637.7 197191.5 95100.8 21720.2   2643.7  1590.3  1805.6
  -192 424.765  -0.001 424.764   558151.3 211462.6 135202.8 34075.3   2873.0  1627.5  2446.9
  -191 266.668  -0.001 266.667   503942.9 202546.9 104119.2 24615.3   2859.2  1613.9  2054.3
  -190 -215.457   0.001 -215.456   442663.9 233759.6 79141.3 26577.9   1755.1  1660.4  1292.3
  -189 -86.229   0.000 -86.229   418691.5 225388.4 126984.9 21666.8   2782.9  1633.9  1934.1
  -188 104.236  -0.000 104.236   428893.2 215890.3 130209.4 25293.0   2413.7  1772.1  2072.2
  -187  81.071  -0.001  81.071   549952.2 245148.8 153751.4 36384.2   3712.0  1808.3  3143.4
  -186 105.685  -0.000 105.684   526635.2 234795.8 115609.6 30168.4   3913.9  1597.9  2967.7
  -185 176.601  -0.000 176.601   495256.5 256232.6 107151.5 18584.6   4571.8  1625.1  3013.9
  -184 -79.366   0.000 -79.366   435496.1 197681.8 111277.8 21782.0   3050.0  1775.6  1836.3
  -183 310.992  -0.000 310.992   539446.1 223413.5 110849.5 28130.8   2909.0  1735.2  2517.1
  -182 322.294  -0.000 322.293   544257.1 213066.8 130532.5 27599.2   3029.9  1700.7  2191.0
  -181 127.062   0.000 127.062   536266.8 226340.5 133346.5 28943.5   3308.7  1730.4  2598.5
  -180 201.404  -0.000 201.404   546334.3 214288.8 162601.6 25152.7   5471.9  1610.0  3645.7
  -179  69.042   0.000  69.042   512691.2 234634.9 114425.0 25060.0   3984.1  1616.6  3102.1
  -178  22.761  -0.000  22.761   544394.1 231871.3 130696.5 35359.7   3993.1  1721.0  2859.9
  -177  24.397   0.000  24.397   468641.2 256440.3 111230.9 15834.1   5036.5  1631.4  2905.7
  -176 -50.071   0.001 -50.070   412701.8 225031.3 94162.7 26140.8   3136.8  1799.3  2558.8
  -175 -248.905   0.001 -248.904   412540.0 222642.6 88304.2 27836.3   4613.4  1581.5  3146.2

         Carbon flux (ktC/yr)        Water (dam3/yr)                Nitrogen (MgN/yr)
       ----------------------- -------------------------- --------------------------------
Spinup NEP     estab   NBP     transp     evap    interc  nuptake ndemand  nlosses ninflux
------ ------- ------- ------- ---------- ------- ------- ------- -------- ------- -------
  -174 -195.540   0.001 -195.539   389465.9 216841.1 82754.0 24673.8   5252.7  1528.8  3202.3
  -173 134.859  -0.000 134.859   425439.9 230613.8 111577.6 19181.0   6698.4  1565.4  4115.8
  -172 -141.360   0.001 -141.360   403972.7 216689.4 80901.2 22865.6   3775.8  1684.0  3013.3
  -171 -193.057   0.001 -193.056   383985.6 217063.0 76533.3 25339.9   4470.5  1460.1  3294.0
  -170 145.831   0.000 145.831   454481.7 226441.2 101443.0 18762.5   6048.7  1502.9  3642.8
  -169  83.750  -0.000  83.750   423709.2 195895.7 69708.6 17378.3   3119.7  1697.6  2805.3
  -168  70.409  -0.000  70.409   422851.6 208479.5 80703.7 25172.4   2988.3  1463.8  2663.8
  -167 -223.058  -0.000 -223.059   407291.0 235037.5 64204.4 26961.4   2394.8  1433.0  1979.1
  -166 -1084.544   0.002 -1084.543   297626.1 216562.1 79239.4 14083.6   2292.9  1560.8  1407.3
  -165 276.486  -0.001 276.485   478217.4 207629.7 81323.3 34255.6   2169.0  1522.8  2225.7
  -164 446.556  -0.002 446.554   529970.3 208681.1 128601.3 34801.7   1887.6  1490.0  1666.2
  -163 308.277  -0.001 308.277   468265.6 223111.2 124520.5 22052.4   1965.3  1504.0  1965.5
  -162  -8.630  -0.000  -8.630   454929.6 234265.5 73962.6 30485.3   2061.2  1582.3  1633.8
  -161   2.467   0.000   2.468   428320.7 229049.4 124005.7 20939.9   2633.2  1558.1  1924.3
  -160  49.727   0.001  49.727   486120.9 272650.0 118823.7 31394.3   2321.9  1613.0  2068.0
  -159 -194.233  -0.000 -194.233   420945.1 235917.9 72325.1 20904.9   2111.4  1493.6  1549.2
  -158 180.068  -0.001 180.067   505626.4 218844.9 116248.9 27571.6   3189.8  1571.7  2215.4
  -157 214.351   0.002 214.353   540292.8 253430.6 128493.7 25106.9   2059.8  1684.1  1647.0
  -156  42.882  -0.001  42.881   485916.4 206888.5 78365.8 20445.5   1685.9  1656.0  1495.2
  -155 406.931  -0.001 406.930   550926.0 195018.8 144440.7 29935.5   2594.3  1591.1  2065.4
  -154  -5.169   0.000  -5.169   468098.4 240220.2 116575.4 31201.1   2108.8  1516.9  1670.8
  -153 -186.857   0.001 -186.856   449091.8 258861.7 124357.9 23263.7   4511.4  1472.6  3209.4
  -152 -360.969  -0.000 -360.969   392917.1 222760.0 86444.6 16940.3   3703.2  1498.9  2471.5
  -151  20.970   0.001  20.971   459519.0 256719.6 89370.7 28419.3   4015.5  1528.5  2817.2
  -150  48.992   0.000  48.993   411867.0 221012.5 117826.1 16431.5   3086.3  1590.2  2590.6

         Carbon flux (ktC/yr)        Water (dam3/yr)                Nitrogen (MgN/yr)
       ----------------------- -------------------------- --------------------------------
Spinup NEP     estab   NBP     transp     evap    interc  nuptake ndemand  nlosses ninflux
------ ------- ------- ------- ---------- ------- ------- ------- -------- ------- -------
  -149  19.396  -0.000  19.396   537550.1 232986.0 111521.5 33819.9   3114.6  1778.6  2821.2
  -148 -391.816  -0.000 -391.816   422841.7 219905.8 86106.1 24440.9   3680.5  1541.0  2294.1
  -147  -2.799  -0.000  -2.799   437546.5 239903.4 114881.7 25548.0   2526.5  1540.3  1881.5
  -146 126.596  -0.002 126.594   527017.3 237167.1 97048.6 27128.7   2947.3  1540.7  2548.6
  -145  84.699  -0.001  84.698   507836.9 204955.5 101797.7 26886.9   2715.6  1670.7  1899.8
  -144 164.452  -0.001 164.452   570607.6 265977.8 129348.5 30881.5   2489.7  1644.9  2115.3
  -143  21.672  -0.000  21.672   542800.9 238119.5 110947.8 25168.3   2741.9  1591.7  2157.4
  -142 -150.840   0.001 -150.839   480798.1 243893.8 121802.0 33677.8   2046.0  1640.9  1363.5
  -141 -153.520   0.000 -153.520   417802.0 226428.6 130327.9 14787.7   3441.5  1641.9  2249.3
  -140 -11.680   0.000 -11.680   477578.4 206751.9 105581.7 23212.0   3239.9  1782.7  2655.7
  -139 272.180  -0.000 272.179   551719.3 254284.4 143361.9 30521.2   3814.4  1654.1  3192.2
  -138 138.252  -0.000 138.252   529101.0 218100.1 149119.5 22204.7   3935.4  1721.4  3009.5
  -137  82.836   0.000  82.837   496326.7 248894.0 116260.6 22831.9   3909.0  1622.8  3155.3
  -136  15.809   0.000  15.810   422052.3 225218.0 125881.5 20792.6   3212.1  1617.4  2617.5
  -135 202.452  -0.000 202.451   558707.6 227895.2 116352.6 24698.1   4498.2  1858.5  3401.0
  -134  81.423   0.000  81.424   459011.8 232578.7 122287.3 24169.6   3340.8  1785.9  2804.7
  -133 -101.967   0.000 -101.967   498408.9 238274.0 99444.2 24685.5   4498.4  1603.8  3375.4
  -132 -143.134   0.000 -143.133   465306.7 223578.9 83968.2 30261.3   3239.1  1693.3  2584.0
  -131  61.243  -0.001  61.243   493784.0 227334.0 113494.7 28226.6   4462.4  1557.2  3165.2
  -130  69.591  -0.001  69.590   467195.8 203053.9 99983.4 18720.2   5290.9  1625.0  3203.0
  -129 283.631  -0.001 283.630   571332.3 226604.2 149956.1 27965.7   3310.1  1714.0  2788.6
  -128 182.954  -0.000 182.954   576956.7 245182.0 162473.0 29317.3   3329.6  1700.6  2773.9
  -127  78.798   0.001  78.799   472847.6 228983.4 94620.9 24059.0   3072.1  1778.4  2630.7
  -126  34.274   0.000  34.274   442502.2 223153.0 131199.9 21572.8   4167.3  1772.5  2953.6
  -125 157.094   0.000 157.094   539654.3 219093.9 105022.3 22657.7   4130.7  1997.7  3284.0

         Carbon flux (ktC/yr)        Water (dam3/yr)                Nitrogen (MgN/yr)
       ----------------------- -------------------------- --------------------------------
Spinup NEP     estab   NBP     transp     evap    interc  nuptake ndemand  nlosses ninflux
------ ------- ------- ------- ---------- ------- ------- ------- -------- ------- -------
  -124 -357.188   0.001 -357.188   391228.3 232729.5 74660.5 21574.0   2555.6  1721.3  1811.8
  -123 -363.007   0.001 -363.006   429284.4 236508.7 106042.3 30560.4   3093.8  1716.1  2385.2
  -122  27.431  -0.001  27.430   470523.3 260129.1 93794.3 22667.3   4763.9  1709.4  3226.3
  -121 199.020  -0.000 199.020   464166.6 230156.0 118390.1 21653.7   3282.6  1828.2  2740.2
  -120 -139.379   0.001 -139.378   415050.2 251883.9 97531.4 18099.1   3051.1  1780.7  2182.5
  -119 -507.118   0.002 -507.116   341225.6 217283.1 84306.0 15976.7   2705.7  1702.8  2109.7
  -118 148.189  -0.000 148.189   495004.4 211603.8 87498.0 28269.3   3210.7  1626.1  3088.8
  -117 -88.695  -0.000 -88.696   448731.7 235248.0 113143.5 22348.6   3031.2  1629.0  2508.1
  -116 234.229  -0.000 234.228   499959.1 206831.4 92857.2 21936.5   3197.1  1613.2  3024.6
  -115 340.201  -0.001 340.200   542048.7 254168.0 132320.3 27147.1   3666.5  1605.5  3246.1
  -114 -494.454   0.001 -494.453   382855.0 220979.3 84461.9 20928.2   3406.4  1626.5  2200.1
  -113 -97.969  -0.000 -97.969   463388.6 236796.3 93044.6 28689.3   3532.8  1592.0  2900.2
  -112 480.997  -0.001 480.996   590393.9 257122.5 135142.7 31743.1   3908.8  1694.2  3244.2
  -111 -15.845   0.000 -15.844   434713.6 194195.8 79032.9 14255.0   2528.0  1663.4  2167.0
  -110 -126.766   0.001 -126.765   412913.9 253992.1 95343.6 21907.6   3118.1  1606.3  2224.1
  -109 -69.536   0.000 -69.536   387414.8 221510.9 119264.5 21148.2   2922.4  1634.1  2534.4
  -108 -61.397   0.000 -61.396   434996.4 239660.0 111472.6 25868.4   3391.6  1704.0  2908.9
  -107  60.797  -0.000  60.796   432754.1 222853.8 115936.5 22903.4   3312.5  1631.0  2792.6
  -106  48.157  -0.001  48.156   528528.5 231790.3 109053.0 31801.1   3397.1  1879.3  2940.5
  -105 375.887  -0.001 375.886   516147.0 234278.5 117161.1 23575.4   3904.8  1743.1  3173.3
  -104 296.430  -0.000 296.430   530487.0 209213.1 105754.2 20980.7   3044.6  1870.6  2774.9
  -103 -61.099  -0.000 -61.099   510568.1 240827.3 157172.6 30327.4   3280.9  1633.4  2668.0
  -102  -7.188   0.002  -7.187   509679.4 274470.9 122154.4 25645.9   3646.6  1627.0  2767.9
  -101 -128.855  -0.000 -128.855   446513.9 223216.4 86173.8 24249.4   3200.3  1624.3  2409.1
  -100 -277.467   0.001 -277.466   390723.3 231336.9 71114.8 15507.2   3620.6  1568.8  2264.7

         Carbon flux (ktC/yr)        Water (dam3/yr)                Nitrogen (MgN/yr)
       ----------------------- -------------------------- --------------------------------
Spinup NEP     estab   NBP     transp     evap    interc  nuptake ndemand  nlosses ninflux
------ ------- ------- ------- ---------- ------- ------- ------- -------- ------- -------
   -99 -145.463  -0.000 -145.463   470631.2 243322.0 142969.1 31665.2   3612.2  1627.4  2868.4
   -98 145.373  -0.000 145.372   447500.3 221478.5 122494.9 18204.6   3141.8  1646.1  2605.4
   -97  63.290  -0.000  63.290   494118.1 261642.5 96545.2 24745.4   3323.8  1850.9  2639.8
   -96 -25.616   0.001 -25.616   423932.2 226011.0 84323.9 24288.0   2527.5  1752.0  2346.3
   -95 -100.090  -0.000 -100.090   481968.6 237122.3 97136.0 28802.6   4074.4  1605.9  3238.4
   -94 173.004  -0.000 173.004   502585.9 194637.6 92521.3 25410.5   3542.1  1704.4  2657.3
   -93 -598.848   0.000 -598.847   346882.2 197803.3 101121.7 12786.0   2085.2  1674.0  1200.3
   -92  78.639  -0.000  78.639   456529.5 233770.1 78167.4 33287.5   1965.9  1746.7  1972.2
   -91 131.519  -0.001 131.518   538887.9 244761.9 143515.5 34286.7   3852.4  1661.1  3137.3
   -90 607.861  -0.001 607.860   610301.9 252834.7 147381.2 23936.3   4219.1  1702.5  3376.1
   -89 215.429   0.000 215.429   521184.7 210295.9 111550.9 18255.9   3056.7  1711.1  2647.9
   -88  90.139   0.001  90.139   508486.0 222858.1 124118.3 24097.8   3187.1  1678.5  2269.4
   -87  48.677  -0.000  48.677   521137.0 260003.4 128910.8 26994.8   3368.4  1768.6  2876.9
   -86  15.349   0.000  15.349   485065.7 250682.8 116753.2 24226.0   4686.2  1616.4  3190.6
   -85  85.285   0.000  85.285   482625.9 211895.8 105346.7 20317.8   3843.5  1614.6  2897.5
   -84 -153.439   0.001 -153.438   361333.6 240504.1 127332.3 20886.3   2380.6  1584.1  1946.7
   -83 -105.340   0.000 -105.340   443014.0 243111.5 103320.8 23523.7   4433.1  1580.0  3232.1
   -82 -681.504   0.001 -681.504   355104.1 217488.5 81132.2 19950.4   3212.0  1616.3  1910.1
   -81 -773.574   0.001 -773.574   343194.9 216019.8 76358.5 21087.0   2763.6  1692.2  1743.0
   -80 -230.725  -0.000 -230.725   389562.3 198372.3 82632.3 25438.9   2788.4  1718.6  1992.5
   -79  37.190  -0.001  37.189   437776.7 206972.7 67051.0 23775.6   2070.7  1754.0  1933.4
   -78  58.640  -0.000  58.639   435774.9 189057.9 70236.1 23242.7   2035.8  1756.5  1887.1
   -77 147.082  -0.000 147.082   446380.6 242290.6 88214.0 27841.1   2556.2  1702.2  2359.4
   -76 144.121   0.000 144.121   476784.2 196296.5 86648.1 29844.8   2788.8  1789.8  2208.2
   -75 -261.721  -0.000 -261.722   415352.1 223078.6 123924.4 16799.2   2078.0  1750.3  1544.9

         Carbon flux (ktC/yr)        Water (dam3/yr)                Nitrogen (MgN/yr)
       ----------------------- -------------------------- --------------------------------
Spinup NEP     estab   NBP     transp     evap    interc  nuptake ndemand  nlosses ninflux
------ ------- ------- ------- ---------- ------- ------- ------- -------- ------- -------
   -74 150.808   0.001 150.809   506737.5 245459.5 118761.8 29521.7   2514.2  1744.5  2248.9
   -73 150.269  -0.001 150.269   459566.5 229303.7 116158.9 21365.6   2269.8  1803.7  2167.2
   -72 351.003  -0.001 351.003   556649.4 216492.1 96695.5 26259.2   2943.0  1962.7  2741.7
   -71 -163.992   0.000 -163.992   414213.0 250578.4 96007.7 19977.7   2390.1  1779.9  1642.4
   -70 -31.819   0.002 -31.817   465720.5 263886.3 116185.2 28462.0   2909.3  1807.4  2438.6
   -69 253.461  -0.001 253.460   548730.0 219034.1 141991.6 27217.2   3848.4  1731.5  2905.6
   -68 159.403   0.001 159.404   428833.8 249114.3 125172.9 20876.3   2625.1  1701.4  2340.1
   -67 -36.290  -0.000 -36.290   511316.2 228297.9 111902.7 31786.7   3837.9  1681.9  3047.0
   -66  39.071  -0.001  39.070   508992.6 236585.4 98110.7 25139.6   4135.4  1693.4  3120.7
   -65 155.021  -0.000 155.021   453447.3 251291.1 123833.9 24056.1   2736.7  1719.5  2358.6
   -64 -123.256  -0.000 -123.256   450271.5 224043.4 92444.6 17660.6   3509.0  1682.3  2543.3
   -63 -152.164   0.001 -152.163   382241.0 226786.6 117368.7 22660.8   2492.9  1672.3  1853.1
   -62  12.043  -0.001  12.043   526199.5 247522.1 140575.5 34897.9   4143.9  1689.2  3395.0
   -61 192.968  -0.000 192.968   549210.9 229022.2 131172.4 20729.6   3665.1  1886.3  2952.8
   -60 125.001  -0.001 125.000   568177.3 234822.6 119956.3 33846.1   2636.0  2279.3  2237.3
   -59 196.265  -0.000 196.265   517966.0 245400.7 119199.9 21293.3   3727.8  2126.4  2678.1
   -58 -274.782   0.000 -274.782   420518.4 199981.8 109828.6 18722.6   2584.2  2129.2  1574.3
   -57  -8.109  -0.001  -8.110   539851.0 245876.0 113305.8 38005.4   2645.1  2135.1  2181.2
   -56 318.739  -0.001 318.738   558981.7 205249.7 152609.3 23117.1   4297.2  2063.6  3033.4
   -55 -231.444   0.001 -231.443   431197.0 220317.1 96601.2 15963.9   2411.1  2095.8  1705.9
   -54  80.488   0.000  80.488   526027.5 233502.7 105960.5 32649.2   2887.0  2010.5  2481.2
   -53 257.757  -0.000 257.757   525001.7 236539.5 126396.1 26188.0   3658.1  2088.4  2810.9
   -52  73.424   0.004  73.428   533213.3 237713.8 140274.1 21643.3   2804.3  2188.2  2183.2
   -51 234.075  -0.002 234.073   568050.6 226014.4 107776.4 25087.7   2806.3  2118.0  2512.6
   -50 -105.654   0.001 -105.653   385896.5 242790.4 133694.1 21769.2   2148.4  1985.8  1736.3

         Carbon flux (ktC/yr)        Water (dam3/yr)                Nitrogen (MgN/yr)
       ----------------------- -------------------------- --------------------------------
Spinup NEP     estab   NBP     transp     evap    interc  nuptake ndemand  nlosses ninflux
------ ------- ------- ------- ---------- ------- ------- ------- -------- ------- -------
   -49 -292.379   0.001 -292.379   417731.8 202881.1 98047.8 22112.4   4331.5  2004.4  2778.9
   -48 -57.408  -0.000 -57.408   461671.1 265937.2 93686.5 25878.9   3412.0  2069.5  2779.8
   -47 -58.312   0.001 -58.311   552397.1 247415.8 122137.0 29128.5   2517.7  2241.6  2091.7
   -46  44.283  -0.001  44.282   486981.4 236621.2 81446.1 23674.7   2052.4  2319.1  1941.8
   -45 -53.786   0.000 -53.786   461597.4 229438.3 82468.2 25724.2   2664.9  2145.9  2356.8
   -44 -98.591   0.000 -98.591   467083.7 246861.6 92894.3 22254.7   3900.5  2104.0  2958.5
   -43 -55.460  -0.001 -55.460   510496.5 253245.7 106258.5 30673.2   3205.0  2266.2  2483.0
   -42 -49.303  -0.000 -49.303   508392.3 235305.9 100705.8 24302.1   2751.9  2157.7  2240.4
   -41 -239.965   0.000 -239.965   458029.3 227893.8 96786.1 18667.3   2374.8  2186.5  1890.9
   -40 -101.716   0.000 -101.716   422976.7 224524.3 120940.7 23161.4   2465.1  2163.4  1836.5
   -39 -189.751   0.000 -189.751   476628.8 229513.9 106853.7 30124.1   3043.3  2216.6  2602.8
   -38 -20.553  -0.000 -20.553   488843.2 236912.7 122718.7 23329.0   4300.8  2151.8  3184.4
   -37 323.896  -0.001 323.895   536831.4 214380.7 146237.3 24927.2   3731.2  2285.1  2965.1
   -36 183.480  -0.000 183.480   507497.5 243698.2 115944.0 22380.8   3717.4  2175.4  3062.3
   -35   4.839   0.000   4.839   487411.9 232517.1 133411.8 23817.1   3296.3  2215.3  2504.0
   -34 169.151   0.000 169.151   477927.1 180892.2 100308.9 20759.5   3617.0  2160.4  3011.4
   -33 -180.698   0.008 -180.690   451460.0 236121.3 130032.2 22999.3   2779.0  2149.4  2066.7
   -32  85.533  -0.004  85.529   494597.5 262782.4 105267.1 27939.9   3148.2  2309.7  2493.0
   -31 -599.131   0.001 -599.131   374599.2 217780.6 86956.4 19263.3   2662.2  2229.4  1654.6
   -30 -23.406   0.000 -23.405   413156.3 226744.3 78786.8 28817.6   2519.8  2208.6  2282.7
   -29 -13.310  -0.000 -13.310   441955.3 253327.8 89581.0 23103.5   3890.5  2168.3  2828.3
   -28  29.415  -0.000  29.415   410660.6 227176.6 115427.6 20564.3   2774.1  2211.9  2166.2
   -27  25.702  -0.000  25.702   482236.3 235996.0 120975.9 24349.6   3280.9  2140.3  2720.6
   -26 358.791  -0.000 358.791   505171.1 192789.7 139668.6 22862.8   3478.3  2156.2  2917.5
   -25  49.835   0.000  49.835   452715.5 237161.0 107720.8 31074.7   2546.3  2073.6  2138.4

         Carbon flux (ktC/yr)        Water (dam3/yr)                Nitrogen (MgN/yr)
       ----------------------- -------------------------- --------------------------------
Spinup NEP     estab   NBP     transp     evap    interc  nuptake ndemand  nlosses ninflux
------ ------- ------- ------- ---------- ------- ------- ------- -------- ------- -------
   -24  34.438   0.002  34.439   457753.9 236564.6 106191.4 19797.2   4390.5  1998.7  2829.4
   -23 128.952   0.000 128.952   406432.1 249420.3 114538.5 17246.9   2864.0  2103.4  2557.5
   -22 151.607  -0.001 151.606   482412.4 201440.4 124018.6 23356.4   4376.7  1937.9  3463.6
   -21 285.099  -0.001 285.098   498447.9 235089.1 106381.9 24183.7   3371.6  2032.6  3053.9
   -20  48.167   0.000  48.168   448804.0 224224.7 78791.4 23562.2   2632.3  2120.6  2562.6
   -19 -30.461  -0.000 -30.461   443383.2 243344.8 88046.8 23324.8   4152.9  1835.8  3080.8
   -18 -330.930  -0.000 -330.930   435424.3 229765.9 64683.8 28574.3   2359.2  1910.7  1840.1
   -17 -53.480  -0.001 -53.481   500474.8 241131.8 140104.8 30991.3   2954.7  1879.8  2386.4
   -16 -109.887   0.000 -109.887   461062.3 216844.3 85746.2 23543.9   2394.2  1880.7  1984.1
   -15 -277.122   0.000 -277.121   393650.0 226437.4 71802.1 20215.4   2579.5  1829.6  1744.6
   -14 -277.214   0.000 -277.214   445582.2 224173.0 112886.1 32759.8   2557.0  1929.1  1753.8
   -13 237.484  -0.001 237.483   499389.8 207072.7 98668.7 23636.4   3566.6  1879.4  2930.9
   -12 -921.731   0.002 -921.729   330856.8 210772.2 88765.9 15050.2   1794.8  1954.2  1118.3
   -11 449.309  -0.002 449.307   525159.0 197428.3 127575.3 35350.0   2275.2  1963.1  1791.5
   -10 639.443  -0.000 639.442   584235.1 229224.6 113787.6 26441.6   2418.5  1980.9  1949.6
    -9 347.286  -0.001 347.286   568045.2 225838.1 123626.4 31456.6   2181.9  1983.5  1826.7
    -8 329.822  -0.000 329.821   513273.9 230454.5 130688.0 21789.9   3512.6  1923.9  2804.6
    -7 323.636  -0.000 323.636   529964.4 189593.6 158032.9 23178.7   3118.0  2040.1  2415.3
    -6 -546.414   0.001 -546.414   403155.5 220855.4 98967.9 24010.5   2942.7  1903.6  1816.5
    -5 -456.626   0.001 -456.625   379012.3 229794.0 73802.6 22923.1   2590.7  1901.9  1702.4
    -4   8.263  -0.001   8.262   477020.6 212761.8 143107.0 32144.1   3382.8  1929.6  2440.4
    -3 168.656  -0.001 168.656   526985.8 233893.2 110786.6 31432.7   3011.9  1948.5  2479.7
    -2 226.728  -0.001 226.727   500204.5 203558.1 106110.0 22491.5   4226.3  2011.5  2970.4
    -1 161.168  -0.000 161.168   565984.1 244177.8 119261.3 35892.3   2367.7  2120.8  1829.8
     0  35.237   0.006  35.243   471676.7 258964.9 129164.1 24520.6   2608.4  1993.7  1824.5

         Carbon flux (ktC/yr)        Water (dam3/yr)                Nitrogen (MgN/yr)
       ----------------------- -------------------------- --------------------------------
Spinup NEP     estab   NBP     transp     evap    interc  nuptake ndemand  nlosses ninflux
------ ------- ------- ------- ---------- ------- ------- ------- -------- ------- -------
     1 162.445  -0.003 162.442   560010.9 232087.8 125243.9 32553.2   3098.7  2050.6  2397.6
     2 -305.561   0.001 -305.560   430536.9 219182.9 95617.2 10231.3   2953.9  2027.3  1857.6
     3 -207.182   0.001 -207.182   424976.4 220055.4 89878.5 24115.9   2082.4  2073.6  1549.7
     4 541.635  -0.001 541.634   599189.8 253646.8 142432.2 34957.2   3796.0  2082.1  3101.9
     5 273.266   0.001 273.268   536686.2 238291.2 121415.4 19001.4   3243.7  2140.9  2349.8
     6 -92.910   0.000 -92.909   464221.5 237840.5 77002.7 20474.3   2664.2  2124.7  2104.2
     7 -106.069   0.000 -106.069   462894.6 214905.6 102198.4 23366.1   3208.1  1971.0  2656.9
     8 -93.991   0.000 -93.990   408658.5 219641.0 121966.6 23982.3   2576.1  1981.1  2199.9
     9  99.690  -0.000  99.689   530386.8 218254.6 97262.3 24950.9   3662.4  2191.8  3213.5
    10 -800.878   0.001 -800.878   353159.3 216242.2 85522.5 20099.4   2498.8  2018.5  1552.2
    11 -128.903   0.001 -128.902   411831.3 236171.1 109060.5 28581.7   2713.0  2016.2  2077.7
    12 -270.605  -0.000 -270.605   406655.6 220914.9 79169.3 15680.5   2740.4  2010.9  2117.2
    13 172.450  -0.000 172.449   472868.8 245248.4 85290.3 30235.5   2727.7  2000.0  2450.4
    14  61.374  -0.001  61.373   487298.9 258682.1 87762.3 28810.1   2439.2  2080.3  2194.5
    15 -72.798  -0.000 -72.798   490247.1 243933.7 101733.6 33082.2   1575.0  2132.7  1232.1
    16 -179.802   0.001 -179.802   354812.8 239683.5 121126.8 15091.8   2172.5  1997.5  1725.2
    17 -256.041   0.001 -256.040   401054.4 219481.2 83716.1 17257.9   2646.9  1992.5  2129.0
    18 -232.302   0.001 -232.301   362274.1 226741.3 106049.2 22627.6   2303.1  1988.5  1778.4
    19 -77.320  -0.001 -77.320   486990.0 237137.3 91699.9 34392.4   3264.0  2007.7  2980.2
    20 305.555  -0.001 305.553   535000.0 215061.0 88733.9 22303.3   3870.0  1993.5  3332.0
    21 181.013  -0.000 181.013   523283.0 257743.1 114090.4 27946.9   2617.6  2007.2  2298.9
    22 232.429  -0.000 232.429   493030.9 189822.6 94909.3 22266.7   2625.1  2001.5  1984.1
    23  78.342  -0.000  78.341   502579.1 208946.0 147003.4 25682.6   2430.0  1967.9  1819.8
    24  45.828   0.000  45.828   464903.5 247652.9 99268.1 23218.1   2944.8  1953.5  2544.4
    25 -134.030  -0.001 -134.030   472580.7 262911.0 95444.7 28366.3   2781.1  2115.2  1979.8

         Carbon flux (ktC/yr)        Water (dam3/yr)                Nitrogen (MgN/yr)
       ----------------------- -------------------------- --------------------------------
Spinup NEP     estab   NBP     transp     evap    interc  nuptake ndemand  nlosses ninflux
------ ------- ------- ------- ---------- ------- ------- ------- -------- ------- -------
    26  42.699  -0.001  42.698   524769.8 242024.4 149191.6 30164.6   3346.6  2093.9  2714.0
    27  -0.737   0.000  -0.737   477579.7 234680.6 113579.6 28572.1   2623.1  1991.0  1967.5
    28 -554.525   0.001 -554.524   360991.5 196620.6 102878.2 12172.4   3400.2  2000.1  1726.2
    29 -54.110  -0.000 -54.110   457255.3 260352.2 91412.5 29877.2   3018.9  2121.2  2180.8
    30 -85.281   0.000 -85.281   427588.3 229403.7 104954.2 29213.3   2221.2  2136.0  1588.4
    31 -379.939   0.006 -379.934   352596.3 241270.5 96830.6 23166.5   2459.5  1967.5  1725.8
    32 -189.361  -0.002 -189.362   356093.3 223004.0 70488.7 21543.5   3390.2  1958.6  2668.4
    33  76.783  -0.001  76.783   438128.8 242368.3 77286.4 21485.6   4518.1  1958.6  3184.2
    34 218.223  -0.001 218.222   494648.3 195690.6 77531.7 29623.9   2963.2  2118.4  2494.8
    35 -431.228   0.000 -431.228   355509.0 200588.8 79654.8 10827.1   1368.8  2050.3  1011.4
    36 390.553  -0.002 390.551   539426.3 227798.0 96324.1 36407.8   2652.7  2121.7  2303.5
    37  58.012  -0.000  58.012   456872.8 219026.9 75193.7 24260.3   2299.9  2113.3  2114.3
    38 104.454  -0.001 104.453   483629.3 254124.0 111698.2 26415.3   3692.8  1957.5  3169.0
    39  47.859   0.003  47.862   431313.9 251233.7 111326.7 24078.3   2863.2  1971.3  2325.0
    40 171.546  -0.001 171.544   493666.8 256502.7 89158.4 22221.1   3410.8  1998.3  2616.3
    41  79.469  -0.000  79.468   507078.2 230823.4 97303.8 25066.7   2689.6  2083.8  2334.4
    42 -30.828   0.000 -30.828   464866.2 199896.2 76215.7 22919.8   2284.3  2084.1  1992.9
    43  94.823   0.001  94.824   414504.6 243356.1 120267.0 23992.1   2420.4  2019.9  2231.5
    44 -113.536  -0.000 -113.536   437211.6 201189.5 90986.6 23801.3   4098.3  2009.4  2812.0
    45 155.702  -0.000 155.702   565238.9 245445.3 122337.1 28187.8   2487.1  2182.8  2038.3
    46 106.713  -0.001 106.712   513497.1 208543.9 97539.5 23830.9   2300.7  2227.6  1803.1
    47 140.932  -0.000 140.931   500370.9 237110.1 127181.0 27825.3   1721.0  2222.1  1593.3
    48  62.022   0.000  62.022   509047.4 251507.6 101104.5 25892.3   2930.3  2174.7  2357.8
    49 100.829  -0.000 100.829   536325.6 238155.2 124402.7 30164.3   2981.9  2258.0  2343.6
    50 -11.776  -0.000 -11.776   479048.5 242107.0 104736.2 21049.2   2802.8  2275.5  2167.8

         Carbon flux (ktC/yr)        Water (dam3/yr)                Nitrogen (MgN/yr)
       ----------------------- -------------------------- --------------------------------
Spinup NEP     estab   NBP     transp     evap    interc  nuptake ndemand  nlosses ninflux
------ ------- ------- ------- ---------- ------- ------- ------- -------- ------- -------
    51 113.080  -0.000 113.080   596787.1 228140.8 124346.5 31306.8   3497.0  2311.0  2623.1
    52  66.573   0.001  66.574   456279.3 247238.1 136549.3 20788.0   2623.6  2338.5  2274.4
    53  92.144   0.003  92.147   545515.5 234438.8 116593.3 23247.2   4270.5  2173.8  3042.0
    54 138.527  -0.001 138.526   552862.9 221975.6 147924.9 22307.7   3626.2  2288.3  2869.1
    55 -110.667   0.000 -110.667   522285.8 236388.9 111198.2 28955.4   3447.7  2125.2  2770.8
    56 212.454  -0.001 212.453   530931.8 236900.2 120420.3 24379.8   4949.6  2177.4  3515.0
    57  17.689   0.000  17.689   452100.6 208703.5 92852.1 19030.0   3281.5  2355.1  2423.6
    58 -118.581   0.000 -118.581   481472.9 256714.6 111577.9 26619.7   3933.6  2176.9  2901.5
    59 156.510  -0.001 156.509   510382.4 201400.5 140429.0 23506.6   3738.9  2151.3  2782.0
    60  88.119   0.000  88.119   534605.5 257453.4 124512.4 25298.2   3394.2  2128.3  2906.3
    61 -53.131   0.008 -53.124   502590.8 290883.1 118583.1 26980.5   3272.9  2077.0  2489.7
    62 -496.439  -0.003 -496.442   416157.8 227953.1 87752.7 16779.4   3236.4  2124.5  1929.9
    63 181.351  -0.001 181.350   506381.1 211875.5 97334.3 24007.5   2889.5  2135.5  2467.8
    64 -119.830   0.000 -119.830   409607.0 236632.4 94756.6 20752.3   2422.3  2073.2  1896.0
    65 -148.399  -0.000 -148.399   450605.4 231900.3 78870.8 31818.9   2316.9  2250.8  2125.7
    66 -23.885  -0.001 -23.886   514778.6 262303.4 112895.1 27785.2   4077.8  2110.8  3127.8
    67 129.733  -0.001 129.732   543065.7 261628.6 118781.0 24019.8   3494.2  2106.5  2745.3
    68  21.034   0.000  21.034   523581.0 238231.7 130072.7 20250.8   3144.4  2124.6  2407.2
    69  17.830   0.001  17.831   465719.0 192503.3 79605.1 17381.0   2572.2  2097.1  2223.5
    70 -613.497   0.001 -613.496   384944.1 219426.1 87078.4 21622.6   2827.2  2086.1  1923.4
    71 -13.510  -0.000 -13.510   457785.9 245823.2 99475.2 26434.5   3410.1  2080.8  2546.7
    72  23.371  -0.001  23.370   513635.4 226697.5 123173.6 23300.8   2778.2  2101.8  2215.5
    73 134.304  -0.001 134.303   524973.9 252735.3 105218.9 26806.9   2817.6  2166.4  2351.2
    74 128.978  -0.000 128.978   508638.5 209230.2 99761.1 21475.6   2865.9  2080.6  2482.1
    75 -762.863   0.002 -762.861   324063.0 212327.6 85831.4  9859.0   1777.8  2088.8  1244.5

         Carbon flux (ktC/yr)        Water (dam3/yr)                Nitrogen (MgN/yr)
       ----------------------- -------------------------- --------------------------------
Spinup NEP     estab   NBP     transp     evap    interc  nuptake ndemand  nlosses ninflux
------ ------- ------- ------- ---------- ------- ------- ------- -------- ------- -------
    76 221.403  -0.001 221.402   481912.3 185393.1 77315.4 31061.1   2511.3  2091.5  2290.0
    77 -201.934   0.000 -201.934   438625.6 222558.3 88297.9 18479.8   2647.8  2042.0  2293.9
    78 -122.214   0.000 -122.214   453154.4 208065.4 84879.5 27584.2   2810.7  2181.0  2195.5
    79 363.193  -0.001 363.192   572208.0 214594.8 126539.1 28087.3   2851.5  2166.3  2507.0
    80 230.353  -0.000 230.353   479787.7 223343.8 120582.6 20146.3   2213.8  2135.8  2084.7
    81  57.509  -0.000  57.509   553967.4 259526.7 120488.6 29382.9   3251.2  2248.6  2891.1
    82 262.399  -0.000 262.398   523383.1 234318.4 119734.9 23199.6   3729.0  2142.6  2971.8
    83 -43.495   0.001 -43.494   463878.6 231636.7 110560.8 26853.3   2482.3  2235.0  1898.7
    84 -318.241   0.001 -318.240   426038.6 225053.3 125246.3 15570.1   3860.1  2063.7  2523.6
    85   1.480  -0.000   1.480   470610.2 202481.5 94056.4 25192.8   4225.4  2107.8  3147.1
    86  71.227  -0.000  71.227   485653.4 243669.8 115627.2 29133.6   3050.5  2128.1  2495.2
    87 343.195  -0.001 343.194   571877.4 211162.9 99447.3 21699.4   3814.6  2065.0  3174.5
    88  60.933  -0.000  60.933   548389.1 223782.7 136177.3 22470.9   2707.4  2102.0  2057.7
    89   0.227  -0.000   0.227   548420.6 240077.7 132319.1 24012.5   2864.3  2186.3  2301.3
    90  83.515   0.001  83.516   475627.3 206991.8 93843.9 22447.6   2806.2  2113.2  2228.4
    91  40.285   0.000  40.285   491219.1 237064.8 119198.4 24962.9   3547.6  2130.9  2845.2
    92 -92.912   0.000 -92.912   497669.2 229789.4 127412.3 20800.2   3296.2  2216.1  2641.3
    93 -70.431   0.001 -70.430   460279.0 233179.4 105852.0 28295.8   2879.7  2075.8  2368.5
    94 -189.248   0.001 -189.247   394229.6 221550.7 78826.7 21924.4   4089.3  1983.9  2931.0
    95 -81.667   0.001 -81.666   397089.8 246716.7 108568.4 20629.3   4689.5  1972.6  3194.8
    96 -57.528   0.000 -57.528   432581.8 224685.5 70573.4 25172.1   4534.2  1963.0  3219.1
    97 -102.633   0.003 -102.631   417422.5 249043.4 96244.8 20576.8   4250.1  1959.6  2990.9
    98 131.095  -0.002 131.093   554316.8 231077.9 111503.3 20661.7   3546.6  2065.2  3033.7
    99  71.406  -0.001  71.405   542139.4 242873.0 113172.8 23507.3   2535.9  2204.7  2255.3
   100 254.647  -0.001 254.646   527742.3 240557.9 103914.3 24544.6   2910.8  2080.4  2554.9

         Carbon flux (ktC/yr)        Water (dam3/yr)                Nitrogen (MgN/yr)
       ----------------------- -------------------------- --------------------------------
Spinup NEP     estab   NBP     transp     evap    interc  nuptake ndemand  nlosses ninflux
------ ------- ------- ------- ---------- ------- ------- ------- -------- ------- -------
   101  -4.903   0.000  -4.903   445883.9 187370.9 92072.4 19708.0   2934.5  2042.2  2222.3
   102 -130.679   0.000 -130.679   452667.6 187182.5 133867.1 20354.4   2901.4  1999.1  2032.8
   103 234.126  -0.000 234.126   572894.4 258015.1 128627.6 27251.0   4066.4  2043.7  3594.6
   104 -151.922   0.001 -151.921   433921.2 228950.6 77549.9 22176.7   3139.3  2069.1  2911.1
   105 -126.995  -0.000 -126.995   439266.9 233643.9 105210.5 24535.6   4242.8  1944.3  3187.5
   106 -102.747  -0.000 -102.747   439678.5 193541.2 68095.1 18485.2   2949.1  1982.8  2525.8
   107  92.896  -0.000  92.895   456806.3 222881.7 73923.5 26862.3   2371.4  2028.1  2369.0
   108 242.295  -0.001 242.294   536894.8 201778.3 127334.1 25425.1   3800.3  1948.6  3065.8
   109 137.448  -0.000 137.448   468645.5 211798.8 84525.7 21970.7   2434.3  1957.7  2045.6
   110  89.826  -0.000  89.826   527469.3 220555.8 97084.7 25408.1   2826.6  1964.3  2637.1
   111 -713.599   0.001 -713.598   345368.2 212974.5 84790.6 11434.2   1794.3  1962.6  1303.6
   112 -33.856  -0.000 -33.856   452124.1 191969.7 67714.3 26185.2   2212.6  1983.1  2155.8
   113  57.290   0.001  57.290   413282.1 242119.9 108786.0 22327.5   2542.4  1954.0  2394.3
   114 -520.874   0.000 -520.874   394674.4 217039.1 72504.6 24476.3   3640.7  1915.5  2347.2
   115  55.144  -0.001  55.143   470111.8 242536.1 93951.1 24439.0   3336.7  1985.2  2606.0
   116 125.357  -0.001 125.356   533635.7 223988.4 121794.6 24809.7   2312.9  2015.2  1891.8
   117 145.331  -0.001 145.330   504661.2 237273.2 115704.7 29510.2   2186.1  2061.4  1873.3
   118  25.074  -0.000  25.074   497799.8 252942.0 96400.1 20713.3   3142.0  2019.1  2300.3
   119 -37.366   0.000 -37.366   512089.2 231192.9 108729.0 29822.7   2748.8  2077.2  2283.4
   120 439.380  -0.001 439.379   605955.7 223037.8 118741.9 25851.5   4472.4  2042.2  3299.0
   121 102.918   0.000 102.918   550548.9 231095.7 114876.4 27389.1   3017.1  2138.5  2493.5
   122  57.543   0.007  57.551   471127.4 257295.2 121344.8 25303.2   3081.0  1956.0  2308.4
   123 202.639  -0.004 202.635   525793.7 254929.5 111445.3 21855.3   3672.9  1992.5  2730.5
   124 -830.392   0.006 -830.387   380968.7 217570.7 91121.7 12975.0   2163.4  2106.7  1285.2
   125 -893.835  -0.001 -893.836   350271.8 219453.4 75183.8 17975.7   1966.7  2248.9  1343.3

         Carbon flux (ktC/yr)        Water (dam3/yr)                Nitrogen (MgN/yr)
       ----------------------- -------------------------- --------------------------------
Spinup NEP     estab   NBP     transp     evap    interc  nuptake ndemand  nlosses ninflux
------ ------- ------- ------- ---------- ------- ------- ------- -------- ------- -------
   126 -228.559  -0.000 -228.559   414014.8 216224.4 73525.8 23222.3   1794.1  2182.3  1609.4
   127 348.358  -0.002 348.356   527147.1 206833.2 120880.6 32489.4   1829.0  2077.9  1615.4
   128 398.503  -0.001 398.502   598667.3 226182.2 105318.0 32663.6   2073.0  2088.7  1976.1
   129 232.662  -0.001 232.662   557346.5 232348.6 125300.4 21312.0   2669.7  2097.7  2105.6
   130 359.100  -0.000 359.100   521460.2 177470.6 99327.7 22723.4   2454.9  2069.5  1920.6
   131 -1440.087   0.042 -1440.045   270293.8 213470.3 86991.5  2983.9   1890.3  2475.8   820.2
   132 -134.972  -0.021 -134.993   346027.1 245854.9 38776.3 27280.3   1084.7  2622.4  1053.9
   133 -64.926   0.000 -64.925   411991.6 226104.1 65323.4 21646.7   1560.4  2173.3  1301.5
   134 290.839  -0.002 290.837   469094.4 196045.6 71724.7 24787.6   1796.2  2092.9  1897.7
   135 457.412  -0.002 457.411   521307.7 187489.0 109881.7 26800.9   1565.2  2099.6  1379.4
   136 366.238  -0.001 366.238   502014.4 178992.6 78534.6 23570.0   2006.3  2056.4  1753.1
   137 234.232  -0.001 234.232   529513.4 202273.6 133917.6 29239.6   2187.7  2030.3  1716.2
   138 104.687   0.000 104.687   488144.8 186801.5 74648.1 15820.8   2467.8  2036.6  2159.1
   139 358.064  -0.000 358.064   524832.0 220927.9 112096.2 27382.5   2713.5  2103.8  2390.2
   140 -444.470   0.008 -444.462   400771.4 222365.1 68560.5 13551.2   2045.9  2132.7  1522.2
   141 -749.704  -0.000 -749.704   335504.6 201965.2 82870.8 14386.8   1935.7  2326.4  1041.9
   142 249.321  -0.003 249.318   540657.7 241763.3 83083.6 43060.4   2598.9  2232.5  2315.7
   143 -272.623  -0.000 -272.624   449639.5 215004.7 71678.1 15428.3   3053.5  2181.5  1923.0
   144 351.804  -0.001 351.803   533139.9 201183.0 89347.4 26406.7   2395.4  2185.8  2114.6
   145 -360.291   0.001 -360.290   388986.7 180134.5 72903.5 10280.4    935.2  2208.4   717.4
   146 535.186  -0.001 535.185   563061.0 185941.8 120312.7 38740.4   2221.7  2226.2  1828.9
   147 695.019  -0.001 695.018   632557.6 212347.7 138588.0 24640.3   2778.6  2216.2  2414.8
   148 368.619   0.004 368.624   605653.7 246725.0 130893.6 21260.1   2010.2  2259.9  1642.9
   149 430.798  -0.002 430.796   618767.3 217873.4 102217.2 21848.0   2317.1  2372.4  2215.5
   150 -545.783   0.011 -545.772   389911.6 227353.4 72719.4 13122.3   1660.3  2248.7  1166.1

         Carbon flux (ktC/yr)        Water (dam3/yr)                Nitrogen (MgN/yr)
       ----------------------- -------------------------- --------------------------------
Spinup NEP     estab   NBP     transp     evap    interc  nuptake ndemand  nlosses ninflux
------ ------- ------- ------- ---------- ------- ------- ------- -------- ------- -------
   151 -222.593  -0.005 -222.598   449857.9 236912.9 84641.7 25798.4   2509.0  2274.2  2081.5
   152 -167.599   0.000 -167.599   448633.6 215389.6 72905.7 27534.0   2426.1  2326.8  1974.7
   153 246.357  -0.001 246.356   487495.3 232407.0 94568.9 21554.7   3767.2  2210.0  2723.7
   154 220.732  -0.001 220.732   548916.8 222015.4 123341.9 21004.1   2434.6  2273.1  1881.6
   155 291.031  -0.001 291.031   593862.7 259560.5 115406.7 30456.0   2670.8  2304.6  2388.6
   156 555.803  -0.001 555.802   637462.9 216143.7 118374.9 23226.5   3151.3  2247.0  2442.2
   157 -35.251   0.001 -35.250   478954.4 247785.0 101087.2 12173.0   2793.6  2289.1  1921.2
   158 -18.023   0.002 -18.021   393225.8 237730.1 122916.1 25215.9   2543.1  2242.9  2042.7
   159 -46.527  -0.000 -46.527   506461.3 221091.3 100104.7 33059.8   4407.2  2101.3  3314.8
   160 200.987  -0.000 200.987   529578.9 203992.4 91488.5 13831.0   5062.1  2098.8  3464.2
   161  66.004  -0.001  66.004   532739.8 234751.6 139468.3 29409.4   3458.6  2111.3  2770.3
   162 104.046  -0.001 104.045   588560.6 237958.9 146341.5 26341.3   4331.8  2068.7  3410.2
   163 167.118  -0.000 167.118   581531.0 250335.3 124010.9 25736.9   4109.8  2062.6  3189.4
   164 304.591  -0.001 304.591   614975.5 210751.6 152905.4 21916.9   4600.9  2071.1  3234.1
   165 201.600   0.000 201.601   537055.4 181970.2 102973.9 18830.0   3326.3  2065.9  2477.4
   166 -796.852   0.018 -796.834   335465.7 206833.3 88581.4 13859.8   1806.0  2045.6  1098.0
   167 -90.145  -0.007 -90.152   385358.4 192243.5 60560.2 18607.3   2876.6  2038.2  2247.8
   168 205.999   0.001 205.999   517343.0 236622.1 104012.1 25741.0   2586.7  2112.7  2207.1
   169 168.050  -0.002 168.048   509159.2 253946.2 78272.8 19120.1   2250.1  2162.7  1938.7
   170  37.585   0.001  37.586   437310.3 230825.7 105130.3 20690.8   1950.4  2169.2  1575.3
   171  72.362  -0.001  72.361   568430.5 260008.9 105453.0 28190.4   2989.7  2064.8  2795.5
   172 179.428   0.000 179.428   495482.1 223694.9 113506.1 19558.3   2403.1  2073.1  2224.5
   173  99.567  -0.000  99.566   571480.0 234187.8 117384.2 24846.6   2874.3  2301.3  2454.8
   174 122.777   0.001 122.777   494575.7 203994.0 85674.7 20335.3   2660.5  2098.7  2157.1
   175 -104.159  -0.000 -104.159   541187.9 240952.6 94276.3 29570.2   3035.2  2101.2  2577.3

         Carbon flux (ktC/yr)        Water (dam3/yr)                Nitrogen (MgN/yr)
       ----------------------- -------------------------- --------------------------------
Spinup NEP     estab   NBP     transp     evap    interc  nuptake ndemand  nlosses ninflux
------ ------- ------- ------- ---------- ------- ------- ------- -------- ------- -------
   176 -32.604  -0.001 -32.605   500989.2 237542.1 113593.4 24728.5   3190.8  2129.8  2399.6
   177 -573.794   0.001 -573.794   440000.1 217054.3 82012.2 16443.2   3112.6  2158.0  1851.9
   178 -225.718   0.000 -225.718   431611.3 204346.0 80319.3 22397.0   2172.4  2162.7  1523.5
   179  38.540  -0.000  38.540   516203.2 213647.6 88069.9 23482.1   3164.4  2162.9  2686.0
   180 -130.295   0.001 -130.295   424100.6 229444.3 84393.3 18306.7   2281.7  2121.6  1823.8
   181 373.713  -0.001 373.712   647905.5 256389.1 122207.1 35892.7   3327.0  2303.2  3000.3
   182 -348.759   0.001 -348.758   446592.5 221624.3 87979.9  8705.6   2398.3  2230.5  1799.6
   183 -571.762   0.002 -571.760   356372.2 184120.7 69087.3 14158.3   1456.9  2190.0  1058.0
   184  15.028  -0.000  15.028   439739.8 226499.9 92131.3 29304.0   2501.4  2202.3  2204.7
   185 -424.094   0.000 -424.094   425377.9 217025.4 66401.5 17920.2   2986.5  2212.3  2119.6
   186 331.365  -0.002 331.363   547963.8 198979.3 112102.4 29722.0   2829.5  2230.3  2447.7
   187  93.641  -0.001  93.640   493023.6 200698.8 85501.4 18585.2   2843.2  2239.4  2155.5
   188 -19.112  -0.000 -19.113   488504.8 256057.4 87289.3 20719.0   2069.0  2305.0  1601.0
   189 -132.644   0.000 -132.643   442554.3 223388.8 97549.6 30779.1   1902.0  2338.8  1387.8
   190 -34.417   0.000 -34.417   490030.5 207238.3 105572.0 16379.8   4508.9  2208.6  3116.1
   191 -160.165   0.001 -160.164   454862.9 215941.2 72786.1 25151.3   3118.4  2276.2  2653.2
   192 -55.851  -0.000 -55.851   506892.0 221548.1 97494.9 29684.8   4730.0  2107.8  3445.9
   193 124.141  -0.001 124.140   554908.8 226184.8 118845.8 16211.8   4945.6  2157.8  3326.8
   194 205.570  -0.001 205.569   612175.5 230141.7 124381.6 22928.4   3084.8  2327.0  2739.9
   195 150.615  -0.000 150.614   531243.9 235740.0 118772.2 23922.5   2437.8  2363.0  2034.0
   196  28.049  -0.000  28.049   584374.8 231616.4 108001.5 30157.9   2777.5  2295.6  2411.3
   197   6.550   0.000   6.550   522376.8 252906.5 97886.7 17983.2   3902.7  2295.3  2685.8
   198 -106.873   0.001 -106.873   448145.1 178310.2 96850.5 17026.6   2806.9  2395.5  1811.6
   199 -192.271   0.001 -192.270   442206.9 194446.2 98410.2 18529.1   2640.6  2224.0  2115.3
   200 -250.129   0.002 -250.127   346504.9 235843.7 111378.9 22217.4   2070.4  2207.4  1659.8

         Carbon flux (ktC/yr)        Water (dam3/yr)                Nitrogen (MgN/yr)
       ----------------------- -------------------------- --------------------------------
Spinup NEP     estab   NBP     transp     evap    interc  nuptake ndemand  nlosses ninflux
------ ------- ------- ------- ---------- ------- ------- ------- -------- ------- -------
   201 -459.523   0.001 -459.522   368145.7 215326.3 69026.4 16110.2   3752.4  2200.8  2545.5
   202 -42.865  -0.001 -42.866   515365.6 232921.2 81492.5 33272.7   4026.8  2219.4  3386.2
   203 171.945  -0.001 171.944   550188.0 266285.1 94475.5 23340.4   4327.8  2210.1  3421.5
   204 133.545  -0.001 133.544   508120.1 232887.0 89999.1 25263.1   2582.9  2224.5  2147.4
   205 -45.994   0.001 -45.993   421407.0 230755.8 85076.7 11096.3   3590.3  2170.1  2651.6
   206  78.779  -0.001  78.778   529618.1 247545.4 95383.7 31367.4   2924.7  2337.4  2473.7
   207 -90.632  -0.000 -90.632   458593.2 226388.6 97184.1 26999.3   2027.2  2241.5  1448.1
   208 -863.685   0.011 -863.674   326907.2 204627.1 81132.7  8809.0   2244.1  2248.5  1075.6
   209 237.967  -0.006 237.961   524235.0 250742.4 85654.2 31215.3   2535.1  2352.1  2333.4
   210 461.199  -0.002 461.197   576304.9 255895.6 95281.9 24634.8   2582.6  2249.7  2566.4
   211 259.280  -0.001 259.279   591319.9 225951.8 100575.1 29474.2   2417.8  2250.8  2257.1
   212 225.922  -0.000 225.922   489035.8 219871.1 118738.4 15740.4   2748.2  2241.2  2360.7
   213 511.786  -0.001 511.785   657393.3 253310.6 137948.5 28725.7   3304.3  2532.4  3059.2
   214 -29.223   0.000 -29.223   543776.8 233671.7 102339.2 22392.5   3027.2  2268.5  2627.2
   215 323.564  -0.001 323.563   650275.0 253675.2 142829.2 28498.4   4348.9  2303.2  3515.0
   216 -24.920   0.000 -24.920   545524.5 253274.2 126619.3 21938.5   3723.3  2258.4  2963.1
   217 -457.573   0.001 -457.572   420075.7 230354.3 73515.0 16070.4   3104.5  2198.9  1915.8
   218 -364.878   0.000 -364.877   463774.3 221917.6 109598.1 30417.6   2903.3  2283.7  1985.5
   219   0.586   0.000   0.586   465483.2 236223.8 88696.0 19055.7   4717.2  2209.4  3076.1
   220  -5.538  -0.000  -5.538   520889.2 247599.5 102751.2 24918.0   3371.2  2384.5  2616.7
   221 -283.167   0.001 -283.166   417334.9 205626.7 86490.8 15080.6   1900.8  2308.3  1334.5
   222 -347.125   0.001 -347.124   404922.5 213527.1 81333.5 23621.5   2315.6  2317.6  1690.7
   223  76.759  -0.001  76.759   543254.7 226070.8 101690.4 26014.1   4315.2  2357.5  3319.6
   224  97.068  -0.000  97.068   495843.8 229390.1 110739.8 20444.6   3136.4  2447.2  2816.4
   225  24.455   0.000  24.455   554332.8 260853.9 111947.3 25517.8   3539.9  2305.7  3092.2

         Carbon flux (ktC/yr)        Water (dam3/yr)                Nitrogen (MgN/yr)
       ----------------------- -------------------------- --------------------------------
Spinup NEP     estab   NBP     transp     evap    interc  nuptake ndemand  nlosses ninflux
------ ------- ------- ------- ---------- ------- ------- ------- -------- ------- -------
   226  86.424  -0.001  86.423   523474.3 245916.7 104741.5 19859.7   3938.4  2292.0  2958.5
   227 -302.505   0.001 -302.505   420020.4 248474.9 93501.4 14472.5   2763.3  2301.6  1770.8
   228 -10.071   0.000 -10.070   472308.2 200909.5 93114.9 21557.3   3015.9  2372.8  2612.1
   229 -143.476   0.000 -143.475   494317.2 221109.6 121580.7 22069.4   2843.4  2288.7  2277.6
   230  28.617  -0.001  28.616   585803.4 249896.2 134260.3 34238.7   3435.9  2379.8  3181.5
   231 144.562  -0.000 144.562   536128.9 241608.3 104933.2 17160.0   4139.8  2364.7  3183.8
   232 -242.171   0.001 -242.170   431009.2 248179.8 94706.0 14861.3   2588.5  2379.5  1713.4
   233 -75.843   0.001 -75.843   452630.3 236246.3 103005.4 23000.8   3138.3  2442.7  2377.3
   234 -468.616   0.002 -468.614   373672.1 212782.3 75869.9 22223.1   2539.5  2331.9  1871.2
   235 -239.913   0.000 -239.912   381256.6 244860.1 76503.1 16665.4   4170.6  2285.5  2523.0
   236 -37.171   0.000 -37.171   402341.2 232298.1 74789.9 18823.2   3779.7  2361.1  3025.9
   237 -279.645   0.001 -279.644   412888.3 229967.6 53955.2 26526.3   2366.9  2329.3  1976.8
   238 -209.523  -0.001 -209.524   396125.1 226683.6 96587.0 19604.2   2535.0  2304.1  1908.3
   239   6.772  -0.001   6.771   478081.5 220037.1 74824.2 21001.1   2593.1  2335.2  2446.0
   240 -687.032   0.003 -687.030   318025.5 210136.5 74228.3  8291.9   1604.2  2296.4  1240.8
   241 299.158  -0.002 299.157   552694.4 226800.1 80213.2 40528.3   2049.9  2341.7  2208.0
   242 276.716  -0.001 276.715   493794.0 184113.8 73777.5 18069.8   3210.6  2267.6  2719.8
   243 134.982  -0.001 134.981   507066.8 207287.9 127864.7 22488.8   2557.0  2245.8  2204.9
   244 186.534  -0.001 186.533   529274.1 242378.1 99207.7 24241.2   3058.6  2249.6  2817.2
   245 259.905  -0.001 259.904   558764.1 217008.8 108889.4 22868.6   3579.7  2290.8  2902.6
   246 -96.541   0.001 -96.540   467795.7 216724.2 78772.9 24798.0   2680.8  2338.7  2332.0
   247 -11.409  -0.000 -11.409   498240.2 252350.1 111866.6 25623.9   4666.2  2174.7  3581.9
   248  16.483  -0.001  16.482   538374.6 225406.8 108058.3 29471.5   4388.4  2202.6  3193.0
   249 336.821  -0.001 336.820   564033.9 199589.2 137812.5 19317.4   5232.5  2206.1  3514.7
   250 389.688  -0.000 389.688   569337.6 196498.5 145263.1 20342.8   3579.9  2218.5  2861.8

         Carbon flux (ktC/yr)        Water (dam3/yr)                Nitrogen (MgN/yr)
       ----------------------- -------------------------- --------------------------------
Spinup NEP     estab   NBP     transp     evap    interc  nuptake ndemand  nlosses ninflux
------ ------- ------- ------- ---------- ------- ------- ------- -------- ------- -------
   251 -57.942   0.001 -57.942   473856.7 249999.3 101428.9 17312.1   3093.4  2201.9  2110.4
   252 -922.040   0.008 -922.032   349229.9 214296.0 86827.5 16070.9   2657.5  2269.2  1535.6
   253 -95.519  -0.003 -95.523   423610.2 232686.0 82613.6 35155.7   2319.3  2235.1  1762.6
   254  77.891  -0.000  77.891   450691.9 198424.3 85119.9 13779.4   3669.7  2133.2  2856.7
   255 -638.387   0.002 -638.385   323905.0 208735.5 75453.3  9145.0   1568.2  2226.7  1200.0
   256 248.633  -0.001 248.632   542022.9 228547.8 103424.9 34967.0   2412.0  2228.0  2349.5
   257 533.753  -0.002 533.751   596718.7 207885.3 119472.2 26991.7   2676.3  2277.6  2476.4
   258 421.076  -0.001 421.075   613108.9 228932.6 126499.9 23775.2   2284.7  2283.2  1924.2
   259  87.008  -0.000  87.008   534895.0 204918.9 100159.2 23621.8   2336.2  2484.1  1817.7
   260 168.500  -0.000 168.500   623456.2 233681.9 121430.9 38997.3   2143.5  2457.2  1780.6
   261 -92.611   0.000 -92.611   563227.5 231579.1 116941.4 25078.5   3430.3  2348.8  2595.3
   262 301.694  -0.000 301.694   609464.7 200715.9 154093.0 23271.4   4525.0  2380.8  3161.7
   263 315.080  -0.000 315.080   637332.9 211470.3 163570.3 25339.3   3491.2  2452.6  2717.0
   264 -29.916   0.001 -29.916   509746.2 190853.7 89210.9 15208.4   2546.9  2470.4  2052.8
   265 -23.179   0.001 -23.178   507141.4 235834.7 120925.1 28105.3   3449.3  2489.1  2567.5
   266 -659.890   0.003 -659.887   376410.0 228944.3 74083.0 14098.2   2588.7  2421.1  1569.3
   267 -66.386  -0.001 -66.387   494572.6 214941.2 131504.7 27912.8   3628.9  2510.9  2614.8
   268  48.100  -0.000  48.100   476657.6 190166.6 72466.6 16864.8   2791.5  2490.0  2483.5
   269 290.265   0.000 290.265   566835.3 223676.3 106911.7 24481.6   3342.0  2538.7  2769.0
   270   2.298   0.000   2.298   474615.6 223276.3 79506.3 22857.5   2651.3  2588.3  2658.3
   271 -53.196  -0.000 -53.196   499929.5 244235.6 100001.0 22598.2   5010.0  2428.0  3659.7
   272 320.836  -0.001 320.835   579390.3 251073.3 129411.2 23876.5   4700.5  2459.4  3778.2
   273 -67.748   0.001 -67.748   440144.9 228869.6 115612.3 17601.4   3358.2  2454.7  2750.1
   274 -59.900   0.000 -59.900   503283.0 245863.9 102431.4 22358.0   4460.2  2376.9  3547.0
   275 -37.835  -0.000 -37.835   473910.0 242522.4 101983.3 21712.9   4013.2  2358.3  3083.3

         Carbon flux (ktC/yr)        Water (dam3/yr)                Nitrogen (MgN/yr)
       ----------------------- -------------------------- --------------------------------
Spinup NEP     estab   NBP     transp     evap    interc  nuptake ndemand  nlosses ninflux
------ ------- ------- ------- ---------- ------- ------- ------- -------- ------- -------
   276 -105.282  -0.000 -105.282   475256.1 230436.3 117430.5 20965.1   3344.2  2362.3  2684.7
   277  84.809   0.000  84.810   453051.0 213610.2 116523.8 17790.8   3069.5  2421.4  2813.1
   278  -6.918   0.000  -6.918   510494.8 249222.8 102049.8 23205.5   3756.2  2655.9  3380.7
   279 113.868  -0.000 113.867   476584.4 228541.5 109138.9 23586.7   3608.8  2452.1  3080.2
   280 -54.630   0.000 -54.630   490931.5 228800.9 118887.5 19884.3   3369.9  2564.7  2892.3
   281  63.643   0.000  63.643   482970.3 179268.2 88881.7 20075.5   3688.4  2366.4  3231.7
   282 -323.694   0.003 -323.691   334065.5 234129.6 112716.6 17411.2   2574.6  2199.3  2156.9
   283 -152.201  -0.001 -152.202   459710.4 233639.8 96534.9 22725.5   4198.4  2287.8  3291.1
   284  26.673  -0.001  26.672   490363.6 231180.9 102788.7 20095.7   3449.1  2552.4  3096.4
   285  53.097   0.001  53.098   410863.0 240605.4 104899.0 17841.7   2689.3  2546.7  2665.4
   286  49.260   0.001  49.261   503645.4 234680.1 91611.3 24091.4   4046.7  2592.4  3185.8
   287   1.071  -0.002   1.069   543182.8 246792.5 122652.3 25100.1   3749.8  2699.3  3419.2
   288  23.105  -0.001  23.104   528689.1 232426.9 87628.4 22934.2   3431.8  2396.7  3023.2
   289  98.511  -0.000  98.511   507665.5 240310.3 108899.9 25303.0   2444.6  2548.5  2210.2
   290 107.713  -0.001 107.712   504295.3 241901.3 91230.5 21090.6   2690.7  2354.1  2413.9
   291 249.980  -0.001 249.978   626548.3 220846.0 141416.4 35492.3   2536.5  2597.3  2248.3
   292 438.644  -0.001 438.643   592492.6 233529.3 125882.8 21248.4   2665.8  2412.8  2300.7
   293 -63.598   0.000 -63.598   564129.9 228605.8 118525.9 27066.0   2482.7  2429.0  2117.4
   294  10.269  -0.000  10.268   600960.4 243741.5 160588.7 34021.5   4352.6  2339.0  3269.2
   295 -365.659   0.001 -365.658   437762.1 216114.5 96052.1  9691.2   3286.5  2318.2  2101.0
   296 126.347  -0.000 126.346   575660.0 223960.4 119659.0 36772.9   2815.0  2335.1  2373.5
   297 128.202   0.000 128.202   497732.9 186317.8 101897.3 16596.4   4074.3  2329.5  2720.1
   298 -273.406   0.001 -273.405   454990.3 221570.4 105808.8 20576.5   2862.4  2281.5  2132.3
   299 -141.179   0.001 -141.177   527871.0 270665.5 119208.9 30364.0   3553.0  2339.8  2857.2
   300 -27.745  -0.000 -27.745   460264.1 228935.0 82878.3 24445.6   3168.3  2283.8  2639.0

         Carbon flux (ktC/yr)        Water (dam3/yr)                Nitrogen (MgN/yr)
       ----------------------- -------------------------- --------------------------------
Spinup NEP     estab   NBP     transp     evap    interc  nuptake ndemand  nlosses ninflux
------ ------- ------- ------- ---------- ------- ------- ------- -------- ------- -------
   301 172.968  -0.001 172.967   569185.2 215035.8 140574.5 26113.1   5331.5  2271.2  3529.6
   302 163.186   0.000 163.187   495375.9 239985.1 120207.7 19656.3   2703.8  2317.8  2201.6
   303 -490.087   0.000 -490.087   440653.0 219697.3 87972.4 19896.4   3088.6  2315.8  1984.0
   304 -72.911  -0.000 -72.912   504310.9 231569.1 122722.0 26627.8   3175.4  2334.0  2379.8
   305 314.057  -0.001 314.056   575124.4 216526.9 144306.0 24516.8   3446.6  2329.6  2925.0
   306 135.400   0.000 135.400   488701.7 222881.9 124989.3 17373.8   2634.5  2296.2  2431.5
   307 332.761  -0.000 332.761   622833.4 258920.4 142451.4 28107.5   3738.2  2534.9  3322.3
   308 -60.419   0.001 -60.419   455266.8 232144.1 123079.1 21776.0   3264.6  2295.6  2636.1
   309 -91.468  -0.000 -91.468   490069.3 203810.5 97334.7 26054.7   4723.9  2242.9  3248.1
   310  16.175  -0.000  16.175   494278.9 263042.8 95213.5 23934.5   3449.6  2275.0  2752.1
   311 -144.767  -0.000 -144.768   484544.6 258458.2 96611.0 24825.6   2675.4  2379.9  1846.0
   312 -109.453  -0.000 -109.453   492125.6 231104.6 129809.3 20399.6   2718.5  2378.3  2035.3
   313 -14.687   0.000 -14.687   521537.6 229553.9 102655.6 25224.1   3027.7  2255.4  2719.7
   314 -53.968   0.000 -53.968   478332.9 250839.3 96838.8 24361.8   3297.1  2249.7  2661.6
   315 -106.742  -0.001 -106.742   483756.8 207216.0 98333.9 30910.6   3132.6  2403.1  2255.6
   316  44.965   0.001  44.966   486430.2 254481.4 120546.3 22494.7   2381.3  2331.7  1895.8
   317 449.416  -0.001 449.415   630058.7 254724.2 146342.7 26215.2   3561.2  2320.5  3054.0
   318 307.695  -0.000 307.694   612237.2 255327.5 154123.1 22647.9   3638.1  2379.4  3121.4
   319 -179.186   0.001 -179.185   518946.9 225478.1 127283.6 28334.4   3095.4  2347.2  2491.5
   320 -355.959   0.001 -355.958   426541.2 219724.9 88590.0 24032.7   4161.9  2249.8  2801.4
   321 -161.340   0.001 -161.339   418734.1 229991.2 104642.5 25948.5   4557.4  2191.6  2701.1
   322 -327.722   0.000 -327.721   407741.8 225340.2 119885.3 13993.0   4902.1  2211.2  2884.3
   323 -116.426   0.001 -116.425   431405.1 211900.8 85876.0 17170.9   3421.1  2243.3  2810.7
   324 -163.306   0.001 -163.305   446188.1 259918.4 106334.4 26596.2   3211.1  2145.8  2853.9
   325 316.675  -0.002 316.674   563298.3 257094.8 124130.9 25767.1   4709.4  2196.7  3723.1

         Carbon flux (ktC/yr)        Water (dam3/yr)                Nitrogen (MgN/yr)
       ----------------------- -------------------------- --------------------------------
Spinup NEP     estab   NBP     transp     evap    interc  nuptake ndemand  nlosses ninflux
------ ------- ------- ------- ---------- ------- ------- ------- -------- ------- -------
   326 -141.922   0.000 -141.922   426893.0 223384.7 86567.8 13797.3   3173.0  2236.5  2536.7
   327 -439.005   0.001 -439.003   348720.8 184724.8 70384.1 16359.4   2189.8  2075.8  1770.9
   328 -29.035  -0.000 -29.036   415861.3 227725.2 100435.7 29428.4   2706.8  2104.3  2450.0
   329 -56.753  -0.000 -56.753   427529.5 193403.8 65924.8 20736.6   2793.5  2088.0  2613.5
   330 173.487  -0.001 173.487   539563.4 228720.0 116729.1 26823.2   2739.4  2171.1  2499.1
   331  45.845  -0.000  45.845   480806.5 202609.3 71315.3 22408.8   1955.9  2257.2  1896.1
   332 -105.571   0.000 -105.571   447350.6 214167.3 78544.2 26830.1   2052.0  2190.7  1897.8
   333  95.096  -0.000  95.096   446281.3 180097.6 88356.9 22338.8   3349.0  2083.3  2609.9
   334 -59.376   0.000 -59.376   437888.5 197786.3 95567.5 19378.9   2550.6  2065.5  2192.0
   335 -31.830  -0.000 -31.830   450501.1 203428.4 93508.3 24015.6   2549.1  2065.3  2251.8
   336 -197.878  -0.000 -197.878   459698.5 217732.1 106121.2 32146.0   2275.0  2121.8  1844.5
   337  61.172  -0.000  61.171   526549.8 230430.5 124907.1 22047.2   3378.4  2137.1  2842.8
   338 -57.321  -0.000 -57.322   485697.1 222357.1 81782.5 29458.1   2124.2  2259.9  1899.5
   339 551.077  -0.001 551.075   583516.0 248446.1 139925.4 28252.4   4130.2  2141.2  3365.4
   340 156.651   0.000 156.651   513755.0 208557.4 107027.9 15404.2   3002.1  2172.5  2628.2
   341 -237.080   0.001 -237.079   454028.9 229551.2 131355.3 22954.0   2316.6  2135.6  1764.4
   342  36.712   0.000  36.712   449354.4 228876.2 120889.6 27127.2   3053.4  2148.2  2646.9
   343  17.134   0.000  17.134   449068.0 222780.5 120784.2 22501.4   3439.5  2173.9  2931.7
   344 187.117  -0.000 187.116   521760.9 236503.1 115667.4 24811.3   3882.0  2360.1  3380.0
   345 -406.360   0.000 -406.360   421671.2 218466.9 87841.5 25292.8   3115.5  2286.9  2027.8
   346 -363.719   0.000 -363.718   399197.1 229680.2 69445.0 23899.8   2426.1  2114.1  1713.4
   347 -597.446   0.001 -597.445   354958.6 247918.3 92155.0 15072.7   2252.5  2159.2  1329.7
   348 -167.975   0.000 -167.974   389573.4 184084.4 68523.0 23751.1   1923.5  2252.0  1555.0
   349 135.818  -0.000 135.818   432726.7 237985.3 83060.3 26737.4   2581.0  2138.0  2338.6
   350 196.850  -0.002 196.848   572520.4 250012.9 134072.2 42137.2   2643.3  2233.3  2448.3

         Carbon flux (ktC/yr)        Water (dam3/yr)                Nitrogen (MgN/yr)
       ----------------------- -------------------------- --------------------------------
Spinup NEP     estab   NBP     transp     evap    interc  nuptake ndemand  nlosses ninflux
------ ------- ------- ------- ---------- ------- ------- ------- -------- ------- -------
   351 712.241  -0.001 712.240   626217.8 254398.2 142330.2 24315.5   3514.4  2203.5  3045.5
   352 296.819  -0.000 296.819   509547.5 231407.6 129787.1 18442.7   2743.2  2220.0  2265.6
   353 -93.961   0.001 -93.960   513222.0 230383.6 117819.6 31940.2   2782.2  2234.4  2363.2
   354 -17.789   0.001 -17.788   455073.7 246462.1 124942.6 25125.6   3937.2  2125.5  2918.6
   355 454.264  -0.001 454.263   611198.4 256038.1 146204.8 28246.2   4875.6  2222.2  3659.9
   356   9.605   0.001   9.606   455620.4 246215.3 104872.0 16120.4   3411.7  2239.7  2616.9
   357 -76.195   0.001 -76.194   473390.1 236812.2 85076.5 35019.6   2154.3  2282.6  1986.8
   358  33.138  -0.000  33.138   470447.5 247376.3 96280.9 20774.5   3946.6  2139.9  2875.7
   359 -162.044  -0.000 -162.044   473176.8 262206.2 97629.0 25821.1   2635.4  2326.2  1802.7
   360 -73.381  -0.000 -73.381   495722.3 231683.9 102643.3 24827.4   2660.4  2300.3  2164.6
   361 -81.134  -0.000 -81.135   537914.7 230791.5 119944.2 34931.8   2840.0  2285.2  2398.7
   362 -35.130  -0.000 -35.130   514900.6 235573.4 105910.6 24329.7   3751.1  2210.2  2962.2
   363 -72.248   0.000 -72.248   487163.6 209708.9 106233.5 24910.3   3079.2  2342.1  2020.5
   364 312.264  -0.001 312.263   546395.0 237881.9 129695.7 26619.8   2513.9  2372.5  1947.7
   365 -363.933   0.001 -363.932   430648.7 218384.7 107960.7 13745.0   1924.7  2408.3  1299.0
   366 -917.178   0.002 -917.176   324051.5 197875.8 105016.2 13625.7   1746.7  2295.4   922.3
   367 -71.262   0.000 -71.261   464573.5 252817.2 88387.8 41821.4   1964.9  2328.3  1603.6
   368 -457.634   0.000 -457.633   368586.6 243810.3 87027.3  7484.0   2665.4  2287.0  1559.9
   369 -11.783  -0.000 -11.783   403744.4 177401.1 80117.4 25892.0   2397.6  2408.9  1755.9
   370 -80.854  -0.000 -80.854   377357.6 210334.3 107049.0 20060.4   2255.4  2256.9  2064.8
   371 -129.646  -0.000 -129.646   448133.7 221997.6 69817.6 31275.0   2691.9  2474.6  2506.9
   372  13.359  -0.001  13.358   462757.9 231060.8 107178.1 19520.3   4195.6  2232.1  3340.4
   373 277.181  -0.001 277.180   493743.0 237580.0 98029.7 22351.9   3585.0  2255.8  3169.1
   374 116.618   0.000 116.619   398841.9 241999.9 114088.8 21481.2   2280.5  2187.1  2208.4
   375  35.887  -0.000  35.887   421154.7 220134.8 110358.5 22720.5   3419.5  2174.1  3009.9

         Carbon flux (ktC/yr)        Water (dam3/yr)                Nitrogen (MgN/yr)
       ----------------------- -------------------------- --------------------------------
Spinup NEP     estab   NBP     transp     evap    interc  nuptake ndemand  nlosses ninflux
------ ------- ------- ------- ---------- ------- ------- ------- -------- ------- -------
   376  57.225  -0.000  57.225   444966.3 212498.0 79441.5 25064.8   3344.1  2438.0  2835.8
   377 193.100  -0.001 193.099   519423.4 217033.0 91675.4 24381.3   3340.4  2256.9  2998.8
   378 199.773  -0.000 199.772   446491.6 216054.2 119389.1 22663.7   2066.6  2274.8  1833.4
   379  94.442  -0.000  94.442   547868.6 237008.3 106040.3 33418.1   2692.0  2441.6  2401.3
   380 120.518   0.001 120.520   537883.0 282900.1 115667.5 26734.8   3355.0  2246.2  2585.0
   381 498.236  -0.002 498.235   583717.9 204096.9 142101.4 21685.1   3111.8  2284.6  2471.0
   382 483.719  -0.001 483.718   609080.2 215394.7 155333.1 25912.9   2919.0  2289.0  2271.4
   383 118.388   0.003 118.391   575152.2 270669.2 131686.3 25654.0   2778.1  2213.9  2376.9
   384  96.862  -0.001  96.861   526874.2 251488.5 120354.1 23480.0   3572.2  2197.9  2553.8
   385 -35.830   0.000 -35.830   473903.8 241402.6 120335.0 22383.2   3442.9  2181.0  2258.6
   386 -113.433   0.001 -113.432   515023.9 230748.7 138715.1 21685.0   3005.4  2191.0  2097.4
   387  74.390  -0.001  74.389   597832.5 249060.5 154862.0 38009.1   3289.4  2287.1  2768.0
   388 161.308  -0.001 161.308   593951.2 240586.5 163290.5 28802.3   3981.4  2217.7  3062.2
   389 -340.499   0.001 -340.498   434071.0 216600.5 97858.7  9268.3   2783.1  2215.6  1828.0
   390 532.808  -0.001 532.807   627010.6 251367.5 148480.3 34643.9   3608.8  2270.5  3007.6
   391 -261.805   0.001 -261.804   429448.0 223161.7 103825.9 10003.0   2803.3  2226.6  1871.1
   392 -244.682   0.001 -244.681   387986.0 220788.9 85041.3 25859.6   2457.6  2129.2  2117.3
   393 -225.269   0.000 -225.269   435436.2 201284.0 92355.1 25780.3   4784.2  2158.7  3132.6
   394 -32.617  -0.001 -32.618   510228.4 244547.7 120675.0 25254.5   3524.7  2272.3  2807.5
   395 118.567  -0.000 118.566   528686.4 228200.5 106681.6 28431.9   3066.5  2200.1  2580.8
   396 -232.402   0.001 -232.401   421283.3 218379.4 87585.0 13747.6   3177.7  2147.2  2309.9
   397 144.334   0.000 144.334   546971.7 235533.4 127629.6 30976.9   2972.2  2266.4  2439.5
   398 537.630  -0.001 537.628   645597.4 257289.8 141896.4 30795.2   3416.4  2382.7  2947.1
   399  74.432   0.001  74.433   428870.6 246139.7 131751.2 17527.7   2531.4  2238.1  2141.6
   400 120.070   0.000 120.070   507165.6 199314.1 142900.9 21473.4   4006.8  2175.8  3167.3

         Carbon flux (ktC/yr)        Water (dam3/yr)                Nitrogen (MgN/yr)
       ----------------------- -------------------------- --------------------------------
Spinup NEP     estab   NBP     transp     evap    interc  nuptake ndemand  nlosses ninflux
------ ------- ------- ------- ---------- ------- ------- ------- -------- ------- -------
   401 -142.429   0.001 -142.428   458539.3 225094.2 94180.4 18211.4   2998.9  2203.8  2519.6
   402 -490.545   0.001 -490.544   365160.4 227975.9 68067.2 22841.3   2568.7  2100.2  1848.4
   403 -403.076   0.000 -403.076   430159.4 226317.2 103510.1 32526.6   3061.1  2180.9  2240.5
   404 -18.264  -0.000 -18.265   430450.8 225136.1 74916.0 23784.3   3588.5  2155.7  3032.7
   405 -44.129   0.001 -44.129   496897.1 270643.2 105420.1 26467.0   3863.1  2143.4  3120.4
   406 236.493  -0.001 236.492   503040.3 189793.8 87221.6 19249.4   3296.7  2136.5  2723.7
   407  11.900   0.000  11.900   416374.3 211477.6 118223.6 20060.5   2161.5  2133.8  1935.1
   408 150.941  -0.001 150.940   553973.5 219018.9 138802.7 29938.5   3334.7  2321.0  2930.5
   409  20.237  -0.000  20.237   481522.2 236849.2 106847.4 32083.1   2470.1  2156.7  2031.0
   410 -69.979  -0.001 -69.980   490671.2 239650.3 148508.2 27751.9   4799.9  2119.6  3403.4
   411 162.891  -0.001 162.890   553255.9 241434.5 153206.5 28918.1   4481.5  2160.2  3372.2
   412 -52.961   0.000 -52.961   465961.2 227990.7 77570.5 18221.9   2845.1  2140.3  2106.5
   413 -105.704  -0.000 -105.704   488691.3 252428.6 129899.8 29853.9   3344.7  2185.6  2530.9
   414  72.361  -0.000  72.361   530205.9 233715.0 108466.2 29401.4   3025.8  2175.8  2418.7
   415 -290.894   0.000 -290.893   438309.6 230512.5 78719.2 22328.2   2044.1  2238.4  1362.9
   416 -55.299   0.000 -55.298   462049.2 208850.2 107999.7 21871.1   2823.4  2206.6  2131.9
   417  19.835   0.000  19.835   431986.0 221337.1 125103.9 24359.5   2178.3  2273.4  1574.3
   418 -30.835   0.001 -30.834   419279.0 237679.4 100286.8 22143.1   2859.8  2319.4  2279.5
   419  10.127  -0.001  10.126   542878.7 247728.3 148844.4 40962.3   3336.7  2341.4  2854.9
   420 136.986   0.000 136.987   546286.1 238891.6 137469.4 16822.2   3245.9  2333.1  2624.9
   421 382.116  -0.001 382.115   578808.7 208835.4 152319.7 26574.7   2973.5  2597.3  2372.2
   422  60.214   0.001  60.214   479725.3 193229.6 86715.3 19639.4   2271.1  2562.3  1872.2
   423 364.114  -0.000 364.114   577472.7 251981.8 155466.0 29619.3   3794.6  2524.8  3193.3
   424 -72.004   0.001 -72.003   467998.3 246553.7 121768.9 20600.2   3847.0  2495.9  2973.3
   425 -195.101   0.001 -195.100   475116.3 236505.2 111808.3 31696.3   3930.9  2367.3  2949.4

         Carbon flux (ktC/yr)        Water (dam3/yr)                Nitrogen (MgN/yr)
       ----------------------- -------------------------- --------------------------------
Spinup NEP     estab   NBP     transp     evap    interc  nuptake ndemand  nlosses ninflux
------ ------- ------- ------- ---------- ------- ------- ------- -------- ------- -------
   426 -43.751   0.000 -43.751   429129.5 215281.6 89730.9 22973.4   4949.5  2335.1  3132.7
   427 -317.429   0.000 -317.428   412730.9 224002.1 83247.2 26786.0   3730.8  2382.7  2732.6
   428  34.991   0.000  34.991   415107.6 241747.2 92272.8 18119.6   5105.9  2291.4  3232.5
   429 -160.067  -0.000 -160.067   441876.6 230685.3 88918.5 22711.8   3220.9  2419.4  2696.5
   430   7.414  -0.001   7.414   473965.5 239027.4 145331.1 31705.8   3227.6  2316.3  2762.1
   431 300.780  -0.000 300.779   490686.6 229809.9 120383.3 19936.7   3726.2  2387.4  3215.3
   432 -115.079   0.000 -115.079   436621.7 228902.3 74454.2 22927.0   2751.3  2541.0  2138.8
   433 -289.004   0.001 -289.004   375426.0 188469.6 96819.9 21188.8   2701.2  2266.6  1774.4
   434 -627.767   0.001 -627.766   314143.3 221548.9 68707.5 19555.4   1865.1  2224.4  1348.5
   435 -264.987   0.000 -264.987   377654.7 241941.4 96035.3 25089.7   2780.2  2290.7  1927.6
   436 -168.472  -0.000 -168.472   381843.8 247029.0 84720.5 22367.6   2448.7  2287.5  1723.0
   437 171.064  -0.001 171.064   424451.3 224195.0 104755.8 25272.6   2757.4  2382.6  2440.9
   438 207.724  -0.001 207.724   498263.0 210991.9 137741.8 29101.0   3134.1  2368.0  2871.7
   439 206.954  -0.000 206.954   493289.3 243937.4 108454.3 23516.8   3542.7  2197.5  3068.4
   440 182.988  -0.000 182.988   431066.8 220865.0 124911.1 24223.5   2524.8  2224.1  2254.8
   441  33.857  -0.000  33.857   515828.5 238958.9 109106.2 34780.7   3178.8  2399.4  2788.4
   442  61.140  -0.000  61.139   466344.7 234855.0 111852.8 33161.1   3414.5  2197.2  2480.5
   443  -1.907   0.000  -1.907   421859.8 232987.9 117282.3 14159.4   4795.0  2163.5  3119.4
   444 212.727  -0.001 212.727   509152.1 209886.1 153188.5 29617.1   3676.2  2196.1  2929.6
   445  68.475   0.000  68.476   469787.2 222051.6 102067.1 17652.5   2607.0  2169.3  2101.6
   446 -296.592   0.001 -296.591   363889.9 185470.5 82455.5 16740.1   1862.4  2171.5  1392.5
   447  41.079   0.000  41.079   414214.0 227254.1 116482.5 32302.2   2857.8  2203.1  2417.5
   448 263.327  -0.001 263.326   486334.1 232641.5 113902.2 24524.3   4033.5  2231.8  3400.0
   449 126.798  -0.000 126.798   446183.8 228173.7 122300.5 22680.2   3074.7  2430.3  2617.8
   450 -298.861   0.001 -298.861   393538.1 218035.2 87652.6 17475.7   2943.1  2145.9  2340.0

         Carbon flux (ktC/yr)        Water (dam3/yr)                Nitrogen (MgN/yr)
       ----------------------- -------------------------- --------------------------------
Spinup NEP     estab   NBP     transp     evap    interc  nuptake ndemand  nlosses ninflux
------ ------- ------- ------- ---------- ------- ------- ------- -------- ------- -------
   451 203.594  -0.000 203.594   487231.9 187336.5 91329.4 31302.5   3585.6  2166.0  3003.2
   452 -959.753   0.004 -959.748   304888.1 212010.4 86151.9 13383.2   2463.1  2144.2  1393.6
   453 145.462  -0.002 145.459   494760.1 228951.0 112741.4 31414.9   2504.7  2256.1  2086.5
   454 250.806  -0.001 250.804   492383.6 254301.3 87718.0 24424.1   2222.5  2336.0  1812.7
   455 283.397  -0.001 283.396   542742.5 237247.7 147778.8 34146.0   2479.8  2323.3  2087.7
   456 193.818   0.000 193.818   482064.1 242322.9 102718.2 19890.9   2826.6  2205.2  2480.0
   457 -315.595   0.001 -315.594   434110.4 237926.5 72882.1 32453.5   1637.5  2362.6  1202.0
   458 -584.373   0.001 -584.372   353153.8 193831.0 78598.0 10066.2   1641.1  2303.2  1097.2
   459 292.219  -0.001 292.218   471087.3 226200.2 107279.5 34423.3   2447.9  2373.0  2159.2
   460 409.600  -0.001 409.599   514588.9 189086.9 139269.5 23751.5   2760.0  2380.2  2240.1
   461 298.400  -0.000 298.400   526677.4 209342.2 103947.4 23453.2   2703.8  2256.2  2506.0
   462 127.073   0.000 127.073   440267.5 224145.0 123327.8 21908.9   2814.0  2293.0  2254.9
   463 -61.261   0.001 -61.260   403602.0 205737.5 92102.2 25619.0   2748.3  2411.8  2081.5
   464 -222.756   0.004 -222.752   459697.0 283720.1 111861.4 29028.1   3999.5  2236.9  3171.9
   465 101.593  -0.002 101.592   408499.7 252006.4 115586.1 21611.5   3292.1  2188.1  2732.1
   466 193.164  -0.001 193.163   486724.4 197984.6 129877.6 20972.0   5159.8  2191.7  3571.8
   467 112.748   0.000 112.749   441478.2 244412.4 91605.9 19044.9   3519.2  2221.3  2866.9
   468 -59.870   0.001 -59.870   465433.5 255878.6 96328.5 39183.5   2255.7  2268.2  1765.3
   469 -136.547  -0.000 -136.547   406515.8 225599.5 101370.2 20128.9   2853.5  2142.4  1988.2
   470 -197.321   0.000 -197.321   426699.9 224835.5 100794.9 25613.8   4105.9  2128.5  2877.7
   471 -29.683  -0.000 -29.684   435382.8 220341.1 77610.3 28056.7   3854.9  2136.1  2949.9
   472 146.279   0.001 146.280   375269.4 241434.3 114280.7 18996.4   3799.0  2079.4  2851.2
   473 201.581  -0.001 201.580   457103.3 229504.5 105861.1 22950.0   5071.0  2171.8  3868.5
   474 139.695  -0.000 139.695   428936.9 206719.6 83795.0 21581.3   3069.7  2395.2  2530.6
   475 -42.938  -0.000 -42.938   435067.1 257871.8 90559.9 24809.7   3226.4  2128.3  2384.5

         Carbon flux (ktC/yr)        Water (dam3/yr)                Nitrogen (MgN/yr)
       ----------------------- -------------------------- --------------------------------
Spinup NEP     estab   NBP     transp     evap    interc  nuptake ndemand  nlosses ninflux
------ ------- ------- ------- ---------- ------- ------- ------- -------- ------- -------
   476  51.282  -0.001  51.281   482451.1 218827.1 111275.9 30923.1   2841.3  2206.8  2352.0
   477  31.432  -0.001  31.431   483707.3 230654.9 126818.4 20329.8   3701.4  2083.5  2900.2
   478 204.988   0.000 204.988   458394.6 217502.5 86733.5 28462.3   2440.8  2147.5  2253.2
   479  72.806   0.000  72.807   438711.6 229957.7 123256.7 27674.0   3566.4  1991.7  2749.0
   480  39.969  -0.001  39.969   510183.8 232231.1 110081.3 32891.1   3745.0  2028.9  2952.4
   481  74.523  -0.000  74.522   457792.6 195001.3 81007.9 16089.9   3176.1  2069.7  2543.0
   482 677.586  -0.001 677.586   604403.8 248036.2 149760.6 35063.0   3589.5  2146.4  2978.6
   483 141.302   0.000 141.302   489231.2 242002.6 125095.1 18743.9   3521.5  2054.4  2533.7
   484 -315.070   0.001 -315.069   395944.9 251113.7 106854.2 19377.4   2686.6  2021.9  1598.0
   485 -189.312   0.001 -189.312   403340.8 226103.9 112149.6 34020.0   2484.8  2083.4  1687.1
   486 -266.143   0.002 -266.140   312711.8 236540.7 123179.2 17499.1   3689.9  1947.1  2466.7
   487 -174.639  -0.001 -174.639   429823.4 231560.2 110545.6 19933.0   5118.4  2001.4  3608.2
   488  16.173  -0.000  16.173   438119.2 210466.7 84419.9 18561.5   3095.7  2068.5  2770.2
   489 -104.815  -0.000 -104.815   450494.2 225200.7 100428.8 30930.0   2913.4  1958.2  2492.3
   490 112.674  -0.001 112.673   514026.3 227560.0 108134.3 34142.8   3742.2  1984.2  3229.0
   491 197.483  -0.001 197.482   506512.3 230748.2 127740.7 19538.0   3557.4  2072.4  2830.1
   492 375.358  -0.001 375.357   562792.9 234593.5 159434.7 33827.5   3034.1  2154.8  2606.6
   493 105.515   0.000 105.516   486009.3 228946.9 122738.9 30114.8   2382.6  2033.6  1773.0
   494 -181.761   0.001 -181.760   386657.7 177742.2 108060.6 12522.3   3412.6  1989.2  2055.6
   495 -114.722   0.006 -114.716   422841.9 237048.8 108269.3 26106.4   2274.7  2048.2  1672.1
   496 248.902  -0.003 248.899   519200.9 264606.2 113590.9 29294.3   2718.5  2126.1  2432.9
   497  78.988  -0.001  78.987   523791.6 241035.7 105475.0 31490.2   2784.8  2004.4  2311.5
   498 600.120  -0.001 600.119   606592.8 257829.4 144479.9 28810.6   4190.2  2110.4  3271.2
   499  62.143  -0.000  62.143   527333.2 237757.7 117654.2 27592.7   2931.6  2093.8  2333.4
   500  36.955  -0.000  36.955   531773.2 239632.6 118050.0 33645.3   3479.8  1993.6  2667.9

         Carbon flux (ktC/yr)        Water (dam3/yr)                Nitrogen (MgN/yr)
       ----------------------- -------------------------- --------------------------------
Spinup NEP     estab   NBP     transp     evap    interc  nuptake ndemand  nlosses ninflux
------ ------- ------- ------- ---------- ------- ------- ------- -------- ------- -------
   501 181.963   0.000 181.964   439795.6 246007.0 138868.9 23316.0   3112.7  1967.8  2350.6
   502 -153.133   0.000 -153.132   442663.0 220715.7 101427.9 16830.6   3580.9  1960.1  2571.1
   503 391.974  -0.001 391.974   546077.0 249694.6 148969.1 33644.3   3706.2  1995.0  3034.3
   504 -133.549   0.001 -133.549   423670.3 191503.2 84400.7 14340.0   2525.8  2055.9  1934.2
   505 -145.799   0.000 -145.799   435333.5 199025.8 104548.9 29909.5   3099.5  2041.4  2180.3
   506 122.730  -0.001 122.729   566738.4 252813.9 156764.7 42683.4   3136.8  2080.4  2419.7
   507 166.654  -0.000 166.654   540789.8 230858.7 144487.4 19178.5   2946.7  2077.7  2157.3
   508 235.166   0.002 235.168   553999.7 252357.3 137845.3 27079.2   2088.4  2169.7  1421.9
   509 252.285  -0.001 252.284   520066.1 199407.6 105269.5 23968.9   2122.0  2113.2  1487.9
   510 -311.483   0.001 -311.483   403343.6 232810.1 123356.4 18373.0   2122.7  2022.3  1346.4
   511 -1097.238   0.008 -1097.230   321227.6 217422.1 90902.1 16387.3   2091.9  2119.8  1301.5
   512 -270.355  -0.003 -270.359   390653.2 224103.9 74374.8 25473.4   1732.0  2141.2  1419.6
   513 -374.713   0.000 -374.713   346189.5 241646.8 79832.5 15649.9   1568.2  2070.4  1063.7
   514 125.679  -0.001 125.678   468830.7 226417.0 81935.7 36348.2   1928.4  2132.7  1835.6
   515 243.878  -0.002 243.876   552138.7 227178.3 101245.9 37479.1   1928.4  2186.2  1768.5
   516 595.737  -0.001 595.736   570071.7 197864.2 140155.4 23273.5   2610.7  2086.8  2080.8
   517 510.128  -0.001 510.128   566538.3 205921.8 111177.4 24378.9   2110.5  2090.2  1854.2
   518 -114.158   0.003 -114.155   401777.8 236350.7 131661.4 27816.0   1522.2  2024.2   952.7
   519  78.187  -0.001  78.187   462745.5 243899.5 100970.5 25554.9   3735.6  2001.9  2848.5
   520 -662.542   0.000 -662.542   422034.4 221595.4 91221.9 29404.5   2251.4  2260.3  1330.3
   521 -314.866   0.000 -314.865   413473.4 217940.9 94694.6 16958.3   1968.2  2146.4  1251.3
   522 -98.001   0.004 -97.997   428440.0 280852.5 106175.3 30560.3   1772.9  2153.1  1487.5
   523  16.713  -0.002  16.711   442912.7 204231.7 90081.0 20757.8   2097.7  2209.9  1498.4
   524 301.464  -0.001 301.462   520297.6 256140.3 104518.6 28686.1   2276.3  2281.6  1842.8
   525 134.234  -0.000 134.234   440729.3 222657.2 122617.4 19717.3   1843.2  2252.6  1642.3

         Carbon flux (ktC/yr)        Water (dam3/yr)                Nitrogen (MgN/yr)
       ----------------------- -------------------------- --------------------------------
Spinup NEP     estab   NBP     transp     evap    interc  nuptake ndemand  nlosses ninflux
------ ------- ------- ------- ---------- ------- ------- ------- -------- ------- -------
   526 380.651  -0.001 380.649   554972.1 204693.4 139896.2 32484.9   2900.9  2500.5  2411.2
   527 312.648  -0.000 312.648   549502.0 209989.9 106577.3 21563.0   2949.8  2188.4  2616.4
   528 -129.327   0.000 -129.326   425974.1 222597.3 116505.4 35277.4   1980.8  2131.3  1308.3
   529 -592.464   0.002 -592.463   337379.5 241757.2 99289.5  9852.3   3632.9  2099.0  1749.1
   530 -80.279   0.000 -80.279   382358.0 232458.2 85874.0 24592.4   3822.9  2170.1  2877.1
   531 -18.660  -0.001 -18.661   498984.8 239359.4 95799.8 39001.5   3551.4  2219.8  3021.3
   532 557.865  -0.001 557.864   573708.1 218522.5 112845.2 22786.5   4688.4  2211.8  3468.9
   533 373.235  -0.001 373.235   527902.0 199429.9 105713.6 22159.3   3391.0  2383.3  2523.8
   534 701.581  -0.000 701.581   657212.3 252201.0 158682.4 34885.0   2947.4  2343.6  2394.1
   535 500.163  -0.000 500.163   598450.4 250469.2 167226.8 24295.6   3859.3  2223.3  3045.0
   536 -742.051   0.007 -742.044   368758.8 217650.0 104457.3 17194.4   3396.8  2185.4  1834.1
   537 -276.718  -0.003 -276.721   395254.9 203656.0 98638.2 23884.8   2885.9  2246.1  1754.9
   538 157.275   0.000 157.276   529049.8 270373.1 119887.8 34167.4   2847.1  2264.9  2259.4
   539 -282.052   0.000 -282.051   416518.0 218433.6 91197.8  9844.7   1948.2  2227.0  1478.2
   540 430.000  -0.001 429.999   522394.4 228528.6 119422.4 33465.3   2482.3  2295.9  2209.4
   541 326.613  -0.001 326.612   554437.2 208345.4 154901.6 27607.0   3050.3  2339.6  2527.8
   542 463.532  -0.000 463.532   599373.7 252245.3 156066.0 24755.4   3913.9  2200.3  3277.2
   543 -241.907   0.001 -241.905   426611.8 221734.1 92099.2 25063.6   3002.3  2238.4  2263.0
   544 -137.207   0.001 -137.206   398790.4 189696.4 79218.8 15756.0   3904.7  2114.9  2700.5
   545 -28.845   0.001 -28.844   370019.5 241323.9 120170.8 24589.8   3137.5  2182.6  2721.7
   546  55.495  -0.000  55.494   452547.4 230210.4 104529.1 23835.2   5149.8  2146.9  3885.9
   547  -8.976  -0.000  -8.976   490509.7 253011.1 112796.4 23744.4   3675.7  2350.4  3331.0
   548  59.052  -0.001  59.051   527467.7 243254.4 143083.2 33679.8   3976.7  2128.3  3367.1
   549  79.753  -0.000  79.752   473764.0 227948.5 109493.3 28396.5   2835.3  2194.6  2212.9
   550 -283.279   0.001 -283.279   379912.7 241662.3 99518.2 11101.4   3523.0  2148.3  1982.4

         Carbon flux (ktC/yr)        Water (dam3/yr)                Nitrogen (MgN/yr)
       ----------------------- -------------------------- --------------------------------
Spinup NEP     estab   NBP     transp     evap    interc  nuptake ndemand  nlosses ninflux
------ ------- ------- ------- ---------- ------- ------- ------- -------- ------- -------
   551 123.113  -0.000 123.112   493688.5 205044.3 146069.1 30618.9   3654.1  2274.5  2980.8
   552 143.272  -0.000 143.272   454935.1 219685.5 127298.9 22712.6   2822.0  2157.0  2459.0
   553  66.206  -0.001  66.205   553736.7 241558.6 154941.7 36186.5   3636.9  2354.7  3133.5
   554 248.069  -0.001 248.069   518857.3 199271.1 108520.3 25266.4   3726.5  2174.7  2699.1
   555 207.197   0.000 207.198   464456.5 253341.6 140494.5 27031.7   1915.2  2197.6  1621.3
   556 255.157  -0.000 255.157   510533.7 227564.8 133148.9 25542.6   3356.3  2159.6  2647.6
   557 -84.283   0.001 -84.282   442080.1 246888.6 109816.7 21255.4   2474.8  2264.6  1622.4
   558 -143.052   0.000 -143.052   464239.0 229949.4 139923.3 22699.7   2907.3  2203.2  2045.4
   559 391.599  -0.000 391.599   564045.5 251160.7 153103.4 29512.3   3973.1  2220.9  3327.5
   560 -178.729   0.003 -178.726   482487.4 260728.9 129687.2 20471.7   2660.3  2251.6  2221.4
   561 248.597  -0.002 248.595   556193.2 212672.2 141743.2 28799.4   2973.7  2254.2  2470.6
   562  47.356  -0.000  47.356   533125.0 237092.9 112834.6 30750.7   2790.1  2183.4  2271.0
   563 -54.174   0.002 -54.172   454937.4 255762.7 126831.3 26060.2   3057.5  2128.6  2288.5
   564 116.078  -0.001 116.077   560892.5 216736.6 152802.8 25994.0   4231.3  2136.0  3117.8
   565  49.857  -0.000  49.857   518950.4 205602.5 108260.1 24379.4   3323.8  2197.8  2324.6
   566 113.565  -0.000 113.564   554382.4 258641.2 121710.5 31383.3   2445.8  2314.6  1780.5
   567 -128.988   0.001 -128.987   444910.7 227504.6 94466.9 25238.8   2018.8  2197.6  1592.6
   568 146.859  -0.001 146.858   538870.8 200633.2 150435.2 26608.7   3906.4  2203.6  2860.1
   569  88.021   0.001  88.022   562924.7 243697.8 139809.4 23995.4   2666.1  2306.7  2078.4
   570 -35.083  -0.001 -35.083   524089.9 211216.2 110363.7 28089.0   2648.8  2434.8  1892.7
   571 -92.905  -0.000 -92.905   512695.0 216349.6 112859.9 27083.6   2061.9  2451.7  1344.4
   572 -541.331   0.001 -541.330   437722.6 231546.0 97362.0 16577.8   1336.0  2405.9   979.9
   573 -277.938   0.000 -277.937   462182.9 220608.3 88896.5 37718.9   1865.6  2351.4  1566.0
   574 -27.956   0.000 -27.956   431205.9 213276.0 125180.5 20532.0   3108.9  2275.6  2291.6
   575 -531.926   0.000 -531.925   425987.4 224741.1 89665.9 27583.5   2857.8  2613.3  1772.6

         Carbon flux (ktC/yr)        Water (dam3/yr)                Nitrogen (MgN/yr)
       ----------------------- -------------------------- --------------------------------
Spinup NEP     estab   NBP     transp     evap    interc  nuptake ndemand  nlosses ninflux
------ ------- ------- ------- ---------- ------- ------- ------- -------- ------- -------
   576 -138.934   0.000 -138.934   431578.5 187971.5 94404.2 24257.2   2871.3  2331.4  1930.5
   577 254.561  -0.001 254.560   535793.1 246985.5 139509.8 29815.4   3386.2  2364.4  2837.9
   578 -193.071   0.002 -193.069   428824.7 242571.3 110517.9 28105.6   1970.7  2385.1  1375.4
   579 -191.226  -0.001 -191.227   466254.4 210424.1 142849.6 21229.1   4572.4  2228.3  3124.9
   580 -29.918   0.000 -29.918   439023.8 213855.0 86243.6 25480.7   3101.7  2234.3  2506.3
   581 -104.169  -0.000 -104.169   456619.4 198154.7 91422.6 24375.2   3741.8  2291.1  2730.4
   582 -269.434   0.000 -269.434   404346.7 233420.0 105505.9 18978.2   2668.3  2258.0  1907.6
   583 102.165   0.001 102.166   499097.1 231609.9 103328.7 28459.8   2895.0  2312.5  2338.7
   584 210.319   0.002 210.321   522623.8 247451.6 99335.8 24202.5   2598.9  2400.0  2155.1
   585  36.937  -0.001  36.935   477358.7 238942.8 97314.9 26085.3   1855.0  2315.2  1677.7
   586 -999.361   0.003 -999.358   322873.3 218775.9 78817.6 12611.9   2701.8  2188.2  1504.3
   587 -236.256  -0.001 -236.257   406797.1 252946.9 73495.6 26683.1   2347.5  2259.0  1803.9
   588 242.960  -0.002 242.958   464325.6 227065.0 92834.4 27806.5   2165.1  2321.3  1960.3
   589 -327.911  -0.000 -327.911   380926.3 213557.9 73581.5 15779.3   1666.1  2304.6  1431.4
   590 112.792  -0.001 112.792   458031.6 192917.1 63317.1 30943.3   1866.2  2181.5  1861.1
   591 382.008  -0.002 382.006   564976.1 214519.9 125138.3 31434.2   2741.3  2180.2  2460.5
   592   8.785  -0.001   8.785   480380.3 232313.5 65603.4 22775.8   2013.2  2111.7  1737.0
   593 234.784  -0.001 234.783   548011.5 216610.0 112769.4 29213.8   2715.4  2210.6  2062.0
   594 270.066  -0.000 270.066   497183.5 243246.0 97459.1 21870.9   2378.0  2214.6  2015.1
   595 423.091  -0.001 423.090   627020.6 225028.4 120959.5 35709.0   2770.9  2270.3  2111.7
   596 -25.879   0.000 -25.879   486255.5 220684.8 103742.5 12889.4   2087.6  2264.5  1680.1
   597 -158.832   0.001 -158.831   471803.3 224108.6 108041.0 27917.8   2311.4  2102.5  1817.3
   598 -55.355   0.000 -55.355   466939.9 246803.5 99797.1 27937.5   3189.3  2152.0  2508.2
   599 -104.017   0.000 -104.017   468830.5 226732.2 86625.0 36476.0   2495.3  2325.3  2042.1
   600 -154.837  -0.000 -154.837   461375.3 198557.6 102537.4 19355.6   4583.9  2232.6  2811.4

         Carbon flux (ktC/yr)        Water (dam3/yr)                Nitrogen (MgN/yr)
       ----------------------- -------------------------- --------------------------------
Spinup NEP     estab   NBP     transp     evap    interc  nuptake ndemand  nlosses ninflux
------ ------- ------- ------- ---------- ------- ------- ------- -------- ------- -------
   601 416.111  -0.001 416.110   617013.0 225203.9 123882.3 31005.2   3216.0  2355.8  2412.6
   602  51.269   0.000  51.270   484950.3 221927.6 95626.7 24595.7   2349.4  2432.4  1956.9
   603 305.050  -0.000 305.050   597613.7 251343.7 155584.7 28065.7   4863.2  2266.9  3728.7
   604 -353.875   0.001 -353.874   419261.0 219271.2 93633.3 22542.2   3063.4  2279.1  2109.9
   605 -102.823  -0.000 -102.823   494917.1 238301.8 152650.6 32057.4   5474.7  2127.3  3706.6
   606 276.688  -0.000 276.687   515142.9 227033.8 124658.5 18514.1   5450.8  2213.9  3754.7
   607 -33.788   0.000 -33.788   503269.0 224827.3 137164.6 18549.4   3473.1  2443.0  2843.2
   608  41.477   0.001  41.479   404734.1 239300.4 132521.1 24546.7   2768.1  2223.9  2491.1
   609 -146.999  -0.000 -147.000   491269.8 223916.7 109998.2 32012.2   4616.9  2087.0  3518.6
   610  77.902  -0.001  77.901   483395.1 242045.8 108534.3 19021.4   5331.3  2127.2  3635.5
   611 276.439  -0.001 276.438   517079.2 195543.0 145524.9 24573.9   3277.7  2161.3  2618.1
   612 -75.068   0.002 -75.066   461401.7 245000.3 109723.0 30700.8   1962.0  2097.3  1557.3
   613 -209.195  -0.001 -209.196   481947.1 237356.8 152209.7 29148.2   4465.1  2027.5  3293.3
   614 -28.369  -0.000 -28.369   473426.8 229408.8 111113.2 30425.4   3238.3  2041.9  2375.5
   615 -168.511   0.000 -168.511   468132.9 217200.7 120828.8 27692.4   3648.6  2037.8  2567.1
   616 265.401  -0.001 265.400   557684.7 210220.4 152602.9 26573.3   4920.9  2067.6  3516.0
   617 178.312   0.003 178.315   483334.6 257688.3 124786.7 27251.0   1625.7  2095.2  1167.1
   618 -119.822  -0.001 -119.823   477532.6 235354.5 75144.6 19839.8   2048.3  2091.9  1525.4
   619 -1036.749   0.004 -1036.745   318257.7 218373.8 89411.4  7641.6   1442.0  2202.2   985.6
   620 239.272  -0.002 239.270   547212.2 233533.7 82641.2 45789.7   1762.3  2201.9  1797.0
   621 -126.630  -0.001 -126.631   475975.9 221443.7 76728.5 25579.7   1583.5  2267.5  1473.5
   622 317.994  -0.001 317.993   470525.2 237342.6 90025.5 23123.0   2040.0  2106.3  1628.1
   623 386.965  -0.001 386.964   542129.4 235677.4 115675.0 32528.0   1606.4  2262.5  1263.1
   624 -473.370   0.001 -473.369   395063.0 226310.6 74244.3 16040.5   1158.1  2350.7   865.2
   625 -74.684  -0.001 -74.685   504346.6 238004.7 142364.0 40609.6   2404.8  2204.7  1774.1

         Carbon flux (ktC/yr)        Water (dam3/yr)                Nitrogen (MgN/yr)
       ----------------------- -------------------------- --------------------------------
Spinup NEP     estab   NBP     transp     evap    interc  nuptake ndemand  nlosses ninflux
------ ------- ------- ------- ---------- ------- ------- ------- -------- ------- -------
   626  23.766  -0.000  23.766   496178.0 225824.4 108733.9 29973.1   1950.0  2165.2  1376.7
   627 -139.516   0.001 -139.515   352958.0 233281.1 127660.2 17869.8   2241.3  2145.5  1586.3
   628 -124.454   0.000 -124.454   408520.9 184784.4 72462.7 16963.9   2966.6  2176.3  2280.7
   629 124.821   0.002 124.823   510988.6 245941.6 115365.4 29348.9   2150.3  2275.1  1667.0
   630 361.333  -0.002 361.332   535385.4 192032.6 86793.9 24585.9   1911.4  2326.1  1541.6
   631 -236.423   0.003 -236.419   346018.6 233307.3 119422.8 14814.8   1265.0  2151.0  1090.4
   632 -39.146   0.001 -39.145   441759.5 242240.4 85282.5 30741.1   1396.1  2142.1  1253.5
   633 -210.884  -0.001 -210.885   455576.3 226070.4 91332.8 28224.5   2554.3  2133.8  2146.0
   634 -225.689   0.000 -225.688   424752.6 219991.2 74278.7 17519.8   2658.0  2155.2  2126.7
   635 162.491  -0.001 162.490   477322.7 220974.2 70119.4 33929.8   2068.7  2224.0  1955.2
   636 370.082  -0.002 370.080   594922.5 213990.9 129778.1 28275.9   3303.7  2149.8  2879.6
   637 220.425  -0.001 220.424   576849.0 233185.0 95977.1 24697.6   2134.7  2168.9  1942.7
   638 188.546  -0.000 188.546   528016.7 248308.5 97054.9 27142.2   2011.1  2192.0  1660.3
   639 -818.553   0.006 -818.547   428484.5 221763.5 88772.1 21177.2   1336.0  2680.1   887.0
   640 150.827  -0.003 150.824   474339.1 241200.3 87983.2 31524.2   1656.5  2436.2  1350.2
   641 532.571  -0.001 532.570   651768.0 225430.3 113495.8 34949.6   1800.5  2445.8  1252.8
   642 -343.318   0.001 -343.317   441490.1 216993.4 93012.5  6354.3   1393.3  2432.6  1029.9
   643 355.677  -0.000 355.677   611451.0 232826.2 131469.8 40297.8   1865.6  2388.3  1403.5
   644 640.352  -0.001 640.351   673987.2 224688.0 123635.1 25557.0   2804.2  2442.4  2092.6
   645 430.662   0.000 430.662   577602.5 229975.5 135492.4 19986.8   2602.8  2430.6  2072.4
   646  51.443   0.007  51.450   529127.2 239948.8 119871.9 21145.2   2544.2  2409.5  2013.5
   647 273.924  -0.003 273.921   546282.1 201531.1 142157.0 21558.4   2935.7  2393.3  2406.5
   648 -56.596   0.000 -56.596   508177.6 242000.2 112984.6 22393.2   3635.9  2220.5  2812.2
   649 -206.341   0.003 -206.338   521402.6 236344.5 128495.6 20860.9   3256.2  2233.0  2352.8
   650 -27.296  -0.002 -27.297   596123.0 234427.8 127803.7 27120.1   3282.2  2464.5  2739.3

         Carbon flux (ktC/yr)        Water (dam3/yr)                Nitrogen (MgN/yr)
       ----------------------- -------------------------- --------------------------------
Spinup NEP     estab   NBP     transp     evap    interc  nuptake ndemand  nlosses ninflux
------ ------- ------- ------- ---------- ------- ------- ------- -------- ------- -------
   651 263.998  -0.001 263.997   599265.9 208141.7 141314.0 25723.9   3189.0  2627.7  2572.6
   652 -42.362   0.000 -42.362   508641.5 251062.6 101414.2 17615.2   2823.6  2600.7  2051.0
   653 -61.758   0.000 -61.758   498214.9 202798.2 104881.4 19935.5   2899.0  2587.3  2422.1
   654 -861.642   0.005 -861.637   321309.5 210651.1 86006.5 11844.5   1759.3  2452.1  1206.2
   655  11.580  -0.002  11.579   445658.6 229210.5 94176.1 30570.5   2810.7  2432.6  2490.6
   656 -268.898  -0.000 -268.898   415743.8 216937.7 72218.9 14736.6   2782.0  2416.5  2300.6
   657 281.526  -0.001 281.525   533007.1 230210.0 95237.1 30323.0   2917.6  2418.8  2787.3
   658 -101.595  -0.000 -101.595   462829.1 214047.1 81236.9 15495.3   2147.8  2495.3  1848.4
   659  82.865  -0.001  82.865   521889.5 204893.4 131154.8 29880.5   2655.6  2254.7  2280.9
   660 -42.540  -0.000 -42.540   546750.5 230541.4 100385.9 27747.5   2871.3  2254.5  2649.3
   661  16.604  -0.001  16.603   504477.0 227145.5 100604.6 32417.2   2889.3  2253.9  2229.2
   662 -545.511   0.005 -545.506   380631.6 197075.2 91678.3  9735.3   3105.6  2291.0  1619.0
   663  86.767  -0.003  86.764   478917.2 204804.4 67933.8 28719.3   1824.5  2412.1  1575.9
   664 729.805  -0.001 729.803   645807.9 244256.6 130427.3 32208.3   2943.3  2363.3  2586.2
   665  30.766   0.000  30.766   457179.8 225076.3 123571.0 21768.9   2295.8  2265.3  1722.1
   666 -97.032   0.000 -97.031   490333.4 248647.3 95430.6 20654.0   3843.4  2229.3  2799.5
   667 -129.930   0.000 -129.930   450741.2 221408.1 105359.9 32888.4   2396.7  2343.9  1669.3
   668 -111.878   0.000 -111.877   414374.6 216667.9 115639.5 14694.8   3974.1  2211.7  2655.8
   669 -142.524   0.001 -142.524   407412.3 202103.9 84969.6 23393.7   2541.7  2359.9  1914.4
   670 -573.550   0.001 -573.549   366844.8 221521.5 79426.3 17920.4   2892.5  2221.4  2074.9
   671  18.554  -0.000  18.553   444671.6 189136.6 66781.7 28975.1   2584.5  2236.6  2382.8
   672 376.894  -0.001 376.892   566541.8 208643.6 131691.1 29299.2   3282.8  2262.6  2847.5
   673 278.815  -0.001 278.814   591412.8 240359.8 146098.5 30824.9   3019.7  2212.6  2651.2
   674  86.777   0.000  86.777   489126.2 187937.5 81183.6 13593.9   2604.8  2276.3  2201.7
   675 -177.705   0.001 -177.703   445147.9 211263.5 85026.2 29835.2   2322.6  2310.7  1907.2

         Carbon flux (ktC/yr)        Water (dam3/yr)                Nitrogen (MgN/yr)
       ----------------------- -------------------------- --------------------------------
Spinup NEP     estab   NBP     transp     evap    interc  nuptake ndemand  nlosses ninflux
------ ------- ------- ------- ---------- ------- ------- ------- -------- ------- -------
   676 141.846   0.002 141.848   494271.7 237805.5 103658.9 22944.0   4146.0  2252.9  2749.3
   677 122.896  -0.001 122.895   478768.5 194012.1 71652.0 17510.9   2609.2  2454.2  2330.6
   678  73.032  -0.001  73.031   516961.5 228481.7 116383.0 22723.0   2868.4  2297.8  2467.3
   679 324.888  -0.001 324.888   536561.3 190043.7 134935.1 24539.2   3295.3  2265.5  2842.9
   680  87.257   0.000  87.257   468845.1 222610.9 120817.3 19796.3   2782.5  2285.8  2592.9
   681 -200.115   0.001 -200.114   469935.2 222337.7 81230.8 30885.7   3020.4  2645.0  2610.8
   682  96.080  -0.001  96.079   474971.9 225010.5 112116.0 20623.8   5183.6  2341.8  3624.0
   683 -75.773   0.000 -75.773   438955.7 186467.9 74889.4 16565.0   2975.2  2519.1  2561.0
   684 -102.993  -0.000 -102.993   503533.1 229239.3 101351.4 33116.7   3189.7  2323.4  2863.0
   685  14.513  -0.001  14.513   514351.0 233271.5 117958.7 21786.6   4245.0  2323.2  3229.8
   686 562.540  -0.001 562.539   610113.9 246933.9 138427.9 26279.1   3882.1  2434.5  3379.6
   687 -86.616   0.005 -86.611   520590.1 250134.1 128413.8 17941.2   2548.9  2691.8  2074.1
   688 -64.153  -0.002 -64.155   489316.2 204783.0 75644.8 22258.7   1987.4  2705.1  1797.4
   689  31.088   0.000  31.088   427289.2 240810.0 121204.5 24052.2   2212.9  2540.8  2057.4
   690 128.110  -0.001 128.110   530645.4 195591.4 133956.8 25916.3   4001.0  2453.6  3166.6
   691   5.238  -0.001   5.238   533263.2 232340.3 123160.5 21123.3   3021.6  2629.9  2591.7
   692   1.366   0.000   1.366   479219.4 247435.2 95422.6 20803.3   2956.7  2437.9  2114.4
   693 -322.197   0.001 -322.196   408159.4 242451.3 95132.7 18608.8   2573.0  2381.9  1627.3
   694 -82.314   0.000 -82.314   463605.3 199250.6 96953.0 23626.7   2899.4  2350.0  2470.6
   695 -727.188   0.002 -727.187   326486.3 208844.3 82379.9 13913.8   1646.3  2251.2  1195.2
   696 181.145  -0.001 181.144   483312.2 180281.8 76334.8 32213.6   2850.3  2227.9  2441.2
   697 -168.621  -0.000 -168.622   450249.6 219292.8 89242.6 21794.9   2351.0  2166.7  2071.5
   698 -373.856   0.000 -373.856   407127.8 215543.0 79388.1 21076.4   1982.6  2253.1  1632.3
   699 318.416  -0.001 318.415   550185.2 201641.5 91116.6 31909.1   2768.5  2188.9  2651.0
   700  48.076  -0.001  48.076   508456.0 225393.1 96500.2 26025.8   2058.2  2175.7  1720.0

         Carbon flux (ktC/yr)        Water (dam3/yr)                Nitrogen (MgN/yr)
       ----------------------- -------------------------- --------------------------------
Spinup NEP     estab   NBP     transp     evap    interc  nuptake ndemand  nlosses ninflux
------ ------- ------- ------- ---------- ------- ------- ------- -------- ------- -------
   701 -53.322   0.005 -53.317   461492.9 235930.1 81139.0 29443.9   1729.8  2278.1  1501.8
   702  32.395  -0.003  32.393   536774.2 236182.4 104285.8 33755.6   3161.3  2188.5  2575.8
   703 626.389  -0.001 626.388   639603.4 251530.9 144085.5 24211.4   4567.6  2272.0  3627.3
   704 287.433  -0.000 287.433   524548.4 224826.5 130813.0 16808.5   2878.8  2310.9  2241.9
   705 -52.924   0.000 -52.923   529437.6 216498.7 128795.4 33733.4   2605.1  2302.6  2060.1
   706 129.173  -0.000 129.173   502450.2 224506.3 128633.8 18565.8   4230.9  2185.4  3087.9
   707 -29.922   0.001 -29.921   401941.1 237293.9 134236.9 22161.2   2649.1  2319.9  2143.2
   708 -70.861   0.006 -70.855   487045.4 243772.1 104366.0 21684.2   3861.4  2125.6  2854.7
   709 -84.930  -0.003 -84.932   466724.6 225532.7 85027.4 16904.7   2766.9  2246.7  2322.6
   710 290.704  -0.001 290.703   554382.5 249979.0 127210.5 27430.7   3609.4  2102.6  3165.5
   711 -24.864   0.000 -24.864   491253.8 206508.2 96152.2 17719.2   3297.4  2151.9  2787.0
   712 -32.214  -0.001 -32.215   508651.9 208017.8 137015.9 30021.4   3280.3  2061.4  2708.4
   713  27.507  -0.000  27.507   469899.5 229895.1 118126.2 25460.1   3005.1  2060.1  2614.4
   714 -19.471  -0.001 -19.471   554303.4 222701.2 113854.9 33652.4   3624.0  2103.2  2986.8
   715 238.028  -0.000 238.028   555710.1 204604.3 103602.0 18294.5   4017.0  2079.8  3200.3
   716 -480.382   0.002 -480.380   397029.0 225725.7 74495.3 18455.4   1549.5  2102.7  1136.8
   717 -348.532   0.001 -348.532   342749.7 237771.7 119485.8 22258.0   1984.2  2062.9  1542.8
   718 -208.361  -0.000 -208.361   420443.7 242262.9 85004.2 25877.5   3260.3  2071.8  2226.6
   719 -28.128   0.002 -28.126   487875.4 242441.9 113498.8 25870.5   1775.4  2189.1  1299.0
   720 -42.145  -0.002 -42.146   492236.5 222433.4 73075.4 27147.4   1682.7  2228.0  1559.7
   721 -293.064   0.000 -293.064   405504.8 211251.5 80025.1 13191.0   2041.0  2068.1  1544.2
   722 -188.794   0.000 -188.794   428018.6 215755.5 77591.9 26592.4   1760.6  2098.3  1543.5
   723  45.724   0.003  45.727   510148.4 284578.7 97992.7 33494.6   1964.2  2095.9  1971.9
   724 -123.878  -0.002 -123.880   463501.1 220680.0 72621.1 24756.7   1891.4  2094.2  1673.1
   725 360.014  -0.002 360.013   498223.2 225331.7 103118.0 23283.4   2960.7  2101.4  2457.7

         Carbon flux (ktC/yr)        Water (dam3/yr)                Nitrogen (MgN/yr)
       ----------------------- -------------------------- --------------------------------
Spinup NEP     estab   NBP     transp     evap    interc  nuptake ndemand  nlosses ninflux
------ ------- ------- ------- ---------- ------- ------- ------- -------- ------- -------
   726 -197.274   0.001 -197.274   429409.5 212484.2 76970.3 23124.5   1859.4  2238.0  1580.9
   727  75.886  -0.000  75.885   432856.7 236537.1 83591.9 23159.2   3343.1  2007.7  2489.3
   728 163.743  -0.001 163.742   490788.7 251074.6 85014.0 32303.5   2488.4  2072.6  2119.1
   729 149.416  -0.001 149.415   543287.3 245064.0 104545.0 28036.9   1930.6  2262.8  1469.0
   730 194.858  -0.001 194.857   574409.6 231953.3 151783.7 34404.0   2051.1  2141.4  1537.4
   731 156.196  -0.000 156.195   603023.8 215224.4 126647.1 30451.5   2508.5  2150.5  1905.6
   732 137.029  -0.000 137.029   583872.0 232318.2 167586.2 33012.0   3592.8  2163.7  2688.1
   733 543.156  -0.000 543.156   647192.6 246334.1 165074.8 22542.6   4588.2  2212.5  3547.5
   734 -412.663   0.007 -412.656   418617.4 246791.9 114727.7 10075.0   2839.1  2216.9  1556.0
   735 -109.221  -0.002 -109.224   436680.0 239952.6 114685.7 25064.9   2994.4  2241.0  2049.0
   736 -682.355   0.002 -682.353   333448.8 212420.5 87266.1 11274.0   2325.7  2167.6  1550.8
   737 324.936  -0.001 324.935   537150.6 218396.2 100912.9 34322.8   3499.5  2223.0  2908.7
   738  70.883  -0.000  70.883   521767.9 229562.0 100212.3 27704.9   2964.5  2310.0  2623.5
   739 153.548  -0.001 153.547   562908.8 224469.7 110114.8 33113.2   3629.4  2134.8  3027.5
   740 -485.226   0.005 -485.220   425657.1 212927.1 85849.7 15929.0   3357.6  2345.2  2041.1
   741 -724.669  -0.001 -724.670   371574.8 214818.6 81436.6 18997.8   1998.6  2710.9  1282.3
   742 565.280  -0.002 565.278   572127.3 211557.7 107209.3 40986.9   2973.2  2419.2  2173.3
   743 887.307  -0.001 887.306   663469.4 244493.4 145046.8 27518.8   2936.2  2474.9  2440.7
   744 384.385  -0.000 384.384   584880.3 206871.1 164071.2 21823.9   2849.4  2199.0  2223.9
   745  85.054   0.000  85.054   574655.0 220702.3 134360.6 34111.8   2796.6  2183.4  2336.8
   746 -107.540   0.001 -107.539   528331.3 233660.5 121929.8 32181.7   4402.7  2162.6  3129.3
   747   3.707   0.001   3.707   467546.4 195854.0 85907.5 15290.0   4070.8  2224.5  2893.8
   748  18.621   0.002  18.623   435027.5 245055.6 122815.6 30494.1   2763.9  2274.6  2138.5
   749  79.253  -0.001  79.252   459193.3 223912.6 123412.8 15433.8   3685.9  2218.6  2956.6
   750 181.911  -0.000 181.910   528861.5 233514.4 119246.9 22835.4   3636.9  2688.4  3247.5

         Carbon flux (ktC/yr)        Water (dam3/yr)                Nitrogen (MgN/yr)
       ----------------------- -------------------------- --------------------------------
Spinup NEP     estab   NBP     transp     evap    interc  nuptake ndemand  nlosses ninflux
------ ------- ------- ------- ---------- ------- ------- ------- -------- ------- -------
   751 -78.033   0.000 -78.033   522149.2 231318.9 109546.7 31668.4   3115.2  2510.4  2734.7
   752 -71.743   0.002 -71.740   444169.3 252543.0 116029.4 23410.2   3857.2  2304.7  2927.1
   753  52.980  -0.001  52.979   476172.3 225319.7 80215.4 26929.0   3294.3  2330.2  2775.4
   754 -99.273   0.002 -99.270   438590.7 247826.2 114226.3 22352.1   3811.5  2320.1  2733.6
   755   2.501  -0.001   2.500   499394.7 255645.2 90176.0 20149.2   4147.7  2290.6  3046.1
   756 -71.329   0.001 -71.328   528562.7 228710.0 128533.2 19051.1   3123.6  2447.1  2568.7
   757 -18.741   0.001 -18.740   457300.4 254332.3 119974.6 26302.7   2346.8  2390.6  2429.6
   758 -184.531   0.001 -184.530   449168.2 191510.3 72484.6 21365.7   3411.6  2231.6  2880.7
   759 -119.207   0.000 -119.207   512599.9 233913.9 98264.1 32082.5   3548.4  2257.0  3079.5
   760 206.824  -0.001 206.824   546754.0 205598.8 133136.8 21423.7   4863.2  2251.1  3550.1
   761 -24.284  -0.000 -24.285   534956.5 236899.4 104705.0 27577.6   3224.5  2248.8  2847.2
   762   7.852  -0.001   7.852   469149.4 228409.1 121722.3 16639.6   3523.1  2232.0  2993.1
   763 -116.736  -0.001 -116.737   552307.6 240970.1 106036.9 34008.2   3051.0  2535.1  2772.2
   764 -51.225  -0.001 -51.226   532661.1 237486.1 126909.0 21827.7   3971.5  2349.3  3084.0
   765  47.490  -0.000  47.490   546276.3 230224.2 110020.7 30082.8   3076.0  2488.7  2577.6
   766 -52.250   0.000 -52.249   476894.6 197672.0 80305.5 16137.1   3161.5  2389.1  2618.8
   767 409.983  -0.001 409.982   613116.6 253820.4 143646.8 30802.9   3782.5  2453.3  3220.0
   768 -311.950   0.001 -311.949   442768.2 222511.3 86756.9 23070.6   2669.9  2390.4  2017.5
   769 -38.331  -0.000 -38.331   521466.8 214402.0 143932.1 22572.8   5084.0  2249.0  3466.4
   770 121.981  -0.000 121.981   518961.2 233666.6 118097.0 21429.5   3915.3  2311.9  3278.9
   771 -93.776   0.001 -93.775   454830.9 244206.1 96969.3 19739.0   3315.9  2470.9  2831.9
   772 -54.612  -0.000 -54.612   502882.0 258835.7 91664.5 31727.7   2608.4  2302.1  2401.0
   773 -444.147   0.000 -444.147   453213.1 232853.3 68936.1 24757.2   1534.4  2402.5  1196.8
   774 -385.755   0.001 -385.754   357174.8 244357.2 118492.3 18762.3   1823.5  2237.3  1475.6
   775 -293.391   0.000 -293.391   416714.5 206265.6 79032.2 27079.5   2622.0  2255.0  1970.3

         Carbon flux (ktC/yr)        Water (dam3/yr)                Nitrogen (MgN/yr)
       ----------------------- -------------------------- --------------------------------
Spinup NEP     estab   NBP     transp     evap    interc  nuptake ndemand  nlosses ninflux
------ ------- ------- ------- ---------- ------- ------- ------- -------- ------- -------
   776 -26.893  -0.001 -26.894   506507.1 217664.7 89282.6 23419.3   3249.5  2284.8  2893.0
   777 -182.263   0.001 -182.262   424816.2 228331.0 109621.6 22865.4   1848.9  2278.6  1368.7
   778 219.990  -0.001 219.989   538407.1 234092.2 108603.3 26622.2   2817.7  2314.1  2636.6
   779 157.385   0.001 157.387   546969.5 241714.4 103167.1 22979.0   2488.8  2425.0  2216.3
   780  -5.167  -0.000  -5.167   488390.5 258797.5 88563.9 17476.0   2624.6  2294.6  2111.2
   781 -181.821   0.001 -181.821   422070.1 223995.8 77263.3 26642.7   2258.4  2283.3  2080.8
   782 -297.743   0.000 -297.743   436266.4 253449.2 83388.5 22227.0   3809.1  2160.5  2658.7
   783 -169.027  -0.001 -169.028   512956.2 244203.1 130281.0 31192.8   3984.3  2230.9  3270.1
   784 -65.325  -0.001 -65.326   533640.7 235688.4 97974.5 27248.2   3619.2  2143.8  3012.2
   785  91.883  -0.001  91.882   490743.0 235450.9 113749.7 22572.2   3421.8  2153.0  2725.2
   786 -112.856   0.000 -112.855   484047.0 216995.6 81568.1 26912.1   2443.5  2191.8  1996.1
   787 424.385  -0.001 424.384   589186.6 247476.7 135367.1 26252.4   4729.0  2141.1  3572.1
   788 -254.487   0.001 -254.486   432196.4 248851.5 97372.6 12178.1   2993.6  2180.0  1812.7
   789  92.774   0.000  92.774   524138.1 220589.3 111300.5 26708.4   3119.1  2220.7  2387.8
   790 -75.807  -0.000 -75.807   536724.7 232436.1 104701.6 29262.7   3039.5  2195.2  2631.1
   791 -56.106  -0.000 -56.106   544997.1 238215.1 104240.2 32082.1   3990.5  2077.1  3034.8
   792  65.174  -0.001  65.173   550382.2 234728.5 126339.6 20455.0   4085.1  2134.2  2977.1
   793 222.945  -0.001 222.944   598499.5 238660.4 154735.5 30263.6   3294.0  2162.0  2820.0
   794 109.057   0.000 109.057   584742.8 255131.8 130757.2 24547.1   3402.3  2096.4  2824.4
   795 -101.398   0.000 -101.397   499759.8 232912.7 119429.3 31816.1   2685.7  2100.4  1817.4
   796 -37.333   0.000 -37.333   519425.6 206158.7 155449.9 20574.5   4723.8  2059.4  2932.4
   797 109.581   0.000 109.581   520364.5 184469.3 103576.7 20620.2   3500.6  2063.6  2676.9
   798 -976.660   0.007 -976.653   309138.5 205620.1 91312.6  5565.1   1509.4  2072.2   958.2
   799 143.288  -0.002 143.285   433125.2 250801.9 95939.8 31057.8   1982.1  2086.4  2104.1
   800 -475.358  -0.000 -475.359   413070.5 215512.3 67704.5 20896.8   3125.6  2063.8  2175.8

         Carbon flux (ktC/yr)        Water (dam3/yr)                Nitrogen (MgN/yr)
       ----------------------- -------------------------- --------------------------------
Spinup NEP     estab   NBP     transp     evap    interc  nuptake ndemand  nlosses ninflux
------ ------- ------- ------- ---------- ------- ------- ------- -------- ------- -------
   801 396.617  -0.002 396.615   554855.3 196797.8 120238.4 32095.4   2550.3  2140.1  2137.8
   802 205.053  -0.000 205.052   489585.6 220791.3 76896.4 22721.7   1855.9  2155.2  1761.0
   803 106.324  -0.000 106.324   475124.0 218533.7 118001.6 22858.9   2226.6  2085.8  2122.7
   804 351.187  -0.001 351.186   618494.7 222393.0 113831.1 27527.9   3342.2  2292.7  2805.3
   805 387.117  -0.000 387.117   580865.1 191875.6 148313.1 22385.3   2992.4  2238.0  2516.2
   806  25.606   0.001  25.608   444290.3 245481.2 131498.4 20881.8   2374.1  2066.7  2264.0
   807 -196.084   0.000 -196.084   522854.1 232745.9 103790.2 29603.4   3586.4  2001.3  2982.0
   808 -219.749   0.000 -219.748   468961.1 231420.3 67654.8 20999.5   3615.7  2032.3  2614.7
   809 -128.393  -0.001 -128.394   511515.1 252065.3 118149.6 30373.3   3199.8  2095.0  2552.3
   810 -168.771   0.000 -168.771   469213.0 249350.3 98209.3 15950.1   2463.2  2113.7  1606.3
   811 -160.756   0.000 -160.755   443898.5 221907.2 108292.6 31981.7   1705.9  2203.7  1197.3
   812 -1043.168   0.015 -1043.153   296843.4 207433.4 85345.3   951.3   1729.3  2140.1   979.5
   813 560.406  -0.008 560.397   555137.1 230350.5 84447.5 40143.5   2361.2  2179.9  2022.5
   814 239.216  -0.001 239.215   506383.1 226314.3 89102.7 26318.4   1609.8  2152.9  1486.4
   815 -667.644   0.002 -667.643   336176.1 207552.7 79050.3  5553.1   1773.6  2041.3  1227.7
   816 -416.106   0.000 -416.106   410572.3 212264.5 65233.4 29665.9   1859.3  2137.0  1529.0
   817 -135.648  -0.001 -135.648   431684.1 194883.9 78853.4 26822.5   1740.9  2244.8  1294.7
   818 381.162  -0.002 381.160   608109.5 232850.6 96145.7 41990.0   1455.2  2308.9  1391.5
   819 -196.372   0.000 -196.371   466922.7 216795.6 89931.2  6521.8   1432.1  2203.7  1100.8
   820 -541.733   0.002 -541.731   363383.7 204518.8 81565.4 15926.5    901.5  2600.0   748.8
   821 195.809  -0.001 195.808   457971.9 230952.3 100998.1 33966.2   1260.7  2508.8  1432.9
   822 558.144  -0.002 558.142   632274.3 243940.7 127946.9 39835.1   2205.6  2417.7  1962.6
   823 -200.296   0.001 -200.295   449180.2 214688.7 85947.0  5774.9   1784.2  2281.8  1385.0
   824 -104.769   0.000 -104.769   443763.9 225422.0 65492.4 30637.3   1413.3  2287.2  1151.7
   825 -688.687   0.002 -688.685   352438.3 223368.3 64347.8 12067.6   1541.0  2304.6  1132.1

         Carbon flux (ktC/yr)        Water (dam3/yr)                Nitrogen (MgN/yr)
       ----------------------- -------------------------- --------------------------------
Spinup NEP     estab   NBP     transp     evap    interc  nuptake ndemand  nlosses ninflux
------ ------- ------- ------- ---------- ------- ------- ------- -------- ------- -------
   826 -225.220  -0.000 -225.220   445273.7 229297.2 85970.1 35935.2   1811.9  2397.0  1541.8
   827 604.342  -0.002 604.340   562076.7 228867.9 96754.8 29168.8   2955.6  2378.9  2553.2
   828  73.604  -0.000  73.604   470459.6 242560.4 88470.4 13028.7   1773.1  2527.2  1257.4
   829 -67.258   0.001 -67.257   419611.5 182301.9 73356.7 18614.4   1429.2  2435.7  1150.8
   830 297.684   0.001 297.685   534132.0 228962.6 98644.0 32626.5   2672.4  2340.3  2209.2
   831 242.553  -0.001 242.552   490611.4 228935.3 108367.4 22578.2   2486.8  2359.0  2226.3
   832  32.070  -0.000  32.070   500856.1 252484.4 86794.1 19516.9   3518.5  2243.6  2726.9
   833 399.770  -0.001 399.769   589550.6 249924.3 130063.2 27442.5   3736.1  2372.8  3245.6
   834 -294.802   0.001 -294.801   414849.3 247550.0 91523.4 13425.7   3101.7  2266.6  2018.3
   835 -411.474   0.001 -411.473   377252.2 242320.9 85493.5 19624.5   2864.8  2274.9  1772.0
   836 -468.284   0.001 -468.283   366290.0 210509.5 68776.5 26154.0   2752.6  2247.2  2041.2
   837 -118.106  -0.001 -118.107   475445.8 220047.3 86806.8 33073.7   4736.2  2090.8  3481.7
   838 515.922  -0.002 515.920   596648.7 249514.8 115160.9 20720.8   5913.8  2182.5  4250.3
   839 106.170  -0.001 106.169   556071.1 241410.6 137451.2 24153.9   3622.9  2205.2  3274.3
   840 507.673  -0.001 507.672   636753.9 249983.8 137612.5 24425.4   3813.9  2172.2  3430.8
   841 -63.502   0.001 -63.501   457001.2 188307.2 79777.8 13752.0   2424.5  2192.1  1983.0
   842 -410.380   0.001 -410.378   393394.9 211235.6 85077.2 19005.3   2216.4  2185.8  1734.6
   843 291.906  -0.001 291.905   517963.5 229083.6 103246.7 33228.8   3217.7  2184.0  2843.4
   844 -290.140   0.001 -290.140   409492.3 210585.2 81714.0 12232.6   2281.4  2299.4  1716.4
   845  97.005  -0.001  97.004   529733.2 230245.9 112486.6 30031.4   2830.6  2177.2  2470.8
   846 -61.719   0.000 -61.718   463113.1 224810.0 65136.3 20746.9   2309.4  2202.0  1860.1
   847 -820.557   0.003 -820.554   320850.1 213439.4 81327.7  8710.6   1703.1  2154.4  1170.0
   848 267.721  -0.001 267.720   442213.4 243966.3 91968.6 33899.8   1930.9  2112.8  2057.0
   849 133.967  -0.000 133.967   424361.7 241845.0 96660.6 22277.1   2768.6  2046.4  2580.7
   850 -69.541  -0.001 -69.542   447180.5 213019.2 74290.0 17064.0   3292.2  2051.2  2671.3

         Carbon flux (ktC/yr)        Water (dam3/yr)                Nitrogen (MgN/yr)
       ----------------------- -------------------------- --------------------------------
Spinup NEP     estab   NBP     transp     evap    interc  nuptake ndemand  nlosses ninflux
------ ------- ------- ------- ---------- ------- ------- ------- -------- ------- -------
   851 -462.867   0.001 -462.866   359558.1 205470.1 67903.8 20603.2   1768.1  2068.7  1406.0
   852 -224.826  -0.000 -224.826   387665.9 207990.4 69236.3 15997.2   2668.8  2028.9  2001.3
   853 -1063.020   0.006 -1063.014   284943.1 208428.3 61935.6  9309.0   1801.7  2691.1  1099.9
   854 931.271  -0.005 931.265   609614.3 250638.6 78201.5 51196.3   2217.2  2605.2  2257.0
   855 552.097  -0.002 552.095   518023.2 228185.8 88628.4 15908.6   2250.6  2189.6  2101.3
   856 341.615  -0.001 341.615   567207.5 226394.4 117164.7 27592.7   1626.6  2248.0  1461.9
   857 155.338  -0.000 155.337   516403.8 238150.4 111454.2 27895.3   2082.5  2171.8  1798.1
   858 -557.941   0.001 -557.941   441702.5 214259.5 82072.2 18548.9   2361.7  2199.4  1685.4
   859 409.280  -0.001 409.279   594870.6 212138.4 108869.0 37221.5   3199.8  2226.8  2487.2
   860 276.584   0.000 276.585   512056.4 228057.6 121305.5 23299.3   2197.4  2250.3  1649.8
   861 132.407   0.001 132.408   466752.7 242372.2 126122.7 21196.3   2464.1  2096.8  2195.4
   862 -19.918   0.000 -19.918   464785.3 225997.0 118002.6 29489.3   3514.7  2090.5  2690.4
   863 313.840  -0.001 313.839   613668.6 221261.3 113613.4 22311.6   5004.2  2182.9  3601.5
   864 182.236  -0.001 182.236   608883.6 238526.2 153045.0 30774.5   3368.4  2319.6  2955.0
   865 516.861  -0.001 516.860   666214.6 249742.8 151423.9 22449.7   4272.8  2144.0  3490.2
   866 -204.922   0.001 -204.921   456011.9 187894.9 85813.3 10839.1   2316.6  2188.8  1679.1
   867 -508.924   0.002 -508.922   397294.6 226869.1 72140.2 19820.5   2032.8  2186.9  1487.9
   868 -540.043   0.001 -540.042   361749.7 183911.4 85354.7 16786.1   1992.7  2192.6  1165.6
   869 -293.782   0.000 -293.782   430687.9 218148.6 83719.2 27367.2   2422.9  2149.2  2035.3
   870 -160.654  -0.000 -160.655   448062.2 249315.8 80762.7 23412.5   2854.4  2275.4  2206.3
   871 -269.294   0.000 -269.293   407258.9 240602.1 83178.7 15759.7   2445.8  2303.8  1657.0
   872 166.725  -0.001 166.724   501700.6 190832.7 123176.7 27349.6   2885.8  2290.5  2465.0
   873 -162.398   0.000 -162.398   437321.3 227371.4 62032.2 23353.3   2264.0  2206.8  1862.7
   874 -96.176  -0.001 -96.176   510213.7 222684.9 120761.8 22826.8   3163.9  2270.7  2465.4
   875  54.693   0.000  54.693   507862.7 244557.7 94877.6 35294.3   1941.1  2337.8  1530.8

         Carbon flux (ktC/yr)        Water (dam3/yr)                Nitrogen (MgN/yr)
       ----------------------- -------------------------- --------------------------------
Spinup NEP     estab   NBP     transp     evap    interc  nuptake ndemand  nlosses ninflux
------ ------- ------- ------- ---------- ------- ------- ------- -------- ------- -------
   876 -182.230  -0.000 -182.230   477053.1 222007.9 100952.1 22608.4   2997.9  2210.4  2301.4
   877 164.708  -0.001 164.707   582930.8 232129.4 124741.7 22646.0   3858.6  2275.9  3081.1
   878 355.508  -0.001 355.507   613462.8 211705.7 99171.2 22810.8   2840.3  2410.3  2682.1
   879   3.275  -0.000   3.275   539174.0 212063.5 119247.8 34260.2   1697.2  2340.5  1203.4
   880 221.062  -0.001 221.061   593991.2 208489.9 153058.7 22548.2   4002.7  2274.4  3091.1
   881 190.659   0.000 190.659   520058.2 231739.5 131640.3 27463.2   2649.8  2252.9  1931.6
   882 382.903  -0.000 382.903   654198.8 251897.9 154481.8 22477.4   4881.1  2341.7  3830.9
   883 -182.958   0.001 -182.957   460711.3 181598.0 106726.9 12069.5   3544.2  2364.8  2417.6
   884 -309.474   0.001 -309.473   480892.2 221512.5 133382.2 21407.7   2926.4  2257.3  2098.5
   885 -198.391  -0.000 -198.391   487152.1 206564.2 94944.8 29285.9   3748.3  2445.3  2865.7
   886 276.541  -0.001 276.540   615637.8 228788.3 114419.2 26599.1   3717.8  2462.8  3045.9
   887 260.089  -0.001 260.088   607327.7 215526.0 152561.8 23447.5   3383.4  2476.5  2951.9
   888 -120.157   0.001 -120.156   495861.9 220394.9 101781.4 13916.9   2723.2  2272.3  2231.2
   889 -349.310   0.001 -349.309   464846.1 224291.7 110077.7 31037.7   2920.6  2252.8  2344.2
   890 -154.720   0.004 -154.716   519351.4 275988.7 110497.0 28070.2   4952.0  2247.1  3582.6
   891 -50.026  -0.002 -50.028   539676.9 240178.4 100266.3 27049.5   4516.3  2266.5  3281.9
   892  35.878   0.002  35.880   541154.7 281255.7 110099.2 23782.1   4181.3  2270.4  3146.8
   893 162.213  -0.002 162.211   603143.7 232146.2 126456.3 17502.3   3271.7  2341.1  2802.3
   894 -26.979   0.000 -26.979   512566.4 203137.4 76678.9 18617.0   2115.4  2482.6  1893.4
   895  56.800  -0.000  56.800   571628.8 221786.3 114869.3 37769.9   2353.4  2427.9  2062.7
   896 136.252  -0.000 136.251   549119.7 207738.4 101459.1 16885.8   3692.8  2305.6  2797.6
   897 -74.702  -0.000 -74.703   530801.0 236696.1 149697.7 33352.1   3031.4  2310.0  2318.7
   898 -27.106  -0.000 -27.106   553224.5 233646.0 102742.1 21650.0   3645.9  2298.2  2958.6
   899 127.093  -0.001 127.092   607599.4 217951.0 149282.7 27295.1   3815.0  2365.8  3043.7
   900  -5.961   0.000  -5.961   582443.5 234411.7 114120.6 28988.7   2995.3  2325.8  2507.1

         Carbon flux (ktC/yr)        Water (dam3/yr)                Nitrogen (MgN/yr)
       ----------------------- -------------------------- --------------------------------
Spinup NEP     estab   NBP     transp     evap    interc  nuptake ndemand  nlosses ninflux
------ ------- ------- ------- ---------- ------- ------- ------- -------- ------- -------
   901 -140.524   0.000 -140.524   499058.8 223090.1 100488.2 14812.1   3650.1  2326.4  2544.2
   902 -188.187   0.001 -188.186   423252.2 217228.5 86374.6 27287.6   2501.6  2301.1  2088.1
   903 -120.943   0.000 -120.943   513980.0 234130.6 121453.0 23396.8   4692.8  2334.3  3304.3
   904   6.855  -0.000   6.855   538758.6 228461.4 104929.4 28809.4   3702.7  2367.9  3021.9
   905 122.691  -0.000 122.691   531606.6 246861.5 108454.5 20696.7   5097.6  2276.4  3674.9
   906  45.669   0.000  45.669   535465.1 255987.4 121173.4 26146.0   3407.3  2285.9  2825.0
   907 255.534  -0.001 255.533   571302.2 200243.1 145636.6 21082.0   3937.2  2292.6  2917.7
   908 -21.940   0.000 -21.939   557356.8 232633.5 113116.4 28636.6   3187.7  2308.8  2718.0
   909 -343.685   0.001 -343.684   430530.6 217944.8 90229.4 13877.8   3666.4  2261.8  2496.6
   910  72.861   0.000  72.862   487825.3 241802.4 93292.9 27605.0   3557.6  2277.5  2912.4
   911 -66.113   0.000 -66.113   487571.2 228560.5 80981.9 32511.7   2691.7  2427.2  2291.0
   912  37.486  -0.000  37.485   494171.1 182433.1 92450.9 16898.7   4286.4  2267.7  3028.3
   913 -264.738   0.001 -264.738   418676.6 227644.1 109056.5 16419.2   2470.7  2259.8  1552.3
   914 -234.344   0.000 -234.344   462997.7 227014.7 119904.6 22598.1   2630.9  2328.0  2044.3
   915  44.949  -0.000  44.949   485509.8 176467.6 88887.9 22449.3   3401.5  2315.6  2919.9
   916 -398.828   0.001 -398.827   361779.3 169132.7 88184.5 15022.4   2321.9  2209.3  1475.5
   917 -351.021   0.001 -351.020   362888.5 211020.7 71258.4 25659.3   2433.9  2202.5  2260.2
   918 -171.087  -0.001 -171.088   513621.1 244626.0 119269.2 35266.4   5127.2  2214.3  3967.2
   919 -204.814   0.000 -204.814   418123.9 216699.7 74715.3 11099.3   3723.4  2226.2  2800.6
   920 354.549  -0.001 354.547   545047.2 196430.6 123595.0 29022.0   3286.1  2281.8  2933.7
   921 383.644  -0.001 383.644   538167.3 230292.6 108698.1 22694.7   2863.6  2314.7  2733.9
   922 111.650   0.000 111.650   463003.5 206035.4 86484.7 22928.9   2395.5  2372.8  1981.8
   923   4.424   0.000   4.425   516126.9 216624.8 97170.1 21850.7   3275.1  2221.7  2973.8
   924 -74.660  -0.001 -74.660   518038.2 236294.6 144490.2 36331.2   3176.9  2216.0  2701.3
   925  73.431  -0.001  73.431   557777.3 221256.9 116517.0 29439.3   3785.9  2218.2  3100.9

         Carbon flux (ktC/yr)        Water (dam3/yr)                Nitrogen (MgN/yr)
       ----------------------- -------------------------- --------------------------------
Spinup NEP     estab   NBP     transp     evap    interc  nuptake ndemand  nlosses ninflux
------ ------- ------- ------- ---------- ------- ------- ------- -------- ------- -------
   926  94.672  -0.001  94.671   560587.9 223481.4 120931.0 30241.8   4106.1  2233.5  3174.0
   927 126.038  -0.000 126.038   577747.1 225907.8 143276.5 15884.8   4209.8  2257.6  3133.4
   928  58.100   0.001  58.101   581652.7 271247.1 130912.6 30853.5   2931.2  2387.6  2410.1
   929 122.247  -0.000 122.246   493026.3 222453.3 136076.7 17994.2   2372.8  2279.6  1987.6
   930 -32.387   0.001 -32.387   493764.6 228815.6 91996.6 31853.5   2607.6  2627.5  2224.6
   931 -67.906   0.000 -67.906   510195.5 243787.7 115527.6 23529.4   5031.9  2283.4  3396.0
   932 -400.378   0.001 -400.378   419022.4 198127.8 103758.3 16991.0   3221.2  2347.3  1818.4
   933 -429.947   0.001 -429.946   420133.8 226915.5 86218.8 21442.7   2069.4  2402.6  1482.5
   934 371.471  -0.001 371.470   597298.8 220470.8 112718.2 32170.0   3386.6  2405.9  2764.5
   935 104.319  -0.000 104.319   542813.8 231460.2 102369.6 23883.0   2802.9  2493.5  2478.5
   936 -55.810  -0.000 -55.810   555513.4 228767.9 120763.1 34417.1   3091.3  2376.1  2597.9
   937 -201.590   0.000 -201.590   455334.7 251403.9 102505.0 15042.5   4113.9  2335.3  2670.5
   938  60.494   0.000  60.494   461219.4 223447.7 121824.3 22427.7   3468.8  2500.7  2692.7
   939  38.563   0.000  38.564   464334.2 224307.9 121538.7 21396.2   3299.5  2517.4  2771.4
   940  -8.220   0.003  -8.217   479756.4 251103.0 103783.1 23965.6   2943.5  2493.1  2299.8
   941 -453.909  -0.000 -453.909   417014.5 223586.8 78701.9 19199.2   3148.5  2401.3  2164.9
   942 -174.651  -0.000 -174.651   416742.1 193676.8 67657.6 22291.0   2570.3  2329.0  2043.9
   943 -627.151   0.001 -627.150   375790.6 216009.7 74240.5 19470.5   2503.5  2360.8  1673.3
   944 124.032  -0.002 124.030   538225.1 242332.8 122526.6 42877.1   3014.6  2346.3  2590.9
   945 257.628  -0.002 257.626   576195.1 245268.7 135836.1 27152.1   3474.7  2335.1  2996.2
   946 -409.178   0.000 -409.178   440163.6 216894.8 86491.6 16964.7   2436.8  2428.3  1653.7
   947 576.347  -0.001 576.346   615866.6 250840.8 136280.4 38056.7   3449.9  2468.7  2911.8
   948 173.403  -0.000 173.403   466866.1 220937.6 127355.9 14713.2   2353.1  2502.7  1960.7
   949 -277.250   0.001 -277.249   436241.3 221977.2 90004.4 19444.6   2295.1  2666.1  1729.3
   950  37.699   0.000  37.700   470156.6 192484.3 76013.1 29042.8   2431.1  2417.9  2084.4

         Carbon flux (ktC/yr)        Water (dam3/yr)                Nitrogen (MgN/yr)
       ----------------------- -------------------------- --------------------------------
Spinup NEP     estab   NBP     transp     evap    interc  nuptake ndemand  nlosses ninflux
------ ------- ------- ------- ---------- ------- ------- ------- -------- ------- -------
   951  75.679   0.000  75.679   449469.0 226876.7 118593.8 28010.7   2891.5  2395.7  2251.8
   952 -89.923   0.000 -89.922   470952.1 222738.2 92208.1 15843.6   3445.4  2352.5  2727.3
   953 -518.614   0.001 -518.612   359429.0 209752.2 79892.8 22974.6   1906.7  2332.7  1395.7
   954 156.310  -0.001 156.309   513106.4 211754.8 126588.0 28389.2   4625.9  2290.4  3403.0
   955 172.162  -0.001 172.162   498161.7 200125.0 92100.9 21040.3   3951.7  2373.6  3013.3
   956 174.839  -0.001 174.838   564956.6 241008.4 125043.4 28667.9   2440.7  2574.0  2035.9
   957 163.696   0.000 163.696   488749.4 188429.2 80729.0 17260.5   2239.5  2553.9  1886.6
   958 123.288  -0.000 123.288   557640.0 237806.7 154637.1 37245.8   3137.7  2523.7  2700.5
   959  -9.872   0.000  -9.872   485889.2 250510.2 100444.6 18006.0   4112.4  2534.7  2942.5
   960 -426.036   0.001 -426.035   385016.8 225440.1 73162.8 17889.1   2668.0  2642.0  1774.8
   961 -668.042   0.001 -668.041   343379.3 225795.3 65846.4 17743.9   2185.0  2520.0  1523.6
   962 -530.347   0.001 -530.346   355215.6 216092.3 78205.8 16518.5   2119.8  2528.5  1479.6
   963 -93.317  -0.000 -93.317   398738.6 228191.7 88324.4 26011.6   2251.1  2492.3  1626.8
   964  -7.621   0.002  -7.619   453835.4 273662.1 92771.6 28326.3   2371.8  2472.0  2243.8
   965 340.886  -0.002 340.884   535750.7 211406.4 82922.3 21926.7   2592.3  2430.0  2568.5
   966  31.583  -0.000  31.583   418065.8 225543.1 105780.3 21766.5   1991.2  2437.1  1568.8
   967  59.630   0.001  59.631   528947.2 266250.9 107063.0 29449.3   3034.2  2433.6  2853.3
   968 117.033  -0.001 117.031   558826.4 228762.4 106589.4 32411.4   2943.9  2445.1  2562.8
   969  91.368  -0.001  91.367   523361.3 235051.8 121907.0 19675.1   3648.7  2444.2  2810.1
   970 305.996  -0.000 305.996   507592.0 178084.5 96067.1 22086.7   2963.1  2421.1  2341.4
   971 -42.407   0.001 -42.406   415897.8 211431.6 122143.8 18007.5   2255.8  2369.1  1967.6
   972 144.018   0.001 144.019   550533.4 241901.9 106939.7 26167.3   3122.7  2701.0  2773.5
   973 145.484  -0.001 145.483   514457.0 186964.8 88978.2 20374.5   3234.4  2528.7  2972.0
   974 -217.475   0.001 -217.474   404808.0 218161.1 77767.6 25368.4   2528.4  2328.9  2271.6
   975 -13.655  -0.000 -13.655   511464.5 209317.5 87303.0 21782.1   4507.6  2319.8  3576.6

         Carbon flux (ktC/yr)        Water (dam3/yr)                Nitrogen (MgN/yr)
       ----------------------- -------------------------- --------------------------------
Spinup NEP     estab   NBP     transp     evap    interc  nuptake ndemand  nlosses ninflux
------ ------- ------- ------- ---------- ------- ------- ------- -------- ------- -------
   976 -51.261   0.001 -51.260   495002.3 262880.0 104804.8 27860.7   3079.2  2330.7  2618.5
   977  60.774  -0.001  60.773   482897.5 188018.8 85525.4 18183.4   3290.2  2325.9  2615.6
   978 -67.582   0.000 -67.582   411915.2 212055.2 112273.4 18641.3   2296.0  2316.9  2044.4
   979  51.062  -0.001  51.061   562149.8 220461.0 131010.6 28488.6   3444.8  2520.8  3177.6
   980 -120.979   0.000 -120.979   474855.8 222476.9 77277.3 27028.4   2761.2  2376.8  2420.4
   981 324.496  -0.001 324.495   566435.0 250308.2 127737.7 23338.6   5271.6  2356.0  3939.5
   982 294.099  -0.001 294.099   578244.9 256731.7 133783.7 20484.0   4492.5  2452.0  3793.6
   983 -120.815   0.001 -120.814   438238.3 210644.9 86671.9 20257.4   3237.9  2402.7  2537.3
   984 -162.749   0.000 -162.749   476132.3 255234.0 101591.7 25775.0   4217.6  2320.7  3228.0
   985 108.233  -0.001 108.232   540654.5 213722.1 135407.4 26694.1   3935.8  2300.7  3186.5
   986 154.639  -0.000 154.639   584138.0 233452.8 128715.2 21719.3   2979.5  2389.8  2604.5
   987  53.566  -0.001  53.565   583882.1 239856.8 100783.0 31423.2   2377.0  2459.1  2188.4
   988 -21.165  -0.000 -21.166   585532.8 240894.4 111659.3 31731.1   2503.9  2445.6  2163.3
   989  81.234   0.004  81.238   571238.3 273186.4 125197.9 26991.2   3134.8  2374.4  2457.0
   990 275.923  -0.003 275.920   546742.3 236705.3 128698.7 19412.0   2610.0  2414.6  2028.2
   991 166.304  -0.000 166.304   518510.2 224878.0 132471.1 21615.2   2493.2  2519.0  1939.1
   992 116.323   0.000 116.323   534013.0 188491.8 154242.3 23249.1   2981.1  2451.5  2286.0
   993 -79.559   0.000 -79.559   549254.7 258071.7 129678.0 28550.5   3402.8  2342.8  2949.5
   994 -59.706   0.000 -59.705   460808.6 226010.2 128176.3 21583.7   3665.0  2295.7  2813.4
   995 -89.941  -0.001 -89.941   568681.1 245598.3 153062.6 35257.5   4667.9  2495.2  3558.5
   996  71.261   0.001  71.262   447467.1 243335.5 131355.8 19211.9   3560.2  2290.4  2676.8
   997 -179.545   0.001 -179.545   444920.9 189276.2 78353.6 18838.5   3986.4  2298.6  2872.3
   998 328.336  -0.001 328.335   581958.1 251822.8 137889.1 29572.7   4607.8  2371.9  3702.1
   999  47.474   0.000  47.474   513612.1 209157.6 102713.2 15468.6   3618.7  2356.5  2969.1
  1000 -187.513   0.000 -187.513   492658.6 217642.9 116295.4 34181.0   2678.7  2288.3  2046.2

         Carbon flux (ktC/yr)        Water (dam3/yr)                Nitrogen (MgN/yr)
       ----------------------- -------------------------- --------------------------------
Spinup NEP     estab   NBP     transp     evap    interc  nuptake ndemand  nlosses ninflux
------ ------- ------- ------- ---------- ------- ------- ------- -------- ------- -------
  1001 -707.214   0.003 -707.212   394912.3 216121.4 87422.3 17819.7   3667.2  2315.4  2086.0
  1002 -45.906  -0.001 -45.908   433383.5 182693.4 87838.8 24961.0   2720.3  2311.7  1921.8
  1003 -546.131   0.001 -546.129   337683.2 167656.0 90511.5 10333.5   1365.7  2282.5   830.2
  1004 -355.903   0.002 -355.902   307285.4 228745.2 105442.9 22695.3   1417.5  2243.5  1295.2
  1005 -341.949   0.000 -341.949   362475.8 213549.1 65916.7 22803.6   2574.0  2244.1  2126.9
  1006 404.143  -0.002 404.141   506386.5 229747.4 88402.5 32472.4   2850.6  2337.9  2751.5
  1007 138.110  -0.001 138.109   523392.8 227985.5 93148.7 27450.3   2506.3  2427.1  2320.2
  1008 314.048  -0.001 314.047   530181.1 243720.8 100609.7 25354.9   3279.7  2254.9  2722.6
  1009 672.694  -0.001 672.693   610069.5 246259.2 139562.2 29983.2   3077.5  2306.0  2679.8
  1010  90.570  -0.000  90.569   549452.7 238648.7 159089.5 26985.3   3063.4  2265.0  2602.4
  1011  47.011  -0.000  47.011   563025.5 221419.5 126992.5 32099.3   3287.2  2252.8  2798.7
  1012 127.098   0.000 127.098   465009.6 219517.1 135834.6 20430.9   3519.2  2251.6  2761.4
  1013  14.961  -0.000  14.961   549382.7 237555.6 116639.7 35344.0   3481.9  2483.1  2817.6
  1014 220.196  -0.000 220.196   485150.2 223061.9 136507.7 18701.2   3562.1  2281.4  2743.5
  1015 128.440  -0.000 128.439   590310.2 225989.6 130070.0 37794.9   3053.2  2668.4  2547.0
  1016 150.534   0.000 150.534   509683.6 186097.8 111749.4 16586.9   3845.9  2285.5  2660.0
  1017 -563.561   0.003 -563.558   362506.8 182898.4 88544.5  9729.5   1091.8  2335.7   717.0
  1018  82.313  -0.000  82.313   436113.1 239148.0 91844.2 31082.3   2388.0  2353.4  2049.2
  1019 154.543  -0.001 154.542   527277.2 215084.7 97049.6 27110.5   3008.7  2388.9  2559.4
  1020 170.061  -0.000 170.061   468514.3 221688.7 120428.2 21722.6   2236.0  2380.1  1669.4
  1021 -61.868   0.000 -61.868   504178.6 225873.2 112052.7 31632.0   2563.4  2434.7  2109.3
  1022 -30.123  -0.000 -30.123   508696.9 233124.9 131210.1 20998.6   4031.0  2358.9  3126.4
  1023  66.412   0.000  66.412   464549.9 189381.7 81443.6 18180.5   2776.6  2438.0  2350.5
  1024  29.016  -0.000  29.016   530133.1 221088.9 118923.2 36937.3   3081.4  2354.3  2567.2
  1025 -301.245   0.001 -301.244   421483.6 230542.4 72697.9 16088.4   3473.2  2265.6  2263.3

         Carbon flux (ktC/yr)        Water (dam3/yr)                Nitrogen (MgN/yr)
       ----------------------- -------------------------- --------------------------------
Spinup NEP     estab   NBP     transp     evap    interc  nuptake ndemand  nlosses ninflux
------ ------- ------- ------- ---------- ------- ------- ------- -------- ------- -------
  1026 -242.974  -0.000 -242.974   459770.1 224170.2 113970.7 34883.0   2721.4  2371.7  1931.8
  1027 -272.987   0.001 -272.986   414148.5 215136.6 83080.3 23156.5   3268.5  2313.2  2347.7
  1028 -336.714   0.001 -336.713   374896.4 225557.1 67328.6 15481.4   3205.0  2258.3  2012.3
  1029   1.118  -0.000   1.118   442982.1 206985.0 92493.4 24566.7   3043.1  2309.6  2509.1
  1030 -447.887   0.001 -447.886   351861.6 224296.1 65546.7 19495.2   1517.8  2321.1  1124.4
  1031 -157.450  -0.000 -157.451   433853.0 231586.6 87116.3 30251.3   2503.0  2358.1  2020.8
  1032 117.931  -0.001 117.930   530306.0 239001.2 97220.6 36353.1   2516.0  2434.0  2217.9
  1033 231.796  -0.001 231.795   533812.7 232894.4 123075.6 21290.3   2902.3  2420.3  2276.1
  1034  76.986   0.000  76.986   464061.5 226636.8 73818.5 24205.2   1813.2  2500.1  1328.3
  1035 -444.950   0.001 -444.949   366256.3 192259.5 80158.3 12644.7   1409.2  2405.5   931.5
  1036 125.906   0.000 125.907   393243.8 239549.9 113794.9 31675.3   2062.1  2393.9  1945.4
  1037 -262.351   0.001 -262.350   384568.1 216716.7 78002.0 21101.4   3050.7  2299.5  2314.0
  1038 337.341  -0.001 337.340   541460.3 216771.0 129504.4 34924.6   3698.6  2349.8  3050.2
  1039 200.237  -0.000 200.237   490070.7 234524.8 102055.0 29813.5   2001.6  2306.3  1579.2
  1040  87.283  -0.000  87.283   416708.2 217929.9 121622.2 15404.8   3140.7  2268.3  2507.2
  1041  60.758   0.001  60.759   531898.1 272217.7 115656.5 31234.5   3109.1  2540.6  2795.5
  1042 155.934  -0.001 155.933   486890.3 244996.2 94722.1 21627.7   3414.7  2273.9  2785.5
  1043 -115.753   0.002 -115.752   484040.9 261345.1 101124.8 38570.9   1679.4  2428.7  1207.6
  1044 -137.075  -0.000 -137.075   407604.0 227030.4 118369.7 14462.1   2611.8  2292.7  1692.3
  1045 189.476  -0.000 189.475   520984.0 246522.5 105218.0 27167.4   3541.5  2332.5  2866.7
  1046  34.083  -0.000  34.083   515565.8 235477.5 98568.2 26260.7   2449.2  2324.6  2050.0
  1047 406.111  -0.001 406.110   603318.5 225759.9 117606.4 29726.2   3116.8  2436.3  2503.9
  1048 -41.145   0.000 -41.145   473440.3 234516.5 76924.9 22571.5   2101.6  2527.3  1557.4
  1049 -604.617   0.002 -604.615   366351.4 209978.6 92841.4 15388.1   1723.3  2364.0  1036.0
  1050 -121.558  -0.001 -121.559   490591.0 242235.6 94717.1 36897.1   2701.4  2395.3  2290.1

         Carbon flux (ktC/yr)        Water (dam3/yr)                Nitrogen (MgN/yr)
       ----------------------- -------------------------- --------------------------------
Spinup NEP     estab   NBP     transp     evap    interc  nuptake ndemand  nlosses ninflux
------ ------- ------- ------- ---------- ------- ------- ------- -------- ------- -------
  1051 -226.930   0.000 -226.929   426233.2 218867.9 80206.7 13598.3   2774.7  2362.0  2033.7
  1052 255.173  -0.001 255.172   474294.0 217679.9 114424.9 29014.0   2169.2  2419.1  1953.6
  1053 139.826  -0.001 139.826   513088.0 255044.7 91597.7 23613.4   2918.5  2562.5  2243.5
  1054  55.239   0.000  55.239   448312.0 178665.3 94458.6 19002.2   2615.4  2441.3  1822.7
  1055 -107.713   0.000 -107.713   394840.7 208005.2 121661.1 21081.7   2232.3  2334.8  1961.0
  1056 -37.787   0.000 -37.787   448466.2 213304.5 83949.6 29040.6   2923.7  2537.7  2475.9
  1057 -86.979  -0.001 -86.980   538481.9 250649.8 140330.4 36000.0   4328.1  2381.1  3485.0
  1058 539.469  -0.001 539.468   617692.6 250162.6 141105.6 22554.9   4958.6  2435.5  3826.0
  1059 199.380   0.000 199.380   533478.8 206770.4 107740.0 14797.5   3199.4  2452.2  2754.5
  1060 -489.390   0.002 -489.388   374196.3 212396.1 88011.7 24915.7   1795.8  2339.8  1284.1
  1061  -6.779  -0.001  -6.780   492289.7 239357.9 140606.4 34404.8   4644.9  2281.8  3488.7
  1062  -8.487   0.000  -8.487   460664.6 216668.2 92439.6 11058.5   3697.4  2287.5  2714.0
  1063 -133.476   0.000 -133.475   464135.1 222776.0 106400.6 31370.1   2587.2  2293.1  2109.9
  1064 235.214  -0.001 235.213   556230.3 213921.2 143533.8 27103.2   4738.9  2302.5  3545.5
  1065 263.017   0.001 263.018   567759.9 265110.0 122080.8 28341.7   2832.8  2322.3  2455.6
  1066  75.281  -0.001  75.280   502237.6 202259.0 105545.4 20519.7   3134.6  2371.0  2117.3
  1067 268.849  -0.001 268.848   627096.0 249760.5 161846.3 40721.5   2672.9  2466.0  2030.9
  1068 114.502   0.000 114.502   571841.9 230137.3 146706.2 16160.1   2855.2  2425.0  2044.8
  1069 247.895  -0.000 247.894   599209.8 236281.9 171403.4 36964.8   3164.0  2439.4  2476.0
  1070 126.405   0.000 126.405   526417.3 242461.6 129666.2 21923.5   4175.3  2314.0  2990.4
  1071 135.849   0.005 135.854   528861.1 241258.3 121517.1 22736.3   3632.3  2373.4  2474.1
  1072  -5.625  -0.002  -5.627   469009.1 239242.6 116845.3 28347.1   2266.1  2507.3  1724.5
  1073 -176.274   0.000 -176.274   486509.9 240141.0 152909.5 29865.0   4948.8  2252.1  3188.0
  1074  27.167   0.001  27.168   525087.1 263953.7 123124.0 25301.4   4602.9  2259.3  3254.7
  1075 -25.606  -0.001 -25.606   533885.3 239583.1 110710.0 28120.3   3814.5  2284.4  2854.7

         Carbon flux (ktC/yr)        Water (dam3/yr)                Nitrogen (MgN/yr)
       ----------------------- -------------------------- --------------------------------
Spinup NEP     estab   NBP     transp     evap    interc  nuptake ndemand  nlosses ninflux
------ ------- ------- ------- ---------- ------- ------- ------- -------- ------- -------
  1076 336.317  -0.001 336.316   566039.7 204507.2 147234.8 22859.7   4691.7  2320.9  3242.6
  1077 142.448   0.000 142.448   485352.0 246410.6 105095.8 19580.0   3017.4  2360.4  2365.7
  1078 160.992  -0.000 160.992   571881.3 218584.6 106755.5 31572.7   2804.0  2380.3  2343.4
  1079 -415.698   0.001 -415.697   399190.1 205375.7 96366.2 16097.5   1439.5  2342.9   993.2
  1080 -175.500  -0.000 -175.500   489854.5 241017.3 124765.4 26801.0   2412.1  2421.7  1790.1
  1081 215.431   0.000 215.431   552516.0 259991.8 120763.0 30415.9   2771.2  2388.3  2357.3
  1082  17.555  -0.000  17.555   538550.0 235962.6 104136.1 26118.5   2814.6  2287.3  2318.4
  1083  39.274  -0.001  39.273   585040.2 244855.8 157170.0 36329.9   3584.1  2369.3  2898.1
  1084 167.249  -0.000 167.249   592757.2 240165.0 163983.8 29495.3   3827.9  2315.2  2932.4
  1085 397.735  -0.000 397.735   588423.4 196469.5 161445.4 19349.4   3611.9  2352.2  2625.1
  1086 -610.607   0.001 -610.606   419400.5 220468.0 103108.8 18271.3   2428.4  2408.5  1450.3
  1087 280.443  -0.001 280.442   544797.7 197607.9 150164.6 32299.7   3084.5  2377.9  2098.0
  1088 143.755   0.001 143.755   436110.7 246791.3 134907.1 20977.5   2456.5  2342.8  2072.9
  1089 -90.791   0.000 -90.791   510113.0 256131.0 123949.4 29785.7   4291.6  2259.3  3374.7
  1090 -447.923   0.001 -447.923   403042.7 220898.2 88044.1 13269.9   3453.8  2288.5  2388.9
  1091  21.453  -0.001  21.453   480102.6 201443.1 94312.2 32345.4   3632.1  2378.8  2665.9
  1092 147.837  -0.001 147.837   485602.4 236074.0 123938.5 22844.1   2187.4  2454.8  1839.3
  1093 231.567  -0.000 231.567   524027.6 189059.5 98553.3 24760.5   2746.0  2544.3  2061.6
  1094 -354.590   0.001 -354.589   377092.2 219787.0 127033.7 19811.3   2103.7  2313.7  1327.9
  1095  49.626   0.000  49.626   490456.8 187249.9 92493.1 26132.6   3635.6  2318.0  2864.3
  1096 -1295.117   0.012 -1295.106   285010.4 211254.8 84027.4  8156.8   1988.1  2601.4  1008.8
  1097 102.699  -0.006 102.693   482736.7 232848.8 75364.5 40381.8   1997.1  2695.8  1725.2
  1098 672.527  -0.002 672.524   589876.9 218644.6 94410.9 22159.1   3081.0  2477.1  2464.8
  1099 411.220   0.002 411.222   540075.2 254817.1 95225.3 20296.8   1970.7  2576.4  1723.0
  1100 233.859  -0.001 233.858   500690.1 196135.9 69030.5 17852.8   1802.8  2463.7  1754.9

         Carbon flux (ktC/yr)        Water (dam3/yr)                Nitrogen (MgN/yr)
       ----------------------- -------------------------- --------------------------------
Spinup NEP     estab   NBP     transp     evap    interc  nuptake ndemand  nlosses ninflux
------ ------- ------- ------- ---------- ------- ------- ------- -------- ------- -------
  1101   5.243  -0.001   5.242   467657.4 200045.4 87708.8 27067.7   2696.1  2403.7  2075.8
  1102 449.689  -0.002 449.688   593402.5 214253.4 129075.7 33830.7   2764.5  2425.1  2259.7
  1103 482.738  -0.001 482.737   618302.1 215122.0 144889.5 25813.3   2701.6  2355.8  2261.6
  1104  13.289   0.000  13.289   507670.8 219986.5 101251.1 15858.7   2124.8  2330.1  1677.5
  1105 -88.512   0.001 -88.511   492572.0 247518.0 127424.5 31691.2   2582.7  2288.8  2133.6
  1106 -109.308   0.000 -109.308   471382.4 228272.7 111796.1 31938.2   2501.6  2274.6  1739.1
  1107 -197.721   0.000 -197.720   458430.1 222975.7 101208.0 22357.1   3966.9  2252.0  2682.4
  1108  52.405  -0.000  52.405   505110.2 244468.9 109206.6 29041.2   3970.2  2379.6  2844.4
  1109 -68.557   0.000 -68.557   438705.2 180322.7 96488.0 13938.3   2660.7  2303.0  1675.6
  1110 -1107.789   0.015 -1107.774   274315.0 202157.0 86233.2  2745.4   1173.1  2330.9   771.4
  1111 116.936  -0.005 116.930   438391.3 247012.2 66544.5 40444.3   1316.5  2338.3  1369.4
  1112   0.954   0.001   0.955   432085.4 219636.9 75857.5 23675.6   1698.2  2263.6  1401.0
  1113 333.085  -0.000 333.085   513118.2 207456.2 91958.5 22242.7   2924.2  2292.7  2230.6
  1114 529.869  -0.000 529.868   552222.4 227761.4 99654.9 25429.0   2430.7  2362.4  2301.0
  1115 147.962   0.000 147.962   551391.2 218702.6 105883.7 29806.3   2218.7  2365.1  1998.8
  1116 260.440  -0.001 260.439   585587.7 210872.3 140945.6 26320.2   3817.6  2239.1  3191.9
  1117 457.420  -0.001 457.419   568469.6 228565.5 116859.1 21660.8   3099.2  2280.4  2691.8
  1118 238.153   0.000 238.153   591711.9 222408.5 137097.8 24374.4   2555.9  2410.8  1948.4
  1119 -82.318   0.000 -82.318   511220.1 226697.5 100546.3 19264.3   2104.6  2368.5  1598.6
  1120 -228.687   0.001 -228.685   400037.7 219831.6 126445.6 25003.5   2082.8  2248.8  1352.0
  1121   3.987   0.001   3.988   470766.6 228663.5 118130.1 31280.9   3401.7  2240.2  2749.7
  1122 236.050  -0.000 236.050   585867.3 212600.3 144328.3 26383.7   4461.3  2256.3  3361.6
  1123 183.891  -0.000 183.890   531527.1 250316.2 97977.4 20544.0   2919.0  2263.0  1981.3
  1124 -834.412   0.002 -834.410   377527.3 212301.7 90838.3 13289.1   2196.8  2366.6  1246.9
  1125  93.285  -0.002  93.283   522826.7 232478.3 88758.8 33205.9   2235.6  2338.6  1868.1

         Carbon flux (ktC/yr)        Water (dam3/yr)                Nitrogen (MgN/yr)
       ----------------------- -------------------------- --------------------------------
Spinup NEP     estab   NBP     transp     evap    interc  nuptake ndemand  nlosses ninflux
------ ------- ------- ------- ---------- ------- ------- ------- -------- ------- -------
  1126  30.523  -0.001  30.522   480629.2 211404.0 84058.6 22460.6   1850.0  2369.7  1423.7
  1127 -557.819   0.001 -557.818   394885.6 221529.4 83518.3 13377.6   1584.5  2381.0  1224.5
  1128 391.145  -0.001 391.144   540452.6 227577.4 105542.4 36660.5   2461.4  2416.1  2190.6
  1129 117.456  -0.000 117.456   546438.0 226219.1 103799.7 29034.5   2369.5  2467.9  1920.2
  1130 205.485  -0.001 205.484   599575.1 229023.3 133463.0 21344.9   3438.1  2361.8  2560.5
  1131 146.250  -0.001 146.250   595276.2 236474.8 103766.6 31255.9   2457.8  2480.0  2051.9
  1132  73.037  -0.001  73.036   605766.8 224481.4 125608.6 34679.6   2517.5  2477.3  1874.5
  1133 209.517  -0.000 209.517   537697.9 223336.5 132781.1 16032.8   3319.6  2433.9  2428.3
  1134  39.502   0.000  39.502   554542.2 244801.7 137263.2 28983.9   2742.6  2533.2  2097.7
  1135 -48.178   0.001 -48.177   433199.4 242579.4 138449.2 22498.3   2584.8  2355.6  1931.2
  1136 -101.800   0.000 -101.800   537301.2 225281.6 134564.2 19189.1   4361.8  2391.1  3063.8
  1137 -82.376   0.000 -82.376   500558.4 254820.3 98381.9 24978.3   3355.2  2600.3  2337.5
  1138 -191.528   0.001 -191.527   422593.9 202914.7 90183.8 18807.7   2325.9  2561.5  1488.6
  1139 -105.031   0.000 -105.031   436222.3 231146.4 119722.9 22252.6   3029.1  2499.8  2520.3
  1140  95.427  -0.001  95.426   568695.0 215209.9 139921.3 27611.5   3973.3  2762.5  3347.9
  1141  98.870  -0.000  98.870   515494.1 252110.0 94358.8 22635.1   3457.5  2524.4  2581.2
  1142 135.653  -0.000 135.653   487632.4 224550.5 117904.4 19622.1   3344.2  2613.6  2820.4
  1143 -20.388   0.001 -20.387   405184.6 240386.6 122085.3 22795.8   2685.6  2619.0  2390.6
  1144 -79.368   0.000 -79.367   427735.3 221397.2 111455.0 18081.3   3833.8  2443.2  3211.7
  1145 119.935  -0.001 119.934   528058.8 203937.6 127747.2 23864.6   4033.0  2952.8  3469.0
  1146 -78.181   0.000 -78.181   469298.6 221097.6 74325.6 26655.9   2814.0  2771.3  2480.7
  1147 -31.564  -0.000 -31.564   481958.9 229267.6 114482.5 19885.5   4105.0  2719.1  3203.5
  1148  46.504   0.000  46.504   470726.7 226680.1 98333.7 29506.1   2676.0  2645.5  2280.2
  1149  10.477  -0.000  10.477   498672.2 207761.6 138220.2 19374.2   4638.2  2597.9  3326.5
  1150 186.173  -0.001 186.172   575343.3 228177.6 126263.5 24294.0   3250.4  2712.2  2708.6

         Carbon flux (ktC/yr)        Water (dam3/yr)                Nitrogen (MgN/yr)
       ----------------------- -------------------------- --------------------------------
Spinup NEP     estab   NBP     transp     evap    interc  nuptake ndemand  nlosses ninflux
------ ------- ------- ------- ---------- ------- ------- ------- -------- ------- -------
  1151 262.678  -0.001 262.678   546340.0 190311.2 93645.1 25974.1   2594.6  2640.6  2036.7
  1152 -354.374   0.001 -354.373   405253.8 216361.1 111456.0 23939.3   1518.1  2388.1  1044.9
  1153 -24.250   0.000 -24.250   467165.0 183306.0 139074.4 19454.6   3304.6  2368.5  2183.6
  1154 143.377  -0.000 143.376   501777.0 229680.1 112424.0 23220.5   3543.5  2446.3  3189.9
  1155 -114.320  -0.000 -114.320   536377.0 239625.2 146028.7 29522.6   3652.7  2478.5  3321.6
  1156 -528.935   0.001 -528.934   425873.5 216917.2 84424.9 22840.0   3864.8  2355.8  2401.6
  1157 156.063  -0.001 156.062   513846.2 206668.3 95775.1 24756.4   3324.0  2378.2  2708.6
  1158 -165.400   0.000 -165.400   433039.2 221290.1 106070.6 29423.7   1466.3  2362.2   998.9
  1159 321.035  -0.001 321.034   538538.7 244158.5 137276.1 24344.2   4301.3  2362.8  3362.4
  1160 166.332   0.002 166.333   521891.9 241464.3 108158.9 20326.4   2906.5  2426.8  2200.1
  1161  75.812  -0.000  75.812   485947.7 195558.4 74483.7 17984.6   2282.0  2409.5  2026.8
  1162  95.058  -0.000  95.058   500449.4 239329.2 105383.2 27061.6   3014.2  2319.7  2461.6
  1163 -51.456  -0.000 -51.457   528361.3 227837.3 126834.8 21934.5   2815.6  2309.1  2185.6
  1164 -124.699  -0.000 -124.699   496716.8 229747.0 90931.0 23113.5   2297.8  2422.0  1810.7
  1165 -204.339   0.000 -204.338   482682.2 217564.4 113226.8 31791.3   1970.1  2319.7  1446.0
  1166 -316.260   0.000 -316.259   435272.4 197634.2 96116.3 19077.5   3486.7  2350.9  2195.6
  1167 128.329  -0.001 128.329   500472.7 195880.3 90565.9 29056.9   2564.4  2420.9  1846.1
  1168 -418.801   0.001 -418.800   429464.9 219727.1 124882.6 13855.9   1854.2  2399.3  1271.4
  1169 101.481  -0.000 101.481   528562.0 228567.7 93325.4 35583.1   2738.9  2368.8  2541.5
  1170 -58.837  -0.000 -58.838   489430.0 203113.8 95352.9 23349.0   3041.2  2429.7  2064.7
  1171 -180.614   0.000 -180.614   464823.9 223680.2 81835.7 29378.1   1731.4  2473.1  1402.2
  1172  86.801  -0.000  86.801   479893.3 234329.9 107957.7 22334.8   3553.2  2321.3  2389.3
  1173  35.355  -0.000  35.355   535316.3 223306.4 132670.3 21901.3   2293.5  2382.1  1657.1
  1174  50.960  -0.000  50.959   568626.7 240656.9 108237.4 36083.0   2420.4  2473.4  1975.3
  1175 118.108  -0.000 118.107   566440.4 234679.7 104108.3 27656.5   3077.8  2379.9  2326.3

         Carbon flux (ktC/yr)        Water (dam3/yr)                Nitrogen (MgN/yr)
       ----------------------- -------------------------- --------------------------------
Spinup NEP     estab   NBP     transp     evap    interc  nuptake ndemand  nlosses ninflux
------ ------- ------- ------- ---------- ------- ------- ------- -------- ------- -------
  1176 -418.432   0.001 -418.431   440094.4 217988.9 92512.9 12172.0   1749.0  2448.6  1173.4
  1177 -585.664   0.001 -585.663   425172.9 216283.6 87102.7 27802.6   1861.1  2486.7  1327.6
  1178  66.163  -0.000  66.163   487682.5 239051.0 105586.5 33268.3   2734.5  2440.6  1723.6
  1179 349.790  -0.001 349.789   566549.0 211450.4 117070.9 22673.9   2822.8  2493.6  1972.5
  1180 -101.433   0.001 -101.433   457220.1 218794.7 99230.6 12457.4   1826.6  2507.3  1385.4
  1181 -308.412   0.002 -308.411   386646.7 220852.6 108736.7 33310.7   1508.5  2358.7  1065.7
  1182 184.841  -0.001 184.841   514061.3 245803.5 130859.7 24844.7   5245.4  2403.5  3911.4
  1183 -14.858   0.000 -14.857   421751.6 220504.3 117477.3 16560.2   3327.4  2521.6  2776.0
  1184 -53.688   0.000 -53.688   447953.9 214282.1 82698.1 26663.8   3550.0  2589.6  2903.3
  1185 -238.730   0.005 -238.725   474356.7 302886.2 97817.9 28747.8   3151.3  2387.8  2668.9
  1186 147.899  -0.004 147.895   569440.5 254800.7 125706.0 28546.3   3593.8  2384.4  3138.4
  1187 129.315  -0.001 129.314   490308.6 192111.6 71196.4 12157.6   2328.0  2398.1  2016.4
  1188  50.797  -0.000  50.796   474048.2 231441.1 101086.4 34260.4   1875.5  2431.8  1477.8
  1189 -293.295   0.001 -293.294   396450.1 223400.2 100451.8 24537.4   2352.9  2305.0  1573.9
  1190 -321.979   0.000 -321.979   425871.3 223862.7 94693.5 24826.6   3982.2  2298.2  2764.9
  1191 260.231  -0.002 260.229   558106.5 217633.6 126700.9 27981.6   5402.1  2326.8  3757.2
  1192 289.172  -0.001 289.172   497050.3 242122.9 89101.1 17563.7   3098.1  2333.6  2630.7
  1193 177.688  -0.000 177.688   592018.8 270254.2 115354.4 36997.1   2251.8  2502.2  1990.3
  1194 150.621  -0.001 150.620   582966.4 237068.2 109274.0 27614.5   2355.9  2411.2  1932.9
  1195 384.375  -0.000 384.374   601224.3 211262.5 106318.1 21037.3   3221.1  2383.5  2503.4
  1196 284.641  -0.000 284.640   551747.4 189054.2 153221.2 25501.3   2138.2  2399.1  1441.1
  1197  75.947   0.001  75.948   475142.7 232523.2 132062.1 27154.4   2504.5  2387.2  1861.5
  1198 -88.801   0.001 -88.800   473873.3 225368.6 88733.4 28051.7   3468.9  2351.2  2891.0
  1199 -87.673   0.000 -87.672   480836.3 184923.1 93824.8 17367.0   5624.4  2334.1  3451.2
  1200 -917.832   0.005 -917.828   299412.3 205912.4 84043.0  6699.8   2134.2  2331.0  1273.9

         Carbon flux (ktC/yr)        Water (dam3/yr)                Nitrogen (MgN/yr)
       ----------------------- -------------------------- --------------------------------
Spinup NEP     estab   NBP     transp     evap    interc  nuptake ndemand  nlosses ninflux
------ ------- ------- ------- ---------- ------- ------- ------- -------- ------- -------
  1201 152.140  -0.002 152.138   472608.3 184799.2 69275.5 29101.2   3217.6  2349.3  2804.0
  1202 -435.141   0.001 -435.140   362716.3 201360.6 75113.4  9362.4   2015.8  2305.6  1453.7
  1203 -425.206   0.001 -425.206   349847.8 207357.6 71003.2 17694.7   1909.9  2296.0  1480.8
  1204 -532.685   0.001 -532.684   324911.8 218942.0 49779.1 20624.5   1939.9  2300.7  1600.3
  1205 -262.216  -0.000 -262.216   358048.1 178637.6 61620.7 22790.1   2357.4  2344.8  1750.8
  1206 -142.259  -0.001 -142.260   414944.0 218770.6 70013.0 25166.6   2347.3  2312.1  2197.7
  1207 109.516  -0.002 109.514   530962.7 228606.7 82925.5 34431.5   2565.3  2449.1  2557.5
  1208  84.981   0.003  84.984   443575.2 261663.7 88523.7 18932.3   2225.5  2353.2  2081.8
  1209 732.380  -0.003 732.376   642993.0 256260.2 111721.6 28582.0   2818.9  2424.2  2828.5
  1210   9.657  -0.001   9.656   466473.1 201844.6 88383.3 15354.5   2451.2  2457.8  1860.0
  1211 226.373  -0.001 226.372   537351.7 254740.4 101313.0 30041.9   2363.5  2489.6  1994.5
  1212  79.212   0.000  79.212   456293.5 236739.1 90560.8 19210.1   2278.6  2389.6  1909.1
  1213   6.191  -0.001   6.190   553539.7 232023.8 109071.8 42438.6   2499.3  2576.5  2057.1
  1214 -122.491   0.000 -122.491   443952.5 207894.5 88429.7 14863.2   3181.5  2420.3  2018.8
  1215 -428.919   0.001 -428.918   412412.3 217699.6 80536.8 27008.1   2601.4  2463.5  1782.0
  1216  -1.087   0.001  -1.086   392319.2 238260.3 111523.4 23033.0   3863.6  2371.0  2704.5
  1217 -76.664  -0.001 -76.665   500074.0 221023.4 100010.4 30877.0   5267.5  2375.1  3637.7
  1218 170.431  -0.001 170.429   555559.2 239444.4 135353.0 28682.2   5860.3  2395.2  4020.2
  1219 481.947  -0.001 481.946   601586.7 209750.7 143447.2 20521.4   4477.0  2403.8  3394.1
  1220 520.693  -0.000 520.692   593178.9 194065.0 150557.1 19688.7   3008.6  2453.1  2445.3
  1221 301.040   0.010 301.050   559378.7 253258.9 116904.1 22614.2   2536.3  2541.6  1939.0
  1222 192.219  -0.004 192.215   548477.3 240249.1 102602.6 21472.8   2492.3  2571.9  2187.2
  1223 276.401  -0.000 276.400   546375.5 235776.3 120586.1 26690.2   2995.8  2492.6  2563.7
  1224  92.389   0.000  92.390   567809.8 231862.0 131892.2 22245.4   2805.0  2558.2  2072.5
  1225  57.754  -0.000  57.754   517029.6 256090.2 97517.6 25033.1   2680.2  2538.3  2182.1

         Carbon flux (ktC/yr)        Water (dam3/yr)                Nitrogen (MgN/yr)
       ----------------------- -------------------------- --------------------------------
Spinup NEP     estab   NBP     transp     evap    interc  nuptake ndemand  nlosses ninflux
------ ------- ------- ------- ---------- ------- ------- ------- -------- ------- -------
  1226 -295.868   0.000 -295.868   487236.8 230034.2 95822.5 21901.9   2355.7  2602.1  1693.8
  1227 -115.117  -0.001 -115.118   512430.6 237039.3 148649.9 33871.0   2984.2  2462.2  2193.4
  1228 -106.884   0.000 -106.883   486078.0 229054.7 112479.3 26525.3   3051.4  2432.1  2262.6
  1229 194.490  -0.000 194.490   554773.4 247358.5 140936.3 20883.5   5789.8  2433.8  3947.9
  1230 199.744  -0.000 199.743   568594.0 253073.5 142479.7 21160.9   4950.5  2496.2  3892.8
  1231 -717.994   0.002 -717.992   384375.3 217521.3 87998.7 18517.7   3956.4  2449.3  2124.0
  1232 -280.202   0.000 -280.201   394169.5 205893.5 81571.2 23291.1   3138.6  2405.2  2139.0
  1233  58.153  -0.001  58.152   529644.2 219857.9 130108.2 25132.3   4553.8  2422.6  3370.9
  1234  85.571  -0.000  85.570   466160.8 207250.9 84818.2 20353.1   2822.2  2403.4  2202.8
  1235 -52.163  -0.001 -52.164   539808.8 230741.5 110752.0 33768.7   2952.9  2481.2  2565.5
  1236 456.573  -0.001 456.572   620551.5 247996.9 140920.3 24929.5   4847.7  2466.7  3891.9
  1237 208.793  -0.000 208.792   570467.4 210306.2 154423.8 21520.7   3880.6  2485.8  3175.3
  1238   8.342   0.000   8.343   550328.9 231261.5 116242.2 29189.3   3241.5  2433.1  2739.0
  1239  39.358   0.001  39.359   482284.0 225378.2 89553.6 28025.5   3958.4  2434.0  3125.9
  1240 149.584   0.004 149.588   542051.6 236301.9 115496.2 21025.7   5969.8  2493.2  3671.6
  1241 149.961  -0.003 149.959   557398.4 246074.0 152225.4 27165.4   3912.7  2790.8  3273.9
  1242 107.530  -0.001 107.529   568165.1 240261.3 157994.4 28260.1   4473.3  2863.6  3413.9
  1243  90.501  -0.000  90.501   565731.5 221446.3 127648.0 29599.3   3883.3  3325.7  3028.8
  1244  44.472   0.001  44.472   475673.8 224349.3 92863.6 25106.2   3750.8  3207.9  2830.1
  1245 -581.055   0.001 -581.054   413449.9 217967.9 92609.8 21597.3   4880.6  3111.3  2583.5
  1246 -854.368   0.001 -854.367   367207.1 216047.1 87915.8 19021.3   2932.0  3088.8  1500.6
  1247 -383.711   0.001 -383.711   384477.5 213030.6 76023.9 29519.0   2398.7  2986.0  1615.3
  1248  77.923  -0.001  77.923   472494.4 225404.8 88339.8 26334.1   3922.8  2883.9  2932.3
  1249 190.980  -0.001 190.979   544220.9 227092.0 107629.8 32992.5   2969.5  2944.5  2498.0
  1250 140.383   0.003 140.386   461171.2 242901.4 118187.2 17519.2   2846.7  2804.5  2233.4

         Carbon flux (ktC/yr)        Water (dam3/yr)                Nitrogen (MgN/yr)
       ----------------------- -------------------------- --------------------------------
Spinup NEP     estab   NBP     transp     evap    interc  nuptake ndemand  nlosses ninflux
------ ------- ------- ------- ---------- ------- ------- ------- -------- ------- -------
  1251 151.347  -0.002 151.346   545252.1 234760.4 107002.7 32021.9   2610.0  2789.2  2227.4
  1252 223.662   0.000 223.662   457060.7 246037.1 127639.8 22849.1   2984.9  2689.1  2421.1
  1253  62.384   0.001  62.384   419450.7 244072.1 123323.8 24113.5   3682.1  2644.7  2827.0
  1254 164.976  -0.000 164.976   489412.6 230306.5 111296.7 22985.5   5487.6  2675.2  3817.3
  1255  84.508  -0.000  84.508   521269.1 253809.0 118351.0 24414.2   3722.0  2797.5  3220.6
  1256  87.191  -0.001  87.190   552774.3 243973.5 148792.6 32900.6   4078.5  2647.9  3320.2
  1257 236.857  -0.000 236.857   509771.0 183075.8 100412.9 16443.5   3904.7  2754.7  2907.4
  1258 -98.278   0.001 -98.277   475538.6 255539.2 124405.0 26240.6   2632.0  2672.4  2058.7
  1259 -47.816  -0.001 -47.817   505164.4 234673.4 129035.3 21585.7   3314.5  2684.1  2541.4
  1260 218.767  -0.000 218.767   517635.7 236307.6 113227.4 26300.8   3592.1  2670.4  2817.7
  1261 -812.954   0.005 -812.949   365011.3 215295.2 89835.3 14276.1   2590.9  2557.5  1464.2
  1262 -189.803   0.004 -189.799   393347.6 258348.7 97082.2 24869.9   2270.8  2640.8  1751.3
  1263 323.807  -0.003 323.804   589554.8 233664.6 111330.8 25367.5   2600.5  2772.9  2273.8
  1264 336.333  -0.002 336.332   626757.3 234044.6 120635.2 26765.6   2115.4  3019.1  1865.9
  1265  22.658  -0.001  22.658   514518.1 259541.6 95174.6 19985.7   2149.5  3005.2  1660.9
  1266 -88.907   0.000 -88.907   442129.7 222191.9 83884.8 29386.1   1823.4  2857.9  1641.9
  1267 396.368  -0.001 396.367   623296.6 255073.2 134550.7 31974.9   4121.8  2641.5  3369.8
  1268 -424.758   0.001 -424.757   404051.9 217898.7 87354.6  7778.4   2561.5  2631.3  1785.2
  1269  84.414   0.000  84.414   459496.4 209923.2 82115.7 29676.2   2346.4  2561.6  1901.6
  1270 106.113  -0.001 106.112   487353.7 233587.4 109549.6 23629.2   3420.5  2581.6  2789.7
  1271 -672.863   0.004 -672.859   385151.3 213939.7 82487.3 17096.6   2649.8  2677.2  1609.1
  1272 -21.460   0.000 -21.460   483116.4 277376.6 101708.3 31649.5   2738.7  2572.5  2190.2
  1273 396.348  -0.002 396.346   522561.5 232907.1 105263.7 20811.6   2676.2  2568.0  2284.6
  1274 -647.875   0.001 -647.873   379172.4 215953.1 80910.6 13705.1   2218.3  2880.0  1382.2
  1275 -45.372  -0.000 -45.372   441828.9 229254.4 86293.4 33896.8   1912.8  2687.0  1452.6

         Carbon flux (ktC/yr)        Water (dam3/yr)                Nitrogen (MgN/yr)
       ----------------------- -------------------------- --------------------------------
Spinup NEP     estab   NBP     transp     evap    interc  nuptake ndemand  nlosses ninflux
------ ------- ------- ------- ---------- ------- ------- ------- -------- ------- -------
  1276  45.446  -0.001  45.445   487384.8 238333.8 126361.4 29992.7   3763.0  2451.8  2764.1
  1277 204.742  -0.001 204.741   530976.4 231563.4 90107.3 21722.5   3046.5  2450.7  2685.7
  1278 246.143  -0.001 246.142   508132.1 245847.5 90225.5 24529.2   2369.7  2487.0  2100.4
  1279 154.716  -0.000 154.715   508256.5 255400.8 93074.4 26507.2   2063.0  2541.5  1674.5
  1280  55.517  -0.001  55.516   555928.0 237982.3 127038.2 27112.4   2043.0  2646.3  1552.6
  1281 260.867  -0.000 260.867   595893.8 217669.6 122350.6 34018.3   2474.8  2575.0  1974.9
  1282 480.612  -0.000 480.611   626277.6 249139.7 152659.2 22431.5   4531.6  2490.1  3504.3
  1283 -369.484   0.002 -369.482   415001.5 247377.9 106851.5 10487.8   2901.3  2498.5  1639.0
  1284 -72.224   0.001 -72.223   497286.4 230448.6 130038.8 23264.6   2439.8  2558.1  1726.2
  1285 -17.080  -0.000 -17.080   467913.6 215848.9 86454.3 25624.5   2689.2  2517.9  2012.0
  1286 289.206  -0.001 289.205   610857.1 256139.0 136600.0 28172.9   4263.5  2524.4  3713.8
  1287 -43.769   0.001 -43.768   446147.1 230581.9 121639.9 21701.4   3192.7  2545.5  2434.1
  1288 -52.350   0.000 -52.350   553308.5 226502.7 131876.5 20963.7   4595.7  2602.6  3382.1
  1289  27.398   0.001  27.399   456443.9 249371.9 121019.8 25154.9   3082.2  2669.5  2736.3
  1290  77.797  -0.000  77.796   553485.6 211298.6 139766.3 26172.2   5802.8  2646.5  3856.3
  1291 146.674   0.000 146.674   472960.5 220123.1 122547.7 16230.1   3480.8  2990.1  2930.2
  1292 -52.227   0.008 -52.219   521781.2 287291.3 111671.9 26375.2   3057.4  3615.1  2668.1
  1293 272.398  -0.005 272.393   575971.6 225318.8 136130.5 23198.7   3642.5  3826.5  2897.8
  1294 535.666  -0.001 535.665   635461.7 256107.4 140631.2 23924.4   3909.2  4204.9  3274.7
  1295 214.045   0.001 214.046   558307.6 232771.0 118821.3 18929.6   3488.6  3975.2  2567.4
  1296 -89.414   0.001 -89.413   475406.0 234079.0 111532.2 26383.5   2663.2  3775.3  2195.5
  1297 -380.589   0.001 -380.588   400029.1 227278.9 104249.5 22668.0   3745.1  3426.8  2446.9
  1298 -342.917   0.001 -342.916   399450.1 233652.4 99353.6 15658.7   5167.5  3262.3  2954.1
  1299 -274.256   0.001 -274.255   383615.1 205830.8 76406.1 20064.5   3414.7  3132.7  2367.0
  1300 -191.010   0.001 -191.009   493334.0 271469.5 97950.7 28652.2   3982.1  3044.6  3239.9

         Carbon flux (ktC/yr)        Water (dam3/yr)                Nitrogen (MgN/yr)
       ----------------------- -------------------------- --------------------------------
Spinup NEP     estab   NBP     transp     evap    interc  nuptake ndemand  nlosses ninflux
------ ------- ------- ------- ---------- ------- ------- ------- -------- ------- -------
  1301 -87.508  -0.001 -87.509   459592.4 224364.3 78649.3 14772.9   3200.6  2929.3  2626.1
  1302 -713.579   0.001 -713.577   320399.5 212067.8 74450.8  8788.7   1770.7  2741.0  1317.7
  1303 258.532   0.000 258.532   564836.5 230559.7 101459.5 37251.2   2242.4  2716.2  2124.3
  1304  98.128  -0.002  98.126   508049.9 258533.3 78710.1 19761.7   2386.5  2728.4  2024.9
  1305 -226.501   0.000 -226.501   416168.1 248191.4 82957.3 15473.0   1914.2  2688.5  1441.9
  1306 -104.097  -0.000 -104.098   478728.2 232202.9 106987.9 26962.9   2266.0  2660.3  1996.5
  1307  31.899  -0.000  31.899   476703.8 230409.7 91150.1 31005.8   2088.6  2510.2  1878.8
  1308 -126.251   0.000 -126.251   498362.3 224881.7 115108.5 17965.2   3712.0  2505.2  2697.4
  1309  37.072  -0.001  37.072   564870.7 267992.2 105956.8 30064.2   3061.1  2826.9  2835.9
  1310 410.722  -0.001 410.720   599338.5 204811.1 131984.2 23735.2   3158.2  2682.6  2556.0
  1311 213.849  -0.000 213.848   587538.6 258127.0 119519.0 25273.9   2774.9  2617.3  2503.3
  1312  54.608  -0.000  54.608   486325.0 226753.5 124224.2 18370.6   2625.0  2640.2  2352.1
  1313  31.866   0.000  31.866   527067.5 190805.0 96094.8 24677.1   3377.3  2780.3  2793.8
  1314 -622.293   0.002 -622.291   363846.3 183083.1 76180.2 10247.8   1473.6  2509.8  1047.5
  1315 235.481  -0.001 235.480   564254.2 213053.7 122777.9 34144.1   2971.1  2547.1  2642.5
  1316 504.987  -0.001 504.986   643943.6 257648.4 127584.1 23971.1   3651.3  2482.1  3299.9
  1317 -47.777   0.001 -47.776   461435.6 210495.2 86484.9 17990.0   2616.0  2484.9  2059.9
  1318 -32.962  -0.000 -32.963   530729.8 211952.5 132534.3 24848.2   3592.5  2477.9  2915.9
  1319 116.519  -0.001 116.518   576909.6 217825.3 138275.9 24483.6   3512.1  2525.4  2996.3
  1320 368.736  -0.001 368.736   637191.2 256354.4 137770.3 24941.1   3985.5  2446.4  3474.6
  1321 137.999   0.000 137.999   572101.5 222903.5 116947.4 20099.8   3811.7  2512.7  2945.5
  1322  -9.750   0.000  -9.750   489853.5 230105.5 122089.2 23952.5   3228.5  2505.6  2783.4
  1323 -130.098   0.000 -130.098   499969.9 256711.6 93332.9 23136.3   4516.1  2319.7  3104.1
  1324 -200.603   0.000 -200.603   449994.1 229889.4 103328.5 26807.7   3034.3  2351.8  2272.0
  1325 -518.255   0.001 -518.254   362610.4 183009.0 72541.4  8299.5   3027.8  2259.7  1960.7

         Carbon flux (ktC/yr)        Water (dam3/yr)                Nitrogen (MgN/yr)
       ----------------------- -------------------------- --------------------------------
Spinup NEP     estab   NBP     transp     evap    interc  nuptake ndemand  nlosses ninflux
------ ------- ------- ------- ---------- ------- ------- ------- -------- ------- -------
  1326  58.095  -0.000  58.095   493359.3 203424.2 86524.9 25618.0   3380.9  2293.3  2969.0
  1327 -139.436  -0.000 -139.436   487988.1 218483.1 100342.7 31074.3   2617.2  2271.2  2137.2
  1328 -170.464  -0.000 -170.465   452610.2 198389.8 88708.2 17567.2   3848.2  2309.0  2609.6
  1329 393.587  -0.001 393.585   591706.3 211366.5 130477.4 30940.3   2784.9  2370.4  2354.0
  1330 236.137  -0.001 236.136   580913.7 254255.1 122454.8 24576.7   2732.2  2297.3  2316.8
  1331 -11.764   0.000 -11.763   476728.8 232657.8 127122.4 21899.1   2730.6  2274.0  2031.3
  1332 -293.584   0.001 -293.583   456477.0 217685.6 86848.5 25776.5   3281.9  2285.8  2530.7
  1333 -97.526   0.001 -97.526   423778.3 205414.0 86473.4 22044.8   4077.8  2220.6  2617.7
  1334 -170.001  -0.000 -170.001   504043.9 242742.0 100477.7 32087.5   4069.5  2261.0  3034.1
  1335 158.410  -0.001 158.409   569132.0 227636.1 109971.7 33384.5   4155.4  2283.2  3179.9
  1336 -135.078   0.000 -135.078   468452.6 221161.4 95099.2  7814.6   3121.4  2280.5  2229.8
  1337 -618.946   0.002 -618.944   354332.2 224287.4 70249.2 17270.7   1569.7  2263.6  1175.1
  1338 -33.202  -0.000 -33.203   408695.1 219921.5 108378.8 26964.9   2434.5  2317.5  2102.4
  1339 134.247  -0.001 134.246   504258.1 203114.0 85865.1 27319.8   3278.0  2517.0  2500.7
  1340 -26.847   0.001 -26.846   490700.3 260504.3 94441.6 28862.8   1665.6  2418.9  1322.3
  1341   1.278  -0.001   1.276   519064.7 239864.2 138943.6 27868.3   3263.5  2322.6  2531.7
  1342 215.532  -0.001 215.532   585507.2 222901.7 114027.6 32209.8   2843.9  2337.7  2403.7
  1343 242.341  -0.000 242.341   550969.5 207041.6 104286.3 16864.1   3302.6  2301.7  2562.7
  1344 -162.682   0.001 -162.681   421043.1 222050.3 126057.1 23630.6   2018.1  2307.5  1257.9
  1345  76.402  -0.000  76.402   575755.1 228069.8 132718.6 27022.7   3725.3  2363.4  2824.3
  1346  51.805  -0.000  51.805   512547.7 237501.3 124474.0 27505.4   2838.8  2476.6  2153.3
  1347  51.171  -0.000  51.171   544891.2 232394.8 132566.0 21587.2   3448.1  2474.5  2571.9
  1348 -266.089   0.001 -266.088   434816.9 211501.0 91363.3 12653.0   2537.6  2467.3  1849.9
  1349  70.860   0.000  70.860   469192.0 222313.2 80498.7 31338.9   2231.0  2407.9  2132.1
  1350 -158.539   0.001 -158.538   453652.2 251331.9 89318.4 19997.7   3942.2  2352.6  2669.3

         Carbon flux (ktC/yr)        Water (dam3/yr)                Nitrogen (MgN/yr)
       ----------------------- -------------------------- --------------------------------
Spinup NEP     estab   NBP     transp     evap    interc  nuptake ndemand  nlosses ninflux
------ ------- ------- ------- ---------- ------- ------- ------- -------- ------- -------
  1351 -26.898  -0.001 -26.898   521080.1 241236.2 138983.2 31997.2   4140.2  2423.9  3303.0
  1352  84.345   0.000  84.345   546825.8 264395.0 113222.0 23118.5   4195.6  2306.1  3210.5
  1353 115.863  -0.001 115.863   502514.5 187438.1 92221.4 16268.2   3880.3  2312.8  2748.2
  1354 -353.894   0.001 -353.893   447549.8 221826.4 104817.9 24221.2   2539.2  2291.0  1957.7
  1355 -233.231   0.000 -233.231   440543.5 231180.1 64872.2 22125.8   3413.9  2284.6  2432.1
  1356 359.458  -0.001 359.456   586096.7 252420.9 127524.9 31318.7   4285.3  2377.9  3612.6
  1357 -393.294   0.001 -393.293   396328.5 217410.2 83754.2  7448.6   2543.1  2375.0  1829.4
  1358 193.364   0.000 193.365   560499.3 231756.0 119393.9 31520.4   2479.9  2341.3  2117.7
  1359 162.004  -0.001 162.002   606834.5 250741.1 140835.0 31939.1   3253.5  2413.3  2895.9
  1360  48.271   0.000  48.271   494145.2 191366.5 78187.5 12713.9   2593.4  2406.2  2201.3
  1361  18.109   0.000  18.110   474841.0 229648.8 108513.7 34597.5   2121.6  2413.1  1588.2
  1362 -53.659  -0.000 -53.659   503644.0 208277.5 143518.0 19688.8   4752.1  2294.7  3104.7
  1363 131.103  -0.000 131.103   562878.4 216750.9 143829.1 24523.3   4058.8  2358.3  3305.9
  1364  87.692   0.000  87.692   478364.1 223567.7 122186.8 19555.0   2999.5  2504.5  2698.7
  1365 -109.015   0.001 -109.015   473213.8 197938.7 75942.9 20006.9   3060.1  2686.0  2711.4
  1366 -10.048  -0.000 -10.048   538345.8 225311.3 109977.0 35328.9   3430.7  2451.4  2921.3
  1367 192.789  -0.000 192.789   542943.3 210355.8 97985.6 17928.6   4655.0  2358.2  3350.5
  1368 -340.062   0.001 -340.061   412374.5 219247.2 92541.1 13468.2   2208.7  2356.2  1586.0
  1369 -234.238   0.001 -234.238   406156.0 230783.3 103817.0 21355.9   2678.7  2326.9  1828.9
  1370  70.314   0.001  70.315   498818.1 230272.4 100448.2 26429.4   3296.5  2359.2  2645.0
  1371 264.288  -0.001 264.287   521081.7 236248.0 105377.3 21619.2   3311.7  2449.5  3093.0
  1372 -159.550   0.001 -159.550   445336.8 216444.5 76202.6 24695.5   2756.1  2431.1  2364.3
  1373 -16.239   0.000 -16.239   472662.2 207457.8 89694.9 18621.2   4459.0  2215.1  3365.5
  1374 -296.164   0.001 -296.164   378328.2 186869.2 67770.5 15946.1   2454.2  2241.9  2015.5
  1375 -80.196   0.000 -80.196   410145.0 204777.6 74558.4 24967.9   2867.7  2274.2  2412.3

         Carbon flux (ktC/yr)        Water (dam3/yr)                Nitrogen (MgN/yr)
       ----------------------- -------------------------- --------------------------------
Spinup NEP     estab   NBP     transp     evap    interc  nuptake ndemand  nlosses ninflux
------ ------- ------- ------- ---------- ------- ------- ------- -------- ------- -------
  1376 -215.911  -0.000 -215.911   426884.4 259745.4 79150.9 21759.0   3339.4  2298.1  2596.5
  1377 -80.071  -0.001 -80.072   444852.4 239676.2 92674.5 20152.8   3324.6  2289.3  2730.0
  1378 -85.980  -0.000 -85.980   413431.2 229817.9 103231.5 23729.6   2495.8  2198.5  2068.2
  1379 -47.844  -0.000 -47.844   436782.2 208071.1 77294.9 24453.0   2830.5  2206.3  2405.4
  1380 -156.350  -0.000 -156.350   445150.5 257283.5 84061.1 23044.6   2969.4  2278.1  2212.5
  1381 236.561  -0.001 236.560   515975.6 194501.3 127611.1 24777.7   2996.5  2320.7  2499.4
  1382  35.784   0.000  35.784   461274.0 191420.4 73264.9 19748.7   2340.5  2233.4  2162.2
  1383 234.728   0.002 234.730   534792.4 230132.2 105846.9 27205.0   3034.4  2257.8  2446.5
  1384 -207.782  -0.000 -207.783   430901.1 221123.9 81342.7 14827.8   2394.7  2297.6  1964.6
  1385 -171.957   0.000 -171.956   441668.2 231912.7 63183.3 27861.9   2379.9  2190.1  1940.7
  1386 139.791  -0.001 139.790   519963.3 219640.9 104363.4 27224.2   3385.1  2256.2  2578.9
  1387  72.860   0.000  72.860   477213.8 230638.8 101099.3 28691.2   2059.3  2298.8  1701.4
  1388 -205.381   0.001 -205.380   348841.3 238984.1 115913.3 16093.2   3054.3  2126.0  2243.9
  1389  79.281  -0.001  79.280   493186.0 197319.9 120290.6 20791.2   4401.6  2155.1  3487.4
  1390 254.843   0.000 254.844   548019.6 230437.0 102268.7 24110.8   3365.8  2229.5  2774.6
  1391 -79.604  -0.000 -79.604   474564.6 234496.2 65532.7 22130.3   2573.0  2255.4  2151.5
  1392 -244.386   0.001 -244.385   363495.6 243566.1 112345.9 21408.6   2464.7  2124.0  1935.1
  1393 139.897  -0.001 139.896   512897.0 198305.2 119085.1 25936.4   4314.3  2141.5  3293.3
  1394 142.810  -0.001 142.809   560190.2 227706.1 103472.6 30902.4   2826.4  2190.1  2584.4
  1395 136.330  -0.001 136.330   470343.4 223325.0 117646.5 17288.4   2897.8  2160.5  2520.1
  1396  84.354  -0.000  84.354   501659.2 248047.7 93196.2 25350.2   2887.0  2421.7  2565.1
  1397 -197.230   0.001 -197.229   497882.7 249143.4 102950.4 37470.5   1978.6  2335.1  1472.4
  1398 -114.812  -0.000 -114.813   414871.5 235665.8 93698.5 13569.5   3077.6  2186.4  2152.9
  1399 199.702  -0.001 199.701   571959.7 208052.4 133982.4 33761.1   2811.2  2357.9  2266.2
  1400  56.396   0.000  56.397   486797.2 192947.2 78478.5 16738.3   1925.2  2283.8  1633.2

         Carbon flux (ktC/yr)        Water (dam3/yr)                Nitrogen (MgN/yr)
       ----------------------- -------------------------- --------------------------------
Spinup NEP     estab   NBP     transp     evap    interc  nuptake ndemand  nlosses ninflux
------ ------- ------- ------- ---------- ------- ------- ------- -------- ------- -------
  1401 -59.080   0.001 -59.079   446145.1 221840.3 84388.5 27875.4   2062.5  2298.7  1865.9
  1402 -63.111   0.001 -63.110   524179.7 271265.2 111251.8 31689.1   3480.2  2196.2  2752.0
  1403  61.535  -0.000  61.535   445098.0 250961.2 117296.1 19749.7   2692.3  2174.7  2213.9
  1404 -16.183  -0.000 -16.183   494010.6 242586.1 101969.9 22809.7   4594.9  2181.1  3195.7
  1405 -471.697   0.002 -471.695   403623.1 216444.5 78840.3 19321.6   2223.0  2207.4  1673.6
  1406 -14.683  -0.000 -14.683   424252.8 224102.4 101248.9 22194.2   3082.3  2161.5  2278.3
  1407 265.376  -0.001 265.375   560949.9 210771.6 87493.8 23699.7   3130.3  2188.2  2924.0
  1408 -235.630   0.001 -235.629   409519.1 206443.8 79705.1 18210.2   1598.2  2228.1  1311.8
  1409 -141.057   0.000 -141.057   434581.2 230396.8 72110.2 31928.6   2224.5  2280.2  2072.0
  1410 -31.033  -0.000 -31.034   453127.3 222701.9 72498.5 27311.2   2847.3  2204.1  2515.6
  1411  94.841  -0.002  94.840   563584.8 245238.5 130709.4 33659.1   4212.1  2193.1  3456.1
  1412 218.863  -0.001 218.863   559725.6 231892.0 121378.2 18037.2   3088.6  2230.7  2427.0
  1413 240.657  -0.000 240.657   561955.1 226862.6 102031.1 27169.0   2423.3  2264.0  2070.0
  1414  45.408  -0.000  45.407   578059.2 226113.4 121450.7 34992.0   2588.1  2281.1  2048.1
  1415 -13.220   0.001 -13.220   473414.3 231110.2 129252.6 21999.1   3041.4  2220.2  2016.9
  1416 311.996  -0.001 311.995   610664.5 212653.9 152977.6 30132.3   4171.7  2271.5  3134.5
  1417 201.931   0.002 201.933   515288.6 238611.8 132215.6 24308.7   2415.0  2280.6  1684.2
  1418 251.369  -0.001 251.368   590554.5 211364.0 111044.8 20197.6   3410.0  2258.0  2785.8
  1419 -177.447   0.001 -177.446   434581.4 224523.1 132600.7 24369.7   2023.7  2242.0  1288.7
  1420 -63.485   0.001 -63.484   476656.5 224798.4 87426.2 30677.7   3093.2  2245.6  2611.6
  1421   2.813   0.000   2.813   483929.8 243119.3 95857.4 24765.6   4551.4  2189.5  3054.1
  1422 196.404  -0.001 196.403   583123.5 207868.8 140530.2 28392.0   3760.3  2365.7  2723.3
  1423 200.432   0.001 200.433   571678.5 273151.9 123428.1 26460.8   2445.2  2309.1  1927.1
  1424 178.799  -0.001 178.799   556278.0 214165.9 107624.3 17208.8   2574.5  2213.0  2083.3
  1425 -277.566   0.002 -277.564   369791.8 239747.4 131481.2 19736.3   1722.8  2190.7  1329.2

         Carbon flux (ktC/yr)        Water (dam3/yr)                Nitrogen (MgN/yr)
       ----------------------- -------------------------- --------------------------------
Spinup NEP     estab   NBP     transp     evap    interc  nuptake ndemand  nlosses ninflux
------ ------- ------- ------- ---------- ------- ------- ------- -------- ------- -------
  1426 -166.150  -0.000 -166.150   509073.3 223969.9 104888.4 32721.0   3127.4  2206.8  2509.0
  1427 -55.379  -0.001 -55.380   537619.6 226693.2 107365.5 29488.9   3733.4  2215.5  2968.8
  1428 106.966  -0.001 106.964   578091.5 240392.2 145841.3 28581.8   4320.8  2216.8  3304.3
  1429 198.031   0.000 198.032   472583.6 242003.0 129490.4 18159.1   2597.9  2176.4  2183.3
  1430 -431.053   0.001 -431.051   423493.5 227805.8 72427.0 18653.2   2764.3  2165.4  1906.9
  1431 -204.965   0.001 -204.964   469406.8 265676.7 109204.8 30909.4   3005.1  2216.8  2226.3
  1432 -767.455   0.001 -767.454   390822.2 219584.0 78900.2 12445.2   2294.2  2607.2  1441.4
  1433 -262.678  -0.001 -262.679   418355.3 197589.7 82257.2 23551.3   1786.9  2777.8  1245.6
  1434 418.252  -0.002 418.251   543707.3 234754.6 99653.0 32193.5   1979.6  2478.5  1820.1
  1435 -204.143   0.000 -204.143   441679.6 246819.5 91443.8 14219.7   1949.8  2447.9  1384.6
  1436 343.108  -0.001 343.107   568557.9 208975.5 133515.6 40318.7   2523.1  2423.9  2079.2
  1437  57.154   0.000  57.154   495165.3 230986.0 107239.2 26889.6   2291.2  2266.0  1800.5
  1438 -640.886   0.012 -640.874   348690.3 208422.1 81732.5 14492.4   2476.7  2298.3  1624.5
  1439 224.221  -0.006 224.215   461532.7 208912.9 79119.0 22066.5   3789.5  2300.4  2689.7
  1440 -447.375   0.001 -447.374   357462.9 223341.7 57758.8 12336.2   1854.7  2242.1  1354.6
  1441 -581.884   0.001 -581.883   332013.3 208736.9 65645.4 20975.8   1845.1  2729.9  1309.4
  1442 345.283  -0.001 345.282   477203.4 200266.2 71690.9 30093.7   3297.8  2643.9  2762.2
  1443 286.046  -0.001 286.045   433213.0 216487.7 99534.2 21174.1   1909.3  2281.0  1837.2
  1444 224.179  -0.001 224.178   470224.9 210094.8 75160.1 25227.4   2235.7  2375.7  1951.4
  1445 506.666  -0.002 506.664   600647.8 224500.8 103958.7 31559.0   2700.2  2305.6  2332.5
  1446 572.761  -0.001 572.761   623194.9 213773.4 144007.5 25313.4   2810.4  2305.6  2357.9
  1447 -260.626   0.003 -260.624   441867.8 216458.1 90996.2 10032.4   2166.7  2240.8  1728.4
  1448  85.941  -0.001  85.941   483314.6 227294.3 101303.6 38747.3   1894.4  2258.3  1560.5
  1449 -626.650   0.008 -626.642   356134.2 196680.5 91688.9  9253.7   3076.3  2254.4  1668.3
  1450 453.685  -0.005 453.680   583521.2 230396.2 117840.3 39800.0   3027.6  2362.4  2541.3

         Carbon flux (ktC/yr)        Water (dam3/yr)                Nitrogen (MgN/yr)
       ----------------------- -------------------------- --------------------------------
Spinup NEP     estab   NBP     transp     evap    interc  nuptake ndemand  nlosses ninflux
------ ------- ------- ------- ---------- ------- ------- ------- -------- ------- -------
  1451 -99.038   0.000 -99.038   450242.5 217066.3 81603.9  8718.5   2223.9  2340.1  1747.9
  1452 329.446  -0.000 329.446   511298.2 238695.0 88181.0 34550.1   2377.0  2292.4  2122.1
  1453 214.166   0.001 214.167   532085.3 249864.5 107276.0 24832.9   2408.7  2386.5  1998.1
  1454  93.957  -0.001  93.956   478188.7 176961.4 90708.1 15983.6   2240.0  2389.3  1682.2
  1455 -588.905   0.009 -588.896   341461.3 202125.7 82050.0 10685.5   1242.2  2325.1   926.4
  1456 -502.329  -0.003 -502.332   354312.0 227090.3 63930.0 18965.0   1566.5  2346.6  1429.5
  1457 -352.301  -0.000 -352.302   411579.0 214043.9 58474.8 25948.7   2171.4  2349.2  1844.0
  1458 321.924  -0.002 321.922   499880.9 237726.5 81451.8 30264.7   2198.9  2336.3  1902.1
  1459 205.111  -0.000 205.111   516840.8 263422.2 97142.7 25243.4   1955.5  2296.8  1787.4
  1460 157.371  -0.001 157.369   538938.1 231129.9 110026.1 20280.2   2120.1  2336.8  1869.6
  1461 300.296  -0.001 300.295   586921.1 218619.3 106597.8 34454.3   2341.6  2305.9  2115.0
  1462 -148.513   0.004 -148.509   466551.6 199957.7 93079.6 14293.9   3340.7  2357.3  2312.5
  1463 -65.653  -0.002 -65.655   470617.8 220576.1 84279.3 29888.0   2398.3  2621.7  1693.5
  1464 212.692  -0.001 212.691   522568.4 238697.7 114856.7 29343.6   2292.2  2456.0  1697.5
  1465 -196.069   0.001 -196.069   478458.6 214054.2 84988.0 21879.8   2531.0  2379.0  1956.1
  1466 -432.370   0.001 -432.369   388722.0 209793.8 83718.2 12513.7   2890.7  2328.6  1864.3
  1467 400.948  -0.001 400.947   550978.2 201492.6 90044.5 31282.5   3386.0  2385.6  2865.6
  1468   1.332   0.000   1.333   450792.0 230925.7 103769.5 17290.4   2554.2  2355.1  1754.2
  1469 -403.204   0.003 -403.201   379759.2 202058.4 85261.5 15610.1   2506.1  2586.5  1629.5
  1470 205.461  -0.002 205.459   540700.5 244465.4 88183.5 40533.9   2614.2  2551.5  2266.5
  1471 245.511  -0.001 245.510   559399.0 235459.2 95762.7 26509.1   3655.9  2408.2  2890.5
  1472 343.101  -0.001 343.101   544349.2 240678.1 105525.6 19737.2   4116.9  2416.6  2918.3
  1473  -5.354   0.006  -5.349   451942.2 241806.1 116076.8 20537.7   2238.3  2420.5  1647.6
  1474  -9.113  -0.002  -9.115   470563.1 192658.5 73368.6 15995.5   2689.8  2429.0  2299.3
  1475 399.366  -0.001 399.366   560808.0 189208.3 130454.4 28143.2   3240.5  2463.1  2679.2

         Carbon flux (ktC/yr)        Water (dam3/yr)                Nitrogen (MgN/yr)
       ----------------------- -------------------------- --------------------------------
Spinup NEP     estab   NBP     transp     evap    interc  nuptake ndemand  nlosses ninflux
------ ------- ------- ------- ---------- ------- ------- ------- -------- ------- -------
  1476 328.542  -0.000 328.542   539416.3 229580.4 114683.3 20492.4   3323.6  2456.6  2914.4
  1477 -215.555   0.001 -215.554   439187.3 214375.4 91989.5 12197.7   2588.8  2498.3  1936.1
  1478 -246.969   0.001 -246.968   374811.8 222674.4 109697.9 24870.5   2548.5  2301.1  1851.6
  1479 -136.750   0.003 -136.747   434967.9 246579.1 96556.0 26218.4   3721.5  2302.4  3014.2
  1480 238.021  -0.002 238.019   573711.0 226765.8 94945.4 19611.3   5208.6  2431.2  3880.3
  1481 140.359  -0.001 140.358   521504.4 202626.4 85960.5 18378.2   4064.9  2598.1  3345.8
  1482  93.195  -0.001  93.194   609465.4 252269.0 135700.3 34307.9   2955.4  2520.8  2770.8
  1483  80.532  -0.000  80.532   505797.0 221306.0 81789.7 22171.8   2867.1  2443.3  2645.7
  1484 -216.558   0.000 -216.557   465753.6 216926.4 81076.0 25685.8   3477.1  2410.9  2611.9
  1485 128.416  -0.000 128.416   503315.4 201999.9 95490.1 18229.9   4907.6  2334.2  3337.3
  1486 -58.739   0.001 -58.738   422518.4 229688.3 89562.8 20028.6   3185.9  2321.8  2455.2
  1487 -733.534   0.001 -733.534   406544.6 218437.6 78202.7 25160.3   2423.0  2523.1  1532.6
  1488 -10.377  -0.000 -10.377   432633.2 220657.4 72402.0 29822.6   2579.5  2419.8  2202.9
  1489  76.303  -0.001  76.301   524185.3 231819.6 109676.0 21757.6   3767.7  2423.4  2999.3
  1490 303.269  -0.000 303.269   487209.2 211762.2 116420.0 18954.0   2474.1  2463.2  2312.3
  1491 127.346   0.000 127.346   449769.0 244911.5 118485.6 23609.8   2565.5  2572.7  2388.4
  1492   6.611   0.000   6.611   450421.4 218653.9 115549.4 21582.0   3845.3  2406.0  3126.2
  1493 -50.749   0.000 -50.749   466403.4 195130.3 71504.7 19425.8   3439.4  2589.8  2912.7
  1494  91.748   0.001  91.749   424262.6 240482.4 113106.4 23918.9   2836.8  2390.5  2619.8
  1495 -273.446   0.001 -273.446   425499.5 226380.9 61323.9 22540.0   4108.7  2292.3  2823.7
  1496 -12.666  -0.001 -12.667   502896.5 213634.6 126673.3 25881.2   4476.7  2350.3  3252.7
  1497 182.494  -0.001 182.493   513551.6 249516.6 88113.9 20006.3   3559.8  2351.2  2878.4
  1498 -11.615   0.001 -11.615   439794.5 216871.9 80756.3 22437.2   2510.5  2513.4  2425.5
  1499 -295.219   0.001 -295.218   418949.2 228777.4 64992.9 22424.4   3430.7  2287.2  2517.0
  1500 -69.960  -0.000 -69.960   411208.8 220785.9 114661.3 23203.9   3368.4  2333.4  2829.3

         Carbon flux (ktC/yr)        Water (dam3/yr)                Nitrogen (MgN/yr)
       ----------------------- -------------------------- --------------------------------
Spinup NEP     estab   NBP     transp     evap    interc  nuptake ndemand  nlosses ninflux
------ ------- ------- ------- ---------- ------- ------- ------- -------- ------- -------
  1501  43.533  -0.001  43.532   494078.4 253732.8 87502.1 22103.0   3993.9  2540.3  3193.0
  1502  56.531   0.001  56.532   404756.9 239479.6 115742.5 19999.3   2699.3  2415.5  2475.5
  1503 -104.372  -0.000 -104.372   482772.1 229556.2 111891.0 22787.5   4265.2  2308.4  3285.8
  1504 -27.964   0.000 -27.964   455233.7 209440.9 84093.9 16172.2   3160.4  2344.8  2753.1
  1505 -287.325   0.001 -287.324   383249.3 211132.3 83438.4 15662.4   2402.0  2230.6  1890.0
  1506 -94.154   0.000 -94.154   394723.7 221236.3 100201.7 22968.8   2857.4  2261.6  2467.6
  1507 -108.227  -0.000 -108.227   480236.5 229164.0 91500.6 29835.3   3349.6  2335.2  3153.9
  1508  65.051  -0.000  65.051   451459.9 224900.1 70628.3 26833.3   3820.3  2216.8  3329.3
  1509 218.942  -0.001 218.942   529093.3 207367.4 87782.4 18500.4   4988.4  2198.1  3772.9
  1510  78.520   0.001  78.520   398054.3 239739.7 111603.8 21115.4   2404.2  2187.4  2245.4
  1511 -50.793  -0.001 -50.794   514767.3 243847.4 131243.9 33714.1   4720.8  2175.4  3713.7
  1512  42.137  -0.001  42.136   508749.1 232012.2 116646.5 17321.9   4386.5  2230.9  3407.9
  1513 121.205   0.001 121.206   534002.0 240748.4 121125.5 22722.1   2840.1  2305.3  2554.1
  1514 -206.111  -0.000 -206.111   456323.0 232614.9 66863.9 22879.1   1909.7  2317.4  1627.0
  1515 -1241.301   0.010 -1241.291   307941.8 216320.9 80580.7 10262.3   1929.7  2654.9  1104.7
  1516 -663.577  -0.004 -663.581   349801.4 218741.1 59951.7 24683.7   1706.1  2579.4  1318.0
  1517 213.620  -0.001 213.619   451990.2 177893.4 64952.6 30093.6   1572.8  2404.5  1388.0
  1518 -536.448   0.001 -536.446   342607.0 178937.3 62813.6  9483.0    695.7  2539.1   627.0
  1519 -258.252   0.000 -258.252   369333.2 211951.7 63048.5 30811.4   1548.0  2514.3  1455.0
  1520 378.395  -0.002 378.393   495094.9 225689.5 75038.0 39138.0   1288.4  2365.2  1262.2
  1521 171.603   0.000 171.603   383504.2 235677.2 98707.2 17521.5   1389.6  2273.5  1262.6
  1522 163.177  -0.001 163.176   432176.7 203610.4 71805.0 28618.8   1964.6  2283.6  1632.9
  1523  44.908  -0.001  44.907   464614.7 229198.6 88125.9 33328.0   2047.6  2320.6  1543.1
  1524 -139.596  -0.000 -139.596   445467.9 218777.2 110981.3 13459.5   2726.2  2331.0  1992.5
  1525 636.030  -0.001 636.029   610389.7 247240.7 125921.0 32301.6   3544.3  2396.6  3329.4

         Carbon flux (ktC/yr)        Water (dam3/yr)                Nitrogen (MgN/yr)
       ----------------------- -------------------------- --------------------------------
Spinup NEP     estab   NBP     transp     evap    interc  nuptake ndemand  nlosses ninflux
------ ------- ------- ------- ---------- ------- ------- ------- -------- ------- -------
  1526 180.129  -0.000 180.129   507524.5 238960.3 108375.3 20787.5   3364.3  2320.5  2709.1
  1527  37.914   0.000  37.914   437765.5 233317.2 95126.2 20304.4   3143.4  2243.1  2488.9
  1528 -145.955   0.000 -145.955   459827.0 205617.5 94076.5 31339.0   2793.1  2442.8  1731.4
  1529 189.226  -0.001 189.225   559635.9 240919.2 97742.3 30295.6   2558.6  2413.9  2020.1
  1530 -399.938   0.001 -399.937   432290.2 228265.9 73496.2 17113.9   1492.8  2414.0  1033.4
  1531 -350.284   0.001 -350.284   387612.8 225237.9 117985.2 24452.8   2031.0  2383.1  1178.3
  1532 -66.077  -0.000 -66.078   473902.8 248232.8 90679.4 25459.7   3570.3  2426.7  2552.9
  1533 -159.746   0.001 -159.745   434329.4 233106.8 100126.8 29868.3   1972.6  2566.5  1344.7
  1534 -252.155  -0.000 -252.155   449463.6 214994.2 106849.3 26458.2   3093.2  2411.0  2203.2
  1535  36.982  -0.001  36.981   510314.4 222908.1 105214.6 32726.9   4294.7  2400.1  3205.6
  1536 -219.867   0.001 -219.866   430371.6 213918.3 80068.1 18506.2   3479.2  2391.0  2478.3
  1537 110.417  -0.001 110.416   495339.1 227764.0 95964.2 30734.3   4345.5  2354.6  3100.7
  1538 213.054  -0.000 213.054   464638.4 209669.1 83487.6 18174.4   3754.1  2357.5  2679.5
  1539 188.994  -0.001 188.994   470929.0 232821.1 118966.2 22376.0   2606.9  2439.2  2333.4
  1540 -131.410   0.000 -131.409   456314.6 229898.8 69207.1 22128.1   2192.1  2717.9  1636.9
  1541 -179.914   0.000 -179.914   427397.4 239782.1 106324.7 24394.9   2587.9  2449.2  1620.6
  1542 -364.598   0.001 -364.597   392746.8 217195.5 87178.9 13273.3   2024.3  2479.8  1384.7
  1543 263.611  -0.001 263.610   504012.9 207569.6 103303.5 32397.4   2826.2  2505.8  2186.8
  1544 235.892  -0.000 235.891   469012.7 226641.1 112612.2 24367.2   2779.8  2559.1  2356.4
  1545 426.487  -0.001 426.486   601837.9 252465.4 133505.2 24307.9   4561.7  2491.4  3835.7
  1546 -29.812   0.001 -29.812   444404.9 190544.8 77019.4 14249.7   2875.7  2559.8  2348.5
  1547 -123.359   0.001 -123.358   428639.3 246826.8 90617.1 24489.7   3242.9  2436.5  2291.8
  1548 -472.410   0.003 -472.407   360238.3 224733.3 63444.7 17045.6   2531.7  2473.8  1797.2
  1549 -648.980   0.000 -648.980   334098.6 200186.6 78738.3 18640.6   2276.7  2501.0  1360.2
  1550 -168.951  -0.000 -168.951   404388.8 226319.9 65579.6 27578.4   2304.6  2494.6  1971.7

         Carbon flux (ktC/yr)        Water (dam3/yr)                Nitrogen (MgN/yr)
       ----------------------- -------------------------- --------------------------------
Spinup NEP     estab   NBP     transp     evap    interc  nuptake ndemand  nlosses ninflux
------ ------- ------- ------- ---------- ------- ------- ------- -------- ------- -------
  1551 345.730  -0.002 345.728   559610.7 226023.5 89283.1 37023.9   2477.1  2515.9  2342.3
  1552 108.162  -0.001 108.161   468962.8 200392.7 86321.7 16769.2   3263.0  2531.4  2405.2
  1553 509.341  -0.001 509.339   546133.7 232828.6 110239.7 30133.9   2383.8  2604.5  2054.7
  1554 482.177  -0.001 482.176   594426.3 211882.9 118876.4 23867.6   2959.7  2639.5  2436.5
  1555  99.451   0.001  99.453   423684.6 245342.7 131936.3 19703.4   2417.8  2503.0  2230.3
  1556 -43.330   0.000 -43.330   491454.6 231314.2 118252.5 20138.4   3604.8  2407.0  2980.3
  1557 125.319  -0.000 125.318   529636.6 215421.7 139656.7 24250.7   3794.4  2483.2  3371.0
  1558 -374.903   0.001 -374.903   422017.5 217421.7 82785.4 25748.3   3624.3  2482.5  2414.4
  1559 153.796  -0.001 153.795   534329.5 210347.8 137948.5 29491.7   4602.4  2520.1  3457.2
  1560 204.672  -0.000 204.672   485295.1 232656.0 119890.9 22989.2   3134.2  2533.9  2694.5
  1561  54.878  -0.000  54.878   521089.5 230725.0 127847.4 19701.1   3577.2  2698.5  2911.6
  1562 183.016   0.000 183.017   479627.8 225536.6 123929.8 26178.6   3036.2  2732.7  2735.9
  1563 -67.059   0.001 -67.059   450883.0 191776.2 78153.3 16484.9   3390.5  2564.5  2789.8
  1564  57.403   0.001  57.403   441277.3 206254.1 86301.2 27494.9   3170.1  2576.9  2576.2
  1565 -85.822   0.000 -85.821   448585.1 231435.4 79313.0 28059.9   3464.4  2554.1  2897.7
  1566  -0.468  -0.000  -0.468   487155.8 243202.9 103154.3 21375.3   5517.8  2497.6  3720.6
  1567 -535.995   0.001 -535.995   385808.0 215453.9 82098.2 20981.6   3236.2  2515.7  1920.3
  1568 -457.755   0.001 -457.754   358956.3 216180.4 78836.1 16267.7   2537.2  2526.2  1813.8
  1569 402.178  -0.001 402.177   549448.8 221133.4 101072.4 31307.3   3712.4  2577.2  3203.1
  1570 -178.730   0.000 -178.730   433124.4 217953.5 80123.8 21909.7   2982.1  2615.2  2173.3
  1571 -45.658  -0.000 -45.658   432423.1 249437.8 91002.4 21702.9   2853.9  2502.9  1956.5
  1572 145.291  -0.000 145.290   446800.5 222992.0 111657.0 21605.9   2914.1  2612.7  2566.9
  1573 356.336  -0.000 356.335   551605.6 248566.7 135801.8 26997.1   3562.2  2638.8  3378.0
  1574 279.860  -0.000 279.860   554467.5 255514.3 138829.3 23081.3   4087.6  2575.4  3697.5
  1575 -119.571   0.000 -119.571   478074.0 237676.6 124995.5 18835.6   3694.9  2574.4  3116.8

         Carbon flux (ktC/yr)        Water (dam3/yr)                Nitrogen (MgN/yr)
       ----------------------- -------------------------- --------------------------------
Spinup NEP     estab   NBP     transp     evap    interc  nuptake ndemand  nlosses ninflux
------ ------- ------- ------- ---------- ------- ------- ------- -------- ------- -------
  1576 -51.727   0.001 -51.726   442277.8 251721.0 92402.7 23026.5   3843.7  2488.4  2933.8
  1577 -192.410   0.000 -192.410   403794.6 197865.7 93563.9 22654.3   4215.4  2455.5  2982.5
  1578  26.999  -0.000  26.998   458202.7 261482.2 89087.0 27231.8   3364.3  2451.3  2973.7
  1579 -302.786  -0.000 -302.786   422804.3 223502.3 81788.7 21605.6   2180.2  2575.4  1745.6
  1580 229.318  -0.001 229.317   555298.7 226748.8 109507.7 38546.6   2632.5  2531.9  2396.3
  1581 100.726   0.000 100.726   457968.2 224484.0 85357.9 21829.2   2910.4  2455.9  2669.0
  1582 -326.725   0.001 -326.725   401669.5 219513.0 86665.9 13600.2   3253.7  2455.6  2421.9
  1583 -211.699   0.001 -211.698   405455.8 219337.8 82100.9 23893.6   2631.9  2490.0  2154.1
  1584  72.262  -0.001  72.262   494189.5 232958.8 116127.6 26940.4   3223.9  2500.1  2811.2
  1585 135.147  -0.000 135.147   459569.0 249995.8 90952.6 19644.5   3233.3  2482.9  2444.9
  1586 -31.884  -0.000 -31.884   486237.7 220497.4 111787.9 31466.4   2830.0  2507.2  2478.5
  1587 -39.945   0.000 -39.945   417904.3 210698.3 86463.2 20814.4   3915.2  2382.8  2911.0
  1588 -188.069   0.000 -188.069   428872.2 230522.5 89525.3 18432.5   3374.4  2452.9  2527.4
  1589 -84.445   0.001 -84.444   381003.6 233702.8 90665.6 23339.1   2829.6  2375.8  2359.1
  1590 -75.860  -0.001 -75.861   506607.2 235645.8 104807.4 39539.7   3316.4  2556.0  2905.1
  1591 377.150  -0.001 377.148   533764.6 201740.8 136826.9 19691.0   4722.5  2448.9  3455.6
  1592 120.488   0.002 120.490   445723.1 255769.5 116046.7 23037.3   2297.2  2448.6  2069.0
  1593  -3.696  -0.001  -3.697   522851.2 237897.5 103894.9 28509.2   3218.4  2416.1  2839.1
  1594 -63.484   0.000 -63.484   465451.0 222449.7 82466.8 27470.5   3633.6  2416.5  2872.3
  1595  91.167  -0.000  91.167   467129.7 238953.0 107263.4 18722.8   5591.3  2364.1  3673.3
  1596  38.609  -0.000  38.609   497068.8 260337.5 118857.0 25952.1   3652.0  2384.0  3115.9
  1597 312.461  -0.000 312.460   564358.7 227483.2 115510.6 22918.3   4319.1  2439.3  3220.5
  1598 257.964  -0.001 257.964   550398.7 218872.8 151248.7 23689.7   3445.9  2574.9  3008.9
  1599 165.853   0.000 165.853   539217.6 211615.9 108296.5 20077.5   3347.9  2379.8  3102.9
  1600 -150.962   0.000 -150.961   494238.9 220391.7 120519.0 34882.2   2907.6  2419.5  2402.4

         Carbon flux (ktC/yr)        Water (dam3/yr)                Nitrogen (MgN/yr)
       ----------------------- -------------------------- --------------------------------
Spinup NEP     estab   NBP     transp     evap    interc  nuptake ndemand  nlosses ninflux
------ ------- ------- ------- ---------- ------- ------- ------- -------- ------- -------
  1601  11.199   0.000  11.199   458327.8 243730.9 98942.3 21929.6   4806.1  2352.4  3299.9
  1602 -75.037  -0.001 -75.038   538086.4 236885.0 116774.8 38508.5   3658.9  2544.1  2994.1
  1603 -78.433   0.000 -78.433   464751.3 223469.8 100002.2 10074.9   3695.4  2418.7  2685.9
  1604 -480.663   0.001 -480.662   360824.9 225405.8 75443.0 20202.7   1792.2  2420.6  1313.5
  1605 -951.069   0.004 -951.065   286200.9 215674.0 82663.6 11450.9   1711.7  2454.6  1102.6
  1606 200.416  -0.002 200.413   513623.2 228361.0 86973.8 45345.9   2899.6  2482.8  2686.2
  1607 108.731  -0.001 108.730   455252.4 219850.2 81218.8 11194.8   3110.3  2417.3  2563.1
  1608  73.145  -0.000  73.145   426297.5 229747.4 101593.8 23342.5   2397.4  2396.9  1845.1
  1609   2.346   0.002   2.348   472443.4 239963.7 118763.4 24960.7   2285.0  2418.0  1851.8
  1610  11.985  -0.001  11.984   476306.6 222974.2 75280.1 30089.2   2225.0  2496.2  2022.2
  1611 104.009  -0.001 104.008   506393.7 229608.9 99194.9 29303.8   3776.7  2357.4  3027.2
  1612 142.866  -0.001 142.865   518954.3 236806.6 95177.5 24328.1   4080.2  2377.0  3306.9
  1613 141.309  -0.001 141.308   559426.4 240173.1 105848.9 34081.7   3249.1  2486.5  2593.0
  1614 435.339  -0.001 435.338   582075.7 210397.9 106044.5 18459.6   4064.4  2409.4  3220.0
  1615 235.630  -0.000 235.630   470918.2 214717.2 133657.3 22918.2   2001.4  2458.1  1632.6
  1616 106.189  -0.000 106.189   574736.7 226058.5 126861.6 37150.4   3000.0  2667.7  2540.5
  1617 130.251   0.000 130.251   465255.9 220412.7 136685.8 18307.8   3783.7  2425.5  2878.2
  1618 -149.447   0.001 -149.447   470439.3 222571.3 93124.1 30571.0   3429.1  2679.0  2612.4
  1619  20.988   0.000  20.988   494125.9 253467.8 128174.2 28897.2   5726.3  2378.4  3778.3
  1620  48.729   0.000  48.729   449792.4 225793.8 89116.9 25637.3   4415.7  2400.4  3215.4
  1621 175.099  -0.000 175.099   507034.7 196649.6 145865.9 19616.3   6491.4  2390.9  3883.4
  1622 -360.764   0.001 -360.763   416877.0 219052.8 92346.9 22678.4   3812.5  2407.4  2337.6
  1623  42.757  -0.000  42.757   464761.5 241081.1 113780.8 26605.6   3771.2  2424.2  2804.6
  1624 -200.197   0.000 -200.197   407252.8 197034.2 103518.0 19143.8   2969.1  2452.2  1732.9
  1625 -195.570   0.000 -195.570   423847.9 232710.3 72776.1 28710.1   1902.5  2499.5  1328.8

         Carbon flux (ktC/yr)        Water (dam3/yr)                Nitrogen (MgN/yr)
       ----------------------- -------------------------- --------------------------------
Spinup NEP     estab   NBP     transp     evap    interc  nuptake ndemand  nlosses ninflux
------ ------- ------- ------- ---------- ------- ------- ------- -------- ------- -------
  1626 -535.532   0.001 -535.531   353377.0 207830.3 89538.9 15384.4   1760.4  2473.1  1066.0
  1627 243.550  -0.001 243.549   523230.1 226224.3 105931.2 33592.5   3354.3  2553.6  2748.2
  1628 466.207  -0.001 466.206   570436.4 217028.6 115495.4 24654.3   3373.0  2671.4  2861.9
  1629 162.625  -0.000 162.624   542025.2 224969.1 122765.4 30117.2   2881.5  2542.3  2568.6
  1630 248.724  -0.000 248.724   501191.0 229716.0 126923.1 19951.2   4554.9  2482.0  3604.1
  1631 184.125   0.000 184.125   510432.0 205475.3 109872.7 19726.1   3568.6  2703.2  3113.0
  1632 -87.950   0.001 -87.950   412463.0 220712.4 88579.5 30891.3   2631.3  2390.4  2403.2
  1633  66.759   0.000  66.759   490434.3 209808.3 100419.1 20345.3   5173.4  2341.7  3753.1
  1634 -243.599   0.000 -243.598   395484.5 220010.2 93642.3 15610.0   2764.7  2362.2  2056.4
  1635 242.842  -0.000 242.842   502626.6 248608.5 136368.1 30091.8   3849.3  2389.0  3421.4
  1636  17.926  -0.000  17.926   485255.0 215549.6 145405.3 21671.3   4055.3  2429.7  3399.4
  1637 177.016  -0.000 177.016   480734.4 199758.7 142468.3 21990.5   4016.9  2382.4  3343.3
  1638  51.886   0.000  51.886   438847.1 233449.0 122510.3 27412.1   3335.7  2508.3  2944.7
  1639 -80.456   0.001 -80.455   409860.9 210880.5 88793.4 23355.1   4158.8  2531.6  3057.6
  1640 -70.386  -0.000 -70.386   458579.2 258581.0 106741.2 25988.0   4550.4  2610.6  3324.5
  1641  79.923  -0.001  79.922   515695.1 241227.9 148291.0 31162.1   3926.4  2678.2  3260.2
  1642 349.365  -0.001 349.364   509325.1 230369.7 125546.2 18931.6   3886.3  2677.4  3196.2
  1643  43.117   0.000  43.117   509032.6 254506.8 132149.1 25373.8   3247.3  2804.8  3015.6
  1644 -156.030   0.001 -156.029   446205.5 228699.7 100585.7 17200.7   3419.1  2505.0  2722.8
  1645 -192.929   0.001 -192.929   373156.2 180942.1 97754.7 21033.2   3067.9  2454.7  2216.8
  1646 -435.151   0.001 -435.150   376515.8 222417.0 122199.8 18655.4   2888.7  2475.6  2152.9
  1647 -167.019   0.001 -167.019   416952.0 214001.5 84106.5 20054.0   3355.5  2485.7  3020.2
  1648  -6.098  -0.000  -6.098   417832.9 190557.5 126779.5 23090.8   3700.5  2386.8  3062.5
  1649 -30.097  -0.000 -30.098   469275.5 258178.2 108622.6 26028.9   3662.3  2396.5  3447.2
  1650 -49.736  -0.001 -49.737   477054.2 239636.4 98306.7 30688.6   4012.6  2365.5  3248.2

         Carbon flux (ktC/yr)        Water (dam3/yr)                Nitrogen (MgN/yr)
       ----------------------- -------------------------- --------------------------------
Spinup NEP     estab   NBP     transp     evap    interc  nuptake ndemand  nlosses ninflux
------ ------- ------- ------- ---------- ------- ------- ------- -------- ------- -------
  1651 320.973  -0.001 320.972   487105.5 234192.5 111065.4 21203.0   4857.7  2451.4  3701.2
  1652  96.864   0.000  96.865   432885.7 241854.9 96401.2 18486.7   3479.4  2649.0  3046.2
  1653  52.226   0.002  52.228   535518.0 250417.0 122323.0 34730.4   2413.3  2695.9  2169.5
  1654 132.717  -0.001 132.717   486762.4 235808.2 82877.8 25545.6   2084.0  3117.5  2061.4
  1655 103.468  -0.000 103.468   449587.9 223011.7 123947.9 21185.3   2792.5  2919.6  2456.4
  1656  56.881  -0.000  56.881   512840.3 251881.9 113232.0 25063.2   3493.5  3133.9  2900.1
  1657 -148.673   0.001 -148.673   423703.0 196546.7 78941.8 19480.0   2382.4  2895.8  2082.2
  1658 -49.598   0.001 -49.597   425270.4 240846.3 116433.5 29221.4   2677.5  2845.6  2263.0
  1659  -3.286  -0.000  -3.286   452580.2 229075.2 80078.0 26726.8   3327.3  2749.1  3001.5
  1660 -65.046  -0.001 -65.047   483734.0 239334.8 119117.4 22191.4   4672.3  2764.7  3344.2
  1661 111.062   0.000 111.063   440743.3 246224.5 93079.7 18365.5   3432.3  2725.2  2873.8
  1662 -11.758  -0.001 -11.759   538801.3 238434.2 110063.8 40624.4   2969.5  2744.1  2699.6
  1663 -392.187  -0.000 -392.187   425996.6 218490.6 88133.3 20655.7   3591.9  2655.5  2225.0
  1664 115.848  -0.000 115.848   435697.4 221768.7 125205.3 23335.8   2529.7  2657.1  2168.0
  1665 285.552  -0.001 285.552   521963.1 234526.6 122043.5 26336.5   3288.4  2880.0  2973.2
  1666 154.560  -0.000 154.560   505977.6 237230.2 118945.7 25045.0   3210.3  2815.5  2624.1
  1667 -20.156   0.001 -20.155   511390.4 233685.6 140435.1 23261.8   2937.7  2641.9  2375.5
  1668 193.457   0.000 193.457   559452.8 222422.5 106503.6 25156.0   3085.7  2758.4  2900.5
  1669 250.943  -0.001 250.942   547081.6 216598.3 125188.4 26965.4   3072.6  2690.4  2358.6
  1670 114.002  -0.000 114.002   551185.2 242734.2 164269.6 30078.9   3476.2  2820.4  2952.1
  1671 -102.225   0.001 -102.224   509345.8 236022.9 119417.7 28271.3   4177.2  2607.7  3118.2
  1672  17.079   0.001  17.079   455228.7 231552.6 90263.5 27861.4   4320.6  2582.0  3139.8
  1673 -47.072   0.001 -47.071   439003.9 228679.9 86583.6 26219.8   4870.4  2540.9  3262.7
  1674 -392.395   0.001 -392.394   388120.0 222368.6 85916.3 13369.5   5079.6  2520.9  3072.3
  1675 119.239  -0.000 119.239   473579.4 189835.6 89823.3 27155.3   4332.0  2535.4  3450.0

         Carbon flux (ktC/yr)        Water (dam3/yr)                Nitrogen (MgN/yr)
       ----------------------- -------------------------- --------------------------------
Spinup NEP     estab   NBP     transp     evap    interc  nuptake ndemand  nlosses ninflux
------ ------- ------- ------- ---------- ------- ------- ------- -------- ------- -------
  1676 -25.028  -0.000 -25.029   467049.6 211388.7 142237.4 23179.5   3418.1  2468.7  2758.7
  1677 -29.412  -0.000 -29.412   487016.8 235126.3 99300.2 25065.4   3264.1  2462.2  2986.6
  1678  28.919   0.000  28.919   424690.9 250754.2 122130.6 26766.2   2742.5  2500.8  2504.6
  1679 -428.026   0.000 -428.026   399653.5 220112.3 83626.6 27244.0   4439.4  2457.2  2734.9
  1680 313.516  -0.001 313.514   521541.8 219816.8 113015.5 24885.0   4322.5  2536.8  3223.3
  1681 113.523  -0.000 113.523   507677.2 232653.3 110679.7 27562.1   2940.0  2631.2  2614.0
  1682 292.747  -0.001 292.746   512924.4 204343.1 147512.0 22109.4   4355.1  2496.0  3335.6
  1683 126.934  -0.000 126.934   529064.3 227523.2 125624.5 32438.6   3055.6  2508.5  2624.3
  1684 118.145   0.000 118.145   440207.5 223865.9 134129.4 19107.4   3811.8  2441.9  2924.2
  1685 208.542  -0.000 208.542   534592.5 216745.8 109461.2 23779.2   3748.5  2712.9  3255.7
  1686   7.903   0.001   7.904   388054.1 242967.2 134518.6 24940.1   2381.6  2384.7  2045.2
  1687 -250.593   0.001 -250.593   404480.1 222343.6 94321.2 17353.4   3795.7  2346.7  2734.7
  1688 -32.275  -0.000 -32.275   458681.8 210631.1 142315.0 28286.9   3551.0  2351.4  2836.8
  1689 -21.421  -0.000 -21.421   496083.0 228849.5 114879.3 30760.1   3534.2  2343.1  3076.0
  1690 -360.124   0.000 -360.124   411370.9 219351.4 87899.7 25628.1   4349.5  2370.8  2790.0
  1691 -352.455   0.001 -352.455   373731.3 217729.0 87005.4 13807.8   2500.3  2401.9  1822.7
  1692 342.830  -0.001 342.830   486815.8 186967.0 90922.1 33549.2   2853.6  2414.0  2373.7
  1693 -158.645   0.000 -158.645   438540.0 218103.1 117844.6 26001.8   2287.7  2361.4  1802.3
  1694 -72.938  -0.000 -72.938   423656.5 201694.6 98801.5 23825.3   4289.7  2390.1  3053.2
  1695 -51.717  -0.000 -51.717   448168.2 226347.9 85159.1 32803.9   2420.9  2483.9  1966.8
  1696 144.921   0.001 144.921   376291.5 242935.9 125317.0 19795.2   3340.3  2298.2  2661.3
  1697 -61.584   0.000 -61.584   448735.3 233876.2 96509.6 24945.2   4635.0  2305.4  3572.3
  1698  -9.432   0.003  -9.429   426399.2 258973.7 73414.7 30751.4   2323.2  2438.5  2092.0
  1699 -166.096  -0.001 -166.097   417575.1 237589.0 63790.3 17919.7   2963.2  2315.3  2260.1
  1700 -24.747  -0.000 -24.747   405993.3 229198.3 111778.9 21016.8   2399.1  2373.7  2208.8

         Carbon flux (ktC/yr)        Water (dam3/yr)                Nitrogen (MgN/yr)
       ----------------------- -------------------------- --------------------------------
Spinup NEP     estab   NBP     transp     evap    interc  nuptake ndemand  nlosses ninflux
------ ------- ------- ------- ---------- ------- ------- ------- -------- ------- -------
  1701 386.276  -0.002 386.275   569925.8 227377.5 107476.6 29100.8   3291.7  2594.3  2853.8
  1702 348.590  -0.001 348.589   509739.5 186164.3 94851.9 23652.5   2846.1  2464.8  2488.0
  1703 -762.217   0.003 -762.214   301182.6 208225.1 87309.3  7403.7   1767.1  2319.4  1213.5
  1704 237.523  -0.001 237.522   490838.3 243255.5 90506.1 34271.4   2653.0  2347.9  2641.6
  1705 133.636  -0.000 133.636   433774.5 240390.9 84219.7 21114.0   2951.9  2281.3  2595.1
  1706 -139.604   0.001 -139.604   445444.8 227256.7 73990.3 34109.1   1979.1  2442.8  1715.9
  1707 239.410  -0.002 239.408   517387.7 243116.5 137682.7 29519.9   4012.9  2269.0  3230.9
  1708 468.885  -0.001 468.884   526698.0 230270.1 117734.2 19284.2   3502.8  2337.6  2987.4
  1709 249.152   0.000 249.152   526313.8 205526.3 106437.3 20157.9   2750.1  2474.4  2593.3
  1710  83.916   0.000  83.917   446521.5 225137.7 122779.3 24288.3   2571.7  2279.6  2062.5
  1711 -282.814   0.001 -282.813   402249.5 213921.3 84345.5 26320.6   2659.8  2344.3  2085.5
  1712 -406.273   0.001 -406.272   354142.0 213774.6 81605.6 14805.0   3993.3  2189.8  2602.1
  1713  34.503  -0.000  34.503   495007.9 227036.8 100224.5 38224.7   3843.2  2232.8  3294.9
  1714  63.323   0.001  63.325   426850.4 252019.0 105826.7 19319.7   3497.6  2216.2  2701.1
  1715 267.524  -0.002 267.522   558424.8 245860.8 136330.6 31579.5   3572.9  2269.0  3055.4
  1716 429.329  -0.001 429.328   564418.1 208480.5 100852.9 18185.0   3051.3  2258.1  2778.2
  1717 -64.961   0.000 -64.961   440886.3 226311.6 113279.0 31162.7   1662.0  2258.3  1228.2
  1718 -597.951   0.002 -597.948   335473.5 224698.4 72227.4 12682.7   2597.9  2202.2  1591.8
  1719 -82.311  -0.000 -82.311   473980.5 232393.9 116935.1 28262.3   2585.3  2326.6  1944.0
  1720 203.909  -0.002 203.908   495168.6 237851.8 109900.3 26842.1   2382.4  2392.5  2052.3
  1721 159.930  -0.001 159.930   545138.5 233608.7 96828.3 25567.5   2600.2  2364.1  2353.4
  1722 153.305  -0.001 153.304   566546.2 236327.9 101550.5 32532.1   2215.1  2440.9  1886.8
  1723 363.182  -0.001 363.181   610432.5 215747.3 153724.7 28707.5   2967.7  2428.6  2369.8
  1724 258.946  -0.000 258.946   507042.3 220355.1 138715.7 19979.2   2193.6  2433.2  1904.8
  1725   4.465   0.004   4.469   547047.3 284034.9 130384.9 33609.8   2708.4  2609.7  2217.6

         Carbon flux (ktC/yr)        Water (dam3/yr)                Nitrogen (MgN/yr)
       ----------------------- -------------------------- --------------------------------
Spinup NEP     estab   NBP     transp     evap    interc  nuptake ndemand  nlosses ninflux
------ ------- ------- ------- ---------- ------- ------- ------- -------- ------- -------
  1726  88.794  -0.002  88.792   468006.1 228959.6 132150.5 16610.1   2937.7  2400.9  2356.9
  1727  58.400  -0.001  58.399   582163.9 246055.4 159123.7 38190.7   3790.5  2685.1  3042.0
  1728 245.884  -0.001 245.883   587389.4 212872.1 160019.7 22571.9   4690.8  2449.6  3219.1
  1729 311.869  -0.000 311.869   599220.0 214345.3 165118.3 25791.8   3525.3  2445.4  2781.3
  1730 162.317   0.000 162.317   540764.1 243513.8 131655.8 24517.0   3483.4  2409.1  2604.1
  1731 -64.273   0.002 -64.271   397548.9 242070.6 144195.5 23008.1   2717.5  2358.6  2113.0
  1732 -200.160   0.001 -200.159   416185.4 191040.8 79514.9 17236.4   3726.9  2350.4  2668.4
  1733  -6.270  -0.001  -6.271   516829.8 243299.4 147609.8 35665.7   4080.8  2382.6  3358.4
  1734  55.879  -0.000  55.879   479841.1 254435.4 98053.4 17689.0   4395.8  2326.1  3056.3
  1735 -212.630   0.001 -212.629   416112.2 216974.9 86705.5 24974.5   2850.5  2409.2  2207.7
  1736 -361.092   0.001 -361.091   370914.8 226946.5 69808.4 19357.5   3714.8  2245.7  2339.4
  1737 -457.800   0.001 -457.799   356674.5 218810.4 86705.7 15250.5   2929.8  2304.2  2103.2
  1738  36.851  -0.000  36.851   424682.9 200947.1 89951.2 24472.7   2896.0  2256.6  2594.7
  1739  -0.607   0.001  -0.606   464871.5 238829.1 113959.9 26331.6   2053.5  2305.1  1649.9
  1740 -334.224  -0.001 -334.225   429794.0 223613.3 76011.1 23496.8   2114.5  2476.3  1726.1
  1741 -67.405  -0.000 -67.405   414059.7 207366.8 80413.9 23801.8   2081.6  2390.0  1643.1
  1742 -131.186  -0.000 -131.187   429081.4 257001.5 86979.2 24880.7   2316.6  2412.6  1706.1
  1743 110.284  -0.000 110.284   424831.1 217254.0 115566.7 23543.4   2098.6  2542.0  1947.3
  1744 103.068  -0.001 103.067   490313.3 256515.4 90503.4 26210.8   3088.7  2588.0  2526.4
  1745 258.525  -0.001 258.524   534286.5 208112.9 144673.5 27990.8   3342.1  2477.1  2830.0
  1746 196.768  -0.001 196.768   559678.4 241690.9 155027.9 31208.6   3461.8  2384.9  3016.2
  1747 -41.415   0.000 -41.415   459915.5 228087.5 77170.2 22106.3   3207.7  2431.3  2327.1
  1748 394.243  -0.001 394.242   571999.0 250085.5 150782.7 30836.3   4526.6  2540.7  3611.7
  1749 158.512  -0.000 158.511   540337.7 238783.5 165411.5 29798.1   3817.6  2535.2  3072.9
  1750 378.045  -0.000 378.045   524761.2 227296.7 135604.9 20452.3   4231.4  2472.4  3224.3

         Carbon flux (ktC/yr)        Water (dam3/yr)                Nitrogen (MgN/yr)
       ----------------------- -------------------------- --------------------------------
Spinup NEP     estab   NBP     transp     evap    interc  nuptake ndemand  nlosses ninflux
------ ------- ------- ------- ---------- ------- ------- ------- -------- ------- -------
  1751 -236.033   0.001 -236.032   408327.8 210620.0 99445.5 14769.1   2794.5  2617.8  1995.2
  1752 139.081   0.000 139.081   451871.8 227031.9 127598.0 33719.1   2934.2  2400.9  2429.7
  1753  93.322  -0.000  93.322   483452.0 244203.1 116878.9 25217.3   5032.3  2365.5  3643.5
  1754 -159.512   0.001 -159.511   416391.1 220668.5 100339.4 13380.4   3224.4  2353.0  2356.6
  1755 -246.817   0.001 -246.816   411514.5 222478.2 129462.9 21844.5   2766.2  2377.0  2062.7
  1756  -9.328   0.003  -9.326   471983.4 253360.6 119459.6 25473.1   2943.0  2512.3  2550.9
  1757 -99.058   0.000 -99.058   452672.8 264785.9 94108.6 31052.8   2146.0  2499.3  1885.0
  1758 -222.651  -0.000 -222.651   382626.3 250259.9 85668.4 12104.3   3432.3  2343.9  2179.9
  1759 128.701   0.001 128.701   482550.7 224558.7 102192.0 24444.8   3550.6  2469.7  2841.7
  1760 -86.491  -0.000 -86.492   446608.5 221095.3 74061.8 25475.8   2860.5  2436.8  2650.3
  1761 -96.729  -0.000 -96.729   448625.3 231481.3 87907.8 22017.2   4332.7  2267.2  3525.0
  1762  67.711  -0.001  67.710   454243.5 250162.6 84211.9 24357.6   3515.4  2325.2  2860.7
  1763 262.333   0.000 262.333   516679.7 248997.7 104983.0 31246.7   2623.9  2485.8  2341.5
  1764  94.302  -0.000  94.301   459118.0 191291.6 73738.7 17320.5   2052.3  2519.7  1903.1
  1765   2.569   0.002   2.571   432182.1 239613.6 114388.5 24156.9   2364.7  2358.2  2108.1
  1766 -37.588   0.000 -37.588   446509.6 242993.7 111473.7 24246.2   2933.7  2320.1  2525.8
  1767 212.979  -0.001 212.978   550417.3 215258.4 93500.4 24683.5   3468.6  2323.4  3150.2
  1768 -33.903   0.000 -33.903   430999.9 231944.4 114260.5 22813.7   2441.2  2312.5  1910.0
  1769 -53.996  -0.000 -53.996   469666.4 237441.9 102451.7 31444.3   2582.1  2305.9  2169.0
  1770 -205.198   0.001 -205.197   387377.3 229753.1 114227.6 16137.0   3431.7  2257.7  2474.7
  1771 -309.496   0.001 -309.496   404241.5 221438.2 78599.4 19432.0   3101.7  2296.8  2509.5
  1772  81.900  -0.001  81.899   539642.8 249150.4 130907.7 38914.1   3588.7  2309.4  3234.8
  1773 149.341  -0.000 149.341   477316.8 245699.2 89696.4 16142.7   3786.3  2273.6  3014.7
  1774 -516.008  -0.001 -516.009   442424.3 222110.5 83440.4 27901.2   2090.4  2548.4  1499.0
  1775 -216.480  -0.000 -216.481   422010.6 254810.5 91145.0 20290.4   2148.6  2429.1  1556.9

         Carbon flux (ktC/yr)        Water (dam3/yr)                Nitrogen (MgN/yr)
       ----------------------- -------------------------- --------------------------------
Spinup NEP     estab   NBP     transp     evap    interc  nuptake ndemand  nlosses ninflux
------ ------- ------- ------- ---------- ------- ------- ------- -------- ------- -------
  1776  -6.576  -0.001  -6.576   497438.5 220796.4 108026.1 35304.8   2157.3  2544.8  1757.3
  1777 127.220  -0.001 127.219   547928.7 243129.6 144027.7 30754.7   3801.7  2382.0  3100.8
  1778   0.024   0.000   0.024   477430.4 220649.5 96715.1 13204.7   2891.8  2377.7  2251.3
  1779 -82.541   0.001 -82.541   410370.0 220771.8 84373.8 26352.9   2114.1  2351.1  1917.9
  1780  18.370   0.000  18.370   450727.7 243463.1 90656.9 25259.2   3902.0  2311.0  2966.9
  1781 -160.922  -0.000 -160.922   464001.5 230506.6 87260.0 22857.5   2988.3  2468.5  2378.6
  1782 -80.873   0.000 -80.873   422595.7 233635.0 105198.8 20942.6   2460.9  2364.4  1727.7
  1783 -123.558  -0.000 -123.558   453276.7 230683.2 119055.8 23148.6   2691.4  2404.8  2133.5
  1784 146.224  -0.000 146.223   493160.3 239512.4 104230.5 24674.8   3455.7  2378.1  2992.8
  1785   5.166   0.000   5.167   433300.7 185359.5 90454.7 20501.0   3137.3  2304.6  2399.8
  1786 -533.279   0.002 -533.277   333097.4 201928.7 80831.5 14796.1   1539.8  2321.8  1107.0
  1787 -80.391  -0.000 -80.391   409448.3 192594.2 69839.3 26103.9   2979.0  2347.0  2320.0
  1788 -459.277   0.001 -459.276   334572.9 199042.9 69568.0 13617.7   1520.3  2346.6  1155.3
  1789 106.647  -0.001 106.645   439435.3 233168.5 82919.6 30221.7   2702.3  2389.8  2595.9
  1790 171.757  -0.001 171.756   473942.4 238095.8 84766.2 23829.0   3105.8  2398.0  2898.6
  1791 126.501  -0.001 126.500   440506.0 182542.6 77427.8 21085.4   2709.7  2274.6  2243.8
  1792 -196.239   0.000 -196.239   437222.8 214394.0 99074.9 28334.2   2019.7  2304.8  1683.1
  1793 223.784  -0.001 223.783   504336.6 199531.6 124518.6 23967.8   4158.2  2269.6  3383.8
  1794 189.185  -0.000 189.185   461496.0 221024.1 76642.8 25093.3   2467.0  2316.3  2535.6
  1795 120.817   0.000 120.817   418751.5 243962.4 113642.8 22489.5   3118.1  2199.3  2747.6
  1796 -46.583  -0.000 -46.583   493762.2 231224.8 97136.3 31707.1   4479.0  2189.1  3375.9
  1797 149.592  -0.001 149.592   517323.1 234398.3 92296.4 24226.2   4470.4  2218.8  3445.5
  1798 147.232   0.002 147.234   486796.4 252693.7 111020.3 24700.4   2232.0  2314.6  1798.8
  1799 697.292  -0.002 697.290   648308.9 255061.9 137520.7 26709.1   3233.9  2318.9  2889.9
  1800  41.805   0.001  41.806   465258.8 225698.2 88660.5 22733.5   2303.0  2343.6  2020.9

         Carbon flux (ktC/yr)        Water (dam3/yr)                Nitrogen (MgN/yr)
       ----------------------- -------------------------- --------------------------------
Spinup NEP     estab   NBP     transp     evap    interc  nuptake ndemand  nlosses ninflux
------ ------- ------- ------- ---------- ------- ------- ------- -------- ------- -------
  1801   8.612   0.000   8.612   468360.6 243933.2 95995.6 22194.2   3820.4  2210.4  2939.9
  1802 -416.524   0.001 -416.524   423477.9 224675.3 84688.6 23305.9   2242.4  2391.7  1627.5
  1803 -31.717  -0.000 -31.717   461607.1 216307.6 80286.9 32614.5   2406.2  2295.6  1983.7
  1804  60.626   0.002  60.628   496975.4 237733.3 121373.1 18827.1   3295.0  2230.8  2474.5
  1805 402.320  -0.002 402.318   548570.9 236604.2 112350.9 26302.6   2682.8  2388.0  2397.5
  1806 -261.535   0.001 -261.534   416611.1 213019.2 87437.9 13123.9   2080.9  2390.7  1567.3
  1807  80.730   0.000  80.730   456870.6 210715.1 83590.6 30261.9   2267.5  2241.9  1960.2
  1808 130.891  -0.001 130.891   524594.0 210909.2 135358.8 26144.7   3602.9  2269.7  2860.2
  1809 180.765  -0.001 180.764   517439.2 240492.0 109042.5 23047.3   3475.4  2270.0  2905.3
  1810 -272.457   0.001 -272.457   418982.6 200618.9 99100.6 18891.3   2939.7  2261.7  1929.2
  1811 213.932  -0.001 213.931   547945.8 219331.0 98458.3 29403.1   2849.7  2316.0  2596.6
  1812 191.714  -0.001 191.713   518189.0 189936.2 144418.1 23992.8   2513.1  2270.0  1860.7
  1813 114.088   0.000 114.089   485439.1 183353.6 100561.4 21115.6   2973.1  2249.1  2313.5
  1814 -276.580   0.002 -276.578   442583.6 250214.0 125067.6 26084.6   2930.4  2169.0  2407.2
  1815 248.955  -0.001 248.954   571872.3 255001.8 138829.7 25614.4   4918.5  2229.3  3753.4
  1816  95.489   0.001  95.491   516349.6 230784.4 113844.7 19267.9   4127.1  2296.9  3111.9
  1817 187.352  -0.001 187.351   504748.7 234944.5 117527.1 21478.5   3719.1  2370.5  3230.5
  1818 245.127  -0.000 245.127   563651.4 252639.6 141146.8 23949.9   4300.0  2378.9  3726.4
  1819 -400.491   0.001 -400.490   416379.6 232198.9 70992.9 18085.6   3578.6  2227.6  2677.8
  1820 -178.056   0.000 -178.056   450223.6 211096.3 93522.9 21295.8   3811.0  2144.7  3075.1
  1821 -287.290   0.000 -287.289   399168.3 225907.3 97171.6 29835.5   2404.0  2139.4  1797.8
  1822 -72.601  -0.001 -72.602   460684.2 207707.0 131615.1 21189.2   4673.0  2094.9  3176.8
  1823  -5.260  -0.000  -5.260   459436.7 233569.6 98266.7 28651.9   2769.2  2101.2  2360.7
  1824  13.931  -0.000  13.931   425569.2 224315.8 109643.4 16905.3   4221.0  2110.8  3175.9
  1825 -149.861   0.001 -149.860   414467.5 246761.8 88549.3 18165.2   3359.1  2222.4  2501.6

         Carbon flux (ktC/yr)        Water (dam3/yr)                Nitrogen (MgN/yr)
       ----------------------- -------------------------- --------------------------------
Spinup NEP     estab   NBP     transp     evap    interc  nuptake ndemand  nlosses ninflux
------ ------- ------- ------- ---------- ------- ------- ------- -------- ------- -------
  1826 -697.926   0.002 -697.924   343391.3 213567.9 76719.7 20447.0   2984.6  2230.5  1935.0
  1827   8.881   0.000   8.882   374050.8 241619.2 98509.3 26822.6   2803.1  2124.6  2511.1
  1828 -398.569  -0.000 -398.569   380678.2 215232.5 67700.1 23937.8   4010.9  2099.1  2658.6
  1829   8.427  -0.000   8.427   402285.9 205404.9 73318.6 22537.2   2304.6  2154.3  1840.8
  1830  -4.398   0.001  -4.396   421748.0 254752.0 95330.6 25293.5   2000.3  2152.4  1764.4
  1831 145.081  -0.002 145.080   483906.4 234666.7 88423.9 28238.2   1891.1  2140.2  1701.3
  1832 -33.731  -0.001 -33.731   475107.0 219920.2 102578.3 26976.7   2501.2  2153.4  2097.4
  1833  33.232  -0.001  33.231   454313.2 231018.6 97183.4 30321.9   2679.4  2102.8  2148.9
  1834 -241.562   0.001 -241.560   368752.9 202585.0 82425.3 12456.5   2561.8  2093.8  1733.0
  1835 -32.388  -0.001 -32.389   466304.8 239840.2 107358.3 26612.1   3091.1  2205.9  2531.5
  1836 337.098  -0.001 337.097   546833.4 222181.1 103582.7 33052.1   2673.8  2186.0  2480.8
  1837 163.847  -0.000 163.846   452536.3 209962.2 85923.3 19450.7   3041.5  2088.1  2396.0
  1838 -368.051   0.001 -368.050   389688.4 222878.3 84480.4 15934.5   2249.0  2199.8  1658.6
  1839 -356.742   0.000 -356.742   407072.0 214598.0 78357.9 30297.3   2285.2  2253.7  1602.6
  1840 176.668  -0.000 176.668   500729.2 259280.7 109547.7 34125.2   2916.6  2197.0  2470.7
  1841  -0.127  -0.000  -0.127   459366.6 220528.8 90944.4 12960.2   2210.6  2166.0  1711.0
  1842 -475.292   0.002 -475.290   344214.5 223228.3 68465.3 19978.8   1354.4  2146.9  1053.2
  1843 -583.897   0.001 -583.895   326938.6 224274.7 59948.9 18930.9   1741.4  2216.6  1297.9
  1844  78.392  -0.001  78.392   439283.8 203337.3 79971.0 28513.6   2570.8  2195.5  2298.3
  1845 -948.986   0.005 -948.981   299103.9 209165.8 68692.0  9660.5   1437.7  2882.9   967.6
  1846 374.494  -0.004 374.490   496531.0 232912.4 66054.1 39571.9   1681.0  2742.9  1575.5
  1847 281.740  -0.001 281.739   461965.3 213154.8 69568.4 24888.3   1453.7  2343.1  1251.7
  1848 244.327  -0.002 244.326   542121.7 233470.1 96620.5 37287.9   1845.4  2394.9  1671.9
  1849 -509.925   0.001 -509.924   400785.1 214373.5 79378.7 14540.5   2454.1  2387.5  1600.7
  1850 304.377  -0.001 304.377   506843.1 202416.6 91493.5 32943.0   2397.9  2412.0  2054.6

         Carbon flux (ktC/yr)        Water (dam3/yr)                Nitrogen (MgN/yr)
       ----------------------- -------------------------- --------------------------------
Spinup NEP     estab   NBP     transp     evap    interc  nuptake ndemand  nlosses ninflux
------ ------- ------- ------- ---------- ------- ------- ------- -------- ------- -------
  1851 -232.901   0.001 -232.900   379617.0 175163.5 90464.5 12367.8   1439.3  2297.0   834.7
  1852  28.101  -0.001  28.100   468956.3 229276.0 134442.9 40681.2   2179.7  2296.0  1727.5
  1853  90.130  -0.000  90.130   454371.2 187695.6 74181.2 14432.5   2581.9  2313.7  2096.1
  1854 454.852  -0.001 454.851   543850.0 186945.1 137302.2 31070.0   2886.0  2408.9  2429.7
  1855 293.941  -0.000 293.941   477202.9 221107.3 126313.8 21064.4   2328.7  2392.5  2191.5
  1856  93.423  -0.000  93.422   504872.1 202702.3 102639.0 26332.1   3552.2  2600.2  2780.1
  1857 142.081  -0.000 142.081   554081.3 243280.9 104771.1 35276.4   2687.8  2452.3  2230.2
  1858 141.943  -0.000 141.943   503634.3 247446.6 105029.5 22678.6   3069.6  2368.0  2251.5
  1859  23.983   0.000  23.983   525463.8 248507.5 120953.2 29532.1   2874.7  2519.2  2030.5
  1860 -66.660  -0.000 -66.660   515886.6 219437.4 129672.3 31822.2   2551.1  2466.4  1810.8
  1861 -399.891   0.003 -399.888   419027.4 222928.7 103912.2  6390.0   3157.7  2428.4  2074.8
  1862 -720.464   0.001 -720.463   333121.3 196925.2 99357.2 18434.2   1591.3  3145.0   806.5
  1863 -190.741  -0.000 -190.742   413491.2 231504.9 60968.9 33791.4   1993.7  2800.9  1484.0
  1864 -712.680   0.001 -712.679   339667.1 200719.7 87086.6 11551.2   1961.6  2837.1  1030.7
  1865 232.009  -0.001 232.008   554696.2 239383.6 109331.8 38739.9   2379.3  2971.2  2079.7
  1866 293.737  -0.002 293.736   607214.0 232323.5 122382.1 24730.4   2426.1  3014.4  2071.2
  1867 407.825  -0.001 407.824   621355.5 217650.5 147048.9 32663.0   2424.0  3080.6  2091.1
  1868 -52.796   0.000 -52.795   509971.5 218707.5 104891.5 13893.4   2319.7  2939.4  1820.0
  1869 -160.734   0.003 -160.732   488174.0 255326.6 127830.0 34435.1   2684.8  2871.3  2157.4
  1870 -45.994  -0.001 -45.995   511943.6 233792.6 131831.4 21682.4   3472.9  2956.1  2575.1
  1871 626.164  -0.001 626.164   634437.0 247429.1 150269.0 29821.4   3941.0  3024.5  3298.4
  1872  90.782   0.001  90.782   517029.2 206693.2 112708.4 13661.4   3289.5  2946.9  2729.1
  1873  22.098   0.000  22.099   443239.6 223764.7 125212.5 25072.1   2804.5  2869.9  2206.7
  1874 -325.727   0.003 -325.724   402550.2 198941.7 100191.4 21412.0   3470.4  3026.4  2371.0
  1875 192.875  -0.002 192.873   495289.6 238029.0 112697.1 29713.7   3579.8  2988.0  3065.0

         Carbon flux (ktC/yr)        Water (dam3/yr)                Nitrogen (MgN/yr)
       ----------------------- -------------------------- --------------------------------
Spinup NEP     estab   NBP     transp     evap    interc  nuptake ndemand  nlosses ninflux
------ ------- ------- ------- ---------- ------- ------- ------- -------- ------- -------
  1876 -63.829   0.000 -63.829   443669.4 248160.1 94696.4 16985.3   3303.0  3095.9  2454.3
  1877  20.244   0.000  20.245   407602.4 218373.1 120581.2 22030.5   2922.1  3001.3  2520.5
  1878 -68.664  -0.000 -68.664   471222.9 258251.2 90263.7 23664.7   3888.5  2997.5  3154.4
  1879 -63.430  -0.000 -63.430   468800.5 231597.8 120285.4 22188.9   3757.8  2925.3  2975.1
  1880 -50.202   0.000 -50.202   443488.9 209925.5 90098.8 16716.4   3114.2  2861.1  2672.4
  1881 -102.551   0.002 -102.548   453006.5 241543.0 117677.3 24926.1   2675.8  2770.9  2268.0
  1882  69.860  -0.001  69.859   473587.8 252498.1 84797.2 24347.6   2877.3  2898.0  2645.2
  1883 -56.415   0.000 -56.414   447803.9 222081.4 77642.3 27971.8   2105.0  2946.3  1769.1
  1884 199.902  -0.001 199.901   489553.0 236056.1 107496.0 23801.4   2892.2  2909.0  2484.9
  1885 -16.405  -0.000 -16.405   498660.2 228372.8 122074.4 20464.2   2678.0  3039.1  2341.5
  1886 124.955   0.001 124.956   537892.9 239315.8 126309.9 25167.6   2729.5  2940.4  2384.9
  1887 -116.395   0.001 -116.394   463119.5 207163.1 74582.5 20314.1   2292.0  3182.5  2150.4
  1888 267.436  -0.001 267.435   558689.8 214658.9 139078.3 30903.4   3355.0  3098.6  2839.6
  1889 142.021  -0.000 142.021   471521.8 225837.1 121449.8 17852.0   2810.4  3046.5  2548.6
  1890 197.749  -0.000 197.749   527629.5 237221.7 117055.2 25468.3   3572.5  3324.3  3146.4
  1891 120.829   0.003 120.832   521473.1 236202.8 110769.7 22096.6   3387.7  3266.0  2714.3
  1892 143.729  -0.002 143.727   536626.6 224412.9 139567.8 22482.9   3555.9  3136.0  3010.2
  1893 -16.980   0.000 -16.980   459794.1 235195.5 118044.8 23623.3   3343.5  3047.8  2801.9
  1894 -86.575   0.001 -86.573   414026.8 249792.8 118252.9 21461.4   3575.6  3076.8  2892.4
  1895 -542.407   0.002 -542.406   395854.2 221304.0 76673.2 23416.5   4935.4  3057.7  3078.2
  1896 -162.295  -0.001 -162.296   402159.2 209197.3 76899.5 19936.1   3205.8  3104.6  2355.2
  1897 -23.066   0.000 -23.066   402691.6 252679.8 105417.5 22373.7   2597.1  3075.6  2437.9
  1898 150.904  -0.001 150.903   503317.9 200036.4 120754.3 25145.4   4193.0  3061.1  3416.3
  1899 134.635  -0.001 134.634   448695.3 224635.0 111237.1 18534.3   2732.8  3114.7  2667.6
  1900  48.876  -0.001  48.876   496323.1 259384.5 87832.2 23847.6   3339.1  3359.2  2870.1

         Carbon flux (ktC/yr)        Water (dam3/yr)                Nitrogen (MgN/yr)
       ----------------------- -------------------------- --------------------------------
Year   NEP     estab   NBP     transp     evap    interc  nuptake ndemand  nlosses ninflux
------ ------- ------- ------- ---------- ------- ------- ------- -------- ------- -------
  1901 -267.538   0.000 -267.538   400848.4 225663.9 67680.8 20795.0   2517.1  3194.9  1975.9
Simulation ended.
lpjml successfully terminated, 63 grid cells processed.
Wall clock time:	142 sec, 0.00075 sec/cell/year.
Total wall clock time:	148 sec (00:02:28).
