--------------------------------------
Running config: /home/druijsch/LPJmL5/dev15oct2025/config_files/2026_04_08_run_for_10_locations/boreal_broadleaved_summergreen_tree/spinup/configs/boreal_broadleaved_summergreen_tree_patch6_config_spinup.cjson
SLURM task ID: 5
Node: tcn333.local.snellius.surf.nl
--------------------------------------
******************************************************************************
****        _     ____     _           _       ____        _  ___         ****
****       | |   |  _ \   | |_ __ ___ | |     | ___|      / |/ _ \        ****
****       | |   | |_) |  | | '_ ` _ \| |     |___ \      | | | | |       ****
****       | |___|  __/ |_| | | | | | | |___   ___) |  _  | | |_| |       ****
****       |_____|_|   \___/|_| |_| |_|_____| |____/  (_) |_|\___/        ****
****                                                                      ****
****                 lpjml C Version 5.10.1 (Apr 14 2026)                 ****
****    Dynamic global vegetation model with natural and managed land     ****
****                     Compiled for Linux with MPI                      ****
****       (C) Potsdam Institute for Climate Impact Research (PIK),       ****
****                          see COPYRIGHT file                          ****
****              Authors, and contributors see AUTHORS file              ****
**** This version of LPJmL is licensed under GNU AGPL Version 3 or later  ****
****        See LICENSE file or go to http://www.gnu.org/licenses/        ****
****                 or invoke lpjml -l to print license                  ****
****      https://gitlab.pik-potsdam.de/lpjml/wur_team/lpjml-wur.git      ****
****          GIT hash: 5e6f8e1bb5c5d5f3357da68b6c43e9517864f3c2          ****
****                                                                      ****
******************************************************************************

Running for user druijsch on tcn333.local.snellius.surf.nl at Tue Apr 14 16:49:50 2026
Reading configuration from '/home/druijsch/LPJmL5/dev15oct2025/config_files/2026_04_08_run_for_10_locations/boreal_broadleaved_summergreen_tree/spinup/configs/boreal_broadleaved_summergreen_tree_patch6_config_spinup.cjson'.
==============================================================================
/----------------------------------------------------------\
|institution: Potsdam Institute for Climate Impact Research|
|contact:                                                  |
|comment:                                                  |
\----------------------------------------------------------/
Simulation "LPJmL Run" running on 50 tasks
Simulation with shuffle spinup climate, equilsoil is called, 
nitrogen limitation, permafrost, Johansen conductivity, 
percolation heattransfer, GSI phenology, NPP controlled BNF.
Cultivation types: none, biomass, annual crop
Working directory: /gpfs/home5/druijsch/LPJmL5/dev15oct2025
cpp processed configuration file written to `/projects/prjs2023/chapter3/lpjml_output/2026_04_08_run_for_10_locations/boreal_broadleaved_summergreen_tree/patch_6/output/lpjml_config_spinup.json`.
Starting from scratch.
Input files:
Variable     Fmt  Varname  Filename
------------ ---- -------- ---------------------------------------------------
soil         cdf  soilcode /projects/prjs2023/chapter3/lpjml_input/run_for_10_locations/boreal_broadleaved_summergreen_tree/patch_6/soil.nc
temp         cdf  tas      /projects/prjs2023/chapter3/lpjml_input/run_for_10_locations/boreal_broadleaved_summergreen_tree/patch_6/temp.nc
prec         cdf  pr       /projects/prjs2023/chapter3/lpjml_input/run_for_10_locations/boreal_broadleaved_summergreen_tree/patch_6/prec.nc
lwdown       cdf  rlds     /projects/prjs2023/chapter3/lpjml_input/run_for_10_locations/boreal_broadleaved_summergreen_tree/patch_6/lwdown.nc
swdown       cdf  rsds     /projects/prjs2023/chapter3/lpjml_input/run_for_10_locations/boreal_broadleaved_summergreen_tree/patch_6/swdown.nc
no3_depo     cdf  noy      /projects/prjs2023/chapter3/lpjml_input/ndep-noy_histsoc_monthly_1901_2021_units.nc
nh4_depo     cdf  nhx      /projects/prjs2023/chapter3/lpjml_input/ndep-nhx_histsoc_monthly_1901_2021_units.nc
soilpH       cdf  soil_ph  /projects/prjs2023/chapter3/lpjml_input/hwsd_soil_data_all_land_oceanfilled.nc
co2          txt           /projects/prjs2023/chapter3/lpjml_input/co2_1832-2023.dat
windspeed    cdf  sfcwind  /projects/prjs2023/chapter3/lpjml_input/run_for_10_locations/boreal_broadleaved_summergreen_tree/patch_6/wind.nc
------------ ---- -------- ---------------------------------------------------
Writing restart file '/home/druijsch/LPJmL5/dev15oct2025/restart/2026_04_08_run_for_10_locations/boreal_broadleaved_summergreen_tree/patch_6/restart_1901_nv_stdfire.lpj' after year 1901.
Random seed: 2
Number of output files:       1
Output written in year:       -1020
Byte order in output files:   little endian

Variable   Fmt  Unit Type   tstep nbd Filename
---------- ---- ---- ------ ----- --- -----------------------------------------
globalflux txt  -    float  year    1 /projects/prjs2023/chapter3/lpjml_output/2026_04_08_run_for_10_locations/boreal_broadleaved_summergreen_tree/patch_6/output/globalflux_spinup.csv + .json
---------- ---- ---- ------ ----- --- -----------------------------------------
Spinup years:                  3000
Cycle length during spinup:      30
First year:                    1901
Last year:                     1901
Number of grid cells:            72
==============================================================================
Memory allocated for output: 344 bytes/cell
Simulation begins...
Spinup using climate starting from year 1901

         Carbon flux (ktC/yr)        Water (dam3/yr)                Nitrogen (MgN/yr)
       ----------------------- -------------------------- --------------------------------
Spinup NEP     estab   NBP     transp     evap    interc  nuptake ndemand  nlosses ninflux
------ ------- ------- ------- ---------- ------- ------- ------- -------- ------- -------
 -1099 -126.801   0.291 -126.509        0.0 344768.9     0.0     0.0      0.0  6255.6   545.1
 -1098 -119.094   0.161 -118.933        0.6 476987.0     0.7    26.4      0.1 16509.5   545.3
 -1097 -138.599  -0.132 -138.731       12.8 523910.0     2.4   155.5      0.4 10665.9   545.9
 -1096 -116.492  -0.013 -116.505      237.9 528286.9     8.7   642.2      2.1  6678.4   549.5
 -1095 -32.948  -0.035 -32.983     3565.3 631147.2    41.5  2504.6      9.9  5104.8   565.3
 -1094 226.688  -0.072 226.616    36358.6 584935.7   331.4  7667.1     62.4  5020.4   677.8
 -1093 656.085  -0.085 656.000   170402.4 489794.9  2232.8 15028.8    408.7  1506.6  1280.7
 -1092 1203.137  -0.059 1203.079   408475.9 336671.5 10885.3 23942.3    856.6 14241.3  1951.9
 -1091 1479.639  -0.020 1479.620   564910.1 294190.6 24668.0 26371.6    941.4  7016.4  1904.1
 -1090 1012.721   0.003 1012.724   497600.6 222195.6 14911.5 12816.2    767.5  1623.1  1269.8
 -1089 432.022   0.016 432.038   390411.0 214570.9 16705.5  1481.6    975.0   388.1  1324.7
 -1088 260.705   0.019 260.725   334954.6 262711.4 17480.9  1950.2   1163.8   244.5  1573.6
 -1087 555.579  -0.019 555.560   411415.9 281323.4 12497.0 13151.1   1769.6   191.9  2549.1
 -1086 571.050  -0.004 571.046   456271.3 277380.6 15733.4 11264.3   2228.4   152.4  3079.9
 -1085 421.134   0.002 421.136   423947.5 272833.1 18550.6  7496.0   1944.2   127.0  2631.8
 -1084 458.355  -0.001 458.354   455102.6 280826.1 17769.8  9483.0   2127.5   117.9  2924.1
 -1083 406.378   0.002 406.380   452425.3 283768.0 14439.1  8427.3   1957.5   132.1  2681.1
 -1082 376.257   0.003 376.261   409293.9 251094.3 15201.6  7745.7   2223.9   111.5  2804.3
 -1081 306.432   0.004 306.436   374740.0 261586.9 15419.4  6897.5   1956.3    87.5  2390.9
 -1080 161.369   0.009 161.379   357285.8 239971.9 10920.6  3877.2   1917.4    87.2  2160.9
 -1079 214.144   0.001 214.146   327000.1 247281.2 13516.3  7060.2   1530.2    82.0  2012.0
 -1078 227.326  -0.006 227.321   387026.5 275688.7 10522.0  8329.6   2008.7   101.3  2729.9
 -1077 322.510  -0.001 322.509   400733.1 267321.8 15434.7  7691.7   2400.7    79.1  3034.2
 -1076 341.681  -0.005 341.677   385810.0 249899.0 14507.7  9301.0   2158.5    77.6  2882.1
 -1075 387.423  -0.004 387.419   446859.4 240283.0 11043.0  8653.7   2352.4    73.1  3119.5

         Carbon flux (ktC/yr)        Water (dam3/yr)                Nitrogen (MgN/yr)
       ----------------------- -------------------------- --------------------------------
Spinup NEP     estab   NBP     transp     evap    interc  nuptake ndemand  nlosses ninflux
------ ------- ------- ------- ---------- ------- ------- ------- -------- ------- -------
 -1074 356.628   0.004 356.631   366636.6 240930.6 12173.1  7345.1   2306.9    69.8  3124.6
 -1073 144.019   0.009 144.028   311896.6 203217.5 10476.3  4498.4   1932.3    70.9  2046.0
 -1072 124.243   0.002 124.245   348658.7 249735.9 11353.0  6123.7   2444.1    71.0  2554.5
 -1071 212.579  -0.007 212.572   373021.0 276573.0 13691.5  8358.1   2218.6    70.0  2884.9
 -1070 281.771  -0.005 281.767   420125.7 270715.2 14761.1  9445.9   2550.4    76.2  3224.1
 -1069 313.960  -0.003 313.957   433515.5 275735.8 15413.9  8969.7   2438.0    76.5  3162.2
 -1068 187.221   0.006 187.228   386056.8 253775.3 14200.9  5671.4   2545.9    70.0  2759.2
 -1067 249.517   0.005 249.522   344334.6 234087.3 12077.1  6822.3   2413.5    64.2  2605.8
 -1066 145.607  -0.001 145.606   353837.7 281729.0 13883.6  6433.6   2788.2    65.8  3124.2
 -1065  75.136   0.014  75.150   323443.5 244076.8 11735.7  3270.0   2804.5    62.1  2894.9
 -1064 -29.361   0.002 -29.359   326448.5 289414.3 11489.8  4016.8   2988.1    66.4  3398.4
 -1063 -34.417   0.005 -34.412   360726.8 308551.0 12409.9  2974.9   2932.1    68.3  3353.8
 -1062  43.376   0.007  43.383   333345.7 279520.7  6768.6  3261.9   2909.0    63.7  3490.9
 -1061 -35.273  -0.001 -35.274   311033.4 298488.3 10736.6  3998.2   2587.8    64.5  3067.1
 -1060  20.445   0.005  20.450   288140.1 299337.2  8123.4  4504.4   2629.8    63.8  3134.9
 -1059 -52.312  -0.003 -52.315   307023.8 349187.4  8388.9  4584.5   2320.7   109.5  3023.3
 -1058  41.568   0.002  41.570   306805.0 322186.5  8599.0  3850.4   2821.4    65.7  3222.9
 -1057 -31.795   0.000 -31.794   313986.7 274719.8  7751.4  4178.6   2495.2    99.9  3224.5
 -1056 -26.026  -0.004 -26.030   265237.7 311313.1 13996.9  4955.4   2606.9    85.6  3106.6
 -1055  19.705  -0.000  19.705   327132.4 326297.0  8950.4  5027.6   2756.2    98.6  3371.7
 -1054  56.902  -0.006  56.896   313952.0 383805.1  9738.0  5585.9   2696.4    92.2  3247.0
 -1053  63.350   0.000  63.350   326948.3 317017.8 11814.2  5447.4   2651.3    86.0  3251.7
 -1052  77.844   0.002  77.847   302446.7 307663.7 10981.5  4782.2   2708.7    88.7  3242.6
 -1051  72.236  -0.003  72.233   317153.8 314545.2 12926.0  5216.0   2752.9    74.1  3306.0
 -1050  93.097  -0.000  93.097   292681.0 276982.9 12405.2  5351.6   2544.0    73.0  3104.0

         Carbon flux (ktC/yr)        Water (dam3/yr)                Nitrogen (MgN/yr)
       ----------------------- -------------------------- --------------------------------
Spinup NEP     estab   NBP     transp     evap    interc  nuptake ndemand  nlosses ninflux
------ ------- ------- ------- ---------- ------- ------- ------- -------- ------- -------
 -1049 150.536  -0.003 150.533   330286.0 279288.2  9710.1  6312.5   3204.4    72.7  3694.2
 -1048 115.922  -0.002 115.920   288076.9 297445.6 13069.7  5636.0   2781.9    67.1  3162.1
 -1047 144.989   0.002 144.990   341116.5 305373.3 11121.6  4582.4   3029.6    66.6  3382.6
 -1046  41.782  -0.001  41.782   327726.2 307410.6 12712.5  5666.3   2721.6   105.0  3305.5
 -1045  72.822  -0.002  72.820   343628.1 262375.2  9071.9  5909.6   2797.7    88.6  3331.2
 -1044  67.970   0.002  67.972   323436.9 293302.8 13315.2  5004.1   2874.0    80.9  3302.6
 -1043  38.810   0.001  38.811   310387.5 315728.2 14228.0  4607.9   2716.7    71.7  3213.2
 -1042  89.637  -0.003  89.633   338815.0 325126.0 13971.5  6082.0   2863.2    99.2  3421.7
 -1041  73.751  -0.000  73.751   331862.5 312405.7 11423.9  6056.2   2544.8   115.1  3200.8
 -1040 110.867  -0.003 110.864   304070.0 307873.3 13966.2  6321.4   2971.5    94.7  3338.3
 -1039  72.967  -0.004  72.962   345485.7 339669.9 20920.4  5980.1   3060.9   168.0  3573.8
 -1038  97.316   0.000  97.316   349885.8 362211.7 13821.5  5677.2   3113.3   387.0  3518.7
 -1037  93.153   0.003  93.156   341685.6 284892.9 12329.0  5317.9   3178.2   382.9  3511.5
 -1036  54.926   0.005  54.931   275081.5 318779.4 15062.2  4773.5   2289.7   646.1  2765.3
 -1035  60.893  -0.004  60.889   350035.3 276335.9  9321.9  6757.1   2843.5  1373.9  3412.6
 -1034 105.429   0.008 105.436   278368.0 269762.0 10827.2  4079.7   2782.7  1291.1  3274.2
 -1033   0.780  -0.002   0.777   304394.1 253141.7 10003.3  5677.4   2755.4  1257.7  3285.0
 -1032  25.389   0.002  25.390   295097.0 293177.0 13737.9  5149.9   2940.4  1195.8  3263.6
 -1031  60.370   0.007  60.377   268006.0 278547.9 11080.6  4568.2   2945.5  1138.2  3232.9
 -1030  15.000  -0.006  14.994   292407.5 339358.2 14385.9  5561.9   2867.8  1450.5  3303.4
 -1029  86.578   0.001  86.579   305122.4 314439.1 11164.0  4624.6   3095.0  1485.3  3351.5
 -1028  14.778   0.000  14.778   294620.7 309662.2 14246.9  5581.6   2892.6  1621.2  3387.2
 -1027  -0.527   0.002  -0.525   247935.1 348831.9 14022.4  4729.0   2258.6  4222.3  2724.9
 -1026   0.861  -0.005   0.856   295367.1 352732.8 13634.8  5969.9   2722.0 11767.9  3221.0
 -1025  19.011  -0.002  19.008   321776.5 342780.5 12573.5  6167.9   2917.2 10963.8  3424.2

         Carbon flux (ktC/yr)        Water (dam3/yr)                Nitrogen (MgN/yr)
       ----------------------- -------------------------- --------------------------------
Spinup NEP     estab   NBP     transp     evap    interc  nuptake ndemand  nlosses ninflux
------ ------- ------- ------- ---------- ------- ------- ------- -------- ------- -------
 -1024  67.279   0.006  67.285   282260.2 319872.7 10064.2  4618.8   2771.6  9692.7  3324.2
 -1023  61.280  -0.001  61.278   305544.7 333219.3 15703.8  5247.3   2895.5 11345.9  3400.3
 -1022  38.612  -0.005  38.607   307459.0 322324.6 13531.9  6126.3   3112.2  7892.9  3454.6
 -1021  16.757   0.004  16.761   293657.9 307320.2 11858.7  4992.8   2930.7  7036.2  3376.1
 -1020  25.751  -0.003  25.748   336386.5 294223.3 10506.2  5152.8   2944.4  6360.7  3559.6
 -1019  88.945   0.002  88.947   260523.0 239565.7 11199.4  5870.1   3249.9  5761.7  3307.9
 -1018  79.441   0.003  79.444   278984.8 287534.3 12085.9  3788.4   3132.4  5230.8  3261.7
 -1017 -29.725  -0.001 -29.726   264349.0 355209.4 12911.6  5294.6   2974.4  4775.7  3272.8
 -1016  -5.451   0.002  -5.449   279289.1 299339.8 11202.2  4715.5   3159.5  4367.4  3372.9
 -1015 -21.201   0.002 -21.199   278603.0 393878.4 13392.3  4831.5   2732.2  4011.3  3151.4
 -1014  32.173  -0.004  32.169   302565.3 340767.5 13754.2  5833.1   2908.4  3854.2  3378.9
 -1013   9.366  -0.001   9.365   296546.8 350398.6 12170.8  6055.3   2679.7  3449.4  3238.5
 -1012  59.528  -0.001  59.527   273794.0 323827.1 13891.8  5624.5   2965.7  3257.9  3365.5
 -1011  28.848   0.003  28.851   259420.5 288993.7 12594.8  5420.0   2730.9  3045.2  3208.5
 -1010  41.872  -0.008  41.863   281334.9 335810.5 14010.3  6937.3   3131.7  2992.7  3504.6
 -1009  44.486  -0.000  44.486   308906.7 338317.2 15371.0  5944.3   3132.1  2825.0  3491.5
 -1008  73.378   0.000  73.378   324427.2 323373.0 16172.0  5558.0   3182.2  3288.2  3567.6
 -1007 116.513   0.001 116.514   302716.5 319703.7 13653.6  4812.8   3295.7  2434.4  3445.7
 -1006  33.530  -0.000  33.530   279638.9 301118.1 13605.9  6796.7   2867.0  2310.3  3392.6
 -1005  71.791  -0.003  71.788   316544.0 320943.2 16053.6  6156.7   3174.7  2556.4  3523.5
 -1004  80.721  -0.002  80.719   290827.5 271158.3  9678.8  6331.6   2953.0  2072.9  3295.6
 -1003 109.353   0.002 109.355   299532.6 294451.7 14175.4  5153.9   3324.0  1981.9  3477.7
 -1002  84.762   0.002  84.764   292515.2 288257.0 13687.8  5282.5   3239.4  1901.2  3443.5
 -1001  32.750  -0.000  32.749   255527.9 247850.7 10766.1  6387.6   2940.5  1828.4  3200.3
 -1000  24.769   0.002  24.770   287394.0 294008.8 12269.3  5150.8   3377.1  1753.2  3471.5

         Carbon flux (ktC/yr)        Water (dam3/yr)                Nitrogen (MgN/yr)
       ----------------------- -------------------------- --------------------------------
Spinup NEP     estab   NBP     transp     evap    interc  nuptake ndemand  nlosses ninflux
------ ------- ------- ------- ---------- ------- ------- ------- -------- ------- -------
  -999  56.480  -0.001  56.479   293193.5 324294.2 14702.3  6488.2   2943.3  1691.9  3365.2
  -998  64.561  -0.002  64.559   284249.9 270814.6  8531.6  6158.0   2934.0  1626.9  3233.3
  -997  27.606  -0.007  27.599   299371.6 340362.3 23200.4  7041.4   3214.4  2623.1  3558.1
  -996 111.215  -0.001 111.214   348331.7 314453.7 17478.1  6700.8   3216.0  2402.3  3671.8
  -995 101.836  -0.003 101.833   332057.3 322870.0 16868.4  7436.4   3217.8  2171.5  3606.3
  -994 185.662   0.001 185.663   321541.2 268736.2 14757.3  6844.3   3901.4  2206.1  4040.9
  -993 115.075   0.002 115.077   274517.2 234083.9 11389.3  6104.8   2986.5  2015.6  3182.2
  -992  75.833  -0.002  75.831   293623.4 289082.8 17952.8  7195.4   3370.9  1973.1  3663.0
  -991 111.105   0.007 111.112   283804.2 278774.6 15312.1  5644.6   3427.0  1926.3  3531.1
  -990  88.944  -0.001  88.943   315920.3 331851.7 21424.8  6518.1   3288.0  2535.5  3635.9
  -989 107.782   0.001 107.783   315201.7 329445.5 20887.5  6349.8   3368.6  4183.2  3634.1
  -988  42.527  -0.010  42.517   305479.9 352921.4 28165.7  7619.8   3492.6 12776.3  3638.6
  -987  66.420   0.007  66.426   262876.7 323801.2 22594.2  5849.4   2606.6  8363.0  2930.9
  -986  90.244  -0.004  90.240   286329.8 318770.2 18452.5  8064.6   3352.2  4022.2  3576.0
  -985 100.447  -0.000 100.447   321573.2 314774.5 21663.7  6789.6   3479.0  3993.7  3733.9
  -984  85.989  -0.000  85.988   321575.3 315467.1 21761.4  7107.6   3506.0  4007.4  3752.6
  -983  87.755  -0.002  87.753   299599.4 265472.4 11664.2  7217.7   3214.3  2890.6  3446.0
  -982  85.054  -0.004  85.050   321759.7 254004.4 14957.0  8471.6   3333.3  2727.0  3639.1
  -981 122.477  -0.001 122.475   295307.7 268301.2 22888.4  7060.8   3759.7  2570.8  3584.2
  -980  75.446   0.006  75.452   329981.8 288005.7 21358.5  6358.0   3575.0  2405.2  3763.1
  -979  87.273  -0.003  87.269   303276.5 362262.9 19971.2  7206.7   3727.6  2211.1  3655.0
  -978  86.002   0.000  86.002   300505.0 353842.8 21478.5  7108.4   3709.6  2053.5  3671.6
  -977 165.686   0.003 165.689   294279.8 258514.7 17610.4  7591.7   4114.9  1914.7  4043.2
  -976  95.137   0.002  95.139   258009.7 236146.4 13238.4  6558.1   3202.6  1776.1  3237.5
  -975  66.397  -0.001  66.396   288313.1 293326.2 23893.3  7163.2   3556.5  1708.0  3669.4

         Carbon flux (ktC/yr)        Water (dam3/yr)                Nitrogen (MgN/yr)
       ----------------------- -------------------------- --------------------------------
Spinup NEP     estab   NBP     transp     evap    interc  nuptake ndemand  nlosses ninflux
------ ------- ------- ------- ---------- ------- ------- ------- -------- ------- -------
  -974  41.774  -0.002  41.773   292481.2 365747.8 20058.4  7309.0   3723.9  1604.4  3672.2
  -973 102.489  -0.003 102.486   305822.9 306196.2 24565.5  7200.1   3633.9  1766.2  3667.7
  -972 141.942   0.007 141.949   309279.5 267160.4 13962.1  6253.8   3726.3  1464.9  3933.7
  -971  60.423  -0.000  60.423   240396.7 232785.4 14447.1  6854.3   3272.4  1402.8  3213.2
  -970  25.111   0.004  25.115   267992.3 285854.3 16447.4  6411.8   3488.5  1334.1  3569.7
  -969  41.416  -0.004  41.412   279930.4 314802.4 22140.7  6887.2   3476.5  1417.6  3554.4
  -968  86.000   0.004  86.004   261397.1 304220.3 14878.3  6793.2   3185.2  1246.4  3533.7
  -967  21.568  -0.004  21.564   282732.1 327116.5 17916.8  8302.2   3088.1  1235.7  3419.8
  -966  66.465  -0.005  66.461   293744.7 325216.5 19107.6  8311.8   3242.8  1297.5  3484.6
  -965  77.925   0.002  77.927   242198.5 322156.2 26001.1  6551.6   2767.3  2048.6  2955.3
  -964 103.131  -0.004 103.128   276723.2 317017.7 22076.5  8996.1   3571.4  1506.7  3675.8
  -963 104.290  -0.004 104.287   295734.8 363548.2 22684.7  7767.4   3777.0  1224.4  3696.2
  -962  98.818   0.005  98.823   249485.7 312573.7 26865.2  6617.0   2811.8  2022.0  2972.3
  -961  92.484  -0.002  92.482   278201.5 267549.8 15369.3  8092.9   3426.9  1043.9  3607.0
  -960  53.907  -0.003  53.904   294632.4 318266.4 22559.5  7286.3   3512.6  1399.6  3553.7
  -959  91.919  -0.003  91.916   320873.2 303895.7 21743.5  8654.8   3872.9   978.0  3880.7
  -958  98.112  -0.002  98.110   320562.6 292593.3 23051.5  7826.9   3958.0   956.4  3879.8
  -957 147.603   0.005 147.608   320074.8 284271.7 18655.7  5321.3   3919.8   929.7  3732.9
  -956  91.333   0.006  91.339   271093.8 264790.4 17285.2  7787.7   3393.7   920.2  3531.4
  -955 137.973  -0.005 137.968   299246.8 271550.3 16268.3  8488.7   4169.6   932.5  4121.5
  -954  83.295   0.000  83.295   300127.8 359076.8 23557.0  6053.8   3300.7   893.4  3467.5
  -953 104.608  -0.001 104.607   311440.2 274845.2 16481.7  7750.7   3401.0   874.4  3691.2
  -952 118.369   0.006 118.375   260623.4 259264.6 18522.5  7077.1   3487.6   850.4  3460.2
  -951  49.771  -0.006  49.765   339335.5 286923.3 16068.0  8018.5   3585.3   860.1  3952.3
  -950  49.444  -0.007  49.437   285720.6 311698.7 32877.2  8533.5   3794.1  1299.9  3732.6

         Carbon flux (ktC/yr)        Water (dam3/yr)                Nitrogen (MgN/yr)
       ----------------------- -------------------------- --------------------------------
Spinup NEP     estab   NBP     transp     evap    interc  nuptake ndemand  nlosses ninflux
------ ------- ------- ------- ---------- ------- ------- ------- -------- ------- -------
  -949 117.937   0.002 117.940   337151.4 300197.5 25766.0  7845.2   3865.3  1197.1  3970.8
  -948 110.333  -0.001 110.331   298329.3 260157.9 16729.5  8151.1   3674.9   832.2  3743.2
  -947  75.197  -0.002  75.195   311671.9 307040.0 24487.5  7494.5   3672.3  1062.4  3649.2
  -946 104.753  -0.002 104.751   336639.1 294714.1 23055.6  8763.8   4041.3   794.7  3981.3
  -945  89.403   0.002  89.404   316889.3 342248.1 22300.0  6983.7   4062.9   782.2  3845.5
  -944 106.599   0.001 106.600   314200.2 286746.5 22784.3  8711.4   3826.5   786.5  4009.8
  -943 100.348  -0.001 100.347   313077.9 349104.8 23587.3  7284.9   4085.3   749.0  3841.0
  -942 116.008  -0.002 116.006   319189.7 283362.4 26054.9  8719.2   4025.8   730.4  3911.8
  -941  90.036   0.002  90.038   327520.9 285472.4 19619.0  6576.3   4117.1   712.2  3966.4
  -940 120.865   0.006 120.872   334556.4 305776.7 26000.4  7931.8   3767.5   839.6  3959.1
  -939 143.771   0.001 143.772   285376.0 277099.8 18630.4  7441.3   3755.2   809.6  3718.2
  -938  36.648  -0.004  36.644   315574.6 323377.2 21256.2  8890.3   3380.4   743.0  3658.8
  -937  83.951  -0.001  83.950   312394.2 362499.6 25385.2  7126.4   3548.1   789.9  3585.0
  -936 120.354  -0.004 120.350   292020.4 304185.4 25743.2  9710.5   3780.1   809.2  3815.8
  -935 123.624   0.000 123.625   306039.4 249355.1 14915.6  8117.5   3641.5   727.6  3646.0
  -934 103.277  -0.001 103.277   333965.5 284825.0 25444.4  8637.1   3804.6   791.1  3910.4
  -933 100.308   0.000 100.308   322893.3 357396.4 25777.1  7121.9   3601.4   702.6  3631.0
  -932 111.126   0.002 111.128   303997.2 285785.4 22896.2  8524.7   3742.4   684.3  3869.3
  -931  61.426  -0.000  61.425   299308.6 345613.0 23944.6  8010.6   4027.0   666.5  3827.1
  -930 163.072   0.001 163.073   314694.6 279103.2 21471.0  6334.7   4026.3   648.1  3765.8
  -929  44.951   0.002  44.953   272844.0 243532.9 17221.4  8614.6   3510.3   639.7  3605.0
  -928 123.674   0.002 123.676   303197.7 280257.6 18024.5  5561.7   4033.7   623.1  3691.1
  -927  70.913   0.006  70.920   292985.1 257977.6 13912.6  6944.3   3726.1   621.8  3944.7
  -926   3.626  -0.000   3.626   235049.0 225036.0 11442.4  7125.6   3212.0   616.0  3103.3
  -925 -32.834  -0.004 -32.837   262594.4 299144.6 21910.6  7881.1   3352.0   612.5  3401.8

         Carbon flux (ktC/yr)        Water (dam3/yr)                Nitrogen (MgN/yr)
       ----------------------- -------------------------- --------------------------------
Spinup NEP     estab   NBP     transp     evap    interc  nuptake ndemand  nlosses ninflux
------ ------- ------- ------- ---------- ------- ------- ------- -------- ------- -------
  -924  62.028  -0.006  62.022   355683.0 289024.4 14647.2  8398.5   3730.0   634.8  4035.4
  -923  42.500   0.002  42.502   280690.5 284528.6 19698.4  8505.9   3152.9   691.4  3407.9
  -922 114.132  -0.005 114.127   274326.2 245348.9 16865.1  8691.3   3660.8   718.9  3553.5
  -921  62.721  -0.004  62.717   311907.1 313797.7 34546.1  8269.0   4119.6   906.3  3915.9
  -920  94.280  -0.002  94.278   332424.0 307344.0 26444.9  9038.7   3634.2  1035.0  3786.0
  -919 233.020  -0.001 233.019   342670.0 255296.3 19049.1  9386.0   4615.9   719.9  4450.6
  -918 156.965   0.002 156.967   286085.0 249648.7 28255.9  6920.7   3560.2   756.2  3581.8
  -917  87.450   0.001  87.451   336429.9 353137.9 25182.4  7798.7   3384.4   615.7  3664.4
  -916 199.096  -0.002 199.093   329667.2 254184.4 19032.7  9722.0   4421.0   624.8  4366.0
  -915 184.379   0.002 184.382   326294.8 264008.1 21693.2  5843.5   3992.9   563.8  3775.3
  -914  31.616   0.000  31.616   306031.6 330763.0 23216.3  8681.6   3825.0   556.0  3813.0
  -913 102.831   0.002 102.833   313576.1 248871.1 17192.1  7709.5   3823.9   533.2  3775.4
  -912  65.766   0.001  65.767   320428.3 252547.3 18531.0  7513.8   3770.0   515.8  3890.2
  -911  45.195   0.003  45.199   274244.9 274124.5 23405.0  7924.2   3530.7   506.6  3512.5
  -910 132.986   0.005 132.991   311411.8 262702.2 13879.8  6338.3   4097.3   502.7  4040.1
  -909   8.829   0.001   8.830   242904.3 225548.8 13064.7  7476.0   3270.6   500.7  3197.5
  -908  17.916   0.002  17.918   249754.2 254984.5 17999.7  7645.7   3346.3   492.5  3345.5
  -907  98.332  -0.000  98.331   288963.7 269153.3 14127.3  7610.5   3846.8   495.8  3949.2
  -906  48.656  -0.002  48.655   261450.1 250297.2 16771.2  7388.4   3545.6   487.1  3533.9
  -905  66.244  -0.002  66.241   242762.9 284942.4 24361.9  8828.8   3646.2   470.4  3507.1
  -904  86.721  -0.005  86.716   295992.9 300990.7 27288.0  8355.1   3831.0   456.3  3763.0
  -903 133.405   0.005 133.410   270644.1 268220.9 20144.4  8370.5   3729.3   447.5  3692.9
  -902  62.532  -0.006  62.527   308300.2 324634.1 21739.2  9951.8   3537.0   456.9  3701.1
  -901 108.200  -0.005 108.195   315712.6 316358.4 23967.7  9731.5   3668.3   489.1  3746.2
  -900 216.059   0.002 216.060   322348.5 262536.0 18780.9  7857.1   4228.1   504.3  4200.6

         Carbon flux (ktC/yr)        Water (dam3/yr)                Nitrogen (MgN/yr)
       ----------------------- -------------------------- --------------------------------
Spinup NEP     estab   NBP     transp     evap    interc  nuptake ndemand  nlosses ninflux
------ ------- ------- ------- ---------- ------- ------- ------- -------- ------- -------
  -899 160.553   0.006 160.559   272138.4 240412.4 18198.4  7052.8   4074.4   487.4  3926.9
  -898  36.661   0.002  36.663   229186.9 245413.8 26752.5  7066.1   3544.3   476.5  3302.3
  -897  51.841  -0.004  51.837   294104.0 305459.7 22142.8 10182.9   3937.1   474.4  4026.5
  -896  69.178  -0.002  69.177   314390.0 319134.2 23091.0  9117.7   3712.9   447.6  3761.7
  -895 123.418  -0.006 123.412   306395.0 298717.6 26215.7 10074.4   4078.0   460.2  4104.2
  -894 140.782  -0.002 140.780   318737.0 283376.0 25438.7  9213.1   4035.8   423.8  4025.5
  -893 158.523  -0.002 158.521   299202.4 296196.5 30461.7  9874.9   4210.5   412.6  3991.3
  -892 178.149  -0.003 178.146   303709.1 246734.7 22320.4  9375.8   4027.0   373.7  3899.4
  -891 139.331   0.003 139.333   331434.7 280764.0 31523.7  7898.5   4404.5   402.9  4121.7
  -890 162.572   0.006 162.578   337865.2 260405.5 17783.2  7776.9   4338.1   363.9  4302.2
  -889  66.516  -0.002  66.514   305913.5 234332.5 19073.4  9960.7   3939.6   350.0  3863.0
  -888 118.415   0.003 118.418   249602.7 269554.9 29163.9  8003.1   3920.4   330.4  3450.5
  -887  74.240   0.001  74.241   270794.3 263011.3 30009.5  7639.2   3762.6   333.0  3692.8
  -886  69.167  -0.002  69.166   310702.9 290410.0 22812.7 10132.6   3819.3   317.4  3973.8
  -885 135.319   0.004 135.324   323491.4 305242.3 31421.6  8550.1   4089.7   385.0  4041.5
  -884 189.759  -0.003 189.756   317181.2 270385.6 18077.9  7947.6   4241.3   303.0  4148.4
  -883  91.050   0.005  91.055   261896.7 274073.8 20253.9  7768.4   3680.7   300.4  3780.6
  -882  59.131  -0.001  59.129   286796.1 260032.5 18963.7  9159.2   3855.2   291.0  3787.7
  -881  85.927  -0.002  85.925   283708.8 283065.3 30327.0  8398.2   4148.3   275.7  3869.0
  -880  53.488   0.000  53.488   326518.8 292264.9 27381.7  9435.6   4021.8   346.8  4088.6
  -879 138.249  -0.005 138.244   320056.7 304769.7 26501.1  9527.8   3987.3   303.2  3897.5
  -878 126.102  -0.003 126.099   297811.7 250357.3 20605.6  9132.4   3995.9   262.5  3878.7
  -877 132.986   0.009 132.995   327940.3 295638.7 30851.5  7860.0   4186.8   334.1  4088.4
  -876 106.450  -0.008 106.442   313372.9 293206.6 30137.2  9012.7   4027.0   348.7  3870.3
  -875  88.461  -0.002  88.459   327526.1 283762.6 22600.2  9056.8   4240.4   241.6  4126.3

         Carbon flux (ktC/yr)        Water (dam3/yr)                Nitrogen (MgN/yr)
       ----------------------- -------------------------- --------------------------------
Spinup NEP     estab   NBP     transp     evap    interc  nuptake ndemand  nlosses ninflux
------ ------- ------- ------- ---------- ------- ------- ------- -------- ------- -------
  -874  60.788  -0.008  60.780   344676.8 318280.4 39157.4 10213.7   4388.8   505.1  4149.2
  -873 136.995  -0.002 136.993   359796.6 272823.6 29609.1 10200.0   4445.8   204.1  4229.6
  -872 131.811   0.005 131.816   357057.7 275351.8 30736.2  8232.4   4478.5   229.8  4213.6
  -871  72.639  -0.008  72.631   362660.1 317536.6 40973.6 10094.4   4440.5   430.3  4214.9
  -870 116.310  -0.004 116.306   384870.6 302862.8 41760.5 10074.5   4555.2   366.7  4297.5
  -869 175.365   0.005 175.370   384326.5 279253.5 27876.1  9459.6   4082.6   155.3  4152.4
  -868 158.137   0.002 158.139   342051.1 283236.3 28120.2  9448.9   4377.8   163.7  4148.3
  -867 171.957   0.003 171.960   362448.7 248866.6 21954.2  8255.2   4100.8   155.5  4076.9
  -866 176.220   0.008 176.229   318617.7 235874.6 18549.5  6908.3   4270.2   160.4  4106.6
  -865  89.950   0.010  89.959   273032.0 228619.8 16006.7  6278.9   3997.9   173.8  3809.2
  -864 -12.431   0.005 -12.426   266829.7 231440.4 16023.9  7390.9   3629.2   182.1  3496.6
  -863 -40.807  -0.003 -40.810   264646.8 267939.7 22976.8  8287.7   3897.1   182.9  3515.0
  -862  -0.128   0.006  -0.123   290463.7 292029.7 21016.2  7912.9   3672.6   179.1  3677.1
  -861   2.020  -0.007   2.014   304925.0 315198.7 23850.8  8950.9   3639.8   192.4  3638.3
  -860 107.799   0.005 107.804   303939.0 273286.4 18578.4  8672.7   3853.0   193.5  3858.9
  -859  78.731  -0.008  78.723   311724.2 256937.2 14384.3  9491.1   3545.4   183.5  3663.9
  -858 136.783   0.002 136.785   332062.8 291880.8 30042.8  9152.4   3884.9   202.6  3975.7
  -857 137.100  -0.006 137.094   349212.5 292241.5 29369.3  9524.0   4169.8   234.0  4087.5
  -856 116.645  -0.003 116.643   323703.0 247651.0 20410.1  9485.8   3983.2   176.6  3949.2
  -855 139.632   0.004 139.636   309522.0 273560.4 20000.5  7335.7   3919.6   169.5  3919.6
  -854 125.413  -0.003 125.410   328893.6 268680.7 22736.7  7758.8   4085.4   169.3  3863.4
  -853  48.007  -0.001  48.006   293927.4 231538.7 14798.4  9235.2   3578.2   166.0  3516.0
  -852  91.323   0.005  91.327   288523.3 265343.0 18554.0  8136.1   3679.0   164.5  3822.9
  -851 109.078  -0.001 109.077   292283.4 239220.5 20835.8  9546.0   4366.8   160.9  4053.9
  -850 129.751   0.003 129.754   300143.5 283773.5 31163.0  8034.7   3876.2   153.5  3798.6

         Carbon flux (ktC/yr)        Water (dam3/yr)                Nitrogen (MgN/yr)
       ----------------------- -------------------------- --------------------------------
Spinup NEP     estab   NBP     transp     evap    interc  nuptake ndemand  nlosses ninflux
------ ------- ------- ------- ---------- ------- ------- ------- -------- ------- -------
  -849  59.784  -0.003  59.781   262448.0 305238.9 30039.4  8093.6   3061.9   255.0  3091.2
  -848  73.151  -0.000  73.151   334629.7 301186.3 24037.4  9699.7   3792.0   171.1  3904.1
  -847 158.667   0.002 158.669   336606.5 264231.4 16435.3  7389.6   4277.9   149.6  4181.4
  -846  42.133   0.001  42.134   282268.0 269318.8 23387.7  8508.1   3795.4   152.9  3773.5
  -845  39.588   0.001  39.589   277127.3 255746.7 21611.4  8481.8   3627.9   149.3  3596.8
  -844  44.041  -0.010  44.031   324991.1 302932.9 24430.7 10873.4   3920.8   165.0  3909.2
  -843 186.671   0.003 186.674   343142.3 256492.6 17535.8  7157.3   4362.5   160.6  4248.5
  -842  43.203  -0.002  43.201   312011.0 226683.1 19802.7 10100.5   3729.3   155.7  3819.2
  -841  95.173   0.001  95.174   307419.1 254493.7 27937.9  8639.1   3916.6   145.8  3612.9
  -840 109.737  -0.006 109.731   339879.1 285757.5 30531.6  9171.2   4162.6   154.3  3963.9
  -839  74.513   0.003  74.516   340902.4 344359.6 28632.8  8263.1   3584.2   144.7  3756.9
  -838 112.586  -0.003 112.583   320180.0 237812.3 15308.6 10079.7   3711.6   139.2  3695.7
  -837  84.216   0.000  84.217   353186.2 269550.5 27631.2  9811.5   4020.5   134.8  4035.2
  -836 150.610  -0.005 150.605   327076.1 243805.9 20177.6  9615.1   4075.9   132.2  3928.9
  -835 103.646   0.004 103.649   352981.6 274852.3 31162.3  8377.1   4385.7   127.9  4167.8
  -834  60.368   0.002  60.370   349253.8 345752.4 27576.8  8072.5   3675.2   129.5  3794.1
  -833  96.936  -0.002  96.934   340555.0 273872.9 22775.7 10588.6   3944.3   124.5  4035.1
  -832 102.402  -0.000 102.402   317186.4 256053.0 29536.2  8210.6   3934.2   131.9  3831.2
  -831  86.338  -0.003  86.334   355090.0 282385.7 25999.8 10990.3   4154.2   134.3  4289.9
  -830 139.494  -0.001 139.493   371260.9 279812.5 31697.0  8886.3   4451.9   135.7  4226.0
  -829 109.680  -0.005 109.676   365080.9 276530.4 30479.0 10417.0   4441.8   115.1  4226.7
  -828 116.614   0.001 116.615   382513.5 230227.3 21096.1 10183.6   4308.1   106.7  4169.3
  -827 138.607  -0.001 138.606   331124.6 251952.0 32069.1  9128.0   4531.6   102.5  3920.2
  -826  85.136   0.010  85.146   311191.8 235502.4 25256.5  7554.1   3882.4   101.0  3684.1
  -825 147.738   0.003 147.741   337846.1 247186.7 17151.2  8467.4   4297.3   105.7  4220.5

         Carbon flux (ktC/yr)        Water (dam3/yr)                Nitrogen (MgN/yr)
       ----------------------- -------------------------- --------------------------------
Spinup NEP     estab   NBP     transp     evap    interc  nuptake ndemand  nlosses ninflux
------ ------- ------- ------- ---------- ------- ------- ------- -------- ------- -------
  -824  38.190  -0.000  38.190   288379.7 258675.0 25232.1  9613.4   4041.7   103.5  3893.9
  -823  80.474   0.001  80.475   315663.4 273894.8 24864.6  8227.9   4147.3   100.6  3958.2
  -822 135.316  -0.001 135.316   315024.9 245578.3 22505.1  9712.4   4627.1    94.4  4342.4
  -821 115.478  -0.001 115.477   277432.6 227277.3 20821.4  8741.0   3763.9    87.1  3533.8
  -820  61.791   0.005  61.796   292850.0 247765.0 23111.7  7800.8   3842.8    84.7  3686.7
  -819 105.740  -0.002 105.738   328499.5 274569.8 22112.1  8028.6   4170.0    86.5  3906.6
  -818  27.666  -0.001  27.666   291381.3 233942.0 15345.6  9664.0   3579.0    84.6  3531.1
  -817 116.011   0.001 116.011   298809.9 235613.8 20720.0  9735.0   4515.2    80.5  4058.1
  -816  72.390   0.001  72.392   261374.5 242302.7 29421.3  7219.0   3613.9    79.4  3411.2
  -815   8.891  -0.012   8.879   343883.9 325656.9 38474.5 11047.2   4124.3   110.3  4091.0
  -814 158.955   0.006 158.962   331872.9 253706.9 22289.4  9370.7   4085.0    82.1  4023.3
  -813 128.867  -0.005 128.862   359239.3 295129.7 26889.0 10377.9   3926.8    86.6  4018.9
  -812 125.636  -0.004 125.632   360652.8 276053.1 27383.0 10609.3   4418.2    87.1  4336.0
  -811 105.327  -0.000 105.327   373465.9 292195.6 27365.7  9762.1   4069.1    74.0  4014.2
  -810 222.436   0.003 222.439   360499.5 243580.2 20379.0  8116.5   4572.8    73.2  4382.5
  -809  64.550   0.007  64.557   279593.5 229988.0 25445.1  8329.3   3600.9    75.0  3388.1
  -808  54.798  -0.004  54.794   301663.9 234235.7 15460.9  9645.1   3868.2    76.5  3602.7
  -807 117.212   0.000 117.212   327350.4 250087.0 22972.4  7524.1   4263.5    75.9  3897.3
  -806  23.638  -0.000  23.637   340381.8 245630.1 20424.5 10064.2   3834.6    78.0  3991.9
  -805  25.971  -0.002  25.969   303623.8 256494.0 26984.6 10141.9   4189.6    75.0  3702.2
  -804  27.398   0.006  27.404   267389.4 278439.6 29166.6  7107.4   3203.1    76.3  3058.9
  -803  60.340  -0.001  60.339   371480.2 279721.0 24333.6 10396.6   4060.2    87.7  4167.7
  -802 141.821  -0.001 141.820   322594.1 279649.2 19453.8  8916.3   3818.7    80.9  3945.0
  -801 171.435  -0.004 171.431   335330.2 245343.4 22612.2 10763.6   4599.6    76.0  4458.0
  -800 161.745  -0.003 161.742   333002.7 237636.5 21950.8  8913.4   4026.2    69.4  3906.0

         Carbon flux (ktC/yr)        Water (dam3/yr)                Nitrogen (MgN/yr)
       ----------------------- -------------------------- --------------------------------
Spinup NEP     estab   NBP     transp     evap    interc  nuptake ndemand  nlosses ninflux
------ ------- ------- ------- ---------- ------- ------- ------- -------- ------- -------
  -799  81.882   0.003  81.884   302258.6 249475.0 26302.9  9534.2   3955.1    66.6  3790.4
  -798  -2.628   0.008  -2.620   275105.3 245108.3 30244.0  7586.3   3826.2     2.9  3548.9
  -797  99.881  -0.010  99.870   350005.3 263965.4 19503.9 12153.0   3837.4     4.4  3908.3
  -796 164.264   0.002 164.265   337631.9 278283.6 34819.1 10117.1   4055.6     2.4  3966.7
  -795 115.472  -0.007 115.464   354974.7 271911.0 26828.9 11724.5   4018.2     3.2  4045.1
  -794 202.629  -0.001 202.629   359357.0 241694.2 26173.9 10962.1   4952.4     2.2  4610.9
  -793  76.782  -0.002  76.780   327109.2 275642.7 38099.4 10461.8   3921.0     3.2  3658.6
  -792 115.685  -0.001 115.684   391841.8 273590.6 35506.6 11158.3   4545.4     3.3  4252.3
  -791  30.657  -0.001  30.656   378430.2 286695.6 35967.6 11806.9   4120.0     4.6  4006.7
  -790 132.635  -0.000 132.635   363940.1 251840.6 33109.9 10852.8   4236.2     5.1  4052.2
  -789 128.903   0.000 128.903   395786.7 281545.4 31275.0 12773.5   3997.7     6.5  4160.0
  -788 130.915  -0.000 130.915   389374.4 260035.9 35739.6 11021.2   4251.0     3.9  4154.2
  -787  58.774  -0.000  58.774   358219.9 280377.9 37958.6 11701.2   4025.6     4.7  3865.0
  -786  74.963  -0.000  74.963   380890.4 320688.7 31590.8 11733.5   4542.7     8.0  4225.1
  -785 114.114  -0.000 114.114   343504.9 274440.9 36809.9 11689.5   4366.3     3.1  4147.3
  -784 106.340   0.001 106.341   366726.2 276949.8 33807.7 10789.4   4207.6     4.4  4074.3
  -783 120.996  -0.000 120.996   375249.0 237381.5 24428.5 11957.0   4354.2     2.8  4084.2
  -782 214.254   0.000 214.254   355218.2 239403.2 30017.5  8396.4   4324.0     4.7  3866.6
  -781 -21.092   0.002 -21.090   311655.8 266931.5 33773.1 12489.3   3889.9     3.5  3839.4
  -780  43.284  -0.001  43.283   353276.2 328010.6 31217.9 10274.0   3752.8     5.8  3771.3
  -779  26.146  -0.001  26.144   365217.9 278363.0 27689.0 13366.5   3805.9     4.5  3801.4
  -778  89.089  -0.001  89.088   359459.0 311467.1 32480.0 12086.1   4540.9     4.9  4074.2
  -777  76.615   0.002  76.617   300671.8 234539.7 37632.9 10082.8   3734.1     5.3  3593.4
  -776  45.599  -0.002  45.597   390522.8 300126.6 50869.4 15335.3   4311.3     6.1  4224.2
  -775  95.182  -0.000  95.181   403723.4 293363.8 52643.5 15656.2   4478.9     5.6  4274.3

         Carbon flux (ktC/yr)        Water (dam3/yr)                Nitrogen (MgN/yr)
       ----------------------- -------------------------- --------------------------------
Spinup NEP     estab   NBP     transp     evap    interc  nuptake ndemand  nlosses ninflux
------ ------- ------- ------- ---------- ------- ------- ------- -------- ------- -------
  -774 283.311  -0.000 283.310   395103.8 247383.1 31988.9 10970.6   4302.3     8.8  4043.7
  -773  62.132   0.000  62.132   379574.1 257781.9 39707.5 14569.3   3856.7     6.8  4141.0
  -772 198.533   0.000 198.533   330484.5 235444.5 29793.6 12601.1   4220.5     4.1  3881.4
  -771 131.735  -0.000 131.734   387290.4 240729.8 26955.8 13477.4   4333.4     4.5  4152.9
  -770 154.912   0.000 154.912   324244.9 252569.9 27769.0 11178.5   4145.5     4.2  3936.5
  -769  -9.257   0.002  -9.254   303651.2 242025.9 38805.9 10823.1   3999.8     4.6  3745.1
  -768  92.521  -0.002  92.518   400249.7 265321.6 38104.5 16622.6   4128.4     5.6  4175.5
  -767 166.881  -0.000 166.880   376807.9 256280.6 40031.3 16398.1   4500.0     7.2  4147.9
  -766 168.908  -0.000 168.908   366371.3 267739.4 46536.2 13575.3   4396.1     3.9  4200.9
  -765 177.078  -0.001 177.077   396911.8 255314.4 44610.1 15476.6   4247.6     5.3  4190.2
  -764 150.400  -0.000 150.400   398646.8 244903.2 33801.9 15322.6   4249.5     5.0  4300.6
  -763  58.739   0.002  58.741   276339.0 206871.4 26427.0 12776.3   3119.8     5.3  2938.8
  -762 107.120  -0.001 107.119   294063.7 205403.6 29538.4 14601.8   3706.6     7.3  3326.3
  -761 151.839   0.000 151.840   333719.0 232135.4 33029.6  9419.1   4530.9     7.2  3747.6
  -760 -159.776   0.000 -159.776   322617.5 281524.3 53897.7 14568.5   4281.8     5.6  3942.7
  -759 131.905  -0.000 131.905   404657.6 258756.5 38459.9 16800.2   4190.3     6.3  4192.1
  -758 125.487  -0.001 125.487   396217.2 251386.8 38675.2 15532.4   4223.6     5.2  4255.9
  -757 196.069  -0.000 196.068   395488.1 273371.2 38918.1 16695.8   4128.4     8.5  4127.0
  -756 180.256  -0.000 180.255   385789.1 232091.4 31348.1 15189.8   4537.5     5.4  4139.0
  -755 118.224  -0.000 118.224   336221.1 244945.1 41466.1 13128.0   4521.8     4.6  3963.3
  -754  -9.259   0.000  -9.259   339026.3 253416.6 40507.3 15170.9   4692.8     4.4  4304.4
  -753 -11.244  -0.000 -11.244   381586.1 282124.8 61983.7 18339.3   4923.4     5.3  4283.4
  -752 277.976  -0.001 277.975   409871.6 268223.6 53368.5 18059.6   4471.9     4.7  4341.6
  -751 232.829  -0.001 232.828   416733.9 279249.2 42688.5 20681.2   4266.4     8.0  4253.8
  -750 176.508  -0.000 176.507   359799.3 218451.7 30057.6 16905.3   4033.9     5.3  3856.7

         Carbon flux (ktC/yr)        Water (dam3/yr)                Nitrogen (MgN/yr)
       ----------------------- -------------------------- --------------------------------
Spinup NEP     estab   NBP     transp     evap    interc  nuptake ndemand  nlosses ninflux
------ ------- ------- ------- ---------- ------- ------- ------- -------- ------- -------
  -749 240.101  -0.000 240.101   341250.3 221167.3 40029.2 18266.2   4905.8     4.5  4310.1
  -748 156.472  -0.000 156.472   321418.1 244516.8 50466.0 17187.3   4600.9     4.8  3970.6
  -747 119.419   0.000 119.420   348813.2 227710.5 43245.4 15752.3   4590.4     5.2  3971.4
  -746  73.642   0.000  73.642   350486.6 232295.8 42264.3 17824.1   4336.8     5.8  4003.1
  -745  86.488   0.000  86.489   349609.8 222089.1 29165.7 18356.7   4188.8     6.7  3836.6
  -744  55.395  -0.000  55.395   357463.2 208925.1 37881.8 18600.0   4348.9     8.0  3958.4
  -743  39.747   0.003  39.749   262424.8 195816.8 37971.6 13417.9   3102.8    11.7  2728.0
  -742  38.239  -0.002  38.237   315052.9 236644.8 38681.6 16081.6   4248.3    11.4  3707.9
  -741  61.552   0.000  61.552   333538.2 242263.4 42113.0 14821.2   4568.4    10.5  3904.3
  -740 -81.165   0.000 -81.165   327919.4 265980.7 50089.9 15766.3   4099.3    12.0  3675.4
  -739 236.832  -0.001 236.832   386504.3 230939.0 33311.3 19983.3   5345.4     8.9  4739.8
  -738 120.111  -0.000 120.111   326355.1 234431.5 42077.3 17115.1   3638.0     8.7  3666.4
  -737 272.532   0.000 272.532   366626.6 231990.6 41364.0 17672.6   4274.4    11.2  3900.9
  -736  92.288  -0.000  92.288   324164.6 217938.4 36949.2 18981.7   4627.2     6.8  4048.3
  -735  39.632   0.000  39.632   323607.5 310234.8 47468.5 14683.5   3620.9    10.9  3569.7
  -734 129.782  -0.000 129.782   321205.6 224193.7 38192.8 18497.7   3930.3     8.4  3613.1
  -733 104.736  -0.000 104.736   347137.4 216176.3 33464.0 19768.2   4294.3     8.5  3928.8
  -732 168.259  -0.000 168.258   333630.2 249955.3 34526.3 16280.2   4335.0     8.5  3963.7
  -731  54.049   0.000  54.049   338799.3 258954.3 58319.3 16574.3   4288.6     5.5  3979.5
  -730 135.595  -0.001 135.594   398207.3 304056.7 48961.1 21060.2   4597.9     8.4  4177.8
  -729 145.197  -0.000 145.197   368091.4 251399.2 58647.3 18919.7   4730.9     6.9  4171.2
  -728  93.648  -0.000  93.648   347906.4 242158.1 56371.4 18510.0   4253.5     8.2  3986.5
  -727 186.570  -0.000 186.569   395500.7 231856.9 39867.7 21130.9   4510.6     9.5  4144.5
  -726  90.167  -0.000  90.167   357856.2 232087.2 44273.9 17582.4   4298.1     9.1  3833.6
  -725 -88.203   0.002 -88.201   246904.2 226808.2 58231.8 13281.1   2688.4    13.1  2381.9

         Carbon flux (ktC/yr)        Water (dam3/yr)                Nitrogen (MgN/yr)
       ----------------------- -------------------------- --------------------------------
Spinup NEP     estab   NBP     transp     evap    interc  nuptake ndemand  nlosses ninflux
------ ------- ------- ------- ---------- ------- ------- ------- -------- ------- -------
  -724 151.556  -0.001 151.554   345482.6 217173.4 26336.3 22206.1   3565.1    16.4  3531.6
  -723  63.406  -0.000  63.405   333173.3 218364.6 35970.6 17797.4   3903.2    13.4  3608.1
  -722 136.801   0.001 136.801   280037.1 216919.4 32141.0 15174.0   3914.4    14.5  3411.2
  -721 -11.053   0.000 -11.053   296173.0 229293.7 40962.2 18022.1   3624.4    15.4  3290.5
  -720 -144.957   0.000 -144.957   313886.3 254118.8 39533.9 17787.9   3550.1    18.3  3294.3
  -719   3.348  -0.000   3.348   297749.8 232104.5 46920.0 18490.7   3573.0    21.6  3282.5
  -718 181.751  -0.001 181.750   353711.3 214862.9 33029.4 22744.0   3921.3    23.0  3857.7
  -717 124.289  -0.001 124.288   378068.2 267434.2 46388.8 20966.7   4174.3    24.8  4000.2
  -716  83.014  -0.000  83.014   313871.3 230807.4 55457.6 17388.6   3673.2    23.5  3545.3
  -715 237.002  -0.001 237.001   428761.9 247265.1 57898.3 25102.4   4252.7    25.2  4171.4
  -714 162.565  -0.000 162.564   393120.8 206437.0 42555.2 21826.6   4077.1    24.1  3946.6
  -713 237.400   0.000 237.400   312557.3 209796.6 46055.2 18577.0   3313.6    25.1  2995.1
  -712 114.007   0.001 114.008   307719.0 211121.1 41055.0 18638.9   3794.9    22.1  3171.1
  -711  81.967   0.000  81.968   311290.0 249825.5 61442.0 17777.7   4248.4    18.5  3502.7
  -710 270.987  -0.000 270.987   370515.7 229448.5 33335.3 18348.8   5047.3    17.9  4296.1
  -709 -148.095   0.000 -148.095   310222.1 251856.0 48302.3 16861.3   3478.4    19.5  3200.4
  -708 177.792   0.000 177.792   323400.5 223630.0 32260.0 19288.6   4554.3    21.0  3876.9
  -707 -102.256   0.000 -102.256   327146.1 232918.3 47666.1 18434.4   3618.0    21.0  3361.6
  -706 192.804  -0.001 192.803   410463.6 267325.8 46444.0 27342.0   4254.2    30.9  4049.3
  -705 147.143  -0.001 147.142   364368.2 246818.2 52290.5 20772.5   4494.1    24.5  4112.8
  -704 128.111  -0.000 128.111   380000.7 251727.5 46896.8 20774.8   4253.2    28.6  4048.7
  -703 171.886   0.000 171.886   341441.2 219683.7 49608.7 21548.2   4173.2    28.9  3661.3
  -702 252.999   0.000 252.999   390499.4 228929.7 49842.9 19871.0   4852.8    32.9  4003.4
  -701 -81.639   0.000 -81.639   335077.1 244438.6 60278.0 20994.1   4479.5    35.5  3768.9
  -700  37.971   0.000  37.971   348081.7 248079.3 44628.8 20892.2   4434.7    40.2  3745.8

         Carbon flux (ktC/yr)        Water (dam3/yr)                Nitrogen (MgN/yr)
       ----------------------- -------------------------- --------------------------------
Spinup NEP     estab   NBP     transp     evap    interc  nuptake ndemand  nlosses ninflux
------ ------- ------- ------- ---------- ------- ------- ------- -------- ------- -------
  -699  62.712  -0.000  62.712   359144.9 247360.0 51726.6 23698.0   4802.7    42.5  4151.1
  -698  47.940  -0.000  47.939   391442.6 258924.1 53734.0 21658.6   4252.7    47.0  3805.4
  -697 122.434  -0.000 122.433   385064.7 262836.6 58678.0 23369.0   4312.3    53.1  3957.9
  -696 142.904   0.000 142.904   347260.6 216962.2 46972.5 19001.7   4247.4    53.7  3587.4
  -695  46.153   0.000  46.153   323865.1 275667.5 62463.3 20187.0   4154.6    55.9  3416.9
  -694 -11.447   0.000 -11.447   344320.1 233959.6 55105.2 20718.9   4321.2    56.6  3590.6
  -693   2.096   0.001   2.097   317703.9 256395.9 62546.6 22467.7   2936.9    67.7  2867.1
  -692 469.545  -0.002 469.543   434828.8 223577.0 43538.2 28502.0   5349.4    56.1  4683.5
  -691 328.575  -0.001 328.575   417302.1 231652.8 70222.7 21811.1   3731.6    57.6  3753.7
  -690 151.809  -0.000 151.809   395049.5 228246.2 54566.4 23306.4   3679.1    58.6  3513.1
  -689  78.706   0.000  78.707   308808.9 228846.9 63508.2 22822.5   3035.4    59.7  2874.3
  -688 234.702   0.001 234.703   347727.1 215285.2 52321.4 20425.8   4430.1    62.4  3577.8
  -687 -111.410   0.000 -111.410   307411.1 213236.9 44801.6 18371.6   3838.7    58.3  3172.0
  -686 -117.190   0.001 -117.189   271595.9 192294.1 40594.6 18225.2   2646.7    65.5  2298.8
  -685 -120.654   0.000 -120.653   284770.5 249578.5 54986.8 20995.0   2552.6    71.4  2461.3
  -684 280.849  -0.001 280.848   413006.2 243450.7 45756.9 27391.6   4480.4    62.1  3994.6
  -683 121.657  -0.001 121.657   381557.1 248862.4 63336.1 21165.1   4261.4    60.3  4005.1
  -682  44.503  -0.000  44.503   383210.2 314250.8 58960.9 19150.5   3231.0    74.2  3652.7
  -681 189.594  -0.000 189.594   396732.7 248177.7 67492.7 28487.5   3897.1    75.4  3973.2
  -680  75.857  -0.000  75.857   395944.0 263882.2 70425.9 24420.6   3893.0    80.4  3631.1
  -679 222.655  -0.000 222.654   427420.5 252544.7 50936.2 27529.0   4390.8    85.5  4121.7
  -678 231.878  -0.000 231.877   395872.1 238006.3 64126.6 25684.2   4305.7    85.0  3814.4
  -677  80.997  -0.000  80.996   394009.3 259854.0 67853.5 24748.6   3960.5    88.5  3710.3
  -676 -52.875   0.001 -52.873   319902.7 203286.0 42117.6 17556.3   3015.0    91.5  2582.2
  -675 139.279   0.000 139.279   326191.7 208652.3 48110.6 22408.2   2708.3   114.0  2506.0

         Carbon flux (ktC/yr)        Water (dam3/yr)                Nitrogen (MgN/yr)
       ----------------------- -------------------------- --------------------------------
Spinup NEP     estab   NBP     transp     evap    interc  nuptake ndemand  nlosses ninflux
------ ------- ------- ------- ---------- ------- ------- ------- -------- ------- -------
  -674   8.002   0.000   8.002   314130.0 235047.2 65697.9 23294.4   3011.8    98.8  2760.6
  -673  33.573   0.000  33.573   346088.2 208983.9 34421.9 23697.5   3287.9   101.0  2993.8
  -672 -97.137  -0.000 -97.137   331352.6 266852.2 89200.8 25455.6   3899.0   105.9  3283.3
  -671 380.773  -0.001 380.772   406154.3 218285.4 50892.7 28146.2   3794.0   109.5  3582.9
  -670 235.558  -0.001 235.557   461256.2 265671.1 62000.0 28551.3   3871.2   113.7  3996.9
  -669 103.334   0.000 103.335   381209.1 308568.8 69755.9 18189.5   3040.1   123.5  3312.5
  -668 -57.385   0.005 -57.379   317945.3 267698.9 69428.3 23801.1   1546.2   166.2  1731.0
  -667 365.883  -0.004 365.878   468426.7 252488.9 68275.1 32206.2   4149.0   130.1  3866.8
  -666 198.812  -0.001 198.811   461615.9 228986.2 55406.8 22991.0   3906.6   138.8  3465.0
  -665 -230.101   0.003 -230.098   301296.0 212389.8 59436.7 10994.4   1191.4   212.6  1213.7
  -664 287.962  -0.002 287.960   356261.8 237850.2 36722.6 29599.4   2490.4   164.5  2946.1
  -663 -163.926   0.000 -163.925   335176.5 238038.5 44725.3 16575.2   2428.5   181.3  2239.5
  -662  -0.401  -0.000  -0.401   379188.3 222967.9 41268.3 27784.2   2768.3   187.1  2477.9
  -661 -134.299   0.000 -134.299   329465.2 230458.5 58094.5 20229.7   2011.7   186.2  1803.6
  -660 -60.777  -0.000 -60.777   347276.8 250851.9 57682.5 26805.6   2207.4   187.7  2201.5
  -659 298.451  -0.001 298.450   385628.2 217403.1 45455.6 28347.2   3030.2   183.0  2943.7
  -658 251.509  -0.002 251.508   450819.5 258996.1 57722.4 28954.5   3408.2   189.8  3617.8
  -657 123.808  -0.000 123.808   373551.9 209633.2 58516.0 19643.2   2512.4   179.7  2532.7
  -656  -3.004   0.000  -3.004   358059.0 251075.3 63919.7 24566.5   2832.1   192.8  2611.7
  -655 140.774  -0.000 140.773   381665.3 221575.5 56880.6 30433.0   3383.4   194.7  2989.3
  -654 166.262  -0.001 166.261   373871.4 241661.3 73884.5 25206.9   3992.8   195.6  3317.4
  -653 -94.377   0.000 -94.376   368414.7 237191.7 67029.0 19093.1   3351.9   198.9  2802.9
  -652 -104.701   0.001 -104.700   358448.4 236561.3 62160.6 23971.6   2961.7   211.8  2554.1
  -651 -46.885   0.001 -46.884   310143.9 246020.0 71939.8 23403.8   2148.8   238.7  2005.8
  -650 238.360  -0.001 238.360   410890.5 238309.6 64333.4 32725.2   4153.1   221.8  3588.1

         Carbon flux (ktC/yr)        Water (dam3/yr)                Nitrogen (MgN/yr)
       ----------------------- -------------------------- --------------------------------
Spinup NEP     estab   NBP     transp     evap    interc  nuptake ndemand  nlosses ninflux
------ ------- ------- ------- ---------- ------- ------- ------- -------- ------- -------
  -649 373.938   0.000 373.938   356635.4 218042.5 45492.7 19038.6   4001.8   216.9  3259.6
  -648 -187.180   0.001 -187.178   310937.8 246491.9 61905.3 16922.2   2533.4   219.7  2262.3
  -647 202.709  -0.000 202.709   375428.5 208226.8 42400.4 27861.4   2949.5   227.9  2788.8
  -646 -161.337   0.001 -161.336   325222.2 217029.9 48734.4 16529.8   1977.8   224.2  1642.2
  -645 -52.462   0.001 -52.461   293565.2 240632.0 62154.3 18905.7   1112.5   297.8  1214.7
  -644 320.153  -0.002 320.152   434575.0 283623.8 45349.4 36848.2   2964.2   232.7  3163.9
  -643  67.767  -0.000  67.766   362192.6 301121.4 56525.1 15423.3   2400.6   238.2  2754.2
  -642  59.750  -0.000  59.750   367099.7 301404.0 58326.0 25072.5   2103.6   253.6  2580.2
  -641 165.453   0.000 165.453   341909.8 205386.5 50982.7 25319.9   2242.0   237.9  1999.4
  -640  23.544  -0.000  23.544   368590.4 254024.8 56186.2 26372.2   2953.7   236.7  2814.5
  -639  89.339  -0.001  89.339   378885.5 229200.2 64409.8 27143.9   3117.7   235.4  2925.6
  -638 385.813  -0.000 385.813   384819.3 212958.6 55622.1 25214.7   3327.4   235.6  3240.7
  -637 -56.213   0.000 -56.213   325973.3 239471.7 72040.7 21946.5   2652.4   227.6  2375.9
  -636  91.018  -0.000  91.018   370759.4 236236.1 72897.3 27419.5   3945.3   228.1  3445.1
  -635 -21.431  -0.000 -21.431   372698.2 232165.2 70855.5 22969.3   3807.7   234.2  3212.4
  -634 -32.383   0.001 -32.383   324451.0 242132.4 74971.8 22257.6   1873.3   269.2  1858.5
  -633 315.941  -0.002 315.939   478485.6 257958.9 60133.1 37923.1   3824.4   237.8  3744.7
  -632 228.053  -0.001 228.053   436296.8 251003.4 71471.2 22162.5   3196.9   238.9  3031.4
  -631 320.458  -0.000 320.458   370988.7 232949.8 57126.4 25665.9   3135.2   237.1  3065.3
  -630 -392.288   0.012 -392.276   320139.9 213770.5 63291.3 11871.4   2183.6   257.5  1519.3
  -629 -122.479  -0.008 -122.487   283377.9 248096.5 61636.1 17734.4    878.0   565.6   995.7
  -628 146.313  -0.001 146.312   376519.4 250980.0 50792.3 33081.8   1307.0   451.3  1530.5
  -627 593.607  -0.003 593.605   535883.2 235185.8 58523.7 35882.4   2640.8   275.9  3129.2
  -626 411.283  -0.001 411.282   426672.2 228321.5 63640.6 24384.9   2223.6   272.7  2397.6
  -625 106.929   0.001 106.930   323362.2 213693.8 49280.7 18185.5   2258.9   274.0  1898.8

         Carbon flux (ktC/yr)        Water (dam3/yr)                Nitrogen (MgN/yr)
       ----------------------- -------------------------- --------------------------------
Spinup NEP     estab   NBP     transp     evap    interc  nuptake ndemand  nlosses ninflux
------ ------- ------- ------- ---------- ------- ------- ------- -------- ------- -------
  -624 -441.351   0.006 -441.345   298942.4 214103.1 50136.7 11496.5   1021.6   356.8   939.5
  -623 -128.579  -0.002 -128.581   298582.1 210693.4 32053.2 16755.8    606.5  1610.6   913.9
  -622 -55.110   0.001 -55.109   338076.8 262441.7 43060.5 27968.0   1213.5   453.0  1433.5
  -621  67.435  -0.001  67.434   343071.8 235284.9 41599.0 30598.4   2044.2   361.7  1749.1
  -620 109.311  -0.002 109.310   361066.6 234603.3 43105.0 22920.3   2279.3   323.3  2398.1
  -619 202.618  -0.001 202.617   405446.1 300999.4 51957.7 23270.9   1789.5   344.2  2255.7
  -618  94.859  -0.001  94.858   400952.0 246871.7 64734.7 27787.3   1416.4   345.9  1565.4
  -617 216.413  -0.002 216.412   452231.8 259266.0 96998.3 35086.6   2572.5   330.3  2686.3
  -616 548.974  -0.002 548.972   517729.7 232919.1 70028.5 32823.5   2645.0   335.2  3037.1
  -615 476.105  -0.000 476.105   482533.5 236664.9 102554.2 24916.7   2769.8   339.7  2652.9
  -614 301.473  -0.000 301.473   497014.3 261421.7 90067.0 31708.0   3247.9   342.0  3031.1
  -613  10.331   0.001  10.332   365154.7 226629.6 96515.6 21211.8   2224.5   357.7  1751.3
  -612   4.429   0.001   4.430   372632.0 230128.1 84228.3 24972.9   2979.9   358.1  2271.3
  -611  10.068   0.000  10.068   392810.2 255406.5 77127.6 25420.4   3805.2   355.4  2815.1
  -610 -285.453   0.002 -285.451   311686.2 222133.5 69841.1 16871.6   2638.5   366.6  1949.6
  -609 135.689  -0.001 135.688   433522.0 228413.8 59853.6 31429.7   3586.3   367.5  3201.0
  -608  98.769  -0.001  98.769   417533.5 227762.1 71494.5 24571.5   3155.8   381.9  2750.5
  -607 -36.995   0.001 -36.995   342809.4 216438.0 75292.3 20556.0   1706.2   408.1  1528.1
  -606 142.937  -0.000 142.937   423945.7 296943.1 65192.3 28203.0   2455.8   418.7  2593.9
  -605  21.616  -0.001  21.615   401982.3 249897.0 108714.4 29145.3   2914.5   413.2  2463.4
  -604 413.161  -0.001 413.160   513685.3 236328.0 59306.2 31465.1   3134.6   420.8  2963.0
  -603 313.885  -0.001 313.885   460352.8 228660.9 93356.8 27801.5   3291.6   423.5  2915.5
  -602  33.626   0.001  33.627   421076.3 204376.1 73709.1 21977.5   2237.5   436.3  1910.2
  -601  91.296   0.001  91.297   386781.4 204229.6 62177.6 26613.9   2549.9   461.2  2026.6
  -600 -265.064   0.002 -265.063   371062.6 221706.0 67386.0 17219.0   1767.6   511.6  1388.5

         Carbon flux (ktC/yr)        Water (dam3/yr)                Nitrogen (MgN/yr)
       ----------------------- -------------------------- --------------------------------
Spinup NEP     estab   NBP     transp     evap    interc  nuptake ndemand  nlosses ninflux
------ ------- ------- ------- ---------- ------- ------- ------- -------- ------- -------
  -599 386.686  -0.001 386.685   425168.9 206136.1 48116.4 36157.2   3527.1   444.0  3113.7
  -598 -206.796   0.007 -206.788   294471.5 195736.7 56679.7  5850.5   1178.0   636.5   936.2
  -597 314.006  -0.006 314.000   431734.2 241963.3 53786.0 33292.2   2028.6   485.4  2183.1
  -596  50.485  -0.001  50.485   384839.9 245910.9 67770.7 22624.5   1200.4   586.7  1356.2
  -595 209.695  -0.001 209.694   435654.1 201569.4 37891.5 30493.4   1820.5   455.0  1711.9
  -594  61.712  -0.000  61.712   378300.7 228886.1 74696.6 25923.1   1584.1   494.9  1544.0
  -593 -220.865   0.001 -220.864   328534.0 213535.5 75364.2 19696.5   1549.9   492.8  1343.5
  -592 384.871  -0.001 384.870   431889.7 209886.2 53243.9 34796.4   3153.6   477.3  2971.4
  -591 -86.439   0.001 -86.438   348869.5 234224.5 81782.7 14799.7   2470.0   478.4  1984.1
  -590 355.423  -0.001 355.422   435079.4 211757.0 53783.1 30986.2   3262.9   477.4  3120.0
  -589 -370.616   0.001 -370.614   355002.2 185927.9 51315.8 13614.3   2373.7   484.4  1894.0
  -588 -417.792   0.005 -417.787   237543.2 205732.3 43641.6  7119.9    540.2  1444.0   756.9
  -587 591.978  -0.004 591.974   415786.2 231812.8 34255.0 35082.2   1003.8   960.8  1407.7
  -586 110.570  -0.001 110.568   421962.3 233597.3 55740.9 24230.8   1274.6   576.2  1312.9
  -585 111.344  -0.001 111.343   418134.8 239573.6 61540.2 28303.5   1278.3   564.9  1228.8
  -584 327.036  -0.001 327.034   464579.6 210892.8 75849.3 32052.0   2242.9   486.7  2293.4
  -583  71.534   0.000  71.534   378723.0 216165.2 70969.0 21986.6   1776.1   494.7  1538.1
  -582 -66.892   0.002 -66.890   342416.1 205477.4 53305.8 21092.0   1354.6   658.4  1251.0
  -581 -508.301   0.008 -508.293   307922.6 180921.1 44768.2 13033.9   1202.6   540.5  1082.9
  -580 -95.850  -0.004 -95.854   318782.5 288747.6 42842.4 24495.7    956.6   611.2  1029.8
  -579   3.396  -0.001   3.395   378468.3 231086.7 37541.8 27241.1   1262.1   605.0  1335.5
  -578 -23.103  -0.001 -23.103   379091.2 224837.8 52307.2 25571.1   1191.9   756.2  1186.3
  -577 222.042  -0.001 222.040   399447.3 231130.8 58085.7 32395.0   1598.3   511.8  1519.4
  -576 117.283  -0.001 117.282   416810.2 217112.9 52113.0 25129.9   1428.3   512.9  1356.6
  -575 132.530  -0.001 132.529   425838.5 241322.9 62124.7 28568.4   1441.9   566.3  1325.9

         Carbon flux (ktC/yr)        Water (dam3/yr)                Nitrogen (MgN/yr)
       ----------------------- -------------------------- --------------------------------
Spinup NEP     estab   NBP     transp     evap    interc  nuptake ndemand  nlosses ninflux
------ ------- ------- ------- ---------- ------- ------- ------- -------- ------- -------
  -574 -156.530   0.001 -156.529   369943.3 239119.9 64665.4 18014.9   1357.4   614.8  1395.8
  -573 -136.036   0.001 -136.035   349813.7 191063.1 36037.7 22449.9    734.6   568.6   831.2
  -572 -179.372   0.001 -179.371   304270.6 183868.4 41042.3 21548.6    690.2   669.8   787.6
  -571 455.673  -0.002 455.670   453700.0 211632.4 54885.7 43877.2   2162.5   506.5  2155.1
  -570   3.239   0.001   3.240   332014.6 197544.1 51648.7 10241.0   1074.4   750.9   918.2
  -569 140.539  -0.002 140.537   428264.4 260468.2 81527.2 34922.1   1796.5   660.7  1780.6
  -568 577.961  -0.002 577.959   530578.2 220290.6 57532.6 33923.1   1649.4   519.0  1764.6
  -567 -69.648   0.001 -69.647   434931.9 183160.6 59419.3 16994.8   1227.9   558.2  1112.0
  -566  11.237   0.002  11.239   306376.1 222116.5 53516.5 23053.5    575.5   686.3   742.8
  -565 -57.642   0.000 -57.642   352217.4 227405.7 68456.4 26834.5    827.6   634.8   825.0
  -564 150.600  -0.001 150.599   433771.4 243905.9 58201.9 35687.1   1962.1   650.1  1761.5
  -563 -97.039   0.000 -97.039   378627.9 207833.9 59687.9 17730.5   1338.1   570.1  1176.9
  -562  24.369  -0.000  24.369   418650.0 221212.7 61925.1 30210.5   1810.0   530.7  1645.1
  -561 255.058   0.000 255.058   382944.7 214761.9 43245.7 25749.1   2460.8   522.1  2016.7
  -560 -159.114   0.002 -159.113   321470.1 233497.3 77897.8 16435.9   1169.2   546.8  1066.6
  -559 340.482  -0.001 340.480   442812.3 243337.5 63726.5 35299.7   2793.1   510.0  2785.5
  -558 135.426  -0.001 135.424   468399.2 248339.6 69971.5 25775.3   2274.7   508.9  2244.7
  -557 194.526  -0.001 194.525   503873.9 190884.2 53335.0 27971.0   2027.6   524.8  1945.0
  -556 -409.808   0.028 -409.780   276100.5 187455.8 55373.4  5680.4    463.5   770.3   675.8
  -555  19.587  -0.025  19.562   353452.4 238853.8 45368.1 28133.4    741.8  1181.1   931.9
  -554 349.280  -0.001 349.279   400534.2 237244.9 57944.9 28431.9    846.4   708.2   972.6
  -553 299.455  -0.001 299.454   456650.6 294992.3 55977.3 27365.4   1165.6   613.8  1480.0
  -552 -18.603  -0.000 -18.604   415854.4 239854.4 71642.0 25435.7    767.5   636.2   906.4
  -551 123.767  -0.000 123.767   444265.1 242740.3 63200.5 29860.4   1349.7   624.5  1574.6
  -550 338.715  -0.001 338.714   447658.7 216953.0 66040.1 33828.4   1348.5   600.8  1232.5

         Carbon flux (ktC/yr)        Water (dam3/yr)                Nitrogen (MgN/yr)
       ----------------------- -------------------------- --------------------------------
Spinup NEP     estab   NBP     transp     evap    interc  nuptake ndemand  nlosses ninflux
------ ------- ------- ------- ---------- ------- ------- ------- -------- ------- -------
  -549 -290.408   0.002 -290.406   327897.2 224983.1 85931.5 12269.4    622.2  1831.2   695.8
  -548 330.204  -0.002 330.202   455072.5 230649.0 56113.2 35103.7   1482.3   584.8  1578.0
  -547 -149.492   0.007 -149.485   379523.1 196032.2 39441.7 16230.3    682.8   603.9   820.3
  -546  -9.919  -0.006  -9.925   408407.3 223829.8 57046.9 27143.6    958.7   832.1   977.4
  -545 192.789  -0.001 192.788   426738.3 229025.1 57373.1 33871.2   1760.0   603.1  1775.8
  -544 -54.712   0.000 -54.712   443915.5 181573.2 51230.1 19046.6   1366.6   615.3  1245.8
  -543 -464.637   0.009 -464.628   286982.8 222524.6 60715.2 12480.3    568.9  1359.3   709.3
  -542 258.566  -0.007 258.559   413153.5 206910.2 38519.7 35163.9    717.3   875.3   999.6
  -541 256.062  -0.001 256.061   400213.9 235489.2 62005.5 23548.7   1027.6   671.5  1033.9
  -540 397.159  -0.001 397.158   430078.4 199346.0 48472.3 29775.5   1049.6   616.9  1079.0
  -539 334.068  -0.001 334.066   461238.2 229370.9 69241.7 32888.3   1556.8   578.5  1554.1
  -538 -204.726   0.018 -204.708   332556.5 208626.0 48686.6  8628.4   1483.2   581.0  1143.1
  -537 -105.169  -0.014 -105.184   333256.6 262854.2 49828.9 18689.7    701.2   780.8   822.4
  -536  26.175  -0.001  26.175   370772.2 276054.5 52639.5 26772.9   1019.5   743.2  1112.5
  -535 -169.775   0.000 -169.774   334214.6 212945.9 58981.3 21960.2    829.0   949.1   935.1
  -534 137.856  -0.001 137.855   395431.9 220670.0 57011.1 34854.9   1274.7   699.4  1333.7
  -533 183.739  -0.001 183.738   427599.1 243356.3 67658.7 26448.6    925.4   820.9  1054.5
  -532 435.941  -0.002 435.939   502303.4 227822.6 62601.7 34346.1   1652.1   589.0  1733.0
  -531 167.908  -0.000 167.908   462305.5 220346.0 73220.0 22065.6   1323.8   638.7  1306.4
  -530 -290.571   0.012 -290.558   369424.5 190442.7 45614.6 14051.2    618.4   675.9   765.2
  -529 -18.957  -0.009 -18.967   346152.6 238852.4 67558.4 22295.6    680.7   866.1   807.9
  -528 522.466  -0.002 522.464   496778.8 229338.8 62379.1 44388.1   1951.2   610.5  1783.8
  -527 -70.008   0.001 -70.008   394954.1 217860.2 74196.3 13244.7   1223.1   843.5  1177.9
  -526 113.016  -0.001 113.014   461965.8 250362.8 101917.9 40360.2   2143.2   698.8  1725.2
  -525 646.256  -0.001 646.254   558463.3 219015.2 71447.1 32212.5   2190.1   629.0  1947.4

         Carbon flux (ktC/yr)        Water (dam3/yr)                Nitrogen (MgN/yr)
       ----------------------- -------------------------- --------------------------------
Spinup NEP     estab   NBP     transp     evap    interc  nuptake ndemand  nlosses ninflux
------ ------- ------- ------- ---------- ------- ------- ------- -------- ------- -------
  -524 -197.503   0.024 -197.479   339383.0 193276.1 71133.8  5133.2    776.1   973.7   747.9
  -523 485.386  -0.022 485.364   413544.5 239791.0 42084.9 30196.6   1007.9   942.1  1203.2
  -522 -103.903   0.000 -103.903   423941.2 233811.2 66007.1 18749.1   1001.6   758.7   994.4
  -521 103.025  -0.000 103.025   424649.1 244844.2 67823.9 30662.0   1245.2   682.0  1194.8
  -520  34.047   0.001  34.048   361268.8 193393.1 60509.8 17584.0   1538.5   648.8  1286.6
  -519 -205.299   0.004 -205.294   323012.7 204632.1 45911.9 16011.6    874.5  1195.5   966.4
  -518 -492.235  -0.000 -492.236   314446.6 240312.6 50004.2 15805.6    741.5  1306.7   825.0
  -517 286.061  -0.002 286.059   463939.6 294650.1 41954.4 35603.6   1538.4   899.0  1945.0
  -516  21.773  -0.001  21.772   408893.4 241056.4 50791.1 18582.2   1081.7  1020.7  1312.5
  -515 199.524  -0.002 199.522   448825.9 245895.0 84842.8 38230.9   1228.0   802.3  1169.8
  -514 846.282  -0.002 846.280   652522.6 218147.1 74446.2 36490.8   1668.7   651.6  1878.3
  -513 -291.466   0.018 -291.448   423690.1 178140.5 63418.4  7081.9    874.5   735.9   907.0
  -512 -286.446  -0.009 -286.456   295469.1 247294.9 61746.4 12154.5    405.7  1062.7   732.6
  -511 -340.841   0.005 -340.836   363056.0 241806.1 62396.9 23566.9   1076.8  4675.9  1257.6
  -510 307.289  -0.010 307.278   432769.6 253080.9 44145.1 42884.0   1543.4  2356.0  1368.2
  -509 278.401  -0.001 278.400   433473.5 198747.7 41469.5 13400.1    869.8   896.9  1027.5
  -508 -203.234   0.001 -203.233   327784.7 227268.3 68203.9 17079.4    481.5  3086.4   685.2
  -507 786.317  -0.002 786.314   477367.0 228054.6 39206.8 44173.5   1153.9   844.1  1325.9
  -506 -18.451   0.007 -18.444   374464.4 203314.2 52151.3  9246.6    926.1  1048.6   940.5
  -505 -699.802   0.044 -699.758   294064.7 211411.8 44402.7  5153.4    466.8   847.5   627.8
  -504 -508.608  -0.020 -508.628   236844.4 225097.1 24943.4 12232.4    489.1  1972.5   821.8
  -503 695.585  -0.027 695.558   479096.1 239967.6 31689.2 49325.2    566.5  2899.1   934.8
  -502  27.014  -0.001  27.013   393596.1 227588.5 37081.4 13807.3    996.2  1056.5  1074.4
  -501 -83.003  -0.000 -83.003   403925.6 208405.8 36856.3 25789.8    423.2  1106.4   652.7
  -500 -144.172   0.000 -144.172   347296.5 245723.0 48603.5 22307.9    476.5   950.8   718.7

         Carbon flux (ktC/yr)        Water (dam3/yr)                Nitrogen (MgN/yr)
       ----------------------- -------------------------- --------------------------------
Spinup NEP     estab   NBP     transp     evap    interc  nuptake ndemand  nlosses ninflux
------ ------- ------- ------- ---------- ------- ------- ------- -------- ------- -------
  -499 278.659  -0.001 278.658   346734.1 214436.8 36875.0 34112.3    660.5   817.1   870.3
  -498 -404.567   0.002 -404.565   322376.1 206487.8 46399.4 10942.4    879.7   907.2   864.9
  -497  -4.011  -0.001  -4.012   386947.7 214440.4 45984.4 26163.3    840.7  1492.6  1001.2
  -496 304.718  -0.002 304.716   416090.9 225042.0 52722.1 32488.7    950.0   745.2  1038.7
  -495 502.150  -0.001 502.149   448269.3 204303.8 47005.0 26040.5   1465.5   680.9  1477.6
  -494 -208.779   0.002 -208.777   400852.1 221790.4 59489.7 15770.6    729.1   939.0   823.1
  -493 -114.057  -0.000 -114.057   422669.5 205808.0 42526.1 26500.4   1043.2   825.0   911.5
  -492 -435.099   0.008 -435.091   290091.2 230869.5 62610.0 12210.8    491.3  4640.9   693.9
  -491 494.772  -0.008 494.764   455096.1 238262.1 40083.5 42984.2    987.8  1019.3  1247.1
  -490 528.687  -0.002 528.685   506147.1 257831.8 54318.4 26025.2   1353.9   778.6  1365.6
  -489 -73.157   0.001 -73.156   379748.6 279284.8 65507.2 11142.7    825.0   768.8   985.6
  -488 -65.370   0.002 -65.368   343948.3 183058.9 44822.0 24205.7    623.2   827.7   754.1
  -487 -172.736  -0.000 -172.736   357251.3 203787.4 48597.1 22949.0    931.9   731.5  1002.7
  -486 183.535  -0.001 183.534   411061.5 223361.8 59750.5 34698.4   1655.9   665.3  1486.9
  -485  31.572   0.000  31.573   403598.7 200152.7 42894.2 17504.2   1506.4   695.8  1354.2
  -484 -228.696   0.002 -228.694   324860.7 198997.5 48401.2 17084.4    672.7   855.9   769.8
  -483 -451.092   0.007 -451.085   292081.3 197710.3 24822.4 13251.0    475.0   811.7   693.9
  -482 518.780  -0.007 518.773   451416.9 214516.3 41054.6 43056.8   1039.4   932.4  1144.5
  -481 170.331  -0.001 170.330   393333.8 228448.4 51821.9 19766.8    850.9   816.4   951.3
  -480 274.145  -0.001 274.144   400783.7 200633.4 44116.2 25911.8   1067.3   782.0  1106.8
  -479 -752.611   0.070 -752.541   236347.5 194327.6 28375.7   -97.0    413.5   880.2   609.9
  -478   2.144  -0.065   2.079   299810.5 264990.8 22622.6 30883.8    658.2  1999.4  1047.1
  -477 522.502  -0.003 522.499   461965.0 244123.1 30747.3 30307.4    799.9  1457.4  1147.1
  -476 125.232  -0.001 125.231   404536.9 230227.2 36700.1 21417.3    663.8   907.9   940.3
  -475  79.597  -0.001  79.596   403132.4 210470.5 42935.6 28119.5    597.6   843.1   908.7

         Carbon flux (ktC/yr)        Water (dam3/yr)                Nitrogen (MgN/yr)
       ----------------------- -------------------------- --------------------------------
Spinup NEP     estab   NBP     transp     evap    interc  nuptake ndemand  nlosses ninflux
------ ------- ------- ------- ---------- ------- ------- ------- -------- ------- -------
  -474 175.367  -0.001 175.365   405377.4 222570.4 56820.6 29527.5    948.4   716.8  1049.5
  -473 -94.898   0.002 -94.896   337874.1 193331.3 48505.6 14331.1   1059.9   745.1   888.8
  -472 348.952  -0.002 348.950   450669.3 226105.6 55542.9 35896.8   1280.6   675.2  1375.4
  -471 -77.705   0.002 -77.703   348210.5 193541.4 51408.8 11186.0    918.8   771.6   829.1
  -470 -45.034  -0.000 -45.034   375572.3 217187.4 59344.2 21697.1    924.4   801.7  1021.9
  -469 371.262  -0.001 371.261   466717.6 217896.9 52484.3 37234.6   1414.8   698.8  1550.1
  -468 -266.226   0.006 -266.220   339290.3 195467.9 45461.6  7560.9    957.7   734.7   929.5
  -467 -24.326  -0.003 -24.329   346124.2 230315.0 49404.7 21265.7    529.1   926.0   752.5
  -466 188.201  -0.001 188.201   391725.5 230799.2 58849.0 29386.4    922.4   698.5   990.8
  -465 606.753  -0.002 606.751   489394.3 197773.2 45573.2 34487.2   2020.1   610.7  2004.9
  -464 -468.882   0.010 -468.871   346377.7 235971.6 68048.5  6286.0    741.1  1052.6   736.4
  -463 751.791  -0.010 751.781   466243.6 232221.6 36696.2 35229.8    951.6   723.9  1234.4
  -462 -392.169   0.035 -392.135   300487.3 207096.8 40742.5  3180.4    858.0   670.5   838.2
  -461   0.909  -0.031   0.879   328216.4 274095.6 34409.5 19708.1    470.2   865.3   740.4
  -460 -144.835   0.000 -144.835   337478.5 196986.0 35484.1 18871.6    588.2   900.5   817.3
  -459 -377.326   0.002 -377.325   301274.1 195692.3 21662.0 19069.7    402.0   797.1   713.7
  -458 193.087  -0.002 193.085   382419.8 211360.4 32322.9 37790.1    903.8   716.7  1200.9
  -457  79.490  -0.001  79.489   384973.3 222160.8 48647.6 21069.8   1029.8   784.2  1041.9
  -456 484.777  -0.002 484.776   450268.1 197412.4 40164.3 31563.0   1378.5   669.2  1397.8
  -455 -385.003   0.011 -384.993   335712.5 235096.9 53683.5  7091.5    751.8  1064.6   916.0
  -454 205.043  -0.010 205.033   416847.4 233372.2 36050.2 27624.6    619.2  1097.9   915.3
  -453 -113.109  -0.000 -113.109   414647.6 182695.2 37754.2 19742.2    606.5   959.0   834.4
  -452 -136.693   0.001 -136.692   341671.1 271038.7 51557.5 19914.0    518.7   827.3   743.7
  -451 -188.661   0.000 -188.661   381587.8 179285.7 36551.0 25027.9    663.5   824.3   836.2
  -450 -98.580   0.001 -98.579   342693.5 270343.7 48402.9 20804.5    627.4   827.0   773.5

         Carbon flux (ktC/yr)        Water (dam3/yr)                Nitrogen (MgN/yr)
       ----------------------- -------------------------- --------------------------------
Spinup NEP     estab   NBP     transp     evap    interc  nuptake ndemand  nlosses ninflux
------ ------- ------- ------- ---------- ------- ------- ------- -------- ------- -------
  -449 210.606  -0.002 210.604   435894.4 234279.7 45069.7 36114.7   1039.2   962.8  1085.1
  -448 213.927  -0.001 213.926   431443.0 221711.0 62053.7 22867.8   1180.8   716.7  1112.7
  -447 -32.382   0.000 -32.381   429311.4 220908.7 50156.9 20444.4    996.6   756.8   985.1
  -446 169.515  -0.000 169.515   418770.0 231081.4 70331.9 28662.4   1217.7   671.5  1092.1
  -445 525.085  -0.001 525.084   492042.7 196139.5 51167.8 33250.7   2266.9   608.4  2016.4
  -444 -681.342   0.052 -681.290   326692.2 175122.2 52211.2 -2285.0    780.9   745.3   809.3
  -443 -130.113  -0.046 -130.159   288752.7 308545.9 33802.0 15389.1    538.1  1018.1   798.7
  -442 122.116  -0.002 122.113   415641.3 239297.8 42218.3 30292.5    471.2  2495.3   793.2
  -441 714.111  -0.003 714.108   520161.6 230710.8 50880.3 38231.6    778.0   831.6   983.3
  -440 473.480  -0.001 473.479   471861.5 203228.7 51859.4 20174.1   1162.7   649.3  1179.6
  -439 -444.444   0.012 -444.432   324489.3 221322.9 60815.9 12511.3    636.0   949.4   714.4
  -438  59.699  -0.010  59.689   416543.2 233885.8 40657.9 25836.9    803.6   923.2   944.2
  -437 219.022  -0.001 219.021   425055.4 216422.9 47889.4 28867.0    885.0   837.5   994.8
  -436 -721.997   0.049 -721.948   324355.1 199201.2 45465.6  2840.8    602.5   784.9   663.3
  -435 -147.874  -0.044 -147.918   298150.4 245830.2 33005.0 21273.8    456.7  2414.3   692.3
  -434 225.009  -0.002 225.007   426100.9 221114.3 37461.4 29800.5    709.2  2444.9   977.7
  -433 392.936  -0.002 392.934   444370.2 250172.8 41381.6 28258.8    844.9   769.0  1009.3
  -432 -474.256   0.013 -474.243   291326.9 211754.5 53922.1  7199.5    625.7  1737.4   743.3
  -431 273.729  -0.012 273.717   419195.0 250776.5 34815.1 26843.1    560.9  1788.1  1023.0
  -430 307.793  -0.002 307.791   454833.8 225957.7 37888.3 26353.3    613.7  1070.2   906.1
  -429 -86.179  -0.000 -86.179   410583.4 214955.7 55714.6 20285.7    658.7  1533.9   874.5
  -428 127.298  -0.001 127.297   450286.0 228886.2 51860.1 32908.1    974.4   900.4  1021.9
  -427 -347.650   0.001 -347.649   400607.9 211948.2 53567.6 13470.3    779.7   813.5   874.4
  -426 -66.511   0.000 -66.510   381030.5 196256.0 44966.9 21389.6    934.9   827.4  1007.3
  -425 -125.310  -0.001 -125.310   395714.3 248166.8 78139.7 31828.6   1302.9   883.0  1230.9

         Carbon flux (ktC/yr)        Water (dam3/yr)                Nitrogen (MgN/yr)
       ----------------------- -------------------------- --------------------------------
Spinup NEP     estab   NBP     transp     evap    interc  nuptake ndemand  nlosses ninflux
------ ------- ------- ------- ---------- ------- ------- ------- -------- ------- -------
  -424 522.003  -0.002 522.002   513938.0 214574.0 61260.0 33510.5   1277.7   741.5  1372.3
  -423 365.118  -0.000 365.118   475636.2 191759.0 57300.1 18380.7    935.2   774.1   871.7
  -422 -66.180   0.001 -66.179   456177.1 216134.0 57619.5 21622.1   1130.0   798.0   983.7
  -421  66.872   0.000  66.873   416262.0 231128.8 76554.6 26048.2   1367.8   733.7  1125.6
  -420 246.605  -0.001 246.605   524613.5 219735.3 63221.9 32930.0   2539.1   695.0  2247.8
  -419  -3.865   0.003  -3.862   405377.2 209789.2 45153.0 11687.2   2253.1   705.7  1603.4
  -418 -507.944  -0.000 -507.945   332854.0 241992.8 88060.3 14605.4    692.5  1746.2   730.8
  -417 588.447  -0.002 588.445   536359.0 233154.9 48569.8 46168.4   2167.7   733.6  2254.5
  -416 261.408  -0.000 261.407   450160.2 185652.2 49502.9 14180.8   1551.7   761.6  1355.5
  -415 -535.016   0.035 -534.982   371268.8 198837.7 54243.8  8907.2   1077.7   760.8   868.1
  -414 -160.431  -0.029 -160.460   316179.6 295439.1 43546.9 19230.1    733.2   883.9   849.0
  -413  45.268  -0.002  45.265   371840.6 236100.3 49961.1 27211.3    777.5  1859.5   907.6
  -412 283.571  -0.002 283.569   494142.4 245078.3 53415.6 32319.5   1441.8   753.4  1491.2
  -411 658.231  -0.002 658.230   497209.1 227680.5 43709.3 27929.2   1839.1   703.9  2005.7
  -410 -243.827   0.001 -243.825   414939.1 215407.0 72028.8 12065.2   1127.3   800.4  1068.1
  -409 -284.859   0.006 -284.854   381676.7 218381.0 49026.9 18348.3    928.0   851.9   937.1
  -408 -315.984  -0.001 -315.984   384317.8 208795.6 39293.4 19083.6   1416.4   802.9  1165.4
  -407 -138.624  -0.002 -138.626   352684.1 270325.9 47102.7 22436.3   1028.3   786.3  1061.0
  -406 -224.174   0.000 -224.174   383588.9 180561.9 35310.1 21170.1   1046.2   828.4  1248.9
  -405   3.407  -0.001   3.406   389783.4 230156.7 44707.3 28474.7    751.7   929.2   859.5
  -404 155.037  -0.001 155.035   433675.2 235493.9 47660.3 28292.1   1212.4   946.2  1207.0
  -403 -234.693   0.001 -234.692   342362.5 211509.6 59028.8 14180.7   1012.9   916.4   999.4
  -402 277.530  -0.001 277.529   400196.8 212807.3 32096.2 31651.5   1656.4   706.2  1521.7
  -401 -110.278   0.000 -110.278   367730.8 273696.8 54563.6 15717.5   1279.2   719.9  1248.5
  -400 180.383  -0.001 180.382   403752.0 215256.7 47476.4 32733.3   1381.8   713.6  1359.8

         Carbon flux (ktC/yr)        Water (dam3/yr)                Nitrogen (MgN/yr)
       ----------------------- -------------------------- --------------------------------
Spinup NEP     estab   NBP     transp     evap    interc  nuptake ndemand  nlosses ninflux
------ ------- ------- ------- ---------- ------- ------- ------- -------- ------- -------
  -399 -394.246   0.034 -394.212   283567.1 206708.8 35872.2  5056.9   1213.0   722.9   985.8
  -398 -362.277  -0.025 -362.303   264685.8 215260.0 25952.1 12453.1    826.4  1342.4   922.5
  -397 457.350  -0.006 457.344   437268.5 259378.1 27888.3 41064.4    867.9   806.6  1145.9
  -396 -160.920   0.001 -160.919   297672.8 198678.0 31678.7  8786.2    908.7  1260.5   875.8
  -395 116.081  -0.002 116.079   399255.0 246841.7 33729.6 28244.7    910.4  1459.0  1401.5
  -394 282.291  -0.002 282.289   434505.7 200399.9 36400.9 28139.6    810.2   808.9  1167.9
  -393 -72.944  -0.000 -72.945   385246.9 210814.5 43699.9 20399.7    973.9   713.2  1076.3
  -392 -397.155   0.004 -397.151   310258.5 191679.1 26939.8 14330.2    687.3   732.8   803.8
  -391 -479.349   0.006 -479.344   270387.8 191930.6 20188.7 12482.9    445.9   849.9   674.6
  -390 237.409  -0.007 237.403   388589.8 281390.9 30247.2 32550.0    978.5   801.7  1250.9
  -389 185.042  -0.002 185.040   387171.3 229564.8 36585.3 24648.0    962.4   995.2  1242.2
  -388 239.368  -0.002 239.367   435358.0 230233.5 37208.3 26404.9    902.9   901.1  1092.3
  -387 -121.671  -0.000 -121.671   413273.8 184231.6 38514.5 19486.7    733.1   836.6   931.7
  -386 -217.731   0.003 -217.727   312208.7 230395.7 55584.9 15677.0    357.0  2019.5   686.7
  -385 610.594  -0.003 610.591   476461.2 241732.8 44965.0 40177.9   1391.4   772.1  1510.7
  -384 116.160  -0.001 116.159   430748.0 194892.8 30564.9 16526.9    866.2   708.6   952.8
  -383 -375.074   0.001 -375.073   367911.1 217830.8 49701.5 18208.0    643.7   775.7   770.0
  -382 -86.919   0.001 -86.918   331363.4 206404.0 31827.8 21539.2   1560.1   670.6  1414.8
  -381   5.907  -0.001   5.906   407130.0 230991.2 43273.6 31823.2   1368.8   718.2  1243.4
  -380  82.868  -0.001  82.867   418096.9 278841.7 52977.2 19408.0   1722.0   692.2  1655.0
  -379 233.475  -0.000 233.475   406699.0 199151.2 43772.8 24066.6   1221.2   854.0  1168.0
  -378 -401.286   0.006 -401.280   306687.4 221172.1 53131.1 12726.9    812.6   843.0   810.4
  -377 285.174  -0.005 285.169   475344.1 225236.7 44115.2 33375.4   1631.9   691.2  1805.8
  -376 199.287  -0.002 199.285   475474.1 251157.8 79160.7 27822.7   1838.4   725.9  1808.6
  -375 423.410  -0.001 423.408   514992.3 242099.4 71528.2 27541.8    860.5   809.9  1108.9

         Carbon flux (ktC/yr)        Water (dam3/yr)                Nitrogen (MgN/yr)
       ----------------------- -------------------------- --------------------------------
Spinup NEP     estab   NBP     transp     evap    interc  nuptake ndemand  nlosses ninflux
------ ------- ------- ------- ---------- ------- ------- ------- -------- ------- -------
  -374 367.828  -0.001 367.827   550260.7 215956.1 77739.6 28029.8   1523.0   654.1  1409.5
  -373 107.621   0.008 107.629   426696.3 199766.1 60789.4 17507.1   1222.3   731.1  1019.0
  -372 -220.537   0.005 -220.533   323015.2 217742.8 62804.2 16971.1    869.9   691.5   805.5
  -371 -419.724  -0.009 -419.733   337362.2 253691.5 80261.8 21686.1   1203.4   742.9  1028.4
  -370 286.334  -0.002 286.332   475733.4 247997.3 59121.2 37091.3   1375.4   724.7  1555.4
  -369 774.668  -0.002 774.667   567090.9 210042.4 53139.4 28063.7   2249.3   666.3  2341.6
  -368 -424.397   0.020 -424.377   369910.4 206878.4 63774.7  5993.4    751.1   762.3   787.1
  -367 -302.111  -0.016 -302.127   363429.8 190983.9 38087.0 15858.1    671.4   797.3   884.3
  -366 -475.396   0.017 -475.380   252887.3 187197.3 31051.1 10079.9    418.0  1019.9   717.3
  -365 -193.587  -0.012 -193.598   344781.4 218827.6 25552.8 23439.6    626.3   914.4   932.7
  -364  80.626  -0.001  80.625   351228.0 207263.8 28790.9 26439.3    678.5   881.2   880.8
  -363  62.933  -0.001  62.932   411647.3 217007.7 36554.4 23192.8    616.8  1395.7   861.8
  -362 270.373  -0.002 270.370   443171.9 232125.9 33007.6 30396.5    947.7   952.7  1164.9
  -361 369.890  -0.002 369.888   465760.0 256009.6 46158.7 29017.1    976.2   752.8  1150.2
  -360 -453.414   0.049 -453.366   277293.9 209839.5 35188.9  3455.7    859.0   746.8   855.1
  -359 -280.727  -0.044 -280.772   285427.9 277548.5 40865.2 20912.9    556.0  4234.6   770.3
  -358 691.200  -0.004 691.196   551484.6 299573.9 34920.5 35888.0    842.8  1047.0  1280.9
  -357 523.370  -0.002 523.368   486878.1 226668.0 53069.8 28882.6    780.9   751.3   994.1
  -356 -149.577   0.002 -149.574   363069.9 181492.1 46619.3 12616.9    808.6   758.1   823.8
  -355 -279.028   0.000 -279.027   364859.8 200157.9 49183.7 20605.5   1014.8   705.0  1041.2
  -354 -470.811   0.010 -470.801   306001.5 189717.0 26128.0 13960.7    748.9   729.4   803.5
  -353 -230.133  -0.007 -230.140   329865.9 209235.0 31675.7 23660.7    915.6   791.0  1014.1
  -352  90.756  -0.002  90.755   382030.2 223706.3 37261.3 30161.8   1354.0   838.7  1484.1
  -351 281.472  -0.002 281.470   436385.1 228221.3 43405.4 27624.9   1055.7   885.1  1229.4
  -350  30.595  -0.001  30.595   434857.6 211513.9 57985.0 20095.1    873.7  1093.9   980.3

         Carbon flux (ktC/yr)        Water (dam3/yr)                Nitrogen (MgN/yr)
       ----------------------- -------------------------- --------------------------------
Spinup NEP     estab   NBP     transp     evap    interc  nuptake ndemand  nlosses ninflux
------ ------- ------- ------- ---------- ------- ------- ------- -------- ------- -------
  -349 -97.445   0.002 -97.442   349466.2 181053.9 41527.1 19160.5    619.7   843.8   736.1
  -348  34.630  -0.002  34.629   405719.7 276612.8 52239.7 26491.0   1480.5   698.3  1553.5
  -347 -89.140   0.001 -89.139   373585.1 196001.2 38167.5 17075.8   1245.2   717.8  1241.4
  -346 -399.222   0.004 -399.218   341984.6 216447.0 41168.3 15941.0    716.9   899.4   811.3
  -345  55.073  -0.003  55.070   393683.1 209861.4 34659.5 33097.1    947.4   782.0  1118.6
  -344 420.030  -0.001 420.029   419532.9 199303.9 38596.5 24970.1   1749.6   656.4  1736.9
  -343 -561.773   0.017 -561.756   278638.6 220453.5 52612.9  6017.8    660.0  1813.6   737.0
  -342 111.133  -0.015 111.119   370783.9 206517.3 19615.2 25737.8    378.3   890.9   793.1
  -341 194.854  -0.002 194.852   410778.0 278324.9 41175.4 24795.6    843.5   745.4  1063.8
  -340 302.977  -0.002 302.975   425380.5 224323.3 49374.8 29977.0    706.1   750.7   907.8
  -339 -149.976   0.001 -149.975   345204.7 181827.2 40992.9 13961.5    903.9   722.2   885.2
  -338 -102.100   0.001 -102.099   329310.7 192650.5 40909.6 21960.7   1080.6   669.5   953.2
  -337 -80.414  -0.001 -80.414   427391.7 187324.2 34500.3 29110.1   1642.5   657.2  1815.5
  -336 -710.933   0.032 -710.902   299579.4 221763.8 43637.2  3103.9    670.9  1059.9   689.8
  -335 667.563  -0.030 667.533   375587.6 232584.4 20670.2 39649.1    571.6  1020.2  1010.5
  -334 105.336  -0.001 105.334   392705.0 279675.4 41535.1 14698.9    941.1   785.4  1050.3
  -333 -304.694   0.002 -304.691   317473.3 194227.5 23729.5 15697.2    374.2   851.1   716.4
  -332 -259.207   0.000 -259.207   303500.5 213836.5 41913.8 20781.6    506.8  1606.5   716.7
  -331 205.390  -0.002 205.388   451673.6 209580.7 28887.9 36411.3    858.0   897.3   935.3
  -330 -785.894   0.068 -785.826   232396.4 196118.1 21976.4 -3992.5    543.0  1050.2   666.2
  -329 -59.027  -0.062 -59.089   241459.8 231333.3 13671.3 19536.9    507.3  4557.0   813.0
  -328 682.419  -0.003 682.416   409545.1 217417.8 14662.5 33140.8    458.5  1329.7   882.6
  -327 190.957  -0.001 190.956   353753.4 238188.8 34656.7 20829.5    388.7  1354.6   684.1
  -326 393.914  -0.003 393.911   482585.2 249569.3 37588.4 37344.3    717.3   798.8  1093.7
  -325 249.872  -0.002 249.870   479832.3 245112.0 44890.4 21661.3   1054.2   986.1  1507.9

         Carbon flux (ktC/yr)        Water (dam3/yr)                Nitrogen (MgN/yr)
       ----------------------- -------------------------- --------------------------------
Spinup NEP     estab   NBP     transp     evap    interc  nuptake ndemand  nlosses ninflux
------ ------- ------- ------- ---------- ------- ------- ------- -------- ------- -------
  -324  68.406  -0.001  68.405   478607.0 216779.8 50369.4 25807.1    615.4   791.5   852.5
  -323 -342.635   0.003 -342.632   351908.4 213499.4 64352.3 14353.3    934.7   790.0   929.9
  -322 120.836  -0.002 120.834   453661.5 208337.6 45778.3 29635.7   1205.8   700.2  1274.8
  -321 -212.704   0.001 -212.703   390173.1 197868.1 51850.6 15549.3    938.8   742.5   990.7
  -320 -100.275   0.001 -100.274   337900.8 192317.1 43387.4 21384.9    977.0   747.6   860.7
  -319  33.188  -0.001  33.187   427967.7 209029.8 42714.1 33352.0   1571.9   678.0  1454.6
  -318 363.430  -0.001 363.429   404765.1 214700.9 41066.7 26846.0   1611.8   676.4  1502.4
  -317 -453.169   0.001 -453.168   355802.2 242361.4 89054.5 12929.7    834.9  1206.9   777.2
  -316 457.709  -0.002 457.707   501041.4 216157.7 58405.4 41246.9   1596.2   695.6  1693.2
  -315 245.071   0.000 245.071   453354.8 211498.4 42865.5 14654.4   1637.6   664.6  1332.8
  -314 -289.083   0.003 -289.080   400036.4 216681.1 58356.4 16175.8    708.3   900.3   820.0
  -313 125.074  -0.002 125.072   430088.7 227312.2 49781.6 32783.2   1288.1   780.8  1334.4
  -312  94.541  -0.001  94.540   441312.0 223589.0 56455.1 22767.5   1310.1   822.4  1279.0
  -311 -299.642   0.003 -299.639   425279.0 201259.8 49544.1 14005.6   1000.9   782.4   795.3
  -310 -249.781  -0.001 -249.782   317924.2 233712.4 50069.7 17275.9    406.9   990.1   772.0
  -309 -391.058   0.016 -391.041   317016.9 211163.8 55505.2 19045.8   1016.9  2400.5  1024.4
  -308 502.127  -0.017 502.110   474441.3 273639.1 37365.1 48080.3   2239.1   822.7  1862.2
  -307 -344.512   0.002 -344.510   364079.9 178142.1 39398.5 -2641.8   1064.6   793.3  1076.1
  -306 -434.993   0.014 -434.979   251127.2 187209.4 27026.3  5917.9    405.4  1070.2   758.3
  -305   8.949  -0.012   8.937   361646.4 187187.2 21905.6 21844.5    373.7  1365.3   847.7
  -304 -343.160   0.001 -343.159   294524.2 204084.8 27929.7 14500.4    609.8  1085.5   793.3
  -303  94.097  -0.002  94.096   386692.0 185329.8 20713.4 27563.4    312.4  1489.9   735.7
  -302 -107.252  -0.000 -107.253   368442.7 218262.6 31092.9 18465.6    508.4  3884.4   874.1
  -301 398.083  -0.003 398.080   439899.4 218425.8 29336.1 40492.7    525.5  1020.1   940.8
  -300  51.005  -0.001  51.005   395280.7 200382.5 37635.4 17227.7    804.6   897.1   986.3

         Carbon flux (ktC/yr)        Water (dam3/yr)                Nitrogen (MgN/yr)
       ----------------------- -------------------------- --------------------------------
Spinup NEP     estab   NBP     transp     evap    interc  nuptake ndemand  nlosses ninflux
------ ------- ------- ------- ---------- ------- ------- ------- -------- ------- -------
  -299 184.436  -0.002 184.434   439434.9 236813.9 44367.6 32531.3    956.7   933.7  1087.0
  -298 -55.431   0.001 -55.430   377255.1 198669.7 37238.0 14589.4    966.7   724.6  1033.3
  -297  56.534  -0.001  56.533   416605.6 230944.6 49775.4 33047.9    818.7   782.6   881.1
  -296 -184.725   0.001 -184.724   387940.4 235038.8 53792.0 15328.7   1261.5   958.1  1401.9
  -295 325.618  -0.001 325.617   438030.3 215437.8 46957.8 37164.5   1083.1   931.0  1112.6
  -294 -92.162   0.001 -92.161   383161.7 219611.2 65615.6 14910.7   1013.1   830.6   890.5
  -293 -77.606  -0.000 -77.607   432259.3 238998.9 61307.6 28984.8   1331.3   685.7  1229.5
  -292 344.433  -0.001 344.432   480790.0 218755.1 55594.4 32358.9   2083.0   643.1  1943.1
  -291 -442.396   0.015 -442.381   349638.2 204227.2 59080.6  5359.0    994.9   780.2   882.1
  -290 -124.810  -0.011 -124.822   355184.8 212415.7 40825.6 19389.0    740.3   850.4   929.5
  -289 234.156  -0.002 234.155   408117.9 224924.9 49233.2 34021.0    907.6   763.6  1055.2
  -288 -98.934   0.001 -98.933   339231.6 195750.4 44029.5 12632.3   1119.6   739.2   941.7
  -287 395.909  -0.002 395.907   447586.6 197803.7 40421.5 35293.7   1844.3   621.5  1816.6
  -286 -173.197   0.001 -173.196   363913.7 273434.4 57279.1  9651.0   1129.5   639.1  1127.3
  -285 -54.596   0.000 -54.596   352877.0 181276.1 39005.8 24893.5    875.5   687.4   879.1
  -284 322.433  -0.002 322.432   473525.0 204430.0 59595.5 36477.6   2436.8   582.0  2415.6
  -283 -254.302   0.020 -254.282   318925.9 206066.1 39350.8  4347.3   1494.5   591.9  1114.1
  -282 192.347  -0.017 192.331   346978.6 201862.4 34863.6 20725.5    888.7   644.1  1058.2
  -281   3.135  -0.001   3.134   363053.5 214030.1 39950.8 25159.2   1044.3   618.8  1177.5
  -280 -22.734  -0.001 -22.735   384201.0 246278.0 46711.6 24772.3   1461.4   591.0  1345.8
  -279 -31.713  -0.000 -31.713   363906.7 210235.4 45983.2 21459.9   1410.0   597.2  1373.8
  -278 -663.046   0.037 -663.009   261017.9 192902.5 25615.1  5685.6    654.9   701.1   685.1
  -277 435.082  -0.035 435.047   413043.2 235053.8 30201.1 40124.2   1081.8   672.3  1283.8
  -276 355.650  -0.002 355.648   413924.9 196907.9 33430.1 18301.8   1033.1   912.0  1122.4
  -275 -59.729  -0.000 -59.729   364266.1 278184.7 46089.7 18391.9    856.1   634.2  1048.2

         Carbon flux (ktC/yr)        Water (dam3/yr)                Nitrogen (MgN/yr)
       ----------------------- -------------------------- --------------------------------
Spinup NEP     estab   NBP     transp     evap    interc  nuptake ndemand  nlosses ninflux
------ ------- ------- ------- ---------- ------- ------- ------- -------- ------- -------
  -274 -26.297  -0.002 -26.298   411249.7 245922.6 71276.2 33631.2   1399.2   708.7  1352.9
  -273 339.708  -0.001 339.707   506351.2 194159.6 33159.3 26560.8   1254.5   595.6  1252.1
  -272 -300.255   0.004 -300.251   381015.0 200861.9 56609.5 12841.7    680.8   701.1   820.2
  -271 -188.081  -0.002 -188.082   385724.9 234353.1 52777.2 20363.2    957.0   945.3  1161.5
  -270 -261.182   0.002 -261.180   352465.9 191903.4 28473.4 22588.0    566.7   774.8   825.0
  -269 -133.490  -0.001 -133.491   342126.2 233023.5 51553.9 25402.2    695.5  1640.6   815.5
  -268 668.003  -0.002 668.001   493174.1 209892.3 39221.3 38966.0   2144.4   642.9  2183.5
  -267 -85.646   0.001 -85.645   375033.1 231575.5 67590.3  9501.3   1046.4   837.6   939.4
  -266 111.861  -0.001 111.860   416851.4 216118.3 57275.0 29055.2   1251.0   685.8  1313.8
  -265 165.543  -0.001 165.542   467193.2 228470.0 56590.1 28407.8   1937.1   642.5  2015.1
  -264 -131.848   0.000 -131.848   467598.0 216731.6 61366.7 19816.6   1183.0   641.7  1086.4
  -263  72.528   0.001  72.529   404558.0 198789.6 50713.2 24268.9   1436.4   652.0  1169.4
  -262 -702.754   0.051 -702.703   254879.1 214159.2 62219.1  4147.5    519.7  1461.6   682.6
  -261 242.060  -0.048 242.012   380083.0 240299.0 24929.9 38137.9    858.4   772.8  1141.9
  -260 586.315  -0.002 586.312   436546.3 223508.0 31942.1 25069.1   1494.0   687.2  1679.0
  -259 -38.494  -0.000 -38.494   370778.8 228539.1 53109.5 17917.4    609.7   746.6   774.7
  -258  86.142  -0.001  86.141   412745.1 221675.5 60435.3 30825.7   1186.3   626.5  1101.1
  -257 155.382  -0.001 155.381   437044.0 217257.2 53212.7 25877.9   1577.0   620.9  1531.2
  -256 -446.915   0.001 -446.914   361069.6 237891.9 94182.1 16435.2   1067.6   804.3   919.3
  -255 351.378  -0.001 351.376   538460.5 290109.2 57307.3 38519.5   2159.8   629.5  2421.8
  -254 361.946  -0.000 361.946   468674.5 198556.2 58223.9 18013.3   2053.8   603.4  1794.4
  -253 -523.535   0.044 -523.491   285609.1 190083.7 48124.7  5024.5    558.3   845.8   686.3
  -252 465.125  -0.042 465.084   439154.4 238374.0 41042.2 38557.0    996.0  1123.5  1114.6
  -251 -127.314   0.001 -127.313   350728.0 179206.4 37761.5  7635.7    989.8   803.4   898.3
  -250 332.529  -0.001 332.528   414717.7 197290.3 41093.3 34619.3   1454.4   632.7  1443.0

         Carbon flux (ktC/yr)        Water (dam3/yr)                Nitrogen (MgN/yr)
       ----------------------- -------------------------- --------------------------------
Spinup NEP     estab   NBP     transp     evap    interc  nuptake ndemand  nlosses ninflux
------ ------- ------- ------- ---------- ------- ------- ------- -------- ------- -------
  -249 -479.667   0.002 -479.665   341878.0 239983.0 54282.0 12081.9    730.9  1004.2   777.9
  -248 161.272  -0.002 161.270   431047.5 248870.4 51354.1 30363.4    850.9   936.0  1091.2
  -247 349.020  -0.002 349.019   521609.4 289207.4 53981.6 25357.4   1385.3   634.1  1673.9
  -246 294.161  -0.000 294.161   451200.9 198754.6 50670.9 21976.1   1037.8   752.5   997.7
  -245 -347.583   0.023 -347.559   327177.4 233979.7 72083.6 10284.3    550.4   734.9   710.4
  -244 613.690  -0.023 613.668   539308.4 236594.4 48042.2 42003.8   1616.1   624.7  1828.4
  -243  96.788   0.000  96.788   422903.6 229495.5 68954.7 11240.8   1221.9   650.8  1102.1
  -242 440.893  -0.002 440.891   583437.3 210827.7 67039.0 40523.1   2269.4   582.0  2426.5
  -241 -122.019   0.004 -122.014   406276.2 228259.9 82643.8  9064.9   1529.5   604.9  1224.0
  -240 157.153  -0.004 157.149   524745.1 222583.8 60108.1 29565.7   2286.5   594.0  2090.1
  -239 142.097  -0.000 142.097   471206.0 215967.3 61479.5 25757.4   2369.0   598.1  2003.7
  -238 -640.310   0.082 -640.228   284060.2 210128.4 42035.6 -1016.2   1393.2   623.8   939.5
  -237 -415.462  -0.058 -415.520   259672.3 207087.3 18169.2 17388.9    657.4   879.3   866.3
  -236 -273.289  -0.016 -273.305   295994.5 200631.1 24942.3 13428.6    799.1  1382.7   907.9
  -235  -6.618  -0.001  -6.619   347066.0 216315.4 31441.5 30422.1    565.0  2509.1   842.1
  -234 264.859  -0.003 264.857   430913.5 252170.1 37944.8 30809.4    718.0  2577.7   976.9
  -233 515.875  -0.003 515.871   544669.9 257238.6 62736.5 33937.6   1031.0   901.0  1229.5
  -232 478.849  -0.001 478.848   540968.9 240451.2 67256.5 23724.7    504.1  1074.0   866.7
  -231 412.061  -0.001 412.060   594042.0 240464.7 107223.1 33734.8   1044.9   750.9  1045.6
  -230 847.835  -0.000 847.835   722215.2 206372.2 90108.7 34217.9   1360.9   625.5  1410.6
  -229 -332.875   0.021 -332.854   434006.1 210744.0 91604.0  7682.8    931.2   740.6   874.8
  -228 -310.471  -0.006 -310.478   349377.1 234492.0 60507.2 12650.0    574.2  1174.7   776.7
  -227 -43.552  -0.012 -43.563   435626.9 245065.8 63161.3 28975.9    731.9  1038.2   868.9
  -226   3.999  -0.001   3.998   494923.2 221100.8 56582.6 27542.3   1233.1   679.9  1288.1
  -225 -315.305   0.001 -315.305   408086.8 238237.4 68792.5 17861.4   1185.1   681.7  1093.6

         Carbon flux (ktC/yr)        Water (dam3/yr)                Nitrogen (MgN/yr)
       ----------------------- -------------------------- --------------------------------
Spinup NEP     estab   NBP     transp     evap    interc  nuptake ndemand  nlosses ninflux
------ ------- ------- ------- ---------- ------- ------- ------- -------- ------- -------
  -224 176.371  -0.000 176.371   437553.2 196375.0 50425.4 32294.9   1873.5   637.0  1497.6
  -223  -0.268  -0.000  -0.269   418890.0 239619.3 71885.6 23708.9   1326.3   751.0  1239.2
  -222  34.293  -0.001  34.293   498118.2 240590.4 71320.3 27906.3   2444.6   631.5  2056.5
  -221  16.856  -0.001  16.856   503695.9 246317.4 105223.7 27108.0   3656.9   640.9  2821.2
  -220 399.887  -0.000 399.886   534027.0 193097.5 63404.6 23602.7   3084.6   637.6  2536.2
  -219 -101.781   0.001 -101.780   473940.6 207165.8 69270.8 19741.4   2776.6   645.3  1997.2
  -218 -540.419   0.019 -540.399   380341.5 177926.6 55036.4 11840.3   2395.7   670.4  1660.9
  -217 -328.342   0.003 -328.339   291757.0 243521.6 52585.8 11908.6    546.7  1139.1   739.3
  -216 546.535  -0.020 546.515   512778.8 241710.4 40760.3 46503.1   2631.5   706.6  2781.5
  -215 240.728  -0.001 240.727   465058.8 254629.8 50255.3 14608.7   2263.1   673.1  2087.4
  -214 -368.049   0.001 -368.048   365882.2 237623.5 59876.9 14224.0    799.8   826.6   864.9
  -213  36.896  -0.001  36.895   459006.3 229438.4 42366.2 30793.5   2116.8   703.0  2058.4
  -212  -6.854  -0.001  -6.855   435674.3 281262.2 58482.8 18735.4   2061.2   697.9  2082.2
  -211  84.939  -0.001  84.938   433068.6 220696.5 67588.6 27112.5   1643.6   664.3  1396.0
  -210 -289.482   0.001 -289.481   435272.7 218060.4 58023.0 19400.5   1684.6   674.3  1379.7
  -209 -539.404   0.018 -539.386   310817.6 193080.6 29868.1 10838.6    897.9   722.0   840.8
  -208 -163.068  -0.014 -163.082   339259.8 243769.8 36224.3 24124.8   1059.1  1030.8  1284.9
  -207  23.082  -0.001  23.081   425081.2 207919.7 30115.6 25143.4   1073.0   840.6   878.0
  -206 -393.406   0.002 -393.405   298450.5 233088.3 48527.8 11693.1    593.4  3861.6   727.5
  -205 342.019  -0.003 342.017   485671.0 260764.5 53847.0 42021.6   1507.4  1120.0  1643.1
  -204 524.035  -0.003 524.032   592469.4 235558.9 44300.3 27884.8   1553.6   726.6  1569.4
  -203 223.292  -0.001 223.291   454445.6 219321.3 57133.0 21115.9   1065.3   726.2  1162.1
  -202 -209.636   0.007 -209.628   356054.9 232768.5 74891.9 14335.4    955.7   717.0   897.5
  -201 217.027  -0.006 217.020   449955.5 232525.4 48241.4 33143.7   1715.1   697.7  1832.3
  -200 276.001  -0.001 276.000   467887.4 216304.3 54495.5 24295.6   1639.8   690.1  1495.0

         Carbon flux (ktC/yr)        Water (dam3/yr)                Nitrogen (MgN/yr)
       ----------------------- -------------------------- --------------------------------
Spinup NEP     estab   NBP     transp     evap    interc  nuptake ndemand  nlosses ninflux
------ ------- ------- ------- ---------- ------- ------- ------- -------- ------- -------
  -199 -209.533   0.001 -209.532   388276.5 272123.6 65424.8 15080.3   1523.4   692.8  1353.4
  -198  13.151  -0.000  13.151   425917.5 243036.4 58481.1 31421.1   2131.3   669.7  1709.7
  -197 -203.861   0.001 -203.860   419474.2 228324.7 60147.4 18015.8   2169.4   676.2  1584.5
  -196 -403.837   0.001 -403.836   391107.0 215924.9 54514.4 18138.2   1690.3   679.2  1276.0
  -195 -251.554   0.001 -251.553   395386.9 217655.6 43757.0 22159.6   2060.6   693.9  1599.0
  -194  80.203  -0.001  80.202   408866.3 215092.6 46617.2 29739.9   2456.5   686.3  2144.9
  -193 -256.414   0.003 -256.411   303300.3 196091.3 43635.4  7937.8   1109.6   766.4   897.9
  -192  21.445  -0.002  21.443   426260.3 246424.8 43205.6 27668.4   1385.2   721.7  1487.2
  -191 331.862  -0.002 331.861   443134.1 204554.5 37971.2 25089.0   1654.4   666.0  1609.8
  -190  28.172  -0.001  28.171   450937.2 228225.6 43829.4 21429.8   1864.4   682.4  1841.9
  -189 -40.214   0.001 -40.213   366310.2 209998.5 36698.0 18025.7   1826.3   660.1  1461.2
  -188 -370.018   0.002 -370.016   304708.8 226572.7 58023.0 16706.4    719.4  1119.9   818.6
  -187 148.405  -0.001 148.403   445559.0 245556.4 40888.1 32126.5   2160.2   701.0  2255.4
  -186 -14.032  -0.000 -14.032   451217.2 206748.7 38862.2 18428.7   1835.7   687.7  1407.8
  -185 -426.128   0.005 -426.123   301074.4 223626.7 47857.5 12611.5    562.2  1122.3   730.1
  -184 263.770  -0.003 263.766   394029.9 199275.0 32718.6 28957.1    939.2   774.0  1008.1
  -183  97.382  -0.001  97.381   417213.4 204649.0 33232.0 22021.4   1666.6   669.4  1743.0
  -182 -449.908   0.002 -449.906   341860.5 221660.1 44677.6 13552.9    784.5   755.5   795.6
  -181 -198.242  -0.000 -198.242   384446.7 184552.7 31082.1 22634.5   1253.6   722.7  1487.1
  -180 175.088  -0.001 175.086   419608.2 202923.2 48005.7 28365.3    787.3  1818.3   986.6
  -179 329.013  -0.001 329.011   376282.1 216440.9 35736.7 26326.1   1320.1   669.1  1351.6
  -178 -491.839   0.003 -491.835   339940.3 182140.0 39543.0  8817.0   1020.5   712.4  1083.1
  -177 -405.193   0.001 -405.192   283904.4 222072.1 36955.5 12817.8    467.9  1762.8   745.2
  -176 306.275  -0.002 306.272   430531.0 214530.4 29030.7 33411.7    585.3   912.5   983.0
  -175 230.212  -0.002 230.210   412163.7 231018.7 43810.5 25444.0   1013.2   696.4  1242.2

         Carbon flux (ktC/yr)        Water (dam3/yr)                Nitrogen (MgN/yr)
       ----------------------- -------------------------- --------------------------------
Spinup NEP     estab   NBP     transp     evap    interc  nuptake ndemand  nlosses ninflux
------ ------- ------- ------- ---------- ------- ------- ------- -------- ------- -------
  -174  64.134  -0.001  64.133   402407.2 229376.2 51195.5 23308.1   1383.7   648.4  1568.6
  -173 -197.700   0.003 -197.696   325337.6 208610.0 34761.7 13926.3   2172.1   614.6  1772.9
  -172 -190.884  -0.000 -190.884   327451.6 231409.8 41816.2 18244.9    844.1   730.4  1086.5
  -171  12.968  -0.001  12.966   387330.8 228874.7 43511.1 32360.5   2138.4   619.4  2175.2
  -170 -225.053  -0.000 -225.053   393134.6 225053.8 43071.7 16410.8   1743.1   642.6  1511.2
  -169 128.488  -0.001 128.486   417223.9 224572.7 53819.1 30345.2   2102.2   615.2  2082.1
  -168 -114.102  -0.000 -114.102   415469.4 216934.8 57612.8 18387.7   1838.6   613.7  1536.0
  -167 -158.018   0.001 -158.017   393411.6 219405.1 45238.1 20982.7   1248.7   670.7  1134.9
  -166 193.874  -0.001 193.873   418481.4 233537.3 59873.7 28294.0   1705.9   621.0  1515.5
  -165 165.065  -0.001 165.064   449342.2 201761.7 41366.0 22802.7   1990.6   594.4  1851.5
  -164 248.013  -0.001 248.012   463666.2 202998.2 67094.1 27451.1   1615.6   623.1  1556.2
  -163 -216.697   0.001 -216.696   353067.1 224482.9 73377.1 14526.1    781.5   934.0   783.7
  -162 156.188  -0.001 156.187   479133.2 227414.5 46371.9 30722.8   1904.4   600.8  1792.4
  -161 -106.821   0.002 -106.819   369577.2 211458.3 40075.6 13280.5   1719.9   600.7  1269.3
  -160  61.258   0.001  61.258   354753.7 193293.9 44232.2 19484.6   1061.4   631.5  1048.1
  -159 -482.569   0.006 -482.564   334570.8 221631.9 40269.9 15372.8    880.9   717.8   879.8
  -158 -150.632  -0.004 -150.636   395651.9 234636.7 34244.0 30314.9   1253.2   656.7  1354.9
  -157 -410.581   0.002 -410.579   316432.7 195693.3 23003.6 10681.9    946.5   684.7   953.3
  -156 139.122  -0.002 139.121   387140.0 224331.9 39607.8 29550.6    719.0   733.8   944.9
  -155  70.438  -0.002  70.437   437042.3 246258.8 45716.2 26612.4    942.5   722.6  1141.1
  -154 192.943  -0.002 192.942   430537.0 222668.1 52150.3 26948.9   1142.8   671.0  1324.7
  -153 582.720  -0.002 582.718   501082.6 208298.5 47591.7 29626.4   1598.9   632.5  1764.9
  -152 -120.941   0.001 -120.940   393202.2 246428.8 65157.1 16528.6    991.4   689.7   915.0
  -151 -412.807   0.004 -412.803   318038.4 221361.6 56011.7 18581.0   1010.4   750.9   911.8
  -150  40.898  -0.003  40.895   390531.1 241471.2 55003.8 31920.7   1145.3   804.9  1204.5

         Carbon flux (ktC/yr)        Water (dam3/yr)                Nitrogen (MgN/yr)
       ----------------------- -------------------------- --------------------------------
Spinup NEP     estab   NBP     transp     evap    interc  nuptake ndemand  nlosses ninflux
------ ------- ------- ------- ---------- ------- ------- ------- -------- ------- -------
  -149 170.765  -0.001 170.763   504769.4 188603.7 40523.7 25647.8   2020.0   629.8  1901.0
  -148 -254.764   0.007 -254.756   332871.0 231563.4 68169.6  7757.3    571.8  1066.0   727.4
  -147 327.370  -0.006 327.364   454295.8 207263.4 37270.1 30512.8    868.2   725.9  1175.6
  -146 414.779  -0.001 414.777   413449.4 222335.9 39467.6 26034.1   1283.9   639.1  1435.6
  -145 -328.564   0.009 -328.554   290293.9 200892.9 46355.7  8213.7    524.8   941.7   693.7
  -144 523.549  -0.008 523.541   442993.5 211430.9 33096.2 31621.9   1164.5   831.3  1344.3
  -143 136.602  -0.001 136.601   354875.1 220880.4 36554.3 22030.3   1123.6   656.8  1192.2
  -142 -580.643   0.010 -580.633   286117.5 219844.5 52938.6 10433.8    674.0  1030.2   750.7
  -141 358.720  -0.008 358.712   395249.1 219646.7 22443.9 31238.5   1563.1   662.1  1679.1
  -140 -273.279   0.001 -273.278   324424.3 196020.3 29950.6 10614.4   1086.3   652.9  1047.6
  -139 -223.586  -0.001 -223.588   352312.0 246419.8 56552.5 29418.9    901.0   829.9   943.7
  -138 626.056  -0.003 626.053   615899.5 226810.1 49907.7 39178.0   2240.9   586.6  2885.9
  -137 345.335  -0.001 345.334   474922.6 215387.5 55271.5 21080.8   1324.2   597.5  1268.9
  -136 -269.875   0.002 -269.873   356482.0 223577.1 76167.7 15051.5    599.0  1239.8   700.5
  -135  13.938  -0.001  13.937   491617.7 222445.3 52777.1 30395.0   1398.7   605.8  1347.4
  -134 -174.240   0.001 -174.239   398647.7 199134.3 52881.5 16381.6   1200.4   639.8  1136.2
  -133 150.814  -0.000 150.814   382130.7 215316.2 44232.1 34118.4   1800.9   589.8  1606.0
  -132 -229.030   0.001 -229.029   353666.6 227880.5 60883.3 15958.3    950.3   702.5   940.6
  -131 -475.479   0.002 -475.476   367057.7 178730.4 41237.9 15609.4   1687.8   626.9  1548.5
  -130 -455.641   0.003 -455.638   240483.2 202153.0 32912.0  7593.8    483.2  2050.6   791.7
  -129 550.456  -0.004 550.452   529970.5 223317.5 45719.9 40637.9   1140.8  1668.4  1487.8
  -128 -153.638   0.001 -153.637   395802.2 228953.2 50724.8 10569.2   1179.9  1133.6  1180.2
  -127 149.913  -0.001 149.911   435831.3 207661.7 42943.8 25590.9    603.1   808.8   909.1
  -126 -45.124  -0.000 -45.124   374706.3 232213.8 61263.1 22794.3    613.5  1660.9   777.8
  -125 219.001  -0.001 219.000   461728.7 203584.0 40388.7 31080.9   1499.2   643.3  1557.9

         Carbon flux (ktC/yr)        Water (dam3/yr)                Nitrogen (MgN/yr)
       ----------------------- -------------------------- --------------------------------
Spinup NEP     estab   NBP     transp     evap    interc  nuptake ndemand  nlosses ninflux
------ ------- ------- ------- ---------- ------- ------- ------- -------- ------- -------
  -124 -415.638   0.007 -415.630   358442.4 219614.8 48230.1  9309.8    774.5   775.5   802.6
  -123 -197.901  -0.005 -197.906   387633.6 213710.9 34054.7 21292.3    598.9   797.8   701.9
  -122 -436.558   0.002 -436.556   293180.4 224477.4 40042.6 15380.8    454.2  1578.7   706.8
  -121 331.363  -0.001 331.361   382046.5 213020.5 23271.4 34255.1    894.7   786.6   951.6
  -120 -292.378   0.001 -292.377   314327.5 224678.2 39310.5 14561.6    806.0   951.0   882.5
  -119 423.509  -0.003 423.506   473292.1 263100.3 38329.8 43873.5   1522.4   643.7  1696.0
  -118 -242.250   0.002 -242.249   335167.6 198358.7 35296.0  5711.5   1120.9   700.1  1036.3
  -117 125.565  -0.001 125.564   416933.0 237028.8 41964.4 25493.2    545.1   808.8   816.0
  -116 -52.635   0.000 -52.635   374283.2 201160.4 34941.8 19654.0    834.8   699.3  1012.8
  -115 -290.193  -0.000 -290.193   345789.0 245773.8 74802.8 27666.3    663.8   876.3   764.7
  -114 627.888  -0.002 627.885   550930.6 244046.5 58915.6 40164.3   2300.2   585.0  2566.7
  -113 638.693  -0.001 638.691   512222.6 228861.0 47448.8 24401.3   2141.4   577.9  2260.0
  -112 -392.399   0.001 -392.398   386311.8 243149.4 114310.5 14450.2   1229.0   712.8  1002.2
  -111 397.500  -0.001 397.499   567711.5 227169.9 77001.9 42058.4   3278.7   577.4  2974.0
  -110 -56.764   0.000 -56.764   465071.3 223175.8 74806.3 16753.3   3060.6   579.1  2370.4
  -109 -64.961   0.001 -64.961   413925.7 230652.6 87442.5 24896.5   1498.9   651.8  1357.9
  -108  39.174   0.000  39.174   470824.1 201829.8 62769.5 28414.3   2803.5   562.6  2298.4
  -107 -236.911   0.001 -236.910   373160.4 232638.3 83043.0 18392.1   1540.2   624.4  1323.6
  -106 -99.079   0.000 -99.079   484445.1 186417.4 49135.1 28342.8   3515.8   579.5  2510.8
  -105 -713.290   0.092 -713.198   251134.1 208347.7 41981.2 -6806.8    771.7   702.2   735.9
  -104 -192.058  -0.082 -192.140   233989.1 225937.6 12979.0 20293.5    572.3   951.5   865.0
  -103  82.214  -0.004  82.210   371395.9 239883.5 25697.5 21990.9    823.9  2411.6  1145.0
  -102 722.557  -0.003 722.554   449382.2 211159.6 25230.5 36050.9    770.8  1319.4   994.7
  -101 -32.344  -0.001 -32.345   361725.7 238521.5 40790.5 19591.3    672.1   759.2   879.6
  -100 -122.476  -0.001 -122.477   386201.3 226944.3 37263.4 23951.9   1103.2   678.4  1182.5

         Carbon flux (ktC/yr)        Water (dam3/yr)                Nitrogen (MgN/yr)
       ----------------------- -------------------------- --------------------------------
Spinup NEP     estab   NBP     transp     evap    interc  nuptake ndemand  nlosses ninflux
------ ------- ------- ------- ---------- ------- ------- ------- -------- ------- -------
   -99 -141.980  -0.000 -141.980   383802.2 238174.7 45092.2 23089.9   1089.5   980.0  1391.3
   -98 120.812  -0.001 120.810   408481.5 239604.4 53177.6 31080.7    749.3  1031.8   916.1
   -97 311.610  -0.002 311.609   489714.9 230584.4 51270.8 30333.3   1774.4   596.1  1945.4
   -96  73.310  -0.000  73.309   468009.6 205637.9 56826.5 19473.4   1094.9   619.4  1081.8
   -95 188.299  -0.000 188.299   399308.2 216468.1 49306.8 28062.4   1528.2   588.0  1344.4
   -94 -536.380   0.040 -536.340   284664.4 190587.1 45904.1  4785.3    703.0   786.9   732.8
   -93 -125.595  -0.034 -125.629   295743.6 217634.1 28350.6 20297.4    683.9  1072.4   805.9
   -92 139.663  -0.003 139.660   432979.4 215301.9 33258.8 31853.2   1179.3   678.4  1278.5
   -91 -140.765  -0.000 -140.765   395321.8 237217.5 44538.2 15441.7   1116.6   981.2  1352.4
   -90 158.540  -0.002 158.538   457109.0 245335.8 69196.9 38174.3   1142.6   739.9  1104.5
   -89 521.960  -0.002 521.959   555833.8 204930.7 42342.1 24993.1   1374.3   628.0  1475.6
   -88 -596.762   0.023 -596.739   374284.2 212596.4 60579.3  6110.8    583.9   766.5   690.4
   -87 426.697  -0.021 426.676   411804.4 207916.9 36656.5 26678.7    552.2   690.4   867.6
   -86 -19.731  -0.000 -19.731   367388.2 213762.8 45495.8 20070.8    581.9   696.0   831.2
   -85 -335.899   0.003 -335.897   323834.4 194403.8 34707.3 15061.7    868.6   665.9   909.7
   -84 -110.765  -0.000 -110.765   402987.1 213059.9 41965.7 24890.3    515.4  1088.7   768.7
   -83 341.179  -0.002 341.177   455575.3 217963.4 38825.2 35632.9   1098.8   767.8  1243.7
   -82 -94.277   0.001 -94.276   372373.1 231337.4 59374.6 11960.1    727.0   754.3   776.2
   -81 426.000  -0.002 425.998   489591.1 236679.0 55965.3 41043.1   1600.5   602.8  1594.7
   -80 277.408  -0.001 277.408   461165.2 195020.3 49139.7 18855.3   1081.0   652.7   987.9
   -79 202.268  -0.001 202.267   490714.3 223536.8 70364.3 30690.7   1620.8   587.7  1347.9
   -78  71.450  -0.000  71.450   478212.3 220797.1 77594.3 22526.0   1565.4   596.7  1255.5
   -77 117.464   0.000 117.464   448733.0 200369.1 54519.0 23056.6   1564.7   626.5  1227.3
   -76 -642.430   0.056 -642.375   262294.1 190636.2 44637.5  1187.1    386.9   799.4   690.0
   -75 116.552  -0.052 116.500   400282.6 272521.5 31781.2 32260.9    763.7   902.1  1022.4

         Carbon flux (ktC/yr)        Water (dam3/yr)                Nitrogen (MgN/yr)
       ----------------------- -------------------------- --------------------------------
Spinup NEP     estab   NBP     transp     evap    interc  nuptake ndemand  nlosses ninflux
------ ------- ------- ------- ---------- ------- ------- ------- -------- ------- -------
   -74 -420.598   0.005 -420.593   332622.6 187854.5 23906.9  3594.2    834.6   886.1   848.3
   -73 -135.799  -0.003 -135.801   341607.9 233557.6 40697.7 20757.8    488.8  5179.5   720.5
   -72 431.634  -0.002 431.632   474270.3 203469.0 28050.0 35505.2    703.7  1336.1  1050.9
   -71 -226.123   0.000 -226.123   351301.5 221088.3 45660.9 13465.7    676.5  1052.1   863.6
   -70 527.466  -0.002 527.464   462500.8 203556.6 39207.3 39419.9   1193.4   847.0  1245.3
   -69 168.268  -0.001 168.267   465736.8 207388.1 62821.6 21271.5   1079.6   830.3  1010.4
   -68 -199.516   0.001 -199.515   430474.5 214188.4 59987.2 16791.4    666.2   792.1   790.5
   -67 -208.618   0.000 -208.618   441977.6 182545.7 41184.4 25689.4    989.8   730.1  1144.9
   -66 -137.012   0.002 -137.010   317933.5 211859.6 40137.6 19276.6    542.3   817.7   711.7
   -65 -209.849  -0.000 -209.849   402047.7 217372.3 46627.9 20314.0    630.5  1471.1   805.1
   -64 199.752  -0.002 199.750   454314.5 283996.1 46441.6 33023.9   1260.4   974.5  1377.6
   -63 -54.992   0.000 -54.991   405527.3 198426.8 44607.2 15807.4    860.7   764.5   940.6
   -62 -247.640   0.001 -247.640   380586.2 237223.9 50273.1 21320.6    899.4   978.2  1149.3
   -61 -281.234   0.001 -281.233   351309.3 194619.4 25956.9 22479.3    415.8   796.6   754.9
   -60 -336.567   0.001 -336.566   354940.9 182451.7 31331.7 19391.4    816.7   735.6   939.7
   -59 -19.731  -0.000 -19.731   336638.0 207821.8 34390.4 25978.3    532.7   808.5   751.5
   -58 -213.748   0.002 -213.747   297192.1 198654.1 32559.9 14062.1    599.5  1243.2   754.3
   -57  -6.904  -0.001  -6.905   414464.7 212666.2 25826.5 30535.3    827.4   962.3   858.8
   -56 -484.441   0.001 -484.439   319146.4 242183.4 39412.5 11099.5    660.8  3307.4   751.4
   -55 701.407  -0.004 701.403   520705.7 267932.7 32256.8 45551.9    804.9   821.3  1117.6
   -54 282.438  -0.001 282.437   370584.2 224486.4 36438.1 17749.5   1042.5   672.8  1112.7
   -53 -448.719   0.030 -448.689   277122.3 209446.7 33409.4  8182.6    778.2   653.8   805.4
   -52 -633.062   0.006 -633.056   218386.8 202804.5 13964.1  6950.4    461.1   950.3   650.3
   -51 149.529  -0.030 149.499   333657.1 205327.1 13488.3 28198.6    403.3   902.3   919.4
   -50 148.802  -0.002 148.800   414381.8 218383.8 27495.9 24026.3    458.5  2402.8   806.8

         Carbon flux (ktC/yr)        Water (dam3/yr)                Nitrogen (MgN/yr)
       ----------------------- -------------------------- --------------------------------
Spinup NEP     estab   NBP     transp     evap    interc  nuptake ndemand  nlosses ninflux
------ ------- ------- ------- ---------- ------- ------- ------- -------- ------- -------
   -49 433.497  -0.002 433.495   415983.9 206786.0 25206.3 30398.6    487.4   889.0   815.3
   -48 549.986  -0.003 549.983   468765.2 205512.1 32233.9 30212.5   1348.7   637.6  1695.5
   -47 -718.058   0.062 -717.996   253612.0 196686.6 24165.8   124.0    459.2   791.4   632.0
   -46 -129.411  -0.057 -129.468   277194.1 244583.8 18004.0 20969.4    473.7  1298.7   863.5
   -45 224.343  -0.002 224.340   409320.5 213900.0 25017.6 27639.3    482.3   895.3   954.4
   -44 379.620  -0.002 379.618   409658.0 200033.8 29234.5 26769.3    786.7   879.5  1026.6
   -43  -6.368  -0.000  -6.368   352586.6 212971.9 37722.1 19914.1    925.8   641.0  1017.7
   -42 207.663  -0.001 207.662   360796.1 214134.6 33360.2 30672.1   1326.1   594.8  1478.6
   -41 -126.002  -0.000 -126.002   386016.1 270542.7 50462.2 15236.9   1450.8   627.8  1439.4
   -40 -181.635   0.005 -181.630   331192.8 207257.5 30833.0 16731.9   1186.7   628.1  1076.8
   -39 -642.665   0.022 -642.643   301487.2 203878.8 30145.8  8526.8    526.6   795.8   676.7
   -38 252.900  -0.023 252.877   397705.8 243269.0 22969.4 36367.4    765.3   770.9  1091.8
   -37 678.110  -0.004 678.106   521245.1 214104.2 39830.6 30295.3   1345.4   717.4  1531.8
   -36 168.656  -0.001 168.656   402651.7 218481.2 42456.9 18709.3    601.1   678.8   867.8
   -35 -80.995  -0.000 -80.996   432538.2 231780.7 50028.7 25008.0   1124.2   645.7  1104.5
   -34 -181.209   0.001 -181.208   356664.8 182264.9 39625.2 16925.4    919.6   664.7   905.9
   -33 -551.406   0.025 -551.381   297114.3 185187.9 24751.1 10395.0    989.2   621.6   871.0
   -32 146.917  -0.022 146.895   362863.2 221617.9 27366.6 33038.5   1037.0   631.3  1269.8
   -31  78.260  -0.001  78.259   379381.8 230592.6 44129.8 17078.3   1135.6   663.8  1131.2
   -30 289.591  -0.002 289.589   472354.6 213084.5 36631.1 33417.5   1168.6   594.9  1296.9
   -29 -72.695  -0.000 -72.695   403469.0 220184.0 49666.8 16797.0    952.2   785.9  1042.8
   -28  81.400  -0.001  81.400   444405.7 194869.6 45954.8 26889.7    883.9   662.7  1080.1
   -27 -88.970  -0.000 -88.970   451810.1 227989.3 54746.2 23256.7   1272.5   611.5  1135.3
   -26 -231.734   0.001 -231.733   410978.5 233351.1 60609.8 20234.6    762.2   743.9   871.4
   -25  23.292  -0.000  23.292   426885.7 215341.7 60264.9 30641.8   1249.8   624.5  1225.7

         Carbon flux (ktC/yr)        Water (dam3/yr)                Nitrogen (MgN/yr)
       ----------------------- -------------------------- --------------------------------
Spinup NEP     estab   NBP     transp     evap    interc  nuptake ndemand  nlosses ninflux
------ ------- ------- ------- ---------- ------- ------- ------- -------- ------- -------
   -24 -73.453  -0.000 -73.453   488035.7 217254.8 54504.5 22966.3   1239.3   609.5  1223.3
   -23 -42.582   0.000 -42.582   465812.0 217345.8 61187.2 21023.4   1130.4   614.0  1143.3
   -22 -83.124  -0.000 -83.124   456882.8 238409.1 63943.1 27484.4   1061.4   625.0  1040.0
   -21  96.891   0.001  96.892   429222.3 211749.4 40088.0 20119.9   1654.8   573.5  1384.8
   -20 -597.694   0.031 -597.663   314218.9 206722.6 49446.0  6683.3    675.7   849.4   746.1
   -19 284.056  -0.028 284.028   371231.4 208782.2 25703.7 32589.3    566.8  1621.1   773.2
   -18 -335.122   0.007 -335.115   340587.4 221682.2 32910.9  7301.1    967.3   939.6   928.4
   -17 105.370  -0.007 105.363   387817.3 243194.0 32098.8 28910.2    611.7  2320.6  1008.9
   -16 585.456  -0.003 585.453   474782.2 232025.5 40427.6 36335.8    664.1   788.6   928.5
   -15 -183.824   0.001 -183.824   399316.4 224376.7 42769.9 11054.3    929.0   723.7   970.8
   -14 -189.890   0.000 -189.890   402271.1 183685.1 36057.4 24560.7    756.0   756.5   974.3
   -13 -375.892   0.015 -375.878   284055.8 193657.9 29831.4  9917.3    514.3   838.6   744.6
   -12 148.103  -0.012 148.091   343152.6 240169.4 34185.1 26805.6    389.5  2043.5   691.2
   -11 373.253  -0.003 373.250   485120.1 248773.0 37787.3 34331.8    776.6   876.5  1068.1
   -10 236.299  -0.002 236.297   513532.0 232178.8 41653.3 24170.3    953.7   635.9  1186.4
    -9 -305.405   0.001 -305.404   406267.7 183328.4 41448.9 12908.6    838.4   676.4  1127.4
    -8 -675.185   0.101 -675.084   234782.7 208673.7 27791.9  1526.9    473.5   840.7   668.6
    -7 -355.311  -0.084 -355.395   224328.2 278736.5 14163.2 23639.0    564.7  7736.9   802.2
    -6 954.189  -0.013 954.176   522488.7 265897.3 23026.4 36809.3    861.1  1742.3  1249.4
    -5 645.104  -0.004 645.100   512138.4 241815.7 27796.5 27817.0    773.6   844.9  1170.9
    -4 738.908  -0.003 738.905   569647.2 215258.2 53001.6 33578.4    746.4   724.0  1083.6
    -3 -604.444   0.047 -604.396   363356.3 200759.8 48649.1  3147.5    485.5   749.6   640.9
    -2 -459.281  -0.006 -459.287   221541.3 223675.9 25321.0  5686.6    428.8  2757.3   779.4
    -1 -156.555  -0.027 -156.582   366178.9 238033.8 22469.8 22847.9   1044.0  1681.2  1670.4
     0 -95.139  -0.005 -95.144   323249.1 202220.2 22743.2 19682.1    684.4  1672.6   858.8

         Carbon flux (ktC/yr)        Water (dam3/yr)                Nitrogen (MgN/yr)
       ----------------------- -------------------------- --------------------------------
Spinup NEP     estab   NBP     transp     evap    interc  nuptake ndemand  nlosses ninflux
------ ------- ------- ------- ---------- ------- ------- ------- -------- ------- -------
     1  58.442  -0.001  58.441   388978.9 187703.9 19945.1 24802.4    381.6  1381.3   735.5
     2  40.774  -0.001  40.774   348258.3 252664.6 28800.6 21109.2    621.3   903.0   829.2
     3 274.661  -0.002 274.659   385388.7 253795.2 30797.2 30373.7    665.6   755.6   878.2
     4 -124.722  -0.001 -124.723   359674.2 244272.5 56018.2 21274.2    910.7   953.1   955.2
     5 538.173  -0.003 538.170   580161.5 232835.7 38114.9 39217.2   1175.9   626.1  1571.5
     6 -52.709   0.000 -52.709   448209.6 218129.7 47563.8 11351.0   1141.7   694.3  1138.1
     7 -48.725   0.001 -48.724   394294.2 196851.9 37157.9 19428.7    865.4   721.7   999.7
     8 -238.451   0.001 -238.450   335622.3 223597.9 59024.0 20379.4    553.6  2559.2   711.9
     9 280.271  -0.001 280.270   465343.3 200257.2 33511.9 33252.5   1448.2   696.6  1571.8
    10 -84.372   0.001 -84.370   369057.4 228808.7 60708.1 10823.1    781.0   756.9   765.0
    11 248.259  -0.001 248.257   467803.6 198912.3 41625.0 29130.4   1133.3   608.7  1380.5
    12  71.714  -0.001  71.713   444750.4 242267.3 54602.2 21276.9   1619.2   557.2  1451.6
    13 -130.649   0.005 -130.643   348702.5 198011.4 44348.5 13376.1    906.6   904.1   949.9
    14 -153.130  -0.003 -153.133   322164.9 201650.2 35528.6 14161.2    625.4  1041.9   947.1
    15 -680.986   0.048 -680.939   257439.0 212023.1 47426.2  9306.9    796.3  1370.9   904.5
    16 321.923  -0.045 321.878   433770.8 277607.5 23728.1 44178.9   2217.1  1035.0  2009.4
    17 412.105  -0.003 412.102   496797.4 293683.4 36566.3  8654.4   1351.2   621.2  1806.0
    18 112.245  -0.001 112.244   431109.8 197988.7 40728.3 20584.9    755.3   655.8  1052.7
    19 -433.828   0.010 -433.817   375038.5 202708.4 38432.5 15066.6    788.4   642.9   835.1
    20 -309.188  -0.002 -309.190   296441.6 195097.7 26224.8 14921.9    556.2   732.4   759.8
    21 394.801  -0.006 394.795   378039.9 193653.6 27434.8 32712.1    851.7   599.4  1010.2
    22 -351.216   0.003 -351.213   293001.3 186853.4 27106.9  8453.5    837.4   773.4   892.9
    23 599.406  -0.005 599.401   491037.2 209421.9 35847.6 40046.5   1297.6   588.6  1520.5
    24 147.327  -0.000 147.326   395300.2 201854.3 35520.9 13846.8    926.3   918.8  1047.4
    25 -357.390   0.002 -357.389   316066.2 221665.1 43156.7 16968.7    838.2   705.6   927.7

         Carbon flux (ktC/yr)        Water (dam3/yr)                Nitrogen (MgN/yr)
       ----------------------- -------------------------- --------------------------------
Spinup NEP     estab   NBP     transp     evap    interc  nuptake ndemand  nlosses ninflux
------ ------- ------- ------- ---------- ------- ------- ------- -------- ------- -------
    26   0.349  -0.001   0.348   410900.1 239999.9 38644.4 28660.4   1551.0   779.5  1829.8
    27  56.648  -0.001  56.647   397859.2 212539.9 48053.7 23959.7   1285.6   645.6  1323.5
    28 275.200  -0.001 275.199   440410.4 197138.3 41054.1 25084.5   1467.3   540.1  1296.3
    29  51.310  -0.001  51.309   449072.9 225829.6 53105.0 24670.5   1545.0   645.1  1629.9
    30 -134.037   0.001 -134.037   400498.5 209855.7 64350.7 18488.9    998.8   655.5   996.3
    31 -68.811  -0.000 -68.811   413793.2 216018.9 62645.9 27630.8   1596.7   561.4  1439.3
    32  55.853  -0.001  55.853   469740.0 207418.4 52809.4 26559.3   1888.3   543.2  1628.0
    33  93.430   0.001  93.431   409144.1 197336.2 48647.1 18205.8   1236.4   699.2  1074.5
    34 -521.506   0.041 -521.466   267076.2 188038.2 39277.1  5052.1    437.0   734.4   720.7
    35 -49.785  -0.037 -49.822   356898.8 240406.0 35474.7 26873.8   1000.4   879.7  1145.2
    36 -126.220  -0.001 -126.220   401293.3 219997.0 36022.1 17720.7    976.6   694.8  1031.2
    37 210.889  -0.002 210.887   418515.9 224963.1 44106.7 32020.2   1076.1   604.4  1243.0
    38 281.465  -0.001 281.465   419127.2 197464.9 42647.2 19496.9   1959.6   523.1  1874.1
    39 -301.402   0.003 -301.399   322512.1 200963.7 43796.2 12852.6    807.7   663.5   887.3
    40 -122.232  -0.001 -122.234   364851.4 224625.2 41443.9 22782.0    946.8   790.6  1090.3
    41 566.561  -0.002 566.559   441464.1 221361.5 34423.3 36557.0   1347.1   625.9  1592.6
    42 -150.468   0.001 -150.468   386616.6 222428.5 61135.9 12250.5    884.9   663.1   836.7
    43  95.285  -0.001  95.284   485026.1 222110.2 54018.2 31528.4   1610.0   562.9  1704.0
    44 115.501   0.000 115.501   420897.5 194290.6 48330.6 20066.7   1345.1   562.5  1122.5
    45 -389.969   0.006 -389.963   360446.6 199522.3 29532.4 17531.7    949.9   570.4   958.5
    46 -196.014  -0.002 -196.016   310243.5 198575.9 35701.6 15556.6    728.1   824.9   807.6
    47  34.017  -0.001  34.016   394923.3 247776.6 44861.8 31841.9   1103.3   823.4  1276.8
    48 760.846  -0.003 760.843   528030.1 202442.1 37133.9 33507.8   2728.2   524.9  2508.0
    49 -442.658   0.051 -442.607   298483.5 207158.5 37439.7 -2721.8    954.0   591.4   880.9
    50 -154.522  -0.039 -154.561   286483.3 216202.7 22311.2 12965.2    607.3  2334.5   884.9

         Carbon flux (ktC/yr)        Water (dam3/yr)                Nitrogen (MgN/yr)
       ----------------------- -------------------------- --------------------------------
Spinup NEP     estab   NBP     transp     evap    interc  nuptake ndemand  nlosses ninflux
------ ------- ------- ------- ---------- ------- ------- ------- -------- ------- -------
    51 -215.425  -0.006 -215.432   342179.8 230737.0 27596.1 22676.4    380.2   781.8   713.7
    52 280.629  -0.002 280.627   462259.0 223125.8 33597.4 33405.9    741.6   736.7  1063.1
    53 103.927  -0.002 103.925   464000.1 231356.1 37106.2 24030.4    899.5   613.5  1145.5
    54 460.693  -0.002 460.691   519244.7 209916.1 55522.3 30816.7   1475.8   572.4  1649.6
    55 -613.031   0.042 -612.989   359571.1 200117.4 46397.1  3106.3    568.3   684.0   660.8
    56 -421.074   0.008 -421.066   230390.9 214739.9 22026.5  7215.8    470.4   817.7   699.8
    57  34.497  -0.044  34.453   334764.0 239647.3 24545.6 26858.1    434.9  1862.1   864.1
    58 452.089  -0.003 452.087   437309.6 216133.4 28944.7 29863.2    453.1   844.0   915.1
    59 -218.789   0.000 -218.789   365786.5 241039.9 42805.1 16859.7    572.1  2018.4   794.1
    60 691.870  -0.003 691.868   503381.2 209761.7 35163.8 41815.7   1373.4   834.8  1652.1
    61 144.890   0.000 144.890   397223.0 195072.0 45787.8 13225.7   1296.1   570.4  1179.2
    62 -248.715   0.004 -248.711   345761.7 232885.2 58721.9 16560.6    881.9   607.3   888.2
    63 181.729  -0.003 181.726   447241.6 202774.4 31894.9 30452.4   1679.8   554.8  1820.0
    64 -10.293   0.001 -10.292   366799.1 198519.5 38612.9 13941.4    893.7  1068.5   947.1
    65 -526.261   0.017 -526.244   307693.0 203462.5 40318.2 11794.1    690.8   681.5   798.1
    66 448.250  -0.015 448.235   402387.2 207822.4 26227.2 36059.5   1759.3   547.3  1877.6
    67 229.902  -0.001 229.901   384188.6 196494.0 34399.6 16988.2   1745.3   534.2  1689.0
    68 -52.673  -0.001 -52.674   424175.2 234977.5 42483.8 25354.0   1417.7   556.2  1359.0
    69  93.892  -0.001  93.891   435559.9 221235.3 55648.6 24657.4   1651.4   531.8  1592.0
    70 120.545  -0.000 120.545   447327.0 233021.0 63669.9 21717.5   1779.4   526.4  1644.5
    71 246.138  -0.001 246.137   487671.1 215110.1 53350.3 30288.7   2065.2   519.4  2007.6
    72 -785.564   0.081 -785.484   271706.0 195302.2 29461.3 -4052.4    655.1   694.1   664.8
    73  47.348  -0.073  47.275   307109.0 247424.2 20273.3 26890.8    536.3   827.7   892.1
    74  38.896  -0.003  38.893   375131.3 194357.6 23762.9 14789.8    755.3   925.7  1065.4
    75 189.639  -0.002 189.637   392206.0 242728.1 35995.9 29313.9    469.4   732.2   763.7

         Carbon flux (ktC/yr)        Water (dam3/yr)                Nitrogen (MgN/yr)
       ----------------------- -------------------------- --------------------------------
Spinup NEP     estab   NBP     transp     evap    interc  nuptake ndemand  nlosses ninflux
------ ------- ------- ------- ---------- ------- ------- ------- -------- ------- -------
    76 -323.986   0.003 -323.983   297035.4 183817.9 30435.9  9922.6    653.3   837.9   793.0
    77 519.244  -0.003 519.241   394196.8 214708.2 26638.3 32704.2    628.3   657.2  1014.5
    78 -266.175   0.003 -266.172   295131.3 199436.1 34269.4  8672.8    615.1  1159.2   763.3
    79 100.063  -0.002 100.061   444205.7 242761.0 38886.7 28451.9    571.4  1494.2   946.3
    80 246.537  -0.002 246.535   454837.2 248458.7 48114.4 28582.0    715.9  1272.7  1004.4
    81 738.532  -0.002 738.530   555035.9 206957.0 43958.9 30102.7   1217.6   546.5  1426.1
    82 -616.941   0.089 -616.852   293783.8 211528.0 38421.9 -2399.8    765.0   591.3   755.7
    83 -533.759  -0.033 -533.792   205999.1 241580.4 24070.5  9842.4    577.1  4900.0   778.1
    84 554.438  -0.053 554.385   468435.0 274176.8 22586.1 40202.6    421.3  2866.9   918.6
    85 178.951  -0.001 178.950   406137.1 192942.8 35134.3 13181.8    621.1  1234.5   822.9
    86 121.043  -0.001 121.042   454188.9 197513.1 40826.3 29308.6    671.8   732.4   980.7
    87 -163.502   0.001 -163.501   374968.5 193918.8 35089.4 14494.4    841.4   638.9  1006.4
    88 -680.989   0.062 -680.926   256237.8 191868.3 21797.8  5809.4    442.6   861.2   624.8
    89 315.499  -0.059 315.440   382606.5 267905.0 19279.9 43719.3    651.1  1450.9  1039.8
    90  11.898  -0.001  11.897   407634.6 214172.3 36685.7 11446.0   1786.1  1777.3  1483.7
    91  17.187   0.001  17.188   335875.1 205994.0 24128.4 18993.6    639.7   664.3   841.8
    92 141.212  -0.002 141.210   421680.2 229118.9 34373.8 32471.6    740.7   689.7   928.4
    93 -190.321   0.000 -190.320   358534.8 208953.5 46450.2 14227.5    947.0   833.3  1018.4
    94 222.296  -0.002 222.294   463801.5 209888.2 37897.3 35339.4   1141.2   583.4  1261.5
    95  69.647  -0.000  69.647   472649.6 214275.7 52125.5 17170.2    989.7   714.5  1053.3
    96  28.345  -0.000  28.344   454422.7 202628.5 47724.2 24503.0    898.8   634.0  1030.7
    97 -88.396   0.001 -88.396   389579.0 192067.7 46836.1 17822.6    920.6   618.9   918.2
    98 -605.473   0.045 -605.428   290009.8 195416.0 24709.0  7017.1    643.4   650.8   692.8
    99 288.307  -0.042 288.265   406295.8 257732.7 25892.9 40650.2   1113.0   776.8  1237.6
   100 263.377  -0.002 263.376   429320.7 215371.4 35873.8 16011.5   1385.1   658.9  1427.2

         Carbon flux (ktC/yr)        Water (dam3/yr)                Nitrogen (MgN/yr)
       ----------------------- -------------------------- --------------------------------
Spinup NEP     estab   NBP     transp     evap    interc  nuptake ndemand  nlosses ninflux
------ ------- ------- ------- ---------- ------- ------- ------- -------- ------- -------
   101 -304.716   0.007 -304.709   304201.0 183625.5 32197.9  9455.1    638.5   769.0   771.4
   102 -13.807  -0.005 -13.812   391726.2 237778.7 37351.7 24358.2    502.8   931.2   780.4
   103 421.834  -0.003 421.831   510362.2 252833.9 59685.1 38001.9   1002.0   757.5  1200.2
   104 652.001  -0.002 652.000   604669.8 208429.3 49308.5 25728.1   1060.5   577.7  1181.5
   105 -59.118   0.005 -59.113   426133.3 192431.0 57472.9 12033.7    804.4   640.2   827.2
   106 -116.691  -0.003 -116.694   407172.3 222481.5 65060.0 19652.0    777.6   603.8   824.8
   107 -167.968   0.000 -167.968   425893.2 203251.7 51697.6 25799.7   1434.1   563.1  1295.2
   108 -283.794   0.001 -283.793   395686.2 233842.2 58414.7 21138.9   1071.0   594.9  1036.0
   109  46.562  -0.001  46.561   464697.3 216254.0 56997.9 31255.4   1851.5   593.0  1641.8
   110 -123.506   0.001 -123.505   378014.0 194561.4 38860.4 11572.1   1209.3   597.0  1105.7
   111 -15.135   0.000 -15.135   387834.9 239228.7 48922.3 24506.5    694.3   668.4   795.2
   112 -118.538   0.000 -118.538   371607.3 216256.4 56505.9 20566.8   1045.2   578.6   927.2
   113 165.721  -0.001 165.720   486784.6 222214.1 50721.3 31413.3   1854.7   522.6  1911.8
   114 328.833  -0.001 328.832   475285.8 234074.0 64934.9 23168.9   1680.2   532.6  1560.8
   115 374.661  -0.001 374.660   497638.0 215963.0 56653.1 28866.6   1260.1   553.9  1252.7
   116 -785.844   0.088 -785.755   261912.0 199213.0 30581.9 -5588.8    516.9   773.0   633.2
   117 -315.539  -0.057 -315.597   244408.2 238644.8 18978.4 16471.6    752.8  2566.5   950.1
   118 388.625  -0.026 388.598   394217.1 246665.4 26598.9 32381.6    485.1  2110.7   937.0
   119  95.437  -0.001  95.436   446835.2 208439.7 29286.7 18980.1    409.4  1113.4   649.9
   120 -651.792   0.019 -651.773   307905.6 224295.9 37441.6  8900.1    441.7   980.4   663.9
   121  11.470  -0.016  11.454   369248.7 217866.7 20974.7 25022.4    296.0   881.3   661.9
   122 -299.217  -0.001 -299.218   301546.9 201427.1 25990.2 12742.9    611.2  1038.2   822.3
   123  88.497  -0.000  88.497   404662.7 215847.8 31824.4 39930.5   1198.3   903.2  1522.8
   124 165.338  -0.001 165.337   381243.6 228562.8 40308.9 27293.7   1263.6   832.4  1072.3
   125 690.254  -0.003 690.251   501404.3 239523.2 44260.9 28254.8    801.9   704.3   970.1

         Carbon flux (ktC/yr)        Water (dam3/yr)                Nitrogen (MgN/yr)
       ----------------------- -------------------------- --------------------------------
Spinup NEP     estab   NBP     transp     evap    interc  nuptake ndemand  nlosses ninflux
------ ------- ------- ------- ---------- ------- ------- ------- -------- ------- -------
   126 356.769  -0.002 356.768   506301.9 286456.2 51334.5 18050.2    952.7   660.1  1165.7
   127 487.292  -0.001 487.291   546286.5 202376.9 67598.8 30885.0    930.9   662.4  1073.1
   128 -600.243   0.052 -600.191   351047.4 179146.4 50352.5  2406.6    576.2   688.4   755.1
   129 -82.966  -0.045 -83.011   357381.6 260109.6 35289.4 19527.7    481.4   928.5   775.6
   130   3.566  -0.004   3.562   365643.5 182490.8 32119.8 19195.1    538.5   880.2   737.1
   131 152.491  -0.001 152.491   400657.0 228786.8 51112.1 26470.1    467.3  1155.6   684.8
   132 194.087  -0.001 194.086   480629.5 223169.3 39965.9 28173.3   1276.4   674.0  1321.5
   133 -230.009   0.001 -230.008   381307.9 211006.7 57291.2 14222.8    778.2   840.1   866.6
   134  90.727  -0.000  90.727   443421.7 198669.2 35100.6 28595.6   1470.9   692.1  1497.0
   135 -385.991   0.002 -385.990   363227.6 233504.7 54524.7 13494.6    704.4  1276.2   764.4
   136 325.005  -0.002 325.003   444892.7 188827.8 34060.8 32270.7   1131.9   592.4  1122.2
   137 432.352  -0.002 432.350   521311.9 199387.3 62336.9 26597.6   1630.4   511.2  1527.6
   138 -137.857   0.001 -137.856   408284.4 218869.5 67583.4 12777.6    842.0   620.4   805.7
   139 -197.692   0.010 -197.682   369593.3 210955.1 36197.6 15795.5   1526.3   526.7  1258.7
   140 -516.701   0.010 -516.691   319144.4 225323.8 34990.8 10136.6    735.1   790.6   811.3
   141 163.774  -0.015 163.759   358085.9 207549.0 24639.0 29021.6    756.4   812.0   923.7
   142 -37.915  -0.001 -37.916   427343.3 208422.2 27507.7 20755.8    991.2   625.9   945.6
   143 -151.950   0.001 -151.949   335717.7 231259.7 43282.0 15187.5    422.1  1283.5   679.6
   144 361.878  -0.002 361.876   455677.8 203229.5 25990.1 34749.2   1078.8   720.6  1357.9
   145  43.842  -0.001  43.841   396855.2 222337.5 49960.9 17780.8    835.2   633.9   848.1
   146 -36.400  -0.001 -36.401   446907.3 240504.2 51598.5 26588.0   1068.4   548.5  1163.7
   147 469.386  -0.002 469.384   590194.1 214227.3 59923.1 33407.8   2383.0   485.6  2837.2
   148 -593.035   0.053 -592.982   321208.9 190111.4 32461.7 -1055.9    557.6   641.8   652.9
   149 -89.678  -0.046 -89.724   314209.9 212100.0 23641.1 16080.2    469.1   746.4   860.4
   150 -159.183  -0.002 -159.184   363781.3 216179.5 32013.8 19633.5    572.0   895.6   814.0

         Carbon flux (ktC/yr)        Water (dam3/yr)                Nitrogen (MgN/yr)
       ----------------------- -------------------------- --------------------------------
Spinup NEP     estab   NBP     transp     evap    interc  nuptake ndemand  nlosses ninflux
------ ------- ------- ------- ---------- ------- ------- ------- -------- ------- -------
   151 633.810  -0.003 633.807   422771.2 217529.7 28760.7 42428.3    683.4   941.1  1010.3
   152 -106.157   0.000 -106.157   366242.2 227049.7 48310.2 12896.3    882.7   681.4   926.4
   153  85.321  -0.001  85.321   407681.7 212335.5 42996.0 28990.4   1294.4   552.2  1366.6
   154 -733.783   0.066 -733.717   258907.4 193852.1 24056.6  -640.1    613.5   689.7   665.2
   155 365.273  -0.061 365.212   330418.6 224210.3 17244.8 31014.8    917.0   678.8  1314.7
   156 -243.926  -0.000 -243.926   361667.5 224330.3 28586.8 12997.7    780.2   753.0   920.4
   157 147.910  -0.002 147.908   389767.0 225388.2 32304.7 31230.1    730.6   866.7  1122.0
   158 407.484  -0.002 407.482   509546.2 221177.5 41442.2 28591.3    652.5   739.8   937.1
   159 -32.560  -0.000 -32.560   468699.0 182358.6 37183.2 17831.3    510.8   678.0   847.9
   160 -395.000   0.031 -394.970   291004.5 192018.6 32859.4  8954.1    472.1   751.3   713.6
   161 -114.979  -0.026 -115.006   327392.2 246633.8 30647.1 21004.9    374.2  2151.5   764.8
   162 216.015  -0.002 216.013   425630.0 237421.5 34180.0 27855.7    490.1  2377.4   889.0
   163 642.863  -0.002 642.861   470969.8 203119.9 34597.8 29200.8    759.3  1024.0   940.9
   164 216.422  -0.001 216.421   473662.1 206711.5 57595.1 21584.6    947.7   652.3   997.9
   165 -367.940   0.027 -367.913   318497.1 183046.4 39517.8  8436.5    568.9   697.9   716.2
   166 143.942  -0.025 143.917   383196.9 237154.8 39128.5 27261.9    599.7   622.5   828.6
   167 144.407  -0.001 144.405   435833.2 218129.3 51690.0 22164.0   1173.3   540.8  1186.4
   168 -344.024   0.004 -344.020   360792.4 193727.5 26456.4 11832.3    763.0   553.3   878.0
   169 -198.745  -0.001 -198.747   350704.0 217062.5 40241.3 20405.9    716.9   757.7   880.3
   170 126.974  -0.001 126.972   437877.7 196429.5 37073.1 30586.2   1100.8   560.8  1329.7
   171 294.050  -0.001 294.049   430993.3 194651.6 40619.5 21819.8   1689.7   482.1  1654.4
   172 -340.424   0.002 -340.422   334276.4 225603.5 58935.7 12480.8    647.3  1806.9   752.0
   173 388.251  -0.002 388.249   518854.1 234035.4 42105.8 37607.2   1381.0   772.0  1450.0
   174 -181.466   0.001 -181.466   424913.6 209503.4 57805.7 11029.9   1103.7   695.0  1038.9
   175 271.854  -0.001 271.853   394027.1 211698.5 39969.5 32990.2    970.6   535.1  1032.8

         Carbon flux (ktC/yr)        Water (dam3/yr)                Nitrogen (MgN/yr)
       ----------------------- -------------------------- --------------------------------
Spinup NEP     estab   NBP     transp     evap    interc  nuptake ndemand  nlosses ninflux
------ ------- ------- ------- ---------- ------- ------- ------- -------- ------- -------
   176 -300.676   0.008 -300.669   334314.5 197107.6 46458.6  9829.0    843.0   634.2   834.7
   177  23.042  -0.005  23.037   384941.6 233376.4 49486.5 21012.9   1166.0   522.9  1112.2
   178 109.397  -0.001 109.395   464581.5 214048.9 48928.7 28970.8   1477.2   530.5  1473.5
   179 -126.701   0.001 -126.700   384267.9 195301.1 34875.6 13151.2   1353.0   518.1  1259.3
   180 -51.059   0.001 -51.058   350009.3 198008.4 36598.5 20290.3    772.3  1012.1   888.2
   181 -469.748   0.001 -469.747   339345.8 239100.6 64833.3 19483.4    944.2  1332.3   923.7
   182 429.700  -0.003 429.697   543265.5 296723.0 43316.2 40656.0   2201.0   572.5  2678.8
   183 377.088  -0.001 377.086   500278.4 223545.6 61843.4 21007.1   1627.0   488.4  1487.7
   184  -1.323   0.000  -1.323   451205.6 200008.7 53502.6 17143.4    939.2   539.8   973.7
   185 -142.744   0.001 -142.742   385396.3 231424.5 70273.1 20825.3   1280.1   476.4  1040.7
   186   2.686  -0.001   2.685   479934.3 237795.0 60536.3 33163.3   1826.8   465.8  1658.3
   187 216.386  -0.000 216.385   459049.6 195867.1 50887.8 21000.8   1568.8   466.1  1200.6
   188 -61.735  -0.000 -61.735   447721.6 223285.9 60690.7 24379.7   1679.4   537.5  1534.7
   189 -221.993   0.001 -221.992   392762.0 210585.5 68587.5 18255.3   1062.0   583.3   992.3
   190 -135.319  -0.000 -135.319   465410.1 220782.1 53839.0 27864.9   1764.7   483.8  1500.3
   191  10.262  -0.000  10.262   416332.5 221142.4 63878.3 24670.6   1627.8   463.4  1435.2
   192 -520.172   0.012 -520.161   371011.2 177162.0 46270.7  8710.4   1802.0   495.1  1511.7
   193 -859.737   0.073 -859.664   203950.0 194131.0 19975.5 -3683.3    315.7   901.2   633.2
   194 -335.460  -0.069 -335.529   221016.1 211929.8  9796.6 14746.0    445.4   951.1   767.2
   195 123.108  -0.007 123.101   374067.9 198585.7 19742.0 23878.9    728.6  1279.2   998.2
   196 -33.661  -0.001 -33.662   378075.8 212906.6 19396.7 22889.7    312.5   881.5   635.9
   197 -287.334   0.000 -287.334   299557.7 226335.2 27167.4 17355.5    443.1  3246.5   772.6
   198 459.975  -0.003 459.973   409428.9 191664.6 20084.6 36269.0    375.3  1041.8   704.6
   199  61.886  -0.001  61.886   376931.8 196948.0 24990.5 16931.9    571.0   761.1   954.4
   200  -6.864  -0.001  -6.865   406885.6 216743.7 39971.3 25113.6    372.6  2428.4   737.1

         Carbon flux (ktC/yr)        Water (dam3/yr)                Nitrogen (MgN/yr)
       ----------------------- -------------------------- --------------------------------
Spinup NEP     estab   NBP     transp     evap    interc  nuptake ndemand  nlosses ninflux
------ ------- ------- ------- ---------- ------- ------- ------- -------- ------- -------
   201 552.516  -0.003 552.513   498325.9 256938.7 40353.2 39247.4    817.9   673.6  1060.5
   202 -727.601   0.050 -727.551   331184.5 203066.2 42083.9 -1456.2    583.4   663.4   652.9
   203 177.090  -0.045 177.045   314896.3 209985.7 22493.4 19198.0    450.3   700.3   823.4
   204 -301.835   0.000 -301.835   306105.6 212691.8 36601.3 16163.1    478.2  3260.6   723.4
   205 804.996  -0.004 804.993   491629.7 200016.7 27450.3 49061.7    972.0   757.8  1174.2
   206  -7.962   0.000  -7.962   370312.4 214095.3 41753.8 11004.6    933.7   546.4   932.5
   207 -450.300   0.004 -450.296   300062.9 213331.4 49063.8 14611.7    597.5   887.2   728.1
   208 321.948  -0.003 321.945   420618.5 201434.2 29794.5 33284.3   1257.8   518.1  1325.2
   209 273.928  -0.002 273.926   485585.3 237063.4 42402.9 26165.0   1342.4   546.1  1375.3
   210 307.402  -0.001 307.401   437659.7 197241.8 45956.4 19461.6   1321.8   470.9  1292.3
   211 -650.755   0.039 -650.716   321064.1 181513.5 41328.4  6650.0    694.7   598.4   821.5
   212 -472.057  -0.012 -472.069   248068.3 251212.7 35489.0 11233.1    506.5  6189.6   750.4
   213 610.411  -0.025 610.385   491653.2 283130.0 39115.4 46976.4    720.8   866.4   960.2
   214 1074.546  -0.003 1074.543   585629.2 231972.8 34224.4 27908.8   1164.5   546.2  1493.5
   215 -245.882   0.000 -245.882   426269.7 244061.9 95552.3 13821.8    725.7  1006.2   774.6
   216 708.286  -0.001 708.285   597118.3 205610.0 54381.1 42266.0   1692.1   479.6  1949.2
   217 -633.946   0.060 -633.886   379073.4 217665.2 56436.6 -2010.7    858.4   711.4   802.2
   218 -160.759  -0.043 -160.802   364420.0 208330.0 26712.3 18126.0    410.9   877.5   806.0
   219 -113.027  -0.011 -113.037   316991.8 201239.1 32095.1 12397.9    577.7  3053.3   894.8
   220 -57.083   0.005 -57.078   351218.3 205645.4 38435.2 29306.5    817.8   658.7  1033.3
   221 -73.827  -0.007 -73.834   392958.1 217806.0 39791.7 25571.6   1207.9   954.5  1131.0
   222 -14.528  -0.001 -14.528   412459.5 212320.9 43059.5 18593.0   1153.5   770.5  1162.0
   223 -219.053   0.000 -219.053   392519.1 219333.9 39384.9 18884.0    935.9   629.1   970.2
   224 -31.068  -0.000 -31.069   389384.5 198750.4 37023.4 23993.0   1054.6   588.5  1167.5
   225 333.631  -0.001 333.630   420893.8 195327.8 38098.1 27856.6   1777.2   478.4  1737.2

         Carbon flux (ktC/yr)        Water (dam3/yr)                Nitrogen (MgN/yr)
       ----------------------- -------------------------- --------------------------------
Spinup NEP     estab   NBP     transp     evap    interc  nuptake ndemand  nlosses ninflux
------ ------- ------- ------- ---------- ------- ------- ------- -------- ------- -------
   226  -9.381   0.000  -9.381   369874.9 211566.2 42929.0 18512.8   1060.1   538.3  1019.2
   227 -337.486   0.002 -337.484   333518.9 218895.8 46312.6 16726.1   1129.1   592.9  1005.4
   228 106.802  -0.001 106.802   416745.8 197806.3 30412.2 28054.1   1413.7   538.8  1452.7
   229 -644.784   0.053 -644.731   263255.5 192133.0 23208.7   157.3    587.5   738.1   663.4
   230  84.561  -0.049  84.512   313689.7 259621.2 20609.5 26491.3    564.0  2580.5   944.4
   231 619.188  -0.003 619.184   466018.7 221700.5 26249.2 31344.2    659.9  1191.2  1035.5
   232 -81.307  -0.001 -81.308   357512.4 224251.3 39304.5 15798.4    783.8   762.2   967.4
   233 369.526  -0.002 369.524   453357.0 216624.8 38323.6 34853.5   1097.3   710.3  1321.9
   234  14.649  -0.000  14.649   382100.8 223248.4 51434.5 17605.0    841.8   595.3   894.9
   235 -211.484   0.001 -211.484   375712.9 216290.8 50270.2 20982.2   1357.1   594.3  1269.4
   236 387.039  -0.001 387.038   459055.4 195452.2 41626.1 34349.5   1891.1   489.2  1685.0
   237 -621.522   0.054 -621.468   329131.6 221805.2 42850.4 -1739.8   1011.1   724.2   913.2
   238 101.343  -0.050 101.294   347511.9 226741.6 24528.5 24234.9    595.7  1024.0   912.1
   239 271.288  -0.002 271.286   438823.1 278100.9 38409.2 22520.6    855.9  1024.7  1073.7
   240 321.581  -0.002 321.579   453568.2 245603.0 43787.2 27333.0    749.8   577.0   962.5
   241 -538.313   0.025 -538.287   333710.8 176481.0 38998.2  6527.6    730.3   595.1   901.2
   242 -441.906  -0.006 -441.912   237571.7 192162.6 22121.3  7269.1    352.2   883.1   767.5
   243 102.572  -0.011 102.561   421843.6 223983.9 37066.4 32124.1   1386.8  4851.7  2055.6
   244 493.019  -0.003 493.017   433793.5 221417.1 25363.4 37268.8   1837.4   617.1  1499.4
   245 -233.310  -0.000 -233.310   362417.1 230221.6 32328.6  4452.9    858.0   624.8   960.3
   246 322.046  -0.003 322.043   419297.3 228717.2 35763.8 31914.6    936.4   535.1  1216.5
   247 281.564  -0.001 281.563   417224.4 199754.2 37222.2 19978.3   1885.3   443.2  2050.1
   248 -513.952   0.013 -513.939   336518.8 179545.1 35298.2 10627.4   1065.9   541.3  1161.6
   249 -436.317  -0.008 -436.326   302119.2 238769.5 35713.9 16022.8    554.3  2612.8   712.7
   250 395.194  -0.004 395.190   488851.1 247392.5 35205.0 44907.8    979.9   740.8  1245.3

         Carbon flux (ktC/yr)        Water (dam3/yr)                Nitrogen (MgN/yr)
       ----------------------- -------------------------- --------------------------------
Spinup NEP     estab   NBP     transp     evap    interc  nuptake ndemand  nlosses ninflux
------ ------- ------- ------- ---------- ------- ------- ------- -------- ------- -------
   251 446.886  -0.002 446.883   504456.1 232359.3 43160.2 23403.5   1407.0   599.0  1621.1
   252 365.243  -0.001 365.242   496817.8 230717.4 66018.3 20443.4    948.5   520.7   995.3
   253  -7.490   0.000  -7.490   445889.9 209295.0 67854.8 21489.7   1031.9   537.8  1081.3
   254 -17.073   0.001 -17.073   451051.2 198379.6 42988.8 21986.2   1592.0   493.9  1507.9
   255 -160.495   0.001 -160.494   393573.7 234889.5 58818.3 21218.8    940.6   547.1   838.3
   256 -772.672   0.086 -772.585   246958.7 190943.0 24764.2  -630.2    650.4   650.2   651.7
   257 -179.295  -0.079 -179.375   277617.7 277104.9 19513.8 29438.3    859.5  2076.7   993.0
   258 371.597  -0.003 371.594   436670.7 204982.9 16193.2 22368.0   1325.9   681.1  1438.5
   259  79.407  -0.001  79.406   345897.5 197933.7 28017.4 17470.4    660.3   705.2   801.9
   260  62.563  -0.002  62.561   444518.2 189405.4 26849.8 28890.8   1028.7   558.8  1440.6
   261 -709.505   0.054 -709.451   301399.6 200504.6 31450.5  1469.7    500.8   801.7   644.5
   262 -288.435  -0.047 -288.482   274670.6 257499.9 21994.2 17256.5    508.1  6255.0   738.6
   263 1147.364  -0.007 1147.358   609552.6 230874.7 28969.2 49809.2    622.5  1476.8  1046.5
   264 374.357  -0.002 374.355   453859.1 227833.4 48114.5 17915.0    711.7   624.0   853.8
   265 262.857  -0.001 262.856   464457.4 219099.3 46159.0 26635.3    918.4   589.7  1136.3
   266 -538.021   0.037 -537.984   357390.4 218889.6 44683.1  6588.5    864.5   624.0   833.9
   267 653.304  -0.036 653.268   490615.8 234880.9 40338.1 37143.9    955.9   585.9  1144.2
   268 121.147  -0.000 121.146   436760.7 215041.9 59278.8 13252.9    718.5   669.1   784.2
   269 -208.420   0.000 -208.419   451158.3 210523.2 50298.6 21899.6   1000.6   554.9  1004.6
   270 -286.030   0.001 -286.029   388374.1 198282.6 48084.7 18767.8   1411.5   496.0  1218.5
   271 127.765  -0.001 127.765   412957.4 208480.2 42910.4 29446.6   1796.9   474.4  1667.9
   272 -383.804   0.001 -383.803   370217.6 236257.4 77184.2 14784.2   1341.6   615.4  1010.3
   273 543.594  -0.002 543.592   551678.0 202282.0 43438.9 40959.3   1922.2   459.9  1988.5
   274 193.196  -0.000 193.195   457503.2 211822.0 56565.6 14883.5   1424.5   493.6  1274.7
   275 -67.456   0.001 -67.455   375379.2 207545.7 55698.0 18485.2   1088.4   489.8   968.3

         Carbon flux (ktC/yr)        Water (dam3/yr)                Nitrogen (MgN/yr)
       ----------------------- -------------------------- --------------------------------
Spinup NEP     estab   NBP     transp     evap    interc  nuptake ndemand  nlosses ninflux
------ ------- ------- ------- ---------- ------- ------- ------- -------- ------- -------
   276 -245.491   0.001 -245.490   425726.0 223968.2 55765.9 21167.9   1872.8   469.9  1357.4
   277 -86.452   0.000 -86.452   382458.8 228139.0 62363.3 24032.3   1366.4   537.0  1224.8
   278 325.019  -0.001 325.018   491831.3 215228.9 50223.3 31881.3   2963.1   431.7  2465.5
   279 -489.340   0.071 -489.269   303039.9 209216.1 36766.1 -3060.1   1650.3   489.2  1109.6
   280  82.813  -0.066  82.746   352023.4 269236.8 24499.4 24907.7   1030.2  1011.7  1202.4
   281 179.868  -0.001 179.866   381273.2 185792.6 27083.4 17338.7    968.4   664.7  1070.2
   282  79.598  -0.001  79.597   442294.0 216828.8 42100.3 25224.3   1390.5   513.3  1421.6
   283 241.926  -0.002 241.924   485204.8 234636.8 43446.4 29185.7   1679.3   496.5  1674.2
   284 -40.937  -0.000 -40.937   454637.2 228432.6 52574.0 17577.4   1388.0   489.3  1259.3
   285 -33.762   0.000 -33.762   464202.0 213692.1 57327.8 22471.0   1455.9   435.6  1323.9
   286 -202.512   0.000 -202.512   457263.1 213537.9 51740.2 23199.6   1807.0   440.3  1534.2
   287 -275.039   0.001 -275.037   398747.5 231490.5 53836.6 16078.1   1820.5   572.1  1644.3
   288 463.949  -0.002 463.948   435225.4 216586.9 37470.5 37862.8   2101.2   517.1  1903.4
   289 -287.334   0.008 -287.326   342784.3 198161.0 47397.6  5013.0   1063.0   556.4   926.0
   290 112.304  -0.005 112.299   379059.4 200005.4 34565.4 18521.6    777.7   999.7   912.8
   291 117.919  -0.001 117.919   442778.1 202417.2 52096.9 26998.8   1233.2   860.5  1443.0
   292 -288.606   0.023 -288.583   315408.3 202434.9 32054.8  8098.1   1452.6   447.3  1185.5
   293 -476.431  -0.010 -476.441   296061.9 215979.8 25642.9 11235.4    545.8   618.4   705.8
   294 -187.401  -0.007 -187.407   325836.8 233859.6 26881.6 20884.6    517.1  1251.5   878.2
   295 589.544  -0.004 589.540   484218.8 259051.2 28093.3 41248.8   1061.3   553.5  1302.1
   296 -375.913   0.001 -375.912   349776.6 181363.3 30612.2  5983.1    993.5   531.4  1076.7
   297 -415.302   0.003 -415.299   255589.1 186605.8 22353.8 11036.2    400.2   773.4   752.6
   298 151.322   0.002 151.323   351554.7 221577.3 24836.0 30713.0   1340.4  1104.7  1956.2
   299 476.926  -0.002 476.924   405786.5 199664.4 23335.5 28397.6   1931.0   554.3  1638.4
   300 -316.872   0.001 -316.872   317115.6 218415.4 26791.6  9022.6    958.7   530.1  1081.5

         Carbon flux (ktC/yr)        Water (dam3/yr)                Nitrogen (MgN/yr)
       ----------------------- -------------------------- --------------------------------
Spinup NEP     estab   NBP     transp     evap    interc  nuptake ndemand  nlosses ninflux
------ ------- ------- ------- ---------- ------- ------- ------- -------- ------- -------
   301 481.592  -0.003 481.589   480251.1 219406.0 32229.2 36129.4   1729.2   437.3  2228.4
   302 -57.272  -0.001 -57.272   368673.9 204205.2 32366.3 14847.4   1055.1   479.2  1281.3
   303 138.913  -0.002 138.911   403143.8 238865.0 43575.7 28164.9   1760.7   429.2  1965.7
   304 257.885  -0.002 257.883   507711.1 241213.1 41404.6 29120.6   2172.7   429.4  2454.3
   305 324.085  -0.001 324.083   527190.4 207052.6 61662.2 23426.9   2398.6   400.1  2590.3
   306 -166.909   0.001 -166.908   375411.0 222646.2 71212.9 14133.8    913.6   633.9   904.4
   307 -23.924  -0.001 -23.925   496492.2 246202.3 84606.5 30998.1   2644.5   430.6  2553.4
   308 372.663  -0.001 372.662   573388.4 199260.5 55483.5 26682.3   2346.4   395.4  2374.1
   309 -95.148   0.010 -95.138   393728.3 193073.4 57822.5 11328.0   1271.7   461.6   940.7
   310 191.780  -0.009 191.771   454559.3 201777.5 48215.2 23389.0   1931.2   475.8  1702.3
   311 -518.073   0.026 -518.047   316733.1 217449.6 57148.8  8767.5   1088.4   537.9   930.2
   312 177.175  -0.024 177.152   437867.6 254024.3 39014.4 30964.1   1500.8   693.0  1491.2
   313 306.800  -0.001 306.799   415202.6 216331.7 39106.6 21993.7   1870.0   403.8  1906.7
   314 -166.631   0.006 -166.625   351362.3 199016.0 43347.2 11972.7   1073.7   651.9  1053.4
   315 -406.197  -0.000 -406.197   260895.2 202289.7 34239.5  8668.0    553.1   893.9   776.0
   316 -535.113   0.009 -535.104   334815.0 212847.0 36930.2 18466.0   1715.9  1835.2  2325.9
   317 297.314  -0.008 297.306   440138.1 271939.0 31994.2 46456.4   3907.7   624.5  1990.3
   318 508.641  -0.005 508.636   552322.2 270592.1 43065.8 17750.6   1533.2   617.4  2062.4
   319 598.489  -0.003 598.486   588840.2 191626.7 32849.5 27698.2   1063.7   465.0  1439.3
   320 -28.552   0.001 -28.551   389567.5 223700.8 61847.5 16963.4    611.4   590.4   796.9
   321 -315.826   0.002 -315.824   350060.8 209731.3 60901.7 19385.9    923.9   539.2   905.3
   322 209.100  -0.003 209.097   502101.8 234211.7 47976.0 37846.3   2092.1   496.3  1966.9
   323 -23.058  -0.000 -23.058   449471.3 272397.1 62033.1 14759.7   1874.2   418.3  1734.6
   324 165.242   0.000 165.242   430573.3 192789.0 52467.7 23218.9   1942.8   402.3  1622.7
   325 -605.728   0.004 -605.724   353106.0 241946.5 89281.0 15328.5   1293.1   602.8   998.3

         Carbon flux (ktC/yr)        Water (dam3/yr)                Nitrogen (MgN/yr)
       ----------------------- -------------------------- --------------------------------
Spinup NEP     estab   NBP     transp     evap    interc  nuptake ndemand  nlosses ninflux
------ ------- ------- ------- ---------- ------- ------- ------- -------- ------- -------
   326 267.325  -0.004 267.321   539132.4 292107.4 52089.6 33963.7   2657.4   417.9  2846.4
   327 221.945  -0.001 221.944   493226.1 218672.3 69739.9 20274.2   2334.8   405.1  1989.1
   328 -75.986   0.001 -75.985   449420.9 197056.7 56751.1 17393.5   1478.3   438.6  1339.2
   329 -156.668   0.001 -156.667   412003.1 218576.9 69667.1 25430.3   1915.7   406.9  1461.0
   330 -449.225   0.012 -449.213   355699.0 193640.3 31554.7 12627.4   1628.2   419.6  1200.1
   331 -44.902  -0.009 -44.911   375662.4 227396.9 49627.3 27820.5   1495.3   430.9  1272.1
   332 159.090  -0.002 159.088   446767.3 228851.3 51000.5 27287.4   2625.1   405.3  2399.5
   333 -180.423   0.001 -180.422   363997.3 182032.7 41649.6 10264.4   1518.9   447.2  1217.7
   334 -182.060   0.001 -182.059   360075.2 188386.7 35829.8 17409.4   1788.8   422.2  1523.6
   335 -256.481   0.002 -256.479   321954.7 192227.0 32024.7 17151.4   1309.5   449.1  1107.9
   336 -398.143   0.001 -398.142   332904.3 178871.9 29368.3 17246.4   1259.7   476.9  1270.8
   337 -759.695   0.069 -759.627   217105.8 187033.3 16450.1  1437.7    447.3   786.5   657.4
   338  43.473  -0.064  43.409   282298.1 263816.0 13708.0 33573.9    648.1  1790.6   939.3
   339 421.372  -0.003 421.368   451045.3 261325.2 32503.3 29079.0   1241.0  1981.2  1451.7
   340 761.451  -0.004 761.447   532131.0 218235.2 22291.6 32143.1    920.3   618.8  1430.6
   341 286.769  -0.002 286.767   462922.6 246594.3 42244.9 23982.3    989.6   484.7  1229.2
   342 -121.835   0.000 -121.835   396813.8 198325.0 46105.9 17873.5   1031.5   465.8  1222.4
   343 -144.763   0.000 -144.763   360283.3 232907.4 58853.6 27358.4   1024.6   553.8  1100.9
   344 277.767  -0.001 277.766   434690.2 213530.9 33502.7 28061.5   2905.8   385.7  2526.8
   345 -217.975   0.002 -217.973   355533.6 228038.4 64919.8 11293.6   1589.8   408.2  1279.2
   346  70.222  -0.001  70.221   457252.1 228677.2 39267.2 28444.8   2529.0   409.6  2316.6
   347 -48.645  -0.001 -48.645   419613.3 224468.1 51815.0 20841.3   2351.2   408.2  2092.6
   348 160.608  -0.001 160.607   471220.4 221927.1 64623.7 27030.7   2665.5   392.4  2458.9
   349 183.699  -0.000 183.699   461746.2 196933.9 51093.6 20287.0   2736.1   396.4  2344.8
   350 -514.121   0.034 -514.087   332183.7 235269.0 58516.5  6643.7   1302.2   575.5  1187.3

         Carbon flux (ktC/yr)        Water (dam3/yr)                Nitrogen (MgN/yr)
       ----------------------- -------------------------- --------------------------------
Spinup NEP     estab   NBP     transp     evap    interc  nuptake ndemand  nlosses ninflux
------ ------- ------- ------- ---------- ------- ------- ------- -------- ------- -------
   351 136.901  -0.032 136.869   410509.6 277058.6 57003.6 34502.3   1437.4   518.5  1343.4
   352 730.627  -0.002 730.625   528790.9 217351.7 33081.3 24125.1   2201.9   406.5  2433.0
   353 -698.376   0.055 -698.320   352494.9 198876.9 48516.9   853.8    785.2   504.6   731.9
   354 -485.463  -0.016 -485.479   242984.4 225108.1 25474.0  8517.2    497.3  1291.2   826.0
   355 214.724  -0.036 214.688   393503.1 284976.9 41285.4 39632.0    460.0  2570.4   805.8
   356 1205.848  -0.004 1205.844   610430.0 203698.6 35000.6 35300.0   1392.3   493.2  1662.8
   357 -415.295   0.024 -415.270   363060.9 202592.4 54265.6  3442.4    795.1   544.5   844.7
   358 215.136  -0.022 215.114   386364.5 207680.8 34832.6 18445.1    670.1   945.5   955.9
   359 -321.526   0.001 -321.525   322694.7 217130.5 45790.9 17339.4    794.9   707.9   907.1
   360 563.375  -0.002 563.372   439324.0 221326.0 33234.9 40105.5   1458.8   526.2  1725.7
   361 -544.808   0.016 -544.792   349338.7 180503.7 40316.5  3398.0   1060.4   511.7  1083.5
   362  77.712  -0.013  77.699   304790.6 216301.3 28742.2 19550.4    517.9   628.3   773.2
   363 -203.120   0.002 -203.118   297721.9 196374.3 31286.9 15945.3    613.4   857.4   784.0
   364 225.087  -0.001 225.086   379442.3 212947.2 21604.8 31285.8   1674.7   483.0  1732.0
   365 -95.223  -0.001 -95.224   371530.9 275012.2 40348.0 16449.7   1730.7   425.3  1785.5
   366  -5.867  -0.000  -5.867   356027.2 195949.2 34108.5 20441.0   1239.1   454.4  1154.4
   367 -92.310  -0.001 -92.311   379536.1 218787.0 46132.7 26157.9   1795.0   423.9  1794.7
   368 109.310  -0.002 109.309   453382.3 231709.7 45138.7 26833.8   2642.0   403.7  2742.8
   369 142.909  -0.001 142.909   430342.8 185713.6 40279.2 19210.1   1796.7   419.3  1628.6
   370 -129.848   0.001 -129.847   376834.5 226881.8 66152.0 19281.6   1143.1   511.0  1127.9
   371 143.845  -0.001 143.844   488899.4 227543.7 59478.2 34269.0   3513.5   389.1  3091.1
   372 -153.584   0.000 -153.584   459834.3 228210.5 61353.4 14794.5   2990.9   375.6  2257.7
   373   3.695   0.000   3.695   414443.8 212103.7 56434.6 23905.8   2261.2   380.0  1947.6
   374 -310.044   0.002 -310.042   409569.0 213982.6 57956.5 15479.8   1736.7   400.2  1388.3
   375   7.165  -0.001   7.164   405927.8 237910.2 58883.5 28727.3   1534.5   462.1  1505.9

         Carbon flux (ktC/yr)        Water (dam3/yr)                Nitrogen (MgN/yr)
       ----------------------- -------------------------- --------------------------------
Spinup NEP     estab   NBP     transp     evap    interc  nuptake ndemand  nlosses ninflux
------ ------- ------- ------- ---------- ------- ------- ------- -------- ------- -------
   376 116.841  -0.001 116.840   487521.1 218102.2 60705.0 24751.7   2469.9   395.5  2108.8
   377 -137.554   0.002 -137.552   391347.9 196029.5 42237.0 12462.7   1527.6   418.2  1284.3
   378 -284.944   0.001 -284.944   330655.7 225825.1 60979.7 18345.0    603.3  1331.2   720.3
   379  42.573  -0.001  42.573   472908.8 206958.8 36093.4 30979.5   1996.1   420.2  1559.1
   380  11.205   0.001  11.206   359545.4 191496.1 44081.3 14123.3    884.4   457.7   873.2
   381 -438.683   0.001 -438.682   337894.3 239177.7 48772.6 18151.6    644.4   706.2   767.3
   382 505.482  -0.003 505.479   556806.0 223050.1 49295.7 47174.1   2970.4   409.0  3033.6
   383 310.640  -0.000 310.639   442728.0 199749.5 49109.8 12575.0   2557.6   384.2  2297.2
   384 -106.654   0.001 -106.653   368457.1 216082.7 53562.2 20731.6   1363.2   409.8  1214.8
   385 -153.402   0.001 -153.401   359774.2 213247.7 50392.2 24263.4   1931.8   391.0  1688.5
   386 -733.151   0.048 -733.103   261297.2 193987.5 26289.8  3001.5    748.2   511.5   692.3
   387 -43.113  -0.043 -43.156   312125.6 259626.4 23144.4 30046.0   1020.7   841.7  1285.2
   388 218.237  -0.002 218.235   421327.8 245572.3 30679.9 23392.4   1321.0   863.4  1637.6
   389 519.318  -0.003 519.315   492802.0 263467.2 36484.7 32540.5   1215.1   469.9  1497.5
   390 -261.563  -0.000 -261.563   371160.7 242772.5 75471.9 16431.6    974.8   737.1   978.3
   391 323.662  -0.002 323.660   541690.8 294450.4 52947.9 32947.4   1651.5   458.0  2201.9
   392  29.150  -0.000  29.150   449513.2 205633.5 55473.0 19443.2   1112.3   441.4  1082.9
   393 -144.117   0.002 -144.115   346458.4 193786.6 50749.0 16433.2    831.6   479.3   764.3
   394  62.479  -0.001  62.478   456784.3 236115.5 50330.4 29852.4   1499.4   485.2  1357.8
   395 -490.434   0.010 -490.424   383134.9 202663.6 45399.6  9053.7    936.3   477.4   790.9
   396 -202.163  -0.007 -202.170   342306.3 249116.7 42669.3 17487.1    548.5   688.8   737.8
   397 -621.919   0.031 -621.889   256521.1 188830.5 20893.8  8780.3    460.0   704.6   632.8
   398  52.063  -0.028  52.035   345160.4 273844.1 32970.1 36148.8    633.2  2011.2   870.0
   399 879.853  -0.004 879.848   613193.6 235884.1 33471.9 35583.8   1034.7   603.0  1455.1
   400 319.632  -0.002 319.630   515541.3 249040.2 52570.0 24355.0    737.1   596.2  1012.5

         Carbon flux (ktC/yr)        Water (dam3/yr)                Nitrogen (MgN/yr)
       ----------------------- -------------------------- --------------------------------
Spinup NEP     estab   NBP     transp     evap    interc  nuptake ndemand  nlosses ninflux
------ ------- ------- ------- ---------- ------- ------- ------- -------- ------- -------
   401 260.321  -0.001 260.320   513872.5 288958.3 59427.5 23303.1    976.4   503.0  1373.1
   402 -201.768   0.002 -201.766   426407.1 217639.9 54046.7 17169.6    748.1   575.3   875.6
   403 -315.596   0.001 -315.595   399972.6 181333.9 43850.3 20201.2    813.4   577.6   964.0
   404 -675.493   0.049 -675.444   278737.0 206640.8 43348.5  6809.4    480.8   835.1   729.3
   405 524.970  -0.045 524.924   372936.5 222652.1 20271.1 40196.8    804.1  1012.6  1094.9
   406 -227.167   0.001 -227.166   315706.3 184449.9 26257.0  7580.0   1089.5   720.9   974.5
   407  46.690  -0.001  46.689   362413.0 237130.9 37820.3 28532.2    578.0  1634.0   822.4
   408 785.209  -0.004 785.205   590166.1 223231.6 44267.9 40572.6   1600.8   433.4  1940.5
   409 -188.194   0.001 -188.193   364172.5 213011.0 59734.4  8993.8    752.6   708.1   861.8
   410  47.191  -0.001  47.190   446147.5 241505.4 49767.3 27832.5   1262.1   761.8  1523.2
   411 -58.381   0.000 -58.381   429514.9 236411.5 53737.6 21334.9   1349.9   633.5  1461.0
   412  -9.036  -0.000  -9.037   441482.7 221973.9 46219.9 25885.5   1313.3   525.0  1224.7
   413 272.098  -0.000 272.097   434902.4 198346.7 49023.6 25931.8   2046.1   421.2  1721.9
   414 -76.148   0.001 -76.147   343267.0 214490.2 45061.1 18802.1   1484.1   417.9  1188.7
   415 -569.709   0.015 -569.694   343191.4 217909.5 43595.1 10492.7   1183.3   489.6   971.9
   416   7.415  -0.012   7.402   376126.6 203996.9 26588.8 27765.6   1773.9   439.4  1715.1
   417 -318.602   0.014 -318.588   286288.8 202597.2 26529.2  7739.7   1412.9   452.1  1146.4
   418 -88.352  -0.011 -88.362   318567.9 202267.7 21951.2 16722.2    697.7  1593.9   940.8
   419 -137.303  -0.000 -137.304   342292.0 234803.2 28432.5 23075.3    745.7   850.9  1073.1
   420  13.518  -0.001  13.517   370851.5 194702.6 18711.1 25234.5    505.0   560.1   831.8
   421 -159.834  -0.001 -159.835   374257.5 242204.6 36715.5 22402.4    672.7   680.8   865.1
   422 567.226  -0.003 567.223   515894.7 235602.7 42484.7 41071.6   1425.5   436.0  1743.0
   423  74.190  -0.002  74.188   475034.8 253987.1 78670.2 21124.3   1555.8   564.9  1518.2
   424 643.922  -0.002 643.920   584518.9 219575.0 57340.3 35871.3   1576.6   423.7  1523.2
   425 -728.295   0.066 -728.229   368058.3 197810.9 58222.5 -2084.5    674.9   507.9   649.6

         Carbon flux (ktC/yr)        Water (dam3/yr)                Nitrogen (MgN/yr)
       ----------------------- -------------------------- --------------------------------
Spinup NEP     estab   NBP     transp     evap    interc  nuptake ndemand  nlosses ninflux
------ ------- ------- ------- ---------- ------- ------- ------- -------- ------- -------
   426 -345.313  -0.041 -345.354   303212.1 249861.7 36642.1 14653.1    599.2  1668.1   846.1
   427 350.582  -0.022 350.561   412187.2 237622.0 40084.5 33376.1    424.0   825.5   752.3
   428 242.054  -0.001 242.053   415200.6 197515.8 39437.5 18405.9    794.0  1908.9   944.0
   429 -177.636   0.001 -177.636   363948.8 269788.0 53287.6 17712.6    727.7   547.9   876.3
   430 -147.776   0.000 -147.775   390437.5 232972.9 47771.4 22024.4    882.5   936.6  1158.7
   431  80.609   0.000  80.610   380910.5 207845.6 30898.1 24173.7   1087.0   519.7  1062.3
   432 -491.405   0.011 -491.394   330934.9 220920.5 37142.5 10548.4    759.1   709.2   821.5
   433 164.615  -0.009 164.606   364206.0 189330.8 23605.9 30852.6    779.4   614.0   891.9
   434 -102.361  -0.000 -102.362   388415.5 224029.4 32990.9 17429.8   1348.8   526.3  1288.7
   435 256.419  -0.002 256.417   422705.8 217419.3 36228.9 31591.5   1119.7   619.1  1315.7
   436 -275.322   0.001 -275.321   339373.0 221679.9 44395.5 13238.5    879.9   694.7   930.8
   437 160.273  -0.000 160.273   382860.2 210872.5 28079.9 25844.3   1196.3   459.9  1211.7
   438 234.094  -0.001 234.092   446204.8 202876.3 52292.0 29656.2   1207.6   534.5  1219.3
   439  95.697  -0.000  95.697   398054.6 211087.4 46899.6 20266.2   1145.0   436.5  1133.2
   440 -276.876   0.001 -276.875   339435.9 224204.8 62089.7 16873.9    685.5   966.9   747.5
   441   3.158  -0.001   3.158   474556.8 204733.2 37873.4 27838.5   1755.2   412.1  1443.8
   442 -657.658   0.040 -657.618   267442.6 216335.6 52892.4  2951.1    569.1  2151.8   699.3
   443 489.915  -0.038 489.878   417265.0 247224.9 24410.1 37043.2    502.2  1414.7   945.1
   444 581.443  -0.003 581.440   506846.9 208324.9 48194.3 25230.2   1141.8   687.4  1244.2
   445   5.037  -0.000   5.037   412474.8 276952.2 55310.1 14475.0    803.9   479.5   985.5
   446 128.221  -0.001 128.221   433537.3 219248.4 62830.3 31778.9    929.7   447.4   934.4
   447 -75.113   0.000 -75.113   432087.9 199186.9 50991.8 19521.8   1314.5   434.9  1279.4
   448 -420.635   0.036 -420.599   313682.5 209538.6 36124.5 10187.8   1477.6   428.2  1165.0
   449 -375.925  -0.021 -375.946   272565.6 213302.5 27326.5 14803.0    760.0   819.5   840.2
   450 356.565  -0.011 356.554   430162.5 258519.2 29857.9 40056.3   1080.3   514.2  1206.1

         Carbon flux (ktC/yr)        Water (dam3/yr)                Nitrogen (MgN/yr)
       ----------------------- -------------------------- --------------------------------
Spinup NEP     estab   NBP     transp     evap    interc  nuptake ndemand  nlosses ninflux
------ ------- ------- ------- ---------- ------- ------- ------- -------- ------- -------
   451 -314.062   0.002 -314.060   306031.7 184210.4 28877.9  5252.8   1150.1   670.4   977.5
   452 282.526  -0.002 282.524   398632.7 233891.6 38447.3 23351.5    720.9   576.6   968.5
   453  80.660  -0.001  80.659   407533.1 196915.6 23620.2 23708.6    609.2   469.9   928.5
   454 -137.859  -0.000 -137.860   360894.8 220873.0 43179.8 21906.1    805.9   612.0   978.7
   455 -24.791  -0.001 -24.791   418340.2 237368.3 44889.6 25279.0   1161.8   785.7  1484.9
   456 488.442  -0.002 488.441   469338.6 196910.5 40142.0 32233.6   1304.5   488.9  1250.9
   457 -598.882   0.045 -598.836   330286.0 223574.2 43158.0   341.0    839.7   658.7   845.3
   458 409.144  -0.043 409.101   405045.0 254237.0 33236.8 31855.5    462.8   983.6   830.8
   459 190.759  -0.001 190.759   397456.5 212357.2 28153.3 15822.0   1090.5   493.3  1190.6
   460 -385.568   0.001 -385.567   341837.6 236453.2 46827.6 18449.2    487.8   972.1   699.8
   461 260.467  -0.002 260.465   460158.8 201529.2 30495.4 37037.0   1452.5   530.1  1574.2
   462 -404.621   0.038 -404.583   296263.0 205146.5 31186.9  1607.4   1033.1   490.3   913.5
   463 -59.427  -0.034 -59.461   334838.2 236411.1 28911.2 21454.9    711.5   994.6   963.2
   464 599.231  -0.003 599.228   436581.5 201173.5 28008.6 30512.0    978.5   593.5  1190.9
   465 -123.491  -0.000 -123.491   408369.6 221636.7 43597.3 16255.0    759.6   701.0   904.7
   466  89.075  -0.002  89.073   459676.1 240884.9 47501.2 33876.2    995.0   486.4  1174.2
   467 586.314  -0.002 586.312   522543.7 197649.3 42791.6 28477.7   1825.7   398.1  1948.4
   468 -665.543   0.060 -665.483   285655.2 213228.4 62071.1  -752.2    553.0  1267.9   690.2
   469 190.128  -0.056 190.072   356267.5 252033.1 30842.6 25502.1    421.9  1939.2   856.3
   470 214.400  -0.002 214.398   495484.8 204832.3 31679.8 21372.9    457.1   772.2   653.6
   471 -165.453   0.001 -165.453   343596.5 228315.3 46895.6 16802.7    435.2   771.4   769.2
   472  46.949   0.001  46.949   449952.4 213231.6 48008.6 29329.1    643.5  1306.4   876.9
   473  61.436  -0.001  61.436   396217.7 209589.2 31924.9 19603.5   1382.2   481.2  1292.4
   474 -253.925   0.001 -253.924   382383.3 210873.0 49720.6 20098.0    798.5   578.3   887.9
   475 -99.609  -0.000 -99.609   375715.8 218286.3 43633.3 27441.1   1100.1   531.0  1111.5

         Carbon flux (ktC/yr)        Water (dam3/yr)                Nitrogen (MgN/yr)
       ----------------------- -------------------------- --------------------------------
Spinup NEP     estab   NBP     transp     evap    interc  nuptake ndemand  nlosses ninflux
------ ------- ------- ------- ---------- ------- ------- ------- -------- ------- -------
   476 -118.758  -0.000 -118.758   443324.9 179866.8 36025.3 20201.6   1123.9   510.8  1235.4
   477 -101.821  -0.000 -101.821   406550.9 225007.3 47583.3 21792.3    663.5   665.5   809.2
   478 -123.413   0.000 -123.413   392603.4 199373.7 44103.2 21814.2    736.5   568.3   924.2
   479 -83.112   0.000 -83.111   377145.9 194513.1 41016.2 21928.1    998.7   508.2  1045.1
   480 -494.132   0.011 -494.121   364101.8 201378.2 36857.6 12692.8   1078.5   504.3   978.0
   481 -166.905  -0.008 -166.913   338165.2 224207.4 40210.5 22310.2    574.2  1090.6   725.6
   482 274.261  -0.003 274.259   458031.5 255696.6 54604.4 39335.1   1184.4   687.3  1195.4
   483 841.632  -0.003 841.630   584187.0 224276.3 44302.6 30778.0   1305.0   470.7  1341.3
   484 -219.996   0.001 -219.994   387099.8 219370.9 60865.2  8870.4    750.8   674.4   848.9
   485 -85.578   0.000 -85.578   389638.3 211959.9 60536.6 20849.0    693.2   957.2   845.6
   486 261.936  -0.001 261.935   524528.1 225202.2 56165.9 32844.7   1533.8   517.6  1610.1
   487  82.052  -0.000  82.052   490361.3 232581.2 60737.3 22626.2   1618.0   448.6  1398.1
   488 -60.051   0.001 -60.050   433861.9 275258.0 67042.0 19936.0   1434.3   427.5  1410.1
   489 -599.041   0.039 -599.002   363489.8 200959.9 49245.6  9648.1   1096.8   485.0   910.3
   490 -540.498  -0.009 -540.507   278312.4 194216.4 27646.8 11216.5    479.1   692.8   723.9
   491 251.143  -0.025 251.118   393821.2 244320.4 27585.8 37101.8    701.4   752.3   992.0
   492  -9.152  -0.000  -9.153   392601.4 238679.2 38128.4 14440.7   1030.6  1443.8  1233.8
   493 132.204  -0.001 132.203   389171.4 213856.3 43466.3 28786.0    619.1   803.8   842.8
   494 337.010  -0.002 337.009   436545.2 191506.7 33345.1 27046.2   1182.4   469.2  1212.7
   495 -313.845   0.001 -313.843   397348.0 218450.6 47300.6 13400.8    949.1   496.2   946.2
   496 320.652  -0.001 320.651   422913.2 196826.7 41478.5 29179.6   1706.6   409.6  1787.6
   497 -762.009   0.057 -761.952   314518.6 202200.4 40799.5  1614.5    638.8   554.8   679.2
   498 -314.082  -0.051 -314.133   271938.4 284823.5 35058.6 20902.5    485.0  4637.5   729.5
   499 781.216  -0.005 781.211   576082.9 218844.9 22858.2 38610.2    808.9   738.1   938.0
   500 -565.346   0.020 -565.326   332683.7 206213.1 34100.7  2388.0    456.6   672.7   647.2

         Carbon flux (ktC/yr)        Water (dam3/yr)                Nitrogen (MgN/yr)
       ----------------------- -------------------------- --------------------------------
Spinup NEP     estab   NBP     transp     evap    interc  nuptake ndemand  nlosses ninflux
------ ------- ------- ------- ---------- ------- ------- ------- -------- ------- -------
   501 -103.922  -0.016 -103.938   365436.5 226706.4 28471.5 16307.7    397.5  2663.9   827.6
   502 520.631  -0.003 520.628   472261.1 288718.4 32650.7 37863.1    586.4  1376.0   914.7
   503 136.239  -0.002 136.237   437486.0 250178.8 63447.5 24407.9    888.4   736.7   988.7
   504 837.680  -0.003 837.677   619774.4 229316.7 58527.0 37496.9   1317.1   431.1  1631.5
   505 108.212   0.001 108.213   442915.9 194352.8 56962.4 11748.0    893.9   511.1   862.9
   506 -258.918   0.003 -258.915   420494.9 238831.3 61251.8 20845.7   1338.1   683.8  1440.4
   507  69.145  -0.002  69.142   463363.3 233719.3 54108.0 33013.1   1407.6   985.5  1133.3
   508 -513.409   0.034 -513.375   318273.0 192169.1 28591.6  2606.9    776.7   546.0   777.0
   509 -184.316  -0.028 -184.344   287060.5 194599.5 24176.0 15620.7    666.0   704.8   811.7
   510 334.027  -0.003 334.024   413235.5 214648.5 30573.2 34082.7   1053.1   573.0  1234.0
   511  14.138   0.000  14.138   367533.2 231249.3 47664.6 14108.7   1318.6   452.1  1229.7
   512 261.796  -0.002 261.794   470226.9 290000.0 43090.2 31002.7   1823.3   425.4  2150.2
   513   9.746  -0.001   9.745   415517.9 222673.0 49296.3 18256.1   1663.1   440.4  1692.6
   514 378.448  -0.001 378.447   440071.4 219512.2 41179.1 29035.7   2142.7   405.3  2238.7
   515 -572.018   0.036 -571.982   347183.4 179062.3 44226.9  3473.5   1327.4   455.8  1204.5
   516 -462.975  -0.017 -462.993   281404.8 251126.6 36462.1 11323.3    557.7  3578.1   735.8
   517 484.834  -0.015 484.819   454240.6 211913.7 23470.4 37652.0   1068.6  1222.5  1288.5
   518 -103.556   0.001 -103.555   356825.3 197806.3 37108.6 10202.5    984.3   570.2   981.4
   519 202.921  -0.001 202.920   393271.8 197642.4 33019.4 30713.2   1233.4   515.1  1299.9
   520 -137.255   0.001 -137.254   344186.1 229794.2 51074.4 12478.7   1004.6   439.7   984.0
   521 249.299  -0.002 249.297   466115.8 291293.4 40748.0 28388.3   1836.1   427.6  2280.9
   522 320.645  -0.001 320.644   439988.3 201966.9 41165.0 20433.0   2266.5   375.0  2316.0
   523 -271.244   0.008 -271.236   296947.7 198900.7 40908.8 10438.9    742.6   503.1   768.0
   524 153.885  -0.004 153.881   419659.5 224450.6 35254.2 28341.2   1721.9   474.7  1932.1
   525 -132.511  -0.002 -132.513   345492.9 233152.0 49526.9 17067.4   1001.0   823.9   977.3

         Carbon flux (ktC/yr)        Water (dam3/yr)                Nitrogen (MgN/yr)
       ----------------------- -------------------------- --------------------------------
Spinup NEP     estab   NBP     transp     evap    interc  nuptake ndemand  nlosses ninflux
------ ------- ------- ------- ---------- ------- ------- ------- -------- ------- -------
   526  65.699  -0.002  65.698   479646.8 247521.1 48048.2 30668.4   2215.4   379.6  2365.5
   527 237.710  -0.001 237.709   492719.8 203465.1 37905.3 21252.1   2417.3   380.6  2397.5
   528 -440.201   0.016 -440.185   315537.2 211799.3 59699.2  8236.3    695.6   719.2   769.3
   529 302.380  -0.015 302.365   434472.1 240806.2 38550.0 31000.3   1255.5   460.6  1527.7
   530 459.624  -0.001 459.622   482997.9 197091.6 42459.2 22839.7   1726.2   402.3  1824.8
   531 -755.891   0.075 -755.816   318915.3 200656.2 44655.4   -38.9    628.9   526.6   675.3
   532 -519.671  -0.035 -519.706   236953.9 264405.5 21454.0 11171.8    480.9  1271.1   712.0
   533 285.138  -0.034 285.103   341059.7 220092.5 19305.2 29689.1    343.2  1842.2   770.3
   534 431.791  -0.004 431.787   473991.2 258913.9 46405.0 32716.9    828.9   912.5  1047.7
   535 659.971  -0.003 659.968   598369.1 254711.0 66656.2 33143.5   1125.7   539.6  1479.3
   536 741.435  -0.001 741.434   635273.7 232634.6 74979.4 24521.7   1329.3   402.7  1531.3
   537 259.883   0.001 259.883   493428.4 188653.7 63036.8 19275.1   1248.2   412.0  1035.9
   538  89.069   0.001  89.070   470733.1 198297.8 62106.0 24334.9   2577.5   379.5  2174.9
   539 -367.388   0.014 -367.374   380471.1 240008.3 66299.6 16002.1   1818.8   397.2  1279.3
   540 -560.187   0.068 -560.119   266422.5 209772.0 32358.1  3568.6   1525.9   412.0   993.8
   541  89.417  -0.073  89.344   328481.1 254937.6 24868.2 33704.6   1634.7  1199.0  1627.5
   542 193.419  -0.005 193.414   433324.2 250845.8 50048.1 18758.5   2459.8   493.5  2286.5
   543 531.153  -0.003 531.151   564276.6 240996.9 46094.2 30086.5   1940.3   405.0  2562.4
   544 224.544  -0.001 224.543   499715.9 221523.8 66785.0 18843.9   2051.4   383.3  2084.5
   545 -39.873   0.000 -39.873   509127.0 219609.7 65164.6 20798.3   2272.8   384.4  2131.7
   546 -88.315   0.005 -88.310   399960.4 208205.6 40931.1 18701.6   2891.3   374.6  2090.0
   547 -32.518  -0.002 -32.520   361114.6 191350.9 45256.1 18809.9   2230.4   375.3  1738.9
   548 -456.142   0.005 -456.136   343261.9 231065.1 47453.4 14313.3   2202.2   387.6  1622.8
   549 -66.426  -0.004 -66.430   371069.8 214086.7 42781.6 28285.0   2625.8   389.2  2268.6
   550 138.373  -0.002 138.372   453414.7 233266.6 43538.8 24370.5   3722.2   374.0  3209.2

         Carbon flux (ktC/yr)        Water (dam3/yr)                Nitrogen (MgN/yr)
       ----------------------- -------------------------- --------------------------------
Spinup NEP     estab   NBP     transp     evap    interc  nuptake ndemand  nlosses ninflux
------ ------- ------- ------- ---------- ------- ------- ------- -------- ------- -------
   551 392.032  -0.002 392.031   564373.4 212616.8 60315.6 24265.1   3546.1   374.6  3473.0
   552 -138.985   0.001 -138.984   384443.0 224782.5 71274.1 12965.2   1087.1   483.1  1029.2
   553 -45.117   0.000 -45.117   466902.2 238742.2 56028.5 27698.1   2671.0   375.4  2343.9
   554  56.524   0.000  56.524   418099.8 189871.6 49446.4 21772.3   2538.8   363.9  1810.7
   555 -26.042  -0.000 -26.042   490175.6 224607.7 58694.4 24697.3   3772.2   364.9  2899.8
   556  -7.675   0.001  -7.674   404269.6 210490.3 39292.1 16448.7   3710.3   361.9  2457.5
   557 -468.591   0.007 -468.585   316432.3 220216.2 51196.6 14483.8   1665.0   394.7  1241.7
   558  66.997  -0.006  66.991   445723.6 241752.4 41648.1 33577.9   3094.3   390.6  2684.4
   559 -154.870  -0.001 -154.871   419664.5 243502.9 77576.4 17327.7   3427.1   373.5  2610.4
   560 220.108  -0.001 220.107   497452.4 194837.4 33587.7 24914.1   2345.7   378.5  2156.2
   561 -294.333   0.001 -294.332   400079.8 237015.2 64634.5 15694.5   1142.8   450.2  1080.1
   562 -122.144   0.000 -122.144   465882.3 204374.8 44144.0 25886.6   2547.3   392.5  1852.8
   563 -392.606   0.006 -392.600   306126.4 199974.9 44386.4  9658.1    532.5   597.8   729.7
   564  -2.734  -0.002  -2.737   424941.1 218875.6 53434.5 30056.6   1740.9  1623.2  2102.9
   565  89.000  -0.000  89.000   353509.1 199716.6 31128.0 21349.0   1595.5   546.8  1258.2
   566 352.565  -0.002 352.563   444317.5 224137.2 33948.3 20580.8   1387.4   494.9  1570.0
   567 -206.329   0.000 -206.328   355234.7 208004.3 41204.4 14453.4   1062.8   464.9  1059.2
   568 -162.800  -0.001 -162.801   391599.9 238276.8 48454.4 26265.7   1357.1   428.4  1409.4
   569  20.750  -0.001  20.749   411402.2 198213.5 27451.0 23931.1   1421.8   407.3  1369.7
   570 -125.574   0.001 -125.573   325363.2 195397.0 40102.1 15548.4    801.9   515.7   806.0
   571 135.697  -0.001 135.696   393941.0 199215.3 35957.7 28147.4   1639.9   412.3  1446.4
   572 191.576  -0.002 191.574   474238.6 257184.1 47117.9 27239.9   2652.2   383.5  2616.0
   573 -70.633   0.000 -70.633   373336.3 224032.2 57555.2 16134.4   1295.2   430.6  1329.9
   574 -177.549   0.001 -177.548   355473.0 230049.4 63062.3 22762.8   1395.5   445.4  1362.0
   575 230.682  -0.001 230.681   481853.0 239586.7 61881.1 30482.3   3753.0   362.7  3231.8

         Carbon flux (ktC/yr)        Water (dam3/yr)                Nitrogen (MgN/yr)
       ----------------------- -------------------------- --------------------------------
Spinup NEP     estab   NBP     transp     evap    interc  nuptake ndemand  nlosses ninflux
------ ------- ------- ------- ---------- ------- ------- ------- -------- ------- -------
   576 225.205  -0.001 225.204   460798.5 189906.0 43774.2 21733.3   3313.9   363.6  2947.8
   577 -255.892   0.000 -255.892   415583.9 237085.1 97419.8 18827.7   3347.9   372.4  2511.8
   578 156.440  -0.001 156.439   492965.0 217223.1 69056.3 29599.8   3272.7   372.9  3093.8
   579 351.293  -0.001 351.292   602638.4 214603.0 77100.5 28241.2   4248.3   367.8  3633.8
   580 -234.919   0.002 -234.918   446914.1 208034.4 79499.6 11571.6   2372.7   382.3  1700.8
   581 -284.716   0.009 -284.706   335405.5 185161.9 47387.5 14501.9   1105.4   466.3   912.0
   582  13.721  -0.007  13.714   383958.8 218454.5 44748.3 25878.2   2152.6   389.1  1881.8
   583 -579.501   0.007 -579.494   342029.3 220097.8 47187.6 10097.0   1285.3   446.5  1009.7
   584 -262.531  -0.005 -262.535   374801.7 229713.6 35178.5 23170.0   1529.9   440.3  1551.3
   585 -203.681  -0.000 -203.681   343868.5 215104.5 44717.3 20471.4   1691.1   436.6  1612.9
   586 399.834  -0.002 399.832   468019.5 242116.6 49049.5 33697.0   2006.5   383.8  2074.8
   587 287.001  -0.002 286.999   481261.8 231798.1 49889.9 24106.5   2093.5   381.9  2315.5
   588 102.286   0.001 102.287   411290.8 211990.4 39668.4 15524.6   1787.6   373.8  1556.5
   589 -199.603   0.001 -199.602   368421.3 242916.5 57270.2 20941.8   1172.7   425.8  1055.5
   590 -178.741   0.001 -178.741   366749.4 217312.4 58987.9 24845.0   1497.8   388.7  1213.8
   591 288.701  -0.002 288.700   515484.7 216597.5 58813.9 35243.6   4082.9   367.0  3388.4
   592 -303.866   0.003 -303.863   395012.5 219507.9 50130.0  6987.5   2064.9   409.9  1509.4
   593 -226.738  -0.001 -226.739   407908.2 226931.2 46538.3 23099.6   1560.9   418.3  1376.7
   594  93.602  -0.000  93.602   397191.5 198951.8 41191.7 24576.3   1977.8   405.9  1759.1
   595 -643.918   0.017 -643.901   319279.2 221565.0 47785.3  7421.5    785.6   530.0   722.9
   596 174.017  -0.014 174.002   396641.5 295887.1 34309.2 28939.9   1482.3   573.7  1755.3
   597 481.266  -0.002 481.264   410577.6 222936.0 31620.9 28186.7   1482.2   409.0  1771.8
   598 -50.095   0.001 -50.094   352888.1 203980.0 38777.7 13472.0    984.1   677.0  1030.5
   599 -490.645   0.007 -490.638   303764.9 206934.8 39329.6 14563.1    672.4   502.6   794.8
   600  28.377  -0.004  28.373   339847.1 200015.4 27319.5 26096.6   1089.3   453.9  1060.3

         Carbon flux (ktC/yr)        Water (dam3/yr)                Nitrogen (MgN/yr)
       ----------------------- -------------------------- --------------------------------
Spinup NEP     estab   NBP     transp     evap    interc  nuptake ndemand  nlosses ninflux
------ ------- ------- ------- ---------- ------- ------- ------- -------- ------- -------
   601   6.505  -0.002   6.503   433466.5 235901.5 33477.1 27826.7   1528.8   404.1  1635.9
   602 -46.695  -0.001 -46.696   391320.9 211706.2 38326.1 20165.0   1166.4   421.3  1239.4
   603 -108.232  -0.001 -108.233   398827.7 246718.3 69811.9 27080.5   1678.5   484.3  1628.8
   604 597.137  -0.003 597.134   564042.9 237076.3 55566.6 37356.5   1953.2   385.1  2205.7
   605 -163.178   0.002 -163.176   431550.5 237339.0 64344.3  8902.3   1435.1   520.6  1439.8
   606   0.598   0.001   0.599   380324.0 208975.5 39248.6 21174.1   1370.1   443.3  1156.3
   607 -157.895   0.000 -157.894   405450.6 231793.4 51946.3 26714.9   1367.7   449.1  1191.2
   608 -11.164  -0.000 -11.164   450276.9 216686.6 55189.9 24455.7   1905.1   375.4  1684.4
   609 -146.969   0.000 -146.969   445054.1 184244.6 42987.1 20521.4   1934.0   392.5  1741.2
   610 -96.849   0.001 -96.848   335571.1 210057.2 48855.9 20327.0    629.9   501.3   757.2
   611 -388.389   0.001 -388.388   344843.8 239174.6 52665.7 18875.1    746.0   565.2   831.2
   612  67.360  -0.001  67.359   411176.3 221271.1 49026.1 35235.4   2175.1   408.0  2116.7
   613 128.048  -0.001 128.047   456963.4 244455.8 51434.4 21057.2   1853.9   417.6  1916.3
   614  24.068  -0.000  24.068   402278.8 212801.0 62469.3 22822.2   1090.4   443.7  1082.1
   615 -43.355  -0.000 -43.355   466021.5 187877.9 44893.5 24561.3   1653.3   397.5  1498.9
   616  34.176   0.000  34.177   429252.9 204006.2 66391.6 22912.9    832.2  1155.5   971.3
   617 -231.470   0.002 -231.468   344820.0 198473.0 49220.0 17499.1    800.4   501.2   873.3
   618 -205.777   0.000 -205.777   384081.3 222615.8 41385.9 22213.0   1221.8   473.8  1125.0
   619 216.317  -0.002 216.316   441746.4 255067.4 47806.5 35380.3   1761.9   404.2  1666.8
   620 116.097   0.000 116.097   350145.8 218476.0 42000.1 18571.0   1554.8   405.1  1381.6
   621 -216.403   0.001 -216.402   339860.4 231887.5 56206.6 20675.6   1207.8   439.7  1257.1
   622   6.233   0.000   6.233   382682.9 200377.8 41631.4 25974.1   2525.9   375.9  2043.5
   623 -460.048   0.040 -460.008   267634.1 203734.1 34337.8  3681.3   1341.1   402.1  1028.5
   624 -256.405  -0.035 -256.440   287860.9 240640.6 23097.7 20064.9    970.4   897.0  1003.5
   625 107.869  -0.002 107.868   393645.0 244709.9 29007.1 27050.6   1184.1  1112.1  1557.2

         Carbon flux (ktC/yr)        Water (dam3/yr)                Nitrogen (MgN/yr)
       ----------------------- -------------------------- --------------------------------
Spinup NEP     estab   NBP     transp     evap    interc  nuptake ndemand  nlosses ninflux
------ ------- ------- ------- ---------- ------- ------- ------- -------- ------- -------
   626 190.184  -0.002 190.183   389944.3 219791.3 37096.4 27248.5    912.1   541.8  1140.5
   627 360.664  -0.002 360.662   516316.6 235419.0 41919.1 29544.2   1529.3   387.3  2058.8
   628 499.659  -0.002 499.656   513605.0 232710.8 58098.3 30388.0   1434.5   381.5  1480.9
   629 -343.168   0.005 -343.163   371589.2 201164.9 34665.1 12489.5    678.0   430.6   871.7
   630 -280.408   0.000 -280.407   310258.7 186853.8 36085.8 14024.8    602.2   599.7   783.9
   631 112.090  -0.002 112.088   436036.7 218406.5 42988.1 28012.0    828.4   583.9  1027.3
   632  64.726  -0.001  64.725   396712.6 217938.5 51493.7 26029.8   1039.3   454.9  1170.8
   633 -38.549  -0.001 -38.549   460736.5 208544.4 40915.1 23077.3   1356.1   414.8  1214.6
   634 -227.871   0.001 -227.870   356873.1 244775.3 54782.8 17925.0    578.2   577.7   740.1
   635 -448.934   0.002 -448.932   319085.3 202789.3 43789.5 16746.9    748.2   585.2   828.0
   636 510.071  -0.003 510.068   485530.2 210114.3 45508.6 43568.8   1753.3   431.5  1841.6
   637 323.531  -0.001 323.530   390522.6 219901.0 39855.9 17778.3   1404.1   418.4  1335.9
   638 -84.893   0.001 -84.892   352253.1 204140.7 43843.0 16023.1    741.9   758.4   832.9
   639 -253.823   0.002 -253.821   327305.6 233147.3 56437.9 16499.7    747.7   431.2   877.9
   640 502.829  -0.002 502.827   473880.7 203503.7 34293.3 40743.1   2696.3   365.3  2780.2
   641 -515.638   0.006 -515.632   351579.1 224784.4 48116.9  4705.6    973.9   504.0   799.7
   642 270.540  -0.006 270.535   429841.4 256871.8 40201.9 29665.7   1056.2   441.7  1238.8
   643 -667.626   0.036 -667.590   259552.0 194018.1 24733.7  3310.4    521.2   582.7   664.1
   644 -213.301  -0.031 -213.332   307821.6 254291.2 22405.1 20310.0    398.4   775.2   761.3
   645 190.263  -0.001 190.262   347173.5 211323.0 19084.3 25569.6    695.8   599.0  1030.9
   646 -454.474   0.001 -454.474   312681.9 230849.9 29390.9 15561.4    545.1   649.6   731.4
   647  21.437  -0.002  21.435   402899.3 243385.3 33539.3 34257.9   1030.8   513.4  1301.4
   648 582.920  -0.003 582.917   486525.4 226616.4 33613.8 34764.5    785.5   481.2  1076.4
   649 -528.603   0.015 -528.588   290645.4 197127.2 25028.5  3550.5    478.0   601.8   662.8
   650 -425.149  -0.009 -425.157   265831.7 198735.3 16159.6 10781.1    339.2   722.2   652.8

         Carbon flux (ktC/yr)        Water (dam3/yr)                Nitrogen (MgN/yr)
       ----------------------- -------------------------- --------------------------------
Spinup NEP     estab   NBP     transp     evap    interc  nuptake ndemand  nlosses ninflux
------ ------- ------- ------- ---------- ------- ------- ------- -------- ------- -------
   651 -23.349  -0.003 -23.351   371263.2 239017.7 30237.4 25723.4    352.5  3235.5   734.8
   652 598.299  -0.004 598.295   471885.7 239625.5 32098.4 40968.7    449.5   884.3   931.3
   653 239.778  -0.001 239.777   439062.1 207407.4 34193.6 19846.1    656.3   638.2  1014.7
   654  54.823  -0.001  54.823   390702.2 247361.3 51759.8 24420.5    536.0   547.4   760.6
   655 -269.410   0.002 -269.408   325265.5 197618.9 45137.6 16127.7    730.1   562.0   824.2
   656 157.985  -0.002 157.983   416357.2 248091.1 44294.7 30434.0   1010.3   451.6  1082.3
   657 -434.556   0.039 -434.517   278258.1 206420.2 32645.2  4283.2   1024.1   446.8   911.1
   658  84.846  -0.035  84.811   331646.2 298164.2 28173.2 22999.5    715.0   591.6   934.3
   659 722.166  -0.004 722.162   520520.7 213798.5 41146.4 36494.7    973.0   599.3  1266.6
   660 -406.113   0.005 -406.108   365918.4 205983.1 38963.0  7590.3    474.0   556.3   655.5
   661 -584.186   0.018 -584.168   253199.8 219236.1 40286.9  8200.4    447.0  2990.8   717.2
   662 493.266  -0.020 493.246   404894.7 218932.2 20660.3 31981.9    339.9  1232.1   774.0
   663 654.262  -0.004 654.259   499226.0 235358.0 39988.0 35286.0    723.0   576.3  1055.5
   664 118.080  -0.002 118.078   470206.7 255003.9 75585.6 24696.4   1088.9   669.1  1293.8
   665 541.891  -0.002 541.889   571730.6 200776.6 53028.9 31186.6   1111.5   401.0  1437.0
   666 -191.193   0.001 -191.192   423336.2 218374.0 69213.1 14961.7    911.6   589.3   973.8
   667 -223.609   0.002 -223.607   389305.3 209525.4 70034.9 23087.0    888.5   545.9   908.8
   668  14.267   0.001  14.268   401282.7 210168.1 39007.0 23111.1   1958.6   385.2  1668.1
   669 -318.518   0.001 -318.517   376284.2 212713.1 57197.2 19541.0   1092.9   475.4   979.5
   670 112.724  -0.001 112.724   420585.5 244407.8 49116.6 32143.0   1695.1   390.1  1444.8
   671 -130.988   0.000 -130.988   375092.4 217894.4 61584.0 15071.8    990.6   469.5   839.8
   672 392.478  -0.002 392.476   524126.1 214105.2 60376.4 39544.4   2796.6   374.3  2784.6
   673 -300.759   0.004 -300.755   389967.3 234852.6 60804.4  6159.8   1295.3   601.0  1266.2
   674 407.273  -0.003 407.270   469316.8 223777.1 58865.9 31491.7    908.3   494.9   972.7
   675 228.019  -0.001 228.018   461167.1 224691.8 66691.5 25719.3   1403.7   401.4  1393.9

         Carbon flux (ktC/yr)        Water (dam3/yr)                Nitrogen (MgN/yr)
       ----------------------- -------------------------- --------------------------------
Spinup NEP     estab   NBP     transp     evap    interc  nuptake ndemand  nlosses ninflux
------ ------- ------- ------- ---------- ------- ------- ------- -------- ------- -------
   676 -526.576   0.011 -526.564   384072.1 216015.7 61877.1 10432.1   1100.7   467.0   947.1
   677 137.558  -0.010 137.548   409889.6 228965.2 57538.1 26984.6    921.1   433.0  1025.6
   678  60.262  -0.001  60.262   457445.0 234446.7 55255.4 25550.2   1401.6   433.2  1269.4
   679 -240.717   0.001 -240.716   406004.0 235581.0 64926.3 19345.9    887.7   478.7   965.3
   680 111.378  -0.001 111.377   434263.1 243620.2 66550.1 34086.5   1307.9   473.1  1336.8
   681 432.868  -0.001 432.867   530384.2 226715.4 68448.5 32242.7   2487.7   361.0  2277.2
   682 -335.067   0.043 -335.025   349822.9 211267.6 46711.6  1322.7   1723.3   385.4  1205.8
   683 -187.192  -0.036 -187.228   316559.8 247359.7 46603.5 15636.7    524.7  1409.6   690.3
   684 -50.470  -0.003 -50.473   421615.9 208121.2 33083.6 23457.7    789.2   777.9   822.3
   685  -4.929  -0.001  -4.930   410972.1 230614.6 43910.1 26765.0    694.2   579.3   857.5
   686 -40.380  -0.001 -40.381   415719.9 242633.3 75301.9 27960.2   1162.9   594.9  1102.3
   687 327.454  -0.001 327.453   504689.3 193734.5 33816.7 27094.9   1006.4   410.7  1082.6
   688   3.970   0.000   3.970   418905.9 219679.9 70973.9 20028.8    796.1   450.6   812.6
   689  49.369  -0.000  49.369   492659.5 220817.7 62316.9 28828.6   1707.2   384.6  1602.4
   690 -117.379   0.000 -117.379   458849.4 236796.7 70496.0 23468.4   1466.1   404.1  1283.4
   691 171.095  -0.001 171.094   511264.6 234196.4 63095.5 31631.5   1963.2   406.2  1578.8
   692 -251.494   0.001 -251.493   397813.7 217701.2 66066.7 12656.0   1184.9   512.1  1018.3
   693 -19.103  -0.000 -19.103   424953.0 222068.0 59026.0 27259.0   1305.9   541.7  1239.5
   694 -19.632   0.001 -19.631   414380.9 199774.7 43903.7 19736.5   1456.4   491.0  1240.8
   695 -116.898   0.001 -116.897   379769.7 242297.2 59671.8 23390.4    949.0   472.1   887.3
   696 -425.188   0.019 -425.169   282907.4 186061.4 39208.4 10185.7    744.5   578.5   779.8
   697 390.775  -0.017 390.758   365775.7 227195.0 26887.9 38738.0   1658.8   408.8  1789.8
   698  15.739  -0.001  15.738   390327.4 249920.6 44609.2 15215.7   1641.0   424.6  1371.3
   699 -269.178   0.002 -269.177   325551.8 194182.7 33149.0 13199.4   1159.3   444.2  1143.9
   700 250.293  -0.001 250.292   346575.2 214201.2 31513.7 30847.8    889.9   473.8  1056.5

         Carbon flux (ktC/yr)        Water (dam3/yr)                Nitrogen (MgN/yr)
       ----------------------- -------------------------- --------------------------------
Spinup NEP     estab   NBP     transp     evap    interc  nuptake ndemand  nlosses ninflux
------ ------- ------- ------- ---------- ------- ------- ------- -------- ------- -------
   701 -426.917   0.002 -426.915   323768.5 207558.5 40581.6 11444.7   1048.9   507.3  1003.8
   702 -268.925   0.000 -268.925   370536.6 208273.4 29779.5 19898.3   1011.5   479.6  1125.3
   703 -420.674   0.000 -420.674   326743.9 250502.3 57631.7 21704.9    469.0  1725.9   686.9
   704 884.653  -0.003 884.650   506818.2 221371.8 24975.1 46872.3   1610.7   431.2  1712.6
   705 -421.449   0.003 -421.446   359614.8 182035.1 39734.0  3437.5    774.2   510.6   867.6
   706 -548.988   0.055 -548.934   241603.6 204486.9 25831.9  2286.6    456.8   672.2   701.7
   707 -30.470  -0.051 -30.521   326225.4 241272.4 18828.7 22144.5    347.7  5222.3   760.1
   708 412.661  -0.003 412.658   475694.0 244754.1 22761.0 33033.4    311.1   917.0   843.0
   709 310.139  -0.002 310.136   433292.6 293840.1 35480.9 25035.4    466.3  1038.7   853.1
   710 117.642  -0.002 117.640   421969.3 252529.2 64737.7 31224.7    483.6  1051.2   707.2
   711 556.679  -0.002 556.677   546364.2 207312.8 38937.3 31956.5   1035.3   459.7  1393.4
   712 322.144  -0.001 322.143   499661.2 202552.5 73126.0 24117.9   1017.4   460.7  1082.9
   713 -259.830   0.010 -259.820   355392.2 195390.2 57772.9 13138.6    670.5   568.8   738.0
   714 -414.578  -0.005 -414.583   356448.0 188743.4 39211.5 13891.8    449.7   577.6   755.2
   715 -389.212   0.009 -389.202   286820.7 193177.1 29185.8 12115.2    467.6   651.6   729.4
   716 -209.151  -0.007 -209.157   337010.8 225748.5 27377.8 21321.5    550.6   981.0   788.7
   717 365.919  -0.002 365.917   472035.3 222683.1 34384.7 36715.5    597.5  1857.0   903.1
   718 327.114  -0.002 327.112   449961.7 233537.2 40598.7 26488.4    989.0   666.1  1248.9
   719 -210.114   0.002 -210.112   372895.7 199058.4 28394.4 15942.8    489.3   533.9   793.2
   720  46.365  -0.001  46.364   380138.7 227057.5 47194.9 28662.4    846.9   510.1  1005.7
   721 154.725  -0.001 154.724   429188.1 247457.9 48900.2 26453.0   1556.1   396.2  1459.5
   722 -81.254   0.000 -81.254   382218.8 241555.9 54902.9 17326.7   1136.8   440.7   990.7
   723 103.546   0.000 103.546   368676.4 191497.6 46185.1 24076.7   1579.4   375.7  1443.0
   724 -209.998   0.001 -209.998   338626.3 230986.0 51279.3 21273.6   1034.2   482.4  1146.0
   725 -209.407   0.003 -209.403   321636.7 206413.8 31422.5 17583.4   2029.5   385.8  1626.7

         Carbon flux (ktC/yr)        Water (dam3/yr)                Nitrogen (MgN/yr)
       ----------------------- -------------------------- --------------------------------
Spinup NEP     estab   NBP     transp     evap    interc  nuptake ndemand  nlosses ninflux
------ ------- ------- ------- ---------- ------- ------- ------- -------- ------- -------
   726 -194.452  -0.001 -194.453   331057.4 230618.1 38987.9 22452.9    933.9   574.5  1089.5
   727 185.741  -0.001 185.740   395485.3 197626.6 32990.6 29026.5   1853.2   398.2  1608.3
   728 -89.836   0.000 -89.836   336737.0 202123.2 34261.7 11540.8    814.9  1002.5  1001.2
   729 -147.191   0.003 -147.188   338452.8 211235.6 40020.8 25495.8   1214.0   468.0  1282.7
   730 -121.796  -0.002 -121.798   359875.8 237536.9 36277.2 23025.1   1368.3   625.5  1407.4
   731 110.306  -0.002 110.304   434966.5 186786.3 27863.2 24746.7   1090.9   515.8  1179.8
   732 -372.219   0.002 -372.216   316337.5 238118.2 40446.2  9409.1    677.6  1136.5   897.8
   733 332.203  -0.003 332.200   450791.5 253314.5 50822.3 39439.4    822.1   746.0   984.7
   734 766.540  -0.003 766.536   563467.8 238287.5 45182.9 33283.3   1192.1   446.6  1595.6
   735 426.448  -0.001 426.447   498517.5 221314.9 60159.2 23988.3    786.1   458.5   955.3
   736 -192.591   0.001 -192.589   391188.3 242746.9 73119.4 16849.5    952.3   422.1   838.3
   737 -750.974   0.037 -750.937   317808.5 223797.7 53915.3  8749.7    764.9   550.3   743.4
   738 -149.161  -0.032 -149.193   343042.3 232784.5 25027.4 24545.2    716.2   507.4   826.9
   739 -518.667   0.005 -518.662   309831.5 180356.2 28450.8  9284.8    483.9   627.6   758.6
   740 -50.644  -0.002 -50.646   320638.7 231009.2 31927.4 19748.4    400.6  2381.3   700.1
   741 743.821  -0.004 743.817   493047.2 247115.6 33796.7 46349.8    802.7   531.5  1063.0
   742 265.464  -0.002 265.462   504326.9 237487.1 38551.4 22264.2    997.5   459.8  1171.3
   743 -45.546  -0.001 -45.547   427391.6 253475.1 77971.9 24551.3   1057.0   599.1  1154.7
   744 807.510  -0.002 807.507   667639.4 217291.0 66170.7 41228.6   1631.4   379.1  1914.9
   745 -387.914   0.019 -387.895   418496.4 178062.4 57065.4  4328.3    743.2   478.1   868.0
   746 -880.644   0.083 -880.561   264396.8 219904.2 40435.5 -2058.9    365.0   803.2   594.0
   747 -223.358  -0.076 -223.434   243547.3 268414.8 19533.6 18232.2    333.5  7162.5   688.0
   748 521.723  -0.021 521.702   445245.7 223951.0 23457.7 30996.2    339.8  1338.1   844.5
   749 168.029  -0.002 168.028   397878.7 241848.8 43454.9 22978.8    385.3  4838.8   702.5
   750 601.792  -0.002 601.791   457616.2 215424.2 28646.1 32266.9    601.4   607.6   800.9

         Carbon flux (ktC/yr)        Water (dam3/yr)                Nitrogen (MgN/yr)
       ----------------------- -------------------------- --------------------------------
Spinup NEP     estab   NBP     transp     evap    interc  nuptake ndemand  nlosses ninflux
------ ------- ------- ------- ---------- ------- ------- ------- -------- ------- -------
   751 -702.278   0.050 -702.229   326640.7 201842.7 41185.8  2520.0    460.1   587.1   648.8
   752 -426.610  -0.024 -426.634   246408.3 222347.0 22248.2 10832.7    509.2  1317.1   801.6
   753 155.012  -0.021 154.990   372858.0 225979.0 22878.1 36575.7    505.1   762.6   961.6
   754  95.600  -0.001  95.599   400206.2 198142.7 29666.7 20657.6    831.4   735.1  1004.2
   755  38.480  -0.001  38.479   376042.3 226340.7 37310.3 24631.3    632.1   852.0   941.3
   756 -171.860   0.001 -171.860   361114.2 197479.4 22947.7 20160.2    475.1   577.2   802.5
   757  68.143  -0.001  68.142   430604.4 215806.9 41805.9 26723.0    872.7   534.6  1008.0
   758 510.567  -0.003 510.564   495339.5 226534.9 50109.4 34712.0   1193.7   445.0  1367.7
   759 -305.068   0.005 -305.063   428208.3 201745.3 43860.4  8103.8    656.5   527.2   681.2
   760 -519.359   0.004 -519.356   316694.2 238394.2 48073.7 12774.1    459.1  3344.9   677.6
   761 219.452  -0.006 219.446   461666.2 213220.8 27990.0 30486.1    414.6  1048.4   694.3
   762 -311.495   0.001 -311.494   314049.6 231207.8 49797.2 10782.6    594.3  5085.6   731.9
   763 276.030  -0.001 276.029   481717.0 208861.4 29500.8 32882.6    622.8   978.3   856.2
   764  56.080  -0.001  56.079   424467.5 230733.5 43287.4 22179.0    722.9   620.6   895.8
   765 -300.608   0.002 -300.606   386233.3 203746.1 37657.0 13902.9    593.0   543.7   733.5
   766 -178.766  -0.000 -178.767   345856.8 220977.2 45153.1 20740.5    455.0  1149.6   687.6
   767 252.416  -0.003 252.413   455292.9 253937.4 59345.7 41904.4   1239.2   641.2  1294.8
   768 908.349  -0.003 908.346   603266.3 232516.3 55124.5 33521.2   1348.0   423.5  1491.4
   769 496.772  -0.001 496.772   562716.8 202761.4 80137.5 19760.3   1117.4   423.7  1109.6
   770 -611.409   0.109 -611.300   281060.1 216014.0 45341.1 -2626.3    619.5   527.3   677.8
   771 -394.484  -0.034 -394.517   215588.1 234498.2 17367.1 10394.4    765.7  3898.4  1049.3
   772 345.524  -0.070 345.454   334517.7 218905.6 20080.2 29595.8    398.1  2178.3   744.2
   773  56.788  -0.001  56.788   390213.7 213202.2 31606.2 14649.4    737.5   732.3   895.3
   774 388.824  -0.002 388.822   486837.6 219002.2 41252.3 33986.9    486.8  1084.2   863.1
   775  74.174  -0.001  74.173   450922.5 215316.0 52241.1 20067.1    944.8   578.4  1073.3

         Carbon flux (ktC/yr)        Water (dam3/yr)                Nitrogen (MgN/yr)
       ----------------------- -------------------------- --------------------------------
Spinup NEP     estab   NBP     transp     evap    interc  nuptake ndemand  nlosses ninflux
------ ------- ------- ------- ---------- ------- ------- ------- -------- ------- -------
   776 -79.781   0.001 -79.780   374655.3 194635.0 35409.7 16857.4    859.0   480.9   995.5
   777 -164.372   0.001 -164.371   335941.1 194775.9 39644.6 20351.8    660.7   617.0   773.3
   778 -198.874   0.006 -198.868   315180.5 206978.8 26596.4 17099.2   1040.4   441.7   972.0
   779 -500.024  -0.002 -500.026   311323.2 223686.5 29927.8 14248.7    840.7   637.9   822.5
   780 175.562  -0.002 175.560   384949.3 225921.1 27734.3 35173.8   1613.7   538.0  1760.5
   781 286.871  -0.002 286.869   442836.3 212703.9 32024.0 23377.7   1109.9   510.0  1260.6
   782  35.939  -0.001  35.938   391541.7 223797.7 42574.6 20000.1    869.6   657.1  1050.6
   783  16.638  -0.000  16.638   421682.6 237955.6 45920.7 22010.6    888.4   960.7  1261.5
   784 -139.575   0.001 -139.575   427589.7 200611.1 38282.6 20212.0    596.6   666.1   676.0
   785 -314.751  -0.001 -314.751   301775.8 199359.1 35860.4 13537.2    423.4   735.8   734.4
   786 -550.032   0.012 -550.020   336457.0 228311.0 57091.5 25717.5   2036.8  1491.6  2080.5
   787 362.924  -0.009 362.915   423824.5 250734.1 37254.1 52991.4   4055.9   729.5  2178.3
   788 921.839  -0.004 921.835   558707.8 240687.2 35078.4  7342.4   1365.9   683.6  1748.3
   789 246.988  -0.001 246.987   515460.6 221547.8 50464.3 18115.2    678.5   531.7   953.0
   790 -407.889   0.020 -407.869   392907.3 198284.3 47559.6 11084.6    632.7   506.3   742.6
   791 -732.327   0.059 -732.268   277011.3 213195.7 33238.1  3693.9    409.9   748.4   612.5
   792 233.675  -0.074 233.602   348174.5 270049.5 18502.2 32784.4    480.7  2083.9   937.0
   793 203.996  -0.001 203.994   408306.1 237346.7 33415.2 17345.3    635.9  2828.7   989.3
   794 763.019  -0.003 763.016   470028.3 204798.9 32470.2 35296.5    706.5  1088.2   928.5
   795 -497.194   0.023 -497.171   292521.7 221108.3 50314.3  4651.0    644.7  1629.5   740.6
   796 919.913  -0.024 919.889   550213.8 239541.2 36754.6 39108.4    660.1   714.1  1048.8
   797 -55.894   0.001 -55.893   366491.0 179627.0 37792.6  9865.1    683.3   550.7   822.1
   798 211.320  -0.001 211.319   436524.6 239072.9 47242.6 33370.5   1107.3   414.6  1149.1
   799 -208.388   0.001 -208.386   412508.3 213554.6 52354.1 12943.7   1108.7   483.5  1095.3
   800 330.039  -0.001 330.038   462542.5 233421.0 56279.6 28785.3   1345.7   405.2  1395.0

         Carbon flux (ktC/yr)        Water (dam3/yr)                Nitrogen (MgN/yr)
       ----------------------- -------------------------- --------------------------------
Spinup NEP     estab   NBP     transp     evap    interc  nuptake ndemand  nlosses ninflux
------ ------- ------- ------- ---------- ------- ------- ------- -------- ------- -------
   801 126.069  -0.001 126.068   501929.8 235084.8 61648.5 25496.4   1320.8   397.8  1299.8
   802 139.859  -0.000 139.858   500795.5 204904.0 55283.8 23216.5   1506.5   380.4  1342.8
   803 -118.392   0.001 -118.391   395175.5 221716.4 75081.0 17659.0    851.5   606.6   806.4
   804 -54.300  -0.000 -54.300   495251.1 213032.4 55559.7 31389.4   2024.4   360.6  1685.9
   805 -283.450   0.001 -283.449   411921.5 234661.8 65328.4 15400.2   1479.1   410.8  1215.7
   806 188.724  -0.001 188.723   533977.8 222483.5 57171.3 34442.5   3253.0   353.5  2606.4
   807 -367.532   0.012 -367.521   446604.9 197936.7 50079.5  7207.5   2326.0   360.6  1504.7
   808 -606.434   0.036 -606.398   307473.5 228745.5 39200.0  4532.3    673.6   792.7   791.1
   809 592.098  -0.043 592.055   402360.1 224800.8 23507.3 36353.2    674.9  1277.5   971.2
   810 -174.268   0.000 -174.268   348755.4 222138.1 40312.3 11853.9    806.9  1055.2   938.4
   811 103.779  -0.001 103.777   390647.2 212527.9 44799.9 32637.8    721.2   644.5   901.9
   812 483.086  -0.002 483.084   519897.1 256342.1 46125.9 32121.1   1589.5   375.9  1696.1
   813 -600.693   0.023 -600.670   355469.4 215759.6 52521.6  2951.3    764.4   572.4   740.1
   814 -107.077  -0.019 -107.096   324513.2 225562.5 40803.5 17365.2    513.4  2024.4   768.4
   815 636.443  -0.003 636.440   519363.8 256416.1 39931.1 41680.1    930.8   521.9  1175.4
   816 -99.224   0.001 -99.223   371786.3 231256.2 63165.1  8434.6    825.1   550.6   831.8
   817 318.272  -0.001 318.271   438706.4 195992.3 40762.0 28531.7   1036.5   427.2  1041.0
   818 -192.846   0.000 -192.846   451616.6 183480.2 41383.2 18457.2   1527.3   394.1  1529.2
   819 -214.825   0.001 -214.824   354063.9 266862.3 54817.1 18109.3    867.3   455.9   906.1
   820 -133.928   0.000 -133.927   404308.5 214619.8 50334.3 27556.5   1194.6   598.9  1098.2
   821 -88.708   0.000 -88.708   364312.8 228780.0 57376.8 22605.9   1007.9   576.1   986.3
   822 169.363  -0.001 169.362   468405.4 240574.9 49124.2 28617.9   1880.0   402.0  1937.8
   823 390.856  -0.001 390.854   505712.3 247446.7 56023.5 28463.6   1670.6   377.1  1562.5
   824 -558.841   0.041 -558.800   349692.1 222519.0 49432.8   839.8    896.1   590.3   849.2
   825  77.839  -0.037  77.802   372933.9 249515.4 30032.8 22847.1    604.5   951.1   917.1

         Carbon flux (ktC/yr)        Water (dam3/yr)                Nitrogen (MgN/yr)
       ----------------------- -------------------------- --------------------------------
Spinup NEP     estab   NBP     transp     evap    interc  nuptake ndemand  nlosses ninflux
------ ------- ------- ------- ---------- ------- ------- ------- -------- ------- -------
   826 -154.056   0.000 -154.056   404734.1 205755.2 32873.1 17350.9    461.6   863.0   647.2
   827 -564.772   0.065 -564.707   247724.9 204853.0 25588.1  5316.4    506.0   611.5   688.7
   828 -45.032  -0.059 -45.091   258070.5 244676.6 16888.6 27549.2    570.9  3075.8   841.0
   829 797.794  -0.004 797.790   501588.0 235717.7 27063.1 35654.4    791.5  1075.1  1169.1
   830 166.395  -0.002 166.392   457615.8 237145.8 32734.5 22058.5    677.1   523.0   981.5
   831 -59.969  -0.000 -59.969   395624.1 203324.0 37710.5 19309.0    950.9   434.1  1198.7
   832 -86.300  -0.001 -86.301   378186.9 223480.6 44333.8 26697.3   1026.3   526.4  1162.0
   833 142.655  -0.002 142.653   465472.8 240532.0 72079.3 33405.8   1427.0   533.1  1430.6
   834 633.701  -0.002 633.699   584144.2 225783.1 56325.0 30629.6   1402.6   428.7  1540.0
   835  10.577   0.000  10.578   484239.9 215554.5 69412.2 14691.3    873.2   565.9   977.6
   836 216.392  -0.000 216.392   474075.5 216031.2 74276.5 33880.4   1277.9   436.1  1168.7
   837 -571.059   0.050 -571.010   360087.2 176789.2 53512.7  3171.9   1244.7   430.2  1121.5
   838 -632.329  -0.003 -632.332   274458.2 277515.8 57949.2  9719.2    444.6  7534.4   706.9
   839 620.417  -0.043 620.374   497807.7 277236.4 32975.7 41482.8    671.3  1519.4  1086.3
   840 424.846  -0.002 424.844   526970.2 241003.2 78181.0 22882.8   1023.9   882.4  1007.7
   841 902.909  -0.001 902.907   644322.6 220511.2 73634.2 33654.2   1052.7   394.2  1043.3
   842 116.242   0.000 116.243   510142.6 241955.6 80949.1 15811.9   1085.4   393.4   997.0
   843 -753.514   0.123 -753.391   252006.0 215430.0 43762.2 -3293.1    896.8   455.3   746.0
   844 -306.545  -0.061 -306.606   235012.9 316142.5 16397.8 19161.8    706.2   818.3   893.6
   845 278.508  -0.057 278.451   389628.6 262603.2 24877.7 22145.7   1160.1  2655.4  1417.5
   846 118.915  -0.001 118.914   420846.7 219207.0 33921.2 17665.4    676.4  1386.7   940.1
   847 454.014  -0.002 454.012   467052.1 244902.0 42163.5 34305.1    566.9   642.9   863.3
   848 -180.844   0.001 -180.843   412471.7 214274.3 51903.6 11708.2    786.8   829.6   904.4
   849 282.555  -0.001 282.554   508896.2 218622.6 50121.5 35219.3   1066.0   487.0  1248.0
   850 140.541  -0.001 140.541   476716.0 276945.5 57813.2 20329.5   1576.4   404.2  1724.2

         Carbon flux (ktC/yr)        Water (dam3/yr)                Nitrogen (MgN/yr)
       ----------------------- -------------------------- --------------------------------
Spinup NEP     estab   NBP     transp     evap    interc  nuptake ndemand  nlosses ninflux
------ ------- ------- ------- ---------- ------- ------- ------- -------- ------- -------
   851 132.447  -0.000 132.447   434173.1 216048.7 62293.3 24680.3    980.3   428.9   979.0
   852 -147.243   0.001 -147.242   420864.8 269073.3 63879.2 17509.4   1558.7   376.2  1562.4
   853 -27.590   0.001 -27.589   401194.1 229155.0 66510.4 22726.1   1274.9   372.1  1061.2
   854 113.744  -0.001 113.743   490371.7 243495.1 82628.3 38124.9   2858.7   364.2  2356.9
   855 567.745  -0.001 567.745   540358.4 212325.9 41615.7 20905.3   2759.1   338.9  2299.8
   856 -852.983   0.109 -852.873   261223.5 196808.5 31501.8 -9022.2    530.6   596.1   625.7
   857 -348.522  -0.057 -348.579   222461.5 246544.9 15995.3 14483.3    756.2  3099.5   956.2
   858 584.303  -0.048 584.255   408639.0 272783.8 26862.1 30571.9    384.2  3381.3   736.6
   859 424.616  -0.003 424.613   522675.7 227931.9 34462.9 24175.6    488.7   743.4   942.4
   860  49.974  -0.000  49.974   418445.1 199337.7 41921.9 17879.8    603.5   613.0   849.8
   861 -13.656  -0.000 -13.656   448083.5 217809.2 52193.3 26137.0    610.1   738.8   853.2
   862  89.868  -0.001  89.867   453377.9 193573.9 44864.7 26435.1    999.7   462.9  1137.0
   863 -498.146   0.007 -498.140   388004.9 210433.2 48611.1 11269.9    961.7   484.0   869.1
   864 -150.491  -0.004 -150.495   392812.2 234450.0 43194.6 19378.7   1134.5   773.1  1391.1
   865 234.570  -0.002 234.568   468487.4 240621.3 65529.1 38745.6   1033.9   588.0  1007.0
   866 869.000  -0.002 868.998   631027.5 224034.8 62006.7 31558.9   1540.2   379.1  1508.7
   867 -137.917   0.007 -137.910   483233.1 214502.5 58687.3  7139.2    913.7   495.4   901.4
   868 -215.995   0.005 -215.990   359801.8 187255.5 44694.5 15784.5    647.3   558.4   706.3
   869 238.585  -0.010 238.576   382302.3 217836.0 38729.1 29776.6   1384.5   401.8  1421.7
   870 -400.020   0.006 -400.014   332339.6 218613.0 50764.3 10179.5   1013.8   543.8   887.5
   871 150.949  -0.005 150.944   425318.9 227894.5 42354.7 28879.4   1289.7   470.3  1413.2
   872  10.707  -0.001  10.706   459752.5 236817.5 54087.4 21645.5   1199.4   460.2  1217.3
   873 118.889  -0.001 118.888   490597.5 222991.4 45220.1 24126.2   1712.6   400.5  1658.3
   874 -397.512   0.013 -397.499   347738.8 193471.0 28516.6  9230.8    722.2   435.1   814.1
   875 -356.405  -0.008 -356.413   296473.2 220098.2 42102.3 13714.1    609.1  1462.8   748.1

         Carbon flux (ktC/yr)        Water (dam3/yr)                Nitrogen (MgN/yr)
       ----------------------- -------------------------- --------------------------------
Spinup NEP     estab   NBP     transp     evap    interc  nuptake ndemand  nlosses ninflux
------ ------- ------- ------- ---------- ------- ------- ------- -------- ------- -------
   876 151.047  -0.002 151.045   454484.2 207263.2 26949.1 31303.6   1013.3   656.3  1027.9
   877 -764.966   0.075 -764.891   234232.8 193566.8 19778.1 -3227.6    512.1   717.5   671.8
   878 150.485  -0.070 150.416   287851.1 224250.9 10755.2 24551.5    492.4   846.8   981.6
   879  75.856  -0.001  75.855   371267.0 184181.3 17411.0 18678.0    423.4   827.1   835.9
   880 413.938  -0.003 413.936   426406.5 207420.8 30545.6 31187.8    478.9  3780.9   845.2
   881  19.455  -0.001  19.455   367876.6 200328.2 29404.8 17283.2    601.9   594.3   845.0
   882 112.900  -0.002 112.897   410290.5 257301.5 52633.8 33662.6    964.0   537.2  1072.9
   883 751.516  -0.003 751.514   543511.9 193242.9 32945.6 30697.4   1391.8   373.6  1669.6
   884 -394.167   0.025 -394.141   353193.2 186855.5 30513.3  3862.3    685.0   429.7   766.8
   885 -177.780  -0.014 -177.794   291837.0 209389.1 31552.6 10452.0    449.8  1178.5   725.0
   886 127.248  -0.008 127.240   437423.4 233983.5 32930.4 32707.9    751.3   532.8  1013.5
   887 468.583  -0.002 468.581   516234.0 207279.4 51371.3 28495.2   1841.2   356.7  2018.8
   888 -43.404   0.000 -43.404   421157.4 269884.2 57015.7 14152.9   1311.6   376.7  1378.6
   889 -478.823   0.022 -478.801   380873.3 196661.5 42328.3 13555.4   1072.6   431.4   931.5
   890  93.688  -0.019  93.670   338449.0 196245.3 32099.6 22693.8    736.3   429.1   875.1
   891 -573.023   0.017 -573.006   324802.8 198184.2 30885.4  8777.2    750.2   463.0   751.2
   892 242.080  -0.014 242.066   342628.1 194672.3 22465.4 25690.1    977.1   411.5  1122.4
   893 -538.829   0.017 -538.812   262291.1 191089.2 15536.9  5732.3    719.2   515.8   726.1
   894 318.901  -0.016 318.885   381457.9 232451.0 22021.7 29853.3    728.6   520.5  1079.3
   895 200.863  -0.002 200.861   441523.8 194746.3 20095.7 22891.3    819.5   432.3  1197.8
   896 -189.127   0.001 -189.126   307343.2 193518.0 22730.0 11951.5    562.1   524.5   804.2
   897 -90.425  -0.001 -90.426   347736.4 233609.1 29735.2 25320.3    760.9   846.5  1130.8
   898 637.185  -0.003 637.182   435770.6 224062.9 25091.6 38063.9   1555.0   484.6  1931.2
   899 315.266  -0.002 315.264   476362.8 209207.9 51040.6 19332.7   1736.6   366.5  1856.1
   900 -546.101   0.031 -546.070   366116.4 197580.6 40516.0  5801.5    843.5   405.6   776.3

         Carbon flux (ktC/yr)        Water (dam3/yr)                Nitrogen (MgN/yr)
       ----------------------- -------------------------- --------------------------------
Spinup NEP     estab   NBP     transp     evap    interc  nuptake ndemand  nlosses ninflux
------ ------- ------- ------- ---------- ------- ------- ------- -------- ------- -------
   901  -2.560  -0.028  -2.588   341182.6 285021.7 35904.7 18230.9    560.4   484.9   764.9
   902  -0.782  -0.001  -0.783   395074.1 203732.5 35104.8 23871.1    795.4   454.9  1054.7
   903  99.500  -0.001  99.499   445251.7 230413.0 41024.1 27125.1   1419.2   454.5  1399.6
   904 -422.678   0.008 -422.670   389517.7 199002.1 37465.3  9734.4   1361.2   387.3  1168.8
   905  30.034  -0.006  30.028   345521.4 207031.0 34378.4 21577.6    673.4   451.3   883.5
   906 211.052  -0.001 211.051   386906.9 189661.9 35352.6 24278.4   1737.6   327.7  1749.6
   907 -367.566   0.001 -367.565   348190.5 236318.4 44933.3 15647.8    865.7   466.6   902.6
   908  33.200  -0.001  33.199   466705.6 206376.5 30439.8 29732.4   2093.5   344.5  1912.2
   909 -133.143   0.000 -133.142   373465.2 237759.5 44496.8 14639.7    825.5   485.7   831.8
   910  -3.982   0.001  -3.981   349454.9 195778.7 34025.4 21326.6    903.4   921.0   982.8
   911 -457.577   0.010 -457.567   310820.3 202020.5 35533.2 12072.5    843.3   420.8   865.6
   912  15.516  -0.007  15.509   339300.2 185449.8 21705.5 26621.2   1436.0   342.2  1381.1
   913 208.070  -0.002 208.068   407408.8 214366.6 31241.0 25599.6   2145.4   302.7  2101.4
   914  99.823  -0.002  99.821   438627.7 233675.4 39232.2 21670.5   1682.6   332.8  1626.8
   915 -85.417   0.000 -85.417   361976.4 181731.7 34612.5 15423.5   1141.0   368.0  1112.6
   916 -175.039   0.001 -175.038   339192.0 179405.5 33303.5 20371.2   1344.3   345.1  1184.4
   917 -196.135   0.000 -196.134   364885.8 200243.3 38155.3 23481.5   1952.6   306.8  1626.6
   918 -132.183   0.000 -132.183   387297.7 233345.7 42722.9 19813.3   2164.7   335.7  1961.3
   919 322.429  -0.002 322.427   474385.2 251012.6 42982.8 32972.8   2628.8   297.7  2486.6
   920 -325.870   0.001 -325.869   366659.6 234478.7 54620.2  8951.3   1117.3   536.4  1025.7
   921 244.373  -0.001 244.373   419124.4 214175.6 30177.5 26509.4   2385.8   320.1  2170.9
   922 -224.864   0.001 -224.863   389650.0 212705.6 53090.5 17366.3   1527.4   347.9  1327.4
   923 -111.150   0.001 -111.149   367716.5 193834.7 33957.3 21559.7   2045.5   302.0  1691.2
   924 -283.081   0.001 -283.079   346609.7 230771.5 44833.4 16735.1   1397.1   444.1  1410.3
   925  27.367  -0.001  27.366   428459.2 182212.2 30893.8 28763.6   1883.0   367.1  1685.1

         Carbon flux (ktC/yr)        Water (dam3/yr)                Nitrogen (MgN/yr)
       ----------------------- -------------------------- --------------------------------
Spinup NEP     estab   NBP     transp     evap    interc  nuptake ndemand  nlosses ninflux
------ ------- ------- ------- ---------- ------- ------- ------- -------- ------- -------
   926 -559.697   0.024 -559.673   305334.1 173987.1 34496.7  3440.6    668.4   479.1   781.5
   927 -648.485   0.038 -648.447   204045.9 193046.3 12999.9  2685.0    439.4   734.0   682.8
   928 539.672  -0.055 539.616   339214.9 227767.5 11231.8 34100.5    548.3   681.8  1020.8
   929  67.564  -0.001  67.562   348427.0 244979.3 24710.9 19698.1    609.3  4537.3   832.8
   930 597.052  -0.004 597.049   481800.0 229003.1 21915.3 38213.6    668.4   496.9  1102.2
   931 367.596  -0.002 367.594   436031.7 225273.5 32806.8 24222.4   1140.1   342.2  1366.0
   932 -157.985   0.001 -157.984   310427.0 200434.3 35966.1 13087.0    837.7   417.7   844.5
   933 203.895  -0.002 203.893   464725.2 261174.5 37947.6 31843.6   1902.9   316.1  2332.9
   934 -431.589   0.002 -431.588   355221.3 219929.7 43865.5 11647.8   1120.1   366.5   996.9
   935 285.314  -0.002 285.312   390156.0 218496.1 32681.7 30421.9   1906.8   299.2  2347.0
   936 -466.594   0.005 -466.590   345391.6 178756.4 37042.6  8563.1   1519.0   347.0  1402.7
   937 -379.298  -0.000 -379.299   286382.7 220109.3 36704.2 13094.9    542.7   999.6   782.1
   938 377.900  -0.001 377.898   384662.4 212126.7 20895.2 30972.1   1148.2   411.6  1239.3
   939 -304.596   0.011 -304.585   273669.1 204058.2 24807.7  8137.7   1016.3   339.5   959.1
   940 -349.316  -0.007 -349.323   306122.4 233841.6 24241.1 15140.5    536.1   526.5   739.1
   941 352.038  -0.002 352.035   409094.2 240938.1 30123.1 34138.0   1312.9   351.1  1592.4
   942 444.003  -0.003 443.999   495039.2 238491.2 38224.1 28133.4   2118.8   298.8  2606.2
   943 320.794  -0.002 320.793   477905.1 240804.8 53251.8 21119.9   1774.3   294.0  2003.0
   944  35.496  -0.001  35.495   470236.2 240534.0 52359.5 21212.3   1519.7   323.6  1836.9
   945 -107.355   0.000 -107.355   435277.4 235874.1 55419.3 21598.2   1551.6   364.4  1666.2
   946 170.306  -0.001 170.305   451124.1 232605.1 65498.5 29448.2   2429.2   287.0  2111.7
   947  16.321  -0.001  16.320   491704.7 244348.8 91195.9 27880.5   3471.8   271.0  2847.1
   948 280.002  -0.001 280.001   524650.6 238948.7 77279.8 24830.7   1796.2   303.8  1907.8
   949 366.605  -0.001 366.604   601865.5 247469.3 75374.9 27475.6   2860.3   268.3  2661.6
   950 -268.891   0.022 -268.868   408638.2 213533.2 86338.9  9968.1   1251.6   302.4   884.7

         Carbon flux (ktC/yr)        Water (dam3/yr)                Nitrogen (MgN/yr)
       ----------------------- -------------------------- --------------------------------
Spinup NEP     estab   NBP     transp     evap    interc  nuptake ndemand  nlosses ninflux
------ ------- ------- ------- ---------- ------- ------- ------- -------- ------- -------
   951 -108.445  -0.013 -108.458   408196.6 212542.5 51377.1 18695.5   1010.5   345.2  1020.5
   952 -152.091  -0.006 -152.097   406760.8 278017.7 60998.1 22060.5   1838.7   295.4  1751.8
   953  -7.872  -0.000  -7.873   406526.8 221545.4 60900.5 27752.3   1796.8   304.4  1594.9
   954 181.997  -0.001 181.996   490486.5 201811.8 69505.6 26844.4   3414.3   265.5  2735.1
   955 -273.291   0.018 -273.273   323827.4 193105.9 52833.0  6266.1   1171.8   342.7   862.9
   956  39.486  -0.013  39.473   432512.7 251686.2 44176.7 26413.8   1689.5   578.3  1698.1
   957 118.309  -0.003 118.306   437754.9 224036.4 57761.8 23805.2   1917.1   342.3  1614.2
   958 -216.733   0.001 -216.732   412603.1 236748.1 55176.8 14648.2   1680.4   356.0  1650.1
   959   0.070  -0.001   0.069   426547.9 224319.6 51673.7 31835.1   2122.2   314.6  1984.4
   960 -80.589   0.000 -80.589   446182.5 221482.2 48457.8 18357.2   1901.7   334.9  1610.6
   961 -193.440   0.001 -193.439   420663.5 218958.2 48833.2 20873.5   1457.1   365.8  1220.5
   962 -23.906  -0.001 -23.907   426418.9 276738.9 58170.3 26892.7   2266.4   356.4  2013.1
   963  82.114  -0.000  82.114   415932.6 214313.6 52927.6 23301.3   1781.3   295.3  1613.5
   964  16.435   0.001  16.436   374256.7 191566.8 51789.3 17801.9   1947.8   285.0  1542.7
   965 -413.864   0.012 -413.852   313342.5 194928.2 36934.6 12852.3   1423.9   321.1  1128.1
   966 -301.032  -0.007 -301.040   309061.9 203800.4 31981.8 18802.5    931.3   462.6  1005.1
   967 339.976  -0.002 339.974   411569.4 201132.8 30719.3 34563.4   2185.8   293.3  2166.7
   968 -479.526   0.003 -479.523   337935.3 184174.2 32635.2  6917.2   1200.6   374.3  1176.6
   969  60.738  -0.003  60.736   398489.0 234791.8 35486.4 26841.1    699.4   502.2   935.9
   970 -15.094  -0.000 -15.095   356431.1 184962.4 31582.5 20623.5    906.1   419.3  1017.7
   971 -102.559  -0.001 -102.559   355104.1 234351.2 50738.2 25758.5   1001.2   531.1  1108.6
   972 145.525  -0.002 145.523   494023.4 231310.5 42737.7 32018.0   1749.9   299.7  1858.4
   973 -58.384   0.001 -58.384   376080.2 184314.4 41057.7 14649.6   1098.8   354.9   995.9
   974 -247.244   0.001 -247.243   366252.5 202055.8 47661.8 22772.6   1136.9   318.6  1087.5
   975 -141.759   0.001 -141.758   366404.3 196021.5 35989.2 21587.4   1799.2   294.1  1559.4

         Carbon flux (ktC/yr)        Water (dam3/yr)                Nitrogen (MgN/yr)
       ----------------------- -------------------------- --------------------------------
Spinup NEP     estab   NBP     transp     evap    interc  nuptake ndemand  nlosses ninflux
------ ------- ------- ------- ---------- ------- ------- ------- -------- ------- -------
   976 166.412  -0.000 166.412   367238.4 193471.0 41564.7 26351.4   1873.2   288.2  1646.9
   977 -418.222   0.007 -418.215   285114.8 188189.8 34621.0  9122.6    741.1   487.4   796.6
   978 -41.418  -0.005 -41.423   347777.6 240156.7 38861.5 26242.7    830.9   829.8   973.4
   979 603.158  -0.003 603.154   564772.9 227416.0 44381.1 37601.4   2129.9   298.8  2730.9
   980 242.798  -0.001 242.796   442452.9 229386.4 56637.1 20734.4   1208.7   316.0  1377.1
   981 -220.970  -0.000 -220.970   410938.1 243278.8 92340.9 22289.7   1871.8   354.6  1711.9
   982 162.846  -0.001 162.845   548794.9 249566.4 96192.2 36935.5   2746.7   291.0  2857.5
   983 396.551  -0.001 396.550   575327.9 213437.9 78453.0 26116.9   2283.2   300.5  2140.9
   984 129.170   0.001 129.170   449593.1 215706.6 74204.1 20807.5   1308.5   310.4  1070.3
   985 -11.863   0.001 -11.862   454083.2 203683.2 84423.4 26759.5   1887.0   310.0  1655.1
   986 -784.076   0.074 -784.002   273637.7 196482.8 35018.9 -1313.6    613.2   422.9   636.5
   987 221.953  -0.069 221.884   300455.4 248272.1 19805.2 35528.7   1139.6   607.4  1258.2
   988 -313.376   0.001 -313.375   363016.4 205549.3 29482.2  8388.6   1089.1   438.2   886.0
   989 170.572  -0.001 170.571   350938.6 193048.7 29759.1 25420.7    708.3   384.1   906.9
   990 -309.014   0.003 -309.010   276874.5 205501.7 24282.7 12570.7   1044.5   363.2  1031.6
   991 -263.486   0.001 -263.485   266758.7 202241.4 18737.7 13652.5    903.2   386.5   952.3
   992 -317.003  -0.000 -317.004   332971.4 237774.1 25952.9 20463.9    808.8   480.3  1040.1
   993 797.096  -0.004 797.093   502298.7 219186.3 22299.4 42900.9   1250.1   300.2  1722.2
   994 -158.526  -0.000 -158.526   343690.6 241263.6 42773.9 14040.6    733.6  1443.8   866.4
   995 242.183  -0.002 242.181   469790.4 249374.5 38008.5 34417.0   1295.8   455.6  1771.6
   996 332.857  -0.002 332.855   525183.9 224510.0 49491.4 26186.1   1393.8   325.2  1616.6
   997 362.735  -0.002 362.733   506514.7 226175.7 65681.2 28100.7   1485.5   302.0  1370.0
   998 -163.286  -0.000 -163.286   459460.3 245222.3 103265.1 21650.4   1825.6   361.7  1567.4
   999 264.175  -0.000 264.175   545464.0 200310.1 53257.2 29064.6   2231.0   290.0  2038.2
  1000 -623.787   0.045 -623.742   355807.8 177260.6 54845.4  3841.8    944.7   390.4   891.3

         Carbon flux (ktC/yr)        Water (dam3/yr)                Nitrogen (MgN/yr)
       ----------------------- -------------------------- --------------------------------
Spinup NEP     estab   NBP     transp     evap    interc  nuptake ndemand  nlosses ninflux
------ ------- ------- ------- ---------- ------- ------- ------- -------- ------- -------
  1001 -269.855  -0.016 -269.871   280212.8 255040.8 42896.0 12614.5    336.0  3110.9   675.2
  1002 492.458  -0.026 492.431   422474.5 207108.3 26193.7 38599.7    651.9   574.5   831.0
  1003 -49.294   0.000 -49.294   371499.9 182370.4 36521.4 11830.7    968.8   448.5   954.8
  1004   4.993  -0.001   4.993   444069.3 215357.3 50273.4 27478.6   1150.6   367.7  1227.6
  1005 305.660  -0.002 305.658   493368.0 251225.8 51770.7 32185.8   1832.3   302.1  1821.6
  1006 -573.723   0.074 -573.649   283175.4 209564.8 36925.0 -2243.8   1068.2   368.9   871.3
  1007 -369.492  -0.052 -369.545   256986.7 235867.5 17716.5 13647.1    478.5   643.5   732.0
  1008 183.729  -0.016 183.713   353899.7 213309.6 23770.0 28100.7    421.0   537.8   818.1
  1009 -12.655  -0.002 -12.657   381440.6 247556.1 48805.4 25089.6    680.9  1986.9   825.3
  1010 592.066  -0.003 592.063   544602.2 247836.3 38777.3 33861.9    841.2   784.4  1372.9
  1011  58.101  -0.001  58.101   492702.7 178068.6 40431.8 17969.3    503.6   535.7   773.1
  1012 -445.351   0.019 -445.331   303212.0 227670.7 63497.0 10996.6    427.9  4065.3   704.0
  1013  -0.457  -0.013  -0.470   439176.9 222800.0 32855.5 26258.4    789.6   937.3  1219.2
  1014 -298.099  -0.000 -298.099   314688.4 231869.9 47048.5 14324.8    740.8  5571.4   824.2
  1015 392.686  -0.004 392.683   495108.8 190679.5 26366.6 31789.0    569.2  1045.7   830.7
  1016 -401.638   0.016 -401.622   279934.2 185832.7 30978.4  4100.0    573.1   717.9   772.4
  1017 444.376  -0.016 444.360   415495.8 232038.2 36312.2 32349.0    412.0  1256.7   817.1
  1018 568.148  -0.002 568.146   468059.9 197455.9 35815.4 25693.6   1026.6   767.9  1242.6
  1019 -318.926   0.018 -318.908   318085.7 193485.3 35684.5  7024.1    815.5   417.1   844.8
  1020 -196.410  -0.006 -196.416   273010.5 208863.7 23105.7 12947.4    562.4   451.3   774.1
  1021 -409.091  -0.005 -409.096   307725.2 206325.8 22647.2 16512.5    461.1   533.1   693.1
  1022 256.470  -0.003 256.467   419823.3 230472.9 25624.6 35401.3    795.1   511.7  1077.9
  1023 322.146  -0.002 322.144   439852.9 228074.6 40002.5 25186.6   1347.6   406.3  1468.9
  1024 -79.244  -0.001 -79.244   438184.8 186994.8 32890.4 17464.5    898.6   402.6  1138.8
  1025 -523.882   0.033 -523.849   307523.6 225995.7 34182.1  8249.5    625.4   737.8   796.7

         Carbon flux (ktC/yr)        Water (dam3/yr)                Nitrogen (MgN/yr)
       ----------------------- -------------------------- --------------------------------
Spinup NEP     estab   NBP     transp     evap    interc  nuptake ndemand  nlosses ninflux
------ ------- ------- ------- ---------- ------- ------- ------- -------- ------- -------
  1026 151.001  -0.030 150.971   379958.3 200954.8 19800.6 29327.5    376.6  1119.9   788.5
  1027 -59.230  -0.001 -59.230   336145.0 231420.4 33663.3 15438.1    640.1   684.0   858.8
  1028  -2.460   0.001  -2.459   392006.1 222471.5 32462.5 27980.5    932.3   572.7  1060.3
  1029 118.468  -0.002 118.466   394861.4 198728.5 27237.4 23272.3   1112.4   788.3  1167.6
  1030 -268.721   0.002 -268.719   352791.8 216983.2 35165.9 12389.3    776.6   605.8   862.4
  1031 616.948  -0.003 616.945   417438.0 219468.4 28378.6 41947.7   1260.3   493.4  1506.4
  1032 -673.811   0.040 -673.771   330322.8 201311.2 37064.1 -1690.4    909.4   451.5   804.8
  1033 241.904  -0.038 241.867   382801.0 252814.9 24997.9 25691.7    646.7   594.0  1048.5
  1034  85.777  -0.001  85.776   413161.6 223880.8 32240.5 19632.9    819.7   657.4  1028.6
  1035 391.698  -0.002 391.696   455620.7 224278.7 47027.3 33336.1    802.5   453.8  1110.7
  1036 196.900  -0.001 196.899   503518.7 221475.2 52998.4 21547.5   1146.2   357.5  1251.2
  1037 329.217  -0.001 329.216   509538.1 243165.1 56690.4 29349.1   1365.0   329.7  1336.9
  1038  60.494   0.000  60.494   471689.9 196424.5 73772.7 17389.6   1486.2   426.1  1382.6
  1039 -566.400   0.051 -566.349   304906.7 210969.5 63913.9  7619.4    651.5   824.6   737.1
  1040 114.828  -0.048 114.780   366864.3 281428.9 38448.4 31906.5    746.3   852.7   969.9
  1041 874.054  -0.003 874.051   557192.9 209902.8 38129.3 28365.7   1895.6   320.1  2101.9
  1042 -19.531   0.002 -19.529   387321.2 199203.3 46371.3  9158.5    760.8   786.4   847.4
  1043 -621.604   0.050 -621.554   263855.3 212469.5 52489.3  6877.3    488.5  1257.3   703.4
  1044 335.573  -0.048 335.525   394659.1 238433.7 23625.0 34926.3    637.7   521.9  1008.3
  1045 348.212  -0.002 348.210   449781.0 216153.2 36272.1 20972.4   1025.8   440.7  1185.1
  1046 186.286  -0.000 186.285   368794.4 211542.3 37121.6 23334.0    909.8   341.8  1040.7
  1047 -625.800   0.022 -625.778   340359.2 215489.1 44401.1  9056.2    817.0   464.4   780.9
  1048  -3.573  -0.019  -3.592   381518.3 232785.8 29542.9 24880.6   1162.7   458.8  1211.7
  1049 -40.373  -0.001 -40.374   407420.5 214208.8 41808.9 20827.4   1103.7   760.6  1144.8
  1050 -325.608   0.005 -325.604   378494.2 200045.8 32286.7 15081.3    716.9   429.6   762.4

         Carbon flux (ktC/yr)        Water (dam3/yr)                Nitrogen (MgN/yr)
       ----------------------- -------------------------- --------------------------------
Spinup NEP     estab   NBP     transp     evap    interc  nuptake ndemand  nlosses ninflux
------ ------- ------- ------- ---------- ------- ------- ------- -------- ------- -------
  1051 -41.004  -0.003 -41.007   359725.7 239656.5 35544.0 23625.0    590.4   533.7   765.2
  1052 -148.183   0.000 -148.183   333820.6 225768.2 44710.9 19111.3    760.7  2116.8   856.3
  1053 510.537  -0.003 510.534   485244.8 232029.8 38267.2 42183.2   1401.0   360.0  1627.2
  1054 217.763  -0.001 217.763   437034.3 185041.8 38523.0 14319.5   1086.6   429.1  1067.9
  1055 -56.242   0.000 -56.241   385768.5 225234.8 63565.2 20846.0    716.1   755.7   780.3
  1056  98.709  -0.001  98.708   481709.2 212708.6 59586.2 30230.0   1576.9   322.8  1419.5
  1057 -243.711   0.005 -243.706   401596.0 232464.7 55869.5 11462.3   1308.7   530.2  1325.3
  1058 141.047  -0.005 141.042   456834.5 242974.6 75790.4 32473.8   1152.3   495.2  1042.0
  1059 488.834  -0.001 488.833   563429.2 200075.2 44332.1 24616.9   1633.1   320.9  1618.1
  1060 -26.594   0.001 -26.594   395362.6 216442.9 69597.0 15504.9    780.7   408.7   785.3
  1061 -385.309   0.018 -385.292   373562.2 233163.1 58133.6 15670.8   1383.4   489.5  1297.6
  1062 154.603  -0.016 154.587   430594.7 293359.6 47815.8 31620.0   1606.1   608.0  1495.3
  1063 -462.777   0.015 -462.763   386237.8 199482.9 41635.6  5724.2   1086.4   391.9   863.9
  1064 155.732  -0.013 155.719   417265.4 214257.9 45133.8 23416.2    614.0  2056.9   898.9
  1065 376.607  -0.001 376.606   411006.8 192509.7 38655.9 24780.3   1167.7   322.7  1186.3
  1066 -286.970   0.008 -286.961   289054.4 199532.6 38234.2  9671.4    614.5   563.3   725.5
  1067 -32.223  -0.004 -32.227   395631.6 247151.1 35481.3 24601.1   1234.8   954.3  1651.5
  1068 373.588  -0.004 373.584   476321.4 239894.4 36389.8 32534.6   1533.6   897.1  1348.8
  1069 -152.957   0.000 -152.957   401405.2 237250.7 47165.2 10562.1   1141.8   609.8  1349.3
  1070 307.906  -0.001 307.905   445108.7 215603.9 42688.6 35733.8   1267.0   595.9  1237.4
  1071 -591.285   0.017 -591.268   351608.7 215141.3 48139.9  5240.4    872.1   472.8   775.2
  1072 -100.037  -0.014 -100.051   329379.9 221158.1 39345.6 20028.5    698.9   921.8   885.8
  1073 183.674  -0.002 183.673   443546.9 242274.6 38623.1 28263.3   1197.3   784.2  1626.3
  1074 593.493  -0.002 593.491   479006.6 203911.3 38982.1 28042.8   1445.1   420.1  1513.8
  1075 -727.943   0.059 -727.883   329924.1 201271.1 41893.4   736.6    630.0   446.9   676.2

         Carbon flux (ktC/yr)        Water (dam3/yr)                Nitrogen (MgN/yr)
       ----------------------- -------------------------- --------------------------------
Spinup NEP     estab   NBP     transp     evap    interc  nuptake ndemand  nlosses ninflux
------ ------- ------- ------- ---------- ------- ------- ------- -------- ------- -------
  1076 -427.705  -0.041 -427.746   268085.4 261339.8 27960.2 13787.7    501.1  4617.8   731.5
  1077 944.162  -0.017 944.145   499027.4 211690.2 23833.3 46216.8   1108.0   619.6  1354.8
  1078 -132.098   0.001 -132.097   355257.9 195259.3 30966.3  5557.4   1006.0   380.4   996.4
  1079 -52.308  -0.001 -52.308   396302.9 214853.8 43412.5 23395.0    742.5   520.1   959.7
  1080 189.136  -0.002 189.134   453921.7 232787.8 41641.1 31751.7   1260.3   497.8  1281.2
  1081 301.112  -0.001 301.112   432778.1 196254.9 43509.7 20225.9   1690.8   294.8  1548.2
  1082 -28.035   0.001 -28.034   346830.2 211735.3 41419.3 20348.1   1152.2   321.5  1077.7
  1083 -450.037   0.009 -450.028   346415.9 232741.4 48658.9 13740.4   1381.4   502.4  1341.8
  1084  18.790  -0.007  18.783   401293.2 241478.7 38228.4 28536.7   1445.7   690.7  1559.3
  1085  74.376  -0.001  74.375   455586.3 237446.5 48060.0 25010.0   1386.3   415.5  1380.2
  1086 408.949  -0.002 408.947   506411.6 237569.7 57694.5 25690.9   2119.3   300.7  2083.1
  1087 105.704  -0.001 105.703   515487.3 235697.0 64766.4 22996.9   1473.4   302.6  1423.6
  1088 190.565  -0.000 190.565   563321.8 221666.2 64555.2 24572.8   2042.5   284.8  2060.6
  1089 267.488   0.000 267.489   489195.1 197795.0 58759.9 22181.5   2188.8   275.9  1878.3
  1090 -347.095   0.015 -347.080   378578.8 239898.1 67441.9 13240.0   1052.9   364.6   873.9
  1091 -371.417   0.018 -371.399   267394.3 202889.3 39124.2  9358.9    714.0   627.7   769.7
  1092 -113.322  -0.021 -113.343   347225.2 268511.0 40448.0 28621.0   1210.4  1277.6  1406.7
  1093 532.073  -0.008 532.065   472085.4 203526.6 28128.5 30639.4   2112.7   349.0  1741.0
  1094   5.056  -0.000   5.056   419558.1 192660.7 43311.7 10926.5    977.2   393.1  1115.4
  1095 -184.415   0.001 -184.414   345344.4 186451.8 36817.5 19060.8    842.6   393.7   860.5
  1096  16.692  -0.001  16.692   391260.8 229348.8 52628.8 26376.7   2046.3   293.6  1762.0
  1097  22.482  -0.001  22.481   479377.6 183854.0 36139.7 25003.2   2328.7   293.4  2166.4
  1098 -758.803   0.050 -758.753   314181.9 218302.2 45678.3   626.4    686.5   607.7   690.0
  1099 -10.821  -0.046 -10.866   338648.7 260738.3 22339.3 25040.4    485.2   667.8   873.5
  1100 466.523  -0.003 466.520   449749.1 226215.0 37267.9 29752.6    654.7   711.6   997.5

         Carbon flux (ktC/yr)        Water (dam3/yr)                Nitrogen (MgN/yr)
       ----------------------- -------------------------- --------------------------------
Spinup NEP     estab   NBP     transp     evap    interc  nuptake ndemand  nlosses ninflux
------ ------- ------- ------- ---------- ------- ------- ------- -------- ------- -------
  1101 213.925  -0.001 213.924   404507.5 198845.6 35536.6 19431.1    661.1   543.8   816.8
  1102  17.309  -0.001  17.307   455544.6 239416.2 51734.8 28244.3    913.9   399.2  1091.5
  1103 589.412  -0.002 589.410   604449.1 212085.8 60694.4 34659.1   1977.7   296.8  2276.7
  1104 -90.754   0.001 -90.753   437159.3 269745.9 67614.0 10652.5   1162.1   338.1  1153.2
  1105 173.937   0.000 173.937   424865.8 193854.5 53124.3 27547.3   1492.6   312.1  1239.4
  1106 -699.420   0.055 -699.365   276669.0 219684.1 59135.5  3915.6    589.3  1152.8   693.4
  1107 581.300  -0.053 581.247   394325.8 254581.3 21662.6 41524.2   1241.1   623.8  1509.7
  1108 157.031  -0.001 157.030   415914.7 212480.6 40160.2 13032.9   1196.9   362.1  1169.4
  1109 -336.461   0.006 -336.455   304520.6 183650.0 34313.4 11112.2    560.4   511.5   731.5
  1110 269.423  -0.005 269.418   420569.4 246171.2 36221.4 30336.5    949.8   369.6  1060.7
  1111 -488.852   0.010 -488.842   294305.0 210303.6 47206.3  6933.5    798.0   927.4   817.7
  1112 249.381  -0.009 249.373   401417.7 224874.3 35698.4 27299.3    741.0   532.7  1012.2
  1113 180.917  -0.002 180.914   495883.3 227912.7 38331.2 26134.4    965.7   341.0  1253.6
  1114 -176.657   0.004 -176.653   351198.8 208688.3 32174.3 11922.3   1288.0   313.6  1283.6
  1115 -494.368   0.003 -494.365   317149.8 176510.8 31021.8 11499.4    464.1   478.4   697.9
  1116 231.141  -0.004 231.137   422889.3 202172.1 36560.6 29598.7    536.6  2194.7   857.4
  1117 -88.991   0.001 -88.990   316964.0 202961.1 24852.0 13000.1    860.0   352.9   920.1
  1118 -616.027   0.033 -615.994   246873.7 190620.7 16924.1  7730.9    434.1   535.0   625.0
  1119 277.158  -0.031 277.127   366983.8 298537.0 19435.1 35328.7    737.2   639.3  1019.6
  1120 161.069  -0.002 161.068   406004.3 203216.7 24952.3 20057.7    935.3   499.9  1206.9
  1121   5.024  -0.001   5.023   382324.8 205430.9 28368.7 21433.2    703.6   439.9   994.1
  1122 528.649  -0.003 528.646   498569.9 214419.4 41875.0 36915.9   1354.1   322.4  1582.9
  1123 -148.503   0.000 -148.503   375458.4 218990.5 47171.8 12937.9    835.7   584.1   972.5
  1124 324.100  -0.001 324.099   465034.7 233560.3 55817.3 33960.3   1454.5   342.3  1401.2
  1125 536.035  -0.001 536.033   487667.7 220313.6 42188.7 27044.7   1965.2   279.5  2038.3

         Carbon flux (ktC/yr)        Water (dam3/yr)                Nitrogen (MgN/yr)
       ----------------------- -------------------------- --------------------------------
Spinup NEP     estab   NBP     transp     evap    interc  nuptake ndemand  nlosses ninflux
------ ------- ------- ------- ---------- ------- ------- ------- -------- ------- -------
  1126 -319.448   0.004 -319.444   416534.4 211095.4 67407.0  9933.3   1138.9   390.4  1043.7
  1127   5.928  -0.003   5.925   421681.6 238547.5 54540.3 23118.7   1026.2   374.4   961.9
  1128 -611.359   0.086 -611.273   270386.8 205352.5 34448.4  1376.3   1050.1   356.8   860.1
  1129 -292.280  -0.064 -292.344   251691.1 236514.9 14491.2 18871.7    544.3   586.7   781.6
  1130 -496.175  -0.002 -496.177   243366.3 188945.4 12471.3  6587.6    683.8   619.8   744.7
  1131 623.021  -0.013 623.008   370589.4 215063.3 14806.0 34890.6    524.4   528.5  1065.5
  1132 -190.769  -0.001 -190.770   348009.0 187589.9 20255.6 13994.5    667.8   469.5  1068.2
  1133 -365.366   0.021 -365.345   247215.2 201762.1 17808.3 11283.9    590.4   473.6   784.4
  1134 421.841  -0.019 421.822   350879.4 202180.9 15202.6 30721.9    968.7   355.8  1294.7
  1135  85.997  -0.002  85.995   408401.9 224045.3 25933.2 21511.1    757.8   587.2  1000.2
  1136  94.874  -0.002  94.872   383466.1 201977.2 16461.4 24101.0    486.8   410.4   876.9
  1137  -3.570  -0.001  -3.572   361335.4 224540.1 32850.8 23291.5    720.6   590.1  1017.0
  1138 115.255  -0.002 115.254   433867.3 214548.6 40748.3 26594.2    917.3   723.9  1121.7
  1139  22.809  -0.001  22.808   385023.6 229793.6 50233.6 21157.8    734.5   857.7   888.3
  1140 786.151  -0.003 786.149   623592.4 211043.9 55205.0 42132.2   1692.5   288.1  1870.1
  1141 -273.491   0.013 -273.478   397518.2 214696.6 60693.0  4573.8    956.7   476.7   931.8
  1142 -96.130   0.002 -96.128   378025.0 214239.5 33841.4 13733.1    873.9   388.3   912.1
  1143 -220.631  -0.010 -220.641   389253.1 217110.3 42222.8 19424.9    593.5   827.8   834.7
  1144 176.158  -0.002 176.156   422095.9 240996.2 49053.1 34764.3    978.9   461.3  1113.7
  1145 265.631  -0.002 265.629   529686.2 239021.4 55855.3 26494.6   1361.5   335.5  1345.5
  1146 495.563  -0.001 495.562   548183.7 218015.3 64544.0 28191.6   1508.4   294.7  1445.9
  1147 -297.389   0.009 -297.380   464657.6 224017.6 69265.2  9612.8   1357.6   316.2  1049.6
  1148 -408.438   0.015 -408.423   342198.9 216520.2 61410.7 12773.7    787.1   781.1   857.3
  1149 643.587  -0.023 643.564   549615.0 233014.7 52605.6 40754.1   1693.4   389.6  1846.5
  1150 -624.057   0.066 -623.991   308282.8 191498.9 30745.7 -5244.9    701.2   483.0   701.3

         Carbon flux (ktC/yr)        Water (dam3/yr)                Nitrogen (MgN/yr)
       ----------------------- -------------------------- --------------------------------
Spinup NEP     estab   NBP     transp     evap    interc  nuptake ndemand  nlosses ninflux
------ ------- ------- ------- ---------- ------- ------- ------- -------- ------- -------
  1151 -198.597  -0.047 -198.644   267329.8 204241.9 20434.3 12668.7    566.1   688.4   795.3
  1152  69.595  -0.015  69.581   345635.5 216935.1 34330.8 26602.6    492.6  2169.6   809.1
  1153 335.660  -0.003 335.657   485458.7 244060.2 41197.6 32501.8    738.7   906.4  1056.8
  1154 363.202  -0.001 363.201   452631.8 213799.6 31086.7 20101.4   1306.0   330.3  1419.6
  1155 -410.354   0.014 -410.340   348264.6 233135.9 49834.6 10418.9    721.2   678.0   930.8
  1156 448.269  -0.013 448.256   445620.5 243741.3 45330.2 30972.6    747.1   417.9   854.6
  1157 154.468  -0.001 154.468   469989.9 199093.3 36478.9 18459.1   1499.2   316.9  1622.1
  1158 -523.411   0.027 -523.384   304741.2 211507.6 55020.0  8864.3    639.8   815.1   741.8
  1159 269.144  -0.026 269.118   449042.8 279481.9 50467.3 35927.5   1178.3   546.8  1383.4
  1160 530.628  -0.002 530.626   616642.8 222969.0 44874.7 26036.1   1045.5   337.0  1273.9
  1161 116.326  -0.000 116.326   477478.3 217383.5 71428.7 17528.2    988.7   319.8  1007.9
  1162  87.381   0.000  87.381   449494.0 213015.1 59740.5 26857.9   1275.4   321.9  1280.7
  1163 -852.299   0.103 -852.196   247456.3 196410.0 28964.4 -4421.7    512.6   519.3   626.6
  1164 -64.389  -0.079 -64.468   291871.5 336359.8 19876.6 24676.1    803.3  1659.2  1135.1
  1165 138.722  -0.020 138.702   419484.6 192413.7 22963.4 16078.9    748.9   994.7  1059.5
  1166 -259.972   0.003 -259.969   273089.3 192948.8 28295.8  8541.4    478.7  2349.6   749.0
  1167  46.940   0.003  46.943   370441.2 193823.1 24542.4 24748.3   1211.0  1104.9  1584.3
  1168 423.516  -0.004 423.511   447403.7 239432.0 27457.1 36549.2   1445.1  3721.2  1354.6
  1169 576.170  -0.003 576.167   411299.6 223965.0 27285.7 20185.1    949.3   443.9  1281.5
  1170 -194.738   0.014 -194.725   297181.5 202133.5 34224.3  9635.9    663.9   718.7   792.0
  1171 436.230  -0.015 436.215   442558.5 245068.8 34258.7 36678.9   1057.6   378.4  1337.1
  1172 211.113  -0.001 211.112   434299.4 213792.9 41766.8 18464.2   1349.1   310.3  1481.3
  1173 -684.888   0.069 -684.818   264294.9 192576.0 24424.0  1874.8    575.0   445.5   655.8
  1174 -95.144  -0.062 -95.206   295652.4 233887.0 16227.3 21545.8    415.8   539.7   703.8
  1175 344.772  -0.004 344.768   343804.5 205198.1 22440.8 24863.3    738.6   444.8   973.5

         Carbon flux (ktC/yr)        Water (dam3/yr)                Nitrogen (MgN/yr)
       ----------------------- -------------------------- --------------------------------
Spinup NEP     estab   NBP     transp     evap    interc  nuptake ndemand  nlosses ninflux
------ ------- ------- ------- ---------- ------- ------- ------- -------- ------- -------
  1176 130.285  -0.002 130.283   397801.0 241283.9 33075.1 22338.8   1196.4   364.1  1180.6
  1177 -64.038   0.000 -64.038   367802.1 225282.3 45955.5 15545.1   1390.8   312.6  1307.0
  1178 524.385  -0.003 524.383   497110.7 215218.7 36316.0 40239.0   1069.1   315.4  1294.8
  1179 -578.568   0.023 -578.544   374910.9 207885.8 45962.0  1953.4    850.5   536.8   768.9
  1180 244.391  -0.022 244.369   417986.1 289007.9 37053.6 20796.0    629.1   725.9   860.7
  1181 -168.595   0.000 -168.595   363531.8 208732.7 47406.7 15845.2    592.2  1202.9   786.5
  1182 201.282  -0.002 201.280   490454.8 247019.3 64837.4 40756.9   1575.3   482.6  1615.1
  1183 520.156  -0.001 520.155   560420.9 238921.5 63107.6 24769.0    956.4   452.9  1119.4
  1184 219.820  -0.000 219.820   564063.1 206665.6 70967.3 20018.8   1179.8   328.2  1177.6
  1185  42.283   0.008  42.291   429863.5 191034.2 58073.5 16156.0   1643.1   285.6  1335.9
  1186 -537.939   0.041 -537.897   328589.4 238597.9 53610.2  9436.6   1052.2   567.5  1078.5
  1187 402.619  -0.047 402.572   434283.5 253157.5 39826.1 41114.6    879.4   397.9   938.7
  1188 -113.640   0.000 -113.640   407472.0 213560.9 54017.5  8227.6   1330.6   694.8  1209.3
  1189  48.677  -0.001  48.677   426444.8 213941.7 54390.2 29027.3   1047.4   419.3  1027.6
  1190 -220.377   0.001 -220.377   467047.8 196819.1 41968.1 15446.4   1363.7   333.1  1079.0
  1191  42.516  -0.000  42.516   445891.8 202433.2 56422.8 27310.5    640.3  1451.9   841.5
  1192 -20.021   0.001 -20.019   373966.2 194551.0 40681.6 16638.6    867.1   907.8   895.7
  1193  10.509   0.001  10.510   363775.1 188565.8 40673.0 18579.2   1113.9   296.3  1085.8
  1194 -711.595   0.038 -711.556   319283.3 199935.6 33718.9  6934.0    756.8   387.0   738.5
  1195 -147.761  -0.033 -147.794   285641.5 199322.0 17671.9 20643.0    667.3   457.6   858.7
  1196 -99.667  -0.001 -99.668   365911.0 236080.5 28878.7 22832.6    720.6  1162.9   883.7
  1197 391.527  -0.003 391.524   466361.8 211733.2 26649.1 32582.2   1036.6   383.6  1446.1
  1198  -2.432  -0.001  -2.433   407793.7 211702.0 35029.5 17412.2    966.7   369.2  1140.8
  1199 -100.337   0.000 -100.337   355714.4 181425.8 31641.8 19105.9    962.9   347.9   973.7
  1200 124.280  -0.001 124.279   427746.1 240741.9 42478.8 30752.5   1741.0   268.9  1673.3

         Carbon flux (ktC/yr)        Water (dam3/yr)                Nitrogen (MgN/yr)
       ----------------------- -------------------------- --------------------------------
Spinup NEP     estab   NBP     transp     evap    interc  nuptake ndemand  nlosses ninflux
------ ------- ------- ------- ---------- ------- ------- ------- -------- ------- -------
  1201 -375.642   0.015 -375.627   298539.5 182846.6 34157.5  5982.8    858.8   456.8   830.0
  1202 163.803  -0.014 163.790   402359.6 288201.8 35669.0 24679.3   1079.4   427.7  1402.6
  1203 162.580  -0.002 162.578   434416.8 278139.7 43639.9 21327.9   1065.0   397.5  1295.4
  1204 -123.316   0.000 -123.315   411101.8 217490.2 40795.0 18361.3    856.6   445.9   954.4
  1205 -32.858  -0.000 -32.858   372532.8 181349.5 34841.8 25068.1   1018.0   362.6   963.0
  1206 249.122  -0.001 249.121   390436.5 213095.1 36348.7 30352.9   1906.6   256.6  1965.9
  1207 -595.915   0.028 -595.887   336527.4 177944.2 38708.3  3069.9   1265.9   359.7  1173.1
  1208 -414.112  -0.025 -414.136   260118.4 205269.5 25881.4  8912.3    437.1   826.9   853.5
  1209 -494.712   0.004 -494.707   371798.2 257201.5 61858.0 36092.4   2103.4  6080.9  2476.8
  1210 762.246  -0.004 762.242   504832.7 218416.6 20744.0 46026.3   5244.2   435.4  2607.7
  1211 554.529  -0.003 554.526   498457.6 225259.5 33675.1  8481.7   1676.4   331.6  1780.0
  1212 162.782  -0.000 162.781   400961.4 199108.7 39787.1 14959.0    933.2   595.7  1001.5
  1213 -565.857   0.026 -565.830   324720.3 173817.5 37341.8  9679.7    747.3   374.1   909.4
  1214 -132.161  -0.023 -132.183   332329.9 222066.9 34792.4 23709.5    659.5   614.3   858.4
  1215 302.177  -0.002 302.175   418019.4 224003.1 37636.9 31793.2   1023.0   373.3  1238.2
  1216  98.123  -0.001  98.122   459378.6 216984.8 46602.8 18588.5   1375.5   326.7  1449.8
  1217 -46.901  -0.000 -46.902   459631.0 181579.3 36849.6 21448.5   1117.1   333.0  1294.1
  1218 -429.944   0.020 -429.924   319940.6 232123.2 46415.7  9483.2    578.8   922.6   820.4
  1219 826.424  -0.020 826.403   531420.9 225699.6 39916.3 44770.8    942.9   595.5  1093.9
  1220 -232.180   0.001 -232.179   403957.7 238155.8 54698.5  7575.6    896.3   921.7   901.9
  1221  80.027  -0.001  80.026   498593.3 220114.2 45853.5 35738.9   1322.2   319.6  1305.2
  1222 254.382  -0.001 254.382   418248.8 212993.4 43626.4 23302.5   1975.7   251.4  1831.3
  1223 -649.875   0.097 -649.778   273504.3 209304.8 34869.7 -3277.2   1005.7   340.3   798.3
  1224 -597.108  -0.028 -597.137   180396.1 210508.1 10319.6  7898.3    689.9   691.0   728.7
  1225 426.140  -0.062 426.078   335936.3 215591.1 15103.4 37111.8    485.6  2297.0   841.0

         Carbon flux (ktC/yr)        Water (dam3/yr)                Nitrogen (MgN/yr)
       ----------------------- -------------------------- --------------------------------
Spinup NEP     estab   NBP     transp     evap    interc  nuptake ndemand  nlosses ninflux
------ ------- ------- ------- ---------- ------- ------- ------- -------- ------- -------
  1226 312.798  -0.002 312.796   413871.3 272290.9 31229.8 16718.2   1026.7   481.2  1244.0
  1227  96.873  -0.001  96.872   403668.8 237945.2 36358.8 22202.5    585.0  1028.0   984.4
  1228 132.210  -0.001 132.209   399364.0 210763.8 44576.0 26947.6    578.9   627.4   821.3
  1229 242.006  -0.002 242.004   502321.1 249214.3 70047.7 32288.2   1418.0   401.7  1535.1
  1230 497.001  -0.001 497.000   618165.2 239947.3 89100.0 29638.8   1619.0   332.3  1694.0
  1231 612.781  -0.000 612.781   630497.7 227890.0 84731.7 23022.4   1698.1   255.2  1676.6
  1232 -50.942   0.001 -50.940   509604.7 204127.9 82061.9 18089.3   1493.4   303.6  1297.0
  1233 114.462  -0.001 114.461   501489.2 198868.3 80664.2 28994.4   2424.9   250.7  1966.6
  1234 -366.295   0.012 -366.283   410551.0 206603.4 73949.6 13291.9   1857.5   283.4  1320.7
  1235 -455.397   0.006 -455.391   359632.4 185007.2 41881.8 11705.4   1533.3   306.4  1275.8
  1236 -566.036  -0.009 -566.045   303863.8 251726.2 63468.1 14568.3    573.9  2669.4   732.8
  1237 740.412  -0.007 740.405   615622.2 233152.3 43835.0 49377.0   2610.1   315.7  2901.0
  1238 -151.763   0.001 -151.762   455400.2 203669.1 42875.7  5403.8   1736.8   276.1  1297.6
  1239 -602.326   0.032 -602.295   303124.3 207450.3 44643.2  7552.2    554.3   519.2   749.3
  1240 -76.467  -0.028 -76.495   349790.2 248158.7 26738.0 25478.5    570.2   476.4   864.9
  1241  -2.763  -0.001  -2.763   386333.6 238924.0 35157.3 20972.0   1181.3  1013.6  1505.8
  1242 105.064  -0.001 105.063   414404.6 240130.2 37883.2 25562.5   1046.0   853.8  1393.9
  1243  30.144  -0.001  30.143   448828.6 181002.3 32509.6 22687.8   1023.9   449.4  1136.8
  1244 -572.302   0.029 -572.273   295601.2 203289.2 40315.9  6288.5    676.4   631.2   787.0
  1245 437.461  -0.027 437.433   379983.7 252441.8 30922.0 31317.2    430.4  1256.4   748.7
  1246 682.117  -0.003 682.114   507516.6 241840.0 42557.0 29143.2   1066.0   368.8  1250.5
  1247 504.858  -0.002 504.856   526973.1 229086.0 52425.9 28351.2   1235.6   281.5  1487.0
  1248 186.818  -0.000 186.818   421663.8 217289.1 47640.7 19009.3   1552.2   248.6  1560.3
  1249 -706.934   0.053 -706.881   330427.8 179044.9 47176.5  6311.0   1097.0   331.0  1098.1
  1250 -500.336  -0.032 -500.368   237407.8 217835.3 26479.5  9887.3    389.9   899.2   791.2

         Carbon flux (ktC/yr)        Water (dam3/yr)                Nitrogen (MgN/yr)
       ----------------------- -------------------------- --------------------------------
Spinup NEP     estab   NBP     transp     evap    interc  nuptake ndemand  nlosses ninflux
------ ------- ------- ------- ---------- ------- ------- ------- -------- ------- -------
  1251 -561.488  -0.005 -561.493   353867.7 219950.3 31798.9 26497.0   2173.5   732.9  2264.7
  1252  28.467  -0.007  28.460   385208.8 208986.1 23962.8 31022.2   1058.5  3180.7  1025.7
  1253 632.965  -0.004 632.962   511126.0 228365.9 27637.6 21446.9    735.3  1224.3   895.9
  1254 506.319  -0.002 506.317   422744.5 217482.5 23124.1 21522.3   1147.5   324.0  1270.3
  1255 191.823  -0.000 191.822   378057.3 196425.1 36674.2 19886.4    998.7   276.1  1126.8
  1256 -420.248   0.002 -420.246   344101.9 233821.8 44155.8 14624.7   1046.2   595.0  1283.0
  1257 174.927  -0.002 174.925   396945.1 186204.1 28332.9 31992.9   1274.7   355.2  1242.8
  1258 227.878  -0.001 227.877   418804.6 196658.3 38629.3 19854.8   2466.8   232.0  2315.9
  1259 -157.533  -0.000 -157.534   431378.3 227741.8 48107.8 20772.1   1837.1   264.7  1560.8
  1260  40.432  -0.000  40.431   420302.9 211047.5 46730.0 25377.4   1948.3   244.7  1826.4
  1261 -262.941   0.008 -262.933   361099.7 227781.4 61189.5 11719.6   1760.3   256.1  1336.4
  1262 117.497  -0.007 117.490   452414.3 202651.3 39279.6 29669.8   1895.5   254.7  1909.4
  1263 -472.787   0.012 -472.775   332352.9 193398.8 26301.0  5762.6   1059.0   309.6   907.7
  1264 -520.865   0.007 -520.859   269762.1 192754.7 18545.9  8184.0    480.4   473.6   683.6
  1265  91.357  -0.014  91.343   339124.8 226333.3 25729.4 27483.3    551.2   830.6   881.1
  1266 293.406  -0.003 293.404   441924.5 213700.7 28663.0 28150.2    829.3   408.0  1152.0
  1267   4.666  -0.002   4.664   422953.5 246807.6 60866.2 23631.8   1221.4   448.4  1273.8
  1268 644.842  -0.003 644.840   615572.1 258777.5 48148.4 34596.4   1612.1   255.7  2130.5
  1269 -209.479   0.001 -209.478   445251.9 206417.4 67196.4 10389.9   1174.3   357.3  1163.2
  1270 -410.610   0.050 -410.561   314223.6 207852.5 35986.7 10562.8   1080.4   324.9   942.0
  1271 -62.602  -0.042 -62.644   300382.7 253100.8 35237.0 20805.9    506.1  1265.1   725.8
  1272 771.795  -0.006 771.790   501346.3 214274.9 29270.9 37362.5   1780.7   412.4  2008.2
  1273 -321.773   0.015 -321.758   311505.6 206672.2 29886.9  3162.5   1105.5   306.9   980.1
  1274   1.171  -0.012   1.159   334413.8 238452.3 36348.7 16318.5    471.9   728.2   712.1
  1275 253.290  -0.003 253.287   426568.6 218321.8 36953.8 34590.7   1057.7   341.8  1309.1

         Carbon flux (ktC/yr)        Water (dam3/yr)                Nitrogen (MgN/yr)
       ----------------------- -------------------------- --------------------------------
Spinup NEP     estab   NBP     transp     evap    interc  nuptake ndemand  nlosses ninflux
------ ------- ------- ------- ---------- ------- ------- ------- -------- ------- -------
  1276 112.351  -0.001 112.350   467908.1 243116.8 42067.4 19967.2   1397.5   405.7  1754.5
  1277 509.043  -0.002 509.042   462712.2 220091.3 37677.5 29982.2   1445.2   322.0  1615.8
  1278 -145.835   0.009 -145.826   368476.3 198537.6 45450.5  9755.0    971.0   508.6   947.8
  1279 -209.447  -0.005 -209.453   320951.5 202138.7 36888.5 14732.6    661.2   818.2   983.8
  1280 -395.606   0.008 -395.598   400987.6 229444.3 47306.6 25566.1   2165.4   413.6  2072.4
  1281 -142.772  -0.006 -142.778   397502.9 182372.7 27672.0 25187.2   2698.8   320.6  1804.0
  1282 -455.331   0.001 -455.331   328196.6 236286.0 56608.3  7346.1    754.2  2418.0   852.0
  1283 659.775  -0.004 659.771   538492.3 241599.9 35196.7 46558.0   2280.3   305.5  2547.1
  1284 -59.898   0.000 -59.898   433309.8 191105.7 31363.7  8371.0   1243.7   301.4  1133.0
  1285 -164.213   0.000 -164.213   412724.8 213625.7 54326.9 23585.4   1080.5   330.1  1076.7
  1286 -201.412  -0.001 -201.413   400873.6 238366.3 77316.4 27416.9   1855.3   315.2  1498.3
  1287 412.525  -0.002 412.523   551480.2 201235.9 48221.8 31302.2   2233.2   229.0  2235.8
  1288 -484.779   0.031 -484.748   356692.9 194617.1 33052.1  2031.7    761.7   344.0   781.5
  1289 -28.810  -0.027 -28.837   402025.3 228507.6 42158.2 19706.4    485.6  1301.0   779.4
  1290 729.293  -0.003 729.290   576289.6 210695.2 52581.6 40398.7   1300.4   395.5  1444.1
  1291 -170.747   0.001 -170.745   381765.0 222399.3 70286.4  8519.1    713.9  1145.5   759.5
  1292 471.229  -0.001 471.228   510083.3 203613.3 47431.1 37009.6   2044.4   325.9  2020.8
  1293  54.012  -0.000  54.012   476041.2 203668.9 72082.5 18558.7   1901.9   309.6  1646.3
  1294 -501.344   0.002 -501.342   379362.5 235658.4 96365.6 16717.3   1510.4   338.1  1128.8
  1295 141.562  -0.002 141.560   566962.0 221883.0 53259.2 35603.6   2938.6   232.2  2642.6
  1296 -376.893   0.006 -376.887   380859.1 212960.7 70718.0  7253.1   1522.7   284.1  1224.9
  1297 -56.393  -0.004 -56.398   407266.2 218470.4 58238.5 22020.6   1222.0   312.8  1167.7
  1298 236.626  -0.001 236.625   478274.9 215544.1 52197.9 31154.6   1968.7   260.2  1869.0
  1299 -309.320   0.001 -309.318   407630.3 212194.3 64576.1 12339.0   1379.6   323.5  1147.7
  1300 170.773   0.000 170.773   409017.3 193566.1 46886.3 25771.7   1992.5   248.8  1713.2

         Carbon flux (ktC/yr)        Water (dam3/yr)                Nitrogen (MgN/yr)
       ----------------------- -------------------------- --------------------------------
Spinup NEP     estab   NBP     transp     evap    interc  nuptake ndemand  nlosses ninflux
------ ------- ------- ------- ---------- ------- ------- ------- -------- ------- -------
  1301 -274.455   0.001 -274.454   373792.8 269736.6 57742.3 15619.9   1895.3   247.3  1613.6
  1302 -25.233  -0.001 -25.234   426316.9 242758.6 52204.3 29231.0   2462.8   239.2  2077.4
  1303 -772.851   0.067 -772.784   257570.7 191187.9 26336.1 -2250.0    765.4   385.3   689.2
  1304  -1.181  -0.061  -1.243   283287.1 251033.8 21011.9 27386.9    681.5   844.5   972.3
  1305 506.717  -0.003 506.714   455351.0 234627.8 30533.5 29668.2    816.0   650.3  1178.3
  1306 397.229  -0.002 397.227   490914.4 243303.8 40338.4 27032.1    731.7   770.5   995.6
  1307 -264.663   0.001 -264.662   358865.8 213060.3 56676.7 14215.7    651.2   701.8   816.2
  1308 -197.132   0.001 -197.131   380788.3 198098.5 27581.0 27175.5    736.2   357.8   928.4
  1309 273.822  -0.001 273.821   403067.8 192718.2 39546.6 29456.8   1694.7   250.8  1478.0
  1310 -475.865   0.002 -475.863   344229.0 237977.4 52118.2 12123.3    847.6   868.8   831.0
  1311 579.950  -0.002 579.948   496685.9 209251.8 37023.6 37331.6   1908.4   333.9  2043.7
  1312 -280.997   0.001 -280.996   349946.5 229894.2 62021.2 10089.5    811.8  1322.5   814.6
  1313 289.495  -0.001 289.494   451673.5 189380.4 36556.8 33302.8   1588.9   280.9  1487.9
  1314  24.504  -0.000  24.503   439347.1 217140.5 65767.2 19577.6   1839.0   239.8  1549.4
  1315 208.655  -0.001 208.654   537463.7 209868.1 69312.5 29765.6   2889.2   227.9  2818.8
  1316 -412.908   0.001 -412.908   396422.3 235629.9 101740.6 15022.4   1736.2   329.2  1288.5
  1317 190.143  -0.001 190.142   537997.0 212712.6 67496.7 36621.2   3019.6   243.2  2616.1
  1318 -297.155   0.003 -297.152   435588.3 232843.2 74723.0 13038.7   1363.7   344.5  1111.5
  1319 428.769  -0.003 428.766   581846.2 213420.5 71505.0 38604.6   3091.3   236.6  2741.4
  1320 -398.418   0.001 -398.416   404500.1 235609.4 111193.7 10390.7   1889.9   487.0  1285.0
  1321 175.304  -0.001 175.303   572128.0 220335.6 61351.9 35947.4   2534.0   240.8  2192.7
  1322 -192.849   0.002 -192.847   417139.6 196983.0 61767.2 11344.8   1363.9   270.2  1126.8
  1323 -355.168   0.001 -355.167   361535.9 222274.6 59209.5 15411.0    905.2   448.1   900.7
  1324 -149.772   0.000 -149.772   380970.3 210871.4 58892.8 25158.3    979.4   372.4   993.5
  1325 302.506  -0.001 302.504   491115.6 227840.6 62324.3 37346.4   2338.8   229.6  2160.7

         Carbon flux (ktC/yr)        Water (dam3/yr)                Nitrogen (MgN/yr)
       ----------------------- -------------------------- --------------------------------
Spinup NEP     estab   NBP     transp     evap    interc  nuptake ndemand  nlosses ninflux
------ ------- ------- ------- ---------- ------- ------- ------- -------- ------- -------
  1326 -96.573   0.001 -96.572   425626.0 199989.4 46118.6 11387.5   1819.4   256.3  1538.0
  1327 -602.472   0.019 -602.454   330440.1 179690.0 44793.9 11455.8    790.3   350.5   869.8
  1328 -469.077  -0.009 -469.087   228986.9 210472.9 26484.0  8052.8    472.8  2249.5   797.3
  1329 -399.024   0.001 -399.023   368811.6 256379.5 38667.9 24523.3   1296.8  6183.5  1928.8
  1330 920.901  -0.003 920.897   526401.5 230992.6 19087.8 48139.2   2967.6   752.9  1866.0
  1331 -105.783  -0.001 -105.784   350580.8 216314.9 26289.6  1783.6    841.3   454.8  1188.3
  1332 281.864  -0.003 281.861   412252.8 241946.5 33023.5 33861.2    846.7   331.3  1203.7
  1333 -95.072  -0.001 -95.073   390629.1 222573.1 43939.8 20026.7   1358.4   315.2  1500.8
  1334 -229.138   0.001 -229.137   377176.7 209889.6 33536.6 21567.8    993.9   303.2  1024.5
  1335 -550.697   0.004 -550.693   303603.6 182015.9 31613.3 12551.6    463.2   442.1   708.8
  1336  30.790  -0.003  30.787   352232.9 272158.2 33608.3 26658.9    724.8   407.0   882.4
  1337  13.682  -0.001  13.681   397918.9 225505.3 32035.8 23833.4   1037.6   500.2  1148.5
  1338  84.301  -0.001  84.300   391809.5 239230.5 46693.5 27324.9    768.6   851.2   959.3
  1339 416.449  -0.002 416.447   458484.4 200591.3 38766.1 28635.5   1195.3   265.1  1250.0
  1340 -24.990  -0.000 -24.991   411978.7 218636.1 59309.4 20391.3   1101.2   307.0  1123.4
  1341 -55.970  -0.000 -55.971   450141.2 238880.2 55428.3 23315.1   1442.1   370.4  1604.3
  1342 -173.323   0.000 -173.323   447394.1 176413.2 43924.9 21963.2   1312.8   357.0  1244.6
  1343 -443.431   0.028 -443.402   287964.1 192778.8 36436.8  8083.2    622.2   479.9   743.7
  1344 -246.660  -0.023 -246.683   299598.1 211912.5 27630.2 18935.2    672.5   832.4   820.7
  1345 -300.384   0.001 -300.383   314433.1 195925.2 18197.1 18074.6    402.3   546.2   728.9
  1346 -96.932  -0.001 -96.932   347640.3 200229.6 26384.1 24650.8    668.8   601.8   854.5
  1347 274.158  -0.002 274.156   438304.9 239562.8 31486.0 34546.8    965.8  1045.2  1205.1
  1348 286.816  -0.002 286.814   442593.4 254616.1 40516.7 23642.4   1232.4   332.3  1300.8
  1349 -450.402   0.007 -450.396   324147.0 205461.8 43024.6  9189.5    938.9   393.2   943.1
  1350  25.354  -0.005  25.349   369406.7 225455.0 37963.9 24425.1    919.0   615.7  1208.2

         Carbon flux (ktC/yr)        Water (dam3/yr)                Nitrogen (MgN/yr)
       ----------------------- -------------------------- --------------------------------
Spinup NEP     estab   NBP     transp     evap    interc  nuptake ndemand  nlosses ninflux
------ ------- ------- ------- ---------- ------- ------- ------- -------- ------- -------
  1351  75.946  -0.001  75.945   418462.7 239161.4 43109.7 24475.3    785.8   858.8  1185.0
  1352 596.624  -0.002 596.623   468085.0 203355.8 40873.8 32883.0   1119.1   531.9  1151.7
  1353 -435.938   0.023 -435.915   292815.8 189859.5 39629.0  4884.5    628.2   494.0   737.1
  1354 -227.972  -0.018 -227.990   344260.6 222825.1 26980.4 16605.4    429.6   468.4   661.3
  1355 -436.018   0.002 -436.016   318179.9 221163.4 29985.4 14365.5    544.4   727.3   753.9
  1356 259.187  -0.004 259.184   434382.7 253208.0 43699.7 41477.6    757.3   852.3   968.2
  1357 855.676  -0.004 855.672   607885.7 269856.0 40141.2 33557.5   1309.1   296.1  1714.8
  1358 -543.110   0.035 -543.075   312487.1 192303.8 30143.9  1059.1    485.2   441.9   652.6
  1359 -64.506  -0.031 -64.536   336360.6 253699.9 33130.6 16669.1    347.9  1694.2   782.0
  1360 615.847  -0.003 615.844   488058.4 224324.1 44005.9 40813.8    540.2   557.0   890.6
  1361 -71.319  -0.000 -71.319   398430.9 217559.8 56747.3 15392.1    855.6   447.5   961.5
  1362 648.824  -0.002 648.822   589443.7 213228.8 61493.3 43816.1   1640.0   266.5  1733.2
  1363 243.997  -0.000 243.997   514925.1 199671.6 77762.3 16615.4   1282.5   317.3  1191.1
  1364 -314.339   0.015 -314.324   360578.5 218188.4 82333.7 13585.1    521.3  1598.5   660.6
  1365 441.604  -0.014 441.590   506242.0 235171.1 61906.8 36423.2   1287.4   312.1  1168.2
  1366 -346.544   0.003 -346.541   445524.0 180017.3 50082.7  7398.8   1340.6   319.4  1282.0
  1367 -473.632   0.038 -473.594   282052.9 193643.5 36188.9  5524.9    531.2   502.0   715.6
  1368 104.418  -0.036 104.382   348863.4 301337.5 31905.2 23738.4    527.5   625.9   802.5
  1369 307.973  -0.002 307.972   427555.8 215879.2 35202.6 26819.5    605.4   622.7   949.7
  1370 -507.334   0.002 -507.332   345207.5 218871.8 41594.5 11430.6    580.4   481.5   729.8
  1371 -49.052   0.001 -49.052   332556.9 205097.4 24540.0 18430.9   1001.2   329.7  1184.8
  1372 -126.472  -0.000 -126.472   338988.1 227855.2 35669.6 26191.8    796.1   414.3  1019.7
  1373 -93.584  -0.000 -93.585   373932.6 195620.0 27983.2 20658.0   1747.4   277.4  1929.7
  1374  20.328  -0.001  20.327   378824.3 219843.8 45167.0 24809.7    970.6   338.2   991.6
  1375  -9.667  -0.001  -9.667   420726.6 217338.9 46904.0 23763.4   1040.6   396.0  1098.4

         Carbon flux (ktC/yr)        Water (dam3/yr)                Nitrogen (MgN/yr)
       ----------------------- -------------------------- --------------------------------
Spinup NEP     estab   NBP     transp     evap    interc  nuptake ndemand  nlosses ninflux
------ ------- ------- ------- ---------- ------- ------- ------- -------- ------- -------
  1376 -53.190  -0.000 -53.191   382272.5 219940.0 45778.0 22634.3    909.7   478.9  1030.4
  1377 277.973  -0.001 277.971   450878.8 215940.1 45021.5 31293.3   1237.3   403.2  1306.5
  1378 -248.757   0.002 -248.755   345028.5 195576.9 46430.1 10456.7    790.4   407.2   807.3
  1379 -141.973  -0.000 -141.974   403735.1 219692.5 48794.1 20701.6    762.9   694.9   949.5
  1380 -93.604  -0.000 -93.604   375511.3 219241.6 46264.2 26126.5    838.3   473.3   950.9
  1381  10.857  -0.001  10.856   451995.4 235329.2 55031.0 28574.5   1028.8   342.1  1097.2
  1382 462.141  -0.002 462.139   525643.5 225475.3 62361.7 32428.8   1763.5   255.8  1779.1
  1383 -276.581   0.001 -276.580   461484.4 212509.9 61062.7 12148.4    981.5   336.8  1012.6
  1384  23.882  -0.000  23.882   437193.8 237714.8 61694.0 31239.3   1293.9   280.9  1084.8
  1385 -607.060   0.039 -607.021   340104.2 220612.7 47997.7  3482.7    913.6   449.6   851.0
  1386 -77.148  -0.035 -77.183   360627.2 259030.3 29830.5 25803.7    616.4   486.7   971.5
  1387 -95.963  -0.000 -95.963   354654.9 214208.1 43059.5 18355.4    813.2   926.1   977.2
  1388 465.333  -0.002 465.330   525362.6 227925.1 43361.8 37423.8    956.6   388.1  1212.2
  1389 113.657  -0.001 113.656   485445.7 238773.8 58756.3 21210.9    855.1   465.1   994.6
  1390  44.198  -0.001  44.197   508566.0 217238.1 54708.0 25102.8    852.7   328.6  1028.1
  1391 -307.761   0.002 -307.759   419596.6 212284.3 53739.1 13973.8   1003.2   366.0   926.8
  1392 112.712  -0.001 112.711   472011.5 216732.4 55571.2 25985.6    823.6   341.7   987.0
  1393 -32.566  -0.000 -32.567   462310.0 236655.3 63220.0 25485.1   1076.8   301.1  1104.2
  1394 -84.111   0.000 -84.111   489578.3 181833.1 45515.3 21152.0   1283.7   311.5  1528.3
  1395 -450.046   0.011 -450.035   298969.3 226558.1 66986.6  9414.7    485.5  4328.3   715.4
  1396 177.517  -0.006 177.512   418362.8 208571.4 41382.5 32020.8   1685.3  2116.5  2102.3
  1397 -113.712   0.019 -113.693   328124.5 213675.7 39890.4 20050.2   1546.2  1476.8  1239.2
  1398 1000.309  -0.022 1000.287   484539.9 214022.5 24076.7 25049.9    677.2   642.7  1010.0
  1399 -229.000   0.000 -228.999   367159.3 239549.8 48649.5 11827.4    617.1  1128.3   773.6
  1400 699.033  -0.003 699.030   531048.6 231343.4 49438.9 47406.2    992.4   329.1  1219.9

         Carbon flux (ktC/yr)        Water (dam3/yr)                Nitrogen (MgN/yr)
       ----------------------- -------------------------- --------------------------------
Spinup NEP     estab   NBP     transp     evap    interc  nuptake ndemand  nlosses ninflux
------ ------- ------- ------- ---------- ------- ------- ------- -------- ------- -------
  1401  16.188  -0.000  16.187   459823.4 207668.2 53266.2 13506.3   1046.4   325.5  1102.5
  1402 195.324   0.000 195.324   423465.1 194065.2 52348.9 24296.4   1395.7   240.2  1308.7
  1403 -348.584   0.005 -348.579   396738.3 220818.7 54978.3 15055.4    878.0   395.3   929.5
  1404 225.858  -0.004 225.854   445484.3 218110.9 44567.2 32977.8   1463.0   319.2  1480.7
  1405 -95.575   0.000 -95.574   373822.7 224818.7 55681.2 16242.5    890.6   373.3   887.2
  1406 -204.664   0.001 -204.663   366467.0 195590.6 45484.9 20734.6   1128.3   284.5  1140.1
  1407 -267.452   0.001 -267.451   362784.6 194433.3 34728.8 19438.2   2196.5   238.0  1778.1
  1408 -247.520   0.000 -247.520   384815.0 212435.4 49524.1 23991.7   1603.7   294.7  1378.5
  1409 -190.987   0.000 -190.987   370768.6 202479.2 41195.3 21746.1   1241.1   293.8  1172.2
  1410 -156.180  -0.000 -156.180   376384.8 203391.4 40982.7 22994.6   1318.9   276.0  1232.6
  1411 -153.230   0.000 -153.230   387353.7 234534.9 46330.3 20470.0   1529.6   433.9  1595.0
  1412 240.430  -0.002 240.429   463676.3 236305.8 45623.4 34680.8   1279.6   634.6  1231.4
  1413 360.798  -0.001 360.797   411821.6 218455.7 41737.9 23916.7   1426.5   262.7  1419.7
  1414 -623.074   0.028 -623.046   326163.1 183278.8 44567.3  4119.3    719.6   368.5   798.8
  1415 -454.648  -0.023 -454.671   257494.6 208409.0 26324.9  9013.0    363.5   835.3   774.8
  1416 -171.880   0.002 -171.878   440325.7 220093.6 48510.0 41184.7   1943.3  6855.9  2659.6
  1417 154.280  -0.002 154.278   391258.3 197815.6 24853.7 36217.1   1761.9   461.2  1399.5
  1418 145.692  -0.002 145.690   392989.5 201027.2 23838.3  4115.2    999.5   368.6  1136.2
  1419 -160.521   0.000 -160.521   331987.0 201171.0 31496.0 15684.0    680.7   564.8   842.1
  1420  -2.881  -0.001  -2.882   371493.3 210278.0 31805.8 30274.3    517.1   433.6   855.6
  1421 300.697  -0.001 300.696   404298.1 199060.5 32738.6 26062.2    950.4   673.0   998.5
  1422 -382.752   0.001 -382.751   335330.8 238095.9 47267.9 13063.2    638.0   730.6   738.1
  1423 732.035  -0.003 732.033   501639.9 211920.7 34364.0 43221.3   1562.9   294.1  1896.6
  1424 -242.740   0.002 -242.739   345100.2 199162.1 36562.3  5561.9    898.1   364.5   940.3
  1425 -69.238  -0.000 -69.238   405211.9 215410.4 45153.7 20049.6    466.1   978.7   755.8

         Carbon flux (ktC/yr)        Water (dam3/yr)                Nitrogen (MgN/yr)
       ----------------------- -------------------------- --------------------------------
Spinup NEP     estab   NBP     transp     evap    interc  nuptake ndemand  nlosses ninflux
------ ------- ------- ------- ---------- ------- ------- ------- -------- ------- -------
  1426  35.129  -0.001  35.128   445888.6 186161.0 34152.7 29699.7    852.0   509.9  1024.1
  1427 -648.683   0.034 -648.649   303664.4 174239.9 37300.0  4090.2    422.7   545.3   686.3
  1428 -187.205  -0.029 -187.234   286765.0 247356.8 26515.5 17962.5    429.6  2744.0   785.2
  1429 574.842  -0.003 574.839   502649.1 225262.9 31291.1 39558.9    514.9  1596.5   883.0
  1430 305.280  -0.002 305.278   463656.9 233075.2 34374.0 22235.2   1022.1   418.2  1207.1
  1431 471.019  -0.001 471.017   449431.7 203521.6 41729.7 26524.4   1020.8   396.6  1150.0
  1432 -232.719   0.002 -232.717   347403.6 235662.6 62268.2 12670.5    741.4   312.8   806.6
  1433 293.567  -0.001 293.565   430877.3 198970.6 37880.8 27949.4   1090.3   269.8  1165.5
  1434  75.132   0.000  75.132   398474.3 211925.8 33728.0 19723.9   1556.8   235.1  1485.0
  1435 -409.607   0.002 -409.606   317703.4 220292.6 47616.8 16973.3    851.4   463.6   868.5
  1436 479.088  -0.003 479.085   533866.0 213634.4 49744.0 42668.3   2614.8   250.0  2563.3
  1437 -395.173   0.005 -395.168   340620.4 210159.7 61090.2  4294.5   1131.9   499.2   993.6
  1438 415.107  -0.005 415.102   481605.8 233215.8 49011.3 32420.1   1246.7   300.3  1429.9
  1439 -208.602   0.001 -208.601   386438.0 198271.8 41763.6 10608.6   1590.6   239.6  1499.9
  1440 -449.695   0.006 -449.689   344200.7 218320.9 42672.4 14482.8    761.3   409.9   827.9
  1441 219.981  -0.005 219.976   415793.6 231469.9 41722.7 35776.3   1237.1   314.5  1393.9
  1442 -181.379   0.001 -181.378   377147.7 197893.8 35839.7 11502.9   1828.5   248.6  1730.5
  1443 -255.703   0.001 -255.703   320188.0 227644.2 53379.8 22246.6    789.8   634.7   875.2
  1444 169.642  -0.002 169.640   459879.1 223669.6 47550.1 35928.2   2128.2   229.9  2072.0
  1445 -205.071   0.000 -205.070   415004.2 220753.6 48612.4 14492.2   1067.3   306.7   994.1
  1446 378.382  -0.002 378.380   496770.1 208506.9 59666.3 36629.7   2154.5   231.7  2178.0
  1447  14.295   0.000  14.295   421135.1 241600.4 62504.8 15610.3   1510.4   241.2  1238.9
  1448 -603.162   0.033 -603.129   283406.7 212044.1 63070.6  8040.6    617.3   886.3   711.6
  1449 307.232  -0.030 307.203   381714.8 224077.5 27974.5 32431.6    889.4   365.9  1042.5
  1450 627.073  -0.003 627.070   557043.4 220553.6 50404.4 31284.9   1891.1   245.4  2178.9

         Carbon flux (ktC/yr)        Water (dam3/yr)                Nitrogen (MgN/yr)
       ----------------------- -------------------------- --------------------------------
Spinup NEP     estab   NBP     transp     evap    interc  nuptake ndemand  nlosses ninflux
------ ------- ------- ------- ---------- ------- ------- ------- -------- ------- -------
  1451 138.598  -0.001 138.598   442999.2 245741.3 58645.8 17227.7   1115.7   264.0  1077.4
  1452 -118.798   0.004 -118.795   351522.4 200566.3 48305.1 16150.7    868.5   555.5   893.9
  1453 -620.123   0.075 -620.048   252513.4 208148.6 31518.4  2275.7    726.2   318.1   763.3
  1454 -394.934  -0.060 -394.994   212918.0 208093.8 12816.6 16401.7    643.4   798.6   827.1
  1455 139.507  -0.012 139.495   382298.8 226390.9 23266.9 29632.1    908.8  2105.9  1149.9
  1456 416.780  -0.003 416.777   435702.2 261553.7 26473.7 29596.8   1114.6   310.4  1410.2
  1457  80.702  -0.001  80.702   366566.4 235878.6 42394.7 18086.3    900.2   300.8  1031.4
  1458 465.249  -0.003 465.246   481031.3 222497.8 36427.5 37421.9   1242.9   272.9  1557.0
  1459 246.868  -0.000 246.867   410543.5 195508.4 44348.4 17362.1   1336.8   241.0  1276.5
  1460 -183.297  -0.000 -183.297   424051.8 229492.2 52850.8 23273.4   1339.2   277.5  1179.1
  1461 -405.490   0.003 -405.487   390534.3 175947.2 41311.8 15601.9   1383.9   278.3  1370.2
  1462 -434.726   0.004 -434.723   243827.9 200062.1 33532.8  8406.5    443.3  1543.4   757.2
  1463 -64.329   0.001 -64.327   368128.3 202478.5 35070.8 21101.7   1053.2  2124.6  1393.9
  1464 234.788  -0.004 234.784   442464.0 204608.0 32466.3 32981.2   1175.7   625.9  1257.2
  1465 222.520  -0.002 222.518   418781.6 227944.5 44091.2 20910.7    895.8   378.6  1051.7
  1466 154.321  -0.001 154.320   433168.7 248524.4 48234.3 24143.8   1362.3   264.5  1339.6
  1467 -320.755   0.011 -320.744   325172.9 193383.3 37149.1 10299.8   1215.2   282.4  1121.5
  1468  80.360  -0.009  80.350   359503.2 214742.8 35637.1 26985.7    791.1   307.2   995.0
  1469 -213.215   0.002 -213.213   303601.8 195894.6 35074.4 12804.2    723.6   418.6   771.5
  1470 -62.630  -0.001 -62.631   416745.8 207543.5 28317.7 25080.6    980.9   350.6   993.2
  1471 -745.849   0.042 -745.808   295628.7 203685.5 31054.4  4650.9    409.2   534.7   632.9
  1472 113.688  -0.038 113.650   313572.7 223918.0 19207.3 28686.4    414.0   538.0   794.1
  1473   9.354  -0.001   9.353   365078.7 199930.3 24913.6 18749.6    645.3   609.3   888.2
  1474 361.499  -0.003 361.497   423303.2 228164.9 35294.7 35309.4    535.1   550.6   888.1
  1475  79.070  -0.002  79.068   448870.2 244221.7 45028.1 23636.9    803.4   468.6  1023.3

         Carbon flux (ktC/yr)        Water (dam3/yr)                Nitrogen (MgN/yr)
       ----------------------- -------------------------- --------------------------------
Spinup NEP     estab   NBP     transp     evap    interc  nuptake ndemand  nlosses ninflux
------ ------- ------- ------- ---------- ------- ------- ------- -------- ------- -------
  1476 322.691  -0.001 322.690   439404.3 214578.4 31033.8 24171.4   1213.3   265.3  1368.9
  1477 -152.668   0.000 -152.668   383458.0 269805.6 54702.4 16689.5    888.8   297.7   986.3
  1478 -73.864   0.000 -73.863   388491.7 194452.7 43862.8 25884.9    775.9   364.7   913.2
  1479 -178.258   0.001 -178.257   367464.8 198136.8 42932.4 20868.0    932.4   328.0   988.4
  1480 -432.805   0.001 -432.804   374331.5 217659.1 43522.5 19816.5   1105.8   309.7  1027.2
  1481 -81.097   0.001 -81.096   348354.4 194950.3 35919.4 22777.3   1322.4   282.0  1095.5
  1482 -13.455  -0.001 -13.455   409960.3 239557.0 43219.3 26854.6   1624.7   399.1  1770.7
  1483 152.284  -0.001 152.283   441547.9 206490.4 42501.5 25961.5   1103.5   325.9  1181.7
  1484 135.259  -0.001 135.258   415284.0 223068.6 55508.4 24149.2   1062.2   283.7  1124.2
  1485 -190.325   0.002 -190.324   365551.3 196473.5 39630.0 12906.8   1310.8   262.4  1217.7
  1486 -40.459   0.001 -40.458   342136.2 199653.2 38613.0 18582.6    606.6  1264.9   814.2
  1487 -170.119   0.002 -170.117   333922.1 231035.4 51544.9 17807.3    620.5   655.7   818.7
  1488 289.475  -0.002 289.473   462204.9 216720.8 35496.0 39923.4   1435.5   268.5  1525.4
  1489 122.806  -0.001 122.805   453612.0 237609.5 48934.1 19866.9   1320.6   348.5  1251.4
  1490 -35.560  -0.000 -35.560   383848.1 231098.5 64078.4 20875.5    749.2   547.2   835.4
  1491 285.325  -0.001 285.324   536647.4 226183.5 57504.2 34061.5   2118.7   212.0  2263.3
  1492 108.998  -0.000 108.998   445423.3 235525.1 74083.9 21331.9   1176.4   346.5  1166.2
  1493 358.675  -0.001 358.674   534358.4 224363.9 76865.2 32873.4   2656.2   207.6  2380.9
  1494   2.593   0.000   2.593   519031.9 220812.4 73903.8 16990.5   2519.1   210.5  2021.6
  1495 -197.970   0.002 -197.969   448427.2 219477.5 59524.5 21045.5   1967.2   242.9  1487.2
  1496 249.852  -0.001 249.851   510367.1 206473.5 73930.7 35638.8   3608.2   208.3  2760.6
  1497 -428.107   0.010 -428.097   356721.5 219935.4 66138.3  6724.0   1742.2   238.8  1245.9
  1498 -17.129  -0.007 -17.137   419975.1 212823.7 47926.2 23360.9   1271.6   256.8  1211.5
  1499 -239.364   0.001 -239.363   398508.1 220202.2 47954.0 17606.9   1185.8   304.7  1059.3
  1500 -34.775  -0.000 -34.775   384174.7 234296.8 59844.1 28237.0    948.6   431.4  1004.0

         Carbon flux (ktC/yr)        Water (dam3/yr)                Nitrogen (MgN/yr)
       ----------------------- -------------------------- --------------------------------
Spinup NEP     estab   NBP     transp     evap    interc  nuptake ndemand  nlosses ninflux
------ ------- ------- ------- ---------- ------- ------- ------- -------- ------- -------
  1501 185.584  -0.001 185.582   470604.0 231239.5 53309.1 31045.0   2413.9   214.1  2422.7
  1502 172.470  -0.001 172.469   520414.6 221249.5 63163.4 21453.1   2206.1   213.0  2085.4
  1503  55.624  -0.000  55.624   487505.2 234581.2 66130.0 25281.0   1790.7   246.8  1439.6
  1504 -118.921   0.001 -118.920   428789.3 275802.7 72181.6 19710.1   1880.8   220.8  1650.6
  1505 -152.329   0.001 -152.328   411473.3 275825.1 68463.0 23363.6   2299.8   217.0  1949.5
  1506 -340.095   0.026 -340.069   320829.1 209364.1 40580.0 11816.8   2117.5   218.0  1419.7
  1507 -630.155   0.006 -630.149   277932.3 223646.6 30698.6  8482.7    693.4   440.1   738.5
  1508 -450.849  -0.021 -450.869   267406.3 223099.4 22751.7 16574.1    818.2   640.8   872.7
  1509 203.791  -0.005 203.786   385144.8 201609.8 18575.1 31455.2    768.7   921.3  1109.1
  1510  57.874  -0.001  57.873   407147.0 218579.6 33153.6 21139.2    695.1  1336.5   878.5
  1511 213.653  -0.002 213.652   422403.9 247072.9 34419.9 28711.1    794.8  1094.6  1214.6
  1512 419.591  -0.002 419.588   480275.6 244797.2 40703.7 31810.2    789.5   907.8   998.6
  1513 -402.108   0.005 -402.103   325154.2 195518.8 27326.5  8056.9    512.5   382.4   756.4
  1514 -202.622  -0.002 -202.624   357157.9 222191.5 34529.7 16831.2    553.4   594.7   795.5
  1515 363.442  -0.002 363.441   426965.6 238601.8 45903.0 37489.6    837.0   464.2  1019.4
  1516 503.528  -0.002 503.526   492877.1 240238.5 55836.1 28131.8   1428.7   250.2  1561.8
  1517 357.026  -0.001 357.025   461325.5 188659.3 43525.0 24075.2   1197.0   259.9  1154.1
  1518  21.230  -0.000  21.229   431735.0 217583.9 74032.3 22439.6   1325.1   230.9  1116.5
  1519  39.983  -0.000  39.982   466171.9 247247.8 67158.6 28378.6   2280.9   216.1  1942.6
  1520 -689.953   0.049 -689.904   284192.2 213564.5 68033.0  2480.4    719.4   800.9   731.9
  1521 320.285  -0.046 320.238   448041.2 257190.5 33808.4 35774.0   1061.7   465.8  1275.6
  1522 212.093  -0.001 212.092   471018.6 221021.3 51238.9 19225.8   1231.2   381.7  1321.0
  1523 -224.043   0.001 -224.042   352934.5 213129.3 58042.9 16524.0    604.2   649.7   749.8
  1524 300.218  -0.002 300.217   493305.1 236649.8 48585.0 37254.2   1340.2   751.8  1341.6
  1525 -146.973  -0.000 -146.974   425327.7 238843.0 91749.8 18877.2   1216.2   513.5  1079.5

         Carbon flux (ktC/yr)        Water (dam3/yr)                Nitrogen (MgN/yr)
       ----------------------- -------------------------- --------------------------------
Spinup NEP     estab   NBP     transp     evap    interc  nuptake ndemand  nlosses ninflux
------ ------- ------- ------- ---------- ------- ------- ------- -------- ------- -------
  1526 576.982  -0.001 576.981   565250.1 218320.7 58987.3 39088.5   1914.2   261.8  1815.4
  1527 -81.865   0.009 -81.856   393844.2 199530.4 56810.8  7631.4    972.7   492.9   882.8
  1528 -471.256   0.015 -471.241   249081.6 208010.8 42751.4  3013.1    435.7  1078.4   719.2
  1529 503.530  -0.021 503.509   427212.6 234175.9 34662.5 26228.5    546.6   800.1  1052.2
  1530 -453.191   0.008 -453.183   368015.8 203657.5 46015.2  7899.7    712.9   484.6   815.0
  1531  40.389  -0.006  40.383   398779.0 197839.3 35731.4 23226.5    549.7   530.6   866.1
  1532 -89.254  -0.001 -89.255   373283.3 223408.0 44073.5 25058.5    741.9   560.0   984.2
  1533  -6.631  -0.001  -6.632   388007.0 211059.1 51793.2 26671.1    840.5   414.3   957.4
  1534 -11.472  -0.001 -11.473   470893.6 186785.3 38422.9 24143.1   1138.3   291.1  1425.1
  1535 -688.837   0.043 -688.794   305022.7 174867.8 40485.9  3060.5    387.1   552.5   663.0
  1536 -310.301  -0.032 -310.333   272996.8 251276.1 26031.3 16017.5    436.3  1065.1   829.5
  1537  47.812  -0.006  47.806   389046.2 212743.6 21549.1 30027.7    323.5   913.5   637.8
  1538 -131.113  -0.001 -131.114   363278.5 219753.2 34161.3 19554.4    744.1  1124.6   919.7
  1539  85.995  -0.001  85.994   370068.1 236345.5 38524.0 28832.5    551.3  4105.9   784.2
  1540 518.726  -0.003 518.723   500058.6 233017.1 33013.4 33438.1    851.8   718.1  1098.3
  1541 299.732  -0.001 299.731   448104.1 220399.2 45625.2 22683.4    574.3   568.8   883.2
  1542 -110.981   0.001 -110.981   389981.6 272859.8 58379.4 15734.8    862.2   311.5   984.7
  1543 -340.853   0.002 -340.851   387071.6 217065.5 49039.2 22339.0    777.7   347.6   853.6
  1544 -127.377   0.000 -127.376   375980.7 198811.4 42080.7 22484.0   1344.8   284.5  1317.2
  1545 -119.188  -0.001 -119.189   400986.5 251280.5 72573.6 30129.3   1703.4   384.1  1621.0
  1546 860.527  -0.003 860.524   604760.2 229090.8 60768.9 40677.4   1772.0   246.6  1806.3
  1547  47.940   0.000  47.940   474759.3 221338.8 68679.5 12139.8   1080.9   390.7  1053.3
  1548 -114.876   0.003 -114.873   444881.1 217924.6 58156.7 21893.8    886.9   423.3   866.6
  1549 -69.414   0.000 -69.414   358366.2 197752.7 50986.4 19923.1    749.3   346.4   760.3
  1550 219.447  -0.001 219.446   470071.7 252788.3 54143.8 36011.8   2233.4   230.6  1948.8

         Carbon flux (ktC/yr)        Water (dam3/yr)                Nitrogen (MgN/yr)
       ----------------------- -------------------------- --------------------------------
Spinup NEP     estab   NBP     transp     evap    interc  nuptake ndemand  nlosses ninflux
------ ------- ------- ------- ---------- ------- ------- ------- -------- ------- -------
  1551 -610.495   0.031 -610.465   335631.7 176658.5 46071.4     0.1   1194.3   329.3  1069.2
  1552 -435.015  -0.015 -435.030   219404.9 215326.0 25048.6  4670.1    490.1  2458.5   816.9
  1553 -178.751  -0.002 -178.753   322769.9 226830.1 22210.1 21553.9   1649.6  1030.8  2546.9
  1554   0.910  -0.001   0.909   357667.1 231499.5 15000.5 28021.9    817.4   606.3   903.2
  1555 463.309  -0.003 463.306   452734.2 232428.3 19730.1 24145.5    485.9  2776.0   830.1
  1556 614.268  -0.004 614.264   475618.2 263427.9 22195.8 34458.7    926.9  1061.7  1342.6
  1557 552.753  -0.004 552.750   497972.2 224625.5 39040.2 30228.3   1274.4   260.7  1800.2
  1558 147.909  -0.001 147.908   398463.0 238140.2 54798.8 19233.4   1252.0   250.0  1474.8
  1559 233.471  -0.002 233.469   542203.5 218389.1 57958.6 32786.8   2027.2   218.2  2853.9
  1560 -42.010   0.001 -42.010   418413.5 195304.9 51766.6 17456.3   1372.2   238.4  1453.5
  1561 -14.568  -0.001 -14.569   461249.5 231507.2 55628.2 25746.3   1864.6   246.8  1683.4
  1562 -135.887   0.001 -135.886   397514.5 193835.6 51058.6 16981.5   1122.3   284.1  1113.6
  1563 -64.509  -0.000 -64.509   405718.3 218535.1 63717.4 28510.7   1822.9   224.8  1482.9
  1564 -235.567   0.001 -235.567   419202.3 213326.2 60696.5 18810.9   2021.4   248.2  1538.4
  1565 -272.555   0.001 -272.554   371522.7 199843.5 48716.4 19705.6   1345.1   252.5  1131.9
  1566  76.672  -0.001  76.672   403080.5 212362.2 45960.2 28965.5   2231.2   214.8  1944.4
  1567 -152.220   0.001 -152.218   362372.9 227708.1 63769.4 13019.9   1744.1   227.4  1323.3
  1568 292.928  -0.002 292.927   498576.0 255997.3 48757.9 34600.3   2865.7   213.8  2741.0
  1569 -508.650   0.007 -508.643   366546.9 215428.4 53380.8  5456.8   1136.3   315.4   901.1
  1570 193.947  -0.005 193.942   399488.3 235709.8 51235.7 22031.2   1068.6   276.9  1132.6
  1571 230.532  -0.002 230.530   461393.8 230087.0 47937.1 30860.3   1622.3   245.0  1930.6
  1572  63.450   0.001  63.451   403841.6 210213.7 37785.2 15969.4   1791.2   216.6  1549.3
  1573 -485.735   0.001 -485.734   343447.3 239447.8 82807.3 20973.3    860.6   444.2   839.4
  1574 305.519  -0.002 305.517   547452.0 252987.5 77133.4 45880.4   3186.8   213.7  2998.2
  1575 614.996  -0.002 614.994   637025.0 237052.0 63346.1 24896.2   2591.2   220.1  2509.7

         Carbon flux (ktC/yr)        Water (dam3/yr)                Nitrogen (MgN/yr)
       ----------------------- -------------------------- --------------------------------
Spinup NEP     estab   NBP     transp     evap    interc  nuptake ndemand  nlosses ninflux
------ ------- ------- ------- ---------- ------- ------- ------- -------- ------- -------
  1576 -176.149   0.001 -176.148   436541.6 213827.0 75962.5 11195.2   1158.6   319.2  1011.6
  1577  -5.174   0.001  -5.173   398926.9 192031.6 58685.1 19575.1    797.0   434.8   783.4
  1578 230.907  -0.000 230.907   456977.2 200122.2 50722.2 30165.0   1893.0   298.7  1645.2
  1579 -351.236   0.004 -351.233   361186.2 243420.8 67745.0 11971.2   1043.9   291.8   922.2
  1580 -556.251   0.005 -556.246   326015.7 178224.5 39043.1 10599.7    854.9   323.8   931.4
  1581 -591.335   0.012 -591.323   277573.5 207032.9 31967.6  9557.9    617.5   635.4   800.7
  1582 469.633  -0.014 469.619   423189.6 263579.4 23688.3 39086.6    608.4   437.3   943.0
  1583 133.521  -0.002 133.519   386972.4 258233.8 35000.3 19812.0   1083.7   368.5  1124.2
  1584  86.746  -0.002  86.744   424701.5 241108.1 40194.9 27375.2   1120.6   314.4  1328.2
  1585 -53.447  -0.001 -53.447   387443.5 223774.1 47225.8 22448.3    996.8   495.9  1203.3
  1586 -94.667  -0.000 -94.667   437944.9 181835.7 38980.7 23502.0    856.0   384.1  1002.8
  1587 -334.045   0.001 -334.044   355240.8 208097.1 55100.2 17376.6    640.9   660.4   805.6
  1588 144.730  -0.001 144.729   419852.0 276175.3 47714.3 33805.1   1035.3   405.4  1092.2
  1589 218.598  -0.000 218.598   409522.6 199733.3 42046.1 20962.9    973.2   607.3   975.1
  1590 -638.315   0.028 -638.287   313548.3 177878.3 40859.4  6071.5    544.0   384.0   738.9
  1591 -457.434  -0.022 -457.456   285977.0 250009.5 32362.7 15217.5    548.4  4125.8   705.8
  1592 502.377  -0.003 502.374   473405.8 211580.8 27388.7 44553.8    613.3   537.5  1035.2
  1593 -187.590   0.000 -187.590   402628.2 211043.2 32237.4 11708.4    720.9   378.7   728.4
  1594 -196.625   0.000 -196.624   326032.6 236044.0 39338.1 21338.3    363.6   634.0   755.3
  1595 222.633  -0.001 222.631   409313.0 215772.0 37495.7 36442.8    688.6   464.8   973.4
  1596 250.678  -0.001 250.678   384165.3 194591.0 39978.1 20651.0   1524.7   259.1  1230.5
  1597 -638.593   0.007 -638.586   322836.8 222143.1 44107.7  9297.3    679.5   459.2   730.3
  1598 640.711  -0.007 640.705   497671.2 214654.0 40118.4 41734.1    997.2   381.6  1216.3
  1599 -118.393   0.001 -118.392   363438.0 199367.6 34291.3  9320.1    700.8   404.0   933.4
  1600 -383.551   0.001 -383.550   335302.0 180583.6 34332.3 20357.3    335.8   438.9   668.8

         Carbon flux (ktC/yr)        Water (dam3/yr)                Nitrogen (MgN/yr)
       ----------------------- -------------------------- --------------------------------
Spinup NEP     estab   NBP     transp     evap    interc  nuptake ndemand  nlosses ninflux
------ ------- ------- ------- ---------- ------- ------- ------- -------- ------- -------
  1601 -161.079  -0.000 -161.080   305098.2 202983.1 27853.1 19222.2    432.3  2705.0   840.4
  1602 -640.074   0.023 -640.051   310289.7 177045.6 33388.7 15053.5   1212.6   552.2  1234.7
  1603 126.141  -0.019 126.122   345484.3 273332.1 25443.3 37325.5    951.5   794.5  1079.3
  1604 162.836  -0.002 162.834   403943.4 229164.3 27371.6 13145.3    797.0  1158.8  1012.8
  1605 534.661  -0.003 534.658   460891.3 261822.9 35283.5 35078.5    614.3   563.0   927.9
  1606 -423.165   0.003 -423.162   333863.4 182963.1 35322.8  8650.5    531.1   488.1   838.5
  1607 -26.217  -0.001 -26.218   346838.0 275076.9 40219.7 24166.3    496.8   518.8   735.3
  1608 297.471  -0.002 297.469   415113.3 216494.5 37435.1 34038.8    571.2   592.8   929.0
  1609 -651.520   0.037 -651.482   261953.3 195687.1 24221.7  1906.0    570.6   462.4   672.4
  1610 108.863  -0.034 108.829   332451.8 250491.7 25248.5 27145.0    454.2   589.3   787.5
  1611 -38.781  -0.001 -38.782   390011.2 211637.4 25334.2 20682.4    456.4   560.1   711.6
  1612 177.235  -0.001 177.234   323567.4 214378.2 28192.6 27004.6    373.6   431.3   740.9
  1613 -505.983   0.004 -505.978   324607.9 204851.9 30659.4 12003.3    485.5   451.2   687.4
  1614 -220.728  -0.001 -220.729   305069.5 191009.6 22020.3 16700.0    524.4   479.1   823.2
  1615 -101.305  -0.001 -101.306   328486.0 231472.3 34283.5 27411.4    528.5  2367.4   751.9
  1616 409.753  -0.003 409.750   494006.7 193374.5 24807.9 35560.3    491.4   583.8   915.4
  1617 -329.916   0.001 -329.915   310967.0 228776.5 50069.8  8331.5    649.1  4971.4   752.7
  1618 826.002  -0.004 825.998   525941.7 235519.3 39757.3 43498.1    378.6   557.2   794.1
  1619 396.579  -0.001 396.578   439970.3 201572.3 48530.5 18110.4    844.9   328.7  1012.6
  1620 -583.089   0.027 -583.062   314262.0 212296.4 51629.3 10034.5    620.2   480.3   741.1
  1621 -87.771  -0.024 -87.795   366574.6 253493.4 40091.9 26439.4    446.3  1194.9   754.4
  1622 609.220  -0.003 609.218   505855.5 240859.5 49502.9 33867.1   1101.0   346.6  1253.0
  1623 471.144  -0.002 471.142   512168.7 218410.4 51949.5 27142.6   1090.6   296.3  1215.1
  1624 -311.338   0.023 -311.314   311533.5 195270.1 52640.8  6451.1    512.9   700.1   680.6
  1625  42.205  -0.021  42.185   410751.4 240921.5 36232.8 23318.5    613.1   807.3   874.2

         Carbon flux (ktC/yr)        Water (dam3/yr)                Nitrogen (MgN/yr)
       ----------------------- -------------------------- --------------------------------
Spinup NEP     estab   NBP     transp     evap    interc  nuptake ndemand  nlosses ninflux
------ ------- ------- ------- ---------- ------- ------- ------- -------- ------- -------
  1626 -147.155  -0.000 -147.156   407518.9 216340.5 51446.5 20891.1    672.6  1227.8   912.2
  1627 -338.114   0.001 -338.113   381622.8 217696.8 45174.0 21324.4    627.5   448.7   792.2
  1628 -296.861   0.000 -296.861   389931.6 217806.9 43036.1 22747.0    951.1   355.8   994.9
  1629 -293.056   0.001 -293.055   387165.8 180198.4 34947.4 19777.7   1308.0   326.0  1566.9
  1630 -618.804   0.077 -618.728   240487.3 201738.1 26380.6  1248.4    583.6   527.4   708.7
  1631 -21.471  -0.070 -21.542   258000.5 215322.9 10575.9 26512.9    755.1   614.5  1051.6
  1632  40.931  -0.002  40.930   356020.0 210149.5 19921.1 19080.7   1105.9   694.7  1250.5
  1633 226.793  -0.002 226.791   382023.7 202161.7 18892.9 26244.2    424.7   937.2   953.7
  1634 199.432  -0.002 199.430   384515.0 281747.0 32094.1 24245.3    525.8   647.8   800.5
  1635 165.479  -0.003 165.477   419958.6 250587.9 56027.4 31732.4    479.3  1944.9   708.5
  1636 1055.268  -0.004 1055.265   682275.3 218035.5 55371.2 41912.6   1069.3   386.3  1389.7
  1637 -237.398   0.004 -237.394   440704.5 235646.0 75569.7  8975.3    555.9   898.5   716.2
  1638 176.130  -0.004 176.126   491800.5 198524.9 55220.6 30676.8    702.0   400.6   935.3
  1639 -285.826   0.001 -285.825   422461.2 215931.6 70302.2 16579.0    930.1   462.5   993.3
  1640  85.904  -0.000  85.904   401241.5 211443.5 53745.3 28121.0    780.6   326.2   908.4
  1641 -489.686   0.022 -489.664   342225.8 234740.8 55856.6  8844.3    948.1   596.8  1032.5
  1642 189.230  -0.019 189.212   363783.9 217571.7 25933.3 27155.0    843.1   386.1   864.7
  1643 153.639  -0.000 153.639   368308.7 191421.4 37819.4 19994.7   1113.7   287.5  1072.4
  1644 -142.212  -0.000 -142.212   376693.0 272070.7 47393.0 20723.4   1561.5   270.6  1456.6
  1645 -137.922   0.000 -137.922   354599.8 180624.2 34951.0 19767.0   1028.0   324.5   977.9
  1646  33.571  -0.001  33.570   439831.6 232446.2 44927.2 31450.9   1686.1   280.1  1550.9
  1647  30.570  -0.001  30.569   434246.2 274333.4 55309.8 19274.7   1582.3   285.6  1520.9
  1648 -224.869   0.000 -224.869   404730.4 236854.3 58952.7 20677.9    751.2   432.3   902.3
  1649 515.456  -0.001 515.455   499686.0 205404.6 47003.4 37811.0   2173.2   250.1  2135.6
  1650 -842.296   0.071 -842.225   330312.7 199692.1 49206.5 -5280.9    515.2   472.2   599.1

         Carbon flux (ktC/yr)        Water (dam3/yr)                Nitrogen (MgN/yr)
       ----------------------- -------------------------- --------------------------------
Spinup NEP     estab   NBP     transp     evap    interc  nuptake ndemand  nlosses ninflux
------ ------- ------- ------- ---------- ------- ------- ------- -------- ------- -------
  1651 -290.534  -0.035 -290.569   214434.5 220507.4 15588.2 11326.2    591.0   586.0   797.4
  1652  74.177  -0.029  74.148   324219.1 201773.8 19683.2 25051.5    470.9  3610.8   777.6
  1653 -478.174   0.019 -478.155   266500.5 185895.5 15039.2  7652.3    479.4   615.6   657.4
  1654   7.064  -0.017   7.047   333842.0 217785.8 18510.7 26030.1    437.8   810.4   837.8
  1655 173.878  -0.002 173.875   383731.9 243149.7 29652.9 27181.7    438.0  6297.7   765.9
  1656 753.341  -0.004 753.337   506688.6 226814.3 28462.2 38988.2    375.3  1433.2   885.9
  1657 170.145  -0.001 170.144   419125.2 226435.2 51984.7 19122.5    534.6   513.3   747.3
  1658  39.695  -0.001  39.695   441953.4 200190.4 45300.7 24388.4    807.2   372.9  1031.7
  1659 -333.023   0.002 -333.021   373567.5 202646.4 48917.2 16937.2    834.3   358.6   952.6
  1660  20.006  -0.002  20.004   444288.6 229956.0 47492.6 32866.0   1375.0   405.6  1265.8
  1661 156.463  -0.000 156.463   413835.3 196202.4 43229.8 19165.6   1052.2   499.5   973.5
  1662 -694.935   0.051 -694.884   311661.2 176151.9 41121.4  3755.3    561.0   433.3   742.3
  1663 -105.813  -0.042 -105.855   279486.7 253088.1 29352.7 19326.6    384.6  3183.1   744.6
  1664 382.275  -0.006 382.269   444398.9 257262.7 34552.6 35804.8    561.3  2048.5   885.1
  1665 733.563  -0.003 733.561   488023.6 217990.2 25805.0 27503.5   1145.5   304.5  1267.2
  1666  39.178  -0.000  39.178   382616.3 213932.8 46511.8 17878.1    516.7   365.4   806.4
  1667 -726.564   0.064 -726.499   257989.3 196822.1 24604.3  3956.8    425.1   479.7   623.8
  1668  19.949  -0.059  19.889   302116.3 214727.4 15916.7 27795.7    491.3   489.7   918.1
  1669 -226.354  -0.000 -226.354   356375.0 221914.5 27700.2 14540.2    707.5   681.9   866.9
  1670  85.419  -0.002  85.418   392772.8 236609.9 31458.8 28301.1    493.8  1777.8   915.1
  1671   3.551  -0.001   3.550   430162.6 204623.7 28230.7 21891.9    352.1   779.8   642.5
  1672 -549.960   0.019 -549.941   300296.7 206480.7 34818.2  8708.5    606.4   697.6   780.8
  1673  83.963  -0.017  83.945   361097.0 215060.2 24295.8 27377.3    460.8   682.6   892.5
  1674 464.696  -0.003 464.693   450518.6 249175.6 33143.1 30603.2    553.3   621.5   868.9
  1675 -334.764   0.011 -334.753   296878.4 186989.1 30998.2  7436.0    650.4   675.1   784.1

         Carbon flux (ktC/yr)        Water (dam3/yr)                Nitrogen (MgN/yr)
       ----------------------- -------------------------- --------------------------------
Spinup NEP     estab   NBP     transp     evap    interc  nuptake ndemand  nlosses ninflux
------ ------- ------- ------- ---------- ------- ------- ------- -------- ------- -------
  1676 654.316  -0.012 654.304   492435.3 211101.1 39384.6 35108.0    539.7  3135.1   956.5
  1677 350.493  -0.001 350.492   395434.0 215176.6 37127.8 19835.9    406.1   417.1   756.8
  1678 -203.748   0.001 -203.747   416292.6 219956.7 51970.4 18378.0    549.3   735.1   766.8
  1679 295.517  -0.001 295.515   467180.8 232344.7 57967.9 34675.7   1077.6   316.7  1085.2
  1680 -38.077  -0.000 -38.078   502888.3 213542.5 52711.2 20816.4   1261.5   316.3  1168.4
  1681 -583.372   0.035 -583.337   385184.2 195517.6 46511.4  7510.0    837.8   351.7   764.5
  1682 -532.934  -0.013 -532.947   296303.6 249997.6 39063.7 12883.7    532.7  3900.2   706.7
  1683 295.365  -0.019 295.346   474754.6 198803.3 25804.7 38373.9    527.6  1077.2   809.6
  1684 -366.352   0.003 -366.348   319144.9 223998.9 52416.9  5026.7    817.2  4932.1   847.8
  1685 466.182  -0.003 466.179   477344.2 202371.9 27259.2 29113.3    504.3  1237.5   984.0
  1686 -39.761  -0.000 -39.762   431622.4 214435.1 48646.5 17485.4    498.8  1057.6   785.3
  1687 251.947  -0.002 251.945   469028.2 279445.3 49765.3 32868.4    852.0   709.9  1085.9
  1688 483.192  -0.002 483.191   535117.8 201574.0 64277.4 29353.7   1007.3   476.5  1082.3
  1689 -577.511   0.045 -577.466   351802.3 178914.5 48244.5  2345.8    433.7   491.2   695.8
  1690 -237.937  -0.016 -237.953   285555.1 252582.3 39877.4 10786.9    270.2  4182.0   661.1
  1691 746.240  -0.027 746.214   506878.6 279304.1 33028.4 44002.4    381.0   652.8   810.7
  1692 -332.876   0.012 -332.864   323824.9 183744.9 37617.2  2844.6    832.1   620.7   831.2
  1693 -207.027  -0.009 -207.036   368710.8 182405.7 28731.7 14260.5    354.3   759.2   768.5
  1694 -352.078   0.001 -352.077   251233.2 199966.3 27802.4 12692.2    406.3  2624.4   761.6
  1695 -504.098   0.008 -504.090   333979.3 243916.7 41778.5 23606.2   1876.2  5895.3  2653.3
  1696 568.172  -0.003 568.168   492167.4 237123.9 20883.9 49859.0   2350.7  4213.6  1708.5
  1697 892.052  -0.005 892.048   462741.4 239493.5 19381.6 17822.9    937.1   444.7  1430.7
  1698 -25.805  -0.000 -25.805   360992.9 220928.7 32272.5 16849.2    749.1   350.8   983.4
  1699   4.249  -0.002   4.247   397923.7 229270.9 33130.9 24815.7   1123.9   379.3  1382.5
  1700 103.819  -0.001 103.818   397376.6 235797.8 49315.1 26781.8    750.8   751.7   942.4

         Carbon flux (ktC/yr)        Water (dam3/yr)                Nitrogen (MgN/yr)
       ----------------------- -------------------------- --------------------------------
Spinup NEP     estab   NBP     transp     evap    interc  nuptake ndemand  nlosses ninflux
------ ------- ------- ------- ---------- ------- ------- ------- -------- ------- -------
  1701 168.331  -0.002 168.330   516495.6 220744.5 45040.5 28719.4   1387.0   292.5  1445.5
  1702 -167.944   0.001 -167.943   377679.2 180377.3 43038.5 12251.1   1067.4   319.0   927.0
  1703  37.049  -0.001  37.048   428483.4 233781.6 51691.3 31537.7   1769.9   247.9  1471.7
  1704 -50.160   0.001 -50.159   375228.7 206062.8 48846.8 18355.8   1214.6   278.4  1088.9
  1705 -144.216   0.005 -144.211   347405.7 196294.6 41343.5 17127.0    877.0   576.6   939.5
  1706 -241.104  -0.003 -241.107   332040.6 230167.9 43518.6 20040.0    788.6   407.8  1028.7
  1707 -384.056   0.011 -384.045   380468.8 232734.7 48608.4 21734.0   2256.7   689.7  2010.3
  1708 206.252  -0.009 206.243   378019.3 211310.0 24994.4 28474.5   2647.9   299.2  1813.4
  1709 -280.992   0.002 -280.990   324156.5 190337.8 29389.3  4230.6   1125.8   354.2  1018.0
  1710 -234.234   0.006 -234.228   282001.4 200515.4 22113.4 14433.5    671.2   361.8   795.4
  1711 -46.077  -0.005 -46.081   340990.2 229808.5 26719.4 26453.6    587.6   544.5   816.0
  1712 316.765  -0.003 316.763   432249.5 254196.1 30133.9 31154.9   1313.7   319.2  1449.8
  1713 -409.154   0.001 -409.153   342898.4 179624.2 29819.7  8727.1    942.0   373.4  1129.3
  1714 -363.181  -0.002 -363.183   289481.3 195454.6 26763.9 14236.3    437.3   622.7   785.5
  1715 -542.339   0.008 -542.330   338358.4 241337.2 43078.1 24734.3   2010.5  3473.8  2370.8
  1716 485.393  -0.004 485.389   432925.6 203301.9 15350.5 47794.0   2437.3  1362.8  1748.7
  1717 -169.104  -0.000 -169.104   304581.4 214882.6 30065.1 -7132.1    580.6  2523.6   839.3
  1718 561.060  -0.004 561.056   468192.7 235423.7 25378.1 38967.8    622.4   954.5   985.4
  1719 -163.187   0.000 -163.187   356577.0 199331.4 23525.7 12731.9    463.4   506.5   792.4
  1720 -95.099  -0.000 -95.099   350769.2 200688.6 34281.8 24072.0    559.1   504.9   785.8
  1721 452.521  -0.002 452.519   393375.5 216533.8 31527.6 37480.3    829.0   318.2  1105.7
  1722 105.024  -0.000 105.024   356248.5 214263.8 38618.6 18122.0    947.9   337.1   998.4
  1723 227.251  -0.001 227.250   462762.6 204177.9 58511.1 30797.8   1188.5   319.6  1080.9
  1724 -245.173   0.001 -245.172   359747.5 221956.9 66376.3 12545.4    645.5  2009.4   722.9
  1725 616.538  -0.002 616.536   513288.5 204062.1 44633.5 38487.1   1661.0   446.9  1577.1

         Carbon flux (ktC/yr)        Water (dam3/yr)                Nitrogen (MgN/yr)
       ----------------------- -------------------------- --------------------------------
Spinup NEP     estab   NBP     transp     evap    interc  nuptake ndemand  nlosses ninflux
------ ------- ------- ------- ---------- ------- ------- ------- -------- ------- -------
  1726 -374.332   0.004 -374.328   350058.0 225258.4 72261.0  6859.8    684.9  2117.4   702.6
  1727  92.000  -0.003  91.998   460331.0 240437.5 48513.4 22293.4    785.1  1030.9  1206.7
  1728 685.600  -0.002 685.598   581470.0 205015.8 62850.3 40537.4   1027.5   369.5  1131.4
  1729 179.784  -0.000 179.784   504366.2 199939.5 79448.9 16585.9    902.8   566.9   960.9
  1730 -96.336   0.002 -96.334   379053.0 211261.3 64193.4 20955.8    619.8   321.5   748.9
  1731 -385.187   0.008 -385.179   403477.6 217103.3 56705.5 14647.6    999.2   314.9   967.3
  1732 208.377  -0.007 208.370   466952.5 229970.6 56051.1 34252.1   2019.5   250.0  1898.3
  1733 -244.331   0.001 -244.331   422824.2 238038.8 56594.5 11134.0   1451.9   482.0  1504.4
  1734  27.518  -0.001  27.517   436981.9 222283.6 52567.1 33404.7    908.1   386.9   971.0
  1735 256.636  -0.001 256.635   470605.1 223188.8 62969.4 29266.6   1228.2   280.9  1217.4
  1736 -446.843   0.018 -446.825   394428.8 218032.3 53865.7  6223.3    996.0   373.2   888.0
  1737  82.385  -0.016  82.368   417392.8 290709.7 49712.8 21724.6    971.9   535.6  1104.2
  1738 -130.206   0.001 -130.205   380367.4 197055.4 37105.8 16745.1   1019.3   353.1  1119.3
  1739 -696.673   0.052 -696.621   251770.1 194355.0 23652.2  5736.0    424.1   521.8   620.0
  1740 240.673  -0.048 240.625   327208.1 259128.6 24288.1 32983.8    475.7  1263.2   808.5
  1741 406.179  -0.003 406.176   471682.0 225607.6 33816.4 27148.5   1022.6   842.4  1319.3
  1742 131.399  -0.002 131.398   404849.0 227961.2 40047.9 23405.4    688.1   601.7   986.5
  1743 178.360  -0.001 178.358   428960.1 238471.3 54454.1 27313.5    613.3   822.3   849.0
  1744 286.612  -0.002 286.611   504694.3 226959.0 53117.6 29940.9   1376.8   297.0  1666.5
  1745 555.685  -0.001 555.683   594622.2 204227.8 73532.4 30393.3   1493.8   289.8  1479.6
  1746 -447.916   0.039 -447.876   366915.9 234741.9 69505.2  4031.5    625.7   623.0   808.1
  1747 -64.805  -0.033 -64.838   399873.7 250489.2 39110.5 17927.9    434.0   959.1   803.3
  1748  29.252  -0.005  29.247   443656.4 245408.3 76474.9 31324.3    504.8  1593.4   688.8
  1749 313.181  -0.001 313.180   554910.0 237765.4 56840.0 25592.0   1126.6   582.6  1525.0
  1750 -72.870   0.009 -72.861   413907.3 209417.0 40895.9 12907.6    755.5   352.1   745.1

         Carbon flux (ktC/yr)        Water (dam3/yr)                Nitrogen (MgN/yr)
       ----------------------- -------------------------- --------------------------------
Spinup NEP     estab   NBP     transp     evap    interc  nuptake ndemand  nlosses ninflux
------ ------- ------- ------- ---------- ------- ------- ------- -------- ------- -------
  1751 -221.578  -0.006 -221.584   364540.6 245296.4 52644.5 16068.6    482.2   506.2   686.7
  1752 -270.571   0.001 -270.570   327256.4 194301.3 40919.9 19363.3    688.7   520.8   776.7
  1753  57.826  -0.000  57.825   399060.7 213960.3 40313.0 33577.1   1076.5   370.8  1233.7
  1754 -76.288  -0.001 -76.288   396110.7 269872.5 48100.6 20351.1   1828.4   312.9  1516.7
  1755  32.380  -0.001  32.379   444710.9 230892.6 47113.9 24344.6   1161.9   420.4  1123.9
  1756 -489.758   0.018 -489.741   318531.9 191458.7 26430.3  6466.5    618.7   413.7   762.2
  1757 -307.800  -0.013 -307.813   293401.4 219417.7 37446.5 16909.4    564.3  1396.6   751.4
  1758 487.969  -0.003 487.965   462827.7 233957.1 33942.1 43794.6    749.2   459.1  1134.3
  1759  30.982  -0.001  30.981   468034.2 226618.4 43185.8 17426.7    825.4   414.4  1042.5
  1760 179.270  -0.001 179.269   427596.5 223083.3 54916.6 28047.6    802.2   326.8   947.0
  1761 183.182  -0.000 183.182   393593.7 214387.1 44737.6 23742.0   1275.5   247.1  1334.0
  1762 -171.044   0.006 -171.038   344022.5 199022.4 45495.9 13582.2    680.7   866.3   814.6
  1763 -619.390   0.077 -619.313   251306.0 207719.5 27982.3   865.6    622.8   389.3   717.5
  1764 -64.630  -0.074 -64.704   273541.4 261387.2 17453.3 27140.2    564.0  2493.8   848.1
  1765 437.704  -0.003 437.700   458182.6 212482.5 22227.4 26885.9    900.1   547.8  1291.3
  1766  90.794  -0.002  90.792   404583.0 206214.9 29021.9 21025.9    639.0   429.5   969.0
  1767 -29.266  -0.001 -29.266   378360.3 200045.9 26811.4 21259.4    789.7   349.8  1081.3
  1768 -187.132   0.001 -187.132   332533.9 197741.2 33798.2 19147.6    620.8   494.7   783.5
  1769 -216.745  -0.000 -216.745   333010.2 215597.6 41153.8 25043.2    652.4   510.0   821.0
  1770 247.551  -0.002 247.549   457760.6 204564.4 34696.4 32952.1   1175.8   295.9  1424.3
  1771 208.056  -0.001 208.054   454631.3 244561.8 47085.1 21898.2   1115.5   336.6  1098.2
  1772 -404.738   0.009 -404.729   349270.9 234483.4 51112.7  8760.0    732.6   722.5   950.7
  1773 543.618  -0.009 543.610   450830.2 201901.5 34030.3 30838.4    563.7   586.1   785.1
  1774 -239.120   0.004 -239.116   344373.8 231975.2 57554.9  8996.7    627.1   424.3   776.7
  1775 346.512  -0.004 346.508   466045.5 231599.2 39789.1 31400.7   1013.9   464.9  1396.5

         Carbon flux (ktC/yr)        Water (dam3/yr)                Nitrogen (MgN/yr)
       ----------------------- -------------------------- --------------------------------
Spinup NEP     estab   NBP     transp     evap    interc  nuptake ndemand  nlosses ninflux
------ ------- ------- ------- ---------- ------- ------- ------- -------- ------- -------
  1776 -90.947  -0.000 -90.947   464227.9 180476.2 38920.0 17141.3    852.1   407.1  1045.4
  1777 -460.055   0.020 -460.036   317012.4 234101.8 47944.6 11929.2    443.6   965.0   757.4
  1778 330.498  -0.018 330.479   431295.5 296564.6 37188.9 32770.8    612.4  1106.0   881.4
  1779 -76.798  -0.000 -76.799   403715.7 205062.1 41376.6 15710.0    785.8   494.1  1033.6
  1780 200.536  -0.001 200.536   402894.1 197287.8 37617.5 27359.5    781.8   892.1   865.9
  1781 -226.314   0.001 -226.313   366175.6 268307.0 52040.2 14285.3   1336.1   269.4  1278.6
  1782 137.166  -0.001 137.165   418923.5 211758.3 42684.4 33382.9   1591.4   273.9  1541.1
  1783 -102.511  -0.000 -102.512   437389.6 226811.1 51350.0 19569.9   1200.2   338.4  1092.6
  1784 157.135  -0.001 157.135   422878.1 213250.9 48331.9 27553.4   1086.8   299.3  1142.0
  1785 -471.792   0.033 -471.758   291774.2 185069.0 39482.0  4705.0    675.9   488.1   731.4
  1786 -39.431  -0.030 -39.461   365472.7 234419.2 35491.4 25309.6    778.1  1013.1  1022.7
  1787  14.250  -0.000  14.250   360825.1 180533.8 29102.6 18680.5    751.0   453.0   877.3
  1788 -87.934  -0.001 -87.935   404142.8 211787.6 43872.7 24788.6   1079.0   571.9  1190.1
  1789 -148.627   0.004 -148.623   327289.9 205512.3 27929.1 15262.4   1251.8   280.6  1148.6
  1790  83.025  -0.003  83.023   359758.1 208540.3 32483.1 25203.6    727.2   336.1   938.0
  1791 -288.271   0.002 -288.269   306014.3 181900.2 28550.7 12567.3    734.4   424.3   834.6
  1792 -204.948  -0.001 -204.950   377015.6 177978.8 25910.8 22227.2    978.1   381.6  1332.4
  1793 -434.067   0.001 -434.066   316650.5 233303.4 37286.2 14391.5    562.3  2689.1   708.7
  1794 425.057  -0.003 425.054   471552.0 218891.8 28033.4 43854.8    750.1   468.8  1096.3
  1795 191.446  -0.001 191.444   476776.7 220355.3 45466.8 18007.5    950.9   525.0  1066.8
  1796 -142.711   0.000 -142.711   441175.8 205215.3 38311.2 18363.2    578.4   485.0   681.2
  1797 -20.663   0.001 -20.662   326526.1 210250.1 37139.1 24225.4    348.1   450.3   687.4
  1798 -245.950   0.001 -245.949   330553.1 199110.2 37969.6 18868.8    662.2   475.4   775.9
  1799 -98.185  -0.001 -98.187   399113.6 253160.4 60545.3 33153.2   1022.2   484.9  1027.5
  1800 615.923  -0.003 615.920   566923.6 215299.5 42949.9 33745.8   1306.9   308.9  1392.1

         Carbon flux (ktC/yr)        Water (dam3/yr)                Nitrogen (MgN/yr)
       ----------------------- -------------------------- --------------------------------
Spinup NEP     estab   NBP     transp     evap    interc  nuptake ndemand  nlosses ninflux
------ ------- ------- ------- ---------- ------- ------- ------- -------- ------- -------
  1801 244.531  -0.000 244.531   444750.1 201005.0 48751.5 14747.7    840.0   546.1   838.7
  1802 -328.449   0.006 -328.442   361402.9 242852.0 62476.4 15088.9    651.3   401.6   761.6
  1803 -145.645  -0.003 -145.648   344961.3 230735.8 48814.4 22801.1    761.7   403.0   892.1
  1804 -499.544   0.009 -499.535   303270.8 190605.5 24147.8 11601.3    823.4   328.4   832.3
  1805 -121.285  -0.004 -121.290   291595.8 205095.5 21027.3 19916.3    958.5   307.2   993.0
  1806  78.425  -0.001  78.424   370138.2 246237.4 29496.3 30073.7   1034.6   332.7  1063.5
  1807 -95.826  -0.001 -95.827   388100.2 215251.3 39087.4 19329.9   1510.2   336.8  1420.9
  1808 -82.277  -0.001 -82.278   395431.6 240278.9 41969.8 25273.7    835.6   394.7  1013.1
  1809 460.517  -0.003 460.514   485822.2 224038.0 39167.0 34341.7   1458.2   310.2  1731.9
  1810 -186.356   0.002 -186.353   324910.7 197483.9 43168.7  7870.4    581.9   700.9   735.1
  1811 124.257  -0.001 124.256   416229.6 201989.3 30569.5 21315.8    717.3   700.0  1009.3
  1812 -312.734   0.001 -312.733   353083.9 239228.9 49085.9 19837.6    523.6   991.8   749.1
  1813 377.575  -0.002 377.573   442790.8 191131.6 33313.8 40601.9   1156.8   330.0  1210.9
  1814 315.037  -0.001 315.036   431672.4 198034.7 46965.3 18353.8   1733.3   235.8  1538.6
  1815 -517.310   0.001 -517.309   347248.8 246653.4 86873.2 16203.6    832.3   494.6   799.1
  1816 307.204  -0.002 307.202   566625.5 228128.9 47708.6 41237.3   1946.1   271.7  2182.4
  1817 -214.608   0.012 -214.596   364911.4 209700.8 40590.6  4358.9   1319.8   275.0  1109.7
  1818 -433.466  -0.008 -433.474   328116.4 251329.8 68531.1 13918.2    423.5  3264.5   674.9
  1819 714.489  -0.003 714.485   563259.8 234643.7 37399.1 47242.7   1134.1   510.1  1351.3
  1820  10.733   0.000  10.733   428740.9 202309.5 41705.2 10328.7    823.4   400.0   995.4
  1821 -581.175   0.026 -581.150   284464.6 217498.2 58733.8 11651.3    422.5  2004.8   662.9
  1822 818.257  -0.025 818.232   536263.6 242794.2 39361.1 53260.2    918.8   750.5  1080.2
  1823 -299.953   0.002 -299.951   346888.6 213427.0 58060.6  2412.6    975.4  1571.8   921.3
  1824 339.389  -0.002 339.388   419256.5 214373.4 29970.9 28789.0    807.8   418.8   934.6
  1825 -385.999   0.002 -385.997   321701.3 222456.2 47937.8 13611.8    579.5   665.7   741.9

         Carbon flux (ktC/yr)        Water (dam3/yr)                Nitrogen (MgN/yr)
       ----------------------- -------------------------- --------------------------------
Spinup NEP     estab   NBP     transp     evap    interc  nuptake ndemand  nlosses ninflux
------ ------- ------- ------- ---------- ------- ------- ------- -------- ------- -------
  1826 401.416  -0.002 401.414   453631.8 238787.8 49490.9 34875.2   1200.0   327.0  1230.6
  1827 353.423  -0.002 353.422   540427.2 225266.0 52911.7 26183.8   1583.2   258.7  1813.7
  1828 310.710  -0.001 310.709   488679.3 234755.8 72052.5 23666.3   1467.2   244.7  1386.8
  1829 -41.508   0.000 -41.508   474995.7 210237.9 71734.6 22474.9   1393.0   315.6  1278.9
  1830 -218.897   0.005 -218.892   379903.8 196182.1 55279.7 17942.9    974.9   322.1   992.7
  1831 -491.245   0.002 -491.243   318143.2 221915.7 57996.1 14897.0    958.4   441.0   897.0
  1832 -23.729  -0.004 -23.733   451273.6 191597.8 32564.4 29509.6   1738.9   337.5  1899.1
  1833 -663.252   0.037 -663.215   260176.5 211626.2 50467.9  1562.1    652.7  2473.5   736.7
  1834 281.845  -0.034 281.811   393855.4 253335.5 27132.6 32319.9    602.4  2483.8   994.1
  1835 394.067  -0.003 394.064   470963.4 243534.7 35391.5 26824.0    754.6   744.1  1073.2
  1836 -203.494   0.000 -203.494   398761.8 183344.9 35300.5 15499.9    610.7   401.4   878.2
  1837 -289.072   0.001 -289.071   352098.3 210246.5 48101.9 22161.6    552.6   631.6   800.2
  1838 259.555  -0.002 259.553   425058.5 247744.6 42237.6 37396.8    983.7   324.4  1050.4
  1839 -129.969   0.001 -129.968   356076.1 230961.1 59207.5 10821.2   1023.6   461.4   921.5
  1840 560.126  -0.002 560.124   484573.6 208745.3 38618.0 35782.2   1902.1   310.5  2103.8
  1841 -130.022   0.000 -130.021   391786.8 277157.1 56508.8 11769.2   1195.8   294.0  1156.9
  1842 -203.274   0.001 -203.274   399065.4 220400.2 45398.6 23807.9    887.7   373.5   943.4
  1843 -114.614   0.000 -114.614   414233.4 221506.5 43330.8 23806.8    956.6   395.2   984.2
  1844 -80.031   0.000 -80.030   388186.5 198555.6 36057.8 21461.6   1236.0   358.7  1222.8
  1845 -112.829   0.001 -112.828   351027.8 230889.3 57870.9 19999.9    725.2   318.0   793.3
  1846 596.323  -0.002 596.320   462962.0 226642.1 35209.7 43562.1   1988.9   246.7  2223.9
  1847 -246.042   0.001 -246.041   406846.7 220236.1 60200.6  8964.8   1179.6   412.4  1048.3
  1848 -352.118   0.002 -352.116   371823.9 182032.3 39963.0 17109.5    815.0   412.6   935.0
  1849 -249.360   0.003 -249.358   313596.2 232748.9 49875.9 15114.9    327.8  1961.0   662.1
  1850 345.904  -0.002 345.901   446625.8 206072.5 26347.6 35823.5   1232.3   807.5  1492.5

         Carbon flux (ktC/yr)        Water (dam3/yr)                Nitrogen (MgN/yr)
       ----------------------- -------------------------- --------------------------------
Spinup NEP     estab   NBP     transp     evap    interc  nuptake ndemand  nlosses ninflux
------ ------- ------- ------- ---------- ------- ------- ------- -------- ------- -------
  1851 -270.358   0.001 -270.357   313378.7 183345.2 32914.2  9214.9    836.7   490.7   865.5
  1852 -53.397  -0.001 -53.398   378713.1 239806.7 37978.9 24226.7    865.8   867.2  1275.2
  1853 471.812  -0.003 471.810   472842.5 228285.8 47282.5 38838.0   1134.6   344.2  1246.6
  1854 -31.231  -0.001 -31.232   448153.3 244123.1 59096.4 19471.0   1085.9   353.8  1113.8
  1855 129.007  -0.001 129.006   442086.8 246045.8 65790.7 29024.7   1118.4   402.1  1265.0
  1856 399.010  -0.001 399.009   484665.2 198035.3 53403.7 27675.6   1456.0   228.9  1284.0
  1857 430.747  -0.001 430.746   463238.4 223538.9 51528.3 28832.1   1465.5   234.0  1548.1
  1858 -230.494   0.015 -230.479   349775.8 204613.7 54516.0  9125.4    636.0   623.7   761.3
  1859 -157.936  -0.011 -157.947   327388.7 221954.7 45504.6 17640.5    604.1   329.5   779.6
  1860 -497.348   0.003 -497.345   337921.5 181039.5 36155.7 14945.2    935.5   320.7  1005.4
  1861 -112.092  -0.002 -112.093   349166.7 271949.2 41392.9 25242.1    830.2   338.3   923.4
  1862 -17.402   0.000 -17.402   348758.2 197695.5 34701.7 21626.5    932.4   364.8   938.8
  1863   7.817  -0.001   7.816   424998.4 229018.0 36310.1 29602.0   1650.7   319.7  1633.0
  1864  56.738  -0.000  56.738   380613.5 199047.7 39631.9 19529.3    934.1   332.9   911.4
  1865 -310.323   0.001 -310.322   352798.7 201552.7 27134.9 20866.3    891.4   283.7   988.0
  1866 -552.552   0.012 -552.540   280147.3 192632.7 21835.2 10715.1    632.7   418.4   726.7
  1867 503.732  -0.011 503.721   449494.3 218567.0 33287.2 44451.5   1180.7   492.1  1309.6
  1868 151.357  -0.001 151.356   415182.1 286244.5 42695.9 14421.7   1396.6   313.9  1563.2
  1869 465.394  -0.002 465.392   432847.9 203833.1 40254.2 29822.9   1144.0   271.9  1271.2
  1870 -89.809  -0.000 -89.810   418858.3 237940.6 52655.4 21966.9   1054.6   317.5  1086.5
  1871 -179.083  -0.001 -179.084   406628.5 242314.2 86140.4 27797.2   1549.0   335.5  1391.6
  1872 412.788  -0.001 412.787   541545.6 204692.8 45390.5 31301.2   1837.5   242.6  2098.2
  1873 -472.896   0.057 -472.839   305841.1 208122.8 43364.6  -340.1    804.7   303.5   772.6
  1874 -416.895  -0.022 -416.916   223249.9 226043.0 24399.2  8420.7    551.5  2350.0   758.9
  1875 545.155  -0.030 545.125   375767.9 228273.2 16824.6 40171.0    591.2   696.1   879.2

         Carbon flux (ktC/yr)        Water (dam3/yr)                Nitrogen (MgN/yr)
       ----------------------- -------------------------- --------------------------------
Spinup NEP     estab   NBP     transp     evap    interc  nuptake ndemand  nlosses ninflux
------ ------- ------- ------- ---------- ------- ------- ------- -------- ------- -------
  1876 -200.048  -0.000 -200.049   331566.8 222524.4 37629.5 13048.7    775.0   736.2   894.2
  1877 192.952  -0.002 192.950   409947.9 243853.0 44495.4 36651.1    724.7   638.2   972.2
  1878 454.755  -0.002 454.753   502511.9 233659.1 46107.6 30476.0   1487.2   294.2  1845.7
  1879 225.996  -0.001 225.995   502078.9 235922.2 59088.8 22003.0    939.6   403.1  1007.9
  1880 -50.858   0.000 -50.858   435291.2 275875.6 68987.1 20436.3   1169.9   274.1  1196.6
  1881 -585.108   0.042 -585.067   301478.2 195500.7 31549.8  8677.0    615.7   366.6   726.5
  1882  17.809  -0.037  17.773   327574.7 212112.7 28476.8 25391.5    709.1  1554.8   878.6
  1883 -52.067  -0.001 -52.069   387489.9 210841.3 42626.1 21732.6   1205.4   338.1  1215.4
  1884   9.286   0.000   9.286   335995.6 207305.8 27268.6 19481.1   1348.1   275.3  1284.3
  1885  88.440  -0.002  88.439   418582.5 232883.4 39652.0 32514.7   1164.9   313.7  1189.3
  1886 -394.979   0.003 -394.976   321194.6 192546.3 24309.7  8286.8    649.8   398.1   784.3
  1887 164.721  -0.002 164.719   389258.8 221978.3 42823.3 27372.8    513.6   477.0   783.3
  1888 663.039  -0.003 663.036   546161.9 217383.6 51104.4 37380.3   1490.2   289.4  1748.1
  1889 -113.999   0.001 -113.998   372014.7 226346.5 68230.5 12248.7    591.0  1527.3   721.3
  1890 297.306  -0.000 297.305   438896.8 213461.3 36984.7 32434.7   1760.1   264.8  1739.9
  1891 -712.517   0.030 -712.487   331746.0 219290.5 52925.9  5178.4    646.0   434.3   673.7
  1892 616.326  -0.029 616.297   466909.6 232868.6 39461.4 41681.3   1132.2   414.8  1296.2
  1893 -94.326   0.000 -94.325   382255.0 196442.9 43625.8  8954.2    889.5   443.9   933.2
  1894  75.734  -0.001  75.733   447451.0 221136.2 50403.8 32747.6    783.7   327.1   964.2
  1895 337.315  -0.001 337.314   468858.7 235178.6 62535.3 28019.9   1438.3   255.4  1454.4
  1896  68.712  -0.000  68.712   476260.9 210149.2 65969.9 21988.6   1190.3   348.2  1147.9
  1897 -66.315   0.000 -66.314   459706.8 214738.2 64099.5 21308.1   1221.3   259.1  1125.5
  1898 -110.386  -0.000 -110.386   454837.0 237402.0 67507.7 27463.7   1379.3   259.3  1267.9
  1899 138.597  -0.001 138.596   455542.2 240410.5 73254.6 29126.6   1270.2   350.4  1236.8
  1900 260.800  -0.001 260.799   513433.7 222914.4 66098.3 28655.9   1562.8   275.1  1515.1

         Carbon flux (ktC/yr)        Water (dam3/yr)                Nitrogen (MgN/yr)
       ----------------------- -------------------------- --------------------------------
Year   NEP     estab   NBP     transp     evap    interc  nuptake ndemand  nlosses ninflux
------ ------- ------- ------- ---------- ------- ------- ------- -------- ------- -------
  1901 -155.165   0.003 -155.162   460234.3 216846.5 60889.6 13508.8    852.6   403.6   897.3
Simulation ended.
lpjml successfully terminated, 72 grid cells processed.
Wall clock time:	130 sec, 0.0006 sec/cell/year.
Total wall clock time:	134 sec (00:02:14).
