--------------------------------------
Running config: /home/druijsch/LPJmL5/dev15oct2025/config_files/2026_04_08_run_for_10_locations/temperate_broadleaved_summergreen_tree/spinup/configs/temperate_broadleaved_summergreen_tree_patch5_config_spinup.cjson
SLURM task ID: 4
Node: tcn333.local.snellius.surf.nl
--------------------------------------
******************************************************************************
****        _     ____     _           _       ____        _  ___         ****
****       | |   |  _ \   | |_ __ ___ | |     | ___|      / |/ _ \        ****
****       | |   | |_) |  | | '_ ` _ \| |     |___ \      | | | | |       ****
****       | |___|  __/ |_| | | | | | | |___   ___) |  _  | | |_| |       ****
****       |_____|_|   \___/|_| |_| |_|_____| |____/  (_) |_|\___/        ****
****                                                                      ****
****                 lpjml C Version 5.10.1 (Apr 14 2026)                 ****
****    Dynamic global vegetation model with natural and managed land     ****
****                     Compiled for Linux with MPI                      ****
****       (C) Potsdam Institute for Climate Impact Research (PIK),       ****
****                          see COPYRIGHT file                          ****
****              Authors, and contributors see AUTHORS file              ****
**** This version of LPJmL is licensed under GNU AGPL Version 3 or later  ****
****        See LICENSE file or go to http://www.gnu.org/licenses/        ****
****                 or invoke lpjml -l to print license                  ****
****      https://gitlab.pik-potsdam.de/lpjml/wur_team/lpjml-wur.git      ****
****          GIT hash: 5e6f8e1bb5c5d5f3357da68b6c43e9517864f3c2          ****
****                                                                      ****
******************************************************************************

Running for user druijsch on tcn333.local.snellius.surf.nl at Tue Apr 14 16:29:45 2026
Reading configuration from '/home/druijsch/LPJmL5/dev15oct2025/config_files/2026_04_08_run_for_10_locations/temperate_broadleaved_summergreen_tree/spinup/configs/temperate_broadleaved_summergreen_tree_patch5_config_spinup.cjson'.
==============================================================================
/----------------------------------------------------------\
|institution: Potsdam Institute for Climate Impact Research|
|contact:                                                  |
|comment:                                                  |
\----------------------------------------------------------/
Simulation "LPJmL Run" running on 50 tasks
Simulation with shuffle spinup climate, equilsoil is called, 
nitrogen limitation, permafrost, Johansen conductivity, 
percolation heattransfer, GSI phenology, NPP controlled BNF.
Cultivation types: none, biomass, annual crop
Working directory: /gpfs/home5/druijsch/LPJmL5/dev15oct2025
cpp processed configuration file written to `/projects/prjs2023/chapter3/lpjml_output/2026_04_08_run_for_10_locations/temperate_broadleaved_summergreen_tree/patch_5/output/lpjml_config_spinup.json`.
Starting from scratch.
Input files:
Variable     Fmt  Varname  Filename
------------ ---- -------- ---------------------------------------------------
soil         cdf  soilcode /projects/prjs2023/chapter3/lpjml_input/run_for_10_locations/temperate_broadleaved_summergreen_tree/patch_5/soil.nc
temp         cdf  tas      /projects/prjs2023/chapter3/lpjml_input/run_for_10_locations/temperate_broadleaved_summergreen_tree/patch_5/temp.nc
prec         cdf  pr       /projects/prjs2023/chapter3/lpjml_input/run_for_10_locations/temperate_broadleaved_summergreen_tree/patch_5/prec.nc
lwdown       cdf  rlds     /projects/prjs2023/chapter3/lpjml_input/run_for_10_locations/temperate_broadleaved_summergreen_tree/patch_5/lwdown.nc
swdown       cdf  rsds     /projects/prjs2023/chapter3/lpjml_input/run_for_10_locations/temperate_broadleaved_summergreen_tree/patch_5/swdown.nc
no3_depo     cdf  noy      /projects/prjs2023/chapter3/lpjml_input/ndep-noy_histsoc_monthly_1901_2021_units.nc
nh4_depo     cdf  nhx      /projects/prjs2023/chapter3/lpjml_input/ndep-nhx_histsoc_monthly_1901_2021_units.nc
soilpH       cdf  soil_ph  /projects/prjs2023/chapter3/lpjml_input/hwsd_soil_data_all_land_oceanfilled.nc
co2          txt           /projects/prjs2023/chapter3/lpjml_input/co2_1832-2023.dat
windspeed    cdf  sfcwind  /projects/prjs2023/chapter3/lpjml_input/run_for_10_locations/temperate_broadleaved_summergreen_tree/patch_5/wind.nc
------------ ---- -------- ---------------------------------------------------
Writing restart file '/home/druijsch/LPJmL5/dev15oct2025/restart/2026_04_08_run_for_10_locations/temperate_broadleaved_summergreen_tree/patch_5/restart_1901_nv_stdfire.lpj' after year 1901.
Random seed: 2
Number of output files:       1
Output written in year:       -1020
Byte order in output files:   little endian

Variable   Fmt  Unit Type   tstep nbd Filename
---------- ---- ---- ------ ----- --- -----------------------------------------
globalflux txt  -    float  year    1 /projects/prjs2023/chapter3/lpjml_output/2026_04_08_run_for_10_locations/temperate_broadleaved_summergreen_tree/patch_5/output/globalflux_spinup.csv + .json
---------- ---- ---- ------ ----- --- -----------------------------------------
Spinup years:                  3000
Cycle length during spinup:      30
First year:                    1901
Last year:                     1901
Number of grid cells:            63
==============================================================================
Memory allocated for output: 344 bytes/cell
Simulation begins...
Spinup using climate starting from year 1901

         Carbon flux (ktC/yr)        Water (dam3/yr)                Nitrogen (MgN/yr)
       ----------------------- -------------------------- --------------------------------
Spinup NEP     estab   NBP     transp     evap    interc  nuptake ndemand  nlosses ninflux
------ ------- ------- ------- ---------- ------- ------- ------- -------- ------- -------
 -1099 -1413.676   0.398 -1413.278        0.0 1989662.0     0.0     0.0      0.0 107357.2  1660.0
 -1098 -1457.763   0.244 -1457.519        2.6 2975798.0     3.6    48.0      0.4 358179.6  1660.4
 -1097 -1428.794   0.120 -1428.674       36.4 1941575.9     6.6   343.1      2.9 129302.9  1662.5
 -1096 -1359.950   0.134 -1359.816     1113.6 2135630.1    31.0  2220.9     16.9 79108.4  1679.0
 -1095 -844.327   0.013 -844.314    25577.3 1906296.5   390.4  9943.7    161.4 226952.1  1818.8
 -1094  12.284  -0.049  12.235   284475.5 1791581.8  4867.8 24829.7   2225.0 81496.1  3175.6
 -1093 649.082  -0.034 649.048   922685.8 1082630.8 35342.6 37343.8   5038.5 221917.4  4742.8
 -1092 505.841  -0.024 505.817  1003964.3 641301.7 55500.1 24812.5   5633.7 196036.2  4888.3
 -1091 418.324  -0.008 418.316  1031201.0 569554.6 60260.6 23666.9   5957.2 119987.5  4966.6
 -1090 306.173  -0.001 306.171  1131498.6 432498.5 94106.2 20964.4   7213.6 99135.7  5661.9
 -1089 228.914  -0.000 228.914  1301845.3 600572.2 131049.2 22617.6   7944.9 55967.2  6286.6
 -1088 135.192  -0.000 135.192  1132606.6 514602.8 62387.8 19280.7   8340.0 19170.4  6344.5
 -1087 -181.033  -0.000 -181.033  1056344.0 473982.7 52481.0 20668.3   6892.1 41711.3  5457.3
 -1086 -155.065  -0.000 -155.065  1102103.9 549564.0 73454.3 14272.8   8696.8 51920.1  6280.8
 -1085 -152.917  -0.000 -152.917  1008639.0 457205.5 50469.1 22059.2   6739.0 26003.5  5379.6
 -1084 -285.746  -0.000 -285.746   987797.2 462067.0 49873.5 18699.2   7272.4 33497.6  5558.9
 -1083 -244.089  -0.000 -244.090  1156396.6 458461.1 49819.6 17338.3   8650.1 24226.6  6397.3
 -1082 -478.524  -0.000 -478.525  1011424.3 472227.2 51950.7 17190.8   6447.7 57448.7  5321.7
 -1081 -285.543  -0.000 -285.543  1038426.9 522990.3 68543.0 18123.2   8474.0 66834.2  6322.8
 -1080 -362.906  -0.000 -362.906  1004957.1 503775.2 85064.6 17848.7   7461.7 64124.5  5785.7
 -1079 -196.828  -0.000 -196.828  1006761.6 478861.2 54127.7 20579.0   8336.6 21803.8  6538.7
 -1078 -443.921  -0.000 -443.922  1072372.6 451327.0 48975.3 20579.5   8422.1 28878.3  6495.6
 -1077 -546.616  -0.001 -546.616  1010344.0 679507.3 120040.5 21260.0   8139.1 76120.5  6733.7
 -1076 -425.788  -0.000 -425.789   917604.3 611978.7 112052.2 19908.4   7821.6 37415.0  6144.2
 -1075 -448.319  -0.000 -448.319   849253.1 586293.6 66650.4 19823.5   7011.2 23379.4  5527.8

         Carbon flux (ktC/yr)        Water (dam3/yr)                Nitrogen (MgN/yr)
       ----------------------- -------------------------- --------------------------------
Spinup NEP     estab   NBP     transp     evap    interc  nuptake ndemand  nlosses ninflux
------ ------- ------- ------- ---------- ------- ------- ------- -------- ------- -------
 -1074 -475.007  -0.000 -475.008   945354.3 521311.3 75132.2 22265.3   8254.3 33981.1  6375.7
 -1073 -340.250  -0.000 -340.250   859583.9 365731.1 54897.8 21085.5   8662.5 28223.4  6291.7
 -1072 -360.397   0.000 -360.397   846299.9 502527.9 112270.5 20026.6   7542.1 52076.6  5655.3
 -1071 -304.795  -0.000 -304.795   838289.8 439879.0 54273.1 24254.4   7823.9 18422.4  5861.1
 -1070 -217.349  -0.000 -217.350   765492.7 471712.2 72530.8 17319.4   8288.9 28316.4  5970.3
 -1069 -327.712  -0.000 -327.712   905816.3 543917.9 78148.6 22996.0   8068.2 27388.9  5902.7
 -1068 -383.709   0.000 -383.709   830826.3 503803.9 112313.2 18809.1   7803.4 50089.8  5631.2
 -1067 -258.974  -0.001 -258.975   920017.9 602016.7 123821.1 22784.1   8949.4 35103.0  6442.3
 -1066 -273.960  -0.001 -273.960   855673.4 501748.6 79173.0 19459.6   9360.2 19237.2  6545.3
 -1065 -165.905  -0.001 -165.906   889074.2 599867.2 133336.9 23027.3   8918.1 34907.6  6454.1
 -1064 -348.029  -0.001 -348.029   806315.6 472518.1 65661.4 22302.6   8213.0 12242.9  5940.1
 -1063 -177.032  -0.001 -177.033   818455.4 541330.9 78803.1 23328.0   8905.3 23500.5  6210.2
 -1062 -355.690  -0.000 -355.690   792617.7 527478.8 81887.7 22126.7   7607.3 38265.5  5765.7
 -1061 -74.457  -0.001 -74.458   800131.2 536853.1 83826.8 25731.0   8788.1 16894.1  6195.0
 -1060 -148.661  -0.001 -148.662   831510.4 603507.1 155354.6 25569.4   9257.3 41365.0  6428.5
 -1059 -131.855  -0.001 -131.855   849077.4 444928.8 74902.4 26297.3   9467.3 10517.4  6562.9
 -1058 -103.749  -0.001 -103.750   804928.4 550459.3 135095.9 26905.2   8586.0 33861.8  6194.1
 -1057 -81.006  -0.001 -81.007   795696.2 488465.8 127240.4 21399.2   9253.1 29187.4  6146.4
 -1056 -185.356  -0.000 -185.356   737249.1 576949.3 111795.0 26832.2   7670.9 18874.5  5662.6
 -1055 -167.722   0.001 -167.720   757426.4 505043.5 156939.9 26734.7   8255.0 27494.1  5605.7
 -1054 -129.390  -0.001 -129.390   834510.4 624163.5 140012.2 21680.2   8940.2 22588.5  6021.2
 -1053 -159.757  -0.000 -159.758   832850.0 542912.1 115656.3 30981.7   8153.7 14279.0  5759.8
 -1052 -245.207  -0.001 -245.208   750096.1 458639.3 79322.1 21725.2   8620.1 16352.9  5639.1
 -1051 134.429  -0.001 134.428   767595.1 509396.8 118209.3 26855.6   9667.0 28493.9  6047.1
 -1050 -93.755  -0.000 -93.755   771001.9 601374.8 188571.9 28177.6   8661.4 22301.1  5885.0

         Carbon flux (ktC/yr)        Water (dam3/yr)                Nitrogen (MgN/yr)
       ----------------------- -------------------------- --------------------------------
Spinup NEP     estab   NBP     transp     evap    interc  nuptake ndemand  nlosses ninflux
------ ------- ------- ------- ---------- ------- ------- ------- -------- ------- -------
 -1049 -89.122  -0.001 -89.123   803867.8 498481.2 95877.9 23153.4   9696.5 15220.7  5935.4
 -1048  48.036  -0.001  48.036   806594.2 506046.4 130790.6 30384.6   9449.7 16340.4  6225.2
 -1047  59.890  -0.001  59.889   780583.4 540164.8 165266.9 28403.1   9715.4 19703.7  6012.8
 -1046 -15.391  -0.001 -15.391   834953.4 528408.4 144366.8 29268.4   8985.5 12952.9  5645.1
 -1045 -54.014  -0.001 -54.015   844803.3 549970.3 226722.8 26258.8  11003.3 22418.6  6292.2
 -1044 -113.036  -0.000 -113.037   817795.2 526794.5 152487.6 31067.8   9289.4 13282.9  5584.5
 -1043 -36.775   0.002 -36.774   740863.2 430184.0 106581.2 26251.9   9967.6 11819.7  5666.0
 -1042  88.565  -0.001  88.564   764102.0 510716.9 134473.0 25466.9  10337.5 22729.7  5890.7
 -1041  20.004  -0.001  20.004   863472.4 439162.7 103089.6 31697.3  10223.7  6761.9  6112.6
 -1040  80.260  -0.001  80.259   810298.1 509221.1 143086.3 27630.8  10859.5 17849.4  6073.9
 -1039 -11.276  -0.000 -11.276   780390.3 576381.0 140065.9 27845.1   8842.2 15123.5  5348.8
 -1038  -3.923  -0.001  -3.924   843110.8 620771.0 193569.0 24215.5   9876.5 20600.5  5675.0
 -1037 -101.800   0.002 -101.798   806520.8 499369.1 201918.3 29927.4   8572.6 16332.0  5292.2
 -1036  34.839  -0.001  34.838   851564.2 544213.5 193520.5 29015.8  11160.3 14098.2  6048.3
 -1035   2.549  -0.001   2.549   933229.0 559815.9 224210.5 28201.9  10577.4 12940.8  6051.1
 -1034 -26.080  -0.000 -26.080   906832.4 502064.2 147884.5 30203.3  10225.6  9880.1  5917.4
 -1033 -14.221  -0.000 -14.222   920644.5 542799.3 231529.1 28928.5  11233.7 16252.7  6095.7
 -1032 -56.987  -0.000 -56.987   891760.4 522860.3 157738.6 31602.8   9570.6 10226.3  5440.4
 -1031  31.436  -0.000  31.435   865260.8 598595.2 240747.6 27214.0  11660.1 18653.9  6001.2
 -1030 162.347  -0.001 162.346   812106.8 501450.9 157452.6 25270.7  11131.2 12215.3  5827.4
 -1029  74.192  -0.000  74.191   832187.2 530237.3 201662.3 30420.0   9806.0 10671.3  5602.6
 -1028 162.144  -0.001 162.144   836068.8 461906.5 130107.3 25710.9  12044.8  4836.2  6154.9
 -1027  84.563  -0.001  84.562   837552.2 537905.5 240713.1 30314.1  10778.3 17527.1  5942.2
 -1026 -21.753   0.002 -21.751   810482.8 435433.7 126104.2 28853.2   9616.8  7310.0  5481.1
 -1025 -86.800  -0.000 -86.800   897570.2 532228.3 159502.0 31404.0   9708.7  9531.1  5366.2

         Carbon flux (ktC/yr)        Water (dam3/yr)                Nitrogen (MgN/yr)
       ----------------------- -------------------------- --------------------------------
Spinup NEP     estab   NBP     transp     evap    interc  nuptake ndemand  nlosses ninflux
------ ------- ------- ------- ---------- ------- ------- ------- -------- ------- -------
 -1024 -30.716   0.000 -30.716   917098.0 503208.0 153792.0 27726.3  11445.2 11030.5  5867.5
 -1023  92.048  -0.001  92.046   868930.6 637361.0 253891.9 29114.8  11709.6 16459.8  6258.4
 -1022 204.313  -0.001 204.313   786902.6 464257.4 154394.6 28111.8  10142.3  6583.5  5335.7
 -1021 196.105  -0.001 196.105   872535.9 569009.2 256405.3 26580.8  12405.1 11867.5  6120.0
 -1020 -18.373  -0.000 -18.373   867760.8 478648.2 187481.8 24203.3  10874.2 11775.1  5626.9
 -1019 -28.554  -0.000 -28.555   881818.0 490896.1 132931.4 26979.0  10181.2  8187.2  5446.1
 -1018  99.058  -0.000  99.058   866843.1 531319.5 216276.7 35291.8   9692.7 11434.3  5572.8
 -1017  40.609  -0.000  40.609   900474.7 608343.5 230723.5 23020.7  10675.4 11896.6  5545.5
 -1016 -60.978   0.003 -60.975   850350.4 492631.5 234254.9 30626.1   9054.9 11434.9  5172.9
 -1015 -26.020  -0.000 -26.020   850132.9 511773.8 105913.1 31395.5  11016.5  4248.0  5497.5
 -1014   8.715  -0.000   8.715   866909.0 521459.2 141813.4 24307.1  10792.1  6298.5  5699.3
 -1013 -32.227  -0.001 -32.227   915639.0 437036.4 115349.2 33597.1  10695.4  7472.9  5914.6
 -1012 -43.570  -0.001 -43.571   862837.3 456487.3 108413.5 28788.4   9096.8 12409.8  5156.4
 -1011 148.571   0.001 148.572   880181.6 521183.9 146716.8 27253.1   9076.1 10470.2  5061.7
 -1010 -70.696  -0.000 -70.696   915369.5 457425.1 121218.7 31421.2   9443.5  6715.7  5258.2
 -1009  41.533  -0.000  41.533   961458.6 523503.6 164168.9 34089.1   9778.4 11951.1  5149.3
 -1008 141.527  -0.001 141.527   897388.4 519040.1 150349.5 25045.4  11301.7  7219.3  5538.7
 -1007  81.135  -0.000  81.134   900313.6 530848.0 207903.7 32543.4  10044.7 14609.6  5407.9
 -1006 233.241  -0.001 233.240   901692.2 565615.3 263468.1 28584.4  12347.6  9931.4  5949.1
 -1005 101.636  -0.000 101.636   880845.2 514876.3 164728.2 25758.9  10684.0  4318.1  5498.1
 -1004 -104.114   0.003 -104.112   866665.5 432824.8 164819.8 31634.8  10412.8 13731.0  5488.6
 -1003 105.301  -0.001 105.300   911376.6 535826.3 189347.8 29570.5  10974.0  8326.4  5421.1
 -1002 109.665  -0.001 109.664   922488.4 526672.5 198613.5 28333.9  10639.7  8224.4  5412.5
 -1001  13.161  -0.000  13.161   911744.7 367589.5 109656.4 26914.4  10748.4  6004.0  5379.1
 -1000   2.287   0.002   2.289   927898.5 482820.7 220386.9 30369.3   9457.4 11850.5  4922.8

         Carbon flux (ktC/yr)        Water (dam3/yr)                Nitrogen (MgN/yr)
       ----------------------- -------------------------- --------------------------------
Spinup NEP     estab   NBP     transp     evap    interc  nuptake ndemand  nlosses ninflux
------ ------- ------- ------- ---------- ------- ------- ------- -------- ------- -------
  -999 -177.568  -0.000 -177.569   989436.7 464885.8 129469.6 29021.2  10500.3  7635.5  5331.0
  -998 -36.478   0.001 -36.477   930137.5 432774.5 137754.6 31822.6  10116.6 11527.8  5304.9
  -997  32.735  -0.001  32.735   961798.6 572691.4 123655.4 29536.5   9440.6  7303.3  4839.8
  -996 134.337  -0.001 134.336   979754.2 528950.5 124520.1 27680.7  10481.0  5130.7  5260.9
  -995 -58.971  -0.000 -58.971  1045725.3 524679.8 149003.2 35465.2   9026.5  8105.5  4970.2
  -994 -38.166  -0.000 -38.166   984333.1 484940.8 109214.4 23623.6  11413.4  9078.6  5188.5
  -993 -37.634   0.001 -37.633   965965.5 433250.9 138263.0 34681.6   9714.9 13078.9  5187.7
  -992   2.105  -0.001   2.105  1007255.8 457953.5 102077.5 30243.8  10437.6  3288.8  5025.6
  -991 140.613  -0.001 140.612  1058533.0 598861.5 221595.7 32431.7  10845.3 13618.7  5322.4
  -990 145.779  -0.001 145.778  1033119.4 642287.5 240069.0 29631.6  11628.6  8850.5  5739.9
  -989 164.808  -0.001 164.807  1056228.7 644403.7 252924.8 30617.5  11520.9  8204.7  5696.3
  -988  31.231   0.000  31.232  1027983.4 565622.9 149634.2 29493.9   9658.0  5948.4  4740.4
  -987 156.342  -0.000 156.342  1021287.7 530040.4 230413.8 30626.1  11849.9  9355.2  5470.4
  -986 118.519  -0.000 118.519  1034754.1 506913.6 163419.0 27867.6  11518.1  5275.7  5502.0
  -985 183.577  -0.000 183.576  1005868.7 464440.4 130200.7 27756.9  11841.2  3107.6  5627.7
  -984  78.927  -0.000  78.927  1012581.5 475876.8 132131.6 29140.1  11694.8  7463.1  5718.2
  -983 -157.567   0.002 -157.565   976856.8 443523.3 156416.8 31379.8  10555.4 12303.2  5350.7
  -982  92.102  -0.001  92.101  1104441.6 542795.3 232916.8 30428.2  11552.2  7277.1  5565.9
  -981  87.676   0.000  87.676   893721.0 464636.6 142753.4 29347.6  10219.3  5455.7  4959.4
  -980  42.728  -0.000  42.728   978486.1 519254.4 138657.1 25478.0  11644.5  3729.3  5342.1
  -979 -34.512  -0.000 -34.512  1038916.3 612740.5 198067.3 26885.3   9948.4 12460.2  5174.5
  -978 -69.394   0.000 -69.394  1023787.6 621849.3 197639.7 27065.6  10102.3  8680.1  5231.3
  -977 -48.468  -0.000 -48.468   972860.4 491400.6 118079.6 27964.2  10235.4  6325.8  5192.2
  -976 -29.690   0.002 -29.689   953431.9 431247.4 149029.6 34996.7   9675.8  9490.4  5300.5
  -975 230.464  -0.001 230.463   994879.1 460265.5 111302.1 27761.9  11833.3  2889.9  5703.3

         Carbon flux (ktC/yr)        Water (dam3/yr)                Nitrogen (MgN/yr)
       ----------------------- -------------------------- --------------------------------
Spinup NEP     estab   NBP     transp     evap    interc  nuptake ndemand  nlosses ninflux
------ ------- ------- ------- ---------- ------- ------- ------- -------- ------- -------
  -974  -8.270  -0.000  -8.271  1055970.1 633204.6 189943.1 26264.9   9520.8 11165.4  5169.2
  -973 102.190  -0.001 102.189   995268.2 505661.6 150410.8 30069.7  10428.5  7736.5  5380.6
  -972 -144.629   0.000 -144.628   983186.9 502726.7 132168.4 28784.7   9025.9  6447.4  4916.7
  -971  45.429  -0.000  45.429   945887.7 375451.2 100675.0 32275.0  10571.5  4890.8  5287.8
  -970 252.796  -0.001 252.795   965535.3 563839.3 239936.3 30652.5  11958.8  8018.2  5808.0
  -969 152.589  -0.001 152.588   950093.6 496237.4 161820.0 24181.7  10885.0  6927.2  5432.1
  -968   0.044   0.000   0.044  1018671.9 489917.6 166794.6 33875.3  10066.6  4277.5  5417.0
  -967   5.826  -0.000   5.826   986830.0 427969.1 117811.1 29958.5  12331.3  3248.4  5795.0
  -966 109.621  -0.001 109.620  1008980.7 436311.4 122935.0 33352.5  11124.2  5478.8  5645.7
  -965 324.272  -0.001 324.271   984251.2 529259.9 251581.3 31996.7  10983.1 12582.3  5536.9
  -964 198.493  -0.000 198.493   999710.4 504190.0 189674.0 28149.7  11097.3  5363.5  5574.0
  -963  67.606   0.000  67.606  1029119.1 609224.3 245766.3 26003.5  10432.7  8705.8  5246.2
  -962  52.085  -0.000  52.085   927144.6 526741.4 268091.7 32596.5  11357.2  6879.4  5658.0
  -961 -22.182   0.000 -22.182   939703.4 379767.5 125864.5 29827.8  11194.2  4505.7  5389.3
  -960  77.046   0.003  77.049   919163.5 416640.3 135694.1 30857.0  10499.2  3651.1  5226.4
  -959  45.606  -0.000  45.606   830255.2 477917.2 152624.4 27901.6  10496.3  5896.9  5073.4
  -958  26.277  -0.000  26.277   828412.3 469933.7 151457.4 26631.7  11233.6  5284.3  5135.6
  -957  46.767  -0.001  46.767   946663.6 518821.9 202477.6 27017.6  11618.1  7326.0  5468.1
  -956  43.271  -0.000  43.271   979182.6 586203.0 267666.5 28630.0  11439.6  7583.2  5638.0
  -955 -34.699  -0.000 -34.699   936412.0 479003.8 132736.0 24986.4  10915.3  4997.0  5293.1
  -954  87.855  -0.000  87.855   894470.9 489317.4 128798.7 38337.9   9947.0  3629.2  5083.4
  -953 -33.487   0.000 -33.487   901133.1 556304.5 168652.7 27183.8  10205.3  6024.1  5030.0
  -952 -19.008  -0.000 -19.008   952047.4 593757.1 271485.7 31504.9  11461.2 10217.9  5677.8
  -951  68.275  -0.001  68.274   909724.2 478026.6 193423.0 25579.4  11407.8  6976.1  5470.6
  -950 -16.517   0.000 -16.517   914383.8 565291.2 170202.7 33382.7   9060.8  5229.2  4989.1

         Carbon flux (ktC/yr)        Water (dam3/yr)                Nitrogen (MgN/yr)
       ----------------------- -------------------------- --------------------------------
Spinup NEP     estab   NBP     transp     evap    interc  nuptake ndemand  nlosses ninflux
------ ------- ------- ------- ---------- ------- ------- ------- -------- ------- -------
  -949 248.712  -0.001 248.711   926342.4 462761.6 141992.2 27842.2  12197.9  3370.3  5916.2
  -948  49.731  -0.000  49.731   927840.7 381112.0 122866.1 31569.2  10141.2  6708.1  5388.5
  -947 120.269   0.003 120.272   914356.4 416560.9 134385.8 31764.0  10170.2  4192.8  5226.4
  -946  81.025  -0.000  81.024   827889.3 477631.8 152832.2 28730.6  10248.6  6189.5  5065.9
  -945 -44.632  -0.000 -44.632   986584.5 610013.0 211313.9 23810.8  11029.6  8918.9  5334.2
  -944 -168.170  -0.000 -168.171   937904.9 465212.1 127079.8 32788.7   9819.9  3456.8  5211.6
  -943  70.827  -0.001  70.827   984280.6 616506.7 218324.7 27828.3  10435.9  9999.6  5311.9
  -942 187.055  -0.000 187.055   841468.3 465771.9 163346.4 31630.2   9973.2  4493.9  5116.6
  -941  -6.447   0.003  -6.444   947740.5 479200.6 232622.1 27392.5  10231.2  8052.5  4966.0
  -940 -37.420  -0.001 -37.422   977750.2 662326.1 243824.3 31894.0  11595.1  7413.4  5919.9
  -939 178.710  -0.001 178.709  1040387.8 591094.2 252168.5 30736.5  10969.7  6289.9  5455.5
  -938  89.298  -0.001  89.297  1038561.6 428555.6 123152.9 32067.0  11411.5  2261.8  5618.3
  -937 122.843  -0.001 122.843   960531.7 496905.0 125736.8 35065.0  10481.8  5596.6  4919.3
  -936 118.414  -0.000 118.414  1009569.5 496166.6 178954.1 27295.2  11801.9  6679.1  5608.2
  -935 -31.470   0.003 -31.468   968390.8 428780.6 165807.2 31165.2  10721.3  8842.4  5267.0
  -934 151.048  -0.001 151.047  1004241.1 523443.9 140973.0 29305.9  11010.7  3003.6  5200.7
  -933  24.803  -0.000  24.803   952781.5 493285.9 114347.1 34282.9  10142.3  2506.6  4874.9
  -932 -201.798   0.000 -201.798   986505.0 444084.4 108368.3 27370.1  10041.5  6001.0  4923.3
  -931  77.190  -0.000  77.189  1047573.6 608557.1 205090.7 29103.4  10165.1 11436.8  5084.0
  -930  74.080  -0.001  74.079  1002367.1 533644.6 203671.3 35102.8  10058.4  6330.6  5274.1
  -929  63.227  -0.001  63.226   984020.1 366050.7 112242.5 28658.3  10967.9  4038.8  5221.5
  -928 201.361  -0.000 201.361  1008988.5 518684.8 214835.7 32692.5  10615.4  6914.2  5300.5
  -927 -126.623   0.000 -126.623  1008294.4 503566.8 150337.1 28629.1  10054.0  6006.7  4942.7
  -926 -17.871   0.002 -17.869   968274.5 428194.9 165210.8 31671.7  10879.5  7358.1  5298.5
  -925 121.457   0.001 121.458   992691.7 420314.9 109777.9 32117.4  10010.8  2912.2  4898.6

         Carbon flux (ktC/yr)        Water (dam3/yr)                Nitrogen (MgN/yr)
       ----------------------- -------------------------- --------------------------------
Spinup NEP     estab   NBP     transp     evap    interc  nuptake ndemand  nlosses ninflux
------ ------- ------- ------- ---------- ------- ------- ------- -------- ------- -------
  -924 -12.157  -0.000 -12.158  1022190.8 484106.7 160485.3 24266.7  10856.8  8241.7  5077.9
  -923  -5.714  -0.001  -5.714  1086529.8 436642.0 107714.1 37086.7  10207.5  2774.4  5318.7
  -922 119.584  -0.001 119.583  1045408.5 381050.8 100638.4 30999.2  10599.4  5712.0  5031.0
  -921  46.809  -0.000  46.808  1052623.1 564464.1 146262.4 32595.1   9203.2  7421.9  4650.8
  -920  68.558   0.001  68.559  1038371.2 424270.0 113642.5 31440.1  10081.9  4004.2  4855.4
  -919 -39.688  -0.000 -39.689  1067516.9 483174.2 110680.7 23772.6  10556.9  6059.1  4937.1
  -918 -46.857   0.000 -46.857  1059099.0 591651.9 224264.0 36807.5   9388.0  9409.3  5075.0
  -917  69.764  -0.000  69.763  1001365.1 493503.2 102338.0 33851.2  11092.8  2545.0  4895.3
  -916 -48.299  -0.000 -48.299  1053363.4 479872.8 113408.7 23189.5  10978.4  5721.1  5082.5
  -915  88.316  -0.000  88.316  1042680.6 526950.3 188636.8 38457.1   9404.6  8134.0  5117.2
  -914  65.117  -0.000  65.116  1101350.2 604887.3 197812.7 25853.9  10707.8  7427.7  5150.3
  -913  -8.816  -0.000  -8.816  1015254.2 578120.7 149772.2 33525.9   8979.0  4628.7  4714.0
  -912 -23.691  -0.000 -23.691  1019202.3 488548.0 174180.5 25716.7  11470.7  7451.5  5204.2
  -911 -61.627   0.000 -61.627  1098594.5 456174.5 146560.5 33407.5   9514.6  4779.4  5044.8
  -910  -7.869  -0.000  -7.869  1048681.2 509092.5 137184.5 32104.8   9489.2  6387.1  4812.0
  -909  41.137   0.002  41.138  1019033.5 429442.4 155132.5 33145.1  10391.4  7451.9  5143.3
  -908  69.975   0.000  69.975  1055789.3 513223.5 129878.3 27201.7   9739.6  3864.2  4698.0
  -907 -90.231  -0.000 -90.231  1097356.8 503289.3 121921.5 31130.3   8795.8  7149.6  4665.6
  -906  72.843  -0.000  72.843  1052611.5 566678.5 135692.7 33883.4   9226.6  4546.5  4557.0
  -905 110.379  -0.001 110.378  1082351.5 506410.6 146343.1 28724.4  11632.2  5624.3  5322.4
  -904 239.901  -0.001 239.900  1086505.8 497131.2 151827.1 27078.9  10781.5  6651.2  5103.2
  -903  11.521  -0.000  11.521  1100080.0 589325.2 251238.4 32998.9  10226.2  6519.5  5218.8
  -902 -32.070  -0.000 -32.070  1101270.5 427571.3 113476.9 32533.8  11932.2  2065.4  5445.7
  -901  69.181  -0.001  69.180  1119741.9 433921.8 117327.7 34498.7  11279.8  3968.2  5371.0
  -900  37.254  -0.001  37.254  1116767.8 512232.0 142093.4 32045.1   9334.0  9428.7  4675.9

         Carbon flux (ktC/yr)        Water (dam3/yr)                Nitrogen (MgN/yr)
       ----------------------- -------------------------- --------------------------------
Spinup NEP     estab   NBP     transp     evap    interc  nuptake ndemand  nlosses ninflux
------ ------- ------- ------- ---------- ------- ------- ------- -------- ------- -------
  -899   1.433  -0.000   1.433  1108703.4 506565.7 146033.7 31481.5   9624.9  6390.9  4689.9
  -898  92.174   0.000  92.175  1086628.1 582094.3 262373.2 30997.2  10995.4  6712.3  5178.3
  -897 -92.558   0.000 -92.558  1091215.1 455229.4 131784.2 31779.6  10663.6  2477.7  4969.7
  -896  64.180  -0.001  64.179  1115140.9 431301.8 127117.0 35668.1  11739.3  3670.4  5419.0
  -895  66.577  -0.001  66.576  1116191.8 456842.2 136821.7 33501.0  10282.7  5014.7  4886.6
  -894 378.962  -0.001 378.961  1108388.0 568537.8 285935.7 34259.3  12071.1 10408.5  5520.5
  -893 143.494   0.000 143.494  1095844.2 496981.6 196005.5 29217.1  11386.7  4307.9  5394.4
  -892  16.064   0.000  16.065  1045615.5 367306.9 126462.7 31659.1  11195.2  3910.3  5098.1
  -891 174.193   0.000 174.193  1042469.7 450568.9 151593.4 28870.4  12780.0  3043.6  5659.2
  -890 -256.794   0.000 -256.794  1045518.3 517141.6 160765.5 32151.7   9814.4  8784.5  4837.7
  -889  70.530  -0.000  70.529  1081120.9 532231.9 292331.6 31727.7  11883.1  5949.2  5578.3
  -888 129.516  -0.000 129.516  1008398.2 495141.8 195496.4 30782.5  11560.2  4701.8  5586.0
  -887  65.194   0.000  65.194   999838.3 581578.4 289861.4 30294.1  10995.7  7088.9  5408.2
  -886 203.165  -0.000 203.165   993524.2 568313.2 297961.8 32478.6  12216.0  5487.2  5848.6
  -885  40.781  -0.000  40.780   986017.9 624481.8 325708.3 29931.1  12120.9  5696.0  6027.4
  -884 -140.352   0.000 -140.352  1004303.6 504950.2 169787.8 30133.9  10204.2  4825.5  4964.6
  -883  83.589   0.000  83.589  1052238.9 483748.1 198923.0 33891.1  11509.7  3648.4  5552.3
  -882  16.121   0.000  16.121   955832.2 549255.5 190243.5 29399.3  10223.1  4320.3  4961.8
  -881 102.498  -0.001 102.497   972472.6 473373.8 154121.5 29516.8  12283.0  4726.2  5833.3
  -880  70.215  -0.000  70.214   963925.4 521776.4 186928.8 31335.1  10211.5  4885.5  5295.0
  -879 -94.860   0.000 -94.860  1021560.2 449764.4 182107.1 33655.6   9708.2  7006.6  5172.7
  -878 113.477  -0.000 113.477   964033.9 370585.0 132610.4 33951.1  10635.0  4793.0  5296.4
  -877 219.080  -0.001 219.079   987977.6 631363.3 335056.8 32780.5  12216.0  8243.1  6017.9
  -876 279.808  -0.000 279.808  1007519.0 490737.9 214068.0 24945.3  11402.7  5429.9  5522.9
  -875 -79.723   0.005 -79.718   987019.9 468121.8 280313.7 34451.2   8553.5  6162.6  4737.5

         Carbon flux (ktC/yr)        Water (dam3/yr)                Nitrogen (MgN/yr)
       ----------------------- -------------------------- --------------------------------
Spinup NEP     estab   NBP     transp     evap    interc  nuptake ndemand  nlosses ninflux
------ ------- ------- ------- ---------- ------- ------- ------- -------- ------- -------
  -874 -263.983   0.000 -263.983   961008.2 588684.2 153599.2 31087.1  10009.1  4572.8  4939.5
  -873  94.572  -0.001  94.571   874937.9 467025.1 155226.5 30200.4  10617.8  4137.7  5009.7
  -872  91.889  -0.001  91.888   983068.7 459517.5 136024.1 25582.1  12377.6  2316.8  5736.1
  -871 -160.710   0.000 -160.710   987561.7 573031.8 165822.6 32768.0   9019.5  7878.7  4843.6
  -870 -74.718  -0.000 -74.718   982904.3 564669.4 162273.9 31391.5  10001.0  6001.2  4934.1
  -869 -42.777  -0.001 -42.778  1073464.3 452300.6 157753.5 31342.8  10310.8  6048.1  5188.1
  -868 232.829  -0.001 232.829  1037258.8 500240.1 181465.7 33119.3  10775.9  5378.1  5465.0
  -867 118.069  -0.000 118.069  1018581.7 559962.4 176364.3 32160.8   9466.6  4385.7  4783.1
  -866 -174.101  -0.000 -174.101  1054053.6 516521.1 155814.2 31141.1   9896.2  7581.0  4888.3
  -865 -47.300  -0.000 -47.300  1049494.5 505818.5 157298.3 32004.4   9843.1  5592.7  4898.4
  -864 127.152   0.000 127.152  1015388.5 557504.8 179433.1 32684.5   9932.3  3999.0  4794.8
  -863 128.295  -0.000 128.294   919145.5 469427.0 176154.7 31491.1  10776.6  5237.7  4943.1
  -862 -63.178  -0.000 -63.178  1091811.1 446776.3 171061.1 28378.3  11229.9  5395.1  5168.7
  -861 137.526   0.002 137.528  1018742.4 412269.7 136460.9 35541.2   9611.2  3546.3  4917.2
  -860  65.004  -0.000  65.004  1074416.3 598726.7 266102.0 31694.5  11500.6  8983.4  5370.3
  -859 -89.654   0.002 -89.651  1020455.1 427992.3 161743.2 31264.0  11022.3  6885.8  5233.6
  -858 113.306  -0.001 113.304  1081919.0 646649.7 248616.4 32933.2  11906.8  6094.7  5620.0
  -857 250.173  -0.001 250.172  1109118.3 460527.8 129635.1 29234.9  11362.0  2104.1  5439.5
  -856 -26.164  -0.000 -26.164  1073167.5 381753.7 112804.0 33319.0  10058.5  5349.2  4991.2
  -855  78.535  -0.000  78.535  1183731.9 484947.6 171164.2 34838.2  11404.9  4511.6  5279.5
  -854  83.867  -0.000  83.867  1080919.7 513811.5 214980.9 30488.6  11351.6  6879.6  5225.5
  -853 -85.239   0.002 -85.237  1054090.5 425975.7 164540.5 30571.7  11053.8  7051.6  5151.5
  -852  94.332  -0.001  94.332  1199447.9 490171.8 153551.8 34375.4  11167.8  3524.5  5196.8
  -851 -46.118  -0.000 -46.118  1092288.7 476280.4 120434.5 23785.3  10862.8  4957.2  4917.1
  -850  17.637  -0.001  17.637  1091312.2 647368.1 266054.7 39755.3  10282.0  8809.8  5462.6

         Carbon flux (ktC/yr)        Water (dam3/yr)                Nitrogen (MgN/yr)
       ----------------------- -------------------------- --------------------------------
Spinup NEP     estab   NBP     transp     evap    interc  nuptake ndemand  nlosses ninflux
------ ------- ------- ------- ---------- ------- ------- ------- -------- ------- -------
  -849 211.529  -0.001 211.528  1107219.3 522238.0 244160.7 32460.0  11596.8  5540.2  5306.2
  -848 -52.515  -0.000 -52.515  1195292.5 455362.6 160438.1 30789.3   9959.5  4807.2  4931.3
  -847 -76.890  -0.000 -76.890  1120362.1 508667.2 150261.4 34802.4   9375.0  5972.7  4653.1
  -846 -30.906  -0.000 -30.906  1094328.3 441839.2 119252.5 31252.7   9927.5  3684.5  4656.1
  -845  52.330   0.001  52.331  1092397.4 504623.6 157831.2 28609.3   9754.3  5068.2  4629.0
  -844 -25.699  -0.000 -25.699  1181592.4 506200.3 173706.9 39665.3   9335.3  5494.9  4695.8
  -843 -182.011   0.000 -182.010  1112709.0 506155.0 140848.1 28489.8  10853.2  7037.7  4779.6
  -842  43.290  -0.000  43.290  1146549.6 536797.4 259733.5 33063.4  11542.0  6489.0  5347.8
  -841 150.256  -0.000 150.255  1046778.6 514273.7 157200.9 31710.3  10592.7  3106.7  5068.5
  -840 210.220  -0.001 210.219  1062536.9 502273.1 174496.5 30287.3  10710.6  7848.4  5107.4
  -839   3.444   0.000   3.444   974131.5 484802.5 131527.8 35481.1   9825.8  1325.0  4721.2
  -838 -191.199   0.003 -191.196  1013218.6 426634.2 163626.1 30702.1  11273.2  9097.1  5298.1
  -837  93.813  -0.001  93.812  1037421.2 522036.0 136203.4 30728.7  11020.0  2883.9  5120.9
  -836 -17.014  -0.001 -17.015  1037637.6 375595.6 103310.8 33332.3   9896.7  5034.9  5000.6
  -835 191.367  -0.001 191.366  1065308.6 453972.7 127588.8 30971.3  11518.6  3145.8  5504.5
  -834 -55.233  -0.000 -55.233  1011057.8 503817.0 120054.2 36761.2   9925.6  6336.2  4727.8
  -833 161.875  -0.000 161.874  1051590.8 560141.9 263778.2 31169.2  12256.5  7283.3  5681.3
  -832 -73.279   0.000 -73.278  1053073.1 583099.8 262598.0 30350.9  10655.3  6365.5  5233.4
  -831 -163.431  -0.000 -163.431  1059368.8 456718.6 130771.5 33170.8  10621.3  2505.8  5029.7
  -830 210.903  -0.001 210.902  1055700.8 468448.7 137896.1 32521.9  11909.7  4521.6  5577.0
  -829 142.764  -0.000 142.764   953074.3 472892.0 169072.1 33891.5   9709.5  7020.9  4747.0
  -828  26.268  -0.001  26.267  1135839.1 528737.3 286169.0 29232.5  11955.5  6451.4  5526.7
  -827 136.224   0.000 136.224   941806.9 454081.6 176703.6 32177.4  10155.1  4547.8  4848.2
  -826 -159.657   0.002 -159.655  1018436.7 514928.0 162795.9 24584.5  10825.8  4089.0  4857.7
  -825 -215.214   0.000 -215.214  1048196.2 502186.6 140399.3 34038.2   9504.7  7276.2  4823.1

         Carbon flux (ktC/yr)        Water (dam3/yr)                Nitrogen (MgN/yr)
       ----------------------- -------------------------- --------------------------------
Spinup NEP     estab   NBP     transp     evap    interc  nuptake ndemand  nlosses ninflux
------ ------- ------- ------- ---------- ------- ------- ------- -------- ------- -------
  -824 -107.161  -0.000 -107.162  1040597.2 456413.3 126822.4 32865.2  10714.0  2651.3  5028.0
  -823 -27.366  -0.001 -27.367  1041996.5 448020.5 114562.4 32614.4   9422.6  5838.8  4767.1
  -822 184.572  -0.001 184.571  1078303.3 481459.6 135375.9 28388.1   9997.4  6634.4  4870.1
  -821 140.943  -0.000 140.943  1059338.3 373185.5 122741.4 38654.5   8902.1  5716.0  4875.0
  -820  -5.804   0.002  -5.803  1056308.2 505442.2 164793.9 29030.5   9932.2  5169.1  4761.4
  -819 105.329  -0.000 105.329  1075425.7 519128.5 213842.6 36000.7  10311.1  7289.9  5123.3
  -818 -81.336   0.002 -81.334  1057305.9 426795.6 165535.1 30714.1  11061.9  7036.4  5203.9
  -817  29.141  -0.001  29.140  1104947.4 480257.7 117704.0 27193.8  10725.8  4253.4  4882.9
  -816  -7.124  -0.000  -7.124  1116070.0 589982.4 245174.9 37111.0   9142.7  7549.8  4993.6
  -815 -106.872  -0.000 -106.872  1094347.6 563368.0 150700.7 33451.7   9599.1  4820.6  4609.9
  -814 121.275  -0.001 121.275  1155275.7 598629.6 258624.3 33240.3  11685.0  7270.1  5287.9
  -813 -69.109  -0.000 -69.109  1195175.5 443380.4 153688.4 31604.1  10362.2  4724.5  4953.6
  -812 -52.086  -0.000 -52.086  1132809.0 450701.3 130696.6 35896.8  10115.9  2648.3  4828.0
  -811  83.035  -0.001  83.033  1179179.4 430155.6 128201.9 36799.7  11437.7  3820.4  5262.5
  -810  50.101  -0.001  50.101  1172878.8 510973.2 153623.2 33817.5   9275.6  9571.8  4533.9
  -809  81.473   0.001  81.474  1136632.3 504484.7 164259.8 27362.7   9823.7  4634.9  4593.0
  -808 -40.667   0.002 -40.665  1140205.4 428227.7 161948.7 36766.2  10021.7  8628.0  4908.4
  -807 182.741  -0.001 182.740  1184789.4 523794.5 193394.2 33475.0  11305.3  5209.5  4962.1
  -806  15.478  -0.000  15.478  1157927.6 481311.9 179007.5 25947.9  11263.1  6218.7  4839.3
  -805  92.069   0.000  92.069  1020502.5 459455.3 152741.2 34068.7   9541.5  3387.5  4511.4
  -804 -23.807  -0.000 -23.808  1129835.0 519032.7 235492.1 29767.4  12739.5  6121.5  5303.6
  -803  25.275  -0.000  25.275  1135936.5 525185.2 151561.5 30684.9  10648.8  3351.8  4982.4
  -802 -21.981   0.000 -21.981  1230774.1 487723.7 169194.4 37175.3  10548.4  4468.9  5128.4
  -801 -113.267   0.000 -113.267  1106794.7 473348.8 127921.2 25655.3  11522.2  5351.7  4954.5
  -800   3.441   0.000   3.441  1084963.9 567663.8 159964.9 37890.0   9042.1  5837.7  4477.8

         Carbon flux (ktC/yr)        Water (dam3/yr)                Nitrogen (MgN/yr)
       ----------------------- -------------------------- --------------------------------
Spinup NEP     estab   NBP     transp     evap    interc  nuptake ndemand  nlosses ninflux
------ ------- ------- ------- ---------- ------- ------- ------- -------- ------- -------
  -799 101.256  -0.001 101.255  1106799.5 579381.1 260720.5 34240.1  12260.2  7331.3  5519.4
  -798 -256.264   0.001 -256.264  1081998.5 582697.0 266641.7 23330.1  11409.0  1881.0  5302.3
  -797 -91.633   0.000 -91.632  1054060.2 564343.2 159765.9 32617.1   9738.1  3448.8  4687.1
  -796 -71.847  -0.001 -71.848  1094112.8 645237.4 273988.8 33354.8  12217.9  8081.4  5712.7
  -795 361.381  -0.001 361.380  1126913.9 557076.5 276007.0 31737.7  11821.7  5160.4  5555.4
  -794 -42.497   0.000 -42.497  1099537.8 465455.3 142583.9 22489.9  10355.3  4433.7  4928.6
  -793  11.832   0.003  11.834  1069624.1 415093.2 132244.1 39909.7   8781.9  4458.1  4714.6
  -792  63.926  -0.001  63.925  1074758.5 463933.2 128495.0 28373.2  12256.1  3156.9  5514.6
  -791 -106.350   0.002 -106.348  1079304.6 426678.9 118188.7 34368.7   9597.4  6565.4  4802.4
  -790 -57.855  -0.000 -57.855  1128366.3 588462.3 229344.6 29032.5  10908.0  9429.3  5164.8
  -789 -165.136  -0.000 -165.136  1210993.3 449069.5 139708.1 31078.0  10101.5  5631.9  4979.4
  -788 245.543  -0.001 245.542  1157927.2 490216.4 155545.5 30291.0  10722.7  7685.3  5022.9
  -787  35.908   0.002  35.910  1118082.9 409977.3 116847.9 33976.9   8795.0  2838.8  4602.4
  -786 -101.744  -0.000 -101.745  1194081.0 611705.3 186976.8 27777.9  10526.8  9781.9  4974.0
  -785 -34.155  -0.000 -34.155  1137180.9 502604.6 147320.4 31116.7  11408.3  4393.5  5277.4
  -784 -95.496  -0.001 -95.497  1210613.5 448113.3 138146.1 30365.2  10356.8  5718.2  4973.2
  -783 108.196  -0.001 108.195  1137924.0 559987.7 145689.8 34511.2   9118.4  5150.6  4494.9
  -782  28.118  -0.001  28.117  1190117.3 529881.6 198199.6 32825.0  10749.7  7866.2  5059.0
  -781 123.558  -0.000 123.558  1187046.1 494624.0 166355.2 28686.2  11528.4  4395.2  5216.4
  -780  47.340   0.000  47.340  1077028.5 479135.1 118601.7 31833.3  10642.8  1135.9  4623.7
  -779 -107.283   0.000 -107.282  1187983.7 417644.5 122714.0 30621.9  12543.1  2924.0  5395.4
  -778  19.347  -0.000  19.347  1209063.9 613631.8 213772.7 28794.0  10901.2 14148.2  4990.0
  -777 -36.326  -0.000 -36.326  1145532.0 583511.1 256737.8 32078.1  10707.2  6957.0  5185.4
  -776 -119.516   0.000 -119.515  1119831.4 554043.9 157936.9 31249.1   9862.3  4767.6  4680.2
  -775 -79.657   0.000 -79.657  1111570.9 557432.1 154266.9 30708.7  10267.6  5823.7  4730.4

         Carbon flux (ktC/yr)        Water (dam3/yr)                Nitrogen (MgN/yr)
       ----------------------- -------------------------- --------------------------------
Spinup NEP     estab   NBP     transp     evap    interc  nuptake ndemand  nlosses ninflux
------ ------- ------- ------- ---------- ------- ------- ------- -------- ------- -------
  -774 139.019  -0.001 139.019  1154337.7 518696.7 206290.3 31575.8  11407.7  6608.2  5242.1
  -773 203.584  -0.001 203.584  1158665.0 486077.4 172378.1 24090.7  11582.3  6274.1  5234.6
  -772  14.605   0.000  14.605  1168151.8 576149.4 280147.6 33463.6  10396.6  6389.4  5262.7
  -771 -83.293   0.001 -83.293  1099577.0 548282.6 164398.3 30456.4  10400.4  3722.5  4737.5
  -770 -143.458  -0.000 -143.458  1207177.7 499251.7 169428.5 33044.4  11618.7  5432.8  5374.6
  -769  -7.839   0.000  -7.839  1126558.9 575027.4 260644.7 28416.2  11376.9  7940.5  5336.9
  -768 167.966  -0.001 167.966  1126347.7 488900.6 173146.7 26799.3  11564.4  6063.3  5283.1
  -767 120.689   0.000 120.689   972159.2 448955.3 167139.4 31460.7   9446.2  3631.8  4729.7
  -766 -69.234  -0.000 -69.234  1092922.1 625575.8 285745.2 28094.8  13361.9  7107.6  5885.3
  -765 143.990  -0.000 143.989  1107231.5 486884.5 179100.6 24947.1  11687.5  5451.1  5321.1
  -764 -69.186   0.000 -69.185  1061444.2 467146.5 200246.6 28062.7  10524.1  6039.7  5072.7
  -763 -158.169   0.003 -158.166  1059939.9 427402.3 166620.8 34012.4  10627.3  6132.6  5232.6
  -762  44.045  -0.001  44.044  1080532.7 360129.7 101569.0 29946.9  11214.9  3543.2  5084.5
  -761 129.147  -0.001 129.147  1128571.3 513357.1 199917.8 31354.8  10645.3  6207.9  5180.1
  -760 -127.904   0.000 -127.904  1098325.4 553325.7 154544.2 28807.7   9885.5  5108.9  4709.6
  -759 137.292  -0.001 137.291  1126311.4 490480.0 164412.6 26665.1  11902.6  6808.9  5256.0
  -758  58.783   0.000  58.783  1093837.9 504990.2 157527.6 28695.4  10087.1  2424.7  5074.2
  -757 -244.283   0.000 -244.283  1156035.3 447095.2 154951.5 32368.7   9978.0  6836.7  4990.4
  -756  25.562  -0.000  25.562  1076368.9 558052.2 158657.3 33628.4   9904.5  5091.3  4662.8
  -755 -158.737  -0.001 -158.737  1094559.7 445133.5 113294.6 28060.9   9900.8  5595.6  4740.7
  -754 -32.463  -0.000 -32.463  1131043.1 446811.5 131296.6 32645.2  10129.0  3424.9  4884.2
  -753 -56.617   0.000 -56.616  1098098.2 556598.1 162968.1 31400.7   9918.4  8422.2  4670.6
  -752 152.119  -0.001 152.118  1134811.2 636607.2 285936.4 31323.1  12721.4  8370.2  5787.2
  -751  64.453  -0.000  64.453  1219183.5 497130.4 191067.3 33645.8   9965.7  3270.4  4796.4
  -750 -73.801   0.003 -73.798  1112675.4 420180.5 171832.5 28109.9  11776.4  8448.8  5223.7

         Carbon flux (ktC/yr)        Water (dam3/yr)                Nitrogen (MgN/yr)
       ----------------------- -------------------------- --------------------------------
Spinup NEP     estab   NBP     transp     evap    interc  nuptake ndemand  nlosses ninflux
------ ------- ------- ------- ---------- ------- ------- ------- -------- ------- -------
  -749 -32.230  -0.000 -32.230  1118722.1 474028.9 118447.9 26013.7  11368.7  4485.8  4894.2
  -748 -150.983  -0.000 -150.983  1129258.9 451673.1 122014.7 35458.1   9549.6  3418.1  4820.7
  -747 -20.946   0.001 -20.945  1096401.9 503125.9 140406.9 26320.2  10478.3  6044.4  4718.1
  -746 -32.372   0.001 -32.371  1114111.1 496522.2 133373.2 26756.5   9459.4  5846.9  4638.2
  -745 -65.652   0.001 -65.651  1125379.3 423280.6 139199.0 34381.6   9894.4  9747.1  4950.6
  -744 111.849  -0.001 111.848  1282690.4 530125.9 214650.9 30775.0  11632.0  6204.6  5283.1
  -743  10.048  -0.000  10.047  1142624.2 362523.8 94336.2 32383.2  10208.9  4248.5  4857.4
  -742 198.155  -0.001 198.155  1172048.0 561240.9 224291.7 30894.1  12366.0  7094.6  5404.5
  -741 -167.253  -0.000 -167.253  1152935.1 434862.4 102670.3 27911.3   9590.1  3397.2  4604.2
  -740  62.777   0.001  62.778  1144756.6 416898.2 107731.2 33130.6   9974.7  3757.1  4596.7
  -739 -66.961  -0.000 -66.961  1158789.5 472745.6 106360.2 21983.5  10872.0  6119.0  4722.7
  -738  72.950  -0.000  72.950  1140114.2 569209.5 221550.3 37584.0  10613.5  8789.2  5263.9
  -737   0.638  -0.000   0.638  1144972.1 514589.3 181794.1 29123.5  11248.9  5172.7  5049.1
  -736 -78.436  -0.000 -78.436  1127314.8 470608.1 110898.5 23433.0  11224.5  4126.2  4825.9
  -735 -13.020   0.000 -13.020  1051410.5 482803.0 104119.2 37009.5   9767.3  3394.3  4595.3
  -734 -37.058  -0.000 -37.058  1151631.7 586186.3 237346.6 28472.3  12227.9  8589.2  5327.3
  -733 -38.716  -0.000 -38.716  1078932.9 359867.0 99625.4 28225.0  11411.9  3795.3  5066.2
  -732  55.103  -0.000  55.103  1198578.9 481522.3 150615.2 33253.1  11215.6  4498.2  5290.7
  -731  34.142  -0.001  34.141  1113776.9 624008.9 255550.7 28558.7  12560.4  8209.8  5763.1
  -730  59.832  -0.000  59.832  1186574.9 597737.2 207051.9 25367.4  10530.6  6491.6  5012.7
  -729 106.079  -0.000 106.079  1104788.8 464583.5 130718.1 30697.1  11285.5  3212.9  5493.5
  -728 -141.313   0.000 -141.313  1117385.3 590707.3 252909.2 30961.1  10647.1  7941.9  5238.3
  -727   9.722   0.000   9.722  1090979.9 562600.3 157406.3 30398.0  10006.5  3762.1  4708.9
  -726 -63.111  -0.000 -63.111  1081276.9 482378.9 182205.3 23793.1  11735.3  7348.2  5115.3
  -725 -33.138   0.000 -33.138  1113329.3 578063.1 252137.9 31999.4  10303.2  5472.2  5246.0

         Carbon flux (ktC/yr)        Water (dam3/yr)                Nitrogen (MgN/yr)
       ----------------------- -------------------------- --------------------------------
Spinup NEP     estab   NBP     transp     evap    interc  nuptake ndemand  nlosses ninflux
------ ------- ------- ------- ---------- ------- ------- ------- -------- ------- -------
  -724 -84.604   0.002 -84.602  1091065.4 424133.9 155733.2 30414.6  11110.9  6366.5  5238.3
  -723  83.048  -0.001  83.048  1121128.7 554280.3 137774.5 29741.2  10047.8  3577.1  4671.2
  -722 -224.404  -0.000 -224.404  1153325.7 510697.8 127022.7 28342.7   9894.2  6435.6  4719.8
  -721 -50.794  -0.000 -50.794  1130662.0 438920.1 103032.6 29337.4   9740.8  3378.0  4689.8
  -720 108.624  -0.001 108.624  1204019.3 422768.9 113609.2 33668.1  11412.3  3017.2  5244.3
  -719 130.365  -0.001 130.364  1212528.4 579312.2 246767.1 30477.5  10781.4 10025.7  5078.9
  -718  70.069  -0.000  70.069  1165540.7 366507.3 110062.8 29058.2  10763.6  3704.2  4887.9
  -717  -8.859   0.000  -8.859  1254289.1 496120.0 174340.8 35352.5  10207.6  4629.9  4760.5
  -716 -64.018   0.001 -64.017  1177408.5 576066.0 252189.7 25795.1  12126.8  8394.4  5177.1
  -715  68.401  -0.000  68.401  1145146.5 490622.5 163316.3 27329.6  12020.8  5862.2  5186.8
  -714 -22.941  -0.000 -22.941  1197200.2 521172.3 258750.4 30987.8  11174.6  5399.5  5350.6
  -713 -112.900   0.000 -112.899  1089836.6 472370.6 124191.2 26514.1  11142.8  4808.3  4951.6
  -712 -26.671   0.000 -26.670  1062476.9 561438.9 155755.1 34366.3   9307.5  5465.6  4594.5
  -711 -68.599  -0.001 -68.600  1099174.3 644103.4 269045.6 30468.9  12558.5  8083.4  5757.0
  -710 -63.089  -0.000 -63.089  1124375.1 499067.8 145194.8 28099.5   9825.5  4707.8  4739.9
  -709  93.421  -0.000  93.421  1137898.3 422792.2 127154.9 31843.3  11896.7  2210.4  5446.2
  -708 -62.304  -0.000 -62.304  1127496.4 505601.1 148685.4 30078.9   9931.6  8048.4  4720.6
  -707 225.962  -0.000 225.961  1091544.0 505105.5 164871.1 28530.2  11206.7  2936.2  5127.6
  -706 -91.573   0.000 -91.572  1153654.3 502969.5 189562.5 34294.7   9721.2  5083.5  4848.4
  -705 -208.301   0.000 -208.301  1074971.6 446166.9 135592.7 26165.5  12054.0  3078.0  5118.0
  -704 -69.774   0.004 -69.770  1073166.7 475140.2 228467.0 30262.7  10467.3 10637.9  4713.7
  -703  10.586  -0.001  10.585  1098386.6 597353.6 229928.9 31515.7  11842.9  7086.5  5357.9
  -702 109.461  -0.001 109.460  1078205.1 514478.2 189183.0 28318.4  11112.2  4910.8  5215.1
  -701 113.276  -0.000 113.276   946977.6 452181.3 149132.2 27490.0  10503.8  3611.9  4817.2
  -700 -104.759   0.002 -104.757  1078249.4 472971.2 214630.2 25693.2  10571.7  7227.0  4730.4

         Carbon flux (ktC/yr)        Water (dam3/yr)                Nitrogen (MgN/yr)
       ----------------------- -------------------------- --------------------------------
Spinup NEP     estab   NBP     transp     evap    interc  nuptake ndemand  nlosses ninflux
------ ------- ------- ------- ---------- ------- ------- ------- -------- ------- -------
  -699 -219.144  -0.000 -219.144  1096219.5 460151.4 104690.2 29909.8  10714.2  2706.3  4981.8
  -698 -10.519  -0.001 -10.520  1144238.0 433125.1 103353.0 32285.0  11510.8  3503.8  5367.2
  -697 132.392  -0.001 132.391  1210657.6 513687.4 155329.6 34732.2   9635.9  6513.7  4768.4
  -696  56.640  -0.000  56.640  1118168.3 555333.3 146365.7 26524.3  10179.6  5511.4  4639.4
  -695 -56.806   0.000 -56.806  1185385.3 615717.9 198240.2 25269.4  10735.5  9497.2  4984.1
  -694  17.879   0.000  17.879  1080584.0 520090.9 144173.4 30548.7  10548.0  3270.3  5072.1
  -693  35.294  -0.000  35.294  1061970.1 522876.5 228438.8 31759.2  11322.2  7584.6  5363.0
  -692 -70.611  -0.000 -70.611  1085456.1 485190.4 122730.3 24648.7  10899.2  4925.4  4958.1
  -691 182.794  -0.000 182.794  1092678.7 489710.4 165652.6 29703.0  10370.6  6505.6  5161.9
  -690 -61.013   0.000 -61.013  1041111.7 470372.4 186073.5 27512.9  10628.2  5812.0  5071.7
  -689 -179.020   0.000 -179.020  1042632.5 443153.4 110273.4 30581.5   9867.9  3329.1  4826.1
  -688 182.262  -0.001 182.261  1072368.2 519361.7 205075.0 30903.0  11165.5  5695.0  5247.4
  -687   1.071   0.000   1.071  1048465.5 548605.4 164127.2 26894.9  10003.4  3581.1  4770.5
  -686 -85.328   0.000 -85.328  1034546.2 377369.8 112003.0 27094.6  11337.5  4763.4  5197.9
  -685  81.903  -0.000  81.903  1019905.1 513205.1 242960.5 30480.1  11787.8  7151.6  5551.0
  -684 -162.194  -0.000 -162.194  1029993.6 448889.3 115627.6 27781.4   9976.4  4088.8  4888.1
  -683 225.318  -0.001 225.317  1043556.9 457133.4 138364.2 28117.7  12123.9  2945.5  5641.3
  -682 -51.180   0.000 -51.180   988601.6 492338.2 131692.0 32429.8  10571.4  5311.5  4932.9
  -681  46.834   0.000  46.834   998947.1 444504.1 143026.0 23791.4  12879.3  2623.4  5843.6
  -680 -116.593   0.003 -116.590   984661.2 425477.0 127408.2 31484.3  10281.6  5993.4  5139.9
  -679 -91.784   0.003 -91.781  1018086.7 478299.4 206768.6 26924.4  10163.5  8741.7  4864.3
  -678 -223.584  -0.001 -223.585  1016171.1 448413.8 88849.0 28614.1   9863.7  4006.9  4943.2
  -677  51.946  -0.001  51.945  1127379.2 513692.5 142114.1 34468.4   9561.6  4536.7  4888.5
  -676 -94.371   0.001 -94.370  1051185.5 424630.0 137227.7 26774.1  11005.3  8821.4  5198.7
  -675  40.112  -0.001  40.111  1096396.6 476444.4 98198.5 24560.2  10659.3  4485.5  4868.3

         Carbon flux (ktC/yr)        Water (dam3/yr)                Nitrogen (MgN/yr)
       ----------------------- -------------------------- --------------------------------
Spinup NEP     estab   NBP     transp     evap    interc  nuptake ndemand  nlosses ninflux
------ ------- ------- ------- ---------- ------- ------- ------- -------- ------- -------
  -674 107.228  -0.000 107.227  1088878.9 461222.5 108414.0 33146.1  10203.8  3894.1  5334.6
  -673 -152.317   0.001 -152.316  1083468.2 439271.0 135382.8 31321.8  10483.3  9257.3  5073.2
  -672  35.590  -0.001  35.589  1116986.1 558914.1 119270.3 29480.0   9839.6  4697.1  4592.8
  -671 107.296  -0.001 107.295  1191694.7 593958.9 214740.3 30330.0  11349.0  7285.2  5191.6
  -670 -49.326  -0.000 -49.326  1219980.5 502595.2 146297.9 32329.2  10148.1  3365.0  4809.8
  -669 -24.378   0.000 -24.378  1056844.8 480136.9 96848.3 28523.2  11742.0  2144.1  4775.4
  -668 -38.216  -0.000 -38.216  1085637.1 520481.3 206663.0 27646.3  12116.8  9721.5  5348.1
  -667  42.235  -0.000  42.235  1100677.2 470127.9 112409.7 28843.1  11989.2  3895.8  5450.5
  -666 -14.922  -0.000 -14.923  1084298.5 484867.2 163859.7 25736.7  11098.2  7955.8  5004.8
  -665 -41.668   0.001 -41.667  1086472.2 505864.0 130583.4 26807.5   9484.7  3444.7  4730.2
  -664   5.027  -0.000   5.027  1200638.6 483662.1 139390.1 33500.4  10804.0  4461.9  5290.4
  -663 -48.441   0.002 -48.440  1109778.9 471073.3 194091.7 26813.0  10445.3  7974.6  4734.8
  -662 -48.031  -0.001 -48.032  1089008.5 484632.6 144159.8 25759.9  11605.8  6211.7  5064.2
  -661 111.367  -0.000 111.366   978987.5 458672.4 123155.1 29511.2   9858.4  2999.0  4708.3
  -660 -11.892   0.001 -11.892  1082349.3 413941.0 95591.9 26294.3  10816.1  2317.9  4849.2
  -659 -23.998  -0.000 -23.998  1168856.6 582924.2 203718.6 28306.3  11438.6  8188.6  5264.7
  -658 -129.682   0.000 -129.682  1188508.4 505096.7 133816.8 31736.9  10552.2  3594.3  4887.1
  -657 -146.043   0.001 -146.043  1083558.6 508587.7 112781.5 21046.8  10952.6  4749.0  4742.0
  -656 -165.687  -0.000 -165.687  1178203.7 452172.7 114556.0 30143.9  10068.9  7097.3  4946.9
  -655 213.027  -0.001 213.026  1111013.5 565015.5 193880.6 33362.8  11544.5  7413.8  5406.0
  -654  79.406  -0.001  79.406  1126442.9 492699.0 132732.3 26355.8  11364.1  4087.7  5264.7
  -653  25.785  -0.001  25.785  1156601.8 419938.3 100234.9 30057.8  11405.1  1953.3  5264.8
  -652  61.763  -0.001  61.762  1202158.9 429941.5 104262.8 31915.3  11280.6  4189.8  5214.6
  -651 252.309  -0.001 252.308  1175785.2 527492.2 220277.8 30732.6  11312.0 10652.2  5170.6
  -650  80.269   0.000  80.269  1038383.3 465980.9 147923.3 28685.6  10065.1  4703.3  4534.5

         Carbon flux (ktC/yr)        Water (dam3/yr)                Nitrogen (MgN/yr)
       ----------------------- -------------------------- --------------------------------
Spinup NEP     estab   NBP     transp     evap    interc  nuptake ndemand  nlosses ninflux
------ ------- ------- ------- ---------- ------- ------- ------- -------- ------- -------
  -649 -234.492   0.000 -234.492  1160372.1 498014.7 132549.5 24368.5  11006.5  5353.7  4710.8
  -648 -147.015   0.000 -147.014  1201537.5 450160.1 140280.9 27827.1  11009.6  5080.5  4959.0
  -647  28.681   0.000  28.681  1096216.7 557319.4 141870.0 31237.0  10051.4  4395.8  4571.6
  -646 -56.490  -0.000 -56.491  1089223.6 483346.4 168424.3 22998.2  11892.9  7483.6  4984.7
  -645   8.107  -0.001   8.107  1117954.3 637758.7 252153.6 32299.2  11451.6  5478.4  5608.9
  -644  81.863  -0.000  81.862  1197160.8 595181.0 203627.7 23610.0  10943.4  5366.6  5028.0
  -643 -23.355   0.000 -23.355  1033251.6 489697.3 113491.1 32372.2  10618.9  2906.7  4812.4
  -642 -109.911   0.000 -109.911  1003819.7 473125.3 112175.4 26979.0  12046.3  1079.7  5043.0
  -641 -109.847   0.000 -109.846  1075576.6 580725.0 241408.9 26770.6  12593.7  9509.4  5556.2
  -640 -166.758   0.000 -166.758  1088074.6 444941.6 139405.2 27667.6  11388.1  5006.6  5231.4
  -639 171.774  -0.001 171.774   910565.0 455484.4 143528.7 30390.0  10702.4  4653.2  4916.4
  -638  97.385  -0.001  97.385  1043854.2 511014.2 193878.3 25471.6  11798.3  5999.1  5320.1
  -637  61.092  -0.000  61.092  1043879.3 490689.3 165569.7 25457.1  11613.7  4287.7  5519.1
  -636 119.601  -0.000 119.600  1007921.7 455188.7 132229.0 26012.7  12036.4  2489.6  5654.8
  -635 -17.104   0.000 -17.104   906641.7 467800.8 158503.4 29478.2  10543.6  6586.0  4987.4
  -634  19.137  -0.000  19.136   983477.2 513246.4 239848.0 24942.4  12833.1  6752.6  5717.6
  -633 -95.881   0.000 -95.881  1067492.2 514560.0 178727.1 31414.1  10147.8  3754.7  5094.8
  -632 -99.816   0.000 -99.815  1046754.2 504304.2 177265.2 28950.3  11119.0  4278.9  5146.9
  -631 -43.689   0.000 -43.689  1041886.7 485197.8 169431.0 27902.8  12205.7  5008.2  5633.1
  -630 -68.386  -0.000 -68.386   945942.0 470675.3 182794.7 23748.2  12091.2  8064.7  5452.9
  -629  76.090  -0.001  76.089   968158.8 635940.4 278370.4 32156.9  11660.5  5984.8  5992.2
  -628 228.491  -0.001 228.490   981697.0 516836.3 252814.7 28871.4  11624.0  5088.2  5659.6
  -627 144.982  -0.001 144.981  1017033.3 493263.2 187843.0 24128.2  11199.7  5795.2  5526.0
  -626 -97.120   0.000 -97.120   978700.8 436984.2 128276.3 30798.0   8750.4  3131.4  4878.3
  -625 -135.720   0.000 -135.719   985035.5 504027.8 157601.3 29185.6  10410.0  6034.5  5057.0

         Carbon flux (ktC/yr)        Water (dam3/yr)                Nitrogen (MgN/yr)
       ----------------------- -------------------------- --------------------------------
Spinup NEP     estab   NBP     transp     evap    interc  nuptake ndemand  nlosses ninflux
------ ------- ------- ------- ---------- ------- ------- ------- -------- ------- -------
  -624 -18.999  -0.000 -18.999   946617.4 469837.0 201769.4 24426.1  11963.6  6175.8  5442.5
  -623 -36.886  -0.000 -36.886   959356.9 479571.9 144198.5 25094.7  10665.5  4098.8  5293.3
  -622  36.269  -0.000  36.269   985172.5 603564.5 247229.8 30125.7   9710.2  7091.6  5302.3
  -621  53.829  -0.000  53.829   930739.9 495065.1 193543.4 27813.8  11979.6  3734.4  5864.9
  -620 -119.292   0.000 -119.292   924505.2 447339.7 146867.4 27149.0  11001.4  2406.6  5411.4
  -619  79.328  -0.000  79.328   896085.7 487121.9 144190.5 31824.4  11495.5  4601.1  5336.3
  -618 -39.799   0.004 -39.795   894730.3 410958.5 139190.6 25682.2  10938.0  3928.4  5486.2
  -617 -203.611   0.001 -203.611   891841.8 566771.6 150703.3 27184.1  10152.9  6650.6  5153.5
  -616 -197.232  -0.000 -197.233   909462.4 458547.0 118773.6 27983.8  10925.5  3557.9  5330.6
  -615  68.822  -0.001  68.821   937950.7 640635.1 265446.5 30717.9  11713.0  9608.8  6037.6
  -614 173.880  -0.001 173.879  1021631.0 598083.6 227021.8 24079.3  10166.8  6066.0  5312.2
  -613 115.208  -0.000 115.208   957823.9 495962.3 184627.1 29486.0  10757.7  3891.1  5729.5
  -612 127.536  -0.000 127.536   951756.6 494266.5 187917.0 27052.9  11873.7  4291.0  5802.0
  -611  73.279  -0.000  73.279  1001699.9 596909.6 245793.5 24784.2  10672.0  7497.7  5396.7
  -610 -201.603   0.000 -201.603   939749.9 455770.9 144861.2 30474.5  10364.9  2823.7  5361.4
  -609  90.103  -0.000  90.103   921339.5 513338.5 176884.1 28288.8  11370.6  4268.6  5541.2
  -608 144.366  -0.000 144.366   834992.9 453981.8 183041.1 28781.3  10435.5  5357.9  5232.0
  -607 -58.886   0.001 -58.885   921356.3 571688.2 288394.2 24084.6  11832.3  7117.3  5674.9
  -606 -11.548   0.000 -11.548   890734.3 482357.5 138595.1 30724.5  11258.0  2250.7  5368.0
  -605 -188.235   0.001 -188.234   891692.9 556033.4 176923.7 26110.6  10585.4  6203.1  5304.8
  -604 -49.028   0.004 -49.024   915380.7 479136.5 234016.6 27972.5  10344.3  7422.3  5086.7
  -603  26.612  -0.001  26.611   922341.2 474672.4 115915.8 27481.1  11935.6  3006.1  5930.1
  -602 -116.691   0.001 -116.690   930235.3 525623.5 134714.6 25231.8   9178.2  5336.5  5018.6
  -601 -21.125  -0.001 -21.125   968701.5 482486.3 111717.2 26397.3   9734.4  5567.8  5196.2
  -600  98.039  -0.000  98.038   946918.4 517902.1 141697.9 31071.7   9269.6  4375.9  5266.8

         Carbon flux (ktC/yr)        Water (dam3/yr)                Nitrogen (MgN/yr)
       ----------------------- -------------------------- --------------------------------
Spinup NEP     estab   NBP     transp     evap    interc  nuptake ndemand  nlosses ninflux
------ ------- ------- ------- ---------- ------- ------- ------- -------- ------- -------
  -599 -52.557  -0.000 -52.557   955917.6 482654.5 120645.3 26976.6   9828.4  6070.8  5171.4
  -598  65.568  -0.000  65.568   992763.1 587524.5 256055.9 34190.7  10070.0  8249.1  5470.2
  -597 118.276  -0.001 118.276   939336.1 452238.9 133151.6 25994.8  12113.1  2148.4  5872.1
  -596  53.039  -0.001  53.039   932060.6 531100.6 243514.5 30277.3  11033.0  7689.6  5657.2
  -595 -122.699   0.003 -122.696   945809.6 436881.1 167293.5 29028.1  10587.2  6555.8  5450.4
  -594 112.682  -0.001 112.681  1001329.1 500063.2 153335.9 27350.5  11510.4  3692.4  5550.1
  -593   0.466  -0.000   0.466  1004087.4 583199.4 240065.2 27559.8  10348.5  6501.8  5324.1
  -592  48.645  -0.001  48.645  1029794.6 521804.5 200291.7 30107.1  10657.9  5079.7  5340.9
  -591  37.821  -0.001  37.820  1021137.7 626762.5 274440.2 27430.5  12235.8  5930.7  5904.3
  -590  98.341  -0.000  98.340  1039279.5 512571.1 215179.7 29184.0  10924.2  4627.3  5300.0
  -589   1.291  -0.000   1.291  1086863.6 525069.4 275784.5 27227.4  11720.2  5168.8  5606.8
  -588  46.155  -0.000  46.155  1034066.2 583995.3 284032.2 30340.1  11484.7  6794.2  5519.1
  -587  -5.625   0.000  -5.625  1060858.2 481145.7 181219.5 28918.7  11851.4  3278.3  5582.9
  -586 -71.675   0.000 -71.675  1033039.9 500882.8 184074.2 30579.4  10653.9  4189.8  5131.9
  -585 -76.744   0.000 -76.744  1018224.6 507249.9 182008.0 28986.7  10985.9  4828.3  5119.9
  -584  81.379  -0.000  81.379   941741.5 491400.3 175174.5 23916.7  12418.6  7644.1  5616.2
  -583 -135.061  -0.000 -135.061   934799.3 443043.4 116910.1 29043.1   9434.9  3554.6  4893.6
  -582  38.381  -0.001  38.380   956677.7 483961.1 134270.6 26017.3  10874.0  5655.8  5160.3
  -581  61.641  -0.000  61.641  1011764.9 532941.6 280971.2 32974.2  10233.4  6964.1  5527.4
  -580  46.357   0.000  46.358   899478.5 478758.5 136796.8 31343.8  11079.4  1774.7  5173.6
  -579 -141.782   0.004 -141.778   928990.8 472236.2 240402.7 25625.1  10270.5  8736.4  4984.5
  -578 -57.806  -0.000 -57.806   829246.2 472196.2 136256.4 28568.0  10968.1  3820.3  5144.3
  -577  48.784  -0.001  48.783   927177.2 461406.0 118867.8 22682.4  12524.1  2425.9  5806.6
  -576  58.472  -0.001  58.472   949336.7 574917.5 245024.0 30668.9  10980.4  8604.9  5796.8
  -575 -59.227  -0.000 -59.227  1007117.6 504524.4 171669.1 31613.1   9650.2  3660.9  5065.2

         Carbon flux (ktC/yr)        Water (dam3/yr)                Nitrogen (MgN/yr)
       ----------------------- -------------------------- --------------------------------
Spinup NEP     estab   NBP     transp     evap    interc  nuptake ndemand  nlosses ninflux
------ ------- ------- ------- ---------- ------- ------- ------- -------- ------- -------
  -574 -138.172   0.000 -138.172   994334.5 452437.5 151394.0 26340.9  11311.1  6255.4  5316.3
  -573 -39.456   0.002 -39.453   934440.1 424412.7 157949.9 31449.8  10600.4  8277.5  5330.6
  -572 103.964  -0.001 103.962   978830.4 364381.6 96351.1 29015.9  10647.3  3897.9  5113.8
  -571 238.894  -0.001 238.893  1014722.8 492497.7 153965.3 24435.4  10611.6  6719.5  5223.5
  -570  -0.672  -0.000  -0.672  1022454.2 585159.0 254755.1 31710.3   9710.0  6158.9  5251.0
  -569 -151.093   0.000 -151.092   970471.4 561274.9 148235.9 28929.9   9953.2  4561.7  4864.8
  -568 157.071  -0.001 157.070   974598.9 568181.8 242635.7 29244.6  12330.8  5953.0  5722.3
  -567 -32.420  -0.000 -32.420  1049230.3 523160.4 257860.2 27154.9  11000.9  5269.1  5546.8
  -566   3.530   0.000   3.530  1044095.0 484421.2 169961.8 31911.1  10877.0  4092.7  5455.7
  -565 109.076  -0.000 109.075   962958.8 450107.8 134378.4 25483.3  12524.2  2723.0  5789.1
  -564 -53.714  -0.000 -53.714  1032107.7 518653.8 179571.2 32793.1   9818.7  6060.9  5013.8
  -563 163.055  -0.000 163.055   952953.4 556597.6 270483.4 27089.1  12837.8  7279.1  5902.6
  -562  19.557   0.000  19.557   931234.4 506904.1 167743.4 24881.1  10915.9  2663.3  5389.8
  -561 -212.110   0.000 -212.110   944129.4 507447.4 152651.4 30255.5   9558.8  7041.4  4959.2
  -560  88.570  -0.001  88.569   935883.8 631506.6 292797.8 29878.9  12484.1  6703.2  6037.3
  -559 134.471  -0.001 134.470   969735.7 628768.4 308367.7 28528.8  11886.3  5606.9  5986.6
  -558  85.570   0.003  85.573   963039.9 414792.6 140098.2 28480.4   9904.0  2472.2  5074.2
  -557 -98.751  -0.000 -98.751  1029981.2 533946.9 260654.4 28161.4  11219.1  6481.3  5590.1
  -556 -47.948  -0.000 -47.948   956035.7 363450.7 111644.3 29257.3  10799.1  4245.3  5284.9
  -555 122.344  -0.000 122.344   865669.6 455194.6 159607.2 29733.1  10742.8  4655.7  5034.8
  -554   1.571  -0.001   1.570   970578.9 628269.0 282359.5 25600.0  12931.0  7095.8  6008.1
  -553  25.662   0.000  25.662   938804.2 478299.0 131299.4 30384.0  10885.0  1643.5  5089.9
  -552 -107.279   0.003 -107.276   929172.8 414497.8 126969.3 26862.1  10763.2  3555.7  5269.0
  -551 -256.901   0.000 -256.901   995745.0 453919.0 137412.8 27642.9  10838.5  7113.3  5256.9
  -550 -92.573  -0.001 -92.574   951846.4 445072.6 101047.9 30812.8   9449.6  4885.1  4902.9

         Carbon flux (ktC/yr)        Water (dam3/yr)                Nitrogen (MgN/yr)
       ----------------------- -------------------------- --------------------------------
Spinup NEP     estab   NBP     transp     evap    interc  nuptake ndemand  nlosses ninflux
------ ------- ------- ------- ---------- ------- ------- ------- -------- ------- -------
  -549 225.138  -0.001 225.136   980110.6 526638.5 224972.6 31482.1  10939.9  8568.5  5438.6
  -548 -123.048  -0.000 -123.049  1013276.0 460533.9 127949.6 29559.9   9795.6  3328.7  5040.0
  -547 -50.783   0.002 -50.781   992545.4 429243.8 160920.7 31136.5  10585.8  8923.3  5253.6
  -546 202.234  -0.001 202.233  1036051.6 516888.0 137864.3 27140.4  10879.9  2805.7  5148.3
  -545 -167.208  -0.000 -167.208  1044658.6 452842.0 120637.6 30966.1   9548.1  3241.0  4912.4
  -544   6.013  -0.000   6.013  1108538.5 538387.0 248028.8 30325.5  11570.5  9100.9  5447.3
  -543 -97.228  -0.000 -97.228  1032297.6 446900.3 125003.7 29840.4  10466.1  2678.5  5011.9
  -542 -28.971   0.001 -28.970  1003443.0 509024.1 143140.9 24982.8  10298.7  6089.6  4854.7
  -541  71.173  -0.001  71.172  1040754.0 634257.5 252237.1 32040.5  11345.7  8886.8  5709.2
  -540 139.241  -0.001 139.240  1096442.9 582880.1 254874.5 29654.4  11444.3  5958.0  5327.5
  -539 106.143  -0.000 106.143  1049728.8 492053.6 168341.2 26454.9  11841.4  3678.2  5464.6
  -538 -142.547   0.000 -142.547  1038394.6 502727.1 142806.8 28160.5   9951.7  5625.3  4856.4
  -537  23.917   0.000  23.917  1067304.2 599972.8 214875.6 25833.4  10808.3  6746.2  5127.6
  -536  -0.572  -0.000  -0.572   954914.8 493928.6 121327.3 33369.8  10775.3  2992.6  5003.8
  -535 -120.976   0.001 -120.975   984583.9 580585.9 253580.2 25416.6  11399.4  6946.6  5444.2
  -534 -95.814   0.000 -95.813   976162.2 581022.5 246715.4 28280.8  11064.8  5940.1  5436.9
  -533  86.824  -0.001  86.823   965865.5 523842.5 232613.6 30096.0  11526.6  5715.3  5660.7
  -532 -130.459  -0.000 -130.459   995781.1 460178.5 129633.7 29284.6  10302.3  3079.9  5187.6
  -531 -71.499  -0.000 -71.500   997729.9 457958.3 130881.4 30539.5  10523.2  3892.2  5182.5
  -530  -5.034   0.002  -5.032   982734.7 428364.1 163872.0 30639.2  10744.4 10031.6  5367.3
  -529 183.488  -0.001 183.487  1052199.3 639018.1 251884.7 29846.4  11878.2  6525.7  5811.9
  -528 234.722  -0.001 234.721  1067195.1 456400.0 130781.1 25967.1  11542.5  2123.6  5583.6
  -527 -98.753   0.000 -98.753  1064556.7 592735.5 257079.1 30215.8  10244.0  7850.7  5283.1
  -526 -129.423   0.001 -129.422  1033784.2 558201.4 156709.4 29483.9  10136.0  4485.2  4884.9
  -525 -96.125  -0.001 -96.126  1028892.8 444111.0 110159.4 27917.6  10278.3  4141.8  4930.1

         Carbon flux (ktC/yr)        Water (dam3/yr)                Nitrogen (MgN/yr)
       ----------------------- -------------------------- --------------------------------
Spinup NEP     estab   NBP     transp     evap    interc  nuptake ndemand  nlosses ninflux
------ ------- ------- ------- ---------- ------- ------- ------- -------- ------- -------
  -524 178.502  -0.000 178.501  1091118.7 585995.3 263378.1 31541.5  11388.8  7889.5  5385.8
  -523  35.013   0.000  35.013  1129556.2 481420.8 172597.2 29623.6  11511.9  3409.0  5471.9
  -522 -60.368   0.000 -60.368  1092915.0 500160.1 177171.1 31132.2  10714.5  4355.7  5037.4
  -521 -38.900   0.000 -38.900  1056345.9 599307.0 217728.2 22979.3  11486.0  8661.0  5251.5
  -520  -6.653  -0.000  -6.653   995883.7 527755.3 209079.7 32407.4  10729.9  5429.3  5349.6
  -519  -9.628  -0.000  -9.629   990460.5 473445.5 132590.1 22417.6  11244.8  4202.1  5192.7
  -518  41.745   0.002  41.748   968318.0 419628.8 125473.8 34429.7   9017.0  4089.2  4956.4
  -517 -24.852  -0.000 -24.852   929078.7 491322.5 109389.1 30324.5  11094.9  1600.5  5088.8
  -516 -259.271   0.000 -259.270  1029353.2 447071.5 141188.9 25443.8  11036.2  8286.1  5306.9
  -515 -86.901   0.000 -86.901   962022.8 561791.9 142141.6 31867.5   9571.9  7156.5  4888.2
  -514 199.171  -0.001 199.170   991384.0 495822.6 153861.0 26043.5  11526.9  7179.5  5428.8
  -513  55.852  -0.000  55.852  1067971.6 526343.0 254359.7 29428.5  10268.6  5460.2  5521.6
  -512  31.865  -0.000  31.865   972294.3 493961.8 166953.8 29424.0  11274.3  4596.9  5619.0
  -511  49.339   0.002  49.341   943071.8 413858.8 118662.7 29542.1  10226.3  3084.2  5094.7
  -510 -164.442  -0.000 -164.442  1039245.5 453331.0 135994.8 26350.0  10517.7  6433.4  5206.0
  -509  -9.993  -0.000  -9.993   967943.3 564224.3 141338.6 31360.6   9260.3  5109.0  4745.1
  -508  36.415  -0.001  36.414   975155.8 535295.7 216190.1 28604.3  11503.4  7616.6  5515.7
  -507 -19.968  -0.000 -19.968  1096789.6 505253.4 158339.2 32082.1  10506.5  4329.2  5395.2
  -506   0.453  -0.000   0.452  1010419.9 472746.4 123502.6 21930.1  11031.7  4818.0  5173.6
  -505  31.314  -0.000  31.314   987473.6 477077.1 181386.6 29167.1  10065.0  7879.5  5145.4
  -504 -66.304   0.001 -66.302   977176.4 512329.8 144209.6 27706.6   9501.9  3534.8  4901.2
  -503 148.105  -0.001 148.104  1001720.8 492364.6 152760.8 26843.5  10977.5  6528.9  5365.6
  -502 -61.441   0.003 -61.438  1006375.9 473638.8 211304.9 30380.1   8838.4  5926.9  4729.5
  -501 -132.100  -0.001 -132.101   994295.0 488105.5 149459.7 25024.6  11647.3  5760.9  5254.5
  -500 -30.279  -0.000 -30.280  1075964.5 611085.7 176990.0 26493.0   9769.6  5545.5  5138.5

         Carbon flux (ktC/yr)        Water (dam3/yr)                Nitrogen (MgN/yr)
       ----------------------- -------------------------- --------------------------------
Spinup NEP     estab   NBP     transp     evap    interc  nuptake ndemand  nlosses ninflux
------ ------- ------- ------- ---------- ------- ------- ------- -------- ------- -------
  -499 -62.414  -0.000 -62.414  1099820.4 505093.1 141433.5 32980.2  10335.7  4061.0  5418.9
  -498 168.204  -0.001 168.203  1017794.5 555243.4 226206.6 27577.5  12272.7  5913.9  5817.3
  -497  92.896  -0.000  92.896   896474.0 455098.1 143955.1 27040.6  10109.5  3414.2  4927.2
  -496  28.942  -0.000  28.942   990697.4 457447.3 121340.2 23404.6  12655.3  2233.8  5688.5
  -495 -32.216  -0.000 -32.216  1026138.2 531077.4 194502.9 31370.6  10410.7  8043.7  5346.4
  -494  78.815  -0.000  78.814   994529.4 509368.8 148799.8 25158.7  11211.4  2669.8  5358.9
  -493 -49.526  -0.000 -49.526   988480.3 475689.8 181728.7 25803.0  10752.9  8069.5  5220.9
  -492  60.913  -0.000  60.913   972743.6 524867.2 236785.7 32282.6  11012.0  5355.8  5569.7
  -491 -163.699  -0.000 -163.699  1003500.1 460018.8 129122.4 28687.6  10719.3  2925.5  5179.2
  -490  35.608  -0.000  35.607  1044513.6 610797.9 219998.3 25922.9  10708.6  8268.5  5258.4
  -489  43.294  -0.000  43.294   945545.2 492019.0 126785.4 33226.5  10599.6  3145.6  5091.3
  -488 -58.385   0.000 -58.384   960330.8 360707.4 115864.8 25653.0  11488.4  4410.3  5457.6
  -487 176.862  -0.000 176.861   946442.3 553472.7 267880.9 30317.4  12409.6  6914.7  5932.6
  -486  77.344  -0.000  77.344   933066.9 450378.6 142150.9 24797.3  12315.3  2301.4  5910.5
  -485 -118.759   0.000 -118.759   925813.7 576038.5 172151.7 30183.3   9768.8  6445.4  4960.6
  -484 -143.180   0.002 -143.178   929444.8 520091.5 152526.0 23472.1  10504.4  5030.6  5146.0
  -483 -117.322   0.002 -117.320   943156.4 424263.8 151005.2 30908.9  10302.9  8033.3  5438.1
  -482 179.318  -0.001 179.316   989330.7 497471.1 139818.1 26009.2  11354.5  5504.6  5399.0
  -481  43.252  -0.000  43.252  1008788.2 494114.8 150572.2 28242.7  10526.5  3546.4  5486.5
  -480 -52.328  -0.000 -52.328   983059.8 478408.9 115314.6 24003.1  10680.3  4634.9  5131.3
  -479 -104.168   0.002 -104.166   982969.7 427784.3 146888.3 33883.3   9685.6  8028.4  5213.6
  -478 123.477  -0.001 123.476   903701.8 461492.5 128252.6 28720.9  10655.9  3591.2  4876.4
  -477 -64.594  -0.001 -64.594  1090849.4 514303.7 147378.0 28478.5  10560.3  3791.4  4959.9
  -476 -97.218   0.002 -97.216  1043845.8 477409.7 198527.6 25739.6  10062.1  8563.7  4762.7
  -475  39.791  -0.001  39.791  1042502.2 580172.3 197165.9 31007.1  12087.1  5953.7  5604.3

         Carbon flux (ktC/yr)        Water (dam3/yr)                Nitrogen (MgN/yr)
       ----------------------- -------------------------- --------------------------------
Spinup NEP     estab   NBP     transp     evap    interc  nuptake ndemand  nlosses ninflux
------ ------- ------- ------- ---------- ------- ------- ------- -------- ------- -------
  -474  27.485  -0.001  27.484  1056918.9 495002.4 135139.1 26466.2  11313.9  3721.1  5405.5
  -473  73.956  -0.001  73.956  1092893.8 586457.8 220562.8 30311.5  11179.7  6938.5  5304.9
  -472  44.809  -0.001  44.808  1060345.2 493964.0 144848.3 26320.3  11705.4  3901.2  5412.4
  -471  72.851  -0.000  72.850  1092926.5 584596.0 234535.4 29817.3  11269.6  6949.9  5308.0
  -470 -64.873  -0.000 -64.873  1056925.1 583740.4 230925.9 26800.2  11063.9  5989.1  5222.8
  -469 -183.944  -0.000 -183.944  1044498.7 443344.2 102615.3 28269.0   9746.7  3552.9  4801.1
  -468  85.108  -0.000  85.108  1046751.6 565614.1 144447.8 30727.5   9577.1  4573.8  4629.6
  -467  59.989  -0.000  59.989  1071058.2 500782.4 156329.4 25891.4  11821.2  5204.2  5380.2
  -466  66.454  -0.001  66.454  1070106.5 632185.9 261740.7 29509.8  11952.4  6702.9  5717.2
  -465   4.892  -0.000   4.891  1078674.6 474235.4 125947.7 21868.5  11052.5  4037.4  4954.6
  -464  13.231   0.002  13.233  1041241.7 418574.6 119168.1 35004.6   9003.2  3706.8  4787.8
  -463 -89.226   0.000 -89.226  1128854.5 491668.2 145346.6 29515.7  11498.8  4510.9  5350.8
  -462 -243.482   0.000 -243.481  1050367.5 496741.9 123239.8 24988.5  10520.8  6747.6  4924.8
  -461  15.882  -0.000  15.882  1078203.8 600689.6 185500.6 26840.4  10435.1  7260.6  5108.5
  -460 -116.553   0.001 -116.552  1001611.4 517886.9 128133.0 25319.2   9676.7  3796.4  4877.6
  -459 -90.877   0.001 -90.876  1020383.7 426010.1 133181.7 31472.7  10166.0  7816.1  5205.6
  -458  -3.869  -0.001  -3.870  1064960.3 443716.8 87005.6 28098.2   9613.4  3547.8  4789.9
  -457 252.984  -0.001 252.983  1102226.8 462596.1 106641.4 27883.4  11047.7  3368.9  5385.4
  -456 -114.391  -0.000 -114.391  1097101.0 488083.1 107501.4 23715.9   9813.2  7398.1  4878.8
  -455 -116.171  -0.000 -116.171  1144520.5 452947.4 132364.4 33881.7   9053.5  6651.2  4894.7
  -454  28.840   0.002  28.842  1096026.8 478085.3 194901.8 32700.0   9606.5  7851.7  4564.8
  -453  10.540  -0.001  10.539  1196305.1 545662.1 205765.7 28794.3  11555.9  5431.3  5390.2
  -452  23.278  -0.000  23.278  1028096.2 482429.2 93225.8 31002.2  10451.9  1703.6  4780.7
  -451 -138.496   0.000 -138.496  1158169.4 529951.0 215854.0 27243.5  11702.3  7473.2  5453.8
  -450  11.441   0.000  11.442  1005915.4 480549.1 95536.0 31696.4  11098.5  1802.6  4881.5

         Carbon flux (ktC/yr)        Water (dam3/yr)                Nitrogen (MgN/yr)
       ----------------------- -------------------------- --------------------------------
Spinup NEP     estab   NBP     transp     evap    interc  nuptake ndemand  nlosses ninflux
------ ------- ------- ------- ---------- ------- ------- ------- -------- ------- -------
  -449 -136.781   0.000 -136.781  1122194.3 506975.0 144642.4 30294.2  10659.9  5495.1  4980.1
  -448  44.363  -0.000  44.363  1029820.2 460775.5 109363.6 24661.8  12709.5  3930.2  5583.1
  -447 -52.699   0.002 -52.697  1050276.9 491845.0 192743.3 29957.8   9500.1 10678.5  4657.9
  -446 -26.300  -0.001 -26.302  1076689.0 655689.0 207780.2 31131.7  11915.3  6958.9  5695.6
  -445 124.393  -0.001 124.392  1104673.1 479692.6 101998.7 22170.8  10433.8  4055.4  4916.7
  -444  40.773  -0.000  40.773  1168141.6 538399.6 223855.4 34626.1   9491.2  6869.9  5304.5
  -443  -8.951   0.000  -8.951  1003561.3 482437.2 99436.2 31565.2  10821.8  1794.9  4883.1
  -442 -83.240   0.001 -83.239  1018408.3 417538.8 101728.9 27285.1  10765.3  3747.4  5005.7
  -441 -15.840  -0.000 -15.840  1022825.0 462665.4 101472.4 25241.1  12103.5  3666.3  5551.4
  -440 -38.773  -0.001 -38.774  1067029.7 537212.5 163473.6 31054.2  10574.5  9904.7  5253.7
  -439 -103.961  -0.001 -103.962  1071675.9 449671.5 103697.5 27514.8  10688.6  2309.5  5058.2
  -438  33.586   0.001  33.587  1083704.0 484336.8 190745.3 29848.1   9577.4  9812.5  4668.7
  -437 -86.100  -0.001 -86.101  1085813.0 446160.5 86634.5 28780.5   9692.3  3952.9  4796.2
  -436 117.756  -0.001 117.755  1103925.4 483918.4 150281.0 26082.7  10680.8  7605.5  4942.0
  -435 169.475  -0.000 169.475  1129739.7 461678.4 109949.3 29811.4  10883.5  2483.8  5391.2
  -434  22.148  -0.000  22.148   985391.4 469781.0 133384.6 29958.6  10287.5  5508.4  4728.2
  -433 -37.785  -0.000 -37.785  1166778.7 599246.7 179977.4 22438.1  11552.9  7249.8  5123.3
  -432 -116.732   0.000 -116.732  1101364.4 585282.4 220258.0 28749.7  10717.2  5816.0  5273.9
  -431 -158.768   0.000 -158.768  1151980.0 453305.8 131580.0 27806.1  10842.3  4455.7  5183.7
  -430  42.615   0.001  42.617  1092763.5 476369.5 195384.0 31728.3   9644.5  7288.6  4668.1
  -429  92.427  -0.001  92.427   965629.4 464463.6 120711.9 28749.1  10873.1  3759.6  4803.2
  -428 -60.718  -0.000 -60.719  1170064.3 512130.3 138137.4 28378.2  10868.2  3591.7  4906.6
  -427 -38.745  -0.000 -38.745  1147280.7 425787.9 99696.0 26676.5  12433.9  2948.6  5437.6
  -426 -75.272   0.000 -75.272  1082642.1 515115.9 119753.5 25605.9  10017.5  7008.0  4671.5
  -425 -61.910  -0.000 -61.910  1090371.7 558487.9 120826.1 30949.1   9364.0  7805.1  4617.0

         Carbon flux (ktC/yr)        Water (dam3/yr)                Nitrogen (MgN/yr)
       ----------------------- -------------------------- --------------------------------
Spinup NEP     estab   NBP     transp     evap    interc  nuptake ndemand  nlosses ninflux
------ ------- ------- ------- ---------- ------- ------- ------- -------- ------- -------
  -424 -21.848  -0.001 -21.848  1120699.3 588445.5 203634.6 27948.5  11167.6  7783.2  5159.3
  -423  60.595  -0.000  60.594  1166148.6 586015.7 217583.2 30171.0  11270.7  6284.6  5277.9
  -422 -35.338   0.002 -35.337  1122636.4 472603.1 193143.0 27468.6  10023.2  5944.3  4627.3
  -421 -45.406  -0.001 -45.407  1140979.6 652925.1 209670.7 30779.0  12259.7  6189.5  5622.1
  -420 192.265  -0.001 192.264  1145986.6 515113.6 122824.6 24957.2  10841.5  2068.7  5056.2
  -419 -181.177   0.000 -181.176  1139068.3 505415.6 118611.0 27907.0   8925.6  6352.2  4658.2
  -418 -91.011   0.001 -91.011  1100207.7 559087.3 124527.5 31275.7   9774.6  4959.9  4604.3
  -417 -124.137  -0.000 -124.138  1116507.7 456355.3 103010.4 27798.2  11226.5  2787.2  4946.8
  -416  47.880  -0.001  47.880  1087977.4 379996.6 90986.7 29155.9  10947.8  5435.5  5017.6
  -415  70.633  -0.000  70.632  1099265.7 476010.2 158122.0 25577.3  11237.7  8509.7  5015.5
  -414  44.419  -0.000  44.419  1044126.9 489608.6 99688.3 33267.5  10313.7  2384.6  4741.9
  -413  11.693  -0.000  11.693  1078067.2 518270.5 211306.4 26686.3  12253.5  7180.7  5474.5
  -412 -47.305   0.001 -47.304  1070302.1 428398.0 104502.9 30283.8  10215.4  3495.6  4899.9
  -411 -13.526  -0.000 -13.526  1178606.0 489159.0 133659.7 29194.2  11309.5  4234.0  5321.4
  -410  37.541   0.000  37.541   951434.5 454203.5 126381.7 26710.0  11047.3  5209.7  4892.7
  -409 -73.419   0.001 -73.417  1082274.8 478293.6 185207.5 24582.5  10800.4  7775.7  4747.1
  -408 -48.765  -0.001 -48.766  1078035.8 484526.9 139837.4 25373.6  11337.1  6339.9  5093.0
  -407  32.852  -0.000  32.851  1037452.0 493723.6 85740.5 32698.8  10169.7  2127.9  4812.6
  -406 -61.707  -0.000 -61.707  1188933.8 529579.9 206119.9 26166.6  11774.9  6331.1  5543.2
  -405 -70.195  -0.000 -70.195  1163090.3 506723.7 139046.3 33872.7   9971.3  4231.2  4937.8
  -404 -91.204   0.000 -91.204  1149207.3 510286.4 139371.5 29525.6  11048.8  4813.9  4966.6
  -403 -77.379   0.000 -77.379  1072026.8 582047.2 204778.5 25091.7  11679.0  8653.9  5243.1
  -402 -160.260  -0.000 -160.260  1065276.0 511517.7 112764.3 26973.6   9972.1  5517.0  4820.2
  -401 128.292  -0.001 128.291   997236.4 484864.2 93294.9 33584.6  10680.3  1773.1  4861.2
  -400 -97.912  -0.000 -97.912  1052923.2 442730.0 93634.3 25069.1  10253.3  4786.5  4877.5

         Carbon flux (ktC/yr)        Water (dam3/yr)                Nitrogen (MgN/yr)
       ----------------------- -------------------------- --------------------------------
Spinup NEP     estab   NBP     transp     evap    interc  nuptake ndemand  nlosses ninflux
------ ------- ------- ------- ---------- ------- ------- ------- -------- ------- -------
  -399 -38.884  -0.000 -38.885  1074935.9 509515.5 118635.8 27915.9   9601.8  7978.1  4767.2
  -398   7.540   0.001   7.541  1045321.8 509894.1 124384.1 26142.7   9599.6  4568.8  4742.4
  -397  38.646  -0.000  38.646  1135366.3 592351.7 172851.6 27542.7  10074.8  8975.6  5052.2
  -396  16.535  -0.000  16.535  1105564.5 588936.9 219812.2 31898.4  11071.4  6671.4  5349.8
  -395 -76.087  -0.000 -76.087  1131469.0 445613.0 131258.7 26761.9  10950.6  4605.4  5141.1
  -394  -3.255   0.000  -3.255  1056237.8 505795.8 126165.9 25432.7   9728.1  4471.4  4742.1
  -393 186.197  -0.000 186.196  1073174.7 557359.2 214799.5 31356.5  11270.1  7219.1  5517.5
  -392 -121.760   0.002 -121.759  1052168.2 421971.1 136837.7 27378.3  10841.0  6268.4  5134.7
  -391 -39.386   0.000 -39.386  1078576.0 424446.2 125102.0 28538.2  11179.4  5915.9  5027.8
  -390 132.192  -0.001 132.191  1058671.9 480229.1 82120.8 29546.9  10972.3  1315.5  4684.4
  -389 -214.550   0.000 -214.550  1127015.0 447931.6 97545.3 24570.4  10950.2  2241.5  4892.6
  -388 -69.645   0.002 -69.644  1119128.5 485246.3 173873.8 29365.7   9957.8 10594.9  4547.7
  -387   6.912  -0.001   6.911  1208893.2 544851.1 183027.6 29614.2  11690.2  5717.6  5384.6
  -386  57.064  -0.001  57.064  1143149.1 638819.3 201769.7 29408.2  11518.1  6602.8  5568.6
  -385  91.864  -0.001  91.863  1173955.6 638454.4 214079.3 28819.1  11740.1  5591.1  5563.4
  -384  12.776   0.001  12.777  1155828.8 425254.4 131302.4 28225.2  10708.1  5790.8  4999.6
  -383 147.244  -0.001 147.243  1250241.8 422708.0 94949.7 29969.7  11871.7  1754.6  5216.7
  -382 -64.702  -0.000 -64.702  1215335.7 506933.2 115396.7 26466.1   9604.7  7620.5  4529.9
  -381  28.522   0.000  28.522  1267692.7 507604.1 143415.9 34883.5   9842.0  3870.8  4654.1
  -380 -14.450   0.000 -14.450  1087130.1 479066.4 92050.0 26633.0  12138.5  2164.7  4665.6
  -379 -172.732   0.000 -172.731  1111473.3 474745.3 99438.4 20940.0  11812.0  6152.5  4894.9
  -378 -184.364   0.001 -184.363  1126760.4 457107.2 99147.2 32420.0  10168.9  4308.0  4809.0
  -377  85.106  -0.000  85.106  1093306.0 526033.2 116994.1 28792.1  11402.5  5319.2  5044.2
  -376 -58.653  -0.000 -58.653  1087548.6 559354.9 122825.7 28598.8   9611.9  7419.8  4634.7
  -375  93.792  -0.001  93.792  1088148.0 527761.8 197974.0 28316.7  11738.0  7271.2  5347.4

         Carbon flux (ktC/yr)        Water (dam3/yr)                Nitrogen (MgN/yr)
       ----------------------- -------------------------- --------------------------------
Spinup NEP     estab   NBP     transp     evap    interc  nuptake ndemand  nlosses ninflux
------ ------- ------- ------- ---------- ------- ------- ------- -------- ------- -------
  -374  57.833  -0.000  57.833   982619.6 469087.5 130970.7 28463.8  10290.0  3901.0  4731.5
  -373 -53.878  -0.000 -53.878  1086823.1 471268.0 105341.2 19582.1  11772.9  3951.0  4984.6
  -372 -106.690   0.000 -106.690  1082342.6 443025.6 97056.7 31614.9   8855.6  4816.7  4684.6
  -371 -29.690   0.000 -29.690  1080648.3 559715.0 129508.2 28745.4  10183.7  5877.6  4711.6
  -370 104.782  -0.001 104.781  1075887.3 525263.5 207632.7 27803.7  11893.6  6811.2  5405.0
  -369  40.679  -0.000  40.678  1114693.3 530878.9 183844.3 29355.5  10758.4  5234.2  5239.1
  -368 170.051  -0.000 170.051  1080922.7 553053.5 234771.7 26967.2  12513.2  4701.1  5678.5
  -367 -70.564   0.000 -70.564  1139538.7 519454.8 242974.1 26334.1  11564.4  4929.3  5549.5
  -366 -30.129   0.000 -30.129  1032981.6 362905.4 102368.3 27845.7  11288.1  3876.2  5179.4
  -365 -20.719  -0.000 -20.719  1019955.4 474067.3 169669.5 25214.7  11823.4  7281.3  5209.4
  -364 -133.533  -0.000 -133.533  1026739.5 446965.2 103926.3 28488.4   9715.1  3436.3  4854.5
  -363 177.742  -0.001 177.742  1027215.6 518599.2 142779.2 27460.5  11051.3  3052.5  5197.3
  -362 -65.443   0.003 -65.440  1045029.7 475208.0 215177.7 28795.3   9333.6  8036.2  4705.3
  -361 -105.295   0.000 -105.295  1102021.5 617147.3 170302.6 24593.5  10945.0  6261.5  5144.3
  -360 -217.273   0.000 -217.273  1037650.0 514299.2 116257.1 26345.7   9591.4  4897.2  4862.0
  -359 -54.042   0.000 -54.042  1012474.7 561877.4 126268.0 29717.2   9605.3  4388.6  4831.3
  -358  93.172  -0.001  93.171   982579.3 487161.6 96141.2 29474.5  11393.3  2257.5  5042.0
  -357  20.323  -0.000  20.323  1040765.8 491579.2 143247.9 23581.1  11844.9  5480.6  5588.3
  -356   5.191  -0.000   5.191   999347.6 370408.1 95358.3 27861.0  10925.5  4284.9  5231.6
  -355 209.339  -0.001 209.339  1015604.7 554748.4 226897.1 28831.2  12219.2  6991.0  5734.4
  -354 -127.021   0.002 -127.019  1000667.5 420832.5 144684.1 26329.9  10915.9  6380.1  5310.6
  -353 165.925  -0.001 165.924  1036339.4 560175.8 205721.5 28872.6  12333.7  4893.9  5614.7
  -352 -193.318   0.000 -193.318  1043814.2 447497.4 106630.8 25509.7  10566.2  1918.6  5018.9
  -351 -135.783  -0.000 -135.784  1036410.5 464723.2 106446.2 29029.7  10682.2  3966.8  4994.0
  -350 161.041  -0.001 161.040   911902.8 460786.0 132149.8 28630.6  10746.6  6530.9  4840.6

         Carbon flux (ktC/yr)        Water (dam3/yr)                Nitrogen (MgN/yr)
       ----------------------- -------------------------- --------------------------------
Spinup NEP     estab   NBP     transp     evap    interc  nuptake ndemand  nlosses ninflux
------ ------- ------- ------- ---------- ------- ------- ------- -------- ------- -------
  -349  30.931  -0.001  30.930  1018099.5 371448.4 95802.7 23804.3  11682.6  4155.6  5154.2
  -348  93.281   0.000  93.281   987047.2 476031.1 104109.6 29916.9  10843.4  1886.0  4939.7
  -347 -133.933   0.001 -133.932   985984.3 550639.7 139518.0 24919.1  10273.8  5962.1  4846.7
  -346 -130.591   0.002 -130.589  1017814.4 490554.5 193883.1 27019.1  10246.1  9328.5  4793.3
  -345  71.169  -0.001  71.168  1018099.2 576669.1 191496.7 29964.1  12123.1  5568.5  5701.2
  -344  69.735  -0.001  69.734  1038306.6 518929.1 163486.3 26714.6  10582.9  4704.9  5284.2
  -343 -19.443  -0.000 -19.443  1050615.3 582763.8 209083.1 26300.9  10740.4  5731.5  5264.1
  -342 -94.172   0.001 -94.171  1041457.7 428660.4 134743.6 28668.1  10568.0  6093.1  5232.8
  -341 129.004  -0.001 129.003  1026258.4 479186.7 87712.5 29973.4  11113.2  1343.1  4867.7
  -340   0.359  -0.000   0.359  1090742.9 492667.6 133701.4 23819.6  11890.1  5470.7  5447.6
  -339 -11.778  -0.000 -11.778  1041746.4 370196.1 89286.7 27851.7  10976.4  4187.9  5097.5
  -338  76.691  -0.000  76.690  1109713.6 586061.2 216448.1 29892.0  11573.4  8215.8  5340.2
  -337 -12.604  -0.000 -12.605  1146350.8 528721.8 219224.9 27029.1  11752.9  5340.9  5509.4
  -336  -7.592  -0.001  -7.593  1112919.1 425452.6 106098.3 30373.6  11546.3  2525.2  5443.1
  -335  78.700  -0.001  78.700  1192054.7 497740.4 147790.8 32534.5  10979.7  6313.5  5260.2
  -334  85.647  -0.000  85.647  1022039.2 473161.8 108509.8 27697.6  11432.2  1667.4  4909.0
  -333 -145.807   0.002 -145.805  1048926.5 420816.8 145644.8 25437.7  11441.5 10193.2  5209.2
  -332 -31.413  -0.000 -31.414  1083317.4 585834.0 203441.0 27573.3  11379.1  6260.4  5163.0
  -331 -19.838  -0.001 -19.839  1065151.3 481491.4 152318.8 23849.9  11276.1  5641.8  5045.7
  -330 -82.527   0.001 -82.526  1072646.4 433276.1 133554.7 30924.9  10135.5  5665.4  5076.0
  -329 148.311  -0.001 148.311  1159046.3 585974.7 204011.7 29153.8  11786.8  5600.7  5234.8
  -328 -156.289  -0.000 -156.289  1117378.1 494996.2 113650.6 23484.4  10087.4  4734.9  4758.4
  -327  49.316  -0.001  49.315  1103354.3 636173.4 221564.5 30895.7  11601.1  5986.0  5570.0
  -326  96.412   0.001  96.413  1099141.7 420885.2 100259.2 28036.7  10332.7  2184.6  4771.6
  -325 -118.073   0.000 -118.073  1189994.8 449468.6 122438.1 24875.8  10661.3  5496.7  4968.3

         Carbon flux (ktC/yr)        Water (dam3/yr)                Nitrogen (MgN/yr)
       ----------------------- -------------------------- --------------------------------
Spinup NEP     estab   NBP     transp     evap    interc  nuptake ndemand  nlosses ninflux
------ ------- ------- ------- ---------- ------- ------- ------- -------- ------- -------
  -324   6.047  -0.000   6.047  1150836.2 426691.7 95565.8 32730.0  11402.1  2713.9  5269.7
  -323  55.287  -0.001  55.286  1146885.5 586708.7 206363.3 28272.2  10990.5  9658.9  5081.9
  -322 226.960  -0.001 226.959  1144780.5 566149.9 216919.7 28533.1  11903.8  5331.7  5471.1
  -321  82.918   0.000  82.918  1100341.2 553736.5 225662.4 26407.0  11867.8  4770.6  5509.5
  -320 -73.962   0.000 -73.962  1119823.7 580191.8 230760.0 27841.7  11761.3  5567.4  5283.9
  -319  42.264   0.000  42.264  1057430.1 554732.6 220937.4 27051.9  13032.3  4596.5  5587.9
  -318 -72.499   0.000 -72.499  1129374.1 483642.3 144509.6 27387.0  11590.6  3163.2  5360.9
  -317 -153.693   0.001 -153.692  1019920.9 556149.6 131309.8 25503.8  10639.8  5136.1  4878.1
  -316 -58.415  -0.000 -58.415  1033353.4 587136.9 211321.1 26859.8  11253.2  6657.6  5255.1
  -315 -156.218  -0.000 -156.218  1048325.4 509672.9 119689.7 24876.5   9794.3  4774.1  4864.2
  -314 124.470  -0.000 124.470  1011054.0 518399.4 130086.0 27827.0  10403.5  2645.8  5165.6
  -313 -150.787   0.000 -150.787  1021988.9 453775.3 110842.2 29677.7  10025.1  3119.0  5002.7
  -312 -107.782  -0.000 -107.782  1027989.6 462947.4 110629.2 29004.7  10788.7  4428.7  5075.0
  -311  75.529  -0.001  75.529  1011867.2 483033.3 163126.7 24927.3  11379.7  9744.5  5177.1
  -310 154.531  -0.000 154.530  1044306.2 497803.6 153688.0 28332.2  10954.4  3681.5  5449.0
  -309  44.698  -0.000  44.698  1040827.9 576308.2 236377.9 26557.9  10907.6  6281.1  5325.6
  -308  -4.554   0.000  -4.554  1094813.3 602579.4 201502.9 24046.6  10637.7  6034.3  5209.0
  -307 -46.522   0.000 -46.522  1078029.2 536553.3 246127.6 29016.2  11180.8  4922.2  5627.0
  -306   1.154   0.000   1.154   984559.2 363164.5 105990.1 28608.2  11083.8  3833.5  5321.0
  -305  49.146  -0.000  49.145  1070928.7 525596.8 248058.8 28656.6  11701.2  6387.8  5642.1
  -304 170.029  -0.000 170.029   973760.4 552776.2 255187.9 28041.6  12090.0  5736.7  5839.5
  -303 -50.050   0.000 -50.050  1028645.4 520315.7 261148.3 26987.1  11440.2  5072.3  5703.4
  -302  73.275   0.001  73.275   946385.7 509836.8 156242.8 26907.7  11132.9  2857.2  5393.1
  -301 111.698   0.000 111.698   926263.8 559618.5 263396.0 28715.9  11894.0  6587.2  5858.1
  -300 -150.095   0.003 -150.093   922570.3 504737.5 149688.3 21736.1  10137.4  3587.6  5048.3

         Carbon flux (ktC/yr)        Water (dam3/yr)                Nitrogen (MgN/yr)
       ----------------------- -------------------------- --------------------------------
Spinup NEP     estab   NBP     transp     evap    interc  nuptake ndemand  nlosses ninflux
------ ------- ------- ------- ---------- ------- ------- ------- -------- ------- -------
  -299 -122.720   0.001 -122.720   995636.7 510360.3 156837.2 33363.9   9743.0  4728.9  5072.7
  -298 -58.248   0.001 -58.247   914118.0 560570.2 144792.9 24423.6  10484.9  4878.2  4950.9
  -297 -106.773   0.000 -106.772   995508.7 521944.5 156474.0 29741.0  10157.0  5026.4  5079.8
  -296 -124.027   0.000 -124.026   993392.6 456273.5 140179.7 24366.6  11085.3  6119.8  5283.9
  -295 -35.458  -0.000 -35.458   937449.4 445883.6 102574.5 30263.9   9323.8  4553.0  4877.2
  -294 292.694  -0.001 292.693   968252.0 464730.3 125443.1 27012.8  11651.7  3727.9  5585.8
  -293   4.548   0.002   4.550   963338.4 429613.3 119337.8 29551.6   9193.3  5605.6  4972.4
  -292 -114.504  -0.001 -114.505   974286.5 441336.7 99631.3 26341.7   9724.9  4462.8  4844.5
  -291 203.792  -0.002 203.790   987784.4 566665.3 230750.4 29359.3  12005.0  7741.4  5634.6
  -290 129.151  -0.001 129.150   971725.1 553073.4 243482.5 26002.9  11805.5  5211.4  5729.1
  -289  -8.194  -0.000  -8.194   972621.7 490986.9 161955.8 25802.7  11563.0  3677.7  5553.4
  -288  64.176  -0.000  64.175   999836.8 580959.8 251843.0 28453.9  11818.9  6442.4  5478.7
  -287 -49.865  -0.000 -49.866   957544.6 475489.4 125812.8 21641.5  11289.7  3856.1  5214.5
  -286  26.890   0.000  26.890   911529.5 484229.0 120853.2 35005.6  10120.7  2857.5  5024.9
  -285 -69.739   0.000 -69.739   924236.6 363527.4 109521.4 24301.3  11657.1  4655.4  5421.1
  -284 146.743  -0.000 146.743   923015.1 489288.3 165077.0 25240.9  11634.9  6872.6  5571.2
  -283 -171.667   0.000 -171.667   928236.6 497442.3 143417.3 27682.5   9436.8  4788.8  5021.1
  -282 103.738  -0.000 103.737   918267.1 519707.0 203450.3 29040.6  11179.5  4940.3  5441.9
  -281 -79.398  -0.000 -79.399   911340.2 444336.0 114565.3 24643.3   9918.6  3411.5  5023.6
  -280  96.461  -0.000  96.461   981357.8 598829.6 225588.1 25205.7  10252.4  7634.8  5250.5
  -279 -150.134  -0.000 -150.134   917150.7 449999.6 118333.8 28322.8   9268.5  3842.3  5030.2
  -278  10.761   0.003  10.764   925432.8 426272.7 167124.9 29313.7  10930.0  6988.6  5446.8
  -277 204.159  -0.001 204.158   971168.5 494803.8 152285.1 23605.7  11368.2  5129.9  5425.1
  -276 -57.229   0.000 -57.229   962604.7 476617.2 122650.0 21824.7   9738.4  3763.8  5095.5
  -275 -19.074   0.000 -19.073   902997.7 486295.2 115294.0 37067.7   9606.0  2923.4  5018.7

         Carbon flux (ktC/yr)        Water (dam3/yr)                Nitrogen (MgN/yr)
       ----------------------- -------------------------- --------------------------------
Spinup NEP     estab   NBP     transp     evap    interc  nuptake ndemand  nlosses ninflux
------ ------- ------- ------- ---------- ------- ------- ------- -------- ------- -------
  -274 -187.785   0.001 -187.785   920828.1 560061.0 148231.3 24430.1  10745.7  6207.6  5118.3
  -273 -108.030   0.002 -108.027   915010.1 430791.3 147456.8 27826.8  11111.5  7324.3  5448.8
  -272 225.559  -0.001 225.558   976297.6 561641.4 210865.1 28281.1  11819.0  4941.0  5729.5
  -271 -114.870  -0.000 -114.870  1032334.9 447814.2 133720.7 25355.6   9883.8  4608.8  5154.4
  -270 -29.165   0.002 -29.163   965502.6 426350.7 141731.1 32291.9  10106.8  7412.3  5173.3
  -269 151.085  -0.001 151.084  1009980.6 524603.1 194343.7 29243.5  11347.3  5727.3  5360.8
  -268  72.514  -0.001  72.513  1056684.8 537748.1 178117.3 30127.3  10060.9  5238.1  5194.8
  -267  72.163  -0.001  72.162  1052383.0 631199.8 246296.8 27439.3  11811.0  5507.7  5736.2
  -266  30.485   0.000  30.485  1071494.3 578674.1 238277.2 26707.9  10765.6  5101.2  5216.1
  -265 -151.418   0.000 -151.418  1057219.5 455673.2 119634.0 28232.4  10644.8  2121.2  5041.7
  -264  -8.206  -0.001  -8.207  1082146.7 433007.5 114264.3 30932.4  12053.7  3385.4  5505.1
  -263 122.160  -0.001 122.160  1067921.9 481105.7 122171.3 24316.1  10630.5  7403.1  4946.0
  -262  66.547   0.000  66.548  1061077.1 580792.3 251039.2 32973.3   9423.1  8074.8  5141.0
  -261 -79.225   0.001 -79.223  1030602.8 507020.8 143362.7 23099.9  10433.6  3424.5  4883.9
  -260 -23.544   0.000 -23.544  1120641.0 485532.0 149668.5 31865.6  10899.8  4460.9  5400.6
  -259  29.010  -0.000  29.009  1036671.0 491583.7 150199.2 24723.9  12366.3  5091.3  5571.7
  -258 137.427  -0.000 137.426  1003315.5 458796.8 120407.4 25296.5  11976.1  2556.8  5610.6
  -257 -180.302  -0.000 -180.302  1008848.8 452961.0 105290.0 27134.1   9536.7  5958.8  4873.3
  -256 -28.826   0.000 -28.825  1011045.5 560816.0 144718.1 29780.8   9776.5  6057.2  4835.4
  -255  54.274  -0.000  54.274   966802.3 485390.1 109722.1 29684.8  11485.2  2427.0  5074.6
  -254  -5.641   0.000  -5.641  1007288.2 513830.5 194665.2 24919.1  11439.3  6813.6  5398.1
  -253 -42.963   0.000 -42.963   970061.7 365144.3 104334.9 26754.6  11357.3  3963.7  5318.0
  -252 176.656  -0.001 176.655   984661.0 489136.2 157720.9 25680.0  11731.5  6590.5  5500.1
  -251 -11.906   0.000 -11.906   962402.1 360457.0 107866.4 28716.6  10429.6  3501.2  5284.8
  -250  82.484  -0.000  82.484   978528.7 515231.3 198537.2 28723.3  11300.9  5810.3  5409.7

         Carbon flux (ktC/yr)        Water (dam3/yr)                Nitrogen (MgN/yr)
       ----------------------- -------------------------- --------------------------------
Spinup NEP     estab   NBP     transp     evap    interc  nuptake ndemand  nlosses ninflux
------ ------- ------- ------- ---------- ------- ------- ------- -------- ------- -------
  -249  -5.889   0.002  -5.887   943648.7 414849.0 118074.1 26383.9  10480.1  2750.5  5154.1
  -248 -34.751  -0.000 -34.751   950125.4 523142.3 209721.7 27141.0  11398.5  7283.7  5600.4
  -247 -58.516  -0.000 -58.516   937097.2 501149.8 106149.8 31469.5  10884.8  3357.3  5082.6
  -246 -115.812  -0.000 -115.812   969284.6 478658.1 115580.2 20440.5  11251.9  4961.8  5300.0
  -245  -4.209  -0.001  -4.210   961499.1 639418.7 252559.0 34075.5  10682.5  8260.1  5857.3
  -244 243.503  -0.001 243.502   995205.9 493425.6 160778.0 23563.9  11555.7  5112.0  5471.9
  -243  86.038  -0.000  86.038   989933.7 621124.0 277832.2 30477.1  10678.1  5354.4  5866.8
  -242 147.634  -0.000 147.634   992808.7 491569.5 171698.0 24050.8  11792.0  4728.4  5514.7
  -241  23.713  -0.000  23.713   973545.5 620272.0 288352.4 29796.1  11379.3  4983.0  5961.6
  -240  71.134   0.000  71.134   956652.2 509061.0 165105.0 25409.1  11502.0  2237.5  5439.4
  -239 -171.810  -0.000 -171.810   944740.4 443263.0 118947.6 28275.5   9628.2  4344.0  4976.2
  -238 -98.341   0.000 -98.341   968845.0 506550.6 149686.1 28080.3  10154.7  6385.5  5022.0
  -237  41.644  -0.000  41.644  1002231.6 531391.4 274453.0 28500.7  11579.9  5541.9  5655.1
  -236 -72.043   0.002 -72.041   929415.6 503670.3 157785.9 23740.3  10071.4  4059.3  5033.6
  -235 -72.824   0.000 -72.823   940042.9 584414.7 242297.3 29611.2  10415.7  7601.8  5412.6
  -234  63.581  -0.001  63.580   932230.8 525074.1 227769.7 28707.3  11564.5  5625.3  5662.2
  -233 -116.019   0.000 -116.019   945608.5 570730.0 156518.3 27809.3   9642.3  4586.9  4995.7
  -232 110.854  -0.001 110.853   938495.8 523091.9 234229.2 28542.4  11711.4  6229.8  5694.6
  -231 -117.727   0.000 -117.727   953061.7 569402.8 160781.4 27644.1   9654.8  4584.3  5023.0
  -230 161.793  -0.001 161.792   963459.7 492352.2 167696.6 25055.3  11856.3  5910.8  5638.9
  -229 133.335   0.000 133.335   858395.1 453379.0 163285.0 27861.8   9805.9  3118.6  5077.0
  -228 -227.760   0.000 -227.760   940259.9 452506.3 129737.3 25096.7  11485.1  2299.9  5358.9
  -227   3.530   0.002   3.533   917802.7 426465.7 119595.5 30206.4  10363.8  4955.4  5265.1
  -226  -1.041  -0.001  -1.041   992148.5 423567.6 109662.9 27636.5  11862.3  2794.3  5760.3
  -225  47.640   0.001  47.642   955874.2 427120.3 110177.0 31053.1   9586.5  5846.1  5073.2

         Carbon flux (ktC/yr)        Water (dam3/yr)                Nitrogen (MgN/yr)
       ----------------------- -------------------------- --------------------------------
Spinup NEP     estab   NBP     transp     evap    interc  nuptake ndemand  nlosses ninflux
------ ------- ------- ------- ---------- ------- ------- ------- -------- ------- -------
  -224  59.216  -0.001  59.216  1033132.0 590334.3 224631.3 28003.8  11235.8  9012.8  5494.5
  -223  36.183  -0.001  36.183   974914.6 520224.4 212538.6 28097.5  11439.1  5975.7  5570.5
  -222 -30.877   0.001 -30.876   975950.6 431416.2 108363.6 29756.6   9798.9  3336.8  5035.1
  -221 -118.390   0.000 -118.390   994242.4 564165.1 126979.8 26958.5   9751.4  5074.3  4884.0
  -220  13.600  -0.000  13.600  1049484.6 596117.8 216749.6 29629.7  11548.4  7467.8  5450.3
  -219 143.029  -0.001 143.028  1006306.2 557792.3 220551.0 27415.7  12159.0  4910.6  5767.9
  -218 -32.228  -0.000 -32.228  1079768.9 526059.3 232000.7 27199.1  11137.3  5151.1  5575.0
  -217  24.191  -0.001  24.190  1001115.0 633850.0 249871.3 29621.7  11827.1  6539.6  5834.6
  -216 179.146  -0.001 179.146  1019799.5 493579.6 157821.8 23653.1  11472.4  4950.9  5356.9
  -215 -28.098  -0.000 -28.098  1052298.9 587777.0 209988.2 26150.6   9559.6  6234.5  5114.7
  -214 -86.806   0.002 -86.804   966743.9 425979.5 113332.4 31847.7   9901.4  3128.2  5055.0
  -213 -115.657   0.002 -115.655  1001910.1 481021.2 191279.2 26002.5  10042.7  7118.9  4825.7
  -212 -52.549  -0.001 -52.550   965304.5 499367.2 83748.2 31949.5  11049.6  2619.8  5048.5
  -211   5.145  -0.001   5.145  1007891.4 454056.5 101181.6 22241.7  12131.3  2536.7  5691.3
  -210 -96.866  -0.001 -96.867  1069273.1 442108.1 96745.6 31268.8  10872.8  4790.6  5514.3
  -209   1.559   0.001   1.560  1033523.1 432627.2 132603.8 30823.3  10243.2 10178.9  5173.7
  -208  93.645  -0.001  93.644  1174777.1 446849.2 121002.6 28082.5  10057.5  5248.8  4998.9
  -207  80.664  -0.001  80.664  1086773.7 481275.9 155722.2 26806.2  10169.7  7806.7  4914.3
  -206  91.099  -0.000  91.098  1082074.9 529310.3 209056.9 32366.6  10514.3  5476.8  5247.3
  -205 -117.929   0.000 -117.929  1077454.1 570355.6 133470.2 28077.0   9949.5  4428.1  4680.7
  -204  -2.334  -0.001  -2.335  1130917.2 429952.1 105451.5 29775.5  12039.1  2672.7  5445.0
  -203 -16.364  -0.001 -16.365  1104957.1 447116.8 101372.2 28594.9   9494.5  5352.7  4722.5
  -202 183.565  -0.001 183.564  1143318.6 638383.2 252975.0 31301.4  11701.2  8644.5  5597.4
  -201 -53.635   0.000 -53.635  1153557.2 446170.7 124465.4 27109.2  10681.3  1962.6  4884.3
  -200 -101.311   0.000 -101.311  1102793.6 443065.4 108732.8 28565.7  10234.5  4927.9  4741.9

         Carbon flux (ktC/yr)        Water (dam3/yr)                Nitrogen (MgN/yr)
       ----------------------- -------------------------- --------------------------------
Spinup NEP     estab   NBP     transp     evap    interc  nuptake ndemand  nlosses ninflux
------ ------- ------- ------- ---------- ------- ------- ------- -------- ------- -------
  -199 141.319   0.000 141.319  1036670.0 484599.4 112217.4 31435.2  11312.4  3072.2  4755.8
  -198 -72.074   0.000 -72.074  1131235.2 590850.9 204368.8 22181.9  11217.1  9623.3  5149.5
  -197 -146.120   0.001 -146.120  1113274.5 513765.7 161604.1 33317.2  10257.1  3608.5  4949.2
  -196 -34.428   0.000 -34.428  1069147.4 424547.9 112814.9 26241.0  13196.9  2702.7  5606.9
  -195 -17.975   0.002 -17.973  1029762.6 485488.7 207410.9 29696.0   9956.7  9837.4  4734.7
  -194 -115.465  -0.001 -115.466  1027067.3 447819.6 90501.2 27979.1   9980.2  3901.7  4874.3
  -193 157.207  -0.001 157.207  1100906.0 591646.6 220711.5 31002.6  10958.9  7662.9  5259.9
  -192  31.259   0.001  31.260  1032660.6 415201.5 104599.0 27280.2  10140.1  2504.5  4898.9
  -191 -15.950  -0.000 -15.950  1095961.4 587781.1 213595.2 28619.9  11367.9  7572.7  5318.6
  -190 -105.737   0.002 -105.735  1063424.0 475865.7 185688.4 26508.3  10238.5  6376.0  4695.2
  -189 -202.881  -0.000 -202.882  1065352.2 516028.2 102552.0 26942.2  10050.9  5124.7  4817.4
  -188 107.209  -0.001 107.209  1052048.1 531646.3 183083.1 30409.8  10978.2  5861.7  5308.4
  -187 -76.328  -0.001 -76.329  1147835.6 462250.2 120870.9 26732.5  10147.9  4877.3  5016.6
  -186  67.674  -0.001  67.674  1068091.1 480036.3 151573.8 27570.4  10524.9  7289.6  4954.1
  -185 -106.977  -0.000 -106.978  1099505.4 463124.9 105438.0 31061.1   9775.3  2292.2  4877.9
  -184  96.902  -0.001  96.901  1130988.1 587052.2 223027.1 30649.3  11561.6  8563.0  5246.5
  -183  48.294  -0.000  48.294  1067558.2 551848.8 136149.3 26668.0  10089.1  3513.5  4668.8
  -182 -70.003  -0.001 -70.004  1131857.1 434502.4 106271.8 29045.9  11864.6  3339.4  5387.2
  -181 119.022  -0.000 119.022  1194524.0 538364.4 235297.6 29483.8  11341.3  7715.3  5379.6
  -180 195.067  -0.000 195.067  1092311.6 487987.1 154295.9 24653.9  11328.8  6208.6  5197.4
  -179 -38.259   0.000 -38.259  1135071.8 482601.8 156640.8 32375.6  10496.2  3253.0  5281.2
  -178 -78.029   0.000 -78.029  1117413.1 524297.7 234205.3 26500.0  12291.8  6143.4  5606.4
  -177 -136.304   0.000 -136.304  1031170.1 447575.2 116499.6 27747.9  10875.3  2363.9  5090.6
  -176 138.236  -0.001 138.235  1001378.8 566630.7 235401.5 30236.9  12404.5  8228.4  5719.1
  -175  75.082  -0.000  75.082  1014232.7 490042.5 160317.9 25370.8  11639.5  3872.7  5562.8

         Carbon flux (ktC/yr)        Water (dam3/yr)                Nitrogen (MgN/yr)
       ----------------------- -------------------------- --------------------------------
Spinup NEP     estab   NBP     transp     evap    interc  nuptake ndemand  nlosses ninflux
------ ------- ------- ------- ---------- ------- ------- ------- -------- ------- -------
  -174  88.685  -0.000  88.685  1004391.5 496573.1 162105.8 26286.3  11711.2  4365.6  5537.9
  -173 -130.019   0.000 -130.019  1008201.9 502427.1 137763.9 26572.0  10049.0  5889.9  4954.5
  -172  81.578  -0.000  81.577   992863.1 496694.8 164497.9 26917.6  11862.4  4129.5  5572.6
  -171 106.217  -0.000 106.217   992532.2 495379.5 167754.9 25738.3  11825.5  4369.8  5595.6
  -170  50.545  -0.000  50.545  1022250.6 418584.9 124854.8 28708.8  11931.0  2315.0  5667.7
  -169 188.000  -0.001 187.999  1010028.9 465804.7 138312.4 27574.0  12038.0  5246.4  5715.4
  -168  54.430  -0.000  54.430   901987.3 466938.4 168113.2 29103.6  10347.7  6785.5  4986.2
  -167 -92.665   0.003 -92.662  1008538.4 470559.8 234985.0 24406.5  10845.4  6978.7  4918.6
  -166 -134.429  -0.001 -134.430  1014813.5 653628.8 240189.5 29100.1  12228.7  6225.8  5879.0
  -165   6.240  -0.000   6.240  1014088.9 561142.8 144900.8 27107.4   9821.2  3125.0  4775.9
  -164  18.578  -0.001  18.577  1046943.1 500586.1 154572.6 24570.3  11489.6  6416.9  5390.5
  -163  43.624  -0.000  43.623  1000627.0 513324.4 229610.3 31227.5  10375.6  5465.7  5457.2
  -162 -107.068   0.003 -107.065  1034220.9 485946.8 213769.3 27661.9  10158.0  6001.6  4805.8
  -161 -247.320  -0.000 -247.320  1029798.5 515855.1 114013.8 26376.3  10224.5  4816.0  4976.0
  -160  98.596  -0.001  98.595  1034279.8 522976.9 170862.0 30370.9  10493.9  5023.0  5266.2
  -159 -17.189   0.002 -17.187  1048647.4 474600.0 195175.2 26833.6   9837.2  6176.0  4775.1
  -158 -57.546  -0.001 -57.547  1104484.5 434967.6 93341.8 30408.3  11505.1  2487.6  5507.7
  -157 -12.792   0.000 -12.792  1077044.1 431845.7 130344.9 30295.3  10148.9  8889.4  5087.0
  -156 285.078  -0.001 285.077  1140656.1 449806.2 102640.2 26070.4  11661.4  2267.5  5393.9
  -155 -50.910   0.001 -50.909  1117101.0 428328.6 98850.4 29920.3   9141.2  4885.3  4726.6
  -154 -89.811   0.000 -89.811  1141467.7 583545.3 201248.7 27050.8  10833.7  7960.0  5127.0
  -153 -17.024  -0.000 -17.024  1139791.9 524949.1 161984.5 29405.6  11168.0  5125.5  5184.3
  -152   6.759  -0.000   6.758  1187618.2 593785.2 166051.4 24119.2  10773.3  6286.6  5039.4
  -151 -203.846   0.000 -203.846  1115264.5 462284.2 101976.4 30277.1  10090.1  2616.5  4939.2
  -150 108.205  -0.001 108.204  1094614.1 530938.4 196197.5 29730.1  11816.6  7381.8  5365.0

         Carbon flux (ktC/yr)        Water (dam3/yr)                Nitrogen (MgN/yr)
       ----------------------- -------------------------- --------------------------------
Spinup NEP     estab   NBP     transp     evap    interc  nuptake ndemand  nlosses ninflux
------ ------- ------- ------- ---------- ------- ------- ------- -------- ------- -------
  -149  56.088  -0.000  56.087  1207221.2 542185.9 220432.6 27942.4  11285.7  5260.8  5440.9
  -148  22.719  -0.001  22.719  1110649.2 633848.8 238191.4 29840.6  11705.6  6248.9  5721.2
  -147 -51.427   0.001 -51.426  1095099.6 501177.1 130059.7 22035.8  10381.2  3136.6  4733.0
  -146   0.492  -0.000   0.492  1195773.6 484549.9 137490.9 33207.0  10684.6  4282.7  5261.5
  -145   7.464   0.000   7.464  1137133.9 580814.6 218375.5 27398.2  12299.0  7631.5  5380.9
  -144  57.652  -0.000  57.652  1084373.7 515544.0 175195.4 26751.9  11456.4  4847.4  5227.7
  -143  -1.429  -0.000  -1.429  1165302.0 483944.2 142552.6 28842.2  11416.2  3394.1  5355.8
  -142 -61.867   0.000 -61.867  1078082.0 579004.9 220080.3 25646.3  11357.7  7012.7  5302.8
  -141 -176.393   0.000 -176.393  1071364.8 508329.5 121434.8 25633.8  10062.9  5082.6  4860.9
  -140  31.101   0.000  31.101  1025618.0 561446.4 134243.8 30368.6   9573.2  3853.5  4698.0
  -139 -142.388  -0.000 -142.388  1035420.2 569604.1 130967.6 27020.1  10182.9  5675.7  4820.9
  -138 164.709  -0.001 164.708  1064856.9 494417.3 142877.1 25163.8  11547.0  6219.0  5305.7
  -137 -58.721   0.000 -58.721  1054871.1 441156.9 100578.6 28999.9   8870.7  3125.0  4729.7
  -136 128.215  -0.001 128.214  1042904.7 524583.8 214487.8 30990.2  11502.5  7137.5  5413.4
  -135 -18.589  -0.001 -18.589  1112236.1 433171.2 112924.0 30017.0  11550.3  2810.7  5493.9
  -134  39.014   0.001  39.014  1082434.4 510689.0 139246.9 24622.4   9898.4  5117.4  4769.7
  -133  46.632   0.000  46.632  1189040.0 481747.7 149790.6 33611.2  10546.7  5000.2  5280.6
  -132  34.175  -0.000  34.175  1085508.0 490215.3 152485.2 24909.3  12430.6  5511.8  5497.4
  -131  14.292  -0.000  14.292  1138720.0 526009.7 239869.7 27860.0  11625.7  6417.9  5478.0
  -130  31.775  -0.000  31.775  1089274.7 585231.4 247357.7 30184.2  11453.5  7062.1  5412.0
  -129 113.894  -0.000 113.894  1040930.8 488706.3 158587.5 24387.8  12204.3  5162.4  5399.5
  -128 -136.421   0.000 -136.420  1099695.1 443657.8 147193.5 27399.1  10260.1  4345.4  5065.7
  -127 147.866  -0.000 147.866  1002813.0 560816.9 243238.8 32190.3  11914.8  6301.8  5647.9
  -126  17.771  -0.000  17.771   985603.6 512512.2 231910.8 27663.5  11653.4  5661.1  5530.5
  -125 -108.833   0.000 -108.833   988861.1 574749.0 157409.6 28922.0   9843.8  4244.3  4788.9

         Carbon flux (ktC/yr)        Water (dam3/yr)                Nitrogen (MgN/yr)
       ----------------------- -------------------------- --------------------------------
Spinup NEP     estab   NBP     transp     evap    interc  nuptake ndemand  nlosses ninflux
------ ------- ------- ------- ---------- ------- ------- ------- -------- ------- -------
  -124 -113.507   0.003 -113.504  1016971.1 487381.6 216197.7 26841.2  10221.0  6719.7  4813.9
  -123 -133.231  -0.000 -133.231   997965.9 486354.2 152943.4 25290.3  11562.5  5653.4  5245.5
  -122 -138.939  -0.000 -138.940  1038260.1 464810.5 106667.7 30217.7   9982.2  2063.7  5023.7
  -121 -66.491  -0.001 -66.492  1050029.3 512805.9 121686.5 26754.4   9803.2  6635.8  4857.3
  -120 -31.641  -0.000 -31.641  1047883.1 457626.9 112365.8 30896.4   9942.2  2423.6  5004.2
  -119  81.231  -0.001  81.231  1102373.1 608920.3 193728.2 25599.1  10604.8  9255.4  5136.8
  -118  25.973   0.000  25.973  1022814.2 571108.3 147259.1 30832.9   9253.9  4286.2  4736.7
  -117 -61.978  -0.000 -61.979  1103221.1 516403.5 161820.1 31126.8  10454.6  4167.9  5020.6
  -116 -27.393   0.000 -27.392  1008254.0 556172.2 147876.7 25414.8  10566.4  4562.9  4857.6
  -115 -162.962   0.000 -162.962  1007002.5 569157.2 141662.6 27748.3  10254.8  6397.3  4916.9
  -114  89.362  -0.001  89.360  1030958.4 640380.6 249426.2 29528.9  12372.3  7209.7  5855.8
  -113 136.591  -0.000 136.590  1145312.4 484883.5 160411.6 30324.0  11079.7  3330.9  5418.1
  -112 -46.769   0.001 -46.769  1029921.5 552066.8 152346.1 26675.9  10296.3  5585.1  4958.7
  -111 153.136  -0.000 153.135  1022454.6 457444.4 126287.2 26106.0  12574.0  3144.0  5719.9
  -110 -181.507   0.000 -181.507  1034809.5 460650.1 124368.6 29484.5  10346.7  4747.5  5130.8
  -109 140.097  -0.001 140.097   996718.2 524351.1 231901.8 30030.1  11938.0  8780.3  5606.9
  -108 -61.634   0.001 -61.633  1012299.9 515077.3 147753.5 23411.7  10011.2  4261.5  4948.1
  -107  96.871  -0.000  96.871  1012469.7 518794.6 224460.2 32371.9  10809.9  6958.0  5523.8
  -106  21.049  -0.000  21.048  1102078.9 539644.2 251867.3 27681.1  11577.3  5171.7  5631.0
  -105 -132.837   0.000 -132.836  1025492.0 497190.1 139406.4 28164.0   9852.0  5270.3  4980.1
  -104   9.461   0.000   9.461   979610.0 557240.3 154915.3 28690.2  10220.0  3754.7  4882.4
  -103 -136.614  -0.000 -136.614  1052051.5 456285.0 147185.8 26058.6  10927.7  5709.5  5259.2
  -102 158.709  -0.001 158.709  1005445.1 514217.5 200230.5 31944.2  10571.6  5979.3  5312.6
  -101 114.892  -0.001 114.892  1006376.8 491644.5 170097.0 25329.3  11948.3  4053.0  5607.2
  -100  11.599   0.003  11.602  1013983.4 472770.9 227531.9 27910.1   9748.1  6861.1  4835.2

         Carbon flux (ktC/yr)        Water (dam3/yr)                Nitrogen (MgN/yr)
       ----------------------- -------------------------- --------------------------------
Spinup NEP     estab   NBP     transp     evap    interc  nuptake ndemand  nlosses ninflux
------ ------- ------- ------- ---------- ------- ------- ------- -------- ------- -------
   -99 -196.417  -0.000 -196.417  1067017.6 456541.5 131656.9 27266.8  10823.2  4675.9  5217.6
   -98 111.130  -0.001 111.129  1002642.7 524682.8 211037.7 31496.5  11023.9  6686.9  5439.0
   -97 -132.263  -0.000 -132.264  1039548.7 461428.8 116516.5 28459.2  10341.7  3012.5  5050.1
   -96 198.078  -0.001 198.077  1023084.7 566327.2 242569.9 30375.2  12012.1  7308.2  5668.1
   -95  27.528   0.000  27.528  1102226.6 480525.5 164108.0 28823.8  11067.6  3441.0  5445.1
   -94 -20.949   0.000 -20.948   989315.6 359407.1 107494.6 26435.8  11610.6  4406.3  5304.8
   -93  93.397  -0.000  93.397  1031480.1 584387.9 255050.2 29707.0  11874.4  7845.0  5518.5
   -92 156.406  -0.000 156.406   968571.1 553797.6 257240.3 27018.4  12654.6  4777.8  5859.6
   -91 -165.697   0.000 -165.697  1021600.1 442743.3 154352.0 25284.9  10642.3  4456.1  5254.6
   -90 -77.266   0.000 -77.266   954978.9 558789.4 155387.8 31183.6   9704.5  5532.9  4909.5
   -89  19.115  -0.000  19.115   949475.6 563922.8 155348.7 27228.8  10224.2  4453.0  4885.8
   -88 -80.343  -0.001 -80.344  1014596.6 435530.9 120601.2 28779.4  11805.8  3515.3  5653.2
   -87 165.303  -0.001 165.302  1016861.0 521933.5 209853.9 31105.1  10568.7  7437.9  5343.2
   -86 -10.230  -0.000 -10.230   998947.5 437779.6 117714.9 25345.2   9853.6  3717.8  4916.8
   -85 109.218   0.000 109.218  1000437.3 559258.9 170098.5 29895.7   9631.1  4815.8  4798.9
   -84   2.793   0.000   2.793   985926.1 519678.6 165781.9 25422.5  11337.8  4214.7  5334.3
   -83 -172.018   0.000 -172.017   969865.4 441193.8 118069.0 28802.9   9544.9  4822.3  4933.6
   -82 100.843  -0.001 100.842   987796.9 633866.8 289157.0 30175.8  12601.2  8188.2  5976.6
   -81 146.757  -0.001 146.756  1011690.5 626918.0 304186.9 27477.6  12274.7  5436.1  6009.3
   -80 118.053   0.000 118.053  1046045.0 574115.6 300456.2 27602.1  11747.5  5378.1  5586.5
   -79 140.859   0.000 140.859   974532.2 444474.0 153637.9 24530.0  12860.7  1952.0  5923.6
   -78  55.257   0.000  55.257   960968.3 468178.6 152088.2 27317.0  12353.2  4530.6  5904.4
   -77 -131.113   0.000 -131.112   950329.4 484973.4 148621.9 24516.4  11010.1  6016.0  5338.8
   -76  39.354   0.000  39.354   925380.4 368966.3 126647.9 32046.1  10459.2  4417.8  5456.7
   -75  -2.923  -0.000  -2.923   981218.9 501629.7 197788.4 31579.9  10571.3  4241.6  5233.7

         Carbon flux (ktC/yr)        Water (dam3/yr)                Nitrogen (MgN/yr)
       ----------------------- -------------------------- --------------------------------
Spinup NEP     estab   NBP     transp     evap    interc  nuptake ndemand  nlosses ninflux
------ ------- ------- ------- ---------- ------- ------- ------- -------- ------- -------
   -74 -86.367   0.004 -86.363   907111.8 420609.8 178229.4 25008.9  11946.6  7857.1  5715.4
   -73  13.487  -0.001  13.487   904077.1 524704.2 220981.5 28636.8  11629.7  5625.7  5653.7
   -72 -115.067  -0.000 -115.067   916409.3 579373.1 154991.1 28618.4   9440.7  4228.5  4882.9
   -71 -218.354  -0.000 -218.354   942117.9 464731.4 122535.5 27303.2  10655.1  3393.7  5254.7
   -70  91.997  -0.001  91.996   955492.3 525749.3 202859.5 30856.0  10680.6  7123.7  5428.6
   -69 232.455  -0.001 232.454   952369.1 488111.6 173080.8 22203.4  11532.1  5783.7  5565.4
   -68 108.244   0.000 108.244   929524.3 507257.8 168063.1 26641.6   9805.4  2373.0  5341.0
   -67 -63.727   0.000 -63.727   974707.0 532939.8 275162.0 31492.1  10863.0  6842.3  5680.7
   -66   7.336   0.000   7.336   986332.8 482992.1 178989.5 29642.9  11510.3  4089.4  5697.9
   -65  89.319  -0.000  89.318   893935.6 505367.5 168690.4 24412.9  11500.1  3139.2  5593.0
   -64  39.794  -0.000  39.794   866974.1 480371.8 137146.5 31608.7  10661.9  2613.6  5287.4
   -63 -183.624   0.003 -183.621   876663.4 506185.9 158062.5 21618.8  10667.4  6269.8  5261.2
   -62 -197.488   0.000 -197.488   930376.6 450235.7 144438.8 30338.5  10214.6  7499.8  5384.4
   -61   3.430   0.002   3.432   889671.7 425669.4 152201.3 30723.0  10468.2  8107.5  5465.1
   -60 128.608  -0.001 128.607  1028477.5 537794.5 221263.3 28333.1  10927.6  5652.3  5566.9
   -59 -114.807  -0.001 -114.808   944547.3 444518.1 101845.4 29351.6   8624.2  4154.2  4908.7
   -58 169.061  -0.001 169.060  1011596.8 590980.9 245503.2 31106.7  11007.7  8016.9  5395.9
   -57  21.434  -0.000  21.434   961198.9 475501.1 179972.8 23169.9  11201.3  5899.5  5259.6
   -56  20.560   0.002  20.562   956965.9 424598.9 118419.0 31949.0   9313.3  2735.5  4972.8
   -55 -59.066  -0.000 -59.066  1020664.1 610169.2 188691.0 24042.9  10388.4  7438.9  5163.9
   -54 -94.313  -0.000 -94.313  1047442.0 506035.2 147672.0 32507.0  10543.1  4100.1  5430.7
   -53 -148.885  -0.000 -148.885   983165.2 499061.9 127653.9 24364.6  10214.4  5798.6  5028.7
   -52  -5.821   0.002  -5.820   958440.7 429461.3 144820.4 30814.0  10340.5  6800.1  5284.6
   -51  80.646  -0.001  80.646   995589.2 558752.6 127221.0 28525.5   9666.4  3680.8  4758.6
   -50  43.348  -0.001  43.348  1013674.9 529509.7 129158.8 25417.4  10549.4  3952.9  5195.3

         Carbon flux (ktC/yr)        Water (dam3/yr)                Nitrogen (MgN/yr)
       ----------------------- -------------------------- --------------------------------
Spinup NEP     estab   NBP     transp     evap    interc  nuptake ndemand  nlosses ninflux
------ ------- ------- ------- ---------- ------- ------- ------- -------- ------- -------
   -49  21.379  -0.000  21.379  1053463.0 592879.4 231328.7 31469.1  10213.3  8375.1  5346.0
   -48 -76.622   0.000 -76.621  1008366.5 477755.6 111500.9 24783.4  11121.6  4136.0  5094.2
   -47 -61.983   0.002 -61.981   989377.4 428293.4 142516.9 32638.6  10138.2  7353.5  5229.0
   -46 242.143  -0.001 242.142  1041417.2 564629.3 207479.7 28850.0  12131.1  4990.9  5618.2
   -45 118.064  -0.000 118.064  1024308.2 559243.8 221313.8 26572.2  11479.2  4792.3  5633.5
   -44 -118.237   0.000 -118.237  1009839.4 476338.9 111305.8 22188.6  10603.7  3974.0  5041.2
   -43 -152.811  -0.000 -152.811   989455.2 446511.3 98690.9 32888.5   8912.8  4654.8  4765.6
   -42  89.988  -0.001  89.987  1096235.3 499504.4 145822.5 31401.0  11109.6  4631.6  5324.7
   -41  63.220  -0.000  63.220   964591.9 478269.0 107380.7 28762.2  11159.9  1604.6  5020.2
   -40 -210.813   0.000 -210.813  1013484.9 498809.9 129588.9 22776.2  10429.9  8131.4  4969.6
   -39 -24.731   0.000 -24.731   968743.0 477635.3 165701.1 26600.0  11220.3  7397.3  5208.9
   -38   0.221  -0.000   0.220  1044656.9 516749.1 157060.0 34163.5   9672.0  3404.7  4963.0
   -37 172.444  -0.001 172.444   988256.3 493125.2 154774.8 22770.3  12138.2  6766.1  5451.5
   -36 -92.097   0.000 -92.097   974848.4 443576.2 106855.3 28734.7   9004.1  3447.7  4815.8
   -35  11.547  -0.000  11.547  1042843.7 512118.2 163745.5 33675.0  10115.0  4777.9  4966.7
   -34   1.901  -0.000   1.900   968899.5 371638.5 106120.7 25252.6  11627.6  5083.5  5276.4
   -33 -45.458   0.002 -45.455   964560.5 422564.0 153206.8 29139.5  10959.7  8571.4  5303.9
   -32 -51.257  -0.001 -51.258  1000864.5 443867.7 95160.4 27898.0   9879.0  3547.7  4826.0
   -31 128.742  -0.001 128.741  1040605.4 643341.6 241942.9 30796.0  11331.7  7665.8  5621.9
   -30 284.054  -0.001 284.053  1056704.4 560285.9 245208.3 28007.2  11733.1  4705.3  5570.2
   -29 -197.070   0.000 -197.069  1033714.1 443401.4 125961.5 26915.4  10424.2  1912.8  5026.1
   -28 -83.040   0.002 -83.038  1007226.4 508551.2 138622.8 24102.8  10486.0  5244.2  4820.2
   -27 -58.318  -0.000 -58.318  1082828.3 508058.4 152605.1 34025.7   9755.1  5332.7  4895.8
   -26  -4.621   0.002  -4.620   989002.1 418331.1 105661.1 26312.2  10974.5  3861.6  4990.7
   -25 -113.119   0.000 -113.119  1010564.9 586247.0 204901.7 25911.2  10817.9  8707.9  5158.3

         Carbon flux (ktC/yr)        Water (dam3/yr)                Nitrogen (MgN/yr)
       ----------------------- -------------------------- --------------------------------
Spinup NEP     estab   NBP     transp     evap    interc  nuptake ndemand  nlosses ninflux
------ ------- ------- ------- ---------- ------- ------- ------- -------- ------- -------
   -24 -87.952  -0.001 -87.952  1066475.6 433807.2 98128.7 30321.9  11624.0  2568.3  5458.0
   -23 195.319  -0.001 195.318  1041772.0 526339.4 128311.5 28102.7  10444.6  5038.7  5101.4
   -22  79.029   0.001  79.030  1031551.5 418556.0 105849.9 30598.8   9111.6  4448.1  4772.9
   -21 -219.448   0.000 -219.448  1055337.7 505248.0 116035.5 24708.6   9701.1  7719.5  4824.0
   -20 140.593  -0.000 140.593  1026627.1 565450.7 209020.0 31360.3  11493.4  6375.7  5545.5
   -19 -73.387  -0.000 -73.387  1026814.3 476768.4 105051.0 21901.7  10891.5  4219.2  5047.3
   -18 -39.419   0.002 -39.417  1030347.5 482935.0 191420.1 33095.6   8787.9  7595.3  4623.7
   -17 -155.172  -0.001 -155.172  1096575.9 459418.4 114203.4 28470.0  10757.5  4619.7  5132.1
   -16 137.232  -0.001 137.231  1068235.9 500346.0 128401.1 28962.2  10981.9  4671.8  5328.0
   -15  32.181   0.001  32.182  1073688.3 479241.0 185284.2 28403.2   9301.1  7197.1  4645.5
   -14   7.381  -0.001   7.380  1187580.0 544875.2 196871.1 28850.2  11312.5  5266.3  5414.8
   -13 -36.704  -0.000 -36.704  1063091.0 558152.9 120454.6 28631.5   9342.4  3999.1  4643.4
   -12 -116.765  -0.001 -116.766  1108366.7 650240.6 215121.3 29852.0  11949.2  7569.6  5626.2
   -11 131.649   0.001 131.649  1100831.4 420490.7 99048.9 28629.9   9884.1  2252.1  4770.5
   -10  20.300  -0.000  20.300  1164857.5 419200.9 96078.7 28680.7  11560.4  2108.5  5344.9
    -9  36.017  -0.000  36.017  1225855.7 541962.6 210777.8 29851.6  11432.8  9110.6  5358.2
    -8 -132.085  -0.000 -132.085  1117604.0 498519.3 116355.7 26620.8   9753.5  6204.5  4722.6
    -7  46.329   0.001  46.330  1075429.6 420231.6 97339.8 31187.2   9910.1  2878.7  4760.4
    -6 -11.649  -0.001 -11.650  1109711.0 635154.6 211719.0 27972.4  12077.3  7849.9  5626.6
    -5 -26.903   0.001 -26.902  1126043.0 478831.9 183624.7 27529.2   9885.9  6027.0  4589.1
    -4  96.115  -0.001  96.114  1131601.4 502155.9 121523.8 27459.5  11560.1  5554.7  5130.0
    -3 -34.421  -0.000 -34.421  1103242.7 476367.3 145032.5 23776.6  10569.7  5726.9  4933.6
    -2 -31.184  -0.000 -31.184  1154673.4 589196.8 202329.1 32686.8  10760.1  5537.0  5215.0
    -1 -56.734  -0.000 -56.734  1089740.1 477023.9 144668.4 23837.6  11933.0  5477.0  5052.9
     0 -45.309   0.000 -45.309  1090970.1 508573.4 114675.4 24415.6   9728.1  3100.6  4683.9

         Carbon flux (ktC/yr)        Water (dam3/yr)                Nitrogen (MgN/yr)
       ----------------------- -------------------------- --------------------------------
Spinup NEP     estab   NBP     transp     evap    interc  nuptake ndemand  nlosses ninflux
------ ------- ------- ------- ---------- ------- ------- ------- -------- ------- -------
     1 -16.688  -0.000 -16.689  1202831.9 532928.1 200731.5 30648.2  10764.0  6448.3  5373.3
     2 -47.596   0.000 -47.596  1159120.4 594294.1 162160.7 25012.5  10373.8  7348.7  5053.1
     3 -88.868   0.000 -88.868  1135816.7 613657.2 163820.4 26197.5  10190.8  6208.8  5076.0
     4 -166.443   0.000 -166.443  1050119.9 566972.1 118122.4 29324.2   9679.5  4390.0  4799.4
     5   3.231  -0.001   3.230  1113305.6 434738.2 93375.1 29174.6  11999.7  2718.9  5521.3
     6  96.516   0.001  96.517  1113668.1 486488.3 185678.9 29353.5   9380.3  8957.8  4639.0
     7  60.128  -0.001  60.128  1106174.3 574968.6 115861.2 28751.9   9686.9  4002.4  4640.9
     8  38.262  -0.001  38.262  1116469.1 535452.0 191285.0 27416.2  11442.3  6647.5  5340.9
     9 -65.271   0.000 -65.271  1112551.9 577295.5 124728.9 29043.1   9503.1  4165.7  4621.8
    10 -99.421  -0.001 -99.422  1145110.4 648209.1 220823.3 29522.7  12181.1  7105.3  5661.1
    11  14.669   0.001  14.669  1131028.2 499513.5 123306.3 21702.6  10163.6  3074.3  4684.5
    12  15.210   0.000  15.210  1200264.7 589848.2 168978.0 27508.6   9981.2  8039.7  5007.1
    13 -99.730   0.000 -99.729  1104926.0 485004.8 98926.1 25634.2  10627.3  4621.4  4943.3
    14 -51.327  -0.000 -51.327  1090083.1 480584.6 99732.0 26387.1  10077.9  5049.7  4919.3
    15 -43.831   0.000 -43.831  1089711.3 583805.6 204216.6 32765.2   9886.7  7077.3  5145.1
    16  72.813  -0.000  72.812  1070218.5 517813.3 121885.4 26643.6  11176.9  2544.7  5221.9
    17  16.755   0.000  16.755  1009047.6 481948.6 95615.5 30703.5  10550.1  2237.6  4884.5
    18 -188.432   0.001 -188.431  1039172.5 502490.8 119753.3 20890.1  10698.3  5549.1  4904.0
    19 -86.730   0.000 -86.730  1033953.0 480629.9 142775.8 26967.5  11181.5  9124.3  5145.3
    20  25.635  -0.000  25.635  1032393.8 573916.4 118895.0 29515.7   9554.3  3708.7  4723.5
    21  28.425  -0.001  28.424  1084400.1 536015.2 162801.7 28549.0  10910.6  6017.2  5310.6
    22  45.147  -0.000  45.146  1058662.5 365521.7 90661.6 25849.9  10840.1  3557.0  5166.7
    23 186.578  -0.000 186.577  1077083.9 488918.9 139944.0 24762.5  11196.3  6652.6  5277.2
    24 -93.745   0.000 -93.744  1039345.6 475150.6 108130.5 22873.2  10014.1  4142.1  5021.1
    25 -179.800   0.000 -179.799  1036840.2 457851.6 105276.5 33829.7   9424.8  3347.2  5004.0

         Carbon flux (ktC/yr)        Water (dam3/yr)                Nitrogen (MgN/yr)
       ----------------------- -------------------------- --------------------------------
Spinup NEP     estab   NBP     transp     evap    interc  nuptake ndemand  nlosses ninflux
------ ------- ------- ------- ---------- ------- ------- ------- -------- ------- -------
    26 -96.033  -0.000 -96.033  1086097.0 458895.4 127319.6 27967.2  10927.4  7160.3  5183.3
    27 106.411  -0.001 106.411  1052122.6 580456.2 216258.6 29344.7  10482.9  7705.0  5256.8
    28 111.468  -0.001 111.468  1105175.5 583892.5 232751.8 29009.3  11209.9  6309.4  5394.5
    29 -120.671   0.000 -120.671  1057723.4 444864.8 115619.0 26356.5  10856.8  1883.3  5079.5
    30   3.420   0.000   3.420  1044038.3 582667.4 227896.1 28004.6  11195.7  8069.5  5284.8
    31   5.248  -0.000   5.248  1051864.9 579038.3 228906.0 27197.7  10987.2  5743.2  5325.6
    32 187.646  -0.001 187.646  1038040.1 563904.3 236446.3 29178.5  12062.9  4974.9  5729.8
    33 -58.764   0.000 -58.763  1024598.2 470497.6 119655.0 20350.9  10940.6  3924.0  5134.7
    34   3.797  -0.000   3.797   990991.5 373313.7 103715.5 33425.2  10094.7  4647.4  5178.1
    35 128.505   0.000 128.505   898108.5 452558.9 144776.2 27485.3  11224.0  4431.6  5009.4
    36 -34.921  -0.000 -34.922  1027798.1 420866.0 114993.3 24844.7  12836.6  2012.3  5659.7
    37  92.124  -0.000  92.123  1015569.8 497815.6 161572.7 26691.7  11588.4  7214.9  5561.7
    38 134.261  -0.001 134.261  1011099.7 511546.1 202365.9 27770.0  11058.2  6254.3  5357.2
    39 -111.570   0.002 -111.568   995227.4 500878.9 146793.0 21004.0  10436.8  3786.6  4984.5
    40 -202.037   0.000 -202.036  1002063.3 448270.4 115455.0 29203.5  10318.4  2996.1  5139.4
    41 -28.314  -0.000 -28.314  1076964.0 499985.2 148846.9 30562.9  11496.8  6453.3  5500.3
    42 183.804  -0.001 183.803   998976.8 449754.2 122352.2 24107.4  12385.3  3010.4  5787.9
    43  59.220  -0.000  59.220   990627.7 523439.5 148630.9 26734.5  10400.8  5520.2  5294.8
    44  38.337  -0.000  38.337  1022113.5 585634.4 257983.9 30604.9  10860.9  8734.4  5539.7
    45 -104.368   0.003 -104.365   965510.6 420031.2 155995.8 27168.6  11380.3  6096.5  5471.7
    46  94.842  -0.001  94.841  1053933.1 590854.2 223307.4 29213.0  11662.1  5616.7  5462.1
    47  56.514  -0.001  56.513   998493.9 518451.9 213389.6 26938.1  11528.0  5267.9  5542.1
    48 -95.273  -0.000 -95.273  1019110.7 489737.9 116479.6 22566.8  10494.1  4666.1  5078.1
    49 -166.516   0.000 -166.516  1010637.5 507188.9 132219.0 32163.4   8698.4  5825.0  4844.6
    50  18.090  -0.000  18.089   996099.4 479812.1 116848.1 25790.7  11146.7  4241.8  5145.8

         Carbon flux (ktC/yr)        Water (dam3/yr)                Nitrogen (MgN/yr)
       ----------------------- -------------------------- --------------------------------
Spinup NEP     estab   NBP     transp     evap    interc  nuptake ndemand  nlosses ninflux
------ ------- ------- ------- ---------- ------- ------- ------- -------- ------- -------
    51  50.709  -0.001  50.708  1038561.2 431542.6 116980.0 33180.2  10886.3  3109.9  5544.9
    52 198.510  -0.001 198.509  1015579.4 519485.7 151973.4 27468.6  10748.1  4944.8  5259.1
    53  47.539  -0.000  47.538  1062738.0 423157.2 127127.1 31628.9  10888.8  3590.7  5514.9
    54 195.491  -0.001 195.490  1057464.4 496083.2 175919.4 25689.6  11551.2  9681.0  5373.8
    55   7.069  -0.000   7.069  1008134.8 468195.0 198659.9 25226.3  10704.6  6378.6  5144.8
    56 -214.968   0.001 -214.967  1017312.8 505384.9 148880.1 29534.6   9888.8  4576.5  4960.6
    57 120.812   0.001 120.812   879572.3 454952.2 161245.0 27545.5  11438.6  3109.1  5045.0
    58 -136.957  -0.000 -136.957   952134.3 438208.8 115443.1 22351.1  10954.3  3225.0  4955.5
    59  46.033   0.002  46.036   961210.2 420542.3 122175.4 29216.0  10225.1  3709.8  5116.1
    60 -18.969  -0.000 -18.969   977714.0 518836.0 187370.7 26292.1  10986.0  6830.9  5331.1
    61   0.327  -0.000   0.326   973965.8 514554.9 190024.1 26338.9  11282.5  5198.3  5374.9
    62  28.444  -0.001  28.444   972060.7 622894.6 260240.0 26664.7  12318.7  5774.8  5934.1
    63  18.746   0.000  18.746   969615.5 558582.6 157609.1 26947.1   9848.0  3317.3  4855.1
    64 -126.506  -0.000 -126.506   983922.9 485792.0 124194.7 22516.4  11066.6  5322.9  5227.7
    65 154.245  -0.000 154.245   948679.7 561271.8 258264.7 33312.4  10874.8  6209.5  5764.6
    66  61.643  -0.000  61.643   954443.0 509915.3 208785.0 27266.0  11157.5  4667.0  5431.9
    67  62.508  -0.000  62.507   947454.4 510331.3 212140.1 26426.4  11443.6  4702.4  5452.0
    68 -62.226   0.000 -62.226   996231.2 503719.7 181811.6 29432.6  10399.9  3488.3  5159.4
    69  89.276   0.000  89.276   920278.8 457571.8 139290.1 23343.8  12956.4  3178.7  5930.8
    70 -89.979  -0.001 -89.980   919542.3 641015.3 290814.7 30004.1  11798.0  9378.6  6051.9
    71 -20.566  -0.001 -20.567   938857.7 442315.0 122336.9 26395.5   9925.7  3305.5  5031.0
    72  38.040   0.003  38.043   945512.5 424162.5 172684.5 29787.9  10709.0  7272.5  5421.5
    73 -43.384  -0.001 -43.384   983328.7 442736.0 105446.2 27440.6   9712.4  3334.0  4911.4
    74  94.647  -0.000  94.646   992334.9 564713.7 152529.9 29474.9   9462.4  4488.5  4737.3
    75 -49.072  -0.000 -49.072  1059840.0 616947.6 209168.9 23275.3  10617.5  7384.1  5157.4

         Carbon flux (ktC/yr)        Water (dam3/yr)                Nitrogen (MgN/yr)
       ----------------------- -------------------------- --------------------------------
Spinup NEP     estab   NBP     transp     evap    interc  nuptake ndemand  nlosses ninflux
------ ------- ------- ------- ---------- ------- ------- ------- -------- ------- -------
    76 -59.972   0.000 -59.972   971597.3 378442.8 108454.1 29057.9  10551.0  3634.6  5248.7
    77  56.390   0.000  56.390  1056099.4 482921.4 164923.8 30996.8  11417.8  3976.9  5522.6
    78  66.846  -0.000  66.846  1012062.3 578331.2 259811.9 27215.1  12111.8  7278.7  5631.5
    79  27.025   0.002  27.027   943368.4 413928.3 121020.1 27546.6  10638.4  2575.2  5157.4
    80 -19.757  -0.000 -19.757   949756.7 523046.8 211787.1 26827.4  11609.8  6972.0  5582.7
    81 -21.943  -0.001 -21.943   990497.1 536358.9 187745.3 29995.0  10602.1  5512.4  5356.0
    82 -152.385  -0.000 -152.385   991926.5 500820.0 132523.9 25452.4  10095.7  4908.9  5007.1
    83  22.995  -0.000  22.995   975206.2 580778.6 237913.2 28137.9  10720.0  5904.9  5368.0
    84 -26.773  -0.000 -26.774  1048882.6 511874.6 163778.7 31784.4  10014.9  3375.6  5063.0
    85  63.852  -0.000  63.851  1015224.8 581344.5 252040.6 26451.0  12165.2  7672.5  5582.9
    86 -81.423   0.001 -81.422   952846.9 505363.6 141509.0 23188.8  10407.7  3641.6  4973.7
    87 -19.560   0.000 -19.560   952263.7 556000.7 139263.5 30286.0   9409.8  4944.1  4807.3
    88 -160.473   0.001 -160.472   965705.5 437009.4 139983.7 28096.8  10890.9  7915.8  5322.4
    89  66.567  -0.001  66.566  1093937.0 510573.1 137997.2 32777.5   9811.2  3465.0  4924.0
    90 107.966  -0.000 107.966   903688.2 461783.7 130286.9 25145.9  10715.8  4694.5  4865.9
    91 -183.927  -0.000 -183.927  1030265.9 505286.5 119372.5 22837.2  10522.3  5981.5  4872.1
    92   1.153  -0.000   1.153  1076906.9 515584.1 147358.6 34150.4   9677.6  3972.1  4883.0
    93 -22.983  -0.000 -22.983  1018277.8 580804.0 218762.9 24718.5  11591.4  7711.3  5296.3
    94 153.173  -0.001 153.172  1005718.4 568456.4 224264.8 29893.6  11848.7  5396.3  5648.1
    95  86.328  -0.000  86.327   986966.1 511782.0 139496.6 24507.8  10747.0  2370.8  5245.2
    96 124.217  -0.000 124.217   972832.7 564208.8 238672.2 31476.3  11356.9  6928.6  5626.3
    97 -143.572   0.002 -143.571   965284.7 506714.1 136367.0 22417.0  10169.8  3745.4  4905.0
    98 -125.610   0.002 -125.609   969898.2 426353.3 136979.1 30717.0  10461.5  7755.2  5225.8
    99  10.445  -0.001  10.444  1088811.4 512676.0 131976.9 31947.5  10163.4  3581.7  4914.1
   100 -99.578  -0.001 -99.578  1022363.6 444407.8 91141.1 24110.1  10027.1  4206.2  4800.7

         Carbon flux (ktC/yr)        Water (dam3/yr)                Nitrogen (MgN/yr)
       ----------------------- -------------------------- --------------------------------
Spinup NEP     estab   NBP     transp     evap    interc  nuptake ndemand  nlosses ninflux
------ ------- ------- ------- ---------- ------- ------- ------- -------- ------- -------
   101  65.879  -0.001  65.878  1025287.0 378920.3 90738.3 30771.9  10354.3  5240.5  4976.0
   102  86.144   0.001  86.145  1026949.5 418451.0 101017.0 29068.8  10061.4  3707.2  4836.5
   103 -113.358   0.000 -113.358  1037085.8 561878.7 120371.3 26547.2   9865.3  6360.1  4691.0
   104 109.748  -0.000 109.747  1044246.6 570743.2 201391.9 28820.3  12317.7  6920.2  5532.7
   105 -111.529   0.001 -111.528  1031214.2 504998.4 119029.1 21603.9   9879.3  3657.9  4741.1
   106  63.518  -0.000  63.518  1036928.6 455244.7 101566.3 28770.8  11269.9  3027.3  5462.4
   107  38.942  -0.001  38.942  1048608.4 578897.5 203538.3 30784.2  11763.7  8315.6  5584.5
   108  10.917   0.001  10.918  1021616.2 416372.1 98185.0 26739.5  10100.8  2478.2  4906.2
   109  44.544  -0.000  44.544   910952.0 467634.6 118993.3 26400.4  10233.0  4677.8  4768.3
   110 -106.719  -0.000 -106.719  1018997.2 561138.1 117845.2 24142.9  10612.4  4044.5  4740.6
   111 -76.728  -0.000 -76.729  1111856.1 615803.3 162187.2 23307.4  10522.7  8149.9  5098.5
   112  52.731  -0.000  52.731  1045644.0 471371.7 103308.5 28416.1  11192.2  3101.3  5596.3
   113  22.573  -0.000  22.572  1036741.9 528822.8 122940.7 27343.5  10518.5  4304.5  5219.4
   114  -9.136  -0.001  -9.136  1048241.9 641186.3 228832.2 30804.3  11173.9  8102.3  5786.4
   115 -33.414  -0.001 -33.415  1058756.8 443575.6 98198.9 26036.3   9866.6  3265.4  4865.9
   116  28.126   0.001  28.128  1064173.2 428782.4 141035.9 29989.7  10454.0  7606.2  5129.4
   117  16.828   0.000  16.828  1091196.0 502017.7 118963.8 23525.8  10145.5  3560.3  4743.3
   118 -122.915   0.000 -122.915  1121319.8 449334.3 100872.1 29867.5  10014.9  2695.9  4898.0
   119  -1.403  -0.000  -1.403  1082074.3 484544.2 148842.9 25166.4  11698.7  9353.3  5008.4
   120  35.072  -0.001  35.072  1154347.8 434510.5 98681.0 31871.6  11111.6  2282.8  5340.7
   121 128.212  -0.001 128.211  1110226.1 483996.4 158260.0 25189.6  11196.4  8406.2  4956.3
   122  14.864   0.001  14.865  1110799.2 504243.5 127802.4 24624.4   9506.1  3345.2  4654.2
   123 -116.465  -0.000 -116.465  1104899.8 439879.4 94322.0 30010.0   9372.5  4318.0  4707.6
   124  75.256  -0.001  75.255  1136958.0 640493.8 227889.8 30364.0  12286.3  7907.8  5601.2
   125 114.733  -0.001 114.733  1162266.1 633845.1 241860.5 27804.8  12152.5  5408.0  5641.8

         Carbon flux (ktC/yr)        Water (dam3/yr)                Nitrogen (MgN/yr)
       ----------------------- -------------------------- --------------------------------
Spinup NEP     estab   NBP     transp     evap    interc  nuptake ndemand  nlosses ninflux
------ ------- ------- ------- ---------- ------- ------- ------- -------- ------- -------
   126 100.875   0.000 100.875  1073147.6 475651.2 106935.6 28558.1  11185.6  1490.3  4740.3
   127  37.556   0.000  37.556  1099774.2 488811.3 151868.0 21995.8  12396.2  6545.4  5297.1
   128 -115.290   0.000 -115.290  1145388.6 524250.6 234078.6 29290.0  11481.2  5324.1  5484.5
   129 -120.823   0.000 -120.822  1126944.6 504428.0 150435.2 32247.9  10724.3  3919.4  5003.0
   130 -57.698   0.000 -57.698  1021149.6 372043.6 95881.9 25060.0  12087.3  4677.7  5264.1
   131  47.033  -0.001  47.032  1033485.1 628841.5 240419.7 28517.2  12400.9  8080.8  5803.0
   132  -1.975   0.002  -1.973  1057833.6 476697.9 204878.6 27440.5  10011.2  5941.4  4730.8
   133 -70.108  -0.000 -70.108  1063234.0 590366.2 200510.6 27891.5  11119.9  5595.5  5280.4
   134  13.066  -0.000  13.065  1053047.1 568326.3 125977.4 28481.5   9680.4  3482.5  4732.2
   135 -40.223   0.001 -40.222  1060081.0 428071.7 97895.6 28655.8  10078.0  3774.0  4920.8
   136 -24.999  -0.000 -25.000  1068957.3 366395.1 85655.3 27058.4  10827.0  4288.6  5117.9
   137 135.556  -0.000 135.555  1095138.6 491286.6 130672.7 25932.9  11470.3  7187.0  5189.2
   138  47.229  -0.000  47.229  1057580.8 452955.5 106730.1 26885.9  11245.3  2004.5  5487.8
   139 -263.621   0.000 -263.621  1079682.9 515338.0 113405.1 26521.9   9822.8  7316.2  4819.1
   140  22.702   0.001  22.704  1069859.7 480466.3 184859.7 30546.9   9574.0  6433.2  4693.2
   141  38.743  -0.001  38.743  1129590.4 593872.1 192670.3 30080.0  11603.6  6266.9  5344.1
   142  -4.132  -0.001  -4.133  1075316.7 477879.6 144512.0 22623.4  11335.8  5673.5  5080.2
   143  34.181  -0.001  34.181  1115926.5 643086.3 218150.5 32399.7  10902.7  5614.5  5630.7
   144 107.313  -0.000 107.313  1111748.3 560994.8 130547.0 27255.8   9905.6  3117.4  4638.7
   145  80.586  -0.000  80.586  1131644.0 468300.8 112183.5 25978.8  12032.8  3708.8  5509.2
   146 -58.073   0.001 -58.071  1104703.2 427205.8 104580.1 30279.8   9832.0  4363.8  4839.3
   147 101.676  -0.000 101.676  1110640.3 495940.5 134811.5 24068.8  11696.3  6915.1  5166.9
   148 -145.804   0.001 -145.803  1091447.2 422998.7 131118.1 29241.1  10540.2  6211.5  5074.1
   149  -7.908  -0.000  -7.908  1100671.9 555399.0 112137.8 27693.0  10514.8  3349.4  4643.3
   150 -87.259   0.001 -87.258  1135436.9 490219.6 174656.4 26838.7   9972.7  7018.0  4607.6

         Carbon flux (ktC/yr)        Water (dam3/yr)                Nitrogen (MgN/yr)
       ----------------------- -------------------------- --------------------------------
Spinup NEP     estab   NBP     transp     evap    interc  nuptake ndemand  nlosses ninflux
------ ------- ------- ------- ---------- ------- ------- ------- -------- ------- -------
   151 -36.028  -0.000 -36.028  1235965.9 500143.4 113867.2 31292.7  11178.7  3714.1  5246.9
   152  60.005  -0.001  60.004  1153920.3 492016.7 119353.9 25291.4  11947.6  4669.9  5357.5
   153 -44.520  -0.001 -44.520  1111275.6 434921.0 85431.7 26515.8   9344.7  3376.1  4556.8
   154   4.338   0.000   4.338  1150317.5 430629.8 123872.5 30358.4  10446.7  8934.1  4921.6
   155 188.625  -0.001 188.625  1212446.6 515897.7 157496.1 28219.9  11151.0  5020.2  5003.9
   156  23.745  -0.000  23.744  1253160.4 421713.5 94463.0 28333.5  11730.3  1637.1  5212.5
   157 -81.205  -0.000 -81.206  1233262.5 456390.1 101851.4 30000.0  10481.2  4066.6  4717.8
   158 145.844  -0.000 145.844  1196199.1 520041.7 122742.4 27683.2  11171.8  5268.4  4894.6
   159 -27.564   0.000 -27.564  1282620.7 533668.3 220140.6 29907.9  11035.1  8777.4  5238.7
   160 -83.577   0.001 -83.576  1131487.9 553818.8 128199.4 28226.0  10168.6  4393.6  4541.5
   161 -206.032   0.000 -206.031  1212423.2 454797.0 123828.1 26403.7  11233.9  6128.3  4955.7
   162 -61.056  -0.000 -61.056  1208581.9 450854.2 123091.6 29754.0  10482.9  5583.3  4911.0
   163 168.098  -0.001 168.097  1146445.2 517457.2 169307.2 31910.4  10640.9  6264.2  5010.7
   164 183.716  -0.001 183.715  1147736.5 489080.0 140117.0 22275.4  11588.6  5617.4  5043.1
   165 -48.873   0.000 -48.873  1097721.7 359384.2 96371.7 30605.2  10041.9  3303.1  4907.6
   166  15.866   0.000  15.866  1122570.3 492200.7 139671.3 26176.6  12465.1  4522.3  5340.1
   167  77.512  -0.000  77.512  1078891.8 456001.4 112317.2 25082.4  12148.2  2325.4  5404.3
   168 -191.206   0.002 -191.204  1082307.1 437840.9 138552.9 28870.2  10761.5  9293.7  5092.8
   169 -88.515  -0.000 -88.515  1133609.9 446371.6 99325.6 27531.3  11066.3  1945.0  4896.1
   170 -25.879   0.000 -25.878  1103998.2 504786.4 117098.9 23307.1  10210.1  5243.9  4667.7
   171  73.940  -0.000  73.940  1134045.6 518803.1 162255.8 30377.1  10330.5  7025.0  5042.6
   172  78.614  -0.001  78.613  1115381.5 521356.4 195631.9 27505.2  11816.4  6310.5  5296.9
   173 -65.298   0.000 -65.298  1202939.6 516864.1 143201.2 31447.3  10099.3  3606.8  4825.2
   174  44.425   0.000  44.426   968760.2 455903.8 128341.9 24243.2  11444.8  4552.0  4747.8
   175 -76.434   0.000 -76.434  1171049.4 488237.3 133522.2 26423.7  12257.3  3819.4  5297.0

         Carbon flux (ktC/yr)        Water (dam3/yr)                Nitrogen (MgN/yr)
       ----------------------- -------------------------- --------------------------------
Spinup NEP     estab   NBP     transp     evap    interc  nuptake ndemand  nlosses ninflux
------ ------- ------- ------- ---------- ------- ------- ------- -------- ------- -------
   176 -127.224   0.001 -127.223  1061988.8 500441.4 117465.3 21945.8  10710.5  5099.6  4820.6
   177  -1.749  -0.001  -1.750  1088465.3 632120.6 208915.0 30942.7  11606.1  8594.7  5643.7
   178 171.329  -0.001 171.328   971924.6 456091.4 124069.0 27362.0  10568.6  3250.8  4731.8
   179   8.418  -0.000   8.417  1081229.2 556120.8 126864.5 24454.7  10528.7  3433.3  4669.8
   180 -102.510  -0.000 -102.510  1110598.6 485140.2 103162.7 22467.2  10783.7  6108.6  4919.7
   181 -108.597   0.000 -108.596  1079142.9 560115.3 128361.5 33343.1   8653.2  5953.8  4618.4
   182  42.615  -0.000  42.615  1033822.5 484987.6 93240.0 30166.8  11754.7  2400.5  4868.8
   183  54.052   0.000  54.052  1070018.4 448384.2 110725.5 22334.0  12592.1  2664.2  5609.0
   184 -149.272   0.001 -149.270  1056372.5 516586.8 123284.0 25071.8   9944.0  7053.9  4819.3
   185  16.812  -0.001  16.812  1082426.4 632390.3 218568.2 31252.5  11737.2  8579.3  5754.4
   186 113.331   0.001 113.332  1082437.4 421894.8 99394.9 28011.4  10266.2  2412.6  4865.6
   187  43.141  -0.000  43.141  1151940.4 582431.4 209410.7 28363.3  11276.6  7470.9  5314.3
   188 -186.652   0.000 -186.652  1108922.8 447292.7 101548.8 26496.4  11126.4  1958.5  4987.0
   189 -26.516  -0.000 -26.516  1101226.5 585898.5 203091.1 28437.3  11177.6  8537.1  5180.8
   190   2.690  -0.001   2.689  1154099.4 429756.8 99026.5 30394.5  11571.9  2319.4  5407.7
   191 220.880  -0.001 220.879  1145279.0 498036.7 142943.5 27904.5  11326.6  6456.6  5275.7
   192 114.532  -0.000 114.531  1220919.6 523692.0 233953.0 27471.3  11275.8  6536.1  5381.9
   193 -107.532   0.002 -107.530  1096590.0 421178.8 144327.3 29568.7  10638.4  7042.9  5091.7
   194 -60.499   0.001 -60.498  1117386.8 422671.3 129372.8 28467.6  11394.2  6005.5  5021.0
   195  37.789  -0.000  37.788  1150837.8 498351.1 112171.0 23646.9  10187.1  3279.9  4591.7
   196 -21.498  -0.000 -21.498  1151927.3 478075.5 145365.5 25911.4  10483.9  7544.7  4827.5
   197 -158.678   0.000 -158.678  1175870.5 461561.1 97011.0 31221.5  10075.2  2102.3  4792.6
   198  48.371  -0.000  48.371  1131547.6 380185.9 84586.8 28449.4  11340.8  4680.5  4909.6
   199  74.981  -0.000  74.981  1139369.5 552704.7 121617.5 28165.8   9815.4  4629.4  4531.1
   200   0.394  -0.000   0.393  1139482.7 526344.8 120338.7 25462.7  11049.9  4370.8  5006.7

         Carbon flux (ktC/yr)        Water (dam3/yr)                Nitrogen (MgN/yr)
       ----------------------- -------------------------- --------------------------------
Spinup NEP     estab   NBP     transp     evap    interc  nuptake ndemand  nlosses ninflux
------ ------- ------- ------- ---------- ------- ------- ------- -------- ------- -------
   201 -67.634  -0.000 -67.634  1189322.7 603773.7 169608.0 26924.2   9993.1  8817.5  4945.5
   202 -124.972   0.000 -124.972  1098481.0 482184.3 148950.4 26449.2  11494.1  5939.6  5008.3
   203  62.309  -0.001  62.308  1127913.2 528558.2 166298.8 30433.2  10931.0  4304.8  5177.1
   204  22.428  -0.000  22.427  1140525.9 579229.5 210871.8 26001.4  11231.7  5520.0  5216.3
   205 -38.525  -0.000 -38.525  1120757.8 478362.8 105290.5 22315.7  10778.0  4207.4  4941.7
   206 -123.401   0.000 -123.401  1089181.2 441662.7 96449.6 32894.3   8745.6  4568.4  4673.9
   207  57.832  -0.000  57.831  1127362.2 581963.2 215432.3 28483.9  11292.9  7321.8  5180.1
   208  74.270  -0.000  74.269  1167806.0 582375.5 228986.3 29132.9  11483.5  6053.0  5310.2
   209 -44.617   0.000 -44.616  1181431.4 499874.6 153120.9 31105.1  10502.7  3147.5  4913.7
   210  39.983   0.000  39.983  1103436.6 513384.3 181796.0 25402.7  12022.9  6290.2  5240.7
   211 -37.667  -0.000 -37.668  1150956.8 528166.0 230764.7 27532.1  11787.7  5717.4  5465.4
   212  86.704  -0.000  86.703  1050551.3 517954.6 216967.5 29922.9  11524.5  6506.8  5418.2
   213 -113.299   0.000 -113.299  1056576.9 567290.0 142339.0 27880.5  10002.2  4638.5  4785.1
   214  50.466  -0.000  50.466  1155490.2 489833.5 149984.4 30127.6  11593.3  4039.0  5403.0
   215 -70.620   0.000 -70.620  1052415.6 551790.4 141440.7 25742.8  10421.2  5628.5  4891.6
   216 100.229  -0.001 100.229  1064682.6 523473.5 185025.7 28373.3  11441.4  6209.3  5300.2
   217 -31.758   0.002 -31.755  1072610.6 470007.6 207294.5 26474.2  10030.4  6449.6  4745.2
   218 -63.051  -0.001 -63.051  1145786.4 541500.6 208181.4 28707.5  11642.4  5185.3  5527.5
   219 -35.663  -0.000 -35.663  1063357.8 477524.3 103383.5 23069.8  10659.7  4560.3  5024.8
   220 -106.501  -0.000 -106.502  1047863.9 443893.6 95108.5 32934.9   8602.1  4882.6  4727.9
   221 196.293  -0.001 196.292   946174.2 456839.2 132482.3 28853.4  10710.4  4924.3  4801.8
   222 101.237  -0.000 101.237   936658.3 458805.4 135833.9 24114.9  11197.3  4228.2  4819.4
   223 -45.712  -0.000 -45.712  1094489.0 419761.7 107165.4 24680.3  12779.7  1716.1  5513.8
   224 -71.441   0.001 -71.440  1062417.8 512081.5 129606.7 24180.9  10094.4  6227.0  4808.7
   225  78.540  -0.000  78.539  1083600.7 516621.6 174780.9 30420.6  10517.6  7345.1  5201.4

         Carbon flux (ktC/yr)        Water (dam3/yr)                Nitrogen (MgN/yr)
       ----------------------- -------------------------- --------------------------------
Spinup NEP     estab   NBP     transp     evap    interc  nuptake ndemand  nlosses ninflux
------ ------- ------- ------- ---------- ------- ------- ------- -------- ------- -------
   226 -91.501  -0.000 -91.502  1064525.7 440146.4 97604.7 25252.9  10120.3  3567.3  4806.2
   227 -51.745  -0.000 -51.745  1096566.7 454914.5 111365.6 29333.9  10440.7  3034.0  4954.3
   228  42.080  -0.000  42.080  1062997.9 569710.1 139199.1 28573.8  10018.0  5985.9  4687.7
   229 -131.719   0.001 -131.718  1070896.5 434140.7 141278.2 27602.3  11075.1  8419.3  5159.3
   230 -13.092  -0.000 -13.093  1194007.7 443633.5 124685.5 27630.0  10595.1  4567.0  4988.6
   231   2.839  -0.001   2.838  1115013.8 437822.9 94630.2 30305.6   9228.2  3889.2  4624.0
   232   7.554  -0.000   7.554  1152565.0 452323.1 108830.6 29538.7  10435.5  3139.0  4793.1
   233 -51.672  -0.000 -51.672  1129169.2 443548.4 99489.3 28116.8   9895.7  5634.1  4638.4
   234 215.722  -0.000 215.722  1154276.3 494049.2 150060.7 28125.2  11667.9  6148.2  5181.1
   235 -86.945   0.000 -86.945  1142451.4 447413.6 116876.6 27038.4  10825.0  2262.8  4860.7
   236 -27.653   0.000 -27.653  1104667.5 481046.2 114414.6 24678.8  11364.2  7346.4  4896.2
   237  12.208   0.002  12.210  1102459.9 476298.2 207183.7 32185.1   9275.8  8407.7  4563.3
   238 -115.422   0.001 -115.422  1080714.6 510845.2 114984.7 23870.4  10872.5  3423.7  4775.5
   239  38.312  -0.000  38.312  1035454.8 478695.0 86309.5 30757.4  10761.0  1783.4  4793.0
   240 -89.384   0.000 -89.384  1143886.0 589878.6 163445.7 21816.2  11031.6  9237.2  5114.4
   241 -74.678   0.000 -74.678  1138950.1 543449.5 202696.0 29233.4  11167.5  5277.5  5476.1
   242  10.646  -0.000  10.646  1034307.7 367596.2 87035.9 28733.7  10919.3  3872.5  5166.7
   243 181.688  -0.001 181.687  1064029.1 490601.4 134401.6 25009.0  11494.0  6443.7  5278.5
   244 -91.989  -0.000 -91.989  1047928.5 442896.9 94805.0 27873.6   9030.4  3196.3  4765.2
   245  23.659  -0.001  23.659  1100861.4 430845.1 101373.2 31073.6  11750.7  2996.3  5429.7
   246 188.142  -0.001 188.141  1093646.8 498368.3 146317.6 26960.2  11544.7  6712.7  5364.5
   247 173.604  -0.001 173.603  1092391.3 512074.1 188436.0 28036.2  10793.0  5998.2  5194.2
   248  -3.519  -0.000  -3.519  1159427.2 525110.3 245436.5 26125.3  11694.3  5538.7  5512.4
   249  -4.923   0.002  -4.921  1038760.1 413079.4 113710.5 29138.8  10240.6  2854.3  4963.9
   250 -74.511   0.002 -74.509  1032763.2 414125.9 99547.2 26389.5  10733.1  3367.2  4947.2

         Carbon flux (ktC/yr)        Water (dam3/yr)                Nitrogen (MgN/yr)
       ----------------------- -------------------------- --------------------------------
Spinup NEP     estab   NBP     transp     evap    interc  nuptake ndemand  nlosses ninflux
------ ------- ------- ------- ---------- ------- ------- ------- -------- ------- -------
   251 -263.728   0.000 -263.728  1042587.9 454855.0 95778.5 25840.4  10894.0  3037.8  5023.3
   252 -55.733  -0.001 -55.733  1059067.2 647249.0 205706.1 29891.7  12220.9 10808.1  5702.7
   253  99.120  -0.001  99.119  1096819.7 582618.5 203672.0 26697.6  10731.6  5410.4  5219.7
   254  59.751  -0.000  59.751  1073309.5 566606.1 129442.7 28219.8   9394.4  3501.8  4692.2
   255 -33.274  -0.000 -33.274  1148066.3 614469.5 176781.8 23634.4  10640.5  6990.0  5105.3
   256 -139.098   0.001 -139.096  1060056.9 431223.8 134572.3 30418.3  10385.5  6140.9  5178.2
   257 103.639   0.000 103.639  1079126.4 415905.0 90995.9 28854.3  10497.8  2375.7  4861.2
   258 -78.371   0.001 -78.371  1101372.3 427186.7 119935.2 26494.5  10730.3  7515.5  5039.8
   259  89.923  -0.000  89.923  1186726.3 586811.2 187395.1 29413.9  11550.1  5929.1  5174.6
   260 -12.796  -0.000 -12.797  1236733.1 530925.4 192810.7 26577.0  11555.0  5062.3  5364.4
   261 -31.969  -0.000 -31.970  1113299.6 478960.4 142716.7 25123.6  10978.4  6625.3  4916.2
   262   1.731   0.001   1.732  1108819.0 426351.6 90250.6 31088.3   9618.6  2502.3  4720.6
   263 105.351  -0.000 105.351  1122801.4 496662.1 120684.4 23703.4  11298.3  6267.1  5052.2
   264  18.588   0.000  18.588  1098340.5 453250.1 97946.7 26218.1  11062.7  1867.3  5371.9
   265 -216.201  -0.000 -216.201  1097633.0 454368.3 84147.9 27237.4   9733.4  5262.8  4738.1
   266  37.204   0.001  37.205  1125909.3 482994.2 172806.8 29234.6   9687.9  7780.4  4568.4
   267 115.259  -0.001 115.258  1148303.8 500383.4 116531.5 25977.9  11435.6  5620.3  5108.7
   268  74.796  -0.000  74.796  1122653.0 451599.8 96936.4 25893.0  10915.2  1736.5  5340.9
   269 -136.482  -0.000 -136.482  1174403.4 436976.0 89289.5 29963.0  11540.8  3661.0  5323.2
   270 196.123  -0.001 196.122  1156240.8 571137.1 196670.8 30566.3  12016.0  8380.2  5461.8
   271 -70.426  -0.000 -70.426  1135779.7 436850.2 91950.3 25240.4   9604.0  3066.8  4665.5
   272 -39.264   0.000 -39.264  1127251.9 558446.3 123074.9 29067.6   9769.0  5783.0  4538.1
   273 -72.302   0.001 -72.301  1114802.6 503095.8 117129.7 22511.5  10622.5  4373.8  4678.3
   274 -109.173  -0.000 -109.173  1128932.3 442667.7 88204.7 29200.3   9449.9  4548.7  4642.7
   275 -16.340  -0.001 -16.341  1137216.5 446458.6 89017.6 27748.1   9853.1  4535.7  4588.5

         Carbon flux (ktC/yr)        Water (dam3/yr)                Nitrogen (MgN/yr)
       ----------------------- -------------------------- --------------------------------
Spinup NEP     estab   NBP     transp     evap    interc  nuptake ndemand  nlosses ninflux
------ ------- ------- ------- ---------- ------- ------- ------- -------- ------- -------
   276  59.480  -0.000  59.480  1235125.4 507609.7 139633.6 33518.9   9903.3  4999.4  4716.3
   277  32.380   0.000  32.380  1124550.0 519389.6 200263.0 24807.0  12428.0  8148.0  5263.3
   278 -166.835   0.000 -166.835  1114454.0 450602.2 93360.6 27182.2  10056.3  4085.1  4657.3
   279 -65.160  -0.000 -65.160  1127140.7 506850.1 115368.9 28242.2  10056.7  5894.4  4635.3
   280  19.413  -0.000  19.413  1182648.7 510088.7 143332.6 32275.3  10352.1  3653.8  4795.7
   281 -13.188   0.000 -13.188  1074938.4 373274.9 91567.5 24385.3  11892.0  4606.1  5026.4
   282 109.039  -0.000 109.039  1059987.8 514665.9 126184.7 27184.1  11203.3  3566.9  5093.2
   283 -106.845   0.000 -106.844  1128568.4 512104.7 145535.2 33030.1   9988.9  5723.7  4853.0
   284 -84.856   0.000 -84.856  1118166.9 509269.5 143866.0 28528.6  11188.0  5227.1  4949.0
   285  28.026  -0.000  28.026  1008240.6 516958.0 126178.8 23878.2  11841.9  3840.1  5240.1
   286 -22.544  -0.001 -22.544  1062608.0 430324.9 102351.5 31323.0  11336.8  4223.0  5425.8
   287  14.998  -0.001  14.997  1118579.4 458138.0 132659.2 28212.9  10406.4  8685.5  5038.7
   288 193.639  -0.001 193.638  1160833.4 483947.0 148971.4 33371.0  10603.1  4999.1  5234.4
   289 -34.755   0.001 -34.754  1052921.1 497462.6 134762.0 21227.4  10440.9  5116.4  4808.8
   290 -24.458   0.000 -24.458  1059718.4 477434.8 107567.4 24894.3  10387.5  5967.4  4933.2
   291 110.909  -0.000 110.909  1046488.3 493140.8 143781.9 29621.6  10486.2  7810.9  5165.8
   292 -178.797   0.000 -178.796  1033610.1 495875.9 124010.5 27415.1   9561.9  4886.6  4817.9
   293 -27.394  -0.000 -27.394   996235.3 477085.3 159226.6 25277.0  11757.9  5908.4  5179.3
   294 -86.328  -0.000 -86.328  1075570.4 460905.8 133831.9 27916.2  10252.9  4205.2  5112.6
   295  88.974  -0.000  88.974  1073337.4 599341.2 190557.7 26573.3  10267.0  7475.3  5108.1
   296  -6.035  -0.000  -6.035  1071440.5 539070.7 237512.3 28184.1  11120.1  5174.9  5560.7
   297  16.037  -0.000  16.037   984084.2 364152.5 102641.4 28689.4  10817.2  3860.8  5273.8
   298  75.279  -0.000  75.279  1079832.8 482593.2 155757.9 30114.8  11475.8  4172.6  5519.9
   299  85.816  -0.000  85.816  1001994.2 510852.2 194649.5 26070.8  11471.5  6080.4  5430.2
   300 168.998  -0.000 168.997   973398.3 550685.4 250961.2 26664.4  12461.5  5084.1  5855.4

         Carbon flux (ktC/yr)        Water (dam3/yr)                Nitrogen (MgN/yr)
       ----------------------- -------------------------- --------------------------------
Spinup NEP     estab   NBP     transp     evap    interc  nuptake ndemand  nlosses ninflux
------ ------- ------- ------- ---------- ------- ------- ------- -------- ------- -------
   301 104.113  -0.000 104.112   964852.5 487522.3 166737.0 21834.5  11483.6  4974.5  5530.6
   302 -145.410   0.002 -145.407   940874.8 504453.1 146474.1 24851.4   9514.2  3214.3  4943.3
   303 -56.383  -0.001 -56.383   958026.7 632159.4 240188.9 29833.8  11832.0  6815.5  5948.1
   304 -24.021  -0.000 -24.021  1041719.8 511290.2 157539.8 29865.9  10291.9  2971.8  5069.2
   305 123.765  -0.000 123.764   976916.3 491417.6 155822.2 20906.6  12127.8  6363.5  5558.7
   306   8.698   0.000   8.698   928951.6 514105.7 227675.3 30029.3  10522.1  5619.9  5541.9
   307 -158.142   0.000 -158.141   943727.3 570850.2 148947.8 26969.0  10105.9  4496.9  5038.3
   308 -67.808   0.001 -67.807   941194.9 511743.4 135958.0 22856.5  10421.8  3982.2  5056.7
   309  43.463  -0.000  43.462  1011779.0 584907.4 228816.7 29360.8  10870.0  7436.8  5530.4
   310 -43.370  -0.000 -43.370   963791.1 477526.8 113154.4 22243.9  11039.2  4061.8  5256.9
   311 -118.549  -0.000 -118.549   965268.6 458645.4 115412.5 32013.4   9545.1  3271.4  5131.6
   312  14.427  -0.001  14.427  1025145.8 515080.3 157384.5 32058.4  10268.3  5456.7  5075.0
   313  86.671  -0.000  86.670  1056186.3 488378.8 157375.1 27546.5  11619.3  5080.8  5570.4
   314   3.637  -0.000   3.637   976220.0 474352.6 122295.8 21142.3  11044.4  5554.0  5236.4
   315 112.240  -0.000 112.240  1002608.0 582549.6 256910.9 34365.8  10118.6  8473.0  5421.9
   316 -60.545   0.002 -60.544   956443.3 504268.2 144016.8 23821.1  10378.0  3601.3  5003.7
   317 -80.012   0.000 -80.012   967657.3 560778.6 140627.8 30173.4   9407.1  6028.3  4917.7
   318 -67.745  -0.000 -67.746   971906.5 562768.5 139103.4 27631.4  10063.4  5442.2  4962.4
   319  54.247  -0.001  54.246  1068430.3 536106.4 236555.7 27687.7  11397.5  6127.9  5621.4
   320 102.285  -0.000 102.285  1005940.8 490610.7 161290.5 27512.5  11182.8  4507.9  5612.3
   321  27.950  -0.000  27.950  1000878.6 576507.0 243946.2 27213.9  10937.2  6709.2  5419.4
   322 -36.944  -0.000 -36.944  1070616.8 508615.7 168018.5 31839.9  10166.9  3398.4  5088.3
   323  33.480   0.000  33.480   950689.8 478442.9 118266.7 27758.5  11957.6  2127.9  5208.8
   324 -10.028   0.000 -10.028   971490.7 512901.6 201492.7 25670.5  11555.0  7752.0  5436.4
   325 -109.687   0.001 -109.686   948659.2 556511.3 152398.7 26942.4  10371.5  5387.5  5041.0

         Carbon flux (ktC/yr)        Water (dam3/yr)                Nitrogen (MgN/yr)
       ----------------------- -------------------------- --------------------------------
Spinup NEP     estab   NBP     transp     evap    interc  nuptake ndemand  nlosses ninflux
------ ------- ------- ------- ---------- ------- ------- ------- -------- ------- -------
   326  78.589  -0.000  78.589   918460.0 486056.7 115275.3 30056.6  11582.6  2436.6  5226.2
   327  72.760  -0.000  72.760   942124.3 449090.5 129725.5 22444.2  12467.7  3121.9  5936.6
   328 -136.872   0.002 -136.870   933214.0 520565.4 143209.1 25529.8   9778.3  6996.8  5050.6
   329 111.749  -0.001 111.748   941598.2 453497.7 118920.4 28167.7  11663.7  3455.7  5837.4
   330 -104.036   0.002 -104.035   953091.4 439254.8 147755.8 29247.5  10509.6  9462.4  5456.0
   331 219.415  -0.001 219.414  1003726.2 453718.8 109148.7 25860.4  11836.1  2229.6  5718.6
   332  66.923  -0.001  66.923  1016700.2 500627.9 148182.6 26727.2  10899.8  5539.9  5568.4
   333  37.486  -0.000  37.485   990420.0 367858.2 100705.5 27691.0  10789.9  3898.6  5272.0
   334  17.369   0.000  17.370   991564.8 551470.3 145675.0 28114.2   9846.1  4665.2  4835.5
   335 -91.049   0.000 -91.049   989662.9 575509.6 144306.9 27334.7  10079.2  5423.9  4846.4
   336 -57.870  -0.000 -57.870  1072974.3 541649.1 237942.6 26848.4  11636.6  6327.6  5639.6
   337 -65.228   0.002 -65.226   991934.1 421902.1 148315.9 29045.3  10724.4  6846.6  5356.0
   338 118.019  -0.001 118.018  1040542.1 495972.5 137893.7 26949.7  11813.0  3818.4  5469.9
   339 -11.894  -0.000 -11.894  1029039.3 559779.5 132436.1 27686.3   9601.0  4792.9  4807.7
   340  14.719  -0.000  14.719  1025057.7 564946.2 135365.0 27495.5   9971.7  4632.6  4779.0
   341 -92.201  -0.000 -92.201  1111494.4 517836.9 151387.6 30396.3  10315.6  4683.4  4989.7
   342 -126.215   0.001 -126.214  1013333.7 510435.0 127222.9 20607.6  10774.8  4843.9  4896.2
   343  19.730  -0.000  19.729  1007343.8 525338.9 195370.1 31969.3  11070.7  8087.2  5427.3
   344 -147.315  -0.001 -147.315  1043680.8 517232.5 117043.1 26276.1   9865.4  5618.5  4866.5
   345 160.287  -0.001 160.286  1048754.1 636010.4 235167.9 31773.9  11239.2  6033.9  5720.7
   346 101.975   0.002 101.977  1082930.1 476880.4 205350.8 27598.9   9741.3  5638.8  4680.9
   347 -124.291  -0.000 -124.291  1086992.4 461341.4 102444.8 29044.7  10591.2  2477.8  5020.7
   348 176.988  -0.001 176.988  1087717.0 467131.8 108955.8 27997.4  11812.4  4099.4  5513.3
   349 -37.580  -0.000 -37.580  1091809.6 487266.3 108748.1 23731.4  10273.0  7084.1  4935.7
   350 -74.982   0.000 -74.982  1136866.3 452026.0 135350.8 32842.6   9130.6  6311.4  4934.5

         Carbon flux (ktC/yr)        Water (dam3/yr)                Nitrogen (MgN/yr)
       ----------------------- -------------------------- --------------------------------
Spinup NEP     estab   NBP     transp     evap    interc  nuptake ndemand  nlosses ninflux
------ ------- ------- ------- ---------- ------- ------- ------- -------- ------- -------
   351 -31.603   0.000 -31.603  1057430.0 558561.4 134661.4 31570.6   9797.8  5992.9  4685.0
   352 -92.076  -0.000 -92.076  1076283.7 509127.7 123903.2 25507.4  10268.2  6151.2  4831.5
   353  52.473  -0.000  52.473  1044193.0 475970.3 165809.4 24976.2  11031.2  6388.5  5078.5
   354 -33.280   0.001 -33.279  1042561.1 508044.2 131380.6 26117.2   9489.1  3415.1  4764.0
   355 -80.876   0.000 -80.875  1042476.2 558591.9 128203.2 30223.2   9602.6  5759.6  4777.4
   356   1.421  -0.000   1.421  1053363.7 484933.5 104238.3 24054.2  11248.1  5132.4  5062.2
   357 151.025  -0.000 151.025  1042666.3 565295.3 223009.2 32811.0  10915.1  6652.2  5589.3
   358 -62.074   0.000 -62.074  1033095.8 473327.2 111561.8 22049.0  10950.5  3932.1  5089.3
   359 -137.391   0.000 -137.391  1027563.3 457263.5 113344.7 32883.4   9695.6  3210.3  5013.9
   360  27.574  -0.001  27.574  1104369.0 500649.0 146829.2 31549.7  11430.3  5882.3  5431.8
   361 101.255  -0.001 101.255  1109574.1 525906.5 237495.1 27007.5  11642.8  7109.0  5617.1
   362  77.792  -0.000  77.792  1109852.7 483059.0 158361.5 30962.0  10858.8  4178.8  5456.9
   363  54.121  -0.000  54.121  1052082.3 579007.7 250737.9 27419.6  12089.2  7637.5  5571.1
   364 -126.434   0.000 -126.434  1012120.8 495734.8 136026.8 26153.6  10465.9  5072.0  5008.2
   365 103.127  -0.000 103.127   943989.4 481270.0 115113.4 31623.5  11265.5  1628.4  5077.6
   366   1.058   0.000   1.058  1016075.0 582891.3 254756.2 26043.9  12076.0  8429.4  5627.5
   367 -36.710   0.000 -36.709   968484.9 579968.8 244827.4 26334.4  11326.4  6095.5  5454.0
   368 -132.742  -0.000 -132.743   976639.9 457700.2 122163.5 28623.9  10717.4  2417.7  5223.5
   369  68.239  -0.001  68.239   960023.4 379092.1 107363.8 28943.8  11024.2  5406.5  5326.8
   370 219.471  -0.001 219.470   974964.4 516186.0 236743.8 29978.6  11379.8  7957.8  5605.3
   371 113.164  -0.000 113.164   994222.0 498603.0 177362.7 26006.1  11498.6  4140.9  5626.0
   372   6.957   0.000   6.957  1041102.6 504661.2 182956.8 31349.9  10196.1  3795.6  5056.9
   373 -105.123   0.000 -105.122   964514.0 440154.8 117198.0 23953.9  10893.4  4295.0  5023.1
   374 112.967  -0.000 112.967   943317.8 516283.2 161124.0 27990.7  11103.6  3898.6  5335.4
   375  54.642  -0.000  54.642   922963.2 520747.1 251211.7 30125.5  11168.2  8612.3  5630.6

         Carbon flux (ktC/yr)        Water (dam3/yr)                Nitrogen (MgN/yr)
       ----------------------- -------------------------- --------------------------------
Spinup NEP     estab   NBP     transp     evap    interc  nuptake ndemand  nlosses ninflux
------ ------- ------- ------- ---------- ------- ------- ------- -------- ------- -------
   376  38.844  -0.000  38.843   850879.8 469976.8 170664.6 28789.5  10804.1  3932.6  5131.8
   377 -22.541   0.000 -22.541   924509.1 552461.3 173491.7 24227.3  10935.9  3677.8  5045.8
   378  30.604  -0.000  30.604   919655.5 527106.5 250042.6 26826.8  11892.3  6888.7  5780.8
   379 -76.876   0.000 -76.876   918834.9 481915.3 197473.3 23246.0  11483.4  5618.8  5499.5
   380  72.206  -0.000  72.205   937885.9 520770.2 221784.2 31944.2  10641.9  4285.8  5504.5
   381  36.688   0.003  36.691   902897.4 412318.6 131901.9 26119.9  10730.9  2485.6  5349.8
   382  70.813  -0.000  70.813   914434.9 499160.2 158187.3 22516.3  11428.3  6413.2  5605.4
   383 -25.876   0.000 -25.876   913010.5 516382.5 200055.9 29252.6   9996.6  4637.8  5408.3
   384 -175.930  -0.000 -175.930   902246.3 444764.3 107547.6 25119.6  10327.7  3398.9  5107.2
   385 -62.125  -0.001 -62.126   918666.0 450918.4 108470.3 27666.7   9629.5  4485.2  5030.4
   386  -2.976   0.002  -2.973   932765.5 427961.5 158130.7 29426.9  10428.7  8187.1  5401.2
   387 -46.453  -0.001 -46.454  1042036.0 447612.8 133940.9 27759.1  10233.3  4875.5  5181.3
   388  -8.322  -0.001  -8.322  1058573.2 452951.4 138640.6 30088.8   9600.8  5699.6  5036.6
   389 102.557  -0.001 102.556  1056011.0 605742.3 201861.1 28065.1   9722.2  8456.1  5036.6
   390 -116.268   0.000 -116.268   981713.9 567055.1 149908.9 30678.5   9295.4  4747.8  4828.5
   391  88.798  -0.000  88.798   946469.7 486746.1 113250.4 30617.0  11519.0  2206.4  5086.9
   392 118.488  -0.000 118.488   969231.3 552498.4 251792.9 25359.1  12545.4  6778.0  5866.5
   393  14.445  -0.000  14.445   995544.8 579092.7 261781.3 28054.1  11420.3  6109.3  5585.6
   394 -54.498   0.000 -54.498  1014952.1 504543.4 171015.7 31790.6  10539.4  3497.1  5095.6
   395  -9.126  -0.000  -9.126   937212.9 473431.8 182813.4 21834.7  12250.5  7439.8  5409.4
   396 -19.740   0.000 -19.740   984094.0 608741.8 217770.7 27074.4  10001.7  6043.0  5226.8
   397 -101.109   0.003 -101.106   921225.1 430919.3 160792.5 30669.1  10600.7  6292.8  5423.7
   398 -18.726  -0.000 -18.726   959784.0 565317.3 135072.2 28353.1   9861.8  4489.2  4908.8
   399 127.610  -0.001 127.610   970674.8 520859.4 136410.3 25581.2  10715.9  3280.0  5293.0
   400  -1.657   0.002  -1.655   962861.3 419453.6 111436.4 30701.8   9059.3  3998.1  4935.7

         Carbon flux (ktC/yr)        Water (dam3/yr)                Nitrogen (MgN/yr)
       ----------------------- -------------------------- --------------------------------
Spinup NEP     estab   NBP     transp     evap    interc  nuptake ndemand  nlosses ninflux
------ ------- ------- ------- ---------- ------- ------- ------- -------- ------- -------
   401 -48.673  -0.000 -48.674   928400.9 491551.5 97291.6 30082.1  10851.1  1766.6  5078.4
   402 -160.371   0.002 -160.368   992084.1 478356.2 188817.1 25164.1  10215.0 10643.4  4859.4
   403 -82.030  -0.001 -82.031  1077996.2 548162.0 188504.3 29868.0  11372.9  5925.3  5572.2
   404 172.980  -0.001 172.979  1010017.8 562515.3 198584.9 29059.6  11497.9  5767.2  5695.8
   405  45.966  -0.001  45.965  1013724.2 520025.0 169110.3 27863.3  10230.7  4979.4  5284.3
   406  14.831  -0.001  14.831  1001098.7 367491.7 93373.0 26902.6  10857.0  3621.4  5187.6
   407 133.665  -0.001 133.664  1014007.5 521368.2 210097.7 30689.7  11023.7  7167.2  5462.1
   408  91.494  -0.001  91.493  1048472.2 499109.2 150983.7 25511.4  11080.7  6132.3  5299.3
   409 -31.788   0.000 -31.788  1033860.6 581883.9 237455.5 30146.3   9703.0  5568.9  5196.2
   410 -167.942   0.000 -167.942  1085049.7 452487.8 139641.1 28196.9  10757.1  4524.5  5180.6
   411 -34.948  -0.000 -34.949  1085950.2 451769.6 140315.9 30008.0  10263.0  5560.5  5084.0
   412  84.480   0.002  84.482  1041579.3 477269.4 209696.2 31731.9   9272.1  7678.2  4631.8
   413  59.916  -0.001  59.915  1070085.4 535826.1 171892.6 30124.3  10878.9  5343.1  5210.8
   414  34.052  -0.000  34.052  1157244.9 486404.6 143831.5 28878.2  11051.6  3478.5  5311.1
   415 -63.817   0.002 -63.815  1070708.8 471949.1 199962.4 26793.1   9964.5  7404.1  4737.1
   416 -49.560  -0.000 -49.561  1048026.2 577878.0 119510.8 28978.3  10102.0  3984.8  4687.9
   417 -235.024  -0.000 -235.024  1080776.6 515946.4 111521.3 25112.9   9859.0  6084.4  4787.6
   418  27.476  -0.000  27.475  1064620.2 481626.1 100243.0 25058.8  10182.1  4256.2  4937.3
   419 -80.139  -0.000 -80.139  1122077.0 455888.1 125960.1 32061.0   9250.8  5902.4  4959.5
   420  -9.714   0.001  -9.714  1042079.4 426037.0 132035.3 32057.3  10481.8  7662.2  5083.7
   421 148.751   0.000 148.751  1069310.2 418307.0 91611.5 28538.9  10065.2  2609.9  4764.0
   422  87.302  -0.000  87.301  1093837.3 460484.5 99351.8 24651.5  11341.4  2595.9  5384.5
   423 -201.402   0.000 -201.402  1078352.3 572335.4 116716.7 28670.5   9539.7  7599.3  4656.4
   424 -111.133  -0.001 -111.134  1078395.2 447931.0 86432.7 27841.1  10241.0  4316.1  4778.0
   425 113.658  -0.001 113.657  1093794.7 484611.3 148384.6 25126.2  11032.5  7698.4  4956.0

         Carbon flux (ktC/yr)        Water (dam3/yr)                Nitrogen (MgN/yr)
       ----------------------- -------------------------- --------------------------------
Spinup NEP     estab   NBP     transp     evap    interc  nuptake ndemand  nlosses ninflux
------ ------- ------- ------- ---------- ------- ------- ------- -------- ------- -------
   426 147.063   0.000 147.063   975259.5 458478.8 127051.0 29309.3   9608.0  3257.2  4668.8
   427  20.847  -0.000  20.846  1096825.7 497935.0 135670.8 23482.8  12449.5  4019.9  5380.7
   428 -24.255   0.000 -24.255  1072031.5 476059.5 103082.3 22665.5  10850.2  4587.9  4945.0
   429 -20.390   0.000 -20.390  1003435.1 485237.8 95254.6 34836.6  10105.5  3363.5  4845.1
   430 -220.963   0.000 -220.963  1110076.2 447644.4 126382.6 24952.8  11401.4  6592.2  5215.2
   431 -111.576  -0.000 -111.576  1044701.8 508260.2 115435.1 28404.3   9870.5  6835.7  4853.2
   432  47.392   0.001  47.394  1041904.7 483526.1 187267.3 30191.5   9502.6  7036.5  4683.6
   433  22.387  -0.001  22.387  1044020.4 379320.4 82131.6 28992.1  10843.9  3720.3  5121.0
   434  56.111   0.001  56.112  1087400.5 478348.0 179567.4 29139.2   9359.0  7401.1  4643.7
   435 -112.740  -0.001 -112.741  1082076.9 447443.8 82800.5 28603.6   9623.9  3737.3  4772.8
   436 -10.198  -0.001 -10.199  1126454.6 459057.8 96130.3 29990.4  10043.0  2862.8  4828.7
   437 -57.948  -0.000 -57.948  1129061.6 511556.9 111042.5 26687.8   9539.7  8029.7  4658.9
   438 229.735  -0.001 229.734  1126646.5 493031.1 134572.0 26966.6  10765.1  6331.8  5020.6
   439 -84.383   0.000 -84.383  1095493.8 440256.0 94728.5 29522.8   8913.6  3200.9  4605.7
   440 106.460  -0.000 106.460  1082460.0 527539.3 201829.6 30971.3  11628.5  7481.4  5252.1
   441  -5.482  -0.000  -5.482  1084362.1 486718.1 159554.8 23606.7  11308.2  6085.8  4998.0
   442 -21.448   0.000 -21.448  1113262.8 583411.0 221304.9 30353.3  10239.5  5093.2  5144.8
   443 -118.373  -0.000 -118.373  1093119.7 441916.8 98511.8 27170.6  10057.7  3284.4  4788.9
   444 221.335  -0.001 221.334  1119997.8 494282.0 147243.1 25858.1  11300.3  6622.6  5140.8
   445   1.831   0.000   1.831  1012636.1 477446.8 106630.7 31578.1  10034.8  1198.6  4776.0
   446 -41.486   0.001 -41.486  1041602.7 448167.9 116240.0 22557.5  12871.2  2783.9  5614.9
   447 -198.964   0.001 -198.963  1028419.9 517815.9 127112.0 25028.8  10250.0  7162.2  4844.3
   448 -161.331   0.000 -161.331  1045329.7 501234.5 114292.0 28215.5   9800.1  7202.4  4902.3
   449 -33.516   0.000 -33.516  1011365.7 514144.9 117870.0 26022.9   9878.3  4134.8  4842.5
   450  30.091  -0.000  30.090  1112750.5 592516.9 165427.2 26322.0  10004.4  8307.6  5112.0

         Carbon flux (ktC/yr)        Water (dam3/yr)                Nitrogen (MgN/yr)
       ----------------------- -------------------------- --------------------------------
Spinup NEP     estab   NBP     transp     evap    interc  nuptake ndemand  nlosses ninflux
------ ------- ------- ------- ---------- ------- ------- ------- -------- ------- -------
   451 -17.108  -0.000 -17.109  1025846.4 382965.1 88812.5 31248.4  10269.9  3840.0  5166.7
   452  97.559  -0.001  97.558  1070390.9 630325.9 227140.6 28291.5  12246.0  6752.4  5797.2
   453 -21.196   0.001 -21.195  1065666.9 425365.6 139231.7 27865.1  10646.4  5965.0  5188.4
   454 -33.151  -0.000 -33.151  1120741.7 447554.0 101939.9 28301.7  10689.0  1915.6  4941.6
   455 -39.690  -0.000 -39.691  1186530.4 454962.7 126669.8 28015.7  10355.1  6744.5  4991.5
   456  94.651  -0.000  94.650  1113315.2 474943.8 105595.2 25819.8  10274.2  5445.8  4812.3
   457   9.055   0.002   9.057  1116088.0 479555.1 196834.4 34188.1   8467.2  8593.9  4473.4
   458  80.270  -0.001  80.269  1118212.9 468745.5 100762.9 27576.9  12370.2  2937.7  5437.1
   459 -214.281  -0.000 -214.281  1129364.9 513670.3 113692.4 26243.6   9475.4  6912.0  4689.2
   460  71.088   0.001  71.089  1084943.7 420108.6 96355.5 31303.2   9684.5  2738.9  4753.3
   461 -36.535  -0.000 -36.535  1081791.8 560987.4 117439.4 26863.1   9897.8  4555.3  4631.9
   462 -247.386  -0.000 -247.386  1114864.6 514754.0 107483.5 25730.2  10077.2  7405.5  4737.7
   463 142.851  -0.000 142.850   958593.0 461498.7 118841.0 29705.7  10216.1  3750.5  4697.2
   464  72.335  -0.001  72.334  1107106.3 517076.8 160939.9 24712.7  11885.1  5480.6  5188.4
   465  88.994  -0.000  88.994  1086898.5 514161.1 121639.6 24326.4  10917.9  2598.6  5135.8
   466 -29.526   0.001 -29.525  1065455.4 419199.5 98017.4 30660.8   9498.6  3838.5  4781.9
   467 -119.688  -0.000 -119.688  1066872.4 479178.9 93461.4 22371.5  11066.0  5775.4  4997.5
   468 -98.152   0.000 -98.152  1082018.3 585702.0 192119.9 31735.2  10041.8  8415.8  5141.9
   469 -36.593  -0.000 -36.593  1090328.7 585386.7 193263.8 27435.9  11044.6  5764.3  5257.4
   470  21.208  -0.001  21.208  1076307.8 482762.4 146600.7 23861.0  11055.1  5724.9  5096.6
   471 101.294  -0.000 101.294  1099982.5 499712.5 133757.5 29007.0  10735.8  3342.2  5349.4
   472 123.748  -0.000 123.747  1064130.0 515659.7 123825.5 26223.4  10973.0  2537.8  5182.4
   473 -182.966   0.000 -182.966  1078758.0 506213.0 118123.1 26346.5   9500.7  7028.0  4795.6
   474 105.545   0.000 105.545   923889.3 461325.5 128524.6 29649.4  10361.1  4052.3  4821.4
   475 -168.357  -0.000 -168.357  1053441.0 456694.2 104947.3 23930.2  11679.8  2126.2  5083.3

         Carbon flux (ktC/yr)        Water (dam3/yr)                Nitrogen (MgN/yr)
       ----------------------- -------------------------- --------------------------------
Spinup NEP     estab   NBP     transp     evap    interc  nuptake ndemand  nlosses ninflux
------ ------- ------- ------- ---------- ------- ------- ------- -------- ------- -------
   476  30.785  -0.000  30.785  1129424.7 542154.6 218345.9 28572.2  11411.4  8674.9  5508.0
   477 -25.031  -0.000 -25.032  1115564.5 506077.4 149170.6 33318.5   9863.5  4446.4  4957.6
   478 151.636  -0.000 151.636  1031365.4 558997.3 225420.6 26188.0  12861.8  7147.3  5707.9
   479 -109.317   0.001 -109.316  1015111.0 502540.9 130602.9 21949.0   9971.2  3860.1  4834.7
   480 -42.424  -0.000 -42.424  1016129.3 478977.6 153617.2 28398.4  10829.2  8043.6  5122.8
   481 152.937  -0.001 152.937  1035551.9 466298.0 110542.7 28338.1  11530.7  2493.4  5568.7
   482 -102.957   0.000 -102.957  1030182.8 570541.9 134117.1 28799.7   9473.6  6088.9  4795.8
   483 -74.360  -0.001 -74.360  1035743.2 446776.6 97684.6 27184.3  10008.3  4204.9  4898.5
   484 -10.403  -0.000 -10.404  1075507.5 455279.6 113251.2 29411.5  10317.9  3029.3  5000.9
   485  55.968  -0.000  55.968  1078765.0 581855.8 230748.7 28129.4  10923.7  9194.6  5263.5
   486 132.657  -0.000 132.656  1060524.0 513012.2 141654.6 26296.7  10896.8  2858.2  5205.2
   487 -91.282   0.000 -91.282  1113021.1 509575.9 163355.7 34431.4   9531.5  5086.6  4925.3
   488 -13.803   0.000 -13.802   983222.9 479093.6 109223.8 27588.6  12320.9  2414.4  5075.5
   489 -101.486   0.000 -101.486   994621.6 474700.5 169561.8 22340.0  12147.7 10133.6  5301.1
   490   1.861  -0.000   1.860  1062645.9 538762.9 235634.2 30929.5  11297.0  5472.9  5604.8
   491  -5.145  -0.000  -5.145  1055353.2 505652.2 160410.1 32821.2  10227.5  4132.5  5082.5
   492 -70.778   0.000 -70.778  1046628.3 451486.8 143837.4 24472.2  11407.1  6315.1  5283.4
   493  45.623  -0.000  45.623   986693.3 580287.8 237514.2 30653.5  10415.5  7811.6  5298.4
   494  67.647  -0.001  67.646   987805.1 372732.6 105375.4 27864.8  10954.6  3720.0  5264.1
   495 134.955  -0.001 134.955  1055527.6 423586.9 120892.5 31488.2  11452.5  2828.1  5561.7
   496 167.903  -0.001 167.902  1047089.8 521114.8 209347.5 31092.0  10745.9  8162.9  5297.4
   497  81.440  -0.000  81.439  1018534.6 470737.8 193226.3 22323.8  11606.7  6780.8  5207.9
   498 -88.977   0.001 -88.977  1014789.4 556179.3 166620.8 30570.9   9412.4  4212.1  4853.3
   499 -20.987  -0.000 -20.987   992074.7 476913.5 187609.2 24507.6  12375.0  6358.1  5331.9
   500   3.138   0.000   3.138   985826.5 476733.2 189049.5 24130.1  11556.4  5119.2  5339.8

         Carbon flux (ktC/yr)        Water (dam3/yr)                Nitrogen (MgN/yr)
       ----------------------- -------------------------- --------------------------------
Spinup NEP     estab   NBP     transp     evap    interc  nuptake ndemand  nlosses ninflux
------ ------- ------- ------- ---------- ------- ------- ------- -------- ------- -------
   501  90.803   0.000  90.803   974090.1 515147.4 159474.0 28156.1  10623.5  2476.6  5367.2
   502  23.971  -0.000  23.971   922053.6 478848.9 127610.4 31643.9  10983.1  2048.0  5177.2
   503 -183.815   0.001 -183.814   940538.8 555649.6 161231.8 24723.8  10927.0  6765.6  5209.4
   504  79.644  -0.000  79.643   926494.2 459189.2 131906.2 25395.5  12859.3  3281.1  5976.3
   505  -0.032  -0.000  -0.032   976189.6 580998.2 269966.1 29126.8  11435.0  8792.2  5727.7
   506 -68.151  -0.000 -68.152   983503.1 443085.3 159514.2 27009.0  10889.3  4784.6  5426.1
   507  66.800  -0.000  66.800  1002972.1 508506.3 180654.8 34329.6   9897.2  4438.7  5120.2
   508 -24.645   0.003 -24.642   936897.0 421550.2 170082.2 25845.3  11744.6  8243.1  5594.2
   509  39.725  -0.001  39.724   956169.7 363817.2 100406.1 28723.8  10929.8  3799.0  5256.5
   510 -51.836  -0.001 -51.837   980929.6 442621.7 105642.3 28043.0   9521.3  4374.7  4902.5
   511 145.005  -0.001 145.003  1012792.2 638628.2 265511.7 31644.8  11457.7  8079.1  5787.9
   512 156.111  -0.000 156.110   981320.5 476543.3 124378.8 29774.1  10950.5  1572.3  4957.0
   513 -209.042   0.000 -209.042   999678.1 442567.2 132944.8 25150.2  11261.4  2562.7  5221.1
   514  -7.457   0.000  -7.457  1079352.9 495852.1 167681.6 32393.2  11317.1  7005.7  5493.1
   515  99.153  -0.001  99.153  1060176.8 522328.9 265903.3 27335.7  11986.9  7677.0  5713.1
   516  90.034   0.002  90.037   965968.4 413524.4 126423.8 29720.7  10067.8  3300.9  5108.0
   517 -77.957   0.000 -77.956   959991.2 563558.1 145665.3 27205.6   9895.6  4985.7  4842.8
   518 -162.525   0.001 -162.524   975737.1 521095.4 131802.2 23280.6  10387.7  5714.1  4950.0
   519 -44.897  -0.000 -44.897  1002649.4 481260.9 107000.0 25618.7  10277.4  5743.3  5108.1
   520   0.532  -0.001   0.531  1002077.6 642387.3 239230.0 34613.0  10571.3  8557.2  5737.6
   521 172.906  -0.001 172.905   980386.5 480243.7 109620.0 29928.3  11200.6  1617.0  5014.3
   522  55.114  -0.000  55.114  1024319.1 513586.2 196868.3 26338.0  11097.9  6502.8  5385.9
   523  43.484  -0.000  43.484  1039455.1 581166.1 253875.7 28518.3  11874.5  6431.7  5550.1
   524 -86.804  -0.000 -86.804   985587.5 441506.8 108880.9 26708.6  10387.4  3335.9  4982.9
   525 202.881  -0.001 202.880   993195.1 522641.1 234751.7 31042.4  11456.0  7142.4  5528.8

         Carbon flux (ktC/yr)        Water (dam3/yr)                Nitrogen (MgN/yr)
       ----------------------- -------------------------- --------------------------------
Spinup NEP     estab   NBP     transp     evap    interc  nuptake ndemand  nlosses ninflux
------ ------- ------- ------- ---------- ------- ------- ------- -------- ------- -------
   526  23.847   0.002  23.849  1002963.9 426623.4 123242.4 29027.6   9801.5  3317.0  5022.4
   527 -61.316   0.000 -61.316   999237.5 562492.9 144673.8 27671.3   9705.9  4205.1  4785.3
   528 -145.364   0.000 -145.364  1026643.3 589026.1 227511.4 27177.7  11302.3  7546.9  5341.1
   529 -161.300  -0.000 -161.300  1029762.2 458005.3 114298.6 28848.2  10654.7  2338.7  5130.3
   530  17.438  -0.001  17.438  1023891.4 486757.6 114940.2 25656.6  10868.6  6501.8  5101.9
   531  81.442  -0.000  81.442  1009566.6 477656.3 173217.1 27965.9  10091.6  7999.1  5117.4
   532  36.286  -0.001  36.285  1059857.7 431236.0 117638.0 34598.9  10735.2  2365.1  5535.2
   533 187.689  -0.001 187.688  1086499.6 582699.9 261356.3 30535.2  11497.9  8984.1  5442.5
   534  -4.405   0.000  -4.405  1030338.9 555159.7 161542.0 27253.0  10102.8  4645.7  4884.9
   535 -91.082   0.000 -91.081  1016153.7 559629.9 156390.1 28000.8  10275.7  5338.3  4926.6
   536  47.674  -0.001  47.673  1029173.6 639066.3 272325.1 28799.2  12627.1  6992.8  5961.1
   537 121.183  -0.000 121.183  1081096.0 577969.0 272760.3 28484.6  11605.5  5559.1  5502.0
   538  99.739  -0.000  99.739  1026458.5 508792.1 216815.0 28002.7  11419.4  4591.6  5381.6
   539  -3.190   0.000  -3.190  1059919.3 592539.1 228253.9 23583.9  11032.2  6140.9  5276.6
   540 -210.051   0.000 -210.050   989251.8 511115.7 148846.3 29220.6   9876.5  4975.8  5029.7
   541 159.239  -0.000 159.238   972270.0 487869.6 173016.4 26434.6  12141.2  5051.6  5607.6
   542 -42.046   0.001 -42.046   963310.4 554241.9 167210.8 28866.2   9689.4  3996.5  4988.1
   543  60.601  -0.000  60.601   964643.4 496182.2 173871.0 26174.9  12244.6  4363.8  5768.6
   544 155.083  -0.000 155.083   950756.3 456407.0 139849.4 25568.0  12035.2  2470.4  5852.6
   545   8.626  -0.000   8.625   947506.2 520061.2 167480.1 27097.1  10691.1  5224.1  5448.9
   546 -188.271   0.000 -188.271   949540.4 505957.0 153570.9 29359.5   9647.9  7089.0  5102.9
   547 124.639  -0.000 124.639   945068.8 513816.9 220448.4 29744.2  11414.1  5609.5  5531.1
   548 -99.790  -0.000 -99.790   986070.7 445060.9 167612.2 26102.2  10772.9  4945.3  5381.4
   549  70.842   0.000  70.842   939574.8 576387.3 276004.7 30086.1  10560.1  7139.3  5490.3
   550 -112.120  -0.000 -112.120   953450.8 453151.7 140152.2 28349.6  10726.1  2542.3  5308.0

         Carbon flux (ktC/yr)        Water (dam3/yr)                Nitrogen (MgN/yr)
       ----------------------- -------------------------- --------------------------------
Spinup NEP     estab   NBP     transp     evap    interc  nuptake ndemand  nlosses ninflux
------ ------- ------- ------- ---------- ------- ------- ------- -------- ------- -------
   551 211.475  -0.001 211.474   958486.6 493246.2 185240.7 26513.9  11661.6  7974.7  5651.0
   552 159.889  -0.000 159.889   935920.2 508093.5 270982.7 31438.5  10725.6  5941.0  5690.3
   553 -111.418   0.000 -111.418   996879.8 452680.4 175936.0 28098.7  10767.8  4682.2  5372.1
   554 149.844  -0.000 149.844   975125.3 582357.9 304995.9 30683.3  11642.8  7010.1  5634.5
   555 110.070  -0.000 110.070   917880.1 503924.2 185010.6 25589.6  11428.9  2515.5  5550.9
   556 -159.495   0.000 -159.495   930678.0 505298.2 170284.8 28807.8   9828.7  6356.1  5127.1
   557 -120.426   0.000 -120.425   909893.5 450023.9 149757.8 28827.8  11107.9  2548.1  5383.8
   558  19.301  -0.000  19.301   957584.1 508567.3 200419.1 32115.4  10440.7  5440.0  5209.2
   559 -14.175   0.001 -14.174   898274.7 557369.8 187404.5 25941.2  10724.2  6345.3  5230.9
   560 -81.878   0.004 -81.874   883762.7 426030.8 180308.9 28349.1  11280.8  7772.7  5651.8
   561  35.089   0.002  35.090   901131.9 419521.1 112833.3 28841.6  10088.1  2857.9  5152.6
   562 -93.474  -0.001 -93.474   932236.8 480982.4 159636.9 21972.9  10889.0  7385.7  5284.8
   563 -119.039   0.001 -119.038   929016.1 518398.2 128250.5 27104.6   8833.3  3747.0  4857.7
   564 106.309  -0.001 106.308   957282.8 495430.4 138107.3 27404.2  10578.9  6754.7  5346.3
   565  35.221  -0.000  35.220   999109.9 584214.6 229918.8 30014.3  10331.3  5960.6  5438.1
   566 -122.296  -0.001 -122.297   951106.3 445583.8 99418.2 27206.8   9817.5  3436.1  4970.9
   567 258.060  -0.001 258.059   973734.7 566828.9 233536.4 30951.8  11633.2  6585.3  5694.7
   568  -2.929   0.002  -2.927   952119.3 414850.4 114752.7 27342.2   9621.7  2664.0  5018.7
   569 -169.755   0.002 -169.753   960874.4 431363.6 136597.0 28179.0  10721.5  7868.7  5224.9
   570  51.737  -0.001  51.736  1055068.7 595478.0 201724.5 30180.0  11467.7  5984.8  5340.2
   571  45.491  -0.001  45.491  1059320.4 590928.5 212665.1 28595.2  11245.0  5818.0  5371.0
   572   4.650  -0.001   4.649  1081484.9 594669.8 178359.6 24296.4  10348.8  6266.8  5111.6
   573  26.565  -0.000  26.564  1021979.8 501695.1 144574.0 29139.2  10882.1  3779.1  5449.0
   574  97.486  -0.001  97.485  1002365.8 522431.9 213401.0 29361.1  11406.5  6207.0  5489.5
   575   6.274  -0.001   6.273  1051764.8 647105.8 254257.7 30208.3  11497.5  6414.1  5760.3

         Carbon flux (ktC/yr)        Water (dam3/yr)                Nitrogen (MgN/yr)
       ----------------------- -------------------------- --------------------------------
Spinup NEP     estab   NBP     transp     evap    interc  nuptake ndemand  nlosses ninflux
------ ------- ------- ------- ---------- ------- ------- ------- -------- ------- -------
   576 109.063  -0.000 109.062  1044404.0 370268.3 108630.5 27180.4  10672.2  3121.2  5111.1
   577 -23.922   0.000 -23.922  1040534.3 557897.3 154100.9 30187.1   9653.1  5389.7  4802.7
   578 -53.190   0.000 -53.190  1042407.1 587082.8 243303.8 27532.6  11356.4  6857.1  5328.6
   579 125.956  -0.000 125.956  1048853.5 493048.3 161168.7 25466.4  11565.9  5295.8  5407.5
   580 100.749   0.000 100.749   908642.0 454599.8 154539.4 29311.7   9783.1  3179.8  4887.7
   581 -108.202   0.000 -108.202   985502.3 367893.5 106010.8 25515.2  11960.7  3690.7  5312.0
   582 -103.731  -0.000 -103.731   998459.3 441814.3 107236.6 27469.3  10057.8  4604.5  4965.1
   583  46.475  -0.001  46.474  1055212.0 428213.7 119077.5 31957.3  11508.5  3443.7  5572.1
   584  96.803  -0.001  96.802  1087288.1 429660.0 124815.6 31682.8  11309.0  4349.3  5520.5
   585 158.402  -0.000 158.401  1076138.1 580778.0 266471.1 29255.5  10644.8 10540.0  5293.1
   586 127.011  -0.001 127.010  1085499.5 636072.4 297082.0 30067.3  11924.3  6499.5  5877.3
   587 -91.736   0.000 -91.736  1087065.6 443425.7 144271.3 27356.9  10884.3  1897.5  5046.5
   588 -142.461   0.001 -142.460  1057776.4 506417.2 155289.7 28773.4  10520.4  6911.8  4917.9
   589  60.945   0.000  60.946  1072199.2 597550.5 232630.6 25653.6  11186.5  6920.0  5222.7
   590 113.496  -0.000 113.496   993637.7 465883.5 144473.0 28550.8  12007.1  3039.7  5775.9
   591  48.772  -0.000  48.772  1003267.5 498510.5 183054.6 27298.7  11483.3  7372.2  5542.1
   592 -21.707   0.004 -21.704   995449.5 467523.6 245729.8 30319.9   9337.5  5888.9  4808.7
   593 -144.935  -0.000 -144.936  1029382.2 436009.9 111269.8 29636.0  12371.8  2502.4  5699.3
   594  -4.434  -0.001  -4.435  1018221.5 483864.2 120264.6 24515.0  10454.3  6559.8  5093.1
   595  50.410  -0.000  50.409  1050839.4 429812.4 122315.3 36001.3  10002.7  3569.9  5446.8
   596  80.434  -0.001  80.433   972837.7 491910.0 123173.2 32563.7  10928.8  5611.2  4981.4
   597   6.722   0.000   6.722  1096775.1 481203.5 174305.2 27760.3  11668.1  4994.2  5577.8
   598 -89.696   0.000 -89.696   990088.0 471470.1 131752.9 21844.1  11415.7  5716.0  5276.8
   599 152.247  -0.000 152.247   957595.3 562987.1 266939.5 34907.9  11271.3  7428.8  5787.3
   600  50.122  -0.000  50.122   995963.8 580870.7 278172.4 28017.7  11817.7  5806.2  5650.2

         Carbon flux (ktC/yr)        Water (dam3/yr)                Nitrogen (MgN/yr)
       ----------------------- -------------------------- --------------------------------
Spinup NEP     estab   NBP     transp     evap    interc  nuptake ndemand  nlosses ninflux
------ ------- ------- ------- ---------- ------- ------- ------- -------- ------- -------
   601  17.535  -0.001  17.535   990125.8 425038.5 133020.8 29308.8  12316.6  2057.2  5784.3
   602 208.549  -0.001 208.548   965447.7 567473.8 283009.6 31034.5  12055.7  8044.6  5844.0
   603 -83.503   0.001 -83.503   952106.8 555927.5 180387.7 27256.4   9746.9  4388.2  4991.1
   604  32.823  -0.000  32.823   951405.2 497947.3 185842.6 26557.3  12209.4  4497.1  5719.4
   605 -109.700   0.000 -109.700   996258.6 448568.1 167880.4 27598.6  10660.6  5356.7  5284.9
   606 -109.503  -0.000 -109.503   960668.6 505348.8 156475.0 29760.7   9863.6  6283.5  5014.6
   607  12.574  -0.000  12.574   994560.1 509586.8 188504.8 32534.9  10283.7  3924.0  5070.8
   608  99.800  -0.000  99.800   920298.0 507737.1 172854.6 23805.2  11768.8  3486.8  5497.9
   609 -19.613  -0.000 -19.613   973840.9 532075.3 293439.9 30661.4  10932.8  8215.3  5655.2
   610 -130.680  -0.000 -130.680   916084.8 441294.8 126225.9 28419.8  10003.8  4386.9  5029.8
   611 126.859   0.003 126.861   910692.8 418457.6 135277.0 30903.6  10016.3  3984.7  5169.2
   612 -73.133   0.000 -73.133   931713.6 591734.9 248486.9 26516.6  10550.5  8159.4  5393.1
   613 -183.312  -0.000 -183.312   998243.4 453448.2 149812.9 28212.6  10398.9  4934.2  5267.0
   614  56.503  -0.000  56.502   953003.6 582091.2 249822.0 30985.8  10337.6  7094.3  5346.7
   615  79.547  -0.001  79.546  1046772.7 533606.7 262844.9 28648.9  11230.8  5309.4  5623.2
   616 215.027  -0.000 215.026   974934.9 487078.0 177107.2 25053.4  10855.2  5971.8  5464.4
   617 -109.082   0.002 -109.080   940564.7 504943.1 157409.5 26142.7   8961.4  3573.6  4880.7
   618 -103.654   0.003 -103.651   962061.4 478991.9 210515.2 31949.6   9332.6  7536.8  4823.4
   619 -110.991  -0.001 -110.991  1018982.9 625232.3 171076.1 25061.4  10635.9  6290.2  5235.1
   620 -59.748  -0.001 -59.749  1056908.9 507641.3 139953.6 32229.6  10163.5  4028.2  5452.2
   621  66.816  -0.001  66.815   991456.7 492489.8 147418.8 25990.1  11535.1  4597.6  5650.7
   622  53.158  -0.001  53.157   991192.3 477608.2 115729.7 23108.5  10351.1  4852.1  5129.1
   623 -139.463  -0.000 -139.463   998208.3 508876.9 133724.2 30935.0   8400.2  6889.8  4842.1
   624  22.332   0.002  22.335   994685.2 480644.4 209534.3 31579.1   9447.1  6637.8  4787.0
   625 -140.307  -0.001 -140.308  1061933.5 459800.9 125672.0 27945.1  10540.9  4774.8  5208.9

         Carbon flux (ktC/yr)        Water (dam3/yr)                Nitrogen (MgN/yr)
       ----------------------- -------------------------- --------------------------------
Spinup NEP     estab   NBP     transp     evap    interc  nuptake ndemand  nlosses ninflux
------ ------- ------- ------- ---------- ------- ------- ------- -------- ------- -------
   626  54.333  -0.001  54.333  1028233.0 586326.9 215570.2 30706.7   9977.0  7126.1  5204.2
   627 131.708  -0.001 131.707  1035040.6 517460.3 134528.7 26702.8  10459.9  2797.5  5198.9
   628 117.172  -0.000 117.172  1026819.2 458214.1 121733.1 29482.6  10824.6  3239.6  5550.1
   629 -164.592   0.002 -164.590  1025400.3 438769.2 148627.1 30686.7  10563.3  9710.7  5227.0
   630  96.299  -0.001  96.298  1046727.5 363115.1 92956.9 29273.1  10970.5  3664.7  5080.8
   631 158.578  -0.000 158.577  1065431.4 514901.5 132758.4 26651.0  10609.8  3054.4  5138.3
   632 -104.992   0.000 -104.992  1063356.8 587235.7 229030.0 30413.9   9938.4  8524.3  5164.6
   633 -72.960  -0.000 -72.960  1040860.3 481265.6 165966.0 25782.0  11592.8  6123.2  5140.2
   634  14.469  -0.000  14.469  1113705.2 608041.0 193192.2 27085.0  10146.5  5636.3  5080.6
   635 102.514  -0.000 102.514  1032071.5 570707.5 236683.1 31808.5  11628.2  5303.6  5674.6
   636 114.588  -0.000 114.587  1024061.6 490835.5 158170.1 23420.3  11352.2  4999.7  5348.6
   637 -24.721   0.000 -24.721  1095222.9 484875.0 160857.7 32373.7  10468.6  3144.7  5360.7
   638 -117.815   0.000 -117.815  1003453.4 473769.9 118376.3 22941.5  11672.9  4765.4  5234.6
   639   2.206  -0.001   2.205  1001943.0 639325.8 261708.5 33323.8  11136.4  7927.9  5847.3
   640  65.758  -0.001  65.757  1029950.9 477040.3 126747.4 22346.3  10897.1  4129.5  5096.4
   641  34.660  -0.000  34.660  1052965.8 429464.3 126607.4 36282.3  10104.4  3241.3  5455.3
   642  74.623  -0.000  74.623  1079487.0 615419.4 223625.1 25399.1  10781.7  9813.0  5174.4
   643 -98.468   0.003 -98.466  1000083.3 429151.6 166416.5 31098.1  10324.3  6539.0  5308.9
   644  48.253  -0.001  48.252  1082760.3 427684.2 112565.2 30251.3  11919.2  2000.7  5560.4
   645 -92.995  -0.000 -92.995  1074388.3 511605.7 135333.7 27279.5   9494.3  7528.9  4774.4
   646 102.344  -0.001 102.344  1096155.3 427675.0 120304.9 32658.1  11128.8  2408.6  5426.7
   647  91.170   0.001  91.171  1055747.8 421061.4 119848.8 31382.0   9883.0  4955.7  4867.3
   648 -78.949  -0.000 -78.949  1071438.1 438281.5 103953.3 26042.2   9840.9  4603.6  4727.9
   649 -83.448   0.002 -83.447  1074367.0 428428.2 146663.8 30793.1  10626.7  9644.3  5063.8
   650 -51.264   0.001 -51.263  1094856.7 425128.9 134762.1 29006.2  11042.9  6681.2  5033.1

         Carbon flux (ktC/yr)        Water (dam3/yr)                Nitrogen (MgN/yr)
       ----------------------- -------------------------- --------------------------------
Spinup NEP     estab   NBP     transp     evap    interc  nuptake ndemand  nlosses ninflux
------ ------- ------- ------- ---------- ------- ------- ------- -------- ------- -------
   651 101.823   0.000 101.823  1119159.5 415480.7 94988.9 29203.0  10076.5  2491.7  4673.2
   652 -187.012  -0.000 -187.012  1155304.9 451900.2 99059.3 27497.1  10366.3  2469.7  4788.2
   653 -46.684   0.000 -46.684  1118250.2 574941.7 118176.8 29950.1   9952.3  6602.6  4510.4
   654 -40.011  -0.000 -40.011  1201397.6 616807.1 162707.7 24842.0  10740.3  9044.3  4934.0
   655 -127.737   0.000 -127.737  1101324.1 513688.5 115712.8 25268.3   9568.5  3876.2  4649.2
   656 -32.390   0.000 -32.390  1190241.2 592221.7 158610.4 28662.0  10059.3  8429.1  4969.9
   657 -191.022  -0.000 -191.022  1115291.7 514604.0 108295.3 27896.0   9659.3  5415.9  4742.5
   658 103.426  -0.000 103.426  1038822.1 484125.2 86437.6 34022.2  10542.7  1667.4  4778.1
   659 107.317  -0.001 107.316  1104480.2 492665.9 132037.3 22532.7  11805.0  7249.5  5203.9
   660 -48.989  -0.000 -48.989  1077253.3 474727.8 153767.3 26197.6  10359.8  6462.7  4976.9
   661 -68.967   0.000 -68.967  1104224.3 586143.8 205515.3 31454.3  10430.8  5475.5  5154.0
   662  74.867  -0.001  74.866  1149318.7 586425.3 217196.9 30756.1  11505.1  6023.3  5318.2
   663 137.572  -0.001 137.571  1098238.1 448478.8 112622.4 25119.3  12115.4  1938.2  5559.7
   664 -153.280   0.000 -153.280  1081590.5 569417.7 134203.4 29699.6   9498.8  6644.1  4712.0
   665 -65.630   0.001 -65.630  1069681.2 506943.4 124727.9 24303.6  10541.4  4505.6  4811.2
   666 -121.082   0.000 -121.082  1111566.9 449651.5 104750.1 30607.1  10139.7  2961.8  4926.5
   667   4.455  -0.000   4.455  1109331.0 586597.7 209841.1 29145.3  11104.3  9690.2  5188.7
   668 -93.511  -0.000 -93.511  1118872.1 507625.0 119664.8 26336.0   9725.1  5502.3  4757.9
   669 183.833  -0.000 183.833   963667.2 458667.5 134073.7 30989.9   9860.6  3900.6  4705.0
   670   4.517  -0.000   4.517  1157358.1 597132.6 183267.5 22461.5  11386.1  7489.5  5107.6
   671  79.847  -0.000  79.847  1089109.9 466624.2 116708.7 28820.9  11392.1  3192.4  5548.6
   672  36.118  -0.001  36.117  1105336.6 499929.5 150226.0 27679.4  11120.4  7604.3  5239.0
   673 -94.233   0.000 -94.233  1149303.3 442930.5 142501.2 29348.7   9824.3  4541.4  4992.6
   674 127.625  -0.000 127.625  1063285.7 454158.4 121137.1 30660.6  11870.2  2839.8  5539.1
   675  62.257  -0.000  62.257  1071348.9 499858.2 158850.5 26927.6  11675.5  6167.7  5456.1

         Carbon flux (ktC/yr)        Water (dam3/yr)                Nitrogen (MgN/yr)
       ----------------------- -------------------------- --------------------------------
Spinup NEP     estab   NBP     transp     evap    interc  nuptake ndemand  nlosses ninflux
------ ------- ------- ------- ---------- ------- ------- ------- -------- ------- -------
   676  37.913  -0.001  37.912  1098336.3 417330.3 118721.8 29618.2  11816.5  2094.3  5516.8
   677 195.831  -0.001 195.830  1089586.8 464380.5 131457.6 28475.7  11915.7  5229.8  5561.6
   678 -56.616   0.000 -56.616  1145962.7 513918.7 177187.3 32568.2   9920.2  6188.5  4916.8
   679 -45.850   0.003 -45.847  1036612.1 410598.5 121505.9 26216.8  11291.9  3696.3  5054.2
   680 -89.957   0.000 -89.957  1009104.3 522373.7 213972.8 27561.9  11918.7  8735.2  5448.6
   681 -17.238  -0.000 -17.238  1036592.3 501880.2 150141.3 26755.7  11851.9  4300.9  5476.1
   682 -147.599  -0.000 -147.599  1040210.7 503636.6 128347.0 26660.0   9943.4  5677.6  4865.3
   683 149.437  -0.001 149.436  1025442.3 458882.4 121579.7 27906.3  11803.6  2593.6  5590.5
   684 -45.481  -0.000 -45.482  1015579.6 483461.1 174635.0 25267.3  11055.4  8521.5  5164.7
   685 -39.892   0.000 -39.892  1095764.4 510784.2 165134.2 34655.8   9659.7  3285.2  4946.3
   686 -90.428   0.000 -90.427  1012231.0 558181.4 149075.7 25218.7  10839.6  5690.3  4942.2
   687 -97.258   0.002 -97.256  1004031.3 428518.2 149519.6 29159.4  11075.9  7846.7  5265.8
   688 189.391  -0.001 189.390  1058352.5 452286.5 110641.5 26962.8  11926.8  2191.3  5517.0
   689  48.953  -0.001  48.952  1061693.4 526063.0 134878.3 27336.3  10105.6  4828.1  5099.9
   690   1.932   0.002   1.933  1043725.5 416820.3 109057.5 32412.5   9165.1  4074.3  4797.3
   691 -135.744   0.000 -135.744  1126115.6 514721.9 142917.2 32322.6  10146.3  5366.9  4908.7
   692 -223.778   0.000 -223.777  1067939.2 455925.2 105250.2 25925.8  11492.8  3341.8  5034.8
   693 -136.001  -0.000 -136.001  1056578.6 464569.7 104881.3 30874.5  10600.8  5278.9  4969.0
   694 102.571  -0.001 102.570  1045674.8 574330.0 131524.1 30914.0   9613.9  7507.7  4648.1
   695  65.852  -0.001  65.852  1144014.7 616182.5 184305.0 24743.1  10330.6  9563.2  5026.7
   696  -5.691  -0.000  -5.691  1054751.5 378435.8 99285.9 33021.0   9960.3  4034.5  5069.2
   697  89.763  -0.000  89.762  1175928.4 482525.1 150553.2 31048.0  11691.6  4198.2  5387.0
   698  29.438  -0.000  29.438  1142568.5 587028.5 197310.4 23984.3  10915.6  8713.0  5162.6
   699 -35.046   0.000 -35.046  1039997.2 571364.4 147079.1 31508.0   9457.6  4388.5  4724.2
   700 -97.193  -0.000 -97.194  1154254.7 503928.5 153326.5 31622.6  11449.3  4902.6  5412.9

         Carbon flux (ktC/yr)        Water (dam3/yr)                Nitrogen (MgN/yr)
       ----------------------- -------------------------- --------------------------------
Spinup NEP     estab   NBP     transp     evap    interc  nuptake ndemand  nlosses ninflux
------ ------- ------- ------- ---------- ------- ------- ------- -------- ------- -------
   701 204.942  -0.001 204.941  1057475.6 551969.6 244050.9 27835.9  12499.2  6475.9  5758.4
   702 -33.124   0.000 -33.124  1030144.5 469412.3 179777.6 23296.9  11347.1  6224.8  5176.6
   703 -109.585   0.001 -109.585  1023953.7 558695.8 150400.5 31568.3   9566.8  4277.4  4813.1
   704 -129.489  -0.000 -129.489  1038097.6 507669.0 132449.0 27048.3  10539.9  5610.0  4951.8
   705  72.718  -0.000  72.717  1100508.8 532529.9 248123.2 29015.9  11445.1  5462.5  5563.2
   706 -117.339   0.000 -117.339  1030237.4 497038.9 138546.4 28521.4   9761.4  5724.6  4910.5
   707 133.862  -0.000 133.862   992053.4 511364.7 150961.6 27989.6  11179.9  2825.3  5293.5
   708   5.781  -0.001   5.780  1042525.8 425032.7 123949.1 32084.2  11216.2  3414.8  5575.7
   709 124.174  -0.001 124.174   982382.4 488184.3 125655.3 32562.1  10928.0  5971.4  4983.6
   710 -74.931   0.001 -74.931  1017694.1 553146.2 164873.8 26219.8  10316.6  6965.8  4973.4
   711 -10.453   0.000 -10.453   988180.6 560608.2 161309.2 28226.4  10334.8  5054.6  4883.4
   712  47.942  -0.001  47.942  1023633.5 498765.5 168627.0 25787.3  11874.9  7608.5  5504.5
   713 -74.679   0.002 -74.677   999869.6 499350.6 151431.4 24062.6   9352.9  3651.2  4883.9
   714 -44.588  -0.000 -44.588  1066609.8 528166.5 242406.8 32956.5  10847.2  7196.7  5580.7
   715 -22.034   0.000 -22.033   979639.8 552847.7 149106.5 28472.3   9995.2  4440.4  4876.2
   716 -86.863   0.003 -86.860  1008961.1 488349.5 210121.6 27324.5  10047.5  7731.5  4838.2
   717  -1.450  -0.001  -1.451   997297.7 524745.5 123572.8 27954.8  10838.2  2967.9  5292.8
   718 -156.581  -0.000 -156.581  1021875.3 455380.3 106582.4 29801.8   9851.6  3089.8  5045.9
   719 -69.946   0.001 -69.945  1011318.4 432425.1 136990.2 30247.9  10629.8  9774.5  5230.2
   720 209.103  -0.001 209.101  1085526.3 494922.1 132357.3 27879.1  11372.6  4209.4  5351.4
   721  83.258  -0.001  83.257  1146735.5 600353.0 179010.0 24278.0   9970.5  7522.0  5060.6
   722 -58.437  -0.000 -58.438  1126675.4 613700.5 184708.6 26337.6   9774.3  6382.0  5082.0
   723 -14.972  -0.000 -14.972  1071551.2 528868.0 180133.3 32600.8  10452.5  5138.2  5284.2
   724  84.853  -0.001  84.852  1066839.4 493422.7 150327.6 25828.4  11960.3  3700.8  5514.3
   725 -111.807  -0.000 -111.807  1066735.4 501979.2 129496.6 27194.3   9826.5  5509.8  4887.9

         Carbon flux (ktC/yr)        Water (dam3/yr)                Nitrogen (MgN/yr)
       ----------------------- -------------------------- --------------------------------
Spinup NEP     estab   NBP     transp     evap    interc  nuptake ndemand  nlosses ninflux
------ ------- ------- ------- ---------- ------- ------- ------- -------- ------- -------
   726  93.700  -0.000  93.699  1053308.1 497038.3 154867.3 27570.5  11742.3  4090.6  5491.1
   727  22.237  -0.000  22.237  1035484.4 473596.0 118997.1 22433.9  10926.8  4522.2  5049.0
   728 -37.136   0.000 -37.136  1028533.2 478917.2 121188.5 26705.4   9711.6  5904.6  4991.8
   729 -101.583  -0.000 -101.583  1007056.2 443405.8 106944.6 34484.9   8762.9  4938.7  4785.2
   730 -15.744  -0.000 -15.744  1090023.1 451859.1 145900.3 28700.3  10659.8  6129.9  5136.4
   731 111.050  -0.001 111.050  1111063.4 531067.6 255484.1 30829.5  10981.4  6859.8  5466.4
   732 -125.669   0.000 -125.668  1084304.1 441625.5 153276.5 29131.3  10384.0  5564.4  5119.6
   733 -30.325   0.000 -30.324  1006188.9 557250.4 156360.9 30778.7   9947.0  5877.5  4826.8
   734 -85.664  -0.000 -85.664  1021720.0 452455.1 125685.8 27648.2  11092.1  3024.7  5104.7
   735 -55.447  -0.001 -55.447  1013577.6 446386.0 111803.8 28356.1   9860.6  5547.8  4887.5
   736 175.681  -0.000 175.681  1092607.3 597839.9 218368.3 26145.7  10458.0  8920.8  5103.9
   737  -3.268  -0.000  -3.268  1060969.5 427640.7 128975.3 32222.7  11172.4  2725.6  5559.5
   738  99.025  -0.000  99.024  1017316.1 479108.9 194817.6 24847.7  11671.6  8502.8  5222.2
   739  97.929   0.000  97.929  1097038.5 529634.3 281309.6 30882.0  11120.6  4836.2  5551.0
   740  74.567   0.000  74.567  1009618.2 626612.1 299423.2 28911.2  12412.7  6236.3  5958.4
   741  79.700  -0.000  79.700  1017000.8 627208.8 308031.6 27833.4  12586.3  5400.8  5978.7
   742  58.117   0.000  58.117  1059958.3 419764.3 142426.3 29016.6  12228.2  1976.8  5667.9
   743 -79.437   0.001 -79.435  1008312.0 562082.2 182153.2 28751.4  10208.9  6714.4  4952.2
   744 208.677  -0.000 208.677  1012853.9 488845.5 186950.7 24505.4  12382.9  6540.2  5592.3
   745 -11.344   0.001 -11.344  1049399.6 517857.3 297826.5 28765.5  10965.5  5067.1  5633.0
   746 -79.865   0.001 -79.865   949248.4 471393.5 205451.6 25273.3  11684.6  6551.1  5436.3
   747  94.782   0.001  94.782   948619.0 459503.6 148654.0 28405.1  12246.8  2305.3  5904.6
   748 -140.480   0.003 -140.478   937784.2 516778.5 164671.3 23840.6  10226.6  4731.6  5107.3
   749  16.358   0.000  16.358   922160.5 518081.3 237505.4 31089.8  11085.0  6792.3  5698.4
   750 -227.750   0.000 -227.750   956680.7 514498.2 146325.9 26945.7   9958.0  5098.2  5091.4

         Carbon flux (ktC/yr)        Water (dam3/yr)                Nitrogen (MgN/yr)
       ----------------------- -------------------------- --------------------------------
Spinup NEP     estab   NBP     transp     evap    interc  nuptake ndemand  nlosses ninflux
------ ------- ------- ------- ---------- ------- ------- ------- -------- ------- -------
   751  34.597   0.000  34.597   929186.7 473370.1 189363.3 24757.4  11433.9  5597.7  5434.5
   752 -50.469   0.002 -50.467   938058.3 510598.3 153953.4 25013.0   9535.1  3209.1  5034.6
   753 147.947   0.000 147.947   937694.0 554896.0 247381.8 30270.5  11511.6  5919.3  5868.8
   754 -147.632   0.002 -147.630   925398.0 506984.3 143273.7 22774.9   9898.8  3504.5  5039.2
   755 -196.399   0.000 -196.399   944683.9 452880.9 112750.3 29660.1  10209.2  2987.0  5216.1
   756 -98.464   0.002 -98.462   931050.5 434182.8 143300.4 29202.0  10834.4  9170.8  5392.7
   757 206.197  -0.001 206.197   988575.9 517724.0 122671.4 25589.9  10630.2  2805.1  5241.5
   758  89.292  -0.001  89.291   984974.7 460846.2 114176.1 28085.9  10503.9  3292.2  5588.8
   759 -85.934  -0.001 -85.935   976316.6 486146.0 164715.9 25552.2  10929.2  8938.9  5240.9
   760  25.441   0.000  25.441   976818.7 427671.9 107276.6 31286.2   9629.8  2745.4  4994.9
   761 -56.151  -0.001 -56.152   993600.9 476300.7 153856.0 22162.0  11257.7  6872.0  5232.9
   762  42.428  -0.001  42.427   989886.6 531313.9 203843.1 31950.7  10547.7  5405.0  5476.7
   763  -7.011  -0.001  -7.012  1003820.8 487181.5 161442.7 24986.5  11271.4  5715.3  5234.2
   764   8.036  -0.000   8.035  1091623.3 514742.5 154593.4 34230.9   9485.2  2955.0  4972.4
   765 -13.494  -0.000 -13.494  1006072.8 473892.2 169030.2 21823.1  12095.4  7003.5  5282.3
   766 116.914  -0.000 116.914  1006400.5 464876.5 122166.7 29471.9  11474.6  2504.4  5639.2
   767 -122.366   0.000 -122.366   997087.9 571394.5 146435.1 29186.1   9826.6  6051.9  4895.5
   768 112.363  -0.001 112.362  1013858.2 498263.0 156792.8 26829.5  11989.2  4535.0  5623.2
   769 218.569  -0.001 218.569  1020296.9 491260.1 161274.7 23682.9  11220.4  6218.9  5406.1
   770 -175.488   0.000 -175.488  1013453.4 494805.2 141728.8 30531.5   8938.5  4961.0  4886.5
   771 -29.616   0.000 -29.616   992655.1 478555.6 123110.9 24794.1  11278.7  4282.6  5194.6
   772 -19.898  -0.000 -19.898   985081.3 480476.7 126473.0 26542.6   9975.3  5409.4  5102.5
   773   2.323   0.003   2.327   987466.7 479589.9 221762.7 34542.9   8620.7  7538.4  4735.8
   774   1.240  -0.001   1.239   976789.9 527349.5 127798.2 27899.4  11156.1  2970.5  5324.9
   775  82.079  -0.000  82.078   887190.9 462410.5 137616.1 28231.5   9929.3  4784.0  4938.6

         Carbon flux (ktC/yr)        Water (dam3/yr)                Nitrogen (MgN/yr)
       ----------------------- -------------------------- --------------------------------
Spinup NEP     estab   NBP     transp     evap    interc  nuptake ndemand  nlosses ninflux
------ ------- ------- ------- ---------- ------- ------- ------- -------- ------- -------
   776 -89.414  -0.000 -89.415   976666.6 558167.3 140722.3 25107.3  10265.7  4137.1  4847.6
   777 -152.273   0.001 -152.272   999948.9 519179.3 129485.9 23077.4  10073.9  5515.4  4923.7
   778 -183.946  -0.000 -183.947  1027597.5 501235.3 118509.4 28579.6   9265.2  6870.2  4893.9
   779  62.447  -0.001  62.447  1060967.7 435546.1 102436.8 32334.3  11382.2  2496.3  5498.7
   780   5.820  -0.001   5.819  1063369.0 462439.2 112372.9 30592.3  10130.6  4413.3  4990.5
   781 325.340  -0.001 325.339  1072659.1 565871.1 240508.7 30751.6  11717.0  9420.4  5576.4
   782 -121.176   0.000 -121.176  1067254.9 442346.8 125574.4 27597.0  10218.3  2118.4  4998.7
   783 -96.693   0.000 -96.693  1109385.6 452032.4 147846.2 29367.9  10800.4  7262.0  5059.8
   784  95.482  -0.001  95.482  1022613.8 476337.4 180092.4 27681.1  11287.6  8101.9  5084.1
   785   0.100   0.001   0.101  1033592.0 506847.3 146031.0 25952.2   9570.9  3566.9  4772.1
   786  82.420  -0.000  82.420  1054910.7 493608.4 155833.1 29867.6  11107.5  5207.0  5388.8
   787 -52.914   0.000 -52.914  1025205.7 558916.9 145089.0 28230.6  10051.5  5084.2  4800.6
   788 -138.520  -0.000 -138.520  1043997.9 454271.2 117827.8 27535.2  11050.5  3110.5  5084.2
   789   1.504  -0.001   1.504  1081876.1 433230.9 115464.6 31292.5  11775.1  3968.5  5535.2
   790 151.746  -0.001 151.746  1051465.9 481180.9 180842.4 25115.8  11145.1 10640.1  5096.0
   791  83.784  -0.000  83.784  1049343.4 476802.7 186759.4 25576.1  10566.8  6137.1  5088.8
   792 -22.240   0.000 -22.240  1110221.7 507381.4 176501.0 36036.8   9458.5  3155.7  4929.0
   793 -124.786   0.001 -124.786  1094308.6 447274.4 153406.0 24646.3  11867.5  5479.7  5244.1
   794 127.068  -0.000 127.068  1019654.8 513920.0 207094.2 32177.1  10984.1  6366.6  5281.0
   795  10.989  -0.000  10.989  1017726.6 578194.5 258067.7 26436.9  11272.0  6137.6  5350.4
   796 150.216  -0.001 150.215  1029486.5 490293.3 171819.6 24148.7  11550.4  5315.3  5446.3
   797 -14.289   0.000 -14.288   988741.1 357777.5 116869.1 30138.1  10116.7  3496.9  5201.7
   798  -4.145   0.000  -4.145  1046197.5 592888.6 222252.0 26038.7  10982.4  7519.4  5258.6
   799  12.258   0.000  12.258   959527.9 518495.0 161152.6 28045.0  10791.4  3076.7  5358.3
   800 -17.834  -0.001 -17.835   957689.4 634688.1 291716.0 30473.6  11675.0  7375.6  6025.3

         Carbon flux (ktC/yr)        Water (dam3/yr)                Nitrogen (MgN/yr)
       ----------------------- -------------------------- --------------------------------
Spinup NEP     estab   NBP     transp     evap    interc  nuptake ndemand  nlosses ninflux
------ ------- ------- ------- ---------- ------- ------- ------- -------- ------- -------
   801  43.260   0.003  43.263   960471.1 416275.8 130308.1 28125.2  10436.1  2524.0  5169.3
   802  83.427  -0.000  83.426   960786.1 565430.7 244503.6 27091.0  12132.0  6206.0  5828.7
   803 -39.701  -0.000 -39.701   938948.5 514159.7 231026.4 27629.7  11405.7  5828.0  5623.8
   804 -87.007  -0.001 -87.007  1006444.4 436361.1 121182.8 29856.5  11805.3  2936.0  5653.8
   805  87.857   0.002  87.859   974816.0 423853.2 121357.9 30574.9   9769.9  4495.6  5042.9
   806  86.985  -0.000  86.985   990245.1 514253.1 141112.0 23988.6  10685.1  3700.2  5258.2
   807 -122.926   0.000 -122.926   976408.8 478406.5 173452.6 26677.5  10367.0  9411.9  5176.7
   808 -78.977   0.003 -78.975  1002590.4 483397.7 208219.8 31778.5   9336.1  5932.6  4762.0
   809  14.518  -0.001  14.517  1027885.9 535524.7 165913.6 30233.9  11011.5  4997.2  5325.6
   810 -133.986  -0.001 -133.986  1037014.6 449942.8 107696.1 26795.8  10401.3  1989.5  5063.3
   811   6.303  -0.000   6.303  1044466.4 585895.1 221375.5 28867.9  10471.8  8456.6  5255.0
   812  28.815  -0.000  28.815  1112434.2 604849.0 191004.7 25153.6  10236.5  6497.6  5132.3
   813 -43.586  -0.001 -43.586  1084604.4 432983.6 112610.1 32922.7  10893.8  2649.3  5505.0
   814  83.331  -0.001  83.331  1077753.4 583587.9 238280.1 29355.4  10817.9  8288.0  5267.8
   815  94.630  -0.000  94.630  1144263.2 604280.2 206959.4 24969.2  10376.7  6443.1  5111.0
   816 -50.027  -0.001 -50.028  1068913.6 642092.0 272018.1 32241.1  11311.8  6399.7  5798.4
   817 132.876  -0.000 132.876  1119451.8 579210.7 269686.1 28914.4  11806.6  5387.7  5401.4
   818  20.174  -0.000  20.174  1129770.3 523011.2 269703.9 27880.8  11869.3  5031.4  5603.2
   819  40.734   0.000  40.734   981613.9 475168.9 126340.7 31130.4  11262.7  1603.5  5012.5
   820 -31.397   0.000 -31.396   892331.6 452107.2 160624.1 25427.7  11512.0  5417.7  5095.6
   821 -40.442   0.000 -40.442   966897.0 515700.0 235561.9 25288.5  12870.3  7228.1  5678.9
   822 -157.022   0.000 -157.022  1036299.2 457898.9 153894.4 27426.4  10539.2  5140.1  5233.1
   823  47.002  -0.000  47.002  1029478.5 601777.6 218171.3 27312.2  10350.1  7579.3  5187.1
   824 -49.125   0.003 -49.122   987321.8 482228.0 226237.7 29898.7   9485.9  6077.3  4828.3
   825 -106.626   0.002 -106.625  1002613.8 489478.0 192269.6 28410.4   9989.1  5803.1  4852.4

         Carbon flux (ktC/yr)        Water (dam3/yr)                Nitrogen (MgN/yr)
       ----------------------- -------------------------- --------------------------------
Spinup NEP     estab   NBP     transp     evap    interc  nuptake ndemand  nlosses ninflux
------ ------- ------- ------- ---------- ------- ------- ------- -------- ------- -------
   826 -89.395  -0.001 -89.396  1003711.1 488796.8 142525.9 24876.7  11171.0  5564.0  5206.3
   827 -150.367  -0.000 -150.368  1040435.5 513617.5 112708.1 26952.8   8899.4  4560.6  4831.0
   828 -84.464  -0.000 -84.464  1033665.7 461107.7 103559.3 31624.6   9647.6  2202.2  4990.4
   829 213.197  -0.001 213.196  1048503.2 469523.2 110817.5 27992.5  11768.5  4339.0  5575.5
   830  14.837  -0.001  14.836  1105546.1 437035.8 109454.8 31375.5  10747.1  4503.3  5437.2
   831  66.667   0.001  66.668  1069159.8 513336.4 135670.3 24703.3   9592.2  6334.9  4744.9
   832 -90.675   0.000 -90.675  1093381.5 447109.1 113514.1 31259.8   9776.7  3320.7  4928.6
   833 -96.129   0.000 -96.129  1053891.3 563227.4 136122.2 29086.2  10091.0  8487.0  4762.6
   834 -78.590  -0.000 -78.590  1075742.5 455172.8 112373.0 28110.7  10950.5  3222.4  5025.6
   835 -59.797  -0.000 -59.798  1082755.4 459663.6 114435.9 29771.2  10585.4  4399.4  5006.3
   836 169.576  -0.001 169.575  1073993.3 497767.4 153661.5 27700.9  11743.0  7458.7  5424.7
   837 116.315  -0.000 116.315  1148218.5 525078.3 247124.1 28122.2  11339.6  6901.3  5480.9
   838 -100.833   0.001 -100.832  1037648.8 556587.7 149848.0 29509.4   9748.4  5554.9  4827.7
   839 -115.428  -0.000 -115.428  1099606.0 451153.9 143177.0 27802.8  11062.4  5674.4  5174.0
   840 -10.926   0.000 -10.926  1030690.0 556879.5 146089.6 30920.7   9684.0  5884.2  4785.6
   841 188.986  -0.001 188.985  1040061.2 457649.9 124683.3 25864.4  12392.4  3065.5  5650.1
   842 -21.723   0.000 -21.723  1101051.8 621202.3 210011.7 25462.7  10102.6  8926.1  5141.5
   843 -193.491   0.000 -193.491  1023698.3 510932.7 138241.5 29561.8   9663.9  5270.2  4938.6
   844  42.208   0.000  42.208  1057762.2 598202.6 207399.0 26114.4  10955.8  6286.3  5249.2
   845 -45.142  -0.000 -45.142  1051960.7 514847.0 169227.1 32535.4  10051.3  3468.0  5075.5
   846 -34.833   0.003 -34.830   999366.9 474221.9 218769.3 25134.2  10621.8  7537.7  4919.3
   847 -78.683  -0.000 -78.683  1043504.9 619278.1 175611.3 25472.7  10718.8  6550.7  5233.3
   848  33.890  -0.001  33.889   980650.6 526862.5 129898.8 28014.9  10341.4  3142.0  5292.9
   849  68.629  -0.000  68.628   979341.6 517293.4 135548.5 27189.3  10078.2  3534.5  5272.3
   850  21.530  -0.000  21.530   940129.7 484329.8 108423.4 33396.5  10149.8  2667.2  5031.4

         Carbon flux (ktC/yr)        Water (dam3/yr)                Nitrogen (MgN/yr)
       ----------------------- -------------------------- --------------------------------
Spinup NEP     estab   NBP     transp     evap    interc  nuptake ndemand  nlosses ninflux
------ ------- ------- ------- ---------- ------- ------- ------- -------- ------- -------
   851 -37.018   0.000 -37.018   979758.4 492266.1 153598.8 24244.1  12126.7  7136.7  5691.7
   852  68.637  -0.000  68.637   918135.5 484782.7 110518.4 31084.4  11048.9  1526.4  5126.4
   853  -3.249  -0.001  -3.250   973679.1 625641.3 258735.1 25416.6  12524.4 10032.6  6028.0
   854 -87.783   0.000 -87.783   964343.6 560119.4 151111.0 27908.8   9855.8  4698.6  4982.0
   855 -90.594  -0.000 -90.594   986977.6 510342.7 134047.3 25786.1  10158.8  5846.5  5059.8
   856   6.455   0.002   6.457   967761.7 426471.1 153040.9 30465.5  10367.0  6660.5  5348.2
   857  16.776   0.000  16.777  1005512.5 507694.9 122957.3 24259.9   9947.3  3625.0  4890.1
   858  67.259  -0.001  67.258  1056425.3 636242.2 227676.0 31262.8  10807.8  7639.1  5722.1
   859  89.428  -0.001  89.427  1116628.0 428310.2 107524.8 29507.1  11487.6  2063.2  5468.1
   860  50.568   0.001  50.569  1074011.7 512777.0 133642.0 24574.4   9599.4  5514.4  4719.9
   861 126.439  -0.000 126.438  1073444.5 513286.7 133596.7 28200.0  10086.9  4127.2  5063.5
   862 -151.436   0.001 -151.434  1042774.5 510094.5 129916.1 25866.1   9500.0  5708.2  4733.5
   863 -55.871  -0.000 -55.872  1104470.8 429109.1 100616.5 32406.7  11491.6  3484.6  5423.4
   864 -38.304  -0.001 -38.305  1149614.6 457580.9 129739.2 28751.3  10454.1  8108.8  5038.8
   865  21.554  -0.000  21.553  1073029.2 556935.6 134256.3 30350.2   9410.8  6573.3  4631.5
   866 150.062  -0.001 150.061  1081561.5 458531.6 116369.0 25591.9  12175.1  3145.8  5501.4
   867 -90.103   0.002 -90.101  1091886.0 487052.6 205706.5 28921.0   9419.2  8802.6  4621.1
   868 -62.183  -0.000 -62.183  1067143.8 376763.1 87098.3 28916.1  11245.6  3528.0  5091.0
   869  51.795  -0.000  51.794  1186990.8 485563.5 134316.9 30316.2  11162.5  3917.6  5297.2
   870 -169.096   0.000 -169.096  1093350.6 446476.4 105225.8 26351.7  11016.0  2576.7  5022.9
   871 -113.120  -0.000 -113.120  1079862.4 463189.6 105172.4 29935.1  10717.4  4515.0  4963.0
   872  81.898   0.001  81.898  1052114.0 427455.4 100206.5 31187.5  10022.3  5595.1  4852.6
   873  15.439   0.001  15.440  1100091.6 478993.1 184129.3 27177.8   9630.5  9453.8  4626.3
   874 -118.368   0.000 -118.368  1090684.3 432732.3 118932.4 29897.4  10782.0  6956.0  5074.5
   875  90.426  -0.001  90.425  1167740.7 588562.3 184261.6 28397.1  10806.4  5873.8  5065.0

         Carbon flux (ktC/yr)        Water (dam3/yr)                Nitrogen (MgN/yr)
       ----------------------- -------------------------- --------------------------------
Spinup NEP     estab   NBP     transp     evap    interc  nuptake ndemand  nlosses ninflux
------ ------- ------- ------- ---------- ------- ------- ------- -------- ------- -------
   876  33.123  -0.001  33.123  1144587.7 482785.5 143790.8 23828.5  10710.4  5815.2  4892.7
   877 -81.698   0.001 -81.697  1151012.0 433230.4 124780.1 32608.0   9707.1  5880.2  4916.7
   878 102.045  -0.000 102.045  1159207.8 555575.5 112856.8 28579.1  10149.3  3301.2  4503.7
   879  -8.161  -0.000  -8.161  1285478.2 544302.5 201496.6 27001.9  11491.5  6134.3  5268.1
   880  97.446  -0.000  97.445  1170975.6 490519.6 129998.8 25013.6  11016.2  5905.7  4980.1
   881 -165.503   0.001 -165.503  1114560.1 501157.0 114238.7 25013.2   9366.5  3484.4  4557.0
   882 -163.104   0.001 -163.103  1111343.4 559070.5 107465.3 30773.7   9698.4  6008.1  4575.3
   883   1.880  -0.000   1.879  1096319.3 377856.9 78639.5 28043.9  11356.3  4160.3  4996.7
   884 -44.094   0.000 -44.094  1116054.4 424867.7 119871.1 28509.5  10650.0  7628.4  5009.2
   885 128.149  -0.001 128.148  1204716.0 586147.4 189096.7 29588.8  11512.2  5954.5  5135.0
   886  11.321  -0.001  11.321  1211494.2 425206.5 89640.8 28050.9  11780.1  1730.4  5280.1
   887 174.253  -0.001 174.252  1203134.4 499579.8 128062.3 26580.7  11053.9  8308.4  4933.5
   888  42.764   0.000  42.764  1079435.3 477781.9 90015.7 31311.4   9652.5  1285.1  4526.6
   889 -167.278   0.001 -167.277  1120658.3 476304.4 148276.8 22526.5  11940.3  8439.6  4944.3
   890 -21.188  -0.000 -21.188  1129425.2 529837.1 160472.7 31020.6  10724.4  4880.7  5084.9
   891  -0.649  -0.001  -0.650  1100138.6 476009.9 147912.3 23640.0  11725.0  5851.3  4997.6
   892  72.082  -0.000  72.082  1142763.9 528244.1 168508.2 30992.2  10327.7  4472.8  5121.3
   893 -66.725   0.001 -66.724  1112558.3 422188.6 133372.7 26819.8  11095.3  6025.6  5086.2
   894 200.150  -0.001 200.150  1163707.9 447708.3 102654.2 25461.0  12178.4  1946.0  5379.5
   895 -63.051   0.000 -63.051  1246995.5 541883.6 213645.9 27543.1  11140.6  7003.7  5368.5
   896 -71.880   0.000 -71.880  1099406.0 553556.5 125558.7 28654.5   9879.4  4111.8  4628.9
   897 -195.227   0.000 -195.227  1186571.7 456945.3 122190.4 26248.7  11102.8  5872.9  5040.9
   898  62.940  -0.000  62.940  1212499.1 486101.3 130922.9 33551.6  10917.6  4126.4  5212.0
   899 146.118  -0.001 146.118  1115544.3 489804.0 135237.2 23069.3  11889.0  6827.3  5171.7
   900 -27.963   0.000 -27.963  1088848.5 472731.6 157918.5 24659.8  10578.6  6089.2  4928.0

         Carbon flux (ktC/yr)        Water (dam3/yr)                Nitrogen (MgN/yr)
       ----------------------- -------------------------- --------------------------------
Spinup NEP     estab   NBP     transp     evap    interc  nuptake ndemand  nlosses ninflux
------ ------- ------- ------- ---------- ------- ------- ------- -------- ------- -------
   901 -24.265   0.000 -24.265  1024111.6 491681.9 94992.2 33891.8  10520.5  2217.4  4795.7
   902  60.639  -0.000  60.639  1060985.1 554705.3 214397.5 25590.8  12975.3  6019.2  5695.0
   903 -119.099   0.000 -119.098  1126655.6 502936.7 146447.2 30990.7  10284.8  3524.9  4945.6
   904 -95.272   0.000 -95.272  1026595.6 475386.4 156041.1 21567.1  12508.6  7697.5  5190.1
   905 -141.700  -0.000 -141.700  1026751.5 451433.9 94634.6 29717.2   9555.0  3713.9  4796.6
   906 203.501  -0.001 203.500  1069924.9 528310.4 177052.3 30673.6  10858.4  6069.5  5188.5
   907  61.617   0.001  61.619  1046254.9 414162.3 107466.0 26855.3  10182.1  2676.4  4911.0
   908 -73.055  -0.000 -73.055  1053947.3 474297.6 155322.3 22027.4  11236.3  7900.1  5068.4
   909 -61.890   0.000 -61.890  1115013.7 608594.8 175557.4 28170.9   9997.3  6307.2  5073.3
   910 -87.941  -0.000 -87.941  1048509.6 487741.7 103717.8 26950.8  10789.6  4658.7  5056.3
   911 142.863  -0.001 142.863  1042002.1 565791.0 220472.8 32238.7  11345.6  6172.5  5631.6
   912  -9.647  -0.000  -9.647  1027928.6 359632.3 97561.8 26541.9  10955.1  3436.2  5219.7
   913 -71.041  -0.000 -71.041  1035430.9 441555.2 100310.0 28103.1   9927.8  4198.5  4865.1
   914  17.453  -0.000  17.453  1119167.9 509549.5 155459.3 33756.9  10044.9  4737.7  4925.8
   915 -24.866   0.000 -24.866  1028756.3 371125.7 100805.6 24757.5  11791.1  4862.9  5201.5
   916  24.821  -0.000  24.821  1017773.4 364447.6 100717.6 28321.2  11126.4  5087.6  5157.6
   917 190.145  -0.000 190.145  1013832.1 556141.5 237628.3 29990.5  12205.6  7241.8  5651.7
   918 -162.494   0.000 -162.494  1072004.5 442679.8 144758.9 25371.2  10665.5  5026.2  5145.6
   919  22.634  -0.000  22.633  1056972.4 602560.9 202077.5 28066.8  10261.1  8269.2  5083.5
   920 -19.721   0.002 -19.719   996633.2 425137.0 112515.1 30874.5   9809.9  3310.9  4950.0
   921 -202.417   0.001 -202.417  1026708.4 503725.7 120348.7 23923.2   9913.5  6054.0  4863.4
   922 111.639   0.000 111.639   892112.4 461657.2 132851.4 29980.7  10132.2  3921.4  4839.3
   923 -43.090   0.000 -43.090   992845.5 557626.4 135330.5 24427.2  10653.1  3983.8  4784.0
   924 -144.043  -0.000 -144.043  1088679.4 460513.6 132367.6 25923.9  10535.9  6627.5  5125.7
   925  58.730  -0.001  58.729  1103258.1 534518.3 229606.2 31310.3  10842.8  6798.1  5435.3

         Carbon flux (ktC/yr)        Water (dam3/yr)                Nitrogen (MgN/yr)
       ----------------------- -------------------------- --------------------------------
Spinup NEP     estab   NBP     transp     evap    interc  nuptake ndemand  nlosses ninflux
------ ------- ------- ------- ---------- ------- ------- ------- -------- ------- -------
   926  17.856  -0.001  17.855  1098775.3 527621.5 236587.4 28961.5  11239.6  6348.9  5490.8
   927 -50.827   0.001 -50.826  1006630.3 422087.2 147554.8 29984.5  10606.7  7066.4  5208.3
   928 142.623  -0.001 142.621  1064172.8 520213.2 170143.2 28844.7  11040.8  4827.7  5157.7
   929 116.879  -0.001 116.878  1056153.3 520375.7 209488.7 27859.1  11306.8  5648.3  5337.7
   930 114.573  -0.001 114.572  1070599.7 574658.4 235472.9 29528.7  11587.0  5421.4  5546.9
   931 -127.548   0.001 -127.547  1055881.0 437176.2 106251.3 26253.1   9739.2  2956.6  4759.8
   932  91.227   0.000  91.228  1096911.8 586735.3 245667.8 31127.7  11606.3  7466.6  5259.8
   933  -1.243   0.000  -1.242  1108848.0 589902.3 204318.4 23342.9  10999.0  6069.2  5100.6
   934 -84.746   0.000 -84.746  1072863.0 430583.1 117213.6 31147.6  11542.6  2481.9  5478.6
   935  70.477  -0.000  70.477  1154142.2 496212.5 162840.6 32425.7  11193.0  5489.7  5318.3
   936  74.318  -0.000  74.318  1134712.4 521201.3 258943.3 26251.0  11911.7  6796.5  5538.0
   937 -137.836  -0.000 -137.836  1040237.9 443314.3 129273.4 28462.6  10588.8  2433.9  5048.9
   938 -149.454  -0.000 -149.455  1029598.9 507944.5 139478.1 28090.2  10375.6  7728.1  4901.5
   939 -77.723  -0.000 -77.723  1015331.7 504716.1 139031.3 27838.7  10205.9  5655.1  4917.5
   940 107.910  -0.001 107.909  1041661.1 429454.1 121650.2 30196.2  11946.9  2358.5  5577.9
   941 140.809  -0.001 140.807  1044673.8 634486.5 282577.7 30773.2  11858.8  9926.8  5826.1
   942 328.396  -0.001 328.395  1065623.2 451727.8 147001.1 25068.2  12022.0  2054.7  5639.9
   943 -42.943  -0.000 -42.943  1049095.3 637751.4 310005.3 30672.7  11660.9  8003.0  5872.6
   944 -65.832   0.001 -65.832  1105772.4 441888.4 174128.4 26063.6  11024.5  3940.1  5179.2
   945 -43.822   0.000 -43.822  1080375.2 443932.7 169439.4 30117.3  10614.4  5188.8  5138.1
   946 139.404  -0.001 139.403  1012864.8 630923.9 305240.5 31212.1  12364.8  7184.8  5893.7
   947 -42.850   0.001 -42.849  1017795.4 552804.5 182194.0 26793.2  10277.5  3985.1  4894.1
   948  98.846   0.000  98.846   975893.7 516134.9 262895.8 27682.7  12255.7  5979.0  5618.8
   949 -77.903   0.001 -77.903  1033653.8 620332.0 245214.9 24585.4  10711.2  5731.9  5266.6
   950  83.654   0.001  83.654   957840.3 465073.8 149008.5 28013.8  12230.1  2814.5  5872.9

         Carbon flux (ktC/yr)        Water (dam3/yr)                Nitrogen (MgN/yr)
       ----------------------- -------------------------- --------------------------------
Spinup NEP     estab   NBP     transp     evap    interc  nuptake ndemand  nlosses ninflux
------ ------- ------- ------- ---------- ------- ------- ------- -------- ------- -------
   951 -173.048   0.003 -173.045   940579.7 516996.4 164477.6 24115.3  10249.5  4750.0  5088.4
   952 -20.337   0.001 -20.336   901004.0 480085.5 119730.2 31754.4  11112.5  1874.3  5264.6
   953 -62.940   0.001 -62.939   919470.2 490952.8 166812.2 23009.0  12392.4  6110.0  5855.6
   954 116.715  -0.000 116.715   900754.2 492151.7 165942.0 25022.3  11601.7  6608.2  5651.8
   955  50.887   0.000  50.887   950049.9 577097.8 269374.4 28304.0  10950.2  5669.3  5670.0
   956 -72.751  -0.000 -72.751   960333.4 504646.3 178337.5 30331.8  10350.2  3467.3  5223.1
   957 105.394  -0.001 105.394   904607.5 459347.5 137235.5 23941.9  12790.0  3160.7  5968.5
   958 -146.887  -0.001 -146.888   952612.7 457603.9 160353.6 28191.0  10191.6  7294.2  5329.6
   959 -53.499  -0.001 -53.500   915354.3 451258.2 135355.5 31126.1  10201.0  3023.1  5209.5
   960  66.352   0.003  66.355   938423.5 482042.3 235736.7 29444.4   9777.3  9207.6  4899.1
   961 -50.722   0.002 -50.720   965595.9 491436.6 199263.0 28366.3   9620.6  6303.9  4853.1
   962 -21.594  -0.001 -21.595   944649.5 503436.3 90296.5 31938.1  10558.2  2594.4  5034.8
   963 -192.281  -0.001 -192.281   988975.3 444761.4 92544.0 24653.6   9653.9  4233.2  4930.2
   964 135.860  -0.001 135.859  1019082.5 530504.9 174689.8 31797.2  10174.9  7053.1  5186.2
   965  25.700  -0.000  25.700  1003021.9 556497.9 139418.0 27212.2   9643.9  3947.5  4744.3
   966 -105.211   0.001 -105.211  1013928.9 518903.6 130359.6 23410.0   9942.5  5012.9  4828.3
   967  56.987  -0.000  56.987  1042392.6 519681.2 176312.7 31483.4  10120.1  6489.7  5212.7
   968  22.171  -0.001  22.171  1119626.1 532087.2 228453.6 27468.2  11611.4  5724.5  5528.4
   969 -31.107  -0.000 -31.108  1106391.9 505886.5 157406.3 33606.7   9746.6  4064.3  4949.8
   970 -34.561   0.000 -34.561  1011103.4 371251.9 100315.3 25960.6  11724.9  4751.1  5230.5
   971 103.527  -0.001 103.526  1002419.4 519715.6 219670.7 30106.3  11611.6  7982.3  5473.6
   972 -11.077  -0.001 -11.077  1068687.5 434672.8 116417.1 30441.1  11562.2  3084.0  5530.7
   973 134.526  -0.001 134.525  1036901.9 377189.1 108389.9 29112.0  10662.3  5125.8  5107.5
   974 316.140  -0.001 316.139  1046835.7 554465.2 262084.7 30471.1  11875.8  6997.1  5631.1
   975 -74.631   0.001 -74.630  1005903.3 548110.8 167253.3 26614.7   9851.5  3597.2  4768.9

         Carbon flux (ktC/yr)        Water (dam3/yr)                Nitrogen (MgN/yr)
       ----------------------- -------------------------- --------------------------------
Spinup NEP     estab   NBP     transp     evap    interc  nuptake ndemand  nlosses ninflux
------ ------- ------- ------- ---------- ------- ------- ------- -------- ------- -------
   976 -95.466   0.000 -95.466  1027548.5 528776.0 207195.6 29234.3  11480.8  6304.3  5300.5
   977 -28.071   0.000 -28.071   987786.9 361998.0 112394.3 26203.2  11381.4  3581.4  5252.1
   978 118.042  -0.000 118.042   975792.4 514813.1 242137.8 30335.8  11668.1  6962.2  5585.3
   979  88.472  -0.001  88.472  1010953.1 496280.2 175748.5 25321.3  11518.3  5975.0  5464.7
   980  71.200   0.000  71.201   995622.6 489731.5 183579.7 28905.0  10933.4  3514.9  5538.5
   981 -94.169   0.001 -94.168   963925.2 558638.4 166227.6 27771.1  10256.5  4773.0  5005.4
   982 -130.652   0.000 -130.652   955231.1 560570.2 160668.8 27201.7  10413.0  5527.3  5042.1
   983  92.001  -0.000  92.000   861776.3 456417.2 158260.7 27315.9  11048.1  4157.1  5133.9
   984 -148.684  -0.000 -148.684   946564.5 439041.4 112758.9 22682.9  10704.8  3597.5  4996.6
   985 180.169  -0.001 180.168   982477.6 492059.7 170046.0 25327.1  11383.4  7507.8  5532.0
   986 -109.686   0.003 -109.683   954118.8 419678.8 165545.8 29938.9  10032.3  6507.7  5355.1
   987 -15.572  -0.000 -15.572  1066064.2 488318.2 145168.3 29711.2  11528.0  3419.2  5497.2
   988 -42.081  -0.001 -42.081   976120.0 473376.9 167359.3 22440.5  11503.9  6734.6  5322.5
   989  71.444  -0.001  71.444  1006127.0 526962.5 191975.8 32649.6   9981.5  4656.3  5294.3
   990 -129.260  -0.000 -129.261  1009453.2 498911.6 136213.7 25272.3  10132.6  4840.9  4989.9
   991 -97.221  -0.000 -97.221  1001694.6 506261.6 137561.4 28231.3   9694.0  5124.9  4943.9
   992  90.019   0.002  90.021   966760.3 420392.7 116501.4 30657.0  10045.3  2760.5  5050.6
   993  52.816  -0.001  52.815  1003141.8 521040.2 182331.0 27366.9  10862.3  6307.4  5285.7
   994  55.624  -0.001  55.623   987861.9 519735.4 218672.4 28034.4  11515.7  6113.1  5536.5
   995 -119.491  -0.000 -119.491  1067822.0 458397.5 143791.4 27365.6  10269.6  4952.6  5157.5
   996 169.146  -0.001 169.145   998544.1 510207.3 147168.6 29509.0  10402.9  3077.5  5195.4
   997 126.275  -0.000 126.275   995215.8 457485.1 131225.5 28458.4  11309.1  3536.6  5627.2
   998 -175.778   0.001 -175.777   987549.9 570946.6 157169.6 29175.9   9731.3  7635.8  4906.0
   999  -1.117  -0.000  -1.117   973645.2 563155.8 154481.9 27825.3  10307.7  4609.1  4887.9
  1000 -35.427  -0.000 -35.427  1063767.0 540073.9 254042.7 27054.2  11621.3  6559.2  5635.3

         Carbon flux (ktC/yr)        Water (dam3/yr)                Nitrogen (MgN/yr)
       ----------------------- -------------------------- --------------------------------
Spinup NEP     estab   NBP     transp     evap    interc  nuptake ndemand  nlosses ninflux
------ ------- ------- ------- ---------- ------- ------- ------- -------- ------- -------
  1001  71.447  -0.001  71.446   998998.3 627894.7 277011.0 29535.1  11805.4  6606.8  5939.4
  1002  50.256  -0.000  50.256   995882.6 368857.5 115079.8 27349.0  11092.4  3317.5  5275.0
  1003  87.238  -0.000  87.238   993619.3 360522.8 115468.5 29108.4  10996.7  4197.3  5283.4
  1004 147.407  -0.000 147.407   981996.7 507051.5 164637.6 27635.0  11162.8  3272.6  5340.3
  1005 -66.957   0.000 -66.957  1019988.6 605190.2 233250.8 26498.9  10221.7  8997.3  5219.8
  1006 -223.428   0.000 -223.427   970148.9 510894.8 150922.1 28795.5   9971.9  5190.8  5043.0
  1007   5.618  -0.000   5.618   931457.5 472591.0 192263.7 25253.4  11829.2  5820.3  5443.0
  1008 -87.102   0.000 -87.102   951455.9 447998.9 117853.7 29214.1   9421.7  3456.9  4976.7
  1009  40.873   0.001  40.874   970084.8 557740.8 168080.4 29826.3   9768.6  5297.5  4960.0
  1010 -66.920   0.000 -66.919  1032527.9 449053.0 161161.5 27140.2  10610.9  5733.7  5278.8
  1011 125.113  -0.000 125.113  1048725.5 528036.1 280415.1 31275.4  10964.8  6662.3  5574.6
  1012 135.737   0.000 135.737   956917.7 512586.8 261951.0 30613.1  11396.2  6738.8  5652.4
  1013   3.079   0.000   3.080   957056.4 481331.0 207520.4 23724.5  11555.5  5979.9  5386.1
  1014 123.924   0.000 123.925   942762.2 517721.4 269401.8 31921.0  11140.8  4975.3  5676.6
  1015  23.072   0.000  23.073  1011711.9 533778.6 302724.1 27612.5  11774.8  4945.8  5757.9
  1016  35.875   0.001  35.876   934703.6 358666.5 130927.3 28498.8  11006.6  3935.3  5435.6
  1017 186.547   0.002 186.549   941968.0 447987.3 152691.0 26646.3  12451.0  2692.9  5877.8
  1018 -122.039   0.002 -122.037   946627.8 485473.4 151797.7 23464.5  10691.1  6808.8  5280.3
  1019   4.679   0.002   4.681   909651.3 559818.9 189510.6 33740.0   8779.5  5059.4  4878.2
  1020 -245.155   0.002 -245.153   930254.9 513263.7 161501.9 25786.3  10562.1  5924.1  5179.5
  1021  31.721   0.001  31.722   901278.2 471040.3 204903.8 25068.0  11483.4  5736.9  5509.9
  1022   7.866   0.001   7.867   973544.5 509785.3 196965.9 32675.4   9734.1  3108.0  5135.9
  1023 184.225   0.000 184.226   912878.4 455980.4 152935.2 23753.0  12903.5  2934.1  5994.6
  1024  13.832  -0.000  13.832   958662.2 536752.7 304174.0 28107.8  11202.1  7548.8  5769.2
  1025   9.753   0.004   9.757   911912.1 471061.5 258274.8 28833.2   9697.4  6720.5  5009.1

         Carbon flux (ktC/yr)        Water (dam3/yr)                Nitrogen (MgN/yr)
       ----------------------- -------------------------- --------------------------------
Spinup NEP     estab   NBP     transp     evap    interc  nuptake ndemand  nlosses ninflux
------ ------- ------- ------- ---------- ------- ------- ------- -------- ------- -------
  1026 -130.971  -0.000 -130.972   953783.2 552915.1 241805.7 28406.1  11519.2  5140.6  5726.5
  1027  72.257  -0.001  72.256   919226.1 493990.5 166977.5 26282.2  11268.3  4295.4  5711.1
  1028  -1.815   0.003  -1.812   929825.6 478890.2 224330.6 27880.8   9359.3  6967.8  4899.1
  1029 -100.558  -0.000 -100.559   925976.5 582441.6 133027.4 28107.2   9583.0  4006.0  4854.3
  1030 -123.146   0.002 -123.145   970000.6 494572.1 194736.5 26538.4   9585.8  6935.5  4830.0
  1031 -87.209  -0.000 -87.209  1063985.5 506252.9 124853.3 30375.4  10604.6  3915.5  5432.7
  1032 -19.634  -0.001 -19.634   989265.5 477203.8 147914.6 23078.6  11063.5  6817.6  5261.8
  1033   8.414  -0.001   8.414  1076144.1 519490.9 143041.4 34533.4   9025.3  3226.0  4937.3
  1034 -27.955   0.001 -27.954  1020162.4 479347.6 192207.8 25636.5  10142.8  7281.4  4803.3
  1035  66.194  -0.002  66.192  1029360.6 472012.2 98584.1 27888.7  11680.5  2945.1  5570.7
  1036  58.369  -0.002  58.367  1033895.0 531218.0 121026.5 27292.0  10115.1  4335.7  5157.4
  1037 -12.657  -0.000 -12.657  1091379.1 608629.3 175968.7 27683.3   9396.4  8426.3  5046.6
  1038  41.382  -0.001  41.381  1036013.2 501920.0 140338.8 28167.2  10854.5  5697.9  5295.0
  1039 -43.534   0.000 -43.534  1034736.9 583901.1 220250.9 28925.0   9988.2  5356.7  5212.0
  1040  49.896  -0.000  49.895  1022066.1 527720.0 207236.0 29147.0  11484.2  5269.1  5486.6
  1041  36.149  -0.001  36.148  1058473.6 534497.0 185901.5 30074.0  10512.6  5114.2  5290.2
  1042  -3.284  -0.000  -3.284  1043137.6 473682.6 117765.5 21538.7  10892.1  3870.1  5065.8
  1043 -26.250   0.000 -26.249  1035999.9 581554.9 237809.1 32797.8   9526.3  6982.6  5187.6
  1044 -99.249   0.001 -99.248  1013730.8 509997.2 134201.1 23588.9  10409.4  3348.9  4915.4
  1045 -111.167  -0.000 -111.168  1028160.3 443941.8 97264.1 29598.1   9275.0  4473.4  4850.2
  1046 123.525  -0.001 123.524  1145286.2 498236.5 145767.6 31535.9  10889.0  4767.9  5296.7
  1047  39.172  -0.001  39.171  1100683.5 424375.8 111330.9 27822.7  11920.5  2759.8  5555.4
  1048  45.981   0.002  45.983  1079854.1 484158.3 209840.2 29710.2   9606.9 10093.2  4638.9
  1049  97.096  -0.001  97.095   950066.0 464976.2 128733.8 28352.3  10722.9  3804.6  4786.5
  1050 -46.487  -0.001 -46.488  1060220.1 474756.1 158398.8 20232.2  12089.1  6297.6  5086.7

         Carbon flux (ktC/yr)        Water (dam3/yr)                Nitrogen (MgN/yr)
       ----------------------- -------------------------- --------------------------------
Spinup NEP     estab   NBP     transp     evap    interc  nuptake ndemand  nlosses ninflux
------ ------- ------- ------- ---------- ------- ------- ------- -------- ------- -------
  1051 -44.583  -0.000 -44.583  1134924.6 606938.6 182760.5 26436.6   9813.9  5732.8  5008.8
  1052 -17.663   0.000 -17.663  1032724.9 528953.5 209375.1 30362.7  11292.6  5298.4  5415.4
  1053 -180.872  -0.000 -180.872  1062861.4 462866.8 111661.0 28305.7  10671.0  2751.4  5020.7
  1054  31.057  -0.001  31.057  1030468.9 378954.4 97819.8 28910.7  11024.2  4740.6  5137.1
  1055 164.512  -0.001 164.512  1042801.9 518639.3 219239.4 29739.1  11402.6  7514.4  5430.3
  1056  42.688  -0.000  42.688   938403.4 470007.7 147965.8 28581.8  10253.5  4107.0  4834.1
  1057 -124.024  -0.000 -124.024  1107807.0 449851.5 144226.6 24610.6  11410.4  4944.1  5153.6
  1058 -54.806   0.000 -54.806  1033974.7 556351.1 146669.9 30363.6   9624.0  6039.1  4769.5
  1059  14.996  -0.000  14.996  1020721.7 564012.1 145943.3 27544.6  10285.5  4670.1  4764.7
  1060  45.868  -0.000  45.867  1042082.3 499514.9 157327.6 25058.7  11872.5  5095.3  5499.9
  1061 -82.827   0.000 -82.826  1093839.9 450201.3 145257.3 27029.4  10460.1  5386.3  5123.3
  1062 109.239  -0.000 109.238   973088.7 479448.2 113520.0 33586.9  10822.7  2268.7  4912.2
  1063 -78.599   0.000 -78.598  1000502.7 473707.8 178179.4 21261.1  12070.4  8864.8  5265.0
  1064 105.935  -0.000 105.934  1007515.4 495555.1 161255.5 28157.0  11091.8  5309.3  5366.3
  1065  83.595  -0.000  83.595   992969.2 512856.4 204674.9 29729.5  10395.9  4455.3  5250.4
  1066  36.449  -0.000  36.449  1017778.4 581047.4 262126.9 27243.1  12096.0  5558.7  5557.1
  1067 -127.550   0.000 -127.550  1020860.5 444245.5 153623.7 26676.6  10957.2  4493.0  5268.3
  1068  18.076  -0.000  18.076  1029537.4 509870.8 173991.2 33482.2   9967.2  4271.1  4982.4
  1069 -98.347   0.000 -98.347  1018035.8 450424.1 155268.3 25405.8  11338.2  6172.1  5256.3
  1070 -55.863  -0.000 -55.864   952786.7 441386.7 113725.8 29590.4   9575.4  4513.0  4865.5
  1071 136.886  -0.001 136.885  1021997.2 428028.6 128665.5 31643.4  11598.6  3550.5  5519.0
  1072 129.301  -0.000 129.301  1011380.9 580638.4 273347.7 28121.4  10567.4  9703.8  5280.6
  1073 -46.609   0.000 -46.609  1070332.4 446923.8 166964.5 27334.6  10444.1  4917.2  5153.1
  1074 180.144  -0.000 180.144  1005181.8 511546.7 229060.2 32077.8  10671.7  6028.6  5227.9
  1075  -3.581   0.000  -3.581   971466.2 470401.9 204659.2 22126.1  12035.6  6169.2  5299.9

         Carbon flux (ktC/yr)        Water (dam3/yr)                Nitrogen (MgN/yr)
       ----------------------- -------------------------- --------------------------------
Spinup NEP     estab   NBP     transp     evap    interc  nuptake ndemand  nlosses ninflux
------ ------- ------- ------- ---------- ------- ------- ------- -------- ------- -------
  1076   0.255   0.003   0.258   958774.7 419478.2 133425.7 30787.1   9867.9  2657.4  5066.0
  1077 -133.280   0.000 -133.280   951932.6 480870.6 121884.5 21692.6  11222.2  4554.0  5210.7
  1078 -92.408   0.000 -92.408   924760.1 566468.7 151879.0 31825.7   9054.3  5068.5  4792.2
  1079 -12.350  -0.000 -12.351   843501.9 471687.2 146990.8 27423.1  11122.2  4435.2  5099.9
  1080 -61.767  -0.000 -61.768  1000353.9 512416.6 164806.3 27021.4  10812.4  3634.4  5114.5
  1081  60.862  -0.000  60.862   956948.1 516228.5 200738.8 25756.9  11353.2  6523.2  5426.0
  1082 -22.457   0.000 -22.457   995979.9 485612.2 166225.9 27855.1  11370.4  3762.3  5584.6
  1083 -103.682  -0.000 -103.682   976759.0 448227.9 150435.2 26690.3  10961.9  5752.3  5350.7
  1084 -19.334  -0.000 -19.335   982790.4 453666.9 151464.8 29617.2  10225.3  5893.7  5233.5
  1085 147.226   0.002 147.228   922937.3 416453.5 121304.0 31218.6   9585.4  3560.6  5045.2
  1086  25.610  -0.001  25.609   955274.8 639831.5 251095.4 27095.9  11665.8  8069.8  5871.0
  1087  25.162   0.002  25.164   949546.9 421582.9 113758.1 27825.6   9950.8  2602.6  5036.4
  1088   4.214  -0.000   4.213   948949.1 517591.5 130664.4 23803.3  10813.9  3101.7  5277.4
  1089 -30.515  -0.000 -30.516   957893.5 525612.5 179833.7 30707.3  10053.8  7382.7  5252.9
  1090 -42.289  -0.000 -42.289  1008856.3 596901.8 190286.3 22946.7  10701.7  6732.6  5223.9
  1091  -4.860  -0.000  -4.860   992545.3 589400.7 238026.6 30671.2  10772.6  6132.5  5512.8
  1092  92.916  -0.001  92.915   943262.0 518277.5 221371.4 27618.2  11659.4  5273.0  5654.4
  1093   8.020  -0.000   8.020   951676.7 381499.4 106305.2 27327.3  10669.7  3719.7  5321.3
  1094 -27.850   0.001 -27.849   954244.8 506654.1 142458.5 24455.9   9867.0  4007.7  4978.4
  1095 -31.365  -0.000 -31.365   956310.6 365671.0 98930.3 30119.1  10348.6  4783.1  5280.8
  1096  66.805  -0.001  66.804   977544.6 632145.5 250174.4 28589.0  12095.5  7345.6  5920.0
  1097  59.703  -0.001  59.703  1064035.5 534765.3 249445.2 26924.9  11275.6  4740.0  5584.5
  1098  11.923  -0.000  11.923  1023918.7 425847.2 122078.9 31057.4  11303.7  2549.7  5611.5
  1099  64.426  -0.001  64.425  1038790.1 431401.4 124799.1 31043.9  11648.6  3878.5  5567.5
  1100 320.310  -0.001 320.309  1033768.4 466062.5 140533.9 27949.6  11706.8  5547.4  5614.4

         Carbon flux (ktC/yr)        Water (dam3/yr)                Nitrogen (MgN/yr)
       ----------------------- -------------------------- --------------------------------
Spinup NEP     estab   NBP     transp     evap    interc  nuptake ndemand  nlosses ninflux
------ ------- ------- ------- ---------- ------- ------- ------- -------- ------- -------
  1101  42.437  -0.000  42.437  1054968.6 583463.7 290953.7 29570.9  10984.3  9665.9  5444.9
  1102   6.840   0.003   6.843   971451.9 410430.3 133879.3 27480.4  10693.4  2531.8  5127.6
  1103  24.506   0.000  24.506   967474.8 502905.1 158794.5 23362.5  11841.0  6420.4  5432.8
  1104 -90.402   0.000 -90.402   906346.3 485931.3 114994.1 30029.4  10699.5  1134.1  5068.4
  1105 -102.241   0.000 -102.240   942927.9 517234.4 190870.9 24526.6  11615.4  6544.6  5430.5
  1106 -124.512   0.000 -124.512   924269.3 581726.4 233558.6 25199.9  11113.8  6184.6  5457.8
  1107 -21.195  -0.000 -21.195  1009190.2 494401.1 155265.9 30161.1  10981.5  3620.2  5597.5
  1108 -80.229  -0.001 -80.230   940508.6 444944.3 104846.8 26070.2   9895.4  3954.9  5049.9
  1109 134.720  -0.001 134.719   959880.8 376329.6 106609.0 30330.6  10477.4  4973.1  5264.4
  1110  94.768  -0.000  94.767  1038023.8 591344.3 216851.8 24334.6  10331.8  8500.2  5206.7
  1111 -63.704   0.000 -63.703   969549.1 583737.6 257378.2 29274.7  10260.3  5845.5  5390.7
  1112 -48.482   0.000 -48.482   971543.1 579856.6 254022.9 27448.2  11085.0  5362.0  5466.4
  1113 -16.290  -0.001 -16.291  1021139.6 427966.2 124986.7 30346.2  11794.2  2224.8  5751.4
  1114 -50.326  -0.000 -50.326  1009005.6 510454.1 147702.6 28746.0   9706.2  7335.9  4953.1
  1115 149.213  -0.001 149.212  1062745.8 530741.1 274953.2 28794.6  11461.8  5728.8  5608.6
  1116 215.423  -0.000 215.423   989056.7 485192.8 184362.9 24044.1  11272.4  5926.7  5505.2
  1117 -185.957   0.000 -185.957   967620.3 494257.9 157102.6 30047.8   9271.1  4843.9  4956.8
  1118 -83.651   0.003 -83.648   940128.2 423932.2 165892.9 28386.3  11543.2  6120.8  5498.4
  1119  69.930  -0.001  69.929   934611.6 484444.5 107867.1 29923.4  11306.4  1300.1  5104.6
  1120 -189.078   0.002 -189.076   959223.2 506435.4 135564.4 20137.7  10260.1  4917.0  4986.4
  1121 -170.725   0.001 -170.724   952174.7 510324.4 122939.6 26156.6   9364.7  5597.9  4881.8
  1122  91.314  -0.001  91.314   975148.7 496742.7 132672.0 28225.7  10681.6  7766.5  5315.1
  1123 -139.899  -0.000 -139.899   988765.9 453982.3 105290.4 28841.1   9795.9  2056.4  5046.6
  1124  16.737  -0.001  16.736   997099.5 646070.4 231358.7 30725.9  11824.2  8879.5  5829.6
  1125 174.313  -0.001 174.312  1112313.1 489958.0 151306.6 29924.4  10790.2  3244.9  5387.0

         Carbon flux (ktC/yr)        Water (dam3/yr)                Nitrogen (MgN/yr)
       ----------------------- -------------------------- --------------------------------
Spinup NEP     estab   NBP     transp     evap    interc  nuptake ndemand  nlosses ninflux
------ ------- ------- ------- ---------- ------- ------- ------- -------- ------- -------
  1126 140.736  -0.000 140.736   900661.7 453357.8 147712.3 26185.0  10441.2  4312.6  4978.7
  1127 -10.689  -0.000 -10.690  1061218.3 597695.8 202956.4 22159.3  11167.5  7445.9  5229.8
  1128 -206.209   0.000 -206.209   999751.2 513310.6 134968.5 28635.0   9533.4  5141.6  4958.9
  1129   1.764  -0.000   1.763   966172.3 476020.5 173673.0 25853.6  11530.9  5796.5  5301.5
  1130 -46.360   0.002 -46.358   977942.1 432335.6 152584.3 30751.1  10381.8  5742.0  5318.3
  1131 125.801  -0.001 125.801  1116850.1 487887.9 141629.3 29879.8  11159.2  3326.2  5409.4
  1132  23.566  -0.000  23.565  1112724.7 527202.7 232532.8 26955.6  11315.4  6250.5  5579.8
  1133 -150.866   0.000 -150.866  1026521.4 499751.3 130087.7 26829.6   9594.4  5840.1  4888.3
  1134 100.729  -0.000 100.729  1010890.8 520556.0 188347.5 31586.1  10668.1  5421.5  5271.9
  1135 108.175  -0.001 108.174   991371.7 511460.7 144796.6 24971.6  11206.3  2565.1  5312.9
  1136 -92.109   0.002 -92.107   991065.4 426340.8 153142.2 30368.1  10221.2  8252.9  5248.5
  1137 -114.635  -0.000 -114.635  1039620.2 450316.4 107633.0 28064.0  10835.0  2123.3  5032.4
  1138 142.985  -0.000 142.984   916610.2 460930.8 135529.5 28718.1  10512.0  5544.5  4835.5
  1139  66.298  -0.001  66.297  1021132.5 520560.9 214259.0 24987.9  12290.4  6717.0  5491.5
  1140  76.034  -0.001  76.034  1062876.1 497724.8 154060.0 24535.2  10957.3  6160.6  5254.0
  1141 -168.331   0.000 -168.331  1032915.5 445475.1 121315.3 30970.2   9542.7  1868.5  4966.5
  1142 -153.405   0.000 -153.405  1038319.0 510637.8 129017.6 27607.8  10254.4  6985.8  4879.0
  1143 166.571  -0.000 166.570   998400.7 515155.8 142901.6 27457.2  10836.5  2881.8  5234.1
  1144  71.101  -0.000  71.101   984178.8 523840.5 230005.8 31030.3  10806.4  7870.8  5473.2
  1145  -3.671   0.002  -3.670   995352.7 428152.2 117637.5 29904.3  10073.5  3432.8  5029.4
  1146  23.427  -0.000  23.427  1027181.0 502633.1 148252.0 25321.6  11711.8  4600.0  5509.1
  1147 -55.878  -0.000 -55.878  1081398.3 510591.7 154763.3 31651.7  10078.5  4135.9  4948.2
  1148 -74.096   0.000 -74.096  1017196.0 579812.2 228160.2 24370.3  11639.8  8089.6  5326.9
  1149  75.663  -0.001  75.663  1013205.7 494439.3 150064.2 25690.0  11500.3  5656.2  5366.3
  1150 -82.562   0.002 -82.560   998630.4 422944.0 147241.2 29937.5  10196.7  6187.4  5172.9

         Carbon flux (ktC/yr)        Water (dam3/yr)                Nitrogen (MgN/yr)
       ----------------------- -------------------------- --------------------------------
Spinup NEP     estab   NBP     transp     evap    interc  nuptake ndemand  nlosses ninflux
------ ------- ------- ------- ---------- ------- ------- ------- -------- ------- -------
  1151  24.022  -0.001  24.021  1017052.1 363509.8 88625.2 28789.5  11194.2  3571.4  5127.7
  1152   6.521  -0.000   6.521  1056219.7 585506.8 212607.4 27631.6  10645.6  6983.6  5202.9
  1153  -3.098   0.001  -3.097  1036338.1 422116.1 101943.4 29225.7   9771.9  2700.1  4881.3
  1154 -208.787  -0.000 -208.787  1065170.4 504206.6 112922.4 24372.5   9733.6  6305.3  4819.5
  1155 -103.976   0.000 -103.976  1120711.1 459717.5 121939.7 30286.5  10040.9  5316.8  4983.6
  1156 116.529  -0.001 116.528  1072519.1 639229.2 223176.3 32229.8  11530.6  7667.0  5593.4
  1157 129.426  -0.000 129.425  1079023.0 562707.0 135191.0 27704.4   9592.3  3430.9  4579.3
  1158 -38.246  -0.000 -38.246  1108161.3 587287.1 224533.0 27162.4  10783.1  6790.0  5130.9
  1159 -125.751   0.000 -125.751  1077342.0 556707.1 136793.5 28760.6   9791.6  4344.5  4706.9
  1160  17.761  -0.001  17.760  1125886.2 429654.0 106897.6 29892.8  12235.7  2796.7  5436.5
  1161 260.013  -0.001 260.012  1121983.8 465646.4 119600.2 28522.4  11690.7  4743.8  5455.3
  1162 -86.372  -0.000 -86.373  1104728.3 447909.0 107042.6 27559.5   9362.8  6001.1  4695.6
  1163 -12.342   0.002 -12.341  1094571.7 426234.4 150539.3 30906.9  10640.7  8468.8  5061.1
  1164  98.804  -0.000  98.804  1056945.9 479006.4 98132.0 29942.9  11473.7  1395.4  4745.5
  1165 -108.541   0.000 -108.541  1192489.6 526597.7 229163.7 25578.1  12007.2  7318.8  5441.2
  1166  -1.502   0.000  -1.502  1123177.9 587328.4 230560.6 30305.8  11609.0  7480.9  5290.4
  1167 -22.921  -0.000 -22.921  1048034.9 361319.8 96420.6 27166.0  11678.9  3525.4  5102.9
  1168 -22.587  -0.000 -22.587  1134148.6 505140.9 151447.1 32337.3  10392.3  4227.6  4899.4
  1169 -30.131   0.000 -30.131  1137095.1 488697.1 146679.8 27367.3  11933.4  4787.6  5400.5
  1170   7.408  -0.000   7.408  1070160.8 581114.3 231527.0 27812.7  12048.3  8198.3  5436.0
  1171  79.407  -0.000  79.406  1029809.5 492367.6 150623.5 25633.7  12123.9  3856.5  5495.4
  1172 -47.188  -0.001 -47.188  1003894.0 438326.2 102538.5 26692.4   9585.1  3544.2  4725.9
  1173   7.509   0.002   7.511  1032542.6 428947.9 147628.9 30015.7  10577.4  8406.8  5108.3
  1174  43.222  -0.001  43.222  1058178.2 478005.1 157539.6 23882.8  11352.5  6028.5  5003.7
  1175   0.976  -0.000   0.976  1171931.6 497808.3 143966.4 32940.2  10339.8  3366.2  5199.2

         Carbon flux (ktC/yr)        Water (dam3/yr)                Nitrogen (MgN/yr)
       ----------------------- -------------------------- --------------------------------
Spinup NEP     estab   NBP     transp     evap    interc  nuptake ndemand  nlosses ninflux
------ ------- ------- ------- ---------- ------- ------- ------- -------- ------- -------
  1176 -14.356   0.000 -14.355  1126693.3 587809.3 185688.9 22893.8  11125.2  7345.3  5107.8
  1177 -67.348  -0.001 -67.349  1054886.9 643923.3 243222.8 30803.1  11641.0  6191.1  5707.5
  1178 -32.148  -0.000 -32.149  1064428.0 441734.0 103933.0 26407.2   9944.3  3024.4  4799.9
  1179 103.456  -0.001 103.455  1123822.3 426677.5 115053.4 31206.0  11482.5  2757.2  5403.1
  1180 119.862  -0.000 119.862  1036083.9 487557.8 114729.6 31761.5  10784.3  5454.6  4784.6
  1181 -37.432   0.001 -37.432  1091454.6 577640.6 249076.4 24559.6  11556.7  8048.9  5291.5
  1182 -182.021   0.001 -182.020  1043645.2 556410.3 147848.3 28270.7  10284.6  4678.8  4850.7
  1183  80.876  -0.000  80.876  1024435.9 523390.0 222370.8 28485.8  12267.7  6401.9  5511.0
  1184  53.088  -0.000  53.088   930889.8 468681.0 149675.1 29111.3  10455.1  3766.0  4905.3
  1185  78.244  -0.000  78.244  1049072.9 510223.9 198432.2 25088.6  12036.0  5073.4  5349.7
  1186 -136.743   0.000 -136.743  1096070.6 445519.8 149469.3 25835.7  10664.9  4832.5  5201.4
  1187 164.169  -0.000 164.168  1015146.5 452983.6 128998.8 29212.6  11890.6  2886.8  5645.4
  1188 -91.210   0.000 -91.209  1029292.4 591066.2 251110.5 28378.5  10820.3  8432.5  5352.7
  1189 -12.835   0.000 -12.835  1028383.7 578181.6 250372.9 27350.8  11056.4  5479.6  5404.1
  1190 -31.629  -0.000 -31.629  1001014.5 477460.3 181888.8 23582.7  11563.7  5575.5  5331.7
  1191 143.220  -0.000 143.220  1020208.1 493867.6 166741.0 27787.5  11073.3  4874.8  5473.7
  1192 -31.008   0.000 -31.008   992230.3 471745.6 130337.7 23847.0  10430.9  3669.5  5185.7
  1193  31.190   0.000  31.190   984400.6 517081.4 208166.6 34308.5  10196.0  5805.3  5330.7
  1194 -38.380  -0.000 -38.380   955153.8 472105.6 186619.7 22926.1  12137.9  5754.8  5441.3
  1195  -4.458   0.000  -4.458   954310.0 565238.8 163258.0 29134.7   9643.3  3416.7  4930.2
  1196 -84.823   0.002 -84.820   948068.8 425984.4 120093.5 27510.3  10550.5  3628.1  5247.5
  1197 -162.175   0.001 -162.174   950336.4 522086.7 128773.8 22207.6   9897.7  4313.5  4984.1
  1198  55.710  -0.000  55.710   965242.4 560526.9 211372.8 30347.4  11539.2  6904.3  5803.3
  1199 -46.081  -0.000 -46.081   958556.8 363297.9 93262.8 27411.9  10865.1  3631.2  5342.0
  1200  38.282  -0.001  38.281  1041021.9 593197.6 185421.1 24926.3  10349.5  7629.9  5214.7

         Carbon flux (ktC/yr)        Water (dam3/yr)                Nitrogen (MgN/yr)
       ----------------------- -------------------------- --------------------------------
Spinup NEP     estab   NBP     transp     evap    interc  nuptake ndemand  nlosses ninflux
------ ------- ------- ------- ---------- ------- ------- ------- -------- ------- -------
  1201 -34.413  -0.000 -34.413   965381.4 381353.8 98575.3 30592.4  10180.0  3800.3  5288.5
  1202  96.172  -0.001  96.171   945330.2 478526.5 108684.0 30820.5  11194.9  1508.2  5124.6
  1203 -34.582   0.000 -34.581   934983.3 477315.1 111691.6 27187.0  11552.6  1574.3  5240.6
  1204 -140.837   0.003 -140.834   972255.2 475913.0 207022.0 25610.1  10214.4 11178.7  4942.3
  1205 -90.239  -0.000 -90.240   970866.1 379624.9 84274.7 29733.5  11221.2  4305.8  5343.5
  1206 101.744  -0.001 101.743  1088790.6 489683.5 133867.7 30253.7  10902.2  4527.4  5497.8
  1207  52.758  -0.001  52.757  1096967.7 528906.3 220846.7 27586.2  11221.5  7321.5  5645.0
  1208 -32.106   0.001 -32.105  1004693.5 505321.3 128847.3 24899.9   9502.9  4545.3  4902.3
  1209 -82.191   0.000 -82.191  1014484.1 560765.6 128721.1 31373.1   9124.0  6796.0  4822.2
  1210  87.181  -0.001  87.181  1070171.7 593925.4 220543.7 30129.1  11633.0  7745.9  5457.3
  1211 -62.192  -0.001 -62.192  1031849.8 441907.6 98520.8 25919.3   9859.0  3388.5  4892.1
  1212 104.035  -0.001 104.034  1058525.1 483021.8 113519.5 24968.0  10351.6  5563.1  4971.8
  1213  32.605  -0.000  32.605  1114841.4 534882.9 244067.2 33776.0   9910.2  7068.6  5384.4
  1214  87.123   0.000  87.123   917585.2 454110.2 146333.3 28114.8  10602.0  4215.8  4894.3
  1215  12.596  -0.000  12.596  1018236.3 496529.1 158283.3 23436.5  12533.5  4264.9  5550.0
  1216  90.205  -0.000  90.205   993264.7 512628.3 146878.2 25404.1  10909.2  2860.2  5261.6
  1217 -72.826  -0.000 -72.826  1053627.5 533889.8 252728.3 30035.6  10893.5  7743.0  5552.1
  1218 -183.164   0.000 -183.163  1040203.2 444229.9 148668.0 28821.8  10700.4  5575.3  5223.7
  1219 205.210  -0.001 205.209   990108.5 488837.8 162791.0 27599.7  11545.1  6519.0  5406.8
  1220  45.628   0.002  45.630   965648.7 413662.2 120660.8 28945.9   9584.1  2554.1  4958.8
  1221 -102.244  -0.000 -102.244  1009557.7 423124.8 107781.1 27967.3  11903.4  2463.5  5587.5
  1222 -40.534  -0.000 -40.535  1076496.0 502089.4 147520.7 31755.6  11019.1  7147.3  5408.2
  1223 -97.066  -0.000 -97.067  1014864.7 496960.5 129332.7 24180.4  10100.7  7012.8  4968.0
  1224 -22.615   0.002 -22.614   986107.7 427376.0 147581.2 30454.8  10284.4  7278.7  5230.6
  1225  42.924  -0.001  42.924  1037865.0 477706.4 103754.8 23779.7  10895.7  4223.4  5027.8

         Carbon flux (ktC/yr)        Water (dam3/yr)                Nitrogen (MgN/yr)
       ----------------------- -------------------------- --------------------------------
Spinup NEP     estab   NBP     transp     evap    interc  nuptake ndemand  nlosses ninflux
------ ------- ------- ------- ---------- ------- ------- ------- -------- ------- -------
  1226  28.058  -0.000  28.058   977818.9 486850.1 100746.0 35214.1   9500.9  3181.2  4832.8
  1227 -195.600   0.000 -195.600  1079080.1 446566.6 133621.6 25504.1  10979.9  6496.9  5199.2
  1228  14.254  -0.000  14.254  1021761.4 583015.5 219062.2 30612.1  10560.0  7784.6  5223.3
  1229 -56.124  -0.000 -56.124  1022108.9 559460.2 136163.8 28693.1   9756.5  4655.0  4819.3
  1230 -30.055  -0.000 -30.055  1025597.1 561164.4 136632.1 28089.4   9908.0  5295.9  4831.7
  1231 102.388  -0.001 102.387  1061110.6 640850.7 246931.5 29137.6  12094.2  6992.5  5841.7
  1232 196.657  -0.000 196.657   948574.6 452458.6 148621.6 26932.9  10435.0  3109.0  4856.5
  1233 133.736  -0.000 133.735  1059732.7 491427.5 159217.5 21709.2  12287.2  5678.2  5397.3
  1234  77.027   0.000  77.027   921881.4 453240.2 152193.3 28283.1   9821.6  3237.5  4872.8
  1235 -135.567   0.000 -135.567  1092434.1 525018.1 243757.7 24984.3  12402.1  5597.9  5640.3
  1236 -139.744   0.001 -139.744  1001992.2 555958.3 146965.5 27907.8  10115.3  5198.2  4960.8
  1237 119.491  -0.001 119.490  1009114.8 493160.0 154708.1 25533.3  12065.2  6141.7  5489.1
  1238 -24.586   0.000 -24.586   993680.6 470927.3 177897.0 23631.7  10895.6  5720.5  5233.8
  1239 104.007  -0.000 104.007   977930.4 564458.6 248009.8 32208.8  11590.8  4639.8  5789.2
  1240 -21.410  -0.000 -21.410  1016080.8 420974.0 121900.5 27276.4  12253.3  1922.8  5733.0
  1241 -79.437  -0.000 -79.437  1039867.2 455302.2 152734.3 28298.2  10550.6  6912.2  5217.6
  1242   4.176  -0.000   4.176  1053728.6 449461.6 154880.4 29593.1  10150.0  5998.7  5120.0
  1243 122.784  -0.001 122.783  1065927.1 530560.3 270431.4 31250.8  10890.6  6747.1  5480.1
  1244 183.444  -0.000 183.444   961821.9 554299.3 278304.4 30021.8  12010.8  5664.7  5770.5
  1245   7.604  -0.000   7.604   961965.6 619806.9 302490.3 26257.2  12433.3  5364.2  6009.0
  1246  25.642  -0.000  25.641   963140.3 628277.8 308065.1 28034.5  12372.1  5223.2  5994.3
  1247  97.619  -0.000  97.619   971942.3 491824.1 195050.6 25811.1  11969.6  3034.8  5662.7
  1248  53.827   0.000  53.828  1024011.0 482896.0 193127.7 29373.2  11420.1  3631.9  5585.8
  1249 -33.716   0.000 -33.716  1001270.8 518615.4 292615.2 26877.1  12139.2  6292.8  5827.9
  1250 -112.025   0.002 -112.023   920686.4 502058.1 166145.2 23802.0  10328.1  4034.3  5111.7

         Carbon flux (ktC/yr)        Water (dam3/yr)                Nitrogen (MgN/yr)
       ----------------------- -------------------------- --------------------------------
Spinup NEP     estab   NBP     transp     evap    interc  nuptake ndemand  nlosses ninflux
------ ------- ------- ------- ---------- ------- ------- ------- -------- ------- -------
  1251 -108.647  -0.000 -108.647   917378.8 477554.0 183293.1 26232.3  11176.5  7534.6  5420.4
  1252  44.976  -0.000  44.976   914268.6 519083.1 157089.6 27969.9  10557.9  2733.5  5440.0
  1253  65.042  -0.000  65.042   904006.0 512617.8 162209.2 27033.7  10364.5  3341.3  5425.5
  1254 -210.300   0.001 -210.299   919574.7 507965.5 149001.3 28887.0   9359.6  6910.4  5046.6
  1255 104.745   0.000 104.745   921854.8 517477.8 213109.6 29398.2  11129.3  5486.1  5448.7
  1256 -98.878   0.000 -98.877   964919.5 448397.8 163134.3 25856.9  10603.6  4881.8  5347.7
  1257  92.295   0.001  92.296   922527.4 370027.0 120127.4 30496.2  10414.3  4360.5  5353.1
  1258 192.522   0.001 192.523   960402.3 514631.8 222387.2 30358.7  10674.0  6334.9  5342.4
  1259  -3.977   0.002  -3.975  1014761.3 504549.6 191659.2 30374.0  10060.0  3742.6  5044.9
  1260 -95.412   0.002 -95.410   944539.8 440381.6 124748.3 24740.9  10444.5  4325.4  4973.3
  1261  92.708   0.001  92.709   951296.2 635140.5 305567.3 31223.8  11995.2  8447.9  5976.3
  1262 -13.299   0.004 -13.295   960260.8 504513.2 168773.2 22607.7   9995.7  3319.6  4943.8
  1263 -103.224   0.004 -103.219   953914.7 423829.7 163478.6 31126.2  10222.7  7480.8  5308.5
  1264 -78.361   0.003 -78.358   974074.4 428470.2 141460.5 28482.3  10991.7  6139.6  5234.2
  1265 -85.503   0.001 -85.502  1040637.8 452625.1 102510.3 27727.5  10298.6  1960.7  4926.7
  1266 161.744  -0.001 161.744  1044892.0 572037.8 217537.1 30301.0  11370.9  7724.5  5495.6
  1267 -100.575  -0.001 -100.576  1025559.4 558164.4 137441.2 27330.6   9347.8  4451.4  4704.5
  1268 -34.231  -0.003 -34.234  1082741.9 606157.9 186057.6 25217.5  10631.9  7329.4  5048.3
  1269  57.242  -0.003  57.239   907590.9 464202.8 139038.1 29634.5  10062.2  3599.9  4844.3
  1270 -199.047  -0.002 -199.049  1024607.6 504088.8 127555.5 22761.8  10651.0  5493.8  4896.6
  1271  83.039  -0.001  83.038  1019410.7 633224.6 248308.8 31132.8  11491.8  6455.9  5755.9
  1272 169.522  -0.001 169.522  1057230.8 517323.1 197552.1 28894.2  10860.9  4585.5  5227.9
  1273 -113.439   0.000 -113.439  1050791.5 498287.1 140398.0 25831.4   9915.4  4825.9  4844.7
  1274 113.585  -0.001 113.584  1032049.3 632899.2 270893.7 30834.1  11959.9  6026.4  5786.7
  1275  82.856   0.000  82.856  1058995.7 576986.2 258844.7 27163.2  10985.8  5110.7  5253.7

         Carbon flux (ktC/yr)        Water (dam3/yr)                Nitrogen (MgN/yr)
       ----------------------- -------------------------- --------------------------------
Spinup NEP     estab   NBP     transp     evap    interc  nuptake ndemand  nlosses ninflux
------ ------- ------- ------- ---------- ------- ------- ------- -------- ------- -------
  1276 -102.839   0.000 -102.839  1108955.1 449382.9 155936.1 28222.6  10443.5  4363.7  5144.0
  1277 109.882  -0.000 109.882  1124019.7 484322.9 171486.8 33927.6  10912.0  4110.0  5324.7
  1278  -8.714  -0.000  -8.715  1031863.2 470614.7 131743.7 22144.0  11434.9  5062.6  5110.2
  1279  -3.293  -0.000  -3.293  1020854.0 478259.6 133331.4 27366.1   9818.2  5973.9  4956.5
  1280  -7.042   0.000  -7.041  1064581.8 512129.3 179790.0 38530.6   9039.7  4954.2  4847.6
  1281  -9.133  -0.000  -9.133  1055847.3 528957.5 269979.0 25813.1  12504.7  6916.1  5652.9
  1282 -97.540   0.000 -97.540   974412.6 558063.3 167330.4 29165.9   9821.5  5529.5  4893.2
  1283 -133.998  -0.000 -133.998   981165.5 454463.6 130884.5 28055.1  10981.8  3070.3  5137.5
  1284 -53.261   0.002 -53.258   971006.5 429434.1 163309.5 30080.2  10809.4  9379.3  5342.1
  1285 201.510  -0.001 201.509   903590.1 460327.4 140753.9 28854.0  10485.2  3801.5  4860.6
  1286 -69.123  -0.000 -69.123  1010087.2 560073.5 144230.1 25136.7  10307.0  4904.9  4817.0
  1287 -76.452   0.001 -76.451  1012347.7 509658.9 134860.9 23341.1  10023.0  4723.6  4844.4
  1288 -111.489   0.002 -111.488  1023836.0 424832.7 140063.2 31062.7  10147.0  8026.9  5148.2
  1289 143.758  -0.001 143.757  1054758.2 517924.4 119066.8 26997.9  11098.1  2611.1  5118.5
  1290 118.563  -0.001 118.562  1068150.2 499201.6 138890.3 24910.4  10399.6  6958.8  5111.4
  1291 -20.033   0.000 -20.033  1024663.2 518724.3 210558.6 32109.2  10033.2  5826.0  5266.8
  1292 -56.557  -0.000 -56.557  1061146.1 537021.0 178231.2 30291.0  11097.1  5234.7  5214.3
  1293 148.221  -0.001 148.220  1049912.4 491460.7 147480.7 23291.3  11489.0  5064.7  5261.7
  1294 -91.908   0.000 -91.907  1031107.6 556752.0 142386.8 29841.6   8902.1  4054.9  4689.0
  1295 -62.983  -0.000 -62.983  1075437.8 431279.0 108777.2 29911.8  12182.9  2882.0  5515.2
  1296  47.525  -0.001  47.525  1069878.6 584568.8 232545.4 28756.5  10684.3  8633.2  5229.5
  1297  47.723  -0.000  47.722  1087732.7 579429.7 239505.0 27881.0  10669.0  5784.3  5258.5
  1298 -122.501  -0.000 -122.501  1072067.7 440258.7 108459.6 27836.9   9580.3  3333.2  4826.1
  1299 205.215  -0.000 205.215   955620.4 454131.2 151782.4 29763.9  10550.7  4551.9  4781.3
  1300  53.584  -0.000  53.583  1075210.4 509188.9 202446.3 25269.5  11969.9  5678.8  5251.5

         Carbon flux (ktC/yr)        Water (dam3/yr)                Nitrogen (MgN/yr)
       ----------------------- -------------------------- --------------------------------
Spinup NEP     estab   NBP     transp     evap    interc  nuptake ndemand  nlosses ninflux
------ ------- ------- ------- ---------- ------- ------- ------- -------- ------- -------
  1301 -11.733   0.000 -11.733   988898.6 474731.2 117118.6 28430.8  11424.6  1263.5  4976.2
  1302 -129.649   0.000 -129.649  1076654.1 589901.1 207679.2 22657.1  11242.7  9099.3  5211.7
  1303 -189.228   0.003 -189.225   999947.0 430364.9 151701.3 30588.6  10851.2  6399.7  5292.2
  1304 -92.155  -0.001 -92.155  1041800.3 450216.5 106587.7 28404.7  10838.5  1969.3  5030.6
  1305 -63.250  -0.001 -63.250  1057893.2 462385.2 110190.7 29849.5  10261.6  3865.2  4983.8
  1306  62.580  -0.001  62.580  1127198.5 513042.2 154231.4 33557.1   9871.5  6156.7  4886.7
  1307  30.980  -0.000  30.980  1071955.3 578602.8 233734.3 25163.5  11400.4  8747.3  5259.6
  1308 -105.190   0.002 -105.188  1043373.3 426866.5 147577.2 29886.0  10657.6  6796.3  5171.7
  1309 170.738  -0.001 170.737  1097546.7 519867.9 173740.7 29652.2  11080.3  5045.7  5111.7
  1310  65.031   0.001  65.032  1070531.9 414654.9 103850.8 27611.6   9994.1  2523.6  4790.7
  1311  20.303  -0.000  20.303  1102667.4 521295.9 172059.6 28134.5  10577.5  6593.4  5083.4
  1312  16.239  -0.000  16.238  1084055.0 521553.9 204096.0 28423.7  11759.4  6406.4  5312.9
  1313 -37.841  -0.000 -37.841  1075684.6 380486.1 94765.1 28130.1  10831.7  3971.9  5019.9
  1314 144.970  -0.000 144.970  1090863.1 448107.9 114401.7 26835.3  11969.9  2453.1  5477.5
  1315  21.709  -0.001  21.709  1113312.8 500599.5 148438.1 26868.6  11032.0  8725.3  5172.3
  1316 -97.876   0.001 -97.875  1064173.7 556006.1 140920.5 30379.1   9130.0  4517.1  4652.8
  1317  51.116   0.000  51.117   941446.4 458373.9 137053.3 27967.7  11268.6  4355.8  4841.6
  1318 -40.600   0.001 -40.599  1032045.7 413526.3 105104.2 24979.6  11093.1  2546.7  4956.4
  1319  42.962  -0.000  42.961  1059143.6 496919.0 135364.9 22643.0  11274.0  7306.7  5205.4
  1320 -184.878   0.000 -184.878  1031186.7 558817.5 126117.5 29565.8   9120.2  4426.0  4728.6
  1321 -68.623  -0.001 -68.623  1095005.5 433751.3 96226.1 29842.5  12112.8  2950.1  5494.4
  1322  22.757   0.000  22.757  1068516.7 515085.6 121119.9 24629.2   9567.1  5744.5  4730.8
  1323 -83.176  -0.000 -83.176  1106349.6 449550.7 103798.0 30654.4   9614.0  3186.9  4903.7
  1324  -6.497  -0.000  -6.498  1100845.9 586120.1 210277.8 28647.8  10914.3 10063.9  5192.9
  1325 175.550  -0.001 175.550  1108374.7 458701.2 112037.3 26836.8  11782.8  2729.3  5527.3

         Carbon flux (ktC/yr)        Water (dam3/yr)                Nitrogen (MgN/yr)
       ----------------------- -------------------------- --------------------------------
Spinup NEP     estab   NBP     transp     evap    interc  nuptake ndemand  nlosses ninflux
------ ------- ------- ------- ---------- ------- ------- ------- -------- ------- -------
  1326 -60.665   0.000 -60.664  1086575.2 576819.9 137848.7 30035.7   9281.9  6051.1  4630.1
  1327 -41.371  -0.000 -41.371  1175587.4 540772.7 229021.8 27914.0  11756.1  6537.5  5488.7
  1328  57.563   0.000  57.564  1126812.7 584819.2 237527.7 30145.8  11402.3  6907.3  5354.7
  1329  14.429   0.001  14.430  1049014.7 413080.6 108478.7 28310.0  10740.7  2480.4  4924.6
  1330   5.102  -0.000   5.101  1077743.2 520570.5 171483.9 26757.2  11138.8  6365.5  5185.2
  1331 -139.614   0.001 -139.613  1057639.7 503882.3 121608.0 22432.4  10299.5  3865.3  4778.1
  1332  25.702  -0.000  25.701  1090023.5 494954.1 132444.8 29829.0  11011.7  5746.7  5340.0
  1333 122.478  -0.000 122.478   941583.9 462707.1 125686.2 28479.2  10438.7  4374.2  4769.9
  1334 -29.481  -0.001 -29.481  1067246.6 474058.4 154585.0 20505.2  12223.3  6825.9  5109.8
  1335  -5.577  -0.000  -5.577  1174606.3 539223.4 222569.9 29940.9  10655.2  4944.3  5430.7
  1336  -5.503   0.000  -5.503  1012549.5 477601.9 99069.0 30983.9  10977.7  1613.1  4900.6
  1337 -151.320   0.002 -151.317  1060244.4 473789.1 194223.0 25515.8  10372.3  8526.8  4779.5
  1338 -24.045  -0.000 -24.046  1048353.7 533612.4 180350.9 29470.4  11873.9  6111.4  5473.3
  1339  34.641  -0.001  34.641  1126184.6 590833.1 205924.6 30456.6  11012.1  6268.9  5338.8
  1340  -3.090  -0.000  -3.091  1101794.2 583538.0 208002.9 26788.1  10813.8  5655.4  5260.4
  1341 -111.189  -0.000 -111.189  1168030.4 453383.7 128405.5 27494.4  10182.8  4628.4  5077.1
  1342  86.940  -0.001  86.939  1184378.6 533965.7 222252.6 32422.9  10736.8  6687.3  5357.3
  1343  -4.996   0.000  -4.996  1069690.6 554214.9 136325.7 29269.3   9708.2  4381.6  4642.2
  1344 -122.279   0.001 -122.278  1071244.4 514472.6 126364.9 23569.4  10342.1  5007.8  4743.0
  1345 -90.189   0.001 -90.188  1082783.9 424151.4 132028.0 31076.5  10286.2  8100.0  5044.5
  1346  17.194  -0.000  17.194  1110827.8 501486.1 110826.6 25332.0  10271.6  3733.5  4664.1
  1347 -16.439  -0.000 -16.440  1219723.7 506409.9 131657.8 34303.7   9522.6  4878.0  4751.5
  1348 -44.406   0.000 -44.406  1191447.8 597293.0 161588.5 21996.4  11207.0  8626.2  4973.3
  1349  43.120  -0.000  43.120  1101148.9 572550.6 199661.6 31375.0  11584.0  5504.0  5447.9
  1350 -168.889   0.000 -168.888  1108319.2 447066.1 100550.1 26774.7  10790.8  1827.3  4914.0

         Carbon flux (ktC/yr)        Water (dam3/yr)                Nitrogen (MgN/yr)
       ----------------------- -------------------------- --------------------------------
Spinup NEP     estab   NBP     transp     evap    interc  nuptake ndemand  nlosses ninflux
------ ------- ------- ------- ---------- ------- ------- ------- -------- ------- -------
  1351 -85.543  -0.000 -85.544  1163030.7 459048.4 121512.0 28942.3  10745.5  6609.0  4953.5
  1352 195.497  -0.001 195.496  1118356.3 519245.1 168486.6 31602.3  10571.6  6499.9  5032.5
  1353  67.693  -0.001  67.693  1094639.8 364340.4 93694.0 25900.3  10906.0  3773.7  4953.6
  1354  34.567  -0.000  34.567  1094454.6 475283.4 162264.7 26025.6  10979.5  7698.5  4934.3
  1355 -42.031   0.002 -42.029  1118829.8 480257.7 198328.5 30344.1   9339.4  5716.8  4547.7
  1356 -142.631  -0.000 -142.631  1091471.1 566868.5 116126.5 28179.4  10370.8  4296.6  4687.0
  1357  22.592  -0.001  22.592  1178457.9 603780.3 163281.3 24379.6  10736.8  6932.8  5017.6
  1358 -140.616   0.001 -140.615  1099874.9 431672.2 129130.4 30301.7  10156.0  6334.7  5084.5
  1359 -11.735  -0.001 -11.736  1224750.6 445796.4 115765.1 27915.5  10660.8  4502.0  4968.4
  1360 203.267  -0.001 203.266  1155734.7 453421.6 102029.2 29079.9  11263.4  2818.2  5312.6
  1361 -96.886  -0.000 -96.886  1179608.1 594189.2 207393.3 28997.0  10491.6  8871.0  5077.8
  1362 150.531  -0.001 150.530  1173764.8 492159.3 137316.2 24514.0  11559.4  5244.5  5098.4
  1363 115.213   0.000 115.213  1136388.4 490380.2 141312.9 24305.4  10418.6  4948.0  4994.5
  1364 -63.255   0.000 -63.254  1078285.3 515771.3 204966.8 31442.2  10670.7  5242.7  5267.4
  1365 -15.698  -0.000 -15.698  1098139.9 468935.7 107230.1 26557.1  12526.6  2999.7  5531.6
  1366 -39.284  -0.000 -39.284  1177967.7 541858.7 220375.8 27628.5  11390.2  6061.5  5477.1
  1367 -40.862   0.000 -40.861  1052472.6 551841.0 134271.6 28080.0   9766.6  3895.3  4713.9
  1368 -100.397  -0.000 -100.397  1010840.9 496834.1 97763.4 30281.5  11373.6  4003.3  4928.8
  1369 -176.595   0.000 -176.595  1050296.3 440958.8 95681.4 24132.7  10450.8  3901.3  4908.8
  1370  32.259  -0.001  32.259  1101238.5 430872.2 102914.5 31366.4  11657.3  3464.5  5450.6
  1371 -31.541  -0.001 -31.542  1098206.9 510538.1 123847.0 27409.6   9665.6  8742.7  4739.7
  1372 193.888  -0.000 193.888  1092275.4 496577.6 151582.7 28281.8  11295.2  4691.1  5342.7
  1373  62.947   0.000  62.947  1059481.7 554435.2 145681.5 27475.7   9855.2  4007.9  4670.7
  1374  56.402  -0.000  56.402  1078602.5 468094.8 121994.9 25677.2  12316.0  4566.0  5542.7
  1375   3.532   0.000   3.532   951418.7 467516.5 147246.1 29136.2  10335.5  5743.4  4816.9

         Carbon flux (ktC/yr)        Water (dam3/yr)                Nitrogen (MgN/yr)
       ----------------------- -------------------------- --------------------------------
Spinup NEP     estab   NBP     transp     evap    interc  nuptake ndemand  nlosses ninflux
------ ------- ------- ------- ---------- ------- ------- ------- -------- ------- -------
  1376 -196.306   0.000 -196.306  1057782.4 450368.7 117688.2 24149.4  11869.1  2067.9  5100.6
  1377 -107.586  -0.000 -107.587  1040075.8 448624.1 103414.3 28083.1  10166.0  5860.5  4875.8
  1378  62.573   0.001  62.574  1053795.9 502247.1 135794.4 24653.3  10097.5  5432.3  4813.5
  1379 134.438  -0.000 134.438   948191.9 452224.6 138274.4 29546.3   9950.0  5768.1  4784.7
  1380 -198.294   0.000 -198.294  1063261.4 452784.0 111562.4 24786.8  11587.9  2159.2  5054.7
  1381  21.768   0.001  21.769  1033175.7 428292.5 104946.2 30378.1  10346.6  5317.9  4936.6
  1382 105.387  -0.000 105.387  1052685.1 458600.2 107659.8 24283.1  12023.9  3338.1  5542.9
  1383 -91.424  -0.001 -91.425  1111627.7 437045.8 102859.6 30586.9  11277.2  5261.4  5429.8
  1384 110.100  -0.001 110.100  1156371.7 610291.5 185435.4 25733.9  10550.4 10990.2  5055.7
  1385 -22.712   0.002 -22.710  1095184.2 480962.7 203568.0 29776.9   9323.1  6488.5  4661.7
  1386 -59.185  -0.001 -59.186  1137502.5 432152.9 95820.3 29876.2  12030.2  2369.9  5461.2
  1387  76.791  -0.001  76.790  1144500.6 584924.3 211094.5 28775.5  10656.1  8243.7  5151.3
  1388 154.407  -0.001 154.407  1128683.5 513547.1 131476.8 25500.5  10639.1  2705.6  5088.8
  1389 -32.169   0.002 -32.168  1094413.8 414943.9 106257.8 30565.6   9273.2  3696.6  4746.8
  1390 -104.217   0.000 -104.217  1136439.2 418598.6 97591.6 28535.6  12159.9  2638.4  5415.2
  1391 -44.311   0.001 -44.310  1124307.2 484988.0 184053.1 29200.6  10093.7 11171.5  4605.0
  1392  79.453  -0.001  79.452  1108557.9 524121.9 110505.8 27279.2  11077.9  3096.1  5100.5
  1393 -13.792   0.001 -13.791  1098096.8 418803.8 91686.7 29384.6   9408.2  3507.0  4732.6
  1394 -110.154  -0.000 -110.154  1197503.3 531417.4 193557.5 27248.1  11242.0  7518.4  5391.4
  1395  -9.298  -0.000  -9.298  1101343.4 523877.3 183132.1 29659.6  11241.9  6710.8  5311.7
  1396 -77.140  -0.000 -77.140  1116852.0 490502.0 94053.7 23303.1  10683.2  4745.3  4888.6
  1397 -33.157  -0.000 -33.157  1125817.4 583775.3 199334.9 32480.5   9501.3  6768.2  5065.3
  1398 -40.404  -0.000 -40.405  1113053.4 481275.7 96835.4 24263.2  10947.7  4160.0  4947.5
  1399  24.003   0.001  24.004  1090442.1 422355.0 95049.9 32606.1   9103.4  3606.3  4742.0
  1400  50.236  -0.000  50.236  1089408.4 458818.5 98104.5 24986.4  11930.0  2713.4  5477.2

         Carbon flux (ktC/yr)        Water (dam3/yr)                Nitrogen (MgN/yr)
       ----------------------- -------------------------- --------------------------------
Spinup NEP     estab   NBP     transp     evap    interc  nuptake ndemand  nlosses ninflux
------ ------- ------- ------- ---------- ------- ------- ------- -------- ------- -------
  1401   0.347  -0.000   0.346  1105884.3 577672.3 196587.0 29640.0  11740.3  8879.9  5550.3
  1402  21.280  -0.000  21.280  1100176.6 516200.6 163330.2 26878.5  10822.5  4883.0  5218.4
  1403  56.789  -0.000  56.789  1077719.7 514041.8 120882.1 24871.2  11280.5  2344.2  5170.9
  1404 -158.162  -0.000 -158.162  1075822.0 442744.2 92601.4 28249.2   9376.9  4618.7  4738.0
  1405 114.051  -0.000 114.050  1107458.9 497183.8 136512.2 27824.5  11588.9  5589.3  5323.7
  1406 -36.828   0.001 -36.827  1079522.1 509504.2 122590.6 21978.6   9955.1  4382.3  4706.6
  1407 -40.641   0.000 -40.640  1075265.3 553783.9 123606.8 30069.4   9284.3  5161.7  4630.9
  1408   2.260  -0.000   2.259   968674.0 468391.9 122735.1 27822.7  10981.5  5543.5  4772.0
  1409 116.855  -0.001 116.855  1090411.3 558248.8 206708.1 25198.4  12978.9  5710.6  5598.6
  1410  77.234   0.000  77.234  1076265.7 552383.2 215500.5 26044.3  11936.9  5100.7  5596.7
  1411 -202.431   0.000 -202.430  1128926.0 445256.5 129207.9 25995.6  10617.6  4599.6  5051.3
  1412 -35.710  -0.000 -35.710  1131198.7 510618.3 142198.8 34938.3  10104.4  4356.2  4833.8
  1413   3.845  -0.000   3.845  1155139.9 488210.2 138925.1 27044.5  11951.6  4840.9  5338.7
  1414 -26.605  -0.000 -26.605  1134102.9 527159.4 221913.0 27222.5  11712.7  7546.2  5480.5
  1415 -50.711   0.001 -50.710  1042797.0 501031.4 126838.9 24209.5  10001.3  4446.3  4768.3
  1416 139.013  -0.000 139.012  1068060.6 491321.8 137014.7 26367.0  10774.7  7506.5  5152.9
  1417 -105.585   0.001 -105.584  1039527.1 502992.0 123538.5 25083.5   9106.0  3776.0  4687.9
  1418 -55.180   0.000 -55.180  1033599.9 555519.8 121107.5 30652.7   9528.7  4988.4  4681.1
  1419 -136.402   0.000 -136.402  1045132.6 518399.5 113681.1 23567.7  10398.2  5238.8  4807.2
  1420 131.675  -0.000 131.674  1069646.3 557582.3 196088.0 29142.3  11458.8  6861.5  5557.2
  1421 -87.191   0.000 -87.191  1058649.6 474891.6 98104.9 21356.0  10610.4  4255.7  5015.1
  1422  -6.812   0.001  -6.811  1035869.2 425401.0 94190.9 34240.1   9016.1  3977.4  4772.7
  1423  10.649  -0.000  10.648  1064528.5 522511.8 153064.9 26880.7  10963.0  6451.0  5196.3
  1424 -30.211  -0.000 -30.211  1050604.6 557831.2 117273.1 26556.8   9869.6  3734.5  4710.3
  1425   4.577  -0.001   4.577  1066826.6 530130.4 116747.2 25727.1  10777.8  3975.2  5140.3

         Carbon flux (ktC/yr)        Water (dam3/yr)                Nitrogen (MgN/yr)
       ----------------------- -------------------------- --------------------------------
Spinup NEP     estab   NBP     transp     evap    interc  nuptake ndemand  nlosses ninflux
------ ------- ------- ------- ---------- ------- ------- ------- -------- ------- -------
  1426 -35.904  -0.000 -35.904  1152674.6 537499.5 209671.5 30540.9  10504.7  7183.7  5409.4
  1427 -52.113  -0.000 -52.113  1142309.8 529805.3 211345.9 28980.8  11311.5  6179.1  5492.0
  1428 -113.002  -0.000 -113.002  1125765.2 446475.9 126493.4 28845.1  10292.2  5407.7  5090.2
  1429 175.887  -0.001 175.887  1050679.7 512721.8 127989.1 28926.1  10421.2  3252.9  5102.3
  1430 -11.807   0.002 -11.805  1077321.7 478674.9 196210.0 30808.3   8942.2  8837.5  4594.1
  1431  12.715  -0.001  12.714  1097135.7 532608.4 158359.6 29717.5  11073.0  5436.6  5210.1
  1432  61.803  -0.001  61.802  1116002.3 631215.4 220632.0 27541.4  11950.1  5839.5  5694.3
  1433 104.478  -0.000 104.478  1169479.9 581082.8 225338.3 28320.4  11255.3  5560.6  5251.5
  1434 -163.445   0.000 -163.445  1113436.6 493421.3 122845.6 24992.1  10219.4  4760.6  4803.9
  1435 -125.463   0.000 -125.463  1089849.7 455709.8 108578.1 29571.4  10654.6  2202.4  4940.5
  1436 153.647  -0.001 153.646  1094780.9 497631.7 142315.8 27400.3  11899.9  7881.8  5208.5
  1437  23.453   0.000  23.453  1095982.6 578842.1 226515.2 27708.9  10404.6  5996.7  5158.5
  1438  38.188  -0.000  38.188  1083900.9 496253.8 148291.2 25953.4  11920.8  3469.2  5429.8
  1439   3.452   0.000   3.452  1040545.7 555769.8 140363.2 27008.1  10050.2  3629.6  4726.0
  1440 -112.116   0.002 -112.114  1071897.6 486931.6 199474.6 26117.2  10288.7  7365.8  4723.2
  1441 -36.335  -0.000 -36.335  1068762.3 502765.0 127020.5 26045.9  11987.7  3574.0  5436.5
  1442  -0.071  -0.000  -0.071  1041856.5 560147.1 121891.4 26905.7   9794.3  3644.2  4709.4
  1443  28.391  -0.001  28.390  1058250.9 534965.5 194829.3 26717.6  11623.4  6996.3  5420.5
  1444   8.742  -0.000   8.742   952340.9 470257.1 129268.4 28167.0  10208.1  3755.0  4805.7
  1445 -24.696  -0.000 -24.697  1101543.3 423129.9 100965.0 25140.6  12783.7  1674.8  5517.6
  1446 154.019  -0.001 154.018  1103625.4 498936.4 143035.5 25940.7  11197.6  8936.7  5214.7
  1447   8.082   0.000   8.082  1132073.3 584539.0 191017.1 24965.2   9695.4  7033.9  5045.2
  1448 -140.229   0.000 -140.229  1051279.1 583773.9 222212.0 28673.1  10559.0  5658.2  5287.8
  1449 -16.430   0.000 -16.430  1087553.0 583949.0 227145.2 28600.8  11768.6  5673.5  5490.3
  1450 123.246  -0.001 123.245  1028996.3 488515.4 148185.1 23139.5  11923.1  4928.0  5433.6

         Carbon flux (ktC/yr)        Water (dam3/yr)                Nitrogen (MgN/yr)
       ----------------------- -------------------------- --------------------------------
Spinup NEP     estab   NBP     transp     evap    interc  nuptake ndemand  nlosses ninflux
------ ------- ------- ------- ---------- ------- ------- ------- -------- ------- -------
  1451 -25.161   0.000 -25.160  1082564.9 584638.5 194785.4 24313.5  10084.8  5922.7  5169.9
  1452 -132.289  -0.000 -132.289   996083.4 486972.9 112605.3 26217.4  10673.0  4450.5  5172.6
  1453 -174.783   0.000 -174.783  1004356.7 507799.3 125562.1 28858.7   9405.7  5487.4  4942.0
  1454  62.739  -0.000  62.739   973256.4 376232.6 98680.3 29041.4  10894.5  3547.5  5289.5
  1455 180.159  -0.000 180.159   886288.1 453100.1 143716.7 27503.5  10615.1  4201.9  5029.7
  1456 -31.679  -0.000 -31.680  1039993.0 596269.5 199824.0 21293.2  11174.3  6985.6  5300.0
  1457 -68.603  -0.001 -68.603   984676.8 638888.2 259748.7 29942.3  11547.2  5988.9  5943.1
  1458 -43.977  -0.000 -43.978   999188.7 443670.9 109859.3 26013.3   9997.0  2993.9  4951.9
  1459 214.112  -0.001 214.111  1028825.9 520475.1 204733.4 30130.7  10828.6  5731.8  5323.3
  1460 -27.818   0.000 -27.817  1078087.1 500118.6 178787.6 29743.4  10306.1  3513.3  5037.1
  1461 -40.133   0.000 -40.133  1048763.1 524307.9 266317.1 24857.9  12468.6  6635.2  5716.3
  1462  45.364   0.000  45.364  1001192.8 581418.4 270204.6 29088.7  11861.7  6909.4  5575.7
  1463  60.640  -0.000  60.640   989994.6 578982.2 271755.7 27311.7  12280.7  5780.0  5641.5
  1464 -86.297   0.002 -86.295   937432.6 502832.8 152120.5 22580.3  10680.8  3436.5  5080.8
  1465  18.740  -0.000  18.739   954317.0 493926.7 157758.0 28063.8  11292.5  5224.9  5623.6
  1466  16.296  -0.000  16.296   997274.8 599167.9 206119.2 23559.1  10559.6  7424.8  5258.2
  1467 -51.360   0.000 -51.360   923293.9 571381.1 155064.3 29344.6   9354.5  4004.4  4880.7
  1468 -207.463  -0.000 -207.464   936297.0 453160.4 106882.7 25558.1  10196.4  4146.5  5042.5
  1469 145.378  -0.001 145.377   996964.4 585069.3 254934.9 29905.0  11369.3  6962.1  5535.9
  1470   9.895  -0.000   9.894   944148.6 472097.5 185260.3 22259.1  11643.3  5442.8  5394.6
  1471   1.279   0.000   1.279   940592.6 478010.8 186465.8 25146.8  10987.3  5131.3  5345.5
  1472 -101.548  -0.000 -101.548   938628.0 448862.0 113777.2 29366.4   9353.6  3195.8  4973.6
  1473  52.761   0.001  52.763   952600.4 507199.8 149425.3 24358.4  10182.5  3940.2  5014.3
  1474 103.977  -0.000 103.977   950462.6 451513.8 125723.7 27101.9  11504.5  3019.0  5759.0
  1475 -67.227   0.002 -67.225   945688.8 431209.6 115178.5 29288.1  10065.0  5121.3  5150.9

         Carbon flux (ktC/yr)        Water (dam3/yr)                Nitrogen (MgN/yr)
       ----------------------- -------------------------- --------------------------------
Spinup NEP     estab   NBP     transp     evap    interc  nuptake ndemand  nlosses ninflux
------ ------- ------- ------- ---------- ------- ------- ------- -------- ------- -------
  1476 -198.110  -0.000 -198.110   975587.5 505712.7 121328.6 23223.0  10091.6  6314.0  5046.8
  1477  46.068  -0.000  46.068   915024.3 486454.0 101512.1 32493.5  10648.9  1781.9  5108.5
  1478 -148.066   0.001 -148.065   942366.7 508444.9 126812.4 20329.4  10582.4  5321.8  5078.1
  1479 -97.972   0.001 -97.971   946293.8 512185.9 116128.4 25662.6   9528.4  5646.3  4959.5
  1480  22.067  -0.001  22.067  1023092.2 437834.7 92324.2 32232.1  10869.5  3677.4  5615.8
  1481 159.006  -0.001 159.005  1059025.8 588354.7 212796.0 30142.8  10958.1 10739.5  5423.0
  1482  -8.948  -0.001  -8.949  1084006.1 447628.3 131751.3 26418.3  10250.7  4868.2  5154.6
  1483 246.719  -0.001 246.718  1016814.3 561814.2 229758.5 31369.3  11291.1  6325.7  5597.4
  1484  30.075  -0.000  30.075  1013015.6 492114.2 155788.9 25536.2  11387.5  3689.1  5502.4
  1485  -5.256   0.000  -5.256   976511.2 558688.3 145475.7 27763.5   9839.4  3806.6  4742.6
  1486 -132.160  -0.000 -132.160  1000807.0 487596.5 116066.7 22775.0  11064.3  5825.6  5094.6
  1487  20.355  -0.001  20.354   994076.7 638492.3 257504.4 33727.8  10650.0  7244.1  5725.3
  1488 265.682  -0.001 265.681  1008894.8 558057.0 253078.9 27522.4  12394.9  4440.6  5738.9
  1489 -49.139   0.000 -49.139  1059420.2 500148.4 175862.8 30510.1   9940.6  3146.6  5002.8
  1490  11.442   0.000  11.442   948934.1 516045.6 236014.2 25108.3  12668.6  6921.4  5618.6
  1491  -5.472   0.000  -5.472   936938.0 523919.6 156553.3 26801.2  11066.9  3308.1  5324.9
  1492  42.406  -0.000  42.405   918167.7 523087.2 238603.0 30021.2  11234.5  6964.0  5600.1
  1493 100.234  -0.001 100.234   947285.6 470356.4 137550.9 26422.8  12052.9  3264.2  5815.6
  1494  40.503  -0.000  40.503   932420.4 521202.1 166331.9 27111.8  10553.5  4150.8  5386.1
  1495 -65.546   0.004 -65.542   944328.6 476962.9 235499.8 29264.6   9368.3  7697.2  4898.0
  1496   2.310  -0.001   2.309   947225.6 507259.7 144484.6 26729.0  11786.5  5575.9  5555.8
  1497 -167.462  -0.000 -167.462   959413.5 450109.3 115204.3 26766.3  10147.5  1897.3  5164.4
  1498 131.490  -0.001 131.489   946305.0 567946.0 236204.2 29694.4  11934.9  7094.3  5811.1
  1499 -71.034   0.003 -71.032   964934.6 472634.0 211868.3 25803.1   9609.6  5912.4  4885.1
  1500 -24.650  -0.001 -24.650   952383.2 534684.7 192180.6 28360.8  11527.5  5354.9  5577.5

         Carbon flux (ktC/yr)        Water (dam3/yr)                Nitrogen (MgN/yr)
       ----------------------- -------------------------- --------------------------------
Spinup NEP     estab   NBP     transp     evap    interc  nuptake ndemand  nlosses ninflux
------ ------- ------- ------- ---------- ------- ------- ------- -------- ------- -------
  1501 -174.386  -0.001 -174.386   990977.6 466396.1 105883.4 27988.2  10124.8  2814.4  5117.7
  1502 109.972  -0.001 109.971   979803.0 524480.0 132429.5 27282.9  10566.4  4028.7  5266.8
  1503 -52.394  -0.000 -52.394  1048753.1 514608.7 155304.3 33514.0   9234.2  5202.1  4970.2
  1504  14.346  -0.000  14.345   936186.8 483171.8 107380.7 27880.7  11762.3  2372.5  5162.9
  1505 -54.421   0.000 -54.420   916160.5 480025.0 107949.2 27163.8  11626.9  1846.9  5210.1
  1506 -242.036   0.000 -242.035   950821.3 501440.7 125394.7 23338.9  10548.2  9998.2  5105.1
  1507  10.022  -0.000  10.022   924172.0 480047.1 161013.7 26516.5  11288.8  7928.3  5306.6
  1508 234.052  -0.001 234.051   942931.2 568772.9 234270.6 31094.7  11388.7  5071.0  5775.5
  1509  27.374   0.000  27.374   929788.7 550636.4 152442.5 26321.7   9488.5  3552.6  4899.3
  1510  20.431  -0.000  20.430   934209.0 525931.6 147801.5 26038.6  10979.3  3968.3  5363.6
  1511 -143.598   0.000 -143.598   991540.6 453750.1 148370.3 28570.8   9846.3  6552.1  5209.5
  1512  44.698  -0.000  44.698  1007090.1 511403.5 168042.3 34465.7   9810.7  4825.4  5015.2
  1513 -31.392   0.002 -31.390   942186.1 423417.8 155950.9 25591.7  11584.9  8495.6  5435.2
  1514  19.593   0.002  19.595   997320.8 478968.2 191902.9 28191.5   9723.6  6288.3  4729.2
  1515 -61.078  -0.001 -61.079  1021145.4 659688.4 208792.8 29669.9  11502.1  6258.9  5657.5
  1516 130.094  -0.001 130.093  1066573.1 640614.2 226437.6 28327.5  11336.9  5341.1  5661.4
  1517 113.204  -0.000 113.204  1054244.7 372648.9 97680.5 26476.3  10546.8  3163.3  5060.7
  1518 176.774  -0.000 176.774  1050922.3 448896.6 119655.6 26589.9  11674.1  2521.7  5506.9
  1519 -87.434   0.000 -87.434  1096264.9 623847.3 195260.7 25806.4  10371.5  8979.5  5110.7
  1520 -107.893   0.000 -107.892  1023157.2 585704.2 229733.3 28433.3  10948.8  5696.1  5313.3
  1521  49.180  -0.000  49.179  1001028.7 515835.7 139360.1 26473.4  11211.3  2520.6  5331.1
  1522  81.418   0.000  81.418   888838.5 458732.0 144628.9 28729.3  10215.6  4685.6  4963.4
  1523 -82.563   0.000 -82.563   992767.4 578555.9 231307.7 23057.3  11907.4  6761.0  5425.5
  1524 -102.724   0.000 -102.724  1053652.4 512873.2 157104.7 30716.9  10168.2  3447.1  5085.2
  1525 -111.770   0.000 -111.769   964802.0 561639.8 140649.9 24814.6  10770.5  5752.0  5023.2

         Carbon flux (ktC/yr)        Water (dam3/yr)                Nitrogen (MgN/yr)
       ----------------------- -------------------------- --------------------------------
Spinup NEP     estab   NBP     transp     evap    interc  nuptake ndemand  nlosses ninflux
------ ------- ------- ------- ---------- ------- ------- ------- -------- ------- -------
  1526 -112.373  -0.001 -112.374   963058.9 450423.9 99092.5 27034.9  10157.5  4597.8  4954.1
  1527 110.222  -0.001 110.221  1000699.0 487433.2 114908.7 24667.2  10553.8  5685.9  5079.9
  1528 117.617  -0.000 117.617  1031286.7 585025.0 248808.1 32995.0   9887.0  8036.2  5329.1
  1529  24.141   0.000  24.141  1053922.9 485099.3 159970.7 29839.6  11130.5  3450.6  5500.3
  1530 -29.268   0.003 -29.265   989201.6 472296.4 213501.1 26372.5  10223.2  7059.4  4899.8
  1531 -131.672   0.000 -131.671   972165.5 520019.4 117178.4 23897.8  10204.9  3580.2  4943.1
  1532 -144.114  -0.000 -144.115  1013765.8 455331.7 99001.3 29525.9   9858.1  2809.9  5034.4
  1533  -0.216  -0.001  -0.217  1015601.5 590018.2 202068.4 27962.8  10718.5  8933.2  5254.7
  1534  71.189  -0.001  71.188  1118280.8 538967.5 216394.7 28222.7  11013.8  5458.7  5529.0
  1535  27.531  -0.000  27.530  1103714.4 530291.9 226262.6 29149.4  10717.3  6093.2  5511.0
  1536  56.914  -0.000  56.914  1017349.3 494208.1 148452.9 28403.5  11328.9  4640.1  5496.0
  1537  27.524  -0.000  27.524   991279.8 474748.3 165469.1 24054.3  11394.0  6914.8  5205.7
  1538 141.195  -0.000 141.195   895514.9 459719.0 143616.7 29669.7   9923.2  3220.5  4891.0
  1539  42.577  -0.001  42.576   983209.8 519585.9 220878.5 24950.1  12429.9  6125.1  5601.0
  1540 -68.441   0.003 -68.439  1020523.5 488001.6 212246.0 27348.3   9676.7  6218.2  4785.6
  1541 -201.410  -0.001 -201.411  1001621.8 447993.5 90889.1 27518.0  10119.9  3468.6  4943.8
  1542 126.534  -0.001 126.533   977713.0 491128.1 96126.5 31149.0  10778.9  2431.5  4914.8
  1543 -67.532  -0.000 -67.532  1070863.2 427653.1 105307.7 26947.1  11975.6  3009.7  5596.5
  1544 -45.149   0.001 -45.149  1021545.3 518310.7 126170.2 25232.3   9913.5  6838.4  4796.5
  1545 -36.114  -0.000 -36.114  1031023.1 560061.0 127022.8 30434.3   9297.9  7315.5  4740.9
  1546 149.863  -0.001 149.862  1038033.6 461182.5 109926.8 25419.0  12156.9  3154.0  5603.9
  1547 -164.803   0.000 -164.803  1057360.2 464368.0 110521.1 29187.4  10045.2  4607.9  5028.3
  1548   8.702   0.002   8.704  1049697.3 483329.8 197180.9 28993.1   9971.5  9119.0  4743.8
  1549  40.414  -0.001  40.413  1097254.1 596400.9 204419.1 30035.1  11550.1  6574.7  5391.3
  1550  25.454  -0.000  25.453  1121479.0 594268.9 171750.5 23066.9  10553.1  6087.9  5126.5

         Carbon flux (ktC/yr)        Water (dam3/yr)                Nitrogen (MgN/yr)
       ----------------------- -------------------------- --------------------------------
Spinup NEP     estab   NBP     transp     evap    interc  nuptake ndemand  nlosses ninflux
------ ------- ------- ------- ---------- ------- ------- ------- -------- ------- -------
  1551 -41.865  -0.000 -41.865  1122035.8 542417.3 217540.5 29336.8  10744.1  5091.2  5502.9
  1552   6.062  -0.000   6.062  1065996.6 589603.9 221667.0 30352.1  11288.2  6676.0  5436.4
  1553 -163.954  -0.000 -163.954  1027825.0 498185.3 120011.1 24424.9  10420.8  4975.3  4948.2
  1554  74.974  -0.001  74.973  1052692.8 434627.6 104749.8 31402.4  11357.2  2298.3  5526.0
  1555 188.598  -0.001 188.597  1031062.9 524296.0 136802.4 27685.0  10585.4  4929.0  5186.5
  1556  -6.360  -0.000  -6.360  1103227.5 511846.0 161701.6 33761.3   9327.2  5600.8  4898.8
  1557 102.435  -0.000 102.435  1024792.2 492061.6 156428.1 22278.3  12406.6  7780.8  5422.4
  1558 -10.770  -0.000 -10.770  1003396.7 624551.2 261334.3 29144.4  11504.0  5738.4  5783.1
  1559 126.707  -0.000 126.707  1007636.7 493057.2 160199.3 24578.1  12051.0  4713.2  5419.0
  1560 -94.444   0.002 -94.443   985783.0 503681.7 141572.6 23042.6   9756.4  3170.8  4871.6
  1561 -125.449   0.000 -125.449  1047233.8 509668.5 150920.0 33796.3   9771.2  4543.1  5011.4
  1562 -154.179   0.002 -154.177   965126.1 514419.5 125450.7 21078.1  11055.7  4741.8  4977.7
  1563  23.587  -0.000  23.587   960537.0 456827.3 105603.9 26174.9  11826.7  3338.8  5650.5
  1564  12.489  -0.000  12.489   873478.1 476711.3 128606.4 28859.4  10234.4  6527.3  4956.1
  1565 152.643  -0.001 152.642   977009.5 559982.3 217864.7 24977.0  12648.1  6081.8  5796.9
  1566 -124.403  -0.000 -124.404   977021.0 443576.9 99521.7 24574.0   9514.6  3436.9  4937.4
  1567  91.313  -0.001  91.312  1001796.1 638953.5 245098.1 30404.3  11711.0  7725.9  5782.9
  1568  91.130  -0.000  91.130  1077341.4 598035.9 203058.6 22912.2  10512.4  5680.7  5149.7
  1569 -46.767  -0.000 -46.768  1035359.9 432928.8 118429.5 30972.0  11224.7  2545.6  5585.5
  1570  61.253  -0.001  61.252  1021734.7 637882.7 269741.2 29905.4  12200.3  8939.5  5877.8
  1571  10.304  -0.000  10.304  1044323.4 448031.5 131874.8 26496.0  10781.6  1912.0  5077.9
  1572 -93.370   0.000 -93.370  1023017.1 508544.2 146155.1 27807.1  10124.2  6770.3  4943.9
  1573 -22.399   0.001 -22.398   981105.0 558019.5 159122.7 28191.0  10296.9  4817.6  4943.9
  1574 -51.879   0.000 -51.878   973748.8 560422.6 154388.7 27241.2  10373.6  5201.8  4987.1
  1575  -3.932  -0.000  -3.932  1045968.5 509918.9 168536.6 31033.5  10397.8  4084.2  5099.6

         Carbon flux (ktC/yr)        Water (dam3/yr)                Nitrogen (MgN/yr)
       ----------------------- -------------------------- --------------------------------
Spinup NEP     estab   NBP     transp     evap    interc  nuptake ndemand  nlosses ninflux
------ ------- ------- ------- ---------- ------- ------- ------- -------- ------- -------
  1576 -128.683   0.000 -128.682   983036.8 452689.4 125531.8 24649.8  11442.5  2904.4  5252.1
  1577  36.713  -0.000  36.713   995284.0 585402.7 256347.1 30445.0  11785.3  9885.3  5557.1
  1578  50.879  -0.000  50.878   960670.3 475079.3 128009.0 22411.7  11317.1  4222.5  5263.5
  1579  73.167  -0.000  73.167   998235.3 606258.7 221226.0 29179.6   9536.4  7514.4  5211.9
  1580   0.836  -0.000   0.836   990581.9 537295.5 265885.0 28870.3  11334.8  5088.6  5728.6
  1581 200.517  -0.000 200.516   908072.8 552339.3 272618.7 29201.8  12066.3  5337.5  5989.7
  1582 -22.429   0.000 -22.429   956538.2 587020.2 234815.6 23621.8  10652.9  5953.0  5448.1
  1583 -44.678   0.000 -44.678   938616.7 612730.2 233670.8 24928.5  10577.2  5793.4  5450.9
  1584 -67.886   0.000 -67.886   933250.5 516186.3 185462.6 32283.1   9908.0  3366.4  5253.9
  1585 -145.818   0.000 -145.817   877125.6 454041.7 136316.3 24392.4  11573.1  2888.1  5478.4
  1586  31.502  -0.001  31.502   917320.6 537735.1 274149.1 28840.6  11615.5  8123.8  5865.0
  1587 204.045  -0.000 204.045   794138.9 453465.4 173063.9 27690.4  10647.7  4292.4  5326.9
  1588  65.172  -0.000  65.171   850481.5 477015.1 138729.6 27095.9  11915.8  1454.7  5501.3
  1589 -93.377   0.000 -93.376   872716.0 474813.6 144047.9 19574.7  11294.0  6386.7  5574.3
  1590  43.072   0.000  43.072   902081.2 532162.7 287910.2 32929.8  10406.2  7491.3  5797.4
  1591  63.124   0.003  63.127   832042.6 416594.2 133619.5 28937.7  10402.8  3241.5  5443.8
  1592 -140.043   0.001 -140.041   837433.3 530958.1 137341.4 21852.5   9873.1  4595.0  5141.6
  1593 -115.088  -0.000 -115.089   872678.1 481381.1 160202.0 25570.1  10490.8  7907.0  5462.9
  1594  62.984  -0.001  62.983   890844.9 501501.8 151194.1 27964.1  10836.8  3508.9  5729.5
  1595 -19.707  -0.001 -19.708   877703.9 445562.1 104022.7 26040.1   9345.4  3629.2  5009.5
  1596 237.571  -0.001 237.570   938380.3 528029.7 199332.5 30297.1  10283.1  6555.6  5396.1
  1597  44.423  -0.001  44.422   970781.5 426880.2 126512.9 27557.9  11560.3  2242.2  5781.2
  1598 195.850  -0.001 195.849   962134.5 497993.6 177103.4 25636.8  11150.5  8538.8  5526.6
  1599  35.035   0.001  35.036   924496.7 547647.2 176438.2 29876.5   8879.5  3658.0  4837.1
  1600 -89.368   0.000 -89.368   974658.2 540095.6 274153.4 26587.7  12001.8  6033.4  5782.5

         Carbon flux (ktC/yr)        Water (dam3/yr)                Nitrogen (MgN/yr)
       ----------------------- -------------------------- --------------------------------
Spinup NEP     estab   NBP     transp     evap    interc  nuptake ndemand  nlosses ninflux
------ ------- ------- ------- ---------- ------- ------- ------- -------- ------- -------
  1601 -31.375  -0.000 -31.375   914502.0 477095.7 138872.1 23475.9  10982.4  4513.6  5348.1
  1602  41.109  -0.000  41.109   953020.2 533279.0 280555.3 32563.3  10657.0  6322.9  5712.5
  1603  74.627   0.000  74.627   859470.0 479026.5 136720.3 30044.2  11520.6  1646.8  5383.5
  1604 -123.419   0.004 -123.415   879524.4 474132.9 238985.3 24272.2  10292.5  8376.5  5122.1
  1605 -166.363  -0.000 -166.363   918138.8 626507.9 185013.2 24292.1  10603.2  6508.0  5412.1
  1606 -34.838  -0.001 -34.838   942439.1 545929.1 230959.4 28442.1  10760.8  5102.1  5767.1
  1607  84.934  -0.000  84.933   858454.6 484023.7 114596.9 30843.0  10576.5  1694.8  5344.2
  1608 -190.854  -0.000 -190.854   875129.0 447416.8 105698.0 24371.1  10012.8  5261.3  5193.3
  1609 -31.014   0.002 -31.012   878233.9 431910.0 150505.2 29664.7  10591.3  8971.0  5515.4
  1610 141.731  -0.001 141.730   944793.1 497597.7 140903.8 26492.2  11270.2  4131.1  5624.4
  1611  64.076  -0.001  64.075   937878.4 476986.4 164147.3 23086.4  10615.3  6904.7  5294.3
  1612  30.838  -0.000  30.838  1028570.2 501311.0 154550.2 32866.0   9954.5  3828.3  5460.0
  1613 -13.294  -0.000 -13.294   938716.1 472884.3 171831.8 23260.4  11746.1  6985.0  5428.6
  1614  39.666   0.000  39.666   936362.6 569811.8 150832.1 29511.4   9457.6  3747.0  4893.5
  1615  72.365  -0.001  72.364   932608.4 532560.6 226263.8 26876.4  11806.7  6359.2  5710.5
  1616   1.341  -0.000   1.341  1011029.1 541656.4 257474.3 27022.2  11219.7  5196.5  5728.5
  1617  94.072  -0.000  94.071   919690.9 517984.4 239161.0 29811.6  11305.5  6302.7  5724.2
  1618  77.314  -0.000  77.314   935430.0 499475.4 175932.9 25564.1  11806.7  3875.7  5788.6
  1619 133.800  -0.000 133.800   933123.7 514447.5 215897.4 28315.2  10953.7  5442.0  5469.1
  1620 161.030  -0.000 161.030   908949.3 551496.1 279262.2 25967.7  12520.6  5084.9  6010.7
  1621 -62.983   0.003 -62.980   882372.7 412599.7 131335.4 26138.6  10331.9  2656.2  5300.3
  1622 -123.211  -0.000 -123.211   896623.3 640569.4 251657.1 26100.3  12275.5  7199.0  6019.2
  1623 -176.019  -0.000 -176.020   901257.9 448266.9 104792.3 25476.5  10038.7  3512.8  5067.8
  1624 115.413  -0.001 115.413   956758.7 589535.9 249072.9 29994.6  11300.0  7537.1  5577.3
  1625 -28.932   0.003 -28.929   934383.4 475677.5 218334.4 25825.2   9895.3  6182.2  4924.5

         Carbon flux (ktC/yr)        Water (dam3/yr)                Nitrogen (MgN/yr)
       ----------------------- -------------------------- --------------------------------
Spinup NEP     estab   NBP     transp     evap    interc  nuptake ndemand  nlosses ninflux
------ ------- ------- ------- ---------- ------- ------- ------- -------- ------- -------
  1626   1.334  -0.000   1.334   833454.5 470959.2 128741.2 27416.0  10708.6  3490.3  5082.3
  1627 -38.841  -0.001 -38.842   982300.3 430326.3 103404.8 24854.2  12409.8  2180.5  5696.8
  1628  21.969  -0.001  21.968  1014691.4 439408.2 108634.5 30512.1  10920.8  4525.2  5563.1
  1629 146.935  -0.001 146.934  1072102.5 542142.8 243993.2 28189.9  11004.7  9698.1  5506.8
  1630 -120.373   0.000 -120.373   986783.7 500266.2 138840.6 26214.6   9411.0  6481.8  4909.9
  1631  -2.808   0.000  -2.807   933441.8 561185.4 153439.0 29707.3   9556.7  4309.5  4818.1
  1632  51.211  -0.001  51.210   945956.6 572862.3 246874.8 28163.9  12380.3  6819.0  5818.2
  1633 -41.541   0.000 -41.541   923824.2 550878.3 158406.4 26121.2   9660.9  3654.7  4880.9
  1634 -75.913  -0.000 -75.913   899303.8 500360.3 117482.1 30524.4  11443.3  4153.6  5171.3
  1635 -165.236   0.001 -165.236   910150.3 560401.4 151743.2 24851.3  10375.5  6069.7  5123.5
  1636 125.125  -0.001 125.125   917981.7 496056.8 157122.5 26140.6  11913.0  6836.0  5603.6
  1637  47.680   0.002  47.682   907902.9 418944.6 116519.1 27853.9   9719.1  2735.0  5136.1
  1638 -163.848   0.001 -163.847   906097.2 527694.8 123175.2 22814.3   9772.5  4871.4  5003.3
  1639  22.321  -0.000  22.321   840357.2 462847.3 123148.1 28684.4  10108.6  5678.7  5089.8
  1640 -143.575  -0.001 -143.576   923382.6 449235.2 89469.2 23286.0  10291.6  4267.3  4993.8
  1641 -21.898  -0.001 -21.899  1025279.3 465870.5 126726.9 28384.5   9929.7  7382.3  5197.4
  1642 -80.361  -0.000 -80.362   985092.3 509573.5 121397.4 27552.4   9175.0  7116.6  4901.3
  1643 147.135  -0.001 147.134   973512.0 524927.8 181341.9 30875.4  10325.1  6192.1  5264.9
  1644  96.516  -0.001  96.516   926146.0 480086.3 108637.8 28287.5  11216.8  1304.4  5123.0
  1645 -47.996   0.000 -47.996   948539.2 365828.5 102670.4 24525.8  11196.7  5664.1  5362.0
  1646 -54.529   0.000 -54.529  1005257.4 508196.8 159321.1 32366.2  10096.6  5833.6  5087.9
  1647  26.165   0.000  26.165   904802.5 484414.3 111080.6 28276.4  11929.5  2626.3  5250.5
  1648 -57.207   0.002 -57.205   902110.5 421888.5 111149.5 25528.4  10769.2  5192.2  5217.9
  1649 -19.938  -0.000 -19.938   923805.4 527127.3 167971.7 26683.4  10828.8  9393.3  5330.5
  1650 -40.180  -0.001 -40.181   925900.8 479211.9 155367.1 23649.5  11377.7  7603.9  5345.4

         Carbon flux (ktC/yr)        Water (dam3/yr)                Nitrogen (MgN/yr)
       ----------------------- -------------------------- --------------------------------
Spinup NEP     estab   NBP     transp     evap    interc  nuptake ndemand  nlosses ninflux
------ ------- ------- ------- ---------- ------- ------- ------- -------- ------- -------
  1651 -91.412  -0.000 -91.413   959600.0 517268.9 122506.3 26875.9   9185.3  5441.2  4981.6
  1652  78.374  -0.001  78.373   950778.1 486369.9 112747.5 25113.9  10097.0  4768.3  5169.6
  1653 -29.892   0.002 -29.890   941097.6 429049.6 145543.2 33236.8   9509.0  8153.9  5278.7
  1654 207.337  -0.001 207.336   977380.6 565792.7 209100.6 28212.2  12115.7  5492.9  5726.2
  1655  38.401  -0.000  38.401   960879.8 519195.4 208382.8 26886.0  10960.4  6015.2  5541.8
  1656 -163.064  -0.000 -163.064   968855.6 455859.6 100061.1 26386.9   9614.1  4259.1  4899.6
  1657 186.111  -0.001 186.110   980074.9 465259.6 119114.2 27001.6  11669.5  3155.9  5594.8
  1658 -130.355   0.001 -130.353   973895.4 521936.4 136207.8 23736.5   9514.8  6275.7  4857.1
  1659 111.632  -0.000 111.632   972058.9 559291.3 222437.6 30185.3  11439.8  7426.4  5696.1
  1660 -111.088   0.000 -111.087  1029827.9 507832.2 152359.9 30062.6  10174.4  3880.6  5043.6
  1661 -94.232  -0.000 -94.232   959022.2 481704.6 111173.1 21084.5  11714.5  5809.2  5215.8
  1662  -1.356  -0.000  -1.356  1010959.5 540987.5 231750.4 31461.3  10533.6  7657.9  5532.6
  1663  29.645  -0.001  29.645   947050.8 635570.1 248315.4 28237.5  11982.3  7286.2  5899.9
  1664 125.806  -0.001 125.806   943734.8 524977.2 226252.7 27721.6  11413.2  5789.6  5586.7
  1665 -177.461   0.000 -177.461   969710.3 515981.4 139244.4 25021.4   9684.8  5623.5  4998.2
  1666 -32.602  -0.000 -32.603   937593.8 447487.2 109457.6 28941.8   9527.3  3764.6  4950.2
  1667  -6.537   0.002  -6.535   943504.8 428636.1 155102.0 28965.7  10851.4  8271.8  5336.9
  1668  55.158  -0.000  55.157   977224.4 557733.6 135206.4 27160.6   9799.0  4006.9  4787.3
  1669 -94.948  -0.001 -94.949  1044142.0 438152.0 107094.3 28390.3  11575.1  3734.6  5532.7
  1670 -24.226  -0.000 -24.226  1082069.2 457595.8 138954.2 27393.1  10167.2  7657.0  5105.4
  1671  94.933  -0.000  94.932  1004717.5 478514.0 171839.5 26882.1  10858.5  8626.5  5103.3
  1672 174.740  -0.000 174.740  1002492.8 567740.4 245116.0 31175.3  11554.8  5336.8  5634.5
  1673 132.183  -0.000 132.183   970661.6 553960.7 252937.3 25763.2  12310.5  5044.5  5752.8
  1674 -88.036   0.000 -88.035  1005574.5 588684.1 213799.8 23115.0  10650.1  6433.0  5223.4
  1675 -87.305   0.000 -87.305   928176.5 380635.8 107182.2 28187.7  11046.2  3887.5  5334.2

         Carbon flux (ktC/yr)        Water (dam3/yr)                Nitrogen (MgN/yr)
       ----------------------- -------------------------- --------------------------------
Spinup NEP     estab   NBP     transp     evap    interc  nuptake ndemand  nlosses ninflux
------ ------- ------- ------- ---------- ------- ------- ------- -------- ------- -------
  1676 144.295  -0.000 144.294   935465.0 489836.6 162405.6 24940.3  11811.3  6339.8  5541.0
  1677 -34.785   0.000 -34.785   990321.4 485720.9 167891.0 29319.3  10690.9  3564.5  5556.6
  1678   8.064   0.000   8.064   898736.8 509555.1 151196.6 23953.4  11597.1  3187.7  5542.7
  1679 -22.205  -0.001 -22.206   898642.7 634864.4 272526.6 28383.8  11656.6  8914.9  6054.8
  1680  32.274  -0.001  32.273   960945.0 430437.3 126717.8 28246.1  11921.9  2498.6  5802.5
  1681  61.086  -0.001  61.085   922926.7 481450.8 191455.9 24072.1  11289.3  9162.0  5407.4
  1682  34.676   0.003  34.679   916258.9 423492.8 128012.7 29573.9   9623.8  3100.0  5158.9
  1683 -100.697  -0.000 -100.698   982703.3 533783.7 240970.9 26072.9  11344.4  6838.5  5697.5
  1684   6.710  -0.000   6.709   906971.5 520899.8 222881.7 28530.8  11369.1  7073.4  5677.5
  1685 -106.424   0.000 -106.424   908589.5 578084.1 153996.9 27810.7   9706.0  4767.6  4934.8
  1686 -10.852  -0.000 -10.853   912325.6 526102.9 148746.3 25087.2  11052.6  3995.6  5454.0
  1687  21.406  -0.000  21.406   882974.1 484087.6 120547.3 31480.4  10404.9  2519.0  5220.7
  1688  47.628  -0.000  47.628   894266.5 490335.3 165215.9 22179.5  12156.8  9015.4  5758.3
  1689 -41.357   0.000 -41.357   949351.1 527843.1 258232.0 27917.7  11013.2  6111.2  5739.7
  1690  48.181  -0.001  48.180   891083.4 629805.9 274133.6 28206.9  12097.3  7178.4  6134.7
  1691  39.237  -0.000  39.237   948442.0 600129.5 227407.8 23071.3  10529.9  6221.0  5398.3
  1692 -13.884  -0.000 -13.884   883564.4 379748.6 115967.2 29019.1  10517.3  4075.7  5527.0
  1693  61.194  -0.001  61.193   951642.9 525768.3 275984.3 27618.6  11643.4  6605.3  5841.0
  1694  94.041  -0.000  94.041   925286.7 583505.5 286597.9 28256.2  11437.1  7518.1  5766.6
  1695  69.131  -0.000  69.131   881040.4 489495.7 190498.0 24940.3  12071.1  4124.2  5925.9
  1696 122.138  -0.000 122.138   856928.6 509657.9 176268.8 24978.0  11119.1  3229.7  5562.0
  1697 -16.877   0.000 -16.877   918262.5 486353.7 194326.6 30172.1  10743.5  5696.3  5727.2
  1698 129.716  -0.000 129.716   839149.4 548800.1 292137.5 25986.1  12867.4  7297.3  6248.8
  1699 -93.583   0.005 -93.578   857595.6 471455.0 248735.1 24888.7   9922.3  6629.6  5108.8
  1700 -107.104  -0.001 -107.104   832223.0 537859.8 209050.8 26833.5  11617.1  5911.1  5815.2

         Carbon flux (ktC/yr)        Water (dam3/yr)                Nitrogen (MgN/yr)
       ----------------------- -------------------------- --------------------------------
Spinup NEP     estab   NBP     transp     evap    interc  nuptake ndemand  nlosses ninflux
------ ------- ------- ------- ---------- ------- ------- ------- -------- ------- -------
  1701 -97.556  -0.001 -97.557   906233.1 442731.3 114375.8 28264.6  11282.2  3146.1  5847.4
  1702  70.398  -0.001  70.397   890796.4 382193.9 108002.4 27398.1  10330.9  5661.4  5430.9
  1703  87.734  -0.000  87.734   952964.1 592876.6 222020.7 25086.8   9983.7  9050.8  5309.0
  1704 -180.860  -0.000 -180.860   885458.2 451589.9 115348.6 27406.5   9425.9  4383.8  5085.1
  1705  59.919  -0.001  59.918   913720.1 485840.6 134943.6 24221.0  10809.6  5643.8  5297.8
  1706 110.095  -0.000 110.095   900565.8 495600.9 184200.6 29748.3  10524.9  5487.0  5700.8
  1707 -79.827   0.000 -79.827   932404.8 451442.9 163742.9 27161.0  10807.5  5940.3  5402.9
  1708 -85.663   0.000 -85.663   904861.5 506549.0 154403.5 27583.9   9971.8  6735.3  5130.3
  1709  32.155   0.001  32.155   866749.1 559519.2 172493.9 27553.6   9886.1  4459.2  4986.1
  1710 -219.704   0.001 -219.704   896544.3 516729.6 150322.8 25280.4  10237.3  6889.5  5167.1
  1711 109.688   0.000 109.688   878165.0 496354.8 180611.7 26242.5  11701.6  4254.6  5803.7
  1712  92.202  -0.000  92.202   924375.9 597156.7 237405.4 23415.3  10513.9  7825.8  5387.5
  1713  21.131  -0.000  21.131   918641.1 536861.4 287833.9 27881.8  11069.4  5578.6  5810.3
  1714 -71.845   0.002 -71.843   856168.5 507357.3 163710.3 24350.1   9993.2  4371.3  5237.9
  1715 -164.022  -0.000 -164.022   905382.1 449167.6 150227.9 28419.0  10281.6  7026.4  5435.1
  1716  41.802  -0.001  41.801   852913.2 563286.7 159790.8 29396.0   9390.2  5302.6  4966.7
  1717 -65.332  -0.001 -65.333   870822.7 588484.8 249593.4 25204.9  10893.4  8011.4  5549.5
  1718 -36.240   0.003 -36.237   899602.6 483237.3 221236.7 27091.8   9434.4  6711.2  5010.6
  1719 -178.908   0.001 -178.907   887124.5 434989.3 132589.2 27543.5  10786.2  6859.0  5498.2
  1720 -14.278  -0.000 -14.279   933310.4 517780.0 108586.8 23440.0   9562.1  3875.4  4925.6
  1721   5.469  -0.000   5.468  1048840.6 495199.7 123236.8 30533.8   9832.5  5228.2  5383.2
  1722   6.498  -0.000   6.498  1045104.1 492384.5 127287.5 27441.1  11020.9  5061.0  5497.7
  1723 141.786  -0.001 141.785   963851.4 495860.6 133611.4 22997.7  11250.7  7703.7  5417.0
  1724  57.668  -0.000  57.668   959003.1 522167.1 202163.2 29004.0  10371.5  6463.8  5492.3
  1725 -20.962  -0.000 -20.962   981546.9 539140.1 175148.4 28825.8  10762.4  5858.8  5389.9

         Carbon flux (ktC/yr)        Water (dam3/yr)                Nitrogen (MgN/yr)
       ----------------------- -------------------------- --------------------------------
Spinup NEP     estab   NBP     transp     evap    interc  nuptake ndemand  nlosses ninflux
------ ------- ------- ------- ---------- ------- ------- ------- -------- ------- -------
  1726  77.052  -0.001  77.051   955691.9 523010.9 209416.0 26882.4  11520.1  6093.6  5624.5
  1727 -124.742  -0.000 -124.742  1020937.0 462538.3 138050.0 25914.5  10280.8  5236.6  5255.1
  1728 178.034  -0.001 178.034   965295.3 491515.4 153200.5 26742.4  10994.8  6653.4  5416.3
  1729 131.522  -0.000 131.521   944606.3 493164.6 157759.7 23730.4  10479.1  5586.6  5363.3
  1730 -167.583   0.000 -167.583   931047.0 444254.1 105404.7 28257.7   9184.1  3428.2  4911.6
  1731  60.406  -0.000  60.405   915288.1 522257.9 142055.5 27265.3  11158.8  3602.6  5374.3
  1732  49.405  -0.000  49.405   914369.9 460343.6 125441.7 25696.6  11686.5  3802.5  5811.0
  1733 -173.873   0.000 -173.873   964362.3 462027.8 146575.5 26582.6  10471.0  8281.3  5328.7
  1734 -92.156  -0.000 -92.157   918662.8 455892.3 122157.2 29149.0  10382.4  3304.8  5205.2
  1735 123.953  -0.001 123.952   917194.2 499288.2 165539.6 25919.9  11776.6  7196.3  5709.2
  1736  60.816   0.003  60.819   933488.7 479657.4 222338.8 26867.4   9572.0  8207.2  4902.5
  1737 -29.489  -0.001 -29.489   902819.9 501282.5 100019.3 30474.7  11036.9  2826.2  5176.5
  1738 -141.067   0.000 -141.066   910289.2 557597.4 136970.1 23281.7  10078.5  4962.6  4953.7
  1739 -229.735   0.002 -229.733   916537.9 439628.7 135744.4 26878.1  10927.0  9103.4  5439.4
  1740  71.691  -0.001  71.690   978405.7 638367.0 210099.3 27957.7  11707.7  6382.1  5820.4
  1741 175.069  -0.001 175.068   882045.9 462014.5 128623.6 25700.0  10106.0  3297.8  4925.4
  1742 -147.402  -0.000 -147.403   992142.3 460119.7 106970.5 24318.1  10912.6  2430.5  5111.0
  1743  95.244  -0.001  95.244   970035.1 533455.2 206931.5 28409.5  11387.0  9702.8  5507.0
  1744 -139.456  -0.000 -139.456   994754.8 465960.1 112267.5 27575.3  10413.8  3552.2  5123.9
  1745 161.603  -0.001 161.603   987171.6 499776.1 149876.4 26449.3  11511.6  8146.4  5405.9
  1746 -60.262   0.000 -60.261  1039849.9 449322.9 141999.9 26904.6   9933.9  5339.4  5129.4
  1747   7.288   0.003   7.291   980580.1 479555.7 205703.8 30570.4   9515.4  7995.9  4767.7
  1748 -192.995  -0.000 -192.995   960627.1 574833.3 120113.1 26931.0  10152.8  5113.8  4935.3
  1749 -115.022  -0.001 -115.022  1036199.0 460475.6 122165.4 26381.4  10459.0  5901.0  5210.4
  1750 -82.424  -0.000 -82.425  1003876.9 509458.6 116580.5 27149.2   9294.9  6760.6  4880.9

         Carbon flux (ktC/yr)        Water (dam3/yr)                Nitrogen (MgN/yr)
       ----------------------- -------------------------- --------------------------------
Spinup NEP     estab   NBP     transp     evap    interc  nuptake ndemand  nlosses ninflux
------ ------- ------- ------- ---------- ------- ------- ------- -------- ------- -------
  1751  37.647  -0.000  37.647  1029999.0 602742.6 178552.0 25512.8  10004.6  7622.6  5127.8
  1752 -88.934   0.001 -88.933   956076.8 522131.6 123281.7 24278.0   9635.9  4074.4  4917.8
  1753 -104.822  -0.000 -104.822   971528.9 450062.6 90066.4 29186.3   9231.1  5073.8  4908.4
  1754 146.812  -0.001 146.811   946996.5 494045.6 94751.8 30691.6  10954.7  3145.8  5003.7
  1755 -113.653   0.000 -113.653  1048285.2 509342.7 147073.6 28010.2  10282.3  5985.1  5087.9
  1756 -130.202   0.002 -130.200   957273.7 428554.9 133701.3 24860.0  11575.9 10065.1  5366.9
  1757  -2.967  -0.001  -2.968   990198.9 591188.9 189941.8 26997.2  10905.3  6800.6  5222.1
  1758 -101.332  -0.000 -101.333  1012118.9 465804.7 97529.8 27521.6  10243.1  2588.8  5033.7
  1759  32.241  -0.001  32.240  1057306.5 442069.1 96575.5 30485.3  11279.1  4085.1  5474.0
  1760 261.314  -0.001 261.313  1052308.6 501563.0 141281.1 27010.1  11198.4  8074.2  5382.3
  1761 133.140  -0.000 133.140  1124106.1 490839.7 147103.0 29223.0  10699.4  4839.8  5337.1
  1762 -40.666   0.000 -40.666  1025175.3 474268.3 113531.0 20573.5  11267.5  6027.2  5139.6
  1763 -164.102   0.000 -164.102  1007259.8 509258.5 126774.8 29206.2   9167.0  7759.2  4861.2
  1764 132.111  -0.000 132.111   978809.9 461969.1 115820.7 27466.6  12055.9  2817.8  5678.2
  1765 -113.930   0.001 -113.929   968069.9 522977.8 130833.9 23265.4   9929.2  6172.6  4937.8
  1766 -85.093   0.001 -85.092   970782.8 509592.3 121353.7 24612.9   9555.6  5452.0  4910.5
  1767 -45.065   0.000 -45.065   963732.3 560456.0 122212.8 29119.3   9282.7  5812.1  4809.3
  1768 -145.547   0.000 -145.547   968412.7 525319.7 113658.6 22880.8  10297.0  5751.0  4948.9
  1769 -61.531  -0.000 -61.531  1003420.9 589477.9 191871.4 27536.8  10312.3  8293.0  5291.6
  1770 -80.180   0.000 -80.179   986917.9 515160.8 110889.4 22721.6  10006.1  3887.0  4926.4
  1771 -19.869  -0.000 -19.869  1070833.2 594698.3 156568.4 25358.0   9854.4  8782.3  5142.2
  1772 -154.309  -0.000 -154.309  1053878.7 466690.8 115448.0 28162.8  10143.3  5273.7  5206.3
  1773  52.024  -0.001  52.023  1007911.7 484948.6 95182.8 23912.4  10561.4  5285.8  5077.4
  1774   9.646  -0.001   9.645  1009753.7 645036.9 217668.8 33136.9  10191.7  8848.6  5687.4
  1775 -42.085  -0.000 -42.085  1032095.8 458333.8 104962.5 26165.2  10740.1  2230.0  5094.2

         Carbon flux (ktC/yr)        Water (dam3/yr)                Nitrogen (MgN/yr)
       ----------------------- -------------------------- --------------------------------
Spinup NEP     estab   NBP     transp     evap    interc  nuptake ndemand  nlosses ninflux
------ ------- ------- ------- ---------- ------- ------- ------- -------- ------- -------
  1776  78.036  -0.001  78.035  1094319.3 543532.4 220857.7 27750.2  11305.2  8001.9  5532.1
  1777 -86.085   0.000 -86.084  1067880.8 448947.4 133943.1 26805.3  10294.5  6115.2  5178.0
  1778 108.527  -0.000 108.527   948129.2 483853.0 103171.2 33240.0  10775.1  2471.0  4979.2
  1779  97.705  -0.000  97.705   969392.5 556941.6 228239.8 24907.8  12753.1  8523.8  5798.5
  1780 -77.815   0.000 -77.815   965376.2 477161.8 114287.6 20660.8  11045.0  4855.5  5188.2
  1781  26.829   0.000  26.829   910315.7 487727.1 108055.3 34973.4  10254.1  3380.9  5039.8
  1782 -180.223   0.000 -180.223   933106.7 445725.8 99940.6 23084.4  10666.3  5411.5  5066.3
  1783  11.828  -0.000  11.828   996883.0 516720.6 154197.5 31887.6  10006.2  6016.7  5054.1
  1784 -81.683  -0.000 -81.683   933512.8 447583.2 101447.5 23672.4  10485.5  5332.4  5010.1
  1785  77.162  -0.000  77.162   934221.5 380472.6 100889.8 28206.9  10798.6  6147.7  5243.9
  1786 172.929  -0.000 172.929   849731.1 457038.8 147629.3 27143.3  10560.4  5804.4  5033.8
  1787 -30.544  -0.000 -30.544   925895.8 371735.8 104181.1 24277.7  11653.1  4759.0  5346.3
  1788 119.419   0.000 119.419   839311.3 456856.5 149974.4 26575.4  10852.2  5522.6  5114.1
  1789 -205.572   0.000 -205.572   930359.2 506118.9 134743.0 21415.6  10849.6  6823.5  5140.0
  1790 -75.839  -0.000 -75.839   907230.0 452728.6 105303.2 27399.7   9776.8  4291.8  5001.7
  1791  90.756  -0.001  90.755   915851.9 380299.6 105306.7 28317.1  10926.8  5286.6  5354.8
  1792  86.370  -0.001  86.369   996064.3 528274.6 256929.8 27092.6  11378.4  7682.3  5686.3
  1793  30.480   0.003  30.482   902274.8 417788.1 121815.5 27890.1   9996.3  3614.1  5202.5
  1794  45.392  -0.000  45.391   898375.0 567394.2 227617.1 26358.3  12137.9  7534.6  5862.5
  1795 -25.737  -0.000 -25.737   885295.7 514850.5 139429.9 23388.6  11107.6  2957.0  5465.9
  1796 -80.106  -0.000 -80.106   891445.9 479850.0 167990.3 24492.8  11064.3  8608.4  5380.9
  1797 -12.860  -0.000 -12.860   971437.2 503485.0 155019.2 30886.2  10607.5  4083.7  5574.8
  1798 -59.084   0.001 -59.082   894520.3 510041.5 135729.9 21574.1  10367.3  4688.9  5141.7
  1799 -105.907   0.000 -105.907   907859.5 564694.4 133572.3 28220.4   9308.9  7050.5  5022.2
  1800 148.063  -0.001 148.062   910430.0 569637.9 221852.3 27367.3  12130.4  6862.8  5900.2

         Carbon flux (ktC/yr)        Water (dam3/yr)                Nitrogen (MgN/yr)
       ----------------------- -------------------------- --------------------------------
Spinup NEP     estab   NBP     transp     evap    interc  nuptake ndemand  nlosses ninflux
------ ------- ------- ------- ---------- ------- ------- ------- -------- ------- -------
  1801 -39.966  -0.000 -39.966   924862.9 479054.6 115787.3 19361.0  10647.2  4590.4  5323.3
  1802 -21.499   0.000 -21.499   945415.5 607563.1 199540.3 28817.4   9221.4  8209.8  5246.5
  1803  15.773  -0.000  15.773   895622.0 500496.7 154823.9 26087.9  11494.9  4166.5  5824.6
  1804 -41.968   0.002 -41.966   881556.6 426784.5 149497.8 26251.8  10826.9  7394.1  5536.8
  1805 -104.830  -0.001 -104.830   949929.0 503043.5 116277.6 23859.9   9822.8  5437.9  5066.9
  1806   1.239  -0.000   1.238   977036.5 603281.7 180964.0 24838.1   9729.1  6921.8  5242.6
  1807  49.442  -0.000  49.442   825931.6 468966.6 133900.8 27695.6  10126.6  3820.3  5126.1
  1808 -18.194   0.001 -18.193   893892.0 423853.7 103036.3 24708.7  10760.7  3219.4  5209.3
  1809 -150.809  -0.000 -150.810   928346.0 446894.9 88252.8 23827.8   9777.9  4898.7  4981.3
  1810  56.629  -0.000  56.629   991365.6 593469.2 209017.0 29149.9  11120.8  9604.2  5493.9
  1811 -35.486  -0.000 -35.486   927262.5 557335.9 129424.7 24949.0   9927.1  4047.4  4898.3
  1812 -58.764   0.001 -58.763   937484.7 436298.7 98278.4 27374.5  10070.8  4536.1  5103.0
  1813 -49.629  -0.000 -49.629   956397.0 371709.2 84002.6 25707.5  10691.4  4979.0  5288.1
  1814  66.701  -0.000  66.701   980060.6 524977.3 160456.5 27409.2  10745.9  7464.8  5332.8
  1815 -72.270  -0.000 -72.270   963994.4 562645.2 122709.2 25626.2   9960.9  5560.2  4946.5
  1816  22.083  -0.001  22.082  1025014.3 439841.6 97860.0 28500.9  11664.1  3379.0  5622.3
  1817 -40.249  -0.001 -40.250  1020157.2 516531.3 119631.5 25474.6   9440.3  8720.9  4901.4
  1818  23.187   0.000  23.188   990898.2 562678.6 133688.2 29187.3   9303.6  5785.4  4840.9
  1819  16.033   0.002  16.035  1008320.7 483293.3 194735.6 26490.3  10139.1  7884.5  4836.7
  1820 -42.476  -0.000 -42.476   990962.4 577714.3 117210.4 27317.0   9893.6  4314.4  4818.4
  1821 -102.056  -0.000 -102.056  1021804.8 592608.9 196388.0 25507.1  10874.1  7304.6  5329.8
  1822 107.976  -0.001 107.976  1028088.0 497563.0 132495.8 23811.3  11174.0  5710.6  5381.6
  1823 -64.450   0.000 -64.450  1016862.3 584745.8 208589.8 28024.4   9842.0  6109.7  5266.1
  1824 -190.324   0.000 -190.324  1016631.0 513058.0 112375.7 24713.1  10321.6  5356.7  4989.4
  1825 -90.205  -0.000 -90.205   990581.1 465664.6 101136.2 28613.8  10380.7  2580.0  5118.1

         Carbon flux (ktC/yr)        Water (dam3/yr)                Nitrogen (MgN/yr)
       ----------------------- -------------------------- --------------------------------
Spinup NEP     estab   NBP     transp     evap    interc  nuptake ndemand  nlosses ninflux
------ ------- ------- ------- ---------- ------- ------- ------- -------- ------- -------
  1826  66.448  -0.001  66.446  1002748.3 645820.6 223755.2 28776.4  12057.5  9788.5  5860.4
  1827 234.262  -0.001 234.261  1011273.3 518275.7 134058.3 23244.3  10733.6  2611.0  5285.2
  1828  12.453  -0.000  12.453  1002519.9 638322.6 249277.8 30259.8  10751.2  8611.5  5820.5
  1829 123.384   0.000 123.384   890624.9 458000.1 144460.1 25878.4  11026.1  3459.7  4998.8
  1830 -93.457   0.001 -93.456   966122.8 516690.7 132233.7 19414.2  11023.6  4061.3  4975.1
  1831 -122.359   0.000 -122.359   979302.1 586142.0 211813.0 27268.1  10560.5  8383.8  5378.3
  1832 -66.384  -0.000 -66.384  1043175.1 540481.2 214890.2 26903.3  11641.5  5656.2  5681.0
  1833 -34.466   0.000 -34.466   974215.4 584949.5 214765.0 26062.0  10751.1  6890.5  5402.0
  1834  75.663  -0.000  75.663   863919.3 462355.5 133186.0 26599.2  10675.3  3592.4  5095.6
  1835 -75.930  -0.000 -75.930  1014924.3 516317.3 147384.4 26530.9  10865.9  4182.3  5138.2
  1836 -33.741  -0.000 -33.741  1025610.4 534520.6 225075.9 23829.1  11939.3  7854.0  5709.6
  1837  86.295   0.000  86.295   845582.2 459186.4 137876.2 26882.7  10564.7  4695.6  5082.9
  1838 -50.575  -0.000 -50.576   981650.8 599597.9 188154.7 21017.6  11233.4  7949.5  5314.3
  1839 -47.846  -0.001 -47.846   940274.8 643310.9 244986.2 28831.5  11490.9  6768.3  5975.4
  1840 147.232  -0.001 147.231   967421.5 520655.7 192871.7 26643.0  10990.4  4861.5  5453.4
  1841  89.536  -0.000  89.536   908305.7 478355.2 117360.4 27275.0  11354.0  1252.9  5253.2
  1842 -123.832   0.003 -123.829   937638.3 476215.7 214584.2 23517.5  10282.5  9089.7  5000.7
  1843 -138.117   0.002 -138.115   958239.3 490345.0 175979.5 26270.8  10059.2  6946.9  4940.0
  1844 -97.675  -0.001 -97.675   935953.4 581316.3 106345.9 26831.5   9768.6  4283.7  4902.9
  1845 -107.937  -0.001 -107.939   993854.2 653264.2 197520.4 27689.0  11394.7  7911.3  5872.5
  1846 117.959  -0.001 117.959  1094022.3 496143.5 128352.1 28008.2  10664.4  3569.3  5491.1
  1847 124.378  -0.000 124.378   886877.8 458523.0 126624.2 25136.8  10491.6  4700.9  5048.3
  1848  -0.571  -0.001  -0.572  1070996.0 534159.5 214416.2 24021.7  12068.2  6847.4  5693.6
  1849  57.375  -0.001  57.375  1011350.3 630868.5 234542.3 27400.9  11747.4  7361.6  5912.4
  1850  17.874   0.000  17.874   986684.3 563502.2 139006.4 25975.0  10062.4  3710.4  4858.8

         Carbon flux (ktC/yr)        Water (dam3/yr)                Nitrogen (MgN/yr)
       ----------------------- -------------------------- --------------------------------
Spinup NEP     estab   NBP     transp     evap    interc  nuptake ndemand  nlosses ninflux
------ ------- ------- ------- ---------- ------- ------- ------- -------- ------- -------
  1851 -38.065  -0.000 -38.065   979163.4 384468.8 95956.3 25290.4  11352.2  4836.2  5342.9
  1852 -97.730   0.000 -97.730  1042881.4 449944.4 134715.1 26926.7  10651.5  6186.9  5285.9
  1853 138.583  -0.000 138.582   969978.5 458424.3 115474.6 27796.9  11959.8  3264.8  5712.3
  1854 -11.418   0.001 -11.417   962937.8 433808.6 107273.1 28419.8  10023.6  5840.8  5075.8
  1855  24.253  -0.000  24.252   967252.1 524935.3 198554.7 25885.3  11485.6  8375.2  5584.2
  1856 -28.698  -0.000 -28.698  1024814.0 591763.6 221053.2 27991.1  11346.5  6986.8  5511.4
  1857   7.984  -0.000   7.983  1051188.6 488311.8 142684.2 27084.1  11508.0  3607.0  5559.3
  1858 -40.201  -0.000 -40.202   971299.6 478470.0 109163.0 20699.0  11294.2  5202.9  5303.4
  1859 -100.177  -0.000 -100.177   948978.1 449597.1 97819.7 30348.1   8880.6  5474.6  4915.6
  1860  88.955  -0.001  88.955  1032821.3 539435.8 229077.5 27711.3  11426.3  7458.9  5601.4
  1861  74.876  -0.000  74.876   914829.5 480925.0 110472.0 29572.9  10810.8  1861.1  5170.4
  1862 -60.672   0.000 -60.672   965491.8 586818.3 239608.5 24887.8  12049.1  9506.7  5699.7
  1863 -72.355   0.003 -72.352   938546.7 477765.3 202833.8 25113.4  10356.4  6822.0  4943.4
  1864 -38.274  -0.000 -38.274   976641.4 598946.9 199775.7 28277.2  11497.5  6719.8  5591.1
  1865 -94.339   0.001 -94.338   926819.1 427192.8 128075.6 25071.4  10958.4  6447.6  5454.5
  1866 -22.315   0.000 -22.315   969539.0 428120.7 118357.6 26856.8  10589.1  6589.5  5261.4
  1867 200.345  -0.001 200.344  1020080.3 498116.9 116971.3 22960.6  10802.6  5628.2  5218.5
  1868 -12.119   0.000 -12.118   949760.0 487993.6 84566.3 29883.8   9367.6  1229.6  4903.8
  1869 -102.104   0.000 -102.103   990881.4 524934.1 151955.0 23990.8  11090.1  7358.5  5332.2
  1870 -102.691  -0.000 -102.691  1042537.5 516909.1 127039.2 29387.7  10350.0  4343.1  5063.4
  1871 -107.011  -0.000 -107.011   960585.2 567864.6 113529.3 23672.4  10472.6  6644.5  4973.5
  1872   1.886  -0.000   1.886   950552.7 574161.9 115695.9 26466.2   9821.6  5324.9  4796.7
  1873 -189.421  -0.000 -189.421   993610.9 523234.2 107056.0 23957.0   9831.4  7439.6  4958.7
  1874 119.344  -0.000 119.344  1021781.0 590474.0 204264.1 30088.7  10784.8  6962.9  5448.8
  1875 -109.134  -0.000 -109.134   986745.1 502362.8 112417.7 23988.4  10220.2  5466.6  5000.5

         Carbon flux (ktC/yr)        Water (dam3/yr)                Nitrogen (MgN/yr)
       ----------------------- -------------------------- --------------------------------
Spinup NEP     estab   NBP     transp     evap    interc  nuptake ndemand  nlosses ninflux
------ ------- ------- ------- ---------- ------- ------- ------- -------- ------- -------
  1876 -53.110  -0.000 -53.110   972617.9 466426.5 102068.8 28341.2  10316.6  2665.8  5107.8
  1877 151.192  -0.001 151.192   953500.0 535805.4 196930.2 27947.3  11540.1  8971.1  5550.4
  1878 -72.534  -0.000 -72.534   986040.4 467585.1 109245.2 27160.8  10299.6  3510.0  5167.6
  1879  32.928  -0.000  32.928  1031397.4 517202.9 151247.7 31013.8  10135.6  5548.6  5090.3
  1880  79.042  -0.000  79.041   923851.9 483979.6 105635.3 27135.2  11839.5  2522.9  5232.8
  1881 -136.197   0.002 -136.194   932823.4 425688.3 141451.2 24166.7  11576.9 10875.6  5478.6
  1882 -10.378  -0.000 -10.378   964121.6 483972.4 95942.3 23954.2  11237.9  4947.0  5203.9
  1883 121.488  -0.000 121.488   853339.1 468885.1 124187.7 29806.2   9620.9  5208.8  4993.8
  1884 -147.778  -0.000 -147.778   964732.9 509975.6 114334.5 22022.0  10583.9  6465.6  5072.9
  1885   0.656  -0.000   0.656  1006788.5 520957.2 141833.7 31365.6   9784.3  4317.2  5083.6
  1886 -91.835   0.002 -91.833   930611.6 430559.7 133959.8 24156.8  11701.9  8781.4  5460.2
  1887 137.214  -0.001 137.213   957009.1 458606.5 98053.1 24913.6  12023.1  2548.1  5666.3
  1888  64.406  -0.001  64.405   989848.7 506617.7 131043.9 24948.4  10782.6  8692.2  5385.7
  1889  58.679  -0.000  58.679   949416.9 521770.0 200773.7 29428.2  10230.6  6226.8  5506.5
  1890 -216.924   0.000 -216.924   970264.8 519294.1 117396.5 24629.8  10209.1  5716.3  5063.9
  1891  72.242  -0.001  72.242   987036.2 439128.3 101972.3 29858.4  11568.2  2490.1  5723.8
  1892 217.721  -0.001 217.720   987788.3 503291.9 145128.2 25393.2  11281.6  8768.0  5478.6
  1893  -8.270   0.001  -8.268   960112.0 506995.6 134688.4 22830.7   9155.1  4010.9  4928.4
  1894   7.469   0.000   7.469   936600.5 518376.2 128130.9 27320.8  10388.1  4105.5  5383.4
  1895 -71.810  -0.000 -71.810   938099.2 641768.3 230152.4 28352.3  11685.9  8909.2  5967.2
  1896 117.759  -0.000 117.759   846245.7 461976.2 135924.1 25270.5  10949.7  3299.5  5147.4
  1897  41.953  -0.000  41.952   920124.9 517478.9 135332.8 21315.0  11823.8  2844.7  5546.1
  1898 -41.787   0.002 -41.785   910193.7 424227.6 107403.3 27651.8   9840.9  4478.1  5199.4
  1899 -82.713  -0.000 -82.713   897918.3 526079.3 191787.0 25051.7  11684.9  8673.8  5740.9
  1900 -210.200   0.000 -210.200   926533.1 471009.2 101784.3 26360.0  10642.2  3570.9  5341.2

         Carbon flux (ktC/yr)        Water (dam3/yr)                Nitrogen (MgN/yr)
       ----------------------- -------------------------- --------------------------------
Year   NEP     estab   NBP     transp     evap    interc  nuptake ndemand  nlosses ninflux
------ ------- ------- ------- ---------- ------- ------- ------- -------- ------- -------
  1901  -6.249   0.002  -6.247   933542.9 492324.8 182462.4 26962.9   9924.6  8696.7  4998.5
Simulation ended.
lpjml successfully terminated, 63 grid cells processed.
Wall clock time:	163 sec, 0.00086 sec/cell/year.
Total wall clock time:	167 sec (00:02:47).
