--------------------------------------
Running config: /home/druijsch/LPJmL5/dev15oct2025/config_files/2026_04_08_run_for_10_locations/temperate_broadleaved_summergreen_tree/spinup/configs/temperate_broadleaved_summergreen_tree_patch7_config_spinup.cjson
SLURM task ID: 0
Node: tcn333.local.snellius.surf.nl
--------------------------------------
******************************************************************************
****        _     ____     _           _       ____        _  ___         ****
****       | |   |  _ \   | |_ __ ___ | |     | ___|      / |/ _ \        ****
****       | |   | |_) |  | | '_ ` _ \| |     |___ \      | | | | |       ****
****       | |___|  __/ |_| | | | | | | |___   ___) |  _  | | |_| |       ****
****       |_____|_|   \___/|_| |_| |_|_____| |____/  (_) |_|\___/        ****
****                                                                      ****
****                 lpjml C Version 5.10.1 (Apr 14 2026)                 ****
****    Dynamic global vegetation model with natural and managed land     ****
****                     Compiled for Linux with MPI                      ****
****       (C) Potsdam Institute for Climate Impact Research (PIK),       ****
****                          see COPYRIGHT file                          ****
****              Authors, and contributors see AUTHORS file              ****
**** This version of LPJmL is licensed under GNU AGPL Version 3 or later  ****
****        See LICENSE file or go to http://www.gnu.org/licenses/        ****
****                 or invoke lpjml -l to print license                  ****
****      https://gitlab.pik-potsdam.de/lpjml/wur_team/lpjml-wur.git      ****
****          GIT hash: 5e6f8e1bb5c5d5f3357da68b6c43e9517864f3c2          ****
****                                                                      ****
******************************************************************************

Running for user druijsch on tcn333.local.snellius.surf.nl at Tue Apr 14 16:23:29 2026
Reading configuration from '/home/druijsch/LPJmL5/dev15oct2025/config_files/2026_04_08_run_for_10_locations/temperate_broadleaved_summergreen_tree/spinup/configs/temperate_broadleaved_summergreen_tree_patch7_config_spinup.cjson'.
==============================================================================
/----------------------------------------------------------\
|institution: Potsdam Institute for Climate Impact Research|
|contact:                                                  |
|comment:                                                  |
\----------------------------------------------------------/
Simulation "LPJmL Run" running on 50 tasks
Simulation with shuffle spinup climate, equilsoil is called, 
nitrogen limitation, permafrost, Johansen conductivity, 
percolation heattransfer, GSI phenology, NPP controlled BNF.
Cultivation types: none, biomass, annual crop
Working directory: /gpfs/home5/druijsch/LPJmL5/dev15oct2025
cpp processed configuration file written to `/projects/prjs2023/chapter3/lpjml_output/2026_04_08_run_for_10_locations/temperate_broadleaved_summergreen_tree/patch_7/output/lpjml_config_spinup.json`.
Starting from scratch.
Input files:
Variable     Fmt  Varname  Filename
------------ ---- -------- ---------------------------------------------------
soil         cdf  soilcode /projects/prjs2023/chapter3/lpjml_input/run_for_10_locations/temperate_broadleaved_summergreen_tree/patch_7/soil.nc
temp         cdf  tas      /projects/prjs2023/chapter3/lpjml_input/run_for_10_locations/temperate_broadleaved_summergreen_tree/patch_7/temp.nc
prec         cdf  pr       /projects/prjs2023/chapter3/lpjml_input/run_for_10_locations/temperate_broadleaved_summergreen_tree/patch_7/prec.nc
lwdown       cdf  rlds     /projects/prjs2023/chapter3/lpjml_input/run_for_10_locations/temperate_broadleaved_summergreen_tree/patch_7/lwdown.nc
swdown       cdf  rsds     /projects/prjs2023/chapter3/lpjml_input/run_for_10_locations/temperate_broadleaved_summergreen_tree/patch_7/swdown.nc
no3_depo     cdf  noy      /projects/prjs2023/chapter3/lpjml_input/ndep-noy_histsoc_monthly_1901_2021_units.nc
nh4_depo     cdf  nhx      /projects/prjs2023/chapter3/lpjml_input/ndep-nhx_histsoc_monthly_1901_2021_units.nc
soilpH       cdf  soil_ph  /projects/prjs2023/chapter3/lpjml_input/hwsd_soil_data_all_land_oceanfilled.nc
co2          txt           /projects/prjs2023/chapter3/lpjml_input/co2_1832-2023.dat
windspeed    cdf  sfcwind  /projects/prjs2023/chapter3/lpjml_input/run_for_10_locations/temperate_broadleaved_summergreen_tree/patch_7/wind.nc
------------ ---- -------- ---------------------------------------------------
Writing restart file '/home/druijsch/LPJmL5/dev15oct2025/restart/2026_04_08_run_for_10_locations/temperate_broadleaved_summergreen_tree/patch_7/restart_1901_nv_stdfire.lpj' after year 1901.
Random seed: 2
Number of output files:       1
Output written in year:       -1020
Byte order in output files:   little endian

Variable   Fmt  Unit Type   tstep nbd Filename
---------- ---- ---- ------ ----- --- -----------------------------------------
globalflux txt  -    float  year    1 /projects/prjs2023/chapter3/lpjml_output/2026_04_08_run_for_10_locations/temperate_broadleaved_summergreen_tree/patch_7/output/globalflux_spinup.csv + .json
---------- ---- ---- ------ ----- --- -----------------------------------------
Spinup years:                  3000
Cycle length during spinup:      30
First year:                    1901
Last year:                     1901
Number of grid cells:            63
==============================================================================
Memory allocated for output: 344 bytes/cell
Simulation begins...
Spinup using climate starting from year 1901

         Carbon flux (ktC/yr)        Water (dam3/yr)                Nitrogen (MgN/yr)
       ----------------------- -------------------------- --------------------------------
Spinup NEP     estab   NBP     transp     evap    interc  nuptake ndemand  nlosses ninflux
------ ------- ------- ------- ---------- ------- ------- ------- -------- ------- -------
 -1099 -1174.350   0.418 -1173.932        0.0 965202.1     0.0     0.0      0.0 29111.7   259.3
 -1098 -1222.240   0.309 -1221.930       11.5 1921060.5     2.0    43.4      0.4 54950.9   259.6
 -1097 -1152.691   0.113 -1152.578       21.8 1429419.4     5.3   265.5      2.3 14629.8   261.4
 -1096 -1109.611   0.149 -1109.461      875.6 2356985.7    33.3  2284.9     12.4 18745.9   274.6
 -1095 -610.660  -0.103 -610.763    27351.0 1170027.0   182.5 13460.5    192.1  3637.3   429.7
 -1094 816.045  -0.070 815.976   398121.2 1507593.6  3847.8 44028.3   2511.4 69808.7  2033.3
 -1093 2380.297  -0.006 2380.291  1322135.8 722269.9 38991.8 62241.6   5323.5 30531.1  3395.1
 -1092 499.108   0.023 499.131  1000253.2 347807.8 32631.9  8866.0   2639.9 24916.5  1502.5
 -1091 334.259   0.022 334.282   943685.2 356011.4 24874.4 18662.9   2286.2 16350.3  1181.8
 -1090 1102.318   0.001 1102.319  1283606.5 468853.7 34647.1 50122.3   4634.7 117443.2  2912.6
 -1089 1026.073  -0.025 1026.048  1404454.0 502300.6 61244.0 42174.3   8225.1 93962.3  4506.8
 -1088 -1472.441  -0.092 -1472.520   677955.0 396018.7 12976.4 -8547.1   3813.8 113590.6  1909.0
 -1087 237.644  -0.027 237.617   999877.0 487759.0 24981.8 46532.2   8564.3 290370.7  4473.9
 -1086 -936.961   0.008 -936.953   860613.8 391137.0 33316.4  3959.5   6128.2 111507.3  2786.8
 -1085  53.282  -0.003  53.279  1107345.8 447929.1 37943.0 34823.6  10165.3 251044.5  4657.7
 -1084 -233.624  -0.001 -233.625  1098570.9 454110.4 47872.3 20688.1  10181.0 157902.5  4603.2
 -1083 -578.315   0.003 -578.312   989153.0 417216.6 30899.7 15510.4   6793.0 34184.4  3059.0
 -1082 -200.139  -0.006 -200.145  1186288.1 495558.7 42338.3 30301.2  12169.1 49726.9  5376.3
 -1081 -1038.991   0.007 -1038.984   851925.3 388847.4 30634.0  9765.9   7262.4 66934.5  3118.6
 -1080 -170.734  -0.010 -170.743  1150557.9 446889.7 46228.6 31356.9  12601.8 180033.4  5897.5
 -1079 -1319.278   0.019 -1319.260   727159.8 354145.5 11868.9 -1394.4   7689.2 70944.1  3005.6
 -1078 -240.241  -0.008 -240.249   940316.9 388043.3 20701.7 33281.3   6957.1 25124.2  3311.1
 -1077 -286.059  -0.001 -286.060  1193886.7 536150.5 46234.0 23161.4  12917.6 48536.2  6598.6
 -1076 -244.652  -0.001 -244.652  1120639.1 519723.7 43754.3 22148.7  12156.4 65579.5  6120.0
 -1075 -487.301  -0.001 -487.302  1043055.0 490415.1 37614.6 19300.1  10919.8 43469.4  5116.6

         Carbon flux (ktC/yr)        Water (dam3/yr)                Nitrogen (MgN/yr)
       ----------------------- -------------------------- --------------------------------
Spinup NEP     estab   NBP     transp     evap    interc  nuptake ndemand  nlosses ninflux
------ ------- ------- ------- ---------- ------- ------- ------- -------- ------- -------
 -1074 -341.203  -0.001 -341.204  1042810.4 542739.0 38209.0 24020.7   9461.5 45180.6  5168.5
 -1073 -1106.030   0.014 -1106.016   770738.0 336871.2 20174.0  4228.3  10687.1 37682.5  4033.6
 -1072 142.550  -0.001 142.549  1068597.6 394920.6 31625.9 40495.3  10610.3 50950.5  5490.0
 -1071 -689.235   0.004 -689.231   950292.6 437692.3 41997.6 16772.9  14778.6 86844.9  6374.6
 -1070 -78.362   0.004 -78.358   895344.4 393474.7 29439.0 32563.2  10024.9 20805.4  5108.8
 -1069 -760.564   0.005 -760.559   871673.9 308092.8 28020.2 11976.2  14135.9 31532.5  5564.0
 -1068 -106.737   0.005 -106.732  1040241.7 385970.5 36974.1 30892.2  12302.3 32300.3  5920.5
 -1067 -622.375   0.013 -622.362   975967.9 468550.1 48926.7 18180.8  12711.4 57522.7  5786.5
 -1066 -662.659   0.013 -662.646   784489.3 367818.6 29489.4 17952.2   9717.6 43017.7  3958.0
 -1065 -237.439   0.003 -237.437   998038.9 469011.6 46124.7 26574.5  11571.0 52951.4  5455.3
 -1064 -169.469  -0.012 -169.480  1114144.3 477709.0 60817.9 30661.0  14330.0 50411.3  7396.9
 -1063 -364.097   0.001 -364.096  1044521.9 453574.9 49546.3 26932.4  16167.7 45677.9  7534.2
 -1062 -367.448   0.004 -367.445   820571.3 332024.9 41594.3 23262.5  12318.3 33847.5  4895.8
 -1061 -41.037   0.002 -41.035  1038367.1 455629.9 52900.2 32196.3  16082.5 23357.2  7310.4
 -1060 -334.533   0.003 -334.530   934054.6 466267.7 64979.7 24422.3  12368.9 39428.8  5647.8
 -1059 -131.827   0.003 -131.824   907424.5 409259.1 44455.6 30256.4  12791.4 10352.5  5401.8
 -1058 -259.639   0.003 -259.636   820581.1 361810.3 39602.7 28500.8  11423.1 21873.9  4885.9
 -1057  64.677   0.002  64.678   957074.5 428513.8 83276.6 31479.4  15135.0 60530.7  6602.2
 -1056 -122.596   0.003 -122.594   865291.6 355678.3 46017.5 26549.9  12253.1 17822.5  5320.0
 -1055 195.644   0.002 195.646   986888.7 405252.7 69967.8 34909.1  13432.5 26466.8  6179.2
 -1054 -147.199   0.002 -147.197   857799.1 512099.8 72553.3 24899.7  12122.7 27719.0  5332.1
 -1053 -183.340   0.013 -183.327   851019.0 321615.6 50307.0 28259.6  13481.0 16723.8  5362.3
 -1052 346.130   0.004 346.134  1044229.3 454464.4 87874.3 35559.8  14996.9 12251.2  6493.6
 -1051 -256.392   0.000 -256.392   799466.0 330344.3 40159.2 31005.6  10801.8 13476.0  4436.0
 -1050 156.555  -0.007 156.548   967582.8 509518.3 95082.5 30708.1  14366.7 22437.5  6057.7

         Carbon flux (ktC/yr)        Water (dam3/yr)                Nitrogen (MgN/yr)
       ----------------------- -------------------------- --------------------------------
Spinup NEP     estab   NBP     transp     evap    interc  nuptake ndemand  nlosses ninflux
------ ------- ------- ------- ---------- ------- ------- ------- -------- ------- -------
 -1049  -2.501   0.002  -2.500   929077.7 389129.7 77434.4 29903.0  12633.7 23095.0  5327.3
 -1048 -561.252   0.005 -561.247   776146.9 385897.7 58997.5 25299.9  10459.5 26472.2  3651.6
 -1047  16.339  -0.001  16.338   856196.8 363638.9 51771.4 31343.1  11931.0 14225.7  4347.8
 -1046 -215.993  -0.000 -215.994   852860.4 319975.6 55579.2 27322.2  13708.2 16249.3  5216.2
 -1045 373.427  -0.001 373.425  1025273.8 459846.3 95677.0 38090.1  14200.1 16408.7  6032.2
 -1044 -158.983   0.006 -158.977   877696.6 323852.1 61604.5 26214.1  13220.3 22731.6  4955.5
 -1043 117.189  -0.000 117.189   931844.8 445140.3 82618.9 35008.0  14220.2 30485.9  5598.5
 -1042 -129.025  -0.000 -129.025   812277.8 328947.2 45246.0 31763.8  11048.8  7555.7  4107.8
 -1041 -606.991   0.002 -606.989   820648.7 400257.8 70070.4 23331.2  12678.7  6847.9  4039.7
 -1040 -450.829   0.001 -450.828   757595.6 381353.1 53194.9 25776.9  11434.1 18675.6  3643.6
 -1039 193.965  -0.001 193.963   871000.6 356642.4 49067.5 33872.0  12688.3  9844.7  4640.8
 -1038 124.399  -0.002 124.398   893411.0 507646.6 75538.7 31860.7  11691.0 32803.2  4867.1
 -1037 460.500  -0.003 460.498  1030303.8 401932.4 85397.8 38086.7  13637.7 21834.2  5621.6
 -1036  82.398  -0.001  82.397   915621.4 352972.0 74300.5 27654.2  12041.9  6558.1  4031.6
 -1035 462.147  -0.002 462.145  1098228.6 455137.7 111115.4 39698.0  15043.1 15239.2  5791.0
 -1034 244.307  -0.002 244.305  1074000.2 523992.7 111235.1 30526.1  12419.0 16565.0  4676.5
 -1033 345.223   0.000 345.224  1151601.1 451638.1 128836.6 36291.6  15310.0 20886.4  5616.2
 -1032 -286.111   0.002 -286.109   953190.7 318876.3 79675.8 25724.6  13804.5 14517.9  4352.9
 -1031  22.162  -0.000  22.162  1036676.0 464915.7 114696.2 31562.7  13190.8 13640.0  4406.3
 -1030 -194.647   0.001 -194.646   875105.7 321081.8 51213.6 30880.4  11436.5  7072.5  3684.5
 -1029 -250.040   0.001 -250.039   863619.2 340827.5 64202.0 26918.9  12490.8  5113.0  3861.8
 -1028 -739.460   0.019 -739.441   720342.5 329637.9 33427.6 17530.7  11200.7  8775.1  2787.7
 -1027  11.684  -0.005  11.679   823516.2 368834.5 60380.0 29341.9  10774.8  6507.3  3382.2
 -1026 202.703  -0.002 202.701   951575.2 446153.0 72417.4 34253.0  14520.9 34647.4  5302.7
 -1025  10.284  -0.001  10.283   912889.8 319417.8 58925.0 29256.8  13086.3 12343.9  4589.1

         Carbon flux (ktC/yr)        Water (dam3/yr)                Nitrogen (MgN/yr)
       ----------------------- -------------------------- --------------------------------
Spinup NEP     estab   NBP     transp     evap    interc  nuptake ndemand  nlosses ninflux
------ ------- ------- ------- ---------- ------- ------- ------- -------- ------- -------
 -1024 339.810  -0.001 339.809  1037496.6 510025.4 89044.0 33658.2  11816.5  7911.0  4554.0
 -1023 540.858  -0.001 540.857  1160629.6 524244.0 116849.4 37147.5  14180.2 15673.4  5496.0
 -1022 283.587   0.001 283.587  1004621.7 395650.0 86689.0 35103.6  11647.9  7341.9  3994.8
 -1021  71.509   0.003  71.511  1039682.5 435013.6 115524.7 26612.2  13737.9  6868.4  4338.4
 -1020 211.501   0.001 211.503  1128045.2 445139.6 139656.0 35858.6  15344.6 30943.1  5448.0
 -1019 -125.426   0.007 -125.419  1057588.3 376671.1 101354.2 29303.2  13549.8 17003.0  4444.5
 -1018 -158.220   0.004 -158.215   970133.7 359079.2 69947.8 31490.1  11823.7  7282.6  3674.6
 -1017  69.856   0.002  69.858  1030321.3 496693.0 102242.7 29739.6  13243.6  9919.1  4194.5
 -1016 366.667   0.005 366.671  1155630.8 391894.6 111289.8 37040.8  14249.5 10142.8  5045.9
 -1015 -690.940   0.013 -690.927   805414.1 430756.7 71112.0 11945.3  10518.8  7346.3  2497.6
 -1014 577.070  -0.005 577.065  1132194.7 465912.9 91969.9 44534.5  15167.5 11397.5  5598.0
 -1013 -280.931   0.007 -280.923  1042346.6 408016.0 82992.6 27296.3  12475.4  4749.5  3883.5
 -1012 530.359   0.001 530.360  1199963.6 433525.5 122609.6 38750.7  14733.5  8292.9  5014.9
 -1011  61.470   0.002  61.472  1014042.4 337761.4 84187.5 28304.5  12358.0  4571.1  3889.0
 -1010 349.012  -0.008 349.005  1249857.7 471057.7 158711.0 37615.4  15855.6 12148.4  5882.6
 -1009 -316.430   0.001 -316.429  1032997.7 307046.6 84703.0 25555.9  12892.7 13503.3  3787.3
 -1008 475.340  -0.003 475.337  1202901.0 453829.5 113822.1 39366.1  16281.3  8239.1  5545.9
 -1007 -203.338   0.002 -203.336  1032075.1 346035.5 76272.8 27960.9  10787.8  6506.5  3215.1
 -1006 171.591   0.000 171.592  1058584.2 429648.9 121044.7 28844.4  12801.0  3982.4  3748.5
 -1005 309.606  -0.002 309.604  1218233.9 455551.2 114331.2 39204.2  16228.9 10358.6  5474.9
 -1004  89.412  -0.000  89.412  1242812.7 438421.0 109893.4 33510.9  12736.1 11865.9  4075.1
 -1003 -256.142   0.003 -256.139  1060414.3 343620.2 77856.9 29412.5  10765.6  8017.7  3052.4
 -1002 -299.240   0.004 -299.236   966013.5 342812.0 69326.3 26589.7  11199.5  5062.7  3128.4
 -1001 -762.755   0.022 -762.733   816654.2 306949.5 52245.3 14956.2  11901.4  5790.5  3029.3
 -1000 729.700  -0.013 729.687  1051645.4 422718.7 77149.1 43102.1  12396.6 11054.2  4456.3

         Carbon flux (ktC/yr)        Water (dam3/yr)                Nitrogen (MgN/yr)
       ----------------------- -------------------------- --------------------------------
Spinup NEP     estab   NBP     transp     evap    interc  nuptake ndemand  nlosses ninflux
------ ------- ------- ------- ---------- ------- ------- ------- -------- ------- -------
  -999 601.377  -0.005 601.372  1243557.2 485797.2 106789.9 36954.8  14528.0 11114.0  5676.0
  -998 124.006  -0.001 124.005  1253564.6 433102.4 101129.9 34000.7  11833.5 24075.7  4207.4
  -997 -316.113   0.002 -316.111  1038479.3 328088.4 76342.7 28798.8  11002.4  6479.7  2991.4
  -996 486.999  -0.004 486.996  1256424.6 451802.4 107816.8 42776.7  16397.9 13933.7  5440.6
  -995 -261.440   0.007 -261.433  1064621.0 309281.2 81397.8 25587.2  11610.4  9908.6  3429.0
  -994 325.378  -0.003 325.375  1097957.9 364780.4 100339.9 30329.5  12880.6  6182.7  3870.3
  -993 177.085  -0.002 177.083  1219947.2 449662.3 98618.9 38132.2  11907.3 12833.7  4047.9
  -992 680.797  -0.003 680.794  1437726.5 454180.8 163974.3 41048.8  15256.2  8890.0  5434.4
  -991 -37.831   0.001 -37.830  1329063.5 443329.3 139580.1 31256.2  11685.0 16792.3  3419.4
  -990 589.263  -0.002 589.261  1411745.8 491715.8 151227.4 38141.6  15144.4  5813.8  4429.0
  -989 328.228  -0.000 328.228  1428177.1 480773.0 162803.5 32957.5  14881.0  5495.6  4367.8
  -988 -835.518   0.031 -835.487  1012278.7 330977.8 79704.2 21973.9  10280.0  4070.3  2399.4
  -987 -72.255  -0.006 -72.261   957488.1 360718.3 71658.9 22245.3  10232.4  4997.0  2756.7
  -986 -630.562   0.007 -630.555   854623.8 377925.8 59311.5 23724.1   9537.7  7455.3  2551.1
  -985 -257.411   0.000 -257.410   819428.7 342921.2 26131.3 23418.9  10741.9  9843.7  2738.0
  -984 -226.149  -0.000 -226.149   816566.3 333029.9 25124.6 27911.0  10192.6  8363.9  2823.8
  -983 567.516  -0.005 567.511  1124719.5 467302.0 65000.2 42260.4  12482.4 11370.5  4700.5
  -982 841.386  -0.005 841.381  1308994.9 450852.4 96786.3 40597.9  13143.9 12128.1  5138.7
  -981 300.219  -0.000 300.218  1155791.8 384412.5 83242.7 30943.0  10311.9  6524.3  3410.6
  -980 269.220  -0.002 269.218  1332143.6 443589.4 110243.8 40678.3  15659.6  9962.0  5157.6
  -979  81.357  -0.000  81.357  1245641.0 476027.3 108401.0 29673.2  11747.3 13549.3  3183.8
  -978 128.959  -0.000 128.959  1245612.4 475149.9 106619.2 31718.5  12003.5 11367.9  3131.2
  -977 -48.640   0.002 -48.637  1222613.2 357591.7 102384.9 32196.6  12383.4  7337.2  3414.4
  -976 165.811  -0.002 165.809  1300848.7 442729.2 96369.3 34605.2  13018.8  9477.1  3739.9
  -975 -1017.338   0.055 -1017.283   972410.4 319973.2 37858.2 15880.0   9657.9  7178.0  2110.2

         Carbon flux (ktC/yr)        Water (dam3/yr)                Nitrogen (MgN/yr)
       ----------------------- -------------------------- --------------------------------
Spinup NEP     estab   NBP     transp     evap    interc  nuptake ndemand  nlosses ninflux
------ ------- ------- ------- ---------- ------- ------- ------- -------- ------- -------
  -974 739.871  -0.028 739.843  1010100.9 552040.6 68807.4 35827.4   9861.5 11843.1  3044.1
  -973 -149.041   0.001 -149.040  1030477.2 302333.1 42912.1 26324.3   9528.2  5746.8  2822.7
  -972 -86.061   0.001 -86.060  1010194.5 315408.2 70166.3 30119.9  11502.9  8871.7  3252.5
  -971 -524.923   0.023 -524.899   866343.3 312076.5 44662.9 15965.5  11362.9  4856.0  2866.5
  -970 553.414  -0.012 553.402   949548.0 486227.3 67016.7 35436.0   9941.6  5544.4  3150.0
  -969 -181.641   0.002 -181.640   883222.0 307223.2 36395.2 29737.9   9552.4  4489.4  3040.1
  -968 364.306  -0.003 364.303  1098382.1 502041.5 78134.6 34268.2  12478.4  4740.1  4349.7
  -967 -119.488   0.001 -119.487  1078432.2 401391.1 63140.5 31245.6  12478.4  4963.3  3675.0
  -966 -187.714   0.003 -187.711  1048387.2 400770.5 64645.8 32366.7  12251.2  4714.0  3375.0
  -965 -43.625   0.014 -43.611   906322.6 378535.8 59731.1 26492.6  10048.2  5695.7  2909.2
  -964 -364.968   0.004 -364.964   782579.7 395858.9 49723.2 27562.1   8661.8  9665.9  2529.5
  -963 669.392  -0.002 669.390  1009580.9 520521.3 56464.2 34789.3  12157.5 19110.9  4060.3
  -962 375.059  -0.005 375.054  1031597.2 356275.5 57842.7 32420.7  11176.3  5172.7  3764.1
  -961 -414.197   0.008 -414.189   905728.5 306335.5 42105.4 22750.1  11145.4  7252.4  3095.6
  -960 560.412  -0.010 560.402  1035664.6 464038.0 66676.0 42484.6  13643.1 28069.6  4374.0
  -959 459.449  -0.003 459.446  1053347.9 389088.7 68436.1 35542.9  10694.0  5101.6  3667.0
  -958 -133.354  -0.301 -133.655   980648.1 366900.2 75515.3 27921.9  10349.1  5788.7  3243.5
  -957 -259.788  -0.002 -259.790   835587.7 373344.1 53182.4 28614.7  10999.4  4915.9  3343.4
  -956  59.825   0.005  59.830  1058825.9 478550.0 89507.4 33608.2  13371.8 11809.6  4311.2
  -955 278.132   0.003 278.135  1067286.5 381919.2 83797.7 35578.3  12543.3 14166.1  4166.9
  -954 -564.099   0.021 -564.078   773508.7 458901.2 55329.2 17586.8   8893.7 12693.5  2185.0
  -953 598.851  -0.017 598.833   997234.1 524509.2 61853.1 38315.9  10645.8 10902.1  3687.8
  -952 159.540  -0.001 159.539  1086849.2 481720.3 89746.3 33918.7  11397.6 18320.4  3931.6
  -951 439.524   0.000 439.524  1240348.8 424981.5 121320.0 36151.8  14482.8 17840.3  4999.7
  -950 -49.240   0.008 -49.232  1112045.3 339287.8 66284.4 31689.8  12197.6  5301.1  3434.2

         Carbon flux (ktC/yr)        Water (dam3/yr)                Nitrogen (MgN/yr)
       ----------------------- -------------------------- --------------------------------
Spinup NEP     estab   NBP     transp     evap    interc  nuptake ndemand  nlosses ninflux
------ ------- ------- ------- ---------- ------- ------- ------- -------- ------- -------
  -949 -976.209   0.071 -976.138   858772.5 334527.0 32412.3 19517.3   9560.4  6327.5  2131.4
  -948   1.014  -0.017   0.996   723090.3 373753.9 32744.2 23873.5   9258.7  5726.8  2624.4
  -947 667.981  -0.008 667.973   963836.2 490015.2 62434.6 39112.0  13436.0 14985.5  4570.2
  -946 493.997  -0.017 493.980   976246.3 401246.2 66018.8 37510.5  10258.8  3747.3  3938.3
  -945 -18.533  -0.001 -18.534  1057541.8 503013.6 79204.2 27492.4  12138.8  9041.9  3958.0
  -944 408.392   0.000 408.392  1342349.3 477809.1 130346.8 42303.1  15024.3  9019.0  5714.2
  -943  71.803   0.001  71.804  1138030.1 497405.2 94366.3 28725.8  11758.7 11718.2  3336.9
  -942 109.332   0.008 109.340  1046027.6 394751.6 81267.2 36187.0  10909.5  3037.0  3290.1
  -941 306.265  -0.005 306.260  1203247.1 399801.8 103286.4 32896.3  14198.4  7058.9  4114.5
  -940 207.841  -0.001 207.840  1292609.1 520528.4 127985.3 30138.9  15216.2  3989.5  4633.7
  -939 -137.651   0.001 -137.650  1228800.3 464973.9 116934.4 35101.3  12376.5  8329.6  3549.5
  -938 -489.938   0.009 -489.929  1003831.7 425797.1 72861.9 27772.7  11979.6  3028.8  2810.4
  -937 -435.565   0.025 -435.540   766961.7 461688.0 52508.9 12550.2   8731.3  8079.8  2084.4
  -936 -67.371  -0.004 -67.375   768104.8 422841.8 44972.3 37217.8   8239.6  9609.2  2276.3
  -935 584.272  -0.004 584.267  1079865.3 479852.5 60607.6 34941.9  13774.3  9633.0  4418.4
  -934 344.404  -0.008 344.396  1156547.9 480866.3 80714.9 41480.5  13881.9 10234.6  5518.5
  -933 -510.693   0.020 -510.673   785944.4 449169.4 53898.1 15689.3   8667.8  8112.2  2069.3
  -932 954.504  -0.012 954.492  1140718.5 471214.6 83293.7 44303.5  12582.9  7448.2  4394.0
  -931 149.108  -0.002 149.106  1054796.1 511802.0 78676.1 30160.4  11080.4 12092.6  3636.4
  -930 -43.750  -0.000 -43.750  1002214.1 358153.9 57209.5 33136.5  10406.0  5162.9  3187.0
  -929 -690.510   0.029 -690.481   847971.6 309769.5 45757.0 20780.5  11231.4  4764.9  2748.8
  -928 268.448  -0.013 268.435   866083.1 399544.4 46350.5 36663.7   9563.9  5931.2  2894.7
  -927  40.556  -0.000  40.556   911382.4 345234.5 62544.9 30401.3  12571.9 10648.5  3409.2
  -926 223.890  -0.002 223.888  1069989.8 470585.5 73060.6 32862.1  13210.6  4025.6  4031.2
  -925 139.148  -0.001 139.146  1053237.6 457397.7 79131.9 36033.9  13657.5 16024.1  4080.6

         Carbon flux (ktC/yr)        Water (dam3/yr)                Nitrogen (MgN/yr)
       ----------------------- -------------------------- --------------------------------
Spinup NEP     estab   NBP     transp     evap    interc  nuptake ndemand  nlosses ninflux
------ ------- ------- ------- ---------- ------- ------- ------- -------- ------- -------
  -924 574.486  -0.002 574.484  1299852.7 431696.0 123830.3 36350.1  15016.1 15334.4  4660.8
  -923 -372.505   0.003 -372.501  1173166.7 401998.2 76962.7 29578.4  11798.7  5182.0  2966.0
  -922 -468.087   0.021 -468.066   886933.1 329287.8 47456.6 21410.8  10761.6  4600.1  2609.1
  -921 -45.225  -0.002 -45.227   901736.6 357506.2 48581.3 32409.5   9608.7  5341.1  2158.3
  -920 335.946  -0.006 335.939  1026197.6 479238.0 67638.0 36285.5  14088.5 16681.2  4113.2
  -919 318.573  -0.001 318.572  1115936.3 387132.2 80175.5 32658.6  11949.3  6259.3  3702.0
  -918 677.935  -0.003 677.932  1312375.3 513714.5 112810.4 36231.6  13806.2  8339.3  4449.9
  -917 -756.055   0.057 -755.998   818590.5 455874.1 59193.0 12087.0   7959.7  6863.3  1878.7
  -916 788.313  -0.029 788.284   935451.1 457046.9 62404.6 36704.7   8977.4  7623.6  3302.2
  -915 120.647  -0.002 120.645  1005374.3 371494.0 52114.5 30644.5   9581.7  7332.0  3081.4
  -914 143.992  -0.002 143.990  1102305.9 503406.4 76403.3 30606.1  12095.2  8313.0  3568.4
  -913 171.173  -0.001 171.172  1193531.9 473124.3 77849.1 34086.7  11647.2  5994.3  3528.9
  -912 369.612  -0.002 369.611  1353966.1 429410.9 124841.2 35405.5  14521.9 16122.9  4438.8
  -911 154.533  -0.001 154.531  1387257.3 495828.9 115195.0 33862.2  14967.9  6016.3  4533.4
  -910 -473.528   0.029 -473.499   988576.1 339396.9 80733.1 26519.7  10464.3  9022.1  2601.0
  -909 330.677  -0.010 330.667  1045378.9 508098.5 77711.7 29614.9  12054.9  2649.8  3463.9
  -908 200.459  -0.002 200.457  1004982.3 358392.8 63640.8 26130.8  11930.3  2787.6  3356.3
  -907 -212.492   0.003 -212.489   944579.5 353176.3 69147.9 30329.8  12063.7  8002.7  3129.3
  -906 335.227  -0.003 335.224  1089987.7 497852.1 72031.4 30436.3  13121.6  4740.0  3701.7
  -905 -727.277   0.025 -727.252   779722.7 423775.8 52011.9 27688.2   8783.2  9091.4  2219.1
  -904 433.403  -0.011 433.392   822734.2 360878.3 31183.8 30711.3  10180.6  5118.8  3226.3
  -903 205.663  -0.003 205.659  1034728.4 479534.1 77040.6 32035.8  12601.8  8291.9  4154.0
  -902  49.086  -0.001  49.085  1045570.4 416040.7 57527.3 32740.8  12246.5  3423.3  3584.3
  -901 -111.514   0.001 -111.513  1058576.0 414161.9 60184.8 33358.2  12336.8  3611.8  3222.4
  -900 -47.473   0.002 -47.471   946767.3 356178.7 65536.6 31482.8  11599.6 11417.0  2980.2

         Carbon flux (ktC/yr)        Water (dam3/yr)                Nitrogen (MgN/yr)
       ----------------------- -------------------------- --------------------------------
Spinup NEP     estab   NBP     transp     evap    interc  nuptake ndemand  nlosses ninflux
------ ------- ------- ------- ---------- ------- ------- ------- -------- ------- -------
  -899  74.788  -0.000  74.787   935441.0 350882.9 65397.4 27701.2  12926.1  8501.8  2988.2
  -898 659.930  -0.004 659.925  1178174.7 528786.4 96643.3 36045.1  14384.0  5971.9  4425.5
  -897 400.618  -0.003 400.615  1407313.3 478366.6 133271.2 35821.7  14974.1  7373.6  5337.4
  -896 -519.700   0.010 -519.690  1172518.0 402418.4 75180.6 28580.1  11995.6  4088.0  2866.5
  -895 776.911  -0.007 776.903  1377360.9 508441.8 130341.4 38314.7  15891.8  6222.8  5305.5
  -894 399.008  -0.001 399.007  1336669.7 437295.2 111691.8 27277.3  12373.0  5437.8  3643.4
  -893 -914.521   0.054 -914.467   768539.2 427975.7 60778.2 25512.4   7862.0  7193.5  1826.0
  -892 180.686  -0.022 180.664   782385.6 365549.3 36057.8 21032.8  10795.0  7490.1  2821.7
  -891 -243.807   0.002 -243.805   783803.7 336420.8 25072.7 26439.7   9149.6  7625.4  2284.7
  -890 284.193  -0.002 284.191   870729.6 367089.3 53560.1 36238.1  12334.4 12208.2  3496.6
  -889 690.433  -0.004 690.428  1162676.6 490328.7 81077.6 36361.0  14800.6  5884.1  5029.7
  -888 -739.550   0.029 -739.520   819761.9 407713.4 53835.5 23169.2   8646.8  9150.3  2162.1
  -887 1129.937  -0.011 1129.925  1047987.0 579065.0 74648.2 35615.4  12155.6  9948.7  4673.5
  -886 463.421  -0.003 463.419  1114017.2 466799.2 82736.5 28336.6  11700.8  4427.0  4371.1
  -885 289.139  -0.002 289.138  1194232.2 529496.9 108158.4 35279.5  13321.2  5101.2  4901.7
  -884 -314.594   0.005 -314.589   980132.6 329906.6 77785.2 28323.7  12389.0  9567.7  3092.8
  -883 408.416  -0.004 408.412  1167929.3 515665.6 93133.9 30827.2  13633.6  3453.0  4105.7
  -882   1.641  -0.001   1.640  1161030.7 471121.3 84818.6 29311.7  12298.1  5500.2  3575.4
  -881 -860.601   0.054 -860.548   901518.5 337617.5 32674.5 20707.3  10227.7  7822.9  2165.5
  -880 812.932  -0.028 812.904   998555.8 581906.8 74062.1 40192.8  14012.6  7423.9  4724.6
  -879 573.991  -0.004 573.986  1250952.0 502882.9 102021.9 35170.1  13676.1  6165.4  4999.3
  -878 -583.414   0.024 -583.390   954730.8 309819.5 56263.3 17944.9  10819.7  7004.4  2767.4
  -877 884.692  -0.014 884.677  1161781.1 557981.7 102791.6 41007.5  11872.7  5851.8  4132.5
  -876 -408.487   0.023 -408.464   927472.7 322791.3 45887.4 26217.6   8909.0  4118.2  2446.4
  -875 562.596  -0.011 562.585  1129710.9 431188.5 84287.0 32458.3  13074.9  6136.0  4148.1

         Carbon flux (ktC/yr)        Water (dam3/yr)                Nitrogen (MgN/yr)
       ----------------------- -------------------------- --------------------------------
Spinup NEP     estab   NBP     transp     evap    interc  nuptake ndemand  nlosses ninflux
------ ------- ------- ------- ---------- ------- ------- ------- -------- ------- -------
  -874 -327.178   0.018 -327.161   950060.0 345328.3 58647.6 23793.3  10882.2  3398.8  2974.9
  -873 353.492  -0.005 353.487   957829.5 424916.3 71320.9 35388.8  11525.4  4284.9  3715.5
  -872 -692.632   0.030 -692.602   824833.0 322622.2 30596.1 13785.5  11195.2  5255.1  2647.7
  -871  99.653  -0.014  99.639   833701.7 412801.3 41169.5 33392.3  10241.9  4657.2  2793.0
  -870 179.751  -0.002 179.750   997974.7 354596.6 43148.1 30277.8  11948.7  4742.7  3488.7
  -869 512.248  -0.004 512.244  1249746.5 521945.3 81640.0 38018.5  14552.1  7312.9  5119.2
  -868 -723.508   0.018 -723.490   797504.9 417502.8 54502.5 22207.4   7765.6 14313.2  1928.4
  -867 872.122  -0.009 872.114  1017662.5 523828.0 57745.8 32724.5  11176.2  9217.7  3627.3
  -866  63.939   0.001  63.940   930346.4 349989.0 60950.1 30336.9  10956.1 12283.0  3288.3
  -865  23.423   0.002  23.425   920293.4 348337.7 61497.0 29947.6  12343.4  5960.9  3278.7
  -864 294.964  -0.002 294.963  1085565.7 487407.5 68934.2 31454.6  12740.6  4225.4  3641.8
  -863 310.491  -0.002 310.490  1094781.4 400718.0 69249.6 34693.0  11430.1  5712.3  3507.0
  -862 113.948  -0.002 113.946  1294603.4 491983.4 101518.7 32574.2  15577.3  3904.8  4815.1
  -861 -158.925   0.002 -158.922  1154770.9 444190.9 91334.8 31813.0  14090.8 15258.9  3397.9
  -860  53.292   0.000  53.292  1259455.0 469645.8 106189.3 31301.7  13410.0  5094.2  3307.1
  -859  25.982   0.001  25.982  1289720.5 448111.3 89109.4 31220.2  12836.2  3748.0  3329.1
  -858 301.523  -0.002 301.521  1385917.7 505182.6 121369.8 33205.8  15058.9  4855.2  4035.6
  -857 -926.694   0.086 -926.609   879667.1 333142.7 34517.6 16330.0   8530.7  5211.3  1837.5
  -856 -125.526  -0.026 -125.552   754478.0 383674.7 35314.5 21044.5   8883.0  5873.0  2180.9
  -855 842.386  -0.009 842.377  1097321.0 572042.1 69679.4 35386.7  10553.7  5052.7  3710.5
  -854 -36.628   0.002 -36.626   930638.5 383570.8 48468.5 29015.0   9723.6  6008.3  3112.3
  -853 176.542  -0.002 176.541  1133314.5 466682.2 72888.4 31983.8  12687.0  6256.0  4024.5
  -852 275.058  -0.002 275.056  1259162.7 516879.0 89233.9 33837.2  11821.5  7217.9  4098.3
  -851 -136.045   0.007 -136.039  1123410.9 395025.2 85693.7 29111.7  11902.5  7398.9  3519.0
  -850 518.415  -0.005 518.409  1313013.7 552201.7 111217.1 35038.0  15280.5  6737.3  4563.1

         Carbon flux (ktC/yr)        Water (dam3/yr)                Nitrogen (MgN/yr)
       ----------------------- -------------------------- --------------------------------
Spinup NEP     estab   NBP     transp     evap    interc  nuptake ndemand  nlosses ninflux
------ ------- ------- ------- ---------- ------- ------- ------- -------- ------- -------
  -849 -177.164   0.026 -177.138  1035973.1 366537.6 72849.5 21732.3   9473.2  4124.5  2327.3
  -848 419.376  -0.013 419.363  1240945.3 556312.6 92572.2 36116.6  13723.3  5001.7  4260.6
  -847 -257.256   0.012 -257.244   927093.8 358342.4 69758.2 23786.7  10682.3 13824.4  2803.6
  -846 603.823  -0.004 603.819  1197352.4 447223.0 96935.3 32157.0  14766.4  4341.6  4436.3
  -845  86.860   0.004  86.864  1054106.4 346570.1 67094.1 26886.1  12097.5  3010.1  3547.6
  -844 -297.760   0.008 -297.752   961290.2 336425.0 61089.6 30227.7  12232.4  6252.7  3365.0
  -843 -28.388   0.002 -28.386   924060.9 354551.4 67120.2 29429.1  13193.6  7962.5  3181.7
  -842 488.246  -0.005 488.241  1173633.0 500817.9 92277.5 33999.1  15975.7  4744.8  4920.8
  -841  88.271  -0.008  88.263  1206891.9 484970.1 95423.0 33577.2  15694.8  9139.4  5108.1
  -840 -627.776   0.037 -627.739   959930.1 325307.0 46443.0 24938.2   9298.8  4536.9  2408.5
  -839 -324.425   0.003 -324.422   695740.1 465429.5 49293.4 13600.3   8659.5  5072.3  1995.7
  -838 656.739  -0.012 656.728   997428.9 547888.1 62953.4 38786.6  12254.8  5893.2  4139.1
  -837 408.232  -0.006 408.226  1126658.0 494462.3 82756.1 38362.1  14586.5  9071.5  5634.1
  -836 -594.800   0.016 -594.785   904272.0 319191.4 47955.5 18166.2  10607.3  5492.3  2875.0
  -835 -180.664  -0.002 -180.666   806087.7 342378.0 26541.2 25958.1   8596.3  6469.4  2292.2
  -834 -125.782   0.002 -125.780   721154.9 478297.2 45427.5 19304.6   9226.6  7282.7  2285.0
  -833 793.509  -0.005 793.505  1017932.7 509032.3 64768.1 37583.9  12430.7  4494.1  4534.5
  -832 482.963  -0.004 482.959  1137133.4 523025.8 89903.4 34178.0  12826.6  9201.1  5152.9
  -831 297.261  -0.003 297.258  1319917.1 486992.4 126385.1 33603.6  14398.2  7843.6  5804.0
  -830 -774.138   0.042 -774.096   877813.4 331938.9 34428.3 15516.4   9439.5  8323.8  2274.4
  -829 608.888  -0.022 608.866   893698.5 451194.4 63728.0 38965.0  10075.4  4720.8  3518.5
  -828 483.837  -0.004 483.833  1248984.3 493114.2 98343.2 31231.4  15103.2  4557.1  5208.1
  -827 118.120  -0.000 118.120  1107658.7 392857.2 83300.0 29010.3  10738.3  4141.1  3442.2
  -826 -431.239   0.014 -431.225   977378.4 323316.0 72800.5 21811.8  11634.0  2853.5  2914.7
  -825 -72.857  -0.002 -72.859   868579.5 385536.0 65472.7 29312.7  12694.2  8650.5  3403.6

         Carbon flux (ktC/yr)        Water (dam3/yr)                Nitrogen (MgN/yr)
       ----------------------- -------------------------- --------------------------------
Spinup NEP     estab   NBP     transp     evap    interc  nuptake ndemand  nlosses ninflux
------ ------- ------- ------- ---------- ------- ------- ------- -------- ------- -------
  -824 596.530  -0.004 596.526  1262530.2 519626.8 117688.8 34493.1  17033.2  6490.6  6040.5
  -823 148.904  -0.001 148.904  1245000.3 415291.2 113328.1 29988.0  14193.5  8231.1  4695.3
  -822 -86.020   0.002 -86.019  1113706.4 383933.7 94075.7 32032.1  12755.6  6611.9  3720.0
  -821 -612.858   0.032 -612.826   888450.8 338283.4 50452.4 16320.3  11414.1  5991.1  2804.6
  -820 264.146  -0.013 264.133   890355.0 371970.3 56825.7 32705.7  10059.5  4201.9  2834.4
  -819 -19.721   0.003 -19.718   879789.1 409962.2 51598.7 28000.8  10320.9  4533.4  3130.0
  -818 192.043  -0.002 192.041  1067186.5 478485.3 76138.1 30230.9  13361.3  6636.8  4326.2
  -817 104.413  -0.001 104.412  1035617.9 396019.3 82930.4 31874.3  12537.8  8126.9  4133.6
  -816 493.059  -0.004 493.055  1219231.8 530636.1 110866.8 33938.0  14410.5  9246.5  4950.8
  -815 -269.055   0.002 -269.054  1103671.5 341532.7 68683.9 24629.5  12245.0  3474.3  3191.3
  -814 -118.107   0.004 -118.103  1165688.2 495073.4 103618.3 32421.8  13179.5  8186.6  3759.3
  -813 330.794   0.000 330.794  1312738.2 521882.2 108821.2 32591.6  16426.3  5103.5  5141.8
  -812 382.607  -0.002 382.605  1485521.3 479876.3 155180.5 33028.7  15207.2  7820.3  5408.4
  -811 -637.244   0.020 -637.225  1130200.0 414366.2 85169.3 24468.1  11853.5  3589.2  2862.9
  -810 -111.564  -0.006 -111.570   920724.3 372216.0 77269.5 27722.7  11658.7  8715.5  2972.6
  -809  61.510   0.009  61.519   907441.3 352817.9 65806.0 22486.8  12464.4  2755.5  3145.2
  -808 176.579  -0.004 176.575  1066171.4 516853.5 77063.2 32752.1  13292.8  5289.7  4436.9
  -807 -119.024   0.001 -119.023   942884.9 379895.0 55394.0 29070.6  10666.0  5420.2  3158.6
  -806 443.160  -0.007 443.153  1178497.9 439743.9 113953.4 32007.3  16213.5 12436.0  5302.8
  -805 207.558  -0.001 207.556  1062992.2 406427.2 79996.8 32107.7  11866.4  5725.3  3849.9
  -804 -368.325   0.027 -368.299   942081.6 328992.2 75896.0 16582.2  10381.2  2851.8  2515.6
  -803 243.249  -0.013 243.236  1097795.5 543185.1 86935.8 39570.5  15283.2  6088.6  5161.2
  -802 375.536  -0.003 375.533  1284323.8 527512.2 96872.8 27793.5  12546.5  4786.3  4379.4
  -801 -225.943   0.004 -225.939  1094351.1 396404.4 90874.9 28067.7  11396.1  7136.6  3762.5
  -800 294.853  -0.003 294.850  1164377.3 503059.7 85784.8 29142.7  12479.5  5598.6  3665.0

         Carbon flux (ktC/yr)        Water (dam3/yr)                Nitrogen (MgN/yr)
       ----------------------- -------------------------- --------------------------------
Spinup NEP     estab   NBP     transp     evap    interc  nuptake ndemand  nlosses ninflux
------ ------- ------- ------- ---------- ------- ------- ------- -------- ------- -------
  -799 368.057  -0.001 368.056  1256869.7 469125.4 102997.2 28771.8  13187.5  3638.9  4148.2
  -798 -122.253   0.000 -122.253  1247785.0 503799.7 123563.4 21305.6  15877.3   253.0  4956.4
  -797 -313.176   0.006 -313.170  1080807.2 507116.0 89894.4 23724.2  13030.9  1338.7  3702.1
  -796 142.865  -0.002 142.863  1203831.6 554214.5 115009.3 28336.0  16890.7  2540.8  5358.0
  -795 179.752  -0.000 179.752  1167207.2 461658.2 107028.3 23629.7  14399.6  1319.6  4312.4
  -794 -183.945   0.006 -183.939  1049620.1 394956.8 93472.2 26241.7  13492.4  2399.8  4022.3
  -793 -31.924  -0.003 -31.927  1005373.4 472820.9 89874.5 27126.3  16760.3  8644.1  4385.6
  -792 -723.657   0.038 -723.619   845263.7 341883.4 34218.8 16325.0  11071.2  3107.4  2456.8
  -791 470.316  -0.018 470.298   861883.5 539582.3 68976.3 33141.6  14669.1  8136.8  4424.4
  -790 578.430  -0.002 578.428  1116901.2 539011.9 103599.5 28897.3  13935.8  4473.6  5214.2
  -789 165.764  -0.001 165.762  1205117.4 523055.3 111801.7 28647.6  14910.9  3735.8  5592.5
  -788 -422.388   0.014 -422.374   938232.4 323468.2 53731.2 24033.6  10977.2  4770.6  3017.8
  -787  94.940  -0.001  94.939   969791.4 487432.5 86545.9 28359.2  16336.0  7517.0  4455.1
  -786 119.311   0.002 119.313  1039006.8 527815.6 91703.9 24963.6  13230.9  5229.4  3929.3
  -785 -704.474   0.041 -704.434   794237.0 410615.7 63073.7 22316.6  10022.1  4396.3  2332.1
  -784 795.969  -0.017 795.952  1013415.0 614870.0 80851.6 33795.5  15002.3  4985.3  5282.3
  -783 200.448  -0.008 200.440  1029726.5 483609.7 84951.0 22742.0  12172.3  7284.4  4164.0
  -782  -9.480  -0.001  -9.481   942807.9 377145.7 63566.8 28857.4  11065.3  4885.6  3385.1
  -781 -668.911   0.021 -668.890   788430.1 407498.2 64258.6 21015.9  10555.6  3961.1  2396.5
  -780 -54.455  -0.004 -54.459   669142.6 492040.6 48910.3 15280.1  11156.2  5349.6  2446.7
  -779 168.946   0.003 168.948   873478.2 439826.6 51350.1 32489.0  12882.7  2778.1  3847.1
  -778 212.313  -0.000 212.313   937631.4 537866.9 69209.7 26630.0  12933.3  9598.4  4332.9
  -777 394.507  -0.002 394.505  1069519.9 532890.4 95056.8 29172.3  13882.2  7220.7  5278.0
  -776 -112.060  -0.002 -112.062   988669.7 362210.8 59787.6 24182.6  12906.3  2717.9  3950.7
  -775 -134.318  -0.003 -134.321   977059.2 359362.3 58367.3 25693.5  13950.1  2473.1  3971.2

         Carbon flux (ktC/yr)        Water (dam3/yr)                Nitrogen (MgN/yr)
       ----------------------- -------------------------- --------------------------------
Spinup NEP     estab   NBP     transp     evap    interc  nuptake ndemand  nlosses ninflux
------ ------- ------- ------- ---------- ------- ------- ------- -------- ------- -------
  -774 -149.167   0.004 -149.163   890783.9 402214.1 55381.1 25431.6  12591.8  3428.7  3518.6
  -773 -222.362   0.001 -222.360   801846.6 335800.0 41054.1 21433.0  12014.4  2913.2  3123.1
  -772 -11.496   0.002 -11.495   951189.8 510060.7 87373.0 25204.1  13976.8  6719.7  4401.8
  -771 306.897  -0.002 306.895  1009550.4 513406.0 74021.3 25894.5  14053.5  6676.8  4384.4
  -770 308.200  -0.002 308.198  1111007.6 545379.9 88553.7 27771.5  12842.9  6227.7  4876.7
  -769 266.246  -0.002 266.244  1118799.9 533899.2 110723.2 26359.8  14372.1  8554.5  5394.4
  -768 -341.078   0.013 -341.064   914353.9 323264.1 51370.6 21880.2  11661.7  2929.8  3306.3
  -767 120.176  -0.006 120.170   853479.3 376553.4 75832.9 27639.8  12911.3  2216.5  3824.4
  -766 186.374  -0.002 186.372  1106742.8 550498.8 109788.8 23578.8  17338.0  3195.2  5766.3
  -765 -333.607   0.008 -333.599   878833.0 333826.5 46724.4 22292.5  11573.4  3417.3  3200.0
  -764 362.613  -0.002 362.611  1092456.9 456742.9 113309.4 27963.2  16807.1 11301.0  5568.9
  -763 -24.028   0.004 -24.025  1080803.7 486867.5 86659.4 24710.8  14052.5  8360.1  4738.0
  -762 -584.101   0.023 -584.078   866196.9 331998.8 51286.4 13352.5  13018.8  3027.1  3274.7
  -761 247.306  -0.005 247.301   818556.0 416250.4 51357.2 33172.8  10506.4  3124.8  3228.0
  -760 -134.535  -0.001 -134.536   872483.3 348062.3 54093.5 21072.4  12499.5  2609.8  3514.4
  -759 -175.961  -0.001 -175.961   832598.5 347541.3 39482.5 26350.4  11813.0  3952.0  3507.1
  -758 283.738  -0.000 283.738  1049967.1 528093.0 81882.6 30212.7  18037.5  5848.4  6209.3
  -757 406.068   0.001 406.069  1171421.8 538983.8 99205.4 28389.3  15657.6  6171.5  5933.6
  -756  93.181   0.004  93.185  1049736.4 496675.9 92694.5 23553.0  12348.2  7708.5  4034.3
  -755 280.690   0.000 280.690  1163217.8 443779.7 120663.3 29307.6  15469.5  6086.7  5116.1
  -754 246.008  -0.004 246.004  1230403.0 498762.0 155777.9 29759.0  16405.2  5799.8  6249.1
  -753 -144.457  -0.003 -144.460  1042123.0 341690.7 78826.5 22234.5  13781.9  3036.2  3823.5
  -752 164.352  -0.001 164.351  1157131.8 545232.5 132467.3 24494.0  17007.1  3656.8  5553.1
  -751 -275.654   0.013 -275.641   934604.1 325332.6 78933.4 20244.8  14091.3  4926.4  3894.9
  -750  56.661  -0.000  56.661   957313.1 503987.1 91331.5 27489.8  14125.5  2998.5  4536.6

         Carbon flux (ktC/yr)        Water (dam3/yr)                Nitrogen (MgN/yr)
       ----------------------- -------------------------- --------------------------------
Spinup NEP     estab   NBP     transp     evap    interc  nuptake ndemand  nlosses ninflux
------ ------- ------- ------- ---------- ------- ------- ------- -------- ------- -------
  -749  62.513   0.000  62.513   933098.3 415438.3 92732.8 24202.4  14332.6  5469.4  4639.0
  -748 268.274  -0.000 268.274  1141409.8 523466.7 147255.8 29104.0  16680.1  6323.6  6532.6
  -747 224.453   0.000 224.453  1045964.2 367674.0 83400.9 20616.2  15013.2  2019.7  4884.0
  -746   7.118   0.000   7.118   988791.2 368698.5 84251.0 22031.6  15200.2  1808.2  4741.1
  -745 -218.875  -0.002 -218.876  1034487.4 494540.1 100211.9 23918.4  15437.3  4432.6  5045.2
  -744 176.289  -0.001 176.288  1074771.8 507483.4 123675.9 26845.2  17118.6  5041.1  5972.2
  -743 -568.240   0.021 -568.219   848367.4 321627.0 60146.0 10995.2  14989.1  3650.0  3816.0
  -742 343.867  -0.010 343.858   874768.2 505222.3 94141.0 27286.4  11987.6  2479.4  4048.6
  -741 350.832  -0.001 350.831  1076148.2 444086.8 112163.9 28067.7  15720.6  4071.2  5775.7
  -740 -73.573  -0.000 -73.573   905826.3 463202.2 98815.6 24679.7  16002.4 11470.1  5325.9
  -739  47.887   0.000  47.887   938907.6 407765.6 98905.4 24382.9  15034.2  3322.4  4956.1
  -738 217.711  -0.001 217.710  1016810.0 485160.1 116978.2 23135.1  15081.8  2642.9  5168.6
  -737 -134.627   0.002 -134.625   879870.3 371203.6 72517.7 25641.2  13103.7  2230.8  4031.4
  -736 -47.961  -0.000 -47.961   940982.0 396422.1 98634.4 22810.6  15606.6  3629.9  4940.4
  -735 -542.997   0.015 -542.982   713160.6 461373.4 68486.0 14961.8  11941.6  4779.7  2744.8
  -734 208.502  -0.006 208.496   915743.0 521541.9 96827.8 29172.7  13481.8  5859.5  4418.5
  -733 -288.294   0.005 -288.289   823515.3 326631.7 50274.8 15936.6  13555.8  3219.6  3815.4
  -732 343.417  -0.004 343.413   998245.0 544563.4 91516.2 33779.3  11821.8  3401.1  4709.4
  -731 316.106  -0.002 316.104  1073258.8 551165.5 118056.5 24608.2  15603.5  5314.3  5827.2
  -730 -78.027   0.001 -78.027   945043.8 520386.9 103360.3 21599.3  12772.6  6174.0  4398.0
  -729 -634.256   0.034 -634.222   769137.0 346454.9 36198.1 18169.9  12492.6  3724.0  3019.7
  -728 488.211  -0.017 488.194   911984.2 616661.8 101694.1 31670.4  14409.0  4458.7  5293.3
  -727 103.710  -0.001 103.709   940607.6 500573.1 92230.6 21335.7  13483.2  4304.1  4586.8
  -726 232.920  -0.001 232.919  1037638.3 455115.0 139399.4 27600.5  15547.9  9360.6  5947.4
  -725 174.101  -0.001 174.100  1028797.4 528301.2 132981.2 25078.6  15283.3  4556.6  5712.7

         Carbon flux (ktC/yr)        Water (dam3/yr)                Nitrogen (MgN/yr)
       ----------------------- -------------------------- --------------------------------
Spinup NEP     estab   NBP     transp     evap    interc  nuptake ndemand  nlosses ninflux
------ ------- ------- ------- ---------- ------- ------- ------- -------- ------- -------
  -724 -105.018   0.001 -105.017  1006486.1 482720.8 106416.1 23576.7  14410.7  2556.1  4922.8
  -723 -54.120   0.000 -54.120   944820.5 489008.9 107702.8 24699.3  14126.4  2909.4  4437.4
  -722 -189.527   0.004 -189.523   835786.8 358100.6 88165.7 22618.7  15130.5  4380.0  4044.8
  -721 229.839   0.001 229.841  1047358.6 452185.7 122771.7 26655.2  17226.1  2012.6  6096.2
  -720 -332.009   0.004 -332.005   892653.8 419898.5 84879.7 22511.9  14678.4  1862.6  4276.1
  -719 266.512  -0.001 266.510   985272.5 543109.0 124102.4 29379.2  15776.2  5151.3  5904.1
  -718 -468.176   0.010 -468.166   797570.3 325896.0 59037.5 11752.2  14508.7  3342.5  3956.4
  -717  95.231  -0.002  95.229   816746.0 337048.9 65541.4 30685.0  12567.9  4085.8  4239.2
  -716 386.186  -0.002 386.184   948220.0 526326.5 115829.0 28966.3  14623.9  4707.8  5623.2
  -715 -290.507   0.017 -290.490   780943.0 337699.5 49616.2 21183.9  11912.1  3158.1  3763.4
  -714 309.080  -0.007 309.074   940671.6 511373.7 107479.1 27332.7  16009.6  3987.1  6088.3
  -713  90.234   0.000  90.234   908944.6 402654.4 95300.5 22140.2  14674.2  5130.6  5311.1
  -712  47.418  -0.000  47.418   910336.4 490837.6 101738.9 24277.0  13621.1  5184.8  4817.8
  -711 281.329  -0.001 281.328   998531.2 544502.4 135245.3 27518.4  15668.8  6564.0  6188.3
  -710 -169.404   0.002 -169.402   816388.6 343233.9 93272.0 21698.4  14452.3  4467.8  4264.6
  -709 -445.881   0.002 -445.879   797382.1 401584.2 84373.8 21267.6  13727.1  1498.6  3735.2
  -708 -47.739   0.000 -47.739   791474.1 363029.2 76753.8 25297.5  15173.8  4726.6  4442.1
  -707 316.821  -0.001 316.819   974221.3 496911.1 100813.5 30261.6  17705.5  3608.9  6607.8
  -706 -21.858   0.004 -21.854   873691.1 318583.6 77153.5 20624.4  14153.2  4947.5  4477.3
  -705 400.949   0.000 400.949  1082843.6 479241.2 155736.6 34269.4  15666.8  4744.8  6506.2
  -704 307.283  -0.001 307.282  1048047.3 412042.7 120143.4 26434.5  14855.5  5115.7  5497.3
  -703 -187.842   0.000 -187.842   971742.6 468899.4 137974.0 22746.1  14287.6  4810.5  4600.5
  -702 -111.080  -0.000 -111.080   853110.4 366565.9 78666.9 26733.8  13539.4  2288.6  4033.8
  -701  69.256  -0.001  69.254   851908.0 392126.6 94545.0 26772.5  14363.7  1533.6  4395.1
  -700  28.030   0.000  28.030   967300.0 412004.3 114787.6 23878.6  16206.6  5318.6  5472.0

         Carbon flux (ktC/yr)        Water (dam3/yr)                Nitrogen (MgN/yr)
       ----------------------- -------------------------- --------------------------------
Spinup NEP     estab   NBP     transp     evap    interc  nuptake ndemand  nlosses ninflux
------ ------- ------- ------- ---------- ------- ------- ------- -------- ------- -------
  -699 103.414  -0.000 103.414  1057045.1 481347.2 166996.4 26420.1  17448.6  5084.6  6837.5
  -698 -283.078   0.002 -283.077   923147.4 419243.3 94931.7 21683.8  15670.9  2283.7  4594.2
  -697 -132.057   0.002 -132.056   850987.3 325945.4 81667.6 25561.7  15544.6  4235.4  4703.4
  -696  69.843  -0.000  69.843   888728.2 474332.6 103663.6 27092.1  13697.7  3168.7  4525.1
  -695 -27.640   0.000 -27.640   874537.5 519536.4 110668.1 23272.4  13308.2  7697.1  4636.2
  -694 129.617  -0.001 129.616   977329.9 480901.3 118272.9 30089.8  17776.8  4367.1  6640.8
  -693 -23.023   0.010 -23.012   889968.2 373098.0 93466.3 22835.6  13032.3  1733.8  4099.2
  -692 152.318  -0.004 152.315   902814.8 399496.5 101002.7 26600.3  13871.8  3491.2  4864.7
  -691 -171.492   0.001 -171.491   831275.5 330392.1 58304.2 23703.9  12577.7  3733.0  4004.3
  -690 243.747  -0.001 243.746  1008702.6 423473.4 148480.2 28974.4  16800.0  8147.9  6185.3
  -689 225.996  -0.001 225.995  1051865.6 435199.8 137572.5 26776.3  16636.8  4537.6  6031.0
  -688 -165.105   0.001 -165.104   841016.3 362623.0 81133.6 25928.4  12874.6  2709.8  4118.9
  -687 -90.965   0.000 -90.965   883392.2 458147.5 112791.2 25063.7  14132.5  2926.2  4526.9
  -686 -446.250   0.006 -446.244   765946.3 325741.3 61993.6 16413.5  14455.8  3265.2  4137.0
  -685 -138.031   0.024 -138.007   751095.1 357902.3 80689.5 23762.4   9992.0  2790.7  3326.6
  -684 482.981  -0.012 482.970   915274.4 478383.3 109845.2 32484.6  14679.5  4348.8  5891.7
  -683 -473.402   0.004 -473.397   709806.5 340932.2 39216.8 16577.2  12169.2  5197.6  3684.2
  -682 -258.365   0.001 -258.365   636142.2 444507.5 64723.2 19953.4  11443.3  4559.7  3213.1
  -681 -169.855   0.001 -169.854   688479.9 343134.1 30670.5 23913.0  12448.7  5225.1  3588.2
  -680 226.993  -0.002 226.990   830895.9 465588.8 82972.7 31478.4  16038.7 11458.6  5991.2
  -679 433.220  -0.002 433.218   935937.5 427005.6 96063.0 28909.2  14159.4  2969.2  5953.3
  -678 343.613  -0.001 343.612  1021593.7 430435.8 128772.5 27300.8  15791.8  3656.6  6176.0
  -677 -83.108   0.001 -83.107   845963.3 315309.7 83051.4 24233.0  14305.9  4304.1  4817.0
  -676  34.904  -0.001  34.903   925165.9 456916.5 103243.3 29496.2  13555.2  2670.1  4944.4
  -675 115.790  -0.001 115.789   912462.4 384123.3 107026.8 26638.5  14349.4  4625.2  5048.2

         Carbon flux (ktC/yr)        Water (dam3/yr)                Nitrogen (MgN/yr)
       ----------------------- -------------------------- --------------------------------
Spinup NEP     estab   NBP     transp     evap    interc  nuptake ndemand  nlosses ninflux
------ ------- ------- ------- ---------- ------- ------- ------- -------- ------- -------
  -674 -551.780   0.007 -551.773   741424.6 341441.9 41800.4 18520.4  12409.6  4495.2  3394.6
  -673 237.501  -0.004 237.497   944788.4 477058.0 92815.6 31640.5  13656.7  3944.7  5058.8
  -672 -119.806   0.005 -119.801   849265.4 355247.1 69579.9 22910.7  12377.5  3084.6  4211.7
  -671  -1.105  -0.001  -1.106   889018.9 473504.6 117307.3 27213.7  13559.9  6558.0  4818.1
  -670 128.337   0.001 128.338   850385.4 316471.0 74235.0 24968.6  14457.4  2981.8  4725.4
  -669 -388.569   0.007 -388.562   670116.0 427632.4 69140.3 17920.5  11453.1  2865.9  2997.2
  -668 220.090  -0.002 220.088   822385.1 370813.6 70309.3 27542.9  12386.7  2453.8  3959.1
  -667 -505.439   0.008 -505.431   694291.9 336130.5 31974.8 17716.9  12058.4  4629.1  3439.6
  -666 451.385  -0.004 451.381   940690.1 454711.6 112354.5 34164.9  15619.0 10540.0  6194.8
  -665 303.970  -0.001 303.969   917720.0 363776.8 70413.6 22934.9  14608.4  3378.2  5609.1
  -664 135.314  -0.001 135.314   957486.8 523720.7 106952.1 26479.6  12652.5  3146.2  5249.3
  -663 225.198  -0.001 225.197   975298.8 408198.8 105420.9 29430.1  14514.9  4824.3  5795.5
  -662 190.386  -0.000 190.386  1000061.6 416915.3 154502.2 26148.6  16205.5  6185.0  6232.6
  -661 120.726  -0.000 120.726   891497.5 399440.1 97789.3 29669.4  13625.1  2701.9  4772.7
  -660 -200.486   0.001 -200.485   887868.2 435132.6 113384.3 22739.2  17812.6  4494.4  5625.1
  -659 -130.053   0.001 -130.053   909462.1 459495.5 131402.9 26116.5  14645.8  3118.2  4935.9
  -658 -19.324   0.001 -19.323   851001.3 311135.6 80860.4 24894.1  15288.8  1924.6  4766.4
  -657 -37.360   0.001 -37.359   816773.3 324113.9 82764.3 24426.9  13603.2  1265.0  4336.9
  -656  75.923  -0.001  75.921   981544.8 502227.0 125260.7 31856.6  17111.2  2772.8  6677.7
  -655 232.999   0.000 232.999   963005.2 445730.9 122929.6 22036.0  14751.2  3143.0  5450.9
  -654 -531.287   0.016 -531.271   758049.2 377950.2 84631.9 22778.6  12212.5  3093.8  3338.3
  -653  94.311  -0.006  94.305   844236.4 421852.5 77292.9 27719.1  14237.6  1981.1  4457.6
  -652 -54.726   0.000 -54.726   880235.6 410544.8 82324.2 25908.2  14187.2  2105.9  4764.4
  -651 -38.498   0.001 -38.497   831693.4 362261.1 85617.3 24435.0  12802.6  2228.7  4247.9
  -650 256.333   0.001 256.334   824523.4 392662.9 87097.0 30221.0  12820.7  2447.8  4729.4

         Carbon flux (ktC/yr)        Water (dam3/yr)                Nitrogen (MgN/yr)
       ----------------------- -------------------------- --------------------------------
Spinup NEP     estab   NBP     transp     evap    interc  nuptake ndemand  nlosses ninflux
------ ------- ------- ------- ---------- ------- ------- ------- -------- ------- -------
  -649 -299.271   0.001 -299.270   788309.8 342158.5 83479.9 20648.5  15495.8  5377.1  4711.1
  -648 213.068  -0.001 213.068   992715.2 503551.2 116795.6 34258.4  16631.7  3253.3  6700.5
  -647 -17.288   0.004 -17.284   926331.3 456135.9 109211.2 23594.5  13653.5  5815.5  4812.1
  -646 263.460   0.002 263.462  1022578.4 430877.0 157284.0 30908.3  15455.4  9109.9  6109.0
  -645 190.084   0.000 190.084  1031688.4 521134.9 154079.8 26473.1  15986.0  3025.1  6101.8
  -644 -118.136  -0.002 -118.138   921122.5 493349.6 129625.5 23956.1  12883.5  3280.9  4565.1
  -643 -568.092   0.011 -568.082   705095.0 426682.4 80617.0 16775.6  11958.7  2359.0  2934.0
  -642 -274.459  -0.001 -274.460   672840.7 440304.6 66630.7 21523.0  11366.1  2888.1  2899.6
  -641 112.770  -0.003 112.767   900381.1 475483.9 105499.9 31567.9  13533.4  5325.5  4800.3
  -640 414.389  -0.002 414.387  1051200.7 497085.4 117255.7 33848.3  15272.7  3857.2  6230.4
  -639 233.296  -0.000 233.295   944913.3 390429.4 93608.6 28611.8  12347.6  4178.1  4495.7
  -638 -249.045   0.001 -249.044   878770.7 342930.2 77625.4 24620.7  13437.7  1706.8  4060.6
  -637 -632.047   0.011 -632.036   782025.7 373772.4 79078.1 22565.8  12407.2  3862.0  3080.8
  -636 -240.871  -0.002 -240.872   739477.2 348671.9 31785.2 23748.5  12530.5  5037.9  3265.9
  -635 464.952  -0.003 464.949   882153.2 399926.8 73063.1 36744.0  12960.1  3575.4  4577.3
  -634 -159.573   0.016 -159.557   841563.2 336317.8 78454.4 17872.1  12244.5  2330.7  3569.0
  -633  70.674  -0.005  70.669   844858.3 333104.5 65413.2 26594.2  12825.4  5038.7  4367.2
  -632  48.025   0.000  48.026   847963.9 308980.4 65623.0 27832.1  13157.8  3809.8  4362.9
  -631 209.416  -0.001 209.414   979168.5 507885.0 98490.6 31307.0  12240.3  3866.3  4771.9
  -630 350.307   0.000 350.307  1063901.4 426421.5 138768.3 29375.5  15436.3 14249.0  5963.7
  -629 287.825   0.002 287.827  1075632.0 519286.0 139507.3 27601.7  15235.2  4645.1  5830.5
  -628 -30.633   0.009 -30.624   951442.1 345211.4 95294.8 24290.7  12574.5  1405.9  3793.5
  -627 -357.739   0.004 -357.735   826412.4 319100.5 55033.4 24226.6  11775.3  2116.0  3551.2
  -626 266.203  -0.002 266.200  1058524.7 416053.4 120051.1 30585.5  16895.6  2237.3  6107.7
  -625 -172.020   0.002 -172.019   861660.3 336038.1 87057.8 22925.8  14275.7  6087.4  4255.3

         Carbon flux (ktC/yr)        Water (dam3/yr)                Nitrogen (MgN/yr)
       ----------------------- -------------------------- --------------------------------
Spinup NEP     estab   NBP     transp     evap    interc  nuptake ndemand  nlosses ninflux
------ ------- ------- ------- ---------- ------- ------- ------- -------- ------- -------
  -624 393.096  -0.001 393.095  1048153.6 423038.8 141802.6 31302.5  15807.6  8246.4  6128.4
  -623  40.223  -0.000  40.223   990057.4 373045.2 104782.4 25960.2  13999.5  4811.5  5025.7
  -622 -74.212   0.001 -74.212   944040.4 499162.0 119972.9 25376.2  12890.8  4574.3  4564.5
  -621 -552.420   0.014 -552.406   813564.2 370009.4 84853.3 23188.1  11806.2  2864.3  3048.3
  -620 584.382  -0.006 584.376  1076161.9 481683.5 142442.2 35582.8  16143.2  4951.5  6437.8
  -619 -508.646   0.009 -508.637   740224.6 423500.8 78315.9 11011.7  10915.6  3529.3  2789.3
  -618 401.355  -0.000 401.355   931200.5 448175.1 93953.7 36107.9  14211.2  5884.9  5040.2
  -617   5.834   0.002   5.836   935300.4 346280.3 70396.7 25855.5  12977.2  1578.0  4386.6
  -616 311.604  -0.001 311.603  1123220.1 458210.2 153266.7 33814.6  16000.2  5053.8  6612.1
  -615 281.800  -0.002 281.798  1103562.1 509134.8 148364.8 25879.5  15573.2  2783.4  5816.5
  -614 -96.010  -0.003 -96.014   982987.8 487571.6 128130.5 24187.9  12761.0  4032.5  4393.2
  -613 -639.619   0.018 -639.601   835206.0 369601.9 87052.8 23805.7  11824.5  3073.9  2946.6
  -612 -361.605  -0.002 -361.607   785114.0 380642.2 73487.2 25053.1  11638.1  3988.7  2943.8
  -611 226.202  -0.001 226.202   917588.4 507434.9 97295.7 29523.8  13362.3  6437.7  4487.3
  -610 495.753  -0.000 495.753  1113231.1 462670.2 146777.3 32280.8  15599.3  5590.8  6566.4
  -609 321.091  -0.002 321.089  1113942.7 448409.3 125461.6 30606.8  16391.7  4530.4  6248.1
  -608 269.225  -0.002 269.223  1004773.4 385076.4 104998.6 31079.7  12145.5  2147.5  4175.9
  -607 127.055  -0.003 127.053  1106894.0 475167.8 156667.8 26978.9  15824.2  2936.7  5591.6
  -606 -721.045   0.024 -721.021   774920.8 431682.3 87308.0 12787.1  11484.5  3078.2  2646.5
  -605 113.719  -0.009 113.710   870284.6 356627.3 64761.1 30624.4  11713.5  1872.3  3794.1
  -604 405.453  -0.001 405.452  1060469.9 400703.8 97817.0 31532.1  14179.0  4287.6  5422.9
  -603 -815.222   0.045 -815.177   789570.8 320623.0 38307.4 13608.0  11298.2  4151.6  2939.5
  -602 388.354  -0.018 388.335   822738.1 393090.8 64453.3 27645.5  10874.9  2056.5  3921.2
  -601 277.145  -0.003 277.141   976114.6 394568.0 88950.7 28002.9  12964.7  4025.6  4990.3
  -600 343.786  -0.003 343.784  1095460.7 455273.5 113309.9 33796.2  15837.6  7098.0  6469.1

         Carbon flux (ktC/yr)        Water (dam3/yr)                Nitrogen (MgN/yr)
       ----------------------- -------------------------- --------------------------------
Spinup NEP     estab   NBP     transp     evap    interc  nuptake ndemand  nlosses ninflux
------ ------- ------- ------- ---------- ------- ------- ------- -------- ------- -------
  -599 180.609  -0.001 180.608  1056614.9 364036.3 109376.6 27309.8  13073.2  4406.1  4701.6
  -598 -38.387  -0.000 -38.387  1062260.5 450002.3 141751.6 27913.4  13470.1  6194.1  4525.5
  -597 -652.590   0.023 -652.567   836187.4 324272.4 42775.0 18274.4  11532.0  3544.5  2885.3
  -596  58.463   0.009  58.472   855103.2 362936.6 78445.6 27645.0  10702.8  2040.2  3256.7
  -595 259.493  -0.010 259.483  1014820.2 469259.5 92103.6 30741.3  12060.1  3950.0  4493.0
  -594 -599.109   0.010 -599.098   843557.1 375364.7 78711.9 21484.1  10294.4  5199.7  2750.5
  -593 819.922  -0.006 819.917  1074814.3 521139.2 104835.0 31008.7  13304.8  5877.6  5246.2
  -592  22.624   0.001  22.625   940611.4 347786.4 70269.4 25485.2  11290.4  3652.8  3971.1
  -591 322.515  -0.001 322.514  1095707.8 510142.5 129433.2 31661.7  15389.4  3053.3  5923.4
  -590 -72.316   0.001 -72.315   947197.5 344248.4 75058.7 26214.3  12300.3  3123.1  3933.2
  -589 328.523  -0.001 328.522  1111022.9 441995.1 128262.9 32483.1  16343.4  4192.3  5831.4
  -588 -83.830   0.001 -83.830  1060256.7 447667.8 135717.7 24910.4  13839.4  6777.6  4524.2
  -587 187.174  -0.001 187.173  1117955.4 494645.7 124611.9 29064.9  13155.6  3067.1  4827.4
  -586 -236.500   0.002 -236.497   978138.0 301130.5 85231.0 24191.1  14531.5  4625.9  4241.5
  -585 -169.964   0.001 -169.962   919612.8 296178.7 79903.9 25525.1  13632.3  2292.2  3866.5
  -584 -587.939   0.012 -587.928   756939.8 298022.7 50878.6 21170.3   9982.2  2455.9  2872.4
  -583 474.093  -0.004 474.089  1027418.5 422548.0 105573.2 33668.5  15064.1  2536.5  5413.7
  -582 237.012  -0.001 237.011   999169.7 377508.8 95405.8 24953.9  13845.6  5487.4  4956.8
  -581 521.869  -0.002 521.867  1115054.7 447522.0 128233.5 32734.6  15128.7  6631.2  5877.0
  -580 -554.687   0.010 -554.676   775466.0 420859.1 80421.7 12847.0  10948.1  4540.8  2762.0
  -579 646.714  -0.006 646.709  1060836.0 404444.5 94305.8 36592.6  12682.8  3778.2  5150.6
  -578 225.178  -0.000 225.178   968460.9 378954.2 89415.8 28379.4  12306.8  2418.2  4468.9
  -577 -763.343   0.018 -763.325   810433.6 313746.0 38801.2 15326.0  12998.9  3574.5  3461.2
  -576 457.576  -0.009 457.567   954431.9 466852.7 97337.2 29708.3  12606.9  2654.2  4536.5
  -575 -74.126   0.001 -74.125   910841.0 306210.2 70569.7 24681.7  13140.2  4142.5  4327.6

         Carbon flux (ktC/yr)        Water (dam3/yr)                Nitrogen (MgN/yr)
       ----------------------- -------------------------- --------------------------------
Spinup NEP     estab   NBP     transp     evap    interc  nuptake ndemand  nlosses ninflux
------ ------- ------- ------- ---------- ------- ------- ------- -------- ------- -------
  -574 376.939  -0.002 376.937  1131308.2 482820.6 116854.2 36873.3  15563.2  3437.7  6201.3
  -573  43.309   0.002  43.311  1142034.7 433595.8 102232.9 26027.1  13378.3  9237.6  4812.4
  -572 -645.473   0.022 -645.452   908680.1 298380.9 63624.9 15884.9  12961.1  3413.6  3448.0
  -571 -367.076   0.023 -367.053   776128.7 312476.6 45767.6 28842.3   8371.9  3012.8  2656.7
  -570 220.140  -0.015 220.125   922391.3 492487.6 102225.4 28439.5  12080.4  5901.3  4387.5
  -569 287.364  -0.005 287.359   972801.8 338921.9 64621.8 27733.4  12340.7  3025.3  4520.4
  -568 455.728  -0.002 455.726  1057735.0 445310.6 104353.0 29021.2  13206.2  3620.0  5119.4
  -567 498.388  -0.001 498.387  1151741.0 440700.6 126808.3 32864.8  14772.0  4612.6  5822.9
  -566 161.178   0.002 161.180  1156996.5 492329.4 128604.5 25266.2  12793.4  4280.5  5022.5
  -565 -799.680   0.027 -799.653   866200.3 322126.6 42506.7 16867.4  11817.3  5313.8  3056.8
  -564 179.646  -0.010 179.635   934990.0 322990.1 71072.6 30374.9  12676.9  4516.8  4294.5
  -563 230.893  -0.002 230.890  1009892.5 422762.5 111394.5 24733.6  12124.6  2183.8  4054.8
  -562 313.726  -0.002 313.724  1158115.2 443816.1 110827.5 35177.8  16437.7  5308.2  6250.4
  -561 -288.712   0.005 -288.707   968816.5 315512.9 97553.3 21138.8  13118.2  7233.1  3712.6
  -560 453.730  -0.002 453.727  1153376.4 504673.6 133226.8 31420.8  15610.4  2320.5  5694.2
  -559 190.442  -0.001 190.442  1196259.3 492267.0 146362.5 26623.9  15827.4  3462.3  5827.9
  -558 -142.075   0.001 -142.074  1071724.3 418311.1 119724.3 27823.5  16016.0  8491.0  4984.5
  -557 330.821  -0.001 330.820  1217594.5 433525.3 139567.2 32778.0  16655.6  2478.9  5806.4
  -556 -727.526   0.021 -727.504   969105.9 292368.5 68292.3 12665.9  14071.8  2609.2  3550.9
  -555 245.114  -0.003 245.111   919623.2 373752.5 81640.2 35234.2   9614.6  2935.9  3517.8
  -554 375.207  -0.004 375.203  1133333.6 501318.3 130685.9 28103.0  15467.5  2607.3  5709.8
  -553 -694.544   0.022 -694.522   815690.6 416639.3 76562.0 11522.2  10318.2  3888.3  2514.8
  -552 473.778  -0.007 473.771   975713.7 459707.8 86858.2 36242.0  12893.8  8736.4  4647.6
  -551 507.043  -0.002 507.041  1227686.9 483537.6 120090.7 32485.5  15022.3  3402.7  5965.9
  -550 340.050  -0.002 340.049  1295124.1 391117.7 139944.5 28846.5  14685.8  5375.0  5062.0

         Carbon flux (ktC/yr)        Water (dam3/yr)                Nitrogen (MgN/yr)
       ----------------------- -------------------------- --------------------------------
Spinup NEP     estab   NBP     transp     evap    interc  nuptake ndemand  nlosses ninflux
------ ------- ------- ------- ---------- ------- ------- ------- -------- ------- -------
  -549 -331.460   0.021 -331.440  1021843.3 337074.6 95827.3 22642.1  10986.8  1923.6  3254.1
  -548 407.049  -0.012 407.036  1193942.9 471733.6 156709.4 32508.6  14839.2  5365.4  5715.2
  -547 129.096  -0.001 129.095  1212287.4 429429.9 113256.8 26653.4  12915.8  5336.8  4467.4
  -546 249.298  -0.001 249.297  1262383.0 436391.8 134860.0 34366.7  16673.6  4365.6  5858.3
  -545 431.492  -0.001 431.491  1399999.9 437731.4 192424.4 31506.1  16192.4  3709.0  6083.9
  -544 325.922  -0.000 325.922  1357161.9 413762.8 167365.8 30445.6  15382.9  3812.0  5093.4
  -543 223.614   0.000 223.614  1433278.5 434385.4 210190.0 29732.3  17122.7  3443.2  6160.7
  -542 -49.313   0.002 -49.311  1205260.0 317762.2 109876.1 23589.7  14409.1  1204.1  4286.2
  -541 -45.832   0.001 -45.831  1255919.7 489368.8 171059.7 28739.8  17262.2  2687.4  5673.8
  -540 -336.513   0.002 -336.511  1171559.2 431768.6 155706.4 25001.2  14891.9  3885.2  4505.9
  -539 -850.814   0.030 -850.784   932680.8 366129.0 92302.3 20852.3  11457.7  3224.0  2648.5
  -538  66.212  -0.012  66.200   905192.1 345328.2 79179.4 25559.3  13056.0  4642.3  3580.3
  -537 213.555  -0.003 213.552  1011333.9 486009.9 104556.8 26545.4  12270.2  3177.7  4294.8
  -536 -554.413   0.010 -554.403   803047.1 418597.1 70333.2 14257.6  10346.4  3791.8  2652.3
  -535 678.207  -0.006 678.201  1092909.3 512042.6 105390.4 37755.1  12371.5  3863.0  5102.0
  -534 347.014  -0.001 347.013  1156874.3 487929.8 124858.8 27318.8  13333.4  5479.3  5282.7
  -533 -138.673   0.007 -138.667  1030530.8 343900.1 88575.7 23308.9  12041.1  1673.0  3671.4
  -532 248.818  -0.004 248.814  1213476.3 451984.0 153987.0 31929.4  15798.2  5183.1  6297.2
  -531 355.861  -0.001 355.860  1306565.3 440646.3 169507.0 30383.9  15895.2  5221.9  6324.0
  -530 -13.039   0.000 -13.038  1233297.7 423791.5 117211.7 27755.1  13035.3  4380.4  4457.6
  -529 196.623  -0.001 196.622  1265051.7 482772.4 158999.1 31175.6  15890.5  3424.3  5502.5
  -528 -1135.596   0.063 -1135.533   910034.4 313379.5 45885.1 12597.3  10966.9  2637.7  2578.2
  -527 918.480  -0.031 918.449  1066886.8 567375.5 107166.9 37075.3  10868.1  3991.6  4082.3
  -526  -7.721  -0.001  -7.721  1064017.2 335641.5 76216.6 23143.6  11861.6  2214.0  3870.9
  -525 397.831  -0.001 397.829  1266011.5 402232.7 131604.2 33895.4  14749.3  3567.9  5430.4

         Carbon flux (ktC/yr)        Water (dam3/yr)                Nitrogen (MgN/yr)
       ----------------------- -------------------------- --------------------------------
Spinup NEP     estab   NBP     transp     evap    interc  nuptake ndemand  nlosses ninflux
------ ------- ------- ------- ---------- ------- ------- ------- -------- ------- -------
  -524 -163.027   0.001 -163.026  1180761.3 432462.1 139724.0 27146.7  12676.2  6059.4  4318.1
  -523 240.148  -0.001 240.147  1212828.2 481306.7 130003.2 28788.0  12707.8  2866.4  4626.3
  -522 -385.313   0.007 -385.305  1050031.2 291905.9 89942.1 21648.1  13570.1  4676.7  3958.3
  -521 116.946  -0.003 116.943  1049510.6 477719.8 115943.1 29255.5  12059.9  3938.2  4021.0
  -520 -150.593   0.001 -150.592  1011556.0 335403.9 74581.2 27434.5  12016.7  2683.9  3730.5
  -519  13.412  -0.000  13.412  1068877.4 352448.4 104039.9 27216.0  14087.3  3220.1  4606.3
  -518  -4.580  -0.000  -4.580  1055654.5 421357.3 111889.7 30125.3  15684.2 10774.3  4882.5
  -517 -649.470   0.016 -649.454   830808.3 422195.7 75900.5 13801.1  10810.2  3056.8  2513.8
  -516 817.744  -0.010 817.734  1189966.9 504808.2 108424.1 42491.7  14533.7  3315.8  5481.5
  -515  21.985   0.000  21.985  1092233.9 321948.4 74299.8 23225.6  12557.4  3850.4  4048.6
  -514 -415.364   0.003 -415.361   958169.3 303857.9 55002.9 25075.3  10986.8  3011.1  3462.0
  -513 440.155  -0.002 440.153  1160911.4 436007.9 120085.6 35477.9  15947.7  3129.2  5606.3
  -512 -737.497   0.021 -737.476   912528.9 365900.1 80165.9 19472.8  10716.8  5580.3  2664.4
  -511 502.832  -0.010 502.822   993518.2 449916.7 87043.2 31569.0  14217.2 11334.2  4687.9
  -510 612.717  -0.003 612.714  1241238.7 480376.3 118123.3 34161.7  14459.2  3237.4  5774.5
  -509  86.493  -0.000  86.492  1164166.9 425849.8 111539.3 25628.4  11703.4  5132.3  3950.3
  -508  60.745   0.001  60.746  1093366.1 350187.7 92180.2 29001.1  11838.8  2278.6  3528.1
  -507  47.918  -0.000  47.917  1155876.3 483127.4 122743.4 28299.5  12988.7  2632.4  4576.0
  -506 -89.818   0.001 -89.817  1100936.9 359089.6 108818.5 27164.7  13953.0  4225.4  4510.4
  -505 313.055  -0.001 313.054  1221080.7 411561.0 162038.3 32447.3  15881.6  8827.8  5564.4
  -504 178.897   0.000 178.897  1145088.5 328740.7 92473.0 25678.0  14442.7  2184.6  4668.1
  -503 -742.231   0.022 -742.209   915935.2 302789.4 60853.4 19267.8  11436.5  2095.3  3358.3
  -502 382.667  -0.011 382.656  1035011.4 396654.0 104559.8 35617.0  14349.1  2914.9  5026.4
  -501 288.964  -0.001 288.963  1167968.7 400541.8 155759.0 26776.7  16172.6  7682.0  5905.8
  -500 -121.831   0.000 -121.830  1047376.7 477290.0 121562.5 24779.4  12847.6  5293.4  4306.8

         Carbon flux (ktC/yr)        Water (dam3/yr)                Nitrogen (MgN/yr)
       ----------------------- -------------------------- --------------------------------
Spinup NEP     estab   NBP     transp     evap    interc  nuptake ndemand  nlosses ninflux
------ ------- ------- ------- ---------- ------- ------- ------- -------- ------- -------
  -499  95.761  -0.001  95.761  1151096.6 484649.9 123356.1 28769.4  13300.0  1724.2  4896.7
  -498 211.509  -0.000 211.509  1161974.3 424973.7 124351.1 27790.2  14108.5  1646.1  4953.9
  -497  50.298   0.001  50.299  1025973.6 367605.0 95341.7 31097.1  12405.5  1373.7  4249.8
  -496 -989.540   0.038 -989.503   834597.4 310566.9 40111.0 12693.2  12819.9  2623.7  3335.2
  -495  12.904  -0.017  12.887   814826.2 378368.4 61284.1 31021.6  10372.9  2834.0  3672.9
  -494 443.243  -0.004 443.239  1116437.7 446189.7 106174.6 35454.5  16377.6  5032.3  6338.6
  -493 544.179  -0.002 544.177  1228974.1 401708.1 156942.4 30778.5  14045.5  9275.3  5536.4
  -492  54.180   0.001  54.181  1099048.9 337120.8 96944.3 26221.7  11870.0  2655.9  3711.3
  -491 278.905  -0.002 278.903  1284309.3 434144.6 174307.1 34015.0  16070.8  3578.5  6216.3
  -490 -162.479   0.001 -162.478  1113387.7 466018.5 131138.8 23440.1  12232.5  5134.1  3908.8
  -489 -732.915   0.024 -732.891   863207.4 407998.6 79814.0 14987.4  10701.6  2551.1  2441.9
  -488 -183.585  -0.008 -183.593   867647.3 318136.2 49796.1 25061.0  11523.1  2330.3  3252.1
  -487 285.812  -0.001 285.811   988867.2 428392.9 96182.1 32622.1  10443.2  2369.4  3828.9
  -486 -608.301   0.024 -608.277   810987.0 318604.8 32099.1 19890.9  10754.9  3197.1  2983.8
  -485 323.987  -0.013 323.974   936656.2 479531.1 79945.5 34104.8  11028.0  4247.7  3949.3
  -484 480.708  -0.001 480.707  1056809.4 342372.9 70388.3 28077.9  12878.5  2619.9  4842.5
  -483  55.410   0.002  55.412  1133363.7 439114.2 91832.2 30810.3  12475.2  4982.8  4741.5
  -482 -587.333   0.008 -587.325   898014.5 319175.9 48829.2 23982.3  10859.9  3413.1  3742.5
  -481 -628.851   0.003 -628.848   813045.2 370206.0 64397.5 24496.7  10694.2  3476.9  3061.7
  -480 497.512  -0.004 497.508   991956.9 384477.9 73588.6 31931.9  13413.3  5087.3  4953.3
  -479 305.992  -0.002 305.990  1092595.4 452871.6 84319.2 31058.9  11727.3  7285.8  4932.1
  -478 334.955   0.036 334.991  1033078.5 379651.1 83670.0 34412.3  10737.2  5087.1  4197.0
  -477 -356.885  -0.013 -356.898   789952.0 337845.8 72424.0 24338.4  13236.6  4190.4  4631.9
  -476 191.461   0.008 191.469   981008.5 393247.2 102369.2 36850.8  13326.8  7587.9  5311.6
  -475 105.541   0.006 105.547   984178.5 445894.4 114651.8 23605.8  14176.2  4351.9  5085.6

         Carbon flux (ktC/yr)        Water (dam3/yr)                Nitrogen (MgN/yr)
       ----------------------- -------------------------- --------------------------------
Spinup NEP     estab   NBP     transp     evap    interc  nuptake ndemand  nlosses ninflux
------ ------- ------- ------- ---------- ------- ------- ------- -------- ------- -------
  -474 -683.056   0.017 -683.039   776940.6 391077.5 75073.6 25064.5  10964.4  6419.8  3092.8
  -473 180.391  -0.014 180.377   915949.4 494973.4 102357.6 32169.9  13309.1 11278.9  4531.8
  -472 -511.728   0.005 -511.723   783388.8 385641.0 70567.3 23830.5  10032.8  7340.4  2986.3
  -471 284.692  -0.002 284.690   955203.0 484877.7 102963.1 32725.2  12677.2  9464.4  4631.3
  -470 578.984  -0.002 578.982  1056939.9 514653.9 121462.7 33115.6  13105.7  6307.0  5523.5
  -469 337.804  -0.001 337.804  1138297.1 435712.9 133282.6 31449.1  14526.3  5084.3  5475.8
  -468 -22.824   0.000 -22.824  1003290.0 466032.4 119442.3 28340.9  12553.2  4709.5  4417.7
  -467 -726.715   0.016 -726.699   796679.2 392999.0 84751.2 23993.6  10578.4  6830.6  2803.4
  -466 707.237  -0.007 707.230  1040994.7 552202.1 119474.5 32698.4  15590.6  5222.6  5633.0
  -465 189.790   0.001 189.791   977640.0 375034.6 105394.4 26101.7  12624.5  4993.0  4844.3
  -464  46.506   0.006  46.512   947040.4 441356.3 116564.1 31085.7  15042.4 10848.8  5121.7
  -463 205.788   0.004 205.791  1077207.1 515576.0 135999.3 28988.7  13300.3  2739.7  5031.6
  -462 -342.736   0.003 -342.733   869340.7 331466.5 105174.2 22530.2  14089.5  5974.9  3915.5
  -461  99.602  -0.003  99.599   952654.5 504184.0 122737.0 27443.9  13609.4  3512.2  4545.4
  -460 148.524  -0.008 148.515   984018.5 347480.8 91595.5 26369.1  15353.2  1600.6  5277.6
  -459 -134.490  -0.002 -134.491  1026659.3 466957.1 111199.4 27393.1  14666.4  5068.8  5256.6
  -458 140.959   0.000 140.960  1100185.8 430845.3 147160.4 28982.1  16477.6  4569.2  6038.9
  -457 -792.684   0.020 -792.663   780765.2 331429.7 45027.0 19195.7  11880.5  5169.7  3186.5
  -456 374.758  -0.008 374.750   915966.0 411814.7 96864.5 31221.7  13584.1  5129.8  4811.7
  -455 443.759  -0.002 443.757  1111951.2 510769.0 137898.6 31738.7  15330.7  6981.5  6389.3
  -454 322.468  -0.003 322.465  1093703.4 396371.6 133709.7 30726.2  13616.1  8913.1  5603.2
  -453 213.172  -0.002 213.169  1105436.7 451183.0 165150.6 29080.1  16206.5  4148.6  6039.7
  -452 -733.986   0.024 -733.962   738629.5 427949.3 92767.2 12599.7  11666.6  3920.9  2681.9
  -451 744.073  -0.011 744.062  1034886.9 494097.8 122155.4 38009.6  14488.9  4135.6  5464.0
  -450 -586.592   0.008 -586.584   726136.2 429239.4 80483.7 10505.9  10699.1  4478.6  2679.4

         Carbon flux (ktC/yr)        Water (dam3/yr)                Nitrogen (MgN/yr)
       ----------------------- -------------------------- --------------------------------
Spinup NEP     estab   NBP     transp     evap    interc  nuptake ndemand  nlosses ninflux
------ ------- ------- ------- ---------- ------- ------- ------- -------- ------- -------
  -449 116.402  -0.003 116.399   852388.5 324081.0 68958.2 34072.0  12150.0  4039.1  4136.3
  -448 -743.755   0.053 -743.702   714612.4 314169.2 34450.1 21325.7  10880.6  3770.3  2819.8
  -447 425.287  -0.012 425.275   872132.5 494993.5 79555.5 34659.8  12787.0  7600.8  4769.8
  -446 384.529  -0.007 384.522  1032794.9 555537.7 123897.5 25139.5  14438.7  5411.3  6212.4
  -445  63.287  -0.000  63.287   971983.0 380331.2 99974.0 27032.9  12704.6  5703.2  5188.7
  -444 403.379  -0.001 403.378  1088553.8 469337.1 132742.3 33011.6  15511.8  6914.4  6369.7
  -443 -608.595   0.017 -608.577   727910.0 425367.9 81370.1 12805.8  10911.8  4859.4  2906.7
  -442 408.716  -0.006 408.710   912400.0 464654.2 94288.4 35154.0  14180.8  9289.1  5342.3
  -441 -663.655   0.022 -663.633   756798.0 333062.6 37330.0 16833.1  10956.8  4696.5  3053.3
  -440 195.240  -0.012 195.228   794706.3 395092.9 62152.3 33350.6  11160.3  3876.5  4095.3
  -439 551.059  -0.009 551.050  1126568.5 478346.1 145462.9 31100.2  16072.1  7683.2  7198.6
  -438 411.371  -0.002 411.369  1078696.6 406626.6 116903.4 30059.2  13324.1  7975.0  5967.2
  -437 258.787  -0.001 258.786  1121370.9 420225.5 150183.6 27286.8  15877.9  4366.6  6118.1
  -436 222.988  -0.000 222.988  1098892.5 421950.8 182391.3 28707.8  15640.0 11484.1  6423.5
  -435 -805.863   0.025 -805.838   768101.4 331704.3 47868.6 17074.4  12103.1  5151.6  3205.3
  -434 574.447  -0.013 574.434   865236.7 417036.8 86296.5 35035.5  12627.7  2733.8  4555.8
  -433 -13.188  -0.001 -13.189   926068.9 495608.5 123137.2 19988.6  13599.0  6603.9  5085.8
  -432 279.477  -0.001 279.475  1020354.0 507482.6 147440.4 30199.2  14527.1  5971.8  6235.4
  -431 212.149  -0.001 212.148  1081967.8 503557.1 151366.8 28664.4  16436.0  4439.5  6828.7
  -430 283.099  -0.001 283.098  1064418.2 396220.5 137608.4 28680.8  14711.4  6344.8  5942.6
  -429  98.090   0.001  98.090   923974.6 381994.1 116022.5 27401.0  13510.6  1758.4  4724.8
  -428 -386.619   0.004 -386.615   870542.9 298282.2 97550.8 19045.7  16164.9  3496.7  4805.3
  -427 -639.904   0.003 -639.901   770914.9 379141.4 97496.7 23013.6  11178.4  2164.2  3009.9
  -426 227.738  -0.001 227.737   856566.6 356001.5 74735.8 25203.3  15105.6  2302.4  5057.1
  -425 -155.853   0.001 -155.852   841187.0 360622.5 70406.2 23836.8  13018.8  3048.3  4632.9

         Carbon flux (ktC/yr)        Water (dam3/yr)                Nitrogen (MgN/yr)
       ----------------------- -------------------------- --------------------------------
Spinup NEP     estab   NBP     transp     evap    interc  nuptake ndemand  nlosses ninflux
------ ------- ------- ------- ---------- ------- ------- ------- -------- ------- -------
  -424 280.398  -0.001 280.397   958575.7 515126.4 125653.2 29170.3  14839.8  8289.2  6302.0
  -423 -28.685   0.001 -28.684   920105.6 464702.4 133922.2 24204.8  13262.1  8483.0  5145.7
  -422 459.879  -0.001 459.878  1009208.6 405750.7 117586.5 34532.9  14037.4  3857.6  5983.2
  -421 264.982  -0.001 264.981  1034563.5 513820.3 163348.7 24391.3  16027.4  3986.3  6489.8
  -420 173.405  -0.000 173.405  1049557.4 458037.6 145490.0 31333.5  16819.2  5388.3  6988.6
  -419 -257.061   0.002 -257.060   848850.0 326549.9 116842.8 22891.5  13955.4  5671.1  4121.2
  -418 -396.252   0.002 -396.250   808369.8 334829.4 89948.7 22823.2  12220.3  1760.1  3619.6
  -417 418.606  -0.002 418.605  1072431.8 467055.6 166172.2 32589.7  16580.7  6524.1  7114.6
  -416 -481.653   0.006 -481.648   815458.2 303885.8 70117.6 13692.2  13126.9  3983.7  4104.3
  -415 647.366  -0.003 647.364  1025416.5 424843.1 158455.5 38426.1  13248.3 10093.2  5918.1
  -414 -549.349   0.012 -549.337   690108.2 425940.8 84183.2 15090.9  11046.9  5161.4  2940.6
  -413 250.780  -0.005 250.775   835851.9 363152.4 81950.5 28681.8  11728.2  2034.2  3992.1
  -412  46.744  -0.001  46.743   864203.6 443716.0 106533.9 28872.2  15658.8  8566.0  5897.9
  -411 181.213  -0.001 181.212   974588.0 515924.9 124446.4 27317.0  12799.8  3116.5  5490.8
  -410 182.023   0.000 182.023   893659.3 392806.2 98808.6 31303.6  12827.6  3696.3  4990.2
  -409  74.809   0.000  74.809   966436.4 388517.6 126247.8 26604.3  15490.2  5024.1  5854.7
  -408 216.848   0.000 216.848  1012691.9 414345.6 182040.7 27532.5  16458.6  7457.1  6630.7
  -407 -615.081   0.016 -615.064   684480.9 422736.2 88461.3 16069.9  12093.6  3712.2  3147.0
  -406 668.606  -0.009 668.597   952979.5 470960.8 123777.9 34478.0  15179.4  3046.6  5841.9
  -405 -12.602   0.001 -12.601   855153.9 307666.6 86358.4 22479.7  13612.3  3447.1  4913.3
  -404 -132.619   0.001 -132.619   809924.0 303523.5 85641.4 28695.8  13100.1  2521.8  4463.6
  -403 276.968  -0.002 276.966   941827.4 495603.9 140636.5 31938.8  14465.7  4125.3  5764.3
  -402 -164.942   0.001 -164.941   810567.7 338321.9 102526.2 23335.3  14118.9  5212.7  4508.9
  -401 -488.886   0.014 -488.873   667742.9 425403.6 79281.6 18499.1  11817.7  2735.7  3126.0
  -400 671.652  -0.007 671.646   997052.6 450615.7 118646.9 37337.0  15511.1  3647.4  5967.6

         Carbon flux (ktC/yr)        Water (dam3/yr)                Nitrogen (MgN/yr)
       ----------------------- -------------------------- --------------------------------
Spinup NEP     estab   NBP     transp     evap    interc  nuptake ndemand  nlosses ninflux
------ ------- ------- ------- ---------- ------- ------- ------- -------- ------- -------
  -399 -142.834   0.001 -142.833   804574.5 337136.8 96244.1 22843.0  13604.4  6193.5  4513.6
  -398 147.320   0.000 147.320   846292.3 338071.5 86889.8 26274.1  13776.9  1661.5  4904.2
  -397 -99.765   0.000 -99.765   851485.0 497456.9 121297.1 26472.3  13069.8  6371.4  5079.6
  -396 -105.422   0.000 -105.422   882594.1 451980.3 135879.1 26853.4  14025.3  5914.9  5195.5
  -395 347.531  -0.001 347.530  1009046.7 485783.9 145795.5 33053.7  15975.1  3418.9  6736.2
  -394 264.561  -0.000 264.561   964924.4 341887.7 102025.7 23256.1  14462.2  2494.5  5555.8
  -393 225.637   0.000 225.637   966712.3 443695.1 151683.6 28150.3  14106.9  1988.3  5641.4
  -392 -73.728   0.001 -73.728   960872.8 449652.5 121460.1 29565.8  13654.1  2443.8  5190.4
  -391  -4.797   0.000  -4.796   978221.7 451514.4 122791.6 28957.5  13726.1  4279.5  5275.5
  -390 -676.162   0.016 -676.146   692536.3 423157.7 92123.4 16177.3  11322.2  3777.4  3041.6
  -389 679.099  -0.008 679.092  1007975.5 476518.0 157887.2 38179.9  14785.4  5980.2  6431.6
  -388 407.019  -0.001 407.018  1019312.2 385738.4 126975.4 29918.4  13339.2  4107.8  5789.3
  -387 218.539  -0.000 218.539  1011924.2 435858.8 164566.5 28430.0  15332.2  2998.9  6036.8
  -386 140.332   0.000 140.332  1026346.3 508423.7 186305.3 27471.6  15612.8  2433.1  6299.6
  -385  91.265   0.000  91.265  1021688.7 505291.2 190154.6 28285.8  15800.8  2111.7  6351.0
  -384 -169.250   0.001 -169.248   989196.0 438788.0 136063.9 27910.4  13703.4  2809.7  5052.3
  -383 -373.480   0.002 -373.478   913303.7 387369.9 115352.0 24839.2  13713.9  2005.2  4371.7
  -382 -250.330   0.001 -250.329   826133.8 332676.5 106403.6 26333.1  14662.8  4240.7  4631.4
  -381 -153.869   0.001 -153.868   816938.8 300231.1 89835.6 26370.1  14147.2  2202.5  4571.6
  -380 -563.822   0.014 -563.809   674133.3 417874.4 81144.9 19508.2  11567.4  2784.8  3203.2
  -379 397.854  -0.006 397.848   885054.3 388675.2 93301.9 35191.0  13627.4  3905.8  5272.8
  -378 447.223  -0.002 447.221  1048976.7 467812.0 169725.4 32410.9  14704.4  8069.1  6971.5
  -377 321.128  -0.002 321.127  1062582.2 440444.9 143793.0 32667.1  15642.3  6134.6  6621.2
  -376 -188.200   0.009 -188.191   912686.3 341942.9 93187.1 25538.4  11494.6  2239.1  3982.0
  -375  45.724  -0.002  45.721   911909.2 343854.7 103660.0 27464.7  11724.8  2186.8  3944.6

         Carbon flux (ktC/yr)        Water (dam3/yr)                Nitrogen (MgN/yr)
       ----------------------- -------------------------- --------------------------------
Spinup NEP     estab   NBP     transp     evap    interc  nuptake ndemand  nlosses ninflux
------ ------- ------- ------- ---------- ------- ------- ------- -------- ------- -------
  -374 258.493  -0.000 258.493   906871.6 389390.2 106016.8 34038.8  12371.2  2361.6  4562.7
  -373 -131.563   0.001 -131.562   950078.6 360349.5 120238.3 26039.9  14807.6  3581.3  5495.1
  -372 300.878  -0.001 300.877  1088889.8 432026.0 157003.6 35217.0  15713.1  4354.9  6241.3
  -371 -371.220   0.006 -371.214   907596.0 340820.4 92238.3 23805.8  12310.0  2498.9  4185.6
  -370 -61.164   0.000 -61.164   906431.8 342593.9 100068.7 27627.9  12477.9  2310.8  4165.1
  -369 -178.311   0.000 -178.310   859006.2 342685.3 83406.7 27677.4  12430.1  2742.1  4300.9
  -368  67.790  -0.000  67.789   904801.6 431795.9 125354.0 26607.8  13607.0  2341.1  5030.5
  -367 286.635  -0.001 286.634   997088.2 442961.7 141761.1 34099.3  15055.3  3757.1  6149.6
  -366 -423.286   0.002 -423.284   831709.9 303741.9 70408.8 18424.1  13523.1  3362.3  4327.1
  -365 484.762  -0.001 484.761  1052218.2 417522.7 162678.8 40119.7  14028.0  9943.1  6100.5
  -364 420.353  -0.002 420.352  1136178.8 419663.0 156929.1 32290.0  15237.1  5386.5  5872.8
  -363 103.112  -0.001 103.111  1118653.8 434803.8 154814.8 33271.8  16135.4  3647.4  6474.6
  -362 183.748   0.000 183.748  1104066.9 370108.0 149940.1 32959.9  13218.6  3563.5  5186.0
  -361 -282.916   0.002 -282.915   976033.6 487713.7 163560.6 24298.1  12897.7  2892.3  4529.2
  -360 -351.897   0.002 -351.895   900533.5 319232.5 116698.1 26666.3  14146.7  3026.6  4137.4
  -359 -614.337   0.007 -614.330   815539.8 329305.3 87182.9 23459.5  11918.5  1399.3  3607.0
  -358 -535.861   0.007 -535.854   712367.9 417294.9 76853.4 20497.3  11558.7  2832.2  3126.3
  -357 -353.233  -0.003 -353.236   774372.5 373420.4 77477.8 31658.8  11319.8  4260.7  3280.5
  -356 -188.520  -0.001 -188.521   805554.0 311541.4 54616.7 24672.7  13521.5  3607.2  4130.3
  -355 484.668  -0.002 484.666   945874.3 439031.1 105478.5 35936.8  11308.2  2635.3  4427.5
  -354 235.851  -0.002 235.849  1030948.8 444064.0 95633.9 34227.3  12114.8  3824.3  4925.0
  -353 408.565  -0.001 408.564  1033628.0 436389.8 128203.5 29093.0  12594.5  3252.5  4809.9
  -352 344.447  -0.002 344.445  1153650.1 449202.4 182222.2 36170.5  14834.3  6893.8  6573.0
  -351 352.462  -0.001 352.461  1211961.2 441762.9 201338.2 32441.7  15282.3  5795.0  6541.0
  -350 197.979   0.000 197.979  1060842.9 391425.8 120162.7 33953.7  11733.8  2451.9  4232.2

         Carbon flux (ktC/yr)        Water (dam3/yr)                Nitrogen (MgN/yr)
       ----------------------- -------------------------- --------------------------------
Spinup NEP     estab   NBP     transp     evap    interc  nuptake ndemand  nlosses ninflux
------ ------- ------- ------- ---------- ------- ------- ------- -------- ------- -------
  -349 -955.941   0.029 -955.912   871766.0 289803.8 78440.3 14973.3  13873.0  2146.8  3580.4
  -348 -513.452   0.010 -513.442   731429.3 431498.5 75901.2 22742.7   8281.7  3660.3  2285.5
  -347 283.117  -0.007 283.110   949942.0 478999.1 97517.5 36296.9  11634.0  4260.5  4045.4
  -346 509.662  -0.003 509.658  1089584.7 399357.5 107408.2 35363.2  12538.7  4753.0  5317.3
  -345 327.258  -0.000 327.257  1083438.5 420053.5 133654.6 25639.3  13054.5  2217.2  4886.0
  -344 -223.560   0.013 -223.547   961977.5 333346.1 81910.2 29824.2  11531.7  2341.2  3862.2
  -343  25.597  -0.006  25.591  1018075.2 513219.2 133047.5 31066.5  14514.6  4609.3  5852.0
  -342 -202.216   0.022 -202.194  1037458.1 446288.7 109453.5 27722.4  13078.4  4133.0  5013.4
  -341 -833.448   0.008 -833.441   613268.3 476663.4 69835.0 17860.1  10714.5  4362.8  3276.0
  -340 -425.914  -0.004 -425.918   693415.7 395966.9 65230.7 30321.7  10820.3  4691.6  3490.1
  -339 -293.024   0.001 -293.023   739655.3 324599.2 48739.1 23847.9  13557.4  4613.3  4416.5
  -338 142.168  -0.001 142.167   886008.0 469550.5 107974.9 38378.9  11885.9  8633.8  5111.9
  -337 599.398  -0.002 599.397  1007308.6 462842.0 122700.9 35822.9  14355.0  6756.3  6375.5
  -336 -152.819   0.002 -152.817   917550.9 413619.8 97393.5 27266.6  13214.9  3093.2  4702.0
  -335 146.588   0.005 146.593  1010872.7 521608.1 136043.0 34290.9  12473.2  7194.2  5361.9
  -334 -655.466   0.016 -655.449   704929.3 431903.3 85588.4 15224.7  10671.8  6781.1  2957.6
  -333 498.507  -0.001 498.506   969244.3 477527.8 95558.5 39908.1  11880.7  5689.3  4809.3
  -332 494.506   0.002 494.508  1038779.8 510880.9 149273.8 31199.9  13446.9  7503.4  5871.8
  -331 329.184  -0.000 329.183  1090626.3 426516.5 187649.6 30363.6  14664.7 12122.2  6171.7
  -330 -69.236  -0.005 -69.241  1052610.7 456212.1 131921.7 32235.5  13272.2  6153.4  5117.4
  -329 -161.749  -0.005 -161.754   998813.5 460868.3 166769.0 28220.8  13946.3  5394.6  4843.6
  -328 -234.304   0.002 -234.302   850320.8 329663.2 115530.3 28517.5  13873.5  5440.5  4098.9
  -327 307.804  -0.001 307.803  1050742.5 523105.6 169079.2 32455.5  17024.0  2690.9  6191.7
  -326 -44.852   0.002 -44.850   938944.8 436090.8 135577.9 29187.4  16217.1  8171.6  5514.7
  -325 218.855   0.000 218.855  1109737.5 499987.9 171643.9 33122.1  17139.6  3185.0  6671.0

         Carbon flux (ktC/yr)        Water (dam3/yr)                Nitrogen (MgN/yr)
       ----------------------- -------------------------- --------------------------------
Spinup NEP     estab   NBP     transp     evap    interc  nuptake ndemand  nlosses ninflux
------ ------- ------- ------- ---------- ------- ------- ------- -------- ------- -------
  -324 -332.911   0.001 -332.910   974389.7 405298.4 121925.8 25866.9  14258.7  3731.2  4406.0
  -323 312.363  -0.003 312.361  1067314.4 506210.3 176968.2 34445.7  15371.2  5624.1  6003.0
  -322 317.112  -0.001 317.111  1057092.4 446586.7 170497.1 26126.5  14461.3  2743.9  5313.2
  -321 132.608   0.001 132.608  1012888.6 442237.4 171686.1 26982.9  14322.4  2098.6  5257.3
  -320 -300.135   0.001 -300.133   959569.7 464905.0 168194.9 27734.6  14733.9  7640.6  5147.1
  -319 284.458   0.001 284.458  1014056.7 445846.3 161960.6 30030.8  15089.3  2864.0  5679.6
  -318 -41.047  -0.000 -41.047  1015077.6 513933.8 163591.7 27669.5  13644.7  3993.6  5588.1
  -317 -277.236   0.001 -277.235   930684.7 344957.9 102339.0 25729.5  14506.4  3331.4  5038.5
  -316  51.169   0.000  51.170  1004664.2 499311.9 174354.9 31329.1  15889.7  7899.4  6406.6
  -315 -358.685   0.002 -358.683   820234.5 337675.2 117417.7 22842.2  14684.9  6727.5  4482.7
  -314 237.062  -0.001 237.061  1033173.5 461703.6 142601.9 35811.3  18102.2  3509.7  7089.3
  -313 385.181  -0.001 385.180  1139532.2 468501.7 214236.8 31599.9  16188.1  6226.7  7225.2
  -312 357.038   0.001 357.039  1167630.1 466282.8 232109.3 31933.9  15926.2  5978.5  7109.7
  -311 235.150   0.001 235.151  1113733.1 419273.7 235887.9 28916.2  15645.6  8045.0  6218.4
  -310 -1066.559   0.024 -1066.535   793209.0 385702.2 117853.8 22112.8  10905.5  4688.3  2823.6
  -309 829.741  -0.012 829.730  1015232.6 526520.3 149341.5 33084.9  13919.0  4841.0  4801.7
  -308  82.792  -0.002  82.789   945196.5 504719.4 155326.1 23889.1  11603.9  5582.5  4521.1
  -307 355.245  -0.001 355.244  1068422.1 450001.5 174494.4 34323.0  14841.3  4157.4  6183.6
  -306 -744.042   0.014 -744.028   822088.3 307800.4 83967.2 14596.4  13342.5  3438.2  4096.2
  -305 583.447  -0.007 583.440  1016114.7 458115.2 150013.4 41772.7  12949.8  4805.8  5368.9
  -304 463.183  -0.001 463.182  1023107.0 443939.6 157154.4 25855.2  13438.3  3163.2  5120.0
  -303 312.482  -0.001 312.482  1058914.1 450818.8 177672.7 33485.4  14653.1  5046.7  6074.4
  -302 113.308  -0.001 113.307  1079196.9 458292.6 167870.8 31196.8  17499.3  6585.3  6891.3
  -301 234.456   0.000 234.456  1045419.9 432668.9 185495.2 26231.2  13970.6  2685.2  5046.7
  -300 -38.240   0.001 -38.238   938460.4 336333.7 126057.6 26600.1  14394.7  1725.9  4833.6

         Carbon flux (ktC/yr)        Water (dam3/yr)                Nitrogen (MgN/yr)
       ----------------------- -------------------------- --------------------------------
Spinup NEP     estab   NBP     transp     evap    interc  nuptake ndemand  nlosses ninflux
------ ------- ------- ------- ---------- ------- ------- ------- -------- ------- -------
  -299 -409.810   0.002 -409.808   871656.6 312423.4 108355.4 25413.0  15703.7  4787.0  5019.4
  -298 -108.549   0.005 -108.545   892341.1 464313.3 137929.7 30290.9  12815.6  3849.7  4470.6
  -297 -56.284  -0.002 -56.285   864694.8 321440.2 94621.2 26278.1  14061.3  6676.6  4872.1
  -296 414.540  -0.002 414.538  1049940.6 494329.0 162436.3 35993.7  15687.1  3716.3  6557.2
  -295 381.398   0.000 381.398  1100163.8 424021.2 178735.8 29609.9  15166.7  6653.5  5852.0
  -294 -879.761   0.013 -879.749   760053.6 333096.0 55441.3 18214.0  11102.4  5055.5  3146.4
  -293 365.000  -0.006 364.993   900154.7 443356.8 126374.7 35933.2  14743.2 11311.2  5307.4
  -292 611.561  -0.002 611.559  1093490.6 432483.1 166278.1 32939.3  15114.3  3651.4  5810.6
  -291 260.614   0.000 260.614  1008013.0 438643.2 170680.6 26567.5  13001.3  2681.4  5007.9
  -290 157.949   0.000 157.949   967982.6 436485.0 171755.6 27805.8  13541.6  2320.0  5025.7
  -289 -782.834   0.020 -782.814   766704.6 381468.7 107153.6 24025.5  11441.9  4458.2  3094.9
  -288 114.991  -0.008 114.983   897845.3 466722.8 141043.2 30395.9  13374.9  8995.8  4668.1
  -287 311.808  -0.001 311.807   949014.6 369874.1 119279.6 28672.2  12902.1  4744.9  5021.8
  -286 -663.863   0.013 -663.851   702911.2 434641.1 94903.7 15944.8  10250.9  5251.7  2946.6
  -285 -165.330  -0.003 -165.334   771504.2 316830.3 64114.8 26030.1  11660.7  3401.1  3721.3
  -284 -193.396   0.006 -193.390   749572.2 309172.8 53780.1 32349.6   9582.1  3919.1  3275.5
  -283  19.789  -0.001  19.788   814880.6 333530.7 85537.3 28176.8  12989.2  6372.9  4273.6
  -282  54.907   0.000  54.907   820330.4 352141.6 72317.8 30225.1  12190.4  3046.6  4309.2
  -281 455.912  -0.001 455.911  1045237.0 424092.3 132337.1 34064.4  15578.0  5172.8  6032.5
  -280  13.473   0.000  13.473   907818.7 498800.7 130407.9 27181.6  11959.0  9383.9  4729.0
  -279 528.851  -0.001 528.850  1074385.4 430947.8 148639.0 36780.3  15443.6  5463.4  5973.5
  -278  51.604  -0.000  51.604  1012961.7 455059.1 126414.0 29777.5  12765.2  5573.1  5060.0
  -277 -253.012   0.001 -253.011   856828.2 315708.9 69870.9 27522.3  11593.2  3945.7  3963.4
  -276 134.352  -0.000 134.351   952494.5 357048.9 121131.6 31868.9  14592.9  3622.7  5179.3
  -275 -658.940   0.015 -658.926   713227.7 435854.5 92741.0 15395.5  10816.1  6044.8  2907.7

         Carbon flux (ktC/yr)        Water (dam3/yr)                Nitrogen (MgN/yr)
       ----------------------- -------------------------- --------------------------------
Spinup NEP     estab   NBP     transp     evap    interc  nuptake ndemand  nlosses ninflux
------ ------- ------- ------- ---------- ------- ------- ------- -------- ------- -------
  -274 206.967  -0.006 206.961   839679.8 352365.1 75450.7 33230.0  11520.2  3016.7  4111.5
  -273 176.863  -0.001 176.862   978510.1 450388.6 104508.2 32884.9  12796.9  6906.1  5237.6
  -272 461.703  -0.000 461.702   984801.8 442435.3 136377.4 27562.6  13065.1  3529.2  4992.6
  -271 347.682  -0.001 347.681  1068504.4 487995.4 160891.2 35409.3  15230.3  4394.7  6375.9
  -270  21.580   0.000  21.580  1040570.3 444643.2 131665.6 28302.0  13247.1  7860.8  5022.0
  -269 -127.164   0.023 -127.141   911737.2 355708.5 111520.4 24539.4  12051.1  2412.5  3992.0
  -268 -75.385  -0.005 -75.390   827130.3 359696.8 88547.6 28457.6  11910.7  3042.5  3931.4
  -267 330.590  -0.002 330.588  1000477.1 521205.3 168022.9 29423.0  16009.2  3658.6  6164.5
  -266 243.081  -0.000 243.080   995988.2 489040.7 166051.6 28593.4  14133.8  5954.8  5828.5
  -265 293.376  -0.001 293.375  1088435.5 462692.2 205315.1 31790.7  15978.2  5765.4  7021.8
  -264 -234.371   0.001 -234.370   964611.7 400483.1 121116.7 26457.4  14150.1  2471.4  4476.7
  -263  63.700   0.000  63.700   972280.9 369563.5 130721.0 31993.2  14670.4  4297.5  5172.8
  -262 293.537  -0.001 293.536  1039909.7 494974.4 179412.8 30861.2  14939.5  5214.8  5884.3
  -261 125.252   0.001 125.253   967402.1 336945.5 114881.2 23621.8  14708.0  1540.1  5187.6
  -260 -99.319   0.001 -99.318   990529.0 505171.8 161703.3 28280.4  13568.7  3066.5  5400.0
  -259 -835.049   0.017 -835.032   782408.6 376609.4 102327.3 21457.7  12824.4  4710.6  3455.5
  -258 -372.414  -0.004 -372.418   741284.2 345744.7 39247.2 23953.2  11993.3  4490.3  3410.8
  -257 712.559  -0.003 712.556  1083341.3 434115.8 133322.1 39908.6  15809.8  3486.2  6193.6
  -256 -205.233   0.001 -205.233   916001.6 338954.5 88278.0 24677.5  11692.2  2936.3  4372.5
  -255 -560.114   0.003 -560.110   718193.6 424363.8 86178.4 19268.4  10738.3  5211.4  3009.2
  -254 161.764  -0.001 161.763   860484.7 353742.2 72050.4 36894.4  11804.0  3317.2  4246.9
  -253 -570.976   0.010 -570.967   784914.2 297254.4 63890.6 17354.3  12966.6  3721.1  3934.7
  -252 -228.632   0.005 -228.627   755643.2 312884.6 49718.5 34632.2   8920.3  4147.2  3219.8
  -251 -581.924   0.021 -581.903   760508.1 291005.5 56086.0 19117.5  12132.9  3491.4  3773.2
  -250 143.459  -0.009 143.451   794863.8 369834.4 63194.9 37693.5   9701.1  5434.6  3647.9

         Carbon flux (ktC/yr)        Water (dam3/yr)                Nitrogen (MgN/yr)
       ----------------------- -------------------------- --------------------------------
Spinup NEP     estab   NBP     transp     evap    interc  nuptake ndemand  nlosses ninflux
------ ------- ------- ------- ---------- ------- ------- ------- -------- ------- -------
  -249 297.986  -0.001 297.985   968376.9 444642.6 97473.3 32345.0  14944.6 15826.7  5511.2
  -248  91.583   0.008  91.591   913124.5 353057.9 89181.8 26415.6  11250.7  3393.6  3925.3
  -247 -529.862   0.006 -529.856   740658.1 430095.2 75833.2 15827.2   9648.6  5649.6  2787.8
  -246 539.673  -0.000 539.673  1009254.6 384024.9 85515.9 38390.4  11443.2  6385.8  4586.4
  -245 412.575  -0.000 412.575  1097596.8 520141.1 138023.8 32515.6  13634.3  8699.8  6109.4
  -244 -230.016   0.001 -230.014   875054.3 309281.2 58768.6 27213.4  10290.8  4022.7  3878.5
  -243 294.447  -0.003 294.444  1062656.0 505638.6 144943.8 32675.9  15779.6  3824.5  6348.2
  -242 -251.647   0.001 -251.645   861730.1 311120.5 60131.7 25250.2  11559.0  4041.2  3992.7
  -241 217.968  -0.000 217.968  1038868.1 508731.6 145612.2 32052.9  16419.1  3730.4  6427.2
  -240 254.137  -0.001 254.135  1078539.9 455147.6 128235.3 32345.6  17029.9  7909.0  6895.7
  -239 495.719  -0.001 495.718  1170368.0 415948.8 154614.0 32304.6  14968.2  4529.6  5628.2
  -238 -331.034   0.002 -331.032   906766.6 326953.3 110266.1 24538.2  13119.8  6735.7  4001.8
  -237 522.807  -0.002 522.805  1106742.5 440651.4 148414.8 33681.0  15154.2  3097.0  5616.3
  -236 246.011  -0.000 246.011  1053601.5 334278.0 101324.8 25474.6  14049.1  1911.3  4975.1
  -235  46.413  -0.000  46.413  1096809.2 491922.3 165321.5 30606.9  14980.0  5078.0  5850.6
  -234 -184.393   0.013 -184.380   981697.0 348447.5 109617.1 23484.2  13489.2  1751.4  4073.3
  -233 -316.330  -0.001 -316.331   901741.7 333586.3 86248.8 25126.9  13532.4  1835.9  4378.9
  -232 -144.749   0.001 -144.748   917605.3 348873.4 95827.3 26524.6  13513.1  2058.7  4324.1
  -231 -303.530   0.001 -303.530   865474.5 330359.0 79739.2 24370.0  13586.0  2254.7  4539.4
  -230 -357.206   0.001 -357.205   823012.6 319551.8 55620.6 27768.6  12662.6  3655.0  4311.3
  -229  17.420  -0.000  17.419   814707.3 363206.4 87092.4 31220.5  13152.5  2320.1  4573.9
  -228 206.985  -0.001 206.984  1048216.3 449268.1 157112.7 30890.0  17490.1  6902.2  7173.0
  -227  80.711  -0.001  80.710   951391.7 432337.2 116889.2 30699.4  15037.2 12797.1  5496.3
  -226 -200.872   0.001 -200.872   952294.2 400451.7 99098.5 28560.9  13379.1  1481.8  4189.0
  -225 119.790  -0.001 119.789   967103.6 430037.0 119928.3 35786.7  16147.8  8763.5  5429.0

         Carbon flux (ktC/yr)        Water (dam3/yr)                Nitrogen (MgN/yr)
       ----------------------- -------------------------- --------------------------------
Spinup NEP     estab   NBP     transp     evap    interc  nuptake ndemand  nlosses ninflux
------ ------- ------- ------- ---------- ------- ------- ------- -------- ------- -------
  -224  21.331  -0.000  21.330  1019160.0 451470.8 151044.5 29912.9  13258.6  4635.1  4696.1
  -223 194.683   0.005 194.688   995127.3 345371.6 105259.1 30001.7  12463.3  1522.6  4007.8
  -222  18.393  -0.002  18.391   977165.9 437420.2 126176.9 32347.5  15520.7  7278.3  5168.1
  -221 -173.008   0.001 -173.007   966055.7 341817.6 91552.2 27553.9  13132.7  1503.5  4271.1
  -220 -174.443   0.000 -174.442  1004106.8 452732.5 149977.3 30979.2  14037.5  5486.6  4818.7
  -219 441.997  -0.000 441.997  1078757.6 435349.4 140029.7 30960.7  13971.6  1964.6  5119.3
  -218 331.205  -0.001 331.205  1134105.7 440841.0 161969.4 34025.9  15555.3  3432.1  5942.7
  -217 146.557  -0.000 146.557  1146583.0 506043.6 185039.3 27178.1  16079.0  3172.8  6010.7
  -216 -486.719   0.016 -486.703   911795.3 311155.0 71140.4 24904.4  11182.4  2189.0  3490.9
  -215 -34.888  -0.005 -34.893   954504.8 495813.5 134032.0 29568.1  12937.6  4774.7  4386.5
  -214   3.503  -0.000   3.503   973884.1 430968.3 124605.9 31067.3  16170.9  8469.3  5430.4
  -213 282.849  -0.001 282.848  1091348.5 387239.8 129313.3 34308.6  14164.5  2196.9  5517.0
  -212 -772.206   0.017 -772.189   772506.4 418597.1 93538.1 13287.2  11003.2  2995.6  2748.2
  -211 -390.071   0.004 -390.067   775427.6 333704.6 37205.6 25063.9   9863.5  3698.2  2725.8
  -210 -302.180  -0.003 -302.182   860482.9 402377.2 80554.4 31966.5  10937.7  2280.6  3489.2
  -209 303.891  -0.002 303.889  1030781.6 454381.7 93051.6 35914.8  13166.8  5715.2  5083.1
  -208 653.633  -0.003 653.630  1175674.9 486007.9 137310.7 37025.2  14064.3  5600.6  5954.8
  -207 506.242  -0.001 506.241  1207526.8 407494.5 186721.0 31216.3  13934.8 13018.7  5576.3
  -206  40.132   0.004  40.136  1069065.6 344924.9 113281.8 29363.4  11743.0  2666.4  3732.6
  -205 -378.520   0.002 -378.518   953715.1 322984.8 93594.0 26514.1  12349.6  1630.8  3785.3
  -204 -466.989   0.002 -466.988   965502.3 405605.4 100353.5 28474.5  13947.8  1983.2  4181.8
  -203 348.126  -0.002 348.124  1138639.8 422156.9 142854.3 36926.5  16101.0  3471.1  5871.5
  -202 241.466   0.000 241.466  1141217.3 505155.7 166973.6 30903.0  14847.6  5795.2  5756.5
  -201 353.035  -0.001 353.034  1237869.6 446198.3 202488.1 34003.4  15646.4  5046.9  6511.6
  -200 238.737  -0.001 238.736  1253428.8 396665.9 179253.0 31498.0  15164.3  4195.4  5299.3

         Carbon flux (ktC/yr)        Water (dam3/yr)                Nitrogen (MgN/yr)
       ----------------------- -------------------------- --------------------------------
Spinup NEP     estab   NBP     transp     evap    interc  nuptake ndemand  nlosses ninflux
------ ------- ------- ------- ---------- ------- ------- ------- -------- ------- -------
  -199 -973.129   0.023 -973.106   833869.6 423669.6 102298.4 14511.5  10012.0  3360.4  2431.8
  -198 396.002  -0.010 395.992   983652.9 507339.4 117264.5 34875.9  11001.2  5121.9  3747.7
  -197 -71.296   0.001 -71.296   985088.4 302548.5 86169.4 27193.4  12908.5  4443.2  4314.1
  -196 -1018.516   0.011 -1018.505   840139.6 371040.5 94824.3 17759.9   9282.4  2674.9  2577.0
  -195 622.277  -0.008 622.270  1043655.1 402067.2 91525.9 39013.8  12528.2  8062.1  5405.8
  -194 633.133  -0.004 633.129  1186535.9 410435.3 130392.5 34024.7  14002.2  5232.0  5414.4
  -193 -136.448  -0.000 -136.449  1101871.3 440880.3 145335.0 28952.8  11965.1  6964.4  4438.3
  -192  87.072  -0.001  87.072  1050555.9 419934.7 124972.6 33993.2  15085.7  9842.2  4970.6
  -191 -49.113  -0.000 -49.113  1103246.1 440456.4 149993.2 30767.9  13169.4  4544.6  4470.0
  -190 427.597  -0.002 427.595  1179285.8 372621.2 128525.0 36019.6  14007.6  2991.1  5219.2
  -189 -472.805   0.003 -472.802   970863.2 313388.7 112716.4 20248.2  13548.1  4284.8  3724.8
  -188 -422.765   0.024 -422.741   841391.1 334887.1 92008.3 22412.4  10310.7  2043.7  2928.7
  -187 495.059  -0.013 495.046  1073189.2 502460.9 119419.5 38790.5  14861.6  3093.9  5728.2
  -186 533.037  -0.003 533.034  1196891.3 406064.4 167978.8 28852.9  14451.1 12199.8  5588.7
  -185 347.862  -0.002 347.861  1277835.7 441868.6 190177.1 33937.2  14804.8  5250.8  6244.9
  -184 -237.340   0.001 -237.340  1147597.3 433704.7 161649.3 29140.2  12618.1  4396.9  4307.9
  -183   3.671   0.000   3.671  1112672.1 429700.5 133853.0 31614.3  12768.3  2569.8  4104.1
  -182 -405.561   0.002 -405.558  1064965.9 392569.9 108442.9 26476.4  13930.5  1796.0  4050.9
  -181 398.139  -0.002 398.137  1182344.7 431586.0 149834.7 37460.7  15641.1  3125.6  5662.2
  -180 -462.632   0.003 -462.629   963293.4 304229.1 66990.1 22857.7  11215.3  2234.9  3443.1
  -179  58.464  -0.001  58.463  1068254.8 482178.9 131838.4 30429.0  12620.5  1932.2  4595.1
  -178 258.537  -0.001 258.535  1171451.0 428365.3 147845.0 33727.7  15811.2  4632.2  5707.7
  -177 244.163  -0.001 244.162  1255335.8 443272.6 191362.4 31252.8  16076.4  5252.1  6258.9
  -176 239.654   0.000 239.655  1197165.3 413415.5 149359.8 28089.4  13249.4  2365.7  4607.7
  -175 -872.268   0.033 -872.236   921451.0 376872.6 98285.8 24000.2  10425.0  3257.9  2637.3

         Carbon flux (ktC/yr)        Water (dam3/yr)                Nitrogen (MgN/yr)
       ----------------------- -------------------------- --------------------------------
Spinup NEP     estab   NBP     transp     evap    interc  nuptake ndemand  nlosses ninflux
------ ------- ------- ------- ---------- ------- ------- ------- -------- ------- -------
  -174 -521.872  -0.008 -521.880   838207.4 378576.9 79801.1 25662.2   9571.7  4559.2  2613.0
  -173  74.094  -0.003  74.090   910698.4 335789.3 82130.1 29106.5  12889.7  6748.0  3884.2
  -172 -477.238   0.004 -477.234   854498.9 367849.8 76558.9 27044.2  10090.8  3502.4  2935.1
  -171 -383.102   0.001 -383.101   846454.4 369078.1 71158.1 28862.6  10281.4  6126.2  2911.3
  -170  53.960  -0.001  53.960   959951.3 398004.6 73449.6 34130.6  12532.6  3024.3  3975.8
  -169 -436.599   0.001 -436.597   801805.2 334532.1 33083.3 23460.4  10642.1  5217.0  3162.2
  -168 553.772  -0.002 553.770   939900.1 391587.4 73305.6 43222.2  11356.1  4842.4  4218.9
  -167 390.532  -0.002 390.530  1090689.1 375928.3 99216.0 31855.2  13746.0  7538.5  5133.0
  -166 354.528   0.001 354.529  1169685.2 497359.5 139225.3 30668.3  14391.5  4462.5  5540.7
  -165 -102.069  -0.001 -102.070  1082877.4 447380.6 107292.1 28962.0  12132.1  4832.7  4262.3
  -164 -372.013   0.001 -372.012   953951.4 316820.1 55723.6 28092.0  11242.7  3737.6  3658.4
  -163 -610.045   0.021 -610.024   814017.4 311367.9 84188.4 18150.6   9339.6  2854.0  2799.7
  -162 418.444  -0.009 418.435   999233.9 418827.5 89646.5 38173.9  13484.1  4293.0  5285.6
  -161 -157.114   0.001 -157.113   909727.9 329138.4 83227.1 22119.6  13504.6  8416.2  4179.6
  -160 -101.313   0.002 -101.311   886057.5 345906.0 66973.9 29403.5  11640.6  2986.0  3978.8
  -159 377.869  -0.001 377.867  1062310.5 386259.6 99838.3 35089.8  14076.6  5129.7  5313.1
  -158 -334.307   0.001 -334.305   992159.2 396052.0 88692.0 24728.5  13219.7  2824.9  4037.9
  -157 147.299  -0.002 147.297  1106225.1 448422.9 99878.6 35868.2  13281.8  6919.6  4958.9
  -156 -662.106   0.010 -662.095   861142.8 325116.9 40419.2 18659.8  10575.0  6395.5  2771.3
  -155 517.022  -0.006 517.016  1020181.2 441284.5 97927.8 39623.2  14181.3 14379.4  4843.4
  -154 566.193  -0.002 566.191  1175980.9 490642.8 136857.4 32201.1  13435.5  5543.8  5173.5
  -153 -155.187   0.002 -155.185  1031145.1 335641.2 83634.0 26038.5  11251.6  3373.4  3590.2
  -152 -22.530   0.000 -22.530  1055776.7 479093.4 125489.4 27425.9  13235.9  4938.5  4295.2
  -151 312.928  -0.001 312.926  1263847.2 448385.5 174896.3 34799.0  16662.6  5825.8  6482.4
  -150  -5.495   0.003  -5.492  1091090.0 334581.1 103866.1 25179.5  12617.0  1838.3  3761.4

         Carbon flux (ktC/yr)        Water (dam3/yr)                Nitrogen (MgN/yr)
       ----------------------- -------------------------- --------------------------------
Spinup NEP     estab   NBP     transp     evap    interc  nuptake ndemand  nlosses ninflux
------ ------- ------- ------- ---------- ------- ------- ------- -------- ------- -------
  -149 330.342  -0.001 330.340  1232150.1 431546.5 149368.0 34969.1  16332.4  3366.6  5711.9
  -148 179.592   0.001 179.593  1260588.6 486323.7 166464.4 26695.8  16295.0  3365.2  5671.6
  -147 -58.788   0.003 -58.785  1105481.1 319280.8 102588.5 24621.9  13842.9  1501.6  4390.9
  -146 -193.031   0.002 -193.029  1140045.9 491201.2 140110.6 27610.1  13514.2  3015.7  4945.8
  -145 -311.074   0.001 -311.072  1101872.6 438531.4 148759.9 27356.9  14709.0  6737.3  4718.9
  -144 -162.300  -0.001 -162.300   990775.8 336638.2 83870.4 28903.9  12877.2  2483.3  3952.7
  -143  21.348  -0.002  21.346  1095966.1 491892.6 131955.3 27987.3  13971.3  2367.5  5076.0
  -142 146.135  -0.001 146.134  1141375.6 481451.1 153550.9 29661.6  15082.6  6007.2  5661.6
  -141 -414.019   0.005 -414.014   954771.3 323906.0 106399.7 20429.1  14049.5  5495.9  3927.1
  -140  81.498  -0.001  81.497  1031443.1 450359.1 113122.4 29981.8  12993.0  2281.4  4426.4
  -139 -110.361   0.001 -110.360   999974.2 344130.7 80281.0 27184.5  13574.0  2411.8  4532.4
  -138 -416.880   0.002 -416.878   912803.1 308990.1 58995.1 28727.6  11854.9  2936.1  3899.3
  -137 257.909  -0.001 257.908  1138242.6 397863.8 131657.6 33869.5  16756.8  2506.6  6048.2
  -136 -227.382   0.013 -227.370   959263.6 347224.2 94011.8 23932.7  11173.2  2765.4  3599.2
  -135 -411.785  -0.001 -411.786   926706.9 407516.4 88656.1 26212.5  11786.8  2525.0  3735.1
  -134 128.526   0.000 128.526   913172.4 348444.3 79339.0 26075.1  13318.6  2679.4  4760.5
  -133 143.332  -0.001 143.330  1014421.1 518867.6 116707.8 31420.6  11971.4  4478.3  5101.6
  -132 -666.740   0.003 -666.737   837577.5 371867.0 82986.1 25470.6  10471.0  8322.1  2928.8
  -131 839.298  -0.004 839.294  1147901.5 456331.9 115753.0 39859.4  15066.5  7247.5  5809.6
  -130  15.807  -0.001  15.807  1088788.3 449152.2 135472.3 27526.3  12068.8 10672.7  4476.3
  -129 -187.008   0.001 -187.007   948479.9 305976.2 61235.9 29271.6  10664.1  2909.1  3551.2
  -128 407.444  -0.003 407.441  1212969.3 463295.0 134883.5 39202.9  16440.0  2727.9  6128.7
  -127 398.283  -0.001 398.283  1225905.8 424144.6 137191.1 27501.2  13074.5  5214.3  4575.0
  -126 -238.278   0.008 -238.270  1021543.4 331850.5 107137.6 26022.6  11176.1  2209.3  3216.0
  -125 -71.839  -0.002 -71.841  1065785.3 442252.8 121889.3 29731.4  12612.5  3648.7  4177.2

         Carbon flux (ktC/yr)        Water (dam3/yr)                Nitrogen (MgN/yr)
       ----------------------- -------------------------- --------------------------------
Spinup NEP     estab   NBP     transp     evap    interc  nuptake ndemand  nlosses ninflux
------ ------- ------- ------- ---------- ------- ------- ------- -------- ------- -------
  -124 316.629  -0.001 316.628  1184784.7 387572.5 123699.0 35154.5  14230.7  5830.0  5354.1
  -123 209.671   0.000 209.671  1237303.1 398529.8 186220.0 28578.8  16116.6 10936.3  5757.9
  -122 238.240   0.001 238.240  1337338.0 443054.7 200809.9 32366.1  16810.8  6159.3  6501.4
  -121 -595.192   0.013 -595.179  1015260.9 310237.2 117899.3 21103.4  12797.3  4866.8  3413.9
  -120 527.771  -0.006 527.765  1253623.3 455126.0 182569.6 34288.4  15979.8  2968.7  6256.7
  -119 -117.790  -0.001 -117.790  1110442.3 477545.8 145856.2 24212.0  12014.1  5254.9  4120.9
  -118 -50.386  -0.002 -50.387  1144005.4 431330.9 133768.6 31212.4  13109.0  2499.9  4256.2
  -117 -348.856   0.004 -348.852  1041288.9 304482.3 96843.3 24319.2  14199.6  4363.8  4280.1
  -116 -51.267  -0.000 -51.267  1041950.1 438672.6 119127.0 29905.0  11947.6  2250.4  4004.6
  -115 -111.343   0.000 -111.342  1010849.7 342448.2 83167.0 28586.2  12921.3  2382.8  4292.7
  -114 206.922  -0.001 206.920  1163021.0 500244.2 149833.6 33039.2  16040.1  3664.4  6000.9
  -113  51.558  -0.000  51.558  1174297.2 488814.4 142134.4 26226.8  12749.7  3147.4  4999.6
  -112 -257.933   0.002 -257.931  1047460.3 328017.1 89623.5 25779.3  13558.3  2464.2  4341.2
  -111 -873.777   0.024 -873.753   853304.0 321473.9 43637.5 18394.7  11727.6  4702.4  3083.1
  -110 756.623  -0.013 756.609  1154957.1 484880.0 150413.7 42508.2  15023.7  5816.6  6253.8
  -109 160.158   0.000 160.158  1073400.5 336811.0 98876.5 24044.1  11535.2  2275.6  3842.7
  -108 -33.109   0.001 -33.108  1004134.3 323329.0 93668.8 26166.0  12715.6  2018.3  4398.0
  -107 -324.145   0.003 -324.141   919328.8 353206.5 97973.3 24739.9  11763.4  2307.8  3701.1
  -106 353.732  -0.001 353.732  1101158.3 450553.5 134539.2 34737.1  16120.6  4035.9  6167.6
  -105 -301.828   0.003 -301.825   931917.1 321685.7 100466.2 22062.7  13347.2  9190.0  4032.7
  -104 144.611  -0.001 144.611  1034457.6 452447.8 110138.5 31233.6  12460.6  3120.5  4445.8
  -103 368.635  -0.004 368.631  1228310.6 485351.8 139035.3 35436.8  15445.8  6406.8  6142.1
  -102 -231.871   0.000 -231.871  1049524.8 332879.8 88106.8 26168.4  11407.7  5710.4  3711.8
  -101 -858.433   0.015 -858.418   905055.8 362522.7 88927.8 23693.7  10651.5  3848.2  2667.6
  -100 831.771  -0.007 831.764  1135301.8 407113.5 96533.0 37693.0  13688.5  5390.5  5108.5

         Carbon flux (ktC/yr)        Water (dam3/yr)                Nitrogen (MgN/yr)
       ----------------------- -------------------------- --------------------------------
Spinup NEP     estab   NBP     transp     evap    interc  nuptake ndemand  nlosses ninflux
------ ------- ------- ------- ---------- ------- ------- ------- -------- ------- -------
   -99 526.935  -0.003 526.932  1281441.1 467268.6 136469.0 31959.3  14614.0  4147.4  5964.6
   -98  22.510   0.001  22.511  1122091.9 337218.7 105263.9 26112.0  11403.2  3532.8  3713.4
   -97 302.389  -0.001 302.387  1314069.1 439239.0 187862.4 35131.4  15778.4  5925.3  6399.2
   -96 291.699   0.000 291.699  1250977.7 413964.5 148716.2 27421.7  13111.1  2952.1  4492.4
   -95 -28.745   0.001 -28.744  1232035.7 480695.8 154622.5 29569.8  12768.4  2411.3  4735.5
   -94 -983.546   0.017 -983.529   984948.0 295483.4 74320.7 14870.8  13919.1  4058.7  3635.4
   -93 167.261  -0.007 167.254  1078650.6 448420.0 126007.6 38374.3  11526.2  6219.3  4192.0
   -92 569.798  -0.002 569.796  1169148.0 428671.9 126548.0 28554.8  12945.5  2585.0  4641.1
   -91 341.327  -0.002 341.325  1299234.8 464751.1 150571.2 35038.8  14887.0  3775.7  5840.6
   -90 -287.977   0.002 -287.975  1112809.3 316295.6 94283.5 24402.3  12654.3  4067.4  3992.6
   -89 -103.272   0.000 -103.271  1139672.5 427938.6 127358.2 30816.2  12884.9  3991.9  4272.0
   -88 -382.085   0.002 -382.082  1091364.1 392783.9 106284.6 25618.6  14142.9  2889.0  4099.3
   -87 -291.563   0.001 -291.561   972126.9 341455.8 82408.9 29955.1  11875.6  4210.0  3837.1
   -86 332.928  -0.002 332.926  1183653.9 402418.6 142899.9 33271.5  16378.8  3057.6  5588.1
   -85 -92.501   0.000 -92.501  1094759.9 439853.5 125835.6 28432.3  12249.5  3902.4  4183.8
   -84 264.918  -0.002 264.917  1217467.6 440272.4 139593.3 36527.8  17297.2  8405.2  6199.2
   -83 285.708  -0.001 285.707  1302989.9 395754.7 167963.3 29837.8  14950.5  3205.9  4954.6
   -82 176.833  -0.000 176.833  1310215.7 479719.4 182436.3 32320.1  15092.8  4482.2  5390.6
   -81 171.124   0.000 171.124  1322900.2 473490.2 187676.2 29930.9  15739.9  2591.0  5518.4
   -80 -306.159   0.002 -306.158  1230804.1 426459.4 172932.6 27829.9  13587.4  5309.6  4359.0
   -79 -1028.417   0.043 -1028.373   918227.6 318862.3 50717.2 14861.9  11214.1  3661.1  2717.4
   -78 -432.078  -0.009 -432.087   805337.9 337039.6 37942.2 25500.1   9602.7  3354.1  2608.6
   -77 384.029  -0.008 384.021  1050493.2 375879.3 97039.0 35965.4  12727.1  4587.1  4549.5
   -76 -519.069   0.005 -519.065   937796.2 308522.9 61355.8 17375.8  11145.1  4603.4  3434.3
   -75  66.601  -0.000  66.601   979461.7 299190.6 75019.6 36281.8  10891.4  4577.6  3801.2

         Carbon flux (ktC/yr)        Water (dam3/yr)                Nitrogen (MgN/yr)
       ----------------------- -------------------------- --------------------------------
Spinup NEP     estab   NBP     transp     evap    interc  nuptake ndemand  nlosses ninflux
------ ------- ------- ------- ---------- ------- ------- ------- -------- ------- -------
   -74 272.881  -0.002 272.879  1106789.4 433566.1 97776.6 35677.7  11624.3  3319.3  4281.2
   -73 -101.002   0.016 -100.985   994028.9 343727.6 91790.1 24016.9   9545.1  3354.1  3145.6
   -72  46.349  -0.007  46.342  1017403.1 459148.0 104354.4 31293.8  11013.7  5145.3  4073.4
   -71 537.701  -0.002 537.699  1269753.1 472357.8 161153.9 36250.9  15195.8  9277.5  6586.8
   -70 -171.475   0.003 -171.472  1048092.5 336560.9 84637.2 25584.7  10792.7  4966.3  3707.8
   -69 -669.154   0.005 -669.149   867615.1 301746.1 58850.4 23298.6  10353.0  3119.4  3130.2
   -68 449.533  -0.003 449.530  1146338.3 455009.4 111766.6 39293.5  17012.4  4742.4  6546.9
   -67 617.783  -0.003 617.780  1246255.4 433290.5 138467.9 33191.4  14247.8  6291.1  5574.8
   -66 166.769  -0.001 166.768  1223258.3 490955.7 140213.5 27772.7  11843.8  4854.8  4691.7
   -65 136.486  -0.001 136.485  1261042.3 433847.4 144153.1 36541.5  16400.9  9377.0  5989.2
   -64 -943.672   0.029 -943.643   892367.4 412191.4 92016.7 10718.4   9752.8  4723.3  2288.6
   -63 588.367  -0.013 588.354   970948.8 349301.7 75476.4 33461.2  10758.7  3038.4  3604.0
   -62 545.186  -0.004 545.182  1243624.9 479892.1 129797.3 36799.9  14220.7  4088.8  5753.1
   -61  14.670  -0.000  14.670  1238156.8 424844.8 116473.4 28385.4  11833.1  9722.6  4333.8
   -60 359.163  -0.001 359.162  1303865.5 420241.7 155230.9 36461.5  14949.8  4813.0  5281.0
   -59 154.043  -0.000 154.043  1340267.3 387934.9 164847.6 27811.8  15762.4  4375.3  4993.5
   -58 -303.809   0.001 -303.808  1239217.7 425856.0 161641.8 29780.1  12929.8  5742.9  4167.0
   -57 364.487  -0.001 364.486  1305769.7 395474.8 190643.2 32880.5  16231.4  9334.9  5429.4
   -56 -295.257   0.002 -295.256  1148857.1 409951.7 138539.7 27083.9  15538.2  7904.3  4543.6
   -55 -126.731   0.001 -126.730  1113845.2 475111.5 141157.6 26910.3  12831.3  2854.8  4065.9
   -54  20.140   0.001  20.140  1191518.0 481933.5 142878.2 30245.6  13472.4  1746.5  4860.6
   -53 -538.567   0.013 -538.554   989276.0 315034.7 107977.7 20459.4  13808.2  4515.6  3770.4
   -52 -28.932  -0.005 -28.937  1034005.9 440786.5 106563.6 30721.6  12987.0  1612.8  4506.4
   -51 -66.458  -0.000 -66.458  1036391.7 441070.7 113577.0 29071.9  12491.9  3186.8  4210.5
   -50 284.971  -0.002 284.968  1186392.9 437751.0 130145.4 35509.7  17247.8  5904.5  6362.7

         Carbon flux (ktC/yr)        Water (dam3/yr)                Nitrogen (MgN/yr)
       ----------------------- -------------------------- --------------------------------
Spinup NEP     estab   NBP     transp     evap    interc  nuptake ndemand  nlosses ninflux
------ ------- ------- ------- ---------- ------- ------- ------- -------- ------- -------
   -49 -125.668   0.000 -125.668  1160906.1 432122.1 151057.3 27467.6  12810.1  5061.7  4386.8
   -48 105.047   0.001 105.048  1127651.6 355541.4 122514.4 30564.9  13205.5  3310.7  4399.0
   -47  50.420  -0.001  50.419  1200061.9 440660.0 122773.8 33253.9  13032.3  4503.9  4561.6
   -46 175.998   0.000 175.999  1160764.4 417877.9 146294.2 27094.1  12876.9  2080.5  4298.5
   -45   3.426   0.001   3.427  1098868.6 415818.1 145570.0 25847.0  12494.2  1730.8  4192.9
   -44 -77.436   0.001 -77.435  1071771.3 359034.4 117870.1 29622.1  13558.6  2495.1  4565.4
   -43 220.654  -0.001 220.653  1227595.7 414182.5 153011.6 33702.0  15918.0  4119.8  5679.6
   -42 -49.918   0.000 -49.918  1184580.8 484622.8 148540.4 27866.0  12384.2  3889.8  4685.0
   -41 -881.096   0.019 -881.077   849068.3 413489.1 89627.1 13499.4  10735.4  4166.1  2541.0
   -40  66.031  -0.005  66.026   904365.7 342201.9 86581.7 33485.6  11799.7  4955.2  3735.2
   -39 524.023  -0.004 524.019  1142418.4 411491.4 149079.7 35199.3  15297.0  9476.2  5848.5
   -38 -247.996   0.002 -247.994  1019125.1 296212.9 87564.3 23639.7  12793.1  6304.3  4223.8
   -37 -881.495   0.039 -881.456   785062.0 298897.9 53583.9 20896.1   8550.4  2386.0  2652.1
   -36 822.499  -0.019 822.480  1032859.0 443633.7 107354.7 39194.2  12730.4  2241.3  5136.2
   -35   6.658  -0.001   6.657   993628.8 299743.9 80499.5 24102.4  12285.2  4894.0  4379.3
   -34 -759.430   0.019 -759.411   828206.6 299653.6 58827.2 18675.8  10702.9  2739.4  3230.8
   -33 456.601  -0.009 456.591  1048497.5 442821.5 82578.2 41534.9  10061.3  4651.5  4131.4
   -32 802.591  -0.003 802.588  1247471.7 414793.2 122798.7 36768.9  13095.8  5367.9  5079.2
   -31 406.162  -0.002 406.160  1286805.7 486702.7 149065.5 31068.2  13306.3  5544.2  5345.9
   -30 279.463   0.000 279.464  1203763.9 410759.3 135811.7 27319.4  11717.7  2207.4  4149.1
   -29 310.214  -0.001 310.212  1338186.3 432230.8 187879.0 36653.7  15261.0  4596.5  6179.0
   -28  30.227   0.005  30.233  1164570.8 316865.2 102987.4 24275.7  12753.0  1959.1  4229.7
   -27 -578.017   0.005 -578.013  1003988.4 309501.6 90580.7 23327.6  13179.9  3733.1  4216.8
   -26 -31.585  -0.002 -31.587  1040082.2 427671.6 113968.8 33092.4  15285.2  6309.9  5191.8
   -25 261.544   0.002 261.546  1173425.9 484257.0 145175.7 31012.9  14063.6  4750.4  5430.2

         Carbon flux (ktC/yr)        Water (dam3/yr)                Nitrogen (MgN/yr)
       ----------------------- -------------------------- --------------------------------
Spinup NEP     estab   NBP     transp     evap    interc  nuptake ndemand  nlosses ninflux
------ ------- ------- ------- ---------- ------- ------- ------- -------- ------- -------
   -24 -578.193   0.017 -578.176  1051833.0 392815.4 97748.5 21572.0  12602.4  2136.2  3554.1
   -23 360.691  -0.008 360.684  1196669.7 445447.6 121348.3 36778.8  15401.5  5425.6  5992.3
   -22  52.080  -0.004  52.076  1129987.1 410176.2 123601.2 27628.3  14236.4 10905.4  4564.9
   -21 -334.858   0.003 -334.855   999852.2 320331.4 104823.7 25179.4  12233.1  4871.2  3533.9
   -20 161.208  -0.001 161.206  1033656.1 427054.1 127205.6 26410.9  12263.7  1645.2  3962.1
   -19  48.614  -0.000  48.614  1070920.8 361557.7 107023.5 31781.1  13067.4  2804.4  4542.2
   -18 275.039  -0.002 275.037  1191560.4 383997.6 120679.2 33622.8  13877.9  7701.4  5160.0
   -17 239.865  -0.002 239.863  1309972.1 457441.6 149889.6 31503.0  16041.1  3042.2  5927.3
   -16 -1024.268   0.032 -1024.236   984984.0 361474.8 97253.8 19752.0   9350.8  6979.5  2318.3
   -15 939.185  -0.016 939.169  1195703.8 408900.8 99825.5 36862.7  11652.5  4340.6  4166.4
   -14 518.519  -0.002 518.517  1327003.6 423055.0 142020.5 30925.6  13436.9  3954.2  5104.0
   -13 -108.157   0.000 -108.156  1230551.8 425217.7 125915.0 27622.8  11291.3  3686.3  3827.2
   -12 229.043  -0.001 229.042  1330413.9 489212.1 157780.4 35535.3  14813.9  5426.6  5292.1
   -11 -215.241   0.002 -215.240  1181453.5 407588.0 132229.1 27783.2  15024.6  7642.2  4407.3
   -10 -865.447   0.018 -865.428  1035112.4 381803.3 106336.4 20031.9  11526.6  1535.2  3035.9
    -9 617.788  -0.010 617.777  1201737.2 458740.6 130830.2 40710.7  14663.5  3346.5  5478.2
    -8 -355.917   0.005 -355.913  1016546.3 311527.4 103536.3 20293.0  12220.3  6226.3  3488.3
    -7 125.351  -0.002 125.348  1080666.0 423239.1 113294.7 32025.6  14992.3  5439.8  4795.7
    -6 322.235  -0.002 322.233  1250009.1 504282.1 143425.5 32435.5  14997.8  2969.3  5513.4
    -5 220.696  -0.001 220.696  1262700.3 367016.2 127202.8 31807.0  13381.6  4322.8  4920.6
    -4 -837.208   0.037 -837.171   936893.6 303837.3 61760.3 18969.7  10323.3  2911.1  2912.4
    -3 559.252  -0.010 559.242  1136171.1 429520.9 144137.7 34915.0  13956.9  9885.6  5013.8
    -2 -62.863  -0.004 -62.867  1169463.5 440169.0 134477.4 26461.6  12561.3  9319.5  4302.2
    -1 490.371  -0.004 490.367  1274465.6 403703.6 167532.0 34818.5  14532.5  8665.1  5442.0
     0 185.852  -0.004 185.848  1193998.0 326390.6 97031.1 27541.7  12706.4  2452.2  4323.2

         Carbon flux (ktC/yr)        Water (dam3/yr)                Nitrogen (MgN/yr)
       ----------------------- -------------------------- --------------------------------
Spinup NEP     estab   NBP     transp     evap    interc  nuptake ndemand  nlosses ninflux
------ ------- ------- ------- ---------- ------- ------- ------- -------- ------- -------
     1 269.879  -0.002 269.878  1319511.0 425587.0 152529.9 35365.5  15309.7  2939.7  5353.5
     2 -234.250   0.001 -234.249  1178999.8 469440.6 141099.2 24228.7  12159.4  4465.2  3773.1
     3 -171.741   0.001 -171.741  1149527.6 470277.9 134949.6 28662.3  12601.8  3803.8  3861.0
     4 -496.670   0.005 -496.665  1035164.3 315724.9 83985.9 25146.8  12802.6  1465.6  3738.8
     5 -608.975   0.002 -608.973   997737.2 396063.4 94132.8 25866.9  13568.2  1968.6  3983.2
     6 376.826  -0.003 376.823  1112007.9 397602.6 109931.7 37653.5  14330.6  6035.5  5310.4
     7 -38.125  -0.001 -38.126  1084462.5 434664.7 111251.8 25494.4  12425.9  3571.4  4106.9
     8 -68.329   0.007 -68.322  1048393.6 356265.8 91463.2 27686.4  11715.1  2702.5  3492.9
     9 -17.843  -0.003 -17.847  1074370.4 441748.6 106530.8 29772.1  11905.2  3844.2  3917.8
    10 369.155  -0.002 369.153  1244058.1 498999.1 137046.5 33946.9  14809.8  5762.6  5395.4
    11  46.103   0.001  46.104  1110680.9 320633.8 89762.2 25617.1  12654.3  1931.9  4108.5
    12 -143.675   0.000 -143.675  1085744.3 479181.0 121187.9 28118.3  12026.8  6533.7  3986.1
    13 -27.098   0.003 -27.095  1117026.1 355448.2 108497.2 31007.7  13142.8  3784.5  4304.4
    14 -20.149   0.001 -20.147  1120494.0 363485.1 110689.8 30271.3  12794.1  4576.9  4160.5
    15 347.806  -0.002 347.804  1230899.8 482605.6 148982.9 34196.1  13960.6  5475.0  4917.5
    16 140.811  -0.001 140.810  1287649.8 430822.3 138378.4 32341.4  16486.4  4940.6  5541.5
    17 -1030.499   0.047 -1030.452   914875.8 410125.4 87310.1  9388.2   9435.0  3464.9  2114.2
    18 501.155  -0.017 501.138   924686.7 361840.5 69854.7 34188.5   9757.3  2456.1  3231.5
    19 653.018  -0.007 653.011  1218601.2 420039.5 142402.5 34677.9  13888.3 10561.8  5164.8
    20 -18.738  -0.001 -18.738  1180726.3 428375.8 111797.4 28038.5  11218.5  5817.8  3796.7
    21 -281.355   0.003 -281.352  1072759.5 339819.3 76832.0 28983.6  10905.0  4092.6  3291.5
    22 -943.256   0.023 -943.233   872435.7 293065.5 57863.4 15661.3  11957.0  2775.9  3001.5
    23 -554.453   0.016 -554.437   738722.9 309111.8 42947.1 28014.4   7353.6  3933.2  2362.1
    24 369.995  -0.011 369.985   921171.4 401677.6 74599.5 32524.3  11724.7  3794.5  4479.2
    25 770.553  -0.005 770.548  1203360.2 479872.2 132425.7 37015.7  13902.4  8366.8  6214.5

         Carbon flux (ktC/yr)        Water (dam3/yr)                Nitrogen (MgN/yr)
       ----------------------- -------------------------- --------------------------------
Spinup NEP     estab   NBP     transp     evap    interc  nuptake ndemand  nlosses ninflux
------ ------- ------- ------- ---------- ------- ------- ------- -------- ------- -------
    26 613.142  -0.004 613.138  1273063.6 470492.8 120947.0 36085.6  13415.4  7921.3  5614.9
    27 353.270  -0.002 353.268  1260520.3 465847.3 145279.8 29874.1  12824.4 10880.8  4882.3
    28 -209.604   0.001 -209.603  1207955.0 428501.9 145284.5 27957.2  12583.3  5663.7  4147.3
    29 400.542  -0.002 400.540  1352550.8 436376.0 179686.7 36651.5  15918.8  4504.0  6011.2
    30 258.392  -0.001 258.391  1307230.4 452927.4 161426.9 29461.8  13672.6  4874.3  4697.9
    31  99.187   0.000  99.187  1280371.5 461179.1 166339.5 28977.8  14168.5  2820.4  4740.2
    32 -18.718   0.002 -18.717  1214316.6 408282.2 147717.5 24908.6  13780.9  1225.2  4294.7
    33 -264.426   0.002 -264.424  1128603.6 352733.7 120551.2 26950.9  13931.7  1600.4  4385.0
    34 -839.610   0.013 -839.598   937460.6 304546.4 65416.2 16125.1  13481.8  2912.0  3431.2
    35 134.218  -0.003 134.215   902168.7 368689.8 81726.0 38861.9  10046.3  2751.3  3560.5
    36 -699.523   0.007 -699.516   882840.5 393560.4 81744.2 16616.6  12188.8  1881.6  3417.8
    37 -494.797   0.003 -494.794   782484.1 386548.3 69464.9 25969.3  10202.8  4676.4  3046.6
    38  82.849  -0.002  82.847   848713.3 378234.6 50365.0 35239.0  11876.3  4145.2  4192.6
    39 227.149  -0.002 227.147   906161.3 332000.0 62077.6 25457.1  12963.3  2233.4  4506.0
    40 425.147  -0.004 425.144  1150210.2 473518.5 131155.9 37054.4  14495.0  7134.4  6519.2
    41 282.058  -0.002 282.056  1160680.5 500805.9 110799.8 27673.3  11463.0  5538.2  4615.1
    42 -772.223   0.017 -772.206   883360.8 324310.8 39331.2 18318.2  10224.3  6085.0  2648.4
    43 739.395  -0.012 739.383  1173267.9 471732.0 100824.1 44023.0  14582.1  7127.2  5645.3
    44  40.799  -0.001  40.798  1207062.1 435665.5 130987.4 27780.2  11487.3  8337.3  3999.8
    45 240.844  -0.001 240.842  1255889.1 428942.3 108787.5 34115.2  12272.4  4603.3  4186.9
    46 -98.499   0.000 -98.499  1235431.2 437050.6 142732.1 30701.3  12611.1  6500.6  3975.2
    47  -7.805   0.006  -7.799  1111794.9 333119.5 98425.8 26780.9  12105.0  2162.6  3295.4
    48  14.658  -0.001  14.657  1121182.5 359080.0 108297.3 29388.2  13284.3  3380.0  4074.0
    49 -404.051   0.005 -404.046  1002206.0 324677.2 97745.9 24468.6  12865.6  7770.0  3481.9
    50 216.714  -0.002 216.712  1092111.6 363082.1 100791.9 30285.3  13740.9  2627.8  4246.8

         Carbon flux (ktC/yr)        Water (dam3/yr)                Nitrogen (MgN/yr)
       ----------------------- -------------------------- --------------------------------
Spinup NEP     estab   NBP     transp     evap    interc  nuptake ndemand  nlosses ninflux
------ ------- ------- ------- ---------- ------- ------- ------- -------- ------- -------
    51 -437.195   0.004 -437.190  1069711.0 393711.4 90375.9 26353.3  12511.1  2936.0  3560.0
    52 439.957  -0.003 439.955  1224774.5 450116.4 115446.4 37334.8  16501.6  7051.6  5896.2
    53 -466.515   0.004 -466.511  1104452.7 388513.8 98333.8 23689.8  11831.9  2519.7  3411.2
    54 -438.200   0.003 -438.197   907234.1 314102.1 57836.5 27114.8  10878.9  3806.8  3348.5
    55 615.362  -0.005 615.357  1169654.0 410946.9 145454.6 35691.8  16303.2 12656.6  5655.6
    56 -275.750   0.000 -275.750   973319.5 320461.7 96293.2 24546.3  12646.5 11861.3  3561.8
    57 154.905  -0.000 154.905   951384.5 366584.0 87335.2 31054.4  12046.8  1826.1  3755.1
    58 165.519  -0.002 165.517  1172992.3 397673.1 128556.6 30505.4  16939.5  2390.6  5484.5
    59 -81.554   0.000 -81.554  1070400.8 423129.4 110853.2 31390.3  15525.9 11499.4  4720.8
    60 -149.583   0.001 -149.581  1016602.3 342322.5 75628.5 29116.8  12326.3  2159.0  3603.7
    61 -235.061   0.003 -235.058   965592.2 335513.8 73478.3 26481.4  12320.1  2073.5  3556.5
    62 355.836  -0.003 355.833  1145097.1 504814.1 128544.3 31801.7  16665.6  2537.3  5634.4
    63  15.539  -0.000  15.538  1119646.1 436421.6 110912.3 26907.2  12544.4  4402.0  4134.2
    64  13.949   0.000  13.950  1119717.7 364990.2 108640.5 29523.1  13448.0  6150.1  4383.8
    65 324.224  -0.001 324.223  1191848.5 434925.8 126290.9 29562.8  13724.8  2853.2  4578.1
    66 -258.849   0.008 -258.841  1040841.6 335301.5 78984.9 25988.0  11636.3  2654.9  3538.6
    67 -310.069   0.002 -310.067   938002.1 336327.8 74438.3 23690.4  11877.6  2548.7  3611.5
    68 -254.747   0.001 -254.746   933907.3 301864.1 77590.1 23488.8  14333.9  4545.7  4391.7
    69 -857.136   0.057 -857.079   738572.3 312951.5 35053.4 20564.6   9614.2  3622.0  2534.8
    70 625.959  -0.014 625.945   971612.8 601922.4 93921.3 35746.6  12283.1  5490.9  4851.8
    71 795.015  -0.009 795.006  1214333.1 443506.5 111333.3 31719.9  13319.1  5921.4  5353.7
    72  76.101  -0.001  76.100  1225995.1 432223.0 103229.1 28800.1  11620.6  6057.7  4793.6
    73 410.673  -0.001 410.672  1294374.4 405776.1 137367.8 34329.4  14565.8  4562.1  5367.5
    74 -126.031   0.001 -126.030  1173259.9 430743.7 119662.1 27206.3  12077.7  3859.7  4091.8
    75 -37.245   0.000 -37.245  1128068.6 478773.7 127749.7 27902.1  12335.6  8992.5  4270.1

         Carbon flux (ktC/yr)        Water (dam3/yr)                Nitrogen (MgN/yr)
       ----------------------- -------------------------- --------------------------------
Spinup NEP     estab   NBP     transp     evap    interc  nuptake ndemand  nlosses ninflux
------ ------- ------- ------- ---------- ------- ------- ------- -------- ------- -------
    76 -702.418   0.015 -702.403   995920.2 293353.8 64694.5 17799.0  12867.7  3229.6  3597.2
    77 405.585  -0.008 405.577  1117333.8 496521.2 108349.2 36419.3  10711.9  3872.7  4387.8
    78 -31.554  -0.001 -31.555  1164249.2 434424.3 131123.8 26033.8  12607.6  8275.0  4578.9
    79 121.271   0.000 121.271  1121743.6 413845.4 116581.1 31589.2  14555.3  9088.7  4838.5
    80 -209.139   0.012 -209.127  1017687.7 339011.2 93271.7 23166.8  11495.4  1703.3  3325.4
    81 -222.136  -0.000 -222.137   956032.2 342195.0 73215.5 23818.5  11136.1  2484.6  3572.3
    82 -186.764   0.001 -186.764   928648.0 322430.6 87424.0 22550.8  13463.2  4888.7  4047.1
    83 438.635  -0.002 438.633  1107628.3 496240.1 122022.0 34465.8  14069.1  3515.8  5594.1
    84 -200.217   0.002 -200.215  1002422.7 296878.0 81556.1 22019.8  13554.3  4232.8  4303.3
    85  -4.116  -0.001  -4.117  1098871.2 438657.7 122123.8 31033.9  12878.8  5590.5  4738.3
    86 361.520  -0.001 361.519  1113472.2 328678.9 83897.7 28489.9  13443.6  2331.5  4849.0
    87 -88.504   0.000 -88.504  1119923.8 438583.2 112099.7 27243.4  12688.6  4076.7  4384.5
    88  34.915  -0.001  34.914  1192447.8 439390.1 108229.0 30758.1  13504.4  6082.9  4889.4
    89 -337.531   0.006 -337.525  1054702.2 295553.7 89596.4 22498.6  13354.3  4545.0  4112.3
    90 -117.624   0.035 -117.590   891506.8 356327.8 92761.4 28889.0  10577.0  2279.7  3553.8
    91 -467.485  -0.010 -467.494   757842.8 352735.8 87075.0 21866.8  14292.1  5382.5  4556.9
    92 -289.646  -0.002 -289.648   804618.9 319470.1 74672.0 25937.6  13335.0  4421.0  4362.1
    93 265.527  -0.001 265.526   995510.3 516062.3 119106.7 33563.9  14545.8  6808.5  5820.8
    94 247.090  -0.000 247.090  1007584.4 463074.5 116821.1 25442.1  13673.0  4936.8  5361.7
    95  81.805  -0.001  81.805  1083583.0 468116.0 120542.3 34119.3  16544.9  7926.6  6888.2
    96 219.252  -0.000 219.252  1056677.1 449136.0 134616.4 26099.4  13868.3  3796.8  5160.5
    97  -3.709   0.001  -3.708   965870.4 342243.8 95911.9 26061.0  13912.6  2215.3  4905.5
    98 -237.336   0.000 -237.336  1032159.3 467461.0 112176.1 29345.3  14421.3  6496.6  5440.9
    99 -296.989   0.004 -296.985   901767.7 315414.7 89923.5 24305.8  14334.5  6216.7  4706.9
   100 308.037   0.002 308.039  1101589.6 426890.6 139793.0 33814.1  15741.5  3686.6  5896.5

         Carbon flux (ktC/yr)        Water (dam3/yr)                Nitrogen (MgN/yr)
       ----------------------- -------------------------- --------------------------------
Spinup NEP     estab   NBP     transp     evap    interc  nuptake ndemand  nlosses ninflux
------ ------- ------- ------- ---------- ------- ------- ------- -------- ------- -------
   101 -849.561   0.023 -849.539   806518.6 313761.7 66212.6 15211.7  12896.7  4968.4  3841.4
   102 353.065  -0.010 353.055   901226.8 466827.2 95796.2 38780.5  13549.4 13517.8  4926.5
   103  -1.290   0.000  -1.290   917528.9 357073.9 76341.5 26026.8  12546.9  3133.4  4542.1
   104 341.664  -0.000 341.664  1022044.3 456905.1 126260.2 29257.3  13669.4  3667.5  5340.1
   105 127.433   0.000 127.433   955541.5 344438.2 94297.0 25785.9  13573.1  2284.0  4956.0
   106 -792.392   0.012 -792.380   757698.6 336110.1 43017.8 19668.1  11775.7  5738.2  3316.3
   107 496.451  -0.002 496.449   951771.6 481713.8 112999.5 31806.9  13853.4  3267.1  4995.2
   108  66.636  -0.000  66.636   924032.0 440391.4 112562.7 30075.4  14976.2 12630.7  5591.0
   109 223.670  -0.000 223.669   917766.3 395207.8 99491.1 31905.4  12517.8  2610.1  4681.9
   110 -227.941   0.004 -227.937   938754.1 460065.8 119977.3 22808.6  13555.9  4342.2  4467.9
   111 -36.127   0.000 -36.127   931396.3 510014.0 127426.4 27591.5  12532.5 10398.4  4719.6
   112 -699.428   0.010 -699.418   741867.0 336626.1 42721.2 18519.3  11964.3  4676.2  3196.3
   113 468.916  -0.004 468.912  1022500.6 489799.5 110850.3 39508.2  16931.4  5933.9  6749.9
   114 448.029   0.005 448.034  1092646.3 522553.6 156908.5 27210.6  14545.7  5369.7  6021.3
   115 296.480   0.004 296.484  1129807.4 423010.0 164273.0 31296.3  14633.4  4379.4  5648.5
   116 -140.107   0.002 -140.105  1047365.1 459734.8 134158.8 30009.7  13215.6  5536.2  5034.8
   117  54.168  -0.003  54.165   968335.9 346830.8 110674.1 24983.1  14605.3  2127.9  4838.3
   118 137.372  -0.009 137.363  1135439.0 481043.6 203543.6 32106.1  17210.0  6520.5  7247.5
   119 197.743   0.000 197.743  1114803.0 417451.2 207587.4 26276.4  16074.0 11638.2  6268.5
   120 -435.687   0.002 -435.684   978418.4 405723.7 126665.7 25376.6  14605.0  3435.6  4390.9
   121 175.196   0.000 175.196  1089385.1 428049.2 199104.9 31730.6  16962.8  8392.3  6375.3
   122 101.325   0.001 101.325  1018020.9 348661.7 115807.3 24070.4  15061.0  2396.7  5386.3
   123  -4.080  -0.001  -4.080  1098303.8 434097.8 178757.7 29295.6  17027.6  3046.9  6461.0
   124  -5.508  -0.000  -5.509  1058569.9 520491.6 193817.2 26890.7  16444.6  5016.9  6450.9
   125  76.171   0.000  76.171  1048721.6 517370.8 198632.1 26719.4  16400.0  3443.8  6484.6

         Carbon flux (ktC/yr)        Water (dam3/yr)                Nitrogen (MgN/yr)
       ----------------------- -------------------------- --------------------------------
Spinup NEP     estab   NBP     transp     evap    interc  nuptake ndemand  nlosses ninflux
------ ------- ------- ------- ---------- ------- ------- ------- -------- ------- -------
   126 -790.446   0.025 -790.421   721031.4 421012.0 102895.4 13905.0  11339.1  3393.5  2887.3
   127  -1.970  -0.008  -1.979   780648.5 326286.6 57512.1 29607.5  10779.4  2294.0  3560.2
   128 450.355  -0.003 450.352  1037385.4 457710.4 141016.9 32172.4  15814.2  4221.6  6283.6
   129 -160.588   0.002 -160.586   881848.9 306925.8 94118.9 21905.1  13517.7  6236.6  4663.2
   130 -719.353   0.029 -719.324   750810.5 307691.4 68326.5 18651.5  11551.2  2660.8  3626.8
   131 650.355  -0.013 650.342   959247.7 560308.6 131766.2 37463.0  12571.0  6410.0  5216.0
   132 481.732  -0.003 481.730  1017011.7 406880.3 120992.0 30170.0  13002.1  5532.2  5591.4
   133 261.154  -0.003 261.151  1018382.2 497881.9 165636.2 26927.1  13837.9  7042.8  5764.6
   134 -110.484   0.000 -110.484   961541.2 464861.2 144818.0 25431.9  12774.1  5072.1  4609.4
   135 -24.220   0.000 -24.220   922501.3 439737.0 134613.5 32249.8  15945.0 10693.2  5472.4
   136 -674.057   0.017 -674.041   808139.8 315694.9 76649.4 16399.6  14086.0  2384.0  4063.1
   137 -265.705   0.002 -265.703   734139.4 315378.3 55580.9 29742.7   9721.1  3176.5  3020.3
   138 -409.008   0.001 -409.008   712055.6 322272.4 37661.6 18734.5  11085.3  3889.4  3141.8
   139 181.832  -0.002 181.830   805708.7 357016.4 81036.5 31764.4  13354.7  8829.4  4229.0
   140 495.461  -0.002 495.459   952916.3 410870.8 103687.8 34100.0  13641.3  3416.3  5522.5
   141 -50.727  -0.000 -50.728   930170.5 463759.0 136758.4 24721.0  13105.6  9520.8  5019.3
   142 437.580  -0.001 437.579  1041081.0 425298.5 170212.3 32316.0  15076.3 13078.1  6290.6
   143 281.166  -0.001 281.165  1054967.4 521683.6 171673.8 27698.7  15270.9  5125.2  6148.8
   144 -35.637   0.000 -35.637   967027.6 452437.1 142987.7 27286.1  12648.2  3398.9  4572.5
   145 -768.668   0.012 -768.656   759870.7 336565.8 49210.4 19327.8  11633.6  4885.5  3121.5
   146 304.259  -0.005 304.254   888555.0 453811.1 112214.6 35125.7  15487.2  8865.3  5376.2
   147 -147.944   0.006 -147.938   823917.7 320188.9 60570.0 24171.4  11233.0  2073.7  3786.2
   148 139.661  -0.003 139.657   968731.4 456952.7 108452.3 29891.1  13680.5  3730.7  5132.6
   149  19.991   0.000  19.992   921452.3 464553.8 126741.8 26097.5  12669.2  5179.4  4576.2
   150 397.304  -0.001 397.303  1013403.1 408476.1 126783.1 34126.8  14297.7  5221.5  5837.7

         Carbon flux (ktC/yr)        Water (dam3/yr)                Nitrogen (MgN/yr)
       ----------------------- -------------------------- --------------------------------
Spinup NEP     estab   NBP     transp     evap    interc  nuptake ndemand  nlosses ninflux
------ ------- ------- ------- ---------- ------- ------- ------- -------- ------- -------
   151  96.935  -0.000  96.935  1017773.2 510693.3 151540.3 23973.6  13194.0  3442.4  5302.8
   152 -816.737   0.019 -816.718   775808.4 377568.9 99389.9 22011.0  11416.7  5597.7  3007.4
   153 886.543  -0.009 886.534  1036954.2 453039.7 127285.9 34918.5  15096.3  4456.2  5259.3
   154 142.601  -0.001 142.601  1009880.3 457066.6 120195.0 26819.9  12075.9  5544.4  5048.4
   155 -160.362   0.001 -160.361   869250.7 346505.9 90825.9 27402.2  11542.7  4322.8  4015.6
   156 -375.283   0.002 -375.281   868763.8 400052.4 104924.8 24538.4  13133.2  2344.0  3843.1
   157 421.501  -0.002 421.499  1075456.8 472457.8 176623.0 35713.9  16522.7  7094.8  7065.8
   158 427.107  -0.001 427.106  1078723.3 455023.7 149374.2 30004.7  16752.5  8166.1  6688.2
   159 448.731   0.000 448.731  1101412.8 441914.8 181924.4 30309.4  14724.2  4496.3  5830.8
   160 -53.208   0.001 -53.206   996215.1 445241.5 163361.7 25502.0  12860.2  3897.5  4391.4
   161 145.752  -0.000 145.751  1083637.2 494952.1 185195.6 33447.8  17026.9  4238.3  6536.3
   162 123.661  -0.001 123.660  1103123.2 477959.5 194151.0 28063.9  17252.2  4748.3  6601.1
   163 -262.824   0.004 -262.820   908074.4 340485.5 111231.9 24792.3  13210.4  3647.6  4189.1
   164 -562.198   0.027 -562.172   778694.5 308010.5 73770.0 21686.5  12122.0  2065.5  3549.9
   165 -650.922   0.008 -650.914   711696.0 300577.2 70798.3 15814.4  13248.1  2252.9  3801.1
   166 -385.671  -0.005 -385.676   705978.9 384863.4 82000.7 27673.7  10633.9  4777.6  3032.3
   167 -224.765   0.001 -224.764   715370.6 346096.6 35546.0 22907.3  12146.7  7238.7  3465.6
   168 389.118  -0.002 389.116   937299.8 470962.7 93955.0 36403.6  12873.6  6694.0  5359.3
   169 662.713  -0.002 662.711  1054390.2 470793.3 165133.1 32784.7  14473.0  8840.3  6832.4
   170 455.301  -0.001 455.300   977870.8 344720.9 100464.1 25701.3  12973.2  2577.7  5269.4
   171 -116.900   0.001 -116.900   869151.1 352267.2 92151.4 28273.1  11938.7  3634.0  4253.0
   172 -264.939   0.015 -264.924   818259.3 333864.7 106552.5 21932.5  11920.1  2433.0  3638.7
   173 -69.660  -0.004 -69.665   818840.2 327691.4 84274.7 28129.0  14434.1  4717.4  4956.6
   174 198.310  -0.000 198.309   805994.6 375409.7 97274.2 31952.9  12145.2  2612.0  4426.6
   175 -36.201  -0.001 -36.202   939065.3 508225.9 131598.7 23933.2  13638.4  3886.3  5435.1

         Carbon flux (ktC/yr)        Water (dam3/yr)                Nitrogen (MgN/yr)
       ----------------------- -------------------------- --------------------------------
Spinup NEP     estab   NBP     transp     evap    interc  nuptake ndemand  nlosses ninflux
------ ------- ------- ------- ---------- ------- ------- ------- -------- ------- -------
   176 170.986   0.000 170.986   931158.4 354112.8 93725.8 26321.4  14569.8  2811.4  5673.9
   177 194.255  -0.001 194.254   995356.9 523989.1 164494.5 29309.7  15888.3  7072.1  6564.3
   178 215.532   0.009 215.541   900640.2 385505.4 110230.8 30263.9  12718.9  2779.7  4703.1
   179 -405.295   0.003 -405.292   852008.9 482151.9 120831.1 21902.9  13848.7  4309.4  4715.7
   180  13.236  -0.000  13.236   905470.0 390996.0 109999.4 28607.1  14002.3  6814.3  5416.2
   181 -236.570   0.000 -236.570   882112.2 359152.8 86254.7 24899.6  13391.6  4175.0  4889.6
   182 -576.166   0.012 -576.153   680398.1 426088.1 83331.2 16576.5  11557.3  5004.0  3220.8
   183 -309.398  -0.000 -309.399   695941.5 340404.8 36085.2 25286.9  11441.5  4717.4  3334.9
   184 325.810   0.001 325.812   854745.0 362343.4 75798.0 30090.6  13953.7  2256.4  5140.1
   185 368.011   0.000 368.011   996285.6 537301.5 142184.7 29106.3  15095.9  5858.9  6616.1
   186  98.817   0.001  98.818   906047.8 440765.8 118940.9 29250.8  14896.2 10910.4  5715.9
   187 -46.477   0.002 -46.475   944289.4 462758.2 147301.7 26837.3  13824.4  5642.5  5071.4
   188 431.518  -0.001 431.517  1114451.6 466924.4 189720.6 34128.4  16308.2  5743.0  7213.5
   189 290.203  -0.001 290.203  1070804.0 493254.8 178629.4 26938.3  14612.1  4602.7  5996.5
   190 -457.723   0.007 -457.715   937943.3 398803.7 121504.8 22979.6  14282.4  1695.9  4216.9
   191 -757.623   0.015 -757.608   774931.1 381764.8 98632.3 24963.7  11461.9  4239.8  3095.7
   192 766.484  -0.007 766.477  1013586.8 486417.3 133710.0 35302.5  16289.1  5622.1  6058.9
   193 192.058   0.003 192.061  1024735.4 457292.4 125478.6 25659.9  12806.0  5132.3  5222.6
   194  55.427   0.001  55.428  1029990.1 461813.9 131808.4 29878.7  12978.7  4252.8  5193.2
   195 144.870   0.005 144.876   959566.8 345070.6 109985.8 25075.8  14226.3  1942.3  4979.1
   196 204.244   0.004 204.247  1063381.0 426914.1 195273.9 30520.0  16408.0 10621.2  6489.1
   197 282.177   0.002 282.179  1141160.8 467093.0 215437.7 29234.6  17216.3  6325.4  7400.1
   198 -724.612   0.018 -724.594   846493.0 301801.5 87726.9 12650.3  13941.8  2893.1  4182.3
   199 180.147  -0.008 180.140   890650.7 481178.6 128045.1 33961.9   9800.3  3759.8  3673.2
   200 538.285  -0.006 538.278  1051736.1 473178.0 142553.3 34349.2  15745.8  6758.9  6586.5

         Carbon flux (ktC/yr)        Water (dam3/yr)                Nitrogen (MgN/yr)
       ----------------------- -------------------------- --------------------------------
Spinup NEP     estab   NBP     transp     evap    interc  nuptake ndemand  nlosses ninflux
------ ------- ------- ------- ---------- ------- ------- ------- -------- ------- -------
   201  43.323  -0.002  43.321   959648.2 495878.2 160656.6 22146.7  11919.8  6098.2  4580.5
   202 317.885  -0.000 317.885  1077835.2 419320.1 204170.6 30792.6  15457.1  8224.7  6343.9
   203 -233.532   0.001 -233.531   896166.2 350581.6 103538.4 25397.2  12981.5  3314.4  4358.6
   204 190.144  -0.001 190.143  1032051.4 493498.2 179360.3 29333.7  16250.3  3331.2  6221.1
   205 -87.936   0.001 -87.935   965095.0 375371.2 136794.9 23689.6  14987.8  3454.3  5365.5
   206  63.131  -0.000  63.131  1075551.4 434509.7 178507.5 29768.0  17119.5  3907.1  6636.9
   207 122.887  -0.001 122.886  1036503.8 501052.2 188874.1 28564.0  15387.8  4885.6  6257.9
   208 -205.349   0.001 -205.348   971786.5 453722.0 178471.7 23787.9  14559.3  5642.7  5138.2
   209 -166.449   0.002 -166.447   882723.0 305821.1 107340.7 26189.3  14692.2  3139.1  4763.3
   210 -171.861   0.003 -171.858   835331.9 342888.0 94303.0 29825.1  12354.4  1792.2  4185.8
   211 330.136  -0.003 330.133  1010399.2 454092.6 162084.8 31514.6  16870.2  4634.4  6416.9
   212 -115.315   0.009 -115.306   909926.3 352688.6 117319.1 21045.4  13076.1  2082.2  4356.8
   213 -285.846  -0.002 -285.847   842416.3 340681.3 96093.2 24031.6  13380.0  2427.5  4599.8
   214  -3.851  -0.001  -3.852   960475.4 522991.6 143484.6 28530.4  13550.4  5180.7  5648.8
   215 -156.434   0.000 -156.434   890055.0 352498.1 93784.8 24572.9  14177.5  3598.5  5177.2
   216 -158.085   0.001 -158.085   821472.2 357957.4 87863.6 28962.9  13306.1  4429.3  4633.7
   217 208.820  -0.001 208.819   948286.0 396949.8 127946.3 30098.7  15308.9  5434.8  5978.9
   218 259.239  -0.001 259.238   990097.3 452889.4 163407.2 28143.4  16283.5  6308.4  6549.1
   219   6.288   0.000   6.288   933690.3 374480.5 129520.3 25583.0  14381.0  5153.5  5347.5
   220 208.343   0.000 208.344  1054936.0 436738.7 174203.0 31534.0  16449.0  5115.5  6433.5
   221  98.568  -0.000  98.568   902732.4 393508.4 125851.5 31454.4  13013.7  4321.9  4828.1
   222 -42.568   0.001 -42.568   865400.2 381339.8 125927.6 27648.6  13811.3  2782.0  4703.3
   223 -633.211   0.004 -633.207   841539.8 401545.5 115100.7 21117.5  14380.6  2179.3  4125.4
   224  84.389  -0.000  84.388   864938.8 353385.1 99743.8 27951.9  14817.4  2344.2  5298.9
   225 -177.741   0.001 -177.740   809305.3 360805.6 89126.0 27369.2  13036.2  4096.2  4547.1

         Carbon flux (ktC/yr)        Water (dam3/yr)                Nitrogen (MgN/yr)
       ----------------------- -------------------------- --------------------------------
Spinup NEP     estab   NBP     transp     evap    interc  nuptake ndemand  nlosses ninflux
------ ------- ------- ------- ---------- ------- ------- ------- -------- ------- -------
   226 278.519  -0.001 278.519  1005670.9 428161.4 155719.9 31374.4  16883.1  5226.3  6647.4
   227 304.748  -0.001 304.747  1046729.4 474122.5 199718.8 31544.6  15885.6  9453.6  7291.9
   228  20.957   0.000  20.957   924461.5 453120.4 154980.8 25695.2  12873.6  6034.5  4792.0
   229  39.706  -0.000  39.706   974331.7 467294.4 141037.4 31450.6  13501.2  6127.9  5322.2
   230 202.260  -0.001 202.259  1045807.7 495297.6 183044.0 32275.1  16544.2  4760.4  6760.6
   231 227.309   0.002 227.311  1079824.1 420630.9 195236.4 28611.4  16137.6  5551.5  6088.6
   232 212.463   0.001 212.465  1102113.1 468675.1 239446.1 31870.5  16600.2  5454.4  7262.3
   233 200.995   0.000 200.995  1083827.4 419366.1 208215.7 29392.1  16290.9  4039.5  5978.6
   234 -921.938   0.021 -921.916   769514.0 381708.9 122109.8 20833.4  11433.6  4449.0  3013.8
   235 807.319  -0.011 807.308  1044485.0 492022.1 187215.6 34602.1  15508.3  7259.9  6167.0
   236 211.955  -0.002 211.953   968168.0 368154.4 138146.2 24886.6  12554.4  5339.1  4938.5
   237 257.234  -0.001 257.234  1022539.7 395997.1 157539.2 33402.1  13541.1  5999.3  5800.8
   238   3.116   0.001   3.117   919906.4 332368.4 124182.7 22592.3  14119.0  1383.7  4986.5
   239 -809.436   0.019 -809.417   684043.1 436812.1 105029.0 16360.2  11784.6  3103.5  3118.5
   240 232.827  -0.008 232.820   841115.3 515944.2 130821.7 32086.6  12465.0  5173.3  4622.2
   241 469.209  -0.001 469.208   992852.9 449811.8 155146.9 32331.0  15159.1  4400.7  6476.1
   242 -566.341   0.006 -566.335   789759.4 306369.6 78831.7 15060.7  13412.0  3252.2  4441.9
   243 -299.542   0.016 -299.526   725856.4 313716.9 57979.8 32165.8   9256.6  3030.4  3281.1
   244 636.132  -0.009 636.123   983988.0 432464.2 135334.7 34391.9  14540.6  3147.5  5853.9
   245 -211.083   0.003 -211.080   887984.7 408990.7 102003.4 24687.2  12579.7  3018.9  4320.5
   246 -594.987   0.005 -594.982   760298.8 375721.2 94721.6 25310.7  10932.7  7102.2  3286.2
   247 164.285  -0.001 164.284   840870.4 359183.5 76306.3 33283.7  12616.8  5748.3  4394.6
   248 509.934  -0.002 509.933  1007797.0 449932.4 141128.7 32523.4  15194.9  6308.9  6251.9
   249 112.956   0.002 112.958   908968.6 437693.6 127512.1 28381.1  14540.0 11155.5  5551.9
   250 141.450   0.001 141.451   907009.7 436693.6 130537.0 32002.8  15329.7  6922.9  5552.2

         Carbon flux (ktC/yr)        Water (dam3/yr)                Nitrogen (MgN/yr)
       ----------------------- -------------------------- --------------------------------
Spinup NEP     estab   NBP     transp     evap    interc  nuptake ndemand  nlosses ninflux
------ ------- ------- ------- ---------- ------- ------- ------- -------- ------- -------
   251 440.045  -0.002 440.043  1082518.9 471917.6 197986.3 33509.1  15945.4  4907.0  7034.7
   252 347.296  -0.004 347.291  1047615.9 519278.3 197694.5 27498.7  14938.7  3125.3  6029.2
   253 216.051  -0.002 216.049  1036212.5 490477.5 192034.9 29609.8  14229.3  3518.7  5845.9
   254 -177.034   0.001 -177.033   949164.9 455810.4 162657.5 26604.1  13669.2  2895.1  4700.8
   255 -218.927   0.001 -218.926   892420.4 509119.7 161199.1 26408.7  13666.3  5374.7  4898.8
   256 -72.895   0.000 -72.894   971179.2 452229.1 134148.7 29598.6  14815.9  2516.6  5466.2
   257 -78.356   0.000 -78.355   892324.9 433204.8 142119.9 28590.5  16735.7  5796.0  5831.5
   258  15.451  -0.000  15.450   969882.1 456865.4 133993.8 29751.8  14339.9  1904.4  5384.0
   259 -156.649   0.000 -156.649   928738.2 452878.6 167791.3 26687.8  14161.7  4535.4  5054.2
   260 402.565  -0.001 402.564  1015036.2 444910.2 173496.5 33819.5  16051.7  2848.4  6330.2
   261 258.026  -0.000 258.025  1040244.7 419494.9 211520.1 27308.3  16149.5  6246.3  6410.4
   262 -206.949   0.001 -206.948   911039.4 433230.9 152536.9 26946.5  16545.5  5044.9  5692.6
   263 -349.014   0.007 -349.007   824922.3 316239.8 74216.5 26371.4  12531.7  1036.1  4056.4
   264 -583.655   0.002 -583.653   732348.6 317326.1 47825.1 20487.3  13290.7  1730.7  3702.1
   265 477.482  -0.002 477.480  1028371.1 436603.6 146189.0 37695.3  16571.3  2991.7  6454.4
   266 256.585  -0.001 256.585   980426.1 388352.0 133601.4 29589.1  13799.7  5852.9  5777.5
   267 -443.054   0.020 -443.034   793891.7 318874.4 67315.2 24004.9  11598.9  2323.1  3933.2
   268 -441.733  -0.006 -441.739   710365.2 326635.0 43819.6 21231.0  11777.3  2530.0  3637.2
   269 -192.856  -0.000 -192.856   844955.5 402451.2 91730.6 30024.0  13345.2  2261.8  4340.8
   270 397.200  -0.001 397.199   916943.9 458756.8 123447.1 30733.0  13825.5  3348.6  5475.9
   271 619.392  -0.002 619.391  1069304.0 432091.0 148752.9 36081.3  14899.2  4507.4  6096.7
   272 -229.264   0.001 -229.263   894239.4 340609.0 94874.2 25588.3  12256.6  3055.3  4486.2
   273 260.004  -0.000 260.004   944951.2 345677.9 99410.5 30442.6  14146.6  2718.9  5443.6
   274 303.723  -0.001 303.722  1075904.6 432031.7 163679.1 33376.5  15811.3  4834.2  6388.9
   275 271.152  -0.001 271.151  1106903.0 421293.7 175014.8 31461.2  15404.4  4295.1  5984.1

         Carbon flux (ktC/yr)        Water (dam3/yr)                Nitrogen (MgN/yr)
       ----------------------- -------------------------- --------------------------------
Spinup NEP     estab   NBP     transp     evap    interc  nuptake ndemand  nlosses ninflux
------ ------- ------- ------- ---------- ------- ------- ------- -------- ------- -------
   276 -276.814   0.002 -276.813   913492.4 304502.8 106884.2 27275.5  13862.4  5041.2  4530.0
   277 -577.013   0.023 -576.990   764357.3 329688.6 110087.3 21009.8   9675.1  2597.6  2959.3
   278 407.784  -0.010 407.773  1016672.1 447838.9 138800.2 35637.2  14753.2  3771.7  6085.8
   279 -204.917   0.000 -204.917   851689.3 334560.4 109176.0 22875.9  13577.7  6670.6  4339.7
   280 -137.105   0.001 -137.104   836123.6 302242.8 91882.7 27157.4  13190.9  2691.8  4375.3
   281 -662.208   0.023 -662.184   736721.6 301416.3 68593.7 23089.5  12536.4  2602.9  3803.7
   282 446.521  -0.011 446.510   953081.4 475110.5 113006.0 42610.6  14965.5  5968.5  6251.8
   283 105.504  -0.001 105.503   912289.0 306252.0 88598.3 25227.3  12875.3  6123.2  4722.1
   284 -38.529   0.000 -38.529   870233.9 302396.9 89610.5 30732.9  12453.6  3096.4  4294.4
   285 320.581  -0.003 320.579  1039260.3 445987.5 133998.6 40055.8  16436.3  5206.8  6616.5
   286 -254.943   0.001 -254.942   966359.3 399369.8 110723.0 25516.2  12550.4  2811.7  3994.9
   287 395.373  -0.002 395.371  1111308.5 486180.3 162471.4 38641.6  15943.8  4726.4  6356.1
   288 197.501  -0.001 197.500  1104799.2 497695.2 162582.7 26242.1  12224.7  5649.1  4891.8
   289 172.136   0.000 172.136  1043039.8 337075.6 113493.4 29179.0  13718.6  2025.0  4982.1
   290 -85.764   0.001 -85.763  1022031.8 369393.9 135531.4 30736.7  13902.8  3888.3  4902.1
   291 -431.000   0.005 -430.995   903198.4 318998.8 71471.5 27182.7  12040.4  3604.7  3836.6
   292 -259.883  -0.001 -259.884   863635.0 323745.4 107772.2 26980.1  14696.9  3626.1  4222.4
   293 323.124  -0.001 323.123  1060278.8 416389.9 177430.9 34529.8  16257.2  8389.6  6197.1
   294 153.363  -0.001 153.361  1120456.6 474406.2 165999.6 31655.7  16140.0  4548.9  6353.1
   295 -213.183   0.001 -213.182   968856.1 486691.8 153683.4 23945.5  12484.9  5240.4  4443.1
   296 268.947  -0.000 268.947  1083607.4 433350.6 165941.7 35922.9  15716.4  2288.2  5938.9
   297 -627.591   0.011 -627.580   875795.4 300850.1 81276.2 17347.3  13906.3  2142.4  4022.7
   298 296.926  -0.003 296.923  1037797.4 500422.3 134697.4 38860.1  10506.0  2659.6  4394.5
   299 -197.022   0.000 -197.022   936665.8 345490.1 87426.9 28065.4  11706.9  3117.0  3966.8
   300 111.739  -0.000 111.739   996107.2 421865.3 139658.4 27746.1  13030.9  1781.1  4518.2

         Carbon flux (ktC/yr)        Water (dam3/yr)                Nitrogen (MgN/yr)
       ----------------------- -------------------------- --------------------------------
Spinup NEP     estab   NBP     transp     evap    interc  nuptake ndemand  nlosses ninflux
------ ------- ------- ------- ---------- ------- ------- ------- -------- ------- -------
   301 -451.676   0.003 -451.674   857562.3 310596.4 62446.6 28178.8  11097.7  2040.2  3684.3
   302 -282.860   0.001 -282.859   821629.8 308732.2 89090.2 25112.5  12581.2  1907.9  3876.9
   303 132.581  -0.001 132.580  1010790.6 522064.9 145155.8 33574.1  15908.2  3745.2  6390.3
   304 -70.743   0.001 -70.743   926510.2 304119.4 85880.4 28818.4  13451.1  5530.8  4694.5
   305 -704.467   0.025 -704.442   745222.3 309176.3 55231.0 25527.0   9601.2  2590.3  3092.0
   306 -504.062   0.010 -504.052   701804.4 322408.9 80010.0 21654.7   9488.3  2939.7  2965.3
   307 -90.416  -0.007 -90.422   774213.0 352448.4 60984.3 28331.0  11606.6  3157.0  4194.3
   308 328.803  -0.001 328.803   908779.9 352982.7 70156.0 32224.3  12845.6  3022.4  5116.1
   309 -28.893  -0.001 -28.894   938986.9 452016.3 118594.6 31074.9  12532.1  9929.6  4984.4
   310 324.820  -0.001 324.818   986650.5 369183.9 96958.6 33401.8  12486.8  7541.2  4982.9
   311 453.583  -0.002 453.580  1149407.6 465592.8 167224.1 36625.9  14290.7  9047.5  6449.5
   312 -46.497   0.001 -46.496   984020.3 298658.8 91957.0 28497.8  12208.9  6449.7  4226.2
   313 193.625  -0.001 193.624  1080480.2 489128.9 135596.2 33190.3  11546.7  2567.1  4463.6
   314  15.485   0.000  15.485  1072278.7 362767.3 120545.0 32109.9  12844.4  5272.3  4556.2
   315 -198.117   0.001 -198.117  1071216.7 444928.8 154386.3 30887.7  13060.1  6749.8  4437.0
   316 294.073   0.004 294.077  1076917.0 329802.1 98850.5 30917.1  14102.1  1586.0  4680.9
   317 -596.918   0.003 -596.915   922467.6 353373.4 82688.3 25256.0  13030.2  1972.9  4238.9
   318 -355.803   0.001 -355.803   911822.1 335231.6 76605.3 28563.3  13230.1  2486.2  4464.7
   319 204.175   0.003 204.178  1071831.0 444367.5 133433.0 36332.7  16050.4  4877.2  6168.9
   320 -787.175   0.017 -787.158   849167.7 369832.5 89461.2 21951.0  10697.7  5431.2  2990.0
   321 743.118  -0.007 743.111  1068450.0 515114.1 120356.3 36519.2  13356.1  6348.9  5163.2
   322 -120.381  -0.003 -120.384   954845.5 307610.0 83687.9 25033.5  12371.9  4188.7  4320.4
   323 -653.090   0.006 -653.085   757082.2 425327.1 78945.4 17873.9   9394.7  3449.8  2581.9
   324 172.361  -0.004 172.357   892355.4 356471.7 63757.5 37396.1  10288.6  3722.3  3695.1
   325 -264.241   0.004 -264.237   868968.9 327938.4 66360.5 26134.7  11174.0  3084.5  3575.9

         Carbon flux (ktC/yr)        Water (dam3/yr)                Nitrogen (MgN/yr)
       ----------------------- -------------------------- --------------------------------
Spinup NEP     estab   NBP     transp     evap    interc  nuptake ndemand  nlosses ninflux
------ ------- ------- ------- ---------- ------- ------- ------- -------- ------- -------
   326 -469.658   0.002 -469.656   737218.2 429206.6 66115.0 19138.4   9721.4  6409.5  2726.7
   327 -293.903   0.002 -293.901   778643.3 332042.6 29644.9 28193.5   9932.9  6440.0  2860.7
   328 381.715  -0.001 381.714   922067.1 344594.7 62646.8 35493.5  12061.9  2964.7  4357.2
   329 -440.349   0.002 -440.347   795235.9 335536.8 31607.7 22424.7  10763.1  5799.8  3138.5
   330 346.296  -0.002 346.294  1053206.7 458852.4 80435.0 40525.6  12605.0  7664.6  4992.0
   331 -486.150   0.003 -486.148   821980.6 331625.4 33982.4 20638.9  10231.8  7944.4  2914.4
   332 -384.163   0.003 -384.161   837551.7 376696.6 65520.4 32587.7   9315.5  7130.6  2782.5
   333 -145.014   0.001 -145.013   857675.0 314069.6 46003.2 26636.4  12591.7  5529.7  3476.2
   334 412.047  -0.001 412.046   996799.5 463087.5 82537.7 39217.6  10242.2  6043.3  3664.0
   335 329.175  -0.002 329.173  1055389.2 467700.3 93657.2 32683.7  10985.0  8906.3  4111.1
   336 609.982  -0.001 609.981  1202752.8 450032.7 119895.4 37942.3  13713.6  8615.4  5461.5
   337  72.588   0.002  72.590  1168404.5 442758.3 107740.3 30192.7  12213.3  6346.4  4592.1
   338 -857.344   0.008 -857.335   910630.0 375941.2 85805.6 24620.2   9383.5  5735.6  2468.7
   339 148.424   0.008 148.431   949544.5 343106.3 59101.7 29888.7  11667.6  3317.0  3727.5
   340 -96.357  -0.004 -96.361   913275.2 500594.0 80942.6 30927.8  12191.0  5960.6  4774.2
   341 -80.686   0.000 -80.686   877031.9 330146.4 66405.4 29256.6  12673.5  8309.6  4695.6
   342  12.990  -0.000  12.989   835473.0 325262.4 70854.3 27837.6  11539.2  2710.6  3997.8
   343 -115.287   0.003 -115.283   869273.4 376673.8 77031.2 29134.0  12337.7  2668.8  4148.6
   344 -151.687  -0.001 -151.688   810751.1 347633.4 78731.8 28710.3  13745.6  8680.3  4443.9
   345 290.368  -0.002 290.366  1013689.6 535402.6 120664.7 31641.3  16180.1  5095.6  6364.4
   346 269.898   0.001 269.898  1026820.6 405316.1 107252.3 33320.0  13891.1  6281.5  5727.2
   347 183.407   0.005 183.412  1122312.7 466111.8 169464.0 30976.4  16645.1  8061.2  6956.9
   348 -795.472   0.015 -795.457   774509.5 330893.1 44263.1 19139.7  11532.1  5637.3  3089.1
   349 394.523  -0.003 394.520   952878.7 393639.5 93381.3 34247.3  13223.6  5003.5  4666.5
   350 415.694  -0.008 415.685  1125892.6 508524.1 138289.1 34760.4  14863.4  6927.6  6224.8

         Carbon flux (ktC/yr)        Water (dam3/yr)                Nitrogen (MgN/yr)
       ----------------------- -------------------------- --------------------------------
Spinup NEP     estab   NBP     transp     evap    interc  nuptake ndemand  nlosses ninflux
------ ------- ------- ------- ---------- ------- ------- ------- -------- ------- -------
   351 -64.494  -0.003 -64.497   990651.0 337375.7 91037.5 28080.1  12621.8  5038.5  4429.9
   352 -359.656   0.003 -359.652   862822.1 330834.6 103323.0 27314.6  13971.9  8164.5  4031.1
   353 359.571  -0.000 359.570  1084521.5 424124.9 163098.0 33193.6  16805.5 10248.0  6025.4
   354 172.658  -0.001 172.656  1025503.5 350282.3 98010.5 26876.6  14743.4  3307.6  5294.5
   355 -289.193  -0.001 -289.194   943991.9 350573.5 90172.6 27220.3  13921.9  2337.2  4453.4
   356 -145.474   0.000 -145.473   963282.9 377300.8 111137.5 30201.8  14893.9  5719.5  5212.1
   357 281.524  -0.000 281.523  1036954.7 460774.9 136628.1 29004.1  14903.4  3813.0  5294.2
   358  -8.440   0.000  -8.439   975136.9 379646.1 117684.3 28391.3  14148.1  5037.3  5009.9
   359 209.862  -0.001 209.861  1153092.5 482778.3 190621.6 33848.9  16760.3  7905.8  6902.5
   360  87.077  -0.000  87.076  1107893.3 512504.5 158602.5 26492.6  12977.1  4356.0  5122.0
   361 175.721  -0.000 175.721  1121281.1 450549.0 174414.2 32400.1  16312.8  5746.9  6070.1
   362 -58.851   0.000 -58.850  1091447.7 511978.1 167858.8 25957.5  14008.1  3651.2  5272.7
   363 -364.400   0.001 -364.398   990731.7 458794.8 169008.3 25764.6  14940.9  6778.5  4905.1
   364 -323.561   0.002 -323.559   845404.4 332394.8 112450.6 27427.0  14735.3  5420.0  4151.3
   365 -583.013   0.012 -583.000   701118.3 432246.2 83253.9 17415.5  11956.2  2620.7  2876.2
   366 170.574  -0.005 170.570   908045.1 482870.6 120618.0 34052.1  13495.8  6476.8  4709.8
   367 479.856  -0.004 479.852  1034991.9 509731.7 139786.3 31912.2  13997.7  5317.1  5792.3
   368 259.576  -0.001 259.575  1135871.9 474154.6 185081.5 31319.3  15599.1  6467.6  6898.6
   369 -682.410   0.010 -682.400   846921.2 305765.7 75714.1 15141.3  13344.6  3898.3  3924.6
   370 -28.340   0.007 -28.333   813386.3 346209.1 88550.2 29677.6   8230.2  3221.4  2810.3
   371 -573.769  -0.000 -573.769   743543.1 389679.6 75841.8 27506.1   9750.1  5103.5  2910.7
   372 251.754  -0.000 251.753   869833.7 328720.2 65265.2 29156.9  14133.8  7307.5  4678.4
   373 602.948  -0.002 602.945  1073069.2 430461.2 123655.6 37336.7  14494.7  4178.4  5736.8
   374 323.490  -0.002 323.488  1067632.5 465926.1 126810.9 34969.2  15568.1  8888.5  6439.1
   375  22.950   0.011  22.962   949825.5 357877.2 104718.6 25918.8  11689.9  2624.7  3755.6

         Carbon flux (ktC/yr)        Water (dam3/yr)                Nitrogen (MgN/yr)
       ----------------------- -------------------------- --------------------------------
Spinup NEP     estab   NBP     transp     evap    interc  nuptake ndemand  nlosses ninflux
------ ------- ------- ------- ---------- ------- ------- ------- -------- ------- -------
   376 301.213  -0.005 301.208   914851.5 396674.2 105991.8 32766.1  11336.5  2990.1  4057.8
   377 -161.785   0.001 -161.784   974058.1 451764.6 131346.7 23943.2  13750.1  4575.0  4384.9
   378 -94.822   0.001 -94.821   936579.7 371881.9 103249.1 28091.5  13154.4  3970.7  4114.6
   379 199.949   0.000 199.949  1063746.4 427513.8 167808.3 30761.4  16337.3 14551.7  6233.3
   380 -182.147   0.004 -182.143   881462.4 359704.5 86955.6 27870.2  12765.9  5740.7  4153.4
   381 -23.319   0.002 -23.317   923232.1 443114.4 117345.5 30501.5  17003.5  8684.8  5401.9
   382 -266.953   0.002 -266.951   842745.1 316085.2 63093.5 26077.9  12077.7  1867.2  3755.9
   383 -209.409   0.000 -209.409   827345.9 344480.6 78906.9 28555.2  12969.7  1845.4  3966.9
   384 284.804  -0.005 284.799  1060067.4 426640.6 135525.9 31404.0  17088.3  3636.7  5975.8
   385 266.353  -0.001 266.352  1080713.7 433953.5 147614.9 30957.6  15378.9  5679.3  5691.3
   386 -92.323   0.000 -92.323  1006772.3 460858.7 122194.7 30831.3  13303.6  7046.3  4901.2
   387 222.615  -0.001 222.614  1075386.5 499147.6 159246.6 33077.6  16216.2  5717.6  6185.6
   388 233.556  -0.001 233.555  1118592.1 489333.9 171915.1 30984.3  15866.4  6621.3  6163.8
   389 -123.076   0.001 -123.075   963477.2 496043.5 159469.9 24185.4  12819.8  8559.8  4351.6
   390 -206.334   0.001 -206.333   926866.6 336666.5 100806.3 27561.5  14018.3  1671.5  4432.9
   391 -673.482   0.016 -673.466   698271.0 428069.7 89253.1 17248.9  12005.2  4004.5  2886.4
   392 509.925  -0.007 509.917   913645.3 476834.9 114726.9 33382.5  14077.7  2603.1  4666.1
   393 -60.080  -0.000 -60.080   915412.5 464675.4 135252.2 27166.7  13320.1  7378.1  4869.7
   394 -32.460   0.001 -32.459   860360.1 313052.2 84453.8 27126.6  13852.8  4031.3  4655.1
   395 333.285  -0.001 333.284  1034402.9 420389.4 165121.2 33654.6  15447.2  9615.7  6040.4
   396 -96.859   0.000 -96.859   918665.2 502746.8 133815.5 24961.1  12821.5  6834.2  4593.8
   397 -44.297  -0.000 -44.297   987464.1 455751.4 116914.5 31053.4  14082.0  3177.9  5162.1
   398 -307.031   0.010 -307.021   872820.4 348617.8 85137.4 25228.3  12634.4  2417.0  4081.9
   399 190.712  -0.005 190.706   982081.1 477387.0 126018.4 35517.3  17216.4  5922.7  6561.8
   400 124.228   0.001 124.229   919463.5 437172.8 123734.7 28046.9  15514.9  7898.5  5209.0

         Carbon flux (ktC/yr)        Water (dam3/yr)                Nitrogen (MgN/yr)
       ----------------------- -------------------------- --------------------------------
Spinup NEP     estab   NBP     transp     evap    interc  nuptake ndemand  nlosses ninflux
------ ------- ------- ------- ---------- ------- ------- ------- -------- ------- -------
   401 -534.039   0.013 -534.026   697756.5 438830.9 88224.5 16646.7  10930.2  3051.0  2822.9
   402 692.049  -0.005 692.045   972483.1 415145.4 107005.4 39476.7  13455.6  3226.8  5155.5
   403 347.709  -0.002 347.707  1015458.7 451104.1 144908.3 28688.9  14870.9  4402.9  5805.9
   404 257.179  -0.003 257.176   987400.6 444958.4 140657.4 25956.6  13766.2  2303.3  5104.6
   405 -219.425   0.000 -219.425   839721.2 352295.9 86358.8 29127.0  12743.1  2426.8  4157.5
   406 -731.134   0.024 -731.110   755659.1 302669.8 68946.1 16287.1  14497.1  3000.4  3910.2
   407 -72.383   0.007 -72.376   744832.4 353012.1 84083.9 28491.9  10088.3  2974.4  3270.3
   408 -200.618  -0.007 -200.625   736386.8 338635.2 52517.1 27953.6  11253.9  3449.5  3908.4
   409 301.660  -0.002 301.657   961968.9 511550.3 122390.8 30355.0  15067.2  6178.5  5973.7
   410 272.511  -0.002 272.509  1006351.1 508996.5 130854.6 30821.8  15512.6  6603.0  6599.9
   411 280.246  -0.002 280.243  1036281.6 495042.1 144214.3 31652.6  15410.2  7520.8  6467.9
   412 321.971  -0.001 321.971  1026347.2 394684.5 129922.3 31335.8  14102.7  7399.8  5702.0
   413 -171.221   0.002 -171.218   861553.0 349001.8 91268.1 26140.4  12840.8  2456.9  4121.6
   414 -17.724  -0.000 -17.724   985098.1 508844.8 141326.0 28369.7  13929.0  2825.3  5170.3
   415 124.972  -0.000 124.972  1000879.7 395606.2 130308.6 31494.0  15166.6  6474.3  5739.6
   416 -162.310   0.001 -162.309   923564.7 447643.6 135644.8 24364.0  13981.1  3503.8  4621.4
   417 -241.511   0.001 -241.510   824260.7 341575.2 104531.8 26618.8  14683.7  5036.6  4268.8
   418  76.218   0.000  76.218   923380.4 375845.8 113062.6 29783.2  14984.1  2131.4  5126.5
   419 165.198  -0.001 165.197  1041478.6 499146.8 153133.3 33264.2  16357.2  4639.1  6356.7
   420 -42.856  -0.000 -42.856  1017536.8 447572.2 127274.3 27843.5  13589.3  5794.4  4928.1
   421 -39.943   0.000 -39.942   918631.7 434912.1 132809.5 30931.6  16055.9  6762.8  5221.0
   422 -733.117   0.018 -733.100   751208.5 334941.8 47334.7 19240.1  11898.1  2568.0  3025.4
   423 -178.846   0.008 -178.838   805368.1 355111.2 72488.7 28701.1  11479.1  2281.2  3622.6
   424 587.539  -0.008 587.531  1023858.1 452962.1 123997.7 36824.7  14863.2  3990.6  5481.0
   425 477.411  -0.001 477.410  1046960.9 426224.1 166538.1 30013.0  14375.1  9863.4  5820.2

         Carbon flux (ktC/yr)        Water (dam3/yr)                Nitrogen (MgN/yr)
       ----------------------- -------------------------- --------------------------------
Spinup NEP     estab   NBP     transp     evap    interc  nuptake ndemand  nlosses ninflux
------ ------- ------- ------- ---------- ------- ------- ------- -------- ------- -------
   426 265.257  -0.000 265.257   936754.2 402240.2 108226.2 33673.3  11840.6  3820.4  4391.6
   427 -792.144   0.014 -792.131   791924.9 371158.7 96704.2 21389.5  12172.0  2930.3  3098.7
   428 383.425  -0.006 383.420   938136.9 387492.7 98552.6 32536.4  13183.0  4345.0  4598.2
   429 -540.018   0.005 -540.013   703596.8 440207.0 82233.3 15561.4  10415.5  4929.5  2775.4
   430 621.456  -0.004 621.452  1048670.6 504628.0 125715.1 42085.8  14436.7  4032.5  5878.6
   431 -123.125   0.001 -123.124   865205.6 329994.8 97247.0 23439.5  13056.0  7821.9  3992.9
   432 297.158  -0.001 297.157   980222.8 383189.9 114099.6 34643.6  13649.4  1799.1  5017.5
   433 -681.226   0.026 -681.199   795887.9 300221.3 67297.9 13730.6  13732.4  2816.4  3793.6
   434 459.388  -0.011 459.377   922639.6 416645.0 96910.7 41267.6  11369.7  4989.9  4606.1
   435 470.374  -0.002 470.372  1079487.2 423556.7 136563.9 29408.7  15591.7  4068.4  5816.2
   436 298.673  -0.001 298.671  1103846.8 460809.0 182185.6 32539.6  14889.0  5406.0  6523.6
   437 -245.387   0.001 -245.386   879645.5 323703.3 108253.5 24480.6  13384.9  5432.8  3953.0
   438 -468.810   0.014 -468.796   785306.7 309571.7 58698.7 23638.6  11026.7  1591.6  3270.4
   439 475.030  -0.007 475.023  1030585.8 420958.2 128008.9 34522.3  15382.7  1994.4  5368.3
   440 -147.915   0.014 -147.901   894915.6 350905.2 94381.6 22935.9  11575.2  2163.5  3801.2
   441 408.022  -0.007 408.015  1015915.7 435300.6 156496.9 32563.4  14268.3 10128.8  5669.0
   442 273.817  -0.001 273.816  1045542.6 491205.1 148434.4 28743.5  13833.8  6076.4  5535.0
   443 265.063  -0.001 265.062  1120805.7 423429.0 155492.2 31700.5  15421.0  2284.6  5874.7
   444 -413.602   0.003 -413.599   886739.6 311131.8 66074.3 25788.5  11961.8  1671.2  3822.4
   445 -612.331   0.006 -612.326   719281.9 407287.8 84502.3 17438.6  11922.8  2097.6  2939.5
   446 -358.701   0.000 -358.701   752289.9 333108.2 34780.3 24410.0  11749.7  3496.1  3210.7
   447 259.203   0.000 259.203   881000.1 344427.4 71168.9 31224.3  13350.2  1856.2  4633.3
   448 -106.631  -0.000 -106.631   845469.4 342502.3 81689.1 26648.8  13698.8  4850.4  4379.8
   449 121.976  -0.001 121.975   878419.2 335165.5 74820.7 27084.0  13169.2  1777.7  4538.9
   450 -110.376  -0.000 -110.377   899142.9 496956.8 105487.2 28397.9  12435.0  6184.0  4602.0

         Carbon flux (ktC/yr)        Water (dam3/yr)                Nitrogen (MgN/yr)
       ----------------------- -------------------------- --------------------------------
Spinup NEP     estab   NBP     transp     evap    interc  nuptake ndemand  nlosses ninflux
------ ------- ------- ------- ---------- ------- ------- ------- -------- ------- -------
   451 -339.348   0.001 -339.347   822191.5 306423.2 57679.3 21846.2  13695.2  3203.7  4095.8
   452 429.193  -0.002 429.191  1036563.0 517853.8 127789.4 39603.5  14034.2  3887.6  5751.3
   453 109.876  -0.001 109.875  1045506.7 441142.8 102247.4 29845.8  12733.5  4415.2  4756.3
   454 291.285  -0.001 291.284  1142236.7 456034.2 172403.0 33695.0  15410.9  4762.1  6287.2
   455 269.227  -0.001 269.226  1183488.4 468168.4 155958.0 33219.0  15443.7  3423.6  5864.4
   456 -32.250   0.001 -32.250  1086478.1 359449.5 127397.4 27945.0  13373.8  4595.4  4419.6
   457 150.286  -0.000 150.286  1132083.5 383658.6 134985.6 34257.7  14524.5  4039.6  5181.8
   458 -1077.283   0.055 -1077.228   824408.5 321730.5 48346.0 15027.2  11468.9  2183.0  2820.1
   459  30.895  -0.007  30.888   798414.5 385329.0 78276.6 27099.6  10706.7  3622.5  3167.7
   460 320.143  -0.011 320.132   925724.2 461719.7 101664.1 32967.0  14263.8  5076.0  4865.3
   461  60.279  -0.001  60.278   994280.0 449408.5 111463.6 27894.5  12224.6  3078.4  4443.9
   462 -151.385   0.001 -151.384   904972.4 333561.8 95382.4 27724.6  12526.4  5291.8  3926.7
   463 233.293  -0.001 233.292   916004.3 372866.9 91240.5 35320.7  12116.1  1620.5  4211.1
   464 -390.818   0.001 -390.817   883082.9 334558.0 75501.1 24164.8  12979.0  1853.7  3895.9
   465 147.138  -0.002 147.136  1069137.0 444524.2 118732.1 36190.7  17629.4  4716.4  6426.8
   466  63.859  -0.001  63.858  1016221.4 420124.1 121604.3 30383.6  14824.0  9042.1  4856.0
   467 180.920  -0.000 180.919  1072554.0 364158.0 116477.6 31578.9  13404.2  2377.7  4458.3
   468 248.468  -0.001 248.467  1152715.9 484237.4 156920.9 32480.5  14125.3  4085.3  5240.6
   469 142.402  -0.000 142.402  1151540.5 477569.3 165580.9 29190.7  14303.7  3139.8  5226.3
   470 105.517   0.000 105.517  1191119.3 406421.9 195965.9 29994.4  15948.6  4960.1  5724.6
   471 -992.971   0.024 -992.947   911795.8 365429.5 103118.9 22418.0  11147.8  3301.5  2660.8
   472 620.978  -0.012 620.966  1130741.1 459715.2 113195.5 36763.3  15842.6  3455.3  5457.8
   473 -212.164   0.001 -212.163   979269.8 318569.0 101110.9 21470.1  11489.7  4121.5  3417.9
   474 186.228  -0.000 186.228   946789.9 370463.2 94788.9 33503.4  10423.8  1543.5  3679.7
   475 107.227  -0.001 107.225  1157011.8 431388.3 170922.7 31934.7  16421.8  3556.6  6273.0

         Carbon flux (ktC/yr)        Water (dam3/yr)                Nitrogen (MgN/yr)
       ----------------------- -------------------------- --------------------------------
Spinup NEP     estab   NBP     transp     evap    interc  nuptake ndemand  nlosses ninflux
------ ------- ------- ------- ---------- ------- ------- ------- -------- ------- -------
   476 241.723  -0.001 241.722  1188013.6 423666.5 148296.0 32249.3  14957.3  4761.4  5369.4
   477 -309.777   0.002 -309.774  1026304.7 295022.8 95824.1 24820.3  13608.8  4053.3  3922.7
   478 -56.551   0.004 -56.547  1013120.2 411898.9 131111.2 26190.2  11496.6  1694.3  3440.8
   479 -160.690  -0.000 -160.690   925915.7 343028.8 76381.0 27551.7  13169.3  1748.5  4423.9
   480  64.259  -0.000  64.259  1088310.6 422277.1 145260.6 33275.6  15870.1  9059.2  6108.3
   481 -861.543   0.019 -861.525   826655.5 331162.2 39368.2 17962.9  11487.0  5097.4  3154.9
   482 -136.251   0.000 -136.250   881453.3 346598.5 63674.0 31403.5  10995.9  2081.8  3538.3
   483 605.625  -0.003 605.621  1176979.0 421884.9 113167.4 37035.0  14669.6  4000.6  5349.5
   484 403.480  -0.007 403.472  1251654.6 453633.3 164637.0 35268.1  14117.7  6187.6  6208.4
   485 325.619  -0.004 325.615  1213473.3 473182.1 154986.1 31047.0  13095.6  6421.5  5065.5
   486  94.649  -0.001  94.648  1249250.9 436769.9 145817.9 34565.7  16076.8  4311.6  5821.9
   487 -493.827   0.005 -493.822  1056970.1 293626.5 101563.7 23779.0  12893.6  3595.1  3688.1
   488 -858.001   0.019 -857.982   804398.0 420375.8 83139.2 14406.6   9694.9  2735.2  2215.6
   489 920.261  -0.010 920.252  1143004.8 436678.9 128165.9 44995.8  14063.6 11739.2  4996.0
   490 518.250  -0.004 518.246  1268760.5 436456.0 133826.1 31821.1  14001.5  6819.2  5316.4
   491 -398.223   0.003 -398.220  1053229.9 296855.1 90026.7 22217.3  12339.0  4365.8  3722.3
   492 461.854  -0.003 461.851  1262691.5 471388.5 138420.8 38532.6  14469.5  2259.6  5446.9
   493 187.496  -0.001 187.495  1266012.2 469208.8 155853.0 29786.7  13705.8  6929.7  5032.0
   494 -1001.334   0.029 -1001.306   984552.5 297510.2 73431.2 13568.2  13102.9  2816.4  3264.8
   495 -753.660  -0.000 -753.660   861047.7 385037.4 74760.7 22509.2   6868.0  3213.6  1795.1
   496  84.546  -0.005  84.541   876832.6 363801.3 49336.0 31797.1  10298.3  4535.7  3657.2
   497 735.703  -0.005 735.699  1147572.0 412455.6 116727.4 35726.0  14273.0 12721.2  5550.5
   498  88.078  -0.001  88.077  1070831.3 331589.9 66602.0 28632.5  11653.1  4767.6  4107.6
   499 363.830  -0.001 363.830  1225007.1 405707.0 144101.8 35086.7  14975.4 10700.9  5507.4
   500 356.331  -0.001 356.330  1289890.2 401649.4 159193.1 30867.2  14836.7  7869.9  5277.6

         Carbon flux (ktC/yr)        Water (dam3/yr)                Nitrogen (MgN/yr)
       ----------------------- -------------------------- --------------------------------
Spinup NEP     estab   NBP     transp     evap    interc  nuptake ndemand  nlosses ninflux
------ ------- ------- ------- ---------- ------- ------- ------- -------- ------- -------
   501 170.974  -0.002 170.972  1318889.8 431803.0 131417.1 33325.4  16388.7  4158.2  5568.5
   502 -1007.499   0.037 -1007.462   921017.8 410385.4 86738.4  9760.5   9202.8  2601.2  2041.6
   503 128.407  -0.016 128.391   902937.8 355686.7 57536.8 33843.6   8947.2  2205.1  2812.7
   504 -618.988   0.012 -618.976   845852.3 324643.0 30477.9 16609.5  10250.6  4082.8  2512.3
   505 345.675  -0.009 345.666  1045650.8 470175.3 93940.2 38904.6  11310.4  7247.3  4086.1
   506 780.949  -0.005 780.944  1292384.1 475774.0 110587.6 38159.8  13794.9  5433.6  5372.7
   507 -308.265   0.011 -308.254  1101148.2 289815.4 78245.5 20914.5  11718.5  8610.8  3557.1
   508 284.272  -0.006 284.266  1165842.5 436029.1 89917.1 33017.7  11072.5  2436.0  3768.6
   509 -845.954   0.029 -845.925   952364.9 299156.4 56387.6 17018.6  10968.3  3828.9  2885.1
   510 1050.195  -0.016 1050.179  1161765.1 440070.8 93821.9 41009.3  12242.1  3722.7  3993.2
   511 468.852  -0.003 468.849  1275897.2 492789.8 125218.0 30317.1  13152.5  7015.7  5079.9
   512 -769.410   0.022 -769.388   882684.8 408085.0 74065.6 11554.5   9444.4  4638.8  2247.2
   513 882.723  -0.013 882.709  1238193.6 481117.5 121984.9 42775.1  12588.4  7118.7  5443.8
   514 281.234  -0.002 281.232  1265466.0 486054.2 108185.8 25987.5  11500.0  4607.9  4378.4
   515 266.531  -0.001 266.530  1321549.0 422142.4 128695.3 33631.8  14319.5  5686.0  5086.1
   516 -194.366   0.001 -194.365  1156209.2 409113.0 116247.0 27740.3  15205.9  9575.0  4236.2
   517 -53.505   0.000 -53.505  1187611.0 429865.0 106781.5 29261.0  13417.7  2072.9  3874.1
   518 125.801   0.000 125.801  1154904.0 328759.1 83538.1 26570.9  14800.3  1628.9  4400.6
   519 -219.302   0.001 -219.301  1120089.5 359555.7 103805.8 26393.1  14632.8  3102.7  4447.4
   520 141.497  -0.001 141.495  1232239.6 495011.7 133937.9 31583.2  16429.2  4150.8  5508.7
   521 -799.112   0.027 -799.085   883774.0 406937.3 75294.5 10330.4  10597.3  3061.9  2304.7
   522 129.743  -0.011 129.732   926922.2 361567.9 53889.3 32535.8  10067.4  2614.5  3269.9
   523  66.371  -0.002  66.368  1095778.9 445316.1 103255.3 28586.9  12667.8  5391.7  4292.6
   524 586.976  -0.002 586.974  1277892.1 401759.8 114916.0 35776.6  14058.7  4578.7  4854.1
   525 -333.641   0.018 -333.623  1045038.3 337703.4 80487.2 21815.0  10482.4  2460.6  2987.2

         Carbon flux (ktC/yr)        Water (dam3/yr)                Nitrogen (MgN/yr)
       ----------------------- -------------------------- --------------------------------
Spinup NEP     estab   NBP     transp     evap    interc  nuptake ndemand  nlosses ninflux
------ ------- ------- ------- ---------- ------- ------- ------- -------- ------- -------
   526 118.708  -0.008 118.700  1042900.3 440145.8 91676.7 31158.6  13784.7  9947.8  4159.1
   527 139.613  -0.001 139.612  1140516.8 441050.3 93831.7 29186.9  12495.9  3153.1  3992.5
   528 356.126  -0.001 356.125  1235956.5 481997.2 122529.8 32081.0  13535.7  6638.5  4833.8
   529 270.453  -0.001 270.452  1361613.0 441174.3 162017.8 31198.5  15556.0  4080.3  5845.1
   530 -148.574   0.002 -148.573  1190479.9 346302.9 112171.7 26697.8  12836.9  3963.4  3859.2
   531 306.673  -0.001 306.672  1311385.7 405102.0 162357.8 32154.8  15526.7  6986.9  5079.4
   532 -605.505   0.003 -605.501  1164531.0 381579.0 97538.4 22247.8  13447.9  2447.0  3437.7
   533 -103.460  -0.000 -103.461  1153747.4 433971.1 126822.4 30504.0  13582.3  4008.7  4156.6
   534 -132.665   0.001 -132.664  1061138.8 317271.3 73484.2 26591.3  13064.8  1651.2  3769.6
   535 -325.662   0.001 -325.661  1004273.4 319411.3 69828.7 26040.2  13241.4  1933.7  3801.7
   536 193.132  -0.001 193.130  1151941.3 498043.0 124006.1 32117.0  16341.9  3055.4  5669.1
   537 -144.579   0.000 -144.579  1121198.7 436683.5 123935.9 27458.5  13342.2  6192.3  4280.3
   538 -117.759   0.001 -117.758  1020782.5 334120.2 70463.7 29215.9  12171.3  2661.3  3567.4
   539 -42.596  -0.001 -42.597  1055542.3 471279.1 105612.8 27156.7  13506.0  4462.1  4101.1
   540 -305.169   0.005 -305.163   965778.3 317248.0 87698.8 24381.1  13537.1  5991.3  3685.7
   541 -602.217   0.012 -602.205   820901.4 302739.6 46273.1 20766.9  10186.5  2116.4  2932.9
   542 -524.010  -0.001 -524.011   746446.2 316549.3 52967.5 19657.6  10337.4  2824.6  2898.4
   543 -293.238  -0.000 -293.238   780055.4 377995.3 51128.5 30424.0  10910.6  5095.7  3158.0
   544 -117.989  -0.001 -117.990   780716.6 342128.4 23576.8 27622.1  11346.5  6879.6  3136.3
   545 674.792  -0.005 674.786  1097218.8 462783.9 76013.6 40992.6  15669.3  8335.9  5993.8
   546  -2.040   0.000  -2.039   957114.1 324651.8 73417.4 24252.0  11473.4  8327.3  3647.9
   547 -72.389   0.001 -72.388   915263.5 340495.1 58150.2 28325.8  10590.9  2660.7  3448.6
   548 541.226  -0.004 541.222  1187268.3 473120.0 104771.2 37285.4  15187.4  3532.4  5530.9
   549 374.836  -0.001 374.835  1225995.7 470172.7 126064.1 30054.9  13234.5  9609.0  4841.6
   550 281.633  -0.001 281.632  1345031.0 441121.1 167670.3 31859.8  15280.6  4868.0  5786.6

         Carbon flux (ktC/yr)        Water (dam3/yr)                Nitrogen (MgN/yr)
       ----------------------- -------------------------- --------------------------------
Spinup NEP     estab   NBP     transp     evap    interc  nuptake ndemand  nlosses ninflux
------ ------- ------- ------- ---------- ------- ------- ------- -------- ------- -------
   551 -569.093   0.011 -569.081  1040059.8 295949.8 60197.8 22677.3  10693.9  3252.6  2978.1
   552 -583.976   0.020 -583.956   845920.3 304096.6 82027.7 17345.8   8709.6  2713.2  2264.5
   553 473.405  -0.013 473.392  1088523.1 507515.3 97172.0 36387.5  14515.6  3371.7  5300.5
   554 -42.322  -0.001 -42.323  1093783.2 441033.2 119720.4 25547.4  13085.2 10454.7  4330.6
   555 374.725  -0.002 374.722  1191423.1 439789.4 113690.6 35875.5  16452.9  5665.5  5772.7
   556 -328.752   0.011 -328.742   998597.9 313936.4 95670.5 21118.3  12312.3  5087.4  3380.8
   557 605.808  -0.007 605.801  1231373.6 453339.0 154886.0 33633.9  15098.3  3453.4  5830.6
   558 -290.158   0.005 -290.153  1045143.9 290045.3 84388.1 21451.0  12790.7  4894.5  3732.4
   559 -602.389   0.011 -602.377   867650.1 313874.4 69331.0 21417.9  10153.6  2221.8  2694.2
   560 184.805  -0.007 184.798  1062136.6 448408.8 74384.3 34918.5  12620.9  4595.7  4509.8
   561 181.995  -0.002 181.993  1038936.2 422574.7 94545.7 29258.4  14736.4  9240.7  4743.4
   562 445.155  -0.002 445.153  1212645.6 403728.0 140990.8 31611.3  14953.5  7628.6  5365.2
   563 223.521  -0.000 223.521  1154586.4 325723.1 82671.3 25986.5  13703.4  2094.1  4428.5
   564 -710.552   0.022 -710.529   941524.8 299109.3 54247.0 20388.7  11088.1  1928.5  3190.4
   565   6.824  -0.010   6.814   988027.0 455808.5 108059.8 31639.4  13479.9  3225.3  4284.7
   566 501.792  -0.003 501.789  1216771.0 405524.4 117874.0 31646.2  15652.2  3701.3  5418.0
   567 247.080  -0.001 247.079  1171386.5 418722.1 117777.4 26298.0  12746.3  1835.3  4328.0
   568 -84.904   0.000 -84.904  1096239.4 410812.8 110626.3 30589.5  15417.7  6739.2  4639.8
   569  -0.075  -0.000  -0.075  1190070.1 428183.0 98533.4 30504.7  13913.9  2118.9  4418.2
   570 -156.044   0.001 -156.043  1170624.6 430271.8 129719.2 28311.6  13760.1  4175.2  4196.1
   571 -81.034   0.000 -81.034  1157228.0 429878.6 128647.8 28682.6  13829.0  3940.8  4218.1
   572 -53.421   0.000 -53.421  1093853.1 465801.8 113474.9 26015.6  12827.2  3181.8  3923.7
   573 -729.062   0.030 -729.033   948056.9 360597.3 78819.7 22941.5  10785.9  2957.7  2605.8
   574 107.928  -0.011 107.917   918707.8 356504.0 66866.3 25834.5  10998.5  1955.0  3390.8
   575 484.990  -0.004 484.987  1144914.3 503962.6 109828.9 31724.6  14755.6  2379.6  5553.9

         Carbon flux (ktC/yr)        Water (dam3/yr)                Nitrogen (MgN/yr)
       ----------------------- -------------------------- --------------------------------
Spinup NEP     estab   NBP     transp     evap    interc  nuptake ndemand  nlosses ninflux
------ ------- ------- ------- ---------- ------- ------- ------- -------- ------- -------
   576 -579.106   0.006 -579.100   934515.9 292687.2 54165.7 14357.4  12120.7  2702.1  3408.8
   577 -347.507   0.002 -347.505   884264.2 316789.1 55254.2 27668.3   8766.2  2857.4  2755.1
   578 498.968  -0.003 498.965  1119920.0 491272.9 91727.3 35187.1  13111.4  5494.2  5342.5
   579 -264.897   0.002 -264.895   949207.6 304778.1 44801.1 23154.7  10864.6  2662.6  3657.3
   580 -25.574   0.001 -25.573   895630.0 354805.2 71446.8 30728.3  11278.0  2182.4  4017.6
   581 -720.465   0.012 -720.453   805768.6 292590.7 47536.6 12819.7  13512.5  2936.6  3572.3
   582 854.459  -0.007 854.452  1120616.1 430850.3 88365.0 44062.4  12917.0  3418.5  5078.3
   583 -301.553   0.001 -301.551  1003238.9 388386.4 70681.0 24254.8  12405.2  2547.0  3789.0
   584 -297.340   0.002 -297.338   956351.3 397047.3 70107.9 27529.3  13029.2  2754.5  4097.7
   585 456.048  -0.003 456.044  1080874.9 506140.8 106793.7 33330.3  13951.1  5513.7  5458.3
   586 392.059  -0.002 392.056  1165659.9 507038.6 122677.5 29721.1  14372.3  5559.0  5554.2
   587 321.873  -0.002 321.872  1282559.1 436068.0 159551.7 32656.5  15184.0  7207.3  6130.3
   588 -399.066   0.006 -399.060  1010608.1 307090.3 96790.2 22170.5  12991.0  7824.0  3430.2
   589  88.374  -0.002  88.371  1048395.1 477993.2 104133.6 26749.3  12617.1  2854.7  3947.7
   590 -772.704   0.036 -772.668   882508.2 322575.9 35708.8 18193.3  11584.9  3928.9  2827.8
   591 -170.083  -0.014 -170.097   837714.3 326625.2 41239.1 27915.2  10110.3  2413.9  3193.9
   592 447.533  -0.003 447.530  1081730.4 381869.5 83899.4 34430.4  13868.5  4071.5  5007.7
   593 -362.990   0.002 -362.989  1022215.6 381716.9 73728.8 22823.0  13175.7  2088.4  3827.8
   594 155.297  -0.001 155.296  1076197.1 366006.4 84749.8 31976.2  13330.0  4055.3  4606.9
   595 -223.959   0.001 -223.958  1067350.0 387647.9 75295.9 26586.7  12881.4  2754.0  3822.1
   596 -598.131   0.005 -598.125   810448.2 422827.8 63788.1 16699.1  10445.4  3785.1  2497.6
   597 565.725  -0.004 565.722  1108503.4 505148.5 83418.2 37153.6  11953.9  3288.8  4467.1
   598 181.319  -0.001 181.318  1118898.1 358268.4 87056.3 27681.3  12769.0  6574.9  4372.3
   599 407.989  -0.001 407.988  1199731.2 430468.4 103911.1 28769.3  12772.5  2657.8  4360.7
   600 -122.391   0.000 -122.391  1181873.5 429009.0 121511.0 29079.2  12803.9  6146.9  4108.4

         Carbon flux (ktC/yr)        Water (dam3/yr)                Nitrogen (MgN/yr)
       ----------------------- -------------------------- --------------------------------
Spinup NEP     estab   NBP     transp     evap    interc  nuptake ndemand  nlosses ninflux
------ ------- ------- ------- ---------- ------- ------- ------- -------- ------- -------
   601 -370.171   0.002 -370.169  1107072.3 377698.8 82100.7 25774.7  13748.9  1947.6  3727.3
   602 158.240  -0.000 158.240  1111026.4 432168.6 105549.1 29111.1  13656.5  2119.3  4459.2
   603 -376.290   0.002 -376.288   966055.1 313956.8 65836.2 23833.3  12685.7  1976.8  3571.1
   604 -648.153   0.014 -648.139   890648.4 363476.9 66409.5 25397.0  11535.2  3957.2  2876.0
   605 650.883  -0.008 650.874  1171873.2 495065.6 91659.5 38343.9  15848.8  4693.1  5710.6
   606 -163.010   0.003 -163.007  1002255.5 314765.1 80270.6 20969.3  12490.6  9978.2  3655.5
   607 -38.070   0.000 -38.070   971359.2 294556.5 66954.9 25483.2  12158.3  2047.5  3671.5
   608 377.900  -0.003 377.897  1182325.0 432565.0 97626.2 39736.4  16175.6  3758.6  5800.6
   609 472.844  -0.002 472.842  1322277.1 417380.4 121995.0 31604.9  14659.9  4350.2  5099.4
   610 208.213  -0.000 208.213  1368078.2 386655.7 138321.4 28773.3  15358.3  3672.0  4948.8
   611 -259.452   0.001 -259.451  1191794.3 400949.3 119860.7 28806.0  15001.5  7791.0  4276.1
   612 167.533  -0.001 167.533  1281618.4 465418.9 136748.1 32586.4  14990.0  2269.8  4941.9
   613  70.068  -0.001  70.067  1380072.3 447718.9 144519.4 29649.4  17204.6  1601.5  5720.0
   614 -13.846   0.000 -13.846  1321754.7 446996.5 150979.0 27221.1  14670.0  3418.6  4937.3
   615  64.305   0.000  64.305  1343920.2 407937.4 148120.6 30784.1  16557.9  1250.5  5268.1
   616 -666.937   0.017 -666.920  1065298.2 292681.2 61440.8 19952.8  12273.3  1126.7  3170.1
   617 -426.140  -0.004 -426.143   911444.8 298639.3 77479.5 21008.2  11369.8  1180.5  3114.6
   618 193.519  -0.002 193.516  1138781.5 385832.4 93433.2 33151.6  14707.4  2186.1  5354.4
   619 -157.477   0.000 -157.477  1069821.6 467434.9 101860.2 23321.3  12901.3  4234.4  4324.5
   620  39.033   0.001  39.034  1183042.0 479342.8 107852.2 29558.8  12974.5  2013.2  4811.6
   621 -796.254   0.017 -796.237   971928.5 351809.6 77739.1 21316.9  11172.3  4224.2  2744.5
   622 396.664  -0.008 396.655  1106208.8 369677.0 80097.8 31901.2  12694.0  3197.8  4303.4
   623 -165.898   0.002 -165.896  1018582.2 320692.2 80172.3 23401.5  12090.3  5792.4  3639.5
   624 280.715  -0.002 280.714  1116281.3 364703.3 91871.8 32274.2  12577.9  1595.6  4582.9
   625 210.720  -0.002 210.718  1265429.8 452745.2 119464.0 32043.2  15841.5  2633.5  5816.7

         Carbon flux (ktC/yr)        Water (dam3/yr)                Nitrogen (MgN/yr)
       ----------------------- -------------------------- --------------------------------
Spinup NEP     estab   NBP     transp     evap    interc  nuptake ndemand  nlosses ninflux
------ ------- ------- ------- ---------- ------- ------- ------- -------- ------- -------
   626 166.830  -0.001 166.829  1282851.1 456549.2 131866.3 28349.5  13856.3  6297.3  5013.5
   627 115.990  -0.001 115.989  1352436.3 413647.2 126667.9 32025.7  17018.9  3415.4  5717.2
   628 -1032.435   0.045 -1032.390  1017089.8 310655.5 42813.4 13663.8  10511.2  2433.8  2432.0
   629 592.928  -0.023 592.905  1193178.0 473971.2 83452.7 39347.2  10144.0  3361.5  3641.0
   630 -830.240   0.017 -830.223  1028294.1 293243.0 58051.1 11630.3  11022.1  2776.8  2886.2
   631 910.238  -0.011 910.227  1292064.5 443687.6 93086.9 45497.0  12354.5  4748.3  4984.7
   632 518.169  -0.003 518.166  1370427.5 458203.4 127507.2 29121.6  12302.9  4754.3  4564.9
   633 251.062  -0.001 251.061  1424538.9 386289.7 169471.5 29482.1  14171.8  8969.0  5080.3
   634 -284.694   0.001 -284.693  1251689.0 458039.2 124189.6 25474.5  11996.6  5228.5  3623.2
   635 137.546   0.001 137.547  1289444.1 399379.1 123416.8 29680.9  13325.0   966.5  4120.6
   636 -877.390   0.026 -877.364  1000951.9 290029.1 54631.7 18941.0  10430.6  1215.8  2830.5
   637  80.583  -0.012  80.570  1059396.8 500257.8 97824.0 31394.6  11816.8  1393.4  4118.1
   638 -43.010  -0.001 -43.011  1141615.2 351894.4 94539.4 27002.8  13752.9  3465.4  4600.4
   639 253.722  -0.002 253.720  1292613.2 491030.3 125210.2 32024.6  14757.5  4094.0  5410.0
   640 -10.202   0.000 -10.202  1227848.3 339248.0 105595.5 27147.1  12742.9  2880.4  4123.9
   641 -561.782   0.003 -561.779  1164845.5 372841.8 88123.9 25191.1  12586.0  1956.8  3362.1
   642 -14.816  -0.002 -14.818  1143185.8 471830.8 100933.5 30896.0  12267.7  4718.6  3988.5
   643 156.309  -0.002 156.307  1294408.9 413882.2 92479.0 33696.6  12956.1  3536.5  4379.3
   644 -692.064   0.005 -692.058  1132328.9 368572.2 85846.1 22675.5  11477.8  1971.4  3014.4
   645 -157.506   0.001 -157.506  1012090.0 324007.6 80654.6 27568.5  12461.2  4766.0  3605.7
   646 -770.335   0.004 -770.331   927127.6 365247.1 72807.5 22405.5  10098.9  2047.7  2692.9
   647 323.881  -0.003 323.878  1042680.5 427402.4 80548.4 37133.6  15576.1 11711.3  5017.6
   648 788.650  -0.004 788.646  1304126.9 409364.6 107916.3 35565.1  13948.2  4043.3  4974.6
   649  99.274  -0.001  99.273  1317328.3 417871.1 94731.7 30612.6  11274.8  4587.6  4024.9
   650  14.799  -0.000  14.798  1323423.0 416428.2 100317.0 33321.6  12086.0  3741.0  3983.6

         Carbon flux (ktC/yr)        Water (dam3/yr)                Nitrogen (MgN/yr)
       ----------------------- -------------------------- --------------------------------
Spinup NEP     estab   NBP     transp     evap    interc  nuptake ndemand  nlosses ninflux
------ ------- ------- ------- ---------- ------- ------- ------- -------- ------- -------
   651 -58.076   0.000 -58.076  1233877.7 400261.7 113832.8 32384.1  14737.4  7774.2  4045.2
   652 439.943  -0.002 439.941  1475070.8 431112.7 165612.7 37207.5  16184.8  2747.2  5768.5
   653 -88.196   0.001 -88.195  1355917.2 400371.1 116110.9 26584.0  11390.3  2612.9  3299.9
   654 -190.282   0.001 -190.281  1261671.3 462889.1 121090.7 28532.7  12125.9  5255.7  3377.4
   655 -84.545   0.003 -84.542  1208472.6 306193.5 86040.4 28400.2  13298.0  1101.7  3750.4
   656 -214.996  -0.000 -214.996  1174578.8 468515.8 110354.5 28162.0  13002.0  3333.5  3880.5
   657 -471.788   0.010 -471.778  1073726.2 303783.2 91071.9 22848.1  13466.6  3787.4  3442.4
   658 -684.189   0.010 -684.180   847573.5 413706.8 63719.0 14018.0  10205.1  2016.3  2397.3
   659 -85.197  -0.003 -85.200   899772.4 313768.6 37566.2 32793.3  10104.7  2059.1  3265.4
   660 523.980  -0.004 523.975  1192984.8 398891.5 113361.6 35655.0  15050.3  9027.3  5610.0
   661 372.686  -0.003 372.683  1268285.7 468027.2 111670.0 30720.1  12839.5  7771.9  4939.1
   662 -155.472   0.000 -155.472  1248485.7 420779.3 120597.5 27947.8  12499.1  4359.0  4042.2
   663 -851.713   0.031 -851.682   967822.3 311709.5 36158.9 17865.4  10556.9  3040.4  2440.6
   664 -71.411  -0.011 -71.422   937992.6 355937.0 49650.2 32010.0   8970.6  2138.6  2549.3
   665 258.510  -0.001 258.508  1092326.2 332449.7 56652.4 29937.8  12002.4  1947.0  3989.1
   666 458.330  -0.003 458.327  1315217.9 442572.2 122060.6 34903.3  15109.1  4432.9  5804.9
   667 414.813  -0.002 414.812  1339997.3 454168.0 115611.3 30194.3  12560.1  6764.0  4604.3
   668 -475.240   0.014 -475.226  1109239.2 310079.7 89094.7 22692.6  11544.4  5556.3  3175.4
   669 -13.051  -0.004 -13.055   976920.9 363628.8 77423.1 30184.1  10621.1  1782.5  3405.9
   670 -67.735  -0.001 -67.737  1099198.7 469024.6 89297.7 27868.8  13020.4  3790.8  4120.9
   671 -778.910   0.026 -778.884   925790.6 320707.1 31944.8 17605.0  11145.0  4546.8  2690.6
   672 -108.384  -0.010 -108.394   910763.8 318797.9 37500.8 32405.7   9416.1  2643.9  3079.1
   673 644.066  -0.005 644.061  1254579.6 459829.0 94927.6 38305.3  15457.3  2451.4  5628.8
   674 -767.905   0.023 -767.883   976823.5 311472.7 33123.2 13736.8   9884.1  7288.1  2488.2
   675 -370.395  -0.007 -370.403   933505.9 371237.4 59422.3 29163.3   7619.6  5464.1  2168.9

         Carbon flux (ktC/yr)        Water (dam3/yr)                Nitrogen (MgN/yr)
       ----------------------- -------------------------- --------------------------------
Spinup NEP     estab   NBP     transp     evap    interc  nuptake ndemand  nlosses ninflux
------ ------- ------- ------- ---------- ------- ------- ------- -------- ------- -------
   676 100.407  -0.000 100.407  1080409.3 388341.3 55670.1 32376.6  11532.1  2957.7  3389.0
   677 -520.025   0.007 -520.019   897584.7 324218.5 27196.4 19520.0  10026.2  5136.5  2647.2
   678 338.351   0.008 338.359  1032034.3 313455.4 52616.2 37475.8  11680.5  6040.3  4087.4
   679 244.062  -0.006 244.057  1005380.6 450272.6 72163.7 34556.7  13602.6 13411.9  4926.5
   680  27.164   0.005  27.169  1002746.2 355285.7 63815.4 25873.0  10889.6  2966.7  3498.6
   681 -631.837   0.005 -631.831   896230.2 367529.5 58514.7 26048.7   9718.8  5958.9  2769.7
   682 165.501  -0.001 165.500   936162.7 336303.6 58351.9 29738.9  12206.5 10060.1  3802.7
   683 -573.162   0.012 -573.150   795436.6 323265.2 26554.2 19150.7   9981.2  4313.7  2711.5
   684 730.416  -0.008 730.408  1111501.9 445136.4 93119.1 42181.3  13807.7 16202.7  5441.6
   685 -61.573   0.001 -61.573  1021417.3 301147.0 59634.1 25081.1  12077.6  9151.3  4218.4
   686 -427.740   0.002 -427.738   882897.3 321008.0 55604.1 27052.1  10039.6  2714.9  2934.1
   687 241.675  -0.002 241.672  1100424.0 444543.8 68531.1 35257.7  12758.0  5713.8  4826.3
   688 -494.541   0.012 -494.529   865958.8 326417.9 30076.8 18637.4  10564.0  5547.7  2806.1
   689 691.730  -0.008 691.722  1154696.3 469772.2 83442.7 42401.5  15097.6  6957.9  5865.9
   690 160.151   0.003 160.154  1101771.7 417886.1 95976.4 28135.5  14331.6 11488.1  4617.1
   691 -126.380   0.005 -126.375  1031191.4 299586.7 73503.8 25764.7  13056.6  2830.3  3812.5
   692 542.112  -0.002 542.110  1263319.0 440202.5 145601.6 36506.9  15692.9  3892.1  6040.6
   693 445.545  -0.005 445.540  1377488.2 440839.9 165155.6 31300.8  15663.0  5730.0  6133.5
   694 -51.366  -0.003 -51.369  1210371.7 423371.4 117201.6 27106.0  12459.4  3557.6  3870.3
   695 -123.979   0.001 -123.979  1126082.0 482539.9 120612.7 27042.4  13241.6  6157.3  3982.3
   696 -688.457   0.018 -688.438   985076.0 295206.5 61175.7 17859.1  14175.9  2163.6  3426.7
   697 372.300  -0.009 372.291  1095362.4 502433.9 97744.1 35356.3  11527.3  3217.9  4271.6
   698  30.299  -0.001  30.298  1085103.3 477319.5 104076.7 24043.7  12672.8  6779.0  4226.2
   699  55.410  -0.000  55.410  1132889.8 435759.9 101131.4 29783.8  12998.1  3243.9  4325.4
   700 149.397  -0.001 149.396  1220495.0 491765.6 116812.0 29401.6  12984.2  3632.6  4723.6

         Carbon flux (ktC/yr)        Water (dam3/yr)                Nitrogen (MgN/yr)
       ----------------------- -------------------------- --------------------------------
Spinup NEP     estab   NBP     transp     evap    interc  nuptake ndemand  nlosses ninflux
------ ------- ------- ------- ---------- ------- ------- ------- -------- ------- -------
   701 212.073   0.000 212.073  1213950.0 426255.3 122887.5 26194.2  14370.6  2328.5  4769.5
   702 185.720   0.000 185.720  1269009.0 401026.9 163050.3 30457.2  16153.2  7544.5  5516.8
   703 -269.601   0.004 -269.597  1112767.8 320017.5 81024.0 23843.1  14137.8  2381.5  4115.4
   704 -447.039   0.009 -447.030   984652.4 314675.8 93992.9 23331.2  14125.7  4313.6  3833.0
   705 429.212  -0.003 429.210  1180485.9 443648.6 121001.0 34472.2  15873.2  1877.9  5503.4
   706 -396.295   0.007 -396.288   989108.7 315209.6 93574.8 19388.4  13906.9  4765.0  3811.4
   707 265.802  -0.009 265.793  1181962.0 448662.2 110154.4 34088.6  16794.2  2477.2  6180.8
   708 -525.294   0.003 -525.291  1066017.4 389294.2 91412.4 22090.6  13314.2  1880.2  3901.7
   709 -705.707   0.011 -705.696   783130.5 425302.7 68528.1 15063.5  10306.1  4065.8  2630.8
   710 144.110  -0.003 144.106   873379.6 353525.2 55475.9 33600.2  11750.9  2363.9  3919.2
   711 164.793  -0.002 164.791  1014069.5 457239.6 81988.2 29797.4  12633.4  4573.8  4608.1
   712 -110.676   0.000 -110.676   926504.6 315744.1 48282.1 27374.9  10894.0  4820.3  3690.1
   713 -105.373   0.001 -105.372   893446.9 304397.1 71883.6 24200.7  12421.4  2073.6  3730.3
   714 402.616  -0.003 402.613  1147490.1 455028.6 108287.4 36595.8  15950.5  5018.0  5887.5
   715  50.794  -0.000  50.794  1111502.3 440229.9 98902.7 25468.8  13029.7  5932.9  4343.9
   716 322.756  -0.001 322.754  1209534.6 387107.3 108714.6 33511.2  14132.5  5664.7  5182.3
   717  91.245  -0.001  91.244  1253348.0 435701.8 123253.1 30233.1  17505.5  5711.5  5956.3
   718 313.627  -0.001 313.626  1381947.2 438486.3 180867.5 32379.5  16181.1  4694.4  6103.7
   719 -82.185   0.001 -82.184  1284697.4 420322.1 121403.1 28695.2  13173.0  4745.0  4256.5
   720 -929.589   0.031 -929.558   976160.3 367949.2 89821.6 21008.5   9841.9  3820.1  2226.2
   721 425.827  -0.014 425.813  1035671.3 509480.9 91711.3 29094.0  11707.6  6117.5  3582.6
   722 166.801  -0.000 166.800  1098982.9 477908.7 103888.9 25609.9  11805.0  5862.1  4009.3
   723 -117.852   0.002 -117.851  1040324.9 333716.3 68781.3 27578.7  11414.0  2881.3  3619.7
   724 -725.961   0.010 -725.951   917328.6 358527.5 74080.4 21993.6  10363.4  3887.2  2571.4
   725 166.193  -0.004 166.189   931841.4 335516.6 70000.6 28880.1  12503.4  6626.1  3733.5

         Carbon flux (ktC/yr)        Water (dam3/yr)                Nitrogen (MgN/yr)
       ----------------------- -------------------------- --------------------------------
Spinup NEP     estab   NBP     transp     evap    interc  nuptake ndemand  nlosses ninflux
------ ------- ------- ------- ---------- ------- ------- ------- -------- ------- -------
   726 -449.440   0.003 -449.437   875968.8 369217.5 64826.5 23800.7   9876.0  3584.8  2716.7
   727 473.345  -0.004 473.342  1065559.6 373240.4 76227.7 33608.8  12583.9  5407.3  4468.1
   728 258.304  -0.002 258.302  1105425.6 367772.7 88127.2 28783.3  11799.7  6627.0  4360.9
   729 564.735  -0.003 564.732  1291228.7 415424.4 120881.3 35259.8  14137.2  4830.4  4930.9
   730 318.825  -0.002 318.822  1365990.7 460378.4 135350.2 32899.2  14973.3  3783.3  5482.7
   731 315.246  -0.001 315.245  1393658.4 413691.3 147885.7 31849.1  14932.6  6589.8  4988.3
   732 140.898  -0.000 140.898  1430065.0 443218.7 156032.7 29737.4  16453.2  3000.2  5408.5
   733 -458.758   0.006 -458.752  1172216.9 310132.7 91463.8 21793.9  13384.5  2639.1  3614.7
   734 197.475  -0.002 197.473  1355515.9 437523.8 175845.9 32047.7  16582.4  4998.6  6063.6
   735  71.934  -0.001  71.934  1333606.3 383609.0 152484.5 27419.2  16034.9  3270.4  4976.9
   736 -268.464   0.000 -268.464  1146784.1 466319.5 132326.7 25373.0  12996.4  4634.8  3926.2
   737 -654.709   0.012 -654.697  1066117.8 383611.0 98087.3 20868.2  14069.7  1341.1  3635.1
   738 346.871  -0.006 346.865  1149593.7 422067.3 150697.9 34460.6  15940.8  7673.8  5701.6
   739 312.979  -0.002 312.977  1246735.0 429632.6 138095.9 29403.4  15815.0  4353.1  5601.6
   740 178.924  -0.001 178.923  1281245.9 481541.6 152880.8 26028.3  16095.1  1893.4  5655.7
   741  78.569  -0.000  78.569  1292249.8 474262.8 156707.8 27744.2  16030.2  1739.9  5662.5
   742 -797.005   0.017 -796.988  1076936.1 378374.1 103556.4 18553.4  13608.7  1253.8  3574.5
   743 -375.792  -0.004 -375.796   890159.8 346295.7 72677.8 24621.2  12039.6  2182.3  3724.3
   744 -372.574   0.002 -372.573   856783.5 313443.9 50442.0 26191.4  12016.5  2624.6  3848.6
   745 417.087  -0.003 417.084  1084498.1 446688.8 111697.6 33571.1  16431.1  3017.6  5964.1
   746 448.828  -0.002 448.826  1173595.7 407548.2 145860.8 27760.6  15430.0  9946.0  5736.3
   747 -780.159   0.026 -780.133   881631.4 324553.8 39923.1 16328.9  11257.2  4463.3  3031.6
   748 311.530  -0.003 311.527   909029.3 355711.2 70781.0 29710.1  11458.7  1598.0  4026.4
   749 -173.323   0.002 -173.321   898340.9 357784.9 78730.8 23338.4  11309.5  1970.9  3600.2
   750 -56.301  -0.001 -56.302   877256.1 334894.3 77081.1 26461.7  13238.5  4459.8  4177.4

         Carbon flux (ktC/yr)        Water (dam3/yr)                Nitrogen (MgN/yr)
       ----------------------- -------------------------- --------------------------------
Spinup NEP     estab   NBP     transp     evap    interc  nuptake ndemand  nlosses ninflux
------ ------- ------- ------- ---------- ------- ------- ------- -------- ------- -------
   751 495.935  -0.004 495.932  1099885.4 420103.3 129344.4 34237.1  14990.3  9646.7  5759.1
   752 280.637  -0.001 280.636  1088956.1 337373.6 77632.6 26488.6  13569.7  3016.0  4856.4
   753 183.852  -0.000 183.851  1107733.7 436602.7 115250.3 27046.6  13296.1  1839.3  4661.8
   754 -92.606   0.002 -92.604   993791.8 325354.4 81844.5 24917.3  13378.3  1551.5  4391.6
   755  76.617  -0.002  76.615  1148005.1 457192.2 155975.5 32125.5  16662.7  4763.1  6363.3
   756 -53.251  -0.001 -53.252  1146331.6 427523.5 103388.6 28339.7  13385.3  4748.2  4609.6
   757 158.636  -0.002 158.634  1204951.0 433860.4 123719.6 33551.4  17010.1  4159.5  5869.4
   758 -846.399   0.041 -846.358   925795.1 321879.3 43199.7 15495.0  10842.4  3017.8  2718.7
   759 851.424  -0.023 851.401  1135509.9 450444.2 135305.8 37894.1  12724.2  8619.9  4688.5
   760 -26.869  -0.001 -26.870  1125120.4 411282.9 114068.2 26460.3  14255.2  8329.4  4523.0
   761 329.106  -0.001 329.104  1261511.0 402774.7 162364.1 33207.3  15444.1  4643.2  5352.0
   762 -121.003   0.004 -120.999  1118755.0 335323.3 94556.4 24148.8  12561.6  1642.5  3562.0
   763 251.455  -0.002 251.453  1252908.7 399313.0 159899.3 31565.7  15498.6  4797.2  5348.8
   764 -444.323   0.014 -444.309  1072962.3 292406.5 86916.0 22173.2  13595.0  3791.7  3944.3
   765 447.409  -0.008 447.401  1205749.1 411960.3 152984.8 35037.7  14736.6  4910.1  5359.1
   766 -956.308   0.044 -956.264   929181.8 323670.9 41537.4 13363.9  11090.6  3609.2  2838.8
   767 -192.493  -0.011 -192.504   846068.9 368170.5 57438.1 27159.7   8834.6  2159.6  2812.1
   768 -509.669   0.001 -509.668   895389.2 364204.3 64164.3 23663.5   9592.5  4106.8  2748.3
   769 -123.964  -0.001 -123.965   868364.8 323808.9 40269.4 28768.4  10449.0  3143.2  3514.7
   770   7.411  -0.001   7.410   880206.2 330188.1 67184.5 27931.6  13190.3  3913.9  4100.4
   771 340.752  -0.003 340.749  1004233.0 371102.5 77453.9 32399.1  12960.5  3028.9  4718.8
   772 263.649  -0.003 263.647  1069008.7 369334.0 85517.8 29651.6  12244.7  6290.9  4495.3
   773 472.220  -0.003 472.218  1193866.8 384027.9 98413.2 34932.0  12847.9  8002.8  4951.9
   774 205.746  -0.001 205.745  1249149.0 426784.4 118564.4 31435.1  16285.4  4509.7  5675.7
   775  21.795   0.002  21.798  1085756.3 374910.4 96574.9 30095.7  11103.9  2621.8  3573.1

         Carbon flux (ktC/yr)        Water (dam3/yr)                Nitrogen (MgN/yr)
       ----------------------- -------------------------- --------------------------------
Spinup NEP     estab   NBP     transp     evap    interc  nuptake ndemand  nlosses ninflux
------ ------- ------- ------- ---------- ------- ------- ------- -------- ------- -------
   776 -324.461   0.005 -324.456  1019320.7 448283.5 102488.6 23594.9  11628.0  2673.0  3404.6
   777 301.844  -0.002 301.843  1061951.8 337685.6 76998.5 28570.2  13711.3  2189.8  4544.1
   778 -307.289   0.002 -307.287   961462.9 325723.2 85946.3 23063.9  13823.1  3953.6  3835.8
   779 -778.904   0.008 -778.896   873818.4 369811.7 78078.6 19917.7  11561.8  1912.1  3145.6
   780 430.543  -0.005 430.539  1095961.0 474568.3 123491.3 35731.7  15726.5  4496.7  6396.5
   781 513.494  -0.003 513.491  1110730.0 435195.0 101129.3 25927.0  12656.0  3515.4  4731.6
   782 365.307  -0.002 365.304  1259217.1 441952.1 153178.1 33717.6  14705.5  5890.5  6132.6
   783 266.583  -0.002 266.580  1316663.8 451183.4 132867.1 31869.5  15319.9  5259.8  5651.9
   784 231.290  -0.001 231.289  1330816.4 388411.7 171535.0 29141.3  15234.2  9748.4  5250.6
   785  45.558   0.001  45.559  1203814.4 319480.8 94013.5 25958.8  14142.9  1813.3  4350.0
   786 -888.036   0.031 -888.005   974152.2 363421.0 87811.8 20653.8  11073.9  2581.8  2624.2
   787 -97.453  -0.010 -97.462   906918.3 348853.8 59817.1 25931.2  11610.9  1827.6  3471.1
   788 477.384  -0.004 477.380  1196748.0 451246.7 137353.1 35138.3  15333.2  4316.2  6325.2
   789 -223.349   0.001 -223.348  1104682.4 382166.0 88209.6 23686.3  12847.8  2085.7  3955.1
   790 399.479  -0.002 399.477  1221932.6 406287.3 146968.8 34592.4  15142.2  8071.3  5564.7
   791 351.977  -0.002 351.975  1288185.1 395021.0 159791.3 29127.1  15166.0  7555.9  5361.2
   792 -381.951   0.009 -381.943  1108192.8 287195.7 89159.0 22110.8  13001.8  3569.3  3712.7
   793 440.227  -0.007 440.220  1277688.1 466577.3 131365.7 39250.4  14761.7  1406.7  5382.8
   794 -311.672   0.006 -311.666  1134548.9 324134.4 80409.1 22780.6  11501.3  2786.3  3350.4
   795 260.367  -0.003 260.363  1238914.9 465620.1 138491.5 31743.5  14318.9  2523.0  4993.5
   796 -699.396   0.027 -699.369   991472.4 302847.9 57656.1 18185.3  10955.6  1796.1  2988.0
   797 -859.412   0.014 -859.398   805593.4 296389.5 52602.8 12801.5  11353.2  2277.9  2948.0
   798 361.904  -0.013 361.891   939608.1 514512.4 80646.6 36502.1  10103.3  5535.1  3748.4
   799 556.197  -0.004 556.193  1191106.3 440598.4 98566.0 34853.6  15457.7  6906.6  6020.4
   800 445.066  -0.001 445.065  1289111.8 484695.7 130466.5 29970.6  13507.7  4066.9  5215.6

         Carbon flux (ktC/yr)        Water (dam3/yr)                Nitrogen (MgN/yr)
       ----------------------- -------------------------- --------------------------------
Spinup NEP     estab   NBP     transp     evap    interc  nuptake ndemand  nlosses ninflux
------ ------- ------- ------- ---------- ------- ------- ------- -------- ------- -------
   801 -47.316   0.002 -47.314  1157775.6 405363.4 114630.0 30226.1  14189.2  9761.7  4407.3
   802 218.207  -0.000 218.207  1185285.3 417751.7 122551.0 27513.7  12882.6  1372.1  4098.0
   803 -416.607   0.013 -416.594   989354.2 323488.2 86155.0 21450.2  11248.7  1528.4  2941.3
   804 -679.628   0.005 -679.623   918316.4 391380.4 78294.3 21874.1  11985.2  1855.4  3288.4
   805 188.500  -0.006 188.494   972860.9 446009.2 88899.5 34132.1  15710.4  8878.5  5241.4
   806 413.715  -0.003 413.712  1169016.3 436630.4 104375.7 33828.7  15959.4  5110.5  6023.1
   807 485.120  -0.001 485.120  1286169.1 394670.1 154118.9 30135.3  14254.0  7788.2  5237.0
   808 277.788  -0.000 277.788  1292821.9 365337.3 118457.0 32499.3  13309.2  4500.2  4795.2
   809 -391.216   0.010 -391.206  1083349.4 322485.9 79611.9 22591.4  11773.0  1477.5  3269.2
   810 235.666  -0.006 235.661  1236631.8 437184.2 162402.6 32508.7  16020.8  2500.7  5885.3
   811 221.079  -0.001 221.078  1267641.2 458988.3 142706.7 29116.6  13904.7  3883.7  4945.3
   812 -209.345   0.001 -209.344  1154909.9 466391.4 126146.5 23882.3  12557.2  3404.9  3863.8
   813 -576.195   0.006 -576.189  1110760.5 374776.2 94706.0 24333.0  13637.2  1132.0  3577.9
   814 300.633  -0.004 300.629  1181711.3 488864.2 128563.7 35060.7  14550.1  2752.4  5294.8
   815 -110.864   0.000 -110.864  1119664.2 469701.6 117008.3 23834.2  12672.9  3922.7  4095.0
   816 201.327  -0.001 201.326  1286074.4 480627.7 135248.0 31185.4  15981.8  1841.5  5617.7
   817 -215.781   0.002 -215.778  1233492.3 420843.0 132717.1 26835.7  13546.2  3769.2  4252.1
   818 379.234  -0.000 379.234  1327451.0 415574.7 133535.3 35513.6  15807.9  1968.6  5323.1
   819 -882.128   0.033 -882.094   953519.0 399906.0 79546.2  8757.5  10808.5  2328.2  2333.2
   820 416.301  -0.015 416.285   982727.6 385154.9 72905.7 36150.5   9796.6  1769.6  3459.5
   821 -621.034   0.029 -621.005   879342.3 321691.9 72898.6 14411.5   9909.0  1973.5  2756.1
   822 618.344  -0.017 618.328  1146992.8 510672.9 91828.6 38945.5  13092.8  2949.0  5376.1
   823  11.509  -0.001  11.508  1123625.4 468857.2 96658.0 23865.5  11429.2  9504.9  4033.5
   824 391.065   0.001 391.066  1270457.0 370624.1 94330.4 37155.1  12971.9  3644.7  4966.7
   825 268.575   0.000 268.575  1294076.3 359739.8 102843.5 31483.6  13450.1  2961.9  4796.1

         Carbon flux (ktC/yr)        Water (dam3/yr)                Nitrogen (MgN/yr)
       ----------------------- -------------------------- --------------------------------
Spinup NEP     estab   NBP     transp     evap    interc  nuptake ndemand  nlosses ninflux
------ ------- ------- ------- ---------- ------- ------- ------- -------- ------- -------
   826 229.416  -0.001 229.414  1360975.7 384563.3 155209.0 30170.0  15205.1  6813.9  5237.5
   827 -521.984   0.012 -521.972  1113376.2 305575.4 95023.8 21236.0  12307.8  5047.7  3229.7
   828 469.324  -0.010 469.314  1309133.1 448373.9 151162.7 35817.4  14682.0  2567.0  5613.2
   829 -961.427   0.044 -961.383   997685.2 313202.6 39755.1 12434.3   9892.6  2934.9  2356.2
   830 -376.155  -0.017 -376.172   950429.6 397464.4 70211.9 28604.0   7980.7  2077.5  2398.7
   831 125.443  -0.001 125.442   969010.5 341156.1 63184.0 27555.4  12376.6  1910.3  3929.4
   832 457.139  -0.004 457.135  1234175.7 464029.1 130643.9 36623.4  14854.1  4083.8  6033.5
   833  29.100  -0.001  29.099  1113372.8 320128.2 64867.6 27512.2  11478.1  2659.3  3800.2
   834 415.423  -0.003 415.420  1377139.5 433463.7 145710.3 37836.1  15283.8  5203.8  5841.3
   835 386.939  -0.002 386.936  1484273.1 421585.4 162265.0 31763.0  15105.6  5386.0  5577.5
   836 -995.838   0.040 -995.798  1069701.1 354754.5 85098.5 20217.6   8751.1  5773.3  1994.8
   837 1016.392  -0.021 1016.371  1301749.1 466615.6 98187.6 36095.2  11884.4  3266.4  4232.7
   838 -110.986   0.002 -110.984  1167670.5 313701.4 66420.3 22569.2  11270.5  2133.4  3339.8
   839 345.704  -0.003 345.701  1399882.7 450550.8 118053.7 37113.0  14205.4  3063.6  5300.7
   840 -242.990   0.002 -242.988  1207754.6 308430.8 72631.0 25156.1  12037.6  3544.2  3452.7
   841 -1027.701   0.048 -1027.653   972189.1 313283.8 36071.2 16024.6  10277.6  3970.3  2335.7
   842 500.054  -0.024 500.030  1048831.9 530961.3 80658.5 34753.7   9488.6  6694.0  3101.1
   843 -174.027   0.006 -174.022  1066566.2 311689.9 76371.3 23619.8  11626.9  8018.8  3299.0
   844 211.415  -0.005 211.409  1111126.1 480967.2 87027.7 27301.9  11120.8  3638.7  3671.9
   845 -159.950   0.002 -159.948  1100653.4 292379.5 66106.3 27599.8  12297.7  5140.4  3754.8
   846 319.405  -0.003 319.402  1205481.2 357774.4 88890.6 36662.9  11999.9  3222.7  4171.3
   847 -100.465  -0.000 -100.465  1171703.8 462921.4 96116.3 24718.1  12379.4  6313.0  3703.7
   848 183.126  -0.002 183.124  1346386.8 420172.2 102377.4 36642.2  16690.3  6133.7  5291.0
   849 211.587  -0.002 211.585  1425268.5 411614.5 112581.1 32744.4  16186.5  4775.5  4985.0
   850 -1064.078   0.059 -1064.019  1025250.5 399949.6 73317.3  5894.1   8918.8  3429.1  1867.1

         Carbon flux (ktC/yr)        Water (dam3/yr)                Nitrogen (MgN/yr)
       ----------------------- -------------------------- --------------------------------
Spinup NEP     estab   NBP     transp     evap    interc  nuptake ndemand  nlosses ninflux
------ ------- ------- ------- ---------- ------- ------- ------- -------- ------- -------
   851 -171.785  -0.017 -171.802   895859.7 389911.2 56403.1 32852.6   6585.4  4670.6  1876.7
   852 -355.843  -0.000 -355.843   851165.0 428961.9 50435.8 15299.0   9814.8  5250.2  2229.4
   853 940.510  -0.007 940.503  1235491.8 513851.8 82748.0 46612.2  12906.4  4313.0  4829.9
   854 -171.636  -0.001 -171.636  1089962.0 308697.4 53068.7 21647.0  11120.2  2522.0  3203.5
   855 -213.596   0.005 -213.591  1050415.3 316220.6 66770.2 27581.5  12294.8  8424.0  3408.2
   856  -4.534  -0.003  -4.537  1109011.4 426242.1 70007.8 28841.8  12463.7  2826.9  3834.9
   857  30.342   0.001  30.343  1028676.9 329201.8 59630.8 25973.5  12400.9  2501.6  3663.0
   858 258.556  -0.003 258.554  1203782.5 508023.9 96330.4 33535.1  15167.2  3881.4  5108.1
   859 -350.059   0.001 -350.058  1131419.9 374595.6 69036.3 24366.3  12755.3  2151.8  3326.0
   860  -5.069   0.001  -5.069  1047443.7 328265.7 61357.4 27297.1  12839.3  2218.3  3736.0
   861 251.382  -0.003 251.379  1246602.7 440259.2 87651.9 35334.9  17047.7  5915.2  5561.9
   862  17.905   0.003  17.908  1129351.1 318090.5 68514.5 23640.9  12158.2  2194.7  3546.9
   863 -584.043   0.008 -584.035  1062901.6 379280.0 71352.4 22456.4  12652.2  2178.5  3306.4
   864 404.229  -0.003 404.225  1223747.3 490627.2 97255.0 38437.5  15545.8  3507.0  5400.7
   865 -63.369   0.002 -63.367  1133517.3 320030.8 61564.2 25214.6  12747.4  4157.1  3802.5
   866 -765.181   0.027 -765.154   933675.6 318613.9 31733.6 18575.8  11064.9  5169.8  2478.4
   867 666.034  -0.015 666.018  1149438.4 417683.6 73604.4 41981.1  12385.5  6927.9  4170.7
   868 -761.628   0.023 -761.604  1000744.5 291592.4 46131.1  9950.5  11962.0  4119.3  2934.0
   869 678.412  -0.016 678.396  1148929.7 512787.1 69359.5 38134.5   8820.7  4253.3  3498.2
   870 541.819  -0.003 541.815  1424853.5 439701.6 117206.1 34742.5  13942.0  7641.3  5518.6
   871 424.064  -0.002 424.062  1514565.2 419546.6 136948.6 33086.7  14249.6  7641.3  5311.9
   872 -155.696   0.002 -155.695  1293705.3 396834.8 103963.1 29206.2  13692.7 12174.2  3688.1
   873 219.130  -0.001 219.130  1357378.4 360285.9 100732.1 33844.0  13581.3  2139.3  4168.9
   874 -273.647   0.003 -273.644  1337297.1 399731.5 94999.1 27217.2  13432.0  2490.6  3651.5
   875 178.694  -0.001 178.692  1357939.8 459587.2 121547.3 33400.1  14379.3  3020.8  4427.0

         Carbon flux (ktC/yr)        Water (dam3/yr)                Nitrogen (MgN/yr)
       ----------------------- -------------------------- --------------------------------
Spinup NEP     estab   NBP     transp     evap    interc  nuptake ndemand  nlosses ninflux
------ ------- ------- ------- ---------- ------- ------- ------- -------- ------- -------
   876 165.184  -0.000 165.184  1443559.8 384032.1 152616.9 28207.5  16139.0  5444.0  4743.1
   877 -236.207   0.001 -236.206  1395307.5 404049.0 99349.5 29569.7  13572.6  3505.2  3789.2
   878 -173.207   0.001 -173.206  1295807.0 415266.7 101978.9 30006.0  12906.0  1480.3  3366.0
   879 241.923  -0.001 241.922  1424340.1 414518.1 122430.8 34244.2  16582.2  2488.9  4779.4
   880 -655.819   0.022 -655.797  1124824.5 297738.1 51443.5 18976.0  11206.1  1400.6  2636.9
   881 -470.074  -0.004 -470.078   931220.3 300005.5 64664.2 19734.3   9692.6  1621.1  2529.5
   882 -404.715   0.002 -404.713   917826.8 348058.9 47788.8 24380.1  11716.0  2116.5  3225.0
   883 -568.304   0.006 -568.298   894890.2 309464.0 37918.3 19207.3  12292.6  2905.5  3285.6
   884 324.078  -0.003 324.075  1125469.2 431023.8 60505.0 40586.2  10691.5  4467.3  3802.0
   885  86.181  -0.001  86.180  1191221.6 440640.4 87745.9 30192.5  11848.3  7681.1  4086.2
   886 -37.989   0.001 -37.988  1164038.3 382855.9 60583.3 29961.6  12203.6  2313.6  3667.3
   887 -405.002   0.003 -404.999   990216.4 309419.8 40917.1 27689.3  10145.6  3342.4  3197.3
   888 -615.093   0.008 -615.085   805977.5 404304.5 51126.8 14084.6  10017.4  3897.4  2407.3
   889 875.123  -0.007 875.116  1174995.7 434746.2 88450.2 45410.4  13737.9 17026.4  5108.9
   890  18.533  -0.001  18.532  1067510.9 341142.6 52616.3 28023.2  10793.8  6694.6  3384.4
   891 407.843  -0.003 407.840  1294667.9 394784.7 116129.4 34293.8  15045.5 10151.4  5077.0
   892 -162.181   0.001 -162.180  1147630.2 330404.0 60717.9 27807.4  10832.5  4564.5  3075.2
   893 -21.678  -0.001 -21.679  1266534.3 412199.9 82274.3 33639.8  13374.4  2872.8  3831.9
   894 -925.022   0.029 -924.992   999453.1 311907.3 32612.2 16611.0  10516.4  3622.2  2260.6
   895 1052.616  -0.018 1052.598  1305916.0 475306.1 86100.2 45790.2  12529.4  3538.7  4349.0
   896 110.420  -0.001 110.419  1323753.8 419528.8 87512.4 25808.8  11290.6  3699.4  3339.3
   897 286.013  -0.002 286.011  1490893.3 449122.0 116641.5 35737.5  15012.0  4700.7  4781.2
   898  13.111   0.000  13.111  1478122.6 451788.6 111797.2 26849.2  12660.4  3957.7  3870.7
   899 -803.251   0.027 -803.224  1148176.5 291482.1 51386.9 21040.1  11049.1  3139.9  2641.4
   900 513.108  -0.014 513.094  1306485.7 405795.8 121685.1 34217.4  15285.1  7199.8  4653.3

         Carbon flux (ktC/yr)        Water (dam3/yr)                Nitrogen (MgN/yr)
       ----------------------- -------------------------- --------------------------------
Spinup NEP     estab   NBP     transp     evap    interc  nuptake ndemand  nlosses ninflux
------ ------- ------- ------- ---------- ------- ------- ------- -------- ------- -------
   901 -849.384   0.041 -849.343   981356.7 408231.2 63018.4  8078.5   9759.9  5551.2  2068.4
   902 804.063  -0.020 804.043  1090499.3 477410.7 65504.4 33935.3   9234.2  2062.0  3152.3
   903 -122.150   0.002 -122.149  1096418.6 291483.0 56533.4 23761.4  11686.6  2817.4  3446.2
   904 483.015  -0.003 483.012  1315196.0 391264.9 109637.5 35194.1  14029.5  8994.8  4977.1
   905 252.402  -0.002 252.400  1425151.4 383548.9 106132.6 30183.9  14567.4  6076.7  4482.5
   906 -403.892   0.012 -403.880  1193169.0 322028.9 62174.8 24922.5  10542.3  2507.9  2898.7
   907  38.355  -0.005  38.350  1197711.3 414401.6 90155.5 28838.4  14876.5  6899.0  4088.1
   908 339.888  -0.001 339.886  1388221.7 390019.1 131020.9 32019.9  15279.9  6752.0  4923.1
   909 -156.410   0.000 -156.410  1262499.1 456189.1 98851.3 24441.9  12354.3  4721.9  3494.7
   910 -75.859   0.001 -75.857  1267817.7 338829.2 92298.7 27959.0  13449.6  1846.6  3748.4
   911 185.502  -0.001 185.501  1296730.1 414798.5 101467.6 29359.0  13433.7  1465.5  3965.6
   912 -949.680   0.039 -949.641  1051120.0 289228.2 53592.5 11233.1  12710.7  1653.7  2961.4
   913 832.937  -0.021 832.916  1231183.2 434353.2 89000.3 44101.2  11602.8  2634.4  3957.7
   914 -342.373   0.010 -342.363  1155232.3 286800.4 66374.9 18651.8  12141.0  3627.4  3559.0
   915 -997.728   0.039 -997.688   867130.1 296888.3 46096.6 12704.8   9401.6  2190.3  2575.2
   916 -381.901  -0.014 -381.915   758357.0 322311.2 34221.9 21085.3   8270.3  3196.0  2521.9
   917 409.376  -0.004 409.372   943740.9 448369.6 60029.2 33098.8  10007.9  2662.8  3718.0
   918 845.349  -0.007 845.343  1225071.5 481630.9 76619.7 41638.7  13762.0  2635.9  5749.7
   919 140.544  -0.002 140.541  1183202.4 464916.1 81899.0 23708.8  11119.9 12500.2  3825.2
   920  44.135  -0.001  44.134  1198479.1 404326.9 89596.9 32408.0  14140.7 11381.7  4321.5
   921 -314.331   0.008 -314.323  1094049.9 309898.7 77756.1 23497.3  12554.0  4594.9  3277.1
   922  27.962  -0.002  27.960   986477.1 357794.3 70660.1 28775.0  11365.2  1592.2  3437.8
   923 -202.446   0.002 -202.445  1051074.9 430702.8 73740.9 25582.6  12349.4  2103.1  3529.8
   924 424.353  -0.004 424.349  1289235.5 478717.1 96511.3 36840.5  15624.7  4194.8  5474.0
   925 452.135  -0.002 452.133  1417086.2 409709.0 110622.6 31068.7  14813.2  6635.4  4807.0

         Carbon flux (ktC/yr)        Water (dam3/yr)                Nitrogen (MgN/yr)
       ----------------------- -------------------------- --------------------------------
Spinup NEP     estab   NBP     transp     evap    interc  nuptake ndemand  nlosses ninflux
------ ------- ------- ------- ---------- ------- ------- ------- -------- ------- -------
   926 349.829  -0.001 349.828  1484321.0 400897.7 122494.3 30531.6  14952.5  3066.4  4618.0
   927 -185.549   0.001 -185.548  1421413.6 397558.5 99780.1 26613.0  13276.2  2945.2  3716.1
   928 -459.980   0.012 -459.968  1179284.3 316793.4 68252.1 25087.4  11104.5  2543.5  2807.7
   929 -696.928   0.030 -696.898   908815.8 310460.0 70689.6 13742.0   8594.7  2257.0  2096.4
   930 131.319  -0.012 131.306   937256.8 470577.3 66527.5 26575.0  11446.7  2061.6  3824.3
   931 528.820  -0.003 528.816  1231326.6 418746.4 93371.3 33885.2  15671.9  2399.5  5766.8
   932 -74.271  -0.001 -74.271  1200596.5 425176.7 101556.0 25723.8  12591.6  7179.1  4275.9
   933 134.337  -0.001 134.336  1175157.5 460935.5 91629.2 29076.3  11758.0  6069.9  3972.5
   934 -297.572   0.002 -297.570  1183674.0 371955.2 75185.2 25565.9  13103.0  1780.8  3671.0
   935 164.304  -0.002 164.303  1243903.1 477141.9 97866.0 30641.2  12155.9  3336.8  4463.2
   936 390.503  -0.002 390.501  1392004.1 412809.1 114323.2 32750.7  14945.4  4453.2  5110.5
   937 331.310  -0.002 331.308  1531077.4 414001.2 158371.2 29986.0  15883.6  4210.2  5718.3
   938 -646.668   0.024 -646.645  1169151.9 293810.6 95811.3 18060.7  11761.0  5340.4  2948.1
   939 -184.232  -0.008 -184.241  1036704.9 320173.0 81270.3 22977.7  12127.2  2882.8  3237.1
   940 -889.622   0.021 -889.601   925929.3 371156.0 64190.6 18984.5   9931.7  1692.1  2381.1
   941 601.776  -0.011 601.765  1133662.1 537857.4 83395.2 34484.3  13650.9  4105.1  5026.5
   942 -650.613   0.025 -650.588   909290.7 315905.3 28714.1 14182.5   9871.1  4888.2  2512.5
   943 898.090  -0.016 898.074  1228135.2 536100.8 85859.1 41145.2  12084.4  3978.1  4660.8
   944 501.820  -0.004 501.816  1437719.4 443954.4 103274.5 31325.3  14201.6  3742.1  5332.1
   945 313.770  -0.002 313.768  1539530.0 427714.0 119635.8 32137.2  14553.7  5226.4  5105.0
   946 200.048  -0.001 200.048  1547542.2 444220.2 136971.7 29753.1  14415.4  4250.6  4492.4
   947 -857.288   0.025 -857.263  1148960.4 290456.0 73376.4 17664.3  10967.9  1660.1  2542.9
   948 -286.044   0.007 -286.037   999754.8 342897.1 68245.4 22747.1  10480.8  1903.6  2679.2
   949 125.124  -0.008 125.116  1089550.9 489949.4 76634.2 28849.8  11618.5  3703.6  3679.6
   950 -688.801   0.028 -688.773   958258.2 318430.4 29401.9 14928.1  10869.4  4135.6  2605.7

         Carbon flux (ktC/yr)        Water (dam3/yr)                Nitrogen (MgN/yr)
       ----------------------- -------------------------- --------------------------------
Spinup NEP     estab   NBP     transp     evap    interc  nuptake ndemand  nlosses ninflux
------ ------- ------- ------- ---------- ------- ------- ------- -------- ------- -------
   951 265.220  -0.012 265.208   977649.4 349529.8 52098.4 30769.2  10588.8  2148.5  3490.0
   952 -558.092   0.007 -558.085   845848.7 422187.6 50864.7 13607.6  10029.6  3313.4  2482.5
   953 -233.899  -0.001 -233.901   905173.6 375165.8 48603.4 31809.4   9061.6  5406.3  2633.7
   954  -9.173  -0.001  -9.173   938801.2 320142.0 31282.2 29288.8  10810.0  3956.7  3380.1
   955 112.254  -0.002 112.251  1104047.9 438781.0 77451.4 31158.3  13060.8  6142.5  4350.4
   956 182.935   0.000 182.935  1082540.6 298308.5 53487.3 26980.2  12382.3  6021.6  3924.1
   957 -761.912   0.050 -761.862   875856.9 298056.5 27033.3 17549.8   9198.5  4057.2  2178.5
   958 963.965  -0.027 963.938  1155407.1 558437.6 69981.3 43155.3  12284.3  5268.5  4390.2
   959 706.728  -0.005 706.723  1485751.6 432561.7 119506.9 28773.1  14650.4 10633.3  5776.9
   960 343.714  -0.001 343.713  1411248.1 356939.6 94223.7 30503.2  12366.7  8778.9  4564.5
   961 197.131   0.000 197.131  1372201.1 350526.2 100192.4 30226.9  13645.7  2949.8  4461.6
   962 -953.500   0.046 -953.454   978586.4 391945.3 69682.6  7652.2  10383.7  2973.7  2133.7
   963 1087.614  -0.024 1087.591  1264519.9 450997.1 88046.7 44389.5  12183.5  3062.8  4107.6
   964 -227.728   0.007 -227.721  1176213.0 325830.9 59967.1 20757.2  10302.3  3322.8  3060.3
   965 -80.310  -0.004 -80.314  1167620.5 425046.4 79683.7 25402.7  11149.5  2562.3  3337.8
   966 211.189  -0.001 211.188  1179483.2 326304.1 64443.9 26482.1  12911.1  2167.8  4121.3
   967 -314.522   0.002 -314.519  1087499.3 329116.8 58916.0 24998.8  11472.0  2454.4  3239.4
   968 287.347  -0.003 287.345  1277499.7 424578.0 99283.3 32876.4  16094.9  2727.1  5128.7
   969 -277.590   0.006 -277.584  1143725.3 285450.0 68479.0 18470.3  13633.5  4833.2  3586.5
   970 -941.807   0.047 -941.760   883259.2 293341.7 46585.3 12197.1  10009.3  2493.5  2637.4
   971 -180.126   0.002 -180.124   763503.9 349418.9 48788.0 22533.9   6300.4  3735.6  2106.7
   972 -231.642  -0.009 -231.651   869404.9 427745.6 47214.3 24964.7  10542.0  2658.5  3421.8
   973 -423.833   0.007 -423.827   837036.5 332126.6 33878.7 16911.7  12159.9  2907.8  3599.7
   974 574.435  -0.006 574.429   981311.9 455185.7 54391.3 33989.1   9878.9  2994.4  3854.5
   975 311.899  -0.003 311.896  1068387.5 454376.0 54661.4 31842.9  11503.3  3407.8  4439.5

         Carbon flux (ktC/yr)        Water (dam3/yr)                Nitrogen (MgN/yr)
       ----------------------- -------------------------- --------------------------------
Spinup NEP     estab   NBP     transp     evap    interc  nuptake ndemand  nlosses ninflux
------ ------- ------- ------- ---------- ------- ------- ------- -------- ------- -------
   976 125.087  -0.002 125.086  1037594.0 345293.6 46147.0 28184.6  10795.5  6373.6  3791.7
   977 -478.684   0.015 -478.669   961271.3 290503.6 40221.2 16863.6  11990.4  3238.6  3328.8
   978 -75.257   0.007 -75.250   883817.7 330190.3 52311.4 26773.3   7402.5  3761.2  2278.4
   979 -300.305  -0.002 -300.307   844425.6 319144.6 32884.5 24423.7   9414.0  3066.8  3145.5
   980 -442.556   0.022 -442.534   859191.6 361480.7 46539.5 23048.7  10102.9  4123.8  2799.9
   981 -47.254  -0.006 -47.260   860942.7 364718.2 31973.6 25661.0  11145.7  4675.5  3749.1
   982 -85.629   0.004 -85.626   925259.8 340416.9 35523.2 25135.0  10937.6  5006.6  3907.2
   983 256.049   0.027 256.076   961496.9 392097.3 50590.1 33762.1  10516.0  6038.7  4085.4
   984 -184.242  -0.006 -184.248  1024849.0 446379.2 72792.5 22684.5  14459.9  6871.9  5599.1
   985 -296.505   0.028 -296.477   810459.6 321648.4 35299.5 26769.1  10177.8  7542.3  3651.9
   986 -97.867   0.002 -97.865  1010419.8 464200.5 64383.9 26771.3  12756.8  8536.3  4782.4
   987  75.409   0.003  75.411  1080173.0 522247.0 77028.1 27673.9  11034.3 12128.6  4599.6
   988 195.851   0.000 195.852  1145675.1 440322.7 106519.4 28942.5  15290.7 19310.2  5918.1
   989 -125.853   0.004 -125.849   919303.1 368055.6 57314.9 24145.5  11890.7  7095.0  3938.4
   990 -194.529   0.001 -194.528   883231.5 336838.5 64932.3 23691.1  13963.0  6507.4  3938.1
   991 -127.168   0.004 -127.165   859896.8 350378.1 61850.8 24525.1  13793.7  5168.3  3959.3
   992  -5.088   0.002  -5.086   941183.1 458216.3 68663.5 27381.6  16476.7  6812.7  5351.3
   993 -33.296   0.003 -33.293   868851.0 374316.0 52384.3 27354.2  12059.6  3393.5  4082.2
   994 -153.066   0.023 -153.043   846328.0 348855.2 66720.0 19276.3  11817.8  2348.0  3433.5
   995  99.980  -0.008  99.972  1028918.0 545182.2 86494.5 32868.0  15248.2  4954.5  5905.8
   996  22.600   0.009  22.609  1080214.5 478681.8 92757.4 28968.1  16925.1 10895.1  6299.3
   997 -677.862   0.025 -677.837   774333.8 337095.3 33530.8 17154.9  11151.0  4691.7  2916.7
   998  75.020   0.001  75.022   840260.6 375059.3 48838.8 28588.9  11523.9  2470.6  3611.2
   999  96.613  -0.005  96.608   964409.1 484414.8 73545.3 27086.2  12858.8  5946.3  4560.1
  1000 322.245  -0.014 322.232  1084137.8 479926.8 96964.0 31332.1  14828.0  7562.7  5730.3

         Carbon flux (ktC/yr)        Water (dam3/yr)                Nitrogen (MgN/yr)
       ----------------------- -------------------------- --------------------------------
Spinup NEP     estab   NBP     transp     evap    interc  nuptake ndemand  nlosses ninflux
------ ------- ------- ------- ---------- ------- ------- ------- -------- ------- -------
  1001 117.808  -0.004 117.804  1093967.4 532801.0 112233.9 24629.4  15515.4  4669.4  5874.1
  1002 -655.906   0.019 -655.888   821232.1 316279.5 50229.9 16138.3  13088.6  3423.0  3696.8
  1003 -311.107   0.004 -311.102   761132.4 324527.7 39818.6 20368.2  11172.9  3024.0  3061.4
  1004 448.023  -0.006 448.017  1014457.7 511035.1 77744.1 43282.9  14966.2  7739.1  5856.5
  1005  24.682   0.000  24.682   957730.1 505663.2 86784.6 22380.2  12386.0  8940.7  4322.5
  1006 -194.946   0.003 -194.943   851502.8 342953.5 72252.7 26344.3  13126.7  6707.7  3896.4
  1007 278.581  -0.001 278.581  1064338.9 442997.1 116287.8 28378.9  16193.0  8215.0  5724.0
  1008  87.198   0.003  87.202  1115167.1 436561.0 110385.0 27124.5  15843.1  4869.1  5576.0
  1009 -273.180   0.005 -273.175   930889.0 352605.9 66083.2 26410.8  13193.8  2093.7  4116.4
  1010  69.822   0.001  69.823  1090780.4 519410.4 107323.2 31689.7  16695.5  4808.0  6124.1
  1011 209.131   0.001 209.131  1105384.2 468618.3 122295.2 28254.2  15982.8  7100.5  5761.5
  1012  -7.675   0.004  -7.670   967819.9 360692.6 92880.4 23302.2  13492.2  1764.2  4011.6
  1013 110.233  -0.006 110.227  1068565.5 437422.9 146104.9 27970.1  16089.5  9446.6  5681.9
  1014 -51.466  -0.003 -51.469   959189.3 366170.5 92795.1 24411.4  14085.2  2898.6  4184.6
  1015 105.308  -0.001 105.307  1058460.4 470466.3 127537.8 29344.9  16703.7  3846.4  5936.6
  1016 -641.467   0.016 -641.451   819183.9 317169.1 59288.0 12866.1  14342.9  3585.6  3856.3
  1017 -339.128  -0.003 -339.131   707301.3 338043.7 31999.2 25129.3  10282.0  3774.0  2721.0
  1018 274.090  -0.003 274.087   910050.3 409348.5 78546.6 30839.3  13804.2  5300.8  4805.2
  1019  70.068  -0.001  70.066   940070.8 483146.7 91156.1 26433.9  12554.9  6327.9  4459.1
  1020 -118.573   0.001 -118.572   830255.9 352143.2 80273.5 25973.6  13328.1  7227.3  3975.2
  1021 245.188  -0.002 245.187  1026882.6 439468.7 131971.8 29336.3  16186.2  8039.9  5827.6
  1022 -223.042   0.001 -223.041   876961.1 318485.6 74292.4 21905.2  14574.8  5058.1  4516.0
  1023 -649.930   0.028 -649.902   697909.0 321558.0 34768.1 21556.5  10769.1  2548.1  2618.6
  1024 527.597  -0.010 527.587   947382.5 534535.0 93054.0 34768.3  14703.0  4842.6  5299.2
  1025 379.216  -0.004 379.212  1000582.2 430481.3 96568.0 27828.5  14040.9  4744.8  5331.3

         Carbon flux (ktC/yr)        Water (dam3/yr)                Nitrogen (MgN/yr)
       ----------------------- -------------------------- --------------------------------
Spinup NEP     estab   NBP     transp     evap    interc  nuptake ndemand  nlosses ninflux
------ ------- ------- ------- ---------- ------- ------- ------- -------- ------- -------
  1026 144.959  -0.001 144.957  1026335.7 467136.8 123719.2 26670.9  15595.7  4644.0  5822.7
  1027 -671.766   0.011 -671.755   753209.4 388253.7 76589.5 20980.3  11992.0  4846.8  3024.7
  1028 563.867  -0.006 563.861   968246.1 441104.0 88976.9 33186.9  14534.9  4788.1  5230.7
  1029 -25.063  -0.001 -25.064   917180.9 465519.6 97753.9 22880.4  13335.3  4444.7  4535.9
  1030 243.091  -0.001 243.090   986527.6 420729.5 104493.8 32444.7  14130.0  4309.6  5445.9
  1031 -49.044  -0.001 -49.045   983440.4 519637.8 120336.8 23133.5  13545.9  3559.7  4953.6
  1032  87.293  -0.000  87.293  1015125.5 430646.8 152235.8 27792.4  16477.0  9716.3  5942.5
  1033 -214.817   0.003 -214.815   862953.7 314889.1 82683.6 22487.1  15119.2  4313.0  4564.9
  1034 222.584  -0.001 222.582   944653.8 395860.0 110028.8 32953.2  14223.5  2331.5  4938.1
  1035 -869.586   0.033 -869.553   697651.3 329855.6 39539.0 15646.0  11973.4  3307.1  2904.8
  1036 378.427  -0.013 378.414   932959.7 517278.3 90595.5 33625.7  15691.8  4935.0  5741.8
  1037  95.369  -0.003  95.366   886225.5 509021.6 110793.2 22697.0  12313.3  6063.4  4289.6
  1038 -141.016   0.002 -141.014   813951.7 319620.5 54189.9 26183.4  12237.4  2201.7  3912.1
  1039 229.781  -0.001 229.780   962107.8 501951.6 126513.2 28972.1  15139.4  3815.9  5613.7
  1040 -57.014   0.004 -57.010   869900.3 368662.5 88379.2 21860.7  13367.5  2023.3  3990.1
  1041 -134.027   0.000 -134.027   796412.4 363590.6 70697.3 26376.8  12993.7  2923.3  4071.4
  1042 -15.285  -0.001 -15.286   881398.5 382063.6 95738.5 25725.6  15042.5  4631.4  5094.0
  1043 217.174  -0.001 217.172   951394.6 521143.8 131597.5 28529.8  14754.0  6504.4  5639.8
  1044 145.977   0.000 145.977   917290.6 353261.8 86921.5 22979.0  14948.4  1716.0  5116.1
  1045 110.088   0.000 110.088  1017702.7 442530.1 137168.8 29028.8  16927.8  3649.6  6305.6
  1046 -46.582   0.000 -46.582   951638.3 514721.0 130459.0 25889.1  13352.2  4452.5  5057.5
  1047 -247.808   0.001 -247.807   900919.0 408748.2 97969.3 25107.3  15709.5  2336.1  4761.5
  1048 175.654  -0.000 175.654   959808.0 403630.7 117760.3 32266.4  15154.2  5696.9  5733.4
  1049 123.254   0.001 123.255   856998.1 391428.1 101634.5 27424.5  13509.8  1971.9  4602.7
  1050   4.369   0.001   4.369   977769.3 416448.2 169283.5 25797.2  17394.4  7324.4  6325.6

         Carbon flux (ktC/yr)        Water (dam3/yr)                Nitrogen (MgN/yr)
       ----------------------- -------------------------- --------------------------------
Spinup NEP     estab   NBP     transp     evap    interc  nuptake ndemand  nlosses ninflux
------ ------- ------- ------- ---------- ------- ------- ------- -------- ------- -------
  1051 -226.270   0.001 -226.269   849593.8 501195.6 129259.4 23804.0  13695.1  4752.3  4743.9
  1052 -62.919   0.003 -62.916   849065.0 355248.9 92572.0 24200.0  14115.4  1074.0  4348.9
  1053 136.097  -0.001 136.096   983763.6 464049.2 166859.1 30421.6  16622.4  3994.9  6800.2
  1054 -441.476   0.003 -441.473   775939.7 308915.6 66692.3 15516.0  14239.0  2430.7  4271.5
  1055 -115.853   0.014 -115.839   776914.3 341510.0 84803.4 26830.3   9705.0  2149.2  3253.6
  1056 278.201  -0.005 278.196   794637.8 406642.4 82574.0 33911.0  11996.3  1931.7  4505.3
  1057 -49.167  -0.001 -49.168   955629.8 502032.8 121997.8 25618.3  17161.5  3653.5  6781.7
  1058 -200.045   0.002 -200.044   873304.0 346593.2 76701.6 23340.1  13741.4  3533.1  5023.5
  1059 -113.269   0.005 -113.264   874272.8 460295.2 108525.1 28746.3  13935.6  4652.0  5003.4
  1060 -534.921   0.008 -534.913   736339.4 385405.6 80079.7 22796.7  12052.1  5785.8  3330.0
  1061 484.844  -0.003 484.841   992813.3 509841.6 115148.2 35532.5  15905.4  4153.6  6251.3
  1062 -472.247   0.010 -472.237   686787.8 427326.7 76741.6 13000.6  11000.6  5684.8  2901.9
  1063 604.636  -0.000 604.635   999030.1 435128.8 133767.5 36666.5  14059.7  8615.1  5582.0
  1064 -200.492   0.001 -200.491   839945.0 320340.1 55318.2 25909.3  11857.3  3793.5  3989.0
  1065 -157.816  -0.002 -157.817   821590.1 342676.0 71490.9 27849.2  12725.1  1414.0  4026.9
  1066 -127.324  -0.004 -127.328   920283.3 460117.8 121486.7 27944.6  14364.8  5243.9  4775.1
  1067 306.821  -0.001 306.819  1040944.6 496675.3 129814.2 33938.3  15980.5  4193.2  6092.1
  1068 -130.453   0.001 -130.452   896230.5 307044.7 85694.5 22873.8  14185.1  5752.7  4414.4
  1069 294.839  -0.001 294.838  1059489.5 495109.1 137740.9 36489.9  15502.5  2497.7  5871.0
  1070 259.353  -0.001 259.352  1114070.6 423845.8 151920.8 28485.9  16115.3  4989.2  5514.8
  1071 -386.740   0.003 -386.737   951711.4 404979.1 103992.0 26402.1  13708.8  1653.1  3853.2
  1072 227.166  -0.002 227.164  1030550.7 508038.1 146475.1 32456.2  15211.1  5132.1  5492.8
  1073 191.942  -0.001 191.940  1091331.3 494720.9 152949.7 28884.3  16576.0  3853.1  6088.5
  1074 -205.093   0.001 -205.092   916287.4 346049.0 89907.3 25258.1  12693.1  3916.8  3903.7
  1075 176.715  -0.000 176.715  1066281.4 415988.4 176336.3 29190.5  16519.5  7050.2  5895.5

         Carbon flux (ktC/yr)        Water (dam3/yr)                Nitrogen (MgN/yr)
       ----------------------- -------------------------- --------------------------------
Spinup NEP     estab   NBP     transp     evap    interc  nuptake ndemand  nlosses ninflux
------ ------- ------- ------- ---------- ------- ------- ------- -------- ------- -------
  1076 -206.766   0.001 -206.765   935727.0 435277.8 128222.2 27049.9  16563.2  6451.4  5169.3
  1077 -11.348   0.002 -11.347   969188.2 376651.9 118953.5 28354.5  14875.0  1828.1  4919.2
  1078 -85.502   0.001 -85.501   963084.7 458643.3 127457.3 27941.3  13689.8  2833.3  4470.2
  1079 154.907  -0.000 154.907   931360.5 400424.7 105358.3 32607.9  13236.4  3132.0  4469.1
  1080 -322.629   0.002 -322.627   897546.0 302011.1 91653.4 20567.7  15917.1  2602.3  4563.7
  1081 -191.855   0.002 -191.853   849276.3 343558.7 77434.7 29421.2  12116.4  1619.5  3804.2
  1082 -31.267  -0.001 -31.268   972731.5 511528.8 121702.5 27640.3  13369.9  2694.5  4816.5
  1083 113.724  -0.001 113.723  1062125.8 491704.7 139486.7 31237.2  16571.2  4911.8  6304.3
  1084 169.718  -0.001 169.717  1096920.1 482686.6 151591.2 30062.3  16222.4  5253.2  6156.0
  1085 -102.951   0.001 -102.950   959503.8 427011.9 131977.5 27725.2  16127.2  8096.5  5054.7
  1086 188.581  -0.000 188.581  1050477.5 520454.7 169580.8 30243.3  16523.9  1851.5  5916.1
  1087 -107.053   0.001 -107.052   948002.1 430050.5 132996.2 27548.1  16464.4  4833.3  5204.0
  1088  81.465  -0.001  81.464  1055655.2 448233.2 142950.0 32287.9  18444.6  2577.8  6511.8
  1089 -179.157   0.002 -179.154   915945.2 344242.8 91745.6 25847.0  12689.4  2097.0  3878.1
  1090 -116.288   0.000 -116.288   930979.0 493543.7 136373.4 24709.4  13487.7  3863.9  4424.5
  1091 -200.866   0.001 -200.866   953777.7 453108.6 144750.8 27730.0  14394.0  4711.1  4789.0
  1092   2.429   0.002   2.431   926961.7 350493.0 97602.8 27435.6  13506.0  1412.2  4199.5
  1093 -601.118   0.011 -601.107   799105.9 304266.9 65990.9 17630.6  13803.2  2706.6  3878.9
  1094 139.674  -0.004 139.670   835366.2 337734.2 77629.4 31865.2  11244.0  2091.0  3762.4
  1095 -415.033   0.003 -415.031   783316.8 319889.3 57558.1 20424.9  13545.5  3054.8  4103.9
  1096 449.847  -0.002 449.845   999013.0 529018.9 127372.1 39544.8  14123.2  4861.2  5775.3
  1097 410.231  -0.001 410.230  1043323.6 446878.4 132985.4 31182.5  14749.4  5135.3  5789.3
  1098 -243.800   0.001 -243.799   957539.7 405152.1 97921.1 25183.1  13884.7  2135.9  4329.6
  1099 -306.615   0.001 -306.613   932555.8 404919.7 93975.6 29032.1  14278.1  2502.9  4431.2
  1100 -569.832   0.003 -569.828   773772.2 335469.7 40089.9 22745.8  12136.8  4725.8  3294.8

         Carbon flux (ktC/yr)        Water (dam3/yr)                Nitrogen (MgN/yr)
       ----------------------- -------------------------- --------------------------------
Spinup NEP     estab   NBP     transp     evap    interc  nuptake ndemand  nlosses ninflux
------ ------- ------- ------- ---------- ------- ------- ------- -------- ------- -------
  1101  84.339  -0.002  84.337   947562.2 456490.3 120229.7 33827.3  13609.1  8030.2  4733.2
  1102 234.136  -0.001 234.135   935816.8 433156.0 109753.0 31448.8  15300.6  8994.9  5250.0
  1103 -199.638   0.003 -199.635   858481.4 315287.0 58671.8 26013.7  11495.9  1784.4  3717.1
  1104 -528.868   0.004 -528.864   710849.6 408994.8 73475.3 17613.6  11390.2  2619.4  2864.1
  1105 167.930  -0.002 167.928   845947.6 357612.3 61326.5 34493.0  12119.7  3203.5  3899.1
  1106 309.676  -0.002 309.674  1000878.0 495393.3 120696.7 31016.3  14381.2  5547.0  5565.3
  1107 132.650  -0.001 132.649  1029254.4 506494.7 119836.1 27681.8  12141.0  4337.5  4834.1
  1108 296.941  -0.001 296.941  1123486.2 423850.0 141000.1 33579.6  15681.2  4523.8  5707.3
  1109 -611.999   0.013 -611.986   845563.6 307581.8 68464.0 18221.4  13186.0  3158.4  3642.4
  1110 300.194  -0.005 300.189   936433.1 498639.9 106033.9 35658.8  11066.3  6150.4  3863.9
  1111 413.000  -0.001 412.999  1059080.2 490242.2 136351.0 31725.1  13991.6  5316.5  5334.9
  1112 240.240  -0.000 240.239  1071017.5 491379.8 151293.7 28540.6  13814.3  4027.8  5325.0
  1113 -378.095   0.002 -378.093   981104.8 393047.3 103230.6 25256.2  14121.9  1649.4  4042.3
  1114 -237.515   0.001 -237.514   884018.7 332782.8 96430.6 27160.9  14258.9  4294.6  4188.8
  1115 375.235  -0.001 375.234  1051550.7 439770.4 133069.3 33963.9  15856.4  2543.6  5659.1
  1116 -328.479   0.004 -328.475   887002.3 310157.6 59700.0 23277.0  12085.4  2382.8  3761.0
  1117 -208.894   0.000 -208.893   858835.9 325662.9 90594.3 25985.1  14544.5  3633.3  4209.7
  1118 -37.223  -0.000 -37.223   967601.8 442041.2 96750.8 30171.3  13643.0  2434.9  4803.4
  1119 -555.580   0.009 -555.571   717900.5 426237.0 73778.7 17149.8  11218.6  4866.7  2854.3
  1120 479.244  -0.004 479.241   920461.3 352528.5 69089.7 33107.9  13209.9  2229.8  4603.2
  1121 161.098   0.000 161.098   927878.3 346619.1 76198.8 25981.4  13582.1  2175.0  4930.5
  1122 -403.578   0.003 -403.575   820601.6 316865.3 51383.2 26593.9  11789.8  2856.3  3979.3
  1123 112.377  -0.001 112.377  1034874.9 450252.2 137501.4 33928.3  16677.1  5368.6  6739.9
  1124 262.179   0.002 262.182  1062558.3 516261.3 135229.0 29064.6  15091.0  5513.4  5890.2
  1125 112.195  -0.001 112.194  1074020.0 502304.3 126479.2 28754.7  12165.6  4022.3  4872.5

         Carbon flux (ktC/yr)        Water (dam3/yr)                Nitrogen (MgN/yr)
       ----------------------- -------------------------- --------------------------------
Spinup NEP     estab   NBP     transp     evap    interc  nuptake ndemand  nlosses ninflux
------ ------- ------- ------- ---------- ------- ------- ------- -------- ------- -------
  1126 139.784  -0.000 139.783   993170.0 390356.8 99845.9 34688.1  12594.2  4164.7  4433.3
  1127 -246.506   0.001 -246.506   988085.5 484761.9 126607.6 23910.5  13925.3  5893.1  4512.5
  1128 -241.780   0.002 -241.778   903705.7 324386.7 99152.2 26793.3  14255.3  6003.1  4040.0
  1129 317.371  -0.000 317.371  1098474.7 416862.1 159982.2 34448.5  16234.0  7625.3  5938.7
  1130 -70.948   0.002 -70.946  1100316.6 443058.8 112599.3 29222.7  13675.9  5099.2  4842.0
  1131  58.888  -0.000  58.887  1112046.2 495065.1 138507.7 30556.6  12615.1  3560.4  4688.9
  1132 267.324  -0.001 267.323  1176723.5 435784.8 155501.6 33808.8  15965.3  3492.9  5701.8
  1133 -366.615   0.003 -366.612   951888.2 318577.0 112996.5 21852.5  13939.2  4317.9  3753.3
  1134 -270.245   0.002 -270.243   910251.3 338858.1 80214.4 28014.6  11954.2  1582.5  3684.2
  1135 196.048  -0.003 196.046  1117730.9 447795.6 125105.8 34788.9  18086.7  4106.8  6473.0
  1136  45.743  -0.001  45.743  1138111.8 438881.3 119070.3 29601.0  12872.4  4755.6  4705.4
  1137 351.158  -0.001 351.157  1248300.7 454700.3 196568.0 36097.9  15797.1  5035.2  6328.1
  1138 251.789   0.000 251.789  1086896.2 388240.4 118286.8 33146.7  12131.4  2812.5  4053.9
  1139 -659.424   0.018 -659.406   910813.3 317691.9 111805.5 17181.3  11062.7  2123.1  2893.6
  1140 -587.731   0.005 -587.726   811547.2 314865.1 57475.1 24716.3  11042.9  2782.4  3233.0
  1141 295.420  -0.005 295.415  1082147.0 457827.1 146540.7 33941.7  16615.0  5158.6  6581.1
  1142 -154.082   0.002 -154.081   901161.5 323856.6 97112.5 23332.4  13460.8  9269.1  4055.7
  1143 412.268  -0.002 412.266  1113822.6 447564.0 123066.9 38100.6  16319.6  3908.9  6315.2
  1144 -80.943   0.010 -80.932   990859.6 344870.5 100260.1 23682.6  11325.9  2600.5  3553.2
  1145 143.612  -0.004 143.608  1010740.1 437435.5 114061.1 33911.3  14408.7 10953.1  4752.5
  1146 -735.771   0.010 -735.761   878290.0 370724.1 89277.5 22307.6  10524.1  4319.9  2742.2
  1147 218.134   0.000 218.135   961448.9 309836.8 72193.5 31172.4  13157.3  5148.3  4308.5
  1148 537.437  -0.002 537.435  1094110.4 487580.0 128605.2 34111.4  13158.5  4505.8  5100.6
  1149 -337.583   0.001 -337.582   929827.0 310435.0 59200.5 23693.2  10261.4  3701.4  3328.4
  1150 103.072  -0.001 103.071  1101744.2 434138.8 103023.7 32628.9  12996.8  4142.7  4720.6

         Carbon flux (ktC/yr)        Water (dam3/yr)                Nitrogen (MgN/yr)
       ----------------------- -------------------------- --------------------------------
Spinup NEP     estab   NBP     transp     evap    interc  nuptake ndemand  nlosses ninflux
------ ------- ------- ------- ---------- ------- ------- ------- -------- ------- -------
  1151 -745.176   0.023 -745.153   878570.9 302786.7 63516.4 16140.1  12090.0  4631.8  3328.9
  1152 765.963  -0.009 765.954  1061653.5 517570.0 115582.4 40943.5  11472.2  6255.4  4510.3
  1153 193.823  -0.001 193.823  1045224.7 426782.4 111918.3 28577.3  14540.1 11087.8  5010.4
  1154 -185.265   0.002 -185.264   942122.2 328799.0 97623.9 25632.2  12779.3  5817.7  3855.5
  1155 527.989  -0.003 527.987  1190047.2 480922.9 134486.8 37490.5  16026.2  2704.4  6068.0
  1156 348.715  -0.001 348.714  1229674.2 490096.3 163688.7 28821.8  15059.7  5145.2  5547.5
  1157 -46.793   0.001 -46.792  1137180.0 427712.3 135617.5 27873.9  12486.5  3296.1  4031.6
  1158 259.797  -0.000 259.796  1196674.1 483206.7 165239.8 32863.4  14743.8  5404.0  5278.1
  1159 -345.212   0.006 -345.206  1041709.7 330928.1 95556.2 23037.8  13507.7  1784.8  3924.0
  1160 -454.845   0.003 -454.842  1023777.3 398105.9 102159.8 25879.8  13878.5  1941.7  3999.1
  1161 -729.964   0.014 -729.950   826320.1 326539.6 41826.7 20363.1  11825.6  4096.7  3087.3
  1162 835.157  -0.007 835.150  1153643.7 436094.4 123081.9 40380.1  15392.1  3568.4  5307.9
  1163  94.766  -0.002  94.764  1142323.3 438757.7 112298.8 28511.1  12361.0  5235.3  4648.2
  1164 -729.590   0.016 -729.574   820647.4 421887.6 84446.0 13860.2  10036.1  4690.9  2445.7
  1165 909.408  -0.008 909.400  1147061.2 461006.7 115427.2 42433.5  13400.7  4312.0  5203.1
  1166   4.876   0.002   4.878  1114957.8 443160.1 137783.1 25427.6  12571.4  7803.6  4446.9
  1167 -477.933   0.009 -477.924   944762.1 300010.5 65172.4 18950.6  12628.2  3318.2  3565.1
  1168  -9.677  -0.000  -9.678   966234.3 302787.7 75795.7 35790.6  11455.5  4206.6  3838.8
  1169 320.666  -0.003 320.663  1088790.1 490218.3 115086.7 31441.5  12041.9  3101.6  4465.4
  1170 -56.607  -0.004 -56.611  1093582.6 441402.7 135551.2 29798.0  12784.6  8331.2  4494.3
  1171 -673.368   0.015 -673.353   905852.4 366191.1 85799.1 23835.5  10032.5  5669.9  2584.1
  1172 986.693  -0.008 986.684  1197058.7 434804.6 113187.9 38043.2  14640.3  4089.4  4849.7
  1173 165.223  -0.001 165.222  1191107.1 437419.6 108797.6 28960.0  11555.3  5181.1  4529.2
  1174 409.406  -0.001 409.404  1251688.5 409145.0 175733.5 33700.3  14570.0 10501.2  5526.2
  1175 163.880  -0.001 163.880  1247981.2 492498.4 146086.7 28466.7  12338.2  4148.4  4618.4

         Carbon flux (ktC/yr)        Water (dam3/yr)                Nitrogen (MgN/yr)
       ----------------------- -------------------------- --------------------------------
Spinup NEP     estab   NBP     transp     evap    interc  nuptake ndemand  nlosses ninflux
------ ------- ------- ------- ---------- ------- ------- ------- -------- ------- -------
  1176 -164.793   0.001 -164.792  1121220.4 474105.3 144279.0 25569.7  12502.3  5063.3  4015.0
  1177 237.908  -0.000 237.908  1241401.4 489494.9 166143.4 33171.9  16232.7  1937.5  5647.5
  1178 116.296   0.000 116.296  1279274.0 393449.8 164929.0 29284.9  16361.7  2339.9  5583.1
  1179 -808.610   0.012 -808.598  1041013.1 387496.8 110616.0 20774.1  12560.5  1609.9  3409.2
  1180 -736.143   0.010 -736.133   764671.0 424842.0 77864.4 14633.4  10067.8  3690.6  2516.6
  1181 824.350  -0.009 824.342  1075231.7 516900.5 114470.5 41603.2  13402.1  4511.6  5059.8
  1182  16.389  -0.000  16.389  1016977.4 338014.7 75319.2 23673.0  12295.8  2521.7  4144.8
  1183 -62.048   0.001 -62.047   997756.6 339695.3 88979.3 27757.7  11847.6  2187.0  3830.8
  1184  85.991   0.000  85.991   950277.6 377469.3 89745.0 30764.4  12111.7  2508.1  4265.6
  1185 -383.627   0.003 -383.624   900217.2 334036.8 74686.5 22997.0  12879.0  2606.4  3913.6
  1186 297.465  -0.003 297.462  1108637.0 479354.1 121778.4 35676.5  17033.1  3668.1  6397.9
  1187 -706.656   0.011 -706.645   851415.9 323003.3 41300.7 16579.3  11151.3  8074.1  3023.4
  1188 852.848  -0.008 852.840  1126305.9 510914.2 120568.2 37916.6  13041.2  6228.1  5141.6
  1189 463.504  -0.001 463.503  1190909.8 485339.6 141785.7 28923.7  13215.3  6912.4  5235.7
  1190 305.347   0.002 305.349  1258186.8 405621.4 179540.3 29967.6  14730.2 10211.7  5616.6
  1191 -529.355   0.006 -529.350  1011800.0 304571.3 66590.3 24769.5  11076.7  4228.9  3428.3
  1192  30.658   0.001  30.659  1072726.5 347014.4 110821.5 30239.4  14087.0  2231.8  4623.1
  1193 -187.192   0.000 -187.192   998522.2 345819.1 80396.2 29143.6  11916.8  3496.8  3789.4
  1194 381.089  -0.005 381.084  1183443.3 401463.4 165658.2 32822.7  16772.4  8164.1  5847.0
  1195 -17.241   0.000 -17.241  1125943.0 434278.2 124759.9 27440.1  12839.6  5050.6  4236.4
  1196 -24.565   0.000 -24.564  1077475.3 420321.8 124134.5 30767.7  15950.4  7172.8  4891.7
  1197  20.319   0.002  20.321  1037562.8 328037.0 95455.5 26063.2  13963.3  1066.7  4431.2
  1198  68.800   0.000  68.801  1051520.2 436642.3 133651.6 25649.1  13914.3  1522.8  4796.8
  1199 -662.235   0.008 -662.227   864007.6 303376.1 64181.2 17455.1  14090.2  2048.8  3751.9
  1200 246.323  -0.004 246.319   983206.9 486624.3 104202.6 35346.6  11727.0  5231.0  4259.4

         Carbon flux (ktC/yr)        Water (dam3/yr)                Nitrogen (MgN/yr)
       ----------------------- -------------------------- --------------------------------
Spinup NEP     estab   NBP     transp     evap    interc  nuptake ndemand  nlosses ninflux
------ ------- ------- ------- ---------- ------- ------- ------- -------- ------- -------
  1201 -373.489   0.003 -373.485   903344.4 300722.2 58779.2 17885.8  13236.6  3192.2  3855.7
  1202 -477.691   0.007 -477.684   772617.1 416942.3 67182.6 21626.4   8821.4  3910.0  2416.3
  1203 -215.104   0.004 -215.099   747000.1 429340.2 58527.4 23651.3   9733.0  4697.7  2674.9
  1204 723.438  -0.002 723.436  1063482.4 402797.6 81696.7 43593.1  13197.8  4281.5  5387.8
  1205 -457.611  -0.000 -457.612   879128.1 297778.6 53530.9 15071.2  12748.3  4513.4  3736.0
  1206 384.603  -0.005 384.598  1075443.8 493570.9 96876.9 38913.8  10738.9  4644.0  4493.7
  1207 577.627  -0.002 577.625  1213369.8 437805.0 122547.3 34342.6  14632.9  7042.7  5665.8
  1208 293.580   0.000 293.580  1121045.8 328429.9 88669.4 25951.9  13186.5  2228.0  4707.8
  1209 -401.238   0.003 -401.236   982231.6 337253.2 81183.1 24945.0  12595.5  2794.7  3993.5
  1210 -138.334   0.000 -138.334  1048160.1 446203.4 128723.1 31011.8  14299.6  7845.7  4764.7
  1211 464.506  -0.001 464.504  1210905.8 409785.5 137670.3 32757.9  16013.3  4998.2  5753.4
  1212 -21.747   0.001 -21.746  1104619.6 359656.0 116395.5 27898.4  13075.1  4710.2  4571.1
  1213 440.017  -0.002 440.016  1234965.1 433513.1 149076.0 35561.7  15793.8  5118.5  5686.6
  1214 187.769   0.001 187.770  1092979.2 381272.7 110548.3 29127.9  12515.3  2273.2  4203.3
  1215 -991.281   0.024 -991.258   903761.0 361761.3 93862.5 17926.9  11837.8  3450.2  2817.5
  1216 665.221  -0.012 665.210  1141321.8 462850.1 106157.3 37040.0  15865.2  6215.1  5889.7
  1217 662.188  -0.003 662.185  1286365.9 427874.2 141302.8 30895.5  13737.2  4379.4  5431.4
  1218 395.216  -0.002 395.214  1353011.5 457391.8 158008.6 32650.2  14845.7  3561.7  5776.0
  1219 -617.900   0.013 -617.887  1042238.4 299320.5 70851.5 21086.8  10695.3  4584.0  3245.6
  1220 102.879  -0.004 102.875  1073132.7 424428.0 120940.3 31491.2  15079.5  7645.6  4734.2
  1221 -596.240   0.005 -596.236  1000718.3 388676.9 101593.8 22094.8  12681.0  1739.5  3588.1
  1222 198.454  -0.003 198.451  1069152.0 501879.9 123479.8 31789.3  12880.4  3998.9  4868.0
  1223 -204.744   0.002 -204.743   935526.5 320428.8 97892.4 22842.4  13641.6  6348.6  3994.5
  1224  55.971  -0.001  55.970  1038409.6 435060.3 101958.0 31487.5  12976.6  2194.9  4661.1
  1225  96.241  -0.000  96.241  1042585.0 362619.2 107411.5 28915.3  13746.4  4480.1  4710.2

         Carbon flux (ktC/yr)        Water (dam3/yr)                Nitrogen (MgN/yr)
       ----------------------- -------------------------- --------------------------------
Spinup NEP     estab   NBP     transp     evap    interc  nuptake ndemand  nlosses ninflux
------ ------- ------- ------- ---------- ------- ------- ------- -------- ------- -------
  1226 -642.524   0.010 -642.514   805155.8 426429.9 77498.4 15146.2  10395.0  4777.0  2610.0
  1227 852.310  -0.008 852.303  1192260.6 496195.8 113032.7 42890.1  14420.8  4025.0  5679.6
  1228 496.898  -0.002 496.895  1229552.2 469724.2 143245.8 27601.7  13220.3  8820.3  5116.4
  1229 -301.818   0.002 -301.816  1053100.3 327798.7 86784.0 24458.8  12093.5  2032.2  3815.4
  1230 -320.738   0.002 -320.736   975691.4 319903.6 79143.2 25772.3  12878.4  2323.4  4025.0
  1231 312.718  -0.002 312.716  1148162.4 500500.4 136519.7 32663.8  16232.6  3372.5  5987.8
  1232 208.580  -0.000 208.580  1037126.1 376450.4 97457.1 30089.9  12372.2  2418.9  4309.7
  1233 -741.995   0.013 -741.982   892247.8 297421.4 60446.1 18806.8  11969.6  2729.1  3588.9
  1234 -35.554  -0.003 -35.556   811479.8 366726.5 85587.3 30368.8  11998.5  2802.9  4094.6
  1235 296.526  -0.002 296.524  1036570.4 447752.0 122310.5 32273.0  16622.6  4448.5  6175.9
  1236 -32.124   0.000 -32.124   960222.7 331944.1 75460.8 24141.6  13365.4  3178.0  4512.6
  1237 -297.708   0.002 -297.707   885639.5 309757.0 55331.8 28738.6  11965.0  3878.2  3910.3
  1238 381.945  -0.002 381.944  1095732.5 402900.1 146644.0 33425.8  16694.2 11515.8  6132.7
  1239 408.150  -0.001 408.149  1118485.5 434452.4 122879.2 27360.7  13585.5  6419.4  5033.7
  1240 -515.893   0.004 -515.889   980524.5 385346.5 96638.5 24038.7  12661.6  2104.3  3788.2
  1241 534.315  -0.004 534.312  1187101.2 479814.2 128085.9 36866.2  16139.0  3671.0  6224.2
  1242 455.267  -0.002 455.265  1296221.2 455302.7 148344.8 31269.1  15205.6  6392.9  5963.8
  1243 355.194  -0.001 355.194  1304784.2 411608.5 163383.3 32071.5  14705.5  6743.4  5307.0
  1244 228.228   0.001 228.229  1227635.3 408685.0 156611.0 25955.2  13566.6  1703.3  4544.1
  1245 101.147   0.001 101.147  1261120.5 479123.8 172787.7 31451.0  16291.9  1824.0  5706.0
  1246  78.555   0.000  78.556  1271206.4 471645.0 175873.6 28042.5  16603.3  2252.6  5827.4
  1247 -905.988   0.033 -905.955   954199.6 358646.9 100545.5 19084.1  11217.3  3452.7  2807.0
  1248 435.594  -0.015 435.579  1058556.2 524619.1 113613.7 31911.3  11290.1  3189.0  4258.5
  1249 446.565  -0.002 446.562  1237470.5 423352.2 138802.3 30140.3  15102.0  4506.8  5709.0
  1250  78.853   0.002  78.855  1100115.7 320832.7 94992.2 22392.2  12953.7  1460.7  4595.5

         Carbon flux (ktC/yr)        Water (dam3/yr)                Nitrogen (MgN/yr)
       ----------------------- -------------------------- --------------------------------
Spinup NEP     estab   NBP     transp     evap    interc  nuptake ndemand  nlosses ninflux
------ ------- ------- ------- ---------- ------- ------- ------- -------- ------- -------
  1251 224.913  -0.001 224.912  1208889.5 408319.4 173795.2 31712.4  14960.9  7041.6  5821.7
  1252  90.592  -0.001  90.591  1249001.6 421240.8 143383.7 31369.9  17125.7  4978.0  6292.8
  1253 155.864  -0.001 155.863  1292512.1 417696.3 152137.0 31320.8  16750.3  2790.5  6035.2
  1254 -535.681   0.022 -535.659  1040088.5 308735.4 119301.5 19611.6  12310.8  3161.3  3487.4
  1255 -277.562  -0.003 -277.565   908016.3 336465.9 82512.1 24462.0  10232.8  2223.4  3382.9
  1256 444.679  -0.004 444.675  1174147.5 466213.2 136225.6 36383.5  15984.7  1875.8  6148.4
  1257 -697.032   0.004 -697.028   969518.2 295369.6 69190.7 12934.2  12715.9  3782.2  3735.4
  1258 -48.630   0.000 -48.630   970853.6 328614.1 72461.2 32344.6   8807.0  3070.3  3254.0
  1259 -150.781   0.001 -150.780   942444.0 294748.2 79663.1 25500.2  12642.4  3951.8  4280.0
  1260 624.367  -0.003 624.364  1158070.3 412354.3 129334.0 40127.2  13920.5  2639.6  5281.5
  1261 406.100  -0.002 406.098  1240672.0 496344.4 149034.3 31449.3  14001.5  5054.0  5453.4
  1262  23.927   0.001  23.929  1070905.0 319276.4 96429.7 24259.0  12242.4  1757.0  4106.0
  1263 -79.946  -0.001 -79.947  1160597.6 434010.9 113883.4 30897.1  12908.1  3655.8  4771.7
  1264 -86.918   0.000 -86.918  1144334.4 430155.6 115477.9 30147.4  13054.9  3845.1  4651.9
  1265 295.278  -0.002 295.277  1252726.2 443977.9 185366.3 34632.4  15945.4  4003.2  6328.1
  1266 293.367  -0.000 293.367  1206476.6 413125.5 146676.0 25934.9  12974.8  2354.1  4502.9
  1267 -604.997   0.004 -604.993   959363.1 312024.6 90389.7 23768.3  11491.7  1814.8  3346.9
  1268 -59.803  -0.000 -59.804  1007569.3 481526.1 121751.9 29286.2  12768.5  5036.3  4346.0
  1269 221.273  -0.001 221.273  1014494.4 380003.0 93392.7 34027.4  12498.3  1971.7  4382.8
  1270 -474.845   0.005 -474.840   941852.4 312744.1 98590.5 20828.5  14723.0  3997.8  4093.3
  1271 376.801  -0.003 376.797  1113035.8 508074.2 133710.3 34267.6  15697.6  2136.9  5935.9
  1272 -259.411   0.004 -259.407   999141.7 331727.6 76780.3 24623.0  11730.0  3117.0  3794.9
  1273 -393.939   0.001 -393.937   916313.9 329637.3 87000.6 25823.6  13268.4  4394.1  4168.4
  1274 391.444  -0.003 391.441  1124889.8 511633.4 125110.1 34784.2  15429.8  2534.5  6032.2
  1275 272.402  -0.002 272.401  1179925.0 474700.9 139791.0 29462.3  13425.6  6894.1  5441.6

         Carbon flux (ktC/yr)        Water (dam3/yr)                Nitrogen (MgN/yr)
       ----------------------- -------------------------- --------------------------------
Spinup NEP     estab   NBP     transp     evap    interc  nuptake ndemand  nlosses ninflux
------ ------- ------- ------- ---------- ------- ------- ------- -------- ------- -------
  1276 233.441  -0.002 233.439  1314869.8 465081.4 147718.7 32969.7  15423.1  4175.4  6050.2
  1277  30.320  -0.000  30.320  1270683.5 479928.5 147802.8 28603.9  12213.2  5510.9  4668.7
  1278 -208.224   0.002 -208.222  1162977.9 351539.1 128443.0 28451.5  13251.2  5552.8  4404.1
  1279 -41.494   0.000 -41.494  1142589.7 360504.9 126417.5 29909.1  13026.7  4577.8  4391.3
  1280 -355.616   0.004 -355.612  1050985.4 303674.8 99171.3 25882.1  13340.3  4870.9  4106.0
  1281 567.684  -0.003 567.681  1219061.0 432497.6 149053.9 39764.6  14889.8  2776.3  5251.0
  1282 -340.295   0.003 -340.292  1049224.7 320141.0 93037.4 22325.0  12347.8  2326.1  3839.6
  1283 314.421   0.000 314.421  1284545.1 444615.4 186697.1 35876.0  16103.1  6286.8  6557.4
  1284 -36.065   0.001 -36.064  1236220.5 426311.7 128312.9 29183.8  12751.0  6707.8  4610.7
  1285 -19.674   0.002 -19.672  1070785.7 378045.7 114628.9 33733.3  11630.1  4333.0  3976.8
  1286 -822.875   0.011 -822.864   888877.6 311861.2 87417.1 17852.2  11670.4  2243.1  3029.7
  1287 219.726  -0.000 219.726   962148.2 345871.7 81224.7 28686.3  12899.5  2302.5  4434.1
  1288 161.470  -0.002 161.468  1097746.5 452833.5 105037.7 32309.7  12872.9  4950.4  4896.9
  1289 398.881  -0.002 398.880  1209431.8 441004.0 130733.3 36315.9  15893.1  7762.7  6146.0
  1290 -419.277   0.005 -419.273   991223.0 300889.4 67590.3 23836.4  10082.6  3592.4  3247.0
  1291 -579.614   0.018 -579.597   830187.3 306450.7 97713.8 19523.4   8379.3  2995.5  2446.6
  1292 -61.508  -0.003 -61.511   853459.4 358114.8 69384.5 29639.2  10989.1  3188.1  3784.2
  1293 -412.585   0.008 -412.577   791936.5 311942.1 53348.9 25305.2  11043.1  3731.0  3521.4
  1294 -590.040   0.001 -590.039   756341.1 311673.7 64227.5 19718.8  10442.0  3529.7  3096.2
  1295  -2.601  -0.002  -2.603   930224.0 410072.8 65943.5 31351.2  12521.6  4009.1  4104.5
  1296 554.030  -0.002 554.028  1085183.5 510929.9 104825.1 34919.0  13187.8  8138.4  5726.8
  1297 550.470  -0.002 550.468  1128129.4 496848.8 121018.4 31160.4  12476.7 12229.0  5501.8
  1298 513.711  -0.001 513.710  1246762.5 417089.7 128776.7 34670.2  13832.6  8548.4  5424.6
  1299 101.082   0.000 101.083  1048921.1 382861.7 98497.9 34586.3  10987.1  5662.4  4180.7
  1300 -347.020   0.004 -347.015   950171.2 335551.8 79659.6 23113.1  11841.2  3770.1  3812.2

         Carbon flux (ktC/yr)        Water (dam3/yr)                Nitrogen (MgN/yr)
       ----------------------- -------------------------- --------------------------------
Spinup NEP     estab   NBP     transp     evap    interc  nuptake ndemand  nlosses ninflux
------ ------- ------- ------- ---------- ------- ------- ------- -------- ------- -------
  1301 -646.132   0.030 -646.102   754761.8 413345.9 74034.8 14104.9  10617.2  4933.3  2714.9
  1302 133.032  -0.011 133.021   816557.5 538216.2 87695.0 33640.5  11312.0 10265.1  4533.2
  1303  84.393   0.006  84.399   976724.2 462656.1 89527.3 30721.5  12649.8 11806.5  5442.0
  1304 390.960   0.001 390.961  1120312.9 485731.3 157862.8 35056.4  14632.9 11754.5  6902.9
  1305 437.923   0.008 437.931  1180230.5 472354.9 179857.6 32905.2  15140.3  9986.6  6795.2
  1306 -236.166   0.008 -236.158   918247.0 305415.1 98057.4 24327.6  12772.0  6737.4  4167.3
  1307 396.963  -0.001 396.963  1062662.9 501522.1 155868.0 35613.6  13844.6  4571.7  5231.7
  1308 -113.841  -0.004 -113.844  1041149.3 459172.6 124007.3 28148.2  13080.4  5734.6  4758.3
  1309 -267.355  -0.002 -267.357   889673.7 354120.1 88290.8 28159.5  11333.7  4038.8  3704.4
  1310   4.403  -0.003   4.399   937808.5 449419.9 117043.3 31443.8  16601.0  9813.6  5182.5
  1311 -55.854   0.001 -55.853   899605.0 359876.4 84396.9 29192.8  12238.5  2987.7  4014.0
  1312 -246.788   0.017 -246.771   847421.2 337296.9 98999.9 22192.3  11697.2  2332.9  3325.8
  1313 -531.541  -0.002 -531.544   766527.3 317550.7 58228.7 19820.8  13104.7  3521.2  3719.2
  1314 -391.618   0.001 -391.617   740857.7 327997.0 33401.6 28262.7  10146.8  5665.9  2887.2
  1315  78.054  -0.001  78.053   802602.8 329294.9 45989.4 33459.5  11279.9  4457.7  3890.8
  1316 -338.668   0.005 -338.663   791301.8 325627.6 60402.7 22894.1  11654.5  3511.6  3601.1
  1317 428.266   0.005 428.270   890675.5 405433.2 68404.5 37191.7  11612.9  5466.9  4566.9
  1318 114.093  -0.000 114.092   935226.3 447883.0 90901.5 27846.3  15972.6 18338.4  5519.2
  1319 -26.956   0.001 -26.955   844848.4 322050.6 52782.8 28933.6  11091.2  3230.0  3828.4
  1320 -340.509   0.004 -340.504   826426.2 318578.4 67355.7 24201.9  11886.6  3141.9  3359.7
  1321 -29.679   0.007 -29.672   924368.4 420007.8 73115.2 32215.3  13700.1  3678.6  4305.6
  1322 391.286   0.003 391.289   941059.4 361451.7 74056.2 28199.3  13879.1  3382.3  4873.6
  1323 427.614   0.000 427.614  1142864.9 486423.8 149107.1 35288.9  15471.4 10162.4  6694.4
  1324 414.281   0.004 414.284  1101828.4 504548.7 144985.0 28696.6  13881.6 11508.0  5554.7
  1325 -894.629   0.030 -894.599   779783.5 331138.0 44702.8 16283.9  10428.1  6288.7  2655.2

         Carbon flux (ktC/yr)        Water (dam3/yr)                Nitrogen (MgN/yr)
       ----------------------- -------------------------- --------------------------------
Spinup NEP     estab   NBP     transp     evap    interc  nuptake ndemand  nlosses ninflux
------ ------- ------- ------- ---------- ------- ------- ------- -------- ------- -------
  1326 476.086  -0.014 476.072   907141.0 507597.6 91381.7 32208.9  10611.0  5700.6  3955.4
  1327 667.209  -0.001 667.208  1110489.5 470461.0 127352.4 34866.3  13787.6  8065.4  5870.4
  1328 -89.424   0.006 -89.418  1010606.8 465529.1 141851.3 26530.8  12505.6  8456.2  4623.2
  1329  59.694   0.004  59.698   961299.4 443426.4 117052.1 33562.8  15678.2  8357.7  5098.3
  1330 -78.667   0.002 -78.665   911516.4 358953.3 83675.4 29223.2  12767.4  2325.2  3976.0
  1331  48.192  -0.003  48.190   927564.3 330480.3 93552.5 24870.6  14801.7  1646.9  4308.7
  1332 -758.372   0.012 -758.361   782562.8 392096.6 82785.9 23210.2  11577.8  4784.8  2968.5
  1333 602.688  -0.014 602.674   890840.8 413731.3 76060.1 36277.5  13519.3  3836.6  4353.9
  1334 345.087   0.000 345.087  1075749.9 420312.6 149109.4 25574.8  16146.5 12937.4  6154.1
  1335 340.910   0.005 340.916  1110283.4 464357.7 144041.0 31826.5  14888.2  7276.3  5936.9
  1336 -656.693   0.026 -656.666   739962.9 430402.6 86613.7 12967.6  10918.1  3787.7  2649.3
  1337 733.655  -0.007 733.648  1021268.0 432581.8 98855.2 39041.1  12429.0  3481.4  4745.5
  1338 -75.747   0.015 -75.732   915937.9 350816.8 92867.0 19507.9  11566.0  2309.8  3633.9
  1339  20.101  -0.014  20.087   960442.4 486543.6 128737.6 28320.5  11984.6  7744.9  4317.4
  1340 457.109  -0.007 457.101  1084011.1 512137.0 139879.2 31376.3  13993.0  6343.2  5547.0
  1341 206.525  -0.001 206.524  1145571.5 502244.7 146714.8 31245.5  15496.0  5035.8  6165.7
  1342 314.499  -0.001 314.498  1158453.8 452453.4 161506.0 30988.8  15638.5  7243.2  5835.9
  1343 -25.660   0.001 -25.660  1058735.0 453313.0 144803.9 25614.9  13382.1  4089.9  4299.0
  1344 132.977   0.001 132.978  1042031.1 348172.1 106150.8 26500.0  15402.4  1997.2  4971.8
  1345 -187.989   0.001 -187.989  1063306.9 464040.6 127157.4 27653.5  14953.8  4854.2  5084.5
  1346  29.251   0.001  29.252   981402.9 347166.0 103669.5 24398.4  15255.6  1887.9  4815.0
  1347 -350.819   0.003 -350.816   898387.1 314371.4 92139.4 23547.8  15504.6  4978.6  4691.1
  1348  50.239  -0.000  50.238   931311.8 500475.3 126853.8 29310.8  13351.8  5906.9  4677.9
  1349 313.538  -0.001 313.537  1018255.2 451064.4 133611.9 27501.5  14614.2  2951.5  5324.7
  1350 215.401  -0.001 215.401  1130640.0 471842.2 186347.0 31262.5  16440.4  7504.1  6985.9

         Carbon flux (ktC/yr)        Water (dam3/yr)                Nitrogen (MgN/yr)
       ----------------------- -------------------------- --------------------------------
Spinup NEP     estab   NBP     transp     evap    interc  nuptake ndemand  nlosses ninflux
------ ------- ------- ------- ---------- ------- ------- ------- -------- ------- -------
  1351 149.045  -0.001 149.044  1129877.2 489419.7 164496.4 29351.6  16284.7  5258.6  6386.0
  1352 -213.979   0.003 -213.976   924221.6 349469.9 99196.3 25757.8  12450.5  4757.6  3958.3
  1353 -804.189   0.036 -804.153   813658.1 301339.0 73063.0 14280.6  13720.7  2691.5  3645.3
  1354 586.472  -0.009 586.463   981906.5 465659.1 146349.7 38799.0  13692.9 12572.9  5137.0
  1355 555.241  -0.007 555.234  1051103.6 422008.4 128151.1 29126.8  13667.2  7064.4  5420.6
  1356 -258.795   0.001 -258.794   920311.5 328736.0 97300.3 22690.0  12792.7  1916.6  4186.1
  1357 -83.189   0.000 -83.189   931127.5 502072.8 137690.1 26598.4  13360.1  6570.5  4807.3
  1358  59.858  -0.001  59.857  1015211.6 460007.9 119671.6 31054.4  14098.5  4307.9  5259.7
  1359 250.957  -0.001 250.956  1095708.5 500114.8 159790.3 31669.0  16346.5  4403.5  6407.2
  1360 -841.221   0.024 -841.198   788694.0 327695.9 51434.9 15428.1  11266.8  5704.1  2900.4
  1361 779.361  -0.013 779.348   997964.3 549113.2 136433.7 34945.8  13024.8  5345.1  5100.5
  1362 -192.602   0.010 -192.591   847137.0 318492.6 63453.0 22659.2  10711.5  3632.2  3545.5
  1363 -434.324   0.016 -434.308   755895.5 308844.4 58819.2 24751.7  10571.4  2590.9  3248.0
  1364 -299.381   0.009 -299.372   732089.5 325147.9 87854.4 20666.6  10574.6  2675.8  3068.8
  1365 -426.152  -0.003 -426.155   699468.0 353794.8 34130.9 20826.8  11689.6  4505.2  3353.0
  1366 675.349  -0.002 675.347  1019084.8 498954.2 107086.9 37445.0  15644.1  7980.5  6185.6
  1367 160.848  -0.002 160.846   932992.0 467520.6 104760.8 25555.6  12468.6  7075.6  4798.9
  1368 -437.693   0.006 -437.687   686057.3 443069.2 72877.0 17299.2  10540.1  6714.9  2943.2
  1369 744.989  -0.004 744.985  1061991.7 449849.6 108969.2 39095.6  14415.3  5281.6  5559.2
  1370 -121.210  -0.000 -121.210   905255.1 410571.5 86720.4 26592.0  13175.0  3028.8  4297.4
  1371 -107.251   0.000 -107.251   820734.6 349533.5 89349.6 28332.7  13839.8  8889.7  4281.1
  1372 -467.395   0.006 -467.389   757081.4 391383.7 76976.7 24801.2  11265.4  4337.8  3014.1
  1373 399.660  -0.003 399.657   909589.1 488155.2 92832.4 30934.6  13017.9  6465.5  4499.6
  1374 -402.397   0.002 -402.395   737485.6 343446.9 36352.0 19538.7  10841.6  7290.3  3140.3
  1375 500.408  -0.002 500.406   880051.2 403298.4 77531.4 39485.0  12215.5  3762.4  4538.6

         Carbon flux (ktC/yr)        Water (dam3/yr)                Nitrogen (MgN/yr)
       ----------------------- -------------------------- --------------------------------
Spinup NEP     estab   NBP     transp     evap    interc  nuptake ndemand  nlosses ninflux
------ ------- ------- ------- ---------- ------- ------- ------- -------- ------- -------
  1376 421.411  -0.002 421.409  1112185.1 463821.8 154265.1 28902.0  16538.2  7269.6  6730.7
  1377 341.740  -0.001 341.740  1111794.6 421461.8 143544.7 28466.0  14923.9  5681.8  5315.9
  1378  90.957   0.001  90.957   947040.7 343505.9 97572.1 24985.5  13639.4  1911.7  4630.2
  1379 121.420   0.000 121.421   913346.6 399641.4 103378.2 32649.3  13806.6  3053.9  4721.1
  1380  26.719  -0.000  26.719  1106867.0 460133.5 178113.3 25145.3  18625.1  6721.0  7146.6
  1381 -201.314   0.002 -201.312   921966.7 440825.8 123733.5 25332.4  16605.5 10223.3  5458.7
  1382 -784.780   0.027 -784.753   744758.2 335325.4 44561.3 16922.9  12594.3  2892.3  3140.8
  1383 -137.538   0.002 -137.537   816859.7 425785.8 79187.1 29370.1  13010.0  1664.5  3776.0
  1384 183.042  -0.001 183.041   895723.4 523055.4 107369.4 27931.1  13400.9  7224.6  4817.6
  1385 429.311  -0.006 429.305  1016568.9 416791.9 108036.5 31232.7  14399.0  4399.4  5834.2
  1386 -277.635  -0.006 -277.641   922604.6 408938.9 95866.7 22364.6  14354.5  1903.1  4326.9
  1387 275.690  -0.002 275.688  1028584.5 523943.1 140329.4 31539.9  15387.6  6270.8  5926.9
  1388 248.321  -0.001 248.320  1066957.0 472174.3 132514.6 28780.5  17632.7  6229.6  6693.8
  1389 -13.912   0.001 -13.910   952729.7 439371.4 128156.4 27529.2  15781.2  8556.0  5124.7
  1390 -356.647   0.002 -356.644   920486.3 404018.7 106792.9 24521.6  14552.3  1323.2  3894.9
  1391 309.658  -0.001 309.657  1044358.6 413653.6 123054.8 33124.2  15866.0  5749.4  5751.1
  1392 165.244   0.001 165.245  1065250.0 468320.0 141327.2 28068.7  18177.3  4746.6  6790.4
  1393 -44.164   0.002 -44.163   954944.4 438308.2 133397.8 27047.3  16220.5  7356.4  5145.9
  1394 366.314  -0.000 366.314  1085296.4 462227.1 165065.9 31608.6  17109.4  2929.0  6183.6
  1395 -37.372   0.011 -37.361   957898.2 353943.3 117147.2 21590.1  13661.5  1440.3  4080.1
  1396 -28.961  -0.004 -28.965   938931.1 388290.0 120522.6 26571.3  14597.7  3258.3  4902.9
  1397 184.399  -0.001 184.397  1039342.3 518923.6 164860.7 28385.2  15614.4  5662.1  5961.5
  1398 -63.455   0.000 -63.455   966384.6 381679.7 126528.5 23336.9  14822.5  3777.6  5113.4
  1399 -130.665   0.000 -130.665   918597.6 442086.2 129605.7 28355.2  17053.8  8000.4  5519.8
  1400 -776.967   0.022 -776.945   741126.6 335490.9 47383.6 16618.4  12628.6  2676.9  3201.4

         Carbon flux (ktC/yr)        Water (dam3/yr)                Nitrogen (MgN/yr)
       ----------------------- -------------------------- --------------------------------
Spinup NEP     estab   NBP     transp     evap    interc  nuptake ndemand  nlosses ninflux
------ ------- ------- ------- ---------- ------- ------- ------- -------- ------- -------
  1401 511.486  -0.008 511.478   893162.5 495186.3 113340.3 30219.1  13821.7  1931.8  4651.8
  1402  -4.799  -0.001  -4.801   831531.4 359191.8 77753.9 26537.9  12377.8  2560.4  4335.1
  1403 169.942  -0.002 169.940  1008821.3 473580.4 125155.2 31843.1  18008.3  5916.3  6999.4
  1404 334.705   0.000 334.705  1096640.2 430462.9 153749.9 27244.6  15795.6  4424.3  5782.9
  1405 -753.296   0.022 -753.274   769108.0 388044.9 95040.5 22766.5  10894.2  5390.5  2932.7
  1406 666.112  -0.010 666.102   905311.1 378532.2 80436.6 27858.7  13975.0  2258.0  4602.1
  1407  97.513  -0.001  97.512   925534.7 473739.5 118912.2 25621.2  12677.4  5606.8  4749.4
  1408 264.502  -0.001 264.500   899390.1 403110.8 101065.8 32456.7  12126.3  6088.9  4665.3
  1409 116.495   0.000 116.495   968204.8 437686.5 136597.8 22038.2  14824.2  2435.0  5214.6
  1410 114.209   0.001 114.210   941859.4 451186.7 138166.4 25447.5  13947.7  2729.7  5089.8
  1411  95.810  -0.001  95.809  1021652.0 500983.0 150043.3 31366.2  16880.0  4872.1  6680.1
  1412 -202.757   0.002 -202.755   870501.1 307214.0 95690.3 21486.8  14884.8  8359.9  4772.8
  1413 143.162  -0.001 143.161   982746.6 507557.8 141874.4 30341.7  12707.9  2775.9  4978.6
  1414 232.776  -0.001 232.775  1034535.6 456665.7 156057.3 29250.3  16430.8  6109.6  6280.3
  1415 123.295   0.000 123.296   965459.7 346354.4 105976.2 22558.4  15149.4  1587.8  5433.4
  1416 -400.752   0.003 -400.749   825686.6 317782.4 68855.3 24980.7  13234.8  3043.2  4229.3
  1417 -232.862   0.002 -232.860   818431.0 320961.7 93716.8 22753.4  14950.0  1723.8  4614.3
  1418 -156.122   0.005 -156.117   897871.8 475072.6 117296.2 26662.8  15038.6  4806.6  5266.4
  1419 141.720   0.000 141.720   926643.9 364474.2 91220.9 23678.1  15679.7  2608.0  5869.7
  1420 156.375   0.001 156.376   948226.3 468774.5 132523.0 24602.6  15016.3  3269.9  5838.8
  1421 -35.238   0.001 -35.237   909147.1 386445.8 114060.5 26098.8  14665.8  4681.3  5523.8
  1422 -48.569   0.000 -48.569   888217.5 445748.5 124127.1 28876.8  16692.5 11955.4  5942.5
  1423 -85.094   0.000 -85.094   847922.5 362720.4 87717.0 27832.7  13048.1  2321.2  4484.7
  1424 -19.811   0.000 -19.811   917970.2 457450.0 131849.0 26335.4  14035.2  3416.1  4864.3
  1425 223.171   0.001 223.172  1027998.6 471381.8 142559.5 33465.7  17594.7  6363.6  7063.9

         Carbon flux (ktC/yr)        Water (dam3/yr)                Nitrogen (MgN/yr)
       ----------------------- -------------------------- --------------------------------
Spinup NEP     estab   NBP     transp     evap    interc  nuptake ndemand  nlosses ninflux
------ ------- ------- ------- ---------- ------- ------- ------- -------- ------- -------
  1426 385.879  -0.001 385.878  1078427.7 454852.3 173893.8 29911.3  15771.5  4320.4  6239.3
  1427 338.354   0.000 338.355  1088654.0 453818.6 185591.9 29533.2  16032.7  3969.9  6259.7
  1428  92.197   0.004  92.201  1110614.3 490068.3 193446.3 28426.3  17028.6  3601.4  6676.9
  1429  37.551   0.004  37.555  1092071.5 460518.0 179498.5 30314.9  18190.6  6424.1  6939.1
  1430 182.969   0.002 182.971  1081442.5 389841.8 173854.2 30006.1  15054.1  4492.8  5699.6
  1431 -327.808   0.003 -327.806   897450.4 345309.5 115405.5 23496.1  13543.9  1704.9  4186.6
  1432 102.654  -0.007 102.647  1034026.1 521221.5 201191.1 27596.8  17679.8  2695.1  6484.0
  1433 -283.181  -0.000 -283.181   959911.2 458530.2 178913.0 24237.4  14586.6  5850.4  5130.1
  1434 -313.068   0.001 -313.066   828231.5 332101.1 119330.4 25221.7  14681.7  5444.5  4287.7
  1435 310.394  -0.002 310.392  1080078.1 474439.7 199910.2 33081.8  17515.2  4736.6  7274.8
  1436 -372.885   0.001 -372.884   845744.2 312109.3 75055.4 22192.0  12155.5  3109.0  4084.6
  1437 236.983  -0.001 236.982  1016844.3 495152.6 169832.2 31647.6  15721.0  3576.2  6123.3
  1438 -802.887   0.018 -802.870   765879.8 389009.1 101426.0 20657.9  11332.1  5148.2  3067.7
  1439 362.786  -0.007 362.779   897282.2 489264.6 115661.2 28979.1  12046.4  5188.8  4377.7
  1440 541.494  -0.003 541.490  1027068.8 413802.9 125030.9 33797.7  13027.5  5430.9  5777.2
  1441 -758.942   0.012 -758.930   779274.6 378434.8 99281.7 20981.2  10585.7  5251.3  2973.1
  1442 402.955  -0.006 402.949   933048.2 481297.8 115151.2 29941.8  11446.0  5438.3  4297.8
  1443 179.450  -0.001 179.449   932933.7 375655.7 100859.6 27752.4  11408.6  3425.1  4201.6
  1444 253.112  -0.001 253.111   903146.4 392731.6 105700.1 33067.8  11860.0  2901.9  4477.1
  1445 -622.942   0.003 -622.939   863827.5 408824.9 103566.7 22354.3  13343.1  2481.9  3719.5
  1446 -237.454   0.001 -237.453   835918.6 325865.1 60053.8 28040.7  11584.3  3940.1  3859.0
  1447  72.554  -0.000  72.554   915723.5 500267.8 121729.7 27556.6  13258.3  8100.2  4685.3
  1448 401.952  -0.002 401.950  1021627.5 512360.9 145915.9 32473.1  14115.2  8509.2  5769.3
  1449 -66.161   0.000 -66.161   970290.9 465253.2 149224.6 25594.9  13026.7  8828.3  4752.8
  1450 -157.197   0.001 -157.196   853411.2 313041.3 66167.1 29041.1  11534.7  3003.3  3817.1

         Carbon flux (ktC/yr)        Water (dam3/yr)                Nitrogen (MgN/yr)
       ----------------------- -------------------------- --------------------------------
Spinup NEP     estab   NBP     transp     evap    interc  nuptake ndemand  nlosses ninflux
------ ------- ------- ------- ---------- ------- ------- ------- -------- ------- -------
  1451 -10.483  -0.000 -10.483   924810.8 497054.8 130519.7 28090.1  13858.9  5845.5  4722.2
  1452 116.553  -0.000 116.553   956870.4 379232.4 114090.6 29742.3  14229.6  5293.2  5039.7
  1453 -234.627   0.001 -234.626   840596.6 342904.4 105457.6 25473.7  14019.3  7476.8  4155.8
  1454 -583.242   0.014 -583.228   780843.4 316211.3 66503.2 16875.7  14009.3  2199.8  3837.7
  1455 467.683  -0.007 467.675   841537.0 388369.4 83933.4 41629.5  11153.6  3033.0  4060.6
  1456  50.309   0.001  50.310   920066.4 502170.6 119247.4 21408.1  13361.8  7785.4  4820.0
  1457 330.376   0.004 330.380  1038967.7 528736.9 154233.9 31586.1  14901.1  5240.4  6212.5
  1458 311.644   0.004 311.647  1099667.8 424557.1 155703.6 30875.5  15359.9  4732.1  5818.6
  1459 -207.306   0.004 -207.301   874966.3 355869.1 92436.3 28626.4  12224.4  4384.8  4129.5
  1460 -186.508  -0.001 -186.509   864089.3 307501.0 93960.9 25401.6  15104.9  4989.7  4592.6
  1461 410.986  -0.008 410.978  1022795.9 458111.9 150526.4 36511.2  15632.8  4699.1  5868.0
  1462 -98.286   0.002 -98.284   968529.5 465796.0 158269.3 24015.4  13940.8  8014.0  4858.3
  1463 -50.947   0.002 -50.945   962928.6 466159.3 158318.3 29606.1  13723.2  7264.7  4854.6
  1464 255.534   0.000 255.534   983882.8 347130.0 105417.9 28365.7  15139.0  1819.5  5292.2
  1465 -839.500   0.019 -839.481   770894.1 391009.5 96791.1 22206.6  11465.6  5267.7  3039.0
  1466 318.109  -0.010 318.098   869953.0 532402.0 114387.6 27609.5  12931.2  8176.4  4374.3
  1467 152.056  -0.001 152.055   928698.5 468863.0 120020.6 27151.7  12656.6  5216.4  4832.5
  1468 423.170  -0.001 423.169  1080391.2 440163.0 147753.0 33257.9  14892.2  5291.9  5730.6
  1469 -145.373   0.000 -145.373   961564.7 463242.4 154824.0 26403.5  12939.0  7066.7  4820.9
  1470 400.877  -0.001 400.876  1071948.0 422170.6 188129.5 33354.9  15732.3  9329.7  6153.1
  1471 257.889  -0.001 257.888  1094750.1 421055.9 200945.4 27654.9  15918.4  7187.7  6142.9
  1472  96.599  -0.000  96.599  1115161.4 421971.6 181122.2 28060.2  16268.3  3316.4  5786.2
  1473 -41.534   0.001 -41.534   950223.7 341742.8 118009.7 24950.7  14395.8  1263.7  4784.8
  1474 -867.596   0.016 -867.580   755397.3 334937.1 52050.2 18795.1  12691.3  3232.5  3343.4
  1475 230.145  -0.007 230.138   881271.5 462272.8 115129.8 34502.4  16367.9  9091.8  5415.6

         Carbon flux (ktC/yr)        Water (dam3/yr)                Nitrogen (MgN/yr)
       ----------------------- -------------------------- --------------------------------
Spinup NEP     estab   NBP     transp     evap    interc  nuptake ndemand  nlosses ninflux
------ ------- ------- ------- ---------- ------- ------- ------- -------- ------- -------
  1476 -117.890   0.001 -117.889   830088.3 340984.1 102944.5 24051.3  13580.1  4925.2  4196.8
  1477 -509.118   0.012 -509.106   688193.8 432540.4 81580.9 16008.7  11526.9  2680.3  2921.9
  1478 543.386  -0.007 543.379   900291.5 369708.9 77594.1 33495.2  13669.0  1874.3  4775.2
  1479 221.311  -0.001 221.310   929700.7 359153.8 86256.0 24848.9  13959.5  1922.3  5249.5
  1480 -363.374   0.001 -363.373   883210.1 413635.8 93127.2 25610.3  14043.6  2423.8  4436.5
  1481 -106.952  -0.001 -106.953   924215.9 469965.8 133191.1 29406.1  14346.1  8879.8  5046.4
  1482 401.407  -0.002 401.405  1066120.4 501810.6 142659.2 34027.8  15843.5  6027.6  6465.8
  1483 365.772  -0.001 365.772  1047395.0 445704.4 146268.8 25342.0  13794.7  5052.7  5161.1
  1484 -735.855   0.022 -735.833   782225.9 387889.1 95551.0 24625.0  10511.3  4709.3  2807.0
  1485 392.839  -0.010 392.829   896147.0 491075.7 107323.3 29385.5  12702.7  5526.5  4241.0
  1486 318.444  -0.002 318.442   958063.9 385800.1 108906.8 28887.2  12361.5  6728.5  4820.8
  1487 354.397  -0.001 354.396  1054838.1 528403.5 164495.1 31238.1  14322.6  6372.3  5846.7
  1488 280.272  -0.000 280.272  1015263.1 436515.1 151347.9 25314.4  13106.6  2394.4  4762.9
  1489 -373.595   0.002 -373.592   842069.0 306410.7 98185.3 24474.7  13157.6  3588.6  3913.7
  1490 -445.171   0.026 -445.145   750825.4 331466.4 96196.4 21082.6   9466.2  2988.8  2843.8
  1491 300.133  -0.012 300.121   947743.4 495135.5 110955.7 36466.2  15884.7  6914.3  6425.6
  1492  86.125   0.001  86.126   916382.9 357460.4 102416.8 22340.4  12203.1  2990.5  4200.1
  1493 -664.600   0.008 -664.593   731118.7 329859.9 44083.7 17879.1  11260.6  5878.8  3137.3
  1494 587.336  -0.005 587.331  1005859.9 485514.5 112778.0 40590.8  15932.9  7464.6  6714.8
  1495 542.383  -0.002 542.382  1024852.6 398256.7 122919.6 30859.3  13233.5  7758.0  5614.2
  1496 -329.866   0.002 -329.864   832965.8 308357.0 68495.1 22402.3  11524.9  3081.6  3797.8
  1497 295.510  -0.001 295.509  1060641.6 451847.3 178592.1 34147.1  16864.6  5129.2  6995.5
  1498 352.862  -0.000 352.861  1012076.2 443493.0 143245.7 25039.4  14251.2  4635.9  5261.8
  1499 257.432  -0.000 257.432  1001837.5 391687.5 137411.7 32801.1  14153.8  3800.6  5553.2
  1500 -207.299   0.021 -207.278   870057.9 348345.5 110296.0 19575.3  12811.0  2523.0  3920.1

         Carbon flux (ktC/yr)        Water (dam3/yr)                Nitrogen (MgN/yr)
       ----------------------- -------------------------- --------------------------------
Spinup NEP     estab   NBP     transp     evap    interc  nuptake ndemand  nlosses ninflux
------ ------- ------- ------- ---------- ------- ------- ------- -------- ------- -------
  1501 295.725  -0.009 295.716  1007539.7 490070.2 179026.1 32787.2  15399.1  7937.2  6362.4
  1502 261.374  -0.001 261.373  1029154.8 460968.7 146676.2 30098.1  17114.4  7875.2  6720.4
  1503 -129.378   0.001 -129.377   890256.6 305440.6 102721.3 24386.3  13616.5  4422.6  4374.0
  1504 -573.624   0.019 -573.605   707909.3 426103.1 90870.7 18599.5  10625.9  3015.3  2726.5
  1505 -235.806   0.001 -235.805   654792.4 443465.1 74154.4 20973.9  10377.0  4874.2  2659.3
  1506 203.037  -0.004 203.033   790693.1 360090.2 80643.8 32724.5  12734.9  6768.1  4118.4
  1507 463.936  -0.002 463.934  1004171.1 427668.2 144090.6 31428.8  15077.2 10685.6  6028.1
  1508 326.349  -0.001 326.348   999267.5 449533.6 125566.4 25585.6  13333.7  4154.3  5086.3
  1509 -28.907   0.000 -28.906   922565.3 457480.8 121521.2 28487.0  12713.5  3445.5  4525.5
  1510 154.938  -0.001 154.936  1006861.2 461280.5 132952.5 33637.4  17081.7  5598.1  6542.1
  1511 233.264  -0.001 233.263  1063721.7 484364.0 161958.4 30519.3  16034.1  3412.3  6241.1
  1512 -195.852   0.002 -195.850   889681.3 303633.7 102454.9 22999.8  14126.0  5042.1  4395.0
  1513   4.908   0.002   4.910   967503.4 448833.2 124724.2 33086.5  12776.5  2404.3  4599.2
  1514 259.035  -0.002 259.033   981007.5 393076.5 133186.9 31634.6  14214.8  5117.6  5300.5
  1515 149.679  -0.000 149.679   999854.7 517651.9 180356.0 25492.7  16252.8  3007.4  6118.6
  1516 112.354   0.000 112.354   998993.8 517085.3 184817.2 27681.1  16015.7  2708.3  6196.2
  1517 -731.134   0.031 -731.103   780378.8 301890.2 79660.7 15519.9  14066.7  2520.2  4061.2
  1518 -236.445  -0.011 -236.456   686644.8 342739.7 39173.9 28715.5  10278.2  3804.7  2981.4
  1519 208.624  -0.002 208.622   852457.2 505857.2 115767.8 27981.4  12781.9  7301.6  4769.6
  1520 400.342  -0.002 400.340   952781.4 499587.0 141560.2 30053.7  13926.1  6032.8  5960.9
  1521 248.492  -0.001 248.491   995907.6 452721.1 137290.3 31767.9  16137.5  4601.7  6744.8
  1522 300.267  -0.001 300.266   916994.2 390525.0 114696.1 32217.8  12241.4  2832.5  4562.0
  1523 114.863  -0.000 114.863  1009565.2 479628.4 173962.9 26591.5  15523.3  3558.6  5996.5
  1524 -261.147   0.002 -261.145   862407.6 307579.6 103778.2 23433.2  14322.7  2786.7  4521.4
  1525 -592.672   0.014 -592.658   783641.1 325372.2 89832.0 22937.4  11446.6  2201.4  3643.1

         Carbon flux (ktC/yr)        Water (dam3/yr)                Nitrogen (MgN/yr)
       ----------------------- -------------------------- --------------------------------
Spinup NEP     estab   NBP     transp     evap    interc  nuptake ndemand  nlosses ninflux
------ ------- ------- ------- ---------- ------- ------- ------- -------- ------- -------
  1526 481.477  -0.007 481.471   992246.4 444843.6 129647.3 37435.0  15669.6  3980.8  5952.0
  1527 202.291  -0.001 202.291   950650.2 371908.7 114042.2 26170.2  13040.5  5070.9  5088.2
  1528 -80.772  -0.000 -80.772   941561.6 451744.3 153131.5 28229.0  12928.5  7142.5  4883.1
  1529 214.879  -0.001 214.878  1012685.0 498239.1 146368.2 29792.5  12523.9  3035.9  5138.6
  1530 201.096  -0.000 201.095  1029891.3 383829.3 136771.8 31884.1  14315.1  4839.5  5766.6
  1531  47.262   0.001  47.263   947073.2 329734.0 108642.1 22701.3  14680.7  1284.1  5112.7
  1532  60.082  -0.000  60.082  1058134.3 461996.2 201398.4 32546.9  16867.1  3943.0  7085.5
  1533 150.248  -0.000 150.247  1027987.8 481915.6 177111.1 27533.4  14906.2  4323.5  5917.1
  1534 183.579  -0.000 183.579  1034451.7 437696.3 176025.2 29747.4  16018.9  2120.3  6099.3
  1535 156.370   0.000 156.370  1041158.2 435647.4 178749.0 28955.3  16379.9  2280.5  6134.0
  1536 -790.542   0.023 -790.519   811088.1 370952.3 110499.2 21038.1  12240.7  2740.2  3160.9
  1537 569.028  -0.007 569.021   999799.4 443000.1 160737.0 33072.7  15049.3  7310.2  5590.8
  1538 297.926  -0.004 297.922   946335.8 400793.2 108473.4 30189.8  12089.4  3205.8  4593.4
  1539 -491.284   0.017 -491.267   840488.3 322048.0 107302.0 17995.1  12110.6  1513.8  3676.4
  1540 158.587  -0.007 158.580   926810.8 408649.1 116127.4 33944.2  13468.3  2580.8  5618.5
  1541 260.025  -0.001 260.024  1062329.9 417873.9 151719.4 29548.7  16207.3  2790.8  6520.7
  1542 -678.433   0.006 -678.427   727814.9 423448.4 93386.9 16120.7  11085.0  3395.9  3064.9
  1543 -14.467  -0.003 -14.469   901695.7 396178.8 88519.6 32479.1  12325.2  2153.1  4104.0
  1544 272.895  -0.001 272.894   928699.2 343629.8 84801.5 29245.0  13610.3  2221.4  4993.7
  1545 -286.620   0.000 -286.619   878770.6 345062.1 79201.6 26377.4  12424.7  2583.0  4416.3
  1546 -624.439   0.011 -624.429   761807.0 329479.3 38455.4 22271.7  11831.2  4365.7  3418.9
  1547 497.728  -0.007 497.721  1024325.5 475393.4 146492.5 40847.0  15452.2  6361.2  6608.2
  1548 499.123  -0.002 499.121  1073878.0 386483.8 115617.5 31130.9  13293.8  6065.2  5573.8
  1549 -186.894   0.000 -186.894  1007716.4 440361.4 153260.0 25970.3  12936.8  5436.8  4685.1
  1550 -30.712   0.000 -30.712   956107.1 488094.5 135986.6 28552.4  12236.4  4271.3  4308.8

         Carbon flux (ktC/yr)        Water (dam3/yr)                Nitrogen (MgN/yr)
       ----------------------- -------------------------- --------------------------------
Spinup NEP     estab   NBP     transp     evap    interc  nuptake ndemand  nlosses ninflux
------ ------- ------- ------- ---------- ------- ------- ------- -------- ------- -------
  1551 351.948  -0.001 351.947  1092138.6 433037.4 152236.5 36060.4  15354.9  2912.1  5825.3
  1552 -223.167   0.001 -223.166  1028204.5 439952.9 160069.4 25952.5  13708.2  4747.2  4652.0
  1553 -271.318   0.002 -271.316   908024.1 321663.8 108588.2 26761.0  13891.9  3599.4  3959.4
  1554 -783.495   0.009 -783.486   856192.0 375878.3 97797.6 23369.6  12295.0  1409.4  3252.1
  1555 319.245  -0.005 319.240  1024756.1 453233.7 108477.7 37047.1  17352.1  4704.2  6389.6
  1556  71.785  -0.001  71.784   952121.5 300890.4 84440.2 26855.7  12634.3  4807.4  4342.9
  1557 -543.305   0.027 -543.278   770906.4 305463.0 55717.5 25559.0   9246.5  2248.7  2853.5
  1558 540.375  -0.013 540.362   977284.7 536617.1 129759.5 33891.0  13454.8  2827.1  5291.8
  1559 -147.331   0.003 -147.328   871054.2 310042.0 57829.0 25429.1  11025.6  3369.9  3815.4
  1560 -70.513   0.002 -70.511   854862.8 308643.2 84328.6 26730.1  12572.4  2367.8  3995.0
  1561 -39.442  -0.000 -39.442   896280.2 314399.1 76954.8 31565.1  14062.8  4880.8  4878.5
  1562 -23.968   0.000 -23.968   851008.6 318046.0 81768.3 27124.0  11848.1  2571.4  3916.0
  1563 -511.488   0.001 -511.487   775888.9 334835.9 36370.7 24114.1  11871.2  4628.8  3507.4
  1564 407.318  -0.002 407.316   916148.6 392002.3 78998.4 41701.9  12592.3  4248.4  4553.1
  1565 236.574  -0.001 236.573  1007449.3 422392.9 116355.2 23499.4  14097.3  3145.4  4850.1
  1566 382.191  -0.001 382.190  1154657.5 414768.6 137645.3 36939.9  14697.6  5405.2  5490.0
  1567 195.405  -0.001 195.404  1132342.0 504025.5 160816.4 30287.9  14680.9  6861.1  5523.9
  1568 -81.713   0.001 -81.713  1013547.3 482641.2 138092.1 27150.7  12219.1  5933.1  4167.6
  1569 -346.114   0.001 -346.113  1014464.9 389649.0 103259.0 29154.9  14196.3  1756.5  4036.0
  1570 117.466  -0.000 117.466  1110528.0 507762.5 157123.8 33703.5  16276.7  4017.5  5913.2
  1571 259.791  -0.001 259.790  1195755.1 441301.3 187854.8 32141.4  16072.8  4628.4  6439.4
  1572 -384.597   0.002 -384.595   960156.9 313357.7 111617.6 24073.6  13100.8  4729.1  3651.0
  1573 -610.965   0.006 -610.959   854765.5 323191.7 82164.5 23988.3  11254.4  1521.0  3146.4
  1574 -164.487  -0.001 -164.488   912618.0 331074.7 69030.6 29102.8  13097.3  1927.4  4152.9
  1575 -81.471   0.003 -81.468   933978.4 305351.6 73989.5 31295.5  14093.6  4364.2  4591.9

         Carbon flux (ktC/yr)        Water (dam3/yr)                Nitrogen (MgN/yr)
       ----------------------- -------------------------- --------------------------------
Spinup NEP     estab   NBP     transp     evap    interc  nuptake ndemand  nlosses ninflux
------ ------- ------- ------- ---------- ------- ------- ------- -------- ------- -------
  1576 225.582  -0.003 225.579  1092476.3 469049.1 141256.1 36782.0  15255.3  5037.8  6565.9
  1577 -197.498   0.000 -197.497  1017021.5 453753.8 130053.0 28119.7  12674.1  7807.8  4630.6
  1578 121.097   0.004 121.101  1030792.9 368810.2 108530.9 32459.1  13252.1  3935.6  4669.2
  1579 -104.805   0.003 -104.802   994732.7 496209.2 125372.4 28196.8  12102.6  6709.3  4197.7
  1580 364.687  -0.001 364.687  1149921.7 436363.6 144107.9 37004.9  15542.1  3602.7  5703.1
  1581 265.179  -0.004 265.175  1131167.2 427623.0 143024.9 27132.6  13805.1  1933.7  4788.2
  1582 -178.744  -0.003 -178.747  1017521.1 493680.0 138518.6 28173.5  12670.6  4419.9  4269.2
  1583 -175.738   0.001 -175.737  1003311.8 493227.4 134856.1 29525.0  13375.7  5026.7  4443.6
  1584 -285.227   0.002 -285.225   957399.5 306367.6 87283.3 28001.8  14847.8  3109.3  4539.2
  1585 301.572  -0.001 301.571  1167596.2 446646.1 172801.6 36782.1  15854.7  4651.2  6418.4
  1586 305.774  -0.001 305.773  1187638.5 435762.3 154181.9 32893.1  15026.3  5064.8  5620.0
  1587 152.952   0.000 152.952  1050437.4 391221.1 111741.0 32380.9  12302.8  2139.6  4152.9
  1588 -964.258   0.015 -964.243   791653.5 417289.1 88864.3 12191.8  11801.8  2878.3  2643.5
  1589 372.898  -0.007 372.891  1016624.8 386549.8 90825.1 37889.2  12607.6  3957.4  4309.6
  1590 493.572  -0.004 493.568  1191106.8 445344.3 130619.4 34864.7  14268.6  6050.4  5529.9
  1591 -54.313  -0.000 -54.313  1059374.0 424947.3 120949.3 29216.9  14570.1  8545.8  4689.8
  1592  22.930   0.000  22.931  1039196.2 332224.7 93392.4 28410.2  13677.0  1278.4  4293.5
  1593  92.110  -0.001  92.110  1166348.8 416598.6 169773.0 32548.7  16137.8  7490.4  5686.8
  1594 -972.987   0.018 -972.969   896493.4 369739.4 90276.1 23149.2  10399.5  4899.3  2595.2
  1595 908.772  -0.009 908.763  1185333.0 439081.5 113790.2 36735.9  14519.9  3157.1  4478.5
  1596 -168.838   0.001 -168.837  1003054.0 344967.5 76748.4 27630.8  10060.1  3555.0  3385.4
  1597 -675.397   0.003 -675.394   948650.5 394237.9 91402.7 25892.8  11565.0  1993.1  3252.9
  1598 -332.979   0.001 -332.978   861889.9 319487.4 51312.4 31105.8  11499.5  3583.0  3608.9
  1599 -20.228  -0.001 -20.229   958236.2 444330.9 95518.7 29536.6  12704.0  2972.9  4083.2
  1600 570.803  -0.003 570.800  1146759.6 455265.8 120239.4 38991.2  14565.6  8871.6  5436.4

         Carbon flux (ktC/yr)        Water (dam3/yr)                Nitrogen (MgN/yr)
       ----------------------- -------------------------- --------------------------------
Spinup NEP     estab   NBP     transp     evap    interc  nuptake ndemand  nlosses ninflux
------ ------- ------- ------- ---------- ------- ------- ------- -------- ------- -------
  1601 128.944  -0.001 128.943  1087993.6 365624.1 106215.5 29281.3  12683.0  6849.1  4259.5
  1602 397.526  -0.002 397.524  1234317.9 440726.0 140532.2 36674.6  14946.7  5915.0  5225.2
  1603 -825.988   0.023 -825.965   858663.9 425599.0 83572.8 10567.9   9803.3  4901.5  2245.6
  1604 819.737  -0.011 819.726  1125430.8 407196.8 88654.5 42861.4  11310.9  4091.2  4279.7
  1605  -2.338   0.001  -2.338  1076327.5 486892.4 109565.1 24594.8  11653.3  6776.3  3835.4
  1606 336.819  -0.000 336.818  1234315.2 432467.4 130124.9 36814.9  14458.5  4908.6  5270.7
  1607 -842.216   0.020 -842.196   858241.3 420976.4 78627.5 11593.9   9993.0  4663.6  2281.2
  1608 903.466  -0.012 903.454  1209924.5 438915.8 105025.5 43056.5  12824.5  4265.6  4368.4
  1609  -3.821  -0.004  -3.825  1205772.3 437225.0 96445.8 30239.7  11591.8  5586.3  4169.5
  1610 -909.837   0.021 -909.816   941927.1 375484.2 79593.8 24129.7   9149.3  5920.0  2275.1
  1611 820.427  -0.012 820.415  1179819.9 432183.9 118595.1 38114.3  14420.0 13069.5  4753.3
  1612 299.532  -0.002 299.530  1252562.5 497813.1 109989.5 28039.4  11173.9  5646.1  4201.6
  1613 276.153  -0.001 276.151  1297994.9 402278.5 156489.9 33405.1  14021.0  9624.2  5022.9
  1614 -76.800  -0.000 -76.800  1215182.8 429639.2 116653.6 29780.2  11944.2  3994.4  3655.3
  1615 -87.054   0.002 -87.052  1139186.1 352888.3 90548.2 29359.5  12055.4  1952.9  3225.0
  1616 250.905  -0.001 250.904  1273255.4 431223.2 133114.6 35481.4  15701.5  2733.5  5054.7
  1617 -276.507   0.017 -276.491  1102813.6 337741.8 92087.6 21866.7  12077.7  1757.2  3183.7
  1618 -917.866   0.010 -917.856   897523.1 378994.5 76529.1 22463.5   9585.8  4053.3  2300.1
  1619  99.457  -0.003  99.454   954994.5 360590.9 55058.8 29957.0  11105.9  4287.1  3359.6
  1620 302.825  -0.004 302.821  1054747.1 433255.5 88220.4 27229.6  12077.3  2160.2  3898.1
  1621 106.209  -0.002 106.207  1059306.4 428244.5 90742.0 35196.8  13706.3  9344.4  4546.9
  1622 380.329  -0.003 380.327  1235479.9 506516.1 120621.3 33507.5  14483.4  3818.3  5009.6
  1623 289.288  -0.001 289.286  1319046.0 392665.1 127745.0 32144.3  14324.9  4743.8  4517.0
  1624 -281.315   0.000 -281.315  1232089.8 432230.9 134419.7 30410.3  12436.3  6639.2  3805.7
  1625 353.627  -0.001 353.626  1286814.3 370127.4 110954.4 35534.1  14247.0  3920.2  4550.0

         Carbon flux (ktC/yr)        Water (dam3/yr)                Nitrogen (MgN/yr)
       ----------------------- -------------------------- --------------------------------
Spinup NEP     estab   NBP     transp     evap    interc  nuptake ndemand  nlosses ninflux
------ ------- ------- ------- ---------- ------- ------- ------- -------- ------- -------
  1626 -234.485   0.004 -234.481  1062031.6 367611.2 96433.0 25606.9  11425.7  2329.7  3269.1
  1627 -1084.785   0.015 -1084.770   941557.2 381424.3 85733.9 16223.1  11337.5  2599.7  2769.3
  1628 -431.902  -0.003 -431.904   914664.6 405693.9 69846.6 28572.5  12103.8  2776.0  3458.4
  1629 456.443  -0.004 456.439  1112287.5 460546.1 101339.5 39453.7  15487.3  5697.1  5570.2
  1630 -90.060   0.000 -90.060   947247.2 325556.1 80435.2 25290.6  12744.4 10593.5  3639.9
  1631 180.847  -0.002 180.845  1066405.0 454422.7 88716.1 32799.1  12528.4  3780.8  3982.3
  1632 405.977  -0.002 405.975  1162705.7 444317.2 103560.9 30251.5  13210.6  3780.5  4345.5
  1633 -21.270   0.000 -21.269  1152843.9 440539.3 100205.6 30801.8  12332.3  4649.2  3897.5
  1634 -794.176   0.018 -794.158   867993.9 436845.6 66144.8 14032.7  10041.2  7710.2  2253.4
  1635   5.544  -0.002   5.542   924164.3 346076.8 49259.7 34726.8  10725.9  3226.0  3388.8
  1636 -315.447   0.004 -315.443   912749.2 317651.8 38484.9 26920.5  10854.8  4229.5  3336.8
  1637 124.038  -0.002 124.037  1029935.1 436501.4 76655.1 35434.1  15313.2 12769.7  4805.2
  1638 249.152  -0.004 249.147  1069280.9 338303.4 64115.9 27640.7  13168.0  2411.9  4265.9
  1639 107.863  -0.004 107.859  1028956.2 383956.6 72364.2 33972.1  11238.9  4022.8  3745.7
  1640  77.089  -0.000  77.088  1219814.1 389905.3 110376.8 30664.7  16036.3  3652.5  4959.3
  1641 175.141   0.001 175.142  1289910.3 471310.3 120510.2 36070.7  15371.4  5580.3  5279.6
  1642 -510.869   0.012 -510.857  1049419.8 314868.3 90592.6 23306.3  12303.0 12604.6  3130.1
  1643 -189.596   0.001 -189.595   968133.9 341064.4 61783.7 26135.4  10708.5  3139.8  3011.2
  1644 -667.355   0.017 -667.338   785147.5 418900.3 57254.6 13007.7   9999.7  4066.0  2358.3
  1645 -40.382  -0.007 -40.389   832060.6 328745.3 37351.3 27922.2  10707.6  4166.9  3101.0
  1646 110.656  -0.000 110.656   936233.8 309030.9 50554.6 37123.2  11387.7  6459.2  3777.9
  1647 -494.293   0.008 -494.285   766641.7 425170.9 50868.5 16105.8   9664.2  5450.6  2356.6
  1648 539.686  -0.001 539.684  1008982.3 452318.1 65983.8 45372.7  13785.1 16750.4  4813.2
  1649  58.216  -0.002  58.214   993524.0 351375.6 51828.1 28632.0  10911.4  4542.8  3529.7
  1650 469.666  -0.002 469.663  1240032.6 404783.3 116706.2 34566.8  14653.9 15234.8  5264.0

         Carbon flux (ktC/yr)        Water (dam3/yr)                Nitrogen (MgN/yr)
       ----------------------- -------------------------- --------------------------------
Spinup NEP     estab   NBP     transp     evap    interc  nuptake ndemand  nlosses ninflux
------ ------- ------- ------- ---------- ------- ------- ------- -------- ------- -------
  1651 -362.826   0.005 -362.821  1027322.1 320429.8 79768.8 25134.9  11532.9 11325.6  3238.6
  1652 178.528   0.000 178.529  1101083.0 364610.6 84210.5 30765.1  13312.6  2534.6  4031.2
  1653  33.658  -0.001  33.657  1213980.2 446454.4 85428.3 32866.1  12597.1  6137.7  4108.9
  1654 274.034  -0.002 274.032  1214694.4 426449.3 106136.1 29566.9  12981.8  2716.7  3846.3
  1655 -318.974   0.021 -318.953  1025147.1 335011.5 77277.6 23865.9  10698.4  2346.4  2693.6
  1656 258.509  -0.010 258.498  1180711.0 431502.0 103932.8 33617.9  14332.3  3462.2  4421.5
  1657 -965.806   0.034 -965.773   915869.0 320601.4 33447.1 13779.8  10508.0  5707.9  2480.3
  1658 424.276  -0.017 424.259   925525.6 369337.2 55476.9 32484.9  10557.2  3166.3  3561.7
  1659 439.131  -0.002 439.129  1101552.0 454813.1 84911.5 29558.3  12404.6  3268.6  4250.9
  1660 -224.763   0.002 -224.761   995364.3 302665.4 63392.3 27855.3  11640.0  4912.1  3496.9
  1661 162.249  -0.002 162.247  1069523.5 359761.9 80290.2 32062.3  12874.6  3988.5  4050.5
  1662 455.830  -0.003 455.827  1287626.4 441779.4 107199.4 35994.5  14409.9  9290.2  5014.4
  1663 194.183  -0.001 194.182  1327374.2 483009.0 128873.3 27453.9  14816.7  6749.3  4825.2
  1664 -311.679   0.027 -311.653  1110754.2 327725.4 82618.4 22992.5  10608.0  3125.7  2847.6
  1665 -418.294  -0.000 -418.295   969541.7 346763.8 75850.1 24721.9  11678.5  8213.4  2880.5
  1666 669.265  -0.007 669.258  1245629.6 422032.4 100069.7 33606.2  15299.0  3786.7  4801.8
  1667 -110.306  -0.000 -110.307  1241163.4 431453.4 88721.4 29096.9  11935.0  6852.8  4062.6
  1668 -64.809  -0.000 -64.809  1198771.9 435100.0 96033.5 29877.0  12066.9  4530.6  3600.0
  1669 -413.674   0.002 -413.671  1154335.6 390985.3 77303.1 27222.8  13176.0  3685.5  3400.2
  1670 341.064  -0.003 341.061  1301298.2 479844.1 112748.6 38371.2  15894.6  4867.5  5255.2
  1671 340.989  -0.001 340.988  1390463.1 393267.9 151954.9 28909.8  14859.5 16625.6  4774.7
  1672 208.197   0.000 208.198  1355552.5 413980.7 121787.5 28518.4  13049.6  4746.0  3900.0
  1673 -71.242   0.002 -71.241  1248670.1 406552.6 122653.2 25028.5  12797.5  1774.8  3554.5
  1674 -235.674   0.001 -235.673  1168603.2 469962.5 110700.5 27353.9  13301.2  3686.0  3691.6
  1675 -849.423   0.030 -849.393  1003883.6 293839.1 56928.6 17156.0  13605.5  3525.2  3185.6

         Carbon flux (ktC/yr)        Water (dam3/yr)                Nitrogen (MgN/yr)
       ----------------------- -------------------------- --------------------------------
Spinup NEP     estab   NBP     transp     evap    interc  nuptake ndemand  nlosses ninflux
------ ------- ------- ------- ---------- ------- ------- ------- -------- ------- -------
  1676 -614.976   0.025 -614.952   768190.6 317793.4 37889.6 25144.2   8229.2  3944.0  2319.0
  1677 377.934  -0.017 377.916   961283.2 552130.6 73285.1 29782.5  10638.2  3141.3  4104.0
  1678 489.874  -0.004 489.870  1200997.5 459862.9 88833.8 34126.4  14979.1 11107.9  5966.2
  1679 448.872  -0.002 448.870  1278776.4 493986.7 120406.5 30504.8  13315.2  5719.7  5139.8
  1680 -513.635   0.003 -513.631  1116974.1 387393.2 83894.4 25637.8  11856.9  2690.2  3315.5
  1681 472.297  -0.003 472.295  1280008.7 411650.6 136974.3 35101.0  15350.5 14678.7  5278.2
  1682 -94.497   0.000 -94.497  1156631.3 417774.7 106858.3 28606.7  14375.4 12850.3  4217.1
  1683 426.453  -0.002 426.451  1344290.8 431509.2 127454.4 35268.3  15627.2  2381.1  5043.9
  1684 -214.144   0.011 -214.133  1164738.8 327932.8 90080.6 21751.9  11821.2  1595.1  3029.5
  1685 -162.175  -0.004 -162.178  1161204.7 440104.9 100940.7 25980.1  11915.5  2674.0  3530.5
  1686 130.978  -0.001 130.977  1279980.8 446908.0 111640.4 35358.8  16469.7  6456.4  5504.7
  1687 -893.781   0.033 -893.747   906788.2 416403.9 72760.1 10242.8   9440.0  4311.8  2106.8
  1688 -97.916  -0.013 -97.928   846852.6 328216.0 39006.0 28362.9   8718.0  3395.1  2778.1
  1689 667.074  -0.005 667.068  1182694.1 456523.1 92015.4 37168.9  14664.8  3483.8  5281.2
  1690 362.920  -0.003 362.917  1262179.6 497354.5 116051.0 29611.3  13652.3  5421.3  4984.3
  1691 -129.633  -0.000 -129.633  1157719.9 472320.9 102420.1 25567.9  11763.0  8106.5  3688.3
  1692 -766.838   0.027 -766.811  1011239.3 292660.2 54469.4 17915.2  12427.9  3920.3  3056.8
  1693 738.377  -0.013 738.364  1189906.0 475991.4 93493.3 42551.0  12796.2  4818.5  4416.6
  1694 -47.851   0.001 -47.850  1216408.3 441373.4 113160.6 26457.3  12153.9  8670.9  3872.5
  1695 -801.942   0.030 -801.912   972697.4 371076.4 70375.9 23226.1   9059.6  6436.9  2136.3
  1696 810.230  -0.016 810.214  1183210.5 487934.1 82397.0 39064.2  15065.7  7208.2  5059.2
  1697 338.884  -0.006 338.879  1305896.0 486555.6 100889.1 26481.2  10890.6  4352.7  4055.7
  1698 281.895  -0.002 281.893  1301470.2 422255.8 108543.1 28615.5  12009.2  3216.3  3910.9
  1699 161.295  -0.000 161.295  1293335.1 361706.5 106917.2 33688.0  12405.5  3047.2  4161.5
  1700 -618.951   0.040 -618.910   987689.9 332949.2 79595.4 15974.4   9717.2  2920.0  2367.5

         Carbon flux (ktC/yr)        Water (dam3/yr)                Nitrogen (MgN/yr)
       ----------------------- -------------------------- --------------------------------
Spinup NEP     estab   NBP     transp     evap    interc  nuptake ndemand  nlosses ninflux
------ ------- ------- ------- ---------- ------- ------- ------- -------- ------- -------
  1701 -606.544  -0.010 -606.553   872542.1 423705.7 62369.5 21100.9   9841.0  2983.2  2685.5
  1702 -527.452   0.005 -527.447   811555.7 329004.1 40420.6 16109.0  12079.6  4043.9  3299.8
  1703 439.476  -0.006 439.470   958235.7 516623.2 63031.3 37622.7  10883.1  9381.5  3842.2
  1704 643.747  -0.005 643.742  1204329.8 426665.8 86529.0 35676.4  14217.9  7726.2  5148.3
  1705  49.304  -0.001  49.302  1136059.4 361873.3 82315.7 28192.4  11863.9  7197.5  4059.2
  1706 -767.968   0.016 -767.952   965174.3 372443.4 66106.7 23707.9   9230.5  8379.6  2276.0
  1707 938.222  -0.011 938.211  1264342.4 508472.6 87435.5 40255.3  14635.5  5643.3  4990.4
  1708 -323.211   0.010 -323.201  1066251.5 316063.9 76710.9 20110.1  11128.1 13764.9  3098.8
  1709 162.778  -0.005 162.773  1123041.2 456425.0 79102.4 28630.1  11177.5  3475.3  3484.3
  1710 -244.019   0.001 -244.018  1027512.9 327396.0 73612.5 27272.7  11806.2  8522.5  3229.7
  1711 -708.655   0.024 -708.630   925648.9 374659.7 59280.6 24573.3  10108.6  3427.9  2364.4
  1712 448.277  -0.013 448.265  1015322.6 526582.0 63893.2 29348.4  11734.6  8861.1  3585.1
  1713 638.776  -0.004 638.772  1277156.7 446170.7 88801.2 34330.2  13898.0  6626.0  5099.4
  1714 173.071  -0.001 173.070  1187203.3 325885.5 65808.8 23856.4  12595.5  2376.6  4014.2
  1715 105.625  -0.002 105.623  1345388.7 470650.2 110942.0 35348.5  15120.4  3875.7  5183.2
  1716 -111.520  -0.000 -111.520  1298659.7 423085.1 95717.8 26834.0  12546.0  5824.7  3556.5
  1717 197.168  -0.001 197.167  1351093.4 474209.7 120699.4 32562.4  14424.4  7147.7  4525.4
  1718  73.597   0.000  73.597  1352623.1 366604.6 105798.0 27358.4  14306.8  4173.4  4333.0
  1719 -366.742   0.003 -366.739  1301747.1 410328.2 98499.8 26097.7  13656.4  3428.1  3799.1
  1720 -362.959   0.004 -362.955  1076409.9 323184.6 75932.6 22456.5  12912.8  1881.3  3380.5
  1721 -100.244  -0.002 -100.245  1164635.8 498429.5 97570.6 27996.9  13573.7  2677.7  4335.8
  1722 -68.376  -0.001 -68.377  1225975.1 493862.9 100023.5 26870.7  13613.2  3887.5  4505.0
  1723 -557.459   0.003 -557.456  1019706.6 304080.8 47899.6 23895.5  11888.3  3999.0  3175.2
  1724 -598.459   0.026 -598.433   835538.6 315478.4 64474.1 17118.1   9101.0  2676.9  2286.0
  1725 -81.138  -0.009 -81.148   844223.3 381968.9 44968.3 28204.2  11028.4  3174.9  3575.3

         Carbon flux (ktC/yr)        Water (dam3/yr)                Nitrogen (MgN/yr)
       ----------------------- -------------------------- --------------------------------
Spinup NEP     estab   NBP     transp     evap    interc  nuptake ndemand  nlosses ninflux
------ ------- ------- ------- ---------- ------- ------- ------- -------- ------- -------
  1726 -230.682   0.015 -230.666   854526.5 341735.1 56639.5 18891.6  11320.6  2882.6  3096.2
  1727 345.819  -0.009 345.810  1089599.0 538596.4 73986.7 37334.7  14240.4  4737.8  5572.5
  1728 -216.453   0.001 -216.452   966773.4 314246.3 38856.4 24905.4  11209.3  7891.8  3551.7
  1729 -448.295   0.003 -448.292   877235.0 299378.9 37473.8 24859.4  10757.9  3364.1  3106.9
  1730 459.869  -0.003 459.866  1149952.1 408587.9 81138.0 34816.6  15815.7  3612.2  5323.3
  1731 324.472  -0.001 324.472  1239775.1 453092.4 85695.7 34105.2  15601.1 10655.1  5610.4
  1732 -865.790   0.041 -865.749   953526.9 320561.0 31939.6 13897.1   9845.0  7371.8  2383.0
  1733 1084.046  -0.024 1084.023  1197274.2 551924.6 82756.1 43745.9  11850.6  5975.6  4635.0
  1734 512.165  -0.003 512.163  1471425.0 440860.6 134217.2 31135.6  14260.4 11401.2  5504.6
  1735 -1014.154   0.056 -1014.097  1018085.9 369456.5 73004.4 20635.8   8200.8  9108.5  1918.0
  1736 1059.147  -0.027 1059.120  1145907.6 461564.0 70540.6 33038.3  10221.0  6015.5  3745.2
  1737 -715.340   0.021 -715.318   899077.5 415589.2 61791.8  7288.9   8861.9  5634.0  2188.9
  1738 459.710  -0.007 459.704  1063970.9 488597.3 65035.9 36828.3   9030.7  5930.1  3566.0
  1739 166.877  -0.002 166.875  1207652.1 445881.8 73928.6 31678.8  11546.9  8043.5  4257.1
  1740 273.645  -0.006 273.639  1303298.7 491835.6 110372.8 31875.0  13904.7  6792.1  4886.0
  1741  43.249  -0.003  43.247  1142192.8 368535.7 80295.8 28018.1  11043.4  2533.0  3388.3
  1742  76.758  -0.001  76.758  1366616.6 426847.9 141266.9 31297.7  16483.0  4352.3  5581.4
  1743 -210.713   0.008 -210.705  1165922.0 330103.6 80185.0 22907.5  12161.7  2519.9  3114.0
  1744 216.430  -0.003 216.427  1367509.2 450703.3 139776.7 31716.3  16334.1  4823.1  5590.8
  1745 -649.652   0.013 -649.639  1077541.7 295070.7 52059.5 20303.6  10579.1  4437.7  2757.8
  1746 350.462  -0.008 350.453  1248632.0 484661.8 102989.4 34364.5  15544.3  2492.2  5093.2
  1747 277.797  -0.003 277.793  1352007.5 374327.4 100858.4 29159.3  13681.1 11135.5  4549.2
  1748 -715.741   0.026 -715.714  1029726.6 317963.1 63418.6 18826.7  11200.9  2765.2  2651.0
  1749 450.314  -0.014 450.300  1253969.1 515495.8 95954.0 34760.3  14077.7  4315.5  4861.9
  1750 -419.046   0.016 -419.030  1045652.2 321511.8 77252.4 20385.2  11847.9 13684.7  3114.5

         Carbon flux (ktC/yr)        Water (dam3/yr)                Nitrogen (MgN/yr)
       ----------------------- -------------------------- --------------------------------
Spinup NEP     estab   NBP     transp     evap    interc  nuptake ndemand  nlosses ninflux
------ ------- ------- ------- ---------- ------- ------- ------- -------- ------- -------
  1751 286.670  -0.009 286.661  1091404.1 502153.1 80772.4 26350.3  11755.6  4429.4  3590.7
  1752 112.525  -0.001 112.524  1140632.7 329698.2 65357.7 27126.3  13132.3  2331.7  4103.6
  1753  16.236  -0.001  16.235  1284559.1 405899.9 108254.6 30403.6  15592.4  4012.5  5030.8
  1754 -883.822   0.035 -883.787   906304.3 421092.0 62618.7 11151.7   9902.6  5048.1  2190.3
  1755 202.568  -0.016 202.553   922402.1 341192.8 50768.7 32939.9  11641.2  4772.8  3635.7
  1756 209.533  -0.003 209.530  1134316.8 441811.1 71106.3 29729.6  12336.8  3671.8  4123.2
  1757 348.398  -0.003 348.395  1254739.1 488287.0 100648.1 31589.4  12845.9  8428.9  4794.5
  1758 258.640  -0.002 258.638  1430134.8 448383.1 137256.0 30874.0  15254.4  6470.7  5714.3
  1759 -651.732   0.008 -651.724  1222246.7 381196.0 80287.9 21910.1  12910.8  2936.1  3263.7
  1760 -855.348   0.031 -855.317   918769.5 384285.9 64648.5 22332.0   9521.4  5673.6  2251.5
  1761 705.129  -0.017 705.112  1060667.2 565577.9 72566.3 31797.4  11906.7  4649.9  4056.6
  1762 234.572  -0.002 234.569  1132878.5 368291.7 80497.1 25670.5  12335.8  8160.7  4163.2
  1763 -263.971   0.002 -263.969  1027769.6 325937.0 75131.3 24907.3  11615.1 10444.1  3345.4
  1764 -840.349   0.037 -840.312   855448.0 315317.7 30212.6 15445.6  10673.1  3737.7  2358.1
  1765 365.677  -0.016 365.661   882233.6 389821.7 48655.1 31376.1  11196.6  3063.2  3455.6
  1766 216.268  -0.002 216.266   985698.5 360253.4 54583.7 24432.1  12823.2  2841.3  4268.2
  1767  38.979  -0.002  38.977  1078137.8 469550.2 70351.0 27975.8  12195.6  4096.0  4094.2
  1768 319.849  -0.002 319.847  1132672.9 349761.1 60575.5 28084.3  13282.1  3388.6  4433.4
  1769 218.416  -0.002 218.414  1265427.2 491380.2 103552.3 30596.4  13911.6  7390.4  4913.7
  1770 -64.659   0.001 -64.658  1161596.4 328462.9 70387.1 22050.3  13775.1  2488.2  3991.7
  1771 -216.182   0.000 -216.182  1144910.6 484194.2 89372.6 25623.4  13431.7  8014.0  3945.7
  1772 129.456  -0.002 129.455  1345784.5 469912.8 108998.9 33130.6  16755.7  4833.0  5517.1
  1773 -275.618   0.003 -275.615  1222075.2 353558.0 96579.2 23043.2  13304.6  9602.8  3827.7
  1774 265.938  -0.002 265.936  1359889.3 494542.2 121040.6 30668.9  15707.8  4939.9  5022.4
  1775 232.617  -0.001 232.616  1506231.2 436008.1 156594.1 29559.8  15996.6  4400.1  5721.9

         Carbon flux (ktC/yr)        Water (dam3/yr)                Nitrogen (MgN/yr)
       ----------------------- -------------------------- --------------------------------
Spinup NEP     estab   NBP     transp     evap    interc  nuptake ndemand  nlosses ninflux
------ ------- ------- ------- ---------- ------- ------- ------- -------- ------- -------
  1776 160.220  -0.000 160.219  1465991.2 415914.0 134730.6 29627.4  15092.4  5780.7  4716.9
  1777 -43.505   0.000 -43.504  1487339.5 441219.7 142226.2 29175.3  16665.4  2877.0  5080.6
  1778 -1057.492   0.075 -1057.417   991212.9 406866.9 77253.3  9229.5   9870.3  5372.5  1968.8
  1779 558.133  -0.030 558.103   984302.4 527367.0 78290.9 29202.4   9431.5  2458.9  3016.6
  1780 206.179  -0.005 206.174  1144262.6 364632.7 84233.9 27475.0  12196.2  3480.9  4009.1
  1781 -780.913   0.025 -780.887   876133.6 430907.4 61457.0 11567.8   9461.9  5881.9  2257.3
  1782 913.125  -0.017 913.108  1186475.0 460027.5 87259.6 41539.4  12540.8  4774.8  4559.6
  1783 -240.888   0.006 -240.882  1065415.8 297440.6 66232.3 21942.2  12059.2  6251.8  3821.7
  1784 499.465  -0.006 499.459  1240086.2 405995.3 107761.0 33624.1  13899.1  3160.8  4716.5
  1785 -1011.024   0.039 -1010.985   961713.6 298353.8 53320.1 14938.3  11137.1  4007.4  2930.9
  1786 364.641  -0.016 364.626   861183.6 396243.5 63007.5 32749.1   9247.6  4383.6  3203.2
  1787 -763.575   0.025 -763.551   816436.7 300132.4 44431.0 11829.3  12054.7  3794.6  3300.3
  1788 444.033  -0.013 444.020   831842.1 401554.1 58869.2 37019.0   9347.5  5231.2  3568.9
  1789 -141.030  -0.000 -141.031   867498.0 340357.1 63866.7 23880.2  13437.5  9055.2  4187.0
  1790 601.002  -0.004 600.998  1152680.7 433414.4 93356.6 37206.5  15259.4  4387.2  5729.6
  1791 -577.733   0.010 -577.723   946149.1 303089.8 48534.3 17749.0  12141.6  5326.0  3358.2
  1792 806.611  -0.009 806.602  1184234.8 478089.4 88959.2 39490.5  13605.2  5539.7  4948.0
  1793  44.609  -0.001  44.608  1124304.3 423533.4 92183.1 27428.4  14058.3 19491.1  4452.4
  1794 252.416  -0.001 252.415  1208942.4 430545.2 104450.2 26465.2  12728.1  2752.1  4178.4
  1795 176.857  -0.002 176.856  1305235.6 442171.4 108045.5 35292.6  16199.2  5283.6  5474.1
  1796 243.942  -0.001 243.942  1408113.8 388173.4 156791.6 27813.6  15236.9 11495.6  4925.5
  1797 -96.422   0.000 -96.422  1392427.1 474906.8 125451.2 25058.7  13266.4  4745.9  4346.0
  1798 -335.889   0.009 -335.880  1184061.1 322525.0 87012.8 21487.6  13932.0  1624.7  3955.8
  1799 -647.586   0.001 -647.585  1001887.6 340069.6 69252.9 20353.3  13373.6  1950.6  3358.0
  1800 103.415  -0.001 103.414  1090488.5 453523.1 98038.0 27390.7  14495.8  2088.2  4475.2

         Carbon flux (ktC/yr)        Water (dam3/yr)                Nitrogen (MgN/yr)
       ----------------------- -------------------------- --------------------------------
Spinup NEP     estab   NBP     transp     evap    interc  nuptake ndemand  nlosses ninflux
------ ------- ------- ------- ---------- ------- ------- ------- -------- ------- -------
  1801 -87.308   0.000 -87.308  1085925.7 369757.3 90216.6 25470.7  14179.3  3012.4  4419.3
  1802 -112.507  -0.000 -112.507  1097799.1 491422.1 93843.6 25776.8  13301.6  9815.4  4106.6
  1803 -811.897   0.036 -811.862   936410.2 368894.4 66041.2 21834.9  10675.3  5901.3  2466.3
  1804 492.935  -0.018 492.918  1065113.9 501655.3 65345.0 31237.2  12480.1  5316.8  4252.0
  1805 -108.528   0.001 -108.527   977055.8 329571.2 69577.1 23309.4  12128.7  7445.3  3600.9
  1806 181.040  -0.002 181.038  1064512.8 491830.6 78887.4 26242.8  12198.1  4243.0  4064.1
  1807 203.229   0.002 203.231  1063734.8 378195.8 70813.8 31876.0  11746.9  2732.1  3982.6
  1808 -185.352   0.002 -185.350  1102045.3 426078.3 90718.1 26928.5  16235.4 11165.7  4610.2
  1809 211.952  -0.001 211.951  1291450.8 409840.3 111804.2 30445.3  16025.9  3183.6  5184.9
  1810 -181.217  -0.001 -181.219  1246306.3 438322.9 113651.2 27249.1  13371.1  5987.3  3997.4
  1811  79.606  -0.003  79.603  1249210.5 434739.7 93603.7 29062.5  13062.0  3178.5  3798.2
  1812 -135.911   0.001 -135.910  1179336.3 419366.4 102073.5 27384.0  15541.9  9389.8  4158.8
  1813 -820.143   0.035 -820.108   990567.4 301387.1 55205.3 13654.4  12992.3  1920.3  3042.7
  1814   2.113  -0.014   2.100   911170.0 374890.1 51560.4 30830.2   9752.0  2999.6  2902.5
  1815 -423.913   0.007 -423.906   881199.3 329960.9 50923.3 19250.5  11269.8  2308.5  2997.6
  1816 -190.234  -0.002 -190.236   980150.5 425372.3 53903.1 28129.1  12835.3  2550.9  3873.0
  1817 -28.640   0.000 -28.640   928596.1 347908.7 60977.6 27389.4  12983.6  7739.2  3749.7
  1818 -218.481   0.001 -218.480   881558.9 340868.1 47258.7 24392.4  11578.9  2689.7  3164.1
  1819 497.035  -0.003 497.031  1142449.4 423893.2 70917.9 35470.1  14248.4  6515.0  4988.6
  1820  85.979  -0.001  85.978  1148665.4 448913.1 74251.3 24589.9  12585.1  5573.7  3962.6
  1821 311.158  -0.002 311.157  1261668.6 496061.2 101535.0 31713.4  13607.2 10418.8  4758.4
  1822 -511.062   0.008 -511.054  1034502.3 301146.5 46080.7 21317.0  11149.7  3074.3  2902.5
  1823 388.011  -0.005 388.006  1215933.7 491535.0 97421.9 30589.3  14590.4  3694.7  4891.7
  1824 -422.060   0.008 -422.052  1022662.0 326559.4 74670.9 21195.8  13176.3  8168.1  3389.9
  1825 424.396  -0.002 424.394  1272596.8 475140.0 120948.5 32195.4  16168.4  4825.0  5895.9

         Carbon flux (ktC/yr)        Water (dam3/yr)                Nitrogen (MgN/yr)
       ----------------------- -------------------------- --------------------------------
Spinup NEP     estab   NBP     transp     evap    interc  nuptake ndemand  nlosses ninflux
------ ------- ------- ------- ---------- ------- ------- ------- -------- ------- -------
  1826 155.648   0.000 155.648  1290253.6 493234.3 114458.0 26544.3  15016.9  5109.9  5154.1
  1827  23.375  -0.000  23.374  1313934.3 446290.8 106207.1 30619.5  16707.6  6512.8  5463.9
  1828 138.854   0.001 138.856  1372318.7 479772.7 130967.7 27984.9  15794.7  3223.2  4960.1
  1829 -65.965   0.003 -65.962  1158418.2 368536.1 91892.2 27321.0  12191.9  1786.7  3482.5
  1830 -673.067   0.021 -673.046   952957.3 306712.7 74895.4 15478.2  12260.8  1915.9  3120.1
  1831 260.267  -0.011 260.256  1083806.7 544737.7 101776.6 30294.2  14876.0  4840.9  5326.4
  1832 321.387  -0.002 321.385  1247412.4 453182.7 107227.0 27335.9  15962.9  4926.7  5594.6
  1833  85.546   0.001  85.547  1254673.3 474740.0 120422.8 26205.4  14412.1  6996.6  5100.1
  1834 -112.849   0.002 -112.847  1095339.5 379031.3 87641.3 27400.4  12685.5  2254.2  3957.1
  1835 -557.882   0.009 -557.873  1022744.1 297975.4 72594.1 19415.1  14914.2  3554.3  4058.3
  1836 453.270  -0.005 453.265  1158531.1 467542.3 102184.6 32689.1  15744.5  3174.6  5329.0
  1837 105.743  -0.000 105.743  1071987.8 381272.7 82589.1 27142.6  12408.1  2959.4  4106.9
  1838 -292.306   0.001 -292.305  1095997.9 475646.0 96512.5 23203.2  13998.8  5662.7  4328.7
  1839 129.835  -0.001 129.835  1245003.2 495908.9 118902.6 28510.3  16452.0  4013.6  5678.4
  1840 -284.568   0.006 -284.562  1082541.1 338655.7 66278.3 23208.5  12374.9  3051.2  3574.8
  1841 -772.918   0.025 -772.894   830347.6 415045.9 63473.3 11568.8  10867.4  3469.3  2467.9
  1842 651.747  -0.013 651.734  1058107.2 451610.6 75760.0 37496.0  13089.6  3154.3  4906.8
  1843 300.426  -0.002 300.424  1176383.7 390331.3 89989.8 26694.3  13757.9  5423.5  5214.6
  1844 -124.587   0.002 -124.585  1134448.4 437433.3 91351.6 23881.8  12805.8  4809.8  4187.6
  1845 167.225  -0.001 167.223  1251051.5 502033.5 122338.2 31056.7  15582.6  7930.3  5627.9
  1846   0.876  -0.000   0.876  1262443.6 485139.7 113511.4 24754.9  13023.1  3287.1  4714.5
  1847 -42.543   0.056 -42.486  1126790.1 376860.8 90153.7 29734.4  12586.9  4269.0  4077.0
  1848 -342.843  -0.017 -342.860   906806.0 513166.5 110364.2 25565.4  15095.3  5149.8  5572.7
  1849 -114.640  -0.003 -114.643  1037241.9 545050.5 123613.8 24054.0  16064.6  6700.8  6137.7
  1850 -225.858   0.010 -225.848  1001108.0 474287.3 98416.5 24032.8  13740.4  5059.7  4701.6

         Carbon flux (ktC/yr)        Water (dam3/yr)                Nitrogen (MgN/yr)
       ----------------------- -------------------------- --------------------------------
Spinup NEP     estab   NBP     transp     evap    interc  nuptake ndemand  nlosses ninflux
------ ------- ------- ------- ---------- ------- ------- ------- -------- ------- -------
  1851 -593.453   0.025 -593.428   832406.3 329974.4 55633.9 19576.9  14080.0  4638.0  4089.1
  1852 283.883  -0.011 283.873  1038481.9 552619.7 103079.8 37092.7  15355.9  4656.9  6120.9
  1853 -648.432   0.004 -648.427   764138.0 336389.6 36740.8 15327.5  11636.2  8275.3  3169.2
  1854 194.579  -0.012 194.567   919482.0 467716.8 87794.9 33587.2  14950.5 11912.8  5247.0
  1855  87.005  -0.007  86.999   934395.8 372394.8 76562.6 26297.0  12690.3  1788.3  4130.0
  1856 -121.380   0.001 -121.379   989960.3 474182.9 113158.7 28138.7  13526.9  7009.1  4753.0
  1857 130.077  -0.001 130.076  1088038.0 518849.9 111004.5 27823.3  13420.7  4259.8  5149.5
  1858 -148.463   0.001 -148.462   998606.8 385011.3 101985.7 25297.8  14236.5  6762.4  4851.3
  1859  78.948   0.000  78.948  1130538.4 439783.2 132218.3 29166.1  16520.4  5194.3  5860.6
  1860 159.118   0.000 159.118  1128143.8 467569.0 133917.1 31590.5  16256.6  5459.0  5992.9
  1861 -674.720   0.025 -674.695   741098.8 434246.8 76868.5 13133.6  11364.4  5357.0  2674.2
  1862 190.881  -0.008 190.873   924809.2 505726.9 102283.4 31892.0  12280.8  7148.1  4367.0
  1863 411.237  -0.003 411.234  1075591.5 413504.2 101742.3 31703.2  14069.9  4416.3  5601.6
  1864 -221.140  -0.003 -221.143  1005583.5 466589.8 124272.0 24640.2  13490.9  7466.0  4671.6
  1865 -24.703  -0.001 -24.704  1059129.4 462779.3 101868.7 29854.7  14249.7  4820.5  5073.9
  1866 -60.374  -0.000 -60.374  1074166.8 467111.1 105472.6 27908.4  14203.4  4504.1  4961.5
  1867 -342.687   0.002 -342.685   891272.6 317599.1 59427.0 25963.7  12044.5  3427.7  3648.2
  1868 -581.295   0.015 -581.280   727842.3 419779.1 69313.2 16238.7  11873.2  3081.1  2722.0
  1869 154.914  -0.006 154.908   836308.0 392915.3 56626.9 32865.6  12517.3  3511.3  3868.9
  1870 -68.480   0.001 -68.480   890892.6 316907.5 66730.5 23380.8  14338.2  6482.1  4486.0
  1871 -315.658   0.006 -315.652   831226.9 350583.5 58349.5 26308.0  11342.7  3266.5  3193.9
  1872 128.022  -0.003 128.019   972879.7 485591.0 77486.8 27862.4  12682.3  7635.5  4521.6
  1873 -61.396   0.001 -61.395   860606.3 350946.3 72410.6 26434.4  12711.8 12046.6  3954.1
  1874  75.944  -0.001  75.943   977299.7 478253.0 100393.8 28333.2  13328.8  7141.1  4613.4
  1875 -65.793   0.001 -65.792   863470.7 341458.0 77116.1 27883.7  13087.2  7957.2  3942.0

         Carbon flux (ktC/yr)        Water (dam3/yr)                Nitrogen (MgN/yr)
       ----------------------- -------------------------- --------------------------------
Spinup NEP     estab   NBP     transp     evap    interc  nuptake ndemand  nlosses ninflux
------ ------- ------- ------- ---------- ------- ------- ------- -------- ------- -------
  1876 371.272  -0.002 371.270  1149841.1 488403.1 134732.9 33005.3  16761.8  6259.3  6616.8
  1877  52.965  -0.000  52.965   996545.3 360394.2 82533.9 24539.1  12942.5  2401.6  4089.2
  1878 145.571  -0.001 145.570  1184660.9 473960.2 153281.5 30638.4  16865.1  7060.8  6633.0
  1879 -267.060   0.007 -267.054   931534.0 312412.3 80024.9 21781.2  13839.9  6801.6  4211.3
  1880 -439.497   0.008 -439.488   714305.9 436790.2 67487.7 18886.6  10961.5  3244.6  2652.0
  1881 300.488  -0.006 300.482   991901.1 490668.8 76898.0 35592.4  13555.2  5521.3  4874.4
  1882 152.117  -0.001 152.116   984718.7 387815.6 91373.4 26373.3  13395.8  6507.7  4739.9
  1883 224.321  -0.001 224.319   973892.4 403159.4 86831.6 32411.9  12308.7  4889.6  4426.0
  1884 -389.561   0.002 -389.559   888618.4 328177.2 90057.2 21208.7  14806.6  6978.4  3928.8
  1885 -235.490   0.002 -235.488   855080.7 315454.8 71637.5 22107.5  14371.9  3508.3  3922.1
  1886 -12.369  -0.001 -12.370   976080.0 466574.9 83363.8 32649.2  14063.7  4171.1  4868.8
  1887 -611.630   0.007 -611.622   778356.8 335551.3 34046.7 18992.4  12003.6  6887.6  3126.6
  1888  72.356  -0.003  72.353   813906.4 337864.8 42742.0 30956.8  12107.0  3426.3  3936.7
  1889 -292.480   0.013 -292.467   791835.4 324391.7 70330.1 17669.9  10911.5  3010.1  3085.0
  1890  -9.950  -0.005  -9.955   793626.8 369697.3 65585.3 29223.9  13870.6  8593.3  4262.7
  1891 -274.071   0.001 -274.071   827005.4 407853.2 62610.0 24376.1  13429.1  2881.9  3936.4
  1892 -46.236  -0.000 -46.237   817923.4 338487.7 40471.7 30551.4  12821.4  4552.2  4134.0
  1893  70.051  -0.000  70.051   845548.3 331337.0 64068.5 22850.4  14037.6  3206.7  4426.3
  1894 226.550  -0.002 226.548  1037935.9 493872.6 91971.8 35050.5  16941.9 11672.6  6636.9
  1895 408.210  -0.002 408.208  1123600.2 529392.9 125896.7 27558.5  15530.8  8818.1  5967.4
  1896 242.016  -0.000 242.016   974755.1 388503.2 92695.4 30580.0  12271.4  3780.5  4423.9
  1897 -45.284   0.000 -45.284  1101463.2 472486.8 121383.4 29194.5  18626.0  7562.2  6530.1
  1898 -127.417   0.001 -127.416   974860.7 439568.6 114535.1 26933.4  16587.8 13892.4  5020.7
  1899 -12.615   0.008 -12.608   964329.1 363193.7 92584.0 25494.8  14047.4  1563.1  3927.4
  1900 250.650  -0.004 250.646  1145057.4 477567.4 162233.5 30209.6  17049.7  5729.8  6647.0

         Carbon flux (ktC/yr)        Water (dam3/yr)                Nitrogen (MgN/yr)
       ----------------------- -------------------------- --------------------------------
Year   NEP     estab   NBP     transp     evap    interc  nuptake ndemand  nlosses ninflux
------ ------- ------- ------- ---------- ------- ------- ------- -------- ------- -------
  1901 244.445   0.000 244.445  1105108.0 400657.7 124818.7 27990.5  14950.8  6786.3  5588.7
Simulation ended.
lpjml successfully terminated, 63 grid cells processed.
Wall clock time:	157 sec, 0.00083 sec/cell/year.
Total wall clock time:	162 sec (00:02:42).
