--------------------------------------
Running config: /home/druijsch/LPJmL5/dev15oct2025/config_files/2026_04_08_run_for_10_locations/temperate_broadleaved_summergreen_tree/spinup/configs/temperate_broadleaved_summergreen_tree_patch10_config_spinup.cjson
SLURM task ID: 3
Node: tcn366.local.snellius.surf.nl
--------------------------------------
******************************************************************************
****        _     ____     _           _       ____        _  ___         ****
****       | |   |  _ \   | |_ __ ___ | |     | ___|      / |/ _ \        ****
****       | |   | |_) |  | | '_ ` _ \| |     |___ \      | | | | |       ****
****       | |___|  __/ |_| | | | | | | |___   ___) |  _  | | |_| |       ****
****       |_____|_|   \___/|_| |_| |_|_____| |____/  (_) |_|\___/        ****
****                                                                      ****
****                 lpjml C Version 5.10.1 (Apr 14 2026)                 ****
****    Dynamic global vegetation model with natural and managed land     ****
****                     Compiled for Linux with MPI                      ****
****       (C) Potsdam Institute for Climate Impact Research (PIK),       ****
****                          see COPYRIGHT file                          ****
****              Authors, and contributors see AUTHORS file              ****
**** This version of LPJmL is licensed under GNU AGPL Version 3 or later  ****
****        See LICENSE file or go to http://www.gnu.org/licenses/        ****
****                 or invoke lpjml -l to print license                  ****
****      https://gitlab.pik-potsdam.de/lpjml/wur_team/lpjml-wur.git      ****
****          GIT hash: 5e6f8e1bb5c5d5f3357da68b6c43e9517864f3c2          ****
****                                                                      ****
******************************************************************************

Running for user druijsch on tcn366.local.snellius.surf.nl at Tue Apr 14 16:26:37 2026
Reading configuration from '/home/druijsch/LPJmL5/dev15oct2025/config_files/2026_04_08_run_for_10_locations/temperate_broadleaved_summergreen_tree/spinup/configs/temperate_broadleaved_summergreen_tree_patch10_config_spinup.cjson'.
==============================================================================
/----------------------------------------------------------\
|institution: Potsdam Institute for Climate Impact Research|
|contact:                                                  |
|comment:                                                  |
\----------------------------------------------------------/
Simulation "LPJmL Run" running on 50 tasks
Simulation with shuffle spinup climate, equilsoil is called, 
nitrogen limitation, permafrost, Johansen conductivity, 
percolation heattransfer, GSI phenology, NPP controlled BNF.
Cultivation types: none, biomass, annual crop
Working directory: /gpfs/home5/druijsch/LPJmL5/dev15oct2025
cpp processed configuration file written to `/projects/prjs2023/chapter3/lpjml_output/2026_04_08_run_for_10_locations/temperate_broadleaved_summergreen_tree/patch_10/output/lpjml_config_spinup.json`.
Starting from scratch.
Input files:
Variable     Fmt  Varname  Filename
------------ ---- -------- ---------------------------------------------------
soil         cdf  soilcode /projects/prjs2023/chapter3/lpjml_input/run_for_10_locations/temperate_broadleaved_summergreen_tree/patch_10/soil.nc
temp         cdf  tas      /projects/prjs2023/chapter3/lpjml_input/run_for_10_locations/temperate_broadleaved_summergreen_tree/patch_10/temp.nc
prec         cdf  pr       /projects/prjs2023/chapter3/lpjml_input/run_for_10_locations/temperate_broadleaved_summergreen_tree/patch_10/prec.nc
lwdown       cdf  rlds     /projects/prjs2023/chapter3/lpjml_input/run_for_10_locations/temperate_broadleaved_summergreen_tree/patch_10/lwdown.nc
swdown       cdf  rsds     /projects/prjs2023/chapter3/lpjml_input/run_for_10_locations/temperate_broadleaved_summergreen_tree/patch_10/swdown.nc
no3_depo     cdf  noy      /projects/prjs2023/chapter3/lpjml_input/ndep-noy_histsoc_monthly_1901_2021_units.nc
nh4_depo     cdf  nhx      /projects/prjs2023/chapter3/lpjml_input/ndep-nhx_histsoc_monthly_1901_2021_units.nc
soilpH       cdf  soil_ph  /projects/prjs2023/chapter3/lpjml_input/hwsd_soil_data_all_land_oceanfilled.nc
co2          txt           /projects/prjs2023/chapter3/lpjml_input/co2_1832-2023.dat
windspeed    cdf  sfcwind  /projects/prjs2023/chapter3/lpjml_input/run_for_10_locations/temperate_broadleaved_summergreen_tree/patch_10/wind.nc
------------ ---- -------- ---------------------------------------------------
Writing restart file '/home/druijsch/LPJmL5/dev15oct2025/restart/2026_04_08_run_for_10_locations/temperate_broadleaved_summergreen_tree/patch_10/restart_1901_nv_stdfire.lpj' after year 1901.
Random seed: 2
Number of output files:       1
Output written in year:       -1020
Byte order in output files:   little endian

Variable   Fmt  Unit Type   tstep nbd Filename
---------- ---- ---- ------ ----- --- -----------------------------------------
globalflux txt  -    float  year    1 /projects/prjs2023/chapter3/lpjml_output/2026_04_08_run_for_10_locations/temperate_broadleaved_summergreen_tree/patch_10/output/globalflux_spinup.csv + .json
---------- ---- ---- ------ ----- --- -----------------------------------------
Spinup years:                  3000
Cycle length during spinup:      30
First year:                    1901
Last year:                     1901
Number of grid cells:            63
==============================================================================
Memory allocated for output: 344 bytes/cell
Simulation begins...
Spinup using climate starting from year 1901

         Carbon flux (ktC/yr)        Water (dam3/yr)                Nitrogen (MgN/yr)
       ----------------------- -------------------------- --------------------------------
Spinup NEP     estab   NBP     transp     evap    interc  nuptake ndemand  nlosses ninflux
------ ------- ------- ------- ---------- ------- ------- ------- -------- ------- -------
 -1099 -1389.384   0.401 -1388.983        0.0 1879899.4     0.0     0.0      0.0 63224.2  1297.1
 -1098 -1448.854   0.214 -1448.640        4.2 2620340.7     2.6    53.2      0.3 131728.9  1297.3
 -1097 -1469.247   0.114 -1469.133       56.1 1725403.3     5.5   495.9      3.0 40456.9  1298.9
 -1096 -1408.679   0.106 -1408.573     2648.0 1734984.0    26.1  3296.3     19.9 63456.9  1309.8
 -1095 -479.459  -0.047 -479.506    99922.0 1904350.9   747.3 22742.2    385.8 50818.4  1502.1
 -1094 649.113  -0.047 649.066   701758.0 912716.3 11423.5 40646.6   3606.0 38219.9  2777.1
 -1093 2209.633  -0.007 2209.626  1772471.0 584303.5 81361.8 68620.0   6798.7 191349.5  4760.5
 -1092 1125.376   0.001 1125.377  1451892.9 593666.4 69640.8 37229.0   5928.5 95561.2  4251.1
 -1091 623.494   0.000 623.494  1354442.5 661676.4 60440.1 35510.4   6402.0 66063.3  4390.2
 -1090 283.707  -0.008 283.700  1356545.4 396550.2 64675.6 33609.0   8209.0 179549.1  5143.5
 -1089 -491.541  -0.007 -491.548  1218826.3 412225.6 41274.6 27872.6   8224.0 69728.9  5078.6
 -1088 -931.788   0.006 -931.781   871065.6 463839.5 22205.1 10530.0   6361.0 72795.2  4279.9
 -1087 -38.727  -0.004 -38.731  1207825.5 510229.5 42894.5 36376.0   7915.8 63440.4  5408.8
 -1086 -382.072   0.000 -382.072  1392107.9 565400.0 64751.5 25238.4  11768.7 132285.9  7002.2
 -1085 -472.154   0.000 -472.153  1187259.4 505539.0 47390.6 23230.5   9110.4 74142.7  5792.7
 -1084 -449.861   0.001 -449.860  1202620.6 498277.1 46903.1 23693.5   9599.7 74515.5  6095.9
 -1083 -401.443   0.000 -401.443  1286151.9 462962.5 43775.2 26752.1  10568.4 48425.3  6341.6
 -1082 -1002.522   0.012 -1002.510  1040241.1 559572.4 36949.8 17648.2   9978.5 44386.7  5918.5
 -1081 -279.087  -0.006 -279.093  1266228.1 523537.9 57391.4 31151.7  11513.1 96799.1  7013.3
 -1080 -467.288  -0.001 -467.289  1262575.7 513440.4 52236.9 26277.1  11652.2 94533.6  7192.6
 -1079 -817.626   0.010 -817.615   865680.5 424410.4 22559.7 15189.4   8752.1 49998.2  5221.5
 -1078 -139.641  -0.002 -139.642  1208641.8 439607.0 41886.6 32825.6  11004.5 34919.8  6543.5
 -1077 -407.244   0.006 -407.238  1328468.9 677478.8 77198.4 29286.9  12781.0 89275.7  8156.9
 -1076 -461.828   0.010 -461.818  1156705.0 666024.0 82484.0 23326.8  11961.2 123833.5  7174.3
 -1075 -385.880   0.004 -385.876  1159985.1 684181.0 67713.3 26685.9  11455.7 70716.7  7241.4

         Carbon flux (ktC/yr)        Water (dam3/yr)                Nitrogen (MgN/yr)
       ----------------------- -------------------------- --------------------------------
Spinup NEP     estab   NBP     transp     evap    interc  nuptake ndemand  nlosses ninflux
------ ------- ------- ------- ---------- ------- ------- ------- -------- ------- -------
 -1074 -382.842  -0.008 -382.850  1022685.9 426783.5 48617.4 26478.2  10153.8 48380.6  6247.2
 -1073 -348.426  -0.006 -348.432  1052983.2 479929.3 61974.9 24411.7  12681.0 64108.0  7259.0
 -1072 -71.975  -0.001 -71.975  1102875.8 497765.4 65644.2 35508.4  11045.9 54185.2  6728.1
 -1071 -393.529   0.001 -393.528  1033614.3 476767.5 62680.4 25439.3  11610.3 42420.9  6613.3
 -1070 -30.440   0.002 -30.438  1072155.4 642592.9 80607.2 35806.0  11050.9 37839.5  6646.8
 -1069 -134.639   0.005 -134.634  1170873.4 574001.5 133645.1 27877.6  12868.2 116095.7  7249.2
 -1068  20.141   0.004  20.144  1112155.7 498478.0 86366.3 36287.9  11191.8 44601.7  6515.8
 -1067 -36.556  -0.000 -36.556  1157677.2 617383.6 130718.8 31737.6  12558.5 77267.2  7020.4
 -1066  21.429  -0.008  21.420  1183767.0 508367.2 120035.8 32461.3  13217.6 26202.4  7047.0
 -1065 210.332  -0.005 210.328  1198572.9 609264.2 150147.5 35239.9  12176.0 52678.7  6753.3
 -1064 -606.632  -0.001 -606.633   950579.7 553068.8 90368.1 25699.1  10120.7 11890.0  5039.3
 -1063 -92.970   0.000 -92.969  1084966.8 437420.5 79132.6 33972.6  13190.0 20614.9  6630.8
 -1062 -175.979  -0.001 -175.980  1110440.5 390570.5 76000.6 35094.7  11798.4 17300.9  6189.4
 -1061  37.195   0.001  37.197  1106427.1 435640.6 89229.7 36149.7  12910.9 22585.2  6494.1
 -1060 358.194   0.002 358.196  1214095.6 611931.1 170310.3 38810.2  12411.6 64223.5  6411.6
 -1059 189.695   0.000 189.695  1223414.9 428821.2 115718.3 35728.4  12422.2 10876.8  6111.1
 -1058 351.323   0.003 351.326  1257996.7 493828.3 207147.1 43087.8  12905.3 25050.3  6008.8
 -1057  32.364   0.002  32.367  1260562.0 495646.3 146832.5 33768.4  13594.7 26466.6  6177.1
 -1056 109.336   0.001 109.337  1240814.5 544059.3 131672.0 38750.3  11389.0 18900.9  5373.0
 -1055 200.684  -0.003 200.680  1287421.3 466290.5 144547.8 40791.8  12131.1 14915.6  5575.9
 -1054 -25.864  -0.002 -25.867  1247408.0 442687.7 150031.3 33411.3  12364.5 14765.3  5449.3
 -1053 488.634   0.000 488.634  1444823.1 559376.6 242335.8 40661.6  13575.2 30258.6  6055.9
 -1052 -290.678   0.002 -290.676  1269433.7 531336.5 131384.0 31397.1  11838.5  9200.7  5138.8
 -1051 -634.456   0.002 -634.454  1014043.5 390206.8 109993.4 23425.0   9215.1 10792.5  4190.6
 -1050 200.589  -0.002 200.587  1243743.7 636549.6 189667.0 38043.5  12721.3 30173.3  5965.4

         Carbon flux (ktC/yr)        Water (dam3/yr)                Nitrogen (MgN/yr)
       ----------------------- -------------------------- --------------------------------
Spinup NEP     estab   NBP     transp     evap    interc  nuptake ndemand  nlosses ninflux
------ ------- ------- ------- ---------- ------- ------- ------- -------- ------- -------
 -1049 162.622  -0.001 162.620  1316393.4 536921.8 140736.9 35526.6  12195.8 15238.8  5712.2
 -1048 478.362  -0.002 478.359  1433620.7 496082.7 187239.7 40050.7  13769.6 19193.4  6280.5
 -1047 609.580  -0.001 609.579  1504434.7 466545.2 247666.5 43938.0  13328.4 13159.8  5834.6
 -1046 553.622   0.000 553.622  1635276.5 523929.1 277309.1 39142.1  14046.1 20940.7  5900.2
 -1045 -427.671   0.003 -427.667  1351621.2 336054.9 114245.9 29996.6  11573.7  6843.0  4626.3
 -1044 774.517  -0.002 774.515  1665274.9 529279.0 257818.3 43008.3  13643.0 16481.4  5560.8
 -1043  94.915  -0.001  94.914  1519135.5 440023.1 156123.6 35214.4  12441.3  8866.4  5147.5
 -1042 -728.642   0.010 -728.631  1171391.7 396036.9 123234.5 23628.0   9447.0  8459.0  3923.5
 -1041  -6.294  -0.004  -6.298  1358578.7 419828.5 125799.6 35190.9  13499.2  7229.6  5664.9
 -1040   7.477  -0.001   7.476  1348370.7 466477.7 187207.8 33894.5  13323.2 12280.0  5705.8
 -1039 178.743  -0.001 178.742  1368416.2 508228.6 130695.9 37866.9  11270.4  6345.0  4802.2
 -1038 196.682  -0.001 196.681  1423714.1 416830.0 157377.4 36508.7  12387.3  9053.0  5237.5
 -1037 299.280  -0.001 299.280  1492519.0 430870.1 150150.8 41534.5  11945.9  8577.2  4913.5
 -1036 -89.435   0.001 -89.435  1448433.5 416754.8 182862.0 34059.0  13335.6  8736.7  5158.0
 -1035 -826.188   0.004 -826.184  1193548.1 322423.1 100901.4 24215.4  11146.8  7890.9  4435.3
 -1034 -213.667   0.001 -213.666  1146212.7 388192.8 106703.0 28512.0  11317.5 10197.7  4671.5
 -1033 -172.418  -0.000 -172.418  1164225.8 334582.3 84913.9 35522.3  12128.6  7057.3  5127.9
 -1032 895.792  -0.005 895.787  1507063.6 537472.3 204811.9 45493.7  13377.0 19947.9  5863.1
 -1031 648.147  -0.002 648.144  1575286.8 558058.5 227241.7 36365.7  12720.0 49258.8  5639.2
 -1030 -464.923   0.005 -464.918  1217423.2 366893.6 121438.3 25233.0   9162.0  8224.9  3820.5
 -1029 675.811  -0.003 675.807  1557184.3 466195.2 218243.3 45652.6  14296.6 10437.3  5955.4
 -1028 -886.689   0.025 -886.664  1186773.5 393115.4 91539.5 16828.2   9872.5  7898.9  3863.2
 -1027 317.857  -0.011 317.846  1308634.9 458793.6 148956.8 37159.4  11696.5  7878.6  5071.8
 -1026 140.686  -0.000 140.686  1378055.6 429202.0 119768.6 38148.6  12083.4  8965.3  5286.8
 -1025 958.547  -0.007 958.540  1727838.0 502633.5 221175.5 46070.5  13111.7 13375.4  5599.2

         Carbon flux (ktC/yr)        Water (dam3/yr)                Nitrogen (MgN/yr)
       ----------------------- -------------------------- --------------------------------
Spinup NEP     estab   NBP     transp     evap    interc  nuptake ndemand  nlosses ninflux
------ ------- ------- ------- ---------- ------- ------- ------- -------- ------- -------
 -1024 -164.483   0.004 -164.479  1558698.7 360805.5 130314.8 27047.5  10612.0 10031.5  4270.9
 -1023 873.467  -0.006 873.462  1775347.5 552824.8 226293.4 47178.2  14352.2 11183.8  5944.4
 -1022 -105.836   0.005 -105.831  1547287.9 534137.8 205496.1 29798.6  11365.4  7275.2  4585.4
 -1021 -140.044   0.003 -140.041  1470786.5 444073.1 160159.1 29772.6  12834.2  5294.8  4798.7
 -1020 -90.066   0.001 -90.065  1461357.6 432548.8 161239.8 32792.8  13408.4 10428.2  5237.7
 -1019 -145.128   0.003 -145.126  1454785.2 488118.4 159152.1 35640.5  12542.9  6869.8  4977.9
 -1018 643.679  -0.003 643.676  1651439.0 464137.0 241845.4 47137.7  15372.7  9950.4  6127.3
 -1017 241.566   0.000 241.566  1613770.4 405628.7 174999.4 34964.5  12593.1  5906.1  5115.8
 -1016 344.591   0.001 344.592  1658210.8 405619.7 162422.2 41703.4  11960.9  5474.0  4546.1
 -1015 166.874   0.001 166.875  1562035.9 426731.5 239208.3 32349.4  12928.4  6471.6  4977.5
 -1014 -634.279   0.004 -634.275  1332559.8 371211.7 127404.5 26542.6  13374.4  4937.6  4663.5
 -1013 -100.007   0.003 -100.004  1388970.4 392258.0 129524.2 34384.7  13133.2  5056.4  5262.4
 -1012 -834.688   0.020 -834.668  1147294.1 479337.2 127715.2 26646.3  10851.9  6460.1  4500.3
 -1011 -436.724  -0.006 -436.730   947855.9 379551.9 76995.4 25739.6   7596.7  5185.5  3534.6
 -1010 238.619  -0.004 238.614  1167438.9 560858.4 103057.8 41117.6  12423.2  8855.7  5573.5
 -1009 955.373  -0.010 955.363  1498276.8 545550.4 190316.4 44582.9  12531.5 30020.1  6078.6
 -1008 442.966  -0.002 442.964  1467747.8 387105.8 111783.9 38822.3  12566.6 15573.4  5123.3
 -1007 855.504  -0.000 855.504  1739394.5 441236.4 238854.7 49619.8  13281.7 16942.9  5513.4
 -1006 291.447   0.002 291.449  1717907.7 443201.3 166867.4 35306.3  12847.5  8780.2  4865.2
 -1005 -573.056   0.005 -573.051  1441907.0 351047.3 134908.9 27693.7  12047.7  7428.8  4125.7
 -1004 190.250  -0.002 190.248  1488751.1 315696.6 132313.3 36508.1  12323.2 10742.9  4699.4
 -1003 970.779  -0.008 970.771  1800593.9 442111.8 244305.7 51549.3  14114.1 13168.3  5651.4
 -1002 612.151  -0.002 612.149  1906170.6 405697.7 272864.5 40577.4  14327.1 10856.6  5400.0
 -1001 -320.697   0.004 -320.693  1694432.6 387889.3 185007.0 26438.1  14037.0  7475.3  4794.2
 -1000 293.258  -0.002 293.257  1710882.2 394843.5 159227.6 44014.7  11115.3  6036.8  4187.4

         Carbon flux (ktC/yr)        Water (dam3/yr)                Nitrogen (MgN/yr)
       ----------------------- -------------------------- --------------------------------
Spinup NEP     estab   NBP     transp     evap    interc  nuptake ndemand  nlosses ninflux
------ ------- ------- ------- ---------- ------- ------- ------- -------- ------- -------
  -999 130.188  -0.001 130.188  1816342.7 362774.6 234376.7 39383.8  14060.0  9007.2  5020.3
  -998 345.563  -0.001 345.562  1805353.4 296616.9 152749.9 38206.4  13538.5  6932.1  4697.6
  -997 136.859   0.000 136.860  1750545.9 450113.2 152662.6 39382.9  11615.1  5679.1  3929.5
  -996 -749.499   0.005 -749.493  1494629.0 341603.2 134357.8 24649.3  12411.5  4340.3  4070.5
  -995 921.856  -0.004 921.852  1837436.6 484115.2 229735.9 47013.5  13719.2  8337.2  5382.1
  -994 -274.048   0.010 -274.038  1641828.6 477772.6 165844.0 28397.4  10832.1  6039.1  4335.4
  -993 513.459  -0.011 513.448  1695513.5 325055.5 136956.9 39628.2  12637.4  8957.9  4704.7
  -992 -802.112   0.007 -802.105  1455419.4 483236.1 139753.3 27389.8   9739.5  4877.3  3783.6
  -991 830.449  -0.005 830.444  1685867.5 538079.8 211740.3 40191.6  13591.4 23209.8  5579.0
  -990 896.105  -0.003 896.101  1891587.8 512787.0 235360.3 43484.0  13989.2  7803.2  5770.4
  -989 579.319  -0.001 579.318  1983964.5 497253.3 259932.9 39809.5  14336.8  7071.2  5571.0
  -988 -385.686   0.008 -385.678  1700187.8 425775.4 158783.3 30220.9  11461.5  4573.8  3738.5
  -987 -207.170  -0.000 -207.170  1626307.6 376031.9 185591.0 33844.4  12516.5  5087.1  4435.0
  -986 122.683   0.001 122.684  1630861.9 428471.0 199186.0 33811.7  13148.1  7985.0  5181.0
  -985 -982.454   0.056 -982.398  1089360.4 363394.6 95115.2 13835.9   8154.5  6344.6  3276.7
  -984 -786.731   0.013 -786.718   854513.8 399687.5 78598.4 19448.4   6016.7 10228.4  3049.1
  -983 404.803  -0.015 404.788  1080982.1 393345.6 85241.2 37936.2   8074.7  9333.6  4442.3
  -982 322.747  -0.004 322.744  1216340.2 358431.8 72525.7 41287.5  11334.0  6089.4  5632.0
  -981 739.474  -0.005 739.469  1374625.8 601886.9 150463.5 44678.9  11442.6  6632.9  5830.6
  -980  92.096  -0.001  92.095  1335704.9 377650.8 101928.4 34409.3  12384.8  4480.2  5018.4
  -979 513.205  -0.004 513.201  1516430.4 420173.9 141731.3 44202.0  11649.6  5990.6  5183.8
  -978 481.105  -0.002 481.103  1641322.1 401344.9 155841.3 39119.6  11456.4  5401.0  4921.0
  -977 -427.474   0.003 -427.470  1515270.5 467760.3 164813.6 30103.7  11090.7  5348.4  4287.6
  -976 555.595  -0.003 555.592  1615712.3 324515.4 130847.9 40411.0  13145.6  8158.2  4918.0
  -975 -754.490   0.030 -754.460  1294070.7 380945.5 94709.5 21352.7   8389.1  6088.7  3342.9

         Carbon flux (ktC/yr)        Water (dam3/yr)                Nitrogen (MgN/yr)
       ----------------------- -------------------------- --------------------------------
Spinup NEP     estab   NBP     transp     evap    interc  nuptake ndemand  nlosses ninflux
------ ------- ------- ------- ---------- ------- ------- ------- -------- ------- -------
  -974 416.107  -0.011 416.096  1294234.7 434026.6 135765.4 36653.8   8805.6  7221.3  4096.3
  -973 -92.833   0.001 -92.833  1257556.5 379770.1 100992.5 32005.6   9895.9  5409.4  4194.3
  -972  39.942  -0.001  39.941  1349644.7 356860.4 95947.0 37885.8  12202.3  3571.3  4946.9
  -971 387.014  -0.003 387.011  1435044.4 430915.8 139667.9 35504.6  13137.6  7156.9  5167.7
  -970 699.731  -0.003 699.728  1643317.2 450420.0 143436.0 45207.9  11566.7  4987.4  4925.3
  -969 -491.127   0.011 -491.116  1301857.0 355540.5 114858.3 24780.8   8450.8  7437.5  3433.7
  -968 -122.818  -0.001 -122.819  1319149.6 365459.1 112614.6 30586.2  11181.2  5514.6  4373.9
  -967 508.990  -0.003 508.987  1534447.1 384799.9 123166.2 42006.1  14105.2  4133.9  5485.2
  -966 -251.387   0.002 -251.385  1423389.9 355010.0 133298.9 33030.2  10833.8  4261.9  4383.3
  -965 192.709  -0.000 192.708  1402793.0 405367.8 166766.6 38819.1  12310.2  4166.8  4831.7
  -964 553.996  -0.003 553.993  1560061.4 451007.7 195510.6 40863.3  13482.5  7058.6  5508.3
  -963 326.034   0.003 326.036  1527937.4 404041.0 165381.5 36263.8  10450.6  4628.2  4453.8
  -962 308.266  -0.001 308.265  1610575.3 409781.7 191698.5 38988.4  13053.3  4100.0  5040.2
  -961  -1.410   0.001  -1.409  1538669.4 400218.9 167294.5 31095.5  13966.0  6157.5  4961.1
  -960 122.512   0.001 122.512  1547922.8 397645.8 143802.6 42326.7  12070.2  4516.9  4671.7
  -959  22.526   0.001  22.527  1446451.9 541368.9 196284.3 32701.6  12359.3  4144.0  4725.4
  -958 -59.299   0.002 -59.297  1372795.0 528697.5 197442.8 31875.5  12104.3  3871.3  4774.1
  -957 339.494  -0.001 339.493  1531676.1 423191.3 248505.0 41910.7  14069.2  4433.8  5538.8
  -956 326.534  -0.001 326.533  1661440.0 526556.9 238582.7 36552.9  15096.2 36428.2  5740.2
  -955 -378.041   0.007 -378.034  1452890.3 470709.3 169297.0 30636.3  11495.7 10596.0  4408.1
  -954 832.562  -0.005 832.557  1635356.2 487071.5 230931.9 44395.2  13728.4 10858.5  5627.4
  -953  98.520  -0.001  98.520  1644485.1 564884.6 206553.0 32910.2  12006.7  6939.4  4928.0
  -952 426.656  -0.002 426.654  1789273.4 513300.6 252079.1 38746.3  14440.9 30591.9  5521.4
  -951 -36.225   0.001 -36.225  1688021.7 407418.7 182154.0 33928.7  13267.2  8385.6  4711.9
  -950 242.832   0.002 242.834  1737129.5 433083.3 144698.3 41105.1  12137.0  5857.4  4118.8

         Carbon flux (ktC/yr)        Water (dam3/yr)                Nitrogen (MgN/yr)
       ----------------------- -------------------------- --------------------------------
Spinup NEP     estab   NBP     transp     evap    interc  nuptake ndemand  nlosses ninflux
------ ------- ------- ------- ---------- ------- ------- ------- -------- ------- -------
  -949 -1041.351   0.060 -1041.290  1202793.9 368138.5 94847.3 14268.5   8760.3  6930.5  3354.3
  -948 399.089  -0.034 399.055  1228954.1 481764.7 126807.8 35846.2  10160.7 10306.5  4291.0
  -947 309.075  -0.001 309.074  1499546.7 410315.4 123060.1 39027.9  11150.9  6526.5  4957.9
  -946 137.844  -0.002 137.842  1447003.3 543336.2 178753.4 34588.8  11448.4  5567.0  4847.5
  -945 -18.879   0.002 -18.877  1441483.1 388169.8 157399.2 31557.8  11078.6  5375.3  4666.3
  -944 -702.252   0.009 -702.243  1194412.0 498912.1 128237.2 28204.1  10327.9  4591.5  4074.1
  -943 640.483  -0.005 640.478  1347674.1 446201.7 138049.8 42795.0  12079.2  6189.6  5699.2
  -942 550.215  -0.003 550.211  1420484.0 576995.1 180534.8 38152.4  12100.5  5252.2  5470.3
  -941 280.702  -0.001 280.701  1524935.0 395060.6 138248.4 38552.2  11316.3  4271.9  4597.1
  -940 506.666  -0.002 506.663  1720992.6 526617.7 226854.3 41449.8  14965.8  5937.7  6046.5
  -939 346.779   0.001 346.780  1837919.5 500637.8 244113.0 36044.7  14039.4 14132.9  5378.0
  -938 -395.349   0.003 -395.346  1636015.2 328317.6 151717.2 31547.8  11761.9  5595.6  4306.7
  -937 312.520   0.002 312.523  1527719.9 411616.5 231745.7 37642.8  11324.9  6731.6  4659.8
  -936 120.398   0.000 120.399  1597876.8 434102.8 209388.3 34583.0  13631.4  6322.3  5340.7
  -935 145.683  -0.001 145.682  1552753.8 302765.4 142079.1 33618.7  12087.8  6306.4  4394.4
  -934 -50.824   0.000 -50.824  1498120.6 371740.4 122818.2 37975.1  13751.3  5187.8  4749.7
  -933 524.837   0.001 524.838  1624601.9 448876.5 231241.2 41738.9  13310.3  5711.4  5268.4
  -932 -1008.032   0.022 -1008.010  1327792.3 459833.5 143275.4 21094.2  11564.0  5118.5  4330.3
  -931 262.918  -0.011 262.908  1281995.4 423743.4 147495.8 37196.2   9616.4  6297.1  4594.8
  -930 745.584  -0.005 745.579  1574270.5 460001.6 232159.1 48126.9  14625.7  5944.1  6168.6
  -929  95.095  -0.004  95.090  1522397.6 412863.6 160128.7 31347.6  13684.7  8312.0  5289.7
  -928 786.243  -0.003 786.240  1794609.7 429293.3 253398.8 51338.4  13618.0  8874.6  5674.3
  -927 -433.237   0.003 -433.234  1610199.8 338128.3 122424.5 29327.8  11699.5  6023.0  4225.2
  -926 410.406  -0.002 410.404  1624082.6 315191.7 140380.4 38141.3  12083.5  7884.4  4432.2
  -925 131.591  -0.000 131.591  1647403.7 399972.4 146715.9 38927.8  12052.5  6443.9  4553.8

         Carbon flux (ktC/yr)        Water (dam3/yr)                Nitrogen (MgN/yr)
       ----------------------- -------------------------- --------------------------------
Spinup NEP     estab   NBP     transp     evap    interc  nuptake ndemand  nlosses ninflux
------ ------- ------- ------- ---------- ------- ------- ------- -------- ------- -------
  -924 -150.615   0.001 -150.614  1610142.3 426375.5 175317.7 32974.1  13291.3  7086.2  4587.0
  -923 208.116  -0.001 208.115  1700083.1 358977.4 146872.7 39568.0  13726.8  4436.7  4861.5
  -922 -350.524   0.002 -350.522  1487340.3 383310.8 167508.1 27516.9  12952.0  5756.6  4491.1
  -921 217.281   0.001 217.282  1537961.0 470782.2 129899.8 43806.7  10806.3  4719.0  4137.0
  -920 -155.786   0.001 -155.785  1503074.7 390670.9 134919.4 34525.7  12190.3  4870.6  4437.2
  -919 -557.452   0.024 -557.428  1317742.2 489417.4 151182.4 26303.1  11093.3  6361.5  4362.4
  -918 693.722  -0.013 693.709  1419623.6 649625.5 200365.2 43916.2  11681.0 12994.0  5287.3
  -917 819.752  -0.003 819.749  1619623.7 472940.2 220238.0 39058.8  13355.7 10665.2  5778.3
  -916 -291.378   0.002 -291.376  1482710.8 484453.2 163150.6 31452.9  12222.8  6819.0  4752.4
  -915 687.924  -0.003 687.921  1732527.0 458241.6 243824.1 49714.0  14788.3 11048.5  5922.5
  -914 306.644  -0.001 306.643  1717294.2 396447.9 172574.4 35163.1  12443.5  5445.4  4827.0
  -913  60.469   0.000  60.469  1706012.9 556510.5 211125.0 35517.4  11455.3  5002.2  4438.8
  -912  -7.803  -0.000  -7.803  1677042.3 427681.6 179903.3 36219.5  13480.0  6641.4  4615.4
  -911 540.002  -0.002 540.001  1954274.0 366812.5 234855.2 48977.5  14505.5  7031.4  5219.4
  -910 -437.272   0.015 -437.257  1650540.8 344475.8 127069.5 27456.3  11184.2  4251.4  3893.6
  -909 424.769  -0.007 424.762  1622573.9 322704.2 144206.6 36422.7  11153.1  6069.4  4199.1
  -908 -482.181   0.003 -482.178  1425271.1 331745.5 101771.4 28617.3   9549.5  4200.7  3441.7
  -907 -117.975   0.005 -117.970  1502242.9 384889.0 104318.2 36224.4  12334.7  6447.0  4744.6
  -906 455.489  -0.004 455.485  1577371.8 599599.3 186128.7 36761.5  11292.6  4742.8  4799.3
  -905 554.114  -0.002 554.112  1728823.1 445093.9 208748.9 39089.0  13273.6  5624.3  5472.3
  -904 -510.947   0.012 -510.936  1337111.8 353743.5 124241.3 24045.8   8205.5  7396.5  3341.5
  -903 482.722  -0.005 482.717  1616805.4 542390.3 219820.3 36693.1  14008.6 16049.3  5713.5
  -902  53.836  -0.000  53.836  1570322.0 356225.3 139298.6 35399.9  12602.9  4751.0  4898.6
  -901 -372.820   0.003 -372.817  1442038.9 353217.5 140463.3 33578.2  11268.8  4822.1  4338.2
  -900 -646.664   0.012 -646.652  1206323.4 353940.8 103315.3 29200.4  10306.1  4980.5  4038.0

         Carbon flux (ktC/yr)        Water (dam3/yr)                Nitrogen (MgN/yr)
       ----------------------- -------------------------- --------------------------------
Spinup NEP     estab   NBP     transp     evap    interc  nuptake ndemand  nlosses ninflux
------ ------- ------- ------- ---------- ------- ------- ------- -------- ------- -------
  -899  90.843  -0.004  90.839  1254961.8 386923.1 97331.5 36423.6  11534.1  4455.4  4762.9
  -898 662.785  -0.004 662.781  1428457.7 607560.5 206262.0 45467.3  12167.9 12780.4  5393.7
  -897 -26.868  -0.001 -26.869  1388712.1 504719.4 132599.1 34872.5  11308.1  7627.4  4595.4
  -896 505.936  -0.003 505.933  1614674.5 385088.5 137745.6 43404.2  13568.8  5314.6  5315.1
  -895 -1335.565   0.040 -1335.525  1101160.5 528169.1 131445.9 18943.8   6270.8  7762.4  2714.4
  -894 1287.978  -0.021 1287.957  1320698.9 536834.1 113863.1 42873.0  10301.3  5670.1  5448.2
  -893 902.203  -0.005 902.198  1580227.8 461458.0 176492.8 37447.9  12553.3  8040.2  5822.8
  -892 182.307   0.000 182.307  1534306.1 409242.4 152151.5 31171.2  11302.6  8175.7  4903.7
  -891 -797.311   0.027 -797.284  1238955.1 377283.6 93744.0 23527.3   7699.3  7053.4  3405.8
  -890 -174.409  -0.007 -174.416  1154038.2 374390.3 92126.3 32835.8   8804.4  6270.7  4040.3
  -889 -129.420   0.000 -129.420  1177458.5 347968.7 81447.7 36270.3  10997.4  4794.1  4669.5
  -888 744.273  -0.005 744.268  1451849.8 477088.7 167196.6 44633.4  13476.9  7851.8  6050.0
  -887 653.601  -0.004 653.597  1557195.6 576401.1 211309.8 41517.6  10901.7 12969.1  5051.4
  -886 554.549  -0.003 554.546  1677373.5 458742.4 151751.2 38075.5  12669.3 12534.9  5217.6
  -885 642.560  -0.003 642.558  1893574.7 510356.2 244193.2 42908.1  14157.9  6296.1  5941.6
  -884 -847.482   0.026 -847.457  1524489.7 348524.0 121305.9 23107.2  10494.4  4603.4  3904.8
  -883 -153.516  -0.008 -153.523  1329361.4 385691.9 119052.6 28088.9   9896.8  6184.8  3921.0
  -882 505.720  -0.003 505.717  1569892.4 592013.1 179673.9 39540.4  12015.9  5211.3  5111.3
  -881 -786.822   0.025 -786.797  1213278.5 380152.0 94521.3 20125.8   8410.4  5249.9  3475.0
  -880  90.129  -0.009  90.120  1147926.1 411074.6 95278.8 34895.8   9853.9  7618.6  4164.3
  -879 649.535  -0.005 649.530  1553837.4 412202.7 173970.1 48712.8  13100.9 10161.4  5847.1
  -878 300.392  -0.002 300.390  1586441.7 406125.9 145799.7 31888.5  12230.6 13399.8  4956.9
  -877 916.350  -0.003 916.347  1921230.9 515947.5 231966.0 48666.4  13028.6  7665.6  5634.2
  -876 -576.508   0.023 -576.485  1473795.7 343660.0 125100.9 21395.5   8827.5  7383.0  3420.2
  -875 287.440  -0.010 287.430  1557905.5 422537.1 134797.5 38061.1  10475.3  4321.7  4108.7

         Carbon flux (ktC/yr)        Water (dam3/yr)                Nitrogen (MgN/yr)
       ----------------------- -------------------------- --------------------------------
Spinup NEP     estab   NBP     transp     evap    interc  nuptake ndemand  nlosses ninflux
------ ------- ------- ------- ---------- ------- ------- ------- -------- ------- -------
  -874 -22.163  -0.000 -22.163  1571276.6 440339.0 123580.7 33948.8  11797.5  3539.9  4002.3
  -873 -105.004   0.001 -105.003  1519502.8 521456.7 172718.7 33378.4  12083.2  4573.2  4542.5
  -872 -979.672   0.065 -979.607  1034611.3 359484.2 86277.0 14749.1   8302.6  6170.9  3299.5
  -871 443.069  -0.028 443.042  1085667.3 625114.7 89124.2 44464.0   8284.4  7196.1  3575.7
  -870 319.218  -0.005 319.214  1389775.8 491521.8 98426.8 35202.5  11213.0  3933.5  4605.5
  -869 474.511  -0.003 474.508  1692085.3 387767.9 176788.2 45565.0  13342.4 10463.2  5538.3
  -868 543.497  -0.001 543.496  1815583.2 426496.6 182529.5 36982.2  13145.7  9475.0  5214.1
  -867 164.965   0.007 164.972  1707374.4 555898.1 188579.2 32935.5   9846.1  5271.4  3993.8
  -866 -371.625   0.001 -371.624  1541324.6 352439.0 110827.4 30802.1  10409.6  4809.3  3823.7
  -865 -323.620   0.002 -323.618  1399073.1 358367.2 105930.7 32402.5  10590.6  4680.7  3985.0
  -864 532.570  -0.003 532.567  1506412.5 600225.5 181543.4 38197.1  11719.1  5982.7  4683.0
  -863 464.904  -0.002 464.901  1538745.1 553276.9 195394.0 38458.0  11448.0  5784.1  4836.9
  -862 350.735  -0.002 350.733  1789371.8 367780.2 226321.6 43836.4  13174.1  6771.8  5105.1
  -861  29.241   0.001  29.242  1746046.3 381044.1 152401.5 35695.0  12771.8  4259.7  4525.5
  -860 296.103   0.000 296.103  1871696.3 501212.0 252559.9 35295.7  15403.6 12311.3  5249.8
  -859   0.900   0.001   0.901  1735481.8 281606.7 152808.9 33716.5  11708.2  4743.3  4035.2
  -858 439.422  -0.001 439.421  1929819.0 517716.6 253330.9 41645.7  16133.3  5914.5  5740.0
  -857 -1099.261   0.073 -1099.188  1223174.3 365696.2 103392.5 13978.8   8604.3  5024.1  3246.8
  -856 406.560  -0.034 406.527  1237338.2 499320.5 132977.7 33491.1  10030.9  8578.9  4024.6
  -855 -67.153   0.001 -67.152  1460464.4 357912.0 116361.2 30774.2   9777.5  5790.1  4182.5
  -854 814.687  -0.004 814.683  1709060.6 440821.1 228170.1 49820.1  13611.2  5327.1  5793.8
  -853 287.383  -0.001 287.382  1743419.6 302850.5 140346.8 32611.6  12747.0  5272.8  4693.3
  -852 -424.369   0.010 -424.360  1606412.3 343793.4 132063.3 30387.8  10931.4  5497.8  3880.6
  -851 -321.485  -0.001 -321.486  1464743.8 485022.9 159190.3 33000.9  11896.4  4705.6  4336.3
  -850 732.879  -0.004 732.876  1774118.4 556907.2 229069.6 41893.1  15132.3  6511.9  6032.6

         Carbon flux (ktC/yr)        Water (dam3/yr)                Nitrogen (MgN/yr)
       ----------------------- -------------------------- --------------------------------
Spinup NEP     estab   NBP     transp     evap    interc  nuptake ndemand  nlosses ninflux
------ ------- ------- ------- ---------- ------- ------- ------- -------- ------- -------
  -849  68.724  -0.000  68.724  1698194.3 394180.2 197565.2 34528.3  12411.4  3516.1  4666.1
  -848 339.289  -0.001 339.287  1878064.3 370984.2 233588.3 45952.3  14290.7  6250.0  5153.8
  -847 -394.472   0.013 -394.459  1637284.4 347852.8 124669.0 28184.7  11584.0  3951.0  3954.5
  -846 -732.041   0.003 -732.038  1392388.6 468021.6 149825.4 25738.6  10819.1  4975.5  3886.2
  -845 -772.120  -0.000 -772.120  1087359.8 339443.8 88203.1 20836.1   6895.7  6141.5  2821.2
  -844 1136.856  -0.011 1136.846  1550807.7 584229.7 180662.6 46452.4  13049.6 23907.4  6110.5
  -843 324.939  -0.003 324.936  1496830.4 366946.9 98753.1 36544.0  10376.4  6838.6  4790.8
  -842 -238.757   0.001 -238.756  1349005.2 328936.6 93888.0 35875.2   9988.7  5894.4  3938.2
  -841 179.841  -0.002 179.840  1379230.7 381373.3 110364.8 39518.4  13093.7  5891.0  4695.8
  -840 -239.125   0.002 -239.123  1307561.6 375037.5 107939.0 31373.4   8873.6  8322.0  3716.5
  -839 642.405  -0.003 642.402  1519233.7 460518.3 213717.4 41090.8  13424.2  6042.5  5578.0
  -838 192.814  -0.001 192.813  1569230.4 313371.9 132988.5 33120.7  12968.7  6665.7  4878.4
  -837  15.672  -0.001  15.671  1522937.2 369404.1 119214.2 38013.1  13163.3  5036.3  4597.2
  -836 -25.673  -0.000 -25.673  1594470.6 403636.4 157729.6 31686.8  13726.4  6892.4  4750.4
  -835 -770.887   0.037 -770.850  1218123.1 376347.3 94312.6 24456.8   7839.1  6278.9  3169.0
  -834 866.226  -0.018 866.208  1327296.9 519263.5 197105.6 43085.9  10388.1  7710.0  4570.6
  -833 350.208  -0.002 350.205  1516170.8 462731.6 139890.5 33305.0  13169.9  3420.9  5296.9
  -832 130.803  -0.001 130.801  1605863.0 549709.3 222170.0 38787.2  11789.3  8778.2  4963.3
  -831 -477.212   0.001 -477.211  1475494.6 470546.5 135748.6 31809.5  11604.8  5921.5  4194.2
  -830 -698.547   0.020 -698.527  1185739.7 378869.5 91322.4 24031.6   8949.0  6721.5  3460.3
  -829 462.558  -0.008 462.551  1224684.5 592325.2 161004.0 39909.7  10813.6  7652.5  4678.4
  -828 -544.070   0.005 -544.065  1156831.2 325475.7 87370.9 30247.5   9927.4  4892.0  4032.2
  -827 550.557  -0.004 550.553  1289132.0 600317.7 164705.3 42174.7  12568.3  6192.6  5488.5
  -826 -405.270   0.001 -405.269  1146393.6 351263.3 83729.0 27922.7   9403.9  3910.7  3812.6
  -825 220.785  -0.003 220.783  1370170.1 404629.4 92831.6 40664.3  12061.8  7200.8  5064.9

         Carbon flux (ktC/yr)        Water (dam3/yr)                Nitrogen (MgN/yr)
       ----------------------- -------------------------- --------------------------------
Spinup NEP     estab   NBP     transp     evap    interc  nuptake ndemand  nlosses ninflux
------ ------- ------- ------- ---------- ------- ------- ------- -------- ------- -------
  -824 -150.790   0.000 -150.790  1285191.2 509066.2 120486.9 37630.9   9827.9  4353.9  4044.4
  -823 -188.105   0.001 -188.103  1326562.4 487969.0 127443.0 36324.1  11567.4  6196.0  4364.2
  -822 -115.109   0.004 -115.105  1234057.3 501006.5 150018.8 34888.6  10235.7  6289.2  4206.9
  -821 506.445  -0.004 506.442  1364999.8 464701.8 143835.9 36794.0  13338.2 10834.3  5342.4
  -820 -69.976  -0.001 -69.976  1281211.8 358532.6 89589.6 37065.6   8781.1  5622.0  3784.9
  -819 733.898  -0.004 733.894  1666369.4 504614.8 231105.2 50851.8  14649.5 16553.6  6057.8
  -818 383.563  -0.002 383.561  1705525.9 316815.3 140880.9 34496.1  12906.2 11460.8  4748.0
  -817 -243.112   0.003 -243.109  1597413.0 486172.4 171468.0 34697.7  11442.7  6214.7  4165.7
  -816 455.871  -0.003 455.869  1776410.6 575730.9 242912.8 41934.0  13573.0 12478.7  4973.6
  -815 -105.972   0.002 -105.970  1706129.4 456515.8 148595.5 33004.3  11558.0  8682.5  3920.4
  -814 134.401  -0.000 134.400  1836564.4 505793.6 249366.6 34961.8  15298.0 12785.5  5185.5
  -813 204.753  -0.000 204.753  1870685.6 364240.6 237325.2 41731.4  14062.8  5072.1  4894.0
  -812 -825.671   0.017 -825.654  1488393.1 461177.0 149751.0 24391.9  11015.5  3838.0  3686.5
  -811 350.885  -0.007 350.878  1554963.5 402306.9 141139.6 39340.5  12720.7  4107.4  4698.3
  -810 -628.442   0.017 -628.425  1196559.8 391883.3 105178.6 28303.3   8799.0  4587.5  3465.1
  -809 -31.275  -0.005 -31.280  1141243.7 389155.6 82737.6 27059.0   9079.2  4156.9  3697.8
  -808 637.028  -0.004 637.023  1481830.1 357200.9 112637.1 43531.4  12685.8 12568.4  5336.6
  -807 983.552  -0.004 983.548  1763508.2 452370.7 233227.7 46332.3  12820.5  9319.8  5637.6
  -806 -29.788  -0.000 -29.789  1685248.9 425955.2 179111.1 30953.7  12585.4  6864.1  4642.5
  -805 167.763   0.000 167.763  1663271.8 527711.0 209142.6 37413.7  12199.4  3988.7  4682.4
  -804 -59.179   0.000 -59.179  1634865.4 378601.3 207876.1 34127.5  12783.5  2911.9  4471.5
  -803 -429.461   0.002 -429.459  1442045.2 352573.8 134531.5 30847.5  13314.7  3546.3  4293.5
  -802 -484.330   0.015 -484.315  1362646.9 359076.1 129915.0 29502.5  11358.1  5394.8  4053.6
  -801 -95.558  -0.004 -95.563  1350085.5 517942.9 159626.2 35120.0  12335.7  4801.6  4696.5
  -800 404.810  -0.002 404.807  1549480.2 613960.8 193468.3 37283.8  12250.5  5466.2  5031.2

         Carbon flux (ktC/yr)        Water (dam3/yr)                Nitrogen (MgN/yr)
       ----------------------- -------------------------- --------------------------------
Spinup NEP     estab   NBP     transp     evap    interc  nuptake ndemand  nlosses ninflux
------ ------- ------- ------- ---------- ------- ------- ------- -------- ------- -------
  -799 358.010  -0.002 358.009  1567604.7 460966.6 162833.2 35902.2  12894.3  3468.3  5089.8
  -798 -232.073   0.000 -232.072  1554326.8 548203.7 247331.9 29567.1  14674.3  1117.8  5374.7
  -797 -23.498  -0.000 -23.498  1599659.6 582969.1 205158.1 33777.8  13547.6  1687.7  5237.3
  -796 306.230  -0.001 306.229  1741377.4 538773.1 251454.7 36770.3  15627.9  2545.5  6217.3
  -795 101.722   0.000 101.722  1666199.9 432354.7 171680.3 30666.9  13886.1  1385.8  4901.1
  -794 -571.332   0.013 -571.319  1464483.6 464564.8 179975.1 29018.8  11978.3  2816.2  4268.7
  -793 150.284  -0.005 150.279  1503176.5 442308.0 143718.0 35424.5  12990.7  4924.6  5060.1
  -792 -847.962   0.038 -847.925  1142367.2 377140.5 98869.3 18048.4   9041.6  3844.4  3439.6
  -791 183.140  -0.015 183.125  1140047.6 475936.6 117968.5 36600.0   9978.6  4539.2  4406.3
  -790 386.694  -0.003 386.691  1390710.3 604646.8 202252.4 38348.4  12529.9  8229.5  5618.9
  -789 573.701  -0.004 573.698  1674684.0 412982.6 203344.7 42263.2  13677.2 12650.4  6066.0
  -788 -137.178   0.000 -137.177  1458347.5 367202.1 118968.7 29360.4  10016.3  3714.9  4012.9
  -787  24.190  -0.000  24.190  1521577.6 400868.5 137598.2 34018.6  12987.0  3885.8  4944.1
  -786  46.485   0.002  46.487  1503022.2 405263.2 162684.4 32409.4  12013.8  3959.5  4720.2
  -785 301.064  -0.002 301.062  1628013.3 451246.3 210846.7 35394.8  13891.6  4715.2  5558.5
  -784 307.595  -0.001 307.594  1760302.0 381884.1 232070.6 40726.7  13767.5  6390.6  5255.4
  -783 116.184  -0.000 116.184  1753316.7 557631.4 218933.4 30663.6  12360.6  4146.2  4613.3
  -782 484.152  -0.001 484.152  1852123.1 420236.5 284226.0 39794.2  15133.1  4319.5  5670.7
  -781 149.146   0.000 149.146  1834552.6 423206.0 243259.9 32080.0  14943.9  3508.2  5389.2
  -780 175.516   0.001 175.518  1692613.8 407733.0 276043.9 31850.9  13276.6  2617.0  4927.9
  -779 -563.560   0.004 -563.556  1560948.7 349669.9 164682.4 26679.1  14972.6  2079.7  4961.7
  -778 -289.426   0.009 -289.417  1357347.9 404692.1 174701.1 29817.1  11728.1  2997.9  4688.5
  -777 114.669  -0.003 114.666  1453061.1 594717.8 241298.7 35267.7  13834.6  6883.1  5831.6
  -776 -80.187   0.000 -80.186  1449354.4 502633.0 134732.6 30806.8  12716.6  6757.8  4940.4
  -775 -153.585   0.006 -153.578  1453848.6 473949.2 130820.9 30715.5  12361.8  3866.0  4724.5

         Carbon flux (ktC/yr)        Water (dam3/yr)                Nitrogen (MgN/yr)
       ----------------------- -------------------------- --------------------------------
Spinup NEP     estab   NBP     transp     evap    interc  nuptake ndemand  nlosses ninflux
------ ------- ------- ------- ---------- ------- ------- ------- -------- ------- -------
  -774 399.888  -0.005 399.883  1632743.0 433682.7 231103.1 40141.4  15190.7  4783.4  5897.5
  -773 -340.927   0.002 -340.925  1406443.7 359900.9 115862.9 25144.8  11069.8  3309.9  4179.1
  -772 270.983  -0.002 270.982  1600337.1 528586.7 219895.1 31751.9  14760.8 10896.0  5965.8
  -771 118.438  -0.000 118.438  1565415.8 566844.6 190126.9 31699.0  11806.8  2476.0  4893.3
  -770 -202.685   0.006 -202.678  1480581.8 355446.2 127925.5 28091.0  11627.2  3452.4  4432.4
  -769 287.530  -0.008 287.522  1549522.9 576812.2 226362.1 38697.6  13517.1  6252.1  5437.0
  -768 -217.833   0.001 -217.832  1420594.1 371757.3 118688.9 28757.6  11296.7  3370.2  4352.1
  -767 153.318  -0.001 153.316  1479503.1 550829.9 188929.8 34202.4  13793.3  2789.1  5475.2
  -766 219.756  -0.001 219.754  1668295.7 522449.8 241484.0 35335.9  15447.5  3361.4  6521.2
  -765 -449.172   0.006 -449.166  1360107.8 365475.9 121970.7 25802.7  10233.0  3101.1  3957.1
  -764 109.458  -0.003 109.454  1502064.3 448431.1 163489.3 31875.9  14236.4  5083.2  5533.2
  -763 365.205  -0.002 365.203  1622339.7 306955.1 137491.8 35907.6  13061.8  5046.7  5140.0
  -762  45.811  -0.000  45.811  1580735.1 407771.9 164708.9 27740.3  13660.7  5385.0  5192.4
  -761 590.887  -0.001 590.886  1799669.1 415780.7 262475.8 46489.9  13392.1  4566.1  5719.3
  -760 -174.297   0.006 -174.291  1657223.7 442964.6 149105.9 28290.7  12395.0  2140.5  4388.1
  -759 -577.375   0.003 -577.373  1372265.0 346532.5 121167.5 26007.3   9863.9  3730.8  3626.1
  -758 -187.880  -0.000 -187.880  1375339.1 367841.5 113886.0 32232.1  14421.4  2771.8  5025.2
  -757 295.481  -0.002 295.479  1644245.0 392001.4 202883.4 43141.9  14475.4  8090.1  5820.4
  -756 293.883  -0.000 293.882  1706281.3 568657.1 198413.9 31817.1  12265.4  3972.4  4954.2
  -755 -459.650   0.010 -459.640  1542780.7 453458.9 149588.4 26521.9  12130.5  2741.1  4389.0
  -754 -1244.718   0.042 -1244.676  1079664.6 512210.4 136445.2 19684.5   6736.4  3299.6  2943.3
  -753 581.362  -0.016 581.345  1221194.9 592402.8 97464.5 39159.9   8830.9  3771.3  4773.0
  -752 1161.859  -0.008 1161.850  1652368.5 583475.4 191782.3 40109.1  13524.6  6077.9  6709.9
  -751 838.539  -0.001 838.538  1846084.1 482758.9 233207.8 35061.2  11910.4  7420.4  5743.8
  -750 412.838  -0.002 412.837  1774418.6 298440.6 142936.9 33317.7  11860.1  6865.5  4944.0

         Carbon flux (ktC/yr)        Water (dam3/yr)                Nitrogen (MgN/yr)
       ----------------------- -------------------------- --------------------------------
Spinup NEP     estab   NBP     transp     evap    interc  nuptake ndemand  nlosses ninflux
------ ------- ------- ------- ---------- ------- ------- ------- -------- ------- -------
  -749 -347.141   0.002 -347.139  1629872.5 477797.1 175104.1 30420.9  11652.8  4643.5  4616.3
  -748 -631.925   0.002 -631.923  1454017.3 488089.6 142217.2 28392.6  11138.7  4544.3  4319.0
  -747 -504.821   0.002 -504.819  1250410.0 351206.1 90668.6 27469.2  10023.2  3103.7  3912.9
  -746 -15.119  -0.002 -15.120  1323168.5 380891.3 82210.6 34232.0  11403.7  5527.5  4627.7
  -745 457.200  -0.003 457.197  1572830.5 337103.1 120609.7 38061.8  13163.6  9684.4  5377.1
  -744 -223.086   0.001 -223.086  1458842.8 311379.1 97660.3 30501.8  10730.6  3673.2  4055.1
  -743 200.956  -0.001 200.954  1517512.5 406393.4 148973.7 33062.8  13655.6  4920.4  5056.7
  -742 495.204  -0.001 495.203  1684979.1 440393.3 152901.6 39157.6  11952.4  2885.3  4769.7
  -741 -924.763   0.020 -924.743  1446296.6 436945.8 147689.7 21036.3  11046.7  3396.7  3956.5
  -740 -114.433  -0.005 -114.438  1264999.7 419025.4 131906.5 31676.2  10534.8  4130.6  4388.1
  -739 -82.319  -0.000 -82.319  1307347.4 507498.1 153019.4 31321.0  12096.4  4166.8  4999.2
  -738 587.240  -0.004 587.237  1493820.9 485768.6 145252.2 39205.6  13168.8  5274.6  5523.0
  -737 591.529  -0.003 591.527  1686759.9 418926.3 250007.8 39248.2  13559.4  5389.5  5702.0
  -736 -217.778   0.001 -217.778  1584444.1 472684.7 176081.8 29220.6  12630.0  4093.3  4686.5
  -735 471.593  -0.001 471.592  1710824.7 461347.5 243968.6 39219.2  13886.7  5558.2  5608.7
  -734 127.242  -0.000 127.241  1769197.8 500376.7 256810.8 30333.3  15400.1 11476.9  5728.3
  -733 -180.134   0.001 -180.133  1595136.4 376768.2 171959.2 26806.5  14481.2  3502.4  5060.0
  -732 -426.436   0.017 -426.419  1509029.0 339726.6 132606.8 30254.5  10969.9  3934.7  4078.0
  -731 553.677  -0.009 553.669  1676813.4 561800.1 232459.0 43386.3  15636.9  4329.9  6276.4
  -730  84.325   0.001  84.325  1655600.8 386319.8 175543.4 28862.6  12596.8  2768.1  4930.3
  -729 -998.369   0.056 -998.313  1217695.2 371406.8 100678.8 14656.4   9072.2  3345.1  3450.2
  -728 240.388  -0.024 240.364  1197458.9 650277.5 197667.8 36778.9   8472.1  7829.4  4134.4
  -727 540.518  -0.004 540.514  1564402.2 611238.0 177570.1 35179.5  12179.9  6118.9  5699.6
  -726 232.038  -0.002 232.036  1615130.9 438947.7 166048.9 31637.2  12684.4  7881.2  5351.3
  -725 310.823  -0.001 310.822  1736418.4 540037.9 237144.7 37930.6  12838.5  8156.3  5358.1

         Carbon flux (ktC/yr)        Water (dam3/yr)                Nitrogen (MgN/yr)
       ----------------------- -------------------------- --------------------------------
Spinup NEP     estab   NBP     transp     evap    interc  nuptake ndemand  nlosses ninflux
------ ------- ------- ------- ---------- ------- ------- ------- -------- ------- -------
  -724 299.047  -0.001 299.046  1781056.8 298417.8 147953.6 32701.6  13931.6  5560.6  5101.9
  -723  79.838   0.000  79.838  1803538.4 549790.7 211098.4 34043.9  12155.7  2701.3  4739.5
  -722 -471.012   0.003 -471.009  1619364.2 330047.0 124465.7 27841.5  12104.5  2069.3  4193.8
  -721 -918.769   0.016 -918.753  1358593.2 452926.5 147146.3 22897.5  11109.5  3187.7  4104.5
  -720 -56.973  -0.004 -56.976  1266705.9 395741.4 131940.2 31958.8  11305.2  2779.0  4673.6
  -719 254.682  -0.002 254.680  1327143.7 580743.8 216724.6 37728.2  11577.9  7563.8  5149.1
  -718 278.104  -0.003 278.101  1431170.9 432211.2 154043.5 28474.5  13764.5 11000.4  5677.9
  -717 780.246  -0.003 780.243  1813152.5 484955.8 244199.3 43125.8  12100.8  8535.3  5629.4
  -716 301.671  -0.001 301.670  1784323.0 542745.2 254245.6 34244.1  13028.3  7005.4  5231.1
  -715 -329.016   0.002 -329.014  1551773.8 355953.8 129893.6 27678.6  10935.2  3935.1  4013.1
  -714 -714.256   0.004 -714.253  1361463.0 297593.2 106024.4 27461.9  11941.8  2563.4  4092.6
  -713 -192.778   0.001 -192.777  1364183.9 496003.1 158246.5 31093.8  13048.6  4134.0  4905.4
  -712 366.535  -0.003 366.533  1533441.9 608206.8 190298.8 35251.3  12576.8  5038.0  5313.1
  -711 587.964  -0.003 587.961  1720930.9 544227.0 245720.5 38123.7  14433.7  5069.2  6398.3
  -710 -326.069   0.002 -326.066  1560959.1 333760.6 123653.4 27884.3  12106.6  2536.3  4361.7
  -709  74.304  -0.000  74.304  1568372.4 370657.2 147981.4 35581.1  13326.3  2865.2  4936.2
  -708 -766.170   0.015 -766.155  1283296.1 342193.8 116272.1 25238.7  10081.6  3287.7  3660.3
  -707  93.077  -0.005  93.072  1243882.4 404785.5 112520.4 33801.2  12837.5  3406.8  4828.6
  -706 814.549  -0.004 814.545  1662998.6 510100.2 228829.9 41949.4  13387.1  9564.4  5732.9
  -705 -330.736   0.001 -330.735  1430117.9 481319.5 145130.1 27957.4  10842.4  4062.9  4118.6
  -704 310.241  -0.001 310.240  1587174.1 407013.6 144524.0 40472.0  11946.2  5255.8  4595.9
  -703 239.049  -0.001 239.048  1695214.9 514173.4 237506.1 31721.8  15154.6 14734.8  5736.8
  -702 379.432  -0.001 379.432  1729224.9 397200.3 258778.2 38113.3  14287.0  4323.2  5491.8
  -701  16.735   0.002  16.736  1626038.0 522827.7 211962.4 30015.5  13318.3  2861.0  4957.0
  -700 -29.397   0.002 -29.395  1626159.8 366291.1 159583.1 33975.0  12537.6  2058.6  4436.4

         Carbon flux (ktC/yr)        Water (dam3/yr)                Nitrogen (MgN/yr)
       ----------------------- -------------------------- --------------------------------
Spinup NEP     estab   NBP     transp     evap    interc  nuptake ndemand  nlosses ninflux
------ ------- ------- ------- ---------- ------- ------- ------- -------- ------- -------
  -699 -1390.705   0.050 -1390.655  1174507.4 500983.8 137096.1 18232.8   8221.6  2866.9  3321.4
  -698 553.448  -0.022 553.426  1262446.8 475091.6 112745.9 37675.9  11692.2  3199.7  5624.8
  -697 901.931  -0.005 901.926  1618801.9 502400.4 209554.1 35343.6  12603.4  6743.3  5726.6
  -696 347.726  -0.002 347.724  1675914.2 589731.7 191969.0 33300.7  10959.5  5019.9  5076.8
  -695 372.181  -0.002 372.179  1700115.2 404045.1 169170.8 35344.0  12126.2  4278.3  5144.7
  -694 -220.859   0.001 -220.858  1559812.6 352099.0 131693.5 29868.1  13426.2  2985.3  4729.3
  -693 -53.285   0.001 -53.284  1614336.6 397058.0 193459.2 35880.5  13022.3  3689.2  5005.3
  -692 -553.820   0.016 -553.803  1445098.2 476475.8 172525.0 26070.9  12016.8  4403.2  4558.2
  -691 -282.901  -0.003 -282.904  1265454.5 407849.0 111255.2 30298.3  10184.5  5012.1  4191.9
  -690 141.873  -0.003 141.870  1446273.9 455135.0 159634.8 33404.1  14639.4  5180.0  5646.7
  -689 -261.550   0.000 -261.550  1460004.9 464609.4 138936.4 31459.1  12255.1  2920.3  4845.2
  -688 533.543  -0.004 533.540  1592043.9 425818.7 242444.2 40271.6  13761.9  4256.9  5484.8
  -687 234.428  -0.001 234.427  1687991.9 567233.2 204196.3 32562.8  12269.9  3255.9  4953.5
  -686  25.478  -0.000  25.478  1625161.7 399881.8 170210.1 28405.7  13639.8  4628.9  5078.1
  -685 194.342  -0.001 194.341  1721632.5 390583.6 199443.8 41358.6  12532.8  3432.6  4874.2
  -684 -989.799   0.024 -989.775  1454504.8 439575.5 153567.9 19143.1  11886.6  3481.9  4111.5
  -683 -923.392   0.038 -923.354   964941.8 372618.4 97590.7 15062.4   7567.6  4541.2  3227.5
  -682 726.734  -0.029 726.705  1082886.6 572840.1 194272.9 42643.0   9146.5  6359.9  4777.8
  -681 -375.688   0.002 -375.686  1024663.1 390504.2 89042.7 21691.5  10081.0  3341.7  4258.1
  -680 125.546  -0.002 125.544  1191286.3 442407.2 113134.4 37181.4  11464.3  3748.0  5246.4
  -679 411.535  -0.004 411.531  1372998.3 441643.0 114744.8 39688.3  11543.2  3679.6  5273.6
  -678 -505.402   0.001 -505.401  1278519.6 474461.4 122666.5 26238.6  12181.2  3555.6  4900.0
  -677 740.905  -0.004 740.901  1594072.4 497534.7 205891.7 40123.2  12982.4  9221.2  5642.7
  -676 461.404  -0.003 461.401  1617478.9 313799.3 127287.1 33813.5  12403.8 11500.0  4979.3
  -675 -108.625  -0.001 -108.625  1575569.7 479823.6 163757.9 32350.5  11905.1  6554.4  4591.6

         Carbon flux (ktC/yr)        Water (dam3/yr)                Nitrogen (MgN/yr)
       ----------------------- -------------------------- --------------------------------
Spinup NEP     estab   NBP     transp     evap    interc  nuptake ndemand  nlosses ninflux
------ ------- ------- ------- ---------- ------- ------- ------- -------- ------- -------
  -674 -829.840   0.033 -829.808  1285522.6 383749.8 97057.0 21013.8   9335.8  6889.0  3430.0
  -673 290.877  -0.014 290.862  1290147.9 349253.1 113191.6 34424.4  10156.2  7071.8  4098.4
  -672 328.780  -0.003 328.777  1517804.3 499495.0 113733.0 38380.5  10553.4  6865.4  4522.0
  -671 392.914  -0.001 392.912  1721948.2 509458.9 216961.2 32552.5  14147.6 16918.7  5557.2
  -670 501.192  -0.001 501.191  1909953.3 437157.1 241386.9 35942.0  13554.8  5156.6  5367.4
  -669 475.137   0.000 475.137  1834604.4 419895.0 239626.2 33142.8  13174.2  3379.3  5156.3
  -668 -173.724   0.001 -173.723  1720377.2 371003.2 200046.1 31117.8  14323.4  2339.0  4824.2
  -667 -1100.937   0.073 -1100.864  1185921.9 363606.8 100793.5 12870.8   8995.0  3566.0  3286.4
  -666 441.040  -0.033 441.007  1229033.3 541747.7 142578.9 39328.3  10253.2  5810.7  4284.6
  -665 -76.458  -0.001 -76.459  1355897.7 348185.7 84735.0 28048.8  10429.9  2403.0  4330.2
  -664 -138.555   0.002 -138.553  1464377.6 394090.9 112549.2 32737.9  11702.6  5779.1  4713.4
  -663 428.619  -0.002 428.617  1598432.8 402460.9 127176.1 39270.7  11522.5  3348.8  4755.6
  -662 -17.455  -0.000 -17.455  1608810.9 418051.3 156094.6 28910.4  13674.1  4824.0  5023.5
  -661 211.428  -0.000 211.427  1629873.7 521582.1 184813.0 35483.9  12485.1  2935.2  4892.0
  -660 -373.912   0.004 -373.908  1480447.9 368764.1 139362.3 27741.6  12102.9  2898.7  4397.9
  -659 245.005  -0.001 245.003  1616289.8 521477.7 220118.2 32967.3  15082.9  7315.0  5897.7
  -658 487.908  -0.002 487.906  1821985.1 453081.9 236476.7 36310.4  14003.6  6641.4  5648.5
  -657 -421.073   0.002 -421.071  1486142.0 321462.0 97018.2 26404.5  10781.6  2390.4  3702.4
  -656 306.241  -0.002 306.239  1828027.7 397950.2 207276.8 40804.4  15411.5  8770.5  5883.3
  -655 207.623  -0.000 207.623  1772259.0 419571.9 160234.8 29568.1  13549.1  2816.7  4888.6
  -654  48.053   0.001  48.054  1755823.4 405868.4 219419.0 32260.3  13568.0  3260.8  5082.9
  -653 -332.382   0.003 -332.379  1597757.8 337292.0 154106.1 28384.3  12945.6  1990.8  4407.7
  -652 -601.519   0.004 -601.515  1415580.2 345440.4 146443.5 28329.9  11318.2  2575.6  4204.2
  -651   8.450  -0.000   8.449  1388526.3 409294.2 178466.4 34613.9  13210.5  2823.4  5033.8
  -650 136.153   0.000 136.154  1387855.1 560989.0 193687.3 32847.8  13246.7  4847.9  5387.3

         Carbon flux (ktC/yr)        Water (dam3/yr)                Nitrogen (MgN/yr)
       ----------------------- -------------------------- --------------------------------
Spinup NEP     estab   NBP     transp     evap    interc  nuptake ndemand  nlosses ninflux
------ ------- ------- ------- ---------- ------- ------- ------- -------- ------- -------
  -649 -396.858   0.005 -396.853  1332125.3 343743.4 112711.1 26616.3  12455.4  2508.5  4626.6
  -648 393.307  -0.003 393.304  1537232.7 420864.7 203982.7 44825.8  14767.1  7104.7  6066.0
  -647 335.390  -0.003 335.387  1648603.8 579569.9 201802.2 31211.2  12523.4  4797.0  5124.6
  -646  98.479  -0.003  98.476  1661569.5 431297.2 181016.5 32033.8  13207.3  6872.3  4971.5
  -645 411.978  -0.002 411.976  1868666.0 511579.3 255504.3 39472.1  15115.2  5094.5  6173.1
  -644  23.015   0.001  23.016  1724761.3 376352.5 186967.3 30193.0  12391.6  2792.4  4618.4
  -643 308.848   0.001 308.849  1698273.8 414225.5 258667.6 33540.3  13541.8  3085.7  5231.5
  -642  21.715   0.002  21.717  1615876.9 408334.2 256638.8 29869.8  14275.5  2852.4  5423.0
  -641 -112.803   0.001 -112.802  1691017.0 507548.3 252289.8 31143.1  16726.8  4827.8  6084.3
  -640  32.635  -0.001  32.634  1756254.0 367415.6 225531.9 37840.9  15743.6  3804.5  5821.4
  -639  73.533  -0.001  73.532  1694388.2 523607.8 211383.9 31058.7  14008.1  2120.4  5221.2
  -638 141.407  -0.000 141.407  1773653.7 385032.2 273391.2 35273.5  14712.4  2616.3  5532.8
  -637  13.934   0.000  13.934  1786041.3 418741.6 228597.3 32158.9  15530.8  2804.5  5663.0
  -636 -1153.207   0.067 -1153.141  1191767.8 354307.6 108921.1 12275.3   8599.4  2489.9  3193.8
  -635 215.540  -0.038 215.502  1151415.5 640119.4 176284.4 34185.1   8331.7  3754.6  3903.2
  -634 101.511  -0.002 101.508  1427019.4 418136.2 175428.8 33736.5  12716.5  2647.6  5549.1
  -633 607.504  -0.004 607.500  1718080.5 496909.4 229326.0 40032.2  13156.5  5948.7  6054.7
  -632 646.594  -0.003 646.591  1929054.2 473420.3 249933.1 36572.2  12999.0  7487.3  5629.4
  -631 -418.094   0.008 -418.086  1655201.2 339268.0 139121.7 26083.0  10621.0  3687.3  4028.6
  -630  42.757  -0.007  42.750  1678173.4 429508.1 174453.4 36442.8  13358.8  5007.1  4951.5
  -629 399.450  -0.002 399.448  1903239.5 506764.5 251019.3 40510.8  14820.9  3451.8  6130.8
  -628 -134.518   0.001 -134.517  1759973.9 372928.6 211213.5 31088.7  13177.8  2047.6  4655.1
  -627 -714.696   0.023 -714.673  1335254.3 348038.4 125956.7 22754.4   8930.6  4154.1  3569.6
  -626 -730.714  -0.001 -730.715  1263103.1 492994.8 137446.1 25099.9  11437.1  3029.9  4446.6
  -625 -449.907  -0.003 -449.910  1167495.1 360675.9 103015.9 28441.3  10798.5  2615.8  4467.6

         Carbon flux (ktC/yr)        Water (dam3/yr)                Nitrogen (MgN/yr)
       ----------------------- -------------------------- --------------------------------
Spinup NEP     estab   NBP     transp     evap    interc  nuptake ndemand  nlosses ninflux
------ ------- ------- ------- ---------- ------- ------- ------- -------- ------- -------
  -624 325.016  -0.004 325.012  1345635.0 486480.1 150211.5 36546.7  13112.2  6549.2  5723.3
  -623 235.078  -0.003 235.075  1451186.6 506158.1 156186.4 36335.9  11307.8  3920.3  5159.2
  -622 584.825  -0.003 584.822  1614892.1 428104.1 161314.7 39327.3  11889.4  5111.7  5152.0
  -621 467.948  -0.002 467.945  1742321.5 437851.7 218035.8 35042.0  13354.1  4411.2  5502.7
  -620 -1260.571   0.029 -1260.542  1267228.6 480166.9 150937.4 20558.6   7947.2  3212.6  2876.2
  -619 877.117  -0.013 877.104  1417611.1 515249.1 205695.2 38430.8  11362.9  4439.4  5377.4
  -618 107.763  -0.001 107.762  1475485.3 410403.4 129963.8 30788.1  12483.5  3609.7  5288.4
  -617 -93.752   0.005 -93.747  1462307.8 487944.1 119212.9 33217.0  11223.8  2497.5  4506.8
  -616 -913.297   0.009 -913.288  1241511.6 484246.1 119181.0 23004.3   9747.9  2606.1  3625.0
  -615 914.326  -0.009 914.317  1565480.9 594990.6 185272.0 42877.1  13861.8  6282.0  6436.5
  -614 379.459  -0.002 379.457  1597781.8 401904.1 147604.0 30892.6  11312.8  3876.3  4855.5
  -613 379.167  -0.002 379.165  1706512.2 434100.3 196855.2 33681.9  13279.5  4758.9  5485.6
  -612 245.474  -0.001 245.474  1711431.8 419843.0 210479.2 32980.1  12740.8  3813.1  5063.8
  -611  52.622   0.003  52.625  1605687.0 373521.5 175506.5 31905.3  10835.0  2640.7  4173.4
  -610 -1086.046   0.029 -1086.016  1253215.2 500023.9 144093.5 20323.0   9523.9  2659.9  3579.3
  -609 211.238  -0.011 211.227  1223713.0 420319.6 104877.3 35386.4  11848.5  3314.0  5113.0
  -608 463.439  -0.003 463.437  1407985.0 579705.5 176449.9 37816.4  12044.5  4287.0  5482.1
  -607 151.405  -0.001 151.403  1493363.5 556658.2 222307.4 33266.5  12167.7  7473.4  5276.1
  -606 608.702  -0.002 608.700  1667950.9 462621.9 227766.5 37110.1  13213.5  6132.0  5802.4
  -605 -119.058   0.004 -119.055  1628536.3 446504.0 130011.2 29938.7  12204.7  3674.3  4478.5
  -604 131.580  -0.001 131.579  1735660.6 373676.0 136006.1 36412.6  11959.5  3748.9  4348.5
  -603 -1155.136   0.078 -1155.059  1159254.7 355901.2 87259.9 11583.9   8264.9  5000.1  3114.5
  -602 -598.352  -0.023 -598.375   909444.0 416653.9 67518.4 24488.4   5229.0  6777.5  2593.9
  -601 436.218  -0.013 436.205  1291983.3 579204.0 112927.9 38815.9  11085.1 11070.7  5232.0
  -600 403.006  -0.004 403.002  1401675.0 393117.2 92077.1 35830.6  11997.7  7462.3  5280.5

         Carbon flux (ktC/yr)        Water (dam3/yr)                Nitrogen (MgN/yr)
       ----------------------- -------------------------- --------------------------------
Spinup NEP     estab   NBP     transp     evap    interc  nuptake ndemand  nlosses ninflux
------ ------- ------- ------- ---------- ------- ------- ------- -------- ------- -------
  -599  13.649  -0.001  13.648  1467073.8 489315.1 136176.3 33802.0  10478.3  5080.1  4536.9
  -598 550.586  -0.004 550.583  1705432.8 537494.6 205970.8 37424.7  12682.4 28924.2  5272.5
  -597 -819.021   0.051 -818.969  1231241.6 356550.6 90218.7 17134.5   7644.1  5595.1  3114.0
  -596 543.153  -0.025 543.128  1283015.0 497046.7 150113.4 40439.4   9492.5  5387.3  4264.8
  -595 526.699  -0.003 526.696  1562294.1 313793.9 118066.5 34871.7  11898.2  7420.3  4880.6
  -594 639.997  -0.003 639.994  1821357.4 436758.9 194383.4 37985.1  12892.0  6994.0  5315.0
  -593  75.329  -0.000  75.329  1783242.2 515876.6 240028.7 31859.8  11458.7  8688.3  4360.9
  -592 416.764  -0.001 416.764  1980460.7 404354.0 260872.2 41092.6  15662.7  8560.9  5776.7
  -591 200.977  -0.000 200.977  2010334.2 489346.8 259541.9 34012.2  16236.5  3976.8  5972.8
  -590 213.193   0.000 213.194  1971944.8 381897.1 277555.7 34475.2  14953.0  3333.8  5241.2
  -589 -1119.155   0.043 -1119.112  1479197.8 306080.4 111930.1 19102.2   9824.8  3154.8  3322.7
  -588 829.950  -0.021 829.929  1652978.2 581041.1 219270.2 38345.1  12653.9 10200.2  5078.4
  -587 -493.255   0.016 -493.239  1523230.6 322556.6 128599.0 21501.2  10083.6  4298.0  3950.7
  -586 708.482  -0.010 708.472  1818883.6 494364.1 230537.6 39804.5  13004.7  7032.8  5618.1
  -585 401.934  -0.001 401.932  2014205.5 448403.5 253148.8 32747.3  13470.4  8856.7  5562.9
  -584 -479.269   0.009 -479.260  1566666.0 345723.8 124384.0 25943.8  10180.9  3644.6  3733.5
  -583 -885.821   0.016 -885.805  1395290.7 461479.2 138180.5 21113.7  12332.3  3363.8  4348.3
  -582 -458.366  -0.003 -458.369  1210485.8 496767.7 151608.2 27649.0  10943.0  4088.7  4462.8
  -581 -136.566  -0.001 -136.566  1254132.3 357408.2 88985.9 32676.7  12175.8  4880.8  4920.5
  -580 675.940  -0.003 675.937  1443037.4 477125.4 208151.7 39579.7  13034.2  4573.3  5881.0
  -579 218.088  -0.001 218.087  1517494.2 406813.0 130772.6 33668.9  12085.2  3365.1  4951.7
  -578 -48.416   0.000 -48.416  1448306.6 535349.8 177967.3 30599.7  12805.5  3541.4  5117.0
  -577 -949.147   0.054 -949.093  1111594.0 360210.4 90601.2 15353.8   9032.8  3890.1  3534.2
  -576 526.873  -0.025 526.849  1119465.8 550988.1 119434.1 39134.8  10274.0  4071.4  4351.8
  -575 694.319  -0.005 694.315  1620657.3 500507.7 198811.5 36174.6  12707.8  8342.9  6022.9

         Carbon flux (ktC/yr)        Water (dam3/yr)                Nitrogen (MgN/yr)
       ----------------------- -------------------------- --------------------------------
Spinup NEP     estab   NBP     transp     evap    interc  nuptake ndemand  nlosses ninflux
------ ------- ------- ------- ---------- ------- ------- ------- -------- ------- -------
  -574 504.329  -0.003 504.326  1816898.2 386854.3 197828.0 39078.6  13229.9 13967.6  5770.2
  -573 290.668  -0.001 290.667  1820093.8 290152.4 137986.2 31725.1  12718.0  5727.0  4754.0
  -572 -111.175   0.001 -111.174  1725760.6 384544.1 163602.7 27229.6  13714.0  4797.5  4792.4
  -571 -411.105   0.015 -411.090  1452052.8 351528.9 116996.2 30679.0   9133.8  4415.1  3569.3
  -570 378.297  -0.007 378.290  1658959.6 534721.7 222411.8 34974.7  15025.5  9519.9  5831.5
  -569 -78.018   0.001 -78.017  1602433.6 434161.8 127502.1 29072.2  12084.2  1743.9  4418.6
  -568  -5.521  -0.000  -5.521  1635435.8 422375.5 145065.7 31292.8  13675.0  1574.4  4800.3
  -567 -1001.542   0.023 -1001.519  1321537.0 290990.2 97041.5 20786.8   9865.1  2514.3  3563.4
  -566 -96.392  -0.000 -96.392  1238586.2 381601.9 103717.9 27989.6  10780.3  5022.8  4402.3
  -565 -478.293   0.008 -478.285  1092437.8 389044.8 81605.5 23043.3   9713.3  4170.1  3940.0
  -564 927.418  -0.008 927.409  1499027.8 538384.8 186903.7 43109.0  12601.0  6393.1  5734.7
  -563 544.854  -0.003 544.851  1561967.1 465303.5 137150.3 31849.5  12486.2  5501.1  5477.7
  -562 -163.338   0.000 -163.338  1450620.5 351931.8 114466.0 30754.2  12692.9  3604.5  4778.1
  -561 -273.749   0.001 -273.748  1454993.1 342930.2 103818.0 31853.6  11919.9  3640.5  4561.5
  -560 555.328  -0.003 555.325  1661982.6 550116.4 221108.8 39847.5  14943.3  6688.2  6411.4
  -559 313.048  -0.001 313.047  1798063.0 514959.6 241762.5 32849.9  15303.4  5026.9  6400.7
  -558 -175.248   0.002 -175.246  1637348.9 377167.4 148247.5 30290.6  13140.1  3182.8  4776.9
  -557 -969.294   0.020 -969.274  1282309.8 306348.0 101466.5 21295.8  10352.4  2736.5  3698.4
  -556 309.892  -0.008 309.884  1321239.8 452166.9 138133.0 34035.4  13708.4  4589.4  5576.2
  -555 491.020  -0.003 491.017  1505223.3 557881.4 183280.2 35423.4  12001.7  3547.4  5390.7
  -554 290.514  -0.002 290.512  1695878.8 517818.7 234931.9 33574.2  15018.6  3699.5  6579.4
  -553 316.327  -0.000 316.326  1669446.7 425079.8 240312.6 31263.8  13120.0  2860.3  5433.9
  -552 -342.848   0.003 -342.845  1532191.2 379718.8 143799.7 29101.4  13926.8  2810.7  4952.9
  -551  27.046  -0.001  27.045  1642890.1 386828.2 208848.3 37845.1  15751.2  4622.7  5854.8
  -550 -476.577   0.004 -476.574  1548939.3 448234.8 144274.3 24938.2  13610.3  2281.0  4767.1

         Carbon flux (ktC/yr)        Water (dam3/yr)                Nitrogen (MgN/yr)
       ----------------------- -------------------------- --------------------------------
Spinup NEP     estab   NBP     transp     evap    interc  nuptake ndemand  nlosses ninflux
------ ------- ------- ------- ---------- ------- ------- ------- -------- ------- -------
  -549 145.826  -0.001 145.825  1540249.9 396824.5 186828.1 36192.6  12703.3  2070.9  4947.1
  -548 -921.926   0.012 -921.915  1268260.9 480677.8 139094.3 21415.3  10229.6  2266.8  3816.8
  -547 452.250  -0.005 452.245  1359508.5 343861.6 113913.5 35780.9  12795.8  5153.3  5436.6
  -546 302.695  -0.003 302.693  1445869.9 384393.0 111875.0 34887.7  12955.1  3560.0  5339.4
  -545 -638.997   0.005 -638.992  1320104.1 486192.2 131891.3 28342.7  10240.2  2616.3  3911.7
  -544 -293.596   0.002 -293.594  1238262.7 331574.7 91145.6 30650.8  11645.4  3265.6  4448.7
  -543 -319.810   0.002 -319.808  1186345.0 506640.0 122566.2 31673.0  11050.4  2974.0  4213.5
  -542 -159.947  -0.001 -159.948  1133000.5 380049.6 80822.7 30131.3  10865.0  3062.0  4286.5
  -541 601.923  -0.008 601.915  1495924.1 605365.7 202616.3 44811.3  15050.9 11273.4  6623.5
  -540 383.577  -0.003 383.574  1619844.9 527033.0 221047.2 29568.1  13757.9 19346.3  5630.0
  -539 291.304  -0.001 291.302  1646298.1 424931.7 202755.3 33882.7  13370.9  4245.4  5154.0
  -538 -405.108   0.015 -405.093  1463999.3 339002.0 114807.2 27721.5  10608.7  2826.4  3770.9
  -537 354.942  -0.007 354.935  1476645.6 430442.0 161339.9 37540.3  11771.0  3658.1  4506.5
  -536 498.229  -0.002 498.228  1600320.0 441176.6 239113.3 33756.2  13070.8  4272.1  5341.3
  -535 -90.880  -0.000 -90.880  1592968.7 541596.4 244256.0 32679.1  13922.3  5818.0  5236.5
  -534  47.270  -0.001  47.270  1677130.3 554713.8 243348.7 34994.8  14872.4  7993.4  5590.5
  -533 103.205  -0.001 103.204  1761856.8 398128.5 198426.6 33612.3  15375.8  3093.9  5441.2
  -532 -1036.748   0.021 -1036.728  1407179.5 458011.5 146023.9 20771.7  10974.0  2176.0  3717.8
  -531 -599.213  -0.003 -599.216  1179883.5 508188.4 127872.0 27560.4  10234.9  2582.3  4065.2
  -530 498.560  -0.004 498.556  1377648.5 340566.1 112206.1 35701.8  13321.5  5221.3  5453.7
  -529 764.914  -0.005 764.910  1697023.3 561782.2 218393.3 39758.9  13960.9  6522.6  6399.8
  -528 -859.165   0.039 -859.127  1281624.7 361780.5 98397.2 15852.5   8745.5  3728.5  3415.1
  -527 399.740  -0.017 399.723  1306057.3 627452.9 200439.5 36932.9   9042.2  8626.7  4247.0
  -526 132.382  -0.002 132.380  1511262.5 500863.4 116495.7 34230.0  11027.6  6837.5  4710.7
  -525 -472.393   0.006 -472.387  1460821.1 457909.9 128825.7 28446.7  12046.0  2947.6  4461.2

         Carbon flux (ktC/yr)        Water (dam3/yr)                Nitrogen (MgN/yr)
       ----------------------- -------------------------- --------------------------------
Spinup NEP     estab   NBP     transp     evap    interc  nuptake ndemand  nlosses ninflux
------ ------- ------- ------- ---------- ------- ------- ------- -------- ------- -------
  -524 579.550  -0.005 579.545  1651515.2 523964.2 215049.7 36701.9  13525.1  9789.0  5579.5
  -523 -338.750   0.016 -338.734  1477099.0 328693.4 123478.8 25122.7  10341.7  3840.7  3993.3
  -522 732.619  -0.010 732.610  1761380.4 502870.8 227347.1 43224.2  13409.2  6273.0  5509.6
  -521 381.546  -0.001 381.545  1785586.3 390365.9 170727.7 33151.7  12011.0  3057.1  4729.1
  -520 410.294  -0.001 410.293  1923038.2 396078.6 269788.2 38079.0  14670.8  3761.8  5614.9
  -519 -652.025   0.004 -652.021  1652927.6 454703.0 187178.7 25584.9  12532.5  2952.8  4267.6
  -518 -80.762   0.000 -80.762  1607286.4 409436.4 147639.8 34462.4  13361.6  4466.8  5041.0
  -517 259.219  -0.001 259.218  1578500.7 438847.4 240604.8 32973.0  13641.4  2947.1  5334.5
  -516 -10.432  -0.001 -10.433  1723354.2 373714.3 225997.6 36858.3  15754.0  4230.1  5837.3
  -515 -178.317   0.002 -178.315  1658993.8 446004.7 139256.6 29668.1  12603.5  2184.6  4412.7
  -514 -568.734   0.005 -568.729  1404320.0 341482.0 116640.3 26158.8   9978.9  3530.0  3626.9
  -513 -703.370   0.003 -703.367  1292419.6 308211.6 93019.9 27341.9  11774.1  2858.4  4074.6
  -512 432.422  -0.003 432.419  1490495.3 460454.1 177451.7 37681.0  14387.8  5906.7  5857.4
  -511  56.678   0.000  56.678  1464804.1 401602.6 131728.6 31955.0  11524.3  3598.6  4782.2
  -510 306.328  -0.002 306.326  1663911.8 392929.5 206129.4 40323.8  14116.9  7384.2  5679.9
  -509 257.152  -0.000 257.151  1742689.0 561574.0 201532.3 33010.2  11825.9  3990.9  4769.0
  -508 226.700  -0.001 226.700  1776635.7 395182.2 202462.2 36629.1  13284.6  2896.8  4976.9
  -507 -615.465   0.020 -615.445  1538296.2 329914.9 139867.4 24233.1  11209.5  4065.6  3930.4
  -506 -332.686  -0.011 -332.697  1411272.1 496044.1 167046.1 31809.1  11984.3  3728.3  4529.0
  -505 140.634  -0.002 140.632  1551307.1 457059.3 170365.4 33859.3  13758.2  6012.5  5317.2
  -504 -260.544   0.000 -260.544  1425258.4 333709.5 95561.3 31438.2  10443.7  2263.4  3876.1
  -503 -261.637  -0.000 -261.637  1415920.7 394170.8 112355.4 33569.9  10756.1  5267.4  4234.7
  -502 243.664  -0.002 243.662  1573850.7 402017.1 133311.3 36686.3  12517.5  3525.0  4728.5
  -501 -110.917  -0.000 -110.917  1582178.6 423456.4 159861.1 29953.4  13804.3  5497.7  5026.8
  -500 298.358  -0.001 298.357  1677521.3 392956.0 159434.2 38541.3  11970.1  3378.5  4699.2

         Carbon flux (ktC/yr)        Water (dam3/yr)                Nitrogen (MgN/yr)
       ----------------------- -------------------------- --------------------------------
Spinup NEP     estab   NBP     transp     evap    interc  nuptake ndemand  nlosses ninflux
------ ------- ------- ------- ---------- ------- ------- ------- -------- ------- -------
  -499 -429.372   0.014 -429.357  1509746.9 341303.0 130045.7 24836.1  11076.7  3734.6  4036.3
  -498 316.201  -0.013 316.188  1539873.8 469568.8 149024.5 37294.6  13313.9  2676.9  5071.6
  -497 -33.532   0.000 -33.531  1488910.6 527082.8 195999.7 31070.8  12298.8  2984.3  4909.7
  -496 -1077.144   0.060 -1077.083  1082889.1 361573.3 97127.5 13441.7   8965.8  3441.3  3441.5
  -495 666.352  -0.028 666.323  1242348.7 555446.3 199833.9 46172.1  10355.4  7366.1  4940.4
  -494  77.318  -0.002  77.315  1366948.5 386932.0 107534.7 29980.7  13497.9  2859.5  5592.6
  -493 156.579  -0.001 156.577  1534228.2 449536.1 155516.1 35003.0  13039.5  6377.4  5433.9
  -492 322.760  -0.001 322.759  1683098.8 402547.9 180231.2 38241.9  12868.2  3774.8  5272.8
  -491 -773.712   0.006 -773.705  1394300.4 460001.0 138907.4 24775.7  10565.3  2503.0  3807.7
  -490 414.335  -0.004 414.331  1476387.1 420893.4 152635.3 37535.5  11954.4  3743.8  5005.2
  -489 545.980  -0.004 545.976  1591766.1 443095.5 229576.9 33372.2  12827.4  3654.2  5424.0
  -488 -208.275   0.001 -208.275  1507819.1 396011.1 161344.7 25044.5  14581.1  3877.3  5366.2
  -487 263.667  -0.001 263.666  1632478.0 446835.7 154550.0 40172.3  12694.7  2180.6  5088.0
  -486 -1076.693   0.058 -1076.636  1193817.9 361158.1 98345.9 13060.2   8782.4  3408.1  3314.5
  -485 391.249  -0.034 391.215  1207895.7 679090.3 162897.0 36644.5   9082.3  4046.5  4171.9
  -484 -179.871  -0.001 -179.872  1236781.4 368055.9 81897.8 28115.0  10500.7  2172.0  4363.4
  -483 414.802  -0.004 414.798  1523054.5 343448.2 114938.5 39865.0  12858.7  9866.7  5523.8
  -482 -135.563   0.001 -135.562  1417173.4 373419.5 105924.2 29687.4   9665.7  4615.7  4060.8
  -481 381.325  -0.003 381.323  1629431.7 443359.6 186683.2 36998.2  14664.6  5389.1  5819.9
  -480 -356.855   0.008 -356.847  1508313.4 468578.7 161975.5 27302.5  11099.1  4002.7  4353.4
  -479 372.562  -0.005 372.557  1593818.5 331695.3 131330.6 36665.2  13265.7  8034.5  5056.0
  -478 308.673  -0.001 308.672  1649349.2 537292.7 196365.5 35050.8  12302.7  4262.7  4888.0
  -477 356.735  -0.001 356.734  1927742.6 431764.4 259737.1 34142.8  13966.8  6182.2  5363.1
  -476  80.193   0.001  80.194  1844068.0 373218.0 157841.6 36522.0  11718.1  5306.6  4208.1
  -475 -271.754   0.002 -271.752  1694715.3 413053.7 162763.3 28213.6  13577.6  3600.8  4502.7

         Carbon flux (ktC/yr)        Water (dam3/yr)                Nitrogen (MgN/yr)
       ----------------------- -------------------------- --------------------------------
Spinup NEP     estab   NBP     transp     evap    interc  nuptake ndemand  nlosses ninflux
------ ------- ------- ------- ---------- ------- ------- ------- -------- ------- -------
  -474 -84.893   0.001 -84.892  1673732.9 410731.4 212243.4 31867.2  13593.4  5444.8  5114.3
  -473 183.014  -0.001 183.013  1768601.6 497381.6 247591.8 33285.8  14917.8 10892.8  5632.7
  -472  54.015   0.000  54.015  1735490.0 410029.3 219461.9 33180.1  14276.8  4705.8  5329.3
  -471 136.345  -0.000 136.345  1821520.4 489455.0 258060.7 32269.7  15148.8 10958.0  5624.0
  -470 -191.348  -0.514 -191.862  1687985.0 513664.6 256624.4 32553.3  13280.0  6235.7  4893.4
  -469 -1104.065   0.009 -1104.056  1015366.7 632151.3 133086.3 24327.4  11422.0  5511.4  4933.8
  -468 -147.927  -0.009 -147.936  1183711.4 684203.1 177952.1 34048.0  11202.3  5721.1  5632.3
  -467 196.790   0.003 196.793  1396714.1 509531.1 196401.5 37073.5  13997.3  7651.0  6772.4
  -466 149.602  -0.001 149.600  1494304.3 603545.3 237302.5 38592.4  14143.0  4937.1  7027.2
  -465 -464.436   0.009 -464.427  1340543.3 532628.6 170686.1 32686.8  12242.1  3879.6  5322.8
  -464 -147.858   0.004 -147.854  1287473.3 484307.7 137627.2 37305.3  12862.6  7175.7  5618.1
  -463 -427.972   0.018 -427.954  1205471.3 402140.9 122014.3 29172.1  11711.0  5223.3  4754.7
  -462 -118.693  -0.011 -118.704  1220480.7 408784.7 106355.5 39292.9  12488.4  4218.3  5324.7
  -461 270.072  -0.018 270.054  1352980.2 476092.6 158557.5 39700.7  12758.7  4802.8  5662.9
  -460 -208.136  -0.001 -208.137  1202648.4 392960.4 95513.4 32328.2  10560.8  3578.5  4355.9
  -459 147.175  -0.002 147.173  1422628.3 373167.5 129970.0 38805.1  13497.3 14314.8  5462.6
  -458 -422.808   0.004 -422.804  1339109.9 522459.7 140813.5 33535.1  11977.9  4714.2  4589.0
  -457 -767.373   0.021 -767.352  1003968.5 394817.5 96157.2 23620.2   8510.3  4610.6  3397.5
  -456  65.118  -0.008  65.110  1103921.1 560813.5 140923.0 37291.0  11143.4  5367.0  4581.0
  -455 254.604  -0.004 254.600  1415335.5 471891.1 189391.4 44320.0  13629.0 18024.1  6343.0
  -454 198.036  -0.001 198.034  1386070.5 469913.4 135498.9 39416.7  10837.0  9895.2  4839.1
  -453 -486.832   0.002 -486.830  1167247.7 344571.4 94495.5 33302.2  11204.4  3905.9  4200.5
  -452 539.877  -0.002 539.875  1411029.7 516151.7 216839.7 39987.7  14272.5  6272.6  5669.3
  -451 -411.383   0.001 -411.382  1205724.1 346739.7 96526.6 30349.2  12241.1  4030.7  4518.5
  -450 455.656  -0.002 455.654  1417342.7 513021.5 223460.0 39558.9  14178.8  6169.7  5735.0

         Carbon flux (ktC/yr)        Water (dam3/yr)                Nitrogen (MgN/yr)
       ----------------------- -------------------------- --------------------------------
Spinup NEP     estab   NBP     transp     evap    interc  nuptake ndemand  nlosses ninflux
------ ------- ------- ------- ---------- ------- ------- ------- -------- ------- -------
  -449 158.075  -0.001 158.074  1570401.1 547815.0 242274.7 32349.4  14673.0 12460.2  6065.2
  -448 -675.911   0.017 -675.894  1124635.0 403983.5 98434.0 26327.6   9598.6  5087.9  3568.0
  -447 389.388  -0.008 389.381  1287963.1 470445.9 121117.8 39049.0  12063.8  4630.9  4572.7
  -446 128.590  -0.002 128.588  1498996.8 608514.0 213382.2 37356.5  14839.6  7229.0  6546.0
  -445 -300.357   0.003 -300.354  1371823.8 524720.7 158074.6 29486.4  12431.8  4929.2  4935.5
  -444 -302.878   0.001 -302.877  1228544.8 363410.6 95698.3 34676.1  12023.5  7460.1  4437.4
  -443 519.849  -0.001 519.847  1434427.5 508364.7 222326.9 38524.2  14130.7  5334.3  5664.0
  -442 -147.541   0.001 -147.541  1356143.1 447455.9 138262.6 29735.5  13345.1  4460.0  5240.3
  -441 -753.038   0.022 -753.017  1041139.0 402577.0 93604.8 24704.9   9634.6  4798.2  3578.6
  -440 520.213  -0.010 520.202  1251280.9 546605.1 209086.2 42734.3  13634.9  9071.3  5602.3
  -439 -290.111  -0.000 -290.111  1203518.8 534757.6 125638.1 28483.1  12465.6  3531.0  4946.1
  -438 192.573  -0.001 192.572  1370218.4 464531.4 130378.1 40509.6  12074.4  7107.3  4931.2
  -437 -584.911   0.011 -584.899  1242497.4 507149.0 129886.7 27893.1  12804.4  4594.4  4632.2
  -436 161.666  -0.006 161.661  1280619.0 501537.3 153588.8 35189.4  13477.4  8337.1  5123.3
  -435 -451.138   0.005 -451.134  1088807.6 399811.1 91541.9 28212.4   9342.8  6486.3  3600.9
  -434 455.579  -0.003 455.576  1220543.2 603099.0 168054.8 38392.1  12804.3  4700.9  5092.4
  -433 160.381  -0.001 160.380  1350562.8 440655.7 152457.5 34557.7  12314.8  4584.9  5176.7
  -432 281.648  -0.002 281.645  1458770.3 630324.0 223047.4 38373.6  13124.8 13032.1  5559.7
  -431 181.803  -0.002 181.800  1620282.2 431547.5 221173.8 37439.7  14609.3 13603.3  5854.4
  -430  19.341   0.000  19.341  1562296.0 430170.5 157315.4 34434.7  11905.4  4985.7  4374.8
  -429 -221.028   0.003 -221.025  1396503.2 577191.3 202865.7 31210.5  12920.6  3521.3  4763.1
  -428 219.172   0.001 219.172  1632891.8 515697.5 256206.0 32842.8  14551.4  6936.5  5557.5
  -427  40.415   0.001  40.416  1591811.7 407104.2 152466.2 34740.9  14598.2  3031.4  5399.0
  -426 -778.344   0.004 -778.341  1200589.2 342310.3 103333.4 26223.4   9496.4  3217.6  3080.1
  -425 -102.523  -0.001 -102.524  1400029.1 545367.1 119938.4 34914.8  12951.7  9821.5  4484.2

         Carbon flux (ktC/yr)        Water (dam3/yr)                Nitrogen (MgN/yr)
       ----------------------- -------------------------- --------------------------------
Spinup NEP     estab   NBP     transp     evap    interc  nuptake ndemand  nlosses ninflux
------ ------- ------- ------- ---------- ------- ------- ------- -------- ------- -------
  -424 207.658  -0.004 207.653  1525474.3 601370.2 210030.4 35788.1  13706.4 10004.6  5226.5
  -423  83.524  -0.001  83.522  1588533.1 559630.8 228631.8 30896.1  14443.9 10124.3  5443.9
  -422 -49.247   0.001 -49.246  1472210.2 418105.9 147475.2 33905.5  12406.5  2505.6  4342.9
  -421  13.320  -0.001  13.319  1543133.9 574888.5 230899.7 35296.7  16094.7  3998.2  6033.3
  -420 -274.269   0.002 -274.267  1337832.3 387293.5 123149.2 30012.6  14164.4  2800.7  4669.4
  -419 -352.994   0.013 -352.981  1334510.3 377891.9 108627.8 32205.1  12384.1  2867.5  4396.5
  -418  99.669  -0.010  99.659  1311349.4 560565.3 123666.2 36347.3  11201.1  3408.8  4314.8
  -417 -474.869   0.002 -474.867  1182416.7 521154.2 125286.4 27562.9  11543.3  2869.9  4021.0
  -416 174.107  -0.002 174.105  1304083.4 457118.5 137436.3 32909.6  14209.4  7863.7  5234.9
  -415  53.109  -0.001  53.108  1371565.5 473684.5 154446.2 35337.7  12678.9 10356.8  5008.9
  -414 511.975  -0.001 511.974  1459183.6 477920.6 218981.7 37036.7  13181.3  5563.7  5230.1
  -413 -77.592  -0.000 -77.592  1419131.9 435805.6 184184.9 31173.4  14257.2  3415.9  5180.5
  -412 -242.267   0.002 -242.265  1326580.5 432352.5 138982.3 31198.1  13136.8  4462.7  4884.2
  -411 -391.320   0.019 -391.301  1208893.9 387514.1 121636.5 28060.5  11828.2  4545.4  4299.2
  -410  82.398  -0.017  82.381  1184364.2 634400.7 180946.6 35409.4  13119.4  4457.5  5200.1
  -409 -32.516  -0.000 -32.516  1263403.9 447540.5 139443.5 32459.9  12507.3  4005.7  4847.3
  -408 -160.517  -0.001 -160.518  1260366.6 479075.0 154355.6 31161.0  14568.6  7014.9  5380.0
  -407 445.853  -0.001 445.851  1363263.8 487646.5 215994.4 37645.9  13510.1  4626.2  5487.7
  -406 -475.063   0.002 -475.061  1180287.8 335101.9 96262.7 27494.8  13104.3  2385.4  4561.0
  -405 354.968  -0.002 354.966  1426385.1 545532.2 226175.3 37005.0  14000.9  7609.7  5456.3
  -404 414.575  -0.002 414.573  1515548.7 533643.4 242307.3 34310.8  13558.8  9689.7  5325.3
  -403 150.670  -0.001 150.669  1454920.5 605407.3 237094.0 36258.0  13379.3  6621.3  5230.8
  -402 -349.746   0.002 -349.744  1382745.0 372947.8 119885.1 28357.1  13478.4  2672.9  4693.4
  -401 341.641  -0.001 341.640  1371438.7 498480.0 236054.9 36515.6  13514.3  3351.7  5281.4
  -400 -845.752   0.024 -845.728  1195911.8 501534.6 143414.8 22458.5  13430.3  2640.2  4905.3

         Carbon flux (ktC/yr)        Water (dam3/yr)                Nitrogen (MgN/yr)
       ----------------------- -------------------------- --------------------------------
Spinup NEP     estab   NBP     transp     evap    interc  nuptake ndemand  nlosses ninflux
------ ------- ------- ------- ---------- ------- ------- ------- -------- ------- -------
  -399 -248.625  -0.006 -248.631  1114307.6 391805.4 108392.9 31920.9  11808.0  2269.5  4625.4
  -398 -197.113  -0.002 -197.115  1062276.7 406780.8 88898.3 29633.7  11665.2  2266.8  4421.1
  -397 224.942  -0.002 224.939  1271335.1 472546.5 149467.1 37738.6  13340.5  7811.4  5570.1
  -396 199.545  -0.002 199.543  1344724.7 575223.4 225019.3 31196.4  13801.3  9977.0  5750.8
  -395 157.889  -0.002 157.887  1426282.6 406819.7 214836.9 37701.0  14499.0  5514.4  5722.7
  -394 -256.564   0.000 -256.564  1285078.1 362125.1 99624.3 28125.4  11886.5  2083.6  4220.2
  -393  45.707  -0.000  45.707  1395785.5 502906.8 156219.0 35766.7  14436.2  5659.5  5396.8
  -392   6.586   0.000   6.586  1381791.0 318271.2 140864.4 32286.7  13346.4  3868.2  4762.7
  -391 173.300  -0.001 173.299  1439519.4 335048.3 141793.1 35249.2  14019.4  4520.7  4989.3
  -390 379.449  -0.000 379.449  1481812.3 479539.7 245339.3 35950.7  13548.4  3444.8  5293.9
  -389 -878.013   0.025 -877.988  1227777.7 493944.4 149425.5 23439.4  11887.7  1686.2  4358.3
  -388  22.542  -0.010  22.533  1213041.6 484919.2 145548.1 37792.6  11600.1  3151.2  4645.1
  -387 -517.173   0.004 -517.170  1148391.2 332166.1 99031.4 28610.5  12753.3  2197.2  4588.1
  -386 273.918  -0.002 273.916  1330999.8 609497.0 220294.4 38430.1  15064.3  6028.4  6442.0
  -385 163.455  -0.001 163.453  1396542.9 586060.6 237163.2 33224.2  14983.4  4364.6  6442.8
  -384  89.876  -0.000  89.875  1372749.5 328476.1 140280.5 31879.2  13639.1  3863.8  5116.2
  -383 161.771  -0.001 161.770  1505526.5 404864.7 148957.0 37600.4  14550.4  2364.3  5550.2
  -382 -497.091   0.026 -497.065  1292554.5 359023.6 122446.1 28492.4  11244.7  2332.6  4240.7
  -381 695.045  -0.014 695.032  1440834.0 572072.2 256329.8 40540.8  12731.8  6181.7  5138.3
  -380 477.702  -0.001 477.701  1479654.1 480561.5 257235.3 34058.7  12862.4  4509.5  5423.3
  -379 -624.905   0.013 -624.892  1318700.0 513650.3 186518.9 26392.8  13026.8  3508.2  4928.6
  -378 -507.903  -0.003 -507.906  1207123.0 545799.4 146355.0 31709.4  12472.1  3837.5  4850.1
  -377  -1.599  -0.001  -1.600  1244652.5 407703.5 125425.4 37047.8  14302.9  2818.6  5496.9
  -376 -96.507  -0.001 -96.508  1320527.0 523409.8 135112.7 35330.6  11760.9  2883.2  4699.5
  -375 148.364  -0.001 148.363  1449715.6 427320.2 186649.7 36474.9  14220.1  3125.7  5432.0

         Carbon flux (ktC/yr)        Water (dam3/yr)                Nitrogen (MgN/yr)
       ----------------------- -------------------------- --------------------------------
Spinup NEP     estab   NBP     transp     evap    interc  nuptake ndemand  nlosses ninflux
------ ------- ------- ------- ---------- ------- ------- ------- -------- ------- -------
  -374 -48.140   0.001 -48.138  1354360.5 574526.0 201428.6 31503.1  12787.4  4446.0  5061.2
  -373 -391.963   0.015 -391.948  1291522.2 502910.0 175604.4 29700.6  12053.4  3334.6  4777.1
  -372 -304.450  -0.004 -304.454  1201276.6 529010.3 148692.2 31107.7  12671.9  5140.4  5022.6
  -371 -79.400   0.005 -79.395  1203002.0 520533.7 135884.7 33924.6  11668.7  2145.2  4750.1
  -370 248.289  -0.005 248.284  1333685.9 448345.7 179778.0 37466.9  13635.1  3358.8  5552.1
  -369 446.950  -0.002 446.948  1447043.8 463489.7 253176.8 39747.0  14660.4  6465.9  6095.3
  -368  77.933   0.001  77.934  1408498.8 479043.3 172554.9 31064.4  13806.3  3089.6  5348.5
  -367 -539.952   0.007 -539.944  1245967.3 319382.4 112125.9 30642.7  11741.6  2812.7  4247.9
  -366  78.644  -0.003  78.641  1266319.1 451063.5 163770.2 33200.2  14065.2  5672.0  5490.5
  -365 129.044  -0.001 129.042  1397084.2 461932.4 179737.1 36225.7  12901.5  7154.7  5233.1
  -364 -375.118   0.010 -375.108  1359113.5 484333.3 154864.8 29640.3  12342.6  3081.3  4692.0
  -363 -65.679  -0.005 -65.684  1194727.6 401128.3 132745.5 34172.7  12413.4  2506.8  4612.4
  -362 194.738   0.000 194.738  1375700.5 444249.5 155677.9 41619.0  11770.8  3842.6  4653.4
  -361   6.727   0.002   6.729  1368958.2 421418.6 172526.7 33027.0  12259.2  3973.0  4749.7
  -360 -112.202  -0.000 -112.202  1352940.2 365233.8 122728.9 32891.4  12523.9  2742.2  4720.9
  -359 -33.280   0.001 -33.279  1336695.4 527712.7 141343.7 36121.2  11499.2  3126.1  4488.3
  -358 432.915  -0.005 432.910  1416339.6 471280.8 231160.3 36257.5  13086.5  4950.1  5259.2
  -357 -48.103  -0.000 -48.103  1440536.1 457962.0 214901.7 31707.3  14841.9  5548.9  5691.0
  -356 -108.824   0.001 -108.823  1346681.6 423814.7 170940.7 28790.4  13979.7  3556.6  5152.4
  -355 221.435  -0.001 221.434  1445750.2 478094.4 168975.5 39597.6  13158.4  2334.3  5093.4
  -354   9.811  -0.000   9.811  1431859.5 310627.0 147977.5 32443.1  13123.2  4202.3  4649.5
  -353 141.602  -0.001 141.601  1472367.3 479333.3 171861.3 35879.7  14059.8  2857.2  5191.8
  -352 -878.946   0.017 -878.928  1218637.1 492065.0 151148.7 25435.6  10462.8  2263.7  3758.9
  -351 -434.568  -0.011 -434.579  1137208.9 530371.8 133995.8 31254.5  11306.8  2529.2  4401.0
  -350 246.170  -0.003 246.167  1275808.8 592262.5 184062.4 37254.0  13137.4  4592.5  5471.5

         Carbon flux (ktC/yr)        Water (dam3/yr)                Nitrogen (MgN/yr)
       ----------------------- -------------------------- --------------------------------
Spinup NEP     estab   NBP     transp     evap    interc  nuptake ndemand  nlosses ninflux
------ ------- ------- ------- ---------- ------- ------- ------- -------- ------- -------
  -349  27.687  -0.001  27.687  1308489.6 421727.9 160181.6 27720.9  13888.6  4465.4  5484.6
  -348 571.275  -0.001 571.274  1456196.2 467972.5 237052.0 42827.1  11937.8  4485.9  5388.5
  -347 -48.239   0.000 -48.239  1478890.0 595283.5 209339.7 31178.7  12854.4  3260.2  5093.6
  -346 164.968  -0.000 164.968  1483886.0 431375.6 163727.9 38408.4  11835.9  3168.6  4601.7
  -345 -16.160   0.001 -16.160  1468351.3 464727.1 169004.8 33039.8  13916.5  1935.5  5130.2
  -344 203.158  -0.000 203.157  1536319.8 432468.6 270500.7 40694.3  14402.8  4363.5  5585.0
  -343 -13.559  -0.000 -13.559  1526350.1 571958.3 260686.8 35512.7  13929.0  5267.0  5350.2
  -342  88.286  -0.000  88.286  1561427.2 321331.5 154751.6 33652.1  14737.5  4047.7  5189.7
  -341 366.927  -0.000 366.926  1594512.5 466372.8 260700.8 38058.2  13455.6  2920.8  5356.4
  -340 -180.724   0.001 -180.723  1568700.9 440593.7 238042.9 30943.0  14968.5  2648.9  5567.3
  -339 -252.301   0.002 -252.300  1421475.0 412206.5 186056.9 27354.6  14078.8  2490.1  5142.5
  -338 127.654  -0.000 127.654  1556528.9 543070.7 263300.4 38984.1  13905.4  7005.0  5640.7
  -337 -754.899   0.008 -754.891  1284739.0 308371.5 116231.2 26835.0  11320.2  2423.4  3943.8
  -336 157.946  -0.003 157.943  1430108.4 406222.8 145550.0 37483.8  13674.9  2844.9  5250.5
  -335 -517.820   0.015 -517.806  1257411.9 355124.5 137170.4 26460.2  10238.8  4233.5  3947.1
  -334 509.209  -0.007 509.202  1351932.3 499623.7 236353.3 40288.2  12872.5  4907.4  5490.0
  -333  73.036  -0.001  73.035  1417535.5 320556.7 145303.3 32655.7  13481.7  5084.2  5196.7
  -332 224.561  -0.002 224.559  1540316.5 592266.2 247093.2 41415.7  13005.0  9266.5  5386.9
  -331 -113.141  -0.000 -113.141  1546659.9 445469.5 189363.9 31104.8  14194.1  6559.8  5162.3
  -330 239.647  -0.001 239.646  1628776.7 305468.3 156093.8 38966.7  13154.5  3853.2  4771.8
  -329 177.130  -0.000 177.130  1704171.4 528597.8 272855.2 35722.3  14214.9  7981.3  5308.5
  -328 -622.975   0.023 -622.952  1443756.0 338454.7 133850.3 28707.0  11091.7  2047.7  3950.7
  -327 607.809  -0.012 607.797  1568707.3 600700.1 257980.4 44272.0  13821.3  3609.2  5713.7
  -326 -160.649   0.002 -160.647  1529253.5 405192.8 166202.5 31438.3  12479.7  2885.5  4695.5
  -325  62.097  -0.001  62.096  1631893.0 391378.9 246136.1 40083.7  14542.5  4753.9  5420.2

         Carbon flux (ktC/yr)        Water (dam3/yr)                Nitrogen (MgN/yr)
       ----------------------- -------------------------- --------------------------------
Spinup NEP     estab   NBP     transp     evap    interc  nuptake ndemand  nlosses ninflux
------ ------- ------- ------- ---------- ------- ------- ------- -------- ------- -------
  -324 122.214  -0.001 122.213  1716535.6 370729.0 167578.2 35562.2  14361.9  2001.8  5187.5
  -323 -163.643   0.001 -163.642  1570547.3 540224.8 278805.6 36356.7  11379.1  5289.9  4410.6
  -322 115.244  -0.000 115.243  1603841.8 459443.3 188761.4 32853.2  14468.3  3509.9  5153.1
  -321 -57.391   0.001 -57.390  1555057.0 442050.8 191080.5 34485.0  13242.1  1711.0  4615.9
  -320  67.349  -0.000  67.348  1650118.7 522351.6 276772.8 35950.8  15207.8  6488.6  5712.8
  -319  21.594   0.000  21.595  1568833.1 440738.5 186615.2 34446.8  13658.9  1517.0  4775.3
  -318 -635.776   0.021 -635.755  1385697.1 345819.3 149736.9 26976.6  10864.5  3452.2  3958.3
  -317  63.114  -0.009  63.105  1394579.7 522980.4 141923.8 40382.5  11547.7  3127.2  4228.8
  -316  69.584  -0.001  69.582  1526022.4 565212.7 244609.2 38064.5  13110.8  6372.5  5173.9
  -315 -214.718   0.001 -214.716  1537716.9 352731.9 125009.3 32692.4  12975.2  3674.3  4650.9
  -314 -65.834  -0.000 -65.834  1429394.4 378250.7 135268.1 38145.3  12984.2  2799.5  4629.4
  -313 -1075.571   0.016 -1075.555  1239115.5 511002.5 146076.9 25805.2   8801.6  3471.5  3470.5
  -312 -325.097  -0.003 -325.100  1145496.7 526262.3 130010.5 32543.5  10282.1  3574.5  4124.4
  -311 330.537  -0.004 330.534  1351657.1 474056.9 158854.0 40863.9  13065.7  8076.7  5324.2
  -310 790.689  -0.004 790.685  1608049.7 456001.1 208589.6 42206.9  12786.6  7872.7  5472.5
  -309 417.071  -0.002 417.070  1609285.1 558892.5 261689.3 38417.7  11095.3  8372.9  4623.7
  -308 389.200  -0.001 389.199  1712973.0 410290.6 196261.6 38616.6  12540.9  4870.5  4896.7
  -307 -724.379   0.005 -724.374  1447568.4 300864.0 126048.2 29305.2  10591.0  2866.5  3713.0
  -306  82.626  -0.001  82.626  1462169.8 421079.6 176737.5 33007.2  13608.7  4790.7  4912.7
  -305 -527.303   0.003 -527.300  1361045.8 310615.1 115698.3 34154.9   9870.8  3430.7  3733.5
  -304 438.792  -0.002 438.790  1483429.1 471187.6 166968.5 40845.5  13146.1  3394.0  4730.3
  -303 -806.668   0.005 -806.663  1265355.8 305285.3 114849.9 26580.9   9825.0  3499.0  3521.4
  -302  16.845  -0.001  16.844  1260628.7 392573.7 121788.1 37297.3  13029.6  4258.8  4825.4
  -301 529.588  -0.003 529.585  1450327.4 482233.7 159258.2 41036.3  13069.7  3533.7  4991.9
  -300 -562.897   0.002 -562.895  1228352.5 341979.2 102946.9 27389.1   9280.5  3269.4  3338.8

         Carbon flux (ktC/yr)        Water (dam3/yr)                Nitrogen (MgN/yr)
       ----------------------- -------------------------- --------------------------------
Spinup NEP     estab   NBP     transp     evap    interc  nuptake ndemand  nlosses ninflux
------ ------- ------- ------- ---------- ------- ------- ------- -------- ------- -------
  -299 706.024  -0.004 706.021  1670121.4 523997.8 244584.7 42307.2  13963.7 16294.9  5471.4
  -298 387.344  -0.001 387.343  1684199.5 579939.9 213100.0 34359.9  11493.2  6109.9  4570.2
  -297 613.872  -0.002 613.870  1913420.3 469121.5 292127.3 40669.3  13542.1 11067.0  5217.9
  -296 390.585  -0.001 390.584  1963201.2 369461.8 266998.9 41731.1  14382.7  7511.1  5236.2
  -295 -867.654   0.025 -867.630  1626339.4 439751.3 177076.4 22688.9  11823.1  3298.2  4001.8
  -294 -1131.269   0.047 -1131.222  1041804.1 374420.1 109608.7 14452.5   7333.4  4653.0  3005.6
  -293 196.314  -0.040 196.274  1078612.2 510169.1 123442.2 38706.0   7777.4  5729.2  3738.2
  -292 -252.699   0.001 -252.699  1232237.8 498011.7 133451.2 30901.4  11766.0  3843.0  4690.0
  -291 380.245  -0.002 380.243  1307165.1 479014.4 150195.4 38280.5  11918.9  3040.9  4832.9
  -290 439.090  -0.003 439.087  1422964.2 463943.5 156633.5 38110.0  12208.4  2990.0  4855.8
  -289 447.861  -0.003 447.859  1587522.7 441660.2 216624.9 37887.5  13099.7  5743.1  5434.6
  -288 484.461  -0.002 484.459  1732546.2 511793.9 263475.4 35826.6  13271.0 12553.3  5357.1
  -287 -585.463   0.004 -585.459  1472821.8 458733.3 189716.1 29017.1  10861.1  4364.0  4052.4
  -286 583.607  -0.002 583.604  1620301.2 480429.9 252161.3 39447.0  13430.8  5865.9  5399.9
  -285 -118.568   0.001 -118.567  1528021.0 398652.0 181324.9 26698.7  14102.2  4288.3  5155.0
  -284 -336.857   0.005 -336.852  1356008.8 379093.0 124931.0 33780.3   8999.9  5045.1  3674.6
  -283 -194.310  -0.000 -194.310  1403105.0 350536.1 114755.2 33204.8  12504.1  2996.4  4460.9
  -282 664.233  -0.003 664.230  1609302.1 454428.5 253779.1 46193.7  14328.1  5527.5  5632.5
  -281 -572.948   0.013 -572.934  1497622.1 459032.2 155270.1 25064.7  12539.6  3585.7  4368.8
  -280 141.888  -0.004 141.884  1405021.7 401703.2 176413.3 36117.8  10391.6  3633.9  4125.1
  -279 -512.035   0.002 -512.033  1347092.2 475135.3 154895.3 28748.3  12150.5  3529.9  4415.8
  -278  72.639  -0.001  72.638  1329532.3 316971.2 140509.5 33947.2  11297.4  5066.3  4318.3
  -277 -31.619  -0.000 -31.619  1286596.7 394512.0 117430.3 36423.3   9730.4  4661.4  4044.4
  -276  88.142  -0.002  88.140  1421899.5 502383.8 165520.4 37261.0  12950.1  4126.2  4834.7
  -275 638.601  -0.002 638.599  1591585.0 483000.0 244579.9 40037.5  12888.1  6329.9  5361.4

         Carbon flux (ktC/yr)        Water (dam3/yr)                Nitrogen (MgN/yr)
       ----------------------- -------------------------- --------------------------------
Spinup NEP     estab   NBP     transp     evap    interc  nuptake ndemand  nlosses ninflux
------ ------- ------- ------- ---------- ------- ------- ------- -------- ------- -------
  -274 -35.874   0.001 -35.873  1562529.2 457241.5 148476.0 32365.0  11872.1  2616.2  4218.6
  -273  98.870  -0.001  98.869  1606673.7 297738.2 153003.0 34808.0  13185.1  4829.8  4434.2
  -272 264.456  -0.000 264.456  1673000.4 441061.5 168261.8 35624.7  13710.7  3990.8  4751.0
  -271 263.367  -0.001 263.367  1810463.8 360194.1 246343.9 41318.1  13988.7  7253.3  5018.3
  -270 310.866  -0.000 310.866  1804692.3 293400.3 166518.1 34622.1  13458.1  6085.7  4521.5
  -269 155.564   0.000 155.564  1800463.4 387726.0 225483.6 38135.9  13424.4  3820.2  4597.2
  -268 300.024   0.000 300.024  1841478.6 394206.0 305004.3 38745.5  14896.2  4342.0  5203.4
  -267 159.045   0.000 159.045  1880780.5 499815.1 296569.3 36091.1  16557.9  3500.3  6033.4
  -266 -142.624   0.002 -142.623  1752127.0 521541.7 297493.9 32245.1  13511.6  4210.5  4765.6
  -265 -775.072   0.004 -775.068  1521793.3 463789.5 171028.3 26192.1  12835.1  2514.6  4016.7
  -264  23.239  -0.000  23.239  1589277.6 374447.9 158922.3 36654.7  13912.0  2168.5  5006.8
  -263 -792.594   0.020 -792.574  1321347.4 469410.2 187025.3 28003.6  10413.3  3339.4  3882.4
  -262 392.559  -0.010 392.549  1429275.1 628368.4 241440.0 40229.1  13023.8  8913.7  5293.0
  -261 -139.158  -0.001 -139.159  1355557.3 359923.5 102617.8 28778.1  11137.4  3935.5  4212.0
  -260 -117.455  -0.000 -117.456  1466978.2 399107.7 133685.6 34786.7  11880.3  5955.4  4513.9
  -259 544.188  -0.002 544.186  1657668.5 444276.4 218786.5 39751.9  14573.4  5099.9  5757.3
  -258 -995.268   0.044 -995.224  1211197.7 366036.3 107661.9 15207.2   7979.6  3607.3  3147.5
  -257 -428.985  -0.013 -428.998  1062833.6 515270.8 131584.2 31897.7   8615.3  4849.7  3559.7
  -256 103.296   0.000 103.296  1208734.5 523746.2 113440.6 36753.5  10319.0  3456.1  4348.7
  -255 798.598  -0.006 798.592  1408074.4 476850.0 203016.9 40922.0  11689.5  5309.7  5257.4
  -254 713.185  -0.004 713.182  1644465.6 438626.5 240538.1 42215.6  13638.7  6886.4  5843.9
  -253  36.626  -0.001  36.625  1577029.5 403435.5 169562.7 26634.3  13205.6  7558.9  5048.7
  -252 -320.375   0.006 -320.369  1387686.1 381180.7 121007.7 33756.0   8237.0  6321.4  3539.3
  -251 235.596  -0.003 235.593  1498193.2 419373.5 157877.4 33930.8  13423.0  5968.3  5030.9
  -250 806.695  -0.003 806.692  1820703.7 424001.5 261563.5 46745.6  12887.6  6589.6  5409.9

         Carbon flux (ktC/yr)        Water (dam3/yr)                Nitrogen (MgN/yr)
       ----------------------- -------------------------- --------------------------------
Spinup NEP     estab   NBP     transp     evap    interc  nuptake ndemand  nlosses ninflux
------ ------- ------- ------- ---------- ------- ------- ------- -------- ------- -------
  -249 -95.028   0.001 -95.027  1676686.1 385024.6 162060.6 31944.0  12453.3  4319.8  4570.3
  -248 -16.590  -0.000 -16.590  1627832.4 393552.2 210658.9 35411.6  13192.1  3260.3  4700.8
  -247 310.023   0.000 310.023  1605570.6 429859.1 262742.2 33925.1  13011.5  4403.5  5085.9
  -246 -693.158   0.010 -693.149  1432584.6 474072.5 189962.8 26416.9  12143.7  3655.2  4383.7
  -245 398.152  -0.006 398.146  1610434.8 580798.6 255029.8 40760.1  15058.5  5755.5  6369.6
  -244 -441.379   0.003 -441.376  1359389.9 368856.2 130167.2 25894.0   9613.6  3653.1  3760.4
  -243 477.328  -0.003 477.325  1639746.3 554441.5 245156.9 40330.0  15340.3  5205.4  6266.9
  -242 -462.355   0.005 -462.350  1354599.4 376230.0 125627.7 25203.3   9278.6  3862.3  3645.0
  -241 589.726  -0.004 589.722  1665948.9 558976.4 239329.0 39720.0  14785.6  4823.1  6189.0
  -240 -181.430   0.000 -181.430  1502404.8 358865.9 135631.0 29854.1  12920.3  2541.0  4556.7
  -239 -860.552   0.020 -860.533  1391227.7 463061.7 149100.6 28057.1  11167.4  3693.7  4142.1
  -238 -466.163  -0.006 -466.169  1188134.6 356992.6 112113.4 29413.7   9812.4  3166.0  3793.8
  -237 -286.071   0.000 -286.070  1153731.3 353852.2 96128.7 33528.1  10420.3  3059.5  4055.8
  -236 -200.429   0.001 -200.428  1096933.8 382376.1 84330.9 31477.6  10166.8  3485.3  3983.7
  -235 668.011  -0.006 668.005  1399692.1 638338.8 205549.9 45535.4  12761.3 18588.8  5502.2
  -234 503.804  -0.006 503.799  1561548.3 432723.2 186412.8 37175.0  12681.2 11063.2  5250.8
  -233  65.618  -0.001  65.617  1545094.3 470217.8 139131.9 34554.2  10895.6  5488.3  4236.2
  -232 254.694  -0.002 254.692  1663629.4 396211.4 193784.1 39664.9  13224.5  4298.7  4850.9
  -231 -17.187   0.000 -17.186  1632197.0 443195.1 146871.9 33821.8  11691.5  4133.1  4091.3
  -230 -557.998   0.012 -557.987  1361121.3 356148.2 120745.0 26810.1   8857.9  5594.7  3282.1
  -229 193.546  -0.007 193.540  1400816.1 563045.2 179340.9 35667.6  12173.7  5858.2  4693.3
  -228 -1024.293   0.021 -1024.272  1133652.3 497149.2 130920.3 20237.3   8052.5  3995.7  3315.0
  -227 455.429  -0.013 455.416  1227125.7 471608.3 115178.2 37895.8  11370.3  5923.7  5199.8
  -226 475.319  -0.002 475.316  1422242.3 401899.5 122448.3 35703.9  12686.3  3526.4  5306.2
  -225 -47.323   0.002 -47.321  1326534.2 408767.4 130900.7 33546.1  10590.5  5025.4  4386.0

         Carbon flux (ktC/yr)        Water (dam3/yr)                Nitrogen (MgN/yr)
       ----------------------- -------------------------- --------------------------------
Spinup NEP     estab   NBP     transp     evap    interc  nuptake ndemand  nlosses ninflux
------ ------- ------- ------- ---------- ------- ------- ------- -------- ------- -------
  -224 441.837  -0.003 441.834  1518236.7 544035.9 220541.4 36256.3  13852.2 15134.9  5595.8
  -223 337.664  -0.003 337.661  1590022.0 400786.0 186511.1 36778.6  12695.2  3659.2  4962.4
  -222  18.891  -0.002  18.890  1549371.0 394939.3 146536.6 34104.9  12556.9  4556.6  4736.0
  -221 -139.047   0.008 -139.039  1505132.0 472033.4 134284.8 32599.7  11777.2  2994.0  4155.1
  -220 319.861  -0.005 319.856  1689887.3 518663.1 226249.7 34619.7  14396.9 14127.1  5221.9
  -219 249.854  -0.001 249.854  1643894.8 422114.9 157964.5 32375.9  12907.3  2509.8  4402.8
  -218 -970.738   0.019 -970.719  1307744.1 303897.8 105235.4 23352.1   8930.4  3655.3  3256.2
  -217 920.391  -0.016 920.375  1567694.6 596225.7 211566.7 44843.4  14051.2  6211.6  5716.0
  -216 -325.072   0.007 -325.065  1349050.6 375076.2 114130.4 23319.0   8858.9  4854.0  3569.2
  -215 436.338  -0.004 436.334  1496901.6 414487.7 153656.6 35386.5  11668.4  4243.8  4754.0
  -214  50.655   0.001  50.656  1503440.5 405699.3 138771.0 33712.6  12502.6  4428.3  4892.7
  -213 104.875   0.001 104.876  1528530.3 404540.0 142089.1 37808.0  12278.2  3270.9  4400.1
  -212 217.807   0.001 217.808  1523439.4 426395.1 224893.2 31995.4  13081.7  4353.7  5005.8
  -211 -1021.589   0.049 -1021.540  1125458.3 371399.9 94315.3 14807.9   9819.3  3719.9  3467.1
  -210 138.203  -0.023 138.181  1149377.1 461586.2 113627.4 37670.7   9947.1  3207.7  4234.5
  -209 105.129  -0.003 105.126  1288583.1 316726.8 112998.5 33193.5  11090.2  5327.8  4407.9
  -208 642.394  -0.005 642.389  1650186.4 407033.0 190791.1 45465.6  13513.1 13347.9  5638.4
  -207 197.459  -0.000 197.459  1671939.1 427142.6 167536.5 30339.9  12694.4  9202.9  4745.1
  -206 314.483  -0.000 314.482  1778330.3 384740.2 193392.6 39613.9  12646.9  3693.0  4726.0
  -205 -100.603   0.003 -100.600  1687496.2 430365.9 143586.1 32461.2  11589.4  2994.2  3922.5
  -204 -325.607  -0.000 -325.607  1642291.1 337538.0 145596.5 31055.8  13178.3  2640.8  4273.7
  -203 -1128.023   0.040 -1127.983  1239336.7 438071.0 137048.0 19077.3  10187.1  4207.0  3439.3
  -202 1001.598  -0.034 1001.564  1420058.8 638111.2 204540.8 47261.8  12326.6  5248.6  5074.9
  -201 -691.922   0.005 -691.916  1288572.1 480769.4 135821.6 23679.9   9419.0  3027.4  3435.7
  -200 -210.471   0.000 -210.471  1262390.7 493299.5 129045.2 31732.7  12105.7  4459.3  4504.4

         Carbon flux (ktC/yr)        Water (dam3/yr)                Nitrogen (MgN/yr)
       ----------------------- -------------------------- --------------------------------
Spinup NEP     estab   NBP     transp     evap    interc  nuptake ndemand  nlosses ninflux
------ ------- ------- ------- ---------- ------- ------- ------- -------- ------- -------
  -199 566.660  -0.002 566.658  1336443.0 461653.4 213536.4 36900.3  12328.3  4765.2  5035.4
  -198 228.964  -0.002 228.962  1399903.4 421668.7 155361.8 33855.6  12841.0  4134.1  5045.7
  -197 562.733  -0.004 562.729  1676291.4 498955.8 238010.6 38092.8  13508.9 10071.5  5429.6
  -196 352.209  -0.002 352.207  1743284.9 367819.1 145929.6 36030.1  13759.3  4110.7  4968.9
  -195  41.577   0.001  41.578  1668255.8 366096.7 156226.1 35232.7  10974.5  3968.7  3797.3
  -194 -1211.026   0.048 -1210.979  1350189.2 438171.8 143753.0 19127.2  11062.3  4790.6  3652.1
  -193 887.270  -0.035 887.235  1455675.1 620265.9 203351.5 39982.0  11544.0 14147.8  4677.8
  -192 106.146  -0.001 106.145  1519707.8 389667.2 132620.4 32702.9  11404.6  4409.7  4471.4
  -191 323.704  -0.002 323.702  1698969.9 518445.5 225744.4 35246.9  14541.5 12309.2  5324.9
  -190 180.996   0.000 180.996  1689763.5 370740.3 146399.4 35692.5  11679.6  2690.2  4038.3
  -189 -837.459   0.025 -837.434  1430918.9 329115.1 109108.0 23234.2  10969.4  2860.1  3643.1
  -188 344.760  -0.018 344.742  1424250.6 460925.9 162356.7 37957.5  11624.3  3763.6  4419.1
  -187 468.025  -0.004 468.022  1713723.5 385288.1 201991.0 41447.4  13925.0  7828.6  5127.5
  -186  38.382  -0.001  38.381  1699628.3 422493.7 166462.5 30221.3  13226.6  6679.9  4546.9
  -185 -634.076   0.005 -634.071  1484449.6 449573.9 137919.6 29839.6  10712.2  3014.9  3545.0
  -184 516.771  -0.004 516.767  1676584.2 530436.5 218239.2 36369.8  14057.7 10595.6  5104.6
  -183  97.315  -0.000  97.315  1639364.4 547342.9 191876.0 30671.6  11617.0  2904.4  4236.6
  -182 108.583  -0.001 108.582  1685450.8 362489.3 141771.7 34197.0  13942.5  2505.8  4766.3
  -181 -1136.314   0.042 -1136.272  1192069.1 326180.7 95986.5 20620.4   7846.8  3756.1  2895.7
  -180 -105.218  -0.020 -105.238  1056888.0 420080.5 88445.8 28382.1   8300.3  5545.2  3598.4
  -179 196.376  -0.003 196.373  1255440.0 392583.2 98530.2 32781.1  11541.2  4713.4  4351.1
  -178 -53.289  -0.001 -53.290  1290925.3 329279.5 81618.7 33112.1  11837.4  3555.9  4433.4
  -177 -358.308   0.001 -358.307  1214610.1 504774.4 110540.1 31494.0  10903.3  3209.9  4001.2
  -176 559.946  -0.004 559.941  1380559.3 491995.7 121942.0 37830.4  13100.6  3302.5  5007.6
  -175 405.696  -0.003 405.693  1550087.2 447691.1 176503.0 34347.9  13414.7  5676.0  5304.7

         Carbon flux (ktC/yr)        Water (dam3/yr)                Nitrogen (MgN/yr)
       ----------------------- -------------------------- --------------------------------
Spinup NEP     estab   NBP     transp     evap    interc  nuptake ndemand  nlosses ninflux
------ ------- ------- ------- ---------- ------- ------- ------- -------- ------- -------
  -174 358.846  -0.002 358.844  1637023.8 435112.7 190388.0 33852.5  13094.2  4983.3  5060.2
  -173 -412.587   0.009 -412.578  1471165.5 333420.6 109172.0 28099.9  10913.1  2582.4  3779.3
  -172 426.606  -0.005 426.601  1579764.6 463200.8 192926.4 37337.3  13672.9  4841.7  5168.9
  -171 305.131  -0.001 305.130  1667998.7 429437.8 205333.8 32921.4  13322.7  4288.2  5047.2
  -170 -171.767   0.000 -171.767  1593220.8 347154.4 146264.3 31022.8  12698.8  2257.3  4365.7
  -169 -1115.019   0.072 -1114.947  1049294.1 355813.3 95965.0 15265.4   8204.4  4142.4  2991.6
  -168 321.976  -0.035 321.941  1045842.7 660808.1 155718.9 35526.2   8942.1  5764.2  3838.3
  -167 348.946  -0.003 348.943  1371017.1 424492.7 118188.2 36116.5  11534.2  2805.3  4597.4
  -166 292.322  -0.003 292.319  1570546.6 552933.1 201397.7 35296.8  14936.1  5274.0  6082.1
  -165 145.757  -0.001 145.757  1633258.0 567044.9 179114.4 30823.7  12214.6  3563.2  4749.8
  -164 -174.462   0.002 -174.460  1427891.3 366019.2 108445.5 30694.3  10538.4  3358.1  3914.2
  -163 164.147  -0.001 164.145  1566710.9 407481.8 165977.4 35072.2  14510.1  3161.5  5008.9
  -162 106.673  -0.000 106.673  1613184.0 388138.3 134484.2 34799.3  12189.9  3382.1  4221.7
  -161 -685.563   0.026 -685.537  1397554.2 331394.5 102872.8 24080.6  11674.6  2443.3  3902.9
  -160 676.247  -0.012 676.234  1511632.1 492125.0 215788.2 42853.6  12932.9  5930.2  5181.9
  -159 260.823  -0.001 260.822  1634400.4 398762.7 135937.2 34111.7  11981.1  3963.2  4397.8
  -158 -248.170   0.001 -248.169  1567721.0 347237.3 133880.8 29896.5  13390.1  2624.5  4504.5
  -157 -155.440   0.001 -155.439  1470648.3 294578.2 127045.3 31694.1  10765.3  5038.9  3838.3
  -156 -684.322   0.020 -684.302  1237162.1 381081.0 87802.1 23973.3   9956.6  5111.1  3302.4
  -155  97.766  -0.008  97.758  1245588.1 444514.8 110376.5 34723.5  11321.6  3739.6  4191.3
  -154 259.218  -0.003 259.216  1421009.2 583848.5 191591.9 37757.5  12526.1  9171.5  4928.6
  -153 547.700  -0.003 547.697  1664458.8 450468.0 222246.4 38412.6  15201.0 15005.0  5831.2
  -152 250.075  -0.001 250.075  1679672.9 396545.0 158539.7 32278.0  12960.6  4003.2  4738.5
  -151 -721.703   0.005 -721.698  1430735.9 452615.5 137049.0 25732.0  11415.1  3148.1  3733.2
  -150 237.977  -0.002 237.975  1536440.0 421217.9 168982.8 37565.3  13661.9  3979.8  4900.9

         Carbon flux (ktC/yr)        Water (dam3/yr)                Nitrogen (MgN/yr)
       ----------------------- -------------------------- --------------------------------
Spinup NEP     estab   NBP     transp     evap    interc  nuptake ndemand  nlosses ninflux
------ ------- ------- ------- ---------- ------- ------- ------- -------- ------- -------
  -149 -560.143   0.005 -560.138  1338278.2 304971.9 96149.5 26913.7  11399.2  3631.9  3797.2
  -148 542.181  -0.003 542.178  1567807.1 567762.2 210389.0 39219.7  15188.7  5752.8  5865.3
  -147 -415.871   0.003 -415.868  1337300.6 333854.0 91544.3 25071.7  10769.9  2378.0  3626.7
  -146 -277.258   0.010 -277.248  1427731.5 398075.9 112296.1 29807.9  12194.6  6540.6  4274.3
  -145 445.699  -0.007 445.692  1573290.8 547677.3 207190.8 35874.7  14132.7 14236.9  5392.6
  -144 478.938   0.000 478.938  1685108.8 408938.9 232915.5 37744.0  13949.7  4693.0  5245.1
  -143 -410.420   0.017 -410.403  1546859.2 338226.4 126108.6 23985.3  12071.6  3603.3  4057.5
  -142 284.603  -0.007 284.596  1574712.7 575036.6 214787.4 39702.6  13220.7  6330.2  4855.0
  -141 -146.607   0.000 -146.606  1598221.5 341355.0 110828.0 28462.6  13374.0  3876.5  4446.6
  -140 147.826  -0.003 147.823  1629693.0 567381.0 190921.0 34510.8  12251.4  3496.3  4509.4
  -139 -23.774   0.000 -23.774  1600986.5 462381.9 130773.8 32755.4  12306.1  2860.8  4192.2
  -138 -472.996   0.004 -472.992  1375990.8 346962.5 111453.9 26802.0  10103.9  3940.3  3565.2
  -137 -644.556   0.015 -644.541  1322740.3 468171.0 121932.9 25265.6  13440.0  3633.7  4389.5
  -136 222.346  -0.007 222.339  1353324.1 436772.2 156471.9 36819.1  12466.7  3049.3  4655.0
  -135 209.341  -0.000 209.341  1500453.3 381570.2 126328.3 34321.9  13956.7  3154.7  5107.4
  -134 -838.529   0.007 -838.522  1158011.1 328705.3 88295.2 22305.1   8516.1  2875.7  2939.5
  -133 -66.351   0.004 -66.346  1283243.8 422128.8 99629.5 31852.6  11696.6  8639.5  4377.0
  -132 635.025  -0.007 635.019  1478647.7 474549.5 171123.5 37094.7  13607.4  6351.1  5527.8
  -131 -313.601   0.003 -313.598  1290450.4 312943.1 92819.1 29326.2  10341.7  3343.5  3761.5
  -130 427.196  -0.002 427.194  1539874.9 543346.6 207775.7 37104.5  14315.0 13514.4  5438.5
  -129 -262.712   0.004 -262.708  1276081.8 362755.3 106599.6 27214.4   9107.3  4706.4  3628.2
  -128 398.867  -0.004 398.862  1581925.0 402615.6 192044.8 40856.0  14691.8  9923.0  5608.0
  -127 318.680  -0.002 318.678  1620353.4 447034.1 147589.2 30657.1  13633.4  4775.8  5013.9
  -126  75.029  -0.000  75.029  1642345.4 387612.9 186257.4 34893.7  13328.5  2767.2  4804.0
  -125 -13.660   0.000 -13.660  1653478.4 554599.9 199538.8 32217.8  12753.6  3824.5  4607.3

         Carbon flux (ktC/yr)        Water (dam3/yr)                Nitrogen (MgN/yr)
       ----------------------- -------------------------- --------------------------------
Spinup NEP     estab   NBP     transp     evap    interc  nuptake ndemand  nlosses ninflux
------ ------- ------- ------- ---------- ------- ------- ------- -------- ------- -------
  -124 162.106   0.000 162.107  1671569.1 394524.1 149723.0 36308.3  12614.9  3096.5  4366.2
  -123 -210.707   0.001 -210.707  1616002.9 412382.4 167314.3 28485.4  14846.5  4981.7  4813.1
  -122 -672.373   0.004 -672.369  1422799.1 453737.4 134395.5 27134.9  11709.0  2102.9  3919.9
  -121 -164.172   0.000 -164.172  1385217.9 351193.4 102531.1 31974.5  12539.4  2329.9  4507.2
  -120 -576.384   0.005 -576.379  1196304.1 510733.8 124093.3 27687.1  10380.4  2407.9  3875.5
  -119 489.226  -0.004 489.222  1341237.8 441273.8 139187.5 37856.2  12638.3  4138.3  5076.2
  -118 403.099  -0.003 403.096  1507316.4 599546.2 179835.7 32001.1  12320.4  3677.8  5004.0
  -117 510.104  -0.002 510.102  1723409.9 493971.5 236519.5 34172.3  13784.7  8502.1  5567.5
  -116 198.302  -0.001 198.301  1712802.2 568026.2 201333.8 32178.2  12417.2  3909.4  4811.6
  -115 -87.551   0.002 -87.549  1636856.4 457247.2 138652.2 32190.7  12308.3  3228.5  4289.5
  -114 191.029  -0.001 191.028  1800224.0 510000.9 236332.2 37082.6  16520.3  4178.2  6051.8
  -113 -560.124   0.023 -560.101  1532560.2 328547.2 132018.4 20848.7  12413.8  3306.6  4077.9
  -112 158.113  -0.010 158.103  1501390.9 496314.1 122019.7 35024.1  11676.6  2229.3  4193.7
  -111 -922.254   0.052 -922.201  1208437.8 367479.0 87944.2 14257.3   9553.6  3053.0  3527.8
  -110 -820.167  -0.016 -820.183   929605.6 539554.7 106209.8 23953.6   6218.4  4529.5  3088.3
  -109 569.017  -0.005 569.012  1257986.9 482654.2 133223.3 39988.6  13149.6  4129.4  5871.6
  -108 138.675  -0.002 138.673  1204082.0 376866.4 73488.7 29825.3  10368.7  2658.8  4493.9
  -107 483.564  -0.004 483.560  1485459.6 453634.8 149768.6 40421.7  13006.0  7357.5  5592.3
  -106 -187.104   0.001 -187.102  1363896.1 311301.1 89804.5 29231.3  11207.8  2892.6  4243.0
  -105   8.487   0.000   8.487  1412470.3 348819.3 99355.3 34107.8  11560.7  2931.2  4413.7
  -104 386.093  -0.002 386.091  1519109.3 591493.5 180640.5 34399.5  11527.4  3911.4  4707.6
  -103 546.632  -0.003 546.629  1752131.9 391696.9 213855.0 42141.0  13712.8  7493.1  5465.5
  -102 624.947  -0.002 624.946  1915127.9 403188.6 265857.4 37336.8  14691.8  6693.6  5676.9
  -101 230.626  -0.000 230.626  1909685.2 412238.8 234109.7 31810.8  14381.7  3929.8  5234.2
  -100 -57.648   0.003 -57.645  1779475.2 355823.0 170536.0 33231.4  11733.6  2320.3  3902.7

         Carbon flux (ktC/yr)        Water (dam3/yr)                Nitrogen (MgN/yr)
       ----------------------- -------------------------- --------------------------------
Spinup NEP     estab   NBP     transp     evap    interc  nuptake ndemand  nlosses ninflux
------ ------- ------- ------- ---------- ------- ------- ------- -------- ------- -------
   -99 -77.603  -0.000 -77.603  1855406.0 356697.3 236689.4 36894.8  14595.8  4771.0  4949.4
   -98  71.791  -0.000  71.791  1813636.1 382055.6 204335.3 34408.2  14741.6  2324.5  4840.5
   -97 -1352.380   0.056 -1352.324  1332207.3 499168.7 148691.4 18489.7   9061.0  2589.3  3398.6
   -96 689.963  -0.027 689.936  1313148.2 542510.8 136791.4 37680.1  11024.6  2571.0  4773.5
   -95 -166.452   0.007 -166.445  1399389.3 354113.9 117498.6 24266.1  10798.6  3739.2  4201.2
   -94 137.333  -0.005 137.328  1425459.6 429451.3 144935.4 31881.0  13692.0  4746.6  5380.3
   -93 483.306  -0.003 483.303  1698724.9 523337.8 221649.6 37107.4  12822.4 12349.3  5494.2
   -92 206.341  -0.001 206.340  1648835.1 427240.0 154227.1 31745.3  12626.6  2220.6  4599.9
   -91 132.798  -0.002 132.797  1829374.3 356825.9 220119.4 38357.6  14208.5  5156.2  5214.6
   -90 -108.731   0.002 -108.729  1750251.0 429745.6 139835.9 31649.9  12156.9  2910.5  4192.6
   -89 -65.708   0.001 -65.707  1771248.5 531834.4 197725.6 33470.0  12593.4  2729.6  4460.0
   -88 -172.848   0.001 -172.847  1713688.2 345301.2 145556.8 29680.9  14252.7  2208.8  4707.2
   -87 139.091   0.002 139.092  1699992.3 396907.8 251035.9 37046.4  12013.1  4456.6  4727.9
   -86 -785.531   0.022 -785.508  1456551.6 443814.2 147846.6 22150.4  13027.7  2979.7  4287.7
   -85  32.493  -0.008  32.485  1404989.5 588860.7 193730.6 34164.9  10821.8  2932.0  4414.1
   -84 -17.524  -0.001 -17.525  1390688.3 378568.8 119801.5 33451.7  13796.7  2647.1  4966.7
   -83 -632.536   0.002 -632.534  1340998.4 468413.1 141068.5 28268.4  12270.6  3268.7  4425.7
   -82 584.108  -0.005 584.103  1518606.3 555938.3 225223.9 41027.6  14834.2  4392.3  6205.4
   -81 393.304  -0.003 393.301  1692929.1 533645.2 242369.6 34063.1  15210.3  4152.9  6332.8
   -80 223.876  -0.000 223.876  1770341.6 499285.0 252601.4 31049.5  14626.4  7301.8  5607.8
   -79 -1041.461   0.057 -1041.403  1217734.0 355942.1 103876.0 14799.4   8759.3  3330.4  3266.0
   -78 -828.606   0.017 -828.589   913205.1 397541.6 87499.4 19799.1   6607.2  5800.8  2909.3
   -77 141.582  -0.019 141.563  1034486.9 580654.5 132235.4 35735.9   9707.5  4629.8  4478.5
   -76 404.013  -0.005 404.008  1261450.3 473705.2 130227.3 33355.7  12512.8  8721.1  5676.2
   -75 1077.263  -0.006 1077.257  1701377.9 519078.4 210938.8 44097.6  11355.9 13377.4  5413.7

         Carbon flux (ktC/yr)        Water (dam3/yr)                Nitrogen (MgN/yr)
       ----------------------- -------------------------- --------------------------------
Spinup NEP     estab   NBP     transp     evap    interc  nuptake ndemand  nlosses ninflux
------ ------- ------- ------- ---------- ------- ------- ------- -------- ------- -------
   -74 431.408  -0.003 431.404  1688014.2 307342.3 133286.0 32235.6  12005.3  6939.7  4830.2
   -73 145.793  -0.002 145.791  1739166.0 399673.6 193651.3 36609.3  12698.7  3885.8  4926.7
   -72 -49.706   0.000 -49.706  1727910.5 544946.0 210317.4 32009.3  12025.6  3305.6  4558.9
   -71 -889.693   0.009 -889.685  1414333.2 471589.3 148896.0 24181.5  10841.4  2547.2  3739.0
   -70 648.312  -0.005 648.306  1611762.6 455637.4 236668.8 44884.0  14475.3  4835.6  5787.4
   -69 -334.503   0.002 -334.501  1430914.7 358938.5 117363.4 25072.3  10455.8  3423.8  3886.7
   -68 -78.209  -0.000 -78.210  1420616.2 366566.6 117612.0 32508.0  14038.3  2819.9  4803.6
   -67 -672.216   0.009 -672.207  1301948.0 317341.1 97640.8 28324.7  10751.3  3357.8  3850.8
   -66 -123.786  -0.000 -123.786  1260530.4 377839.5 113737.2 29846.0  11102.2  5206.5  4145.7
   -65 148.344  -0.002 148.342  1332112.9 387164.5 108974.0 36486.7  13551.6  3443.5  5055.3
   -64 569.166  -0.003 569.163  1511735.6 469005.1 218550.7 37558.0  12475.3  4711.4  5285.3
   -63 -497.287   0.002 -497.285  1284354.2 337310.1 92521.9 24914.3  10788.6  2502.6  3823.8
   -62 336.715  -0.003 336.712  1635000.5 418926.3 198119.7 43190.3  14967.1 12702.2  5849.7
   -61 419.082  -0.002 419.080  1717409.1 301536.6 137674.1 32428.9  13168.8  7379.7  4783.9
   -60 -518.920   0.004 -518.916  1502887.0 300284.5 105956.2 29589.0  10760.7  3563.8  3657.3
   -59 -644.254   0.015 -644.239  1396836.2 457866.9 139650.9 25505.2  11641.2  4138.3  3932.3
   -58 697.598  -0.009 697.589  1550410.1 556606.6 224043.4 37097.2  13020.5 11233.4  5252.6
   -57 198.528  -0.002 198.527  1605933.1 424921.7 174162.0 32637.2  12917.8  5425.0  4905.5
   -56  45.515   0.000  45.515  1642604.1 387263.9 146741.0 36146.9  12765.2  3755.8  4839.9
   -55  48.739   0.001  48.740  1577476.5 388353.9 171961.0 32528.9  12441.9  3368.1  4486.8
   -54 -469.596   0.010 -469.587  1447662.5 344740.0 134097.2 25163.8  11649.5  3680.5  4051.3
   -53 -184.923  -0.003 -184.926  1402559.9 356279.1 111284.3 33530.5  12859.4  2826.1  4551.8
   -52 262.608  -0.002 262.606  1462868.1 326174.2 132784.7 35903.3  12904.5  5119.8  4748.5
   -51 340.096  -0.002 340.094  1646409.7 582086.4 197457.0 35460.6  12238.1  4314.1  4727.0
   -50 -42.451  -0.001 -42.452  1553603.7 358037.0 129643.0 31915.7  13551.4  2918.2  4608.7

         Carbon flux (ktC/yr)        Water (dam3/yr)                Nitrogen (MgN/yr)
       ----------------------- -------------------------- --------------------------------
Spinup NEP     estab   NBP     transp     evap    interc  nuptake ndemand  nlosses ninflux
------ ------- ------- ------- ---------- ------- ------- ------- -------- ------- -------
   -49 164.693  -0.002 164.691  1749533.2 509960.0 247795.6 36055.7  14950.9 12451.6  5363.9
   -48 -576.931   0.016 -576.915  1482800.9 456867.3 175744.0 26194.4  11836.7  3510.3  4103.6
   -47 342.058  -0.008 342.050  1557517.6 344094.3 137305.8 34331.6  13124.1  6087.3  4793.3
   -46 343.285  -0.002 343.283  1665856.1 448147.1 163319.4 34120.5  13344.5  3488.8  4924.8
   -45 -11.416   0.001 -11.416  1640265.1 422489.0 169667.8 31235.5  13100.5  2254.6  4513.1
   -44 -677.807   0.013 -677.793  1462465.5 460154.1 177116.8 26980.2  12143.6  3295.8  4220.5
   -43 -403.418  -0.001 -403.419  1390612.9 489203.9 143800.4 29914.5  12973.1  5055.3  4672.1
   -42 -398.722   0.003 -398.719  1249605.1 351244.3 125633.8 26658.4  11243.1  3432.8  4127.1
   -41 549.524  -0.002 549.522  1406985.1 483241.5 219941.5 37878.6  13846.0  4240.9  5744.8
   -40 -141.552   0.000 -141.552  1397495.6 350569.9 110368.8 28960.5  13339.2  2425.4  5043.6
   -39 143.563  -0.002 143.561  1467949.2 455908.2 165579.2 34869.5  13706.1  5696.2  5272.7
   -38 591.999  -0.003 591.996  1789022.9 479510.7 244536.5 37687.2  13814.3  9481.3  5563.7
   -37 -255.335   0.004 -255.331  1474231.1 368311.6 122474.0 27898.1   9859.5  4042.9  3808.6
   -36 -581.355   0.008 -581.347  1409817.5 465509.9 140640.0 26186.2  12724.6  3500.6  4402.7
   -35 629.443  -0.006 629.438  1645257.5 495300.6 235541.3 41095.7  13511.0  6073.7  5289.0
   -34  95.978  -0.000  95.978  1591935.8 408520.2 164913.5 27136.8  13884.3  6591.8  5166.9
   -33 328.394  -0.001 328.393  1711745.4 299076.9 144863.0 37848.6  12239.8  4961.8  4578.6
   -32 -668.695   0.017 -668.679  1568778.3 453577.6 151529.0 24211.9  12482.2  3277.6  4218.6
   -31 599.355  -0.009 599.346  1665504.5 552399.3 243529.9 40743.8  14026.2  3481.8  5764.6
   -30  57.983   0.001  57.984  1663373.1 429634.3 173184.3 28209.7  13211.1  1541.2  4766.7
   -29 -1399.493   0.033 -1399.460  1223943.0 486084.3 148319.3 17008.9   7848.6  2484.1  3026.9
   -28 -204.362  -0.010 -204.372  1063181.0 409836.6 77219.4 28750.6   8993.0  2653.5  3928.7
   -27 783.788  -0.006 783.782  1521602.8 551311.0 193295.3 40475.2  13783.8 13164.1  6106.0
   -26 295.931  -0.001 295.930  1535552.0 421188.1 125713.5 32767.1  12004.9  4080.7  5227.3
   -25 183.852  -0.001 183.851  1569025.4 568718.0 219588.5 34150.6  12682.7  7166.3  5149.3

         Carbon flux (ktC/yr)        Water (dam3/yr)                Nitrogen (MgN/yr)
       ----------------------- -------------------------- --------------------------------
Spinup NEP     estab   NBP     transp     evap    interc  nuptake ndemand  nlosses ninflux
------ ------- ------- ------- ---------- ------- ------- ------- -------- ------- -------
   -24 282.156  -0.002 282.155  1755442.3 375407.8 138187.5 33787.6  14766.5  3001.4  5587.5
   -23 -493.232   0.003 -493.229  1450360.4 346855.1 126805.6 26319.0  11510.0  2353.8  3897.1
   -22 -169.500   0.001 -169.499  1429945.5 410652.9 130708.8 34375.2  12317.7  4123.6  4708.6
   -21 -387.125   0.012 -387.113  1333174.4 354421.5 104057.1 27482.4  11738.0  2642.7  4332.2
   -20 407.617  -0.007 407.610  1367340.5 495795.7 143647.4 36477.5  12389.8  2486.6  4914.4
   -19 -168.417   0.001 -168.416  1391761.8 484860.3 162371.6 29416.1  12154.3  3709.1  4784.5
   -18 270.692  -0.001 270.691  1515127.0 431154.7 135985.9 40410.2  12187.1  6209.2  4797.4
   -17 237.864  -0.002 237.862  1681244.7 377534.2 208108.0 36416.7  15026.9  7108.1  5625.4
   -16 435.458  -0.002 435.456  1805374.6 429721.9 211550.8 33431.5  14556.4  4460.0  5628.6
   -15 179.213   0.000 179.213  1759731.2 371728.8 158834.0 34466.1  11405.9  2144.5  4158.2
   -14 -1222.025   0.046 -1221.979  1289562.1 323989.5 103631.4 17052.9   8618.8  3042.0  3305.0
   -13 553.714  -0.021 553.693  1370155.2 669203.2 166906.5 37983.2  10105.0  4270.7  4628.7
   -12 796.472  -0.005 796.466  1729020.5 566629.5 217881.7 37147.0  13905.2  4731.2  6273.2
   -11 -171.585   0.002 -171.583  1596035.1 391582.4 139654.3 28439.8  12237.0  3030.2  4770.1
   -10 -299.625   0.002 -299.624  1508601.0 365255.1 135492.6 28051.4  13724.9  2162.0  4882.2
    -9 -1049.472   0.021 -1049.451  1153612.4 313765.4 93838.8 20684.6   8059.5  3236.0  3263.0
    -8  30.345  -0.009  30.337  1201451.3 384314.5 89941.8 31953.7  11454.5  3194.0  4820.2
    -7 283.042  -0.002 283.040  1282728.0 451656.0 112922.2 35614.1  11943.3  4615.5  5375.8
    -6 603.874  -0.007 603.868  1511857.2 590328.8 202033.1 38691.9  14227.1  5237.7  6513.4
    -5 366.277  -0.005 366.272  1603260.5 412818.8 129809.7 34847.4  11467.7  3385.7  4692.0
    -4 -598.132   0.010 -598.123  1291744.2 359190.2 105032.6 22697.1   9070.7  4520.0  3586.4
    -3 213.536  -0.008 213.528  1484424.2 460411.7 141049.6 32871.2  13416.5  6165.5  5319.1
    -2 375.632  -0.003 375.630  1689770.6 520379.0 207448.3 33566.8  13242.8 17270.8  5566.1
    -1  70.446  -0.001  70.444  1675350.5 413895.8 155870.4 31460.4  13129.8  4729.6  4905.3
     0 -403.955   0.002 -403.953  1469203.3 327041.5 89672.8 28899.2  10581.1  2763.1  3704.7

         Carbon flux (ktC/yr)        Water (dam3/yr)                Nitrogen (MgN/yr)
       ----------------------- -------------------------- --------------------------------
Spinup NEP     estab   NBP     transp     evap    interc  nuptake ndemand  nlosses ninflux
------ ------- ------- ------- ---------- ------- ------- ------- -------- ------- -------
     1 -381.703   0.001 -381.702  1445515.0 325616.7 90380.6 29737.3  12297.4  5166.3  4204.0
     2 281.722  -0.001 281.721  1516296.7 402653.5 143660.6 37790.8  12184.5  3818.1  4531.9
     3 255.476  -0.001 255.475  1579055.9 401979.1 153325.8 33238.5  12400.7  3347.7  4635.3
     4 -129.769   0.002 -129.767  1529840.2 457488.1 124193.0 31043.3  11882.5  2464.7  4205.4
     5 -215.462  -0.000 -215.462  1560446.9 355660.5 128319.1 29794.3  13911.7  2382.5  4739.1
     6  31.164   0.001  31.165  1514540.5 384719.4 128255.1 34994.2  11466.8  3182.8  4134.2
     7 -139.665   0.000 -139.665  1527079.8 560673.5 171285.8 29160.2  12157.9  4058.4  4406.4
     8 260.731  -0.002 260.728  1607828.3 415620.7 164751.7 36745.9  13441.6  3821.8  4932.0
     9  38.632  -0.000  38.631  1627218.4 557978.8 183739.8 30664.4  12182.8  3944.2  4515.0
    10 269.846  -0.002 269.844  1741597.1 530201.1 225170.6 36743.2  15634.4  4522.5  5913.3
    11 -797.715   0.015 -797.700  1349436.9 323817.3 94420.4 21055.6  10492.9  1632.1  3434.3
    12 443.302  -0.008 443.294  1544563.5 452765.2 139624.9 37965.5  12591.4  5369.9  4766.1
    13 -224.429   0.001 -224.428  1533341.2 476269.7 153167.0 28282.8  11978.4  2735.8  4423.8
    14 -169.473   0.000 -169.473  1510416.8 492502.4 153607.8 32513.0  12552.3  3993.6  4617.4
    15 238.400  -0.002 238.398  1612621.0 573294.4 215626.5 38269.4  13460.0  5767.8  5188.0
    16 -11.820  -0.001 -11.821  1588167.8 359753.7 117061.6 31558.5  14111.3  4143.5  4741.9
    17 382.842  -0.000 382.842  1690739.1 435296.4 221317.4 36229.3  13136.2  4059.8  4872.3
    18 -944.291   0.019 -944.272  1326429.2 317646.0 94226.8 19758.8  10362.9  2816.0  3372.6
    19 207.881  -0.010 207.871  1475178.3 499269.7 140557.6 37347.4  13694.9  7721.6  4879.6
    20 294.812  -0.002 294.810  1703585.8 563125.3 173892.4 33994.2  11774.2  4355.6  4545.6
    21 540.714  -0.003 540.711  1860118.9 414613.0 234286.4 39617.1  14472.0  5980.4  5344.6
    22 -203.285   0.001 -203.284  1702035.6 380430.3 160669.2 25029.2  14297.0  4187.8  4652.2
    23 -442.034   0.010 -442.024  1424760.8 352331.8 112701.2 30408.6   9509.0  4544.0  3581.9
    24 -381.576  -0.002 -381.578  1404622.8 493974.5 146209.1 29984.8  12412.1  3891.0  4414.9
    25 -478.298   0.001 -478.297  1345756.9 503310.7 120860.8 31008.8  11864.4  4193.1  4300.6

         Carbon flux (ktC/yr)        Water (dam3/yr)                Nitrogen (MgN/yr)
       ----------------------- -------------------------- --------------------------------
Spinup NEP     estab   NBP     transp     evap    interc  nuptake ndemand  nlosses ninflux
------ ------- ------- ------- ---------- ------- ------- ------- -------- ------- -------
    26 439.755  -0.003 439.752  1611243.7 402458.3 189612.1 45382.9  14697.6  7036.3  5597.8
    27 458.480  -0.003 458.477  1740649.4 548911.4 222892.5 34981.3  13171.8 10244.8  5076.6
    28 247.120  -0.001 247.119  1831198.9 503771.7 241810.3 31206.7  14631.1 11641.1  5298.7
    29 -1271.498   0.053 -1271.445  1296474.4 496642.8 136606.9 17948.9   8064.9  2991.2  3101.3
    30 723.543  -0.027 723.516  1357544.1 666819.8 189188.2 39875.2  10141.2  7730.0  4746.6
    31 736.898  -0.005 736.893  1721682.4 581835.2 210906.0 34941.1  12710.9  8490.4  5240.8
    32 181.423  -0.000 181.422  1740118.9 444040.6 151646.5 30399.4  12732.6  3615.1  4983.1
    33 -623.107   0.011 -623.096  1535133.1 456454.1 165115.2 26433.3  11386.6  2740.6  4111.2
    34  83.454  -0.004  83.449  1515968.8 434358.5 148019.5 30379.9  13431.8  5073.9  5043.8
    35 288.864  -0.002 288.862  1614473.7 538241.7 186145.2 38124.4  11590.0  3091.2  4792.6
    36 -329.964   0.002 -329.962  1567037.4 343553.8 138684.1 26922.7  12783.3  2223.2  4427.0
    37  35.763  -0.000  35.763  1529492.8 429840.3 194804.1 32249.2  12666.2  4281.9  4837.8
    38 379.062  -0.002 379.060  1651441.1 419594.4 240616.8 37834.4  13771.4  4559.0  5206.5
    39 -533.798   0.002 -533.796  1389740.4 332472.5 94547.0 25830.3  11299.0  2450.4  3766.6
    40 -400.996   0.001 -400.996  1442106.5 501006.6 126937.6 31753.9  12589.6  5042.2  4370.0
    41 -191.752   0.002 -191.750  1407725.9 360360.7 115746.6 29741.6  11559.8  3979.7  4186.5
    42 -714.930   0.022 -714.908  1171065.8 379503.6 86948.9 21508.8   9615.5  3845.8  3457.2
    43  22.413  -0.008  22.404  1120554.3 420235.7 93887.9 32393.3  10851.2  3281.1  4193.8
    44 520.127  -0.005 520.123  1454847.6 560957.1 186927.5 40589.4  12742.4 15651.9  5557.7
    45 423.313  -0.003 423.309  1523546.4 303938.1 118511.5 32482.7  11938.8  8178.2  4583.5
    46 382.141  -0.002 382.139  1736626.8 521512.0 219892.0 34585.1  13297.4 14877.5  5211.2
    47  70.815  -0.000  70.815  1677882.9 377350.2 183752.1 34065.1  12828.6  2251.7  4594.8
    48 -550.599   0.011 -550.588  1513389.7 463734.1 165738.0 27457.9  12044.9  3511.2  4104.1
    49 -153.999  -0.003 -154.002  1473322.9 368325.8 109346.2 32101.5  12511.1  3895.9  4389.5
    50 -138.418   0.001 -138.418  1437952.9 491688.1 162007.7 32934.1  12109.5  3436.1  4430.5

         Carbon flux (ktC/yr)        Water (dam3/yr)                Nitrogen (MgN/yr)
       ----------------------- -------------------------- --------------------------------
Spinup NEP     estab   NBP     transp     evap    interc  nuptake ndemand  nlosses ninflux
------ ------- ------- ------- ---------- ------- ------- ------- -------- ------- -------
    51 306.926  -0.002 306.923  1616276.6 388168.9 137683.5 37801.4  14413.2  3977.6  5195.8
    52 -538.061   0.003 -538.057  1348597.6 350866.7 123548.7 26618.9  11327.5  2753.2  3752.2
    53  49.723  -0.001  49.722  1461613.4 380114.7 129721.3 35378.9  13615.4  2954.1  4813.4
    54 -638.579   0.013 -638.566  1139505.4 355830.3 107244.9 20634.5   7337.7  5858.1  2995.5
    55 231.674  -0.007 231.667  1323119.6 485148.9 141143.3 37005.5  13612.8  7305.5  5086.4
    56 184.260  -0.002 184.258  1465893.2 350961.7 99512.9 33517.8  12184.1  3347.4  4562.7
    57 381.698  -0.002 381.696  1476614.1 560469.4 181870.0 35142.3  12133.8  4058.5  4739.7
    58 -681.093   0.016 -681.078  1357915.9 448235.7 139644.6 23450.5  11807.7  3262.9  4116.4
    59 -62.606  -0.004 -62.609  1231840.4 424703.3 128185.3 32616.4  10725.3  3765.9  4355.6
    60 498.214  -0.003 498.211  1457914.2 463311.8 224829.1 41052.0  14748.2  5498.3  5896.7
    61 498.706  -0.002 498.704  1629132.7 439922.2 241220.5 37072.1  15178.6  8583.1  6108.0
    62 257.110  -0.001 257.109  1728462.3 530261.3 243581.4 33687.0  15478.2  7206.4  6277.0
    63  63.311   0.000  63.311  1719192.6 554139.8 209545.3 31204.1  12666.1  3584.9  4762.7
    64 -253.297   0.001 -253.296  1605535.8 468136.6 177915.8 30646.0  13105.5  3715.1  4494.9
    65 204.204  -0.002 204.202  1662176.6 449827.2 162510.5 35146.7  14581.5  4140.8  5121.7
    66 290.969  -0.001 290.968  1771700.9 393758.0 265153.7 37138.5  14758.5  3914.6  5380.7
    67 284.575  -0.001 284.574  1864772.1 395524.3 272317.9 35942.2  15986.6  4145.4  5678.9
    68 210.263  -0.000 210.263  2006576.1 435094.3 278899.8 32764.5  15834.8  4475.8  5558.9
    69 -1053.643   0.058 -1053.584  1391065.0 364079.3 109628.8 14788.6   9467.6  3147.7  3249.2
    70 1060.048  -0.032 1060.016  1564051.9 648946.0 215325.4 45032.1  11508.0  3952.9  4875.3
    71 -1084.279   0.027 -1084.251  1459940.2 448621.8 146832.7 15597.2  11027.6  2934.5  4090.1
    72  17.626  -0.018  17.608  1295834.6 338717.9 118915.4 29446.1   9567.8  4612.3  4037.5
    73 -78.215  -0.002 -78.217  1428769.3 487794.4 130352.4 36637.8  11741.2  3748.1  4675.1
    74 239.045  -0.002 239.044  1514840.8 574105.2 186485.0 33477.0  11249.0  3158.3  4651.6
    75 443.704  -0.003 443.701  1609358.0 411605.6 163346.1 37923.7  11795.1  3632.5  4791.7

         Carbon flux (ktC/yr)        Water (dam3/yr)                Nitrogen (MgN/yr)
       ----------------------- -------------------------- --------------------------------
Spinup NEP     estab   NBP     transp     evap    interc  nuptake ndemand  nlosses ninflux
------ ------- ------- ------- ---------- ------- ------- ------- -------- ------- -------
    76 -56.835  -0.000 -56.836  1588028.9 395484.9 165670.8 27240.8  13502.1  4434.4  4946.4
    77 -397.389   0.013 -397.376  1516694.7 342824.0 130212.1 30281.5  10128.5  4298.3  3878.2
    78 472.210  -0.008 472.202  1676091.1 536445.9 231274.5 38909.6  14640.4 11396.4  5558.7
    79 -190.760   0.002 -190.759  1567609.9 377411.4 143706.5 30308.5  12030.4  3468.6  4477.6
    80  -6.237  -0.001  -6.238  1584045.4 399195.9 185269.8 34237.5  13672.7  3035.0  4875.2
    81 331.611  -0.001 331.609  1728822.6 414071.9 252483.5 39096.5  15120.7  4440.0  5620.7
    82 -433.841   0.005 -433.836  1593231.0 329128.7 120622.8 26482.7  12755.0  2270.3  4213.4
    83 198.292  -0.002 198.290  1582165.2 570610.8 239284.3 39044.5  12615.4  6208.5  4821.3
    84 454.533  -0.002 454.531  1884687.9 475206.5 260755.7 35866.8  15039.6  9734.6  5694.2
    85 186.424  -0.001 186.424  1854063.9 498029.0 265632.5 31297.0  14546.3  7748.7  5410.8
    86 -1133.462   0.020 -1133.443  1342959.4 306952.4 106092.5 19740.2   9070.2  1857.9  3001.0
    87 419.772  -0.010 419.762  1590896.9 645264.5 178764.2 39366.6  12193.7  5125.2  4693.8
    88 400.998  -0.002 400.997  1699586.8 310343.5 135715.8 32950.2  13059.6  4305.3  4805.9
    89 519.498  -0.002 519.496  1994685.4 459319.5 256427.1 37783.4  13574.0  5422.6  5270.6
    90  45.693   0.000  45.694  1784134.7 511743.6 216024.0 31222.5  12328.1  2673.8  4557.9
    91 -1049.231   0.035 -1049.195  1442375.0 329641.0 124169.6 21111.5  10306.6  2369.7  3596.5
    92 918.389  -0.018 918.371  1671942.4 557449.7 227882.8 43879.7  12405.2  5088.5  5133.2
    93 358.641  -0.002 358.638  1806553.1 553556.9 247391.6 34048.4  12433.0  7402.2  5079.3
    94  77.824  -0.000  77.824  1787244.7 432882.4 173891.9 30707.4  13650.6  4055.9  4997.1
    95 -657.790   0.003 -657.786  1517860.3 333796.0 136940.0 27562.2  12716.2  2002.9  3952.0
    96  67.608  -0.000  67.608  1590611.3 446924.1 156105.7 35013.3  13623.6  2334.8  4781.0
    97 -997.324   0.006 -997.318  1239253.2 325396.7 95954.1 20677.3   9298.4  2666.6  3090.1
    98 363.224  -0.004 363.220  1491312.0 350179.5 116560.4 37548.6  13307.2  9403.4  5082.5
    99 757.672  -0.004 757.669  1829679.0 490926.7 228065.1 38115.4  12907.6  9932.1  5297.1
   100 -475.965   0.013 -475.951  1618322.4 449128.8 145921.4 25075.1  11270.4  3195.0  4023.7

         Carbon flux (ktC/yr)        Water (dam3/yr)                Nitrogen (MgN/yr)
       ----------------------- -------------------------- --------------------------------
Spinup NEP     estab   NBP     transp     evap    interc  nuptake ndemand  nlosses ninflux
------ ------- ------- ------- ---------- ------- ------- ------- -------- ------- -------
   101  26.168  -0.006  26.162  1496323.7 401940.7 160280.5 31013.3  12254.1  3828.6  4438.1
   102 114.581  -0.000 114.580  1586716.8 397555.9 142374.5 39980.0  11762.1  4096.3  4671.2
   103 -123.955   0.008 -123.947  1546237.9 463303.6 130914.8 31295.7  11846.6  2528.9  4045.1
   104  39.084  -0.004  39.081  1586067.4 433282.3 146982.9 32034.1  12830.5  2209.6  4371.0
   105 -1043.069   0.013 -1043.056  1248023.2 318157.8 92005.9 19216.0   8797.6  2711.3  2980.9
   106 -425.292   0.012 -425.280  1112737.9 414407.1 76604.3 25447.8   9408.7  9390.6  3522.8
   107 577.934  -0.009 577.924  1278425.6 500753.6 119092.8 39987.4  11221.6  3156.7  4319.0
   108  54.793  -0.000  54.792  1382837.9 408116.6 117673.2 32524.1  11925.0  4472.3  4873.4
   109 205.384  -0.001 205.383  1397505.5 555215.2 166332.5 34772.3  12390.3  5183.8  4936.0
   110 114.005  -0.000 114.005  1507956.6 566559.3 179752.1 31057.4  11885.9  3756.7  4733.9
   111 406.097  -0.001 406.096  1570768.1 412757.8 159130.7 37224.1  12337.0  3967.9  4843.7
   112 -850.208   0.039 -850.168  1214305.2 372910.8 97777.3 16695.0   9046.3  3750.1  3373.2
   113 -50.832  -0.017 -50.850  1091663.1 422953.8 100799.4 31927.2   9622.2  4659.8  3954.2
   114 741.225  -0.006 741.219  1532125.5 581523.0 200521.6 45604.2  14253.0  6315.0  6281.0
   115 -452.340   0.007 -452.334  1438217.9 461718.2 135396.7 24378.1  11636.6  3223.4  4403.3
   116 138.509  -0.003 138.506  1386498.7 312034.4 124467.6 32114.6  10752.9  4807.3  4253.1
   117 -85.117  -0.000 -85.118  1321787.5 356169.6 86682.1 32533.3  10286.1  3356.4  3857.4
   118 -209.755  -0.000 -209.756  1417054.8 505820.8 123636.4 35076.6  12319.5  5571.5  4531.8
   119 257.026  -0.002 257.024  1555479.7 440988.6 159369.7 34599.2  13523.6  6057.4  5048.5
   120 351.375  -0.001 351.373  1739085.8 351998.6 137465.0 35408.4  13590.2  2240.0  5003.0
   121 -69.283   0.001 -69.282  1633994.2 400836.0 175432.2 30198.6  12541.0  4707.5  4392.1
   122 -447.723   0.003 -447.720  1411292.5 322433.3 97233.3 28393.1  10406.2  2193.3  3495.6
   123 -352.322   0.009 -352.313  1461496.1 483063.2 134372.2 30403.9  13390.8  5066.0  4563.5
   124 647.748  -0.007 647.741  1617229.6 549782.2 227421.1 39832.5  14559.5  3210.2  5988.0
   125 405.985  -0.002 405.983  1783879.5 515732.6 246251.3 33581.2  15248.6  3497.1  6227.5

         Carbon flux (ktC/yr)        Water (dam3/yr)                Nitrogen (MgN/yr)
       ----------------------- -------------------------- --------------------------------
Spinup NEP     estab   NBP     transp     evap    interc  nuptake ndemand  nlosses ninflux
------ ------- ------- ------- ---------- ------- ------- ------- -------- ------- -------
   126 345.057   0.001 345.057  1721293.2 414614.8 250778.0 30447.3  13121.8  2519.6  5145.4
   127 -652.493   0.020 -652.473  1342587.2 344341.1 123557.0 22354.4   9620.3  3668.8  3623.3
   128 -657.239  -0.002 -657.241  1195251.2 330011.5 95955.4 25878.3  11917.3  2059.7  4150.1
   129 582.031  -0.003 582.027  1525459.5 525676.1 210922.4 38744.5  14511.2  7629.1  6020.7
   130 225.546  -0.002 225.543  1503987.6 421012.9 150865.2 25732.9  13487.2 13316.5  5336.9
   131 573.828  -0.004 573.824  1796513.7 534480.0 235290.7 42739.1  13507.0  8555.3  6071.3
   132 171.185   0.001 171.186  1787749.7 377858.9 151572.7 32719.0  11725.9  4729.2  4307.3
   133 -217.876   0.001 -217.875  1685534.0 527378.3 240079.4 31610.9  12166.8  7385.8  4593.0
   134 103.811  -0.001 103.810  1774101.5 560313.0 200144.8 32158.0  13061.6  6244.7  4964.9
   135   3.997   0.000   3.997  1701746.6 389261.7 145545.8 34517.7  13404.6  3486.3  4890.7
   136 -279.936   0.002 -279.934  1555760.5 390783.7 163026.6 26087.3  15297.8  3408.0  5060.1
   137 -388.790   0.005 -388.785  1378024.5 357997.9 114741.9 30385.1   9674.7  4024.5  3812.6
   138 -948.244   0.038 -948.206  1115390.4 378865.6 90484.6 16334.6   9828.4  3507.3  3534.4
   139 -272.272  -0.018 -272.290  1041807.1 396509.4 88199.4 31393.5   9675.3  3152.5  4021.6
   140 520.501  -0.004 520.496  1310246.4 467128.7 107981.1 43718.0  11433.3  3490.0  5002.3
   141 510.577  -0.004 510.572  1522447.8 546716.6 194069.6 31728.2  13432.5 17141.9  5788.0
   142 222.204  -0.003 222.202  1590643.9 431467.9 151765.8 32497.7  12752.2  5934.3  5141.2
   143 410.963  -0.003 410.960  1812889.2 524390.6 224251.9 39318.6  14174.1  5958.1  6080.0
   144  46.359   0.000  46.360  1764085.7 545055.0 200570.8 30664.6  11696.5  3023.1  4546.2
   145 -977.580   0.053 -977.527  1284948.7 368149.4 99791.9 16076.4   8607.5  3483.5  3228.4
   146  88.502  -0.024  88.478  1200774.9 473429.5 114914.5 36513.5   8996.6  4466.5  3911.4
   147 -364.116   0.003 -364.112  1165565.5 377008.1 96931.3 24992.0   9523.3  4759.3  3976.8
   148 430.355  -0.004 430.351  1374635.2 334508.6 107065.0 35868.5  12943.5  5514.1  5268.3
   149 552.283  -0.004 552.280  1625363.9 596679.2 170230.3 35811.0  11423.0  4524.5  5001.6
   150 339.505  -0.001 339.505  1702309.6 402164.3 135030.4 36265.4  11181.4  4562.3  4436.3

         Carbon flux (ktC/yr)        Water (dam3/yr)                Nitrogen (MgN/yr)
       ----------------------- -------------------------- --------------------------------
Spinup NEP     estab   NBP     transp     evap    interc  nuptake ndemand  nlosses ninflux
------ ------- ------- ------- ---------- ------- ------- ------- -------- ------- -------
   151 -693.250   0.023 -693.228  1441867.3 328646.2 121307.9 21877.8  11010.1  4825.3  3873.4
   152 375.293  -0.010 375.283  1540817.8 470745.4 181897.5 35980.2  13339.7  5249.2  5372.1
   153 -721.144   0.013 -721.131  1383045.4 447739.6 134277.5 22192.1  11088.3  2710.6  4133.0
   154  80.968  -0.004  80.964  1320331.7 326165.3 118154.5 30752.5  10810.1  4980.2  4357.3
   155 815.134  -0.004 815.130  1657029.5 459025.8 222713.7 47996.0  14102.6  7795.1  5978.3
   156 264.301  -0.002 264.299  1741513.7 360043.7 139951.3 30496.9  14022.8  3132.5  5197.9
   157 -1468.691   0.058 -1468.633  1184641.3 503561.5 137286.3 18564.8   6314.0  3976.8  2607.2
   158 483.540  -0.027 483.513  1181554.8 448713.6 92035.9 36452.5  10483.9  4077.7  4767.3
   159 -119.462  -0.000 -119.463  1282586.1 328901.1 84009.9 29428.8  10874.3  4145.8  4355.2
   160 482.955  -0.003 482.952  1474857.1 609975.1 163825.8 40715.9  11026.0  5706.3  4909.0
   161 691.265  -0.005 691.260  1745662.3 397231.3 192375.1 40224.0  13706.3  9654.1  5671.7
   162 612.380  -0.004 612.376  1978710.7 366937.3 214229.0 36920.8  13878.7 10075.8  5564.7
   163 533.703  -0.002 533.702  2060504.7 384332.9 268408.2 36535.5  14063.1  4640.4  5512.6
   164 -633.956   0.023 -633.934  1547364.3 337340.3 130540.7 21633.0   9570.6  3933.5  3512.0
   165 -62.162  -0.009 -62.171  1511690.5 427708.3 157024.9 27775.6  13662.5  3789.9  4962.5
   166 343.085  -0.001 343.083  1737253.2 431917.3 204446.7 38636.4  14121.6  4151.8  5529.6
   167 -1058.088   0.068 -1058.020  1199324.4 353155.5 101776.2 10893.1   8448.6  3104.0  3143.2
   168 138.476  -0.032 138.443  1182853.3 383499.0 106096.6 31939.1   7401.7  6415.2  3474.8
   169 -88.181  -0.002 -88.183  1346104.7 503573.0 118065.8 32622.2  11226.1  2969.5  4472.5
   170 -248.050   0.000 -248.050  1269102.5 357531.9 81087.7 28705.8  10563.2  2817.1  4073.7
   171 597.972  -0.005 597.967  1637763.2 484041.2 206711.4 44415.2  15260.2  9928.3  6268.8
   172 277.810  -0.002 277.808  1718945.7 394396.2 173532.1 31280.2  13896.6  3298.7  5184.4
   173 433.436  -0.001 433.435  1947403.0 447596.1 239882.4 34707.3  14134.5  6503.3  5398.3
   174 127.525   0.000 127.526  1766322.2 510638.8 201689.0 30997.6  12782.5  3420.0  4714.7
   175 -819.786   0.035 -819.751  1457581.4 311281.8 133770.5 19111.6  10645.9  3915.4  3699.3

         Carbon flux (ktC/yr)        Water (dam3/yr)                Nitrogen (MgN/yr)
       ----------------------- -------------------------- --------------------------------
Spinup NEP     estab   NBP     transp     evap    interc  nuptake ndemand  nlosses ninflux
------ ------- ------- ------- ---------- ------- ------- ------- -------- ------- -------
   176 -405.045  -0.010 -405.056  1183791.5 385528.4 85064.4 28929.8   9910.1  2926.4  3574.1
   177 513.370  -0.005 513.364  1606057.6 592206.3 206946.5 40092.2  15362.3  7610.3  6457.4
   178 213.810  -0.001 213.808  1593190.1 531081.4 186592.1 29492.0  12754.8  2645.5  5085.1
   179 -71.522   0.001 -71.521  1630636.5 540675.1 194384.0 29357.3  12048.0  2611.1  4659.3
   180 -235.643   0.001 -235.642  1526697.0 475002.1 165869.5 30703.1  12701.1  3083.5  4568.8
   181 -49.614  -0.001 -49.615  1553198.8 484782.0 125534.0 35319.6  12401.6  3732.3  4436.2
   182 483.500  -0.001 483.499  1661069.1 423478.0 222410.8 33628.2  13532.4  2868.0  5238.6
   183 -1048.336   0.066 -1048.270  1210069.3 360664.8 94637.4 11839.2   9292.3  3125.2  3331.6
   184 -656.401  -0.019 -656.420   913661.6 406474.2 72764.7 22655.4   5677.0  5156.7  2633.9
   185 852.679  -0.011 852.668  1442733.3 645301.8 168782.1 45543.7  13932.4  9333.1  6302.8
   186 285.840  -0.002 285.838  1501782.7 411386.7 114764.8 30565.9  12093.3  3249.7  5059.8
   187 400.632  -0.002 400.630  1665042.5 519466.9 205880.0 33198.4  13826.7 11991.8  5580.9
   188 -885.616   0.018 -885.599  1320914.5 463677.8 125819.9 22490.2   8849.0  3006.6  3378.8
   189 592.676  -0.009 592.667  1424516.4 614296.2 193334.2 38461.0  11985.4  8457.6  5161.5
   190 536.475  -0.003 536.472  1720511.3 381081.9 128036.1 33826.5  13753.7  4186.4  5569.3
   191 212.397  -0.001 212.396  1700301.6 415257.4 202860.9 32088.9  12610.9  4206.5  4969.8
   192 -847.902   0.016 -847.886  1361660.8 291528.1 104096.2 22330.0   9211.6  3057.5  3218.8
   193 380.551  -0.007 380.544  1433390.6 332722.4 119173.6 33814.9  12197.1  5598.9  4672.1
   194 513.366  -0.003 513.363  1641906.3 315437.4 127574.5 34560.8  12669.6  7286.5  4943.7
   195 -332.487   0.001 -332.486  1450119.2 334486.2 92922.0 27397.9  10379.9  3507.2  3647.0
   196  -1.279  -0.001  -1.280  1629846.9 451904.7 158495.7 32264.3  14464.9  8753.1  5135.4
   197 -514.279   0.003 -514.276  1464986.2 451756.8 131602.7 27634.9  11522.4  2727.1  3952.9
   198 171.449  -0.001 171.447  1494211.5 416043.6 145102.9 32063.0  14555.5  4137.2  5207.8
   199 356.760  -0.001 356.758  1694675.3 563684.3 186511.2 35671.9  11649.8  3390.7  4683.2
   200   2.934   0.000   2.934  1590202.5 349269.9 122732.9 30476.7  13759.0  2567.5  4584.2

         Carbon flux (ktC/yr)        Water (dam3/yr)                Nitrogen (MgN/yr)
       ----------------------- -------------------------- --------------------------------
Spinup NEP     estab   NBP     transp     evap    interc  nuptake ndemand  nlosses ninflux
------ ------- ------- ------- ---------- ------- ------- ------- -------- ------- -------
   201  79.438   0.001  79.438  1609593.8 386558.9 164802.7 34570.7  12395.3  3426.1  4470.9
   202 -11.992  -0.000 -11.992  1640258.7 418702.0 174791.6 29344.9  14242.0  4845.2  4893.6
   203 423.878  -0.001 423.876  1842118.1 399427.9 255418.4 39477.2  15422.2  3727.6  5711.4
   204  41.925   0.000  41.925  1794712.6 519402.1 253522.3 30721.6  14173.0  4665.9  5072.3
   205 -290.088   0.003 -290.085  1707125.4 461908.2 181518.9 29219.3  14117.4  2918.8  4679.3
   206 -639.951   0.015 -639.937  1550014.7 454085.3 150781.0 25592.6  13856.4  2969.3  4619.8
   207  59.884  -0.006  59.878  1470373.5 565516.9 233995.7 35098.1  11479.6  4260.9  4540.8
   208 309.948  -0.001 309.947  1671306.5 524340.5 239258.7 32841.7  15462.0 10616.2  5870.8
   209 384.170  -0.001 384.168  1851655.0 450676.3 254214.9 33840.3  14602.4  3715.3  5643.9
   210 397.666  -0.001 397.665  1925406.8 403987.6 268765.8 37029.3  15389.8  2831.6  5789.4
   211 -904.120   0.010 -904.109  1545411.2 282611.6 115140.3 22181.4  11544.0  1980.9  3670.0
   212 168.116  -0.003 168.113  1570104.3 415343.5 188981.5 35786.6  13197.8  2804.2  4846.4
   213 -124.256   0.001 -124.254  1547270.0 457378.5 134024.5 30924.5  11989.1  2281.5  4270.7
   214 -485.678   0.016 -485.663  1457547.9 341634.2 124055.2 25382.3  11932.8  3535.6  4141.7
   215 147.518  -0.013 147.505  1477433.2 499121.9 118997.7 36091.9  11968.1  2806.8  4296.7
   216 369.537  -0.002 369.534  1721834.1 413680.1 229397.3 37894.1  15256.1  4706.7  5684.8
   217  22.213  -0.000  22.213  1721290.7 379060.1 142044.9 31927.8  12645.5  2761.0  4403.1
   218 -1088.399   0.029 -1088.370  1292187.2 306816.6 95655.6 19422.1   9126.3  2895.7  3422.1
   219  -0.814  -0.018  -0.831  1254719.7 529008.3 137406.5 30859.9  10725.6  5083.2  4497.7
   220   6.574  -0.002   6.573  1356803.3 502525.8 124191.1 33819.3  11565.8  5148.9  4689.6
   221 248.691  -0.001 248.689  1347193.3 550356.7 178129.6 33966.2  11623.1  3119.6  4907.8
   222  85.356  -0.001  85.356  1341745.2 542168.8 185491.3 32085.3  12578.2  3026.7  5122.6
   223 -88.898   0.000 -88.898  1389672.5 373647.7 131990.7 30831.9  13111.6  2054.6  5115.2
   224 -811.419   0.006 -811.414  1067505.3 349272.9 83876.6 22110.6   7857.5  2704.5  3192.3
   225 705.177  -0.007 705.170  1435206.1 523952.2 189812.1 47832.7  14519.2 10792.8  6086.1

         Carbon flux (ktC/yr)        Water (dam3/yr)                Nitrogen (MgN/yr)
       ----------------------- -------------------------- --------------------------------
Spinup NEP     estab   NBP     transp     evap    interc  nuptake ndemand  nlosses ninflux
------ ------- ------- ------- ---------- ------- ------- ------- -------- ------- -------
   226 -105.295   0.002 -105.293  1410760.2 483538.8 123832.2 28093.8  12534.6  3922.8  4710.9
   227 -749.967   0.007 -749.960  1148727.1 487219.0 122809.3 25618.5   8277.1  3672.0  3188.4
   228 662.811  -0.007 662.804  1397650.4 635963.0 158819.8 37062.8  11659.5  4798.3  5038.3
   229 638.900  -0.004 638.895  1533916.7 326964.5 117486.3 34632.4  11878.1  7995.3  4985.7
   230 534.929  -0.004 534.926  1811672.1 388149.0 202783.1 41846.2  13093.7 13295.6  5437.9
   231 -587.773   0.013 -587.760  1624132.5 440405.8 143804.9 23543.3  11572.0  3982.0  4071.8
   232 -1205.606   0.045 -1205.561  1098438.3 511117.2 130247.9 19008.7   6348.2  4154.8  2809.3
   233 323.306  -0.030 323.276  1133057.2 565325.0 113545.2 36638.4   9489.1  4309.9  4474.2
   234 651.333  -0.003 651.330  1430809.6 459592.4 172540.0 33614.4  12940.1  5226.9  5542.9
   235 -551.939   0.004 -551.935  1195904.0 495949.2 124130.4 26952.7   8826.6  3538.6  3469.1
   236 220.499  -0.003 220.496  1360525.6 515078.0 138377.4 34490.2  11769.8  4981.4  5077.1
   237 617.319  -0.004 617.315  1549821.5 437012.7 118425.0 42294.2  10646.9  7473.6  4597.9
   238 -663.345   0.003 -663.342  1261215.9 336784.3 82697.6 21423.5   9684.3  3389.0  3491.1
   239 670.994  -0.004 670.990  1554200.5 515781.7 185364.9 39700.6  12719.3  8661.0  5496.8
   240 301.679  -0.001 301.678  1607926.0 396634.9 143382.4 31261.9  11759.5  3836.5  4716.2
   241 -491.399   0.003 -491.395  1409590.2 300111.0 94449.7 25655.6  11125.7  3041.6  3924.7
   242 156.933  -0.002 156.932  1428551.5 420407.0 138487.2 31021.6  13613.7  5043.4  5050.6
   243 -119.071   0.002 -119.069  1343876.8 369192.4 103849.8 30658.2   9612.3  4167.8  3889.1
   244 -323.653   0.004 -323.649  1354191.3 473039.2 125247.3 29853.8  12818.5  3330.0  4550.9
   245 -11.133  -0.001 -11.134  1359127.6 374357.4 123035.0 31498.4  12585.7  2707.4  4635.3
   246 243.993  -0.002 243.991  1421394.5 442198.2 183187.8 33566.5  13432.1  4726.4  5169.6
   247 557.508  -0.002 557.506  1601179.9 426907.3 233237.3 37669.7  13799.2  6178.8  5367.1
   248 -462.965   0.003 -462.962  1423516.0 300257.2 100527.1 26673.7  12093.5  3456.1  4049.3
   249  43.249   0.001  43.250  1439516.4 410557.1 128863.9 35182.1  13482.4  4690.6  4899.7
   250 -61.179   0.002 -61.178  1410745.7 408399.6 129050.0 30738.0  13409.4  3886.8  4807.7

         Carbon flux (ktC/yr)        Water (dam3/yr)                Nitrogen (MgN/yr)
       ----------------------- -------------------------- --------------------------------
Spinup NEP     estab   NBP     transp     evap    interc  nuptake ndemand  nlosses ninflux
------ ------- ------- ------- ---------- ------- ------- ------- -------- ------- -------
   251 -886.816   0.009 -886.806  1183458.6 492758.6 123295.1 22640.2  10311.1  2698.0  3663.3
   252 655.354  -0.007 655.347  1430129.6 610633.7 193381.1 40303.6  15109.1  5839.5  6452.7
   253 346.115  -0.003 346.112  1523188.8 575672.0 208228.0 32503.7  12944.2 10997.1  5329.7
   254 244.314  -0.002 244.312  1656540.9 578518.6 185452.5 31932.3  12702.6  8660.6  5008.3
   255 387.936  -0.001 387.935  1716420.9 399789.3 162488.5 35505.3  12747.9  4143.8  4867.4
   256 182.400   0.001 182.400  1746038.7 291247.6 140971.5 31450.9  13487.0  4785.1  4567.7
   257 -106.159   0.002 -106.157  1703779.2 384029.0 142998.2 33958.2  13477.4  4046.0  4604.6
   258 -119.482   0.001 -119.481  1623617.3 292310.6 137977.3 29707.8  13560.1  3962.2  4309.2
   259 161.662  -0.001 161.662  1781065.5 507780.6 232404.3 34961.4  15958.4 11051.0  5411.3
   260 -947.749   0.027 -947.722  1361443.7 299253.3 100625.4 19648.7  10011.8  2624.8  3401.7
   261 387.343  -0.012 387.331  1440811.5 482460.0 146470.5 34726.8  12749.6  5177.7  4838.4
   262 166.650  -0.000 166.650  1593389.9 397113.9 128360.5 33455.0  12429.7  3289.2  4908.7
   263 -477.207   0.015 -477.191  1300747.3 368339.2 106022.9 24007.4   9400.1  4311.9  3606.5
   264 -709.586   0.013 -709.573  1068454.9 389974.0 84159.9 19066.4   9886.9  3460.1  3558.1
   265 -371.457  -0.004 -371.461  1054260.8 501633.3 110647.1 29121.1  11305.1  3612.3  4378.3
   266 346.202  -0.003 346.199  1240670.1 445221.7 105624.1 38973.5  11562.2  3397.1  4937.1
   267 -307.342   0.002 -307.341  1107811.0 380755.1 88114.7 26994.7   9721.9  4361.7  4015.9
   268 -197.138   0.000 -197.138  1018657.2 399764.2 75143.3 24927.7  10379.4  4105.3  4025.1
   269 265.222  -0.003 265.219  1257428.5 408988.4 101884.3 38002.7  12415.6  3305.3  5206.3
   270 392.294  -0.003 392.291  1345191.5 472237.4 117803.2 35158.5  12501.1  3155.1  5031.2
   271 -357.951   0.002 -357.949  1323159.2 474174.3 118726.9 29222.6  11888.4  3899.7  4506.0
   272  46.039   0.000  46.039  1305624.1 486851.3 106099.8 32947.6  11115.6  3129.8  4256.8
   273 -520.831   0.002 -520.829  1168653.2 349108.7 77115.4 25459.8   9719.5  3329.1  3567.9
   274 -120.217  -0.000 -120.217  1311890.1 513097.9 103656.5 33977.3  13102.2  8787.8  4844.3
   275 -307.401   0.013 -307.388  1237725.6 471748.4 111370.8 27098.2  11283.7  3813.0  4230.6

         Carbon flux (ktC/yr)        Water (dam3/yr)                Nitrogen (MgN/yr)
       ----------------------- -------------------------- --------------------------------
Spinup NEP     estab   NBP     transp     evap    interc  nuptake ndemand  nlosses ninflux
------ ------- ------- ------- ---------- ------- ------- ------- -------- ------- -------
   276 905.575  -0.010 905.565  1506930.1 530242.0 192535.3 40069.9  12410.3  8001.4  5036.0
   277 513.069  -0.003 513.066  1643940.0 417907.4 167626.2 36049.7  12622.6  7550.6  5110.2
   278 -473.619   0.008 -473.610  1512160.3 447755.4 137145.1 25913.8  11788.3  4839.3  4174.5
   279 -431.994   0.002 -431.992  1301891.3 337364.7 106779.8 28763.3  10587.6  3466.5  3848.5
   280 908.847  -0.006 908.841  1639907.9 523085.8 216463.6 40922.0  13681.5 10580.4  5423.6
   281 197.154  -0.001 197.153  1582491.4 409202.5 158096.8 26633.9  13159.7 10511.4  4967.8
   282 -87.679   0.000 -87.679  1537285.9 353513.8 123281.0 35110.1  12610.9  4624.2  4506.9
   283 397.235  -0.002 397.234  1854021.4 462702.1 243072.9 37217.3  15038.4  8786.3  5473.8
   284 404.960  -0.001 404.959  1997425.8 445460.9 260106.4 32652.8  14699.1  8833.2  5447.5
   285 -265.776   0.001 -265.775  1685567.4 335597.1 135006.2 28391.8  14090.9  2525.8  4356.8
   286 -423.388   0.003 -423.386  1633564.0 343659.7 147686.7 27465.0  13948.2  2514.5  4597.6
   287 -19.490  -0.000 -19.490  1662782.4 364975.8 216236.4 33977.6  13515.9  6065.1  4973.0
   288 -293.502   0.013 -293.489  1544504.3 345242.4 129967.2 25915.1  12422.9  3575.9  4288.6
   289 -235.405  -0.007 -235.411  1340240.9 356272.5 90832.3 30419.6  11461.9  2106.3  3885.9
   290 -132.111   0.001 -132.110  1511358.3 504738.4 153951.3 33404.4  14049.0  5153.5  5047.0
   291 -215.028   0.001 -215.026  1368359.9 385369.0 109356.9 28896.5  11272.1  3460.4  4182.3
   292 -125.125  -0.001 -125.126  1411935.7 347730.3 102796.9 29272.0  13916.1  1990.0  4850.8
   293 119.195  -0.002 119.194  1478858.7 451315.2 156832.6 33155.2  14203.5  5221.9  5240.0
   294 377.749  -0.001 377.748  1747105.9 378760.6 207418.3 39742.7  15009.3  6294.6  5686.5
   295 330.430   0.000 330.430  1746124.1 390234.1 169341.6 32181.4  13152.9  2826.6  4851.3
   296 -644.128   0.005 -644.123  1465393.5 291211.6 108406.6 24536.2  11723.6  2293.3  3798.3
   297 101.651  -0.002 101.650  1462046.2 414878.5 151956.2 30080.1  14094.2  4117.9  5009.0
   298 -197.430   0.005 -197.424  1461425.0 352283.0 124016.4 29589.4  10705.2  3501.4  4047.4
   299 536.221  -0.009 536.213  1651197.5 443358.8 235817.2 42103.5  15245.6  4421.9  5777.2
   300 161.070  -0.001 161.069  1663258.7 439111.9 158457.2 28373.2  14146.8  2240.6  5097.5

         Carbon flux (ktC/yr)        Water (dam3/yr)                Nitrogen (MgN/yr)
       ----------------------- -------------------------- --------------------------------
Spinup NEP     estab   NBP     transp     evap    interc  nuptake ndemand  nlosses ninflux
------ ------- ------- ------- ---------- ------- ------- ------- -------- ------- -------
   301 -592.886   0.015 -592.871  1326587.5 351777.6 117636.3 24625.4   9497.6  3771.6  3508.9
   302 -453.782  -0.006 -453.788  1171381.7 367260.1 84013.2 25395.8  10884.3  2388.2  3835.5
   303 251.944  -0.004 251.941  1516183.7 593083.5 198831.8 37041.9  15787.1  8408.3  6551.6
   304 415.922  -0.001 415.921  1710833.0 485683.3 220983.4 31822.5  14294.1  8106.3  5772.9
   305 -205.886   0.002 -205.885  1439856.8 364194.8 110485.2 28815.7  10508.7  3422.9  3991.7
   306 139.537  -0.002 139.535  1587968.1 407090.6 170674.3 33232.2  14609.1  3258.2  5300.0
   307 -115.515  -0.000 -115.515  1556204.9 459190.9 124351.1 31116.4  12417.8  2654.3  4500.1
   308 -586.697   0.003 -586.694  1323986.6 330557.4 87214.2 26135.0  11187.1  2127.7  3642.0
   309 121.000  -0.001 120.998  1582085.5 549860.8 196471.6 35128.9  15491.9 13468.5  5750.5
   310 -265.094   0.009 -265.085  1444838.9 467840.4 142682.4 26921.3  12151.8  2723.9  4470.1
   311 -243.470  -0.003 -243.473  1364151.8 508144.7 119841.7 31670.5  11726.1  3380.8  4374.8
   312 666.410  -0.003 666.407  1695164.1 498542.6 219957.3 40155.7  14010.5  5798.5  5614.7
   313  -1.724   0.001  -1.723  1585701.6 349267.6 125472.1 27445.1  11456.4  3259.5  4238.7
   314 -182.855   0.001 -182.854  1549891.1 471058.7 159592.2 32949.7  12763.7  3249.1  4610.6
   315 289.263  -0.002 289.261  1694972.4 533867.9 232668.5 35205.9  14822.5  9273.6  5539.0
   316 -720.611   0.008 -720.603  1312020.3 320749.8 95889.0 22841.3   9411.1  1801.4  3268.3
   317  95.468  -0.004  95.464  1480218.7 526586.6 111635.7 36967.5  12473.3  4996.2  4565.5
   318  25.949   0.003  25.952  1561101.4 458080.3 117182.6 30838.9  12261.4  2235.1  4422.6
   319 -564.535   0.002 -564.534  1387346.4 300117.6 89999.0 26448.4  11566.5  2291.9  3774.8
   320 435.597  -0.002 435.595  1557508.9 444783.9 168645.8 35691.7  13808.1  6315.5  5225.1
   321 232.426  -0.001 232.425  1574254.3 545720.6 213035.2 33347.3  11726.6  6615.4  4624.4
   322 400.850  -0.001 400.848  1832474.4 475510.7 238120.0 35672.8  14755.3  7154.6  5643.4
   323 514.137  -0.001 514.136  1783388.2 430554.9 235383.4 33588.8  13363.1  2788.4  5302.7
   324 116.540   0.000 116.540  1821526.0 392561.1 261696.5 34829.8  15767.0  2901.9  5670.1
   325 -273.296   0.004 -273.292  1699919.7 430871.1 141973.0 29230.8  13466.5  1361.9  4383.3

         Carbon flux (ktC/yr)        Water (dam3/yr)                Nitrogen (MgN/yr)
       ----------------------- -------------------------- --------------------------------
Spinup NEP     estab   NBP     transp     evap    interc  nuptake ndemand  nlosses ninflux
------ ------- ------- ------- ---------- ------- ------- ------- -------- ------- -------
   326 237.973  -0.001 237.972  1698772.5 412065.3 227051.7 33090.9  14361.2  2457.2  5161.1
   327 -1196.225   0.069 -1196.155  1175706.1 360449.6 93770.0 12043.7   9806.0  2659.1  3386.4
   328 -779.677  -0.022 -779.699   909022.0 410240.9 72034.2 20835.9   5966.9  3953.5  2731.5
   329 -221.721  -0.001 -221.722  1010583.3 428263.6 69242.2 30006.3   9933.9  6510.5  4145.4
   330 403.644  -0.004 403.640  1235849.2 337789.8 94881.3 34513.1  10979.6  5688.7  4729.6
   331 -79.928   0.000 -79.928  1163669.9 391090.0 74606.7 28249.5   8799.2  4873.9  3832.7
   332 588.771  -0.004 588.766  1448918.0 458456.9 161350.6 40264.8  12510.6  4953.2  5410.6
   333 258.284  -0.002 258.282  1496840.1 407996.2 137694.8 29151.0  12574.1  4496.7  5107.4
   334 323.436  -0.002 323.434  1704054.6 564124.6 179764.0 38778.1  10829.2  3860.7  4716.4
   335 217.089  -0.001 217.088  1751114.2 554808.0 191878.5 32826.2  11988.1  3152.6  4706.1
   336 -666.153   0.004 -666.149  1471700.9 293859.5 105074.7 25502.3  11113.3  2687.0  3800.7
   337 246.171  -0.002 246.170  1521611.0 308197.8 126655.7 34779.5  12793.9  4946.0  4733.1
   338 433.064  -0.003 433.062  1733875.9 438625.0 199413.5 35716.9  14273.7  4576.3  5584.9
   339 -165.866   0.008 -165.858  1630761.2 435283.9 137612.5 29604.0  11269.1  1983.0  4074.0
   340 -82.395  -0.003 -82.398  1676246.3 545115.4 186114.5 32706.4  12426.7  2906.6  4514.9
   341 433.850   0.009 433.858  1929245.3 454957.6 245167.5 36207.0  15367.4  4851.1  5599.0
   342 -596.789   0.003 -596.787  1442741.7 338398.4 95925.7 25099.7  10684.5  2698.5  3637.7
   343 172.335  -0.001 172.334  1668167.3 426384.9 174147.7 37014.1  14331.6  6475.2  5386.9
   344 -455.910   0.017 -455.893  1513639.4 334617.8 110038.7 25547.0  11806.5  2564.3  4421.6
   345 595.837  -0.010 595.827  1652518.3 571988.5 226713.7 40910.6  13933.8  4444.9  6036.4
   346 118.842  -0.001 118.841  1687764.5 382731.5 149368.3 32620.4  11715.9  2490.2  4376.0
   347 -1466.942   0.058 -1466.885  1186920.7 496080.3 133137.0 22021.8   7725.1  2826.1  3234.8
   348 -374.506  -0.019 -374.525   904196.8 427564.5 80083.0 25296.3   8096.9  4028.7  3663.1
   349 121.638   0.003 121.642  1151085.6 521664.8 127192.7 33622.4  11366.7  3841.0  5099.0
   350 477.135  -0.009 477.126  1426259.7 443511.2 168407.6 42278.1  13421.2 12743.7  6406.9

         Carbon flux (ktC/yr)        Water (dam3/yr)                Nitrogen (MgN/yr)
       ----------------------- -------------------------- --------------------------------
Spinup NEP     estab   NBP     transp     evap    interc  nuptake ndemand  nlosses ninflux
------ ------- ------- ------- ---------- ------- ------- ------- -------- ------- -------
   351 174.321  -0.004 174.317  1394074.9 511866.9 108449.7 32412.5  10975.9  8740.7  4866.7
   352   7.956  -0.003   7.953  1410105.4 347730.9 95774.1 33355.9  11687.7  3937.8  4765.7
   353 286.658  -0.003 286.655  1530297.6 450193.9 150913.4 36261.1  12830.5  8529.9  5182.8
   354 -266.754   0.001 -266.753  1393073.8 341974.0 87671.8 29556.1  10198.1  3699.8  3913.5
   355  44.651  -0.002  44.650  1535200.9 506754.1 115817.5 36080.9  11642.0  8077.5  4509.2
   356 -236.659   0.001 -236.658  1500118.2 468586.8 147195.5 31103.9  12275.0  3866.0  4581.6
   357 423.602  -0.002 423.600  1612603.3 459610.7 141675.1 35963.6  13692.5  5190.2  5095.9
   358 -401.319   0.010 -401.309  1487521.9 461190.6 160433.9 27023.7  11540.2  3584.4  4311.4
   359 -333.919  -0.002 -333.920  1352186.2 504857.8 130363.0 30244.4  11563.4  4464.3  4288.3
   360 -91.902   0.001 -91.901  1329529.0 367829.9 118847.1 30005.5  11378.4  4365.7  4364.7
   361 -217.877   0.001 -217.876  1278269.2 321072.7 93498.9 32512.7  12413.1  3241.6  4426.3
   362 -87.152   0.001 -87.151  1275186.6 372222.6 114277.2 30874.6  11796.7  4741.4  4350.0
   363 479.219  -0.003 479.216  1515429.0 546066.6 213179.6 36884.3  14841.6 15453.5  5896.1
   364 -68.575   0.000 -68.574  1429767.2 334483.1 107160.3 30483.0  12023.5  3470.8  4442.9
   365 633.481  -0.002 633.480  1555268.9 466923.6 223628.5 38858.1  13196.6  4719.7  5285.4
   366 189.884  -0.001 189.883  1690157.8 513747.9 239580.7 30560.7  15164.1 11710.2  5736.3
   367 -22.177   0.000 -22.176  1620384.5 529134.2 239846.6 32332.4  13175.5  5869.7  4880.7
   368 -514.441   0.002 -514.439  1471579.2 471019.8 141548.2 28224.0  13365.7  3005.2  4363.1
   369  54.394  -0.000  54.394  1505937.6 412338.5 155291.2 31871.1  15169.9  3707.2  5355.6
   370 286.981  -0.001 286.980  1666231.9 400048.1 187425.7 38733.6  13353.6  2898.2  5039.4
   371 194.649  -0.000 194.649  1716957.1 425499.4 214369.6 30554.9  14743.4  3763.7  5351.9
   372 392.621  -0.001 392.620  1891342.2 443726.9 269223.3 34186.6  14137.4  3797.8  5341.7
   373 -723.557   0.014 -723.543  1586159.6 442057.4 156803.8 23746.7  12680.6  2492.7  4251.3
   374 -502.627  -0.001 -502.628  1287550.4 376029.5 125081.2 26399.7  11606.4  2379.4  4042.2
   375 159.777  -0.002 159.775  1437478.5 430279.7 178197.2 37829.9  13318.3  3569.2  5260.4

         Carbon flux (ktC/yr)        Water (dam3/yr)                Nitrogen (MgN/yr)
       ----------------------- -------------------------- --------------------------------
Spinup NEP     estab   NBP     transp     evap    interc  nuptake ndemand  nlosses ninflux
------ ------- ------- ------- ---------- ------- ------- ------- -------- ------- -------
   376 259.856  -0.001 259.854  1453073.7 556990.6 194836.3 34500.5  12456.2  3779.8  5153.3
   377 -47.332   0.000 -47.332  1513371.5 568720.9 202076.4 29274.5  12388.2  2894.8  4961.7
   378 181.119  -0.001 181.118  1585012.9 419611.2 195888.1 36112.0  14133.1  3289.1  5406.8
   379 -66.386  -0.000 -66.386  1580413.1 429397.2 180332.6 29911.8  14439.5  5146.9  5217.7
   380 421.188  -0.001 421.186  1787379.7 413934.0 262057.2 41003.1  15514.4  3484.1  6006.3
   381 -80.029   0.002 -80.027  1663632.9 385524.1 154957.8 30672.9  13813.0  2595.2  4895.8
   382 -648.181   0.025 -648.157  1272183.4 364355.0 121100.8 22686.5   9237.6  4272.6  3654.6
   383 389.901  -0.011 389.890  1492105.9 486373.8 232387.3 39033.7  15252.8  4198.6  5981.3
   384 -412.817   0.001 -412.816  1458293.4 467058.8 142172.7 25425.2  13776.5  2721.4  5006.6
   385 -805.573   0.008 -805.565  1263236.2 455474.4 140634.7 23588.4  11583.5  2746.0  4237.5
   386 166.974  -0.005 166.969  1253379.4 336078.7 117857.7 31554.6  11223.8  5376.3  4601.2
   387 667.728  -0.005 667.723  1599248.0 419893.0 193413.6 46659.1  13809.1 12054.5  6090.8
   388 646.438  -0.004 646.434  1828764.0 387257.8 217015.8 37550.8  13892.7 10541.3  5799.0
   389 396.681  -0.001 396.680  1801166.7 392605.0 182745.1 33814.4  11974.5  3184.3  4733.6
   390 -233.778   0.005 -233.773  1644483.7 442502.5 151117.8 30856.6  11387.7  2643.1  4023.1
   391 273.525  -0.002 273.523  1654710.5 420160.8 237839.6 33174.5  13403.2  3358.3  4978.3
   392 -168.975   0.001 -168.975  1588780.5 430418.2 163491.8 28343.9  14328.7  1905.7  4936.6
   393  93.193  -0.001  93.192  1704516.4 509300.7 241777.8 33050.8  15255.4  6975.6  5697.8
   394 308.384  -0.001 308.383  1843438.2 453440.7 257108.4 35327.7  14857.7  4076.3  5557.1
   395 -99.539   0.000 -99.539  1744255.7 419524.1 181801.7 29883.3  14137.9  4187.8  4908.5
   396 109.939   0.000 109.939  1745955.0 382906.3 178314.7 35577.9  12751.9  2445.9  4690.1
   397  41.159   0.000  41.159  1690529.1 294092.2 152111.9 31180.6  13394.0  3289.8  4585.3
   398 -215.111   0.003 -215.108  1626021.9 466109.6 143134.4 34094.6  12475.1  2215.7  4285.2
   399 -506.637   0.001 -506.635  1461348.6 354417.0 126352.9 27823.8  13993.2  1724.7  4374.8
   400 -284.257   0.002 -284.255  1408283.7 410321.0 132008.3 32366.5  12333.1  3875.3  4582.2

         Carbon flux (ktC/yr)        Water (dam3/yr)                Nitrogen (MgN/yr)
       ----------------------- -------------------------- --------------------------------
Spinup NEP     estab   NBP     transp     evap    interc  nuptake ndemand  nlosses ninflux
------ ------- ------- ------- ---------- ------- ------- ------- -------- ------- -------
   401 297.201  -0.001 297.200  1420462.5 463710.0 211162.3 32826.5  13076.8  3772.6  5116.7
   402  16.281   0.000  16.281  1480889.1 409384.7 134888.8 35303.2  12588.5  2456.9  4700.8
   403 -936.980   0.011 -936.969  1234883.3 310782.2 93857.6 23461.8  10769.3  2526.8  3848.1
   404 447.551  -0.008 447.543  1344908.9 498109.0 127868.1 37379.8  12763.6  2926.1  5060.9
   405 447.960  -0.003 447.957  1553515.8 440792.9 222824.1 39028.3  13428.6  5084.6  5615.0
   406  -5.885  -0.000  -5.885  1498008.1 414653.0 152704.5 28170.5  13592.7  5244.2  5171.7
   407 219.774  -0.001 219.773  1637840.3 408577.9 182642.0 42150.4  12233.1  3884.7  4911.2
   408 -442.654   0.005 -442.649  1349677.3 365651.4 115742.5 26583.9   9789.9  4754.1  3790.6
   409  89.887  -0.003  89.883  1470651.5 580710.4 214118.7 34414.1  13245.4  7611.5  5186.7
   410 314.207  -0.003 314.204  1734443.4 395049.0 208034.8 40574.0  14947.1 10155.9  5909.0
   411 389.768  -0.001 389.767  1912885.3 371462.1 223506.8 39386.4  14366.0  5989.8  5488.1
   412 126.979   0.002 126.981  1850259.7 377830.0 160400.3 35024.7  11467.4  2759.8  4073.1
   413  92.445   0.002  92.447  1846649.6 392459.9 264416.3 35860.1  13352.5  3650.4  4897.4
   414 -753.607   0.019 -753.588  1503868.1 335961.4 136746.3 22606.2  11370.5  4020.3  3844.8
   415 256.269  -0.017 256.252  1561117.4 424062.9 138017.2 42790.0  11689.1  2995.5  4268.7
   416 -303.918  -0.000 -303.918  1563081.2 560566.7 186323.1 27833.6  12179.8  3194.0  4481.1
   417 -367.983   0.001 -367.982  1464533.1 346679.5 106811.8 30639.8  11998.3  2469.6  4304.4
   418 -310.222   0.002 -310.221  1365373.7 496704.0 152632.0 32170.4  11837.7  4016.4  4440.6
   419 383.724  -0.004 383.721  1616324.8 413398.8 196268.5 43429.3  14614.2  8308.3  5604.6
   420 415.265  -0.002 415.263  1684466.3 308939.0 135426.1 33713.7  12891.6  5875.3  4719.3
   421  12.015   0.000  12.015  1653906.1 404835.3 142559.7 36015.3  12458.3  3741.2  4575.6
   422 -1084.379   0.054 -1084.324  1170565.2 375693.6 94738.8 15051.3   8758.8  3904.3  3108.7
   423 224.358  -0.019 224.338  1184974.7 598333.1 98296.0 40447.7   8763.8  4558.2  3450.4
   424 -523.171  -0.002 -523.173  1296305.2 486802.1 109334.8 27118.8  11058.0  3452.8  4133.4
   425 235.600  -0.003 235.597  1397262.8 450103.2 132347.5 35125.2  12600.4  6523.7  4778.2

         Carbon flux (ktC/yr)        Water (dam3/yr)                Nitrogen (MgN/yr)
       ----------------------- -------------------------- --------------------------------
Spinup NEP     estab   NBP     transp     evap    interc  nuptake ndemand  nlosses ninflux
------ ------- ------- ------- ---------- ------- ------- ------- -------- ------- -------
   426 445.934  -0.003 445.931  1519779.1 557183.0 160972.2 38582.1  11765.4  4505.4  4733.0
   427 256.528  -0.001 256.527  1626153.2 428091.0 187893.3 33551.4  13181.7  4452.2  5032.6
   428 -509.187   0.013 -509.174  1441883.9 469438.6 157868.0 28984.2  10780.6  3537.4  4027.5
   429 508.182  -0.007 508.175  1548041.7 502826.5 212477.6 39212.2  12666.2  5668.1  5300.4
   430 190.991  -0.002 190.989  1715343.8 383119.2 209827.4 38000.6  14525.8  6780.3  5581.0
   431 -127.802  -0.000 -127.802  1630678.0 333593.7 113403.3 31736.4  12295.3  3550.4  4340.5
   432 283.703  -0.001 283.702  1676784.2 403114.2 143782.9 41463.3  11658.2  3756.3  4162.3
   433 -316.696   0.001 -316.695  1561063.9 386250.2 157200.2 24624.8  14295.5  4597.0  4577.4
   434 243.559  -0.000 243.559  1673219.5 395209.1 139582.4 41162.3  10775.0  3793.1  4085.6
   435 -1286.057   0.038 -1286.019  1352167.2 444105.9 133004.6 17364.2  11310.3  3632.0  3792.9
   436 -969.097   0.004 -969.092   952516.4 520228.1 111049.7 20797.5   6342.4  4105.4  2999.0
   437 338.563  -0.010 338.553  1180483.2 416703.2 78552.1 37090.8  11358.5  3380.2  4936.3
   438  73.968  -0.001  73.967  1099924.3 408119.4 84742.2 33085.7   9435.1  4075.8  4306.9
   439 151.228  -0.004 151.224  1245348.2 509462.2 109404.6 37877.7  12360.3  4299.2  5082.8
   440 456.811  -0.003 456.808  1437934.0 425919.0 149328.2 38049.8  12486.6  3497.3  5151.3
   441 357.827  -0.004 357.824  1537509.5 447735.4 145786.2 35507.3  12388.0  8219.1  4933.7
   442 478.134  -0.003 478.131  1725405.4 551477.0 213750.7 39974.4  12194.4  9053.5  4961.7
   443 -508.840   0.007 -508.833  1610087.6 450271.8 138209.5 25120.7  12128.2  6758.7  4202.0
   444 -526.686   0.007 -526.679  1202492.9 355402.4 107625.3 24368.5   7580.5  6026.7  3169.6
   445 582.333  -0.006 582.326  1472586.1 471741.7 203968.3 38944.2  12500.5  4413.2  5307.2
   446 -798.493   0.022 -798.472  1175282.0 373605.9 86079.9 16823.9  10458.0  4096.6  3496.5
   447 -549.595  -0.004 -549.599   982247.1 378899.0 71099.5 22803.6   7167.6  4382.1  3089.4
   448 375.165  -0.005 375.160  1278318.4 408023.7 73254.9 37385.7  13452.2  6248.6  5297.2
   449  76.204  -0.002  76.202  1209789.3 375630.7 70403.4 30266.2  10232.6  3308.1  4202.3
   450 758.051  -0.005 758.046  1554425.8 442335.5 123438.1 43039.7  11951.1  8913.3  5000.1

         Carbon flux (ktC/yr)        Water (dam3/yr)                Nitrogen (MgN/yr)
       ----------------------- -------------------------- --------------------------------
Spinup NEP     estab   NBP     transp     evap    interc  nuptake ndemand  nlosses ninflux
------ ------- ------- ------- ---------- ------- ------- ------- -------- ------- -------
   451 259.400  -0.001 259.399  1586248.6 403394.3 136572.0 28204.0  12658.9  6465.3  4745.7
   452 639.879  -0.002 639.876  1860376.6 518383.5 214560.1 43215.4  13564.6  5438.9  5616.7
   453  93.973   0.000  93.974  1780274.2 284331.1 140799.6 28337.0  12723.0  4418.0  4247.7
   454 -951.732   0.021 -951.710  1452399.6 469146.3 131559.0 24060.4  10108.3  3159.7  3437.7
   455 710.055  -0.012 710.044  1626928.1 426477.1 184599.2 44130.2  13691.6  8179.2  5248.1
   456  17.130  -0.000  17.130  1666606.2 467922.8 157838.5 28298.8  12163.8  4383.3  4492.0
   457 268.244  -0.001 268.243  1744620.1 399399.9 138881.8 37785.3  11599.7  6111.3  4257.1
   458 -1081.395   0.074 -1081.321  1188012.7 357648.1 91455.6 12510.9   8856.2  4164.8  3130.8
   459 -288.051  -0.030 -288.081  1056902.7 417044.5 85144.3 29233.1   7530.0  4286.6  3283.7
   460 382.063  -0.004 382.060  1304433.1 453804.9 105536.6 36822.4  12348.3  4244.6  5094.0
   461 532.847  -0.004 532.843  1518210.2 602867.2 159526.7 36075.0  11270.0  4353.5  4885.3
   462  14.690  -0.001  14.689  1507584.3 349315.7 99501.8 30837.0  11547.2  3084.9  4395.6
   463 198.545  -0.001 198.544  1469798.4 547874.9 175207.9 35309.3  12244.1  4145.2  4704.0
   464 264.329  -0.001 264.328  1643431.5 407476.4 232166.4 35456.7  14003.3  4451.5  5257.5
   465 -171.007   0.001 -171.006  1516164.7 350746.7 117364.8 30684.2  14350.5  2793.2  4583.5
   466 -189.631   0.002 -189.629  1503422.0 396720.3 129688.2 34270.8  13061.2  3615.3  4564.2
   467 -482.622   0.016 -482.606  1373230.1 477442.5 150884.7 27520.7  12446.5  3334.5  4316.2
   468 268.934  -0.008 268.925  1451182.1 615515.7 206676.9 37193.2  13282.4  8592.2  5274.7
   469 296.366  -0.002 296.364  1586890.0 572934.9 218936.0 34386.9  14061.6 18659.4  5558.0
   470  28.335  -0.001  28.334  1617933.8 435861.1 165563.0 29345.8  14523.8 11371.1  5126.9
   471 396.416  -0.002 396.414  1808057.1 423334.9 202491.0 36234.0  14793.8  4248.5  5544.3
   472 -371.517   0.002 -371.515  1528732.5 337200.9 126992.0 27117.1  12632.7  3009.6  4032.6
   473 -541.620   0.008 -541.612  1432461.2 340487.6 106634.0 28264.5  11681.0  3370.9  4080.0
   474 263.468  -0.002 263.466  1377055.1 569046.6 179069.5 33026.1  12270.0  4529.7  4763.6
   475 -1007.915   0.020 -1007.895  1127107.1 502869.4 127814.1 19963.4   8706.0  3515.6  3335.4

         Carbon flux (ktC/yr)        Water (dam3/yr)                Nitrogen (MgN/yr)
       ----------------------- -------------------------- --------------------------------
Spinup NEP     estab   NBP     transp     evap    interc  nuptake ndemand  nlosses ninflux
------ ------- ------- ------- ---------- ------- ------- ------- -------- ------- -------
   476 -19.785  -0.005 -19.790  1118283.6 367684.3 80086.7 31124.4  11645.9  3989.2  4732.9
   477 812.247  -0.005 812.242  1474183.7 541763.5 187788.7 41427.9  13017.4 13077.4  5650.8
   478 555.007  -0.004 555.003  1541625.9 475035.7 137054.6 32843.2  12336.7  6822.0  5042.3
   479 -508.006   0.002 -508.004  1317922.7 334772.9 88566.7 25644.8   9929.4  3668.7  3419.9
   480 125.596  -0.002 125.594  1566066.8 462656.9 145433.9 33089.0  13528.8 11925.6  5055.5
   481 -593.783   0.023 -593.760  1298432.9 366134.4 87073.0 22631.8   9135.0  4698.8  3393.2
   482 261.550  -0.006 261.544  1330528.6 529056.8 100959.0 35454.5  10250.0  3936.8  3896.9
   483 -497.001   0.003 -496.998  1356726.1 467600.7 110897.9 26837.8  11356.6  3746.2  4138.5
   484 -907.560   0.029 -907.531  1044929.3 513488.5 106738.8 20030.4   6947.7  3950.8  3109.9
   485 751.905  -0.015 751.890  1246680.9 663495.4 160480.7 39976.7  10663.4 12340.8  5376.2
   486 524.623  -0.005 524.618  1380046.6 394984.2 93437.0 32789.6  12854.7  9553.1  5451.8
   487 736.411  -0.004 736.407  1714190.4 509327.0 197799.3 38383.5  12095.2 11820.6  5505.6
   488 555.370  -0.002 555.367  1711251.8 450521.8 213410.3 32383.9  12200.6  4780.4  5370.3
   489 -94.242  -0.001 -94.243  1703680.2 414708.3 163405.8 29744.3  13844.3  5197.9  5111.9
   490 -520.130   0.003 -520.127  1518183.4 288704.4 99665.7 27692.5  11421.9  2954.0  3931.2
   491 613.918  -0.004 613.914  1821024.6 476843.4 221739.4 39155.3  13800.5  5774.9  5471.4
   492 441.146  -0.003 441.143  1969433.0 367272.9 216655.8 36247.8  14219.3  7319.7  5508.1
   493 123.735  -0.001 123.735  1912491.3 513752.1 252405.4 31560.1  13346.5  4794.7  5009.9
   494 -273.830   0.002 -273.828  1754732.4 379236.3 174071.8 24106.8  15647.9  3501.5  5084.0
   495 -108.220   0.001 -108.218  1744492.1 343595.4 146542.9 34785.9  13885.8  1448.1  4847.1
   496  90.341   0.002  90.343  1739108.4 394572.6 254000.0 34086.3  13024.3  3019.4  4941.6
   497 -219.276   0.001 -219.275  1675755.4 412774.9 175094.0 28089.8  15645.2  3887.5  5107.3
   498 -104.114   0.002 -104.112  1662341.7 441552.0 132297.3 33210.7  13050.0  1551.5  4429.5
   499 -121.629  -0.000 -121.629  1680237.3 411765.6 163457.0 29569.8  15484.7  3419.5  4997.7
   500 -34.916  -0.002 -34.918  1720273.0 409314.3 164274.7 31550.4  14762.7  3347.3  4969.2

         Carbon flux (ktC/yr)        Water (dam3/yr)                Nitrogen (MgN/yr)
       ----------------------- -------------------------- --------------------------------
Spinup NEP     estab   NBP     transp     evap    interc  nuptake ndemand  nlosses ninflux
------ ------- ------- ------- ---------- ------- ------- ------- -------- ------- -------
   501 -122.412  -0.000 -122.412  1610356.8 337664.5 122108.3 31200.3  14166.3  1560.0  4572.4
   502 299.759  -0.000 299.758  1632324.6 433825.2 221126.0 34151.1  12927.5  2816.5  4847.9
   503 -324.256   0.003 -324.253  1520349.0 440978.3 129685.2 27407.9  12909.9  1354.2  4279.5
   504 -1032.586   0.056 -1032.531  1137437.4 369791.8 86984.0 13169.7   9777.5  2416.9  3378.6
   505 718.156  -0.019 718.137  1305343.2 638170.6 174330.7 41862.6  11326.6  7869.5  5008.7
   506 502.313  -0.004 502.309  1686953.8 382302.2 182166.2 35017.5  13533.0  5036.9  5631.0
   507 499.701  -0.003 499.698  1916417.3 465540.2 229059.9 33042.1  13342.4  4632.2  5430.3
   508 235.061  -0.001 235.060  1808961.0 291388.9 139570.9 32890.9  12653.2  3370.9  4610.7
   509 -146.351   0.000 -146.350  1714758.7 388898.2 161937.3 27688.5  14221.7  3281.5  4801.7
   510 -849.667   0.022 -849.645  1538918.6 441203.5 141391.6 25741.1  10910.9  2475.1  3891.8
   511 684.574  -0.018 684.556  1619681.4 564146.7 219836.9 44165.4  13395.1  2867.9  5574.3
   512 335.304  -0.001 335.304  1677311.6 424501.3 233324.4 28303.6  12748.6  2501.6  5021.1
   513 -1303.318   0.028 -1303.290  1289920.9 468950.1 139490.8 17575.3   9795.3  2167.3  3570.1
   514 -59.544  -0.014 -59.558  1179614.4 409667.2 103994.2 29807.7  10679.6  3599.0  4360.9
   515 -188.998  -0.001 -188.999  1237705.8 332495.9 83638.5 32383.4  12326.7  2725.3  4746.8
   516 123.292  -0.002 123.290  1323901.1 433307.4 112962.4 35430.5  12835.5  3884.1  5239.7
   517 186.667  -0.003 186.664  1433788.6 602525.8 163433.1 33032.8  12326.2  3223.6  5045.2
   518 -230.252   0.000 -230.252  1286814.9 356356.4 81029.0 27512.5  11066.7  2080.6  4040.4
   519 -21.359  -0.002 -21.361  1458882.6 513221.9 137415.9 35762.7  13409.9  5655.0  5050.5
   520 391.905  -0.003 391.902  1672718.8 553905.5 208934.4 37778.7  15097.4  4917.5  6164.8
   521 463.548  -0.001 463.547  1704816.8 428166.5 220570.7 32502.0  12804.2  2644.3  5083.6
   522 232.677  -0.000 232.677  1791994.2 396050.4 245149.4 35988.0  15194.8  3248.9  5473.4
   523 105.065  -0.000 105.064  1863779.2 490746.0 243050.7 30660.2  15374.3  9076.9  5370.6
   524 -1164.774   0.042 -1164.732  1451241.7 422445.7 143851.5 18879.1  11471.4  2497.8  3751.4
   525 272.631  -0.019 272.612  1344134.5 468239.8 166412.9 36304.5  10814.4  2756.9  4311.2

         Carbon flux (ktC/yr)        Water (dam3/yr)                Nitrogen (MgN/yr)
       ----------------------- -------------------------- --------------------------------
Spinup NEP     estab   NBP     transp     evap    interc  nuptake ndemand  nlosses ninflux
------ ------- ------- ------- ---------- ------- ------- ------- -------- ------- -------
   526 107.048  -0.001 107.047  1459385.3 409197.4 128308.6 34225.7  12383.2  3836.3  4859.7
   527  91.213  -0.001  91.212  1536169.6 577167.4 182770.3 32371.9  11875.7  3271.0  4668.7
   528 242.896  -0.002 242.894  1617580.3 559959.1 224896.5 35431.9  13047.1  5598.3  5044.8
   529 -471.984   0.001 -471.982  1508271.0 465469.5 137576.6 27808.0  12427.9  3148.6  4151.7
   530 -233.755   0.001 -233.754  1490023.8 477384.6 158249.3 33175.2  12797.3  3586.0  4521.9
   531 149.169  -0.002 149.167  1584362.1 448523.4 162869.9 34888.8  14490.0  6098.7  5007.4
   532 283.565  -0.001 283.564  1763622.9 349639.9 139986.3 35982.5  13880.2  2467.6  4926.6
   533 321.596  -0.001 321.596  1855185.6 485173.7 245284.5 33332.6  14250.8  7842.5  5111.3
   534 -183.080   0.003 -183.077  1661745.0 414343.0 141217.9 31237.3  11745.9  2062.6  3841.9
   535 -315.921   0.008 -315.914  1612581.5 421034.5 135034.0 30277.4  12418.2  2032.1  3862.2
   536 211.131  -0.004 211.127  1789280.3 509949.3 218256.3 39050.3  16301.4  3955.2  5562.5
   537 160.778   0.000 160.778  1870916.6 484082.1 233609.1 29561.7  16007.7  6891.4  5188.5
   538 280.906   0.000 280.906  1841531.6 381837.8 247962.4 37818.1  14156.5  3171.1  4954.7
   539 -73.602   0.007 -73.595  1718205.0 379192.0 172007.3 30389.8  12416.5  2605.0  4362.9
   540 -592.814   0.001 -592.813  1520069.3 328883.0 117954.3 25896.0  11643.8  1872.4  3951.3
   541 -447.484   0.005 -447.479  1208280.7 375788.9 110405.3 26824.8   9188.9  3836.5  3752.1
   542  70.134   0.001  70.135  1349404.8 502177.6 113057.3 35149.2  12022.2  2544.4  4439.2
   543 386.809  -0.006 386.803  1573036.3 450422.8 180171.3 35280.3  14055.9  4794.9  5461.4
   544 -887.067   0.041 -887.027  1195039.9 361598.4 89902.6 15934.5   8408.5  3616.6  3167.6
   545  24.058  -0.018  24.039  1103630.6 430651.7 93459.8 32128.1   9483.7  4688.0  3873.9
   546 -21.513  -0.002 -21.515  1314530.7 364489.9 89176.6 36460.8  11273.8  3154.2  4683.9
   547 895.609  -0.005 895.604  1602069.5 463731.4 211575.5 46444.6  13378.3  6678.8  5635.1
   548 525.716  -0.002 525.714  1823831.5 377875.0 208984.8 38309.9  13803.8 10314.7  5474.8
   549 281.082  -0.000 281.081  1848624.9 528819.1 246402.9 34772.9  12735.9  7866.6  4947.7
   550 -681.985   0.004 -681.981  1591303.4 449259.8 150650.4 26524.1  11593.2  4054.8  3824.5

         Carbon flux (ktC/yr)        Water (dam3/yr)                Nitrogen (MgN/yr)
       ----------------------- -------------------------- --------------------------------
Spinup NEP     estab   NBP     transp     evap    interc  nuptake ndemand  nlosses ninflux
------ ------- ------- ------- ---------- ------- ------- ------- -------- ------- -------
   551 -364.697   0.003 -364.694  1353610.5 358572.6 115619.1 29087.4   9693.0  5052.4  3716.9
   552 276.571  -0.003 276.567  1537989.1 413736.2 174713.1 37230.1  14251.5  3279.6  5110.6
   553 331.596  -0.003 331.592  1738952.9 376381.9 212541.7 38189.8  14481.4  7020.1  5401.9
   554 256.563  -0.001 256.562  1809362.6 498708.6 246341.5 31291.3  14542.8 10761.6  5322.0
   555 -379.089   0.003 -379.087  1503570.6 333575.3 130475.9 29465.1  12667.3  2072.1  3973.7
   556 -551.771   0.014 -551.757  1413737.4 345215.2 110140.6 28450.4  11504.6  2655.7  3955.2
   557 -631.573  -0.004 -631.577  1161615.5 523065.0 127624.0 27047.4   9746.0  2908.0  3605.9
   558 943.328  -0.007 943.322  1558704.8 538273.7 203929.1 41253.5  13642.0  9681.7  5532.1
   559 213.689  -0.001 213.688  1555858.4 488204.7 122562.3 32065.5  10764.7  5474.7  4222.5
   560 196.488  -0.002 196.486  1634635.0 298643.5 132157.1 33370.1  12853.8  5897.8  4491.6
   561  28.775   0.000  28.775  1655383.3 395609.7 134001.3 35149.8  13088.0  5001.5  4675.6
   562 -85.109   0.000 -85.108  1634869.0 419597.0 162548.4 30714.9  14215.8  5146.5  4693.2
   563 -396.862   0.003 -396.859  1444077.7 324017.0 92538.4 29476.3  11005.9  2360.5  3588.4
   564 -278.153   0.002 -278.151  1398111.0 394638.4 106295.5 32262.3  11087.0  5333.2  4023.6
   565 328.439  -0.001 328.438  1604992.0 529098.9 210258.3 33211.2  15395.7 10859.8  5593.5
   566 -627.113   0.013 -627.100  1392985.7 447323.2 130224.7 24626.4  11881.7  2639.2  4079.0
   567 313.072  -0.007 313.066  1386141.3 463695.8 137313.0 35388.9  12232.9  2520.3  4421.7
   568 -84.354   0.001 -84.354  1418416.6 396038.3 129643.0 32331.8  12578.3  3232.8  4719.9
   569 153.976  -0.001 153.975  1455914.6 313865.4 125262.2 34382.7  13424.2  4801.6  4681.2
   570 384.341  -0.002 384.338  1680022.8 526532.6 220628.2 35285.0  14448.4 11432.6  5376.2
   571 274.872  -0.001 274.871  1758896.1 500205.1 233916.3 32325.1  14756.6  5639.0  5380.5
   572 -20.658   0.002 -20.656  1605609.1 370505.3 167381.6 31419.0  11953.6  2055.1  4308.3
   573 176.796  -0.001 176.796  1701286.0 430013.4 209945.1 33514.9  14773.9  2980.0  5283.6
   574   8.790   0.000   8.790  1659561.3 383365.1 197764.9 33183.1  13589.3  1720.4  4709.9
   575  58.046  -0.000  58.046  1755477.0 513763.8 250635.5 36227.3  16689.0  3237.2  6073.9

         Carbon flux (ktC/yr)        Water (dam3/yr)                Nitrogen (MgN/yr)
       ----------------------- -------------------------- --------------------------------
Spinup NEP     estab   NBP     transp     evap    interc  nuptake ndemand  nlosses ninflux
------ ------- ------- ------- ---------- ------- ------- ------- -------- ------- -------
   576 -268.045   0.002 -268.043  1586233.0 388673.3 170747.5 25821.0  15949.2  2603.9  5082.5
   577 -59.509   0.002 -59.507  1595604.5 451131.4 133737.5 37232.8  12268.0  1614.1  4252.0
   578   0.248  -0.000   0.247  1638176.4 534780.0 229222.3 33007.8  14060.4  4247.1  4874.4
   579 -255.222   0.002 -255.221  1493409.3 361783.3 116554.5 29417.2  11628.2  2736.0  4040.8
   580  35.672   0.000  35.672  1511273.9 540234.3 181654.7 33207.8  14491.8  2428.9  5121.0
   581 -134.689   0.001 -134.688  1487117.7 390408.2 155186.7 25440.6  15080.9  2792.4  5156.8
   582 -592.661   0.012 -592.649  1446893.8 461555.0 136163.8 31948.1  11678.8  2531.4  4385.8
   583 -135.098  -0.003 -135.101  1366276.4 382566.4 130771.8 31667.6  11664.2  2109.0  4404.8
   584 -199.973   0.000 -199.973  1342373.0 374989.6 128727.9 32035.0  10940.9  2652.7  4310.0
   585 152.508  -0.000 152.508  1365067.2 570690.3 211102.2 38217.7  11500.0  6791.5  4581.7
   586 527.376  -0.003 527.373  1636522.9 563603.7 229147.5 39950.8  14952.4  9021.3  6334.7
   587 -693.672   0.004 -693.668  1374032.5 476894.2 144349.7 25360.5  10324.6  2466.7  3645.4
   588 -35.846  -0.001 -35.847  1424058.0 352319.8 107081.7 34473.9  11840.1  3000.3  4428.8
   589 446.976  -0.004 446.972  1508163.8 419150.5 160581.7 38862.7  11867.7  3892.6  4595.0
   590 -873.910   0.030 -873.880  1197133.0 380582.6 99601.7 17639.5   8770.8  4539.6  3266.7
   591 -472.731  -0.009 -472.740   990645.1 402261.7 92710.7 24957.2   5700.0  8545.6  2958.9
   592 395.653  -0.006 395.647  1314931.7 457446.3 110942.8 41258.0  11231.9  4383.9  4789.1
   593 309.968  -0.004 309.964  1455621.5 385690.0 115182.9 32719.8  14131.3  3708.4  5161.7
   594 -327.693   0.001 -327.691  1321690.6 479984.0 144720.7 30300.5  10643.3  5080.4  4237.7
   595 396.941  -0.003 396.937  1555177.7 402869.2 124319.3 39329.2  13428.0  5875.9  5375.0
   596 391.026  -0.001 391.025  1504125.6 434796.6 219228.0 34739.3  11756.8  4773.4  4790.5
   597 -373.399   0.007 -373.391  1382801.4 350307.9 124077.0 25139.4  11881.5  4576.5  4184.5
   598 -112.082  -0.005 -112.087  1396489.3 501887.2 151903.5 34570.1  13116.0  3939.5  4830.4
   599 292.405  -0.002 292.402  1501078.5 478378.2 143652.0 34994.5  14096.4  4577.6  5335.2
   600 319.947  -0.002 319.946  1648757.3 522190.7 228696.5 33550.5  14211.2 14369.3  5553.4

         Carbon flux (ktC/yr)        Water (dam3/yr)                Nitrogen (MgN/yr)
       ----------------------- -------------------------- --------------------------------
Spinup NEP     estab   NBP     transp     evap    interc  nuptake ndemand  nlosses ninflux
------ ------- ------- ------- ---------- ------- ------- ------- -------- ------- -------
   601  14.501  -0.000  14.500  1581253.7 353782.6 140770.6 32464.3  13429.9  3039.6  4770.0
   602  24.085  -0.000  24.085  1522457.3 434687.9 153253.9 33217.5  13125.4  2790.9  4456.3
   603 -201.475   0.008 -201.467  1488944.1 452347.7 129775.3 32104.7  12042.5  2717.9  4148.6
   604 189.324  -0.004 189.320  1620668.7 437269.8 187373.9 35042.3  14892.2  4781.0  5235.3
   605 256.840  -0.002 256.839  1768270.2 366239.7 215654.8 37175.8  14631.9  6435.7  5193.8
   606 -262.119   0.004 -262.116  1635127.4 328364.5 114935.2 28028.2  12859.1  2538.8  4323.6
   607 665.717  -0.003 665.714  1843418.5 482641.7 247243.9 41174.7  14243.1  5652.6  5365.0
   608 -40.922   0.000 -40.922  1643407.4 350945.3 132414.1 30255.5  13665.5  2892.9  4523.5
   609 -957.146   0.017 -957.129  1377367.3 307785.0 107202.7 23212.6  10158.6  3455.5  3531.3
   610 -422.630   0.006 -422.624  1279069.8 489343.1 129286.8 27994.2  11752.7  4442.0  4299.7
   611 -33.292  -0.003 -33.295  1212801.0 430405.1 124488.1 32495.5  11354.5  4073.9  4724.5
   612 290.264  -0.002 290.262  1348639.0 601119.0 206580.1 38224.6  12933.7  8522.5  5407.1
   613 544.064  -0.004 544.061  1636765.2 409086.8 201761.9 40245.9  14527.3 12341.9  6082.6
   614 426.225  -0.002 426.223  1719644.5 556355.8 238845.0 35380.7  12939.8  6544.7  5317.5
   615 -413.538   0.002 -413.537  1513847.4 303109.9 109963.1 27863.2  11926.9  3038.5  4064.7
   616 -378.681   0.003 -378.678  1319933.4 364042.5 116213.7 29165.9   9992.9  4275.3  3823.6
   617 -417.249  -0.000 -417.249  1207112.8 354487.6 87756.7 27471.2  10969.7  2299.3  3894.0
   618 321.619  -0.002 321.616  1471742.0 448885.8 122221.7 41856.2  12472.3  6491.3  4796.1
   619  68.310   0.001  68.311  1491046.2 402221.8 147119.2 31239.2  12085.8  3569.5  4670.4
   620 -201.972   0.003 -201.969  1423392.6 359629.7 118421.6 27785.0  11329.8  3909.7  4236.6
   621 400.737  -0.004 400.733  1586146.6 455052.4 188231.9 38609.8  14528.8  4736.9  5650.1
   622 -274.928   0.002 -274.926  1457432.3 473967.4 160930.4 28344.1  11685.7  3085.4  4413.7
   623 -95.321   0.000 -95.321  1478904.6 362580.2 108350.8 34167.8  12613.9  4026.4  4595.8
   624 360.508  -0.001 360.507  1556721.2 419723.1 140980.0 41698.6  11770.2  3091.4  4386.8
   625 146.437  -0.002 146.436  1710365.7 372744.9 214615.6 37491.2  14700.2  6524.6  5168.6

         Carbon flux (ktC/yr)        Water (dam3/yr)                Nitrogen (MgN/yr)
       ----------------------- -------------------------- --------------------------------
Spinup NEP     estab   NBP     transp     evap    interc  nuptake ndemand  nlosses ninflux
------ ------- ------- ------- ---------- ------- ------- ------- -------- ------- -------
   626 215.947  -0.001 215.945  1750636.5 543211.8 237694.9 35106.4  13634.9  8027.1  4986.2
   627 -110.459   0.000 -110.459  1637143.0 355437.3 128901.9 31471.7  14375.9  3849.7  4555.9
   628 -1091.888   0.058 -1091.830  1208316.4 378225.9 95414.3 16920.3   8670.9  3985.5  3131.0
   629 228.565  -0.036 228.529  1205364.2 374177.8 104281.7 35633.2   8454.4  6692.6  3565.1
   630 367.233  -0.004 367.229  1457883.9 437174.5 133533.5 32798.2  12928.1  7592.0  5033.8
   631  98.584  -0.001  98.583  1506339.8 367811.3 109713.0 35451.0  12113.5  3561.5  4604.7
   632 114.580  -0.001 114.579  1610549.6 558716.8 213377.6 36441.1  12436.8  8116.4  4723.9
   633   6.491  -0.000   6.491  1660120.1 431072.2 159649.1 31790.9  14168.5  7104.3  4878.5
   634 262.468  -0.000 262.467  1725433.0 387429.2 159125.6 36734.8  12444.9  2785.5  4545.4
   635 196.178   0.000 196.178  1706017.3 433705.5 155247.8 31921.2  13444.9  1824.5  4559.1
   636 -659.447   0.015 -659.431  1327629.9 340118.7 118259.4 23322.8   8916.8  4251.0  3388.3
   637 -343.642  -0.000 -343.642  1295465.9 376170.7 111696.4 27334.8  11751.0  3810.8  4124.4
   638 -91.537  -0.006 -91.542  1370016.6 507581.3 140478.5 33960.4  13250.7  4073.9  4876.1
   639 337.601  -0.003 337.597  1588367.5 574160.6 206560.3 38883.9  15276.3  5814.0  6257.7
   640 -128.048   0.000 -128.047  1516411.9 477846.8 154085.4 29290.1  12682.1  2792.0  4617.7
   641 257.658  -0.002 257.657  1662699.6 384465.1 131271.6 38002.1  14772.6  3287.0  5315.3
   642 -16.674   0.003 -16.671  1533318.5 378804.9 159624.2 31283.7  11224.9  2832.0  4083.5
   643 177.699   0.000 177.700  1563951.6 307390.9 133807.5 34141.2  13041.7  4254.6  4553.1
   644 160.116  -0.001 160.115  1697782.6 371392.5 140103.4 36107.7  14119.6  2640.5  4970.7
   645 -854.087   0.015 -854.071  1377724.7 330253.0 111810.5 24275.8  10204.5  2367.3  3477.4
   646 248.607  -0.009 248.598  1422969.0 407764.1 125052.9 35112.6  12748.2  2397.1  4715.7
   647 -253.552   0.001 -253.551  1320918.6 406239.1 125958.1 30952.5  11192.6  3852.0  4200.7
   648 -599.128   0.010 -599.117  1250753.3 484421.6 125886.6 28394.6  12286.7  3680.4  4394.0
   649  73.188  -0.005  73.183  1240467.4 339662.8 113256.1 32548.6  11661.5  4588.5  4412.5
   650 462.731  -0.004 462.727  1449783.9 341747.6 114850.5 37846.2  13283.5 10148.6  5042.9

         Carbon flux (ktC/yr)        Water (dam3/yr)                Nitrogen (MgN/yr)
       ----------------------- -------------------------- --------------------------------
Spinup NEP     estab   NBP     transp     evap    interc  nuptake ndemand  nlosses ninflux
------ ------- ------- ------- ---------- ------- ------- ------- -------- ------- -------
   651 287.496  -0.003 287.493  1557213.0 423834.3 125305.1 35988.2  12473.8  6382.6  4910.4
   652 -745.706   0.004 -745.702  1319615.8 483441.0 125200.3 26570.7  10419.5  4149.6  3614.2
   653 380.229  -0.003 380.226  1522769.4 601385.3 164538.6 37680.5  12378.9  5302.1  4820.1
   654 430.732  -0.002 430.730  1615585.9 415434.4 150324.3 34650.4  12345.6  4729.9  4781.6
   655 -456.991   0.003 -456.989  1378440.5 334412.6 92981.7 27657.0  10685.1  3166.2  3606.5
   656 272.034  -0.001 272.033  1601622.2 429468.4 144915.5 36601.5  13405.3  6884.0  4975.7
   657 -204.574   0.002 -204.573  1535682.9 337257.5 105784.7 29556.4  12333.5  2964.6  4257.5
   658 506.178  -0.001 506.177  1559923.2 465829.4 216619.7 38478.6  13012.3  4338.9  4993.7
   659 -536.553   0.016 -536.537  1268665.5 378612.8 107555.1 23639.2   9853.0  3938.3  3652.0
   660 121.867  -0.007 121.860  1407475.7 471947.7 144733.0 31931.1  13947.4  5606.0  5244.9
   661 323.518  -0.003 323.516  1601186.5 567863.8 207088.1 36387.8  13217.1 10649.9  5321.1
   662 218.870  -0.001 218.869  1702208.5 521355.1 224135.8 30911.5  14298.1 19811.3  5492.6
   663 -961.933   0.050 -961.883  1210154.4 360794.6 92391.1 16360.8   8842.4  2970.4  3262.7
   664 336.880  -0.018 336.862  1218349.9 584331.1 95838.0 38206.0   9108.6  3495.8  3642.4
   665 -490.304   0.000 -490.304  1200925.2 355585.8 73806.0 23785.1   9560.5  2719.8  3597.2
   666   0.537  -0.003   0.534  1380622.3 522559.4 97659.0 35860.3  11849.3  5882.2  4599.1
   667 537.358  -0.003 537.355  1553356.8 578410.9 180182.5 38613.8  12068.7  8903.0  5020.9
   668  77.419  -0.000  77.419  1604018.4 345130.5 96968.0 31162.5  11857.5  5053.2  4371.1
   669 283.869  -0.001 283.868  1554088.8 542703.4 173186.4 35238.5  11699.2  4124.4  4514.1
   670  70.752   0.001  70.753  1549634.6 378011.3 157453.9 31234.1  11558.5  3483.4  4249.1
   671 -882.237   0.045 -882.192  1183564.5 376301.7 93560.7 16664.0   8860.5  4206.2  3261.5
   672 -433.848  -0.198 -434.046   953598.4 409153.6 86472.2 25866.4   5778.4  8670.3  3019.5
   673 481.216  -0.099 481.117  1427216.2 440854.0 164732.8 44242.2  14141.4  9183.0  5968.0
   674 -130.332  -0.091 -130.424  1208223.1 383736.0 83459.0 21688.0  10115.2  5416.5  3711.4
   675 546.333  -0.003 546.330  1470475.3 455313.9 170082.0 40089.5  13322.7  5133.6  5465.7

         Carbon flux (ktC/yr)        Water (dam3/yr)                Nitrogen (MgN/yr)
       ----------------------- -------------------------- --------------------------------
Spinup NEP     estab   NBP     transp     evap    interc  nuptake ndemand  nlosses ninflux
------ ------- ------- ------- ---------- ------- ------- ------- -------- ------- -------
   676 249.373  -0.002 249.371  1568956.3 368988.5 125815.2 32387.3  12889.9  2969.9  5004.4
   677 -980.331   0.057 -980.274  1132952.6 357990.4 88871.6 15522.0   8135.3  4543.1  3178.9
   678 1178.855  -0.032 1178.822  1435451.9 593285.4 176574.6 46110.8  10447.3  9370.5  4492.7
   679 216.130  -0.002 216.128  1607277.4 412232.9 122011.5 31192.1  12225.8  5192.6  5133.0
   680 147.961  -0.002 147.959  1652589.8 403169.7 168133.7 34785.8  13576.1  3940.8  5077.6
   681 243.576  -0.001 243.575  1736674.3 424532.0 196199.6 33059.7  14393.6  5226.5  5400.4
   682 -559.748   0.011 -559.737  1496549.6 323515.4 112081.5 24383.1  11222.8  2474.8  3844.7
   683 -845.511   0.039 -845.473  1103690.4 387366.7 90936.4 17276.9   8371.8  4362.9  3290.5
   684 570.328  -0.023 570.305  1234478.7 521940.1 133482.8 40046.1  11199.3  7264.9  4642.6
   685 724.039  -0.004 724.035  1709087.9 500877.4 205381.6 35242.2  12852.5 10974.7  5650.7
   686  22.754   0.000  22.755  1602410.1 472682.0 120055.0 31224.0  10924.7  5543.4  4328.7
   687 113.861  -0.002 113.859  1650005.3 291624.3 127906.5 32476.7  13151.8  5447.4  4605.8
   688 -847.553   0.041 -847.511  1322592.9 371710.0 86979.4 18254.6   9403.7  4838.4  3338.6
   689 -25.144  -0.018 -25.163  1181652.5 417614.8 94015.1 30918.0  10268.3  3326.4  3953.9
   690  97.577  -0.001  97.576  1374692.4 425420.3 110413.1 36038.1  12023.5  4514.6  4949.1
   691 806.383  -0.004 806.379  1723230.6 496782.5 199854.4 38698.6  13291.5  6571.9  5371.0
   692 -414.582   0.002 -414.580  1499490.4 467962.1 127000.6 25462.2  10750.3  2949.3  3882.0
   693 -651.018   0.005 -651.013  1312978.8 477865.4 123346.8 26202.8  10575.0  3178.7  3904.8
   694 443.657  -0.003 443.654  1480797.8 605459.5 165261.1 33316.8  12333.5  4559.7  5012.4
   695 534.166  -0.003 534.163  1600141.5 413553.2 149365.0 34956.9  11927.7  4120.7  4907.6
   696  -8.791   0.000  -8.791  1562001.9 396918.0 154238.2 26142.6  13758.2  4624.2  5050.5
   697 -311.929   0.014 -311.916  1500889.0 343269.3 122728.3 29427.5  10675.7  4096.9  4047.4
   698 276.452  -0.006 276.446  1532838.5 413140.2 151587.8 36816.2  12687.1  3676.9  4900.6
   699 147.831  -0.001 147.830  1651614.2 560216.5 189166.4 30317.5  12621.5  3128.5  4923.0
   700 -296.996   0.003 -296.993  1506093.7 344934.9 125931.9 25529.8  11888.5  3267.0  4231.1

         Carbon flux (ktC/yr)        Water (dam3/yr)                Nitrogen (MgN/yr)
       ----------------------- -------------------------- --------------------------------
Spinup NEP     estab   NBP     transp     evap    interc  nuptake ndemand  nlosses ninflux
------ ------- ------- ------- ---------- ------- ------- ------- -------- ------- -------
   701 261.867  -0.001 261.866  1581203.3 445181.2 145174.7 35692.6  14343.9  2026.1  5336.2
   702 -74.200  -0.000 -74.200  1603624.0 414370.8 164346.8 29439.5  14049.1  4617.9  5051.1
   703 -43.025   0.001 -43.024  1616494.7 444366.8 126358.9 34091.0  12293.1  2107.6  4394.1
   704 -547.496   0.004 -547.493  1485210.3 321201.5 105267.5 25739.7  12501.5  1779.1  4122.0
   705 -642.692   0.006 -642.685  1230190.5 323194.6 89625.4 25004.0  10257.1  2552.0  3796.4
   706  25.462  -0.000  25.462  1259462.4 365098.2 91006.3 32373.6  12028.1  2979.9  4593.8
   707 185.897  -0.002 185.895  1263080.7 396813.7 102186.9 34464.6  12795.8  2910.0  5018.3
   708 350.271  -0.003 350.268  1476217.0 394558.6 122895.8 36446.0  13156.0  2968.0  5303.8
   709 372.474  -0.001 372.473  1456608.7 434871.2 219506.2 32698.4  11876.9  4481.0  4922.3
   710 -157.035   0.003 -157.033  1440396.3 470842.7 123430.1 29333.1  12407.0  2578.6  4528.4
   711 127.224  -0.002 127.222  1570293.9 574608.4 177027.3 33617.8  12969.8  3335.2  4969.4
   712 -200.385   0.001 -200.383  1391375.1 365441.2 108775.5 27677.2  10962.6  3420.8  4064.2
   713 -445.471   0.003 -445.469  1230296.4 345631.8 84668.2 25506.7  11580.1  2128.5  3942.7
   714 -264.162   0.000 -264.161  1277494.2 349292.0 85225.7 30459.8  13214.1  6428.3  4745.4
   715 328.739  -0.002 328.737  1462554.3 597082.6 164700.1 36262.4  12354.8  3656.8  5055.9
   716 323.161  -0.001 323.160  1547541.2 416944.2 129204.4 35547.2  11813.9  3063.3  4598.7
   717 -271.755   0.001 -271.754  1398489.2 356919.2 110855.4 29442.5  13340.2  2245.5  4493.3
   718 -857.910   0.011 -857.899  1222916.9 503710.7 119609.8 25367.4   9654.6  2439.7  3725.1
   719 552.555  -0.006 552.549  1334591.1 349640.8 105175.6 34564.7  12651.2  6789.1  5130.5
   720 784.882  -0.005 784.877  1628944.0 460449.8 181704.0 37111.4  13216.5  8968.1  5681.6
   721 315.754  -0.000 315.754  1623410.2 385951.6 161062.2 31445.3  11037.1  5310.2  4488.3
   722 184.665  -0.001 184.664  1654086.2 391254.1 167906.5 33134.0  12194.8  4853.8  4764.2
   723 372.370  -0.002 372.369  1811599.2 407064.9 260049.5 38334.2  14937.5  5400.9  5702.1
   724 130.852  -0.000 130.852  1843507.6 415177.0 224721.2 31146.3  15216.6  4297.6  5505.6
   725 -829.664   0.018 -829.646  1498880.4 324521.8 123800.5 21980.9  11273.2  2402.9  3725.2

         Carbon flux (ktC/yr)        Water (dam3/yr)                Nitrogen (MgN/yr)
       ----------------------- -------------------------- --------------------------------
Spinup NEP     estab   NBP     transp     evap    interc  nuptake ndemand  nlosses ninflux
------ ------- ------- ------- ---------- ------- ------- ------- -------- ------- -------
   726 398.164  -0.008 398.156  1562451.6 471969.5 202314.7 36240.6  13774.8  3965.1  5434.5
   727 -431.856   0.003 -431.853  1446763.6 467492.9 172708.4 25314.5  11782.4  3016.3  4431.0
   728 -138.258  -0.001 -138.259  1468156.7 502821.1 166467.9 31084.0  12953.3  4425.4  5037.5
   729 -384.864   0.001 -384.862  1417207.7 477622.3 142513.2 30168.5  13362.6  3599.0  4900.5
   730 244.261  -0.002 244.258  1584661.9 386774.2 208191.9 39641.0  14572.5  5371.5  5547.5
   731 -269.979   0.001 -269.979  1442748.9 304885.1 102754.3 28403.8  12432.0  2702.3  4289.1
   732 491.619  -0.003 491.616  1726428.0 386626.5 210109.2 45245.3  14841.8  8590.4  5628.2
   733  59.268   0.001  59.269  1685423.7 445147.0 138883.3 29953.6  11745.6  7801.7  4196.0
   734 -1086.865   0.028 -1086.837  1340752.5 483049.8 136393.7 21211.4   9219.7  5011.5  3210.2
   735 -188.579  -0.002 -188.582  1265454.6 513536.0 119081.8 30088.1  10463.8  5752.5  4248.6
   736 385.120  -0.006 385.113  1331137.1 412407.8 139196.4 33131.6  10541.9  5280.1  4264.5
   737 425.726  -0.005 425.721  1536854.7 389420.9 125964.0 36115.1  12532.0  4229.0  5087.1
   738 128.060  -0.003 128.058  1532118.9 425123.9 161126.3 33003.8  12214.9  7663.7  4706.4
   739 -435.223   0.002 -435.221  1420563.8 298059.8 99705.7 29719.9  10944.1  4179.1  3821.7
   740 654.248  -0.004 654.244  1671060.5 550064.4 222576.3 41471.8  14678.7  6623.6  5816.9
   741 363.242  -0.002 363.240  1805936.8 513536.0 243930.0 33761.9  14741.7  5104.2  5907.8
   742 -282.880   0.002 -282.877  1676273.7 340486.1 151476.1 27697.9  13467.6  2488.1  4461.8
   743 -348.488   0.009 -348.479  1447574.5 443936.5 132756.3 30551.8  11085.8  2669.6  3781.8
   744 -569.281   0.004 -569.277  1211039.8 355668.8 104324.6 22926.0   8968.0  4337.6  3335.1
   745 -491.702  -0.000 -491.702  1176903.0 328336.8 84469.0 26932.1  12111.5  3468.4  4105.3
   746 225.764  -0.003 225.761  1325851.4 474383.4 134774.8 34695.2  13720.5  8671.5  5155.2
   747 -332.742   0.007 -332.735  1152944.9 383358.9 83072.3 25118.2   9326.9  4050.9  3565.8
   748 -483.734   0.001 -483.733  1036099.2 367433.1 74120.3 25889.3   8095.5  3284.9  3185.8
   749 544.556  -0.005 544.551  1374502.0 478643.7 133924.3 42743.9  13503.9  8585.0  5514.3
   750 296.047  -0.003 296.045  1452242.5 352669.1 90409.8 33085.3  11384.9  3495.9  4551.6

         Carbon flux (ktC/yr)        Water (dam3/yr)                Nitrogen (MgN/yr)
       ----------------------- -------------------------- --------------------------------
Spinup NEP     estab   NBP     transp     evap    interc  nuptake ndemand  nlosses ninflux
------ ------- ------- ------- ---------- ------- ------- ------- -------- ------- -------
   751 362.800  -0.003 362.797  1552065.4 449066.2 147318.8 35113.6  12508.2  7738.0  4857.9
   752 -162.831   0.001 -162.830  1427125.4 334205.5 87352.5 31204.1  10386.3  2979.2  3708.2
   753 316.756  -0.002 316.754  1617844.0 468789.1 137851.9 35984.9  13796.9  8921.9  4920.5
   754 -612.747   0.004 -612.743  1317276.4 322044.9 90002.2 25899.9   9853.6  3381.9  3208.1
   755 -226.460  -0.000 -226.461  1384650.9 510050.5 114570.9 33237.4  12506.1  5749.6  4334.4
   756 419.024  -0.003 419.021  1523584.6 319772.4 121481.0 35886.6  12987.8  6868.2  4769.4
   757 135.745  -0.001 135.744  1531905.8 362788.3 111721.7 34328.5  13455.9  3964.6  4628.1
   758 -889.318   0.050 -889.268  1219373.1 375569.1 87012.1 18099.4   8370.6  4899.4  3161.4
   759 657.273  -0.027 657.246  1285439.7 516502.8 133535.0 40389.1  10840.3  7078.9  4220.8
   760 257.320  -0.002 257.318  1545106.5 405383.3 122472.7 34620.3  11811.9  3729.9  4877.4
   761  89.834  -0.001  89.833  1586471.3 433160.6 153618.0 31871.6  13384.2  5198.9  4822.6
   762 286.459  -0.001 286.457  1718775.5 389744.9 176163.6 37268.7  13371.7  2990.4  4874.7
   763  -6.180   0.000  -6.180  1689404.4 414001.8 166904.9 30285.5  13950.8  4353.5  4678.3
   764 488.411  -0.001 488.409  1983368.2 441359.1 245742.2 38037.8  14634.5  6376.3  5197.8
   765   5.243   0.000   5.243  1841738.8 407001.7 177433.8 30027.0  13846.5  5341.9  4585.9
   766 -948.807   0.058 -948.748  1372456.2 359175.5 97842.5 16675.8   8902.4  3707.8  3180.4
   767 243.553  -0.021 243.532  1284400.5 578735.1 104436.0 36855.5   8878.1  4081.6  3315.1
   768 433.213  -0.007 433.206  1639855.8 439973.3 168928.9 33228.1  13187.8  4526.3  5015.7
   769 -503.047   0.017 -503.030  1317385.8 346303.7 105160.8 20308.3   8385.5  5106.0  3316.8
   770 -209.482  -0.005 -209.487  1328788.3 359582.5 90858.2 29810.5  11596.7  2824.2  4406.5
   771 -26.555  -0.000 -26.555  1345516.2 503966.2 136615.6 31568.8  12344.1  4597.4  4744.3
   772  79.801  -0.001  79.800  1423094.7 509558.5 142230.0 32512.4  12744.1  6023.3  4980.9
   773 317.019  -0.002 317.017  1538781.9 425705.7 126119.8 37579.6  11809.7  5370.6  4632.7
   774 -197.587   0.001 -197.586  1395309.5 359340.3 108220.6 29508.6  13310.5  2481.8  4459.4
   775 129.580  -0.001 129.579  1440978.3 549696.3 169383.8 33287.9  12539.4  3992.5  4838.0

         Carbon flux (ktC/yr)        Water (dam3/yr)                Nitrogen (MgN/yr)
       ----------------------- -------------------------- --------------------------------
Spinup NEP     estab   NBP     transp     evap    interc  nuptake ndemand  nlosses ninflux
------ ------- ------- ------- ---------- ------- ------- ------- -------- ------- -------
   776 -14.821   0.001 -14.820  1510360.8 557125.9 179777.1 30306.7  12212.5  3202.2  4702.7
   777 -344.907   0.003 -344.904  1289578.3 346308.5 87296.5 27789.4  11389.4  2103.1  3903.5
   778 -71.538  -0.001 -71.539  1438757.7 376743.6 97020.1 33505.1  13844.3  4909.8  4956.8
   779 302.583  -0.002 302.581  1549273.6 381414.4 125229.5 35417.2  14020.8  2240.7  5192.8
   780 -1218.889   0.042 -1218.847  1107789.8 505477.6 122866.2 18085.7   6467.6  3044.2  2715.2
   781 904.586  -0.022 904.564  1236238.8 544716.1 112909.7 38414.1  10881.2  2696.3  5062.1
   782 -241.612   0.001 -241.611  1202078.1 495477.6 114065.3 26012.0  10532.5  2413.7  4044.5
   783 513.352  -0.005 513.347  1513830.2 411480.1 172851.5 45425.5  13912.1 10341.0  5903.4
   784 305.160  -0.003 305.157  1601911.9 436495.0 151116.6 29685.9  13607.5 13916.7  5205.7
   785 -142.545   0.001 -142.545  1470406.8 333461.6 87701.7 30450.0  10522.6  6057.7  3851.2
   786 459.002  -0.003 458.999  1748771.1 447966.5 185686.5 37699.9  15060.7 11476.1  5735.6
   787 -49.269   0.005 -49.264  1653300.1 433008.3 129416.7 29678.7  11314.5  4387.2  4045.0
   788 -1128.052   0.028 -1128.024  1302138.4 483238.1 122845.3 20271.3   8972.4  4430.9  3203.0
   789 567.770  -0.014 567.755  1387831.4 429941.7 104800.0 36955.4  11734.5  4625.4  4938.6
   790 242.430  -0.002 242.428  1495084.3 430676.5 140239.0 30872.2  12430.1  7315.4  4895.8
   791 254.720  -0.002 254.718  1635067.6 426882.7 149550.8 33670.2  12699.5  6971.6  4961.2
   792 621.009  -0.003 621.006  1934986.5 456213.7 227878.6 37449.8  13454.2 10795.2  5324.2
   793 459.976  -0.002 459.974  2034344.7 359651.1 219351.9 37956.7  14023.4 11358.5  5296.5
   794 483.467  -0.000 483.466  2101027.5 375948.8 267021.5 36514.3  14614.8  5697.5  5393.8
   795 -126.526   0.001 -126.524  1926257.3 498510.5 266740.2 29732.7  13425.2  5283.8  4702.3
   796 -475.897   0.011 -475.886  1623146.8 349627.2 127263.6 25743.9  11482.3  3875.3  3823.2
   797 -143.847  -0.003 -143.850  1566262.6 404925.6 157297.1 27651.6  15550.3  3561.9  5133.6
   798 127.247  -0.001 127.247  1641198.7 391676.2 161456.6 36373.7  12603.0  3250.5  4844.7
   799 -263.667   0.001 -263.666  1517597.7 347914.7 122684.8 28232.4  14418.9  2602.8  4554.9
   800 192.635  -0.002 192.634  1710107.2 525045.3 228859.3 36344.7  15604.8  4037.1  6077.3

         Carbon flux (ktC/yr)        Water (dam3/yr)                Nitrogen (MgN/yr)
       ----------------------- -------------------------- --------------------------------
Spinup NEP     estab   NBP     transp     evap    interc  nuptake ndemand  nlosses ninflux
------ ------- ------- ------- ---------- ------- ------- ------- -------- ------- -------
   801 -267.860   0.002 -267.858  1567815.2 381860.3 140636.7 27800.9  13307.5  2934.4  4606.3
   802 -116.371   0.000 -116.370  1473437.5 442532.3 147333.6 28070.9  13766.9  1833.8  4729.1
   803 -53.160  -0.000 -53.160  1504724.9 394788.0 176363.2 33280.7  13926.3  2620.0  4927.9
   804 -117.738   0.001 -117.737  1505001.7 367194.6 133146.6 30228.7  14720.6  2659.6  5068.8
   805 -395.264   0.003 -395.260  1315076.5 397849.3 130311.6 29326.0  11720.1  3838.8  4267.5
   806 -187.315   0.000 -187.315  1233382.4 384971.3 105265.2 30032.1  14047.3  2783.5  4739.0
   807   4.969  -0.002   4.967  1380930.9 461738.1 145906.9 34804.7  14167.4  5948.0  5277.4
   808 322.010  -0.002 322.009  1550911.1 408988.9 126502.9 38149.0  11757.4  2772.5  4514.8
   809 315.580  -0.001 315.579  1661279.4 416893.7 224890.8 36857.2  14148.6  4510.8  5203.1
   810 -752.970   0.005 -752.965  1402612.2 462698.4 131496.0 24095.4  11191.3  2623.8  3805.0
   811 310.391  -0.003 310.388  1490780.0 581855.3 204873.0 39093.3  12627.9  7874.8  4939.6
   812 407.041  -0.002 407.039  1658230.2 412560.1 152602.0 35036.6  12807.2  4701.0  4890.9
   813 100.060  -0.001 100.059  1727913.0 355827.8 139055.8 32995.8  13762.4  2357.0  4852.2
   814 -175.279   0.001 -175.278  1604552.6 527760.7 234381.3 33423.6  11080.2  5490.4  4175.0
   815 252.904  -0.001 252.902  1698299.3 406070.1 161708.8 35188.3  13463.7  3786.5  4820.6
   816 225.126  -0.001 225.125  1835477.3 515449.4 241173.6 36595.3  15668.1  3602.2  5837.1
   817  76.528   0.000  76.528  1857276.0 492704.2 249013.7 30204.0  15457.9  7539.5  5247.0
   818 -1106.378   0.033 -1106.345  1348266.6 306828.1 102391.0 19150.0   9372.4  3500.0  3276.4
   819 710.708  -0.010 710.698  1394300.5 510883.4 196254.7 37796.6  11281.9  4555.1  4640.6
   820  42.832  -0.001  42.831  1463772.7 550709.0 177204.0 29789.1  12331.8  3313.2  4845.0
   821 -127.339  -0.000 -127.339  1502693.6 393990.4 171522.2 32718.5  13238.6  2957.9  4801.3
   822 124.422  -0.002 124.419  1668530.3 379482.7 195603.9 40483.5  14900.5  5428.6  5348.5
   823 282.032  -0.001 282.031  1718385.1 392989.3 157314.0 34743.8  12718.6  3082.2  4604.7
   824 159.288   0.000 159.288  1751268.8 382624.1 144273.2 36593.7  11775.0  2554.0  4042.1
   825 -184.805   0.002 -184.803  1661242.1 370309.1 143309.5 32766.0  11916.8  2496.2  3892.5

         Carbon flux (ktC/yr)        Water (dam3/yr)                Nitrogen (MgN/yr)
       ----------------------- -------------------------- --------------------------------
Spinup NEP     estab   NBP     transp     evap    interc  nuptake ndemand  nlosses ninflux
------ ------- ------- ------- ---------- ------- ------- ------- -------- ------- -------
   826 -416.494   0.001 -416.493  1567880.9 414564.5 152728.7 29114.6  13644.1  5148.9  4407.5
   827 -429.617   0.002 -429.615  1503587.7 328122.0 101153.7 31104.2  11983.1  2239.0  3988.1
   828 -868.449   0.017 -868.432  1177586.2 528018.4 116136.2 24557.5   8896.9  2506.1  3436.5
   829 -328.470   0.002 -328.468   953658.6 410050.4 76825.8 24954.9   8348.1  4221.7  3476.5
   830 267.796  -0.003 267.793  1196480.4 419654.8 99238.6 37943.1  11918.7  2661.4  4836.3
   831 -456.074   0.001 -456.073  1019515.3 369879.6 68527.2 27858.1   9067.7  2672.8  3620.9
   832  79.622  -0.004  79.618  1232093.4 547899.6 93610.7 40012.2  11986.1  6117.7  4800.5
   833 339.833  -0.004 339.829  1364031.5 512758.6 92145.1 37056.5  10723.8  3975.3  4341.7
   834 -386.479   0.001 -386.478  1277247.2 482922.4 102051.8 30119.1  10874.4  2708.9  3833.7
   835 -358.362   0.002 -358.361  1221430.1 500066.6 100243.1 32288.4  10895.3  3250.6  3925.0
   836 493.567  -0.004 493.563  1438406.6 474454.5 149129.6 38511.2  13807.8  6356.5  5195.4
   837 -323.501   0.005 -323.496  1279222.5 320723.0 80107.0 29222.8  10068.2  2972.2  3673.6
   838 293.851  -0.003 293.848  1394238.7 500774.4 96335.9 37785.3  11352.9  3519.4  4147.8
   839 427.062  -0.002 427.059  1688979.5 383789.5 176992.7 41185.1  13771.5  9547.6  5110.1
   840  75.319   0.001  75.321  1664462.6 441541.9 115985.6 31988.9  11638.9  7838.2  3991.3
   841 -857.788   0.055 -857.734  1261587.2 367276.1 77333.6 18217.1   8924.9  6000.9  3103.6
   842 394.639  -0.028 394.611  1243128.8 456440.9 113240.0 35192.1   8631.7  6510.8  3440.2
   843  87.560  -0.003  87.558  1420951.0 351980.9 84971.4 32465.6  11103.6  4473.2  4162.3
   844 500.615  -0.002 500.612  1521353.2 418381.6 132169.7 38480.4  11383.7  5467.6  4299.5
   845 671.774  -0.003 671.772  1857332.0 474242.6 212333.5 37734.1  13200.5  9793.0  4869.6
   846 207.891  -0.000 207.891  1810422.4 384645.6 136700.5 34902.9  11167.5  6508.9  3921.6
   847 -258.644   0.006 -258.638  1631796.4 375159.1 152847.9 28772.2  11479.7  4845.3  3794.9
   848 -372.822   0.001 -372.821  1435425.3 355747.3 109396.2 29167.0  13088.2  4165.2  4162.6
   849 -274.202   0.002 -274.200  1360503.7 368457.0 102763.3 31475.8  13197.1  4207.8  4309.5
   850 387.922   0.000 387.922  1484058.5 465699.9 192185.4 36174.4  13013.7  5593.9  4793.4

         Carbon flux (ktC/yr)        Water (dam3/yr)                Nitrogen (MgN/yr)
       ----------------------- -------------------------- --------------------------------
Spinup NEP     estab   NBP     transp     evap    interc  nuptake ndemand  nlosses ninflux
------ ------- ------- ------- ---------- ------- ------- ------- -------- ------- -------
   851  41.107   0.000  41.107  1547005.3 441095.1 179958.7 30290.9  14506.8  5254.9  5151.9
   852 296.240  -0.000 296.239  1553116.2 436836.3 208198.3 32683.7  12732.8  3696.5  4783.0
   853 -13.776  -0.002 -13.779  1650900.3 532186.8 213744.2 33600.1  16421.5  4263.1  5966.3
   854 -179.996   0.001 -179.996  1581258.9 459595.9 119489.3 30854.0  12762.2  2559.4  4228.1
   855 -496.681   0.002 -496.679  1491271.0 326093.9 95797.7 27886.8  12699.9  2239.0  3950.0
   856 222.539  -0.002 222.537  1510311.7 316193.0 115772.0 34808.1  12516.7  5230.7  4299.6
   857 -242.933   0.001 -242.932  1382267.0 341781.5 80913.6 29197.7  10858.3  3042.2  3570.6
   858 200.200  -0.002 200.198  1669291.7 560309.0 193717.0 38857.9  15793.6  8728.9  5793.1
   859  -2.808   0.000  -2.808  1684803.2 352530.8 124152.8 30384.9  14168.5  2290.9  4631.0
   860 -1022.669   0.021 -1022.648  1233643.8 314070.4 84543.1 21295.1   8251.9  2543.8  2744.4
   861 298.849  -0.011 298.839  1315423.2 429594.8 85533.7 36407.4  13992.4  5998.8  4706.8
   862 -244.667   0.001 -244.666  1266878.5 353825.4 73102.5 28926.6  10416.4  2783.1  3687.8
   863 401.305  -0.004 401.302  1605138.5 408058.6 104723.0 39775.4  13931.2  5667.0  5052.3
   864 298.584  -0.002 298.582  1718951.3 367858.0 182983.7 36978.3  13095.2  7842.6  4629.6
   865  -2.822   0.002  -2.821  1661620.5 440324.3 115995.5 32448.7  11718.5  5269.0  3942.8
   866 -853.943   0.053 -853.890  1263555.7 369465.4 74681.6 18386.8   9032.6  4488.2  3021.9
   867 619.294  -0.029 619.265  1312078.2 478770.3 92976.8 40811.9   9015.4  5273.8  3380.0
   868  42.714  -0.001  42.713  1476911.0 404571.4 114993.4 27759.8  13119.6  5105.1  4463.1
   869 -216.294   0.007 -216.287  1469438.9 350678.6 97936.2 29485.0  10312.7  5195.2  3758.3
   870 -527.050   0.000 -527.050  1296848.9 476827.1 96942.3 28662.9  10776.9  3238.8  3631.4
   871 -459.680   0.002 -459.677  1188094.4 502343.2 92014.8 29086.7  10914.4  3177.4  3906.8
   872 286.210  -0.003 286.207  1291494.2 445783.1 94135.6 36845.5  13017.3  4427.6  4968.6
   873 420.975  -0.003 420.972  1434492.0 430321.6 99024.1 37500.2  11366.5  3714.1  4369.7
   874 174.573  -0.002 174.571  1498862.0 305889.9 106483.7 31461.6  12632.5  6449.9  4371.1
   875 355.919  -0.002 355.917  1669910.0 561641.9 179087.9 39548.6  13112.6 14306.3  4851.0

         Carbon flux (ktC/yr)        Water (dam3/yr)                Nitrogen (MgN/yr)
       ----------------------- -------------------------- --------------------------------
Spinup NEP     estab   NBP     transp     evap    interc  nuptake ndemand  nlosses ninflux
------ ------- ------- ------- ---------- ------- ------- ------- -------- ------- -------
   876  13.909  -0.001  13.908  1694379.7 428527.1 141965.6 29886.2  14107.3  9839.4  4629.9
   877 295.738  -0.001 295.737  1785698.2 290675.9 125880.5 36166.4  13413.0  5341.5  4413.4
   878  84.354  -0.000  84.354  1830511.8 540504.4 173060.4 33040.6  12277.0  3586.7  4236.6
   879 -753.417   0.010 -753.407  1495613.2 291864.0 94918.6 24597.3  11100.9  2930.8  3435.5
   880 -345.940   0.006 -345.934  1233422.2 373413.4 94146.5 26911.7   9771.9  5039.5  3599.9
   881 -283.243  -0.001 -283.244  1164602.4 366025.0 72326.7 27039.5  11025.3  2660.2  3772.0
   882 199.285  -0.003 199.282  1411718.8 534829.3 91245.8 38033.8  12190.9  6673.8  4459.3
   883 176.866  -0.001 176.865  1471614.3 414276.5 118356.1 27401.1  14092.8  5770.2  4960.5
   884 418.854  -0.001 418.853  1643544.2 306825.2 114582.5 38076.6  11892.0  6941.2  4481.7
   885 302.664  -0.001 302.663  1792636.6 510353.6 199873.3 32573.1  14179.4 13413.5  5006.8
   886 -229.705   0.002 -229.703  1627267.4 333562.3 124411.0 28543.1  12982.5  2569.1  4226.4
   887 -616.871   0.008 -616.863  1207678.8 341965.5 100775.6 22276.4   7217.1  5102.3  3075.2
   888 314.055  -0.001 314.054  1399379.4 465640.3 187271.7 36129.7  13098.8  4127.1  5075.2
   889 209.525  -0.003 209.522  1488088.8 452891.0 135249.8 27188.2  17166.9  5054.6  5122.0
   890 423.246  -0.002 423.244  1723919.2 416563.7 212056.3 38655.8  14189.3  4814.6  5530.3
   891 -84.292   0.000 -84.292  1675324.6 417745.2 151218.8 28314.0  14359.0  4384.5  4819.2
   892 385.082  -0.001 385.081  1837906.8 397731.6 224886.8 39846.0  15083.3  3705.6  5407.7
   893 114.919   0.000 114.919  1766042.8 285327.8 137004.9 30137.0  14152.0  3207.7  4526.5
   894 -968.536   0.057 -968.478  1316095.9 370598.9 88254.6 17159.4   9316.8  3398.5  3183.3
   895 -809.014  -0.010 -809.024  1026451.9 352245.8 77951.6 22452.4   7702.0  3842.1  3071.9
   896 595.998  -0.009 595.989  1346559.5 647879.8 139366.8 38443.7  11983.8  3972.2  4960.3
   897 875.833  -0.006 875.827  1686909.6 406973.8 170928.6 41533.5  12984.4  7797.8  5561.3
   898 -43.417  -0.000 -43.417  1607756.8 345452.3 114054.6 25065.7  11000.9  3641.2  4158.0
   899 -277.940   0.004 -277.936  1391072.3 362952.3 101768.7 29641.3  10158.7  4032.9  3857.1
   900 194.194  -0.003 194.191  1546264.6 442567.7 139754.0 33422.3  14184.6  4945.3  5148.9

         Carbon flux (ktC/yr)        Water (dam3/yr)                Nitrogen (MgN/yr)
       ----------------------- -------------------------- --------------------------------
Spinup NEP     estab   NBP     transp     evap    interc  nuptake ndemand  nlosses ninflux
------ ------- ------- ------- ---------- ------- ------- ------- -------- ------- -------
   901 538.563  -0.002 538.561  1694016.1 429465.0 201054.2 34316.3  12914.9  3317.4  5231.5
   902 -36.743   0.000 -36.742  1646129.4 426324.8 139307.1 28663.8  13973.0  1748.1  4962.2
   903 244.397  -0.001 244.396  1851334.0 444755.9 224627.4 34425.8  14510.6  4102.4  5330.9
   904 -29.233  -0.000 -29.233  1770238.2 413050.2 160205.5 30693.7  14324.7  5038.2  4873.8
   905 -729.003   0.017 -728.985  1592750.4 431242.1 133830.1 24426.3  12631.9  2402.2  4213.5
   906 394.391  -0.007 394.384  1620989.9 432495.5 225005.1 37458.0  12180.3  3296.2  4874.8
   907 -81.625   0.001 -81.624  1579486.3 388574.9 132145.3 31455.1  13623.1  2791.5  4901.6
   908 -118.757   0.001 -118.757  1561915.0 426423.5 155025.6 31414.5  14823.8  3751.8  5020.3
   909 170.546   0.000 170.546  1649618.9 389096.2 152975.9 34610.0  13269.1  2286.3  4832.8
   910 -385.200   0.003 -385.197  1527017.9 465569.0 158108.1 26689.7  12948.8  2356.1  4434.8
   911 199.583  -0.002 199.580  1571936.2 461941.9 145102.4 33000.7  14145.0  2945.4  5171.5
   912 -114.645   0.000 -114.645  1516410.7 391318.7 152822.9 27595.6  14077.4  2648.3  4986.8
   913 -675.661   0.008 -675.653  1442119.3 456932.0 134482.1 28707.0  11624.8  2420.6  4292.6
   914 769.343  -0.006 769.337  1695048.5 492852.6 217604.5 40980.2  13126.4  3897.3  5175.1
   915 127.315   0.000 127.315  1635547.5 403324.2 155941.9 27633.1  13456.8  5852.0  4950.1
   916  25.223   0.001  25.223  1661451.3 392431.0 158596.3 31111.4  13000.4  5276.5  4786.6
   917 277.693  -0.001 277.692  1758000.8 430736.0 156259.4 37325.3  12379.4  2955.5  4608.0
   918  83.351  -0.001  83.350  1885898.4 349935.9 224656.1 35738.3  14337.6  5479.5  5060.4
   919  54.918   0.001  54.919  1812959.1 373802.3 176849.0 32574.3  12762.1  3280.7  4562.4
   920 -363.174   0.004 -363.171  1631272.8 376015.0 151503.4 29949.7  12925.6  3153.2  4431.4
   921 -918.934   0.016 -918.918  1350704.8 339984.3 111524.7 20715.8  11824.6  2440.0  4002.9
   922 163.232  -0.007 163.225  1288541.9 590380.2 175994.2 34411.8  12225.1  3620.4  5017.6
   923 -18.246  -0.002 -18.247  1420832.5 581491.9 181306.2 29793.3  12628.3  3205.1  4999.0
   924 347.750  -0.005 347.745  1642363.5 399297.3 198418.0 41511.9  14701.2  6032.3  5781.7
   925 -345.521   0.001 -345.520  1484495.8 300110.0 99513.9 27405.9  12097.1  3448.0  4128.2

         Carbon flux (ktC/yr)        Water (dam3/yr)                Nitrogen (MgN/yr)
       ----------------------- -------------------------- --------------------------------
Spinup NEP     estab   NBP     transp     evap    interc  nuptake ndemand  nlosses ninflux
------ ------- ------- ------- ---------- ------- ------- ------- -------- ------- -------
   926 -618.352   0.004 -618.348  1328884.0 307254.6 95548.7 28476.5  10936.6  3847.5  3815.9
   927 413.122  -0.003 413.119  1438008.8 323554.4 116435.9 37048.4  12873.7  5899.1  4640.6
   928 799.212  -0.004 799.208  1764490.2 442554.4 230925.1 42733.7  13708.1  7408.3  5584.6
   929 148.205  -0.001 148.204  1773645.3 385219.8 191717.8 32473.0  13329.1  3612.4  4771.6
   930  -6.980   0.001  -6.979  1719374.0 422008.0 163579.4 31718.0  13412.1  2705.8  4554.5
   931 -1155.824   0.038 -1155.786  1390957.1 435137.3 146709.7 19509.5  11116.3  3501.8  3842.0
   932 772.306  -0.021 772.284  1499556.5 597300.6 208994.3 39389.9  12219.6 10860.4  5033.2
   933 311.232  -0.001 311.231  1594685.9 385259.9 158618.3 32700.3  11451.3  3593.0  4470.6
   934 -85.061   0.000 -85.060  1639309.5 358479.0 140597.2 31648.6  13392.9  2994.4  4801.4
   935 -786.969   0.022 -786.947  1329384.7 334820.8 124160.1 22838.8   9843.6  4881.7  3557.5
   936 -424.448  -0.008 -424.455  1182154.2 343626.5 87704.4 30802.6  11386.5  3902.0  4008.8
   937 -489.532   0.002 -489.529  1144316.9 511794.8 116973.8 29437.7  11172.3  3274.8  4110.4
   938 122.850  -0.003 122.847  1250963.5 380044.5 91678.0 35724.8  12597.1  3634.7  4787.1
   939 207.537  -0.002 207.535  1326639.6 373485.7 95703.1 35864.6  11670.9  3326.1  4526.9
   940 445.987  -0.003 445.983  1489264.2 398747.9 125049.5 38467.2  12985.9  3521.0  4991.2
   941 459.459  -0.003 459.456  1642096.7 529824.3 224281.7 37274.2  14322.3  6008.1  5646.4
   942 -904.142   0.050 -904.092  1201200.1 366583.1 96925.7 15727.0   8840.3  4709.0  3129.2
   943 1079.780  -0.028 1079.752  1404877.4 655240.9 194249.3 43326.1  12110.5  5656.4  5078.1
   944 317.314  -0.002 317.312  1726975.6 383175.3 200426.0 34532.9  13675.5  7070.9  5396.9
   945 340.101  -0.002 340.099  1898144.9 366152.9 213054.0 38458.3  14307.5 11647.8  5330.8
   946 367.409  -0.001 367.408  1968350.7 497747.9 246200.2 35826.4  15272.8  5953.6  5780.0
   947 -289.999   0.005 -289.994  1748510.2 423073.7 144118.4 27955.8  12077.4  2977.4  3841.0
   948 -112.794  -0.001 -112.795  1700780.2 369190.5 181469.1 33390.9  13712.9  3110.0  4328.4
   949 -160.630   0.011 -160.619  1560000.9 385458.2 157954.4 28356.9  11801.5  4344.2  4048.9
   950 -919.654   0.054 -919.600  1124330.2 380727.8 91178.9 13332.6   8726.2  3979.7  3193.0

         Carbon flux (ktC/yr)        Water (dam3/yr)                Nitrogen (MgN/yr)
       ----------------------- -------------------------- --------------------------------
Spinup NEP     estab   NBP     transp     evap    interc  nuptake ndemand  nlosses ninflux
------ ------- ------- ------- ---------- ------- ------- ------- -------- ------- -------
   951 -535.349  -0.024 -535.373   877958.3 416494.7 69867.6 25357.1   6125.6  5616.6  2812.6
   952 666.155  -0.006 666.149  1278207.3 558847.2 164852.0 43760.1  12479.4  8519.2  5629.9
   953 480.874  -0.005 480.869  1450917.8 465364.7 159725.6 31355.9  13945.4  7425.9  5875.3
   954 -236.719   0.003 -236.717  1248230.1 370528.2 96037.8 26736.6   9105.5  4252.9  3698.5
   955 398.210  -0.004 398.206  1500183.1 547136.1 187965.5 34606.6  13976.3 14139.3  5649.5
   956 529.708  -0.003 529.705  1713909.5 475725.7 206015.1 34534.9  13373.0  9301.9  5369.6
   957 -742.886   0.030 -742.856  1310726.5 375013.0 86198.1 20251.2   9357.6  3732.1  3372.6
   958 655.792  -0.017 655.774  1515964.0 439735.0 169364.0 40905.9  12090.5  7610.3  4767.1
   959 -350.274   0.002 -350.271  1471646.0 467702.3 119842.1 27345.2  11016.7  2975.3  4049.2
   960 337.681  -0.001 337.680  1614254.8 405281.5 121229.0 41697.6  11881.3  3661.8  4366.9
   961  70.273  -0.000  70.273  1637842.5 377866.1 125615.4 33079.8  12384.4  2889.2  4197.9
   962 142.706   0.001 142.706  1586788.7 411226.9 197766.6 30375.0  12958.3  4108.2  4631.8
   963 -972.549   0.025 -972.524  1332391.0 448968.6 121320.0 19768.8  12725.6  3192.4  4138.1
   964 429.313  -0.013 429.300  1403193.5 481551.9 196590.8 41410.5  11613.0  4182.2  4836.4
   965 214.988  -0.003 214.986  1558232.0 584039.0 165035.0 31901.2  12925.8  3205.4  5006.3
   966 -204.668   0.001 -204.668  1370643.8 349246.1 81879.1 28026.5  11083.3  1943.6  3903.5
   967 397.135  -0.003 397.132  1689915.4 468808.8 210000.2 41267.8  15261.5  7260.7  5953.4
   968 -468.267   0.003 -468.264  1458040.4 297234.2 92673.5 25320.5  12156.3  2770.0  4010.6
   969 603.184  -0.003 603.181  1779441.7 483643.7 211014.7 38482.1  13596.1  6553.3  5150.8
   970  40.518   0.000  40.518  1643478.2 398281.8 150495.8 26908.2  13413.2  6041.8  4738.7
   971 183.770  -0.000 183.769  1738684.4 386984.2 179767.2 39943.4  12654.5  3404.5  4652.7
   972 -246.389   0.002 -246.387  1675299.8 341622.2 139919.6 28378.3  13983.8  2681.1  4505.0
   973 -304.691   0.002 -304.689  1469572.9 382110.3 154721.3 26294.2  13342.3  3881.6  4391.5
   974 315.937  -0.002 315.935  1600013.2 450912.3 147298.9 38490.6  12943.3  2396.9  4795.4
   975 -91.327   0.001 -91.327  1612532.6 553489.5 194666.5 29694.8  12289.6  3102.3  4534.3

         Carbon flux (ktC/yr)        Water (dam3/yr)                Nitrogen (MgN/yr)
       ----------------------- -------------------------- --------------------------------
Spinup NEP     estab   NBP     transp     evap    interc  nuptake ndemand  nlosses ninflux
------ ------- ------- ------- ---------- ------- ------- ------- -------- ------- -------
   976 380.522  -0.002 380.520  1740552.3 425885.5 248419.7 38639.2  15528.4  4444.4  5747.3
   977 -206.160   0.001 -206.159  1616282.3 389655.9 165006.5 25288.3  15414.6  3557.2  5113.0
   978 146.386   0.001 146.386  1707501.2 393159.6 188340.2 40904.4  13636.1  2478.8  4896.6
   979 -569.009   0.014 -568.996  1368761.6 356769.5 117641.3 23002.3  10008.7  3728.2  3664.1
   980 185.952  -0.005 185.947  1516811.4 460457.0 189262.3 32102.4  14917.6  3764.5  5538.3
   981 -117.346   0.006 -117.339  1501513.2 465412.9 123154.7 28892.5  11788.1  1686.1  4314.7
   982 -174.031   0.003 -174.029  1516582.8 451282.1 119197.1 30928.6  12178.2  1969.0  4267.9
   983  -0.446  -0.002  -0.448  1507421.4 532868.9 161560.7 32599.4  13234.6  3700.4  4781.5
   984 -1027.196   0.031 -1027.165  1286255.6 443146.9 123231.0 18597.7  11875.7  3518.9  4105.3
   985 -429.378  -0.106 -429.484   976578.6 381614.9 88861.3 24896.8   6815.5  5065.5  3358.9
   986 363.294  -0.005 363.289  1270530.8 352758.6 104504.7 36077.2  12778.3  5924.1  5233.4
   987 352.279  -0.003 352.277  1372762.8 385094.5 101417.8 31336.3  11932.5  5484.8  4487.5
   988 401.076  -0.003 401.073  1548300.4 445063.9 145846.4 34855.0  12993.0  7763.3  5165.7
   989 623.342  -0.002 623.340  1801212.8 415013.6 231455.9 40902.3  13467.6  7446.9  5577.1
   990 -314.974   0.004 -314.971  1617666.3 325985.9 113196.9 27654.6  12072.8  2646.8  4234.4
   991 -321.680   0.002 -321.678  1446236.1 344469.8 110248.4 31366.0  11232.8  2617.4  4046.8
   992  64.065  -0.000  64.065  1409040.5 422414.0 132661.5 35191.8  12357.0  4040.3  4762.2
   993 447.938  -0.003 447.936  1572510.8 440191.0 237904.0 40152.7  14887.3  5154.7  5646.5
   994 230.683  -0.002 230.681  1672546.5 403793.0 188858.0 33668.5  14054.2  2964.9  5186.9
   995 298.868  -0.002 298.867  1844474.7 369304.0 224888.4 39615.8  14750.3  6618.2  5441.1
   996 -139.623   0.002 -139.622  1668887.8 340987.6 133119.9 30247.9  14054.1  2409.5  4490.9
   997 -1113.079   0.065 -1113.014  1208342.1 373115.6 99630.6 16040.5   8437.7  4140.2  3119.4
   998 353.831  -0.025 353.806  1201201.9 600912.0 102334.3 39977.9   8377.4  4675.7  3310.6
   999 321.343  -0.006 321.337  1557504.9 587798.8 160715.1 32367.8  11273.3  3725.1  4515.9
  1000 -394.398   0.001 -394.397  1398051.1 309317.5 92590.5 27036.7  10924.8  3281.3  3857.6

         Carbon flux (ktC/yr)        Water (dam3/yr)                Nitrogen (MgN/yr)
       ----------------------- -------------------------- --------------------------------
Spinup NEP     estab   NBP     transp     evap    interc  nuptake ndemand  nlosses ninflux
------ ------- ------- ------- ---------- ------- ------- ------- -------- ------- -------
  1001 544.582  -0.006 544.576  1642342.8 553213.4 205666.9 40304.5  14536.9  5815.3  5858.2
  1002 -13.216   0.000 -13.216  1556758.1 398437.8 152224.0 24846.9  13472.9  4181.0  4819.6
  1003  97.583   0.000  97.584  1584670.0 400151.6 153113.8 34470.9  12658.7  4586.0  4699.7
  1004 -61.588   0.000 -61.588  1545940.2 352187.2 119075.7 34911.3  12447.1  2604.1  4397.7
  1005 108.478   0.001 108.479  1576970.4 394933.9 158665.6 34649.8  11775.8  3607.4  4240.7
  1006 -434.534   0.006 -434.528  1454305.4 336525.4 112051.2 25670.6  11473.2  2347.2  4045.9
  1007 189.727  -0.004 189.723  1479833.8 457700.6 160804.2 34753.8  13042.4  5744.5  4839.9
  1008 -367.672   0.003 -367.669  1470246.1 460404.7 138905.4 29973.1  12184.1  2681.4  4339.9
  1009 -68.650   0.006 -68.644  1369423.6 472263.2 121545.9 31706.5  11228.1  2043.0  3995.1
  1010 355.432  -0.007 355.425  1639933.4 386784.1 191238.0 41580.6  14040.4  7277.0  5166.5
  1011 -332.542   0.002 -332.540  1485754.5 298488.6 97955.1 26860.8  11596.7  3086.6  3852.0
  1012 316.466  -0.002 316.464  1592679.3 407177.1 172453.6 39681.1  13089.3  3669.1  4734.6
  1013  86.181  -0.001  86.180  1620134.9 426957.7 164807.5 31229.0  13431.1  5720.0  4668.7
  1014 292.690  -0.001 292.689  1737281.5 387863.9 187289.8 38685.3  13347.4  2816.2  4747.8
  1015 -833.162   0.013 -833.149  1393193.1 298073.5 104665.7 22226.8  10323.3  2825.5  3430.5
  1016 260.423  -0.006 260.417  1389899.2 434683.7 142430.7 32415.5  13295.7  4120.5  4772.5
  1017 -719.332   0.024 -719.309  1194132.4 380693.6 91246.3 20406.0   8311.5  3332.6  3280.0
  1018 -12.524  -0.004 -12.528  1152933.8 529399.6 135907.1 32087.5  10468.5  3336.6  4226.4
  1019 541.378  -0.005 541.373  1461219.0 629900.6 164322.6 40250.9  11621.6  4676.0  5060.5
  1020 168.617  -0.002 168.615  1478168.8 358105.9 101785.3 32078.3  11658.5  2096.8  4565.8
  1021 262.749  -0.003 262.747  1558345.3 446462.9 156148.4 35495.4  12920.3  5816.7  4848.7
  1022 657.643  -0.003 657.639  1902635.6 465117.4 234909.6 38361.6  13377.4 13160.9  5130.5
  1023 -891.962   0.047 -891.915  1376079.1 369735.9 97182.8 16817.3   8700.9  6954.7  3176.7
  1024 -825.206  -0.010 -825.217  1059028.8 348422.6 84650.3 21930.6   7447.4  6611.3  2985.7
  1025 749.180  -0.007 749.173  1367501.3 458912.5 101491.0 42142.9  10977.0  6372.6  4576.4

         Carbon flux (ktC/yr)        Water (dam3/yr)                Nitrogen (MgN/yr)
       ----------------------- -------------------------- --------------------------------
Spinup NEP     estab   NBP     transp     evap    interc  nuptake ndemand  nlosses ninflux
------ ------- ------- ------- ---------- ------- ------- ------- -------- ------- -------
  1026 -454.556   0.002 -454.554  1235347.0 315529.0 80719.5 26152.8  10955.6  5045.2  4060.3
  1027 552.466  -0.004 552.462  1468942.0 470604.4 159691.7 38280.9  13284.0  8532.8  5478.7
  1028 558.555  -0.003 558.552  1590055.5 408241.3 119700.5 38980.3  10418.8  5648.9  4281.0
  1029 -76.998  -0.000 -76.998  1603368.1 556546.9 170870.9 30119.0  11457.2  5159.3  4381.9
  1030 266.845  -0.002 266.843  1667435.7 401222.8 130003.9 40003.9  11744.7  4685.4  4276.1
  1031 -765.251   0.022 -765.229  1414211.9 331697.0 114258.4 20585.6  11155.9  5280.9  3711.7
  1032 221.938  -0.011 221.926  1475488.3 473727.4 133933.5 34710.8  12901.7  6689.8  4764.9
  1033 511.796  -0.003 511.793  1840227.2 470224.7 207512.7 36092.6  13471.6 11156.7  5325.2
  1034 251.324  -0.001 251.323  1787003.1 386036.3 133494.8 35700.8  11394.9  7610.5  4172.0
  1035 -1127.160   0.078 -1127.082  1176500.7 360414.1 85576.7 12555.9   8607.5  5586.4  3086.8
  1036 -72.620  -0.036 -72.656  1058525.9 460934.2 84200.1 30980.7   8405.3  6210.3  3540.9
  1037 475.672  -0.003 475.668  1424286.0 431542.3 121657.5 38457.8  11672.3  5512.4  4734.3
  1038 -185.619   0.001 -185.618  1298401.1 372354.7 93679.9 26878.3   9927.4  5095.5  3932.5
  1039 321.208  -0.003 321.205  1471183.8 580177.9 181773.0 36310.2  13028.9  9348.1  5107.4
  1040 307.617  -0.002 307.615  1663032.8 415261.0 157092.2 34592.0  13800.9  8007.0  5202.3
  1041 411.964  -0.000 411.964  1802311.7 409071.8 222318.0 37737.5  14539.0  7540.9  5438.3
  1042 -458.534   0.007 -458.527  1618874.8 455703.9 155412.9 26408.4  12556.8  4042.9  4230.4
  1043 258.819  -0.003 258.816  1665342.8 569129.3 213153.6 38507.7  13693.6  8286.8  5005.1
  1044 -273.717   0.001 -273.716  1505235.0 331559.8 90483.1 26545.5  11789.4  3813.2  3824.7
  1045 -508.083   0.006 -508.077  1534418.7 472103.7 126382.3 28839.9  13567.1  4395.2  4540.3
  1046 -458.976   0.010 -458.966  1324639.9 340167.4 112461.1 24624.5  10820.5  3427.6  3766.6
  1047 334.118  -0.008 334.109  1465422.2 412322.7 115234.1 37455.2  13668.8  2970.4  5060.7
  1048 229.007  -0.001 229.006  1519711.2 391949.2 124607.4 35756.7  11064.1  3248.9  4221.1
  1049 -86.397   0.001 -86.396  1446802.9 527617.3 167759.9 30293.2  12589.7  3941.8  4498.3
  1050 -67.939  -0.001 -67.940  1493888.6 423792.4 148526.3 31476.5  14021.4  5505.2  4756.2

         Carbon flux (ktC/yr)        Water (dam3/yr)                Nitrogen (MgN/yr)
       ----------------------- -------------------------- --------------------------------
Spinup NEP     estab   NBP     transp     evap    interc  nuptake ndemand  nlosses ninflux
------ ------- ------- ------- ---------- ------- ------- ------- -------- ------- -------
  1051 268.371  -0.001 268.370  1620433.6 397842.6 146514.6 37339.7  12826.9  3268.3  4683.1
  1052 179.194  -0.001 179.194  1674099.6 396139.4 173048.3 34252.3  13898.7  2776.3  4763.3
  1053 -1070.623   0.021 -1070.602  1310526.5 482843.9 129161.8 19884.3   9971.6  2639.9  3484.4
  1054 387.280  -0.011 387.269  1297065.9 465327.4 127224.6 33984.8  13042.1  4508.5  4992.1
  1055 405.480  -0.004 405.476  1572006.4 422117.4 157145.4 36578.7  12758.7  3384.4  5059.2
  1056 112.804  -0.001 112.803  1513296.4 545162.6 175114.6 31406.8  12521.8  3690.9  4739.4
  1057 100.993  -0.001 100.991  1683872.1 366630.5 198280.5 36301.1  14490.6  5298.0  5159.8
  1058 -22.862   0.000 -22.861  1656983.8 446040.7 121912.5 32445.8  12305.2  3055.6  4177.3
  1059  77.195  -0.001  77.194  1740747.4 543651.8 176436.1 33281.0  12573.7  2973.1  4381.2
  1060 308.855  -0.001 308.854  1818003.5 421920.8 192275.3 34482.1  14416.6  4095.2  4970.1
  1061 164.255  -0.001 164.255  1917017.1 351410.7 215838.6 35972.7  13910.9  4574.2  4656.7
  1062 416.094  -0.000 416.094  1871028.0 403471.1 232264.3 33081.9  13634.2  2929.8  4812.4
  1063 -467.937   0.002 -467.935  1726000.1 398096.3 170669.2 26266.7  14297.1  3349.4  4410.9
  1064 -493.314   0.010 -493.304  1421783.2 351523.9 111993.9 27892.9  10253.5  3293.6  3637.5
  1065 320.191  -0.006 320.185  1619645.6 444789.9 218812.5 38851.9  15623.2  3130.6  5497.6
  1066 158.265  -0.001 158.263  1748713.5 510478.1 219816.3 29355.4  15222.4  9819.7  5389.8
  1067 127.473  -0.001 127.472  1831322.6 357115.0 207063.2 37933.2  14562.2  4915.9  5081.9
  1068 383.367  -0.002 383.366  2054592.0 441645.3 243672.0 34451.5  14849.5  6053.2  5149.1
  1069 266.248  -0.001 266.247  2081313.4 356126.9 226982.4 38370.1  14553.4  4054.6  4926.0
  1070 -1097.655   0.034 -1097.621  1668604.7 427618.3 149996.6 18105.9  11838.8  2448.4  3720.9
  1071 -391.576  -0.005 -391.582  1371455.1 399031.6 130244.8 27683.1   9546.9  2351.4  3666.0
  1072  27.458  -0.001  27.457  1367067.3 572935.9 203559.1 34216.8  11382.0  6186.2  4379.9
  1073 601.508  -0.005 601.503  1714782.8 404559.8 189422.0 45556.6  14411.5  9984.6  5567.8
  1074 589.986  -0.002 589.983  1890399.4 407252.6 240025.9 36499.6  14714.5  3894.2  5475.0
  1075 -165.078   0.000 -165.077  1799665.6 404461.0 169764.1 28152.4  13797.0  3587.3  4505.6

         Carbon flux (ktC/yr)        Water (dam3/yr)                Nitrogen (MgN/yr)
       ----------------------- -------------------------- --------------------------------
Spinup NEP     estab   NBP     transp     evap    interc  nuptake ndemand  nlosses ninflux
------ ------- ------- ------- ---------- ------- ------- ------- -------- ------- -------
  1076 -188.815   0.002 -188.813  1701484.8 370744.8 139329.9 35321.7  12982.0  2561.9  4313.2
  1077 -834.777   0.022 -834.756  1415512.9 464119.8 157905.4 24604.9  11605.8  2947.4  3815.5
  1078 219.782  -0.011 219.771  1481326.0 626296.9 171693.1 36557.4  12270.0  3957.1  4653.0
  1079 278.863  -0.002 278.861  1508699.3 552126.0 178674.6 33982.9  13068.3  2466.8  4904.0
  1080 338.923  -0.002 338.921  1757184.6 460782.9 225538.2 33577.3  14238.0  4609.5  5292.6
  1081 479.873  -0.002 479.870  1855186.2 415433.8 236624.0 39938.0  14652.5  3776.8  5451.1
  1082 -572.241   0.008 -572.233  1596481.0 331392.1 127433.4 23162.2  11682.1  3032.1  3830.4
  1083 320.417  -0.005 320.412  1783120.1 380515.7 199846.6 41982.5  14232.1  4647.0  5167.0
  1084 326.265  -0.002 326.262  1979132.4 358219.5 213502.5 38275.1  14351.2  4626.9  5091.1
  1085 -210.192   0.002 -210.191  1773501.4 369549.0 143741.3 31371.3  12691.2  2497.9  4182.6
  1086 101.328  -0.001 101.327  1788567.3 504414.7 228705.4 36676.1  16217.6  2596.8  5450.2
  1087 -563.329   0.005 -563.324  1552799.4 372894.0 139580.2 26504.4  12935.3  2293.8  4019.1
  1088 -595.281   0.004 -595.278  1318391.4 366364.7 107571.2 25143.8  12750.7  2038.6  4007.5
  1089 272.359  -0.002 272.357  1484398.0 453763.0 200422.3 41245.9  14269.9  3998.2  5261.6
  1090 200.254  -0.001 200.253  1546588.8 407278.2 141331.8 32298.5  12734.6  2734.3  4590.8
  1091 248.656  -0.001 248.654  1677071.5 522909.4 211335.3 33364.2  14183.7  8470.6  5120.2
  1092  29.683  -0.001  29.683  1630160.7 380344.6 169212.6 35598.5  13084.4  2406.8  4479.6
  1093 -146.945   0.000 -146.945  1558850.4 393227.7 147421.4 28536.5  14204.6  3197.8  4554.8
  1094 -560.129   0.003 -560.125  1362850.8 336014.0 86343.5 30623.7   9911.5  2086.6  3358.6
  1095  81.830  -0.002  81.828  1482437.2 435235.3 131249.2 34278.9  14392.6  5855.6  4823.3
  1096 571.778  -0.003 571.775  1787064.0 529614.6 201987.6 42232.4  14054.1  3628.3  5431.3
  1097 -981.167   0.020 -981.147  1424588.5 301207.1 94981.1 19235.8   9735.3  2829.9  3321.5
  1098 157.218  -0.007 157.211  1403768.0 401062.9 109390.5 32455.3  11940.9  2702.5  4354.3
  1099 -221.128   0.001 -221.128  1368175.8 370084.9 114051.3 32671.7  10990.3  2720.9  4047.5
  1100 -937.127   0.046 -937.080   976793.7 371813.4 77707.4 18426.1   8014.3  4368.4  3032.0

         Carbon flux (ktC/yr)        Water (dam3/yr)                Nitrogen (MgN/yr)
       ----------------------- -------------------------- --------------------------------
Spinup NEP     estab   NBP     transp     evap    interc  nuptake ndemand  nlosses ninflux
------ ------- ------- ------- ---------- ------- ------- ------- -------- ------- -------
  1101 855.209  -0.015 855.194  1224665.3 653110.6 157163.8 45248.3  10673.6 13968.3  4597.0
  1102 240.630  -0.003 240.628  1405585.7 414025.7 104537.8 34554.7  11352.9  3956.8  4660.1
  1103 -371.347   0.003 -371.344  1237610.5 382104.6 89066.3 27711.2   9487.6  4828.0  3598.5
  1104 503.722  -0.004 503.719  1439552.7 467837.2 170161.4 36611.2  12732.2  4430.1  5020.2
  1105 305.254  -0.003 305.251  1621559.2 425778.4 192197.8 37988.6  14416.5  6101.3  5360.0
  1106 -26.416  -0.001 -26.417  1650185.9 536159.2 190487.0 33442.8  12941.8  7109.0  4674.5
  1107 -260.348   0.009 -260.339  1598028.5 344325.2 108385.2 27627.9  12337.6  3865.1  4023.2
  1108 -626.097   0.005 -626.092  1435825.7 457049.2 112025.0 27844.8  11756.0  2460.1  3977.1
  1109 104.360  -0.004 104.357  1369234.3 413207.8 122732.1 31984.0  12708.3  2877.5  4420.9
  1110 455.670  -0.003 455.668  1542740.4 407746.1 130185.0 41208.0  11390.1  2733.7  4330.8
  1111 191.025  -0.002 191.023  1626712.5 541074.5 194306.2 34802.9  12555.2  4641.2  4489.5
  1112 167.229  -0.001 167.227  1736413.7 536259.5 201137.0 36040.2  13710.2  6465.3  4762.2
  1113  33.062  -0.000  33.062  1825060.6 348514.6 124965.3 32657.7  14999.2  2777.7  4734.1
  1114 -1008.234   0.034 -1008.200  1407250.1 324082.0 98447.9 25026.4   9696.7  2615.4  3200.5
  1115 -538.333  -0.010 -538.343  1138264.6 355579.5 75983.0 26849.9   9403.0  3473.5  3375.6
  1116 -166.778   0.002 -166.776  1090274.0 396684.3 78351.9 30968.4   9942.8  4298.2  3864.8
  1117  85.651  -0.003  85.647  1288869.1 375793.5 71037.6 35851.6  12439.4  2859.9  4806.3
  1118 503.285  -0.003 503.282  1421060.6 337822.8 93558.2 35546.8  12134.1  5567.1  4747.3
  1119 559.217  -0.004 559.213  1560697.6 495049.8 161932.5 38139.6  11931.0  5807.1  5087.5
  1120 -456.328   0.001 -456.327  1353891.1 341856.2 73795.8 25882.0  11110.8  2766.8  3857.2
  1121 -249.658  -0.001 -249.658  1389935.9 365569.4 71072.2 33007.9  11676.3  5328.9  4140.2
  1122 -247.436   0.001 -247.436  1377864.6 396609.7 88850.0 34729.3  10953.9  6009.8  4038.2
  1123 -442.555   0.002 -442.553  1304437.0 481637.9 99348.7 29121.2  12039.5  2784.1  4000.3
  1124 490.561  -0.003 490.558  1558015.6 572196.1 176084.9 42785.6  15127.7  5758.1  5870.5
  1125 -151.922   0.010 -151.912  1485494.4 349436.6 106703.6 26010.5  11699.7  3976.8  4045.4

         Carbon flux (ktC/yr)        Water (dam3/yr)                Nitrogen (MgN/yr)
       ----------------------- -------------------------- --------------------------------
Spinup NEP     estab   NBP     transp     evap    interc  nuptake ndemand  nlosses ninflux
------ ------- ------- ------- ---------- ------- ------- ------- -------- ------- -------
  1126 354.686  -0.006 354.680  1509320.0 556615.1 157208.3 37606.5  12328.6  3878.9  4614.7
  1127  94.868   0.000  94.868  1540923.1 384899.1 145079.5 31737.1  11830.5  3189.2  4262.1
  1128 -306.667   0.002 -306.666  1465338.9 337851.5 102152.7 31056.6  11899.2  2626.3  4025.0
  1129 172.180  -0.002 172.178  1507173.0 450348.4 148745.8 36981.0  13425.4  6367.6  4685.4
  1130 382.935  -0.002 382.933  1664024.7 303827.4 128318.0 36076.2  13082.3  5191.7  4557.8
  1131 -236.166   0.010 -236.156  1586693.5 348998.2 122103.0 29207.6  11178.2  4192.1  3818.0
  1132 -556.433  -0.000 -556.433  1364190.7 311230.0 93333.7 29992.8  11245.3  2799.9  3653.2
  1133 -199.556   0.001 -199.555  1377894.8 351442.3 96935.9 32814.8  12365.7  2907.2  4128.8
  1134 632.944  -0.003 632.941  1581352.4 461603.9 217583.4 44037.4  14481.8  5118.9  5324.1
  1135   5.138  -0.001   5.138  1504694.7 364135.0 115256.7 31626.0  13726.5  3140.5  4531.9
  1136 173.985  -0.001 173.984  1621881.4 309627.9 132305.2 36168.8  12980.5  5382.5  4376.0
  1137 -605.358   0.003 -605.355  1458568.1 472888.1 130359.9 28975.0  11108.0  3165.1  3587.8
  1138 191.332  -0.001 191.331  1476221.1 556378.4 175747.1 35270.6  12899.5  3942.3  4626.5
  1139  39.324   0.000  39.324  1555818.9 389765.7 176744.6 32808.3  13638.7  2708.3  4616.6
  1140 -464.147   0.014 -464.133  1266991.9 387151.3 105572.8 27328.4   9842.6  3990.3  3643.4
  1141 -500.810  -0.002 -500.812  1184042.2 507150.3 114413.5 25985.9  11410.8  2357.1  4081.5
  1142  29.010  -0.002  29.008  1298862.2 369308.5 89141.0 34282.0  12808.1  3005.0  4751.8
  1143 161.854  -0.002 161.851  1303696.5 391662.5 99098.8 35228.6  13386.0  2923.1  4865.5
  1144 255.665  -0.002 255.663  1503342.1 422367.0 158913.7 36978.1  13403.6  4287.5  4994.1
  1145  21.754   0.000  21.755  1475102.2 405217.4 126618.4 32179.5  13107.6  4479.2  4783.5
  1146 162.834  -0.001 162.833  1541719.7 445641.3 187360.1 32972.7  14500.2  4633.3  5300.0
  1147 492.545  -0.002 492.543  1775615.3 469354.5 231475.0 34523.8  13719.7  7057.3  5141.6
  1148 180.583  -0.001 180.582  1746451.1 544246.2 232711.4 35402.9  13369.6 13761.6  4962.5
  1149 -320.241   0.002 -320.239  1531505.2 359947.4 119871.5 27629.9  11629.0  8318.1  3945.5
  1150  80.821  -0.000  80.820  1599915.2 302108.9 132406.5 32495.9  14617.1  6682.8  4784.7

         Carbon flux (ktC/yr)        Water (dam3/yr)                Nitrogen (MgN/yr)
       ----------------------- -------------------------- --------------------------------
Spinup NEP     estab   NBP     transp     evap    interc  nuptake ndemand  nlosses ninflux
------ ------- ------- ------- ---------- ------- ------- ------- -------- ------- -------
  1151 -50.637   0.000 -50.636  1600902.5 406726.9 151852.7 29432.6  14761.5  7651.8  5010.8
  1152 142.352  -0.001 142.352  1715604.7 539240.3 225023.4 38481.2  12799.2  8271.0  4815.4
  1153   8.400   0.001   8.401  1728549.5 390655.6 140123.0 32033.7  14414.6  4547.9  4813.8
  1154 -701.216   0.021 -701.195  1477177.4 336485.9 109601.8 23961.7  12169.9  2547.4  3987.5
  1155 444.677  -0.011 444.666  1628399.4 421383.1 196282.1 42823.1  13593.6  5778.7  5151.2
  1156 461.440  -0.002 461.437  1842266.9 523667.2 232224.5 34746.7  15287.3  5508.0  6016.9
  1157 -66.201   0.001 -66.200  1771031.0 542675.2 206618.1 29368.2  12145.3  2654.7  4459.7
  1158  61.465  -0.000  61.465  1726558.5 540033.3 244997.0 34254.7  13596.9  4595.9  4928.8
  1159 -190.753   0.002 -190.752  1684301.5 454013.4 137856.0 31808.6  13269.0  3455.8  4375.9
  1160 -258.478   0.001 -258.476  1666513.4 344649.2 139692.0 30703.0  14866.3  1584.5  4771.5
  1161 -1197.615   0.080 -1197.534  1075791.7 354529.1 90390.0 13240.2   8277.3  3600.6  3091.9
  1162 -337.208  -0.021 -337.230   955970.9 547117.0 109703.5 32354.9   8038.8  4364.3  3480.6
  1163 198.224  -0.010 198.214  1177530.3 355594.2 100424.0 31377.9  11211.7  4875.7  4617.1
  1164 825.094  -0.005 825.089  1432111.5 503590.2 191526.8 41004.4  11974.8  5970.8  5545.7
  1165 -199.947  -0.001 -199.948  1345242.7 315999.3 89573.5 28770.0  12053.1  3233.4  4512.7
  1166 393.044  -0.003 393.041  1576575.5 538611.0 207193.9 37309.1  13835.8 13953.7  5562.5
  1167 122.119  -0.001 122.117  1525324.1 397743.6 147493.3 28464.8  13643.7  3572.8  5047.3
  1168 641.249  -0.002 641.247  1906546.6 469433.2 233593.4 41726.6  12981.4  5584.8  5307.1
  1169 -330.038   0.013 -330.025  1665002.1 337695.2 130418.0 24440.9  11311.3  3233.9  3971.7
  1170 380.668  -0.007 380.660  1766769.0 520991.7 231794.0 36727.1  14684.4  7963.0  5390.5
  1171 100.715  -0.000 100.715  1757435.7 409382.1 208740.5 31540.4  13748.9  2653.0  5069.7
  1172 -1106.843   0.041 -1106.802  1396764.3 431837.3 146348.1 17606.2  11096.5  2106.5  3758.2
  1173 126.359  -0.019 126.341  1278534.4 354089.6 117590.0 32884.3   9560.4  3916.9  3946.5
  1174 379.863  -0.004 379.859  1547655.1 455045.3 153452.2 38025.1  13226.2  5916.4  5185.5
  1175 -51.771   0.001 -51.770  1568083.0 346060.6 121676.6 28521.2  11063.2  3130.5  4212.5

         Carbon flux (ktC/yr)        Water (dam3/yr)                Nitrogen (MgN/yr)
       ----------------------- -------------------------- --------------------------------
Spinup NEP     estab   NBP     transp     evap    interc  nuptake ndemand  nlosses ninflux
------ ------- ------- ------- ---------- ------- ------- ------- -------- ------- -------
  1176 316.198  -0.001 316.196  1638101.2 396521.4 157248.4 37223.4  12570.9  3062.9  4853.9
  1177 357.399  -0.002 357.397  1807926.2 520881.1 236813.4 37036.1  15384.1  3583.8  6078.8
  1178 -1100.214   0.029 -1100.185  1485384.8 436826.7 147572.3 17217.7  12329.9  2284.6  4121.5
  1179 -89.144  -0.011 -89.154  1295736.8 406770.1 126730.9 29547.1  10578.9  2238.0  4233.8
  1180 456.372  -0.002 456.370  1372878.7 450190.5 209669.8 35702.5  11696.6  3582.0  4929.4
  1181 299.085  -0.003 299.082  1502401.8 573283.8 216830.0 36395.2  13000.8  6082.3  5303.7
  1182  18.951  -0.000  18.950  1571769.1 481209.8 124641.1 31625.4  11921.6  6075.7  4421.1
  1183 176.446  -0.002 176.444  1692942.6 390350.1 175840.7 36062.1  13856.3  3023.1  4983.1
  1184   9.830   0.002   9.832  1594888.7 517286.8 189444.3 30620.9  12755.0  3870.3  4638.3
  1185 221.384   0.001 221.385  1704794.7 396882.9 249164.2 35033.9  13598.8  3868.1  5120.2
  1186 255.546  -0.001 255.545  1860475.2 365365.5 221886.1 40283.7  15402.9  5445.0  5460.5
  1187 -928.348   0.048 -928.300  1392402.1 366149.9 103447.2 14525.3   9390.6  3169.8  3258.6
  1188 319.830  -0.025 319.805  1344719.4 638239.7 205386.9 34981.2   8763.5  7193.6  3901.9
  1189 619.801  -0.005 619.796  1705122.8 575863.8 219525.8 38905.0  12687.9  9457.6  5293.4
  1190  72.479  -0.001  72.478  1761457.2 422034.4 171597.6 28882.2  13414.7  5311.0  4896.6
  1191 -354.139   0.006 -354.134  1513116.4 353190.8 116858.7 28964.2   9849.3  3392.8  3705.6
  1192 -333.025   0.001 -333.024  1458814.0 478656.2 155868.8 27971.3  12511.5  3289.3  4459.6
  1193 524.397  -0.003 524.393  1692243.8 457401.1 231132.1 41249.7  14952.0  5867.6  5861.3
  1194  28.215  -0.001  28.214  1684192.9 422349.3 169503.3 28840.8  14048.6  4715.4  4975.2
  1195 162.289  -0.001 162.288  1782807.8 547647.0 199201.1 35295.9  12297.1  2967.1  4628.9
  1196  16.053   0.001  16.053  1691062.0 388279.0 145391.6 34090.5  13293.5  3070.3  4679.6
  1197 -1060.821   0.026 -1060.794  1263101.6 326567.0 93616.8 18140.8   8991.0  2189.1  3058.7
  1198 499.334  -0.014 499.319  1419127.9 534171.2 125570.5 39620.8  13385.9  5363.5  5047.5
  1199 159.884  -0.001 159.882  1507011.8 404535.7 141541.7 27942.4  13403.5  3866.2  4993.7
  1200 434.995  -0.002 434.993  1665121.3 399075.5 153295.6 38812.7  11390.0  3572.8  4477.5

         Carbon flux (ktC/yr)        Water (dam3/yr)                Nitrogen (MgN/yr)
       ----------------------- -------------------------- --------------------------------
Spinup NEP     estab   NBP     transp     evap    interc  nuptake ndemand  nlosses ninflux
------ ------- ------- ------- ---------- ------- ------- ------- -------- ------- -------
  1201   2.607  -0.000   2.607  1618905.0 393782.1 156931.2 27388.4  13827.9  3755.4  4801.0
  1202 566.610  -0.001 566.609  1725891.8 424118.0 230543.4 39247.5  12428.9  3455.7  4965.4
  1203 161.492   0.001 161.492  1674569.5 405677.7 237941.4 28133.2  13773.3  2984.9  5105.1
  1204 -187.267   0.002 -187.265  1618561.0 375112.1 145206.3 33282.4  13464.5  2112.8  4434.4
  1205 -447.391   0.002 -447.390  1482447.2 388749.2 150571.6 24891.9  15453.3  2991.8  4925.9
  1206 -388.028   0.008 -388.021  1417562.4 352539.3 115572.3 28191.4  11009.1  3460.0  4051.2
  1207 -501.182  -0.000 -501.182  1278520.2 318944.0 89132.6 28964.9  11792.7  2613.3  4123.0
  1208 -423.509   0.002 -423.507  1130665.7 367942.1 77702.7 27772.4  10285.2  2371.2  3832.4
  1209 149.454  -0.004 149.450  1308450.9 551376.7 98149.8 39011.0  11917.9  6359.9  4691.6
  1210 446.070  -0.003 446.067  1520963.1 540897.4 190185.8 33153.1  13877.6 17142.9  5596.0
  1211 -399.232   0.013 -399.219  1383540.3 458752.2 122132.7 27229.9  11356.7  3268.1  4145.4
  1212 -234.733  -0.004 -234.736  1274664.9 486979.2 143519.2 30702.3  10815.9  4382.1  4139.7
  1213 -57.789  -0.001 -57.790  1297427.7 346714.5 88439.4 33751.3  11765.5  5250.1  4370.0
  1214 470.403  -0.003 470.400  1414251.2 565496.5 173807.3 39430.6  12321.6  4518.1  4880.1
  1215 379.579  -0.002 379.577  1584723.8 433375.7 199574.7 33320.9  13556.3  4298.6  5276.4
  1216 -179.043   0.000 -179.043  1416675.2 354957.6 122635.7 31597.1  12316.7  2808.3  4167.7
  1217 -757.287   0.005 -757.282  1288960.5 311885.7 97359.7 28020.1  10810.5  3501.6  3767.6
  1218 660.878  -0.004 660.873  1567134.3 409363.1 187860.2 44408.9  14611.7  8893.3  5377.7
  1219 -47.280   0.001 -47.278  1430170.2 369877.9 112245.9 29433.6   9812.7  4602.1  3876.7
  1220 182.182   0.000 182.182  1527461.9 404202.7 131848.7 38156.3  13341.0  4436.7  4843.8
  1221 -30.098   0.000 -30.098  1569609.3 363854.1 135392.3 31734.1  13737.2  3065.7  4720.0
  1222 -624.069   0.021 -624.048  1323939.3 336347.4 122161.3 24438.3  10072.9  4841.5  3602.3
  1223 -16.344  -0.011 -16.355  1319913.4 381296.9 98512.6 34824.7  11823.5  3649.8  4271.5
  1224 370.859  -0.004 370.855  1440817.7 334667.2 122982.6 35607.3  12605.1  6119.2  4697.7
  1225  78.880  -0.002  78.878  1522853.1 494946.5 154419.4 34056.7  12149.8  5032.3  4558.2

         Carbon flux (ktC/yr)        Water (dam3/yr)                Nitrogen (MgN/yr)
       ----------------------- -------------------------- --------------------------------
Spinup NEP     estab   NBP     transp     evap    interc  nuptake ndemand  nlosses ninflux
------ ------- ------- ------- ---------- ------- ------- ------- -------- ------- -------
  1226 568.370  -0.002 568.368  1699005.4 468728.8 226407.9 38272.0  13392.9  5880.1  5196.1
  1227 190.203  -0.001 190.202  1823462.8 365858.1 225131.7 37066.5  14923.3  7228.4  5333.2
  1228 146.192  -0.000 146.192  1833854.7 525151.3 248728.2 34027.6  13996.7  8803.3  4960.9
  1229 -197.676   0.004 -197.672  1741113.0 440956.3 143591.3 30514.3  13121.0  5875.9  4157.0
  1230 -289.867   0.009 -289.858  1654467.7 421112.6 135692.0 29945.7  12955.0  2350.1  3980.0
  1231 219.315  -0.004 219.312  1810196.9 508753.4 217164.9 38677.5  16584.8  3671.3  5556.0
  1232 -163.367   0.006 -163.361  1607595.2 505265.6 182993.8 25736.7  13431.6  3385.7  4381.9
  1233 -646.766   0.008 -646.758  1213622.6 339660.3 108910.6 20614.2   7604.7  3890.4  3297.0
  1234 -17.942  -0.005 -17.946  1287540.6 574008.6 165998.4 33430.6  12852.7  3857.2  4917.4
  1235 -578.596   0.004 -578.591  1191153.4 315673.1 87064.4 23607.8  12322.0  2528.7  3982.6
  1236 218.441  -0.004 218.437  1246023.7 525979.3 99976.0 34610.7  12326.5  3302.6  4542.9
  1237 -188.199   0.001 -188.197  1166309.3 384673.2 91827.0 29174.6  10077.6  3469.6  4082.3
  1238 219.470  -0.004 219.466  1375055.3 463126.2 132393.6 32987.3  14258.9  7500.6  5402.8
  1239 495.850  -0.003 495.847  1537837.6 461996.6 127638.7 35575.8  12935.8  3917.6  5144.9
  1240 137.316  -0.001 137.315  1594023.8 359559.6 126360.0 32750.4  13196.5  3089.6  4859.3
  1241 217.493  -0.000 217.492  1715077.6 363873.5 204452.5 39638.0  13396.8  8661.9  4939.5
  1242 459.005  -0.001 459.003  1926526.6 364516.8 216945.7 39929.8  14706.5  9497.8  5391.9
  1243 -589.484   0.005 -589.479  1582569.4 284864.9 108399.0 24334.1  11058.3  2905.4  3572.9
  1244 351.424  -0.002 351.422  1615702.6 444681.7 149916.4 33887.8  13317.2  3002.6  4543.2
  1245 251.299  -0.003 251.295  1764391.5 508165.1 239173.8 36482.2  15049.1  3967.2  5867.9
  1246 174.907  -0.001 174.907  1845032.2 502780.3 248337.9 34567.5  16077.4  3642.9  5944.8
  1247  43.055   0.000  43.055  1794758.7 410819.4 218852.3 30413.9  14984.3  3047.4  5099.7
  1248 -678.443   0.024 -678.419  1457504.0 324118.9 135067.2 21155.5  11059.7  3030.3  3683.5
  1249 -620.827  -0.004 -620.832  1244292.8 330232.1 95368.2 27573.0  10980.4  2673.3  3857.7
  1250 -422.287   0.002 -422.285  1117473.2 372911.6 80078.9 26622.6  10708.9  2287.8  3891.9

         Carbon flux (ktC/yr)        Water (dam3/yr)                Nitrogen (MgN/yr)
       ----------------------- -------------------------- --------------------------------
Spinup NEP     estab   NBP     transp     evap    interc  nuptake ndemand  nlosses ninflux
------ ------- ------- ------- ---------- ------- ------- ------- -------- ------- -------
  1251 305.599  -0.004 305.595  1360248.4 495759.4 137141.1 36798.5  13916.1  8010.2  5519.6
  1252 244.553  -0.002 244.551  1425964.3 374401.0 103618.6 34323.3  13396.3  3755.3  5061.1
  1253  30.633  -0.000  30.633  1433521.3 370263.5 107861.7 33870.5  13352.2  3455.6  4754.8
  1254 -247.514   0.004 -247.510  1444469.5 347252.6 100706.6 31598.1  11640.0  3332.8  4168.5
  1255 673.647  -0.004 673.643  1606981.8 455355.6 224345.3 42503.3  14131.0  6346.3  5430.3
  1256 387.375  -0.003 387.372  1806259.0 374622.7 211384.6 37382.3  14615.0  9033.1  5399.6
  1257 -16.354  -0.000 -16.354  1682164.7 387731.3 164310.4 26064.9  14065.1  4513.9  4746.7
  1258 548.404  -0.001 548.403  1882287.9 403704.0 254173.2 44952.2  14072.0  3866.2  5298.3
  1259 329.093  -0.001 329.093  2056464.7 434547.6 265633.2 31446.2  15477.4  4463.5  5272.2
  1260 -905.115   0.026 -905.089  1637215.4 435530.3 152486.2 20640.9  12281.6  2774.2  3896.1
  1261 698.612  -0.010 698.603  1672773.4 568766.9 227169.5 41588.1  13301.7  3533.3  5252.0
  1262 -1001.815   0.024 -1001.792  1333030.1 323920.8 96884.3 16438.2   9004.7  2082.7  3185.5
  1263 432.130  -0.013 432.118  1478284.5 367164.7 110994.4 35211.5  12413.6  6618.9  4796.7
  1264 393.106  -0.003 393.103  1641840.9 313834.9 121250.3 32861.1  12815.5  5861.6  4776.9
  1265 -562.857   0.003 -562.854  1458123.5 474309.9 127103.9 27848.0  10894.0  2746.0  3759.5
  1266 345.613  -0.002 345.610  1546411.3 461153.0 136076.4 34046.4  13280.0  2593.7  4830.6
  1267 -113.432   0.007 -113.425  1545570.1 450171.1 118846.0 30313.2  11686.2  2471.6  4198.1
  1268 110.612  -0.002 110.610  1565673.3 393234.2 141291.2 34041.3  12513.9  3545.5  4477.5
  1269  57.495   0.002  57.497  1534061.5 531762.7 170488.0 30939.7  13006.4  4221.2  4579.7
  1270 -734.959   0.019 -734.941  1349283.5 326501.7 101001.9 22658.5  11553.4  2312.0  3912.3
  1271 580.742  -0.011 580.731  1472097.8 602658.2 193240.1 40736.4  14121.0  5144.7  5890.5
  1272 558.833  -0.006 558.827  1684718.2 433201.7 223236.5 36560.5  14437.5  4422.0  5573.6
  1273 -228.845   0.000 -228.845  1587031.4 329921.1 107577.8 28170.5  12452.0  2084.6  4296.1
  1274 545.237  -0.003 545.234  1745254.6 540838.9 221356.6 42176.8  14865.6  4295.2  5914.2
  1275  44.804   0.001  44.805  1721703.0 531214.7 236876.1 31265.7  12875.5  4882.6  4720.5

         Carbon flux (ktC/yr)        Water (dam3/yr)                Nitrogen (MgN/yr)
       ----------------------- -------------------------- --------------------------------
Spinup NEP     estab   NBP     transp     evap    interc  nuptake ndemand  nlosses ninflux
------ ------- ------- ------- ---------- ------- ------- ------- -------- ------- -------
  1276 297.887  -0.002 297.886  1946877.9 370076.1 221126.7 41317.7  16231.6  6100.4  5614.1
  1277 -450.129   0.017 -450.113  1702827.4 327570.6 135087.3 22246.4  12216.0  3135.0  3978.8
  1278 -384.578  -0.004 -384.583  1517072.6 474560.7 162680.6 31434.8  12000.6  3109.0  4217.7
  1279 -111.163  -0.000 -111.163  1522483.3 492227.6 159949.6 32056.0  13070.4  3890.9  4660.4
  1280 606.051  -0.003 606.047  1824009.7 492261.6 236528.4 39502.1  14644.8  7500.4  5588.4
  1281 -384.187   0.002 -384.186  1541977.4 298583.1 105459.8 27006.1  11296.2  2922.2  3808.5
  1282  32.358   0.001  32.359  1561504.8 459337.9 124878.9 34824.2  11543.5  3247.3  3999.8
  1283 -1060.025   0.015 -1060.010  1276877.9 490649.0 124444.2 21101.9   9221.2  3060.1  3262.9
  1284 522.514  -0.008 522.506  1405204.7 341666.3 103170.5 35545.5  11691.9  5846.4  4764.0
  1285 564.524  -0.004 564.520  1557590.0 570217.1 160955.7 36506.2  11724.1  4831.9  4884.1
  1286 -49.302   0.000 -49.302  1571955.8 447687.4 118943.5 30804.7  11604.0  2487.5  4275.9
  1287 -632.884   0.004 -632.881  1323447.3 328179.0 84170.2 26190.8  10266.2  2532.6  3358.3
  1288 357.909  -0.003 357.906  1580846.9 336949.3 110918.3 37720.5  13846.2  9137.4  5018.9
  1289 159.465  -0.001 159.464  1570142.3 357284.6 106076.2 33861.6  13180.1  3898.1  4658.3
  1290 -419.446   0.015 -419.430  1359109.8 360961.4 104334.1 26215.2   8710.3  5803.6  3520.7
  1291 344.037  -0.008 344.029  1521757.2 425377.8 156316.4 37618.4  12970.1  3751.1  4919.1
  1292 495.322  -0.002 495.320  1718931.3 418416.4 225645.9 37535.5  14354.4  6197.8  5553.0
  1293 -377.987   0.006 -377.981  1428252.5 362109.8 111197.9 25670.2   9971.1  4087.9  3751.2
  1294  49.169   0.001  49.170  1482273.3 478411.9 113273.1 31647.6  12094.7  2968.9  4368.9
  1295   9.420  -0.002   9.417  1576087.5 363528.0 120935.6 32629.1  13612.8  2928.4  4893.4
  1296 -28.801   0.000 -28.801  1536021.2 537965.3 205062.4 33376.3  11240.7  7265.2  4332.7
  1297 307.428  -0.002 307.426  1669695.3 559966.7 210719.9 37469.6  13993.3 11058.2  5328.4
  1298 -407.501   0.008 -407.492  1581816.5 453115.0 135314.8 25425.9  13229.2  4133.8  4525.9
  1299  69.481  -0.003  69.479  1453465.7 521136.0 183498.8 32693.3  11427.2  2977.6  4515.8
  1300 361.251  -0.001 361.250  1643227.5 411210.1 239601.8 38590.3  13804.2  3875.7  5335.9

         Carbon flux (ktC/yr)        Water (dam3/yr)                Nitrogen (MgN/yr)
       ----------------------- -------------------------- --------------------------------
Spinup NEP     estab   NBP     transp     evap    interc  nuptake ndemand  nlosses ninflux
------ ------- ------- ------- ---------- ------- ------- ------- -------- ------- -------
  1301 480.523  -0.001 480.523  1694158.0 425703.7 232097.2 33203.1  13756.6  3269.9  5412.7
  1302 -83.750   0.001 -83.749  1636001.1 380167.0 168948.5 30214.3  12955.1  2653.3  4873.1
  1303 112.148  -0.000 112.148  1651173.0 296127.3 140475.0 32631.9  13412.8  3543.2  4706.2
  1304 -819.359   0.008 -819.351  1423078.1 483058.3 136692.5 25650.3  10711.7  2474.0  3755.0
  1305 -623.016   0.003 -623.013  1240499.3 498826.9 124728.2 26560.1  10483.8  2538.1  3961.3
  1306 853.825  -0.006 853.819  1592070.2 527592.7 200498.5 41931.8  13956.1  8462.2  5677.5
  1307 521.921  -0.003 521.918  1709482.9 564043.0 220654.3 35115.4  12334.0 10899.6  5163.2
  1308 335.327  -0.002 335.325  1788827.0 302224.7 138613.1 31691.8  13373.9  6176.8  4880.7
  1309 454.775  -0.002 454.773  1942576.2 405673.5 256197.1 40106.3  14671.7  3949.8  5602.8
  1310 -300.543   0.005 -300.538  1731320.7 369529.4 152038.6 29128.7  13017.9  2678.5  4472.5
  1311 127.021  -0.001 127.020  1755465.1 409859.3 254775.4 36381.9  14670.6  3245.6  5307.5
  1312  -2.279   0.000  -2.279  1737259.5 382826.6 197152.7 33334.0  14814.1  2092.2  4995.4
  1313 -263.421   0.002 -263.420  1612085.1 383526.4 168558.0 26412.9  15166.6  3072.7  4936.5
  1314 -966.668   0.056 -966.612  1243555.7 371027.1 98516.6 17981.6   8555.3  3162.1  3249.9
  1315 -531.375  -0.354 -531.729   967609.0 408581.0 92195.1 25664.5   5336.9  8313.6  2930.1
  1316 205.774  -0.005 205.770  1266189.8 541906.4 96235.4 38772.3  11289.8  2387.3  4561.9
  1317 472.885  -0.003 472.882  1424490.2 569248.7 152663.7 33977.3  13074.4  3398.3  5283.9
  1318 -70.631   0.001 -70.629  1418344.2 395527.4 121466.9 29582.5  12104.6  3716.6  4772.1
  1319 -441.670   0.006 -441.664  1186282.0 377375.4 96908.4 26032.1   9109.5  4348.0  3767.1
  1320 141.521  -0.002 141.519  1330186.1 511771.4 100033.8 34111.5  12049.7  2558.0  4700.8
  1321 217.152  -0.003 217.149  1515965.7 385490.1 112787.2 33386.4  13684.6  2565.5  5387.9
  1322 -835.942   0.005 -835.937  1173064.8 335728.0 80855.2 21263.6   8100.5  2867.2  3059.4
  1323   5.109  -0.004   5.105  1291618.2 534385.4 99837.5 35847.1  11878.1  6522.0  4753.2
  1324 558.454  -0.004 558.450  1474901.7 591220.7 182879.1 38437.7  11856.3  8979.8  5283.9
  1325 -371.535   0.011 -371.523  1250037.2 382550.0 84348.2 22680.9   9058.0  7370.5  3596.9

         Carbon flux (ktC/yr)        Water (dam3/yr)                Nitrogen (MgN/yr)
       ----------------------- -------------------------- --------------------------------
Spinup NEP     estab   NBP     transp     evap    interc  nuptake ndemand  nlosses ninflux
------ ------- ------- ------- ---------- ------- ------- ------- -------- ------- -------
  1326 367.121  -0.006 367.115  1417424.9 596114.8 161552.3 38968.6  10849.9  4792.7  4591.0
  1327 -165.140   0.000 -165.140  1371072.7 317295.2 91029.3 31019.5  11173.1  3958.5  4219.1
  1328 568.703  -0.003 568.700  1640347.5 529488.6 210071.0 39514.7  13760.2 16246.5  5470.7
  1329 -17.215   0.001 -17.214  1544422.4 383491.1 134413.9 30970.4  11908.2  4156.3  4569.9
  1330 371.748  -0.001 371.746  1698239.9 421179.1 237646.4 37990.6  14476.8  5173.5  5441.8
  1331 -535.665   0.002 -535.662  1417675.8 329428.1 94784.1 25481.7  10882.0  2820.2  3729.9
  1332 380.666  -0.002 380.664  1692423.5 455297.2 190672.4 36558.4  15446.0  7348.8  5878.6
  1333  38.750   0.001  38.751  1576887.9 516259.6 192633.6 28574.2  12013.5  2972.2  4738.6
  1334 -133.588   0.001 -133.588  1588507.4 409223.7 169960.6 29562.1  13727.9  4325.0  4933.0
  1335 -555.975   0.003 -555.972  1423650.1 292218.5 101101.4 28820.6  11833.0  2766.0  4067.3
  1336 484.309  -0.001 484.308  1506978.0 453358.3 216426.4 36303.6  13298.1  3994.6  5280.4
  1337  54.042   0.000  54.042  1548876.1 397907.1 137143.1 33250.2  12868.3  2685.5  4693.0
  1338 -85.531   0.000 -85.531  1551083.0 396267.1 173229.6 31546.7  14222.1  2709.2  5062.4
  1339 201.093  -0.001 201.092  1679237.2 516322.2 224520.9 33018.8  15236.0  8587.8  5742.4
  1340  71.207  -0.000  71.207  1628948.7 533423.5 227625.8 33251.0  13009.9  5647.1  4937.7
  1341 278.250  -0.002 278.248  1873093.5 375838.8 217545.8 39410.5  16199.1  7115.8  5896.7
  1342 -589.554   0.004 -589.550  1560820.6 287380.5 108375.8 23570.5  12042.7  2457.8  3952.5
  1343  57.849   0.001  57.850  1600543.1 567892.3 191981.9 32611.3  11986.3  3474.5  4698.9
  1344 -423.018   0.003 -423.015  1335995.8 342931.2 93859.4 25911.3  10686.8  2286.3  3756.1
  1345 270.088  -0.002 270.086  1568538.8 334099.1 125299.9 37125.4  14207.4  6766.5  5328.4
  1346 -217.064   0.001 -217.063  1416690.3 345438.7 90763.0 27921.6  10948.3  2784.8  3891.1
  1347 423.504  -0.003 423.501  1794980.9 500444.5 226337.5 39922.5  15254.9  9149.3  5924.8
  1348 299.156  -0.001 299.156  1749042.7 391241.9 164666.9 32911.9  12272.5  2757.9  4740.1
  1349 123.871  -0.000 123.871  1730327.6 431132.5 162319.7 30598.6  13104.4  1753.1  4742.6
  1350 -1396.404   0.041 -1396.363  1257760.4 490486.5 141478.3 16511.9   7582.6  3036.0  3045.6

         Carbon flux (ktC/yr)        Water (dam3/yr)                Nitrogen (MgN/yr)
       ----------------------- -------------------------- --------------------------------
Spinup NEP     estab   NBP     transp     evap    interc  nuptake ndemand  nlosses ninflux
------ ------- ------- ------- ---------- ------- ------- ------- -------- ------- -------
  1351 784.226  -0.021 784.205  1475983.9 460980.4 174292.2 45753.4  12151.3  7597.6  5501.8
  1352 828.973  -0.004 828.968  1842361.1 429092.4 233392.4 36602.5  14258.6  5870.6  6097.2
  1353 -115.260   0.002 -115.259  1673703.8 393036.9 165138.9 23452.2  13480.8  4082.9  5177.7
  1354 158.325   0.000 158.325  1777489.7 419737.6 173689.8 39418.2  12072.3  5040.5  4848.8
  1355 208.489  -0.000 208.489  1843754.7 378813.6 148889.9 36999.2  11456.4  2761.5  4265.7
  1356 -381.761   0.003 -381.758  1624235.2 434513.7 134019.2 27597.6  11689.2  1906.4  3962.4
  1357 -210.032   0.003 -210.029  1563389.8 378156.6 153557.2 30007.2  11952.0  2968.3  4439.1
  1358  32.744   0.001  32.745  1584861.9 296516.1 126782.6 30905.5  12687.2  4516.1  4635.8
  1359 329.889  -0.003 329.887  1828913.2 379694.4 203419.6 42016.5  14937.8  6209.2  5626.7
  1360 -863.115   0.039 -863.076  1375259.9 366954.4 97807.4 14380.6   9076.0  3282.7  3326.3
  1361 247.161  -0.018 247.143  1365841.1 622821.9 201930.6 35113.6   8967.7  6940.1  4132.1
  1362 -37.197  -0.001 -37.198  1418589.2 378720.4 104549.4 32287.9  10297.9  4800.6  4297.0
  1363 -240.780   0.001 -240.779  1341856.9 367951.2 103456.0 29981.1  10423.1  3424.0  4092.9
  1364 314.869  -0.003 314.866  1581798.4 415106.4 163496.7 39814.6  14649.0  3173.2  5529.4
  1365 -888.564   0.035 -888.529  1213860.5 371010.4 90165.0 14987.2   9217.6  3834.2  3471.4
  1366 -666.220  -0.004 -666.224  1020918.9 345221.5 81212.6 26189.5   8069.7  3950.3  3447.8
  1367 567.880  -0.003 567.877  1339542.1 634545.0 148000.7 36141.9  12016.2  4611.9  5333.5
  1368 820.705  -0.004 820.701  1466906.9 492900.9 197807.5 36975.0  11262.7  4389.1  5642.2
  1369 -352.981   0.002 -352.979  1418183.0 474255.8 129743.2 29069.2  11577.3  3077.5  4819.6
  1370 -73.194  -0.001 -73.194  1405037.2 372954.6 126812.8 31150.0  12066.0  2622.5  4756.5
  1371 -482.749   0.004 -482.745  1240415.8 335623.9 100874.3 28937.4  10582.3  2754.9  4073.7
  1372 561.770  -0.004 561.766  1451684.5 474673.3 180992.1 37245.0  13834.3  5281.1  5708.3
  1373 431.742  -0.002 431.740  1570839.2 579330.5 187868.9 34042.6  10882.0  2882.3  4769.9
  1374 -790.113   0.024 -790.089  1219734.5 376117.2 98832.5 19246.5   8827.7  4005.2  3440.8
  1375 364.471  -0.011 364.460  1235733.7 593488.7 167941.1 35577.8  10307.9  4658.2  4473.7

         Carbon flux (ktC/yr)        Water (dam3/yr)                Nitrogen (MgN/yr)
       ----------------------- -------------------------- --------------------------------
Spinup NEP     estab   NBP     transp     evap    interc  nuptake ndemand  nlosses ninflux
------ ------- ------- ------- ---------- ------- ------- ------- -------- ------- -------
  1376 -889.904   0.009 -889.895  1090101.4 498128.1 123320.2 22325.9   9238.5  2757.7  3678.4
  1377 -22.952  -0.003 -22.955  1149564.5 517304.8 117194.9 33511.5  12481.4  3911.1  5330.3
  1378 -393.892   0.002 -393.890  1013955.2 366248.6 75845.7 25256.0   9845.9  2696.3  3895.0
  1379 637.905  -0.005 637.900  1296443.2 617345.7 150105.1 42257.4  12535.3  7457.4  5677.0
  1380 -261.301   0.001 -261.300  1193007.4 491276.2 116324.9 27514.9  10474.8  2408.2  4036.8
  1381 334.388  -0.002 334.385  1355607.1 433291.6 115335.3 37992.4  12658.1  4232.2  5302.1
  1382 -565.319   0.017 -565.303  1121729.0 378671.8 84644.8 20566.1   9128.7  3855.0  3531.3
  1383 326.081  -0.008 326.073  1234525.2 418428.9 110842.5 36866.5  11098.8  2739.3  4688.7
  1384 387.687  -0.002 387.685  1344163.6 406692.0 138106.3 36716.9  11355.9  3659.1  4584.7
  1385 417.270  -0.002 417.268  1510256.2 418058.1 127140.5 37456.5  11260.9  3703.9  4516.9
  1386 -88.116   0.000 -88.116  1507578.5 360326.0 130072.4 30308.4  13311.0  2701.1  4815.3
  1387  65.935   0.000  65.935  1474632.7 548889.7 216621.4 35088.2  11367.9  8758.8  4526.1
  1388 119.557  -0.002 119.555  1506809.8 369102.0 115761.3 34352.6  14513.6  6875.0  4990.4
  1389  -4.483   0.000  -4.483  1551579.4 401022.8 134703.3 34862.2  12822.9  5468.4  4751.6
  1390 -108.631   0.001 -108.631  1550198.1 358782.9 137111.9 30112.2  14053.5  3574.5  4764.3
  1391  39.892   0.001  39.893  1514949.0 382894.0 138938.2 36480.9  11617.7  3667.0  4184.0
  1392 -438.413   0.005 -438.408  1359231.0 355996.8 113630.1 26902.1  13165.1  3312.0  4235.7
  1393 -125.911   0.003 -125.908  1354524.4 419396.3 122196.8 32584.8  12762.5  5217.9  4746.0
  1394 -575.558   0.006 -575.552  1191496.6 322948.0 88806.5 25694.2  11116.4  3338.8  3966.1
  1395 315.684  -0.004 315.680  1358450.9 447041.8 155578.4 38201.0  13831.0  4304.1  5216.4
  1396  16.556  -0.004  16.552  1373851.7 500255.7 148424.6 30065.3  12619.3  4301.3  4869.4
  1397 281.540  -0.003 281.536  1489685.3 592471.2 212004.4 37553.5  13357.4 12591.5  5373.8
  1398  34.239  -0.001  34.238  1535547.3 492632.2 159099.7 30468.6  13472.4  8446.5  4974.9
  1399 150.046  -0.001 150.045  1597389.3 413712.7 134097.2 36037.1  13471.6  5604.4  5016.1
  1400 -907.631   0.049 -907.582  1200418.9 371036.4 92489.6 15781.0   9339.6  4489.9  3300.4

         Carbon flux (ktC/yr)        Water (dam3/yr)                Nitrogen (MgN/yr)
       ----------------------- -------------------------- --------------------------------
Spinup NEP     estab   NBP     transp     evap    interc  nuptake ndemand  nlosses ninflux
------ ------- ------- ------- ---------- ------- ------- ------- -------- ------- -------
  1401 583.171  -0.023 583.148  1204687.2 537380.6 121883.9 37540.8  10468.4  4512.8  4034.8
  1402 506.973  -0.004 506.970  1592669.2 433769.5 211406.1 38300.1  13611.4  5748.4  5526.5
  1403 -97.585  -0.000 -97.586  1509425.1 356916.7 111008.2 29933.0  13898.6  3639.1  4823.7
  1404 -772.223   0.013 -772.210  1392541.5 461170.5 127683.3 25879.5  12097.9  4053.2  4156.7
  1405 330.888  -0.004 330.884  1412327.2 456922.9 178692.3 35571.4  12919.4  4779.6  4970.9
  1406 -499.028   0.003 -499.025  1189397.1 338143.2 85079.3 24648.2   9628.1  2469.9  3373.6
  1407 404.035  -0.004 404.031  1501940.8 624492.9 159797.9 35740.8  12393.1  6960.9  4884.6
  1408 388.961  -0.002 388.959  1541500.7 554048.9 171956.0 33874.6  12328.5  3593.8  4841.8
  1409  87.706  -0.001  87.705  1576441.8 430434.6 144654.6 30469.2  13384.4  2053.2  4735.6
  1410  -8.907   0.000  -8.906  1559692.7 430772.6 145494.3 31981.6  13474.4  2067.8  4656.4
  1411  70.943  -0.001  70.943  1716420.0 364483.8 206601.0 38998.7  14868.0  6528.2  5276.5
  1412 407.035  -0.002 407.033  1940921.0 454330.2 242593.8 34183.7  15319.6 10800.1  5498.7
  1413 -363.103   0.011 -363.092  1659033.3 334678.3 131568.8 24930.6  11681.3  5452.0  3965.6
  1414 -687.609   0.001 -687.609  1381676.4 300531.0 98525.5 26925.5  11159.6  4509.1  3812.6
  1415 -516.116   0.005 -516.111  1175340.3 358118.5 82130.4 25497.2  10222.4  4033.8  3661.3
  1416 -31.315  -0.001 -31.317  1203527.3 422965.6 91511.2 35340.7  11371.1  6915.3  4440.3
  1417  19.499  -0.001  19.497  1241247.4 365804.4 76529.1 31292.4  11478.6  3369.6  4242.5
  1418 338.279  -0.002 338.277  1531238.5 617401.2 158319.1 36965.7  12572.9  8225.4  5100.6
  1419 -86.614   0.001 -86.614  1393427.8 345610.2 83908.6 27908.0  11384.8  3139.2  3979.2
  1420 228.757  -0.001 228.756  1581670.9 472203.5 131994.1 36352.7  14359.4  7957.4  5252.5
  1421 -367.616   0.010 -367.606  1483359.2 465018.8 148491.5 27372.0  11806.9  4115.3  4307.0
  1422 204.592  -0.004 204.588  1505909.4 428945.6 124920.6 37211.3  12952.6  5342.6  4929.9
  1423 453.424  -0.002 453.422  1665325.1 425722.4 229853.5 38287.3  14846.1  4456.5  5494.7
  1424 106.597  -0.000 106.597  1705008.1 554447.5 192164.0 30414.0  13021.6  3080.3  4793.8
  1425 -134.863   0.001 -134.863  1554349.3 353667.1 122250.6 31543.0  14172.8  2439.5  4630.5

         Carbon flux (ktC/yr)        Water (dam3/yr)                Nitrogen (MgN/yr)
       ----------------------- -------------------------- --------------------------------
Spinup NEP     estab   NBP     transp     evap    interc  nuptake ndemand  nlosses ninflux
------ ------- ------- ------- ---------- ------- ------- ------- -------- ------- -------
  1426 -843.774   0.018 -843.757  1293841.0 329610.0 95566.7 22507.1  10130.4  3374.1  3648.0
  1427 -316.395  -0.002 -316.398  1166662.3 336932.3 85229.1 28033.0  10780.6  3601.6  4092.4
  1428 632.345  -0.005 632.340  1490290.4 416099.3 175228.1 45192.6  13871.9  8618.6  5662.3
  1429 256.729  -0.002 256.727  1493888.7 372108.2 111347.7 32181.6  13174.1  4845.2  4997.4
  1430 300.201  -0.001 300.200  1648265.7 406728.8 132948.1 38893.1  11334.7  4223.9  4363.5
  1431 256.272  -0.001 256.271  1730242.5 407490.3 234872.0 35917.1  14230.2  5487.3  5250.3
  1432 183.865  -0.001 183.864  1849681.8 511037.3 235626.1 35482.3  16094.3  4643.4  6087.8
  1433 149.828   0.001 149.829  1873828.4 487334.3 246097.3 30653.9  15530.4  9382.9  5409.0
  1434 -774.318   0.021 -774.297  1515147.1 315755.6 115871.7 23319.0  11589.1  3362.7  3888.3
  1435 -810.248   0.007 -810.241  1159401.4 536701.8 125276.4 24020.9   8495.9  3841.4  3527.1
  1436 -85.739  -0.004 -85.743  1092441.3 408157.6 90562.5 29387.7   9624.7  5415.2  4253.3
  1437 570.622  -0.005 570.617  1376074.4 615108.6 186491.3 41539.3  13348.6 10920.2  5652.0
  1438 572.218  -0.003 572.215  1620632.6 462909.5 179746.7 32907.1  14146.0  8841.3  5966.0
  1439 192.665   0.000 192.665  1667098.6 568205.0 185908.1 30137.9  11304.9  3448.6  4651.2
  1440 266.048  -0.000 266.048  1716974.7 399626.0 136543.8 37338.8  11609.3  3831.2  4427.9
  1441 -84.707   0.000 -84.707  1692230.1 418868.3 195639.0 29728.2  13878.4  4679.1  5111.9
  1442 -117.844  -0.000 -117.844  1630967.5 544319.4 191032.1 29795.1  11735.5  2856.2  4449.6
  1443 109.067  -0.003 109.064  1644900.2 404025.1 179961.0 35827.0  13905.2  3240.6  4950.0
  1444 -115.056   0.001 -115.055  1516951.4 523695.6 192841.9 30197.3  13248.2  3509.6  4760.4
  1445 -568.811   0.004 -568.806  1450576.4 348911.6 137836.2 24709.8  12822.4  2116.0  4509.4
  1446 -644.122   0.006 -644.116  1055457.2 359929.0 100053.8 23487.4   7323.3  5125.9  3312.9
  1447 148.215  -0.003 148.212  1261303.0 444986.9 135399.2 36335.0  13125.0  3988.5  5220.3
  1448 398.354  -0.004 398.351  1417761.3 601523.9 200273.2 33578.8  14956.9  8085.5  5522.5
  1449 263.223  -0.002 263.221  1564698.4 539298.0 216488.8 30498.8  14250.7 16803.3  5706.5
  1450 -369.340   0.005 -369.335  1295279.3 356534.0 108074.1 26590.4   9586.2  4105.6  3719.8

         Carbon flux (ktC/yr)        Water (dam3/yr)                Nitrogen (MgN/yr)
       ----------------------- -------------------------- --------------------------------
Spinup NEP     estab   NBP     transp     evap    interc  nuptake ndemand  nlosses ninflux
------ ------- ------- ------- ---------- ------- ------- ------- -------- ------- -------
  1451 280.177  -0.003 280.175  1447352.1 418763.0 143311.0 34168.2  13266.2  3395.9  5196.9
  1452 -106.702  -0.000 -106.702  1491640.6 487628.0 152519.4 30325.7  12860.8  3684.0  4835.9
  1453 -117.413  -0.000 -117.413  1503503.6 357909.1 105588.0 33145.3  12722.9  4185.5  4589.1
  1454 151.390  -0.001 151.388  1492542.9 419300.5 150929.8 31830.7  13867.6  4214.4  4932.6
  1455 270.607  -0.001 270.606  1568619.0 537939.2 191040.8 37009.1  11985.0  3490.3  4680.9
  1456 -54.189   0.002 -54.187  1545748.5 375534.6 167541.5 29235.2  12316.3  2977.6  4422.5
  1457 233.828  -0.000 233.827  1698497.8 529136.2 239870.5 37348.9  16067.5  4387.2  6075.9
  1458 -889.935   0.016 -889.919  1455359.3 444603.4 148420.0 19887.3  13319.4  2464.3  4297.8
  1459 479.890  -0.006 479.884  1514445.4 449820.2 233565.5 38173.5  12656.2  3732.9  5121.5
  1460 520.733  -0.003 520.730  1794168.2 480348.5 239919.7 35205.2  14192.6  7413.7  5677.6
  1461 -402.054   0.000 -402.054  1525838.1 300812.3 105879.8 28360.8  11497.7  3257.9  3935.4
  1462 356.909  -0.002 356.907  1731127.4 515916.5 232412.9 35610.8  14571.9 11522.1  5425.3
  1463 199.689  -0.001 199.688  1783960.6 495926.8 244318.3 30965.9  14591.5  7401.2  5461.8
  1464 -901.391   0.015 -901.376  1326424.0 312835.5 98857.3 21943.3   9571.7  1821.1  3161.1
  1465 465.226  -0.009 465.217  1583612.8 492436.6 182067.5 37504.5  14923.4  5853.9  5618.9
  1466 203.060   0.000 203.060  1604303.2 385636.3 159660.5 30062.8  11480.5  2545.0  4444.2
  1467  40.366  -0.000  40.366  1664244.8 561351.0 195849.3 31891.6  12152.1  2870.7  4645.4
  1468 -701.190   0.007 -701.183  1466398.2 452755.9 144116.6 24499.8  12508.6  2619.8  4230.6
  1469 555.691  -0.005 555.686  1636781.8 529365.4 222077.0 37854.2  13765.6  6963.5  5453.1
  1470 105.355  -0.001 105.354  1658605.9 415161.2 168132.8 30692.6  13462.1  4255.5  4861.5
  1471  33.855  -0.000  33.855  1737791.6 412455.3 171099.2 33565.5  13515.7  4313.4  4759.4
  1472 -690.618   0.013 -690.605  1587963.5 437284.3 145072.1 25461.2  12194.4  2487.8  4053.0
  1473 -869.933   0.023 -869.910  1115512.0 347270.3 88951.1 19230.8   7207.8  2485.5  2859.9
  1474 -205.387  -0.006 -205.394  1057463.9 432194.7 80419.5 30403.5   9122.5  6317.8  3582.8
  1475 280.740  -0.004 280.737  1255874.7 436003.8 108308.4 36321.0  11203.0  3505.8  4644.1

         Carbon flux (ktC/yr)        Water (dam3/yr)                Nitrogen (MgN/yr)
       ----------------------- -------------------------- --------------------------------
Spinup NEP     estab   NBP     transp     evap    interc  nuptake ndemand  nlosses ninflux
------ ------- ------- ------- ---------- ------- ------- ------- -------- ------- -------
  1476  89.226  -0.002  89.224  1352709.9 360105.5 91951.9 34276.3  11289.9  2669.3  4507.5
  1477 747.998  -0.003 747.995  1499828.2 482124.3 202087.0 39510.3  11907.3  4634.8  5111.3
  1478 -454.075   0.002 -454.073  1274340.9 342599.6 87003.2 24958.8  10461.6  2487.1  3722.0
  1479 -107.327  -0.001 -107.328  1318873.1 377283.6 81061.3 33135.8  11727.5  5438.5  4276.5
  1480 304.343  -0.003 304.340  1620807.8 403305.9 121194.0 38330.5  14669.6  4792.7  5449.6
  1481 367.587  -0.001 367.586  1736273.1 503817.3 219989.7 33019.8  13745.1 12100.9  5230.9
  1482 340.952  -0.001 340.951  1836993.4 355309.6 215065.9 39101.3  13964.4  6844.4  5022.9
  1483 228.920  -0.000 228.920  1804291.6 419362.9 161160.5 30720.4  13707.8  3174.8  4656.8
  1484  85.014   0.001  85.014  1795201.9 404133.4 219439.0 32512.2  13717.8  3224.2  4849.3
  1485 -120.235   0.002 -120.233  1686016.1 533412.5 212565.5 29102.4  11925.1  1961.1  4238.7
  1486 -426.181   0.002 -426.179  1519404.1 470525.8 175632.7 28576.0  13264.6  3077.1  4396.9
  1487 238.811  -0.002 238.809  1693692.1 548973.0 238451.1 38565.6  16768.8  4672.4  6313.8
  1488 152.240   0.000 152.240  1658832.0 433784.6 162975.0 28980.3  14649.7  1281.3  5078.6
  1489 304.420  -0.001 304.419  1886496.8 442131.1 254645.0 34950.0  14894.5  3752.1  5540.6
  1490 168.288  -0.000 168.288  1834961.6 384678.9 199789.1 34498.1  14337.8  2829.8  4975.1
  1491 -507.649   0.003 -507.646  1561446.4 336005.9 133902.9 26335.5  13913.9  2517.2  4259.3
  1492  -7.223   0.001  -7.222  1580535.1 398127.3 187602.0 35363.3  13412.6  2867.9  4753.0
  1493 -988.767   0.057 -988.710  1134068.9 372459.3 98482.2 13359.7   9136.0  3866.2  3295.9
  1494   7.762  -0.026   7.736  1037666.3 447903.4 98871.2 33667.9   8987.8  4087.6  3808.4
  1495 397.535  -0.003 397.531  1382221.1 443237.5 113934.1 41345.3  11444.1  3359.8  4761.6
  1496 -434.781   0.006 -434.775  1200533.7 370241.4 97427.5 23618.3   9438.5  4291.4  3771.2
  1497 -308.521  -0.001 -308.522  1180521.1 506767.7 110677.6 28609.7  11687.8  2515.0  4485.9
  1498 503.201  -0.003 503.197  1364460.0 492119.1 125422.3 37426.9  13261.7  2948.9  5478.0
  1499 350.425  -0.001 350.423  1506967.1 411150.4 123501.6 36919.9  11447.2  3543.3  4657.9
  1500  91.453  -0.001  91.452  1557795.1 400587.1 165873.6 33395.0  13733.7  3669.8  5011.7

         Carbon flux (ktC/yr)        Water (dam3/yr)                Nitrogen (MgN/yr)
       ----------------------- -------------------------- --------------------------------
Spinup NEP     estab   NBP     transp     evap    interc  nuptake ndemand  nlosses ninflux
------ ------- ------- ------- ---------- ------- ------- ------- -------- ------- -------
  1501 -711.143   0.006 -711.137  1318634.4 474130.0 128276.2 25075.2  10754.5  2921.3  3872.2
  1502 105.272  -0.001 105.271  1295731.9 388078.4 103730.6 35209.0  13358.5  3801.6  4977.3
  1503 678.113  -0.004 678.110  1639976.3 508525.2 212649.8 39372.7  13559.7  8693.9  5463.9
  1504 658.767  -0.002 658.765  1691543.3 452353.9 226514.2 34337.1  12468.0  6262.6  5314.4
  1505 275.830   0.000 275.830  1675917.6 423064.6 237419.8 30438.7  13488.1  4786.7  5397.6
  1506 -621.641   0.012 -621.629  1504993.6 330393.0 115414.2 25103.1  12860.7  3096.9  4455.6
  1507  75.169  -0.005  75.164  1519711.0 454963.1 161831.4 34776.6  13516.0  6046.5  5004.5
  1508 316.146  -0.002 316.144  1662155.3 441068.2 153236.9 34721.8  13524.8  3117.7  5103.9
  1509 -75.493   0.001 -75.492  1663444.5 548025.2 201299.4 30494.5  11989.8  3095.0  4650.4
  1510 -195.590   0.001 -195.589  1509591.3 357477.7 125284.6 31109.7  13826.8  2890.0  4640.8
  1511 187.785  -0.002 187.783  1731125.8 378524.8 213178.8 41086.5  14693.4  6666.9  5464.0
  1512 468.882  -0.002 468.880  1965036.7 454161.7 257924.6 34182.5  14801.1  9219.5  5624.8
  1513 241.137  -0.000 241.137  1854442.7 287842.0 153190.8 32890.3  13156.2  4870.5  4558.7
  1514  40.785   0.001  40.786  1862146.9 377575.0 161084.1 36447.0  12272.5  3224.4  4135.7
  1515  19.264   0.000  19.264  1872675.0 490259.2 251501.5 34536.1  16404.9  3491.7  5877.2
  1516   8.431   0.001   8.432  1891111.2 487826.6 258662.6 33339.2  16649.1  2897.5  5943.5
  1517 -569.202   0.007 -569.194  1609461.2 374094.0 176410.5 21242.1  15640.4  2494.2  4804.6
  1518 -987.235   0.058 -987.177  1191779.9 373237.2 99041.2 16411.2   8237.8  3154.3  3244.0
  1519 245.547  -0.029 245.519  1170291.3 465923.5 137370.5 37806.6   8171.7  4156.4  3846.5
  1520 349.066  -0.004 349.062  1453436.7 600218.6 210729.6 35919.4  12594.0  5427.8  5512.7
  1521 137.145  -0.002 137.143  1502089.3 378394.5 115705.1 31952.4  13810.2  4203.9  5229.6
  1522 141.825   0.000 141.825  1533522.3 551931.0 190887.9 35632.3  12473.4  3507.4  5046.8
  1523 -36.554   0.001 -36.553  1572432.9 541548.7 235828.0 32721.4  12744.0  5770.8  4950.8
  1524 356.689  -0.001 356.687  1837495.7 481531.2 246377.3 37284.4  15694.3  8078.8  5883.4
  1525 -47.230   0.001 -47.229  1711070.0 453634.5 138273.2 31437.7  12131.5  1914.5  4304.4

         Carbon flux (ktC/yr)        Water (dam3/yr)                Nitrogen (MgN/yr)
       ----------------------- -------------------------- --------------------------------
Spinup NEP     estab   NBP     transp     evap    interc  nuptake ndemand  nlosses ninflux
------ ------- ------- ------- ---------- ------- ------- ------- -------- ------- -------
  1526 -959.601   0.017 -959.584  1507989.9 439856.1 140507.1 21366.6  12210.5  2173.5  4083.8
  1527 -494.432   0.002 -494.430  1249225.5 484752.4 152297.1 26170.7   9953.8  3792.9  4021.1
  1528 623.326  -0.005 623.320  1510810.3 577492.8 205685.5 38368.9  12683.8 13948.4  5497.5
  1529 -73.061   0.001 -73.061  1421471.5 345524.0 120223.2 27766.5   9960.5  3344.2  4037.7
  1530 433.268  -0.002 433.266  1609530.8 410307.0 133043.0 42227.1  11613.7  3491.5  4505.7
  1531 -826.569   0.009 -826.560  1271979.2 333504.2 89181.3 21598.4   9540.1  2730.5  3336.7
  1532 -82.612  -0.004 -82.616  1360935.4 532556.1 112594.9 36162.9  11766.5  5585.1  4519.2
  1533 528.225  -0.003 528.222  1561120.1 577371.4 201983.2 39820.0  12218.1  7954.5  5042.7
  1534 -199.382   0.003 -199.379  1488910.1 309108.5 96265.5 29004.3  11514.4  4864.6  4043.1
  1535 -513.449   0.006 -513.443  1350242.2 307478.0 94738.8 30042.8  10448.0  3741.9  3669.1
  1536 590.857  -0.003 590.853  1536847.0 456448.8 184797.2 38979.0  13905.6  5484.0  5192.3
  1537 258.687  -0.002 258.685  1608624.9 428227.7 165425.2 32312.8  12366.0  5246.2  4701.9
  1538 277.987   0.000 277.988  1655452.8 527937.6 198511.9 36468.1  12194.9  3465.2  4681.1
  1539 -32.423   0.001 -32.422  1631723.7 374986.1 196057.4 32465.2  13005.7  2652.1  4488.0
  1540  10.148   0.001  10.149  1635825.4 384773.0 148719.1 35900.3  12333.9  3239.6  4184.7
  1541 -1171.382   0.036 -1171.345  1325096.2 443630.6 139310.7 18446.7  11703.3  3477.8  3858.0
  1542 555.688  -0.014 555.674  1259690.9 510686.2 203762.7 36677.9  10229.1  4274.8  4495.3
  1543 205.122  -0.002 205.119  1478218.8 386338.2 126700.4 32882.7  13812.5  2485.3  5335.2
  1544 -912.270   0.012 -912.258  1119002.1 339105.1 86717.8 20720.5   8046.3  2719.1  3074.9
  1545 224.421  -0.007 224.414  1302141.8 562573.5 95238.7 38082.6  11418.5  7279.2  4545.4
  1546 -301.699   0.006 -301.693  1162224.8 382157.2 77041.1 24798.5   9638.1  3821.1  3625.2
  1547 -696.760   0.004 -696.756  1050216.9 515059.6 104117.1 27050.8   7711.2  3440.3  3316.9
  1548 628.887  -0.005 628.881  1277781.9 464576.2 95292.0 41434.3  11898.3  5565.4  4886.2
  1549 652.871  -0.005 652.866  1517896.8 546473.8 177282.7 34070.1  12644.4 27018.5  5525.3
  1550 418.683  -0.002 418.681  1549546.5 393206.5 137438.8 35188.5  10934.2  4724.5  4495.7

         Carbon flux (ktC/yr)        Water (dam3/yr)                Nitrogen (MgN/yr)
       ----------------------- -------------------------- --------------------------------
Spinup NEP     estab   NBP     transp     evap    interc  nuptake ndemand  nlosses ninflux
------ ------- ------- ------- ---------- ------- ------- ------- -------- ------- -------
  1551 -396.366   0.002 -396.364  1412341.5 302972.9 92498.1 28282.6  10938.4  3972.4  3892.0
  1552 533.964  -0.001 533.963  1653794.3 528973.7 208138.7 37275.0  13510.7 15051.9  5199.9
  1553 -284.792   0.005 -284.787  1494701.8 324943.6 106654.0 29113.3  10955.7  3132.0  3957.8
  1554 213.946  -0.002 213.945  1551478.0 377392.3 131535.5 35174.3  12909.6  3237.4  4630.9
  1555 -511.077   0.003 -511.074  1320171.8 355334.4 115986.4 27460.4  10955.5  3748.6  3675.0
  1556 620.001  -0.006 619.995  1667368.3 503262.4 211106.9 42038.5  14256.8  8666.5  5288.5
  1557 -65.602   0.001 -65.601  1459183.7 367604.5 111004.6 27755.3  10156.2  4870.3  3803.3
  1558 329.027  -0.002 329.025  1703020.4 537033.2 220629.2 38511.3  16854.3  6453.3  6153.9
  1559 -367.384   0.007 -367.377  1428908.1 360450.6 113612.5 24010.7  10619.0  3482.0  3770.8
  1560 -353.931   0.000 -353.930  1269475.2 347307.3 85121.2 25909.8  11404.5  2779.5  3821.7
  1561 455.332  -0.003 455.329  1667815.0 519998.7 203655.0 35872.4  14999.0 13690.1  5857.4
  1562 -162.571   0.001 -162.570  1431225.7 339179.9 87128.9 27322.8  11391.3  2493.4  3980.5
  1563 -633.364   0.022 -633.342  1255079.3 394692.7 83074.9 24857.5  10652.4  6708.0  3632.0
  1564 217.125  -0.010 217.115  1276201.3 568865.6 154313.9 35318.0  11572.3  3452.5  4601.2
  1565 224.388  -0.001 224.387  1440676.4 452659.7 130583.2 31369.3  13527.3  2207.1  5098.3
  1566 -557.158   0.012 -557.146  1351877.1 460093.5 125788.0 26438.0  12331.2  2757.4  4467.9
  1567 582.771  -0.008 582.763  1512788.1 567577.2 204429.9 39850.6  14901.7  4199.2  6051.9
  1568 298.361  -0.001 298.360  1567540.1 398827.8 154773.0 31307.0  12843.9  3119.5  4938.7
  1569 150.155  -0.000 150.155  1642266.5 362332.6 137136.3 32529.8  14375.1  2106.8  5153.7
  1570 203.281  -0.000 203.280  1688933.3 506348.8 234897.5 36163.2  15510.4  4001.4  6046.0
  1571 -1124.304   0.020 -1124.284  1302695.5 480164.3 140760.9 16948.7   9489.7  2174.2  3379.5
  1572 106.951  -0.007 106.944  1274550.9 381558.2 95256.1 33484.4  11656.0  2552.9  4739.0
  1573 219.412  -0.001 219.411  1358620.3 521341.9 108536.3 35816.8  11087.5  2656.5  4494.2
  1574  27.255   0.003  27.258  1432938.8 479530.5 110900.8 30477.3  11612.1  2891.2  4401.2
  1575 491.737  -0.006 491.731  1740489.2 483784.1 205690.0 36372.7  13889.5  7834.1  5521.2

         Carbon flux (ktC/yr)        Water (dam3/yr)                Nitrogen (MgN/yr)
       ----------------------- -------------------------- --------------------------------
Spinup NEP     estab   NBP     transp     evap    interc  nuptake ndemand  nlosses ninflux
------ ------- ------- ------- ---------- ------- ------- ------- -------- ------- -------
  1576 -410.313   0.004 -410.309  1507781.8 466973.4 124594.8 26872.9  10942.4  3049.6  3879.1
  1577 529.504  -0.003 529.501  1702851.9 522167.3 207971.9 36473.8  13866.0 15220.2  5394.0
  1578 -421.713   0.009 -421.705  1503194.4 454157.7 155991.3 25663.3  11228.1  3782.1  4162.4
  1579 407.584  -0.004 407.580  1594167.9 425940.4 152714.1 36095.9  12305.8  5186.3  4879.0
  1580 -466.228   0.003 -466.225  1415893.5 299982.9 101363.0 27174.8  11322.1  2672.8  3967.1
  1581 342.500  -0.002 342.498  1492431.5 459365.0 144548.1 35783.9  13350.5  2847.9  4958.0
  1582 111.825  -0.000 111.825  1520276.0 388694.0 162004.6 32239.6  12288.6  3381.3  4738.7
  1583 227.108  -0.001 227.107  1583988.0 399237.6 166215.1 34096.1  12843.5  3697.0  4889.5
  1584 425.210  -0.001 425.209  1839606.6 466923.9 252605.5 35687.3  14781.9  5635.3  5612.1
  1585 -633.113   0.003 -633.110  1512885.8 458714.7 148829.2 25110.0  11478.4  2660.5  3778.5
  1586 -629.581   0.004 -629.577  1343314.7 308118.9 100204.4 28507.4  11391.3  3243.1  3939.7
  1587 349.981  -0.001 349.980  1385892.3 566673.8 179757.4 35831.8  13108.5  4740.3  5011.2
  1588 366.338  -0.001 366.337  1480522.8 428720.4 226083.2 31525.8  12637.9  3776.4  5176.9
  1589 -432.672   0.005 -432.667  1407405.2 479302.5 163754.1 26782.6  13074.0  3425.4  4760.7
  1590 -318.244   0.000 -318.244  1297578.0 340719.5 95868.4 30207.3  12830.4  3937.9  4466.5
  1591 105.126  -0.001 105.125  1373137.8 424258.1 127397.6 36780.2  13400.4  3580.2  5125.2
  1592 -544.458   0.003 -544.455  1164311.7 353906.5 86551.2 23581.2  10471.5  2175.8  3736.7
  1593 195.863  -0.003 195.861  1378716.5 486730.4 143884.6 34858.4  14227.8  8440.5  5449.7
  1594 561.626  -0.004 561.622  1624126.4 444934.4 186613.0 35687.5  14089.9  6739.8  5728.1
  1595 -528.887   0.014 -528.872  1433123.8 448076.9 139084.1 24677.9  11134.0  3355.3  3999.8
  1596 573.789  -0.006 573.783  1525855.3 449110.5 236125.6 40151.5  12655.7  5142.1  5092.6
  1597 280.345  -0.001 280.344  1674236.8 365895.0 142124.0 33498.2  14046.0  2944.3  5265.0
  1598 -699.188   0.015 -699.173  1245796.5 345770.6 118172.4 20923.3   7758.5  5467.8  3100.4
  1599 236.836  -0.004 236.832  1446689.1 613267.3 178214.2 34636.0  11973.7  4291.1  4885.9
  1600 -209.176   0.001 -209.175  1358182.7 319949.5 95914.6 28538.4  12350.8  3357.7  4237.0

         Carbon flux (ktC/yr)        Water (dam3/yr)                Nitrogen (MgN/yr)
       ----------------------- -------------------------- --------------------------------
Spinup NEP     estab   NBP     transp     evap    interc  nuptake ndemand  nlosses ninflux
------ ------- ------- ------- ---------- ------- ------- ------- -------- ------- -------
  1601 -96.140   0.000 -96.140  1388533.1 492253.0 152853.5 32965.8  12670.3  4904.8  4696.7
  1602 -255.854   0.002 -255.852  1312910.0 333728.4 95777.7 30419.1  12382.1  4925.9  4372.5
  1603 573.212  -0.002 573.210  1448023.6 467843.6 216728.9 38262.0  13494.2  4279.3  5398.3
  1604 145.624  -0.000 145.624  1517800.3 406148.4 138176.4 32970.8  12892.2  3180.8  4710.0
  1605 -45.462   0.001 -45.461  1477765.9 395235.7 155135.0 30965.5  12645.0  3323.8  4841.0
  1606 -535.606   0.004 -535.602  1322660.1 310386.9 97391.4 26768.7  12211.8  2721.6  4206.1
  1607 495.396  -0.001 495.395  1426318.7 470354.8 209422.4 36158.1  13193.2  4680.6  5318.7
  1608 -532.159   0.005 -532.154  1334343.5 472372.1 133639.1 25804.2  13629.5  2876.7  4869.2
  1609  40.214  -0.000  40.214  1319579.9 317908.1 121988.8 31265.3  12240.2  4243.9  4563.9
  1610 465.890  -0.003 465.887  1548640.9 465354.1 189231.3 38371.2  14973.0  5909.1  5902.3
  1611 167.211  -0.001 167.210  1591403.8 429717.1 166894.2 29982.4  13478.8  5539.5  5053.0
  1612 -170.810   0.006 -170.804  1556698.7 343313.5 127918.4 30270.3  11526.2  3785.1  4222.7
  1613 184.696  -0.002 184.693  1619989.8 435453.8 165559.2 34581.1  14197.0  5423.1  5052.0
  1614 154.860  -0.000 154.860  1739745.8 551830.0 197564.6 33742.8  12306.1  2994.1  4761.7
  1615 194.696  -0.001 194.695  1742492.5 393107.2 194894.4 35815.0  13889.9  2723.0  4948.7
  1616 -940.838   0.014 -940.825  1375768.3 305810.4 106606.5 20602.2  10607.3  2840.0  3638.4
  1617 307.697  -0.007 307.690  1436379.9 437444.3 169335.3 36063.8  13215.5  3367.6  5043.9
  1618 313.319  -0.002 313.317  1577444.4 445252.3 196829.9 32811.1  14036.9  4177.0  5632.3
  1619 418.984  -0.000 418.984  1675847.9 418076.8 249909.2 36505.8  13861.7  4788.5  5358.0
  1620  93.704   0.001  93.705  1667192.0 438232.8 165233.6 30307.4  14153.6  2993.5  5137.5
  1621 -296.806   0.003 -296.803  1534057.6 380473.3 145974.0 31269.3  12871.2  3632.0  4582.0
  1622 107.591  -0.002 107.589  1648074.4 536672.5 233336.9 35945.0  16929.7  4402.3  6360.9
  1623 -874.110   0.011 -874.098  1426042.9 451321.4 145285.7 19592.8  13687.3  2812.0  4600.0
  1624 582.239  -0.008 582.231  1573148.2 545034.9 217093.8 35933.0  13648.6 10323.7  5596.9
  1625 358.546  -0.001 358.545  1659262.6 385689.0 139782.5 36162.5  11696.7  3297.7  4526.9

         Carbon flux (ktC/yr)        Water (dam3/yr)                Nitrogen (MgN/yr)
       ----------------------- -------------------------- --------------------------------
Spinup NEP     estab   NBP     transp     evap    interc  nuptake ndemand  nlosses ninflux
------ ------- ------- ------- ---------- ------- ------- ------- -------- ------- -------
  1626 -249.806   0.001 -249.804  1503263.1 521382.1 187668.4 28137.5  12626.2  3601.6  4704.4
  1627 -444.022   0.003 -444.019  1452390.5 354601.0 135615.3 25894.7  12873.7  2561.5  4634.9
  1628 -323.922   0.002 -323.920  1336925.6 371156.5 127199.4 30544.4  11815.6  3091.1  4526.8
  1629 -849.281   0.011 -849.271  1085076.4 319670.1 87644.1 25114.1   9771.0  3649.2  3571.6
  1630 107.472  -0.003 107.469  1190629.3 387385.8 88381.4 35254.3  12762.5  4009.8  4890.1
  1631 490.777  -0.004 490.773  1364905.7 632476.2 165235.5 35314.0  11804.8  5461.5  5138.1
  1632 503.067  -0.003 503.064  1440576.9 483486.4 139961.7 33835.8  12751.6  3834.1  5175.7
  1633 162.865  -0.002 162.864  1561349.4 580369.7 186808.6 32646.8  12129.6  4227.1  4939.6
  1634 480.485  -0.002 480.484  1624208.4 458167.8 227724.9 34622.1  13308.3  5478.4  5471.5
  1635 -212.988   0.001 -212.987  1562119.2 449983.6 130158.8 29675.7  12914.4  2835.2  4464.7
  1636 -500.826   0.003 -500.823  1332636.2 349414.9 108810.2 26466.7  10533.6  3665.8  3811.4
  1637 -95.499   0.000 -95.499  1398203.8 407335.4 118229.4 31874.6  14467.1  4433.2  5117.2
  1638 -562.625   0.003 -562.621  1179334.4 348036.4 81530.5 23970.6  11207.5  2278.7  3830.2
  1639 165.766  -0.002 165.763  1336742.9 595622.3 152868.4 37223.1  14106.9  6884.4  5553.2
  1640 -406.762   0.012 -406.750  1324349.1 469616.2 120834.2 26016.1  13018.5  2665.5  4748.0
  1641 383.440  -0.008 383.432  1480193.5 412010.3 185426.5 39352.5  13648.6  7391.5  5324.5
  1642 208.456  -0.000 208.456  1543887.0 343867.0 104381.7 32632.1  12478.4  4079.6  4642.0
  1643 731.098  -0.003 731.095  1750629.6 436273.4 240687.5 42634.4  14136.8  7018.4  5570.9
  1644 496.059  -0.001 496.058  1765880.9 419455.0 242763.3 30640.1  13477.9  4650.7  5302.3
  1645 -307.443   0.002 -307.441  1612750.4 381837.8 170692.8 25085.4  15143.1  4374.1  5102.9
  1646 481.407  -0.002 481.406  1912401.3 463470.1 250813.4 43382.5  14479.4  8839.6  5647.2
  1647 485.695  -0.001 485.695  1865651.2 421206.8 247248.0 31153.5  13759.5  5465.3  5290.8
  1648 -561.745   0.006 -561.739  1617792.8 367817.3 152768.7 26504.4  13728.7  4559.9  4508.5
  1649  -0.088  -0.000  -0.088  1650680.6 424362.1 247243.8 33264.5  14981.8  4988.2  5523.1
  1650 -191.044  -0.000 -191.044  1633550.6 422986.0 169598.2 29771.1  15561.6  5191.0  5274.4

         Carbon flux (ktC/yr)        Water (dam3/yr)                Nitrogen (MgN/yr)
       ----------------------- -------------------------- --------------------------------
Spinup NEP     estab   NBP     transp     evap    interc  nuptake ndemand  nlosses ninflux
------ ------- ------- ------- ---------- ------- ------- ------- -------- ------- -------
  1651 -265.748   0.002 -265.747  1605885.0 326956.3 113006.8 31003.0  13295.2  2802.3  4547.6
  1652 -340.427   0.002 -340.425  1463134.7 481929.2 164281.8 30292.9  12438.2  3855.7  4519.7
  1653 289.173  -0.002 289.170  1558619.1 323797.6 130458.8 34904.5  14141.5  6532.0  5073.6
  1654 315.773  -0.002 315.771  1649714.8 454455.1 156360.8 33380.9  13628.1  3635.5  5130.7
  1655   2.825   0.000   2.826  1669348.9 384432.2 195934.1 33544.6  13556.9  2885.6  4881.6
  1656 -915.050   0.019 -915.031  1428421.8 452192.6 148168.5 21277.3  12952.2  3736.9  4371.9
  1657 -991.131   0.049 -991.082   978381.3 375439.0 94396.6 14176.5   8209.2  4765.0  3322.1
  1658 -474.016  -0.023 -474.039   819939.3 436306.2 70925.3 26975.3   6127.4  7190.8  2991.4
  1659 531.821  -0.005 531.816  1210967.2 543734.4 108840.3 40531.1  13559.4  8922.2  6091.1
  1660 765.121  -0.005 765.116  1491718.2 525991.9 188365.2 34572.7  12629.2 23264.4  5929.3
  1661 169.250  -0.002 169.248  1504340.2 502054.4 147132.3 32406.3  11597.1  6217.3  5017.0
  1662 -207.925   0.000 -207.924  1403194.7 326605.7 94890.1 32008.6  11832.3  7356.8  4434.6
  1663 491.378  -0.003 491.375  1662749.4 549515.7 220201.1 41792.0  15309.3  6801.7  6312.4
  1664 258.619  -0.001 258.618  1720674.1 392855.7 189121.2 32790.0  13940.6  3730.6  5108.8
  1665 -445.734   0.010 -445.724  1544360.1 329008.2 116668.2 26538.7  12256.2  3517.4  4197.8
  1666 -719.050   0.006 -719.044  1310087.4 474267.1 140743.9 23972.0  11446.6  4219.1  4140.4
  1667 102.538  -0.003 102.535  1255875.8 328942.1 120500.6 30677.6  11485.5  5828.8  4488.0
  1668 640.925  -0.004 640.920  1535885.2 617330.3 181299.9 42315.3  12198.3  5776.4  5221.1
  1669 540.890  -0.003 540.887  1722467.2 378804.8 140330.9 33756.2  13827.6  3615.4  5405.8
  1670 172.792  -0.001 172.791  1803819.5 358069.7 228033.2 36534.6  13575.2  7729.8  5072.6
  1671  -7.754   0.000  -7.754  1781329.4 406850.2 184939.1 30404.7  14121.8  7502.8  4850.8
  1672 152.850   0.000 152.851  1784688.2 418843.3 170918.3 34130.8  13833.5  4190.8  4881.9
  1673 -115.212   0.002 -115.210  1674794.7 412050.1 172716.2 29799.5  13295.3  2937.4  4408.2
  1674 -202.289   0.005 -202.284  1549090.8 376719.3 176130.6 30712.6  12213.5  3668.0  4540.8
  1675 -127.605  -0.001 -127.606  1502831.8 407976.7 164168.1 27878.4  15373.0  4864.3  5331.3

         Carbon flux (ktC/yr)        Water (dam3/yr)                Nitrogen (MgN/yr)
       ----------------------- -------------------------- --------------------------------
Spinup NEP     estab   NBP     transp     evap    interc  nuptake ndemand  nlosses ninflux
------ ------- ------- ------- ---------- ------- ------- ------- -------- ------- -------
  1676 -335.667   0.003 -335.664  1348110.4 364650.5 115571.5 30006.2  10146.8  4635.3  3992.1
  1677 -250.648   0.001 -250.646  1337841.6 362265.2 118171.8 27547.8  13042.0  4286.9  4573.2
  1678  39.991  -0.002  39.989  1374776.1 377469.6 111504.7 34851.1  15020.6  3364.3  5280.8
  1679 309.859  -0.002 309.857  1621827.1 551484.9 222656.2 37012.6  15555.9  5628.4  6469.2
  1680  43.126   0.001  43.126  1625557.4 362487.0 141152.1 28963.6  14565.0  2371.9  5261.9
  1681 -110.859   0.001 -110.858  1553417.3 412169.2 172210.6 31230.0  13627.4  5564.2  4922.3
  1682   0.834   0.001   0.835  1570448.1 391282.2 141805.4 34975.0  13635.6  3688.5  5003.8
  1683 -883.687   0.012 -883.675  1268269.7 308567.2 100978.1 20527.7  10604.6  2781.1  3765.1
  1684 320.270  -0.005 320.265  1375036.8 445902.9 165203.2 37396.1  13315.6  3747.7  5280.3
  1685 255.029  -0.003 255.026  1485220.2 596418.9 184923.7 31260.5  12451.1  3766.9  5210.4
  1686  61.681  -0.001  61.680  1434019.9 376567.5 118441.9 32021.2  13991.2  2819.2  5131.0
  1687 407.988  -0.001 407.987  1530076.3 461393.6 226201.8 35831.1  13073.0  4309.3  5408.7
  1688 -496.473   0.007 -496.466  1290654.7 361121.7 114342.1 23852.1  10570.7  3444.4  3972.9
  1689 -463.347   0.001 -463.346  1216662.9 324392.2 92381.7 26943.7  13034.0  2617.7  4616.5
  1690 301.954  -0.003 301.951  1443059.4 584128.6 207196.1 38833.8  15380.5  5897.4  6595.0
  1691 253.447  -0.002 253.445  1486406.4 413520.9 154001.4 31338.8  13145.8  3312.5  5327.6
  1692  71.376  -0.002  71.375  1483680.5 414279.6 153290.1 28082.8  14405.0  4724.2  5413.1
  1693 -391.763   0.002 -391.761  1399121.7 305727.3 99428.9 31295.7  10867.0  2824.2  4060.3
  1694 474.548  -0.003 474.545  1615618.6 535294.5 219383.2 36939.7  14058.8 16806.2  5575.5
  1695 277.540  -0.001 277.538  1652691.8 428149.7 203912.5 31463.4  13776.6  6806.2  5321.1
  1696 -271.163   0.002 -271.162  1456868.4 352862.5 127131.4 28658.5  12618.6  4516.9  4200.3
  1697 -490.833   0.016 -490.817  1369563.9 356389.2 123357.8 26157.0  11206.3  6332.0  4048.3
  1698 318.062  -0.005 318.057  1452089.3 484586.4 142590.5 35530.8  13418.2  4517.1  5205.6
  1699 140.913  -0.000 140.913  1556814.4 399816.0 137686.9 34750.0  12158.9  4629.6  4661.1
  1700 -68.721  -0.000 -68.721  1546297.8 397867.4 174562.2 32567.7  14186.2  4415.3  5002.3

         Carbon flux (ktC/yr)        Water (dam3/yr)                Nitrogen (MgN/yr)
       ----------------------- -------------------------- --------------------------------
Spinup NEP     estab   NBP     transp     evap    interc  nuptake ndemand  nlosses ninflux
------ ------- ------- ------- ---------- ------- ------- ------- -------- ------- -------
  1701 -112.954   0.000 -112.954  1533067.2 368522.2 134187.2 31259.7  14658.7  3894.2  5111.1
  1702 -164.499   0.001 -164.498  1393501.4 399164.3 150940.2 27966.6  14229.7  5205.3  4879.2
  1703 268.217  -0.001 268.216  1509274.2 409992.1 155289.9 39335.8  12233.5  4702.9  4772.0
  1704 -583.453   0.007 -583.446  1400103.9 470197.1 139392.0 23142.2  13227.0  3500.9  4474.3
  1705 -501.281   0.002 -501.279  1223012.1 486870.8 157131.4 26814.9  11652.0  4017.1  4372.4
  1706 431.237  -0.004 431.234  1418247.1 488813.0 186155.0 36039.4  15032.9  6704.7  6037.9
  1707 445.728  -0.003 445.724  1586522.9 397516.4 204309.4 38085.1  13693.4 10056.4  5596.8
  1708   7.752  -0.000   7.751  1549219.9 341883.9 114708.9 30689.1  12793.1  4296.8  4697.1
  1709 168.859  -0.001 168.858  1586200.4 585511.9 199340.8 35681.6  12231.3  4602.8  4734.2
  1710 -195.785   0.001 -195.784  1515740.0 346024.2 116620.0 30100.4  12958.1  3235.7  4469.5
  1711 272.454  -0.002 272.453  1602774.1 450812.4 205614.2 36794.3  14710.4  5428.0  5410.2
  1712  62.807   0.001  62.808  1533958.8 387557.4 171723.5 30223.1  12044.8  3314.7  4455.5
  1713 -711.325   0.005 -711.320  1325743.1 307005.8 105347.8 24580.5  11986.3  3003.2  4036.6
  1714 -536.119   0.004 -536.115  1124393.3 369210.6 85609.9 25656.7  10753.4  3054.6  3850.8
  1715 414.796  -0.004 414.791  1462737.4 441114.6 177362.6 43355.5  15148.3 15368.0  6045.3
  1716 339.068  -0.003 339.066  1575263.8 591665.9 180561.5 30520.6  12350.8  5832.3  4949.2
  1717 277.238  -0.002 277.236  1619699.7 567135.6 227659.3 35090.3  13111.3 12790.5  5184.5
  1718 152.972   0.000 152.972  1684009.4 402643.0 145139.4 35784.6  12740.6  6794.0  4570.2
  1719 -111.130   0.002 -111.129  1573271.0 292914.5 136000.9 28961.1  13331.1  4332.0  4451.2
  1720 -417.377   0.002 -417.375  1371524.4 348680.0 89825.6 28967.2  11401.6  2892.1  3757.5
  1721 -314.984   0.012 -314.972  1444870.2 395585.4 110540.9 30951.7  12738.1  6324.1  4465.0
  1722 -122.455  -0.003 -122.458  1397509.4 371281.9 107934.6 28959.1  11712.0  3848.1  4353.1
  1723 -265.304   0.000 -265.304  1274776.8 377455.7 99346.9 29477.5  10648.6  3793.5  4174.4
  1724 210.880  -0.002 210.878  1451971.3 428678.9 152218.7 36031.0  14491.8  3803.7  5442.0
  1725 475.209  -0.003 475.207  1630935.0 435582.1 218980.4 38477.1  14868.5  5554.2  5858.0

         Carbon flux (ktC/yr)        Water (dam3/yr)                Nitrogen (MgN/yr)
       ----------------------- -------------------------- --------------------------------
Spinup NEP     estab   NBP     transp     evap    interc  nuptake ndemand  nlosses ninflux
------ ------- ------- ------- ---------- ------- ------- ------- -------- ------- -------
  1726 177.044  -0.001 177.043  1671922.0 397959.4 176500.1 33710.6  14329.8  3306.3  5210.4
  1727 251.350  -0.002 251.348  1812202.0 368558.8 215592.0 38537.4  15008.1  6337.4  5488.9
  1728 -337.742   0.004 -337.738  1506933.0 363343.9 119251.0 26873.3  10282.3  3421.6  3831.1
  1729 -405.790   0.003 -405.787  1302328.0 361852.3 109556.6 24864.2  10361.6  4645.6  3921.3
  1730 -516.179   0.004 -516.175  1292591.9 483895.9 124324.2 27273.4  13410.0  3703.2  4865.1
  1731 -185.124   0.001 -185.123  1193945.3 388318.5 104333.4 30371.4  12860.3  3204.3  4645.7
  1732 -663.491   0.013 -663.477  1014093.9 394549.3 82072.6 23309.7   9747.6  5341.2  3737.1
  1733 452.803  -0.008 452.795  1287321.4 442996.6 163182.1 42890.2  13159.6  9848.3  5493.5
  1734  37.649  -0.000  37.648  1309838.2 505061.1 116524.6 30314.2  12023.3  4285.5  4807.7
  1735 526.703  -0.003 526.700  1542427.0 463231.6 181225.4 36804.4  14144.3  8168.0  5916.3
  1736 410.822  -0.001 410.821  1616916.3 400949.2 135321.9 36657.6  11394.1  4663.8  4496.1
  1737 205.149   0.000 205.149  1569074.0 424649.0 219925.6 30266.9  13215.6  4834.1  5136.6
  1738 -161.495   0.001 -161.495  1574646.2 564664.9 188052.2 32286.2  13231.5  3979.4  5013.2
  1739 170.507  -0.001 170.506  1603243.8 312122.5 133185.3 32529.0  14653.4  5264.6  5086.8
  1740 251.402  -0.002 251.401  1781816.2 534136.2 230784.7 37558.3  16132.5  6393.6  6253.2
  1741 -25.398   0.001 -25.397  1618722.2 518801.2 198625.2 28934.7  13698.6  3313.5  4922.3
  1742 -1407.537   0.050 -1407.487  1190906.3 490133.4 137160.3 20916.5   8025.1  2975.8  3283.8
  1743 375.310  -0.025 375.285  1254908.4 498138.3 148667.5 38346.0  12440.2  4089.1  5396.6
  1744 -227.629   0.000 -227.629  1271485.9 503945.8 118628.2 25841.4  12027.0  2900.4  4716.6
  1745 -142.790   0.001 -142.790  1168325.3 390139.2 94127.0 31725.1  10400.2  4452.3  4449.8
  1746 409.661  -0.004 409.656  1464992.8 411449.5 173032.5 42512.9  15670.4 11388.0  6393.9
  1747 445.532  -0.003 445.530  1590587.9 416384.3 125066.8 35532.4  11808.4  7823.5  4791.1
  1748 -23.578   0.000 -23.578  1559379.8 461018.9 119143.6 31068.1  12005.0  3047.0  4433.8
  1749 306.710  -0.002 306.708  1806558.6 366514.4 197998.8 39962.2  14973.1  8162.2  5574.7
  1750 -242.095   0.004 -242.091  1679210.0 323834.2 109265.5 27247.1  12116.9  3083.6  4272.7

         Carbon flux (ktC/yr)        Water (dam3/yr)                Nitrogen (MgN/yr)
       ----------------------- -------------------------- --------------------------------
Spinup NEP     estab   NBP     transp     evap    interc  nuptake ndemand  nlosses ninflux
------ ------- ------- ------- ---------- ------- ------- ------- -------- ------- -------
  1751 244.569  -0.001 244.568  1579330.1 399359.9 158217.3 35963.8  11292.3  4284.5  4291.3
  1752 -689.615   0.009 -689.606  1293003.1 339777.3 93357.1 21102.9   9836.1  2867.1  3472.4
  1753 -164.370  -0.002 -164.372  1376217.6 513119.5 124054.4 34309.1  12819.2  7148.2  4855.0
  1754 455.005  -0.002 455.003  1426346.4 447789.2 210305.4 31826.8  12503.6  4198.9  5194.6
  1755 372.193  -0.003 372.190  1676147.9 485468.9 226135.5 34584.5  14690.2  7674.0  5925.5
  1756 328.318  -0.002 328.317  1690491.8 303252.4 134447.2 32576.8  13471.5  8309.4  4955.5
  1757 139.795  -0.001 139.794  1742504.5 544634.3 236472.2 35232.3  13448.7  8686.4  5125.6
  1758 -586.656   0.003 -586.653  1550985.5 459678.0 143768.4 25408.5  12772.6  3315.7  4177.7
  1759  39.739  -0.000  39.738  1610922.8 365141.1 138380.0 33708.4  13905.3  2488.6  5081.5
  1760  50.134   0.000  50.134  1570500.7 423101.6 205150.8 32400.2  13366.5  4441.3  5035.3
  1761 -411.735   0.018 -411.717  1402355.1 338605.9 128924.0 23748.3  11036.9  4074.1  3989.2
  1762 -154.718  -0.007 -154.725  1381288.6 506209.8 159321.7 33923.4  12905.6  3996.4  4794.4
  1763 -108.054  -0.001 -108.055  1440445.6 367038.3 109859.9 31647.0  13438.1  4152.1  4941.6
  1764 -745.250   0.027 -745.223  1120963.8 389563.5 95183.8 19035.3   9323.7  4066.2  3573.6
  1765 -564.524  -0.008 -564.531   939876.4 385860.2 75837.6 24109.4   7418.6  5865.5  3203.3
  1766 115.804  -0.003 115.800  1114347.8 419287.3 68161.6 34673.3  11860.2  6043.0  4873.0
  1767 570.675  -0.005 570.670  1410577.0 640751.2 150006.5 37171.7  11838.3  9168.0  5376.8
  1768  42.492  -0.001  42.491  1321860.4 361964.2 80697.5 28886.4  10974.7  3637.6  4317.2
  1769 303.145  -0.002 303.143  1542204.8 591158.4 199001.2 38628.7  13702.8 17198.0  5575.1
  1770 -99.442   0.001 -99.442  1430767.0 343431.6 87646.7 27580.7  11993.6  4766.8  4214.5
  1771 326.768  -0.001 326.766  1634734.3 418955.5 148757.1 39561.1  13675.8  5238.1  5269.7
  1772 453.035  -0.002 453.034  1866517.9 366544.4 212607.7 38405.8  15469.8  6047.1  5649.2
  1773 -225.088   0.002 -225.086  1705290.7 453804.9 170493.0 27672.8  12879.5  3172.3  4446.1
  1774 387.379  -0.001 387.377  1854255.5 525211.1 245289.3 39444.1  16199.5  4891.8  6207.4
  1775 -1172.113   0.034 -1172.079  1366482.9 491117.2 146131.4 16494.0   9474.6  2526.6  3342.2

         Carbon flux (ktC/yr)        Water (dam3/yr)                Nitrogen (MgN/yr)
       ----------------------- -------------------------- --------------------------------
Spinup NEP     estab   NBP     transp     evap    interc  nuptake ndemand  nlosses ninflux
------ ------- ------- ------- ---------- ------- ------- ------- -------- ------- -------
  1776 -193.299  -0.012 -193.311  1185613.1 352904.7 88690.2 28903.5  10198.9  3721.7  4070.5
  1777 697.413  -0.005 697.407  1557521.5 408681.3 183022.9 46346.0  14318.6  8686.3  5809.0
  1778 732.932  -0.002 732.930  1664980.0 448313.7 225588.9 31888.9  12794.3  4843.5  5567.0
  1779 129.404  -0.000 129.404  1660328.6 437330.5 159535.5 30273.1  13892.7  2648.5  5270.5
  1780 -553.683   0.005 -553.678  1496729.3 459087.5 171411.9 26970.4  12389.7  3571.0  4472.7
  1781 428.077  -0.003 428.075  1596100.2 480698.9 228693.6 35322.2  13705.0  5811.4  5722.6
  1782 -748.067   0.012 -748.055  1423002.2 452420.7 144416.7 22225.9  13394.6  2991.7  4829.0
  1783 565.946  -0.007 565.939  1648206.5 496963.1 229134.4 36610.4  13201.8  5995.3  5550.4
  1784 -325.970   0.001 -325.969  1531290.0 459715.9 143216.3 26705.9  12664.7  3934.5  4745.2
  1785  -8.921  -0.000  -8.921  1464430.4 394729.5 156499.3 29915.7  13934.9  4851.8  5107.9
  1786 264.959  -0.001 264.958  1535236.4 543075.2 193379.2 38118.7  12489.5  4383.0  5130.9
  1787 -149.023   0.001 -149.022  1498764.0 385238.6 162515.6 23745.7  15048.0  4330.8  5252.8
  1788 136.351   0.000 136.352  1534094.3 539697.0 196737.6 36847.1  12542.1  3834.1  5094.5
  1789 -660.054   0.011 -660.043  1378460.5 325528.2 115364.6 21726.8  12422.8  2466.4  4280.6
  1790 -567.127   0.002 -567.125  1201540.4 490816.8 134993.1 25881.8  12065.3  3719.9  4586.9
  1791 164.912  -0.002 164.910  1214938.4 437559.5 141463.5 29774.1  14004.3  4659.8  5494.1
  1792 -67.136  -0.001 -67.137  1265480.9 330311.6 92574.3 34014.8  11522.5  3534.5  4572.2
  1793 215.635  -0.002 215.633  1358049.4 430187.0 125270.0 35794.1  13323.8  5276.7  5283.2
  1794 275.647  -0.002 275.645  1403550.9 469952.4 143996.5 31819.0  13466.4  2528.0  5138.2
  1795 -144.232   0.000 -144.232  1351016.0 363007.0 116097.4 30651.0  13533.4  3057.6  4698.1
  1796  59.380  -0.001  59.379  1484384.6 444843.1 158592.6 34387.4  14417.3  7560.6  5258.0
  1797 -152.592   0.008 -152.584  1466962.2 349833.1 121497.5 28511.7  11761.7  3937.3  4365.2
  1798 -181.895  -0.001 -181.896  1296509.0 356124.8 86939.7 29876.8  11191.8  2421.4  3968.3
  1799   0.615  -0.002   0.613  1465387.1 512411.6 115939.4 34958.3  12413.8  6819.1  4658.4
  1800 256.439  -0.001 256.438  1556705.8 444501.4 140488.7 32786.5  13885.7  2595.3  5169.0

         Carbon flux (ktC/yr)        Water (dam3/yr)                Nitrogen (MgN/yr)
       ----------------------- -------------------------- --------------------------------
Spinup NEP     estab   NBP     transp     evap    interc  nuptake ndemand  nlosses ninflux
------ ------- ------- ------- ---------- ------- ------- ------- -------- ------- -------
  1801 -378.232   0.005 -378.228  1458661.3 462625.4 154530.1 27512.0  12299.2  3804.6  4510.2
  1802 367.989  -0.002 367.987  1547825.3 423601.4 154046.1 37016.3  13211.1  5687.4  5143.8
  1803 414.857  -0.001 414.856  1679267.8 437012.1 206273.4 33242.1  14727.3  4618.8  5669.5
  1804  89.318   0.001  89.319  1599783.0 289251.0 146477.5 29776.3  12489.4  4486.2  4395.3
  1805 -236.705   0.001 -236.704  1563985.1 340883.6 116215.1 31865.9  13162.5  2686.2  4532.7
  1806 154.103  -0.000 154.103  1532467.2 404587.2 167579.4 35212.5  12642.2  3334.2  4810.5
  1807  63.745  -0.000  63.745  1509323.7 538724.8 204030.5 31206.2  13668.8  3400.7  5099.8
  1808 -368.085   0.003 -368.081  1416073.9 385217.8 147473.4 27797.8  13247.3  3157.8  4649.4
  1809 -843.406   0.016 -843.390  1222956.6 472411.0 137744.3 22996.0  13268.1  2982.1  4705.4
  1810 482.938  -0.009 482.929  1376670.9 579113.9 210383.4 35521.4  14088.6 10836.9  5899.0
  1811 322.754  -0.002 322.751  1512447.2 586620.7 186171.8 32808.3  12445.2  5241.8  5269.2
  1812 192.938  -0.001 192.937  1558725.0 414961.0 138556.5 33805.5  13447.7  5349.8  5333.2
  1813 -51.444  -0.000 -51.444  1493726.0 410508.8 157710.6 27035.7  15016.7  5886.6  5478.3
  1814 539.746  -0.002 539.744  1751979.4 422596.6 247936.7 44354.4  14589.0  6446.3  5973.0
  1815 -66.480   0.001 -66.479  1684775.6 441975.4 139543.7 28340.5  12902.1  3773.9  4454.8
  1816 -224.442   0.001 -224.441  1661448.0 344950.0 142780.5 30061.0  14320.8  3105.2  4842.7
  1817 -931.824   0.030 -931.794  1323381.3 325797.1 109648.2 23360.6  10253.5  3700.2  3739.0
  1818 213.068  -0.015 213.053  1277634.7 551964.7 109652.9 35322.1  10691.6  3987.5  4224.6
  1819 347.702  -0.002 347.700  1508436.9 414287.0 125740.3 36986.2  12247.9  4631.8  4802.7
  1820 -44.263   0.000 -44.263  1529904.9 570622.6 174370.6 28962.9  12425.3  5668.5  4896.0
  1821 251.017  -0.001 251.016  1577896.1 567596.7 215291.8 34470.7  13194.8 10169.1  5295.8
  1822 -144.856   0.002 -144.854  1451605.1 369131.5 112570.0 29366.9  11387.4  6439.5  4300.5
  1823 159.843  -0.001 159.841  1557948.9 557537.0 218317.0 35328.9  14615.9 11798.2  5488.0
  1824 -102.560   0.001 -102.559  1586334.9 343398.3 110693.5 29963.4  13736.0  6118.5  4921.3
  1825 -686.714   0.006 -686.708  1341583.4 485540.5 134549.0 26804.3  10623.4  3564.6  3879.7

         Carbon flux (ktC/yr)        Water (dam3/yr)                Nitrogen (MgN/yr)
       ----------------------- -------------------------- --------------------------------
Spinup NEP     estab   NBP     transp     evap    interc  nuptake ndemand  nlosses ninflux
------ ------- ------- ------- ---------- ------- ------- ------- -------- ------- -------
  1826 649.443  -0.005 649.438  1585745.2 570199.9 214851.5 41218.2  15495.9  6173.1  6453.9
  1827  21.224   0.000  21.224  1504242.4 357785.2 121939.6 28281.7  13872.4  3201.8  4825.6
  1828 318.285  -0.001 318.284  1726615.6 530591.5 235110.6 39887.7  15682.3  5353.8  6309.2
  1829  48.709   0.002  48.711  1594430.1 522261.7 204432.8 28797.8  13415.0  3446.9  5023.6
  1830 -1037.123   0.016 -1037.107  1214946.0 322840.2 97724.6 17295.8   9027.0  2512.5  3219.8
  1831 452.278  -0.008 452.270  1421238.2 637397.3 196212.2 38370.6  13190.9 11229.5  5497.2
  1832 -113.692  -0.002 -113.694  1404101.0 319755.9 93557.6 28057.0  12572.6  5338.8  4661.5
  1833 305.024  -0.004 305.020  1539922.3 569993.8 214235.7 39174.8  13114.3  9091.6  5319.6
  1834 306.444  -0.002 306.442  1611067.8 548170.9 190830.1 32191.5  13901.3  4750.0  5385.3
  1835 384.552  -0.001 384.551  1853785.9 445707.8 251400.8 33426.6  14689.7  6004.3  5690.7
  1836 -483.179   0.003 -483.176  1541099.1 295386.6 107931.4 27378.5  11993.2  2791.7  4037.3
  1837  75.445  -0.000  75.444  1495840.9 540523.8 192228.3 33128.4  12778.1  4301.3  4948.7
  1838 -99.415   0.002 -99.413  1461002.7 382400.4 166871.7 29565.4  12281.0  3549.6  4789.0
  1839 235.189  -0.002 235.187  1631809.3 546040.6 237448.2 37550.7  16315.1  4593.2  6490.8
  1840 361.091  -0.001 361.090  1736880.2 420730.4 259324.7 35382.5  16122.6  4110.9  6014.7
  1841 412.696  -0.000 412.696  1738082.6 423640.5 248993.0 31068.5  14205.5  3046.6  5556.0
  1842 -70.866   0.001 -70.864  1704712.9 376648.7 155899.1 33713.1  13612.0  2293.0  4669.6
  1843 -186.537   0.002 -186.535  1632312.9 376376.5 148231.0 32467.4  13492.2  2200.6  4557.3
  1844 -431.011   0.002 -431.009  1544719.4 552042.1 188413.8 27624.8  12833.2  3421.9  4716.5
  1845 226.547  -0.002 226.544  1671821.0 545804.7 220416.8 36697.4  16302.8  4519.0  6324.8
  1846 -516.182   0.011 -516.171  1439942.1 341924.7 124923.5 21632.0  12282.1  3145.6  4213.2
  1847 168.851  -0.004 168.847  1423133.1 560036.1 177494.5 35382.2  12935.5  3184.8  5136.9
  1848 -911.131   0.008 -911.123  1207663.3 306316.2 94713.8 19332.5  10556.8  2489.2  3887.6
  1849 605.919  -0.005 605.914  1429325.9 600227.0 191210.0 41053.2  14374.0  5168.2  6422.8
  1850 231.905  -0.002 231.903  1521999.1 595387.1 175582.1 29009.1  12240.7  3014.4  5175.3

         Carbon flux (ktC/yr)        Water (dam3/yr)                Nitrogen (MgN/yr)
       ----------------------- -------------------------- --------------------------------
Spinup NEP     estab   NBP     transp     evap    interc  nuptake ndemand  nlosses ninflux
------ ------- ------- ------- ---------- ------- ------- ------- -------- ------- -------
  1851 104.601  -0.001 104.600  1475116.6 422632.2 146935.1 29024.0  13676.9  4264.5  5328.2
  1852 465.928  -0.003 465.925  1789715.8 380622.0 201562.7 43682.0  13718.3  6826.9  5607.6
  1853 -818.469   0.036 -818.433  1367248.3 370249.1 97995.1 15123.9   9298.6  4871.1  3385.5
  1854  94.085  -0.013  94.073  1266035.4 457820.5 116738.0 33411.5   9704.2  5164.5  4114.8
  1855 234.533  -0.003 234.530  1471359.7 422707.5 159841.7 37584.6  13085.3  4249.6  5183.9
  1856 411.587  -0.003 411.584  1647240.5 526398.5 212207.5 32961.0  13926.0 12665.9  5602.0
  1857 -412.880   0.014 -412.867  1441290.2 335115.8 118884.4 24304.5  10833.8  4269.6  3987.4
  1858 -154.583  -0.002 -154.585  1404249.2 494745.3 147511.1 32981.3  12225.2  4446.8  4608.0
  1859 -316.044   0.001 -316.043  1394695.2 484201.9 127872.8 30674.5  13059.2  4803.3  4722.8
  1860 -778.982   0.008 -778.974  1146555.8 324738.8 88055.9 22144.2   9966.4  3686.7  3806.0
  1861 707.468  -0.005 707.463  1272297.5 507290.9 184859.5 38791.5  12257.5  5485.7  5524.2
  1862 443.240  -0.004 443.235  1459558.7 554169.7 196477.9 31048.6  13574.3 15826.9  5963.6
  1863 381.366  -0.002 381.363  1564287.5 405301.0 124878.2 37326.9  11553.7  3851.2  4759.3
  1864 146.758  -0.002 146.757  1683673.6 516540.5 213046.8 30570.6  14751.2 11262.4  5748.8
  1865  83.538  -0.001  83.537  1608042.8 288992.0 128273.2 31909.1  12767.4  4110.0  4590.9
  1866 241.829  -0.002 241.827  1696685.8 304181.9 130151.9 35205.8  13832.2  5073.6  4842.9
  1867 -346.111   0.007 -346.104  1468562.9 368716.3 111388.3 27648.4  10252.9  4187.1  3836.7
  1868 371.403  -0.002 371.400  1551423.8 446988.1 208264.9 31885.6  13851.0  3940.6  5359.7
  1869 116.639  -0.000 116.638  1682385.1 412447.5 231370.5 35216.3  15849.5  4250.4  5809.9
  1870 173.420  -0.000 173.419  1860221.6 459007.5 237225.2 32223.5  15808.7  5485.7  5804.6
  1871 -105.092   0.002 -105.090  1706285.0 449830.5 131123.9 32288.3  12731.7  2335.4  4400.4
  1872 -39.383   0.000 -39.383  1733187.2 539618.0 186229.8 32475.5  13295.6  2709.4  4701.1
  1873 -464.577   0.004 -464.573  1555846.9 331046.5 109820.7 26658.9  12824.9  2061.3  4337.9
  1874 477.140  -0.002 477.138  1684465.4 526548.8 220687.5 37117.8  14584.5  8120.3  5614.0
  1875 -454.964   0.006 -454.959  1494516.7 321236.0 111252.2 25590.7  11892.0  1962.7  4194.1

         Carbon flux (ktC/yr)        Water (dam3/yr)                Nitrogen (MgN/yr)
       ----------------------- -------------------------- --------------------------------
Spinup NEP     estab   NBP     transp     evap    interc  nuptake ndemand  nlosses ninflux
------ ------- ------- ------- ---------- ------- ------- ------- -------- ------- -------
  1876 -779.384   0.008 -779.377  1219965.2 505678.5 128897.8 24208.2   9728.2  2777.4  3767.6
  1877 405.556  -0.005 405.551  1386053.6 451366.7 160401.4 37273.4  13449.5  4221.6  5494.3
  1878 -241.511   0.001 -241.510  1281292.4 495148.0 126385.1 28808.5  11576.8  3078.4  4442.7
  1879 646.022  -0.004 646.018  1601878.4 516459.6 215126.1 39568.9  13821.7  9526.5  5899.9
  1880 638.321   0.007 638.328  1657527.9 454284.6 226629.1 33426.1  13050.4  5674.9  5619.7
  1881  34.606   0.001  34.606  1579743.3 306673.7 135910.5 30235.3  13851.9  6599.3  5097.9
  1882 -276.958   0.001 -276.957  1547354.7 487559.1 166841.0 31169.7  13159.5  4275.5  4831.1
  1883 136.147   0.000 136.148  1565306.5 551020.4 197203.4 35326.9  14198.2  4666.5  5384.6
  1884 -565.807   0.005 -565.801  1429154.9 322855.3 117521.8 23949.3  12761.8  2174.7  4465.7
  1885 586.993  -0.005 586.988  1656925.2 508054.9 233271.7 38011.8  14096.5  6465.3  5910.4
  1886 327.787  -0.003 327.783  1667028.3 308393.7 140212.4 31651.9  13522.6  6635.8  5119.1
  1887 -875.690   0.038 -875.651  1296519.0 379398.2 100908.8 18465.8   9626.9  4602.1  3559.2
  1888 -446.147  -0.012 -446.159  1040087.1 397261.3 98951.6 24331.4   6811.8  6764.9  3394.3
  1889 286.067  -0.004 286.063  1375979.1 450391.3 158467.5 38056.6  13818.8  4198.0  5717.7
  1890 168.588  -0.001 168.587  1428238.6 354507.6 102017.6 30907.0  13498.1  3377.1  5095.9
  1891 262.342  -0.001 262.341  1514465.6 387121.8 133650.6 34524.4  13778.1  3585.3  5457.0
  1892 -590.192   0.013 -590.179  1153194.4 354962.9 113142.9 22123.4   8007.4  5808.1  3425.3
  1893 -345.541   0.000 -345.541  1092332.5 377743.6 84119.6 27711.2  11089.8  3520.9  4174.1
  1894 237.862  -0.002 237.860  1279508.9 420779.1 100825.2 35639.5  15958.3  8495.3  5789.3
  1895 394.718  -0.004 394.713  1533317.5 571379.2 211654.5 36293.4  14992.2  6852.6  6690.8
  1896 258.416  -0.003 258.413  1500387.6 548149.3 187330.5 31721.7  13374.7  3620.5  5457.8
  1897 -199.183   0.002 -199.182  1391764.0 353912.7 121793.5 29481.4  13864.3  2767.7  4719.6
  1898 -115.365   0.002 -115.363  1403093.4 413580.7 133815.5 34058.6  13397.6  4505.6  5095.3
  1899 121.344  -0.001 121.344  1451125.8 418027.8 178664.6 34310.3  14649.2  3773.9  5486.1
  1900 -643.183   0.006 -643.177  1258150.0 484161.7 135013.7 24331.5  11616.6  2786.3  4277.1

         Carbon flux (ktC/yr)        Water (dam3/yr)                Nitrogen (MgN/yr)
       ----------------------- -------------------------- --------------------------------
Year   NEP     estab   NBP     transp     evap    interc  nuptake ndemand  nlosses ninflux
------ ------- ------- ------- ---------- ------- ------- ------- -------- ------- -------
  1901 444.942  -0.002 444.940  1374922.0 441941.2 125827.9 39235.2  12440.1  4148.6  5059.6
Simulation ended.
lpjml successfully terminated, 63 grid cells processed.
Wall clock time:	158 sec, 0.00084 sec/cell/year.
Total wall clock time:	163 sec (00:02:43).
